{"type":"FeatureCollection","features":[{"type":"Feature","geometry":{"type":"MultiPolygon","coordinates":[[[[-75.5,46.5],[-82.5,46.5],[-82.5,46.19381],[-82.4742,46.20174],[-82.44447,46.20469],[-82.44447,46.19703],[-82.45065,46.18614],[-82.43476,46.18761],[-82.40017,46.19703],[-82.33703,46.19438],[-82.32098,46.19703],[-82.31701,46.19056],[-82.3148,46.18349],[-82.35204,46.18526],[-82.36323,46.18349],[-82.37632,46.17937],[-82.37853,46.17731],[-82.35469,46.16583],[-82.32098,46.15612],[-82.30906,46.15582],[-82.29964,46.15788],[-82.29169,46.16082],[-82.28375,46.1623],[-82.25946,46.16053],[-82.23238,46.15494],[-82.20692,46.14552],[-82.18793,46.13198],[-82.17763,46.12638],[-82.1554,46.12786],[-82.13509,46.11932],[-82.12494,46.12373],[-82.11625,46.13139],[-82.10934,46.1358],[-82.08711,46.13404],[-82.01323,46.1152],[-81.71901,46.10784],[-81.71901,46.10166],[-81.7667,46.0784],[-81.78141,46.05927],[-81.7742,46.03278],[-81.76199,46.01924],[-81.75625,46.02277],[-81.75168,46.03572],[-81.73903,46.05515],[-81.74065,46.05897],[-81.74432,46.06368],[-81.74624,46.07016],[-81.74168,46.0734],[-81.7115,46.07369],[-81.68192,46.07693],[-81.66941,46.08164],[-81.66441,46.09106],[-81.66102,46.10578],[-81.65175,46.11844],[-81.63835,46.12638],[-81.62275,46.12815],[-81.59552,46.10784],[-81.57683,46.10313],[-81.55755,46.10166],[-81.54592,46.09813],[-81.55152,46.0787],[-81.54018,46.06692],[-81.58139,46.05191],[-81.66588,46.03366],[-81.70532,46.01835],[-81.60848,46.03778],[-81.50604,46.04632],[-81.53871,46.03601],[-81.61142,46.02983],[-81.64262,46.01835],[-81.62555,46.01276],[-81.60656,46.01099],[-81.56756,46.01158],[-81.5864,45.99274],[-81.67736,45.95065],[-81.64233,45.95565],[-81.54018,46.0054],[-81.50383,46.01835],[-81.48926,46.01982],[-81.49588,46.00864],[-81.50883,45.99274],[-81.50677,45.98391],[-81.49338,45.98185],[-81.47248,45.9848],[-81.46174,45.98862],[-81.4532,45.99304],[-81.44378,45.99657],[-81.43024,45.99804],[-81.41773,45.99569],[-81.3955,45.98686],[-81.26127,45.96625],[-81.22713,45.96949],[-81.19534,45.98009],[-81.1634,45.99804],[-81.18047,46.01217],[-81.20299,46.00864],[-81.22492,45.99657],[-81.2392,45.9848],[-81.24597,45.99157],[-81.2155,46.00952],[-81.17944,46.01806],[-81.15619,46.01011],[-81.1634,45.97802],[-81.17635,45.94476],[-81.16163,45.93652],[-81.06008,45.95624],[-81.02004,45.95683],[-80.95307,45.94417],[-80.9307,45.94388],[-80.9232,45.94623],[-80.90362,45.95477],[-80.90333,45.95683],[-80.89302,45.95389],[-80.87786,45.94123],[-80.86933,45.93652],[-80.85152,45.93328],[-80.83415,45.93564],[-80.81855,45.94329],[-80.80648,45.95683],[-80.80236,45.94152],[-80.80118,45.92769],[-80.79794,45.9168],[-80.78735,45.90973],[-80.78735,45.91326],[-80.78264,45.92004],[-80.77587,45.92681],[-80.76924,45.92975],[-80.75835,45.92916],[-80.75261,45.92681],[-80.74908,45.92268],[-80.74511,45.91591],[-80.73907,45.9009],[-80.73363,45.87176],[-80.72465,45.86087],[-80.70596,45.85469],[-80.68785,45.8538],[-80.67976,45.85174],[-80.69109,45.84085],[-80.69521,45.84232],[-80.70463,45.84438],[-80.71405,45.84379],[-80.71832,45.83732],[-80.71655,45.82878],[-80.71184,45.82525],[-80.70507,45.82348],[-80.69727,45.81966],[-80.68785,45.8176],[-80.67902,45.81966],[-80.67255,45.81907],[-80.66842,45.80229],[-80.66489,45.79876],[-80.66048,45.7964],[-80.65694,45.79258],[-80.65047,45.78728],[-80.64164,45.78286],[-80.63604,45.77727],[-80.63958,45.76844],[-80.64473,45.76078],[-80.6462,45.75342],[-80.64532,45.74548],[-80.64267,45.73723],[-80.63369,45.7234],[-80.61927,45.71192],[-80.60278,45.70309],[-80.58747,45.69691],[-80.60219,45.69161],[-80.60852,45.69073],[-80.60852,45.68307],[-80.59881,45.68307],[-80.59042,45.6816],[-80.57437,45.6763],[-80.57982,45.66217],[-80.5732,45.65128],[-80.55936,45.64451],[-80.52448,45.63892],[-80.51786,45.63009],[-80.51948,45.61655],[-80.52595,45.60065],[-80.51212,45.598],[-80.50873,45.58917],[-80.50917,45.57946],[-80.50608,45.57327],[-80.49284,45.5721],[-80.48077,45.57651],[-80.46929,45.58269],[-80.45781,45.58711],[-80.44559,45.5874],[-80.43367,45.58652],[-80.42366,45.5877],[-80.41674,45.59388],[-80.4163,45.60271],[-80.4216,45.61184],[-80.4372,45.62803],[-80.41689,45.62714],[-80.40629,45.61713],[-80.39629,45.58711],[-80.39143,45.57828],[-80.3876,45.57357],[-80.38451,45.56886],[-80.3826,45.55914],[-80.38215,45.54737],[-80.38348,45.54089],[-80.38583,45.5353],[-80.39511,45.49703],[-80.39481,45.48114],[-80.38878,45.46348],[-80.36096,45.43581],[-80.35478,45.42227],[-80.36891,45.40902],[-80.36287,45.39901],[-80.35493,45.39077],[-80.34536,45.38459],[-80.33417,45.38164],[-80.32858,45.39548],[-80.32799,45.4099],[-80.33226,45.42374],[-80.34109,45.4361],[-80.3302,45.43698],[-80.3196,45.43581],[-80.30945,45.43345],[-80.30003,45.42992],[-80.30974,45.41579],[-80.31121,45.40401],[-80.3068,45.37811],[-80.30017,45.36634],[-80.28472,45.36369],[-80.25528,45.36722],[-80.24366,45.36428],[-80.22938,45.35044],[-80.18199,45.34161],[-80.16845,45.3419],[-80.16285,45.35073],[-80.16756,45.35898],[-80.17772,45.36398],[-80.18729,45.36987],[-80.19023,45.38164],[-80.18375,45.3943],[-80.17139,45.40166],[-80.1424,45.40902],[-80.11428,45.41108],[-80.08455,45.40519],[-80.06512,45.39047],[-80.06733,45.36722],[-80.05438,45.36163],[-80.04481,45.35162],[-80.0379,45.33925],[-80.03319,45.3263],[-80.07263,45.27891],[-80.08441,45.27155],[-80.10589,45.26537],[-80.1237,45.25065],[-80.12782,45.23446],[-80.10825,45.22386],[-80.11443,45.21327],[-80.11517,45.20385],[-80.1106,45.1956],[-80.10074,45.18972],[-80.09662,45.19884],[-80.09118,45.20385],[-80.07749,45.21327],[-80.0663,45.21798],[-80.05953,45.2115],[-80.05409,45.20179],[-80.04673,45.19649],[-80.03672,45.19619],[-80.02965,45.19502],[-80.02421,45.19296],[-80.01891,45.18972],[-80.01788,45.18619],[-80.00184,45.1647],[-79.99845,45.16175],[-80.0039,45.13703],[-80.03069,45.12761],[-80.06704,45.12849],[-80.10074,45.13438],[-80.09559,45.12407],[-80.08809,45.11642],[-80.07852,45.11083],[-80.06733,45.10788],[-80.07484,45.10641],[-80.07793,45.10494],[-80.08087,45.10111],[-80.07366,45.09699],[-80.06071,45.08463],[-80.05364,45.07992],[-80.01405,45.07021],[-80.00184,45.06255],[-79.99772,45.05431],[-79.9983,45.04518],[-79.99639,45.03518],[-79.98476,45.02458],[-79.97269,45.02164],[-79.94341,45.01987],[-79.93325,45.01487],[-79.92839,44.99779],[-79.93031,44.97836],[-79.92751,44.961],[-79.90911,44.94952],[-79.89851,44.95187],[-79.87305,44.96306],[-79.86805,44.96011],[-79.8629,44.95393],[-79.85112,44.94863],[-79.83758,44.94481],[-79.82698,44.94333],[-79.83493,44.92538],[-79.83214,44.91537],[-79.81344,44.90124],[-79.8109,44.9],[-80.8,44.9],[-80.8,44.70245],[-80.8262,44.69048],[-80.93747,44.59334],[-80.94277,44.62866],[-80.88905,44.7517],[-80.89744,44.79085],[-80.93497,44.81087],[-80.98545,44.81529],[-81.03299,44.80616],[-81.07803,44.78408],[-81.1191,44.75465],[-81.12734,44.75347],[-81.13146,44.76348],[-81.13131,44.77761],[-81.12616,44.78879],[-81.11792,44.79498],[-81.05169,44.82235],[-81.03682,44.83148],[-81.0065,44.86091],[-81.00061,44.86916],[-80.99826,44.87828],[-81.00032,44.88947],[-81.00709,44.91095],[-81.00577,44.92243],[-80.98766,44.9401],[-80.96191,44.95717],[-80.95307,44.97071],[-80.98531,44.97748],[-81.00768,44.97513],[-81.03167,44.9663],[-81.04433,44.95099],[-81.03299,44.92921],[-81.05007,44.92744],[-81.07097,44.91037],[-81.08775,44.9086],[-81.08701,44.92508],[-81.10541,44.92538],[-81.14912,44.91537],[-81.14912,44.92243],[-81.12616,44.93686],[-81.11291,44.95246],[-81.11689,44.96482],[-81.20093,44.97748],[-81.20446,44.98131],[-81.19195,45.00162],[-81.19077,45.01104],[-81.2102,45.0181],[-81.23552,45.0078],[-81.25715,45.00191],[-81.26642,45.02164],[-81.26275,45.08905],[-81.26642,45.10788],[-81.28056,45.1226],[-81.30131,45.13408],[-81.31985,45.1488],[-81.32795,45.17235],[-81.32,45.19237],[-81.28615,45.22004],[-81.27952,45.2374],[-81.30219,45.25242],[-81.60745,45.25212],[-81.62923,45.25772],[-81.62893,45.27155],[-81.64012,45.27862],[-81.64998,45.27685],[-81.67059,45.26478],[-81.69296,45.26507],[-81.6984,45.26037],[-81.69104,45.24447],[-81.71445,45.23888],[-81.71901,45.22445],[-81.71033,45.20973],[-81.69443,45.20296],[-81.66956,45.21091],[-81.65602,45.21091],[-81.64998,45.19973],[-81.64409,45.1956],[-81.61377,45.18972],[-81.60156,45.18236],[-81.59552,45.18736],[-81.57492,45.19649],[-81.57713,45.18501],[-81.58949,45.16735],[-81.59552,45.15557],[-81.57286,45.15263],[-81.54533,45.12231],[-81.5234,45.11465],[-81.52193,45.11024],[-81.50604,45.08728],[-81.49779,45.07992],[-81.49117,45.07815],[-81.48705,45.07492],[-81.48558,45.06255],[-81.48131,45.05784],[-81.46247,45.05048],[-81.45835,45.04254],[-81.45688,45.03547],[-81.43377,44.99014],[-81.427,44.9819],[-81.42406,44.98749],[-81.4217,44.99897],[-81.41611,45.00191],[-81.40934,44.99838],[-81.4036,44.99102],[-81.39227,44.99956],[-81.38079,45.00397],[-81.37034,45.00191],[-81.36268,44.99102],[-81.36636,44.98837],[-81.37122,44.9819],[-81.37578,44.97748],[-81.36901,44.97807],[-81.35518,44.97719],[-81.34841,44.97748],[-81.35738,44.95511],[-81.36386,44.92037],[-81.36165,44.88888],[-81.34473,44.87504],[-81.33001,44.87122],[-81.3278,44.86091],[-81.32809,44.84767],[-81.32162,44.83354],[-81.31146,44.82736],[-81.28835,44.82117],[-81.27952,44.81293],[-81.28615,44.78879],[-81.27702,44.75347],[-81.27423,44.7205],[-81.29998,44.70313],[-81.27938,44.67752],[-81.27025,44.6631],[-81.26642,44.64485],[-81.27025,44.62395],[-81.28011,44.60658],[-81.37917,44.51504],[-81.38947,44.49678],[-81.39962,44.45705],[-81.40978,44.44233],[-81.43009,44.43438],[-81.47719,44.4282],[-81.49588,44.41848],[-81.5396,44.36609],[-81.55446,44.35372],[-81.56432,44.3499],[-81.57286,44.34901],[-81.58066,44.34666],[-81.58802,44.34018],[-81.59405,44.32723],[-81.59346,44.31693],[-81.58993,44.30721],[-81.58802,44.29573],[-81.59126,44.27984],[-81.61583,44.22332],[-81.66058,44.15827],[-81.72254,44.11705],[-81.73873,44.09998],[-81.74271,44.08409],[-81.72917,43.9996],[-81.7115,43.9422],[-81.71062,43.91954],[-81.71901,43.85654],[-81.72225,43.68434],[-81.69943,43.51537],[-81.70149,43.47151],[-81.7115,43.42824],[-81.73064,43.38232],[-81.75271,43.35024],[-81.78156,43.32463],[-81.88003,43.25663],[-81.90784,43.24839],[-81.95082,43.22749],[-81.97481,43.22572],[-81.98585,43.22337],[-82.00557,43.21247],[-82.0958,43.11916],[-82.11567,43.10621],[-82.15231,43.08943],[-82.3775,43.02231],[-82.41724,43.01731],[-82.42475,43.02408],[-82.43181,43.03939],[-82.45889,43.08325],[-82.46875,43.09237],[-82.47597,43.10209],[-82.5,43.18519],[-82.5,41.95191],[-82.49908,41.95524],[-82.48671,42.03502],[-82.46875,42.0515],[-82.45772,42.06563],[-82.38692,42.12598],[-82.37,42.13657],[-82.12302,42.23577],[-82.08461,42.25491],[-82.06121,42.26138],[-81.92374,42.26374],[-81.92595,42.26815],[-81.92919,42.27963],[-81.93125,42.28434],[-81.85559,42.32526],[-81.85913,42.30142],[-81.87193,42.28758],[-81.88694,42.27522],[-81.8971,42.25638],[-81.87399,42.25049],[-81.85662,42.25903],[-81.84573,42.27757],[-81.83749,42.32291],[-81.8188,42.35941],[-81.81453,42.37707],[-81.79319,42.40474],[-81.6569,42.48275],[-81.63526,42.50217],[-81.56741,42.55045],[-81.55049,42.56546],[-81.54018,42.57164],[-81.5053,42.58253],[-81.47896,42.60049],[-81.45806,42.60903],[-81.41729,42.62021],[-81.35915,42.64936],[-81.22904,42.66967],[-80.93247,42.66672],[-80.77896,42.6364],[-80.75556,42.63434],[-80.7036,42.61168],[-80.57747,42.59078],[-80.55362,42.58224],[-80.51123,42.57223],[-80.35831,42.5793],[-80.33138,42.57635],[-80.2516,42.5581],[-80.15255,42.55133],[-80.12488,42.54427],[-80.10972,42.5425],[-80.08823,42.5531],[-80.07366,42.55692],[-80.05836,42.55869],[-80.04614,42.5581],[-80.09559,42.57135],[-80.30003,42.58253],[-80.32858,42.58901],[-80.34109,42.60314],[-80.44338,42.59961],[-80.45383,42.61815],[-80.44397,42.63729],[-80.40394,42.67173],[-80.38701,42.67938],[-80.37921,42.68497],[-80.37038,42.68821],[-80.35802,42.67114],[-80.34786,42.6679],[-80.33476,42.67967],[-80.31843,42.72059],[-80.30341,42.72942],[-80.28796,42.7356],[-80.23173,42.7777],[-80.18773,42.79242],[-79.87482,42.83245],[-79.83464,42.83245],[-79.79608,42.8454],[-79.77503,42.84864],[-79.73485,42.86336],[-79.71733,42.86718],[-79.6957,42.86247],[-79.64286,42.84511],[-79.62505,42.84923],[-79.60621,42.85865],[-79.57913,42.86159],[-79.49553,42.85747],[-79.48449,42.85953],[-79.4761,42.86483],[-79.46904,42.87189],[-79.46035,42.87808],[-79.44696,42.88073],[-79.36851,42.87307],[-79.20293,42.88014],[-79.15613,42.87337],[-79.113,42.85364],[-79.0949,42.85011],[-79.08725,42.86336],[-79.07665,42.87042],[-78.96538,42.88985],[-78.94345,42.89898],[-78.94199,42.9],[-78.8976,42.9],[-78.8962,42.89721],[-78.87501,42.86718],[-78.86942,42.85453],[-78.8675,42.8457],[-78.8675,42.82244],[-78.87089,42.7983],[-78.8806,42.78064],[-78.89591,42.76769],[-78.91593,42.75739],[-78.99393,42.73119],[-79.03132,42.71412],[-79.05928,42.68851],[-79.08033,42.65171],[-79.09637,42.63434],[-79.11771,42.62698],[-79.12213,42.62286],[-79.13876,42.59578],[-79.15068,42.58106],[-79.15613,42.57694],[-79.16923,42.57164],[-79.23517,42.55692],[-79.25592,42.53544],[-79.30831,42.50983],[-79.35806,42.49452],[-79.36836,42.48981],[-79.37543,42.48333],[-79.38397,42.47391],[-79.39412,42.46567],[-79.42385,42.45449],[-79.4708,42.40709],[-79.52673,42.38384],[-79.54278,42.37],[-79.56014,42.35823],[-79.62844,42.3388],[-79.7035,42.29435],[-79.73146,42.28434],[-79.75177,42.27198],[-79.88909,42.22959],[-79.93296,42.20545],[-79.97417,42.19545],[-80.0192,42.16719],[-80.06189,42.15541],[-80.11105,42.13157],[-80.13548,42.12598],[-80.13548,42.13363],[-80.1293,42.13804],[-80.11664,42.15129],[-80.11164,42.15394],[-80.0872,42.15453],[-80.07675,42.15806],[-80.06733,42.16719],[-80.08956,42.17425],[-80.10825,42.16601],[-80.12444,42.15335],[-80.14961,42.14128],[-80.16256,42.11832],[-80.17316,42.11302],[-80.18199,42.11096],[-80.21069,42.09242],[-80.37583,42.02354],[-80.43926,42.01382],[-80.45427,42.00705],[-80.47017,41.99704],[-80.78058,41.91904],[-80.81237,41.90167],[-80.85093,41.89755],[-80.86933,41.89343],[-80.87757,41.88842],[-80.89008,41.87665],[-80.89597,41.87282],[-80.93173,41.86723],[-80.9572,41.85516],[-81.02622,41.84545],[-81.34841,41.72947],[-81.67221,41.52223],[-81.709,41.5134],[-81.73767,41.5],[-75.5,41.5],[-75.5,46.5]],[[-79.88789,43.28909],[-79.88784,43.28992],[-79.89135,43.29274],[-79.89677,43.29663],[-79.90178,43.30035],[-79.91278,43.30801],[-79.9128,43.30882],[-79.90932,43.3115],[-79.90186,43.31691],[-79.88554,43.32899],[-79.88377,43.33023],[-79.88321,43.33024],[-79.88024,43.32861],[-79.87785,43.32907],[-79.87536,43.33007],[-79.87391,43.33102],[-79.87009,43.33477],[-79.86763,43.33611],[-79.86621,43.33719],[-79.86576,43.33838],[-79.86432,43.3394],[-79.86332,43.3406],[-79.86162,43.34175],[-79.86118,43.34352],[-79.86011,43.34539],[-79.86029,43.34671],[-79.86093,43.34704],[-79.87872,43.35981],[-79.88369,43.36341],[-79.90509,43.37847],[-79.91055,43.3825],[-79.95042,43.41041],[-79.96447,43.42029],[-79.96952,43.42379],[-79.98252,43.43316],[-79.98986,43.43834],[-79.99399,43.44137],[-80.0058,43.44989],[-80.01082,43.45335],[-80.01444,43.45608],[-80.03547,43.47094],[-80.16262,43.56117],[-80.16266,43.56196],[-80.15102,43.57213],[-80.1504,43.57216],[-80.14488,43.56816],[-80.12991,43.58162],[-80.13515,43.58507],[-80.13521,43.58586],[-80.08506,43.62978],[-79.96983,43.73439],[-79.99601,43.75399],[-80.00405,43.76009],[-80.01393,43.76751],[-80.02263,43.77398],[-80.04364,43.78968],[-80.04912,43.79383],[-80.05957,43.80164],[-80.06956,43.809],[-80.07439,43.8125],[-80.08441,43.81996],[-80.11038,43.8391],[-80.11456,43.84223],[-80.13403,43.85655],[-80.14434,43.8642],[-80.14418,43.86548],[-80.13687,43.87204],[-80.12896,43.87931],[-80.1253,43.88273],[-80.11355,43.89345],[-80.09755,43.90817],[-80.09691,43.9082],[-80.09348,43.90569],[-80.08883,43.90999],[-80.08867,43.9104],[-80.08372,43.91499],[-80.08683,43.91726],[-80.08689,43.91802],[-80.08259,43.92218],[-80.08201,43.92226],[-80.08033,43.92136],[-80.07813,43.92049],[-80.07693,43.92035],[-80.07118,43.9163],[-80.0666,43.92037],[-80.07154,43.92402],[-80.07172,43.92538],[-80.05324,43.92946],[-80.03008,43.93478],[-79.99927,43.94137],[-79.98365,43.94505],[-79.9613,43.94977],[-79.95892,43.95055],[-79.95633,43.95083],[-79.9437,43.95355],[-79.91947,43.95887],[-79.90305,43.96244],[-79.88663,43.96597],[-79.8706,43.96949],[-79.86592,43.97045],[-79.85435,43.97302],[-79.82504,43.97936],[-79.81955,43.98068],[-79.80925,43.98274],[-79.80112,43.98499],[-79.79664,43.98566],[-79.76823,43.99187],[-79.76134,43.99353],[-79.74941,43.99602],[-79.72786,44.00068],[-79.72192,44.00199],[-79.707,44.00513],[-79.69529,44.00775],[-79.68573,44.00996],[-79.67534,44.01223],[-79.66849,44.01382],[-79.65752,44.01626],[-79.65872,44.0201],[-79.65799,44.02066],[-79.65593,44.01944],[-79.65374,44.02002],[-79.6478,44.01962],[-79.64872,44.02118],[-79.64842,44.02192],[-79.64464,44.02297],[-79.64071,44.0215],[-79.63743,44.02154],[-79.63682,44.02207],[-79.6334,44.02346],[-79.63317,44.0249],[-79.63201,44.0251],[-79.63079,44.02411],[-79.63018,44.02462],[-79.63031,44.02627],[-79.62895,44.0268],[-79.62442,44.02579],[-79.62365,44.02623],[-79.62372,44.02802],[-79.62219,44.02914],[-79.62056,44.02814],[-79.61972,44.02842],[-79.62034,44.03016],[-79.61775,44.03283],[-79.61711,44.03289],[-79.61552,44.03181],[-79.61282,44.0328],[-79.61237,44.03446],[-79.61149,44.03549],[-79.61193,44.03615],[-79.61497,44.03655],[-79.61535,44.03727],[-79.61432,44.03937],[-79.61284,44.03995],[-79.61495,44.04058],[-79.61531,44.04103],[-79.61529,44.04303],[-79.61393,44.04462],[-79.61489,44.04648],[-79.61456,44.0469],[-79.61002,44.04852],[-79.60435,44.04963],[-79.59806,44.04873],[-79.59783,44.04969],[-79.59542,44.0512],[-79.59583,44.05237],[-79.59525,44.05284],[-79.59281,44.05243],[-79.59216,44.05408],[-79.58893,44.05466],[-79.58778,44.05593],[-79.58578,44.05593],[-79.58535,44.05836],[-79.58504,44.05874],[-79.5789,44.06106],[-79.57177,44.06559],[-79.57125,44.06763],[-79.56877,44.0683],[-79.56766,44.07174],[-79.56727,44.07208],[-79.56009,44.07338],[-79.55995,44.07521],[-79.55954,44.07566],[-79.55734,44.07608],[-79.55703,44.07892],[-79.55581,44.08018],[-79.55677,44.08154],[-79.5567,44.08219],[-79.55388,44.08486],[-79.55717,44.08722],[-79.55737,44.0877],[-79.55685,44.09127],[-79.55453,44.09387],[-79.55055,44.09581],[-79.55085,44.09817],[-79.55068,44.09861],[-79.54858,44.10046],[-79.54613,44.11342],[-79.5459,44.11707],[-79.54519,44.11839],[-79.54355,44.12025],[-79.54355,44.1225],[-79.54383,44.12337],[-79.5464,44.1254],[-79.54678,44.1262],[-79.54631,44.12738],[-79.54427,44.12775],[-79.54485,44.12908],[-79.5463,44.13103],[-79.54662,44.13211],[-79.54614,44.13681],[-79.544,44.1399],[-79.54334,44.1412],[-79.54146,44.14623],[-79.54022,44.14758],[-79.53859,44.14851],[-79.53491,44.14923],[-79.53007,44.15185],[-79.52859,44.15207],[-79.52615,44.15314],[-79.52622,44.1559],[-79.526,44.15631],[-79.52389,44.15786],[-79.52373,44.16006],[-79.52173,44.16177],[-79.51826,44.16415],[-79.51696,44.16567],[-79.51767,44.16802],[-79.51686,44.1706],[-79.51806,44.17242],[-79.51813,44.17334],[-79.51698,44.17445],[-79.51473,44.17556],[-79.51481,44.17628],[-79.51652,44.17673],[-79.51763,44.17752],[-79.51822,44.17988],[-79.51877,44.18317],[-79.51878,44.18485],[-79.5182,44.18618],[-79.51641,44.189],[-79.51551,44.19116],[-79.51588,44.19167],[-79.51814,44.19291],[-79.51912,44.1937],[-79.51982,44.19481],[-79.52016,44.19754],[-79.51994,44.19894],[-79.51907,44.20069],[-79.51754,44.20189],[-79.51772,44.20226],[-79.51615,44.20307],[-79.51653,44.20345],[-79.51914,44.20444],[-79.52067,44.20572],[-79.52159,44.20694],[-79.522,44.20904],[-79.52058,44.20791],[-79.52015,44.20885],[-79.52119,44.20998],[-79.52328,44.21083],[-79.52453,44.21205],[-79.52669,44.2133],[-79.52775,44.21419],[-79.52887,44.21615],[-79.52891,44.21889],[-79.52926,44.21932],[-79.52981,44.22198],[-79.52973,44.22679],[-79.53017,44.22939],[-79.53106,44.2289],[-79.53345,44.22851],[-79.53361,44.22916],[-79.53041,44.22964],[-79.5303,44.23032],[-79.53132,44.23295],[-79.5299,44.23812],[-79.53139,44.24016],[-79.53119,44.2409],[-79.53246,44.24275],[-79.5324,44.24426],[-79.53167,44.24642],[-79.5319,44.24932],[-79.53058,44.25125],[-79.5285,44.25251],[-79.52743,44.25401],[-79.5272,44.25507],[-79.52844,44.2565],[-79.52987,44.256],[-79.53452,44.2569],[-79.53812,44.25817],[-79.53926,44.25801],[-79.53788,44.25616],[-79.53798,44.25545],[-79.53923,44.25536],[-79.5398,44.2571],[-79.54141,44.25711],[-79.53928,44.25834],[-79.54192,44.26121],[-79.54186,44.26226],[-79.5413,44.26328],[-79.54306,44.26427],[-79.54356,44.26549],[-79.5432,44.26754],[-79.53996,44.27042],[-79.53957,44.27156],[-79.53749,44.27298],[-79.5363,44.27295],[-79.53534,44.27341],[-79.53359,44.275],[-79.5321,44.27606],[-79.53127,44.27745],[-79.53084,44.27904],[-79.53137,44.27925],[-79.53508,44.27789],[-79.53914,44.27942],[-79.54009,44.2802],[-79.54117,44.28231],[-79.54042,44.28466],[-79.53826,44.28605],[-79.53799,44.28654],[-79.53513,44.28863],[-79.53359,44.2903],[-79.5321,44.29122],[-79.53161,44.29208],[-79.53026,44.29309],[-79.52976,44.29405],[-79.52981,44.29546],[-79.52801,44.29756],[-79.52602,44.29885],[-79.52473,44.30053],[-79.52358,44.30131],[-79.52344,44.30245],[-79.52461,44.30295],[-79.52702,44.30119],[-79.52864,44.30112],[-79.53068,44.30151],[-79.53325,44.30139],[-79.53666,44.30302],[-79.5388,44.30449],[-79.54091,44.30661],[-79.54191,44.30861],[-79.54173,44.30958],[-79.53951,44.31147],[-79.53551,44.31376],[-79.53514,44.31432],[-79.53231,44.3162],[-79.53261,44.31901],[-79.53087,44.31962],[-79.52985,44.32103],[-79.53072,44.32139],[-79.53325,44.32368],[-79.53387,44.32604],[-79.53397,44.3282],[-79.53325,44.3295],[-79.53242,44.32997],[-79.53147,44.32964],[-79.52972,44.32998],[-79.52993,44.33063],[-79.53168,44.33124],[-79.53328,44.33302],[-79.5341,44.33442],[-79.53408,44.3362],[-79.53259,44.33788],[-79.53464,44.34022],[-79.53557,44.34239],[-79.53603,44.34581],[-79.53562,44.34704],[-79.53444,44.34768],[-79.53315,44.34961],[-79.53044,44.35043],[-79.52948,44.35127],[-79.52924,44.35285],[-79.52793,44.35334],[-79.52963,44.35445],[-79.53043,44.35639],[-79.53206,44.35715],[-79.53372,44.35926],[-79.5358,44.36294],[-79.53659,44.36601],[-79.53642,44.36752],[-79.53587,44.3687],[-79.53407,44.37093],[-79.53284,44.3718],[-79.53073,44.37181],[-79.52952,44.37219],[-79.52844,44.37324],[-79.52798,44.37426],[-79.52564,44.37712],[-79.52642,44.37811],[-79.52747,44.38043],[-79.52735,44.38173],[-79.5262,44.38301],[-79.52602,44.3847],[-79.52562,44.38544],[-79.52565,44.38719],[-79.52444,44.39014],[-79.5243,44.39099],[-79.52181,44.39099],[-79.52001,44.39309],[-79.51727,44.39396],[-79.51653,44.39443],[-79.5167,44.39557],[-79.51579,44.39813],[-79.51477,44.39865],[-79.51381,44.40049],[-79.51249,44.40136],[-79.51187,44.40221],[-79.51108,44.40482],[-79.51198,44.40539],[-79.51583,44.40339],[-79.51767,44.40281],[-79.5235,44.40299],[-79.52796,44.40076],[-79.5292,44.39929],[-79.53299,44.39846],[-79.53566,44.39859],[-79.53701,44.39845],[-79.53958,44.39858],[-79.54204,44.39794],[-79.54584,44.39666],[-79.54784,44.39659],[-79.54945,44.39733],[-79.54967,44.39577],[-79.55254,44.3932],[-79.55523,44.39246],[-79.55988,44.39065],[-79.56174,44.38941],[-79.56717,44.38779],[-79.57217,44.38679],[-79.57462,44.38701],[-79.5752,44.38593],[-79.57898,44.38426],[-79.58081,44.38371],[-79.58199,44.38408],[-79.58341,44.38396],[-79.58436,44.38323],[-79.58571,44.38305],[-79.58682,44.38109],[-79.59037,44.37938],[-79.59217,44.37886],[-79.59648,44.37844],[-79.59927,44.37778],[-79.6022,44.37769],[-79.60424,44.37797],[-79.60625,44.37766],[-79.60822,44.37688],[-79.61032,44.37695],[-79.61163,44.37561],[-79.61351,44.37482],[-79.61501,44.37473],[-79.61603,44.37375],[-79.61933,44.37273],[-79.61993,44.37221],[-79.62175,44.37171],[-79.62529,44.37208],[-79.62665,44.37074],[-79.63052,44.3701],[-79.63359,44.37001],[-79.63582,44.3706],[-79.63775,44.37073],[-79.63907,44.37123],[-79.64125,44.3733],[-79.64361,44.37477],[-79.64829,44.37601],[-79.65025,44.37579],[-79.65169,44.37635],[-79.65285,44.37579],[-79.65648,44.37522],[-79.65916,44.37524],[-79.66323,44.37634],[-79.66467,44.37652],[-79.66812,44.37655],[-79.66993,44.37476],[-79.67047,44.37458],[-79.67411,44.37453],[-79.67702,44.37426],[-79.68033,44.3747],[-79.68376,44.37479],[-79.68615,44.37456],[-79.68725,44.37506],[-79.68695,44.37567],[-79.68807,44.37657],[-79.68797,44.37706],[-79.68884,44.3787],[-79.68939,44.38212],[-79.68855,44.38299],[-79.69026,44.38298],[-79.69027,44.38528],[-79.69003,44.38615],[-79.68914,44.38617],[-79.68898,44.38721],[-79.68774,44.3871],[-79.68508,44.38786],[-79.68459,44.38879],[-79.68045,44.38889],[-79.67813,44.38927],[-79.67482,44.39031],[-79.67323,44.39107],[-79.66742,44.39317],[-79.66511,44.39356],[-79.66248,44.39363],[-79.65866,44.39344],[-79.65728,44.39275],[-79.65668,44.39318],[-79.65426,44.39291],[-79.6523,44.3924],[-79.64881,44.39248],[-79.64627,44.39097],[-79.64595,44.39172],[-79.64382,44.39258],[-79.64248,44.39264],[-79.64087,44.39332],[-79.63989,44.3942],[-79.63683,44.39515],[-79.63565,44.39589],[-79.63184,44.39648],[-79.62995,44.3964],[-79.62889,44.39543],[-79.6273,44.39519],[-79.62465,44.39595],[-79.62003,44.39595],[-79.61282,44.39818],[-79.61189,44.39787],[-79.61093,44.39892],[-79.60942,44.39954],[-79.60465,44.401],[-79.6037,44.40098],[-79.60202,44.40188],[-79.59908,44.40234],[-79.595,44.404],[-79.59222,44.40453],[-79.59017,44.40617],[-79.5877,44.40749],[-79.58473,44.40785],[-79.58329,44.40823],[-79.58175,44.40794],[-79.58086,44.40869],[-79.5771,44.40942],[-79.57427,44.41093],[-79.57067,44.41263],[-79.56859,44.41407],[-79.56744,44.41424],[-79.56459,44.41411],[-79.56117,44.41503],[-79.55959,44.41588],[-79.55606,44.41894],[-79.55415,44.42015],[-79.55251,44.42082],[-79.55,44.42105],[-79.54827,44.42227],[-79.54583,44.42266],[-79.54405,44.42339],[-79.54207,44.42381],[-79.53792,44.42586],[-79.53685,44.4273],[-79.53498,44.42876],[-79.53305,44.42975],[-79.53295,44.43085],[-79.53145,44.43354],[-79.52976,44.43443],[-79.52778,44.4349],[-79.52359,44.43675],[-79.52282,44.43826],[-79.52217,44.43854],[-79.51979,44.44068],[-79.51498,44.44354],[-79.51271,44.44501],[-79.51017,44.44691],[-79.50941,44.4477],[-79.50736,44.44871],[-79.50169,44.44875],[-79.4994,44.4502],[-79.49411,44.45328],[-79.49313,44.45468],[-79.49317,44.45599],[-79.49401,44.45634],[-79.49344,44.45786],[-79.48912,44.46122],[-79.48911,44.4621],[-79.49028,44.46255],[-79.48959,44.46457],[-79.48657,44.46668],[-79.48413,44.468],[-79.48275,44.47047],[-79.48023,44.47253],[-79.47611,44.47437],[-79.47398,44.47594],[-79.47287,44.47791],[-79.4713,44.47944],[-79.46968,44.48136],[-79.46783,44.48264],[-79.4665,44.48441],[-79.46446,44.48606],[-79.4633,44.48669],[-79.46398,44.48839],[-79.46263,44.48989],[-79.46254,44.49125],[-79.46115,44.4932],[-79.45982,44.49415],[-79.45787,44.49501],[-79.45727,44.49554],[-79.45199,44.49793],[-79.45041,44.49921],[-79.45049,44.50026],[-79.44917,44.50138],[-79.44635,44.50322],[-79.4447,44.50469],[-79.44057,44.5096],[-79.43979,44.51183],[-79.43784,44.5138],[-79.43796,44.51517],[-79.43731,44.51667],[-79.43723,44.51766],[-79.4359,44.51929],[-79.43566,44.52009],[-79.43418,44.52163],[-79.43282,44.52345],[-79.43153,44.52417],[-79.43009,44.5263],[-79.42877,44.52642],[-79.42639,44.5261],[-79.4235,44.52468],[-79.42404,44.52288],[-79.4255,44.52117],[-79.4253,44.52062],[-79.42391,44.51967],[-79.42386,44.51885],[-79.42885,44.5154],[-79.42946,44.51464],[-79.42891,44.51373],[-79.42588,44.51276],[-79.4246,44.51176],[-79.42457,44.51079],[-79.42528,44.50954],[-79.42371,44.5097],[-79.42278,44.51066],[-79.4235,44.51192],[-79.42337,44.51279],[-79.42138,44.51597],[-79.42075,44.52066],[-79.42108,44.52128],[-79.41954,44.52362],[-79.41954,44.52431],[-79.42131,44.52506],[-79.4214,44.52633],[-79.41992,44.5286],[-79.41931,44.53087],[-79.41851,44.53195],[-79.4175,44.53429],[-79.41452,44.53685],[-79.41186,44.53861],[-79.40781,44.54171],[-79.40638,44.54309],[-79.40632,44.54397],[-79.40726,44.54494],[-79.40827,44.54541],[-79.41034,44.54545],[-79.41261,44.54591],[-79.41326,44.54678],[-79.41317,44.54849],[-79.41199,44.55089],[-79.41215,44.55185],[-79.41101,44.5532],[-79.40897,44.55453],[-79.40865,44.55596],[-79.41153,44.55599],[-79.41222,44.55724],[-79.41002,44.55994],[-79.41093,44.56068],[-79.40996,44.56168],[-79.40763,44.5629],[-79.40691,44.56472],[-79.40822,44.56584],[-79.40815,44.56859],[-79.40935,44.56915],[-79.41176,44.56918],[-79.41614,44.56853],[-79.41758,44.57019],[-79.42047,44.57025],[-79.42153,44.57003],[-79.42374,44.5718],[-79.42396,44.57309],[-79.42329,44.57646],[-79.42272,44.57749],[-79.42061,44.58031],[-79.41951,44.58105],[-79.41915,44.58182],[-79.4169,44.58344],[-79.41674,44.58421],[-79.41461,44.58622],[-79.4115,44.58811],[-79.41069,44.58822],[-79.41054,44.58918],[-79.40947,44.58889],[-79.40555,44.58992],[-79.40413,44.58888],[-79.40284,44.58906],[-79.40061,44.5906],[-79.39995,44.592],[-79.40009,44.59339],[-79.39879,44.59431],[-79.39645,44.59429],[-79.39316,44.59345],[-79.39144,44.59231],[-79.38982,44.59079],[-79.38936,44.58977],[-79.39241,44.58733],[-79.39446,44.5859],[-79.39544,44.58437],[-79.39474,44.58428],[-79.39305,44.58489],[-79.39163,44.58603],[-79.38971,44.58692],[-79.38783,44.58833],[-79.38635,44.58808],[-79.38452,44.58701],[-79.38278,44.58778],[-79.38165,44.58902],[-79.3804,44.59108],[-79.37992,44.59256],[-79.38162,44.59407],[-79.38266,44.59401],[-79.38297,44.59325],[-79.38536,44.59348],[-79.38634,44.59386],[-79.38666,44.59467],[-79.38695,44.59706],[-79.38762,44.5987],[-79.38769,44.60027],[-79.38707,44.60209],[-79.38703,44.60372],[-79.38642,44.60529],[-79.38518,44.60585],[-79.38308,44.60628],[-79.38258,44.60576],[-79.38098,44.60636],[-79.37985,44.60631],[-79.37943,44.60298],[-79.37871,44.60276],[-79.37578,44.60445],[-79.37464,44.60397],[-79.37505,44.60261],[-79.37429,44.60104],[-79.37359,44.60054],[-79.3719,44.60087],[-79.37124,44.60197],[-79.37042,44.605],[-79.3684,44.60437],[-79.36813,44.60161],[-79.36777,44.60138],[-79.36777,44.59879],[-79.36607,44.59729],[-79.36715,44.59513],[-79.36741,44.59321],[-79.36897,44.59156],[-79.37104,44.58876],[-79.37122,44.58758],[-79.37193,44.5865],[-79.37026,44.58606],[-79.36804,44.58655],[-79.36568,44.58632],[-79.36318,44.58559],[-79.35992,44.58411],[-79.35842,44.58271],[-79.3578,44.58074],[-79.35293,44.58299],[-79.35053,44.58307],[-79.34942,44.58341],[-79.34752,44.58337],[-79.3452,44.58299],[-79.34294,44.58231],[-79.34178,44.58159],[-79.34118,44.58068],[-79.33777,44.58376],[-79.33713,44.58497],[-79.33875,44.58611],[-79.33965,44.58714],[-79.338,44.58704],[-79.3347,44.58912],[-79.33146,44.59075],[-79.32856,44.59029],[-79.32543,44.59245],[-79.32358,44.59327],[-79.32155,44.59251],[-79.32052,44.59163],[-79.3201,44.59018],[-79.31916,44.59013],[-79.31768,44.59083],[-79.31594,44.58937],[-79.31541,44.58783],[-79.31403,44.58633],[-79.31474,44.58551],[-79.31587,44.58594],[-79.31697,44.58583],[-79.31857,44.5849],[-79.3181,44.58387],[-79.31621,44.58486],[-79.31334,44.58491],[-79.31219,44.58392],[-79.31074,44.58392],[-79.30939,44.58552],[-79.30812,44.5855],[-79.30687,44.58628],[-79.30546,44.58428],[-79.30605,44.58412],[-79.30767,44.58533],[-79.30895,44.58531],[-79.31002,44.58446],[-79.31035,44.58365],[-79.31198,44.58351],[-79.31175,44.58097],[-79.31207,44.57961],[-79.3129,44.57832],[-79.31379,44.5781],[-79.31541,44.5771],[-79.31673,44.57689],[-79.31762,44.57717],[-79.31919,44.57699],[-79.32163,44.5789],[-79.32182,44.58016],[-79.32279,44.58055],[-79.32573,44.57937],[-79.32769,44.57808],[-79.33042,44.57661],[-79.3315,44.57508],[-79.33289,44.57386],[-79.33134,44.57321],[-79.33072,44.57136],[-79.33193,44.57016],[-79.33353,44.56966],[-79.33467,44.56863],[-79.33428,44.56808],[-79.3323,44.56684],[-79.33214,44.56561],[-79.33343,44.56392],[-79.33342,44.56342],[-79.32993,44.56543],[-79.32698,44.56674],[-79.32648,44.56723],[-79.32171,44.56907],[-79.31954,44.56896],[-79.31526,44.56739],[-79.31482,44.5663],[-79.31533,44.56517],[-79.3137,44.56495],[-79.31242,44.56542],[-79.31099,44.56508],[-79.30854,44.5638],[-79.30845,44.56281],[-79.30765,44.56268],[-79.30639,44.56377],[-79.3042,44.56438],[-79.30204,44.56469],[-79.30054,44.56559],[-79.29753,44.56651],[-79.29643,44.5674],[-79.29543,44.56733],[-79.29277,44.56656],[-79.2904,44.56639],[-79.29066,44.56744],[-79.28876,44.5677],[-79.2865,44.56682],[-79.28521,44.56548],[-79.28512,44.56458],[-79.28318,44.56484],[-79.28111,44.5647],[-79.27792,44.56388],[-79.27791,44.5631],[-79.27718,44.56119],[-79.27749,44.55962],[-79.27812,44.55877],[-79.28059,44.55776],[-79.28169,44.55753],[-79.28328,44.55781],[-79.28408,44.55846],[-79.28538,44.55855],[-79.28598,44.55716],[-79.28744,44.55723],[-79.28854,44.55603],[-79.29235,44.55588],[-79.29376,44.55518],[-79.29521,44.55377],[-79.29599,44.55191],[-79.29378,44.55259],[-79.28813,44.55282],[-79.28754,44.55253],[-79.28389,44.55259],[-79.28301,44.55223],[-79.28135,44.55232],[-79.2798,44.55275],[-79.27599,44.55477],[-79.27412,44.55644],[-79.2736,44.55754],[-79.26849,44.55974],[-79.26688,44.56026],[-79.26285,44.5623],[-79.26031,44.56396],[-79.25855,44.56447],[-79.25687,44.56438],[-79.25482,44.56378],[-79.25288,44.56291],[-79.25109,44.56175],[-79.25,44.56058],[-79.24948,44.55932],[-79.24722,44.56078],[-79.24523,44.56174],[-79.24361,44.56208],[-79.24143,44.56144],[-79.23824,44.56149],[-79.2335,44.5596],[-79.23047,44.55788],[-79.22813,44.55625],[-79.22641,44.55621],[-79.22511,44.5552],[-79.2234,44.55433],[-79.22099,44.55255],[-79.21943,44.55113],[-79.2189,44.55002],[-79.2196,44.54924],[-79.22164,44.54821],[-79.22138,44.54759],[-79.21869,44.54895],[-79.21795,44.54911],[-79.21553,44.54738],[-79.21536,44.5464],[-79.21396,44.54543],[-79.21317,44.54438],[-79.21136,44.54288],[-79.21056,44.5413],[-79.21003,44.53875],[-79.20908,44.53689],[-79.20988,44.53524],[-79.20983,44.53469],[-79.20769,44.535],[-79.20596,44.5334],[-79.20295,44.52976],[-79.20186,44.52827],[-79.20196,44.52636],[-79.20157,44.52377],[-79.20232,44.5219],[-79.20144,44.51985],[-79.20054,44.51837],[-79.2003,44.51631],[-79.19942,44.51578],[-79.19874,44.51377],[-79.19917,44.51311],[-79.19867,44.51241],[-79.19874,44.51046],[-79.19847,44.50937],[-79.19952,44.50818],[-79.20203,44.5081],[-79.2016,44.50718],[-79.20078,44.50709],[-79.20016,44.50501],[-79.2007,44.50424],[-79.20034,44.50338],[-79.19966,44.49985],[-79.20014,44.49792],[-79.19969,44.49692],[-79.19946,44.49523],[-79.20026,44.49294],[-79.1998,44.49259],[-79.19863,44.48919],[-79.19735,44.48793],[-79.19696,44.48675],[-79.19692,44.48414],[-79.1951,44.48264],[-79.19392,44.48023],[-79.1941,44.47478],[-79.19337,44.47429],[-79.18945,44.47395],[-79.18606,44.47439],[-79.1853,44.4752],[-79.18388,44.47544],[-79.18243,44.47521],[-79.17977,44.47401],[-79.17701,44.47325],[-79.17281,44.47291],[-79.17028,44.47344],[-79.16937,44.47267],[-79.16843,44.47269],[-79.16516,44.47118],[-79.16413,44.47111],[-79.1634,44.47192],[-79.16189,44.47187],[-79.16084,44.47262],[-79.16043,44.47451],[-79.1577,44.47596],[-79.156,44.47717],[-79.15769,44.47768],[-79.15976,44.4789],[-79.15976,44.47976],[-79.15712,44.48133],[-79.15974,44.48517],[-79.15976,44.48572],[-79.15848,44.48777],[-79.15532,44.49085],[-79.15451,44.4942],[-79.15441,44.49615],[-79.15184,44.49971],[-79.14887,44.50069],[-79.14522,44.50838],[-79.14472,44.51173],[-79.14444,44.51211],[-79.14016,44.51419],[-79.13971,44.51418],[-79.12561,44.50703],[-79.1188,44.50836],[-79.10761,44.50976],[-79.09642,44.51417],[-79.09298,44.51693],[-79.0833,44.51674],[-79.08161,44.51651],[-79.07667,44.505],[-79.06934,44.48831],[-79.06073,44.46908],[-79.05067,44.44638],[-79.04871,44.44165],[-79.04339,44.42984],[-79.02727,44.39341],[-79.02158,44.38114],[-79.01482,44.36687],[-79.01031,44.35664],[-79.00973,44.3555],[-79.00431,44.3435],[-78.99921,44.33201],[-78.99356,44.31979],[-78.98902,44.30966],[-78.98353,44.2971],[-78.9783,44.28524],[-78.97327,44.27335],[-78.96849,44.26083],[-78.96738,44.25805],[-78.95846,44.23625],[-78.95343,44.22448],[-78.94825,44.21282],[-78.9459,44.20777],[-78.94203,44.19862],[-78.9386,44.19259],[-78.9369,44.18894],[-78.9363,44.18701],[-78.93353,44.18057],[-78.92779,44.16866],[-78.92642,44.16963],[-78.92492,44.17012],[-78.92332,44.17158],[-78.92407,44.17383],[-78.92569,44.17634],[-78.92598,44.17714],[-78.92694,44.17761],[-78.92858,44.17779],[-78.92893,44.17878],[-78.93005,44.17933],[-78.93197,44.17955],[-78.93181,44.18044],[-78.93077,44.18194],[-78.92876,44.1825],[-78.92819,44.18388],[-78.92703,44.18521],[-78.92624,44.18699],[-78.92483,44.18852],[-78.92449,44.18944],[-78.92571,44.19177],[-78.92516,44.19342],[-78.92515,44.19476],[-78.92422,44.19736],[-78.92426,44.20227],[-78.9237,44.20418],[-78.92386,44.20662],[-78.92447,44.20905],[-78.9256,44.20924],[-78.92757,44.20859],[-78.92787,44.20962],[-78.92889,44.21085],[-78.92765,44.21156],[-78.92644,44.21268],[-78.9239,44.21285],[-78.92399,44.21655],[-78.92482,44.21852],[-78.92343,44.21885],[-78.92149,44.21978],[-78.91991,44.21999],[-78.92105,44.21752],[-78.92093,44.21597],[-78.91986,44.21531],[-78.91664,44.21535],[-78.91586,44.21332],[-78.9132,44.21107],[-78.91119,44.21026],[-78.91045,44.20963],[-78.91004,44.20814],[-78.90895,44.20761],[-78.9076,44.20769],[-78.90693,44.20815],[-78.9048,44.21099],[-78.90359,44.21177],[-78.90376,44.21266],[-78.90294,44.21374],[-78.90001,44.21432],[-78.89724,44.21562],[-78.89626,44.21589],[-78.89538,44.21668],[-78.89383,44.21726],[-78.89195,44.21727],[-78.89069,44.21785],[-78.88731,44.22],[-78.88444,44.22154],[-78.88357,44.22224],[-78.87954,44.22335],[-78.87904,44.22467],[-78.87778,44.22417],[-78.87344,44.22522],[-78.87397,44.2264],[-78.87264,44.22806],[-78.87128,44.22614],[-78.86934,44.2259],[-78.86869,44.22641],[-78.86731,44.22627],[-78.86628,44.22543],[-78.8656,44.22421],[-78.86605,44.22256],[-78.86596,44.22171],[-78.86424,44.2222],[-78.86187,44.22408],[-78.8605,44.2246],[-78.86018,44.2265],[-78.8578,44.22594],[-78.85475,44.22767],[-78.854,44.22842],[-78.85223,44.22894],[-78.85132,44.22976],[-78.84917,44.23108],[-78.849,44.2305],[-78.84712,44.23021],[-78.84526,44.23023],[-78.84482,44.23055],[-78.84467,44.23241],[-78.84401,44.23329],[-78.84538,44.23344],[-78.84587,44.23423],[-78.84589,44.23617],[-78.84506,44.2375],[-78.84511,44.23814],[-78.84415,44.23988],[-78.84233,44.24092],[-78.84075,44.24243],[-78.84018,44.24343],[-78.83923,44.2436],[-78.83891,44.24252],[-78.83737,44.24184],[-78.83682,44.24207],[-78.83568,44.24116],[-78.84028,44.24043],[-78.84096,44.24077],[-78.84246,44.23934],[-78.84248,44.23639],[-78.84391,44.23665],[-78.84349,44.23503],[-78.84271,44.23411],[-78.84322,44.23178],[-78.84291,44.23029],[-78.84328,44.229],[-78.84504,44.22855],[-78.84606,44.22779],[-78.84482,44.22733],[-78.8434,44.22465],[-78.84406,44.22349],[-78.84414,44.22087],[-78.84365,44.22005],[-78.84216,44.2194],[-78.84102,44.21755],[-78.83951,44.21642],[-78.83931,44.2153],[-78.83743,44.21424],[-78.83693,44.21273],[-78.83557,44.21248],[-78.83436,44.21125],[-78.83349,44.21088],[-78.83242,44.2093],[-78.83238,44.20776],[-78.83121,44.20671],[-78.83203,44.20416],[-78.83539,44.1996],[-78.83818,44.19743],[-78.83847,44.1965],[-78.83763,44.19468],[-78.83746,44.19235],[-78.83572,44.19131],[-78.83258,44.19019],[-78.82922,44.19147],[-78.82701,44.19186],[-78.82524,44.19311],[-78.82383,44.19531],[-78.82218,44.19875],[-78.82175,44.20019],[-78.82231,44.20116],[-78.82268,44.20295],[-78.82248,44.20361],[-78.8235,44.20421],[-78.82546,44.2043],[-78.82676,44.20516],[-78.82774,44.20633],[-78.82959,44.20717],[-78.82907,44.21189],[-78.8287,44.2131],[-78.8284,44.21555],[-78.82766,44.21625],[-78.82604,44.21699],[-78.8243,44.21645],[-78.82356,44.2167],[-78.82335,44.21359],[-78.82284,44.21202],[-78.82229,44.21164],[-78.8194,44.21135],[-78.81492,44.21071],[-78.81336,44.21019],[-78.81281,44.20961],[-78.81148,44.21016],[-78.81153,44.20659],[-78.81269,44.20335],[-78.81287,44.20136],[-78.8139,44.20079],[-78.81475,44.19895],[-78.81339,44.19859],[-78.81265,44.19882],[-78.81219,44.20041],[-78.81281,44.201],[-78.81207,44.20264],[-78.81003,44.20557],[-78.80855,44.20826],[-78.80785,44.20899],[-78.80591,44.20978],[-78.80428,44.21087],[-78.80041,44.21218],[-78.79659,44.21312],[-78.7944,44.2132],[-78.79355,44.21417],[-78.79269,44.21595],[-78.79203,44.21647],[-78.79064,44.21856],[-78.78674,44.22036],[-78.78537,44.22215],[-78.78761,44.22338],[-78.7879,44.22491],[-78.78625,44.22881],[-78.78564,44.23159],[-78.78518,44.23193],[-78.78392,44.23017],[-78.78496,44.22873],[-78.78517,44.22567],[-78.78581,44.22361],[-78.78457,44.22279],[-78.78355,44.22305],[-78.78203,44.22398],[-78.7798,44.22481],[-78.77883,44.22562],[-78.77697,44.22816],[-78.7751,44.231],[-78.7737,44.23131],[-78.77191,44.23067],[-78.77055,44.2313],[-78.76876,44.23299],[-78.76795,44.23408],[-78.76645,44.23544],[-78.76515,44.23698],[-78.76478,44.23808],[-78.76367,44.23908],[-78.76284,44.24068],[-78.76277,44.2418],[-78.76344,44.24339],[-78.76313,44.24491],[-78.76145,44.24586],[-78.76133,44.24686],[-78.76335,44.24699],[-78.76405,44.24744],[-78.76402,44.24874],[-78.76492,44.25025],[-78.76471,44.25179],[-78.76327,44.25372],[-78.76213,44.25774],[-78.76145,44.26109],[-78.76173,44.26237],[-78.76132,44.26321],[-78.76111,44.26496],[-78.75914,44.26586],[-78.75743,44.26826],[-78.75618,44.27061],[-78.75504,44.27141],[-78.75291,44.27185],[-78.75115,44.27271],[-78.75021,44.27376],[-78.7499,44.27121],[-78.75104,44.27023],[-78.75138,44.26864],[-78.75422,44.2654],[-78.75652,44.26409],[-78.75747,44.26252],[-78.75771,44.25981],[-78.7572,44.25904],[-78.75557,44.2585],[-78.75373,44.25827],[-78.75229,44.25717],[-78.75176,44.25377],[-78.75332,44.25136],[-78.75274,44.25008],[-78.7538,44.24949],[-78.75494,44.24939],[-78.75487,44.24707],[-78.75428,44.24596],[-78.75345,44.24581],[-78.75381,44.24483],[-78.75603,44.24182],[-78.7577,44.23599],[-78.75792,44.23466],[-78.75758,44.23396],[-78.75618,44.23417],[-78.75639,44.23224],[-78.75789,44.23013],[-78.75861,44.22957],[-78.75894,44.2285],[-78.76009,44.22759],[-78.76054,44.22638],[-78.76238,44.2251],[-78.76378,44.2236],[-78.76438,44.22217],[-78.76638,44.22054],[-78.76401,44.21514],[-78.75404,44.19302],[-78.74852,44.1805],[-78.74191,44.16596],[-78.73163,44.14349],[-78.72646,44.1321],[-78.72527,44.12933],[-78.71276,44.10228],[-78.71226,44.10094],[-78.7097,44.09557],[-78.70697,44.08953],[-78.70717,44.08793],[-78.70592,44.0873],[-78.70214,44.07932],[-78.69856,44.07193],[-78.69908,44.0701],[-78.69767,44.06874],[-78.69757,44.06631],[-78.69536,44.06531],[-78.69162,44.05734],[-78.69098,44.0584],[-78.68987,44.05935],[-78.6886,44.05987],[-78.67461,44.06319],[-78.65823,44.06686],[-78.65479,44.06768],[-78.63016,44.07323],[-78.62519,44.07423],[-78.61424,44.07681],[-78.60975,44.07793],[-78.60832,44.07896],[-78.6064,44.07967],[-78.60263,44.0796],[-78.59966,44.08015],[-78.57121,44.08666],[-78.57,44.08722],[-78.56853,44.08729],[-78.55163,44.09119],[-78.53752,44.0944],[-78.52633,44.09716],[-78.5164,44.09926],[-78.51584,44.09897],[-78.51096,44.08771],[-78.50649,44.0776],[-78.50423,44.07264],[-78.50044,44.06344],[-78.49774,44.05712],[-78.49054,44.03962],[-78.49018,44.03905],[-78.48238,44.0162],[-78.47475,43.99959],[-78.4678,43.98339],[-78.46756,43.98313],[-78.4655,43.97812],[-78.4519,43.94675],[-78.44986,43.94211],[-78.44878,43.93988],[-78.44413,43.92959],[-78.43877,43.91728],[-78.43634,43.91225],[-78.4312,43.91303],[-78.42492,43.91342],[-78.42092,43.91299],[-78.41434,43.91345],[-78.41204,43.91408],[-78.41014,43.91498],[-78.40799,43.91646],[-78.40617,43.91739],[-78.40155,43.91879],[-78.39741,43.91952],[-78.39437,43.92072],[-78.39165,43.92134],[-78.38702,43.92434],[-78.38213,43.92708],[-78.37907,43.92865],[-78.37725,43.92921],[-78.37141,43.93003],[-78.36833,43.93008],[-78.36694,43.93032],[-78.36275,43.93042],[-78.3619,43.93075],[-78.35738,43.93086],[-78.35431,43.93127],[-78.34975,43.93116],[-78.34375,43.93193],[-78.34136,43.93288],[-78.33926,43.93348],[-78.3376,43.93508],[-78.33561,43.93628],[-78.33224,43.93788],[-78.32887,43.93835],[-78.32648,43.93832],[-78.325,43.93854],[-78.31636,43.93934],[-78.31367,43.93999],[-78.30976,43.9404],[-78.30614,43.94037],[-78.30313,43.94052],[-78.29879,43.94165],[-78.2961,43.94162],[-78.29374,43.94135],[-78.29253,43.94089],[-78.29138,43.94109],[-78.29333,43.94426],[-78.29426,43.94397],[-78.29522,43.94563],[-78.29373,43.94604],[-78.29143,43.94195],[-78.29084,43.9421],[-78.29116,43.94359],[-78.28825,43.94563],[-78.28616,43.94655],[-78.28305,43.94722],[-78.27931,43.94846],[-78.27476,43.94915],[-78.27204,43.95045],[-78.26516,43.9509],[-78.26489,43.95113],[-78.26036,43.95191],[-78.25841,43.95287],[-78.25469,43.9534],[-78.24871,43.9534],[-78.24347,43.95287],[-78.24011,43.95209],[-78.23824,43.95234],[-78.23344,43.95245],[-78.22922,43.95163],[-78.22544,43.95146],[-78.22015,43.95098],[-78.2153,43.95075],[-78.21197,43.95134],[-78.20745,43.95346],[-78.20238,43.95507],[-78.20004,43.95543],[-78.1937,43.95568],[-78.19288,43.95582],[-78.19034,43.95561],[-78.18724,43.95556],[-78.18475,43.95511],[-78.18166,43.95425],[-78.17724,43.95406],[-78.17592,43.95432],[-78.17131,43.95429],[-78.16881,43.95385],[-78.16808,43.95345],[-78.16763,43.95501],[-78.16647,43.95584],[-78.16709,43.95691],[-78.1646,43.95747],[-78.16416,43.9562],[-78.1625,43.95693],[-78.15803,43.9573],[-78.15566,43.95691],[-78.15235,43.95577],[-78.15185,43.95538],[-78.15022,43.95597],[-78.14947,43.95658],[-78.14556,43.9574],[-78.14324,43.95732],[-78.14117,43.95688],[-78.135,43.95751],[-78.13309,43.95804],[-78.13016,43.9584],[-78.12722,43.95788],[-78.12085,43.957],[-78.11868,43.95692],[-78.11551,43.9572],[-78.11386,43.95799],[-78.11168,43.95842],[-78.11026,43.95927],[-78.10867,43.95973],[-78.10617,43.96085],[-78.10588,43.96175],[-78.10444,43.96308],[-78.10293,43.96386],[-78.1013,43.96431],[-78.09926,43.96578],[-78.09765,43.96637],[-78.0949,43.96658],[-78.09353,43.96727],[-78.08945,43.96778],[-78.08626,43.96771],[-78.07838,43.96655],[-78.07536,43.96569],[-78.07276,43.96546],[-78.07143,43.96502],[-78.06903,43.96646],[-78.0679,43.96684],[-78.06699,43.96775],[-78.06494,43.96851],[-78.06124,43.96884],[-78.05757,43.96854],[-78.05593,43.96814],[-78.05374,43.96819],[-78.05146,43.96868],[-78.04736,43.96856],[-78.04375,43.96918],[-78.03954,43.96899],[-78.03389,43.96902],[-78.02991,43.96811],[-78.02683,43.96693],[-78.02247,43.96612],[-78.01981,43.96525],[-78.01846,43.96513],[-78.01379,43.9638],[-78.00658,43.96315],[-78.00508,43.96427],[-78.00313,43.96522],[-78.00079,43.96537],[-78,43.96629],[-78,43.9823],[-77.90655,43.98577],[-77.80323,44.01903],[-77.78218,44.02139],[-77.71831,44.00843],[-77.67518,44.00431],[-77.68475,44.01491],[-77.70153,44.02021],[-77.73715,44.02551],[-77.72596,44.03787],[-77.70889,44.04464],[-77.69049,44.04317],[-77.67518,44.03169],[-77.66076,44.03758],[-77.61631,44.04552],[-77.60071,44.04523],[-77.53183,44.01785],[-77.54184,44.01049],[-77.55332,44.00579],[-77.56612,44.00372],[-77.57951,44.00431],[-77.56377,43.99107],[-77.49179,43.95221],[-77.47737,43.94868],[-77.4391,43.94956],[-77.36007,43.96811],[-77.31841,43.97223],[-77.29163,43.95663],[-77.2719,43.96516],[-77.25056,43.97017],[-77.26425,43.9478],[-77.28397,43.94544],[-77.32577,43.96251],[-77.30046,43.92336],[-77.25616,43.92101],[-77.20714,43.93808],[-77.16814,43.95663],[-77.18153,43.93573],[-77.23629,43.88068],[-77.21995,43.87626],[-77.16814,43.8745],[-77.16711,43.87185],[-77.16814,43.86714],[-77.16829,43.86243],[-77.1649,43.86037],[-77.13061,43.86037],[-77.12281,43.86184],[-77.11633,43.86508],[-77.1103,43.87067],[-77.08542,43.88716],[-76.97636,43.91542],[-76.92485,43.9372],[-76.90807,43.9422],[-76.86495,43.94279],[-76.84979,43.94691],[-76.85656,43.95957],[-76.88732,43.96575],[-76.97106,43.95162],[-77.00359,43.96251],[-77.02979,43.94073],[-77.04156,43.93808],[-77.04451,43.95663],[-77.03641,43.97105],[-77.01301,43.98812],[-77.01728,43.99725],[-76.99138,44.01285],[-76.92735,44.03287],[-76.90115,44.052],[-76.89821,44.05877],[-76.89585,44.07408],[-76.89056,44.08232],[-76.88467,44.08732],[-76.87127,44.09615],[-76.85258,44.11234],[-76.85023,44.11588],[-76.87687,44.11352],[-76.891,44.10822],[-76.92073,44.08467],[-77.00904,44.04965],[-77.02876,44.05171],[-77.06261,44.05877],[-77.08189,44.05583],[-77.12119,44.04464],[-77.13399,44.04523],[-77.10824,44.07319],[-77.09161,44.10557],[-77.06629,44.1824],[-77.08263,44.17975],[-77.14165,44.16386],[-77.17153,44.15091],[-77.18536,44.14826],[-77.24718,44.14826],[-77.26234,44.14472],[-77.28765,44.12706],[-77.29898,44.12088],[-77.29898,44.11352],[-77.29045,44.11411],[-77.26425,44.11352],[-77.26425,44.10734],[-77.30649,44.09468],[-77.32769,44.09498],[-77.34005,44.10734],[-77.33166,44.11058],[-77.32666,44.1147],[-77.31885,44.12706],[-77.32459,44.1303],[-77.32769,44.13383],[-77.33004,44.13737],[-77.33313,44.1409],[-77.32504,44.14178],[-77.30531,44.14826],[-77.30531,44.15444],[-77.38935,44.14796],[-77.40687,44.14914],[-77.41511,44.14826],[-77.42409,44.14355],[-77.44308,44.13001],[-77.45294,44.12706],[-77.49017,44.12088],[-77.55243,44.09027],[-77.58643,44.07938],[-77.58364,44.09939],[-77.57289,44.11441],[-77.55596,44.12383],[-77.50857,44.12883],[-77.3767,44.1724],[-77.34535,44.17769],[-77.33622,44.18123],[-77.3271,44.18093],[-77.31576,44.1721],[-77.30649,44.16827],[-77.29398,44.16886],[-77.27176,44.17563],[-77.26337,44.18064],[-77.25513,44.1877],[-77.24644,44.19388],[-77.23629,44.19536],[-77.22495,44.19035],[-77.20494,44.17269],[-77.19228,44.16857],[-77.17079,44.17181],[-77.03847,44.21508],[-77.01419,44.21714],[-76.99947,44.21508],[-77.00227,44.21007],[-77.02096,44.19918],[-77.03479,44.18711],[-77.03965,44.18064],[-77.04451,44.16857],[-77.04922,44.14149],[-77.03936,44.13619],[-77.02199,44.14355],[-76.92176,44.20301],[-76.91499,44.19418],[-76.90704,44.1877],[-76.89791,44.18358],[-76.88746,44.1824],[-76.89615,44.17033],[-76.90674,44.1668],[-76.93191,44.16857],[-76.94634,44.16651],[-76.97401,44.15679],[-76.98681,44.15444],[-77.00374,44.14649],[-77.07247,44.09292],[-77.06349,44.0888],[-77.05334,44.08585],[-77.04259,44.08497],[-77.03156,44.08556],[-77.0345,44.08203],[-77.03671,44.07879],[-77.03965,44.07555],[-77.04451,44.07261],[-77.04451,44.06642],[-76.97371,44.07673],[-76.96267,44.08232],[-76.95325,44.09851],[-76.93132,44.11058],[-76.88746,44.12706],[-76.83669,44.16415],[-76.79459,44.17269],[-76.73675,44.20301],[-76.69569,44.21714],[-76.65933,44.22332],[-76.65109,44.22715],[-76.63799,44.23598],[-76.63019,44.23362],[-76.62401,44.22715],[-76.6165,44.22332],[-76.54424,44.22538],[-76.52304,44.23009],[-76.50347,44.23951],[-76.48654,44.25423],[-76.47712,44.25923],[-76.46858,44.25511],[-76.46049,44.24775],[-76.45239,44.24393],[-76.44136,44.24628],[-76.40765,44.26424],[-76.33259,44.2922],[-76.32243,44.29927],[-76.31522,44.30604],[-76.30727,44.31075],[-76.26032,44.32017],[-76.23574,44.33194],[-76.16819,44.33253],[-76.1517,44.3393],[-76.10828,44.36226],[-76.089,44.36726],[-76.00952,44.37462],[-75.9739,44.38522],[-75.94152,44.40141],[-75.84453,44.48766],[-75.81186,44.50444],[-75.79199,44.49708],[-75.77918,44.48236],[-75.77227,44.46382],[-75.7702,44.44615],[-75.7808,44.43232],[-75.84541,44.40141],[-75.84674,44.39817],[-75.84762,44.39258],[-75.8491,44.3861],[-75.85292,44.3811],[-75.8566,44.37933],[-75.909,44.36373],[-75.9143,44.35726],[-75.92386,44.34784],[-76.05382,44.26571],[-76.18349,44.22303],[-76.35746,44.13148],[-76.36615,44.11735],[-76.3607,44.09586],[-76.34701,44.0888],[-76.32935,44.08497],[-76.31154,44.07261],[-76.30654,44.06113],[-76.30919,44.05347],[-76.31301,44.047],[-76.31154,44.03905],[-76.30433,44.03346],[-76.2952,44.03257],[-76.28755,44.03728],[-76.28416,44.04876],[-76.27475,44.06201],[-76.20969,44.08556],[-76.20101,44.07202],[-76.16127,44.07732],[-76.14699,44.06642],[-76.15435,44.06142],[-76.15715,44.05818],[-76.16127,44.04523],[-76.15361,44.05112],[-76.14537,44.05553],[-76.13639,44.05818],[-76.12653,44.05877],[-76.13271,44.04582],[-76.14434,44.03257],[-76.15833,44.02227],[-76.18467,44.01256],[-76.20174,44.00078],[-76.21219,43.9893],[-76.20601,43.98371],[-76.1439,43.98371],[-76.12536,43.98812],[-76.09783,44.00696],[-76.08179,44.01108],[-76.06516,44.00785],[-76.05795,43.9996],[-76.0603,43.98842],[-76.07193,43.97635],[-76.08724,43.97046],[-76.12006,43.96634],[-76.13345,43.95663],[-76.14051,43.94161],[-76.14169,43.92925],[-76.14581,43.91689],[-76.16127,43.90129],[-76.20483,43.8745],[-76.21587,43.86037],[-76.24325,43.8745],[-76.23824,43.88097],[-76.22897,43.90129],[-76.27842,43.88392],[-76.29167,43.8745],[-76.30315,43.8586],[-76.29726,43.85154],[-76.2824,43.84653],[-76.2668,43.83594],[-76.26106,43.83123],[-76.24825,43.82387],[-76.24325,43.81916],[-76.24016,43.8118],[-76.24001,43.80415],[-76.23869,43.79649],[-76.22529,43.77706],[-76.21646,43.74969],[-76.20969,43.73733],[-76.21896,43.7179],[-76.22043,43.69523],[-76.21661,43.67109],[-76.20969,43.64813],[-76.20115,43.66197],[-76.19173,43.67139],[-76.18084,43.67433],[-76.16819,43.66844],[-76.21043,43.62341],[-76.21543,43.60133],[-76.18806,43.58661],[-76.20734,43.57336],[-76.24634,43.53833],[-76.2668,43.53127],[-76.33406,43.52097],[-76.35996,43.5245],[-76.40147,43.53627],[-76.41928,43.53392],[-76.47123,43.49536],[-76.49037,43.48417],[-76.59487,43.44738],[-76.63313,43.42707],[-76.66787,43.40146],[-76.71276,43.33876],[-76.7369,43.35112],[-76.75103,43.35377],[-76.75721,43.34258],[-76.76251,43.33846],[-76.82697,43.31668],[-76.93015,43.30078],[-76.9353,43.29784],[-76.94133,43.28901],[-76.94178,43.28165],[-76.9406,43.27547],[-76.94222,43.27046],[-76.9459,43.26428],[-76.9456,43.26134],[-76.94707,43.25928],[-76.95635,43.25692],[-76.9665,43.25604],[-76.97577,43.2581],[-76.98372,43.2631],[-76.99049,43.27046],[-76.98799,43.27429],[-76.98313,43.2843],[-77.36669,43.29784],[-77.41246,43.29077],[-77.53801,43.25692],[-77.58319,43.25722],[-77.6247,43.27135],[-77.69623,43.31903],[-77.70109,43.3208],[-77.72361,43.32522],[-77.7239,43.33581],[-77.74877,43.34464],[-78,43.37937],[-78,43.36571],[-78.00127,43.36674],[-78.0038,43.36783],[-78.00636,43.3683],[-78.01117,43.36814],[-78.0147,43.36732],[-78.01965,43.36689],[-78.02483,43.36666],[-78.02822,43.36691],[-78.02971,43.36686],[-78.03001,43.36558],[-78.03115,43.36574],[-78.0316,43.36713],[-78.03376,43.3677],[-78.03694,43.36931],[-78.03864,43.37088],[-78.03931,43.37109],[-78.05405,43.37003],[-78.06063,43.36997],[-78.06489,43.37009],[-78.0734,43.37157],[-78.0736,43.37203],[-78.07523,43.3725],[-78.08016,43.37309],[-78.08307,43.37311],[-78.08991,43.37359],[-78.09349,43.37421],[-78.09501,43.37473],[-78.10126,43.37546],[-78.10488,43.37557],[-78.1076,43.3755],[-78.1137,43.37505],[-78.12077,43.37546],[-78.12162,43.37531],[-78.12854,43.37558],[-78.13308,43.37548],[-78.13755,43.37511],[-78.1403,43.37525],[-78.14593,43.375],[-78.15704,43.37423],[-78.15936,43.37482],[-78.16108,43.37461],[-78.16917,43.37255],[-78.18152,43.37036],[-78.18626,43.37022],[-78.18803,43.37068],[-78.19151,43.37245],[-78.19385,43.37114],[-78.19633,43.37082],[-78.20054,43.37067],[-78.20699,43.37165],[-78.21066,43.37164],[-78.21792,43.37052],[-78.22018,43.37037],[-78.22602,43.36954],[-78.22911,43.36948],[-78.23318,43.36888],[-78.23569,43.36882],[-78.24374,43.36914],[-78.24539,43.36902],[-78.24824,43.36943],[-78.25057,43.37013],[-78.25176,43.37083],[-78.25247,43.37184],[-78.25431,43.37218],[-78.25639,43.37226],[-78.25981,43.37265],[-78.26596,43.37244],[-78.26845,43.37258],[-78.27266,43.37158],[-78.27539,43.37126],[-78.27907,43.37134],[-78.28264,43.37184],[-78.28542,43.37195],[-78.29073,43.37171],[-78.29283,43.37124],[-78.29793,43.37137],[-78.3004,43.37117],[-78.30646,43.37241],[-78.30757,43.37338],[-78.3103,43.37364],[-78.31423,43.37354],[-78.31998,43.37285],[-78.32403,43.37271],[-78.3265,43.3725],[-78.32915,43.37278],[-78.33069,43.37253],[-78.33752,43.37256],[-78.3383,43.3729],[-78.34106,43.37299],[-78.34328,43.37355],[-78.34932,43.37374],[-78.3522,43.37355],[-78.3552,43.37369],[-78.35801,43.37361],[-78.36351,43.37399],[-78.36559,43.37429],[-78.36698,43.37576],[-78.36758,43.37601],[-78.37029,43.37625],[-78.37617,43.376],[-78.38523,43.37588],[-78.40058,43.37493],[-78.40845,43.37486],[-78.41252,43.37505],[-78.41725,43.37477],[-78.42677,43.3737],[-78.43076,43.37338],[-78.43781,43.37227],[-78.44387,43.37196],[-78.44756,43.372],[-78.45063,43.37263],[-78.45501,43.37255],[-78.45719,43.37203],[-78.46421,43.37135],[-78.46519,43.37142],[-78.46986,43.37074],[-78.47202,43.37065],[-78.47437,43.37088],[-78.47563,43.37133],[-78.47796,43.37161],[-78.47885,43.37197],[-78.48223,43.37419],[-78.48451,43.37485],[-78.48593,43.37502],[-78.49128,43.37459],[-78.49399,43.374],[-78.50222,43.37271],[-78.50526,43.37233],[-78.51091,43.37181],[-78.51288,43.37175],[-78.51768,43.3723],[-78.51909,43.37231],[-78.52434,43.37196],[-78.53018,43.37143],[-78.53605,43.37072],[-78.53658,43.37042],[-78.53956,43.36997],[-78.54788,43.36931],[-78.55802,43.36816],[-78.56381,43.36727],[-78.56791,43.36648],[-78.57204,43.36588],[-78.57512,43.36531],[-78.57964,43.36481],[-78.5908,43.36247],[-78.59714,43.36154],[-78.61194,43.35997],[-78.61354,43.35988],[-78.63669,43.35748],[-78.64112,43.35646],[-78.64897,43.35406],[-78.65116,43.35332],[-78.65224,43.3526],[-78.6532,43.35259],[-78.65787,43.35113],[-78.66563,43.34936],[-78.66981,43.34827],[-78.67529,43.347],[-78.67872,43.3456],[-78.68279,43.34435],[-78.68765,43.34304],[-78.68952,43.3428],[-78.69086,43.34236],[-78.69723,43.34093],[-78.69805,43.34089],[-78.70229,43.34001],[-78.70732,43.33991],[-78.7131,43.3394],[-78.71614,43.3389],[-78.71926,43.33951],[-78.72248,43.33888],[-78.72446,43.33921],[-78.72657,43.33909],[-78.7359,43.33742],[-78.74034,43.33628],[-78.74286,43.33548],[-78.74765,43.33428],[-78.75044,43.33339],[-78.76157,43.33058],[-78.76484,43.32968],[-78.76768,43.32912],[-78.77262,43.32782],[-78.7756,43.32724],[-78.78029,43.32653],[-78.78679,43.32575],[-78.78868,43.3254],[-78.79116,43.32529],[-78.7956,43.32463],[-78.79745,43.32462],[-78.80005,43.32417],[-78.80624,43.32349],[-78.81067,43.32241],[-78.81132,43.32199],[-78.82187,43.31922],[-78.82532,43.31865],[-78.82606,43.31891],[-78.82921,43.31806],[-78.83266,43.31753],[-78.83423,43.31749],[-78.83635,43.31824],[-78.84035,43.3166],[-78.84284,43.31598],[-78.84751,43.31411],[-78.84964,43.31288],[-78.85183,43.31201],[-78.85426,43.31136],[-78.85594,43.31122],[-78.85747,43.31071],[-78.85941,43.31066],[-78.86215,43.30996],[-78.86329,43.30988],[-78.86589,43.30881],[-78.86752,43.30881],[-78.86835,43.30841],[-78.87287,43.30729],[-78.87553,43.3063],[-78.87833,43.30568],[-78.8826,43.3043],[-78.8871,43.3033],[-78.88768,43.30346],[-78.89005,43.30275],[-78.89466,43.30183],[-78.89845,43.30048],[-78.9011,43.30005],[-78.90291,43.29952],[-78.90471,43.29939],[-78.90924,43.29869],[-78.91749,43.29669],[-78.91913,43.29639],[-78.92501,43.29466],[-78.92592,43.29463],[-78.92912,43.29355],[-78.93106,43.29312],[-78.93418,43.29208],[-78.94315,43.28941],[-78.94614,43.28826],[-78.95248,43.28645],[-78.9551,43.28542],[-78.95745,43.28473],[-78.9593,43.28441],[-78.96408,43.28327],[-78.96767,43.28229],[-78.97787,43.27995],[-78.98195,43.27908],[-78.98261,43.27868],[-78.98879,43.2777],[-78.99275,43.27735],[-78.99558,43.27732],[-78.99841,43.27691],[-78.99955,43.27715],[-79.00184,43.27664],[-79.00559,43.27622],[-79.00702,43.27624],[-79.00824,43.27575],[-79.01176,43.27509],[-79.01719,43.27351],[-79.02149,43.27352],[-79.02408,43.27258],[-79.03082,43.27162],[-79.0335,43.27038],[-79.03564,43.26991],[-79.03755,43.26992],[-79.04411,43.26836],[-79.04645,43.26835],[-79.04689,43.26772],[-79.05051,43.26677],[-79.05345,43.26624],[-79.05867,43.26469],[-79.06315,43.26371],[-79.06461,43.26286],[-79.07039,43.2624],[-79.07661,43.2621],[-79.07746,43.26224],[-79.08753,43.26226],[-79.09305,43.26145],[-79.09404,43.26077],[-79.10104,43.2589],[-79.10594,43.25837],[-79.112,43.2567],[-79.11619,43.25609],[-79.11674,43.25645],[-79.12013,43.25642],[-79.12616,43.25735],[-79.12757,43.25867],[-79.13135,43.25815],[-79.13307,43.25735],[-79.13396,43.25727],[-79.1355,43.25618],[-79.13764,43.25608],[-79.13907,43.25551],[-79.14062,43.25446],[-79.14338,43.25331],[-79.14354,43.253],[-79.14707,43.25136],[-79.14878,43.25021],[-79.15119,43.24892],[-79.15239,43.24781],[-79.15423,43.24695],[-79.1566,43.24627],[-79.15809,43.24516],[-79.16033,43.24419],[-79.16134,43.2441],[-79.16312,43.24289],[-79.16722,43.24067],[-79.16916,43.23998],[-79.16999,43.24003],[-79.1731,43.23889],[-79.17389,43.23831],[-79.17629,43.2372],[-79.17749,43.2369],[-79.1822,43.23431],[-79.18466,43.23339],[-79.18559,43.23271],[-79.1878,43.23212],[-79.18774,43.23133],[-79.18898,43.23053],[-79.19181,43.23006],[-79.19301,43.22939],[-79.19356,43.22815],[-79.1969,43.22782],[-79.1993,43.22781],[-79.20244,43.22719],[-79.20282,43.22673],[-79.20454,43.22633],[-79.20706,43.22633],[-79.20923,43.22594],[-79.21173,43.227],[-79.21303,43.22798],[-79.21341,43.22939],[-79.21328,43.23158],[-79.21198,43.23212],[-79.21241,43.23368],[-79.21315,43.23497],[-79.21277,43.23583],[-79.21166,43.23598],[-79.21132,43.23693],[-79.21199,43.23935],[-79.21235,43.24161],[-79.21022,43.2435],[-79.21299,43.24325],[-79.21418,43.24352],[-79.21578,43.24479],[-79.2176,43.24487],[-79.2192,43.2435],[-79.21971,43.24221],[-79.21987,43.24053],[-79.21973,43.23883],[-79.21977,43.23419],[-79.22007,43.2321],[-79.22003,43.23043],[-79.22029,43.22874],[-79.22006,43.22808],[-79.22068,43.22635],[-79.22208,43.22472],[-79.22412,43.22304],[-79.22723,43.22074],[-79.22938,43.21951],[-79.2325,43.21836],[-79.23351,43.2177],[-79.23585,43.21667],[-79.23909,43.21488],[-79.24225,43.21289],[-79.24315,43.21263],[-79.2448,43.21145],[-79.2499,43.20909],[-79.25157,43.20863],[-79.25419,43.20731],[-79.25708,43.20667],[-79.25884,43.20647],[-79.26071,43.20686],[-79.26184,43.20737],[-79.26324,43.20749],[-79.2635,43.21097],[-79.26443,43.21044],[-79.26406,43.20543],[-79.2691,43.20357],[-79.27082,43.20265],[-79.27427,43.20126],[-79.27646,43.20065],[-79.27937,43.19951],[-79.28345,43.19874],[-79.2853,43.19811],[-79.28638,43.19743],[-79.28864,43.19647],[-79.29181,43.19548],[-79.29274,43.19553],[-79.29514,43.1942],[-79.29918,43.19234],[-79.30158,43.1907],[-79.30555,43.18823],[-79.30778,43.18718],[-79.31583,43.18406],[-79.31757,43.18389],[-79.3175,43.18342],[-79.32197,43.18241],[-79.32328,43.18241],[-79.32613,43.1813],[-79.33535,43.18076],[-79.33574,43.18052],[-79.34122,43.18061],[-79.34364,43.18051],[-79.3448,43.1807],[-79.35088,43.18077],[-79.35323,43.18119],[-79.35681,43.18135],[-79.36041,43.18196],[-79.36372,43.18275],[-79.36492,43.18286],[-79.36572,43.18379],[-79.36568,43.18499],[-79.3687,43.18612],[-79.37171,43.18481],[-79.38013,43.18743],[-79.38235,43.18859],[-79.38299,43.18866],[-79.38562,43.19011],[-79.38727,43.19081],[-79.38956,43.19234],[-79.39228,43.1932],[-79.39432,43.19435],[-79.39513,43.19433],[-79.39859,43.19556],[-79.39989,43.19556],[-79.40226,43.19642],[-79.4086,43.19784],[-79.40992,43.19783],[-79.41358,43.1983],[-79.41523,43.1981],[-79.41988,43.19822],[-79.4239,43.19783],[-79.43106,43.19778],[-79.43265,43.19791],[-79.43548,43.19764],[-79.43877,43.19826],[-79.44029,43.19776],[-79.44424,43.19765],[-79.44655,43.19841],[-79.45096,43.19826],[-79.45474,43.19744],[-79.45669,43.19738],[-79.45932,43.19696],[-79.46157,43.19572],[-79.46529,43.19505],[-79.46788,43.19508],[-79.46853,43.19551],[-79.47052,43.1953],[-79.47272,43.19539],[-79.47563,43.19602],[-79.47754,43.19662],[-79.47874,43.19618],[-79.48033,43.19624],[-79.48369,43.19558],[-79.48576,43.19474],[-79.48743,43.19469],[-79.48812,43.19427],[-79.49396,43.19497],[-79.49911,43.19616],[-79.50071,43.19667],[-79.50312,43.19632],[-79.50711,43.19598],[-79.50986,43.19549],[-79.51276,43.19533],[-79.51308,43.19508],[-79.51625,43.1956],[-79.51643,43.19515],[-79.52002,43.19504],[-79.52362,43.19555],[-79.52654,43.19502],[-79.52949,43.19532],[-79.53135,43.19584],[-79.53243,43.19579],[-79.53832,43.19741],[-79.54159,43.19885],[-79.54533,43.20123],[-79.54735,43.20234],[-79.55096,43.20405],[-79.552,43.20351],[-79.5533,43.20486],[-79.55495,43.20515],[-79.55573,43.20572],[-79.56128,43.20692],[-79.56355,43.20675],[-79.56604,43.20681],[-79.57175,43.20594],[-79.57343,43.20554],[-79.57757,43.20531],[-79.58043,43.20481],[-79.58563,43.20624],[-79.58921,43.20799],[-79.59275,43.20938],[-79.59422,43.21027],[-79.59787,43.21109],[-79.60194,43.21339],[-79.61609,43.22228],[-79.61889,43.22486],[-79.61834,43.22598],[-79.61968,43.22668],[-79.62035,43.22586],[-79.62151,43.2256],[-79.62252,43.22586],[-79.62363,43.22557],[-79.62406,43.22448],[-79.62386,43.22329],[-79.6267,43.22388],[-79.62634,43.22482],[-79.62477,43.22449],[-79.62469,43.22586],[-79.62314,43.22612],[-79.62808,43.22861],[-79.62944,43.22851],[-79.63199,43.22791],[-79.64138,43.22535],[-79.64338,43.22511],[-79.64844,43.22356],[-79.65028,43.22317],[-79.65275,43.2231],[-79.6544,43.22268],[-79.66086,43.22419],[-79.66667,43.22632],[-79.6707,43.22866],[-79.67358,43.23068],[-79.67458,43.23066],[-79.67931,43.23285],[-79.68209,43.23385],[-79.68406,43.23415],[-79.68585,43.23392],[-79.68701,43.23412],[-79.68945,43.23543],[-79.69079,43.23529],[-79.69366,43.2361],[-79.69674,43.23552],[-79.70021,43.2358],[-79.70111,43.23552],[-79.70297,43.2359],[-79.7045,43.2359],[-79.70582,43.23553],[-79.70756,43.2358],[-79.71116,43.23684],[-79.71465,43.23838],[-79.71613,43.23852],[-79.72004,43.24036],[-79.72355,43.2427],[-79.72649,43.24384],[-79.72843,43.24417],[-79.73024,43.24495],[-79.73258,43.24556],[-79.73747,43.24543],[-79.7391,43.24567],[-79.74115,43.24521],[-79.74406,43.24553],[-79.74582,43.24643],[-79.74674,43.24629],[-79.74953,43.24738],[-79.75308,43.24984],[-79.75601,43.25151],[-79.76162,43.25609],[-79.76616,43.26049],[-79.76913,43.26371],[-79.77018,43.26444],[-79.77388,43.26883],[-79.77821,43.27421],[-79.78062,43.27736],[-79.78515,43.28365],[-79.78897,43.28946],[-79.79232,43.2953],[-79.79409,43.29785],[-79.79414,43.29903],[-79.79634,43.29815],[-79.7976,43.29729],[-79.79656,43.29671],[-79.79429,43.29281],[-79.79457,43.29198],[-79.79431,43.29078],[-79.79147,43.28666],[-79.79047,43.28473],[-79.79405,43.28378],[-79.79254,43.28017],[-79.78666,43.27308],[-79.78132,43.26876],[-79.7818,43.26843],[-79.78424,43.26855],[-79.78569,43.26908],[-79.7882,43.26308],[-79.78921,43.26306],[-79.78812,43.26609],[-79.78664,43.26928],[-79.79443,43.27496],[-79.79568,43.27429],[-79.79734,43.27383],[-79.7995,43.26866],[-79.80041,43.26676],[-79.80132,43.26669],[-79.79654,43.27798],[-79.79714,43.27882],[-79.80378,43.28027],[-79.80698,43.27255],[-79.80918,43.26934],[-79.80771,43.27306],[-79.80463,43.28039],[-79.81382,43.2825],[-79.8155,43.28166],[-79.81631,43.28233],[-79.82209,43.28364],[-79.82363,43.28388],[-79.82351,43.28458],[-79.82599,43.28518],[-79.8266,43.28439],[-79.83207,43.27175],[-79.83173,43.2735],[-79.83289,43.2743],[-79.83495,43.27402],[-79.8356,43.27302],[-79.83244,43.27163],[-79.83332,43.26972],[-79.83401,43.27021],[-79.83392,43.27127],[-79.83765,43.27211],[-79.83734,43.27285],[-79.8403,43.2735],[-79.84164,43.2704],[-79.84277,43.27043],[-79.84136,43.27372],[-79.84433,43.27436],[-79.84577,43.27094],[-79.84651,43.27111],[-79.84504,43.27451],[-79.84911,43.27538],[-79.85094,43.27097],[-79.85167,43.27112],[-79.84984,43.27554],[-79.85247,43.27597],[-79.85305,43.27462],[-79.85616,43.27546],[-79.85553,43.2768],[-79.86146,43.27817],[-79.86219,43.27664],[-79.86049,43.27622],[-79.86011,43.275],[-79.86151,43.27515],[-79.86185,43.27435],[-79.86368,43.27493],[-79.86518,43.27414],[-79.86752,43.27382],[-79.86862,43.27279],[-79.86748,43.27242],[-79.86742,43.2714],[-79.86809,43.27066],[-79.87036,43.27022],[-79.87015,43.27153],[-79.871,43.27273],[-79.87265,43.27279],[-79.87551,43.27342],[-79.87445,43.27171],[-79.87552,43.27084],[-79.8722,43.26991],[-79.87238,43.2693],[-79.87853,43.27073],[-79.88263,43.27136],[-79.88444,43.27236],[-79.88596,43.27373],[-79.88867,43.27772],[-79.8898,43.27975],[-79.89244,43.27949],[-79.89349,43.27888],[-79.89323,43.27816],[-79.89357,43.27685],[-79.89351,43.27406],[-79.89376,43.27369],[-79.89587,43.27366],[-79.89654,43.27455],[-79.89602,43.27544],[-79.89708,43.27595],[-79.89729,43.27487],[-79.89827,43.27401],[-79.89898,43.27416],[-79.90155,43.27245],[-79.90135,43.27172],[-79.90464,43.27032],[-79.90461,43.27116],[-79.90155,43.27375],[-79.9039,43.27352],[-79.90518,43.27189],[-79.90624,43.27135],[-79.90825,43.2708],[-79.90984,43.27161],[-79.91072,43.27092],[-79.91207,43.2716],[-79.91319,43.27067],[-79.91382,43.27087],[-79.91546,43.26958],[-79.91683,43.26922],[-79.91898,43.26931],[-79.92053,43.26811],[-79.92095,43.26932],[-79.91954,43.27017],[-79.92143,43.27141],[-79.92052,43.27212],[-79.92079,43.27301],[-79.92529,43.27165],[-79.92527,43.27235],[-79.92297,43.27473],[-79.92194,43.27476],[-79.91996,43.27536],[-79.91747,43.27526],[-79.91564,43.2763],[-79.91499,43.27703],[-79.91369,43.27706],[-79.91104,43.2777],[-79.91029,43.277],[-79.90866,43.27667],[-79.90681,43.27742],[-79.90692,43.27792],[-79.9082,43.27885],[-79.90774,43.27994],[-79.90681,43.28013],[-79.90533,43.28141],[-79.90276,43.2813],[-79.90156,43.28098],[-79.89995,43.28182],[-79.89873,43.2821],[-79.89796,43.28478],[-79.8969,43.28561],[-79.8948,43.28278],[-79.89396,43.28225],[-79.89237,43.27969],[-79.89018,43.27979],[-79.88948,43.28052],[-79.89018,43.28158],[-79.89063,43.2842],[-79.89043,43.28518],[-79.88926,43.2873],[-79.88789,43.28909]]],[[[-79.54272,43.58103],[-79.54227,43.57951],[-79.54284,43.57826],[-79.54208,43.57752],[-79.54219,43.57627],[-79.54158,43.57528],[-79.54241,43.57402],[-79.5434,43.57389],[-79.5447,43.57314],[-79.54479,43.57242],[-79.54356,43.57161],[-79.54243,43.5723],[-79.54006,43.5727],[-79.53933,43.57348],[-79.53974,43.57406],[-79.54104,43.57429],[-79.54126,43.57514],[-79.54078,43.5762],[-79.54135,43.57686],[-79.54111,43.57852],[-79.542,43.57899],[-79.54193,43.58059],[-79.54272,43.58103]]],[[[-79.87466,43.28657],[-79.87616,43.28772],[-79.87813,43.28741],[-79.88132,43.28745],[-79.88364,43.28777],[-79.88654,43.28721],[-79.88674,43.28645],[-79.88622,43.28416],[-79.88463,43.28336],[-79.88314,43.28359],[-79.88191,43.2834],[-79.88133,43.28244],[-79.87925,43.28384],[-79.87757,43.28462],[-79.87466,43.28657]]],[[[-79.22348,43.71749],[-79.22379,43.71749],[-79.22526,43.71524],[-79.22615,43.71329],[-79.22549,43.71308],[-79.22482,43.71502],[-79.22348,43.71749]]],[[[-79.30346,43.66391],[-79.30615,43.6626],[-79.3072,43.66137],[-79.30588,43.66088],[-79.30471,43.66268],[-79.30346,43.66391]]],[[[-79.31509,43.65142],[-79.31613,43.6554],[-79.31734,43.65437],[-79.31905,43.65102],[-79.31968,43.64875],[-79.31758,43.64929],[-79.31639,43.65055],[-79.31626,43.65119],[-79.31509,43.65142]]],[[[-79.33666,43.6192],[-79.3381,43.61868],[-79.33977,43.61896],[-79.34113,43.618],[-79.3421,43.61621],[-79.34076,43.61522],[-79.33944,43.61695],[-79.3375,43.61871],[-79.33666,43.6192]]],[[[-79.35375,43.63872],[-79.35359,43.63857],[-79.33321,43.65017],[-79.33003,43.65174],[-79.33168,43.65323],[-79.33427,43.65212],[-79.33335,43.651],[-79.33348,43.65024],[-79.35375,43.63872]]],[[[-79.35836,43.64492],[-79.35679,43.64514],[-79.35717,43.64603],[-79.35836,43.64492]]],[[[-82.48995,45.95271],[-82.5,45.95146],[-82.5,45.73468],[-82.47111,45.71221],[-82.45257,45.70515],[-82.33909,45.69485],[-82.33349,45.68925],[-82.3304,45.68131],[-82.32466,45.67277],[-82.31363,45.66776],[-82.30259,45.671],[-82.2914,45.67601],[-82.28007,45.6763],[-82.273,45.67041],[-82.26108,45.6501],[-82.25328,45.64216],[-82.20839,45.62803],[-82.20221,45.62479],[-82.1841,45.61125],[-82.17424,45.60801],[-82.11949,45.60889],[-82.09859,45.60153],[-82.10198,45.58093],[-82.08991,45.58122],[-82.08005,45.5774],[-82.07284,45.56974],[-82.06842,45.55914],[-82.05871,45.56415],[-82.04914,45.5665],[-82.02677,45.5665],[-82.01588,45.56827],[-82.01043,45.57269],[-82.0066,45.57946],[-81.99409,45.59417],[-81.98982,45.60094],[-81.98438,45.60595],[-81.93743,45.61419],[-81.90461,45.63774],[-81.87488,45.66512],[-81.84161,45.68749],[-81.79716,45.69691],[-81.78966,45.69926],[-81.78038,45.70397],[-81.77008,45.70692],[-81.75993,45.70368],[-81.75271,45.69455],[-81.75301,45.68572],[-81.75934,45.67895],[-81.78863,45.67012],[-81.81306,45.64186],[-81.84691,45.63156],[-81.86163,45.62155],[-81.88621,45.59712],[-81.8996,45.5877],[-81.90902,45.58711],[-81.91138,45.59417],[-81.90328,45.60801],[-81.92874,45.60242],[-81.95612,45.59152],[-81.97937,45.57681],[-81.99262,45.55914],[-81.9704,45.55767],[-81.94802,45.56503],[-81.93066,45.56856],[-81.91432,45.53913],[-81.8918,45.52883],[-81.86472,45.52441],[-81.84176,45.52559],[-81.82204,45.53295],[-81.80511,45.5456],[-81.75654,45.60065],[-81.74624,45.60801],[-81.73549,45.61066],[-81.72372,45.61095],[-81.72238,45.6115],[-81.72578,45.62184],[-81.71047,45.64628],[-81.64998,45.70368],[-81.66441,45.70986],[-81.62172,45.74018],[-81.6126,45.74459],[-81.6048,45.75195],[-81.59567,45.76844],[-81.58875,45.78698],[-81.58802,45.79993],[-81.60568,45.80582],[-81.7115,45.79993],[-81.69605,45.81819],[-81.67589,45.83732],[-81.65984,45.85969],[-81.6569,45.88854],[-81.66573,45.90532],[-81.67971,45.90885],[-81.69517,45.90296],[-81.7536,45.8485],[-81.76478,45.82819],[-81.78715,45.79729],[-81.79348,45.77874],[-81.79216,45.75872],[-81.78922,45.74459],[-81.79186,45.739],[-81.80776,45.74459],[-81.82042,45.75961],[-81.82998,45.76844],[-81.8344,45.76844],[-81.84647,45.79169],[-81.84868,45.80317],[-81.8425,45.81995],[-81.82984,45.84026],[-81.81983,45.86175],[-81.8213,45.88177],[-81.84117,45.89325],[-81.89828,45.89619],[-81.9102,45.9062],[-81.9049,45.92533],[-81.89622,45.93946],[-81.8946,45.953],[-81.9102,45.97067],[-81.95362,45.98803],[-82.0013,45.9848],[-82.04796,45.96772],[-82.08829,45.94388],[-82.10109,45.9321],[-82.11434,45.91533],[-82.12494,45.89619],[-82.12921,45.87853],[-82.1398,45.85527],[-82.1607,45.84468],[-82.1763,45.84821],[-82.17086,45.86823],[-82.1872,45.88265],[-82.20736,45.90502],[-82.22134,45.92975],[-82.21928,45.95065],[-82.23724,45.94564],[-82.26241,45.93475],[-82.28463,45.93093],[-82.29435,45.94741],[-82.29435,45.97449],[-82.29773,45.98744],[-82.30965,45.99009],[-82.39458,45.97214],[-82.41415,45.97067],[-82.4349,45.96537],[-82.44594,45.95242],[-82.45551,45.93681],[-82.47185,45.92327],[-82.47067,45.93711],[-82.47744,45.94741],[-82.48995,45.95271]]],[[[-82.04075,41.51105],[-82.09254,41.5],[-81.93197,41.5],[-81.99792,41.51193],[-82.04075,41.51105]]],[[[-81.81909,41.50546],[-81.82734,41.5],[-81.77834,41.5],[-81.79908,41.50811],[-81.80776,41.50958],[-81.81909,41.50546]]],[[[-76.03087,44.29927],[-76.02174,44.30074],[-75.99304,44.31958],[-75.97538,44.32488],[-75.9533,44.33724],[-75.93328,44.35284],[-75.91871,44.3708],[-75.91606,44.37345],[-75.91444,44.37639],[-75.9143,44.3811],[-75.92784,44.38051],[-75.93814,44.3761],[-75.95521,44.36049],[-75.96066,44.3761],[-75.97302,44.36903],[-75.99613,44.34018],[-76.00305,44.34636],[-76.0004,44.34842],[-75.99922,44.34842],[-75.99819,44.3496],[-75.99613,44.35372],[-76.00776,44.35372],[-76.01762,44.35137],[-76.02557,44.34725],[-76.03087,44.34018],[-76.03322,44.34077],[-76.03749,44.34136],[-76.04352,44.34136],[-76.05147,44.34018],[-76.05147,44.33253],[-76.03837,44.32929],[-76.03749,44.31987],[-76.03866,44.30839],[-76.03087,44.29927]]],[[[-76.08856,44.29014],[-76.06516,44.29927],[-76.0653,44.30339],[-76.06678,44.30663],[-76.07193,44.31281],[-76.07855,44.3134],[-76.08621,44.30986],[-76.09533,44.30751],[-76.10607,44.31281],[-76.11785,44.30545],[-76.14375,44.29927],[-76.1545,44.2922],[-76.15833,44.28514],[-76.16009,44.27601],[-76.15803,44.26777],[-76.15067,44.26424],[-76.12653,44.26865],[-76.08856,44.29014]]],[[[-76.19541,44.23068],[-76.18128,44.24098],[-76.1907,44.24451],[-76.22588,44.24393],[-76.24428,44.24275],[-76.27151,44.23804],[-76.35996,44.23716],[-76.37969,44.23362],[-76.41619,44.22273],[-76.43503,44.22332],[-76.40603,44.21537],[-76.25281,44.21626],[-76.22205,44.21979],[-76.19541,44.23068]]],[[[-76.19541,44.31281],[-76.24192,44.31075],[-76.27916,44.30368],[-76.3139,44.28896],[-76.35319,44.26424],[-76.27548,44.26954],[-76.23869,44.27984],[-76.20586,44.30192],[-76.19541,44.31281]]],[[[-76.27445,44.01933],[-76.28034,44.00873],[-76.27739,43.97635],[-76.24163,43.99695],[-76.22824,44.00932],[-76.21587,44.03169],[-76.21278,44.04287],[-76.22397,44.04376],[-76.24134,44.03817],[-76.2562,44.03169],[-76.27445,44.01933]]],[[[-76.35378,44.18741],[-76.35099,44.18917],[-76.34628,44.18917],[-76.36791,44.20095],[-76.40132,44.21096],[-76.43547,44.21419],[-76.45961,44.20625],[-76.49935,44.16651],[-76.50229,44.15002],[-76.46917,44.14826],[-76.47344,44.1406],[-76.47771,44.13472],[-76.48301,44.13001],[-76.48963,44.12706],[-76.48963,44.12088],[-76.48006,44.1253],[-76.47109,44.12677],[-76.45607,44.12706],[-76.44886,44.12559],[-76.44136,44.12206],[-76.43326,44.12029],[-76.42443,44.12412],[-76.40853,44.13501],[-76.35996,44.15444],[-76.37969,44.1618],[-76.36526,44.17799],[-76.35628,44.18476],[-76.35378,44.18741]]],[[[-76.8152,44.1512],[-76.81461,44.13236],[-76.7784,44.12294],[-76.73646,44.12088],[-76.71938,44.12412],[-76.70319,44.12471],[-76.65889,44.16327],[-76.64049,44.17563],[-76.63681,44.19889],[-76.66007,44.20065],[-76.71614,44.1824],[-76.7943,44.16268],[-76.8152,44.1512]]],[[[-79.39471,43.62006],[-79.39548,43.62088],[-79.39853,43.6233],[-79.40074,43.62445],[-79.39471,43.62006]]],[[[-79.92514,43.27185],[-79.91855,43.27373],[-79.91677,43.27484],[-79.91971,43.27455],[-79.92065,43.27501],[-79.92164,43.27457],[-79.92295,43.27455],[-79.92513,43.27243],[-79.92514,43.27185]]],[[[-78.75662,44.25075],[-78.7554,44.25241],[-78.75546,44.25331],[-78.75728,44.25299],[-78.75756,44.25135],[-78.75662,44.25075]]],[[[-78.77766,44.21072],[-78.77628,44.21286],[-78.77746,44.21291],[-78.778,44.21153],[-78.77766,44.21072]]],[[[-78.85912,44.13448],[-78.85941,44.13575],[-78.86041,44.13553],[-78.86028,44.13451],[-78.85912,44.13448]]],[[[-79.33496,44.55137],[-79.33449,44.55259],[-79.33528,44.55386],[-79.33662,44.55418],[-79.33921,44.55273],[-79.33929,44.55115],[-79.33585,44.55108],[-79.33496,44.55137]]],[[[-79.35986,44.57301],[-79.35716,44.57443],[-79.35597,44.57584],[-79.3571,44.57583],[-79.35878,44.57463],[-79.36022,44.57398],[-79.35986,44.57301]]],[[[-79.38691,44.57962],[-79.38593,44.57959],[-79.38407,44.58057],[-79.3824,44.58194],[-79.37946,44.58543],[-79.38013,44.58558],[-79.38313,44.58341],[-79.38658,44.58047],[-79.38691,44.57962]]],[[[-79.48716,44.33368],[-79.48552,44.33382],[-79.48545,44.33463],[-79.48635,44.33574],[-79.48799,44.33711],[-79.48804,44.33908],[-79.4886,44.33955],[-79.48974,44.33897],[-79.4911,44.33722],[-79.49416,44.33532],[-79.49151,44.33477],[-79.48817,44.33372],[-79.48716,44.33368]]],[[[-80.19214,45.24653],[-80.17993,45.24447],[-80.17124,45.248],[-80.16094,45.26596],[-80.14917,45.27155],[-80.15608,45.25801],[-80.09677,45.29098],[-80.0741,45.29952],[-80.08087,45.30658],[-80.07557,45.311],[-80.07219,45.316],[-80.06733,45.3263],[-80.05983,45.33396],[-80.06954,45.33896],[-80.07425,45.34043],[-80.08087,45.34043],[-80.0741,45.3475],[-80.09118,45.34779],[-80.10486,45.3422],[-80.11605,45.33307],[-80.12562,45.32336],[-80.13842,45.31865],[-80.1552,45.3213],[-80.17168,45.32748],[-80.18331,45.33396],[-80.22128,45.311],[-80.22732,45.29657],[-80.21746,45.27155],[-80.21025,45.26125],[-80.202,45.25242],[-80.19214,45.24653]]],[[[-81.72578,45.3263],[-81.72931,45.32748],[-81.7327,45.32836],[-81.73579,45.32983],[-81.73873,45.33396],[-81.74477,45.3266],[-81.7511,45.32277],[-81.7667,45.32012],[-81.73093,45.30099],[-81.71268,45.29981],[-81.69782,45.32012],[-81.70768,45.31894],[-81.71518,45.32042],[-81.72092,45.32306],[-81.72578,45.3263]]],[[[-81.70679,45.53177],[-81.70532,45.53471],[-81.70532,45.53913],[-81.77523,45.52912],[-81.79025,45.52176],[-81.79643,45.51617],[-81.80496,45.51057],[-81.81468,45.50616],[-81.82439,45.50439],[-81.83734,45.48232],[-81.84176,45.47702],[-81.80599,45.45847],[-81.76802,45.46348],[-81.73461,45.48761],[-81.7115,45.52559],[-81.70915,45.52912],[-81.70679,45.53177]]],[[[-81.90887,46.0004],[-81.90328,45.99804],[-81.89754,45.99863],[-81.88871,46.00422],[-81.88282,46.0054],[-81.84559,46.00717],[-81.8344,46.0054],[-81.82528,45.99863],[-81.8188,45.99039],[-81.81173,45.98597],[-81.80084,45.99157],[-81.79393,46.00157],[-81.79304,46.01129],[-81.7979,46.01982],[-81.80776,46.02512],[-81.7979,46.04161],[-81.79348,46.04632],[-81.80334,46.05809],[-81.82086,46.06398],[-81.83852,46.0631],[-81.84868,46.05309],[-81.85559,46.05309],[-81.87193,46.06133],[-81.89519,46.06045],[-81.94111,46.05309],[-81.96201,46.04661],[-81.96348,46.03248],[-81.95053,46.01806],[-81.92742,46.01158],[-81.92109,46.00952],[-81.90887,46.0004]]],[[[-82.19132,45.99804],[-82.20309,46.01541],[-82.21045,46.0525],[-82.22546,46.05986],[-82.23871,46.05691],[-82.2468,46.04897],[-82.25461,46.03984],[-82.26638,46.03278],[-82.25564,46.0213],[-82.23238,46.00834],[-82.20751,45.99863],[-82.19132,45.99804]]],[[[-79.32748,43.62775],[-79.32666,43.62774],[-79.32426,43.62695],[-79.32407,43.62907],[-79.32751,43.62856],[-79.32748,43.62775]]],[[[-79.32616,43.62973],[-79.32408,43.63081],[-79.324,43.63298],[-79.32667,43.62989],[-79.32616,43.62973]]],[[[-79.46877,43.64376],[-79.46869,43.64312],[-79.46724,43.64078],[-79.46606,43.63965],[-79.46609,43.63905],[-79.46421,43.63926],[-79.46288,43.63969],[-79.46334,43.64079],[-79.4647,43.64091],[-79.46643,43.64148],[-79.46774,43.64231],[-79.46793,43.6431],[-79.46877,43.64376]]]]},"properties":{"kind":"outside","name":""}},{"type":"Feature","geometry":{"type":"MultiPolygon","coordinates":[[[[-79.42436,43.62977],[-79.42011,43.6301],[-79.41868,43.62948],[-79.4174,43.6299],[-79.41494,43.63031],[-79.41456,43.63011],[-79.41176,43.6306],[-79.41042,43.63031],[-79.41237,43.62935],[-79.41378,43.62998],[-79.41422,43.628],[-79.41561,43.62826],[-79.41754,43.62799],[-79.41787,43.62779],[-79.41935,43.62815],[-79.41963,43.62932],[-79.42247,43.62906],[-79.42138,43.62754],[-79.41833,43.6266],[-79.41733,43.62792],[-79.4162,43.6281],[-79.41539,43.62708],[-79.41349,43.62697],[-79.41297,43.62731],[-79.41105,43.62738],[-79.41006,43.6282],[-79.41024,43.62914],[-79.40905,43.62978],[-79.40958,43.63122],[-79.40879,43.63168],[-79.40861,43.63304],[-79.40664,43.6328],[-79.40344,43.63334],[-79.40159,43.63417],[-79.4003,43.6329],[-79.40296,43.63148],[-79.40232,43.631],[-79.39548,43.63469],[-79.39696,43.63643],[-79.3844,43.63761],[-79.385,43.639],[-79.38424,43.63912],[-79.38367,43.63769],[-79.37958,43.63807],[-79.38027,43.63969],[-79.37874,43.63904],[-79.37714,43.63898],[-79.3754,43.63962],[-79.3745,43.64036],[-79.37519,43.64157],[-79.37453,43.64181],[-79.37353,43.64033],[-79.36827,43.64227],[-79.36913,43.64357],[-79.3683,43.64388],[-79.36744,43.64259],[-79.35943,43.64559],[-79.35444,43.64777],[-79.35476,43.64668],[-79.35671,43.64583],[-79.35636,43.64541],[-79.3544,43.64622],[-79.35403,43.64579],[-79.35817,43.644],[-79.35661,43.64217],[-79.35252,43.64394],[-79.35224,43.64343],[-79.35624,43.64172],[-79.35409,43.6391],[-79.33373,43.65068],[-79.33508,43.65231],[-79.33154,43.65384],[-79.33017,43.65222],[-79.32538,43.65361],[-79.32502,43.65315],[-79.33296,43.64974],[-79.35334,43.63813],[-79.35118,43.63556],[-79.35033,43.63527],[-79.3481,43.63357],[-79.34711,43.63311],[-79.34686,43.63433],[-79.34558,43.63493],[-79.3435,43.63685],[-79.34066,43.63904],[-79.33765,43.63939],[-79.33737,43.64034],[-79.33234,43.64496],[-79.33096,43.64588],[-79.33045,43.64659],[-79.32836,43.64761],[-79.32583,43.64681],[-79.32534,43.64557],[-79.32683,43.64397],[-79.32775,43.64114],[-79.32898,43.64005],[-79.32993,43.63973],[-79.33026,43.63781],[-79.32922,43.63711],[-79.32882,43.63816],[-79.3263,43.6408],[-79.32533,43.64227],[-79.32446,43.64425],[-79.32432,43.64521],[-79.32158,43.64467],[-79.3234,43.63753],[-79.32624,43.63489],[-79.32541,43.63379],[-79.32728,43.63167],[-79.32898,43.63204],[-79.32871,43.63316],[-79.33088,43.63263],[-79.33343,43.63153],[-79.33451,43.63157],[-79.33664,43.62947],[-79.33525,43.62968],[-79.33415,43.62937],[-79.33394,43.63029],[-79.33148,43.63121],[-79.32987,43.63123],[-79.3287,43.63086],[-79.3288,43.63018],[-79.3299,43.62848],[-79.33147,43.62727],[-79.33089,43.62611],[-79.33004,43.62711],[-79.32832,43.62805],[-79.32729,43.62991],[-79.32434,43.63335],[-79.32305,43.63338],[-79.32354,43.63067],[-79.32422,43.62975],[-79.32356,43.62908],[-79.32376,43.62665],[-79.32432,43.62644],[-79.32397,43.62503],[-79.3242,43.62303],[-79.32468,43.62259],[-79.32749,43.62264],[-79.33205,43.6222],[-79.33324,43.62241],[-79.33296,43.62406],[-79.33197,43.62553],[-79.33266,43.62584],[-79.33487,43.62525],[-79.33576,43.62635],[-79.33499,43.62743],[-79.33689,43.62751],[-79.33762,43.62907],[-79.33936,43.62935],[-79.33845,43.62698],[-79.33683,43.62535],[-79.33694,43.62415],[-79.33757,43.62271],[-79.33901,43.62213],[-79.33986,43.62325],[-79.34129,43.62442],[-79.34319,43.62305],[-79.34131,43.62248],[-79.34006,43.62149],[-79.33975,43.62051],[-79.34069,43.61972],[-79.34271,43.61951],[-79.34307,43.62193],[-79.34442,43.62163],[-79.34356,43.62075],[-79.34344,43.61972],[-79.34469,43.61791],[-79.34377,43.61673],[-79.34392,43.61341],[-79.34291,43.61316],[-79.34242,43.61462],[-79.3418,43.6154],[-79.34262,43.61625],[-79.34151,43.61833],[-79.33986,43.61946],[-79.33772,43.61924],[-79.33725,43.62102],[-79.33604,43.62139],[-79.3353,43.62103],[-79.33623,43.61995],[-79.33567,43.61947],[-79.33306,43.62029],[-79.32952,43.62009],[-79.32758,43.61912],[-79.32713,43.61998],[-79.32873,43.621],[-79.32883,43.62159],[-79.32657,43.62207],[-79.32483,43.62158],[-79.32505,43.61942],[-79.32565,43.61852],[-79.32507,43.61774],[-79.32383,43.61713],[-79.32426,43.61888],[-79.32383,43.6219],[-79.32304,43.62229],[-79.32366,43.62311],[-79.32328,43.62518],[-79.32285,43.62575],[-79.32328,43.62715],[-79.32289,43.62886],[-79.32236,43.62958],[-79.32289,43.6303],[-79.32231,43.63273],[-79.32154,43.63354],[-79.323,43.63437],[-79.32312,43.63525],[-79.32212,43.63896],[-79.32119,43.64125],[-79.32121,43.64231],[-79.32077,43.64434],[-79.31989,43.64627],[-79.32017,43.64886],[-79.31953,43.65116],[-79.31771,43.65471],[-79.31605,43.65617],[-79.31605,43.65725],[-79.31372,43.65757],[-79.31314,43.65807],[-79.31561,43.65959],[-79.3172,43.66078],[-79.31711,43.66145],[-79.31484,43.66197],[-79.31441,43.66092],[-79.3117,43.65834],[-79.31034,43.6584],[-79.30749,43.65769],[-79.30838,43.65601],[-79.31006,43.65613],[-79.31023,43.65542],[-79.30839,43.6549],[-79.30708,43.6565],[-79.30551,43.6564],[-79.30506,43.65701],[-79.30602,43.65839],[-79.30497,43.65986],[-79.30567,43.66038],[-79.30676,43.65989],[-79.30762,43.66034],[-79.30776,43.66129],[-79.30644,43.66302],[-79.30309,43.66476],[-79.30086,43.66547],[-79.29945,43.66567],[-79.29698,43.66531],[-79.29472,43.66599],[-79.29328,43.66724],[-79.28715,43.66937],[-79.27966,43.67117],[-79.27833,43.67218],[-79.27765,43.67209],[-79.27644,43.67391],[-79.27389,43.67686],[-79.27264,43.67852],[-79.27032,43.68055],[-79.2674,43.6838],[-79.26416,43.68637],[-79.2632,43.68792],[-79.26249,43.68804],[-79.25981,43.69088],[-79.25783,43.69335],[-79.25567,43.69502],[-79.25336,43.69618],[-79.25125,43.69697],[-79.24941,43.69808],[-79.24732,43.69872],[-79.24633,43.69969],[-79.24346,43.70157],[-79.24192,43.70226],[-79.2386,43.7046],[-79.23728,43.70504],[-79.23679,43.70416],[-79.23755,43.70358],[-79.23826,43.70219],[-79.23734,43.7022],[-79.23612,43.7012],[-79.23543,43.70167],[-79.2364,43.70241],[-79.23631,43.70376],[-79.23578,43.70449],[-79.23311,43.70587],[-79.23234,43.7049],[-79.23112,43.70533],[-79.22921,43.70468],[-79.22965,43.70587],[-79.23187,43.70673],[-79.23347,43.7076],[-79.23305,43.70931],[-79.23131,43.71057],[-79.23103,43.70878],[-79.22967,43.70915],[-79.22829,43.70997],[-79.22808,43.71176],[-79.22924,43.71161],[-79.22915,43.71055],[-79.22989,43.71036],[-79.23052,43.71153],[-79.22941,43.71258],[-79.22661,43.71239],[-79.2263,43.71126],[-79.2271,43.70888],[-79.22782,43.70807],[-79.22583,43.70811],[-79.22648,43.7089],[-79.2256,43.71068],[-79.22578,43.7117],[-79.22522,43.71227],[-79.22664,43.71296],[-79.22644,43.71409],[-79.2257,43.71548],[-79.22358,43.7185],[-79.22217,43.71977],[-79.21935,43.7218],[-79.21864,43.722],[-79.21651,43.72468],[-79.21486,43.72638],[-79.21337,43.72726],[-79.2129,43.72853],[-79.20983,43.73201],[-79.20748,43.73416],[-79.20548,43.73533],[-79.20475,43.735],[-79.20238,43.73573],[-79.19754,43.73914],[-79.1964,43.74066],[-79.1951,43.74154],[-79.1941,43.7428],[-79.19352,43.7429],[-79.18894,43.74664],[-79.18756,43.74743],[-79.18311,43.74952],[-79.18267,43.75018],[-79.18122,43.75112],[-79.17564,43.75382],[-79.16728,43.75683],[-79.16335,43.75753],[-79.15961,43.75855],[-79.15564,43.75898],[-79.15301,43.75909],[-79.15152,43.76015],[-79.14986,43.76229],[-79.14601,43.76587],[-79.14362,43.76729],[-79.14136,43.76939],[-79.1385,43.77135],[-79.13654,43.77312],[-79.13473,43.77511],[-79.13305,43.77639],[-79.12689,43.78245],[-79.12477,43.78506],[-79.12018,43.79121],[-79.11837,43.79286],[-79.11545,43.79456],[-79.11714,43.79437],[-79.11932,43.7948],[-79.121,43.79474],[-79.12111,43.79533],[-79.12031,43.79615],[-79.12117,43.79702],[-79.12234,43.79743],[-79.12423,43.79743],[-79.12423,43.79901],[-79.12557,43.80022],[-79.12768,43.80029],[-79.13023,43.80161],[-79.13216,43.80163],[-79.13427,43.80087],[-79.13541,43.80108],[-79.13377,43.80272],[-79.13439,43.80443],[-79.13391,43.80621],[-79.1341,43.80686],[-79.13626,43.80807],[-79.13705,43.80771],[-79.13958,43.80844],[-79.14064,43.80845],[-79.14288,43.81008],[-79.1461,43.81007],[-79.14613,43.81084],[-79.14823,43.81232],[-79.14947,43.81248],[-79.15216,43.81469],[-79.1528,43.81672],[-79.1555,43.82258],[-79.16591,43.84591],[-79.17029,43.85546],[-79.18002,43.85317],[-79.19503,43.84949],[-79.2045,43.84725],[-79.22974,43.84165],[-79.25119,43.8366],[-79.30549,43.82407],[-79.32669,43.81909],[-79.33579,43.81702],[-79.3422,43.81542],[-79.35197,43.81322],[-79.37176,43.80865],[-79.42008,43.798],[-79.43895,43.79392],[-79.45303,43.79081],[-79.46319,43.78865],[-79.47009,43.78728],[-79.48731,43.78322],[-79.49451,43.78158],[-79.50434,43.77924],[-79.51701,43.77636],[-79.52057,43.77575],[-79.52345,43.77499],[-79.53488,43.77269],[-79.56478,43.76655],[-79.57487,43.76434],[-79.57754,43.7637],[-79.59607,43.7595],[-79.63172,43.75151],[-79.63525,43.75123],[-79.63737,43.75076],[-79.63926,43.74987],[-79.63761,43.7483],[-79.63566,43.74462],[-79.63149,43.73753],[-79.63035,43.73547],[-79.62926,43.73464],[-79.62897,43.73381],[-79.62779,43.73318],[-79.62695,43.73142],[-79.62594,43.72819],[-79.61915,43.71625],[-79.61322,43.70627],[-79.60725,43.69692],[-79.60439,43.69202],[-79.60277,43.68883],[-79.60132,43.68648],[-79.60015,43.68511],[-79.59995,43.68373],[-79.59475,43.67502],[-79.59455,43.67421],[-79.58996,43.66682],[-79.58878,43.66462],[-79.59568,43.65829],[-79.60873,43.64645],[-79.60781,43.64505],[-79.60716,43.6447],[-79.60561,43.64483],[-79.60501,43.64447],[-79.60334,43.64471],[-79.60199,43.64413],[-79.59922,43.64369],[-79.59838,43.6431],[-79.59542,43.64329],[-79.59331,43.64451],[-79.59245,43.64472],[-79.59038,43.644],[-79.58856,43.64273],[-79.58822,43.64146],[-79.58738,43.64065],[-79.58694,43.63949],[-79.58529,43.63723],[-79.58594,43.63568],[-79.58553,43.63442],[-79.58583,43.63364],[-79.58535,43.6329],[-79.58514,43.63122],[-79.58594,43.62988],[-79.58539,43.62882],[-79.58046,43.62753],[-79.57971,43.62692],[-79.5769,43.62619],[-79.57573,43.62561],[-79.57451,43.62553],[-79.56979,43.62698],[-79.568,43.62703],[-79.56697,43.6282],[-79.56411,43.62799],[-79.56344,43.62631],[-79.5636,43.62489],[-79.56561,43.62404],[-79.5659,43.62252],[-79.56565,43.62148],[-79.56682,43.62087],[-79.56682,43.61886],[-79.56651,43.61795],[-79.56785,43.61678],[-79.56835,43.61437],[-79.56771,43.61378],[-79.56631,43.61339],[-79.56438,43.61324],[-79.56395,43.61253],[-79.56615,43.61107],[-79.56717,43.61066],[-79.56727,43.6096],[-79.56664,43.60868],[-79.5648,43.60838],[-79.56487,43.60722],[-79.56252,43.60667],[-79.56187,43.60604],[-79.55926,43.60475],[-79.55802,43.60349],[-79.55631,43.60257],[-79.55625,43.60141],[-79.55538,43.59942],[-79.55429,43.59912],[-79.55348,43.5979],[-79.55395,43.59633],[-79.55371,43.59576],[-79.55238,43.59532],[-79.54903,43.59513],[-79.54877,43.59362],[-79.54949,43.59226],[-79.54955,43.59062],[-79.54641,43.58893],[-79.54816,43.587],[-79.54465,43.58528],[-79.54388,43.58139],[-79.54341,43.581],[-79.54222,43.58366],[-79.53989,43.58615],[-79.53696,43.58808],[-79.53542,43.58812],[-79.534,43.58779],[-79.53349,43.58811],[-79.53111,43.58857],[-79.53074,43.58789],[-79.52971,43.58791],[-79.52864,43.58902],[-79.52755,43.58957],[-79.52478,43.58975],[-79.52349,43.59003],[-79.51984,43.59021],[-79.5185,43.59069],[-79.51723,43.59056],[-79.51568,43.58945],[-79.51542,43.59013],[-79.51302,43.59085],[-79.51177,43.59052],[-79.51123,43.58867],[-79.51403,43.58713],[-79.51123,43.58738],[-79.51043,43.58809],[-79.51042,43.58902],[-79.50885,43.59054],[-79.51087,43.59104],[-79.51057,43.59376],[-79.50863,43.59374],[-79.50641,43.59412],[-79.50251,43.59443],[-79.50039,43.5954],[-79.50031,43.59625],[-79.49956,43.59753],[-79.49786,43.59851],[-79.49792,43.60021],[-79.49595,43.60195],[-79.49493,43.6022],[-79.49273,43.60206],[-79.48842,43.6068],[-79.48697,43.60933],[-79.48654,43.60969],[-79.4872,43.61257],[-79.48768,43.613],[-79.48652,43.61375],[-79.48541,43.6157],[-79.48496,43.61733],[-79.48316,43.61838],[-79.48136,43.61864],[-79.48056,43.61838],[-79.47887,43.61715],[-79.48055,43.6157],[-79.48013,43.61546],[-79.48042,43.61411],[-79.4827,43.61396],[-79.48338,43.61464],[-79.48418,43.61321],[-79.48292,43.61233],[-79.48244,43.61315],[-79.48058,43.61336],[-79.47996,43.61229],[-79.47874,43.61407],[-79.47751,43.61496],[-79.47573,43.61751],[-79.47727,43.61735],[-79.47834,43.61792],[-79.47651,43.61908],[-79.47713,43.61961],[-79.47898,43.62016],[-79.47994,43.62087],[-79.48163,43.62084],[-79.4806,43.62177],[-79.47754,43.62158],[-79.47722,43.62024],[-79.47435,43.61925],[-79.47482,43.62018],[-79.47324,43.62206],[-79.47253,43.6224],[-79.47047,43.62256],[-79.46923,43.62295],[-79.46991,43.62372],[-79.47067,43.62533],[-79.47198,43.62497],[-79.47156,43.62434],[-79.4724,43.62349],[-79.47452,43.62254],[-79.47573,43.62347],[-79.47765,43.62229],[-79.47846,43.62256],[-79.4778,43.62352],[-79.47681,43.62386],[-79.47612,43.62627],[-79.47534,43.62804],[-79.47356,43.6297],[-79.47257,43.6297],[-79.47226,43.63048],[-79.47099,43.6306],[-79.47081,43.63192],[-79.46932,43.63265],[-79.46813,43.6339],[-79.46599,43.63459],[-79.46403,43.63563],[-79.46256,43.63577],[-79.46029,43.63669],[-79.45869,43.6367],[-79.4577,43.63714],[-79.4552,43.63742],[-79.4524,43.63671],[-79.44976,43.63651],[-79.44886,43.63619],[-79.44769,43.63648],[-79.44615,43.63609],[-79.44291,43.63469],[-79.44083,43.63472],[-79.43929,43.63355],[-79.43932,43.63318],[-79.43365,43.63086],[-79.43043,43.63015],[-79.42716,43.62968],[-79.42436,43.62977]],[[-79.47073,43.64704],[-79.4698,43.64724],[-79.46839,43.64409],[-79.46733,43.64259],[-79.46453,43.64138],[-79.46301,43.64137],[-79.46242,43.63931],[-79.46425,43.63875],[-79.46667,43.63834],[-79.46651,43.63943],[-79.46765,43.64048],[-79.46915,43.6429],[-79.46952,43.64442],[-79.47073,43.64704]]],[[[-79.34969,43.62894],[-79.34939,43.63102],[-79.35302,43.63407],[-79.35525,43.63325],[-79.35655,43.6333],[-79.35709,43.63243],[-79.35718,43.63044],[-79.35649,43.62974],[-79.35654,43.62851],[-79.35842,43.62636],[-79.35999,43.62515],[-79.3641,43.62279],[-79.36439,43.62216],[-79.36581,43.62147],[-79.37063,43.62064],[-79.37001,43.61918],[-79.37145,43.61858],[-79.37361,43.61906],[-79.37477,43.61849],[-79.37663,43.61851],[-79.3777,43.61677],[-79.37921,43.617],[-79.38075,43.61893],[-79.38167,43.61955],[-79.38321,43.61988],[-79.38428,43.6182],[-79.3865,43.61961],[-79.38633,43.62031],[-79.38863,43.62097],[-79.3894,43.6208],[-79.38929,43.61852],[-79.38891,43.61736],[-79.38825,43.61693],[-79.38456,43.61627],[-79.38491,43.61485],[-79.38377,43.61451],[-79.38357,43.61372],[-79.38621,43.61414],[-79.38727,43.61585],[-79.38951,43.61655],[-79.39032,43.61817],[-79.39014,43.61906],[-79.39022,43.62192],[-79.38983,43.62374],[-79.38893,43.62444],[-79.38959,43.62594],[-79.38891,43.62746],[-79.38965,43.62972],[-79.38743,43.63051],[-79.38807,43.63192],[-79.38977,43.63183],[-79.39172,43.63129],[-79.39313,43.63189],[-79.39489,43.63364],[-79.4028,43.62934],[-79.4049,43.62784],[-79.40427,43.6264],[-79.40273,43.62677],[-79.40152,43.62614],[-79.39821,43.62369],[-79.39539,43.62145],[-79.39387,43.62006],[-79.39274,43.61867],[-79.39185,43.61646],[-79.39214,43.61437],[-79.39144,43.61323],[-79.38915,43.61183],[-79.38761,43.61202],[-79.38402,43.61188],[-79.37723,43.61437],[-79.37598,43.6144],[-79.37253,43.61634],[-79.37161,43.61647],[-79.37069,43.61744],[-79.36645,43.61934],[-79.35782,43.62545],[-79.35607,43.62715],[-79.35455,43.62958],[-79.35231,43.62984],[-79.35015,43.62972],[-79.34969,43.62894]],[[-79.38962,43.61485],[-79.38723,43.61506],[-79.38652,43.61415],[-79.38748,43.61338],[-79.38929,43.61425],[-79.38962,43.61485]]],[[[-79.35978,43.62584],[-79.35912,43.62626],[-79.35744,43.62824],[-79.35724,43.62946],[-79.35836,43.6304],[-79.35903,43.63003],[-79.36227,43.62704],[-79.36308,43.62583],[-79.36189,43.62471],[-79.35978,43.62584]]],[[[-79.36288,43.62438],[-79.36446,43.62506],[-79.36565,43.62446],[-79.36524,43.62376],[-79.36396,43.62312],[-79.363,43.62356],[-79.36288,43.62438]]],[[[-79.36586,43.62163],[-79.36476,43.62225],[-79.36556,43.6228],[-79.36695,43.62275],[-79.36586,43.62163]]],[[[-79.37118,43.62158],[-79.36853,43.62155],[-79.36668,43.62176],[-79.36709,43.62252],[-79.37082,43.62272],[-79.37118,43.62158]]],[[[-79.36823,43.62304],[-79.3682,43.62398],[-79.3705,43.62441],[-79.37104,43.62337],[-79.36913,43.62335],[-79.36823,43.62304]]],[[[-79.38136,43.62439],[-79.38135,43.62552],[-79.38293,43.62569],[-79.38403,43.625],[-79.38327,43.62353],[-79.38209,43.62365],[-79.38101,43.62276],[-79.38114,43.62127],[-79.38033,43.62036],[-79.37476,43.61928],[-79.37468,43.61991],[-79.37147,43.61914],[-79.37045,43.61955],[-79.3718,43.62101],[-79.37422,43.62104],[-79.37674,43.62148],[-79.37881,43.62291],[-79.37819,43.62326],[-79.37944,43.6241],[-79.38055,43.62421],[-79.38326,43.62373],[-79.38336,43.62451],[-79.38246,43.62539],[-79.38136,43.62439]]],[[[-79.37211,43.62308],[-79.3729,43.62366],[-79.37512,43.62361],[-79.37732,43.6231],[-79.37733,43.62224],[-79.37592,43.62163],[-79.37364,43.62141],[-79.37218,43.62158],[-79.37211,43.62308]]],[[[-79.3792,43.61889],[-79.37971,43.61853],[-79.37859,43.61725],[-79.37787,43.61769],[-79.37778,43.61856],[-79.3792,43.61889]]],[[[-79.38776,43.62499],[-79.38639,43.62151],[-79.38329,43.62086],[-79.38307,43.62114],[-79.38467,43.62477],[-79.38461,43.62587],[-79.38628,43.62733],[-79.38741,43.6266],[-79.38776,43.62499]]],[[[-79.41528,43.6282],[-79.41401,43.62916],[-79.4147,43.62961],[-79.416,43.62936],[-79.41655,43.62864],[-79.41528,43.6282]]]]},"properties":{"kind":"city","name":"City of Toronto"}},{"type":"Feature","geometry":{"type":"Polygon","coordinates":[[[-79.72431,43.37171],[-79.72276,43.37296],[-79.72084,43.37297],[-79.71869,43.37503],[-79.71809,43.37522],[-79.71689,43.37712],[-79.7163,43.37906],[-79.71339,43.38381],[-79.7131,43.38563],[-79.71253,43.3863],[-79.71238,43.38771],[-79.71166,43.38892],[-79.7101,43.39054],[-79.71016,43.3918],[-79.71082,43.39246],[-79.71078,43.39364],[-79.70666,43.39326],[-79.70632,43.39378],[-79.70356,43.39625],[-79.70174,43.39513],[-79.7017,43.39608],[-79.70315,43.39768],[-79.70279,43.39834],[-79.69975,43.40044],[-79.69678,43.40122],[-79.69497,43.40244],[-79.6923,43.4034],[-79.69103,43.40525],[-79.69128,43.40687],[-79.69119,43.4101],[-79.69068,43.41348],[-79.69008,43.41464],[-79.68917,43.41534],[-79.68772,43.41545],[-79.68631,43.41626],[-79.68482,43.41873],[-79.68444,43.42041],[-79.68434,43.4233],[-79.68338,43.42484],[-79.68173,43.42611],[-79.67931,43.42727],[-79.67909,43.42981],[-79.678,43.43142],[-79.6754,43.4332],[-79.67405,43.43458],[-79.67335,43.43478],[-79.67177,43.43628],[-79.66972,43.43784],[-79.66933,43.43857],[-79.66616,43.4396],[-79.66485,43.44362],[-79.6592,43.44921],[-79.65788,43.44972],[-79.65626,43.4508],[-79.65411,43.45269],[-79.65377,43.45435],[-79.65181,43.45564],[-79.65049,43.45713],[-79.64936,43.45894],[-79.64816,43.45989],[-79.64601,43.46036],[-79.64442,43.46173],[-79.64429,43.4635],[-79.64386,43.46505],[-79.64227,43.46776],[-79.64123,43.4688],[-79.63743,43.47163],[-79.63447,43.4727],[-79.6331,43.47416],[-79.63211,43.47442],[-79.62955,43.47574],[-79.62615,43.47888],[-79.62507,43.48137],[-79.6279,43.48351],[-79.63534,43.48889],[-79.65456,43.50301],[-79.66536,43.51081],[-79.6737,43.51701],[-79.68166,43.52276],[-79.69735,43.50824],[-79.71474,43.52108],[-79.71916,43.52447],[-79.72483,43.52844],[-79.72646,43.52691],[-79.7322,43.52198],[-79.73817,43.51701],[-79.74592,43.51046],[-79.75079,43.50623],[-79.75429,43.50336],[-79.75596,43.50174],[-79.75721,43.50018],[-79.77348,43.48497],[-79.77756,43.48554],[-79.7864,43.48659],[-79.79254,43.48098],[-79.79702,43.47698],[-79.79759,43.47505],[-79.79848,43.47409],[-79.79999,43.47417],[-79.80203,43.47222],[-79.80814,43.46676],[-79.80765,43.46583],[-79.80304,43.45589],[-79.80157,43.45402],[-79.79522,43.44924],[-79.81095,43.43476],[-79.79375,43.42225],[-79.77316,43.40738],[-79.77123,43.40594],[-79.74877,43.38966],[-79.74218,43.38484],[-79.72479,43.37199],[-79.72431,43.37171]]]},"properties":{"kind":"neighbour","name":"Oakville","region":"Halton","lp":[-79.73431,43.4468],"drive":36}},{"type":"Feature","geometry":{"type":"Polygon","coordinates":[[[-79.72431,43.37171],[-79.72479,43.37199],[-79.74218,43.38484],[-79.74877,43.38966],[-79.77123,43.40594],[-79.77316,43.40738],[-79.79375,43.42225],[-79.81095,43.43476],[-79.81555,43.43052],[-79.81989,43.42639],[-79.82915,43.4326],[-79.8378,43.43887],[-79.83977,43.43982],[-79.84075,43.44089],[-79.84246,43.44041],[-79.84879,43.44467],[-79.86976,43.45909],[-79.88269,43.46809],[-79.89474,43.47655],[-79.89919,43.47236],[-79.9007,43.47127],[-79.90533,43.46723],[-79.90749,43.46499],[-79.91195,43.46072],[-79.91579,43.45743],[-79.91911,43.45422],[-79.92068,43.45239],[-79.92625,43.4475],[-79.93039,43.4435],[-79.93642,43.43821],[-79.94269,43.4326],[-79.9437,43.43107],[-79.94479,43.43008],[-79.94636,43.42787],[-79.94783,43.42726],[-79.95222,43.42328],[-79.95439,43.42154],[-79.95927,43.41725],[-79.95013,43.41082],[-79.91026,43.38291],[-79.9048,43.37888],[-79.8834,43.36382],[-79.87843,43.36021],[-79.86063,43.34745],[-79.85969,43.34641],[-79.8596,43.34521],[-79.8607,43.34338],[-79.86124,43.3414],[-79.86298,43.34024],[-79.86398,43.33902],[-79.86546,43.33798],[-79.86594,43.33677],[-79.8674,43.33566],[-79.86976,43.33439],[-79.8736,43.33062],[-79.87511,43.32963],[-79.87772,43.32858],[-79.88032,43.32809],[-79.88348,43.32982],[-79.88524,43.32858],[-79.90157,43.31651],[-79.90903,43.31109],[-79.91249,43.30842],[-79.90149,43.30076],[-79.89648,43.29704],[-79.89105,43.29314],[-79.88744,43.29024],[-79.88731,43.28951],[-79.88599,43.28899],[-79.88597,43.28787],[-79.88359,43.28827],[-79.88127,43.28795],[-79.87816,43.28791],[-79.87611,43.28828],[-79.87393,43.28686],[-79.87201,43.28743],[-79.87073,43.28727],[-79.86839,43.28629],[-79.8679,43.28732],[-79.86662,43.2878],[-79.8653,43.28885],[-79.8647,43.28979],[-79.86263,43.29129],[-79.85859,43.29369],[-79.85785,43.29442],[-79.85422,43.29688],[-79.84637,43.30054],[-79.84547,43.29974],[-79.84438,43.30032],[-79.84529,43.30092],[-79.84377,43.30236],[-79.83979,43.30342],[-79.83858,43.30452],[-79.83659,43.30549],[-79.83335,43.30641],[-79.8317,43.30726],[-79.8289,43.307],[-79.82831,43.3082],[-79.82716,43.3079],[-79.82474,43.30939],[-79.82249,43.31007],[-79.82011,43.31112],[-79.81811,43.31142],[-79.81655,43.31221],[-79.81228,43.31337],[-79.80835,43.31279],[-79.80655,43.31216],[-79.80469,43.31071],[-79.80415,43.30849],[-79.80364,43.3081],[-79.80224,43.30602],[-79.80227,43.30514],[-79.80097,43.30346],[-79.80088,43.30196],[-79.80358,43.30083],[-79.80357,43.29966],[-79.80162,43.29694],[-79.79847,43.29848],[-79.79822,43.29823],[-79.79335,43.3006],[-79.79482,43.30068],[-79.79583,43.30115],[-79.79689,43.30248],[-79.79839,43.30584],[-79.79982,43.31003],[-79.80065,43.31333],[-79.80077,43.31721],[-79.79969,43.31991],[-79.79579,43.32362],[-79.79481,43.32312],[-79.79344,43.32409],[-79.7926,43.32514],[-79.79026,43.32649],[-79.78833,43.32737],[-79.78577,43.32815],[-79.78459,43.32898],[-79.78152,43.33052],[-79.77926,43.33141],[-79.77665,43.33271],[-79.77628,43.33322],[-79.77412,43.33389],[-79.77137,43.33545],[-79.77046,43.33698],[-79.76858,43.33874],[-79.76689,43.33882],[-79.76438,43.34043],[-79.76397,43.34179],[-79.76309,43.34331],[-79.76211,43.34392],[-79.76173,43.34489],[-79.76088,43.34493],[-79.75829,43.34711],[-79.75563,43.35002],[-79.75392,43.35169],[-79.75084,43.35252],[-79.75003,43.35333],[-79.74853,43.35374],[-79.74719,43.35597],[-79.74457,43.35776],[-79.74266,43.35853],[-79.74221,43.35957],[-79.7385,43.36208],[-79.73634,43.36321],[-79.73366,43.36534],[-79.73258,43.36568],[-79.73086,43.36669],[-79.72958,43.36669],[-79.72746,43.36754],[-79.72667,43.36928],[-79.72554,43.37071],[-79.72431,43.37171]]]},"properties":{"kind":"neighbour","name":"Burlington","region":"Halton","lp":[-79.81437,43.37281],"drive":47}},{"type":"Feature","geometry":{"type":"Polygon","coordinates":[[[-80.08539,43.62883],[-80.13488,43.58549],[-80.12909,43.58168],[-80.14484,43.56751],[-80.15069,43.57175],[-80.16233,43.56158],[-80.03518,43.47135],[-80.01414,43.45648],[-80.01052,43.45375],[-80.00551,43.45029],[-79.99371,43.44178],[-79.98956,43.43874],[-79.98223,43.43356],[-79.96923,43.4242],[-79.95927,43.41725],[-79.95439,43.42154],[-79.95222,43.42328],[-79.94783,43.42726],[-79.94636,43.42787],[-79.94479,43.43008],[-79.9437,43.43107],[-79.94269,43.4326],[-79.93642,43.43821],[-79.93039,43.4435],[-79.92625,43.4475],[-79.92068,43.45239],[-79.91911,43.45422],[-79.91579,43.45743],[-79.91195,43.46072],[-79.90749,43.46499],[-79.90533,43.46723],[-79.9007,43.47127],[-79.89919,43.47236],[-79.89474,43.47655],[-79.88269,43.46809],[-79.86976,43.45909],[-79.84879,43.44467],[-79.84246,43.44041],[-79.84075,43.44089],[-79.83977,43.43982],[-79.8378,43.43887],[-79.82915,43.4326],[-79.81989,43.42639],[-79.81555,43.43052],[-79.81095,43.43476],[-79.79522,43.44924],[-79.80157,43.45402],[-79.80304,43.45589],[-79.80765,43.46583],[-79.80814,43.46676],[-79.80203,43.47222],[-79.79999,43.47417],[-79.79848,43.47409],[-79.79759,43.47505],[-79.79702,43.47698],[-79.79254,43.48098],[-79.7864,43.48659],[-79.77756,43.48554],[-79.77348,43.48497],[-79.75721,43.50018],[-79.75596,43.50174],[-79.75429,43.50336],[-79.75079,43.50623],[-79.74592,43.51046],[-79.73817,43.51701],[-79.7322,43.52198],[-79.72646,43.52691],[-79.72483,43.52844],[-79.72755,43.53039],[-79.72915,43.53071],[-79.73535,43.53318],[-79.74217,43.53677],[-79.74527,43.53864],[-79.75572,43.54617],[-79.7626,43.55211],[-79.77003,43.55673],[-79.7781,43.56255],[-79.7844,43.56722],[-79.7883,43.57035],[-79.79622,43.57586],[-79.8067,43.58352],[-79.80849,43.58494],[-79.81,43.58707],[-79.81032,43.58824],[-79.82925,43.57128],[-79.8391,43.56242],[-79.84698,43.5554],[-79.85096,43.55177],[-79.85959,43.54408],[-79.86262,43.54208],[-79.86694,43.54561],[-79.86842,43.54433],[-79.89498,43.56424],[-79.8953,43.56377],[-79.90121,43.55836],[-79.91076,43.54987],[-79.9153,43.54567],[-79.91703,43.54467],[-79.92522,43.53729],[-79.92799,43.53431],[-79.93715,43.52609],[-79.9391,43.52465],[-79.94759,43.53065],[-79.97057,43.54736],[-79.98405,43.55686],[-79.98729,43.55781],[-79.98822,43.55895],[-79.98943,43.55944],[-79.99099,43.56123],[-79.99139,43.56214],[-79.9951,43.56472],[-79.99852,43.56729],[-80.00061,43.5687],[-80.01984,43.58252],[-80.02412,43.58567],[-80.03133,43.5907],[-80.04233,43.59869],[-80.04712,43.60202],[-80.05833,43.60994],[-80.05992,43.61066],[-80.07302,43.62021],[-80.08539,43.62883]]]},"properties":{"kind":"neighbour","name":"Milton","region":"Halton","lp":[-80.07154,43.55829],"drive":51}},{"type":"Feature","geometry":{"type":"Polygon","coordinates":[[[-79.88885,43.67487],[-79.90791,43.68898],[-79.93549,43.70948],[-79.95983,43.72768],[-79.96904,43.73443],[-80.08473,43.6294],[-80.08539,43.62883],[-80.07302,43.62021],[-80.05992,43.61066],[-80.05833,43.60994],[-80.04712,43.60202],[-80.04233,43.59869],[-80.03133,43.5907],[-80.02412,43.58567],[-80.01984,43.58252],[-80.00061,43.5687],[-79.99852,43.56729],[-79.9951,43.56472],[-79.99139,43.56214],[-79.99099,43.56123],[-79.98943,43.55944],[-79.98822,43.55895],[-79.98729,43.55781],[-79.98405,43.55686],[-79.97057,43.54736],[-79.94759,43.53065],[-79.9391,43.52465],[-79.93715,43.52609],[-79.92799,43.53431],[-79.92522,43.53729],[-79.91703,43.54467],[-79.9153,43.54567],[-79.91076,43.54987],[-79.90121,43.55836],[-79.8953,43.56377],[-79.89498,43.56424],[-79.86842,43.54433],[-79.86694,43.54561],[-79.86262,43.54208],[-79.85959,43.54408],[-79.85096,43.55177],[-79.84698,43.5554],[-79.8391,43.56242],[-79.82925,43.57128],[-79.81032,43.58824],[-79.80273,43.59496],[-79.79944,43.59722],[-79.79627,43.59869],[-79.79288,43.59966],[-79.78793,43.60034],[-79.78992,43.6018],[-79.8084,43.61543],[-79.83141,43.63233],[-79.85982,43.65339],[-79.88885,43.67487]]]},"properties":{"kind":"neighbour","name":"Halton Hills","region":"Halton","lp":[-79.96404,43.63601],"drive":51}},{"type":"Feature","geometry":{"type":"Polygon","coordinates":[[[-79.62507,43.48137],[-79.62256,43.4837],[-79.62084,43.4846],[-79.61865,43.48669],[-79.61736,43.48749],[-79.61553,43.48792],[-79.61273,43.48596],[-79.6123,43.48618],[-79.6153,43.4885],[-79.61536,43.4902],[-79.61452,43.49227],[-79.61286,43.49392],[-79.60971,43.49519],[-79.60847,43.49547],[-79.6064,43.49653],[-79.60515,43.49817],[-79.60435,43.49968],[-79.60299,43.50541],[-79.60232,43.50649],[-79.60197,43.50846],[-79.60117,43.50989],[-79.60155,43.51101],[-79.60205,43.51425],[-79.60212,43.51777],[-79.60238,43.5202],[-79.60229,43.52372],[-79.60162,43.52767],[-79.60086,43.52991],[-79.59974,43.53181],[-79.59924,43.53419],[-79.59794,43.53654],[-79.5969,43.53723],[-79.59571,43.53871],[-79.59307,43.53983],[-79.5913,43.53928],[-79.59006,43.53949],[-79.5894,43.54051],[-79.58829,43.5407],[-79.58773,43.5415],[-79.58522,43.54294],[-79.58463,43.54412],[-79.58365,43.54422],[-79.58331,43.54495],[-79.58142,43.5473],[-79.58363,43.54772],[-79.58349,43.54907],[-79.58672,43.5505],[-79.58922,43.5511],[-79.59118,43.55121],[-79.59488,43.55178],[-79.59748,43.55244],[-79.59886,43.55385],[-79.59767,43.55399],[-79.59565,43.55342],[-79.59266,43.55315],[-79.59185,43.55172],[-79.58952,43.55163],[-79.58576,43.55073],[-79.58429,43.55077],[-79.58389,43.54987],[-79.57997,43.54925],[-79.57931,43.5499],[-79.58242,43.55169],[-79.58101,43.55267],[-79.57956,43.55407],[-79.57874,43.55395],[-79.57772,43.55461],[-79.57673,43.55469],[-79.5757,43.55552],[-79.57357,43.55648],[-79.57179,43.55704],[-79.57037,43.55815],[-79.56836,43.56017],[-79.5671,43.56211],[-79.56668,43.56318],[-79.56585,43.56377],[-79.56445,43.56411],[-79.56303,43.5632],[-79.56217,43.56181],[-79.56051,43.56291],[-79.56214,43.56354],[-79.56347,43.56458],[-79.56347,43.56546],[-79.56216,43.56631],[-79.56122,43.56745],[-79.56057,43.56661],[-79.56195,43.56516],[-79.55999,43.56372],[-79.55929,43.56263],[-79.55772,43.56241],[-79.55718,43.56321],[-79.55801,43.56374],[-79.55724,43.56481],[-79.55804,43.56654],[-79.55716,43.56735],[-79.55891,43.56809],[-79.55846,43.56878],[-79.55631,43.56786],[-79.55527,43.57035],[-79.55463,43.56929],[-79.55305,43.56816],[-79.55096,43.56962],[-79.55024,43.57066],[-79.5484,43.57196],[-79.54638,43.57191],[-79.54456,43.57061],[-79.54386,43.57121],[-79.54535,43.57219],[-79.54518,43.57342],[-79.54356,43.57437],[-79.54248,43.57451],[-79.54208,43.57526],[-79.5428,43.57625],[-79.54239,43.57713],[-79.54329,43.57786],[-79.54277,43.57957],[-79.54481,43.58183],[-79.54467,43.58385],[-79.54492,43.58508],[-79.54829,43.58673],[-79.54838,43.5872],[-79.54688,43.58886],[-79.54985,43.5906],[-79.54975,43.5924],[-79.54905,43.59373],[-79.54946,43.59491],[-79.55238,43.59502],[-79.55385,43.5955],[-79.55424,43.59642],[-79.55379,43.5979],[-79.55441,43.59884],[-79.55546,43.59913],[-79.55612,43.59993],[-79.55656,43.60239],[-79.55815,43.60322],[-79.55944,43.60451],[-79.56198,43.60576],[-79.56265,43.60639],[-79.56477,43.60682],[-79.56513,43.60707],[-79.56496,43.60812],[-79.56682,43.60844],[-79.56748,43.60923],[-79.56742,43.61082],[-79.5644,43.61249],[-79.56452,43.61297],[-79.5663,43.61309],[-79.568,43.61361],[-79.56865,43.61433],[-79.56815,43.61676],[-79.56682,43.61793],[-79.5671,43.61876],[-79.56706,43.62105],[-79.56596,43.62162],[-79.56619,43.62258],[-79.5659,43.62409],[-79.56516,43.62487],[-79.56388,43.62502],[-79.56375,43.62631],[-79.56423,43.62771],[-79.56718,43.62782],[-79.56749,43.6271],[-79.56876,43.62645],[-79.57016,43.62666],[-79.57236,43.62587],[-79.57514,43.62515],[-79.57701,43.62591],[-79.57978,43.62663],[-79.58062,43.62727],[-79.58269,43.6277],[-79.58547,43.62853],[-79.58628,43.62931],[-79.58543,43.63132],[-79.58562,43.63275],[-79.58609,43.63378],[-79.58582,43.6343],[-79.58634,43.63542],[-79.58562,43.63682],[-79.58586,43.63762],[-79.58703,43.63903],[-79.58763,43.64048],[-79.58843,43.64124],[-79.58876,43.6425],[-79.59052,43.64373],[-79.5919,43.64431],[-79.59319,43.64424],[-79.59527,43.64303],[-79.59674,43.64274],[-79.59839,43.6428],[-79.59933,43.64341],[-79.60204,43.64383],[-79.6033,43.64441],[-79.60475,43.64413],[-79.60569,43.64453],[-79.60717,43.6444],[-79.60808,43.64492],[-79.60893,43.64667],[-79.59588,43.65851],[-79.58915,43.66468],[-79.59021,43.66666],[-79.5948,43.67405],[-79.59505,43.67494],[-79.60021,43.68358],[-79.60029,43.68397],[-79.60248,43.68766],[-79.60956,43.69999],[-79.61347,43.70611],[-79.61941,43.7161],[-79.6262,43.72804],[-79.62673,43.72934],[-79.63001,43.73483],[-79.63056,43.73526],[-79.6322,43.73486],[-79.63411,43.73315],[-79.63935,43.73706],[-79.64999,43.72753],[-79.65595,43.72199],[-79.66112,43.71753],[-79.66283,43.71627],[-79.66536,43.7139],[-79.67313,43.70686],[-79.67257,43.70093],[-79.67709,43.69519],[-79.67937,43.69061],[-79.69068,43.66869],[-79.69767,43.66246],[-79.70757,43.65371],[-79.71027,43.65224],[-79.71342,43.65076],[-79.73002,43.6415],[-79.73305,43.63975],[-79.7419,43.63194],[-79.76103,43.61455],[-79.77807,43.60945],[-79.78992,43.6018],[-79.78793,43.60034],[-79.79288,43.59966],[-79.79627,43.59869],[-79.79944,43.59722],[-79.80273,43.59496],[-79.81032,43.58824],[-79.81,43.58707],[-79.80849,43.58494],[-79.8067,43.58352],[-79.79622,43.57586],[-79.7883,43.57035],[-79.7844,43.56722],[-79.7781,43.56255],[-79.77003,43.55673],[-79.7626,43.55211],[-79.75572,43.54617],[-79.74527,43.53864],[-79.74217,43.53677],[-79.73535,43.53318],[-79.72915,43.53071],[-79.72755,43.53039],[-79.72483,43.52844],[-79.71916,43.52447],[-79.71474,43.52108],[-79.69735,43.50824],[-79.68166,43.52276],[-79.6737,43.51701],[-79.66536,43.51081],[-79.65456,43.50301],[-79.63534,43.48889],[-79.6279,43.48351],[-79.62507,43.48137]]]},"properties":{"kind":"neighbour","name":"Mississauga","region":"Peel","lp":[-79.66258,43.59461],"drive":29}},{"type":"Feature","geometry":{"type":"Polygon","coordinates":[[[-79.63949,43.75006],[-79.64108,43.7521],[-79.64326,43.75802],[-79.64445,43.76031],[-79.64786,43.76588],[-79.65502,43.77848],[-79.6586,43.78492],[-79.66913,43.80295],[-79.67172,43.80759],[-79.67497,43.8132],[-79.67966,43.8209],[-79.6889,43.83694],[-79.69542,43.8481],[-79.70573,43.83891],[-79.71011,43.83494],[-79.72223,43.82417],[-79.74812,43.80119],[-79.7585,43.79211],[-79.76023,43.7912],[-79.77187,43.78239],[-79.77563,43.77899],[-79.77809,43.77561],[-79.78506,43.76926],[-79.79627,43.75897],[-79.79833,43.75703],[-79.80278,43.75323],[-79.8044,43.75169],[-79.80839,43.74915],[-79.81757,43.74075],[-79.81973,43.73864],[-79.82507,43.74265],[-79.8357,43.73293],[-79.83573,43.73263],[-79.83265,43.73089],[-79.83005,43.72898],[-79.83281,43.72622],[-79.83801,43.72154],[-79.84373,43.71624],[-79.85341,43.70763],[-79.86142,43.70036],[-79.86349,43.69805],[-79.87008,43.6921],[-79.87362,43.6879],[-79.88114,43.68109],[-79.88522,43.67824],[-79.88885,43.67487],[-79.85982,43.65339],[-79.83141,43.63233],[-79.8084,43.61543],[-79.78992,43.6018],[-79.77807,43.60945],[-79.76103,43.61455],[-79.7419,43.63194],[-79.73305,43.63975],[-79.73002,43.6415],[-79.71342,43.65076],[-79.71027,43.65224],[-79.70757,43.65371],[-79.69767,43.66246],[-79.69068,43.66869],[-79.67937,43.69061],[-79.67709,43.69519],[-79.67257,43.70093],[-79.67313,43.70686],[-79.66536,43.7139],[-79.66283,43.71627],[-79.66112,43.71753],[-79.65595,43.72199],[-79.64999,43.72753],[-79.63935,43.73706],[-79.63411,43.73315],[-79.6322,43.73486],[-79.63056,43.73526],[-79.63592,43.74447],[-79.63785,43.74811],[-79.63947,43.74965],[-79.63949,43.75006]]]},"properties":{"kind":"neighbour","name":"Brampton","region":"Peel","lp":[-79.74621,43.71145],"drive":38}},{"type":"Feature","geometry":{"type":"Polygon","coordinates":[[[-79.7755,43.98976],[-79.79045,43.98653],[-79.79655,43.98517],[-79.80105,43.9845],[-79.80914,43.98225],[-79.81943,43.98019],[-79.82493,43.97887],[-79.85424,43.97253],[-79.86581,43.96996],[-79.87049,43.969],[-79.88652,43.96548],[-79.90295,43.96195],[-79.91936,43.95838],[-79.9436,43.95306],[-79.95625,43.95033],[-79.9588,43.95007],[-79.96114,43.9493],[-79.98355,43.94457],[-79.99916,43.94088],[-80.02998,43.9343],[-80.05313,43.92897],[-80.06902,43.92546],[-80.07055,43.92503],[-80.07124,43.92442],[-80.06581,43.9204],[-80.07114,43.91566],[-80.07706,43.91987],[-80.07781,43.91983],[-80.08054,43.9209],[-80.08224,43.92182],[-80.08654,43.91766],[-80.08293,43.91504],[-80.08833,43.91003],[-80.08817,43.90992],[-80.09345,43.90505],[-80.09721,43.9078],[-80.11321,43.89308],[-80.12497,43.88236],[-80.1286,43.87896],[-80.13654,43.87167],[-80.14385,43.86511],[-80.14403,43.86459],[-80.13374,43.85695],[-80.11426,43.84263],[-80.11008,43.8395],[-80.08411,43.82036],[-80.07409,43.8129],[-80.06927,43.8094],[-80.05927,43.80204],[-80.04882,43.79423],[-80.04334,43.79008],[-80.02233,43.77438],[-80.01363,43.76791],[-80.00375,43.76048],[-79.99571,43.75439],[-79.96904,43.73443],[-79.95983,43.72768],[-79.93549,43.70948],[-79.90791,43.68898],[-79.88885,43.67487],[-79.88522,43.67824],[-79.88114,43.68109],[-79.87362,43.6879],[-79.87008,43.6921],[-79.86349,43.69805],[-79.86142,43.70036],[-79.85341,43.70763],[-79.84373,43.71624],[-79.83801,43.72154],[-79.83281,43.72622],[-79.83005,43.72898],[-79.83265,43.73089],[-79.83573,43.73263],[-79.8357,43.73293],[-79.82507,43.74265],[-79.81973,43.73864],[-79.81757,43.74075],[-79.80839,43.74915],[-79.8044,43.75169],[-79.80278,43.75323],[-79.79833,43.75703],[-79.79627,43.75897],[-79.78506,43.76926],[-79.77809,43.77561],[-79.77563,43.77899],[-79.77187,43.78239],[-79.76023,43.7912],[-79.7585,43.79211],[-79.74812,43.80119],[-79.72223,43.82417],[-79.71011,43.83494],[-79.70573,43.83891],[-79.69542,43.8481],[-79.69579,43.84869],[-79.69482,43.84964],[-79.69522,43.85025],[-79.6976,43.85181],[-79.70461,43.86368],[-79.70885,43.87108],[-79.71069,43.8744],[-79.71174,43.87616],[-79.71864,43.88862],[-79.72768,43.90509],[-79.72872,43.90667],[-79.73654,43.92082],[-79.7415,43.92966],[-79.74589,43.93777],[-79.76567,43.97252],[-79.76984,43.97995],[-79.77154,43.98278],[-79.7755,43.98976]]]},"properties":{"kind":"neighbour","name":"Caledon","region":"Peel","lp":[-79.90236,43.83714],"drive":56}},{"type":"Feature","geometry":{"type":"Polygon","coordinates":[[[-79.42873,43.83456],[-79.43172,43.83308],[-79.43546,43.83192],[-79.44838,43.82874],[-79.4539,43.82754],[-79.4546,43.83132],[-79.45627,43.83714],[-79.46187,43.86167],[-79.46282,43.86637],[-79.46451,43.87322],[-79.46533,43.87565],[-79.46754,43.88461],[-79.46912,43.89201],[-79.47115,43.89983],[-79.47532,43.917],[-79.47776,43.92435],[-79.50055,43.91944],[-79.53149,43.91273],[-79.55453,43.90782],[-79.56878,43.90469],[-79.58736,43.90071],[-79.61028,43.89588],[-79.63728,43.8901],[-79.64787,43.88794],[-79.668,43.88351],[-79.69465,43.87771],[-79.7056,43.87555],[-79.71069,43.8744],[-79.70885,43.87108],[-79.70461,43.86368],[-79.6976,43.85181],[-79.69522,43.85025],[-79.69482,43.84964],[-79.69579,43.84869],[-79.69542,43.8481],[-79.6889,43.83694],[-79.67966,43.8209],[-79.67497,43.8132],[-79.67172,43.80759],[-79.66913,43.80295],[-79.6586,43.78492],[-79.65502,43.77848],[-79.64786,43.76588],[-79.64445,43.76031],[-79.64326,43.75802],[-79.64108,43.7521],[-79.63949,43.75006],[-79.6375,43.75103],[-79.63526,43.75153],[-79.63177,43.75181],[-79.59614,43.75979],[-79.57761,43.76399],[-79.57493,43.76463],[-79.56484,43.76684],[-79.52352,43.77528],[-79.52065,43.77604],[-79.51707,43.77665],[-79.50441,43.77953],[-79.48738,43.78351],[-79.47016,43.78757],[-79.46325,43.78894],[-79.45309,43.7911],[-79.43091,43.79597],[-79.42011,43.7983],[-79.42173,43.80438],[-79.42333,43.81101],[-79.42407,43.81467],[-79.42648,43.82505],[-79.42743,43.82869],[-79.42873,43.83456]]]},"properties":{"kind":"neighbour","name":"Vaughan","region":"York","lp":[-79.5295,43.84359],"drive":38}},{"type":"Feature","geometry":{"type":"Polygon","coordinates":[[[-79.38956,43.92316],[-79.38723,43.91369],[-79.38104,43.88823],[-79.37768,43.87462],[-79.3741,43.85987],[-79.37086,43.847],[-79.37781,43.84545],[-79.39854,43.84067],[-79.40179,43.84008],[-79.40657,43.84008],[-79.40643,43.83952],[-79.41454,43.83779],[-79.42873,43.83456],[-79.42743,43.82869],[-79.42648,43.82505],[-79.42407,43.81467],[-79.42333,43.81101],[-79.42173,43.80438],[-79.42011,43.7983],[-79.38196,43.80669],[-79.37183,43.80894],[-79.34805,43.81441],[-79.34227,43.81571],[-79.33586,43.81731],[-79.32676,43.81938],[-79.30556,43.82436],[-79.25126,43.83689],[-79.2298,43.84194],[-79.20457,43.84754],[-79.1951,43.84978],[-79.18009,43.85346],[-79.17037,43.85575],[-79.1778,43.87292],[-79.1835,43.88595],[-79.18619,43.89149],[-79.18967,43.89916],[-79.19834,43.91773],[-79.2066,43.93642],[-79.21423,43.95289],[-79.21617,43.95892],[-79.21741,43.96251],[-79.22864,43.95987],[-79.22873,43.96023],[-79.25351,43.95474],[-79.25368,43.95545],[-79.27815,43.94963],[-79.27813,43.94948],[-79.30288,43.94387],[-79.30268,43.94311],[-79.32541,43.93833],[-79.32893,43.93763],[-79.35326,43.93195],[-79.35309,43.93126],[-79.37455,43.92635],[-79.38956,43.92316]]]},"properties":{"kind":"neighbour","name":"Markham","region":"York","lp":[-79.25452,43.89567],"drive":35}},{"type":"Feature","geometry":{"type":"Polygon","coordinates":[[[-79.47776,43.92435],[-79.47532,43.917],[-79.47115,43.89983],[-79.46912,43.89201],[-79.46754,43.88461],[-79.46533,43.87565],[-79.46451,43.87322],[-79.46282,43.86637],[-79.46187,43.86167],[-79.45627,43.83714],[-79.4546,43.83132],[-79.4539,43.82754],[-79.44838,43.82874],[-79.43546,43.83192],[-79.43172,43.83308],[-79.42873,43.83456],[-79.41454,43.83779],[-79.40643,43.83952],[-79.40657,43.84008],[-79.40179,43.84008],[-79.39854,43.84067],[-79.37781,43.84545],[-79.37086,43.847],[-79.3741,43.85987],[-79.37768,43.87462],[-79.38104,43.88823],[-79.38723,43.91369],[-79.38956,43.92316],[-79.39017,43.92592],[-79.39027,43.92891],[-79.38939,43.9367],[-79.38963,43.93944],[-79.39017,43.94227],[-79.39135,43.94655],[-79.39232,43.9511],[-79.39268,43.95438],[-79.39294,43.95845],[-79.39253,43.97229],[-79.39288,43.9777],[-79.40052,43.97588],[-79.4087,43.97363],[-79.41522,43.97215],[-79.44223,43.9665],[-79.45629,43.9634],[-79.4612,43.96259],[-79.46632,43.9615],[-79.47115,43.96034],[-79.48113,43.9581],[-79.48555,43.95747],[-79.48403,43.95108],[-79.48308,43.94593],[-79.48142,43.93893],[-79.47776,43.92435]]]},"properties":{"kind":"neighbour","name":"Richmond Hill","region":"York","lp":[-79.43304,43.92447],"drive":35}},{"type":"Feature","geometry":{"type":"Polygon","coordinates":[[[-79.50942,44.06369],[-79.50861,44.06146],[-79.50825,44.05755],[-79.50676,44.05176],[-79.50625,44.04905],[-79.50432,44.04127],[-79.50249,44.03275],[-79.50216,44.03165],[-79.50131,44.02358],[-79.50087,44.02174],[-79.50022,44.02131],[-79.50053,44.02003],[-79.50037,44.01892],[-79.49938,44.01606],[-79.45451,44.02578],[-79.41174,44.03547],[-79.41215,44.03696],[-79.41634,44.04916],[-79.4171,44.05211],[-79.42044,44.06837],[-79.42145,44.07351],[-79.42145,44.07764],[-79.42258,44.08345],[-79.42579,44.08275],[-79.44926,44.07726],[-79.48111,44.06992],[-79.49016,44.06788],[-79.50942,44.06369]]]},"properties":{"kind":"neighbour","name":"Newmarket","region":"York","lp":[-79.44407,44.05328],"drive":46}},{"type":"Feature","geometry":{"type":"Polygon","coordinates":[[[-79.49938,44.01606],[-79.49761,44.00909],[-79.49519,43.99796],[-79.49316,43.98907],[-79.49208,43.98483],[-79.49138,43.98109],[-79.48998,43.9758],[-79.48931,43.97183],[-79.48775,43.96537],[-79.48702,43.96298],[-79.48555,43.95747],[-79.48113,43.9581],[-79.47115,43.96034],[-79.46632,43.9615],[-79.4612,43.96259],[-79.45629,43.9634],[-79.44223,43.9665],[-79.41522,43.97215],[-79.4087,43.97363],[-79.40052,43.97588],[-79.39288,43.9777],[-79.39461,43.9851],[-79.39606,43.9949],[-79.39661,43.99656],[-79.39762,43.99829],[-79.39877,43.99969],[-79.40115,44.00185],[-79.4036,44.00447],[-79.40481,44.00628],[-79.40618,44.01153],[-79.41,44.02944],[-79.41174,44.03547],[-79.45451,44.02578],[-79.49938,44.01606]]]},"properties":{"kind":"neighbour","name":"Aurora","region":"York","lp":[-79.43583,43.99887],"drive":41}},{"type":"Feature","geometry":{"type":"Polygon","coordinates":[[[-79.47776,43.92435],[-79.48142,43.93893],[-79.48308,43.94593],[-79.48403,43.95108],[-79.48555,43.95747],[-79.48702,43.96298],[-79.48775,43.96537],[-79.48931,43.97183],[-79.48998,43.9758],[-79.49138,43.98109],[-79.49208,43.98483],[-79.49316,43.98907],[-79.49519,43.99796],[-79.49761,44.00909],[-79.49938,44.01606],[-79.50037,44.01892],[-79.50053,44.02003],[-79.50022,44.02131],[-79.50087,44.02174],[-79.50131,44.02358],[-79.50216,44.03165],[-79.50249,44.03275],[-79.50432,44.04127],[-79.50625,44.04905],[-79.50676,44.05176],[-79.50825,44.05755],[-79.50861,44.06146],[-79.50942,44.06369],[-79.5107,44.06687],[-79.5154,44.08587],[-79.51758,44.09425],[-79.52084,44.10711],[-79.52187,44.11138],[-79.52638,44.12937],[-79.53007,44.14391],[-79.53166,44.1505],[-79.53474,44.14875],[-79.53834,44.14808],[-79.53997,44.14715],[-79.541,44.14604],[-79.54288,44.141],[-79.54357,44.13964],[-79.54564,44.13674],[-79.54614,44.13224],[-79.54589,44.13132],[-79.54443,44.12935],[-79.54366,44.12793],[-79.54391,44.12732],[-79.54623,44.12689],[-79.54607,44.12578],[-79.5434,44.12368],[-79.54305,44.12257],[-79.54305,44.12011],[-79.54375,44.119],[-79.54486,44.11802],[-79.54546,44.11684],[-79.54546,44.11389],[-79.54564,44.11333],[-79.54812,44.1002],[-79.55035,44.09823],[-79.55001,44.09552],[-79.55431,44.09342],[-79.55636,44.0912],[-79.55688,44.08762],[-79.5531,44.08491],[-79.55636,44.08183],[-79.55515,44.0801],[-79.55653,44.07887],[-79.55688,44.07566],[-79.55945,44.07517],[-79.55962,44.07295],[-79.56718,44.07159],[-79.56837,44.06789],[-79.57112,44.06715],[-79.5713,44.0653],[-79.57867,44.06061],[-79.58486,44.05827],[-79.58536,44.05543],[-79.58778,44.05543],[-79.58864,44.0542],[-79.59207,44.05359],[-79.59241,44.05186],[-79.59533,44.05235],[-79.59481,44.05099],[-79.59756,44.04926],[-79.59756,44.04815],[-79.60442,44.04914],[-79.60992,44.04803],[-79.61439,44.04643],[-79.61404,44.04557],[-79.61214,44.04445],[-79.61378,44.04414],[-79.6149,44.04273],[-79.61481,44.04106],[-79.61189,44.0402],[-79.61232,44.03958],[-79.61387,44.03915],[-79.6149,44.03705],[-79.61164,44.03661],[-79.61086,44.03544],[-79.61189,44.03433],[-79.61241,44.03242],[-79.61558,44.03125],[-79.61739,44.03248],[-79.61876,44.03106],[-79.61987,44.03032],[-79.6191,44.02816],[-79.62065,44.02761],[-79.62245,44.02872],[-79.62322,44.02804],[-79.62314,44.02594],[-79.62434,44.02526],[-79.62906,44.02631],[-79.63009,44.02582],[-79.62966,44.02465],[-79.62991,44.02366],[-79.63095,44.0236],[-79.63232,44.02471],[-79.63283,44.02453],[-79.63292,44.0231],[-79.63661,44.02162],[-79.63721,44.02107],[-79.63876,44.02088],[-79.64082,44.021],[-79.64451,44.02248],[-79.64828,44.02144],[-79.64743,44.01996],[-79.64743,44.01909],[-79.65378,44.01952],[-79.65601,44.01891],[-79.65824,44.02023],[-79.6576,44.01783],[-79.65684,44.0159],[-79.66838,44.01333],[-79.67523,44.01175],[-79.68562,44.00947],[-79.69518,44.00727],[-79.70689,44.00465],[-79.72182,44.0015],[-79.72775,44.0002],[-79.74931,43.99553],[-79.76123,43.99304],[-79.76811,43.99138],[-79.7755,43.98976],[-79.77154,43.98278],[-79.76984,43.97995],[-79.76567,43.97252],[-79.74589,43.93777],[-79.7415,43.92966],[-79.73654,43.92082],[-79.72872,43.90667],[-79.72768,43.90509],[-79.71864,43.88862],[-79.71174,43.87616],[-79.71069,43.8744],[-79.7056,43.87555],[-79.69465,43.87771],[-79.668,43.88351],[-79.64787,43.88794],[-79.63728,43.8901],[-79.61028,43.89588],[-79.58736,43.90071],[-79.56878,43.90469],[-79.55453,43.90782],[-79.53149,43.91273],[-79.50055,43.91944],[-79.47776,43.92435]]]},"properties":{"kind":"neighbour","name":"King","region":"York","lp":[-79.56484,43.97886],"drive":51}},{"type":"Feature","geometry":{"type":"Polygon","coordinates":[[[-79.27617,44.10127],[-79.28343,44.09962],[-79.29976,44.09584],[-79.30996,44.09341],[-79.31657,44.09202],[-79.32789,44.08946],[-79.33957,44.08673],[-79.34798,44.08482],[-79.36869,44.08006],[-79.37989,44.07759],[-79.39316,44.07451],[-79.40683,44.07126],[-79.41094,44.07045],[-79.42044,44.06837],[-79.4171,44.05211],[-79.41634,44.04916],[-79.41215,44.03696],[-79.41174,44.03547],[-79.41,44.02944],[-79.40618,44.01153],[-79.40481,44.00628],[-79.4036,44.00447],[-79.40115,44.00185],[-79.39877,43.99969],[-79.39762,43.99829],[-79.39661,43.99656],[-79.39606,43.9949],[-79.39461,43.9851],[-79.39288,43.9777],[-79.39253,43.97229],[-79.39294,43.95845],[-79.39268,43.95438],[-79.39232,43.9511],[-79.39135,43.94655],[-79.39017,43.94227],[-79.38963,43.93944],[-79.38939,43.9367],[-79.39027,43.92891],[-79.39017,43.92592],[-79.38956,43.92316],[-79.37455,43.92635],[-79.35309,43.93126],[-79.35326,43.93195],[-79.32893,43.93763],[-79.32541,43.93833],[-79.30268,43.94311],[-79.30288,43.94387],[-79.27813,43.94948],[-79.27815,43.94963],[-79.25368,43.95545],[-79.25351,43.95474],[-79.22873,43.96023],[-79.22864,43.95987],[-79.21741,43.96251],[-79.22004,43.97092],[-79.22192,43.97689],[-79.22698,43.98846],[-79.23213,44.00055],[-79.23631,44.01126],[-79.23798,44.01207],[-79.23781,44.01344],[-79.24824,44.03717],[-79.24868,44.03867],[-79.24924,44.04202],[-79.25027,44.04553],[-79.25231,44.04747],[-79.25295,44.04836],[-79.26516,44.07647],[-79.27617,44.10127]]]},"properties":{"kind":"neighbour","name":"Whitchurch-Stouffville","region":"York","lp":[-79.32468,44.01439],"drive":45}},{"type":"Feature","geometry":{"type":"Polygon","coordinates":[[[-79.32801,44.2233],[-79.33805,44.22107],[-79.36568,44.21483],[-79.39052,44.2094],[-79.43816,44.19904],[-79.46188,44.19385],[-79.50214,44.18499],[-79.51788,44.18157],[-79.51772,44.17993],[-79.51713,44.17756],[-79.51446,44.1767],[-79.51399,44.1758],[-79.51437,44.17519],[-79.51678,44.17399],[-79.51764,44.1727],[-79.51631,44.17061],[-79.51721,44.1682],[-79.51652,44.16651],[-79.51645,44.1655],[-79.51791,44.16378],[-79.52323,44.16002],[-79.52341,44.15762],[-79.52572,44.1559],[-79.52563,44.15294],[-79.52607,44.15251],[-79.52846,44.15159],[-79.52985,44.1514],[-79.53166,44.1505],[-79.53007,44.14391],[-79.52638,44.12937],[-79.52187,44.11138],[-79.52084,44.10711],[-79.51758,44.09425],[-79.5154,44.08587],[-79.5107,44.06687],[-79.50942,44.06369],[-79.49016,44.06788],[-79.48111,44.06992],[-79.44926,44.07726],[-79.42579,44.08275],[-79.42258,44.08345],[-79.42145,44.07764],[-79.42145,44.07351],[-79.42044,44.06837],[-79.41094,44.07045],[-79.40683,44.07126],[-79.39316,44.07451],[-79.37989,44.07759],[-79.36869,44.08006],[-79.34798,44.08482],[-79.33957,44.08673],[-79.32789,44.08946],[-79.31657,44.09202],[-79.30996,44.09341],[-79.29976,44.09584],[-79.28343,44.09962],[-79.27617,44.10127],[-79.28345,44.1188],[-79.29089,44.13652],[-79.29836,44.15385],[-79.30595,44.17123],[-79.31387,44.18992],[-79.32801,44.2233]]]},"properties":{"kind":"neighbour","name":"East Gwillimbury","region":"York","lp":[-79.3887,44.14274],"drive":53}},{"type":"Feature","geometry":{"type":"MultiPolygon","coordinates":[[[[-79.51788,44.18157],[-79.50214,44.18499],[-79.46188,44.19385],[-79.43816,44.19904],[-79.39052,44.2094],[-79.36568,44.21483],[-79.33805,44.22107],[-79.32801,44.2233],[-79.32804,44.22338],[-79.27723,44.235],[-79.26663,44.23749],[-79.24695,44.24205],[-79.21355,44.24981],[-79.19907,44.25316],[-79.18325,44.25684],[-79.15615,44.2632],[-79.159,44.26984],[-79.16444,44.2822],[-79.16997,44.29442],[-79.18042,44.31796],[-79.18616,44.33113],[-79.19452,44.3499],[-79.1965,44.3538],[-79.19837,44.3515],[-79.20024,44.34964],[-79.2062,44.34584],[-79.212,44.34287],[-79.21587,44.34099],[-79.21842,44.33959],[-79.21838,44.34107],[-79.21985,44.34063],[-79.21979,44.34011],[-79.22765,44.33791],[-79.2302,44.33753],[-79.23515,44.337],[-79.23981,44.33694],[-79.24144,44.33534],[-79.24219,44.33636],[-79.24214,44.33702],[-79.24413,44.33716],[-79.24587,44.33655],[-79.24803,44.33694],[-79.24824,44.33846],[-79.24931,44.33999],[-79.24932,44.34145],[-79.24968,44.34345],[-79.25113,44.34667],[-79.25026,44.34833],[-79.24926,44.34959],[-79.24925,44.35085],[-79.24966,44.35278],[-79.2496,44.35473],[-79.2501,44.35589],[-79.24945,44.35651],[-79.24933,44.35851],[-79.25136,44.35797],[-79.25177,44.35706],[-79.25128,44.35643],[-79.25112,44.35513],[-79.25263,44.3518],[-79.25246,44.34908],[-79.25344,44.34819],[-79.25597,44.34699],[-79.25947,44.34703],[-79.26219,44.34758],[-79.26403,44.34702],[-79.26569,44.34541],[-79.26665,44.34324],[-79.26759,44.34044],[-79.26787,44.33901],[-79.26771,44.33718],[-79.26705,44.3366],[-79.26725,44.33558],[-79.26837,44.33334],[-79.27047,44.33123],[-79.27074,44.33053],[-79.27453,44.32723],[-79.27691,44.32661],[-79.27999,44.32679],[-79.28063,44.32726],[-79.28274,44.32787],[-79.28828,44.32772],[-79.29138,44.32836],[-79.29226,44.32912],[-79.29402,44.32993],[-79.29515,44.33091],[-79.29736,44.33111],[-79.29999,44.33059],[-79.30241,44.33132],[-79.30317,44.33222],[-79.30458,44.33184],[-79.30657,44.33094],[-79.30873,44.33037],[-79.31023,44.3303],[-79.31083,44.33081],[-79.31292,44.33059],[-79.31327,44.33111],[-79.31551,44.33238],[-79.31971,44.33226],[-79.32254,44.33252],[-79.32454,44.33506],[-79.32476,44.33591],[-79.32583,44.33575],[-79.32788,44.33492],[-79.32977,44.33362],[-79.3311,44.33316],[-79.33608,44.33],[-79.33881,44.32878],[-79.3397,44.32787],[-79.34221,44.32675],[-79.34522,44.32327],[-79.3471,44.32241],[-79.34976,44.3224],[-79.35344,44.32196],[-79.35841,44.32181],[-79.36012,44.32195],[-79.36084,44.32276],[-79.36255,44.32332],[-79.36408,44.32427],[-79.36427,44.32487],[-79.36754,44.3262],[-79.36804,44.32685],[-79.36765,44.32867],[-79.36841,44.32899],[-79.3707,44.32784],[-79.37272,44.32614],[-79.37379,44.32393],[-79.3771,44.32221],[-79.3796,44.32133],[-79.38229,44.32063],[-79.38434,44.32046],[-79.38561,44.32073],[-79.39002,44.32073],[-79.39183,44.32101],[-79.39348,44.32183],[-79.39434,44.32267],[-79.39361,44.32446],[-79.39612,44.32392],[-79.39945,44.32363],[-79.4005,44.32301],[-79.40308,44.32245],[-79.40589,44.32263],[-79.40669,44.32233],[-79.40663,44.32096],[-79.40703,44.32052],[-79.4116,44.31834],[-79.41472,44.31724],[-79.4172,44.31582],[-79.41809,44.31588],[-79.41923,44.31485],[-79.42384,44.31179],[-79.4261,44.31116],[-79.42978,44.31048],[-79.43419,44.31032],[-79.43534,44.31008],[-79.43619,44.30911],[-79.43702,44.31003],[-79.43578,44.31127],[-79.43658,44.31199],[-79.43868,44.31232],[-79.44001,44.31226],[-79.44404,44.31042],[-79.44698,44.31006],[-79.44802,44.31018],[-79.44888,44.31095],[-79.44992,44.31096],[-79.45294,44.30977],[-79.45449,44.30973],[-79.4547,44.30904],[-79.45691,44.30764],[-79.45776,44.30749],[-79.45929,44.30638],[-79.46316,44.30592],[-79.46679,44.30406],[-79.46864,44.30409],[-79.46955,44.30301],[-79.4723,44.30148],[-79.47482,44.30054],[-79.47645,44.30044],[-79.47639,44.29931],[-79.47749,44.29757],[-79.4787,44.29683],[-79.47945,44.29591],[-79.48113,44.29524],[-79.48343,44.29496],[-79.48453,44.29412],[-79.48492,44.2926],[-79.48443,44.29129],[-79.48492,44.29008],[-79.48591,44.28906],[-79.489,44.2871],[-79.48816,44.28533],[-79.49038,44.28366],[-79.49192,44.28298],[-79.49449,44.28031],[-79.49809,44.27863],[-79.50053,44.27783],[-79.50145,44.27655],[-79.50237,44.27587],[-79.50315,44.27468],[-79.50458,44.27345],[-79.50536,44.27202],[-79.50512,44.26976],[-79.50564,44.26884],[-79.50103,44.26847],[-79.49822,44.26799],[-79.49658,44.2673],[-79.497,44.2659],[-79.49549,44.2654],[-79.49385,44.26637],[-79.49186,44.26608],[-79.48889,44.26448],[-79.48772,44.26316],[-79.4876,44.26232],[-79.48805,44.25986],[-79.48759,44.25895],[-79.48796,44.25681],[-79.48947,44.25438],[-79.48951,44.2527],[-79.48863,44.25188],[-79.48947,44.25],[-79.49013,44.2476],[-79.49012,44.24584],[-79.48943,44.24522],[-79.48828,44.24544],[-79.48651,44.24529],[-79.48553,44.24479],[-79.48445,44.24362],[-79.48456,44.24144],[-79.48262,44.24224],[-79.47926,44.24152],[-79.4772,44.24055],[-79.47482,44.23911],[-79.47355,44.23796],[-79.4707,44.23436],[-79.47033,44.23306],[-79.47083,44.23216],[-79.46964,44.23144],[-79.46907,44.23042],[-79.46879,44.22709],[-79.46942,44.2267],[-79.47072,44.22437],[-79.47096,44.22304],[-79.47017,44.22274],[-79.47118,44.2217],[-79.47054,44.21984],[-79.47106,44.21865],[-79.47226,44.21764],[-79.4732,44.21534],[-79.4735,44.2131],[-79.47424,44.21239],[-79.47546,44.21011],[-79.47547,44.20924],[-79.47704,44.20768],[-79.47858,44.20562],[-79.47969,44.20336],[-79.47934,44.20229],[-79.47956,44.20081],[-79.48108,44.19903],[-79.48345,44.19712],[-79.48182,44.19721],[-79.4806,44.19403],[-79.47954,44.19008],[-79.47975,44.19003],[-79.48117,44.19485],[-79.48205,44.197],[-79.48329,44.19681],[-79.48283,44.19574],[-79.48109,44.18973],[-79.48126,44.18969],[-79.48285,44.19485],[-79.48372,44.19676],[-79.48482,44.1964],[-79.48553,44.19555],[-79.48815,44.19362],[-79.49055,44.19294],[-79.49235,44.19281],[-79.49396,44.19298],[-79.49628,44.19364],[-79.497,44.19451],[-79.49848,44.19541],[-79.49891,44.19673],[-79.50059,44.19739],[-79.50439,44.19985],[-79.50644,44.20137],[-79.50928,44.20225],[-79.51143,44.20327],[-79.51247,44.20347],[-79.51392,44.20265],[-79.51743,44.20138],[-79.51876,44.2003],[-79.51948,44.19873],[-79.51966,44.19747],[-79.51939,44.19507],[-79.5179,44.19335],[-79.51554,44.19206],[-79.51493,44.19122],[-79.51597,44.18876],[-79.51704,44.18719],[-79.51828,44.18485],[-79.51828,44.18329],[-79.51788,44.18157]]],[[[-79.47396,44.31521],[-79.47359,44.31631],[-79.47243,44.31691],[-79.47233,44.31768],[-79.47081,44.31903],[-79.47235,44.31919],[-79.47392,44.31893],[-79.47799,44.31989],[-79.47943,44.32181],[-79.48056,44.32182],[-79.48207,44.32076],[-79.48331,44.31809],[-79.48595,44.31557],[-79.48759,44.31286],[-79.48776,44.31191],[-79.48734,44.31019],[-79.48725,44.30799],[-79.48772,44.30697],[-79.48947,44.30565],[-79.48892,44.30472],[-79.4869,44.30489],[-79.48471,44.30634],[-79.48226,44.30717],[-79.48112,44.30861],[-79.47859,44.30978],[-79.47569,44.30938],[-79.47379,44.31012],[-79.47401,44.31155],[-79.47467,44.31326],[-79.47396,44.31521]]],[[[-79.31687,44.37594],[-79.31767,44.37435],[-79.31514,44.3738],[-79.31445,44.37224],[-79.31397,44.36979],[-79.31206,44.36804],[-79.30788,44.36497],[-79.30703,44.36367],[-79.30556,44.35882],[-79.30485,44.35778],[-79.30565,44.35398],[-79.30358,44.35318],[-79.3014,44.3535],[-79.30031,44.35295],[-79.29914,44.35342],[-79.29642,44.35386],[-79.29412,44.35574],[-79.29267,44.35644],[-79.29021,44.35684],[-79.28795,44.35793],[-79.28667,44.359],[-79.2822,44.36088],[-79.28135,44.36158],[-79.27896,44.3622],[-79.27788,44.36276],[-79.2763,44.36447],[-79.27364,44.36539],[-79.27252,44.36654],[-79.27141,44.36641],[-79.27039,44.36729],[-79.26916,44.36762],[-79.26712,44.36745],[-79.2661,44.36606],[-79.26445,44.3668],[-79.26238,44.36723],[-79.26126,44.36808],[-79.26096,44.36945],[-79.2626,44.37068],[-79.26416,44.37125],[-79.26676,44.37323],[-79.2688,44.37392],[-79.27109,44.37568],[-79.2714,44.37646],[-79.27075,44.37835],[-79.27114,44.37905],[-79.2712,44.38094],[-79.27182,44.38155],[-79.27438,44.38287],[-79.2759,44.38418],[-79.27782,44.38505],[-79.27874,44.38618],[-79.27814,44.38728],[-79.27841,44.38774],[-79.28049,44.38784],[-79.28168,44.38841],[-79.28248,44.38992],[-79.28317,44.39046],[-79.28523,44.39126],[-79.28743,44.39258],[-79.28822,44.39383],[-79.28947,44.39413],[-79.29224,44.39364],[-79.29486,44.39284],[-79.29895,44.39308],[-79.3002,44.39367],[-79.30288,44.3938],[-79.30522,44.39303],[-79.30954,44.39412],[-79.31062,44.39495],[-79.31252,44.39462],[-79.31519,44.39283],[-79.3159,44.39189],[-79.31595,44.39075],[-79.31762,44.39043],[-79.3188,44.38957],[-79.31885,44.38888],[-79.31797,44.38822],[-79.31806,44.38711],[-79.31877,44.3864],[-79.31907,44.38521],[-79.31891,44.3832],[-79.31745,44.38022],[-79.31722,44.379],[-79.31733,44.37706],[-79.31687,44.37594]]]]},"properties":{"kind":"neighbour","name":"Georgina","region":"York","lp":[-79.39319,44.26551],"drive":69}},{"type":"Feature","geometry":{"type":"Polygon","coordinates":[[[-79.048,44.01076],[-79.05946,44.0081],[-79.0925,44.00023],[-79.09888,43.99888],[-79.10843,43.99669],[-79.12942,43.99175],[-79.16743,43.98287],[-79.19308,43.97709],[-79.22004,43.97092],[-79.21741,43.96251],[-79.21617,43.95892],[-79.21423,43.95289],[-79.2066,43.93642],[-79.19834,43.91773],[-79.18967,43.89916],[-79.18619,43.89149],[-79.1835,43.88595],[-79.1778,43.87292],[-79.17037,43.85575],[-79.17002,43.85558],[-79.16564,43.84603],[-79.15523,43.8227],[-79.15253,43.81685],[-79.15189,43.81482],[-79.14935,43.81276],[-79.14819,43.81262],[-79.14617,43.81134],[-79.14594,43.81036],[-79.14382,43.81035],[-79.14274,43.81065],[-79.1403,43.80865],[-79.13703,43.80803],[-79.13639,43.80834],[-79.13513,43.80799],[-79.13392,43.8071],[-79.13362,43.80613],[-79.13409,43.80449],[-79.13345,43.80345],[-79.13354,43.80253],[-79.13435,43.80116],[-79.13226,43.80191],[-79.13097,43.80207],[-79.12971,43.80171],[-79.12759,43.80058],[-79.12559,43.80052],[-79.12465,43.80013],[-79.12397,43.79916],[-79.12401,43.79767],[-79.12183,43.79768],[-79.1201,43.79636],[-79.11998,43.79512],[-79.1172,43.79467],[-79.11613,43.79507],[-79.11442,43.79496],[-79.11243,43.79681],[-79.11005,43.79829],[-79.10884,43.79847],[-79.10786,43.80012],[-79.10367,43.80454],[-79.10246,43.80563],[-79.10068,43.80669],[-79.09854,43.80866],[-79.09638,43.81011],[-79.09374,43.81147],[-79.09081,43.81231],[-79.08677,43.81239],[-79.08685,43.8134],[-79.09011,43.81288],[-79.09368,43.81211],[-79.09443,43.81173],[-79.09555,43.81253],[-79.09727,43.81511],[-79.09732,43.81681],[-79.09678,43.8174],[-79.09623,43.821],[-79.0975,43.82109],[-79.09816,43.82228],[-79.09766,43.82348],[-79.096,43.82413],[-79.09506,43.82404],[-79.09437,43.82297],[-79.09279,43.82328],[-79.09173,43.82245],[-79.09214,43.82106],[-79.09159,43.82043],[-79.09001,43.81991],[-79.08944,43.81872],[-79.08829,43.818],[-79.08658,43.81769],[-79.08664,43.81695],[-79.08416,43.81566],[-79.08222,43.81371],[-79.08132,43.81368],[-79.08052,43.81299],[-79.07898,43.8132],[-79.078,43.814],[-79.07665,43.81328],[-79.07645,43.81489],[-79.07734,43.81634],[-79.07667,43.81752],[-79.07381,43.81821],[-79.07576,43.81676],[-79.07475,43.81571],[-79.07431,43.81399],[-79.07524,43.81347],[-79.0751,43.81194],[-79.07647,43.81198],[-79.07814,43.81244],[-79.08215,43.8129],[-79.08613,43.8125],[-79.08582,43.81184],[-79.08331,43.81244],[-79.08061,43.81243],[-79.07877,43.81222],[-79.07193,43.81085],[-79.0716,43.80911],[-79.06531,43.80796],[-79.06465,43.80711],[-79.06886,43.80757],[-79.06107,43.80599],[-79.06036,43.80655],[-79.05996,43.80779],[-79.05773,43.80831],[-79.054,43.80958],[-79.05163,43.81145],[-79.04711,43.81434],[-79.04366,43.81577],[-79.04174,43.81598],[-79.03877,43.81601],[-79.04026,43.81978],[-79.04048,43.81986],[-79.04722,43.83619],[-79.0481,43.83736],[-79.05152,43.84541],[-79.05619,43.84405],[-79.06087,43.84204],[-79.06385,43.84861],[-79.06664,43.85499],[-79.06784,43.8544],[-79.0696,43.85542],[-79.07088,43.85462],[-79.07664,43.86495],[-79.07861,43.86997],[-79.07101,43.87429],[-79.07844,43.89251],[-79.0822,43.89167],[-79.08638,43.90249],[-79.0873,43.90445],[-79.07809,43.90655],[-79.07567,43.90719],[-79.06554,43.90939],[-79.06278,43.91011],[-79.03935,43.91552],[-79.03372,43.91689],[-79.00858,43.92262],[-79.01701,43.94045],[-79.01966,43.94645],[-79.02399,43.95646],[-79.0257,43.96001],[-79.03189,43.97377],[-79.03271,43.97549],[-79.04047,43.99318],[-79.04731,44.00924],[-79.048,44.01076]]]},"properties":{"kind":"neighbour","name":"Pickering","region":"Durham","lp":[-79.13974,43.92961],"drive":46}},{"type":"Feature","geometry":{"type":"Polygon","coordinates":[[[-79.00858,43.92262],[-79.03372,43.91689],[-79.03935,43.91552],[-79.06278,43.91011],[-79.06554,43.90939],[-79.07567,43.90719],[-79.07809,43.90655],[-79.0873,43.90445],[-79.08638,43.90249],[-79.0822,43.89167],[-79.07844,43.89251],[-79.07101,43.87429],[-79.07861,43.86997],[-79.07664,43.86495],[-79.07088,43.85462],[-79.0696,43.85542],[-79.06784,43.8544],[-79.06664,43.85499],[-79.06385,43.84861],[-79.06087,43.84204],[-79.05619,43.84405],[-79.05152,43.84541],[-79.0481,43.83736],[-79.04722,43.83619],[-79.04048,43.81986],[-79.04026,43.81978],[-79.03877,43.81601],[-79.03581,43.81603],[-79.03523,43.81662],[-79.03376,43.81665],[-79.02784,43.81636],[-79.02499,43.81577],[-79.02357,43.81597],[-79.02177,43.81708],[-79.01893,43.81805],[-79.01618,43.81934],[-79.01446,43.81974],[-79.01112,43.81962],[-79.00782,43.82167],[-79.00097,43.82496],[-78.99975,43.82522],[-78.9983,43.82616],[-78.99592,43.82697],[-78.99378,43.82735],[-78.98626,43.8274],[-78.9885,43.82841],[-78.98927,43.83004],[-78.98583,43.82975],[-78.98436,43.82865],[-78.98426,43.82796],[-78.98322,43.82721],[-78.98054,43.8279],[-78.97706,43.82942],[-78.97266,43.83183],[-78.97071,43.83341],[-78.9714,43.83513],[-78.97825,43.85121],[-78.98632,43.87025],[-78.9922,43.88378],[-78.99435,43.88931],[-79.00152,43.90551],[-79.00753,43.92047],[-79.00858,43.92262]]]},"properties":{"kind":"neighbour","name":"Ajax","region":"Durham","lp":[-79.0314,43.87796],"drive":42}},{"type":"Feature","geometry":{"type":"Polygon","coordinates":[[[-78.88159,43.85247],[-78.88345,43.85655],[-78.88578,43.86206],[-78.88949,43.8705],[-78.89381,43.88058],[-78.89503,43.88279],[-78.90086,43.89578],[-78.90591,43.90752],[-78.90598,43.90831],[-78.91025,43.91815],[-78.91717,43.93359],[-78.91972,43.9398],[-78.92197,43.94557],[-78.92414,43.95022],[-78.92867,43.96118],[-78.93502,43.97567],[-78.93564,43.97654],[-78.94036,43.98747],[-78.9427,43.99268],[-78.95877,44.02882],[-78.96858,44.0267],[-78.97177,44.0258],[-78.97825,44.0246],[-78.98325,44.02344],[-78.98997,44.02203],[-79.00779,44.01801],[-79.02646,44.01392],[-79.04477,44.00978],[-79.04731,44.00924],[-79.04047,43.99318],[-79.03271,43.97549],[-79.03189,43.97377],[-79.0257,43.96001],[-79.02399,43.95646],[-79.01966,43.94645],[-79.01701,43.94045],[-79.00858,43.92262],[-79.00753,43.92047],[-79.00152,43.90551],[-78.99435,43.88931],[-78.9922,43.88378],[-78.98632,43.87025],[-78.97825,43.85121],[-78.9714,43.83513],[-78.97071,43.83341],[-78.96954,43.83433],[-78.96815,43.8361],[-78.96586,43.8381],[-78.96518,43.83893],[-78.96175,43.84169],[-78.95547,43.84467],[-78.95193,43.84535],[-78.95099,43.84569],[-78.94916,43.84574],[-78.94551,43.8462],[-78.94364,43.84583],[-78.94067,43.84713],[-78.9386,43.84952],[-78.93537,43.85107],[-78.93244,43.85134],[-78.9327,43.85173],[-78.93644,43.8514],[-78.93823,43.85314],[-78.94017,43.85537],[-78.93959,43.85732],[-78.93984,43.85793],[-78.93865,43.85889],[-78.93787,43.85832],[-78.93738,43.85707],[-78.93643,43.85632],[-78.93417,43.85698],[-78.9325,43.8569],[-78.9297,43.85736],[-78.92997,43.85671],[-78.93109,43.85604],[-78.93187,43.8563],[-78.9351,43.85554],[-78.9345,43.85462],[-78.93107,43.85386],[-78.93015,43.85286],[-78.92869,43.85253],[-78.92731,43.85101],[-78.92587,43.85102],[-78.92233,43.85036],[-78.91331,43.84788],[-78.91027,43.84681],[-78.90832,43.84662],[-78.90706,43.84617],[-78.90485,43.84619],[-78.90208,43.8455],[-78.90068,43.84631],[-78.90047,43.84806],[-78.89806,43.85003],[-78.89656,43.85104],[-78.89434,43.85218],[-78.89254,43.85284],[-78.88928,43.8534],[-78.88526,43.85323],[-78.88159,43.85247]]]},"properties":{"kind":"neighbour","name":"Whitby","region":"Durham","lp":[-78.97428,43.9543],"drive":51}},{"type":"Feature","geometry":{"type":"Polygon","coordinates":[[[-78.79703,43.86748],[-78.80151,43.87899],[-78.80663,43.89116],[-78.80836,43.89503],[-78.81341,43.90668],[-78.81551,43.91137],[-78.82099,43.92393],[-78.82204,43.92643],[-78.826,43.93535],[-78.8297,43.94385],[-78.83443,43.9545],[-78.83751,43.96133],[-78.85188,43.99392],[-78.85447,44.00007],[-78.86805,44.0315],[-78.87248,44.04143],[-78.87517,44.04734],[-78.90445,44.04091],[-78.92774,44.03574],[-78.94357,44.03212],[-78.95877,44.02882],[-78.9427,43.99268],[-78.94036,43.98747],[-78.93564,43.97654],[-78.93502,43.97567],[-78.92867,43.96118],[-78.92414,43.95022],[-78.92197,43.94557],[-78.91972,43.9398],[-78.91717,43.93359],[-78.91025,43.91815],[-78.90598,43.90831],[-78.90591,43.90752],[-78.90086,43.89578],[-78.89503,43.88279],[-78.89381,43.88058],[-78.88949,43.8705],[-78.88578,43.86206],[-78.88345,43.85655],[-78.88159,43.85247],[-78.87884,43.85181],[-78.87507,43.85121],[-78.87247,43.85096],[-78.86961,43.85034],[-78.86854,43.85112],[-78.86585,43.85175],[-78.86243,43.8528],[-78.85556,43.85433],[-78.85093,43.85479],[-78.84724,43.85548],[-78.84383,43.85651],[-78.84143,43.85772],[-78.83866,43.85816],[-78.83286,43.8583],[-78.83139,43.85796],[-78.83056,43.85883],[-78.8311,43.85949],[-78.82919,43.86158],[-78.82704,43.8627],[-78.82543,43.86426],[-78.82321,43.86523],[-78.82438,43.86669],[-78.82602,43.86592],[-78.82956,43.86785],[-78.82878,43.86807],[-78.83111,43.86932],[-78.83022,43.87029],[-78.8276,43.86892],[-78.8255,43.86976],[-78.82453,43.86942],[-78.82393,43.86817],[-78.82101,43.86485],[-78.81949,43.86545],[-78.81915,43.86725],[-78.8184,43.86866],[-78.81665,43.86887],[-78.81461,43.86941],[-78.81021,43.86994],[-78.80742,43.86979],[-78.805,43.86934],[-78.80117,43.8684],[-78.79887,43.86764],[-78.79703,43.86748]]]},"properties":{"kind":"neighbour","name":"Oshawa","region":"Durham","lp":[-78.86155,43.91132],"drive":56}},{"type":"Feature","geometry":{"type":"Polygon","coordinates":[[[-78.70327,44.08046],[-78.75043,44.06941],[-78.76115,44.06685],[-78.78094,44.06224],[-78.7853,44.06126],[-78.80003,44.05778],[-78.87248,44.04143],[-78.86805,44.0315],[-78.85447,44.00007],[-78.85188,43.99392],[-78.83751,43.96133],[-78.83443,43.9545],[-78.8297,43.94385],[-78.826,43.93535],[-78.82204,43.92643],[-78.82099,43.92393],[-78.81551,43.91137],[-78.81341,43.90668],[-78.80836,43.89503],[-78.80663,43.89116],[-78.80151,43.87899],[-78.79703,43.86748],[-78.7933,43.86754],[-78.79197,43.86798],[-78.78692,43.86921],[-78.78262,43.86947],[-78.77932,43.86919],[-78.77589,43.86837],[-78.77303,43.86826],[-78.76709,43.86854],[-78.7642,43.86839],[-78.75806,43.86838],[-78.75388,43.86798],[-78.74888,43.86835],[-78.74323,43.86953],[-78.73784,43.87],[-78.73488,43.86982],[-78.7317,43.8694],[-78.73129,43.86818],[-78.72524,43.86689],[-78.7144,43.8672],[-78.71155,43.86763],[-78.70924,43.86903],[-78.70536,43.87032],[-78.70126,43.87245],[-78.70013,43.87354],[-78.69787,43.87459],[-78.69513,43.87515],[-78.68973,43.87122],[-78.68856,43.8719],[-78.69139,43.87556],[-78.69107,43.87572],[-78.6891,43.87381],[-78.68802,43.87417],[-78.68653,43.87251],[-78.68461,43.87282],[-78.68238,43.87365],[-78.68325,43.8747],[-78.68395,43.87829],[-78.68108,43.88015],[-78.68068,43.88097],[-78.67914,43.88277],[-78.67702,43.88457],[-78.67486,43.88578],[-78.67049,43.88721],[-78.6666,43.88774],[-78.66455,43.88765],[-78.6634,43.88894],[-78.66101,43.88969],[-78.65809,43.89095],[-78.65628,43.89124],[-78.65427,43.89188],[-78.65237,43.8921],[-78.64853,43.89215],[-78.64764,43.89237],[-78.64476,43.8925],[-78.64147,43.89242],[-78.63621,43.89294],[-78.63439,43.89372],[-78.633,43.89522],[-78.63008,43.89572],[-78.62559,43.89667],[-78.62279,43.89681],[-78.61933,43.89833],[-78.61745,43.89862],[-78.61299,43.89899],[-78.61023,43.89892],[-78.60716,43.89838],[-78.60577,43.89796],[-78.60247,43.89654],[-78.5992,43.89596],[-78.59649,43.89572],[-78.59468,43.89613],[-78.59239,43.89633],[-78.58609,43.8953],[-78.58166,43.89528],[-78.57672,43.89549],[-78.57635,43.89645],[-78.57517,43.89721],[-78.57315,43.89742],[-78.57142,43.89722],[-78.56639,43.89611],[-78.56338,43.89507],[-78.56104,43.89535],[-78.55877,43.89538],[-78.55584,43.89633],[-78.55229,43.89644],[-78.54901,43.8962],[-78.54331,43.89624],[-78.5411,43.89608],[-78.53812,43.89659],[-78.53735,43.89697],[-78.53402,43.89776],[-78.53069,43.8982],[-78.52761,43.89829],[-78.52624,43.89865],[-78.52341,43.89902],[-78.52151,43.89905],[-78.51953,43.89945],[-78.51403,43.89948],[-78.51183,43.8998],[-78.50854,43.89981],[-78.50507,43.9004],[-78.50225,43.90068],[-78.4974,43.90018],[-78.49165,43.89873],[-78.48905,43.89765],[-78.48603,43.89685],[-78.48352,43.89647],[-78.48189,43.89655],[-78.47442,43.89857],[-78.46944,43.89943],[-78.46611,43.90055],[-78.46279,43.90236],[-78.45618,43.90439],[-78.45461,43.90498],[-78.4516,43.90725],[-78.44972,43.90791],[-78.44716,43.90925],[-78.44249,43.91064],[-78.43679,43.91203],[-78.43922,43.91707],[-78.44459,43.9294],[-78.44923,43.93968],[-78.45031,43.94189],[-78.45235,43.94655],[-78.46598,43.97797],[-78.46802,43.98293],[-78.4682,43.98306],[-78.47521,43.99939],[-78.48284,44.016],[-78.49065,44.03889],[-78.49204,44.04198],[-78.4982,44.05693],[-78.5009,44.06325],[-78.50469,44.07245],[-78.50695,44.0774],[-78.51142,44.08751],[-78.5163,44.09877],[-78.52621,44.09667],[-78.5374,44.09392],[-78.55152,44.0907],[-78.5685,44.08678],[-78.56976,44.08678],[-78.57108,44.08618],[-78.59955,44.07966],[-78.60264,44.0791],[-78.60634,44.07917],[-78.60801,44.07856],[-78.60954,44.07748],[-78.61413,44.07632],[-78.62508,44.07374],[-78.63005,44.07275],[-78.65468,44.0672],[-78.65812,44.06638],[-78.6745,44.06271],[-78.68848,44.05938],[-78.68957,44.05895],[-78.69063,44.05804],[-78.6912,44.05674],[-78.69199,44.05696],[-78.69581,44.0651],[-78.69662,44.06526],[-78.69815,44.06624],[-78.69799,44.06723],[-78.6984,44.06908],[-78.69981,44.07008],[-78.69901,44.07171],[-78.70327,44.08046]]]},"properties":{"kind":"neighbour","name":"Clarington","region":"Durham","lp":[-78.73324,43.96804],"drive":70}},{"type":"Feature","geometry":{"type":"Polygon","coordinates":[[[-79.1225,44.1833],[-79.12447,44.18827],[-79.12735,44.19482],[-79.13406,44.21073],[-79.1523,44.25406],[-79.15445,44.25936],[-79.15615,44.2632],[-79.18325,44.25684],[-79.19907,44.25316],[-79.21355,44.24981],[-79.24695,44.24205],[-79.26663,44.23749],[-79.27723,44.235],[-79.32804,44.22338],[-79.32801,44.2233],[-79.31387,44.18992],[-79.30595,44.17123],[-79.29836,44.15385],[-79.29089,44.13652],[-79.28345,44.1188],[-79.27617,44.10127],[-79.26516,44.07647],[-79.25295,44.04836],[-79.25231,44.04747],[-79.25027,44.04553],[-79.24924,44.04202],[-79.24868,44.03867],[-79.24824,44.03717],[-79.23781,44.01344],[-79.23798,44.01207],[-79.23631,44.01126],[-79.23213,44.00055],[-79.22698,43.98846],[-79.22192,43.97689],[-79.22004,43.97092],[-79.19308,43.97709],[-79.16743,43.98287],[-79.12942,43.99175],[-79.10843,43.99669],[-79.09888,43.99888],[-79.0925,44.00023],[-79.05946,44.0081],[-79.048,44.01076],[-79.0491,44.01342],[-79.05424,44.02502],[-79.05543,44.02726],[-79.05717,44.02966],[-79.05728,44.03158],[-79.05829,44.03454],[-79.05866,44.03622],[-79.06152,44.04205],[-79.06451,44.049],[-79.06618,44.05319],[-79.06871,44.0591],[-79.07194,44.06696],[-79.07433,44.07233],[-79.07783,44.08054],[-79.0794,44.08403],[-79.08298,44.09244],[-79.08522,44.09715],[-79.09233,44.11355],[-79.09305,44.11632],[-79.09866,44.12568],[-79.09978,44.12793],[-79.10104,44.1336],[-79.10744,44.1482],[-79.10979,44.15394],[-79.11112,44.15817],[-79.11254,44.16189],[-79.1225,44.1833]]]},"properties":{"kind":"neighbour","name":"Uxbridge","region":"Durham","lp":[-79.19359,44.12976],"drive":63}},{"type":"Feature","geometry":{"type":"Polygon","coordinates":[[[-78.70327,44.08046],[-78.70637,44.08708],[-78.70761,44.08763],[-78.70788,44.0887],[-78.70743,44.08933],[-78.71016,44.09536],[-78.71272,44.10074],[-78.71321,44.10207],[-78.72573,44.12913],[-78.72692,44.1319],[-78.73208,44.14328],[-78.74237,44.16576],[-78.74898,44.1803],[-78.7545,44.19282],[-78.76446,44.21494],[-78.7668,44.22027],[-78.76808,44.21946],[-78.76875,44.21839],[-78.76973,44.21762],[-78.77119,44.21557],[-78.77377,44.21294],[-78.77507,44.21228],[-78.77707,44.20975],[-78.77727,44.209],[-78.77976,44.20653],[-78.77921,44.20486],[-78.77901,44.20333],[-78.77923,44.20178],[-78.78041,44.20037],[-78.78164,44.2004],[-78.7826,44.20125],[-78.78387,44.19993],[-78.78558,44.19718],[-78.78776,44.1953],[-78.78814,44.19308],[-78.78766,44.19193],[-78.78849,44.1906],[-78.79047,44.18843],[-78.79067,44.18634],[-78.79254,44.18571],[-78.79319,44.18584],[-78.79515,44.18529],[-78.79395,44.18829],[-78.79637,44.18827],[-78.79737,44.18782],[-78.79834,44.18611],[-78.79864,44.18391],[-78.80002,44.18216],[-78.80281,44.18066],[-78.80539,44.17827],[-78.80657,44.17818],[-78.80788,44.1775],[-78.80941,44.17612],[-78.81077,44.17423],[-78.8122,44.17384],[-78.81347,44.17299],[-78.81677,44.17131],[-78.81889,44.16948],[-78.81946,44.1685],[-78.81938,44.16603],[-78.82015,44.16466],[-78.82215,44.16276],[-78.82498,44.16099],[-78.82639,44.16173],[-78.82785,44.16211],[-78.82987,44.16187],[-78.83251,44.16076],[-78.8342,44.16073],[-78.83634,44.15883],[-78.83751,44.15691],[-78.83834,44.15473],[-78.83903,44.15376],[-78.84114,44.15187],[-78.84234,44.14981],[-78.84325,44.14895],[-78.84502,44.14647],[-78.84524,44.14543],[-78.84651,44.14363],[-78.84869,44.14225],[-78.85093,44.14139],[-78.85204,44.13849],[-78.85364,44.13781],[-78.8545,44.13682],[-78.85552,44.13679],[-78.85507,44.13867],[-78.85584,44.14125],[-78.85618,44.14127],[-78.85839,44.13957],[-78.85881,44.13869],[-78.85852,44.13758],[-78.85891,44.13711],[-78.8581,44.13454],[-78.85681,44.13375],[-78.85744,44.13326],[-78.85864,44.13382],[-78.86059,44.13394],[-78.86175,44.13281],[-78.86062,44.1314],[-78.86107,44.13058],[-78.85859,44.13068],[-78.85875,44.12986],[-78.86027,44.12982],[-78.86015,44.12749],[-78.86054,44.12575],[-78.86187,44.12469],[-78.86345,44.12496],[-78.86432,44.12439],[-78.86515,44.12317],[-78.86762,44.12262],[-78.86618,44.12085],[-78.86677,44.12075],[-78.86862,44.12191],[-78.87177,44.12085],[-78.87148,44.1203],[-78.87239,44.11967],[-78.87413,44.11967],[-78.87723,44.11858],[-78.87794,44.11768],[-78.87756,44.11662],[-78.8765,44.11596],[-78.87647,44.11491],[-78.877,44.11189],[-78.8778,44.11241],[-78.87722,44.11487],[-78.87991,44.11575],[-78.88282,44.11433],[-78.88392,44.11362],[-78.88368,44.11301],[-78.88432,44.11159],[-78.88501,44.11108],[-78.88603,44.10905],[-78.88738,44.10754],[-78.88891,44.10647],[-78.89006,44.10644],[-78.89192,44.10688],[-78.89346,44.10629],[-78.89434,44.10673],[-78.89528,44.10913],[-78.89391,44.11172],[-78.89025,44.11651],[-78.88854,44.1179],[-78.88652,44.1192],[-78.88355,44.12012],[-78.88265,44.12105],[-78.88041,44.12158],[-78.87966,44.12241],[-78.87849,44.123],[-78.87713,44.12307],[-78.87755,44.12442],[-78.8786,44.12464],[-78.87891,44.12594],[-78.87951,44.1264],[-78.87946,44.12789],[-78.87733,44.12977],[-78.87754,44.13056],[-78.87705,44.13186],[-78.87517,44.13353],[-78.87374,44.13404],[-78.87102,44.13639],[-78.86996,44.13788],[-78.8666,44.14053],[-78.86519,44.14218],[-78.86372,44.14349],[-78.86272,44.14392],[-78.85978,44.14645],[-78.85851,44.14841],[-78.85887,44.15029],[-78.85878,44.15256],[-78.85835,44.15319],[-78.85866,44.15552],[-78.85963,44.15875],[-78.86029,44.15933],[-78.85986,44.1616],[-78.86013,44.1627],[-78.85957,44.16657],[-78.85841,44.1692],[-78.86004,44.17228],[-78.86011,44.17355],[-78.86085,44.17633],[-78.86084,44.1774],[-78.86151,44.17899],[-78.86116,44.17994],[-78.86167,44.18058],[-78.86217,44.18226],[-78.86235,44.18443],[-78.86313,44.18555],[-78.86229,44.18972],[-78.86138,44.19095],[-78.86148,44.1918],[-78.86083,44.19273],[-78.86013,44.19478],[-78.86001,44.20023],[-78.85952,44.20296],[-78.85969,44.20504],[-78.85951,44.20635],[-78.85989,44.20931],[-78.86191,44.2131],[-78.86272,44.21435],[-78.86415,44.21498],[-78.86575,44.21616],[-78.86727,44.2161],[-78.86991,44.21503],[-78.87099,44.2165],[-78.87186,44.21711],[-78.87396,44.21691],[-78.87532,44.21758],[-78.87627,44.21726],[-78.87758,44.21593],[-78.879,44.21369],[-78.88039,44.21358],[-78.88134,44.21303],[-78.88277,44.21341],[-78.88414,44.2131],[-78.88549,44.21139],[-78.88555,44.2107],[-78.88651,44.20963],[-78.88907,44.2086],[-78.89057,44.20689],[-78.89155,44.20522],[-78.89466,44.19921],[-78.89534,44.19846],[-78.8955,44.19743],[-78.8965,44.19623],[-78.89754,44.19386],[-78.8974,44.19271],[-78.8991,44.19162],[-78.89916,44.19068],[-78.9015,44.18945],[-78.90145,44.18793],[-78.90372,44.18779],[-78.90452,44.18639],[-78.90481,44.18499],[-78.9058,44.18405],[-78.90576,44.18264],[-78.90527,44.18131],[-78.90614,44.17905],[-78.90696,44.17824],[-78.90851,44.17745],[-78.90937,44.17761],[-78.91049,44.17706],[-78.91198,44.17521],[-78.91228,44.17233],[-78.91064,44.17117],[-78.90994,44.16982],[-78.90972,44.16775],[-78.91211,44.16482],[-78.91347,44.16397],[-78.91408,44.16239],[-78.91416,44.16131],[-78.91311,44.16069],[-78.91427,44.15852],[-78.91434,44.15636],[-78.91372,44.15497],[-78.91355,44.15245],[-78.91396,44.14929],[-78.91369,44.14865],[-78.91177,44.14799],[-78.9116,44.14709],[-78.91367,44.14624],[-78.9144,44.14549],[-78.91577,44.14156],[-78.91744,44.13862],[-78.91843,44.13561],[-78.91916,44.13412],[-78.92079,44.13228],[-78.92087,44.13162],[-78.92255,44.12812],[-78.92553,44.12617],[-78.92682,44.12413],[-78.92737,44.12276],[-78.92835,44.12173],[-78.92935,44.11933],[-78.92961,44.11557],[-78.92933,44.11234],[-78.92935,44.11078],[-78.92846,44.10747],[-78.92891,44.10656],[-78.92767,44.10481],[-78.92907,44.10352],[-78.93079,44.10308],[-78.93531,44.10266],[-78.937,44.10359],[-78.93883,44.10279],[-78.93964,44.1036],[-78.94131,44.1059],[-78.9417,44.10832],[-78.94308,44.10843],[-78.94432,44.10739],[-78.94596,44.10881],[-78.94748,44.10946],[-78.94603,44.1115],[-78.94479,44.11387],[-78.9447,44.115],[-78.94551,44.11637],[-78.94704,44.11683],[-78.94543,44.1211],[-78.94556,44.12201],[-78.94714,44.12231],[-78.94891,44.12205],[-78.95161,44.12218],[-78.9531,44.12133],[-78.95316,44.12322],[-78.95384,44.12382],[-78.95201,44.12426],[-78.94959,44.12293],[-78.94721,44.12322],[-78.94605,44.12275],[-78.94477,44.12298],[-78.94445,44.12459],[-78.94523,44.12498],[-78.94531,44.12581],[-78.94407,44.12639],[-78.94343,44.12761],[-78.93931,44.13237],[-78.9371,44.13479],[-78.936,44.13636],[-78.93443,44.13967],[-78.934,44.14124],[-78.93344,44.14193],[-78.93362,44.14512],[-78.93294,44.14672],[-78.9313,44.14821],[-78.93137,44.1506],[-78.93109,44.15101],[-78.93149,44.15251],[-78.93087,44.15436],[-78.93178,44.15762],[-78.93179,44.15906],[-78.9324,44.16001],[-78.9307,44.16348],[-78.92926,44.16674],[-78.92816,44.16827],[-78.93399,44.18037],[-78.93683,44.18699],[-78.93735,44.18873],[-78.93903,44.19235],[-78.94247,44.1984],[-78.94635,44.20756],[-78.9487,44.21262],[-78.95232,44.22071],[-78.95968,44.21901],[-78.98643,44.21336],[-78.99456,44.21178],[-79.00392,44.20988],[-79.01907,44.20656],[-79.02834,44.20458],[-79.03944,44.20214],[-79.05938,44.19761],[-79.06496,44.19622],[-79.08018,44.19281],[-79.08049,44.19269],[-79.10274,44.18768],[-79.10519,44.18716],[-79.12159,44.18346],[-79.1225,44.1833],[-79.11254,44.16189],[-79.11112,44.15817],[-79.10979,44.15394],[-79.10744,44.1482],[-79.10104,44.1336],[-79.09978,44.12793],[-79.09866,44.12568],[-79.09305,44.11632],[-79.09233,44.11355],[-79.08522,44.09715],[-79.08298,44.09244],[-79.0794,44.08403],[-79.07783,44.08054],[-79.07433,44.07233],[-79.07194,44.06696],[-79.06871,44.0591],[-79.06618,44.05319],[-79.06451,44.049],[-79.06152,44.04205],[-79.05866,44.03622],[-79.05829,44.03454],[-79.05728,44.03158],[-79.05717,44.02966],[-79.05543,44.02726],[-79.05424,44.02502],[-79.0491,44.01342],[-79.048,44.01076],[-79.04731,44.00924],[-79.04477,44.00978],[-79.02646,44.01392],[-79.00779,44.01801],[-78.98997,44.02203],[-78.98325,44.02344],[-78.97825,44.0246],[-78.97177,44.0258],[-78.96858,44.0267],[-78.95877,44.02882],[-78.94357,44.03212],[-78.92774,44.03574],[-78.90445,44.04091],[-78.87517,44.04734],[-78.87248,44.04143],[-78.80003,44.05778],[-78.7853,44.06126],[-78.78094,44.06224],[-78.76115,44.06685],[-78.75043,44.06941],[-78.70327,44.08046]]]},"properties":{"kind":"neighbour","name":"Scugog","region":"Durham","lp":[-79.02394,44.1333],"drive":76}},{"type":"Feature","geometry":{"type":"MultiPolygon","coordinates":[[[[-79.1965,44.3538],[-79.19452,44.3499],[-79.18616,44.33113],[-79.18042,44.31796],[-79.16997,44.29442],[-79.16444,44.2822],[-79.159,44.26984],[-79.15615,44.2632],[-79.15445,44.25936],[-79.1523,44.25406],[-79.13406,44.21073],[-79.12735,44.19482],[-79.12447,44.18827],[-79.1225,44.1833],[-79.12159,44.18346],[-79.10519,44.18716],[-79.10274,44.18768],[-79.08049,44.19269],[-79.08018,44.19281],[-79.06496,44.19622],[-79.05938,44.19761],[-79.03944,44.20214],[-79.02834,44.20458],[-79.01907,44.20656],[-79.00392,44.20988],[-78.99456,44.21178],[-78.98643,44.21336],[-78.95968,44.21901],[-78.95232,44.22071],[-78.95389,44.22428],[-78.95892,44.23606],[-78.96784,44.25786],[-78.96896,44.26065],[-78.97373,44.27316],[-78.97876,44.28504],[-78.98399,44.2969],[-78.98948,44.30945],[-78.99402,44.31958],[-78.99966,44.33179],[-79.00477,44.3433],[-79.01019,44.35529],[-79.01076,44.35642],[-79.01528,44.36667],[-79.02203,44.38093],[-79.02772,44.39321],[-79.04385,44.42963],[-79.04917,44.44145],[-79.05113,44.44618],[-79.06119,44.46888],[-79.0698,44.48811],[-79.07713,44.5048],[-79.08206,44.51629],[-79.08329,44.51624],[-79.09299,44.51643],[-79.09616,44.51374],[-79.10749,44.50927],[-79.11874,44.50786],[-79.12568,44.50651],[-79.13994,44.51374],[-79.14423,44.51166],[-79.14474,44.50823],[-79.14851,44.50027],[-79.15144,44.49941],[-79.15401,44.49586],[-79.15401,44.49414],[-79.15487,44.4906],[-79.15813,44.48741],[-79.15933,44.48546],[-79.15641,44.48117],[-79.15951,44.47933],[-79.15744,44.47811],[-79.15487,44.47737],[-79.15744,44.47553],[-79.16019,44.47406],[-79.16036,44.47235],[-79.16174,44.47137],[-79.16341,44.47142],[-79.16285,44.46958],[-79.16081,44.4692],[-79.1596,44.46865],[-79.1587,44.46771],[-79.15728,44.46506],[-79.15649,44.46235],[-79.15611,44.45889],[-79.15599,44.45634],[-79.15683,44.45104],[-79.15768,44.44817],[-79.15814,44.44574],[-79.15866,44.44427],[-79.16124,44.44123],[-79.16175,44.43935],[-79.16455,44.43394],[-79.16634,44.43257],[-79.16693,44.43081],[-79.1694,44.42743],[-79.17066,44.425],[-79.1718,44.42057],[-79.17317,44.41663],[-79.17341,44.41351],[-79.17302,44.41245],[-79.17112,44.4105],[-79.17015,44.40901],[-79.16999,44.406],[-79.17027,44.40349],[-79.17155,44.3995],[-79.17224,44.39833],[-79.17396,44.39449],[-79.17539,44.39209],[-79.17741,44.39019],[-79.17937,44.38778],[-79.18187,44.38396],[-79.1811,44.38256],[-79.18117,44.38152],[-79.18261,44.37928],[-79.18332,44.37853],[-79.18502,44.37574],[-79.18663,44.37346],[-79.18682,44.37236],[-79.18624,44.37101],[-79.18637,44.36993],[-79.18772,44.36779],[-79.19154,44.36417],[-79.19277,44.36264],[-79.19356,44.36089],[-79.19378,44.35822],[-79.19452,44.35725],[-79.1965,44.3538]]],[[[-79.21321,44.44615],[-79.21414,44.44826],[-79.21531,44.44936],[-79.21517,44.45069],[-79.21581,44.45229],[-79.21717,44.45385],[-79.21864,44.45482],[-79.22457,44.45548],[-79.22682,44.45603],[-79.23162,44.45613],[-79.23491,44.45526],[-79.23751,44.45545],[-79.23899,44.45673],[-79.24086,44.458],[-79.24252,44.45796],[-79.24704,44.45644],[-79.24928,44.45519],[-79.24991,44.45381],[-79.2507,44.4531],[-79.25211,44.453],[-79.2519,44.45173],[-79.25017,44.45032],[-79.2487,44.44954],[-79.24593,44.44915],[-79.24442,44.44837],[-79.24342,44.44829],[-79.24166,44.44938],[-79.23997,44.44918],[-79.23716,44.44774],[-79.23522,44.44572],[-79.23519,44.44421],[-79.23481,44.4426],[-79.23381,44.44209],[-79.23196,44.44222],[-79.23036,44.4411],[-79.22978,44.44037],[-79.2287,44.43724],[-79.22872,44.43634],[-79.2294,44.43593],[-79.23004,44.43458],[-79.23134,44.43353],[-79.23165,44.43256],[-79.23089,44.43156],[-79.22971,44.43108],[-79.22711,44.4309],[-79.22531,44.43228],[-79.22489,44.43293],[-79.22338,44.43387],[-79.22249,44.4339],[-79.22127,44.43568],[-79.21967,44.43641],[-79.21891,44.43813],[-79.21757,44.43995],[-79.21513,44.44109],[-79.21211,44.4416],[-79.21323,44.44292],[-79.21313,44.44379],[-79.21359,44.44503],[-79.21321,44.44615]]]]},"properties":{"kind":"neighbour","name":"Brock","region":"Durham","lp":[-79.07165,44.28334],"drive":92}}]}