{"type":"FeatureCollection", "features": [
{"type":"Feature","geometry":{"type":"MultiLineString","coordinates":[[[-80.60276,43.2257],[-80.60141,43.22985],[-80.60098,43.23079],[-80.60039,43.23168],[-80.59948,43.23261],[-80.59836,43.23347],[-80.59737,43.23402],[-80.59641,43.23446],[-80.59541,43.2348],[-80.59439,43.23507],[-80.58715,43.23669],[-80.58069,43.23819],[-80.57953,43.23859],[-80.57737,43.23963],[-80.57624,43.24031],[-80.57517,43.24115],[-80.57445,43.24179],[-80.57371,43.2426],[-80.57323,43.24322],[-80.57258,43.24429],[-80.57116,43.24729],[-80.5693,43.25104],[-80.5678,43.25425],[-80.56721,43.25535],[-80.56596,43.25712],[-80.56539,43.25776],[-80.56418,43.25893],[-80.5636,43.25941],[-80.56162,43.2609],[-80.55963,43.26236],[-80.55603,43.26495],[-80.55498,43.26563],[-80.55381,43.2663],[-80.5527,43.26685],[-80.55165,43.26729],[-80.5493,43.2681],[-80.54274,43.26986],[-80.53504,43.272],[-80.53335,43.2725],[-80.53166,43.27315],[-80.53029,43.27377],[-80.52919,43.27432],[-80.52814,43.27498],[-80.51816,43.28139],[-80.51098,43.28599],[-80.50343,43.29078],[-80.5006,43.29256],[-80.4991,43.29335],[-80.49791,43.29389],[-80.49504,43.29498],[-80.49024,43.29664],[-80.48922,43.29705],[-80.48831,43.29752],[-80.48675,43.29859],[-80.48524,43.30013],[-80.48296,43.3026],[-80.47405,43.31211],[-80.47103,43.31536],[-80.46907,43.31735],[-80.46827,43.31803],[-80.46716,43.31886],[-80.46603,43.31961],[-80.46029,43.32288],[-80.45693,43.32478],[-80.45397,43.32648],[-80.44993,43.32877],[-80.44637,43.33077],[-80.44464,43.3318],[-80.43655,43.33634],[-80.42828,43.34103],[-80.42502,43.34292],[-80.42125,43.34504],[-80.41987,43.34601],[-80.41887,43.34689],[-80.41767,43.3484],[-80.41725,43.34911],[-80.41688,43.35007],[-80.41663,43.351],[-80.41612,43.35589],[-80.41523,43.36506],[-80.41497,43.36655],[-80.41458,43.36783],[-80.41399,43.36919],[-80.41258,43.37152],[-80.40983,43.37637],[-80.40818,43.37933],[-80.40529,43.38441],[-80.40436,43.38589],[-80.40323,43.38729],[-80.40242,43.38815],[-80.40082,43.38947],[-80.39944,43.39043],[-80.39858,43.39095],[-80.39623,43.39227],[-80.39254,43.39431],[-80.38916,43.3962],[-80.38494,43.39852],[-80.38338,43.39935],[-80.37857,43.40205],[-80.37713,43.40282],[-80.3757,43.40349],[-80.36992,43.40563],[-80.36836,43.40628],[-80.36621,43.4074],[-80.36132,43.41031],[-80.35918,43.41152],[-80.35849,43.41185],[-80.35654,43.41258],[-80.35531,43.41291],[-80.35337,43.41326],[-80.35203,43.41337],[-80.33632,43.41366],[-80.32969,43.41389],[-80.32757,43.41393],[-80.32408,43.4141],[-80.32104,43.41421],[-80.31836,43.4142],[-80.30777,43.41459],[-80.30451,43.41476],[-80.30264,43.41492],[-80.30017,43.41532],[-80.29924,43.41554],[-80.29061,43.41804],[-80.2875,43.41893],[-80.28591,43.41951],[-80.28339,43.42056],[-80.27514,43.42409],[-80.27106,43.42576],[-80.26851,43.42673],[-80.26041,43.42931],[-80.25172,43.43205],[-80.24593,43.43395],[-80.24061,43.43554],[-80.23863,43.436],[-80.23447,43.43678],[-80.22375,43.43885],[-80.21509,43.44053],[-80.20735,43.44197],[-80.199,43.44355],[-80.1921,43.44488],[-80.18324,43.44649],[-80.17661,43.44771],[-80.17205,43.44863],[-80.16748,43.44946],[-80.16558,43.4497],[-80.16406,43.44979],[-80.16212,43.44982],[-80.15565,43.4497],[-80.14864,43.44955],[-80.13823,43.44938],[-80.13663,43.44944],[-80.1349,43.4496],[-80.13295,43.44993],[-80.1308,43.45044],[-80.12986,43.45074],[-80.12819,43.45135],[-80.12754,43.45163],[-80.11953,43.45529],[-80.11737,43.45615],[-80.11575,43.45667],[-80.11397,43.45714],[-80.10724,43.45905],[-80.10101,43.46078],[-80.09407,43.46273],[-80.08701,43.4647],[-80.06536,43.47077],[-80.06273,43.47142],[-80.0605,43.4718],[-80.05912,43.47192],[-80.051,43.47229],[-80.04773,43.47239],[-80.0396,43.47277],[-80.03841,43.47291],[-80.03585,43.47337],[-80.03314,43.47403],[-80.02583,43.47605],[-80.02191,43.47711],[-80.01839,43.47811],[-80.01427,43.47923],[-80.0117,43.47998],[-80.00672,43.48131],[-80.00541,43.48175],[-80.004,43.48231],[-80.00216,43.48321],[-79.99992,43.48443],[-79.99492,43.48722],[-79.99082,43.48943],[-79.98789,43.49108],[-79.98368,43.49338],[-79.98218,43.49402],[-79.9806,43.4945],[-79.97955,43.49471],[-79.97659,43.49502],[-79.97368,43.49527],[-79.9703,43.4956],[-79.96788,43.4958],[-79.96619,43.49605],[-79.9644,43.49655],[-79.96332,43.49699],[-79.96244,43.49744],[-79.96131,43.4982],[-79.96055,43.49886],[-79.95964,43.49984],[-79.95646,43.50404],[-79.9528,43.50871],[-79.95143,43.51024],[-79.94984,43.51165],[-79.94815,43.51286],[-79.9444,43.51521],[-79.93986,43.51803],[-79.93575,43.52061],[-79.9345,43.52142],[-79.9318,43.52299],[-79.9305,43.52361],[-79.92846,43.5242],[-79.92569,43.52459],[-79.9239,43.52478],[-79.92014,43.52523],[-79.91593,43.52569],[-79.91312,43.52603],[-79.91053,43.52625],[-79.90888,43.52657],[-79.90709,43.52709],[-79.9045,43.52821],[-79.90289,43.52898],[-79.89941,43.53051],[-79.8901,43.53479],[-79.8881,43.53569],[-79.88692,43.53615],[-79.88521,43.53673],[-79.88426,43.53699],[-79.88212,43.53745],[-79.87728,43.53819],[-79.87145,43.53898],[-79.86795,43.53966],[-79.86611,43.54027],[-79.86481,43.54079],[-79.8625,43.54193],[-79.86104,43.54278],[-79.8596,43.54385],[-79.85827,43.54501],[-79.85475,43.54818]],[[-79.86123,43.54309],[-79.86262,43.54221],[-79.8642,43.54146],[-79.86564,43.54087],[-79.86687,43.54043],[-79.86912,43.53976],[-79.87077,43.53943],[-79.8755,43.53871],[-79.88224,43.53775],[-79.88367,43.53746],[-79.88617,43.53676],[-79.88709,43.53643],[-79.88946,43.53542],[-79.89843,43.53135],[-79.90006,43.53056],[-79.90234,43.5295],[-79.90723,43.52727],[-79.90959,43.52663],[-79.91482,43.52603],[-79.92015,43.52536],[-79.92574,43.52475],[-79.92767,43.52451],[-79.92922,43.52425],[-79.9306,43.5238],[-79.93195,43.52323],[-79.94003,43.51823],[-79.94455,43.51545],[-79.94829,43.51308],[-79.95001,43.51192],[-79.95162,43.51049],[-79.95313,43.50887],[-79.95637,43.5045],[-79.95972,43.5001],[-79.96067,43.49905],[-79.96146,43.49835],[-79.96293,43.4974],[-79.96429,43.49678],[-79.96586,43.4963],[-79.96761,43.49599],[-79.97885,43.49497],[-79.98029,43.49474],[-79.98201,43.49427],[-79.98329,43.49376],[-79.98812,43.49117],[-79.99523,43.48727],[-80.0002,43.48453],[-80.00383,43.4826],[-80.00583,43.48178],[-80.00763,43.48124],[-80.01437,43.47944],[-80.01845,43.4783],[-80.02199,43.47733],[-80.0259,43.47628],[-80.02911,43.47538],[-80.03318,43.47428],[-80.03582,43.47354],[-80.03794,43.47315],[-80.03897,43.473],[-80.04037,43.47288],[-80.04185,43.47281],[-80.05094,43.47244],[-80.05512,43.47226],[-80.05915,43.47213],[-80.06173,43.47188],[-80.06281,43.47165],[-80.06543,43.47102],[-80.07989,43.46694],[-80.09417,43.46297],[-80.10732,43.45927],[-80.11583,43.45686],[-80.11753,43.45632],[-80.11937,43.45559],[-80.12154,43.45461],[-80.12315,43.45392],[-80.12575,43.45269],[-80.12817,43.45162],[-80.13029,43.45087],[-80.13227,43.45033],[-80.13349,43.45007],[-80.13526,43.4498],[-80.13774,43.44961],[-80.13894,43.44961],[-80.14504,43.44975],[-80.14861,43.44982],[-80.15213,43.44991],[-80.15565,43.44998],[-80.1634,43.45004],[-80.16468,43.44998],[-80.16728,43.4497],[-80.16963,43.44925],[-80.1766,43.44799],[-80.18372,43.4466],[-80.18715,43.44597],[-80.18886,43.44562],[-80.19214,43.445],[-80.19904,43.44379],[-80.20738,43.44229],[-80.21516,43.44074],[-80.22378,43.4391],[-80.2345,43.437],[-80.23743,43.43644],[-80.2402,43.43588],[-80.24078,43.43572],[-80.24919,43.43308],[-80.25186,43.4323],[-80.26046,43.42949],[-80.26859,43.42699],[-80.27116,43.426],[-80.27503,43.42435],[-80.27733,43.4234],[-80.28331,43.42088],[-80.2865,43.41955],[-80.28745,43.4192],[-80.29163,43.41791],[-80.29806,43.41607],[-80.30003,43.41557],[-80.30127,43.41532],[-80.30293,43.4151],[-80.30457,43.41497],[-80.30651,43.4149],[-80.31016,43.41485],[-80.31415,43.41471],[-80.32063,43.41444],[-80.3256,43.41422],[-80.33284,43.41401],[-80.34358,43.41382],[-80.34589,43.41376],[-80.35053,43.4137],[-80.3525,43.41363],[-80.35361,43.41352],[-80.35584,43.41309],[-80.3569,43.41279],[-80.35798,43.41241],[-80.35977,43.4116],[-80.36302,43.40968],[-80.3652,43.40837],[-80.36757,43.40698],[-80.36993,43.40584],[-80.37196,43.40503],[-80.37444,43.40417],[-80.37557,43.40374],[-80.37707,43.40306],[-80.37956,43.40175],[-80.38178,43.40052],[-80.38506,43.39884],[-80.38746,43.39753],[-80.39627,43.3926],[-80.39933,43.39076],[-80.4007,43.38991],[-80.40241,43.38853],[-80.40424,43.38657],[-80.4047,43.38592],[-80.40689,43.38231],[-80.41018,43.37657],[-80.41285,43.37175],[-80.41413,43.36953],[-80.41479,43.36807],[-80.41525,43.36674],[-80.41551,43.36498],[-80.41643,43.35579],[-80.41672,43.35207],[-80.41686,43.35089],[-80.41711,43.35003],[-80.41752,43.34907],[-80.4179,43.34842],[-80.41893,43.3471],[-80.42007,43.34612],[-80.42134,43.34529],[-80.42845,43.34127],[-80.43283,43.33877],[-80.43665,43.33661],[-80.44236,43.3333],[-80.44874,43.32969],[-80.45138,43.32817],[-80.45699,43.32501],[-80.46041,43.32314],[-80.46333,43.32145],[-80.46615,43.31986],[-80.46726,43.31913],[-80.46842,43.3183],[-80.46935,43.31751],[-80.47032,43.31656],[-80.4712,43.31559],[-80.47712,43.30931],[-80.48017,43.30604],[-80.48624,43.29949],[-80.48698,43.29879],[-80.48764,43.29827],[-80.48933,43.29729],[-80.49047,43.29679],[-80.49423,43.29546],[-80.49796,43.29411],[-80.49924,43.29355],[-80.50069,43.29277],[-80.50356,43.29103],[-80.50726,43.28868],[-80.51531,43.28352],[-80.51832,43.28162],[-80.52255,43.27885],[-80.52594,43.27675],[-80.5283,43.27523],[-80.52938,43.27457],[-80.5304,43.27403],[-80.53183,43.27336],[-80.53347,43.27273],[-80.53512,43.27224],[-80.54943,43.26834],[-80.5518,43.26756],[-80.55286,43.26712],[-80.55402,43.26657],[-80.55622,43.26521],[-80.55974,43.26253],[-80.56175,43.26106],[-80.56374,43.25955],[-80.56491,43.25857],[-80.56611,43.25728],[-80.56713,43.25609],[-80.56794,43.25479],[-80.56964,43.2512],[-80.57141,43.24731],[-80.57282,43.24433],[-80.57349,43.24328],[-80.57427,43.2423],[-80.57532,43.24128],[-80.57643,43.24043],[-80.57744,43.23979],[-80.57887,43.23909],[-80.57975,43.23872],[-80.58126,43.23822],[-80.58719,43.23685],[-80.59446,43.23529],[-80.5955,43.235],[-80.5965,43.23465],[-80.5974,43.23424],[-80.59851,43.23363],[-80.59957,43.23285],[-80.60045,43.23203]],[[-79.78819,43.60047],[-79.79072,43.6002],[-79.7935,43.59966],[-79.79516,43.59919],[-79.79702,43.59853],[-79.79828,43.59798],[-79.79989,43.59714],[-79.80206,43.59567],[-79.80272,43.59515],[-79.80528,43.59294],[-79.80706,43.59129],[-79.80727,43.59114],[-79.80949,43.58915],[-79.81127,43.58752],[-79.81262,43.58635],[-79.81466,43.5845],[-79.82008,43.57967],[-79.8272,43.57324],[-79.83068,43.57015],[-79.83255,43.56851],[-79.83812,43.56343],[-79.83947,43.56226],[-79.84555,43.55678],[-79.84876,43.55395],[-79.85671,43.54685],[-79.85839,43.54525],[-79.86025,43.5437],[-79.86123,43.54309]],[[-79.81263,43.58654],[-79.8142,43.5854],[-79.81648,43.58379],[-79.81722,43.58321],[-79.81841,43.58207],[-79.82105,43.5792],[-79.8223,43.57793],[-79.82555,43.57507],[-79.82662,43.57404],[-79.82819,43.57265],[-79.83424,43.56721],[-79.83486,43.56669],[-79.83761,43.56421],[-79.83998,43.56211],[-79.84578,43.55688],[-79.84768,43.55519],[-79.84866,43.55427],[-79.85754,43.54636],[-79.8598,43.54423],[-79.86123,43.54309]],[[-79.85475,43.54818],[-79.85454,43.54829],[-79.85093,43.55141],[-79.84597,43.55584],[-79.84304,43.55854],[-79.83632,43.56452],[-79.83169,43.56869],[-79.82558,43.57414],[-79.82386,43.57566],[-79.82141,43.57787],[-79.81921,43.5798],[-79.8169,43.58186],[-79.81539,43.5834],[-79.81403,43.58468]],[[-79.85475,43.54818],[-79.85437,43.54855],[-79.85033,43.55223],[-79.84898,43.55341],[-79.84535,43.5567],[-79.84195,43.55973],[-79.83956,43.56191],[-79.83796,43.56329],[-79.83285,43.56785],[-79.82645,43.57362],[-79.82308,43.57661],[-79.81969,43.57965],[-79.81512,43.5838],[-79.81403,43.58468]],[[-79.81403,43.58468],[-79.81102,43.58742],[-79.81003,43.58834],[-79.80977,43.58859],[-79.80849,43.58969],[-79.80232,43.59525],[-79.80076,43.59636],[-79.7992,43.59725],[-79.79629,43.59853],[-79.79444,43.59912],[-79.79341,43.59935],[-79.79291,43.59955],[-79.79062,43.59995],[-79.78723,43.60031],[-79.78343,43.60048],[-79.77908,43.60078],[-79.77605,43.60105],[-79.77185,43.6014],[-79.77034,43.60149]],[[-79.59063,43.66899],[-79.59829,43.66625],[-79.60579,43.66348],[-79.60814,43.66251],[-79.61003,43.66169],[-79.61408,43.65977],[-79.61718,43.65808],[-79.62021,43.65635],[-79.62327,43.65465],[-79.62514,43.65367],[-79.62915,43.65173],[-79.63237,43.65036],[-79.63551,43.64912],[-79.63917,43.6477],[-79.64597,43.64501],[-79.65082,43.6431],[-79.65361,43.64202],[-79.65586,43.64113],[-79.65902,43.6399],[-79.6629,43.63837],[-79.66942,43.63584],[-79.66993,43.63563],[-79.67755,43.63263],[-79.68663,43.62909],[-79.69252,43.62673],[-79.69735,43.62488],[-79.70007,43.62381],[-79.7034,43.62245],[-79.70719,43.62099],[-79.71364,43.61845],[-79.71464,43.61807],[-79.71916,43.61627],[-79.72671,43.61329],[-79.7298,43.61212],[-79.73533,43.61013],[-79.73905,43.60863],[-79.74159,43.60754],[-79.74692,43.60535],[-79.7488,43.60461],[-79.75061,43.604],[-79.75233,43.60351],[-79.75375,43.60319],[-79.75595,43.60289],[-79.75737,43.60276],[-79.76356,43.6023],[-79.77599,43.60135],[-79.78063,43.60101],[-79.78298,43.60082],[-79.78819,43.60047]],[[-79.59285,43.6685],[-79.5936,43.6682],[-79.59765,43.66672],[-79.59964,43.66602],[-79.60282,43.66485],[-79.60587,43.66377],[-79.60885,43.66264],[-79.61152,43.66149],[-79.61332,43.66059],[-79.61508,43.65956],[-79.61732,43.65831],[-79.6203,43.65659],[-79.62356,43.65478],[-79.6263,43.65336],[-79.62856,43.65229],[-79.63017,43.65157],[-79.63298,43.65038],[-79.63864,43.64815],[-79.64013,43.64761],[-79.64652,43.64536],[-79.65117,43.64378],[-79.65272,43.64319],[-79.65681,43.6414],[-79.65823,43.64075],[-79.66228,43.63898],[-79.66496,43.63779],[-79.66745,43.63683],[-79.67293,43.63494],[-79.67763,43.63305],[-79.6814,43.63147],[-79.68288,43.63083],[-79.68579,43.62964],[-79.69033,43.62786],[-79.69412,43.6265],[-79.69543,43.62598],[-79.69828,43.62476],[-79.70176,43.62336],[-79.70441,43.62226],[-79.70893,43.62055],[-79.71299,43.61889],[-79.71446,43.61833],[-79.72051,43.61593],[-79.72639,43.61363],[-79.72877,43.61273],[-79.73538,43.6103],[-79.73812,43.60924],[-79.74404,43.6067],[-79.74862,43.60487],[-79.75081,43.60411],[-79.75228,43.60371],[-79.75476,43.60324],[-79.757,43.60297],[-79.76109,43.60265],[-79.77874,43.60132],[-79.78405,43.60089],[-79.78819,43.60047]],[[-79.77034,43.60149],[-79.76633,43.60169],[-79.76368,43.60187],[-79.7577,43.60235],[-79.75522,43.60259],[-79.7532,43.60293],[-79.75221,43.60314],[-79.75015,43.60374],[-79.74845,43.60432],[-79.74547,43.60548],[-79.74321,43.60641],[-79.73779,43.60858],[-79.73508,43.60958],[-79.7308,43.6113],[-79.7303,43.61148],[-79.72433,43.61377],[-79.71888,43.6158],[-79.71347,43.61805],[-79.70971,43.61949],[-79.70654,43.62074],[-79.70285,43.62222],[-79.70081,43.62296],[-79.6947,43.62541],[-79.69083,43.62699],[-79.68923,43.62759],[-79.68505,43.62926],[-79.67901,43.63163],[-79.67726,43.63229],[-79.67189,43.63443],[-79.67038,43.63508],[-79.66454,43.63735],[-79.66297,43.63787],[-79.66079,43.63832],[-79.65957,43.63862],[-79.65737,43.63929],[-79.65558,43.63992],[-79.6538,43.64063],[-79.65245,43.64121],[-79.65197,43.64142],[-79.65049,43.64214],[-79.64798,43.64342],[-79.64571,43.64452],[-79.64256,43.64585],[-79.63528,43.64867],[-79.63102,43.65038],[-79.62899,43.65128],[-79.62585,43.65274],[-79.62258,43.65432],[-79.61961,43.65572]],[[-79.77034,43.60149],[-79.76921,43.60168],[-79.76457,43.60201],[-79.75855,43.60247],[-79.75606,43.60268],[-79.75462,43.60283],[-79.75313,43.60311],[-79.75137,43.60354],[-79.74976,43.60402],[-79.74888,43.60433],[-79.74262,43.60682],[-79.74088,43.60756],[-79.73767,43.60897],[-79.73563,43.60981],[-79.72953,43.61201],[-79.72632,43.6132],[-79.72227,43.61483],[-79.71675,43.61698],[-79.71245,43.61864],[-79.70619,43.62116],[-79.70269,43.62252],[-79.70031,43.6234],[-79.69717,43.62463],[-79.69348,43.62613],[-79.68913,43.62783],[-79.68099,43.63103],[-79.67637,43.63282],[-79.67015,43.63532],[-79.66751,43.63635],[-79.66405,43.63774],[-79.66032,43.63917],[-79.65799,43.64009],[-79.65539,43.6411],[-79.6534,43.64186],[-79.64908,43.64357],[-79.64534,43.64504],[-79.63546,43.64887],[-79.62912,43.65148],[-79.62604,43.65294],[-79.62274,43.65465],[-79.61962,43.6564],[-79.61768,43.65756],[-79.6147,43.65919],[-79.61179,43.66063],[-79.60956,43.66166],[-79.60901,43.66186],[-79.6052,43.66345],[-79.5982,43.66602],[-79.5934,43.66775],[-79.59052,43.66881]],[[-79.61044,43.6606],[-79.60974,43.66105],[-79.60844,43.66176],[-79.60707,43.6624],[-79.60417,43.66357],[-79.59528,43.66683],[-79.59403,43.66724]],[[-79.06955,43.83952],[-79.06979,43.83946],[-79.0715,43.83869],[-79.07555,43.83695],[-79.07868,43.83551],[-79.08093,43.83443],[-79.08894,43.83071],[-79.09359,43.82858],[-79.09931,43.82593],[-79.10557,43.82314],[-79.10678,43.82256],[-79.1108,43.81962],[-79.11333,43.81784],[-79.11481,43.81683],[-79.11706,43.81536],[-79.12216,43.8121],[-79.12375,43.81115],[-79.12545,43.81027],[-79.12977,43.80746],[-79.13325,43.80558],[-79.13499,43.80454]],[[-79.06955,43.83952],[-79.07053,43.83901],[-79.0749,43.83701],[-79.08814,43.83088],[-79.10032,43.82526],[-79.10406,43.82355],[-79.1058,43.82266],[-79.10684,43.82204],[-79.10834,43.82103],[-79.11353,43.81741],[-79.1155,43.8161],[-79.12127,43.81241],[-79.12451,43.81041],[-79.12604,43.80952],[-79.12782,43.80839],[-79.1303,43.80691],[-79.13337,43.80523],[-79.13497,43.80427]],[[-79.13488,43.80404],[-79.13329,43.805],[-79.12994,43.80685],[-79.12848,43.80769],[-79.12598,43.80931],[-79.12445,43.81025],[-79.12284,43.81119],[-79.12114,43.81223],[-79.11942,43.81334],[-79.11714,43.81486],[-79.11481,43.81633],[-79.1133,43.81733],[-79.10961,43.81989],[-79.10677,43.82188],[-79.10531,43.8227],[-79.10396,43.82339],[-79.09643,43.82684],[-79.09431,43.82783],[-79.08368,43.83273],[-79.08125,43.83387],[-79.07814,43.83529],[-79.0718,43.83825],[-79.07079,43.83869]],[[-79.13479,43.80383],[-79.1332,43.80479],[-79.1316,43.80571],[-79.12832,43.80754],[-79.12523,43.80953],[-79.12078,43.81222],[-79.11891,43.8134],[-79.11424,43.81651],[-79.11145,43.81828],[-79.10925,43.81975],[-79.10704,43.82142],[-79.10619,43.82196],[-79.10447,43.82288],[-79.10349,43.82333],[-79.09731,43.82625],[-79.09223,43.82857],[-79.07986,43.83429],[-79.0787,43.83486],[-79.07454,43.83677],[-79.07352,43.83726],[-79.07079,43.83869]],[[-79.07079,43.83869],[-79.06609,43.84081],[-79.05995,43.84365],[-79.05731,43.84491],[-79.05631,43.84542],[-79.05515,43.84588],[-79.05361,43.84633],[-79.05074,43.84687],[-79.04711,43.84761],[-79.04625,43.84783],[-79.04472,43.84811],[-79.04019,43.84902],[-79.03522,43.84993],[-79.0306,43.85093],[-79.02266,43.85287],[-79.01716,43.85425],[-79.01324,43.85517],[-79.01005,43.85586],[-79.00778,43.85631],[-79.00362,43.85718],[-78.99964,43.85812],[-78.99677,43.85878],[-78.99316,43.85967],[-78.98679,43.86128],[-78.98216,43.86268],[-78.97884,43.86358],[-78.97562,43.86431],[-78.97379,43.86467],[-78.97145,43.86509],[-78.96748,43.86566],[-78.96086,43.86665],[-78.95823,43.86699],[-78.95702,43.8671],[-78.95551,43.86715],[-78.95306,43.86707],[-78.94705,43.86672],[-78.94128,43.86643],[-78.93922,43.86629],[-78.92956,43.86577],[-78.92469,43.86556],[-78.92202,43.86562],[-78.92036,43.86577],[-78.91806,43.86615],[-78.91584,43.86664],[-78.91198,43.86754],[-78.90625,43.86891],[-78.90408,43.86939],[-78.90133,43.87004],[-78.89322,43.87188],[-78.88886,43.87291],[-78.88708,43.8733],[-78.8832,43.87424],[-78.88168,43.87466],[-78.87486,43.87674],[-78.86951,43.87836],[-78.86902,43.87845],[-78.86332,43.87978],[-78.85945,43.88067],[-78.85788,43.88106],[-78.85557,43.88154],[-78.85301,43.88212],[-78.84823,43.88326],[-78.84684,43.88354],[-78.84399,43.88422],[-78.8407,43.88495],[-78.83556,43.88616],[-78.8333,43.88658],[-78.83099,43.88686],[-78.82786,43.88704],[-78.82603,43.88705],[-78.82379,43.88694],[-78.8223,43.88678],[-78.8207,43.88656],[-78.81876,43.88618],[-78.81686,43.88571],[-78.81482,43.88509],[-78.81312,43.88449],[-78.81069,43.88343],[-78.80896,43.88252],[-78.80753,43.88168],[-78.80314,43.87868],[-78.80142,43.87769],[-78.80048,43.87725],[-78.79885,43.87662],[-78.79744,43.87618],[-78.79577,43.87579],[-78.79491,43.87564],[-78.79267,43.87539],[-78.79095,43.87535],[-78.78853,43.87546],[-78.78606,43.87578],[-78.77245,43.87751],[-78.76876,43.87802],[-78.76377,43.87861],[-78.76068,43.87902],[-78.75593,43.87962],[-78.75314,43.87999],[-78.74048,43.8816],[-78.73655,43.88209],[-78.73004,43.88295],[-78.72205,43.88397],[-78.71854,43.8844],[-78.71163,43.88529],[-78.70885,43.88579],[-78.70682,43.88635],[-78.70518,43.88695],[-78.69988,43.88943],[-78.69424,43.89217],[-78.69223,43.89319],[-78.68909,43.8946],[-78.68758,43.89519],[-78.6835,43.89662],[-78.68036,43.89754],[-78.67933,43.89781],[-78.67524,43.89872],[-78.67118,43.89941],[-78.66779,43.8998],[-78.66483,43.90003],[-78.65663,43.90059],[-78.65297,43.90088],[-78.64883,43.90115],[-78.6407,43.90173],[-78.63231,43.90231],[-78.62837,43.9026],[-78.62601,43.90275],[-78.62369,43.90301],[-78.61847,43.9038],[-78.6165,43.90422],[-78.60778,43.906],[-78.60336,43.90692],[-78.59831,43.90795],[-78.59365,43.90893],[-78.58753,43.91019],[-78.58462,43.91077],[-78.57923,43.9119],[-78.57598,43.91255],[-78.5716,43.91346],[-78.56187,43.91545],[-78.55739,43.91638],[-78.55315,43.91724],[-78.54809,43.9183],[-78.53494,43.92099],[-78.52925,43.92217],[-78.52387,43.92326],[-78.5194,43.9242],[-78.51042,43.92623],[-78.50122,43.92828],[-78.497,43.92924],[-78.49493,43.92967],[-78.49145,43.93046],[-78.48861,43.93108],[-78.48618,43.93166],[-78.483,43.93233],[-78.47765,43.93354],[-78.47264,43.9347],[-78.46748,43.93578],[-78.4629,43.93685],[-78.45397,43.93884],[-78.44921,43.93988],[-78.44419,43.94096],[-78.4404,43.94183],[-78.42984,43.94416],[-78.42524,43.9452],[-78.42149,43.94603],[-78.41532,43.94742],[-78.40571,43.94954],[-78.39656,43.95158],[-78.3885,43.95336],[-78.3804,43.95516],[-78.3761,43.95615],[-78.37256,43.95693],[-78.36849,43.95786],[-78.36449,43.95873],[-78.36061,43.95962],[-78.35642,43.96051],[-78.35236,43.96143],[-78.34822,43.96235],[-78.33525,43.9652],[-78.33414,43.9654],[-78.33145,43.96581],[-78.33046,43.96593],[-78.32453,43.9665],[-78.31819,43.96709],[-78.31636,43.9673],[-78.31435,43.96747],[-78.31036,43.96772],[-78.30838,43.96789],[-78.30204,43.96852],[-78.29784,43.96904],[-78.29589,43.96924],[-78.29145,43.96963],[-78.28827,43.96995],[-78.2841,43.97034],[-78.2816,43.97055],[-78.28019,43.97074],[-78.27849,43.97108],[-78.27604,43.97166],[-78.2682,43.97369],[-78.25612,43.97673],[-78.25174,43.9778],[-78.24783,43.97878],[-78.24367,43.9798],[-78.23596,43.98172],[-78.23182,43.98276],[-78.23046,43.98304],[-78.22929,43.98322],[-78.22725,43.98328],[-78.22532,43.98306],[-78.22396,43.98276],[-78.22123,43.9819],[-78.21754,43.98065],[-78.21461,43.97973],[-78.21316,43.97935],[-78.21144,43.97901],[-78.20995,43.97882],[-78.20687,43.97865],[-78.20514,43.97868],[-78.20375,43.9788],[-78.20218,43.97899],[-78.20039,43.97931],[-78.19501,43.98019]],[[-78.19649,43.98013],[-78.19846,43.97979],[-78.20176,43.97926],[-78.2035,43.97902],[-78.20511,43.9789],[-78.20685,43.97885],[-78.20992,43.97904],[-78.21138,43.97927],[-78.21311,43.9796],[-78.21437,43.97992],[-78.21749,43.98091],[-78.22367,43.98291],[-78.22482,43.98318],[-78.22578,43.98334],[-78.22722,43.98347],[-78.22929,43.98339],[-78.23053,43.98319],[-78.23183,43.9829],[-78.24374,43.98001],[-78.24785,43.979],[-78.25182,43.97798],[-78.26016,43.9759],[-78.26822,43.97388],[-78.27608,43.97187],[-78.27853,43.97122],[-78.27936,43.97105],[-78.28131,43.97078],[-78.2841,43.97054],[-78.28825,43.97009],[-78.2971,43.96924],[-78.30441,43.96864],[-78.30841,43.96823],[-78.31236,43.96785],[-78.31641,43.96743],[-78.32843,43.96629],[-78.33141,43.96598],[-78.33421,43.96557],[-78.3356,43.9653],[-78.3404,43.9643],[-78.34437,43.96343],[-78.34846,43.9625],[-78.35653,43.96071],[-78.36063,43.95978],[-78.36461,43.95891],[-78.37271,43.9571],[-78.37616,43.9563],[-78.38038,43.95535],[-78.3817,43.95507],[-78.39362,43.95241],[-78.39665,43.95178],[-78.4027,43.95045],[-78.41023,43.94874],[-78.41539,43.94761],[-78.42153,43.94621],[-78.42981,43.94434],[-78.43498,43.94321],[-78.44048,43.94205],[-78.44923,43.94011],[-78.454,43.93904],[-78.46299,43.93704],[-78.46752,43.93606],[-78.478,43.93362],[-78.48312,43.93247],[-78.48916,43.93115],[-78.49152,43.9306],[-78.49702,43.9294],[-78.50123,43.92845],[-78.51046,43.92639],[-78.51951,43.92435],[-78.52394,43.92343],[-78.53524,43.92112],[-78.55318,43.91742],[-78.56679,43.9146],[-78.56717,43.91453],[-78.57874,43.91214],[-78.58124,43.91164],[-78.59367,43.90907],[-78.59836,43.90812],[-78.60784,43.90614],[-78.61818,43.90404],[-78.62125,43.90353],[-78.62377,43.90317],[-78.6259,43.90294],[-78.62838,43.90276],[-78.6324,43.9025],[-78.637,43.90212],[-78.64151,43.9018],[-78.6503,43.9012],[-78.65666,43.90073],[-78.66645,43.90007],[-78.67127,43.89955],[-78.67322,43.89924],[-78.67533,43.89886],[-78.67945,43.89795],[-78.68344,43.89683],[-78.68524,43.89625],[-78.68958,43.89459],[-78.69229,43.89341],[-78.69539,43.89188],[-78.7,43.88963],[-78.70419,43.88756],[-78.70504,43.8872],[-78.70682,43.88658],[-78.70924,43.88591],[-78.71078,43.88561],[-78.71457,43.88511],[-78.72214,43.88415],[-78.7265,43.88361],[-78.73614,43.88237],[-78.74866,43.88079],[-78.76045,43.87929],[-78.7633,43.87889],[-78.77261,43.87771],[-78.77459,43.87748],[-78.77873,43.87692],[-78.78757,43.87579],[-78.78906,43.87562],[-78.79051,43.87555],[-78.79221,43.87555],[-78.79397,43.87569],[-78.79574,43.87597],[-78.79735,43.87635],[-78.79892,43.87683],[-78.80059,43.87751],[-78.80219,43.87833],[-78.80406,43.87954],[-78.80714,43.88166],[-78.80881,43.88269],[-78.81149,43.88402],[-78.81296,43.88463],[-78.8149,43.88532],[-78.81755,43.88606],[-78.81886,43.88636],[-78.82066,43.8867],[-78.82237,43.88694],[-78.82415,43.88711],[-78.82593,43.88719],[-78.82897,43.88714],[-78.83099,43.88702],[-78.83233,43.88686],[-78.83488,43.88645],[-78.8365,43.88612],[-78.84069,43.88509],[-78.84432,43.8843],[-78.85173,43.8826],[-78.8553,43.88175],[-78.85942,43.88086],[-78.86339,43.87991],[-78.86848,43.87879],[-78.87023,43.87836],[-78.88259,43.87455],[-78.89366,43.87197],[-78.89754,43.8711],[-78.9013,43.87022],[-78.91495,43.86708],[-78.91813,43.86633],[-78.91925,43.86611],[-78.92207,43.8658],[-78.92392,43.86573],[-78.92632,43.86579],[-78.94127,43.86662],[-78.94508,43.86687],[-78.94778,43.86698],[-78.95304,43.86725],[-78.95552,43.86732],[-78.95779,43.86726],[-78.96016,43.86694],[-78.96929,43.86559],[-78.97294,43.86502],[-78.97563,43.8645],[-78.97853,43.86381],[-78.98112,43.86316],[-78.98398,43.86231],[-78.98612,43.8617],[-78.99111,43.86039],[-78.99578,43.85922],[-78.99712,43.85891],[-79.00142,43.85784],[-79.00279,43.85753],[-79.00687,43.85667],[-79.01337,43.85541],[-79.01717,43.85452],[-79.0216,43.85343],[-79.02764,43.85183],[-79.03115,43.85103],[-79.03347,43.85059],[-79.03766,43.84974],[-79.04146,43.84901],[-79.05367,43.84659],[-79.05517,43.84615],[-79.05631,43.84571],[-79.05733,43.84524],[-79.0591,43.84434],[-79.06095,43.84347],[-79.06466,43.84181],[-79.06779,43.84032],[-79.06955,43.83952]]]},"properties":{"route":"401","name":"Highway 401","toll":false}},
{"type":"Feature","geometry":{"type":"MultiLineString","coordinates":[[[-79.65721,43.82135],[-79.65568,43.81972],[-79.65467,43.81819],[-79.65415,43.81725],[-79.65326,43.81512],[-79.65246,43.81338],[-79.65203,43.81266],[-79.65089,43.81115],[-79.64945,43.80971],[-79.64591,43.80667],[-79.64462,43.80551],[-79.64252,43.80351],[-79.64203,43.8029],[-79.64116,43.80165],[-79.64004,43.79959],[-79.63961,43.79826],[-79.63922,43.79662],[-79.63878,43.79424],[-79.63833,43.79202],[-79.63777,43.78895],[-79.63698,43.78492],[-79.63535,43.77688],[-79.63517,43.7755],[-79.63467,43.77292],[-79.63422,43.77042],[-79.63415,43.76964],[-79.63371,43.76718],[-79.63343,43.76495],[-79.63334,43.76337],[-79.63312,43.76155],[-79.63287,43.75994],[-79.63181,43.75502],[-79.63161,43.75404],[-79.63113,43.75185],[-79.63098,43.75106]],[[-79.63068,43.75113],[-79.63074,43.75141],[-79.63084,43.7519],[-79.6313,43.75409],[-79.63136,43.75438],[-79.63151,43.75509],[-79.63187,43.75686],[-79.63202,43.75754],[-79.63278,43.76154],[-79.63314,43.76569],[-79.6337,43.76906],[-79.63419,43.77252],[-79.63467,43.77548],[-79.63494,43.77693],[-79.63654,43.78486],[-79.63749,43.79026],[-79.63759,43.79158],[-79.6377,43.79442],[-79.6378,43.79529],[-79.63815,43.79673],[-79.63866,43.79823],[-79.63932,43.79969],[-79.64017,43.80115],[-79.64074,43.802],[-79.64243,43.80409],[-79.64421,43.80573],[-79.64745,43.80851],[-79.64966,43.81049],[-79.65103,43.81205],[-79.65232,43.81417],[-79.65331,43.81655],[-79.65414,43.81831],[-79.65527,43.82003]],[[-79.62742,43.73366],[-79.62665,43.73016],[-79.62639,43.72941],[-79.62569,43.72788],[-79.62294,43.72297],[-79.62172,43.72084],[-79.61915,43.71626],[-79.61573,43.71041],[-79.61446,43.70821],[-79.61422,43.7079],[-79.6104,43.70183],[-79.60713,43.69673],[-79.60488,43.69299],[-79.60295,43.68912],[-79.60236,43.68809],[-79.60139,43.68664],[-79.60065,43.68566],[-79.59985,43.68481],[-79.59946,43.68451]],[[-79.59952,43.68493],[-79.60037,43.68576],[-79.60172,43.68758],[-79.60224,43.68845],[-79.60364,43.69124],[-79.60472,43.69334],[-79.6064,43.69616],[-79.60731,43.69756],[-79.60858,43.69961],[-79.60959,43.70115],[-79.61237,43.70565],[-79.61342,43.70729],[-79.61565,43.71107],[-79.61749,43.71414],[-79.61783,43.71466],[-79.6198,43.7181],[-79.62363,43.72494],[-79.62497,43.72727],[-79.62564,43.72853],[-79.62613,43.72968],[-79.62641,43.73062],[-79.62686,43.73262]]]},"properties":{"route":"427","name":"Highway 427","toll":false}},
{"type":"Feature","geometry":{"type":"MultiLineString","coordinates":[[[-79.66678,43.64428],[-79.66942,43.6463],[-79.67322,43.64916],[-79.6801,43.65413],[-79.6834,43.65657],[-79.68645,43.65888],[-79.69146,43.66264],[-79.69294,43.66371],[-79.69825,43.66768],[-79.69938,43.66861],[-79.70073,43.66961],[-79.70162,43.67045],[-79.70208,43.67097],[-79.70293,43.67217],[-79.70326,43.67277],[-79.7047,43.67592],[-79.70504,43.67658],[-79.70563,43.67796],[-79.70681,43.68056],[-79.70796,43.68236],[-79.70904,43.68368],[-79.71046,43.68508],[-79.71217,43.6864],[-79.7164,43.68956],[-79.71852,43.69117],[-79.72008,43.69228],[-79.72343,43.69481],[-79.72976,43.69952],[-79.73456,43.70305],[-79.74251,43.70883],[-79.74833,43.71311],[-79.75209,43.71591],[-79.75639,43.71908],[-79.76107,43.7226],[-79.76313,43.72404],[-79.76487,43.72549],[-79.76571,43.7264],[-79.76928,43.73081],[-79.76998,43.73163],[-79.77112,43.73274],[-79.77228,43.73372],[-79.7751,43.73593],[-79.77712,43.73758],[-79.77848,43.73858],[-79.78064,43.74027],[-79.78258,43.74185],[-79.78386,43.743],[-79.78652,43.74574],[-79.78906,43.74901],[-79.79176,43.75257],[-79.79265,43.75366],[-79.79316,43.75418],[-79.79406,43.75491],[-79.79519,43.7556],[-79.7962,43.75607],[-79.79756,43.75652],[-79.79905,43.75682],[-79.80012,43.75696],[-79.80134,43.757],[-79.80325,43.75682],[-79.80459,43.75651],[-79.80599,43.75605],[-79.80717,43.75548],[-79.80852,43.75461],[-79.81131,43.75261],[-79.81333,43.75129],[-79.8159,43.7498],[-79.81815,43.74863],[-79.82221,43.7467],[-79.82353,43.74597],[-79.82443,43.74541],[-79.82782,43.7427],[-79.82868,43.74222],[-79.82968,43.7418],[-79.83035,43.7416],[-79.83182,43.74138],[-79.83303,43.74138],[-79.83419,43.74155],[-79.83576,43.74205],[-79.83675,43.74262],[-79.83814,43.74362]],[[-79.83675,43.74236],[-79.83547,43.74173],[-79.83407,43.74135],[-79.83276,43.74119],[-79.83182,43.74118],[-79.83089,43.74128],[-79.82989,43.7415],[-79.82894,43.74184],[-79.82779,43.74245],[-79.82706,43.74301],[-79.8257,43.74418],[-79.82392,43.74556],[-79.82224,43.74651],[-79.81806,43.74852],[-79.81637,43.74941],[-79.81434,43.75053],[-79.81321,43.7512],[-79.81013,43.75325],[-79.80787,43.75483],[-79.80642,43.75569],[-79.80546,43.75609],[-79.80452,43.75638],[-79.80282,43.75672],[-79.80144,43.75683],[-79.80009,43.75679],[-79.79788,43.75644],[-79.7963,43.75592],[-79.79461,43.75509],[-79.79383,43.75453],[-79.79274,43.75348],[-79.78945,43.74926],[-79.78844,43.74786],[-79.78734,43.74648],[-79.78649,43.7455],[-79.7843,43.74319],[-79.78275,43.74179],[-79.78071,43.74011],[-79.77622,43.73657],[-79.77236,43.73357],[-79.7711,43.73247],[-79.77011,43.73148],[-79.7684,43.72941],[-79.76609,43.72656],[-79.76512,43.72544],[-79.76406,43.72442],[-79.76261,43.72327],[-79.7612,43.7222],[-79.75384,43.71674],[-79.74846,43.71276],[-79.74543,43.71055],[-79.74202,43.70801],[-79.7381,43.70518],[-79.73044,43.69948],[-79.72819,43.69784],[-79.72677,43.69674],[-79.72401,43.69468],[-79.71561,43.68845],[-79.71376,43.68711],[-79.71144,43.68536],[-79.71086,43.68487],[-79.70934,43.68337],[-79.70868,43.68262],[-79.70826,43.68202],[-79.70754,43.68081],[-79.70537,43.67616],[-79.70375,43.67261],[-79.70338,43.67195],[-79.70245,43.67069],[-79.70192,43.67012],[-79.70085,43.66915],[-79.69968,43.66826],[-79.69886,43.66764],[-79.69704,43.66633],[-79.69093,43.66173],[-79.6889,43.66026],[-79.68444,43.65697],[-79.68158,43.65481],[-79.67913,43.65293],[-79.67681,43.65122],[-79.67393,43.64904],[-79.67092,43.64682],[-79.6678,43.64445]]]},"properties":{"route":"410","name":"Highway 410","toll":false}},
{"type":"Feature","geometry":{"type":"MultiLineString","coordinates":[[[-79.70372,44.75017],[-79.70362,44.74927],[-79.70318,44.74779],[-79.70268,44.7469],[-79.70195,44.74591],[-79.70083,44.74474],[-79.69968,44.74384],[-79.69861,44.7432],[-79.69668,44.74235],[-79.6897,44.73969],[-79.68805,44.73897],[-79.68691,44.73826],[-79.68589,44.73751],[-79.68459,44.73621],[-79.68007,44.72994],[-79.67548,44.72374],[-79.67069,44.71717],[-79.66554,44.71012],[-79.66437,44.70859],[-79.66301,44.7072],[-79.66176,44.70621],[-79.66098,44.70568],[-79.65979,44.70499],[-79.65429,44.70213],[-79.65226,44.70104],[-79.65163,44.70063],[-79.65064,44.69979],[-79.64991,44.69895],[-79.64916,44.69764],[-79.64888,44.69673],[-79.64848,44.69358],[-79.64789,44.68789],[-79.64759,44.68587],[-79.64752,44.68434],[-79.64734,44.68314],[-79.64699,44.68156],[-79.64494,44.67426],[-79.64332,44.6686],[-79.64304,44.66725],[-79.64299,44.66646],[-79.64306,44.66472],[-79.64331,44.66361],[-79.64579,44.65793],[-79.64715,44.65469],[-79.64916,44.6501],[-79.6508,44.6463],[-79.65276,44.64188],[-79.65453,44.63798],[-79.65617,44.63398],[-79.65805,44.62968],[-79.66026,44.62455],[-79.66307,44.61815],[-79.66377,44.61659],[-79.66447,44.6154],[-79.66695,44.61194],[-79.67016,44.60742],[-79.67207,44.60481],[-79.6741,44.60188],[-79.67617,44.59895],[-79.67707,44.5978],[-79.67841,44.59648],[-79.68336,44.59223],[-79.68651,44.58949],[-79.68806,44.58836],[-79.68935,44.58756],[-79.69411,44.58492],[-79.70085,44.5812],[-79.7027,44.58013],[-79.7095,44.57545],[-79.71346,44.57268],[-79.71499,44.57165],[-79.71658,44.57081],[-79.71861,44.56995],[-79.72219,44.56875],[-79.72891,44.56647],[-79.73137,44.56547],[-79.7334,44.5644],[-79.73555,44.56292],[-79.737,44.56168],[-79.74287,44.55536],[-79.74513,44.55287],[-79.74806,44.54972],[-79.74937,44.54823],[-79.74983,44.54747],[-79.75024,44.54662],[-79.75052,44.54565],[-79.75066,44.54476],[-79.75064,44.54403],[-79.75041,44.54276],[-79.74854,44.53751],[-79.74587,44.52984],[-79.74528,44.52869],[-79.74449,44.52768],[-79.74367,44.5268],[-79.7356,44.51839],[-79.73283,44.51547],[-79.72569,44.50804],[-79.72046,44.50253],[-79.71521,44.49711],[-79.70938,44.49094],[-79.70406,44.48536],[-79.69821,44.47903],[-79.69622,44.47683],[-79.69263,44.47296],[-79.68819,44.46809],[-79.68393,44.46347],[-79.68158,44.46075],[-79.67918,44.45784],[-79.67441,44.45229],[-79.66641,44.44295],[-79.66092,44.43669],[-79.65766,44.433],[-79.65658,44.43204],[-79.65423,44.43046],[-79.65319,44.42961],[-79.65244,44.42851],[-79.65211,44.42731],[-79.6522,44.42621],[-79.65265,44.4253],[-79.65442,44.42243],[-79.65495,44.42139],[-79.65536,44.42078],[-79.65618,44.4199],[-79.65724,44.41902],[-79.65843,44.41828],[-79.65992,44.41763],[-79.66097,44.41728],[-79.66643,44.41586],[-79.67237,44.41445],[-79.67475,44.41381],[-79.68122,44.4119],[-79.6826,44.41147],[-79.68377,44.411],[-79.68549,44.41009],[-79.68943,44.40726],[-79.69425,44.40377],[-79.69555,44.40274],[-79.69702,44.40117],[-79.69851,44.39929],[-79.70129,44.39583],[-79.70187,44.39518],[-79.70447,44.39202],[-79.70586,44.39019],[-79.70659,44.3891],[-79.70797,44.38637],[-79.70819,44.38587],[-79.70948,44.38327],[-79.71137,44.37954],[-79.71183,44.37837],[-79.71197,44.3774],[-79.71194,44.37662],[-79.7118,44.37574],[-79.7114,44.37468],[-79.71082,44.37375],[-79.70994,44.37278],[-79.70601,44.36942],[-79.70343,44.36714],[-79.70105,44.36508],[-79.69947,44.36368],[-79.69782,44.36205],[-79.69704,44.3614],[-79.69505,44.35987],[-79.69327,44.3584],[-79.69196,44.35712],[-79.69098,44.35584],[-79.69009,44.35444],[-79.68934,44.35282],[-79.68895,44.35168],[-79.68724,44.34494],[-79.68612,44.34008],[-79.6858,44.33926],[-79.68496,44.33562],[-79.68367,44.33033],[-79.68292,44.32706],[-79.68283,44.32584],[-79.68285,44.3252],[-79.68311,44.32143],[-79.6833,44.31757],[-79.6838,44.30954],[-79.68399,44.3057],[-79.6841,44.30251],[-79.68394,44.30099],[-79.68371,44.29979],[-79.6829,44.29653],[-79.68227,44.29328],[-79.68138,44.29009],[-79.68066,44.28722],[-79.68025,44.28572],[-79.68016,44.2851],[-79.67938,44.28262],[-79.67873,44.2807],[-79.67805,44.27858],[-79.67703,44.2748],[-79.67591,44.27044],[-79.67492,44.2668],[-79.67341,44.26114],[-79.67262,44.25805],[-79.67152,44.25394],[-79.67051,44.25042],[-79.6694,44.24616],[-79.66685,44.23695],[-79.66598,44.23353],[-79.66394,44.22587],[-79.6628,44.22154],[-79.6617,44.21747],[-79.66018,44.21174],[-79.6598,44.21044],[-79.6593,44.20898],[-79.6583,44.20672],[-79.65615,44.20275],[-79.65485,44.20025],[-79.65188,44.19485],[-79.65076,44.19284],[-79.64801,44.1877],[-79.64714,44.18603],[-79.64627,44.18416],[-79.64552,44.18217],[-79.64505,44.18048],[-79.64459,44.17801],[-79.64425,44.17419],[-79.6435,44.16365],[-79.64322,44.15983],[-79.64224,44.14618],[-79.64194,44.14433],[-79.64103,44.14054],[-79.6392,44.13317],[-79.63807,44.12849],[-79.63693,44.12403],[-79.63624,44.12109],[-79.63591,44.1199],[-79.63463,44.11442],[-79.63342,44.10952],[-79.63203,44.10381],[-79.63148,44.10164],[-79.62961,44.09402],[-79.62809,44.08789],[-79.62741,44.08523],[-79.62703,44.08363],[-79.62379,44.07045],[-79.62354,44.06971],[-79.62267,44.0679],[-79.62212,44.06702],[-79.62125,44.06588],[-79.62018,44.06461],[-79.61643,44.06029],[-79.61482,44.0584],[-79.61069,44.05366],[-79.60791,44.0504],[-79.60658,44.04877],[-79.60383,44.04554],[-79.60161,44.04298],[-79.59816,44.03896],[-79.59754,44.03813],[-79.59671,44.0367],[-79.5963,44.03586],[-79.59576,44.03424],[-79.59552,44.03329],[-79.59489,44.03111],[-79.59447,44.02929],[-79.59323,44.02471],[-79.59207,44.02067],[-79.59116,44.01714],[-79.59067,44.01501],[-79.58982,44.01218],[-79.58862,44.00853],[-79.58562,43.99958],[-79.5844,43.99591],[-79.58346,43.99228],[-79.58304,43.99079],[-79.58188,43.98626],[-79.57884,43.97359],[-79.57747,43.96782],[-79.57428,43.95429],[-79.57396,43.95302],[-79.57285,43.94829],[-79.57167,43.94351],[-79.57078,43.9396],[-79.56854,43.93034],[-79.56722,43.92444],[-79.56641,43.92108],[-79.56604,43.91926],[-79.56519,43.91582],[-79.56464,43.91372],[-79.56385,43.91054],[-79.56032,43.89573],[-79.55947,43.89222],[-79.55919,43.8909],[-79.55749,43.88398],[-79.55462,43.8717],[-79.55266,43.86349],[-79.55176,43.85981],[-79.55153,43.85869],[-79.54928,43.84935],[-79.54883,43.84732],[-79.548,43.84379],[-79.5478,43.84215],[-79.54723,43.83598],[-79.54693,43.83318],[-79.5467,43.83039],[-79.54637,43.82712],[-79.54618,43.82472],[-79.54587,43.82204],[-79.54569,43.81991],[-79.54534,43.81638],[-79.54513,43.81484],[-79.54471,43.81287],[-79.54321,43.80674],[-79.54246,43.80375],[-79.54113,43.79797],[-79.54032,43.79455],[-79.54009,43.7938],[-79.53945,43.79111],[-79.53808,43.78495],[-79.5378,43.78347],[-79.53752,43.78231],[-79.53603,43.77663],[-79.53497,43.77202]],[[-79.53467,43.77209],[-79.53574,43.77654],[-79.53622,43.77865],[-79.53691,43.78199],[-79.53699,43.78233],[-79.5372,43.78324],[-79.5374,43.78413],[-79.53757,43.78469],[-79.53937,43.79185],[-79.53992,43.7941],[-79.54004,43.79489],[-79.54221,43.80386],[-79.54303,43.80741],[-79.54433,43.81282],[-79.54476,43.81487],[-79.54531,43.81917],[-79.54544,43.82033],[-79.54574,43.82363],[-79.54598,43.82582],[-79.54626,43.82923],[-79.54673,43.83426],[-79.547,43.8368],[-79.54745,43.84154],[-79.54769,43.84329],[-79.54939,43.85074],[-79.55012,43.85363],[-79.55153,43.85976],[-79.55165,43.86003],[-79.55269,43.86434],[-79.55406,43.8704],[-79.55414,43.87083],[-79.55539,43.87572],[-79.55613,43.87892],[-79.55838,43.88842],[-79.55882,43.89022],[-79.55964,43.89393],[-79.56022,43.89628],[-79.56132,43.90104],[-79.56282,43.90724],[-79.56362,43.91063],[-79.56543,43.91849],[-79.56582,43.91993],[-79.56615,43.92155],[-79.56678,43.92415],[-79.56773,43.92795],[-79.56829,43.93041],[-79.57143,43.94353],[-79.57175,43.94484],[-79.57445,43.95612],[-79.57514,43.95897],[-79.57747,43.9687],[-79.5795,43.9775],[-79.58203,43.988],[-79.58352,43.99423],[-79.58409,43.99637],[-79.58568,44.00121],[-79.58607,44.00246],[-79.58761,44.007],[-79.58834,44.00902],[-79.58998,44.01393],[-79.59145,44.01933],[-79.59216,44.0225],[-79.59282,44.02486],[-79.59494,44.03274],[-79.59602,44.03605],[-79.59653,44.03722],[-79.59716,44.03834],[-79.59799,44.03953],[-79.59856,44.04025],[-79.60097,44.04303],[-79.60171,44.04384],[-79.60428,44.04686],[-79.60777,44.0507],[-79.60963,44.05286],[-79.61045,44.05377],[-79.61335,44.05716],[-79.61704,44.06142],[-79.61834,44.06296],[-79.62091,44.0659],[-79.62186,44.06716],[-79.6228,44.06879],[-79.62341,44.07033],[-79.62375,44.07148],[-79.62527,44.07749],[-79.62643,44.08227],[-79.62788,44.08818],[-79.62999,44.09641],[-79.63061,44.09922],[-79.6312,44.10136],[-79.63317,44.10959],[-79.63402,44.11344],[-79.63555,44.11931],[-79.63677,44.12419],[-79.63785,44.12857],[-79.63904,44.13323],[-79.64147,44.14305],[-79.64177,44.14442],[-79.64209,44.14652],[-79.64225,44.1486],[-79.64304,44.15987],[-79.64392,44.17201],[-79.64425,44.17721],[-79.64434,44.17808],[-79.6446,44.17965],[-79.64502,44.1814],[-79.64553,44.18298],[-79.64606,44.18432],[-79.64717,44.18659],[-79.651,44.19361],[-79.65448,44.20006],[-79.65792,44.20638],[-79.65837,44.20728],[-79.65915,44.20909],[-79.65964,44.21047],[-79.66154,44.21752],[-79.66376,44.2259],[-79.66471,44.22941],[-79.66664,44.23686],[-79.66826,44.24267],[-79.66917,44.24622],[-79.67034,44.25055],[-79.67241,44.25808],[-79.67295,44.26015],[-79.67354,44.26266],[-79.67567,44.27048],[-79.67783,44.27863],[-79.67843,44.2807],[-79.67943,44.28441],[-79.67984,44.28611],[-79.6804,44.28806],[-79.68079,44.28978],[-79.68193,44.29397],[-79.68281,44.29712],[-79.68363,44.30043],[-79.68391,44.30252],[-79.68349,44.30951],[-79.68322,44.31367],[-79.68279,44.32139],[-79.68257,44.32582],[-79.68266,44.3271],[-79.68283,44.32799],[-79.68337,44.33017],[-79.68443,44.33473],[-79.68542,44.33862],[-79.68653,44.34322],[-79.68769,44.34755],[-79.68867,44.35168],[-79.6893,44.35347],[-79.68978,44.35445],[-79.69075,44.35598],[-79.69184,44.35729],[-79.69353,44.35899],[-79.69478,44.36029],[-79.69713,44.36228],[-79.69751,44.36256],[-79.69964,44.36432],[-79.70149,44.36594],[-79.70324,44.36738],[-79.70568,44.36954],[-79.70736,44.37098],[-79.70956,44.37294],[-79.71062,44.37411],[-79.71119,44.375],[-79.71158,44.37607],[-79.71171,44.37694],[-79.71168,44.37797],[-79.71117,44.37954],[-79.70829,44.38511],[-79.70762,44.38626],[-79.70632,44.38867],[-79.70548,44.39],[-79.70319,44.39297],[-79.69924,44.39815],[-79.69701,44.4009],[-79.69545,44.4025],[-79.69452,44.40328],[-79.6931,44.40435],[-79.6858,44.40959],[-79.68513,44.41003],[-79.68363,44.41081],[-79.68264,44.41124],[-79.6813,44.41168],[-79.67011,44.41465],[-79.66141,44.41698],[-79.65987,44.41745],[-79.65901,44.41779],[-79.65778,44.41843],[-79.6566,44.41925],[-79.65569,44.42009],[-79.65492,44.42105],[-79.65234,44.42477],[-79.6516,44.42562],[-79.65065,44.42641],[-79.65034,44.42675],[-79.65005,44.4273],[-79.64998,44.42787],[-79.65009,44.42841],[-79.65031,44.42881],[-79.65079,44.42932],[-79.65154,44.42982],[-79.65478,44.43143],[-79.65599,44.43211],[-79.65693,44.43283],[-79.65742,44.43329],[-79.66074,44.43704],[-79.66622,44.44328],[-79.6706,44.4484],[-79.67408,44.45245],[-79.67891,44.4581],[-79.67993,44.45927],[-79.68118,44.46083],[-79.68368,44.46373],[-79.6879,44.4684],[-79.69231,44.47322],[-79.69542,44.47657],[-79.69583,44.47697],[-79.69841,44.47981],[-79.7038,44.48569],[-79.70915,44.49125],[-79.72031,44.5029],[-79.72517,44.50808],[-79.73257,44.51581],[-79.73631,44.51965],[-79.73828,44.52173],[-79.74016,44.52366],[-79.74415,44.52797],[-79.745,44.52904],[-79.74549,44.52998],[-79.74612,44.53189],[-79.74814,44.53764],[-79.75004,44.54293],[-79.7502,44.54365],[-79.75021,44.54482],[-79.75013,44.54551],[-79.74981,44.54661],[-79.74898,44.54811],[-79.74815,44.54906],[-79.74522,44.55221],[-79.74292,44.55482],[-79.73674,44.56146],[-79.73534,44.56264],[-79.73329,44.5641],[-79.73115,44.56525],[-79.72874,44.5662],[-79.72211,44.56848],[-79.71852,44.56967],[-79.71637,44.57049],[-79.71473,44.57127],[-79.71305,44.57241],[-79.70932,44.57506],[-79.70244,44.57981],[-79.70061,44.58084],[-79.6901,44.58665],[-79.68784,44.58804],[-79.68593,44.58951],[-79.68309,44.59191],[-79.67815,44.59617],[-79.67683,44.59745],[-79.67591,44.59864],[-79.67167,44.60454],[-79.66798,44.60976],[-79.66658,44.6118],[-79.66414,44.61514],[-79.66333,44.61643],[-79.66267,44.61791],[-79.66099,44.622],[-79.65927,44.62578],[-79.65764,44.6297],[-79.65583,44.63379],[-79.6524,44.64169],[-79.65043,44.64612],[-79.64678,44.65456],[-79.64525,44.65803],[-79.64448,44.65984],[-79.64284,44.6635],[-79.64241,44.66521],[-79.64237,44.66688],[-79.64282,44.66897],[-79.64365,44.67175],[-79.64436,44.67444],[-79.64644,44.68161],[-79.6468,44.68329],[-79.64707,44.68554],[-79.64731,44.68796],[-79.64783,44.6936],[-79.64829,44.69669],[-79.64851,44.69757],[-79.6492,44.69893],[-79.65017,44.70008],[-79.65132,44.70101],[-79.65227,44.70157],[-79.65407,44.70255],[-79.65983,44.70556],[-79.66057,44.70601],[-79.66195,44.70696],[-79.66275,44.70763],[-79.66399,44.709],[-79.66647,44.71232],[-79.67033,44.71756],[-79.67502,44.72406],[-79.67958,44.73015],[-79.68317,44.73514],[-79.68405,44.73632],[-79.68471,44.73707],[-79.68558,44.73785],[-79.68752,44.73911],[-79.68848,44.73955],[-79.68967,44.74002],[-79.69626,44.74253],[-79.69825,44.74337],[-79.70024,44.74473],[-79.7015,44.74597],[-79.70221,44.74693],[-79.70285,44.74814],[-79.70311,44.74893],[-79.70323,44.74957],[-79.70332,44.7508],[-79.70327,44.75133],[-79.70301,44.75239]]]},"properties":{"route":"400","name":"Highway 400","toll":false}},
{"type":"Feature","geometry":{"type":"MultiLineString","coordinates":[[[-78.61902,44.01987],[-78.62489,44.0185],[-78.62733,44.01782],[-78.62829,44.01747],[-78.62979,44.0168],[-78.63321,44.01538],[-78.64335,44.01099],[-78.65765,44.00485],[-78.65991,44.00385],[-78.6669,44.00092],[-78.67512,43.99735],[-78.68846,43.99163],[-78.69054,43.99078],[-78.69304,43.98982],[-78.69446,43.98934],[-78.69704,43.98855],[-78.70033,43.98769],[-78.70462,43.98676],[-78.70604,43.98649],[-78.71083,43.98574],[-78.72135,43.98421],[-78.72855,43.98317],[-78.73254,43.98268],[-78.73604,43.98236],[-78.74124,43.98197],[-78.74356,43.98168],[-78.7465,43.98117],[-78.75036,43.98029],[-78.75167,43.97992],[-78.75415,43.97912],[-78.75642,43.97821],[-78.75883,43.97717],[-78.76004,43.97658],[-78.76208,43.9755],[-78.76526,43.97368],[-78.77072,43.97078],[-78.77243,43.96981],[-78.77389,43.96907],[-78.77636,43.96806],[-78.7776,43.96767],[-78.77918,43.96723],[-78.78096,43.96683],[-78.78234,43.9666],[-78.78411,43.96639],[-78.78632,43.96629],[-78.78882,43.96629],[-78.79636,43.96649],[-78.79852,43.96649],[-78.80015,43.96641],[-78.80191,43.96624],[-78.80377,43.96594],[-78.80958,43.96471],[-78.81093,43.96449],[-78.8123,43.96437],[-78.81334,43.96434],[-78.81486,43.96438],[-78.81629,43.96448],[-78.8179,43.96472],[-78.81956,43.96511],[-78.82242,43.96617],[-78.82757,43.96821],[-78.83076,43.96953],[-78.83922,43.9728],[-78.84635,43.97561],[-78.85035,43.97724],[-78.85383,43.97856],[-78.85903,43.98063],[-78.86058,43.98127],[-78.86308,43.98194],[-78.86461,43.98221],[-78.86682,43.98242],[-78.86992,43.98234],[-78.87196,43.98204],[-78.87322,43.98178],[-78.87432,43.98149],[-78.87788,43.9804],[-78.88619,43.97788],[-78.89124,43.97641],[-78.89388,43.97552],[-78.89636,43.9748],[-78.90169,43.97302],[-78.90316,43.97246],[-78.90627,43.97117],[-78.90946,43.96968],[-78.91223,43.9682],[-78.91391,43.96727],[-78.91613,43.96593],[-78.92406,43.96111],[-78.92612,43.95983],[-78.93269,43.95585],[-78.93629,43.9536],[-78.93823,43.95245],[-78.93967,43.95178],[-78.94168,43.95095],[-78.94487,43.94993],[-78.94865,43.94926],[-78.95228,43.94868],[-78.95397,43.94839],[-78.95532,43.94823],[-78.95763,43.94801],[-78.95935,43.94791],[-78.96101,43.94789],[-78.9635,43.94793],[-78.96651,43.94814],[-78.96896,43.94845],[-78.97154,43.94894],[-78.9761,43.94999],[-78.9789,43.95066],[-78.98171,43.95125],[-78.9845,43.95161],[-78.98643,43.95173],[-78.98743,43.95175],[-78.9887,43.95168],[-78.99361,43.95156],[-78.99571,43.95156],[-79,43.95135],[-79.00426,43.95124],[-79.00627,43.95121],[-79.0123,43.951],[-79.0139,43.95092],[-79.01562,43.95077],[-79.01793,43.95046],[-79.02056,43.95002],[-79.02532,43.9489],[-79.0286,43.94816],[-79.03429,43.94679],[-79.03566,43.94651],[-79.03986,43.94544],[-79.04975,43.94316],[-79.05547,43.94187],[-79.06071,43.94062],[-79.06573,43.93944],[-79.0678,43.9389],[-79.06974,43.93832],[-79.07283,43.93711],[-79.07663,43.93531],[-79.07867,43.93438],[-79.08248,43.9326],[-79.08498,43.93108],[-79.08642,43.92998],[-79.08955,43.92703],[-79.09094,43.92551],[-79.09579,43.92069],[-79.0969,43.91952],[-79.09851,43.91808],[-79.09916,43.91756],[-79.1005,43.91664],[-79.10243,43.91553],[-79.10467,43.91459],[-79.10649,43.91398],[-79.10931,43.91331],[-79.1199,43.91085],[-79.12632,43.90938],[-79.13339,43.90771],[-79.14024,43.90616],[-79.14674,43.90464],[-79.1529,43.90318],[-79.16667,43.90002],[-79.17086,43.89904],[-79.17321,43.89853],[-79.17568,43.89789],[-79.1775,43.89728],[-79.18005,43.89615],[-79.18268,43.89454],[-79.18367,43.89372],[-79.18467,43.89278],[-79.18623,43.89105],[-79.18835,43.88836],[-79.19246,43.88344],[-79.19405,43.88196],[-79.19613,43.88043],[-79.19719,43.87975],[-79.19824,43.87919],[-79.19955,43.87856],[-79.2017,43.87768],[-79.20318,43.87717],[-79.20541,43.87657],[-79.20873,43.87586],[-79.21446,43.87467],[-79.22046,43.87337],[-79.22662,43.87209],[-79.22838,43.87167],[-79.23298,43.8707],[-79.23874,43.86941],[-79.24186,43.86863],[-79.24623,43.86741],[-79.25058,43.86604],[-79.25278,43.86532],[-79.25414,43.86479],[-79.25764,43.86351],[-79.26322,43.86119],[-79.26377,43.86093],[-79.26692,43.85969],[-79.26984,43.85877],[-79.27268,43.85808],[-79.27743,43.85721],[-79.28211,43.85631],[-79.29139,43.85419],[-79.30218,43.85169],[-79.308,43.85033],[-79.31984,43.84762],[-79.32398,43.84666],[-79.33065,43.84532],[-79.33909,43.84365],[-79.34134,43.84325],[-79.34349,43.84292],[-79.34917,43.84219],[-79.35117,43.8419],[-79.35548,43.84123],[-79.36338,43.83998],[-79.36726,43.83934],[-79.36957,43.83897],[-79.37239,43.83851],[-79.37799,43.83762],[-79.38054,43.83729],[-79.38399,43.83699],[-79.38575,43.83691],[-79.38811,43.83688],[-79.39193,43.8369],[-79.39396,43.83697],[-79.39546,43.83709],[-79.39981,43.83755],[-79.40143,43.83777],[-79.40921,43.83871],[-79.41112,43.83883],[-79.41225,43.83885],[-79.41398,43.8388],[-79.41588,43.83862],[-79.41835,43.83825],[-79.42082,43.83762],[-79.42286,43.83691],[-79.42796,43.83475],[-79.43234,43.83301],[-79.43372,43.83254],[-79.44156,43.83059],[-79.4426,43.83035],[-79.44639,43.82939],[-79.45046,43.82841],[-79.45808,43.82687],[-79.46028,43.82637],[-79.46276,43.82569],[-79.4663,43.8245],[-79.46906,43.82338],[-79.47121,43.82235],[-79.47313,43.82131],[-79.47439,43.82052],[-79.47612,43.81914],[-79.47759,43.81764],[-79.47821,43.81691],[-79.47893,43.81577],[-79.47937,43.81487],[-79.47981,43.81345],[-79.47994,43.81256],[-79.48026,43.80792],[-79.48045,43.80631],[-79.48088,43.8048],[-79.48122,43.80388],[-79.48179,43.80279],[-79.48273,43.80121],[-79.48335,43.80039],[-79.48446,43.79918],[-79.48572,43.79804],[-79.48695,43.79709],[-79.4886,43.79605],[-79.49026,43.79513],[-79.49139,43.7946],[-79.49361,43.79371],[-79.49511,43.79318],[-79.49711,43.79263],[-79.50264,43.79128],[-79.51396,43.7885],[-79.52209,43.78651],[-79.52527,43.78579],[-79.52825,43.78515],[-79.53615,43.7835],[-79.53758,43.78321],[-79.53972,43.78276],[-79.54178,43.78233],[-79.54795,43.78103],[-79.55095,43.78041],[-79.55528,43.77948],[-79.55803,43.77879],[-79.56015,43.77815],[-79.56193,43.77756],[-79.56364,43.77695],[-79.56521,43.77633],[-79.57129,43.77384],[-79.57921,43.77057],[-79.58245,43.76925],[-79.58388,43.76869],[-79.58631,43.76779],[-79.58844,43.76707],[-79.5905,43.76644],[-79.59401,43.76516],[-79.59737,43.76382],[-79.59993,43.76289],[-79.6037,43.76163],[-79.60822,43.76039],[-79.6116,43.75953],[-79.61583,43.75851],[-79.61732,43.75818],[-79.62247,43.75696],[-79.63049,43.75508],[-79.6312,43.7549],[-79.63421,43.75417],[-79.63535,43.75384],[-79.63647,43.75343],[-79.63836,43.75252],[-79.63956,43.75177],[-79.64178,43.75003],[-79.64323,43.7487],[-79.64867,43.74405],[-79.65134,43.74212],[-79.65726,43.73851],[-79.66076,43.73643],[-79.6654,43.7336],[-79.6684,43.73184],[-79.6702,43.73068],[-79.67088,43.73018],[-79.6723,43.72883],[-79.67311,43.72791],[-79.67394,43.72668],[-79.67447,43.72569],[-79.67482,43.72488],[-79.6753,43.72285],[-79.67538,43.72232],[-79.67558,43.71617],[-79.67563,43.71525],[-79.67578,43.71403],[-79.67624,43.71213],[-79.67673,43.71097],[-79.67742,43.70965],[-79.68642,43.69572],[-79.68851,43.69255],[-79.68937,43.69113],[-79.69117,43.68792],[-79.69199,43.68583],[-79.69299,43.68284],[-79.69328,43.68187],[-79.69449,43.67821],[-79.69503,43.67684],[-79.69564,43.67553],[-79.69651,43.67408],[-79.6983,43.67147],[-79.6999,43.6695],[-79.70074,43.66852],[-79.70171,43.66738],[-79.70359,43.66548],[-79.70756,43.66163],[-79.70979,43.65963],[-79.71083,43.6586],[-79.71363,43.65621],[-79.71693,43.65359],[-79.71882,43.65205],[-79.72002,43.65111],[-79.72207,43.64977],[-79.7248,43.64814],[-79.72885,43.64606],[-79.73291,43.64395],[-79.73453,43.643],[-79.73734,43.641],[-79.73838,43.6402],[-79.74151,43.63768],[-79.74331,43.63612],[-79.74459,43.63471],[-79.74597,43.63302],[-79.74893,43.62962],[-79.74989,43.62859],[-79.75147,43.62706],[-79.75758,43.6215],[-79.75836,43.62074],[-79.76033,43.61921],[-79.76141,43.61849],[-79.76419,43.61694],[-79.766,43.61615],[-79.76824,43.61534],[-79.77007,43.6148],[-79.772,43.61432],[-79.77423,43.61395],[-79.77627,43.61357],[-79.77912,43.61276],[-79.78052,43.61221],[-79.78268,43.6112],[-79.78579,43.60949],[-79.78711,43.60866],[-79.78906,43.6073],[-79.79116,43.60573],[-79.79462,43.6028],[-79.79605,43.6015],[-79.7971,43.60068],[-79.79883,43.59951],[-79.80254,43.59742],[-79.80385,43.59664],[-79.80624,43.59514],[-79.80827,43.59361],[-79.80903,43.5929],[-79.80967,43.59205],[-79.81022,43.59099],[-79.81058,43.58961],[-79.81063,43.58883],[-79.81059,43.5883],[-79.81048,43.58781],[-79.81043,43.58759],[-79.8101,43.58677],[-79.80978,43.58619],[-79.80911,43.5853],[-79.80784,43.58415],[-79.80622,43.58299],[-79.80481,43.58193],[-79.8014,43.57943],[-79.80054,43.57883],[-79.79857,43.57737],[-79.79452,43.57443],[-79.79035,43.57172],[-79.78915,43.57082],[-79.7852,43.56755],[-79.78048,43.56408],[-79.77746,43.56192],[-79.77401,43.55937],[-79.77097,43.55718],[-79.76962,43.55626],[-79.76493,43.55351],[-79.76411,43.55299],[-79.76274,43.55203],[-79.76131,43.55092],[-79.76039,43.55013],[-79.75712,43.54716],[-79.75533,43.54575],[-79.74732,43.5399],[-79.74556,43.53866],[-79.74358,43.53742],[-79.7414,43.53621],[-79.73654,43.53367],[-79.73353,43.53212],[-79.73207,43.53128],[-79.7315,43.53086],[-79.73079,43.53021],[-79.73014,43.52936],[-79.72974,43.5286],[-79.72952,43.52793],[-79.72939,43.52701],[-79.7295,43.52585],[-79.72989,43.52475],[-79.73055,43.52375],[-79.73211,43.52217],[-79.73796,43.51734],[-79.74336,43.51277],[-79.74931,43.50777],[-79.75181,43.50563],[-79.75333,43.5044],[-79.7547,43.50321],[-79.75579,43.50215],[-79.7567,43.5011],[-79.7573,43.50032],[-79.75798,43.49927],[-79.75842,43.49844],[-79.75905,43.49701],[-79.75922,43.49646],[-79.75976,43.49419],[-79.76018,43.49217],[-79.76062,43.49064],[-79.7613,43.48909],[-79.76173,43.48838],[-79.76246,43.48745],[-79.76321,43.48664],[-79.764,43.48594],[-79.76641,43.48422],[-79.76959,43.48181],[-79.77233,43.47983],[-79.7775,43.47603],[-79.77948,43.47441],[-79.78032,43.47356],[-79.78171,43.47198],[-79.78295,43.47024],[-79.78396,43.46836],[-79.7844,43.46743],[-79.78506,43.46546],[-79.78529,43.46439],[-79.7855,43.46245],[-79.7859,43.45996],[-79.78649,43.45566],[-79.78684,43.45387],[-79.78736,43.45179],[-79.78812,43.44958],[-79.78869,43.44811],[-79.78937,43.44657],[-79.79069,43.44414],[-79.79221,43.44172],[-79.79403,43.43929],[-79.79526,43.43779],[-79.79689,43.43603],[-79.79938,43.43366],[-79.80726,43.42678],[-79.81047,43.42405],[-79.81224,43.42251],[-79.81633,43.4189],[-79.82118,43.41473],[-79.82223,43.41377],[-79.82419,43.41213],[-79.82591,43.41047],[-79.82715,43.4092],[-79.82833,43.40783],[-79.82943,43.40637],[-79.83077,43.40428],[-79.83183,43.40232],[-79.83245,43.40088],[-79.83305,43.39921],[-79.83346,43.39766],[-79.83381,43.39616],[-79.83395,43.39523],[-79.83424,43.39205],[-79.83419,43.39017],[-79.83405,43.38876],[-79.83345,43.38209],[-79.83333,43.381],[-79.83308,43.37794],[-79.83285,43.37568],[-79.83253,43.37072],[-79.83229,43.36626],[-79.83213,43.36247],[-79.8317,43.35545],[-79.83145,43.34932],[-79.83128,43.34392]],[[-79.83106,43.34533],[-79.83115,43.3471],[-79.83147,43.35549],[-79.83191,43.36248],[-79.83227,43.36992],[-79.83266,43.37566],[-79.833,43.38],[-79.83324,43.38227],[-79.83357,43.38626],[-79.83395,43.39016],[-79.834,43.39198],[-79.83372,43.39522],[-79.83356,43.39629],[-79.83287,43.39904],[-79.83226,43.40079],[-79.8316,43.40229],[-79.83065,43.40406],[-79.8293,43.40621],[-79.82814,43.40773],[-79.82703,43.40903],[-79.82569,43.41042],[-79.82434,43.41172],[-79.8232,43.41272],[-79.82206,43.41364],[-79.81991,43.41559],[-79.81745,43.41774],[-79.81499,43.41986],[-79.81365,43.42098],[-79.81193,43.4225],[-79.80703,43.42675],[-79.80287,43.43034],[-79.79915,43.43358],[-79.79666,43.43594],[-79.79372,43.4393],[-79.79199,43.44162],[-79.79056,43.44395],[-79.78923,43.44638],[-79.78847,43.44811],[-79.78767,43.45011],[-79.78715,43.4516],[-79.78648,43.45426],[-79.78569,43.45979],[-79.78524,43.46251],[-79.78504,43.46443],[-79.78455,43.46642],[-79.78362,43.46857],[-79.78297,43.46983],[-79.78177,43.47155],[-79.78117,43.47231],[-79.77981,43.4738],[-79.77902,43.47459],[-79.77655,43.47649],[-79.77217,43.47972],[-79.76951,43.48164],[-79.76623,43.48412],[-79.76398,43.48574],[-79.76303,43.48652],[-79.76237,43.48723],[-79.7611,43.4889],[-79.76051,43.49009],[-79.76015,43.49115],[-79.7594,43.49458],[-79.75896,43.49641],[-79.75859,43.49751],[-79.7582,43.49839],[-79.75768,43.49933],[-79.75646,43.50108],[-79.75504,43.50263],[-79.75218,43.50508],[-79.74929,43.50752],[-79.74586,43.51039],[-79.74413,43.51189],[-79.74235,43.51336],[-79.73692,43.51798],[-79.7354,43.51922],[-79.73477,43.51979],[-79.73107,43.52288],[-79.73042,43.52352],[-79.72976,43.52445],[-79.72932,43.52549],[-79.72914,43.52624],[-79.72912,43.52719],[-79.72926,43.52804],[-79.72957,43.52886],[-79.73017,43.52989],[-79.73122,43.53098],[-79.73197,43.53149],[-79.73339,43.53229],[-79.74004,43.53583],[-79.74155,43.53662],[-79.7444,43.53825],[-79.74658,43.53973],[-79.755,43.54586],[-79.75665,43.54715],[-79.76043,43.55056],[-79.76126,43.55126],[-79.76253,43.55224],[-79.7638,43.55313],[-79.76553,43.55421],[-79.7685,43.55591],[-79.76977,43.5567],[-79.77151,43.55793],[-79.77359,43.55946],[-79.783,43.56632],[-79.78457,43.56749],[-79.78574,43.56842],[-79.78883,43.57098],[-79.78968,43.57162],[-79.79138,43.57278],[-79.79502,43.57516],[-79.7965,43.57621],[-79.80124,43.57971],[-79.80431,43.58195],[-79.80685,43.58384],[-79.80799,43.58474],[-79.80887,43.58562],[-79.80949,43.5865],[-79.80995,43.58755],[-79.81012,43.58812],[-79.81016,43.58842],[-79.81021,43.58889],[-79.81006,43.59014],[-79.80961,43.59137],[-79.809,43.59232],[-79.80836,43.59303],[-79.8072,43.59401],[-79.80584,43.595],[-79.80465,43.59578],[-79.80318,43.59665],[-79.79897,43.59903],[-79.79598,43.6011],[-79.79311,43.6036],[-79.79004,43.6061],[-79.7879,43.60766],[-79.78561,43.60922],[-79.78425,43.61002],[-79.78235,43.61101],[-79.77996,43.61214],[-79.77818,43.61274],[-79.7769,43.61311],[-79.77464,43.61356],[-79.77243,43.61393],[-79.77048,43.61434],[-79.76895,43.61476],[-79.76771,43.61517],[-79.7661,43.61576],[-79.76396,43.6167],[-79.76185,43.61779],[-79.75973,43.61923],[-79.75861,43.62011],[-79.75717,43.62136],[-79.75137,43.62669],[-79.74957,43.6284],[-79.74883,43.6292],[-79.74358,43.63533],[-79.74237,43.63653],[-79.74124,43.63746],[-79.73805,43.63987],[-79.73527,43.64209],[-79.73424,43.64279],[-79.73332,43.64333],[-79.72838,43.64596],[-79.726,43.64718],[-79.72365,43.64843],[-79.7218,43.64949],[-79.72059,43.65028],[-79.71916,43.65133],[-79.71598,43.65384],[-79.7139,43.65551],[-79.70895,43.65976],[-79.70251,43.66594],[-79.70178,43.66677],[-79.70037,43.66828],[-79.69952,43.66924],[-79.6982,43.67093],[-79.69643,43.67339],[-79.69521,43.67551],[-79.69449,43.67707],[-79.69381,43.67884],[-79.69222,43.68371],[-79.69173,43.6855],[-79.69106,43.68714],[-79.68941,43.69033],[-79.68869,43.69149],[-79.68796,43.69253],[-79.68716,43.6939],[-79.68325,43.69986],[-79.67864,43.7071],[-79.67742,43.70898],[-79.6768,43.71],[-79.67622,43.71113],[-79.67594,43.71185],[-79.67557,43.71313],[-79.67525,43.71506],[-79.67515,43.71811],[-79.6749,43.72279],[-79.67469,43.72391],[-79.67414,43.72549],[-79.67338,43.72689],[-79.67195,43.72866],[-79.67109,43.72955],[-79.66966,43.73062],[-79.66558,43.73314],[-79.66211,43.73522],[-79.66097,43.73588],[-79.65758,43.73798],[-79.65495,43.73956],[-79.65198,43.74139],[-79.65064,43.74225],[-79.64929,43.74321],[-79.64662,43.7453],[-79.64349,43.74796],[-79.64107,43.75011],[-79.63964,43.75133],[-79.63863,43.752],[-79.63762,43.75257],[-79.63627,43.75316],[-79.63502,43.75363],[-79.63419,43.75387],[-79.63291,43.75417],[-79.62971,43.75493],[-79.62191,43.75676],[-79.6203,43.75711],[-79.61436,43.75858],[-79.60886,43.75983],[-79.60687,43.76041],[-79.60294,43.76151],[-79.60012,43.76245],[-79.59735,43.76345],[-79.59492,43.76446],[-79.59263,43.7653],[-79.58896,43.76657],[-79.58714,43.76716],[-79.58549,43.76774],[-79.57975,43.76998],[-79.57581,43.77163],[-79.56978,43.77407],[-79.56421,43.77637],[-79.56206,43.77717],[-79.5604,43.77772],[-79.55789,43.77848],[-79.55589,43.77901],[-79.55318,43.77965],[-79.5491,43.78049],[-79.5461,43.78115],[-79.5389,43.78265],[-79.5379,43.78286],[-79.53662,43.78313],[-79.53506,43.78345],[-79.53385,43.78372],[-79.52606,43.78536],[-79.52169,43.78631],[-79.50535,43.79032],[-79.49699,43.79236],[-79.49431,43.79317],[-79.49195,43.79409],[-79.4899,43.79504],[-79.48822,43.79598],[-79.48735,43.79653],[-79.48511,43.79815],[-79.48423,43.79897],[-79.48317,43.80008],[-79.48201,43.80158],[-79.48136,43.80269],[-79.48085,43.80385],[-79.48023,43.80573],[-79.47994,43.80753],[-79.47967,43.81078],[-79.4796,43.81222],[-79.47945,43.81346],[-79.47924,43.81416],[-79.47862,43.81564],[-79.47782,43.81684],[-79.47672,43.81814],[-79.47557,43.81918],[-79.4746,43.81999],[-79.47287,43.8211],[-79.47194,43.82163],[-79.46898,43.82308],[-79.46707,43.82389],[-79.46573,43.8244],[-79.46377,43.82508],[-79.46211,43.82558],[-79.45866,43.82641],[-79.4535,43.82749],[-79.44933,43.82839],[-79.44727,43.82887],[-79.44236,43.83007],[-79.43907,43.8309],[-79.43578,43.83168],[-79.43453,43.832],[-79.43216,43.8327],[-79.42944,43.8338],[-79.4253,43.83553],[-79.4229,43.83655],[-79.42063,43.83732],[-79.41827,43.83793],[-79.41661,43.83823],[-79.41479,43.83844],[-79.412,43.83858],[-79.41045,43.83852],[-79.40842,43.83833],[-79.4055,43.83796],[-79.40077,43.83739],[-79.39862,43.8371],[-79.39427,43.83669],[-79.38977,43.83652],[-79.38495,43.83663],[-79.38127,43.83691],[-79.37897,43.83717],[-79.37281,43.8381],[-79.36937,43.83866],[-79.36712,43.83902],[-79.36341,43.83963],[-79.35459,43.84102],[-79.34921,43.84188],[-79.34641,43.84223],[-79.34466,43.84242],[-79.34065,43.84303],[-79.33736,43.84363],[-79.33073,43.84491],[-79.32594,43.8459],[-79.32385,43.84636],[-79.32287,43.84654],[-79.30681,43.85031],[-79.30311,43.85116],[-79.29184,43.85379],[-79.28799,43.85467],[-79.2869,43.85494],[-79.28112,43.85618],[-79.27839,43.85675],[-79.27373,43.85753],[-79.27121,43.85811],[-79.27039,43.85833],[-79.26715,43.85933],[-79.26354,43.86066],[-79.26153,43.86148],[-79.25775,43.86306],[-79.25486,43.8642],[-79.25251,43.86502],[-79.24723,43.86679],[-79.24363,43.86783],[-79.23913,43.86899],[-79.23573,43.86978],[-79.23268,43.8704],[-79.22784,43.87147],[-79.22385,43.8723],[-79.21917,43.8733],[-79.21272,43.87472],[-79.20865,43.87558],[-79.20547,43.87627],[-79.20347,43.87677],[-79.20156,43.87735],[-79.1995,43.87819],[-79.19799,43.8789],[-79.19657,43.87969],[-79.19432,43.88124],[-79.19243,43.88293],[-79.18927,43.88659],[-79.18806,43.88809],[-79.18621,43.89023],[-79.18482,43.89191],[-79.18413,43.89267],[-79.18328,43.89348],[-79.18202,43.89441],[-79.17988,43.89576],[-79.1792,43.89614],[-79.1772,43.89702],[-79.17546,43.89758],[-79.17076,43.89874],[-79.16982,43.89894],[-79.15886,43.90147],[-79.15307,43.90283],[-79.14578,43.9045],[-79.13467,43.90708],[-79.12774,43.9087],[-79.12306,43.90981],[-79.11912,43.91069],[-79.11242,43.91229],[-79.10972,43.91287],[-79.10632,43.9137],[-79.10453,43.91425],[-79.10326,43.91473],[-79.10095,43.91592],[-79.09923,43.91699],[-79.09753,43.91837],[-79.09678,43.91908],[-79.09298,43.92295],[-79.09025,43.92563],[-79.08702,43.92888],[-79.08625,43.92957],[-79.085,43.93058],[-79.08406,43.93116],[-79.0816,43.93259],[-79.07629,43.9351],[-79.0713,43.93731],[-79.0698,43.93788],[-79.06793,43.9385],[-79.06548,43.93917],[-79.05574,43.94145],[-79.05412,43.94184],[-79.04632,43.94366],[-79.04323,43.94434],[-79.03667,43.94591],[-79.03185,43.94699],[-79.02937,43.94764],[-79.02556,43.9485],[-79.02184,43.94931],[-79.0196,43.94987],[-79.01555,43.95043],[-79.01266,43.95064],[-79.0087,43.95076],[-78.99899,43.95102],[-78.99583,43.95114],[-78.98985,43.95128],[-78.98813,43.95138],[-78.98644,43.95134],[-78.98448,43.95123],[-78.98243,43.95099],[-78.98132,43.95081],[-78.97795,43.95006],[-78.97444,43.94919],[-78.97111,43.94846],[-78.96941,43.94816],[-78.96756,43.9479],[-78.96582,43.94772],[-78.96392,43.94758],[-78.96202,43.94753],[-78.95978,43.94752],[-78.95625,43.94774],[-78.9537,43.94806],[-78.94674,43.94918],[-78.94379,43.94986],[-78.94288,43.95013],[-78.94108,43.95076],[-78.93986,43.95124],[-78.93848,43.95189],[-78.93636,43.95308],[-78.93436,43.9543],[-78.92916,43.95752],[-78.92728,43.95863],[-78.92583,43.95955],[-78.92336,43.96103],[-78.91576,43.96567],[-78.91206,43.96783],[-78.90956,43.96914],[-78.90722,43.97028],[-78.90344,43.9719],[-78.90152,43.97268],[-78.89905,43.97359],[-78.89664,43.97436],[-78.89101,43.97606],[-78.8891,43.97665],[-78.88253,43.97857],[-78.87715,43.98021],[-78.87505,43.98091],[-78.87331,43.98142],[-78.87208,43.98172],[-78.8711,43.98188],[-78.86925,43.98208],[-78.8682,43.98212],[-78.86638,43.98207],[-78.86456,43.98188],[-78.86244,43.98147],[-78.86064,43.98099],[-78.85784,43.97986],[-78.84571,43.97508],[-78.83897,43.97235],[-78.83199,43.96966],[-78.82771,43.96792],[-78.82027,43.96497],[-78.81921,43.96465],[-78.8171,43.96425],[-78.81524,43.96408],[-78.81272,43.96404],[-78.81146,43.96412],[-78.80986,43.96435],[-78.80867,43.96457],[-78.8032,43.96573],[-78.80169,43.96594],[-78.79978,43.96612],[-78.79813,43.9662],[-78.79613,43.96618],[-78.7884,43.96597],[-78.78622,43.96598],[-78.78361,43.96616],[-78.78211,43.96636],[-78.78003,43.96677],[-78.77839,43.96718],[-78.77687,43.96762],[-78.77577,43.96803],[-78.77335,43.96906],[-78.77059,43.97049],[-78.76831,43.97174],[-78.75983,43.97617],[-78.75726,43.97741],[-78.75515,43.97831],[-78.75257,43.97921],[-78.75113,43.97966],[-78.74711,43.98065],[-78.74541,43.98097],[-78.74234,43.98143],[-78.74072,43.9816],[-78.73927,43.9817],[-78.73471,43.98207],[-78.73238,43.9823],[-78.72799,43.98287],[-78.72115,43.98388],[-78.71681,43.98449],[-78.71097,43.98535],[-78.70814,43.98578],[-78.70502,43.98629],[-78.70191,43.98695],[-78.69959,43.98748],[-78.69646,43.98832],[-78.69282,43.98951],[-78.6909,43.99022],[-78.68893,43.99102],[-78.68518,43.99258],[-78.67631,43.99638],[-78.66869,43.99969],[-78.66612,44.00077],[-78.65821,44.00419],[-78.65765,44.00442],[-78.64318,44.01064],[-78.6387,44.01262],[-78.637,44.01335],[-78.62812,44.01729],[-78.62719,44.01763],[-78.62555,44.01814],[-78.62323,44.01871]]]},"properties":{"route":"407","name":"Highway 407 (toll)","toll":true}},
{"type":"Feature","geometry":{"type":"MultiLineString","coordinates":[[[-79.55937,43.60551],[-79.55956,43.60537],[-79.56435,43.60091],[-79.56463,43.60069],[-79.56873,43.59696],[-79.57472,43.5914],[-79.58058,43.58601],[-79.58244,43.58427],[-79.58399,43.58291],[-79.5886,43.57866],[-79.58937,43.57793],[-79.59338,43.57428],[-79.59391,43.57378],[-79.59653,43.57152],[-79.59704,43.571],[-79.60145,43.56688],[-79.60351,43.565],[-79.60521,43.56334],[-79.60708,43.5611],[-79.60852,43.55922],[-79.61119,43.5556],[-79.61207,43.55438],[-79.6128,43.55345],[-79.61407,43.55238],[-79.61567,43.55128],[-79.61663,43.55079],[-79.61926,43.54956],[-79.62062,43.54882],[-79.62236,43.54766],[-79.62305,43.5471],[-79.62655,43.54384],[-79.63086,43.54004],[-79.63633,43.53488],[-79.6391,43.53236],[-79.64124,43.53049],[-79.64311,43.52877],[-79.64425,43.52766],[-79.64718,43.52505],[-79.64831,43.52407],[-79.65063,43.52186],[-79.65202,43.52064],[-79.65423,43.51855],[-79.65686,43.51616],[-79.66001,43.51338],[-79.66265,43.51091],[-79.6671,43.50683],[-79.6686,43.50542],[-79.67045,43.50382],[-79.67219,43.50224],[-79.67293,43.50142],[-79.67351,43.50048],[-79.67363,43.50019],[-79.67378,43.49977],[-79.67384,43.49956],[-79.67392,43.49836],[-79.67371,43.49613],[-79.67358,43.49414],[-79.67338,43.49168],[-79.67337,43.4904],[-79.67313,43.48587],[-79.67277,43.48063],[-79.67261,43.4776],[-79.67265,43.47611],[-79.67295,43.47448],[-79.67335,43.47322],[-79.67429,43.47128],[-79.67499,43.4701],[-79.67588,43.46905],[-79.67712,43.46776],[-79.67904,43.46597],[-79.68026,43.46493],[-79.68254,43.46274],[-79.6875,43.45815],[-79.6903,43.45564],[-79.69308,43.45327],[-79.69509,43.45144],[-79.69794,43.44866],[-79.7003,43.44652],[-79.70064,43.44629],[-79.70482,43.44255],[-79.70998,43.43799],[-79.7114,43.43668],[-79.71772,43.43101],[-79.72166,43.42752],[-79.72202,43.42712],[-79.72574,43.42376],[-79.72868,43.42108],[-79.73077,43.41914],[-79.73355,43.41668],[-79.73683,43.41375],[-79.73812,43.41232],[-79.74149,43.4092],[-79.74364,43.40725],[-79.74726,43.4041],[-79.75301,43.39883],[-79.7556,43.39638],[-79.757,43.39517],[-79.75902,43.39317],[-79.7624,43.39003],[-79.76817,43.38485],[-79.76868,43.3843],[-79.77272,43.38062],[-79.77529,43.3782],[-79.78193,43.37216],[-79.78565,43.36876],[-79.78762,43.36701],[-79.78898,43.36584],[-79.79252,43.36252],[-79.79487,43.36052],[-79.79759,43.35803],[-79.7979,43.35778],[-79.80076,43.35522],[-79.80108,43.35485],[-79.804,43.35218],[-79.80664,43.34987],[-79.80765,43.3491],[-79.81044,43.34747],[-79.81131,43.34703],[-79.81578,43.34495],[-79.81824,43.34391],[-79.81872,43.34367],[-79.82323,43.34158],[-79.82345,43.34137],[-79.82563,43.34035],[-79.82648,43.33985],[-79.82749,43.33903],[-79.82816,43.33831],[-79.82869,43.33752],[-79.82895,43.337],[-79.82917,43.33635],[-79.82929,43.33592],[-79.82935,43.33516],[-79.82924,43.33404],[-79.82874,43.33273],[-79.82741,43.33033],[-79.82716,43.32974],[-79.82584,43.32771],[-79.82465,43.32633],[-79.82392,43.32563],[-79.82214,43.32413],[-79.81975,43.32264],[-79.81675,43.3208],[-79.81455,43.31939],[-79.80989,43.3165],[-79.80776,43.31522],[-79.80634,43.31417],[-79.80563,43.31344],[-79.80507,43.31275],[-79.80467,43.31204],[-79.80359,43.30935],[-79.80243,43.30726],[-79.80007,43.30316],[-79.79606,43.29626],[-79.79002,43.28576],[-79.78798,43.28182],[-79.78672,43.27914],[-79.78607,43.27802],[-79.78491,43.27668],[-79.78228,43.27394],[-79.77924,43.27081],[-79.77604,43.26747],[-79.77473,43.26603],[-79.77194,43.26315],[-79.7709,43.26201],[-79.76982,43.26074],[-79.76861,43.25906],[-79.76606,43.25541],[-79.7633,43.25152],[-79.76149,43.24886],[-79.76048,43.24772],[-79.75921,43.24683],[-79.75733,43.24608],[-79.74934,43.24419],[-79.7429,43.24264],[-79.73285,43.24017],[-79.73007,43.23953],[-79.72197,43.23757],[-79.71557,43.23599],[-79.70343,43.23311],[-79.68811,43.2294],[-79.66525,43.22386],[-79.6606,43.22275],[-79.65789,43.22206],[-79.65433,43.22124],[-79.64838,43.21975],[-79.64227,43.2183],[-79.63319,43.21613],[-79.62883,43.21503],[-79.61814,43.21246],[-79.61262,43.21111],[-79.61017,43.21053],[-79.60588,43.20947],[-79.60116,43.20832],[-79.59142,43.20599],[-79.58396,43.20414],[-79.58145,43.20355],[-79.57922,43.20298],[-79.57586,43.20219],[-79.57147,43.20111],[-79.56947,43.20064],[-79.56682,43.19997],[-79.56278,43.19899],[-79.55939,43.19815],[-79.55586,43.19731],[-79.55215,43.1964],[-79.54874,43.19559],[-79.54642,43.195],[-79.5424,43.19405],[-79.53316,43.1918],[-79.53077,43.19123],[-79.52756,43.19055],[-79.52415,43.18993],[-79.52046,43.18939],[-79.51844,43.18923],[-79.51675,43.18916],[-79.5104,43.18917],[-79.50652,43.18921],[-79.50122,43.18924],[-79.48679,43.18929],[-79.48321,43.18919],[-79.47589,43.18894],[-79.46815,43.18869],[-79.46207,43.18853],[-79.45068,43.18816],[-79.44438,43.18797],[-79.4383,43.18776],[-79.43323,43.18763],[-79.40941,43.18687],[-79.4048,43.1867],[-79.3972,43.18646],[-79.39432,43.18643],[-79.3861,43.18661],[-79.38434,43.18663],[-79.38154,43.18649],[-79.37909,43.18618],[-79.37671,43.18572],[-79.3748,43.18522],[-79.37097,43.18384],[-79.36772,43.18245],[-79.36435,43.18104],[-79.36322,43.18063],[-79.36171,43.18016],[-79.36005,43.17974],[-79.35842,43.17947],[-79.35589,43.17921],[-79.35433,43.17918],[-79.33932,43.17955],[-79.32718,43.17982],[-79.31906,43.18002],[-79.31774,43.18004],[-79.31542,43.17999],[-79.31406,43.17991],[-79.30808,43.17939],[-79.30295,43.17897],[-79.29911,43.17863],[-79.28234,43.17723],[-79.27984,43.17704],[-79.2787,43.17704],[-79.27635,43.17738],[-79.26993,43.17914],[-79.26911,43.17933],[-79.26785,43.17952],[-79.26686,43.1796],[-79.26536,43.17958],[-79.26353,43.17936],[-79.26001,43.17866],[-79.25634,43.17798],[-79.25395,43.1775],[-79.25292,43.17733],[-79.24707,43.17619],[-79.24375,43.17556],[-79.23917,43.17472],[-79.23816,43.17451],[-79.23326,43.17356],[-79.23111,43.17311],[-79.22556,43.17178],[-79.22087,43.17063],[-79.2184,43.17006],[-79.21622,43.16951],[-79.21243,43.16859],[-79.20868,43.16775],[-79.20726,43.16753],[-79.20511,43.16732],[-79.20242,43.16726],[-79.19427,43.1672],[-79.19191,43.16715],[-79.19033,43.16694],[-79.18927,43.16669],[-79.18859,43.16644],[-79.18449,43.1648],[-79.18176,43.16369],[-79.17558,43.16121],[-79.17141,43.15958],[-79.16627,43.15772],[-79.16414,43.15692],[-79.16193,43.15616],[-79.15768,43.15462],[-79.15338,43.15292],[-79.15258,43.15253],[-79.14982,43.15129],[-79.14788,43.15037],[-79.14704,43.14993],[-79.14584,43.14919],[-79.14511,43.14861],[-79.14403,43.14763],[-79.14246,43.14588],[-79.14011,43.14333],[-79.138,43.14127],[-79.136,43.13924],[-79.1355,43.1388],[-79.13192,43.13519],[-79.12395,43.1272],[-79.12254,43.12525],[-79.12195,43.1242],[-79.12136,43.12294],[-79.12095,43.1215],[-79.12078,43.12067],[-79.1206,43.11921],[-79.12035,43.11461],[-79.12007,43.10842],[-79.11992,43.10481],[-79.11961,43.10141],[-79.1192,43.09842],[-79.11911,43.09722],[-79.11926,43.09475],[-79.11915,43.09183],[-79.1192,43.09151],[-79.11879,43.0842],[-79.11859,43.08088],[-79.11861,43.07994],[-79.11871,43.07907],[-79.11892,43.07807],[-79.11981,43.07477],[-79.12131,43.0695],[-79.12243,43.06542],[-79.12266,43.06352],[-79.12245,43.05323],[-79.12186,43.04699]],[[-79.12164,43.04701],[-79.12224,43.05313],[-79.12236,43.05737],[-79.12245,43.06346],[-79.12233,43.06473],[-79.12203,43.0661],[-79.11942,43.07543],[-79.11865,43.0783],[-79.11841,43.07998],[-79.11838,43.08094],[-79.1189,43.09097],[-79.11905,43.09457],[-79.11871,43.09625],[-79.11831,43.09767],[-79.11813,43.09864],[-79.11809,43.09934],[-79.11821,43.10047],[-79.11857,43.10184],[-79.1189,43.1027],[-79.11936,43.10441],[-79.11955,43.1057],[-79.11979,43.10845],[-79.12005,43.11317],[-79.12056,43.1207],[-79.12113,43.12283],[-79.1217,43.12418],[-79.12278,43.12596],[-79.12375,43.12722],[-79.12748,43.13107],[-79.13108,43.13472],[-79.13353,43.13723],[-79.13621,43.13993],[-79.13933,43.14299],[-79.1414,43.14508],[-79.14325,43.14713],[-79.14435,43.14821],[-79.14567,43.14931],[-79.14641,43.14986],[-79.14756,43.15058],[-79.14954,43.15167],[-79.15093,43.15231],[-79.15335,43.15325],[-79.15735,43.1547],[-79.16134,43.15611],[-79.17012,43.15927],[-79.17172,43.15986],[-79.17501,43.16114],[-79.1789,43.16269],[-79.18207,43.16398],[-79.18442,43.16489],[-79.18762,43.1662],[-79.18885,43.16666],[-79.19016,43.16704],[-79.19195,43.16731],[-79.19367,43.16737],[-79.20241,43.16739],[-79.20497,43.16744],[-79.20639,43.16755],[-79.20771,43.16771],[-79.20959,43.16806],[-79.21299,43.1689],[-79.22564,43.17196],[-79.22898,43.1728],[-79.23094,43.17326],[-79.23303,43.1737],[-79.23583,43.17425],[-79.24091,43.1752],[-79.2444,43.17592],[-79.2487,43.17673],[-79.25391,43.17769],[-79.25793,43.17847],[-79.25981,43.17877],[-79.26328,43.17948],[-79.26479,43.17968],[-79.26657,43.17976],[-79.26808,43.17967],[-79.26941,43.17945],[-79.27029,43.17925],[-79.27399,43.17824],[-79.27625,43.17759],[-79.27757,43.17731],[-79.27914,43.17717],[-79.28077,43.17724],[-79.28748,43.17784],[-79.29367,43.17831],[-79.30073,43.17898],[-79.30564,43.17937],[-79.30934,43.1797],[-79.31437,43.18011],[-79.3159,43.18021],[-79.31799,43.18027],[-79.33846,43.17976],[-79.35113,43.17942],[-79.35357,43.17936],[-79.35593,43.1794],[-79.35837,43.17965],[-79.35997,43.17994],[-79.36127,43.18024],[-79.36303,43.18077],[-79.3647,43.18139],[-79.36735,43.18252],[-79.36991,43.18355],[-79.37087,43.18397],[-79.37302,43.18483],[-79.37397,43.18514],[-79.37614,43.18574],[-79.37865,43.18629],[-79.38101,43.18661],[-79.3833,43.18677],[-79.38514,43.18681],[-79.39083,43.18667],[-79.3944,43.1866],[-79.39549,43.18661],[-79.39971,43.18674],[-79.4048,43.18688],[-79.41206,43.18714],[-79.42407,43.18749],[-79.42694,43.1876],[-79.43267,43.18779],[-79.43911,43.18797],[-79.44387,43.18814],[-79.45778,43.18856],[-79.46349,43.18874],[-79.46857,43.18892],[-79.48272,43.18934],[-79.48658,43.18948],[-79.48714,43.18947],[-79.50188,43.1894],[-79.51051,43.18935],[-79.51697,43.18935],[-79.51869,43.1894],[-79.52026,43.18953],[-79.52189,43.18973],[-79.52356,43.19],[-79.52865,43.19094],[-79.5318,43.19162],[-79.53412,43.19218],[-79.53768,43.19308],[-79.54434,43.1947],[-79.54792,43.19555],[-79.55147,43.19645],[-79.55992,43.19849],[-79.56255,43.19915],[-79.5664,43.20004],[-79.56859,43.2006],[-79.57526,43.20226],[-79.58149,43.20375],[-79.58475,43.20456],[-79.60244,43.20882],[-79.60433,43.20931],[-79.6101,43.21069],[-79.61388,43.21161],[-79.61764,43.21249],[-79.62855,43.21517],[-79.63062,43.21569],[-79.63411,43.21651],[-79.64535,43.21925],[-79.64864,43.22003],[-79.65387,43.22131],[-79.66021,43.22283],[-79.66479,43.22394],[-79.67078,43.22537],[-79.67578,43.22661],[-79.68043,43.22771],[-79.68706,43.22933],[-79.68974,43.23],[-79.70304,43.23318],[-79.71339,43.23568],[-79.71734,43.23661],[-79.7237,43.2382],[-79.73574,43.24112],[-79.74056,43.24228],[-79.74327,43.24295],[-79.7435,43.24297],[-79.75502,43.2457],[-79.75771,43.24642],[-79.75851,43.24675],[-79.75956,43.24732],[-79.7605,43.2481],[-79.76116,43.24894],[-79.76334,43.25206],[-79.76607,43.25586],[-79.76836,43.25913],[-79.77006,43.26143],[-79.77066,43.26214],[-79.77314,43.26472],[-79.77857,43.27043],[-79.78209,43.27411],[-79.7847,43.27686],[-79.78561,43.27779],[-79.78612,43.27856],[-79.78781,43.2821],[-79.78951,43.28543],[-79.79513,43.29516],[-79.79655,43.29766],[-79.79772,43.29966],[-79.80113,43.30556],[-79.80156,43.30633],[-79.80354,43.30971],[-79.80378,43.31022],[-79.80457,43.31219],[-79.80513,43.31314],[-79.80596,43.31415],[-79.80653,43.31462],[-79.80936,43.3165],[-79.81515,43.32013],[-79.81844,43.32217],[-79.82178,43.32431],[-79.82309,43.3253],[-79.82444,43.32657],[-79.82575,43.32811],[-79.82644,43.32914],[-79.82856,43.33294],[-79.82897,43.3341],[-79.82905,43.33464],[-79.82904,43.33561],[-79.82899,43.33591],[-79.82891,43.33627],[-79.82868,43.33695],[-79.82819,43.33784],[-79.82775,43.33839],[-79.82697,43.33916],[-79.82614,43.33976],[-79.82522,43.34026],[-79.82159,43.34194],[-79.82141,43.34199],[-79.81862,43.34331],[-79.81773,43.3437],[-79.81431,43.34534],[-79.8103,43.34721],[-79.80883,43.348],[-79.80687,43.34931],[-79.80571,43.35021],[-79.80366,43.35195],[-79.79931,43.35592],[-79.79453,43.36033],[-79.79211,43.36246],[-79.79118,43.36338],[-79.78854,43.36572],[-79.78782,43.36632],[-79.78351,43.37025],[-79.77786,43.37542],[-79.77516,43.37785],[-79.7734,43.37951],[-79.76723,43.38513],[-79.76287,43.38915],[-79.75999,43.39185],[-79.75611,43.39541],[-79.75311,43.3982],[-79.74972,43.40131],[-79.74751,43.40337],[-79.74348,43.40689],[-79.7402,43.4099],[-79.73722,43.41285],[-79.73522,43.41469],[-79.73228,43.41732],[-79.729,43.42033],[-79.7285,43.42082],[-79.72603,43.42307],[-79.72077,43.42776],[-79.71875,43.42961],[-79.71592,43.43216],[-79.71063,43.4369],[-79.70697,43.44021],[-79.70317,43.44357],[-79.70128,43.44533],[-79.69972,43.44662],[-79.69749,43.44862],[-79.69326,43.45253],[-79.69006,43.45539],[-79.68687,43.45818],[-79.68656,43.45856],[-79.68216,43.46263],[-79.68026,43.46444],[-79.67678,43.46768],[-79.67634,43.46803],[-79.67471,43.47],[-79.67422,43.47073],[-79.67328,43.47248],[-79.673,43.47311],[-79.6726,43.47442],[-79.67227,43.47609],[-79.67223,43.47759],[-79.67248,43.48151],[-79.67288,43.48833],[-79.6732,43.49252],[-79.67333,43.49448],[-79.67353,43.49817],[-79.67347,43.49874],[-79.67334,43.49941],[-79.67278,43.50079],[-79.672,43.50192],[-79.67138,43.50258],[-79.66752,43.50609],[-79.66533,43.50813],[-79.6608,43.51229],[-79.66051,43.51251],[-79.6577,43.51513],[-79.65155,43.52072],[-79.65116,43.52114],[-79.64806,43.52392],[-79.64655,43.5253],[-79.64533,43.52648],[-79.6439,43.52774],[-79.64112,43.53028],[-79.63618,43.53475],[-79.63066,43.53983],[-79.6265,43.54363],[-79.62285,43.54681],[-79.62126,43.54801],[-79.61969,43.54903],[-79.61836,43.54969],[-79.61649,43.55047],[-79.61513,43.55117],[-79.614,43.55189],[-79.61348,43.55232],[-79.61245,43.55332],[-79.61176,43.55431],[-79.6114,43.55499],[-79.60961,43.55751],[-79.60748,43.56037],[-79.60658,43.5615],[-79.60508,43.56319],[-79.60318,43.56498],[-79.60128,43.56681],[-79.59879,43.56908],[-79.59653,43.57118],[-79.59542,43.57215],[-79.58883,43.57821],[-79.58564,43.58111],[-79.58381,43.5828],[-79.57948,43.58673],[-79.57162,43.59403],[-79.56767,43.59767],[-79.56272,43.60213],[-79.56065,43.60395],[-79.55911,43.60536]]]},"properties":{"route":"QEW","name":"Queen Elizabeth Way","toll":false}},
{"type":"Feature","geometry":{"type":"MultiLineString","coordinates":[[[-79.15338,43.15292],[-79.15157,43.15226],[-79.15035,43.15196],[-79.15011,43.15193],[-79.14989,43.1519],[-79.14964,43.15187],[-79.14827,43.15184],[-79.14229,43.15241],[-79.13401,43.15315],[-79.13253,43.15326],[-79.13029,43.1533],[-79.12796,43.15314],[-79.1265,43.15295],[-79.12448,43.15255],[-79.11529,43.15016],[-79.10144,43.1465],[-79.09556,43.14498],[-79.09471,43.14485],[-79.09361,43.14477],[-79.09204,43.14487],[-79.09103,43.14504],[-79.09019,43.14526],[-79.08862,43.14588],[-79.08785,43.14628],[-79.08693,43.14695],[-79.08547,43.14838],[-79.08455,43.14913],[-79.08376,43.14959],[-79.08271,43.15003],[-79.07418,43.15286],[-79.07224,43.15333],[-79.07181,43.15347],[-79.056,43.15705],[-79.05533,43.15712],[-79.05458,43.15709],[-79.05356,43.15677],[-79.05188,43.15599],[-79.0509,43.15541],[-79.04951,43.15443],[-79.0489,43.15379],[-79.04803,43.1534],[-79.04663,43.15323]],[[-79.04663,43.15323],[-79.04756,43.1534],[-79.04848,43.15403],[-79.0489,43.15447],[-79.04991,43.15503],[-79.0509,43.15567],[-79.05133,43.15615],[-79.05197,43.15656],[-79.05372,43.15704],[-79.05485,43.15722],[-79.05607,43.15715],[-79.05726,43.15691],[-79.06545,43.15503],[-79.06888,43.15426],[-79.07409,43.15306],[-79.08319,43.14998],[-79.08406,43.14959],[-79.08525,43.14881],[-79.08681,43.14727],[-79.0879,43.14646],[-79.08908,43.14584],[-79.0905,43.14536],[-79.09138,43.14517],[-79.09327,43.145],[-79.09454,43.14507],[-79.09568,43.14523],[-79.10064,43.14655],[-79.10545,43.14785],[-79.12416,43.15271],[-79.12643,43.15317],[-79.12803,43.15338],[-79.13046,43.15352],[-79.13261,43.15348],[-79.1399,43.15295],[-79.14851,43.15235],[-79.14997,43.15236],[-79.15124,43.15261],[-79.15335,43.15325]]]},"properties":{"route":"405","name":"Highway 405","toll":false}},
{"type":"Feature","geometry":{"type":"MultiLineString","coordinates":[[[-80.63817,43.12763],[-80.63149,43.12852],[-80.61186,43.13122],[-80.60189,43.13269],[-80.57287,43.1372],[-80.57079,43.13742],[-80.56843,43.13749],[-80.56648,43.13739],[-80.56457,43.13719],[-80.56361,43.13704],[-80.53824,43.13229],[-80.53623,43.13199],[-80.534,43.13182],[-80.53182,43.13182],[-80.52983,43.13196],[-80.52794,43.13219],[-80.52224,43.13306],[-80.51859,43.1336],[-80.51189,43.13463],[-80.49079,43.13779],[-80.47182,43.14066],[-80.46565,43.1416],[-80.45128,43.14374],[-80.44868,43.14422],[-80.44657,43.14468],[-80.44484,43.14512],[-80.44248,43.14585],[-80.44029,43.14662],[-80.43157,43.15006],[-80.42889,43.15103],[-80.4258,43.15195],[-80.42314,43.15258],[-80.41255,43.15453],[-80.40773,43.15544],[-80.38656,43.15952],[-80.37088,43.16261],[-80.36566,43.1637],[-80.3639,43.16399],[-80.35983,43.16474],[-80.35719,43.16516],[-80.35259,43.16582],[-80.34974,43.1662],[-80.34456,43.16682],[-80.33527,43.16808],[-80.3324,43.16844],[-80.31097,43.17132],[-80.30942,43.17147],[-80.30857,43.17149],[-80.30685,43.1714],[-80.30402,43.17096],[-80.29589,43.16967],[-80.29088,43.16885],[-80.28809,43.16847],[-80.27853,43.16743],[-80.27639,43.16717],[-80.27161,43.16668],[-80.25186,43.16447],[-80.24997,43.16429],[-80.24901,43.16428],[-80.2475,43.1644],[-80.24653,43.16456],[-80.24413,43.16509],[-80.23869,43.16617],[-80.23647,43.16653],[-80.23527,43.16667],[-80.23059,43.16684],[-80.21912,43.16724],[-80.21702,43.16728],[-80.21215,43.16744],[-80.20621,43.16754],[-80.20473,43.16759],[-80.19106,43.16794],[-80.18607,43.16806],[-80.18439,43.16812],[-80.18294,43.16825],[-80.18053,43.16861],[-80.17879,43.16902],[-80.1724,43.17066],[-80.15857,43.17423],[-80.13072,43.18143],[-80.12679,43.18244],[-80.1213,43.18388],[-80.11617,43.18521],[-80.1121,43.18625],[-80.11086,43.18663],[-80.10869,43.18756],[-80.10659,43.18863],[-80.09965,43.19212],[-80.09771,43.19291],[-80.09621,43.19336],[-80.09464,43.19368],[-80.09302,43.19386],[-80.09085,43.19387],[-80.08902,43.19372],[-80.08494,43.19343],[-80.08014,43.19312],[-80.0787,43.19305],[-80.07709,43.19303],[-80.07561,43.19306],[-80.0738,43.19317],[-80.07159,43.19341],[-80.0691,43.19381],[-80.06625,43.19454],[-80.06377,43.19531],[-80.05256,43.19873],[-80.05037,43.19936],[-80.04451,43.20115],[-80.04407,43.20126],[-80.04016,43.20247],[-80.03749,43.20323],[-80.0272,43.20638],[-80.02319,43.20753],[-80.02165,43.20786],[-80.0194,43.20816],[-80.01734,43.20823],[-80.01622,43.20819],[-80.01429,43.20798],[-80.01281,43.20771],[-80.0117,43.20745],[-80.01047,43.20708],[-80.00919,43.20659],[-80.00682,43.20558],[-80.00563,43.20517],[-80.00449,43.20489],[-80.00322,43.2047],[-80.00202,43.20463],[-79.99153,43.20442],[-79.99006,43.20444],[-79.98808,43.20459],[-79.9868,43.20476],[-79.98051,43.20576],[-79.97799,43.20629],[-79.97587,43.20696],[-79.97436,43.20758],[-79.97256,43.20846],[-79.97119,43.20928],[-79.96938,43.21059],[-79.96838,43.21147],[-79.96756,43.21232],[-79.96564,43.21452],[-79.96414,43.21646],[-79.96122,43.22006],[-79.95973,43.22171],[-79.9571,43.22509],[-79.95483,43.22766],[-79.94996,43.23282],[-79.94942,43.23347],[-79.94874,43.23476],[-79.94846,43.23566],[-79.94847,43.23896],[-79.94824,43.24013],[-79.94802,43.24062],[-79.94761,43.24118],[-79.94687,43.24189],[-79.94627,43.2423],[-79.94546,43.2427],[-79.93768,43.2453],[-79.93593,43.24575],[-79.92964,43.24662],[-79.9216,43.24771],[-79.91987,43.24805],[-79.9185,43.24861],[-79.91749,43.24929],[-79.91674,43.25005],[-79.91523,43.25197],[-79.91487,43.25238],[-79.914,43.25308],[-79.91294,43.25361],[-79.91213,43.25389],[-79.9082,43.25482],[-79.90662,43.2554],[-79.90347,43.25709],[-79.90241,43.2576],[-79.9016,43.25786],[-79.89644,43.25899],[-79.89536,43.25942],[-79.89467,43.25985],[-79.8939,43.26056],[-79.89345,43.26116],[-79.89311,43.2621],[-79.89245,43.26872],[-79.8923,43.27083],[-79.89248,43.27353],[-79.89272,43.27607],[-79.89267,43.27672],[-79.89196,43.2786],[-79.89179,43.27957],[-79.89187,43.28045],[-79.89224,43.28141],[-79.89289,43.28234],[-79.89345,43.28291],[-79.8958,43.28497],[-79.89638,43.28564],[-79.89672,43.28627],[-79.89698,43.28703],[-79.89703,43.28754],[-79.89697,43.28838],[-79.89669,43.28913],[-79.89612,43.28997],[-79.89519,43.29085],[-79.8919,43.29312],[-79.89022,43.29431],[-79.8895,43.29473],[-79.88819,43.2953],[-79.88329,43.29683],[-79.88216,43.29723],[-79.88114,43.29769],[-79.88018,43.29823],[-79.87744,43.2999],[-79.86863,43.30536],[-79.86701,43.3065],[-79.86376,43.30887],[-79.86141,43.31062],[-79.86008,43.31179],[-79.85651,43.31521],[-79.8542,43.31737],[-79.85093,43.32048],[-79.84603,43.3252],[-79.84261,43.32851],[-79.8397,43.33103],[-79.83757,43.33302],[-79.83694,43.33351],[-79.83543,43.33445],[-79.83459,43.33486],[-79.83303,43.33536],[-79.83107,43.33565],[-79.83023,43.33582],[-79.82932,43.3361],[-79.829,43.33622],[-79.82878,43.33631],[-79.82774,43.33684],[-79.82667,43.33765],[-79.82591,43.33848],[-79.82526,43.33942],[-79.82458,43.34012],[-79.82348,43.34088],[-79.82141,43.34199]],[[-79.82323,43.34158],[-79.82559,43.34056],[-79.82939,43.33875],[-79.83092,43.33795],[-79.8328,43.33703],[-79.8337,43.33651],[-79.83464,43.33588],[-79.8376,43.33364],[-79.83853,43.33285],[-79.8392,43.33215],[-79.84775,43.32394],[-79.85122,43.32058],[-79.85662,43.31552],[-79.85911,43.31309],[-79.86105,43.31128],[-79.86162,43.3108],[-79.8667,43.30707],[-79.86887,43.30552],[-79.86962,43.30503],[-79.87915,43.29918],[-79.8812,43.29794],[-79.88273,43.29728],[-79.88993,43.29499],[-79.8909,43.29466],[-79.89159,43.29435],[-79.8924,43.29385],[-79.89349,43.29288],[-79.89595,43.2905],[-79.89671,43.28957],[-79.89701,43.28899],[-79.89724,43.28828],[-79.89725,43.28708],[-79.89713,43.28659],[-79.89661,43.28556],[-79.89594,43.28481],[-79.89366,43.28278],[-79.89268,43.28167],[-79.89239,43.28102],[-79.89225,43.2799],[-79.89231,43.27924],[-79.89264,43.2777],[-79.89294,43.27661],[-79.89297,43.27608],[-79.89275,43.27352],[-79.8926,43.27107],[-79.89269,43.26969],[-79.89306,43.26577],[-79.89311,43.26488],[-79.89333,43.26258],[-79.89351,43.26171],[-79.89369,43.26131],[-79.89451,43.26028],[-79.89529,43.25972],[-79.89633,43.25928],[-79.89693,43.25911],[-79.90131,43.25809],[-79.90284,43.25761],[-79.90394,43.25713],[-79.90634,43.25581],[-79.90731,43.25534],[-79.9081,43.25507],[-79.91198,43.25413],[-79.91261,43.25395],[-79.91374,43.25347],[-79.91464,43.25288],[-79.91513,43.25246],[-79.9171,43.25001],[-79.91808,43.24912],[-79.91868,43.24875],[-79.92002,43.24822],[-79.92085,43.24802],[-79.92813,43.24701],[-79.93513,43.24606],[-79.93608,43.24591],[-79.93775,43.24549],[-79.94248,43.24393],[-79.94511,43.24304],[-79.94582,43.24274],[-79.9468,43.2422],[-79.94782,43.24127],[-79.94835,43.24047],[-79.94869,43.23953],[-79.94878,43.23857],[-79.94872,43.23778],[-79.9487,43.23625],[-79.94888,43.23527],[-79.94938,43.23413],[-79.95032,43.23294],[-79.95162,43.23159],[-79.95431,43.22874],[-79.95532,43.22755],[-79.95599,43.22689],[-79.95708,43.22566],[-79.96018,43.22178],[-79.96156,43.22016],[-79.96652,43.21407],[-79.96809,43.21223],[-79.96913,43.21122],[-79.96985,43.21063],[-79.97137,43.20953],[-79.97274,43.20873],[-79.97405,43.20804],[-79.97592,43.20723],[-79.97743,43.20674],[-79.97905,43.2063],[-79.98061,43.20599],[-79.98686,43.205],[-79.98976,43.20467],[-79.99134,43.20462],[-79.99884,43.20482],[-80.00211,43.20489],[-80.00323,43.20494],[-80.00432,43.20507],[-80.00556,43.20536],[-80.00662,43.20575],[-80.00798,43.20634],[-80.0099,43.20711],[-80.01153,43.20764],[-80.01291,43.20798],[-80.01429,43.20823],[-80.01533,43.20836],[-80.01709,43.20847],[-80.01831,43.20848],[-80.01944,43.20841],[-80.02133,43.20821],[-80.02352,43.20774],[-80.02764,43.20655],[-80.03227,43.20517],[-80.03751,43.20352],[-80.04583,43.20104],[-80.05273,43.19895],[-80.06025,43.19669],[-80.06197,43.19616],[-80.06691,43.19473],[-80.06879,43.19423],[-80.07115,43.19382],[-80.07261,43.1936],[-80.07442,43.19344],[-80.07688,43.19332],[-80.07955,43.19336],[-80.08245,43.19355],[-80.08506,43.19376],[-80.08845,43.19397],[-80.0909,43.19415],[-80.09194,43.19416],[-80.0935,43.19407],[-80.09504,43.19387],[-80.0969,43.19345],[-80.09863,43.19288],[-80.09945,43.19253],[-80.10165,43.19146],[-80.10463,43.18997],[-80.10913,43.18768],[-80.11073,43.18696],[-80.11248,43.18637],[-80.1223,43.18384],[-80.14238,43.17864],[-80.15738,43.17476],[-80.17976,43.16899],[-80.18144,43.16867],[-80.18245,43.16852],[-80.18499,43.1683],[-80.19308,43.1681],[-80.20476,43.16782],[-80.20798,43.16773],[-80.2208,43.16744],[-80.22495,43.16731],[-80.23212,43.16702],[-80.23441,43.16694],[-80.23682,43.1667],[-80.23827,43.16647],[-80.24345,43.16541],[-80.24728,43.16467],[-80.24918,43.16449],[-80.25078,43.16455],[-80.25397,43.16493],[-80.27544,43.16732],[-80.28676,43.16856],[-80.29062,43.16903],[-80.29955,43.17045],[-80.30067,43.17065],[-80.30522,43.17138],[-80.3066,43.17158],[-80.30755,43.17166],[-80.30932,43.17169],[-80.31099,43.17155],[-80.32513,43.16972],[-80.33225,43.16877],[-80.33844,43.16796],[-80.34393,43.16723],[-80.34863,43.16662],[-80.34982,43.16649],[-80.35725,43.16546],[-80.35987,43.16507],[-80.36401,43.16432],[-80.36574,43.16396],[-80.37748,43.16165],[-80.38667,43.15987],[-80.40782,43.15571],[-80.41253,43.15481],[-80.4233,43.15285],[-80.42611,43.15218],[-80.42915,43.15128],[-80.43193,43.15026],[-80.44067,43.14681],[-80.44265,43.14611],[-80.44502,43.14537],[-80.44665,43.14497],[-80.44881,43.14449],[-80.45134,43.14404],[-80.46571,43.14184],[-80.49079,43.13806],[-80.50686,43.13565],[-80.5102,43.13518],[-80.51812,43.13399],[-80.5219,43.13338],[-80.52803,43.13245],[-80.52996,43.13219],[-80.53177,43.13207],[-80.53397,43.13208],[-80.53516,43.13215],[-80.53682,43.13233],[-80.53812,43.13253],[-80.55937,43.13649],[-80.56388,43.13734],[-80.56647,43.13767],[-80.56844,43.13776],[-80.57073,43.13769],[-80.57249,43.13751],[-80.57352,43.13734],[-80.58438,43.1357],[-80.60901,43.13188],[-80.61533,43.131],[-80.62496,43.1297]],[[-79.63449,43.61995],[-79.63366,43.61911],[-79.63304,43.61835],[-79.63256,43.61753],[-79.63207,43.61629],[-79.63193,43.61552],[-79.63194,43.61446],[-79.63227,43.61314],[-79.63274,43.6122],[-79.63314,43.61162],[-79.63386,43.61083],[-79.64054,43.60461],[-79.64153,43.60361],[-79.64435,43.60102],[-79.64464,43.60078],[-79.64723,43.59829],[-79.6487,43.59694],[-79.65202,43.59378],[-79.6559,43.59021],[-79.65926,43.58698],[-79.66015,43.58617],[-79.66251,43.58394],[-79.66396,43.58263],[-79.6659,43.58075],[-79.66871,43.57811],[-79.67037,43.57644],[-79.67122,43.57551],[-79.674,43.57221],[-79.67806,43.56747],[-79.6793,43.56616],[-79.68106,43.56452],[-79.68287,43.56302],[-79.68474,43.56171],[-79.68841,43.55942],[-79.69086,43.55794],[-79.69308,43.55649],[-79.69461,43.55554],[-79.69609,43.55457],[-79.69729,43.55373],[-79.70117,43.55054],[-79.70408,43.54811],[-79.70549,43.54685],[-79.71043,43.54263],[-79.71212,43.54127],[-79.7124,43.54109],[-79.71414,43.53967],[-79.71659,43.53753],[-79.71869,43.53546],[-79.72194,43.53248],[-79.72323,43.53119],[-79.7238,43.53055],[-79.72412,43.52993],[-79.72432,43.52891],[-79.72417,43.52772],[-79.72359,43.52669],[-79.72313,43.52617],[-79.72182,43.52533],[-79.7206,43.52486],[-79.7177,43.52381],[-79.71544,43.52284],[-79.7092,43.51984],[-79.703,43.51693],[-79.69851,43.51479],[-79.69567,43.51333],[-79.6931,43.51186],[-79.69035,43.51019],[-79.68371,43.50607],[-79.68149,43.50458],[-79.67607,43.50072],[-79.67551,43.50019],[-79.67496,43.49952],[-79.67438,43.49844],[-79.67417,43.49733],[-79.67365,43.49237],[-79.67337,43.4904]],[[-79.67248,43.48151],[-79.67243,43.48175],[-79.67241,43.48409],[-79.67253,43.48674],[-79.67259,43.48713],[-79.67298,43.49274],[-79.67297,43.4942],[-79.67261,43.49678],[-79.67264,43.49743],[-79.67283,43.49828],[-79.67325,43.4992],[-79.67346,43.49948],[-79.67358,43.49964],[-79.67363,43.49971],[-79.67385,43.49996],[-79.67491,43.50086],[-79.67638,43.5018],[-79.68082,43.50453],[-79.68425,43.5067],[-79.6904,43.5105],[-79.69323,43.5122],[-79.69617,43.51384],[-79.69749,43.51453],[-79.69967,43.51561],[-79.70888,43.51997],[-79.71178,43.52132],[-79.71646,43.52353],[-79.71772,43.52418],[-79.71956,43.5253],[-79.72056,43.52603],[-79.72111,43.52654],[-79.72185,43.52763],[-79.72211,43.52825],[-79.72224,43.5289],[-79.7222,43.52999],[-79.72191,43.53101],[-79.72168,43.53146],[-79.72098,43.53244],[-79.7191,43.53444],[-79.71726,43.5363],[-79.71425,43.53904],[-79.71201,43.54097],[-79.70718,43.54507],[-79.70121,43.55009],[-79.69798,43.55286],[-79.69627,43.55414],[-79.69356,43.55592],[-79.69177,43.55699],[-79.68663,43.56024],[-79.68459,43.56156],[-79.68258,43.563],[-79.68079,43.56446],[-79.67988,43.56526],[-79.67894,43.56617],[-79.67781,43.56735],[-79.67373,43.57212],[-79.67054,43.57589],[-79.66923,43.57723],[-79.6665,43.57987],[-79.66405,43.58214],[-79.66044,43.58553],[-79.65897,43.58687],[-79.65476,43.59087],[-79.65149,43.59395],[-79.64843,43.59677],[-79.64678,43.59838],[-79.64059,43.60415],[-79.63919,43.60542],[-79.63802,43.60657],[-79.63654,43.60794],[-79.63333,43.611],[-79.63284,43.61155],[-79.63215,43.61267],[-79.63173,43.61386],[-79.63161,43.61471],[-79.63166,43.61581],[-79.63179,43.61643],[-79.63207,43.61715],[-79.63259,43.61815],[-79.63318,43.61901],[-79.63375,43.61968],[-79.63476,43.62067],[-79.63521,43.62104],[-79.63801,43.62311]],[[-79.65186,43.63258],[-79.65085,43.6318],[-79.64831,43.62994],[-79.64241,43.6255],[-79.64182,43.62509],[-79.6391,43.62307],[-79.6357,43.62083],[-79.63449,43.61995]],[[-79.63801,43.62311],[-79.63825,43.62324],[-79.64493,43.62828],[-79.64763,43.63029],[-79.65138,43.63324],[-79.65257,43.63423],[-79.65339,43.63503],[-79.65406,43.63595],[-79.65447,43.6369],[-79.65464,43.63799],[-79.65459,43.63861],[-79.65431,43.63953],[-79.65402,43.64017],[-79.65372,43.6406],[-79.65336,43.64104],[-79.65278,43.64158],[-79.652,43.64213],[-79.6508,43.64279],[-79.64908,43.64357]],[[-79.63801,43.62311],[-79.6388,43.62384],[-79.64215,43.62657],[-79.64722,43.63035]],[[-79.64597,43.64501],[-79.64858,43.64423],[-79.65092,43.64348],[-79.65224,43.64302],[-79.65335,43.64247],[-79.65406,43.64193],[-79.65438,43.64162],[-79.65464,43.64131],[-79.65513,43.64054],[-79.65534,43.64003],[-79.65544,43.63954],[-79.65547,43.63921],[-79.65533,43.63789],[-79.65497,43.63683],[-79.6543,43.6356],[-79.65369,43.6348],[-79.65252,43.63363],[-79.65104,43.63253],[-79.64721,43.6296],[-79.64667,43.62916],[-79.63864,43.62317],[-79.63492,43.62042],[-79.63449,43.61995]]]},"properties":{"route":"403","name":"Highway 403","toll":false}},
{"type":"Feature","geometry":{"type":"MultiLineString","coordinates":[[[-79.28506,43.17399],[-79.28495,43.17236],[-79.28484,43.17176],[-79.28451,43.17089],[-79.28399,43.17006],[-79.28262,43.16841],[-79.28217,43.16776],[-79.2817,43.16662],[-79.28162,43.1653],[-79.28184,43.16265],[-79.28186,43.16202],[-79.28172,43.16102],[-79.28135,43.16015],[-79.28086,43.15941],[-79.28039,43.1589],[-79.2794,43.15811],[-79.27801,43.1574],[-79.27722,43.15714],[-79.27593,43.15687],[-79.27421,43.15679],[-79.27101,43.15689],[-79.26431,43.15715],[-79.25932,43.15732],[-79.25832,43.15732],[-79.25722,43.15719],[-79.25577,43.15676],[-79.25497,43.15635],[-79.25418,43.15578],[-79.25249,43.15435],[-79.25136,43.15382],[-79.24784,43.15296],[-79.24655,43.15279],[-79.24566,43.15288],[-79.24489,43.15311],[-79.24418,43.15356],[-79.24379,43.15397],[-79.24254,43.15592],[-79.24197,43.15662],[-79.24146,43.15701],[-79.24035,43.15758],[-79.23903,43.15795],[-79.23748,43.15809],[-79.23671,43.15801],[-79.23565,43.15768],[-79.23526,43.15747],[-79.23365,43.15626],[-79.2331,43.15593],[-79.22921,43.15428],[-79.22842,43.15382],[-79.22745,43.15294],[-79.22703,43.15228],[-79.22452,43.14616],[-79.22414,43.14536],[-79.22327,43.14405],[-79.22227,43.14264],[-79.22176,43.14164],[-79.22133,43.14048],[-79.22117,43.13961],[-79.22109,43.13867],[-79.22104,43.13466],[-79.22111,43.13372],[-79.22129,43.13291],[-79.22168,43.13183],[-79.2221,43.13098],[-79.22264,43.13012],[-79.22325,43.12934],[-79.22407,43.12846],[-79.22551,43.12724],[-79.22903,43.12481],[-79.23001,43.12406],[-79.23104,43.12315],[-79.23202,43.12198],[-79.23303,43.12034],[-79.23644,43.1136],[-79.2368,43.11256],[-79.23698,43.11157],[-79.2371,43.10906],[-79.2372,43.10523],[-79.23733,43.10095],[-79.2375,43.0945],[-79.23759,43.08975],[-79.23755,43.08755],[-79.23739,43.08556],[-79.23618,43.07982],[-79.23548,43.07625],[-79.23536,43.07521],[-79.23533,43.07428],[-79.23538,43.07118],[-79.23538,43.06729],[-79.23544,43.06587],[-79.23563,43.0474]],[[-79.2353,43.04443],[-79.23511,43.06026],[-79.23507,43.06229],[-79.23503,43.06747],[-79.23497,43.07066],[-79.23498,43.07486],[-79.23509,43.0761],[-79.23566,43.07904],[-79.23702,43.08558],[-79.23721,43.08802],[-79.23727,43.08966],[-79.23709,43.09464],[-79.23701,43.09727],[-79.23683,43.10522],[-79.23672,43.10905],[-79.23657,43.11181],[-79.2364,43.11278],[-79.23588,43.11419],[-79.23508,43.1158],[-79.23273,43.12029],[-79.23219,43.12125],[-79.23178,43.12185],[-79.23104,43.12273],[-79.22967,43.124],[-79.22892,43.12457],[-79.22506,43.12729],[-79.22321,43.12892],[-79.22283,43.12935],[-79.22187,43.13078],[-79.2213,43.13205],[-79.22082,43.13384],[-79.22075,43.13477],[-79.22079,43.13867],[-79.22085,43.13952],[-79.221,43.14027],[-79.22149,43.14173],[-79.22185,43.14244],[-79.22254,43.14352],[-79.22354,43.14493],[-79.22423,43.14619],[-79.22676,43.15237],[-79.22738,43.15326],[-79.22781,43.15367],[-79.22871,43.15428],[-79.23087,43.15523],[-79.23252,43.1559],[-79.23353,43.15639],[-79.23533,43.15768],[-79.23632,43.15806],[-79.2371,43.1582],[-79.23848,43.15815],[-79.23917,43.15803],[-79.24041,43.15769],[-79.24169,43.15701],[-79.24244,43.15634],[-79.24344,43.15498],[-79.24402,43.15402],[-79.24438,43.15364],[-79.24501,43.15324],[-79.24565,43.15302],[-79.24647,43.15291],[-79.24752,43.15301],[-79.25051,43.15372],[-79.25153,43.15402],[-79.25238,43.15445],[-79.25443,43.15619],[-79.2551,43.1566],[-79.25612,43.15704],[-79.25699,43.15726],[-79.25804,43.15742],[-79.25881,43.15745],[-79.26802,43.15717],[-79.26921,43.15715],[-79.27449,43.15699],[-79.27523,43.15701],[-79.27658,43.1572],[-79.27744,43.15743],[-79.27836,43.1578],[-79.27923,43.15827],[-79.28012,43.15897],[-79.28079,43.15974],[-79.28122,43.16046],[-79.28149,43.16127],[-79.28159,43.16229],[-79.28135,43.16523],[-79.28133,43.16581],[-79.28143,43.16667],[-79.28193,43.16788],[-79.28228,43.16839],[-79.28382,43.17026],[-79.28426,43.1711],[-79.2846,43.17224],[-79.2847,43.17365]]]},"properties":{"route":"406","name":"Highway 406","toll":false}},
{"type":"Feature","geometry":{"type":"MultiLineString","coordinates":[[[-79.08538,43.09623],[-79.08803,43.09624],[-79.09421,43.09621],[-79.09796,43.09613],[-79.10208,43.09594],[-79.10919,43.09602],[-79.11053,43.09617],[-79.11141,43.09636],[-79.11341,43.09696],[-79.11477,43.09721],[-79.11575,43.09718],[-79.11774,43.09684]],[[-79.11743,43.09663],[-79.11647,43.09657],[-79.11409,43.09598],[-79.11258,43.09574],[-79.10941,43.09549],[-79.10827,43.09547],[-79.1044,43.09561],[-79.09955,43.09592],[-79.09475,43.09607],[-79.09205,43.0961],[-79.08537,43.09609]]]},"properties":{"route":"420","name":"Highway 420","toll":false}},
{"type":"Feature","geometry":{"type":"MultiLineString","coordinates":[[[-79.351,43.81281],[-79.35519,43.81449],[-79.35629,43.81506],[-79.35724,43.81569],[-79.35804,43.81637],[-79.35857,43.81692],[-79.35928,43.8178],[-79.35974,43.81859],[-79.36224,43.82453],[-79.36323,43.8268],[-79.3658,43.83309],[-79.36688,43.83589],[-79.36722,43.83685],[-79.36846,43.84027],[-79.36931,43.84258],[-79.37042,43.84613],[-79.37077,43.84767],[-79.37149,43.8503],[-79.37284,43.85578],[-79.37361,43.85884],[-79.37449,43.86243],[-79.37492,43.86434],[-79.37548,43.86635],[-79.37613,43.86906],[-79.37633,43.87004],[-79.37724,43.87371],[-79.37831,43.87819],[-79.3785,43.87878],[-79.37944,43.8826],[-79.37964,43.88349],[-79.38016,43.88538],[-79.38094,43.88861],[-79.38173,43.89178],[-79.38263,43.89563],[-79.38292,43.89665],[-79.38401,43.90123],[-79.38434,43.90248],[-79.38539,43.90688],[-79.38612,43.90971],[-79.38832,43.91863],[-79.38967,43.92425],[-79.38994,43.92578],[-79.39014,43.92811],[-79.39012,43.92944],[-79.3898,43.93138],[-79.3895,43.93412],[-79.38929,43.93555],[-79.38922,43.93723],[-79.38926,43.93831],[-79.38941,43.93963],[-79.38978,43.94135],[-79.39121,43.94684],[-79.39195,43.95013],[-79.39223,43.95185],[-79.39252,43.95429],[-79.39267,43.95656],[-79.39268,43.9599],[-79.39256,43.96376],[-79.39241,43.96924],[-79.39229,43.97414],[-79.39249,43.97649],[-79.39292,43.97893],[-79.39428,43.98442],[-79.3946,43.98608],[-79.39571,43.99416],[-79.3959,43.995],[-79.39624,43.99603],[-79.39692,43.99746],[-79.39751,43.99839],[-79.39874,43.99985],[-79.39989,44.00097],[-79.40156,44.00251],[-79.40267,44.00362],[-79.40368,44.00489],[-79.40441,44.00606],[-79.40499,44.00738],[-79.40524,44.00825],[-79.40574,44.01069],[-79.40636,44.01332],[-79.40808,44.02119],[-79.40818,44.0216],[-79.40979,44.02986],[-79.41048,44.03253],[-79.41121,44.03489],[-79.41351,44.04148],[-79.41377,44.04218],[-79.41519,44.04634],[-79.41577,44.04796],[-79.41645,44.05026],[-79.4171,44.05307],[-79.41793,44.05718],[-79.41885,44.06162],[-79.41948,44.06486],[-79.41971,44.06583],[-79.42108,44.07261],[-79.42123,44.07414],[-79.42119,44.07701],[-79.42132,44.0789],[-79.42159,44.0803],[-79.42229,44.08307],[-79.42261,44.08419],[-79.42328,44.08685],[-79.42343,44.08726],[-79.42386,44.08935],[-79.42396,44.0905],[-79.42396,44.0917],[-79.42367,44.09342],[-79.4234,44.0943],[-79.42298,44.09536],[-79.42216,44.09674],[-79.4212,44.09864],[-79.42066,44.10016],[-79.4204,44.10131],[-79.42028,44.10216],[-79.42026,44.10306],[-79.42034,44.10459],[-79.42051,44.10559],[-79.42086,44.10706],[-79.4226,44.114],[-79.42306,44.11527],[-79.42405,44.11717],[-79.42498,44.11845],[-79.4255,44.11908],[-79.42986,44.12362],[-79.43105,44.12501],[-79.43237,44.12665],[-79.43317,44.12781],[-79.43377,44.12888],[-79.43431,44.1302],[-79.43508,44.13263],[-79.43541,44.13412],[-79.43728,44.14116],[-79.43825,44.14504],[-79.43919,44.1486],[-79.43978,44.15068],[-79.44072,44.15351],[-79.44276,44.15945],[-79.44371,44.16196],[-79.445,44.16577],[-79.44533,44.16691],[-79.44747,44.17299],[-79.448,44.17478],[-79.44818,44.17615],[-79.44828,44.17757],[-79.44819,44.17898],[-79.44802,44.18028],[-79.4477,44.18161],[-79.44714,44.18317],[-79.44664,44.1843],[-79.44594,44.18554],[-79.44509,44.18691],[-79.44427,44.18792],[-79.4434,44.18883]],[[-79.43939,44.19354],[-79.44007,44.19284],[-79.44314,44.18986],[-79.44408,44.18892],[-79.44576,44.18678],[-79.4464,44.18583],[-79.4469,44.18495],[-79.4474,44.18388],[-79.44818,44.18187],[-79.44851,44.18049],[-79.44868,44.17943],[-79.4488,44.17744],[-79.44857,44.17517],[-79.448,44.17301],[-79.44584,44.16687],[-79.44532,44.16518],[-79.44362,44.16047],[-79.44215,44.15599],[-79.44206,44.15578],[-79.44004,44.14992],[-79.4397,44.14851],[-79.43892,44.14558],[-79.43752,44.13997],[-79.43705,44.13833],[-79.43628,44.13514],[-79.43582,44.13355],[-79.43532,44.13157],[-79.43497,44.13039],[-79.43391,44.12812],[-79.43274,44.12629],[-79.43207,44.12539],[-79.43102,44.12417],[-79.4298,44.12286],[-79.42625,44.11922],[-79.42512,44.11789],[-79.42455,44.11704],[-79.42368,44.11545],[-79.42334,44.11456],[-79.42297,44.11338],[-79.42243,44.11133],[-79.42212,44.10995],[-79.42104,44.10563],[-79.4208,44.104],[-79.4208,44.10248],[-79.42101,44.10094],[-79.42121,44.10019],[-79.42187,44.09838],[-79.42307,44.09613],[-79.42396,44.09413],[-79.42438,44.09257],[-79.42451,44.09115],[-79.42434,44.08928],[-79.42396,44.08748],[-79.42371,44.0866],[-79.42314,44.08425],[-79.42202,44.07995],[-79.42182,44.07896],[-79.42169,44.07771],[-79.42167,44.0769],[-79.42172,44.075],[-79.42163,44.07302],[-79.42084,44.06902],[-79.41909,44.06055],[-79.41787,44.0545],[-79.41718,44.05129],[-79.41628,44.04806],[-79.41516,44.04482],[-79.41451,44.04301],[-79.41368,44.04054],[-79.41322,44.03929],[-79.41141,44.03403],[-79.41082,44.03207],[-79.41014,44.02929],[-79.40926,44.02463],[-79.40864,44.02151],[-79.40811,44.01916],[-79.40648,44.01176],[-79.4062,44.01063],[-79.40569,44.00832],[-79.40547,44.00751],[-79.40499,44.00633],[-79.40439,44.00525],[-79.40378,44.00437],[-79.40301,44.00342],[-79.40206,44.00247],[-79.39927,43.99988],[-79.39844,43.99896],[-79.39739,43.99749],[-79.3969,43.99655],[-79.39648,43.99553],[-79.39624,43.99464],[-79.39599,43.9931],[-79.39499,43.98585],[-79.39471,43.98449],[-79.39391,43.98101],[-79.39378,43.98063],[-79.39326,43.97852],[-79.39289,43.97644],[-79.39277,43.97509],[-79.39272,43.97281],[-79.39302,43.96211],[-79.3931,43.96021],[-79.39313,43.95816],[-79.39302,43.95526],[-79.39283,43.95331],[-79.39257,43.9513],[-79.39225,43.94952],[-79.39171,43.94709],[-79.39097,43.94418],[-79.3902,43.94134],[-79.38984,43.93965],[-79.38967,43.9381],[-79.38967,43.93635],[-79.39053,43.92906],[-79.39048,43.927],[-79.39042,43.92603],[-79.39016,43.92468],[-79.38734,43.9131],[-79.38683,43.9111],[-79.38569,43.90626],[-79.38556,43.90583],[-79.38479,43.90272],[-79.38443,43.90116],[-79.38344,43.89723],[-79.38321,43.89612],[-79.38194,43.89108],[-79.38026,43.88426],[-79.37998,43.88292],[-79.37901,43.87915],[-79.37875,43.8779],[-79.37774,43.87384],[-79.37675,43.86972],[-79.37663,43.86937],[-79.37469,43.86147],[-79.37442,43.86027],[-79.37356,43.85672],[-79.37331,43.85556],[-79.37144,43.84822],[-79.37076,43.84574],[-79.36999,43.84316],[-79.36947,43.84152],[-79.36885,43.83974],[-79.36876,43.83951],[-79.3684,43.83853],[-79.36796,43.83739],[-79.3664,43.83361],[-79.36517,43.83055],[-79.36411,43.82804],[-79.36293,43.82548],[-79.36221,43.82353],[-79.36099,43.82053],[-79.36017,43.81863],[-79.35939,43.81728],[-79.35879,43.81655],[-79.35808,43.8159],[-79.35703,43.81511],[-79.35641,43.81473],[-79.35509,43.8141],[-79.35155,43.81268]]]},"properties":{"route":"404","name":"Highway 404","toll":false}},
{"type":"Feature","geometry":{"type":"MultiLineString","coordinates":[[[-79.00978,43.94643],[-79.00932,43.9457],[-79.00759,43.94276],[-79.00655,43.94084],[-79.00527,43.9379],[-79.00044,43.92689],[-78.99845,43.92239],[-78.99793,43.92099],[-78.99762,43.91952],[-78.9975,43.91811],[-78.99749,43.91723],[-78.99776,43.91435],[-78.99789,43.9134],[-78.998,43.91154],[-78.99775,43.90981],[-78.99755,43.90895],[-78.99664,43.90636],[-78.99638,43.90577],[-78.99444,43.90104],[-78.9895,43.88882],[-78.98854,43.88669],[-78.98759,43.88538],[-78.98669,43.8843],[-78.98522,43.88282],[-78.98161,43.87984],[-78.9807,43.87899],[-78.97969,43.87796],[-78.97872,43.8767],[-78.9782,43.87589],[-78.97749,43.87449],[-78.97635,43.87179],[-78.97616,43.8712]],[[-78.97551,43.87092],[-78.97732,43.87484],[-78.97819,43.87649],[-78.97871,43.87726],[-78.9794,43.87812],[-78.98038,43.87914],[-78.98139,43.88003],[-78.98496,43.88299],[-78.98626,43.88424],[-78.98738,43.8855],[-78.98818,43.88671],[-78.98905,43.8885],[-78.99429,43.90161],[-78.99579,43.9052],[-78.99707,43.90849],[-78.99744,43.90985],[-78.99757,43.91064],[-78.99763,43.91181],[-78.99759,43.91283],[-78.99722,43.91679],[-78.99717,43.91813],[-78.99733,43.91984],[-78.9976,43.92104],[-78.9981,43.92237],[-79.00095,43.92889],[-79.00521,43.93858],[-79.00564,43.93973],[-79.00642,43.94198],[-79.00716,43.94427],[-79.0074,43.94543]]]},"properties":{"route":"412","name":"Highway 412","toll":false}},
{"type":"Feature","geometry":{"type":"MultiLineString","coordinates":[[[-78.7689,43.9645],[-78.76839,43.96336],[-78.76687,43.95915],[-78.76659,43.95829],[-78.76623,43.95689],[-78.76578,43.95446],[-78.76559,43.95275],[-78.76547,43.9508],[-78.76543,43.94832],[-78.7653,43.94725],[-78.76499,43.94585],[-78.76444,43.94438],[-78.76333,43.94195],[-78.76243,43.93988],[-78.76197,43.93838],[-78.76184,43.93772],[-78.76171,43.93619],[-78.76175,43.93504],[-78.76194,43.93372],[-78.76208,43.93316],[-78.76283,43.9311],[-78.76552,43.92576],[-78.76595,43.92469],[-78.76633,43.92339],[-78.76659,43.92147],[-78.7666,43.92016],[-78.76645,43.91857],[-78.76614,43.91757],[-78.76568,43.91638],[-78.76511,43.91517],[-78.76451,43.91416],[-78.76143,43.90947],[-78.76118,43.90914],[-78.75959,43.90665],[-78.75857,43.90482],[-78.7569,43.90133],[-78.75612,43.89961],[-78.75383,43.8953],[-78.75243,43.8928],[-78.74979,43.88829],[-78.74948,43.88773]],[[-78.74782,43.88601],[-78.75041,43.89046],[-78.75402,43.89679],[-78.75574,43.89998],[-78.75737,43.90359],[-78.75829,43.90546],[-78.7592,43.90707],[-78.76053,43.90911],[-78.76293,43.91264],[-78.76406,43.91441],[-78.7649,43.91598],[-78.76549,43.91739],[-78.76593,43.91901],[-78.76606,43.92109],[-78.76597,43.92243],[-78.76562,43.92403],[-78.76513,43.92536],[-78.76452,43.92667],[-78.76233,43.93091],[-78.76172,43.93253],[-78.76132,43.93419],[-78.76118,43.93562],[-78.76123,43.93697],[-78.76134,43.93787],[-78.76168,43.93933],[-78.76194,43.94006],[-78.76373,43.94394],[-78.76415,43.94495],[-78.76457,43.94629],[-78.76486,43.94772],[-78.76492,43.9487],[-78.76494,43.95093],[-78.76506,43.953],[-78.76537,43.95529],[-78.76573,43.95699],[-78.76643,43.95943],[-78.76785,43.96357]]]},"properties":{"route":"418","name":"Highway 418","toll":false}}
]}