{"type":"FeatureCollection", "features": [
{"type":"Feature","geometry":{"type":"MultiLineString","coordinates":[[[-79.4467,43.637],[-79.44742,43.63701],[-79.448,43.63709],[-79.45225,43.63784],[-79.45504,43.6381],[-79.45687,43.63806],[-79.45896,43.63774],[-79.46017,43.6375],[-79.4614,43.63747],[-79.46227,43.63733],[-79.46288,43.63712],[-79.46388,43.63656],[-79.46514,43.6361],[-79.46692,43.63544],[-79.46796,43.63496],[-79.46977,43.63403],[-79.47088,43.63375],[-79.47187,43.63353],[-79.47266,43.63321],[-79.47316,43.63297],[-79.47446,43.63223],[-79.47499,43.63187],[-79.47578,43.63098],[-79.47691,43.63027],[-79.47755,43.62974],[-79.47806,43.62923],[-79.47846,43.62874],[-79.47863,43.62841],[-79.47902,43.62731],[-79.4794,43.62646],[-79.48,43.62521],[-79.48053,43.62414],[-79.48121,43.62297],[-79.48179,43.62222],[-79.48248,43.6212],[-79.48275,43.62093],[-79.48327,43.62051],[-79.48372,43.6203],[-79.48474,43.62006],[-79.48555,43.61982],[-79.48592,43.6196],[-79.48619,43.61934],[-79.48647,43.61893],[-79.48734,43.61731],[-79.48823,43.61574],[-79.48914,43.61408],[-79.48971,43.61307],[-79.48989,43.61215],[-79.49021,43.61005],[-79.49036,43.6083],[-79.49049,43.60698],[-79.49054,43.60674],[-79.49086,43.60597],[-79.49115,43.6054],[-79.49145,43.60494],[-79.49211,43.60428],[-79.49279,43.60383],[-79.49317,43.60365],[-79.49559,43.60263],[-79.496,43.60253],[-79.49795,43.60238],[-79.49848,43.60228],[-79.50076,43.60176],[-79.50303,43.60126],[-79.50527,43.60076],[-79.50642,43.60052],[-79.50866,43.60003],[-79.51077,43.59955],[-79.51185,43.59933],[-79.51394,43.59887],[-79.51445,43.59875],[-79.51698,43.5982],[-79.51803,43.59797],[-79.52023,43.59747],[-79.5244,43.59656],[-79.52762,43.59584],[-79.5283,43.59568],[-79.53097,43.59508],[-79.53237,43.59476],[-79.53398,43.59438],[-79.53558,43.59401],[-79.53863,43.59332],[-79.5394,43.59314],[-79.54177,43.59261],[-79.54283,43.5923],[-79.54325,43.59211],[-79.54386,43.59166],[-79.54493,43.59054],[-79.54641,43.58893]],[[-79.44621,43.63731],[-79.44892,43.63796],[-79.45129,43.63832],[-79.45224,43.63842],[-79.45352,43.63837],[-79.45411,43.63833],[-79.45517,43.63837],[-79.45696,43.63831],[-79.459,43.63799],[-79.46026,43.63774],[-79.46165,43.6377],[-79.46233,43.63758],[-79.4631,43.63732],[-79.46424,43.6367],[-79.46533,43.63636],[-79.46666,43.63587],[-79.46818,43.6352],[-79.47013,43.63416],[-79.47053,43.63403],[-79.47145,43.63395]],[[-79.44484,43.6368],[-79.44575,43.63704],[-79.4467,43.637]],[[-79.4467,43.637],[-79.44627,43.63714],[-79.44621,43.63731]],[[-79.44484,43.6368],[-79.44531,43.63707],[-79.44621,43.63731]],[[-79.43781,43.63395],[-79.43844,43.63424],[-79.44139,43.63551],[-79.4435,43.63623],[-79.44484,43.6368]],[[-79.42817,43.63095],[-79.43001,43.63143],[-79.43126,43.63166],[-79.43307,43.63187],[-79.43382,43.63199],[-79.43495,43.63224],[-79.43518,43.63231],[-79.43604,43.63265],[-79.43654,43.63297],[-79.43781,43.63395]],[[-79.42817,43.63095],[-79.42864,43.63114],[-79.42918,43.63143],[-79.43111,43.63256],[-79.43166,43.63283],[-79.43266,43.63306],[-79.43457,43.63337],[-79.43636,43.63347],[-79.43688,43.63355],[-79.4376,43.6339],[-79.43781,43.63395]],[[-79.39799,43.63705],[-79.39963,43.63648],[-79.40104,43.63603],[-79.40197,43.63586],[-79.40327,43.63576],[-79.4038,43.63573],[-79.40671,43.63548],[-79.40762,43.63527],[-79.40812,43.63502],[-79.40871,43.63448],[-79.40946,43.63332],[-79.40977,43.63296],[-79.4102,43.63268],[-79.41447,43.63134],[-79.41496,43.6312],[-79.41556,43.63111],[-79.41864,43.63062],[-79.41981,43.63048],[-79.42324,43.63015],[-79.42484,43.63003],[-79.42524,43.63003],[-79.42566,43.63009],[-79.42817,43.63095]],[[-79.39347,43.63817],[-79.39404,43.63807],[-79.39513,43.63796],[-79.3958,43.63778],[-79.39713,43.63729],[-79.39799,43.63705]],[[-79.38257,43.64061],[-79.38279,43.64057],[-79.3833,43.64053],[-79.38447,43.64025],[-79.38502,43.64025],[-79.38589,43.64013],[-79.38956,43.6395],[-79.39243,43.63902],[-79.39484,43.6386],[-79.39574,43.63827],[-79.39616,43.63809],[-79.39656,43.63782],[-79.39799,43.63705]],[[-79.38257,43.64061],[-79.38319,43.64034],[-79.38412,43.64001],[-79.38544,43.63971],[-79.38686,43.63952],[-79.39173,43.63867],[-79.39223,43.63854],[-79.39244,43.63843],[-79.39347,43.63817]],[[-79.39313,43.63839],[-79.39347,43.63817]],[[-79.37577,43.64406],[-79.37782,43.64301],[-79.37874,43.64257],[-79.3796,43.6421],[-79.38089,43.64152],[-79.38257,43.64061]]]},"properties":{"name":"Lake Shore Blvd W","cls":"major","len":251.1}},
{"type":"Feature","geometry":{"type":"LineString","coordinates":[[-79.41094,43.76151],[-79.40826,43.7621],[-79.40717,43.76233],[-79.40476,43.76289],[-79.40287,43.7633],[-79.40231,43.76343],[-79.39969,43.764],[-79.3947,43.7651],[-79.39313,43.76546],[-79.39004,43.76613],[-79.38806,43.76659],[-79.3868,43.76701],[-79.38612,43.76717],[-79.38314,43.7678],[-79.37746,43.76903],[-79.37566,43.7694],[-79.3742,43.76971],[-79.37134,43.77034],[-79.36749,43.77119],[-79.36607,43.77146],[-79.36555,43.77152],[-79.36418,43.77165],[-79.36294,43.77177],[-79.36155,43.77194],[-79.35867,43.77257],[-79.35332,43.77373],[-79.34704,43.77511],[-79.34372,43.77583],[-79.34223,43.77614],[-79.34135,43.77621],[-79.34111,43.77619],[-79.33963,43.77604],[-79.33775,43.77583],[-79.33383,43.7754],[-79.3288,43.77482],[-79.32772,43.7747],[-79.32673,43.77466],[-79.32606,43.77469],[-79.32455,43.77491],[-79.32302,43.77524],[-79.32044,43.77587],[-79.32031,43.77591],[-79.31776,43.77651],[-79.31623,43.77686],[-79.31478,43.77718],[-79.31121,43.77799],[-79.31114,43.778],[-79.30791,43.77873],[-79.3004,43.78051],[-79.29811,43.78105],[-79.29346,43.78212],[-79.28826,43.78329],[-79.28536,43.78393],[-79.28334,43.78435],[-79.28193,43.78466],[-79.28152,43.78474],[-79.27857,43.78535],[-79.27605,43.78593],[-79.27339,43.78653],[-79.2705,43.78713],[-79.2693,43.78739],[-79.26833,43.78759],[-79.26248,43.78886],[-79.25884,43.78962],[-79.2557,43.7903],[-79.24851,43.79184],[-79.24521,43.79253],[-79.23875,43.79387],[-79.23495,43.79466],[-79.23236,43.79518],[-79.2303,43.79561],[-79.22916,43.79584],[-79.22754,43.79615],[-79.21767,43.79812],[-79.21289,43.79918],[-79.2069,43.80048],[-79.20505,43.80087],[-79.19977,43.80197],[-79.19489,43.80309],[-79.19254,43.80361],[-79.19008,43.80419],[-79.18661,43.80498],[-79.18355,43.80561],[-79.17852,43.80669],[-79.1739,43.8077],[-79.17081,43.80838]]},"properties":{"name":"Sheppard Ave E","cls":"major","len":245.4}},
{"type":"Feature","geometry":{"type":"MultiLineString","coordinates":[[[-79.56829,43.67343],[-79.56933,43.67285],[-79.57129,43.67183],[-79.57194,43.67161],[-79.57257,43.67146],[-79.57331,43.67132],[-79.57503,43.67103],[-79.57691,43.67069],[-79.57776,43.67057],[-79.58083,43.67036],[-79.58141,43.67027],[-79.58412,43.66964],[-79.5847,43.66947],[-79.5854,43.66917],[-79.58596,43.66882],[-79.58656,43.66822],[-79.58686,43.6678],[-79.58768,43.6661],[-79.58774,43.66595],[-79.58803,43.66547],[-79.58878,43.66462],[-79.59256,43.66116],[-79.59412,43.65972],[-79.59841,43.65583],[-79.6031,43.65158],[-79.60635,43.64862],[-79.60806,43.64707],[-79.60873,43.64645]],[[-79.56318,43.67448],[-79.56348,43.67437],[-79.56509,43.67417],[-79.56736,43.674],[-79.56755,43.67392],[-79.56781,43.67364],[-79.56829,43.67343]],[[-79.56318,43.67448],[-79.56539,43.67432],[-79.5665,43.67418],[-79.56775,43.6741],[-79.56796,43.67396],[-79.56829,43.67343]],[[-79.39832,43.70675],[-79.40028,43.70635],[-79.4017,43.70604],[-79.40273,43.70583],[-79.40371,43.7056],[-79.40611,43.70509],[-79.40737,43.70482],[-79.40852,43.7046],[-79.4096,43.70437],[-79.41162,43.70396],[-79.41321,43.70361],[-79.41435,43.70338],[-79.41549,43.70312],[-79.41709,43.70278],[-79.41911,43.70237],[-79.42089,43.702],[-79.42314,43.70151],[-79.42556,43.70099],[-79.42774,43.70054],[-79.42881,43.7003],[-79.43383,43.69923],[-79.43503,43.69899],[-79.43719,43.69851],[-79.43938,43.69804],[-79.44026,43.69785],[-79.44277,43.69729],[-79.44528,43.69677],[-79.44733,43.69636],[-79.44769,43.69626],[-79.45028,43.69569],[-79.4516,43.6954],[-79.45279,43.69513],[-79.45396,43.69488],[-79.45736,43.69411],[-79.45966,43.6936],[-79.46097,43.6933],[-79.46221,43.69303],[-79.46304,43.69285],[-79.46347,43.69268],[-79.46399,43.69241],[-79.46457,43.69217],[-79.46534,43.69195],[-79.46634,43.69182],[-79.46763,43.69176],[-79.46828,43.69167],[-79.46944,43.69143],[-79.47152,43.69098],[-79.4727,43.69069],[-79.47506,43.69017],[-79.47609,43.68992],[-79.47715,43.68968],[-79.47821,43.68942],[-79.47949,43.68895],[-79.48105,43.68878],[-79.48288,43.68837],[-79.48373,43.68817],[-79.48621,43.68763],[-79.48953,43.68699],[-79.49122,43.6866],[-79.49435,43.68578],[-79.49687,43.68498],[-79.49882,43.68448],[-79.49907,43.68444],[-79.50072,43.68407],[-79.50176,43.68399],[-79.50297,43.68408],[-79.50422,43.68438],[-79.50561,43.68463],[-79.5064,43.68468],[-79.50714,43.68465],[-79.50808,43.68452],[-79.51024,43.68414],[-79.51145,43.68395],[-79.51337,43.68359],[-79.51446,43.68344],[-79.51582,43.68336],[-79.51703,43.68343],[-79.52006,43.68337],[-79.52231,43.68317],[-79.52661,43.68233],[-79.52763,43.68206],[-79.5299,43.6817],[-79.53281,43.6811],[-79.53901,43.67984],[-79.54486,43.67854],[-79.5483,43.67779],[-79.54988,43.67743],[-79.5509,43.67719],[-79.55767,43.67562],[-79.5613,43.67479],[-79.56318,43.67448]]]},"properties":{"name":"Eglinton Ave W","cls":"major","len":229.9}},
{"type":"Feature","geometry":{"type":"LineString","coordinates":[[-79.42006,43.79803],[-79.42639,43.79666],[-79.42927,43.79604],[-79.43656,43.79441],[-79.43838,43.79402],[-79.44103,43.79344],[-79.44573,43.79246],[-79.44757,43.79206],[-79.45303,43.79086],[-79.45582,43.79024],[-79.45984,43.78938],[-79.46014,43.78932],[-79.4632,43.78867],[-79.46591,43.78811],[-79.46847,43.78759],[-79.47011,43.78727],[-79.47474,43.78618],[-79.48101,43.78471],[-79.48446,43.78389],[-79.48727,43.78324],[-79.4901,43.78257],[-79.4945,43.78154],[-79.49876,43.78053],[-79.50169,43.77985],[-79.50896,43.77819],[-79.511,43.77774],[-79.51701,43.77636],[-79.51718,43.77637],[-79.52174,43.77547],[-79.52301,43.77511],[-79.52685,43.77432],[-79.52978,43.77374],[-79.53176,43.77334],[-79.53441,43.77278],[-79.53781,43.77211],[-79.54065,43.77153],[-79.54339,43.77094],[-79.54652,43.77031],[-79.54958,43.76969],[-79.55218,43.76914],[-79.55499,43.76857],[-79.5578,43.76798],[-79.56056,43.76741],[-79.56479,43.76656],[-79.56903,43.76562],[-79.571,43.76519],[-79.57112,43.76517],[-79.57487,43.76434],[-79.57754,43.7637],[-79.57851,43.76328],[-79.57978,43.76242],[-79.58083,43.76161],[-79.58153,43.76117],[-79.58241,43.76076],[-79.58353,43.76037],[-79.58366,43.76036],[-79.58487,43.76015],[-79.58612,43.7601],[-79.58802,43.75998],[-79.58988,43.7596],[-79.59116,43.75935],[-79.59187,43.7593],[-79.59275,43.75937],[-79.59445,43.75958],[-79.59564,43.75956],[-79.59607,43.75949],[-79.59701,43.75928],[-79.6034,43.75787],[-79.60812,43.7568],[-79.61406,43.75548],[-79.61422,43.75544],[-79.61984,43.75419],[-79.62952,43.75201],[-79.63014,43.75186],[-79.63113,43.75164],[-79.63255,43.75136],[-79.63277,43.75133],[-79.63387,43.75127],[-79.63471,43.75124],[-79.63584,43.75115],[-79.63704,43.75087],[-79.63771,43.75062],[-79.63926,43.74985]]},"properties":{"name":"Steeles Ave W","cls":"major","len":225.1}},
{"type":"Feature","geometry":{"type":"LineString","coordinates":[[-79.41558,43.77977],[-79.41744,43.77936],[-79.41851,43.77914],[-79.41958,43.77888],[-79.42064,43.77865],[-79.42153,43.77844],[-79.42428,43.77783],[-79.4254,43.77759],[-79.42577,43.7775],[-79.43026,43.77649],[-79.43172,43.77619],[-79.43273,43.77596],[-79.43388,43.77571],[-79.43501,43.77545],[-79.43649,43.77513],[-79.44104,43.77411],[-79.44301,43.77386],[-79.44531,43.77351],[-79.44822,43.77286],[-79.45262,43.77197],[-79.45606,43.77125],[-79.46071,43.77024],[-79.46466,43.76937],[-79.46693,43.76885],[-79.47146,43.76783],[-79.47751,43.7665],[-79.48081,43.76576],[-79.48552,43.76469],[-79.48824,43.7641],[-79.49101,43.76347],[-79.49251,43.76311],[-79.49364,43.7626],[-79.49456,43.76227],[-79.49827,43.76144],[-79.5,43.76106],[-79.50348,43.76028],[-79.50488,43.75996],[-79.50954,43.75892],[-79.51341,43.75807],[-79.51536,43.75762],[-79.51613,43.75747],[-79.51769,43.75726],[-79.51937,43.75704],[-79.52066,43.75677],[-79.52245,43.75636],[-79.52429,43.75593],[-79.52856,43.75492],[-79.53089,43.75439],[-79.53273,43.75401],[-79.53454,43.75366],[-79.53621,43.7533],[-79.53997,43.75249],[-79.54237,43.75204],[-79.5442,43.7517],[-79.5457,43.75137],[-79.54752,43.75099],[-79.5491,43.75065],[-79.55226,43.74998],[-79.55874,43.74858],[-79.56236,43.74782],[-79.56441,43.74735],[-79.56602,43.74688],[-79.56857,43.74622],[-79.57097,43.74561],[-79.57357,43.74506],[-79.5796,43.74364],[-79.58212,43.74326],[-79.58261,43.74321],[-79.58336,43.74321],[-79.58482,43.74343],[-79.58556,43.74345],[-79.58605,43.7434],[-79.58747,43.74307],[-79.5881,43.74279],[-79.58858,43.74238],[-79.58881,43.74203],[-79.58921,43.74112],[-79.58974,43.73986],[-79.58987,43.73882],[-79.58998,43.73783],[-79.59012,43.73749],[-79.59032,43.73727],[-79.59058,43.7371],[-79.59165,43.73679],[-79.59491,43.73604],[-79.59819,43.73529],[-79.59887,43.73515],[-79.60097,43.73467],[-79.60309,43.73417],[-79.60324,43.73414],[-79.60529,43.73371],[-79.60601,43.73368],[-79.60668,43.73372],[-79.60991,43.7341],[-79.61788,43.73504],[-79.62089,43.73531],[-79.62188,43.73519],[-79.6234,43.73491],[-79.62351,43.73488],[-79.62553,43.73449],[-79.62897,43.73381]]},"properties":{"name":"Finch Ave W","cls":"major","len":222.1}},
{"type":"Feature","geometry":{"type":"MultiLineString","coordinates":[[[-79.31259,43.66724],[-79.31256,43.66731],[-79.31163,43.66908],[-79.31118,43.66997],[-79.31099,43.67035],[-79.31038,43.67151],[-79.31005,43.67201],[-79.30909,43.67287],[-79.30793,43.67393],[-79.30655,43.67514],[-79.3059,43.6757],[-79.30489,43.67653],[-79.30409,43.67694],[-79.30115,43.67815],[-79.30056,43.67837],[-79.29992,43.67851],[-79.29885,43.67871],[-79.298,43.67889],[-79.29633,43.67931],[-79.29308,43.68004],[-79.29259,43.68011],[-79.29127,43.68021],[-79.2892,43.68035],[-79.28824,43.68043],[-79.28611,43.68063],[-79.28406,43.68081],[-79.28307,43.68094],[-79.28135,43.68146],[-79.27924,43.68226],[-79.27818,43.68276],[-79.2761,43.6842],[-79.2753,43.68478],[-79.2728,43.6865],[-79.27092,43.68776],[-79.26921,43.6889],[-79.26796,43.68972],[-79.26721,43.69012],[-79.26612,43.69073],[-79.26475,43.69148],[-79.26371,43.69207],[-79.26315,43.69243],[-79.26233,43.69305],[-79.25958,43.69513],[-79.25946,43.69523],[-79.25794,43.69639],[-79.25729,43.697],[-79.25662,43.69774]],[[-79.25662,43.69774],[-79.2565,43.6978],[-79.25627,43.6981],[-79.25387,43.7021],[-79.25306,43.70328],[-79.25277,43.70395]],[[-79.25662,43.69774],[-79.25666,43.69782],[-79.2561,43.69866],[-79.25565,43.69963],[-79.2553,43.70083],[-79.25508,43.70143],[-79.2549,43.70175],[-79.25423,43.70249],[-79.25346,43.70312],[-79.25277,43.70395]],[[-79.25277,43.70395],[-79.25193,43.70532],[-79.25129,43.70634],[-79.24977,43.70878],[-79.2488,43.71025],[-79.24819,43.71112],[-79.24763,43.71175],[-79.24697,43.7124],[-79.24507,43.71411],[-79.24036,43.71823],[-79.23979,43.71875],[-79.2381,43.72018],[-79.23718,43.72102],[-79.23608,43.72198],[-79.23524,43.72271],[-79.23424,43.72355],[-79.23332,43.72438],[-79.23243,43.72514],[-79.22973,43.72747],[-79.22912,43.72798],[-79.22826,43.72876],[-79.2265,43.73028],[-79.22459,43.73205],[-79.22215,43.73422],[-79.2213,43.73499],[-79.22024,43.73592],[-79.2195,43.7366],[-79.21704,43.73878],[-79.21551,43.7402],[-79.21413,43.74146],[-79.21207,43.74335],[-79.21166,43.74375],[-79.21072,43.74459],[-79.20935,43.746],[-79.20812,43.74735],[-79.20596,43.74966],[-79.20546,43.75021],[-79.20398,43.75187],[-79.20199,43.75418],[-79.19929,43.75706],[-79.19758,43.75897],[-79.19471,43.76205],[-79.19273,43.76421],[-79.19106,43.76602],[-79.19,43.7672],[-79.18961,43.76765],[-79.18882,43.76851],[-79.18687,43.77061],[-79.18503,43.77261],[-79.18486,43.77281],[-79.18427,43.77339],[-79.18373,43.77377],[-79.18312,43.77405],[-79.18258,43.77419],[-79.17933,43.77468],[-79.17797,43.77486],[-79.17653,43.77508],[-79.17531,43.77546],[-79.17517,43.77552],[-79.1742,43.77602],[-79.17356,43.7765],[-79.17317,43.77685],[-79.17246,43.77765],[-79.17063,43.78011]],[[-79.15253,43.79489],[-79.15199,43.79525],[-79.1514,43.79562],[-79.14945,43.79688],[-79.14917,43.79705],[-79.14622,43.79892],[-79.14481,43.79983],[-79.14226,43.80144],[-79.14072,43.80239],[-79.13706,43.80429],[-79.13577,43.80507],[-79.13395,43.80646]]]},"properties":{"name":"Kingston Rd","cls":"major","len":216.8}},
{"type":"Feature","geometry":{"type":"MultiLineString","coordinates":[[[-79.4022,43.7251],[-79.40001,43.72557],[-79.39931,43.72573],[-79.39725,43.72615],[-79.3961,43.7264],[-79.39392,43.72686],[-79.39199,43.72726],[-79.39008,43.72768],[-79.3865,43.72841],[-79.38614,43.72844],[-79.38559,43.72836],[-79.38351,43.72782],[-79.38289,43.7277],[-79.38189,43.72753],[-79.38167,43.72748]],[[-79.35596,43.73454],[-79.35423,43.7349],[-79.35107,43.73557],[-79.34995,43.73579],[-79.34655,43.73651],[-79.34345,43.73717],[-79.34098,43.7377],[-79.33822,43.73829],[-79.33708,43.73851],[-79.33472,43.73894],[-79.33209,43.7395],[-79.32844,43.74019],[-79.32471,43.74079],[-79.32214,43.74101],[-79.31926,43.74118],[-79.3162,43.74137],[-79.31418,43.7415],[-79.31144,43.7418],[-79.30979,43.74214],[-79.30741,43.74264],[-79.30465,43.74324],[-79.30222,43.74377],[-79.29769,43.74475],[-79.29592,43.74512],[-79.29473,43.74538],[-79.29232,43.7459],[-79.29127,43.7461],[-79.29092,43.74618],[-79.28796,43.74682],[-79.28484,43.74752],[-79.28196,43.74809],[-79.28145,43.7482],[-79.27495,43.74951],[-79.27307,43.7499]],[[-79.27307,43.7499],[-79.27252,43.75001]],[[-79.27307,43.7499],[-79.27314,43.75023],[-79.27298,43.75033],[-79.27229,43.75037],[-79.27121,43.75058],[-79.27099,43.75051],[-79.27091,43.75034]],[[-79.27252,43.75001],[-79.27091,43.75034]],[[-79.27252,43.75001],[-79.27242,43.74977],[-79.27225,43.74967],[-79.27149,43.74984],[-79.27104,43.74997],[-79.2709,43.75005],[-79.27086,43.75017],[-79.27091,43.75034]],[[-79.27091,43.75034],[-79.26975,43.75058]],[[-79.26975,43.75058],[-79.26713,43.75111]],[[-79.26975,43.75058],[-79.26978,43.75081],[-79.26959,43.7509],[-79.26735,43.75135],[-79.26723,43.75131],[-79.26713,43.75111]],[[-79.26975,43.75058],[-79.26964,43.75038],[-79.2695,43.75034],[-79.26813,43.75061],[-79.26716,43.75082],[-79.2671,43.75091],[-79.26713,43.75111]],[[-79.26713,43.75111],[-79.26505,43.75152],[-79.26246,43.75207],[-79.25987,43.75259],[-79.25853,43.75287],[-79.25664,43.75324],[-79.25537,43.75353],[-79.25156,43.75428],[-79.25093,43.75442],[-79.24676,43.75526],[-79.24542,43.75555],[-79.24323,43.756],[-79.24132,43.75642],[-79.24019,43.75666],[-79.23821,43.7571],[-79.23527,43.75772],[-79.23308,43.75818],[-79.22532,43.75982],[-79.22298,43.76031],[-79.21977,43.76101],[-79.21584,43.76185],[-79.21393,43.76226],[-79.21105,43.76287],[-79.20884,43.76335],[-79.20709,43.76372],[-79.20563,43.76405],[-79.20206,43.76487],[-79.20159,43.76497],[-79.19947,43.76545],[-79.19489,43.7665],[-79.19169,43.7672],[-79.18961,43.76765],[-79.18623,43.76841]]]},"properties":{"name":"Lawrence Ave E","cls":"major","len":205.2}},
{"type":"Feature","geometry":{"type":"MultiLineString","coordinates":[[[-79.39832,43.70675],[-79.39747,43.70692],[-79.39546,43.70734],[-79.39282,43.70786],[-79.39016,43.70842],[-79.38883,43.70867],[-79.3862,43.70919],[-79.38488,43.70946],[-79.38359,43.70974],[-79.38321,43.70981],[-79.38225,43.71002],[-79.38093,43.71027],[-79.37961,43.71055],[-79.37835,43.71077],[-79.37709,43.71105],[-79.37358,43.7118],[-79.37207,43.7121],[-79.36966,43.71257],[-79.36723,43.71308],[-79.3648,43.71357],[-79.36118,43.71432],[-79.3598,43.71461],[-79.35794,43.71505],[-79.35496,43.71562],[-79.35263,43.71623],[-79.35237,43.71631],[-79.35153,43.71652],[-79.34991,43.71705],[-79.34775,43.71773],[-79.34428,43.71881],[-79.3412,43.71979],[-79.33887,43.7205],[-79.33657,43.72122],[-79.33393,43.72202],[-79.33287,43.72235],[-79.32968,43.72329],[-79.32853,43.72358],[-79.32704,43.72397],[-79.3253,43.7244],[-79.32365,43.72483],[-79.32234,43.72519],[-79.32194,43.72528],[-79.31951,43.72591],[-79.31829,43.72613],[-79.31689,43.72626],[-79.31577,43.72627],[-79.31456,43.72619],[-79.31352,43.72604],[-79.30831,43.72525],[-79.3075,43.72512],[-79.30701,43.72506],[-79.30619,43.72493],[-79.30481,43.72476],[-79.30372,43.72469],[-79.30265,43.72472],[-79.30065,43.72496],[-79.29755,43.72564],[-79.28762,43.72785],[-79.28484,43.72847],[-79.28124,43.72926],[-79.28073,43.72936],[-79.27786,43.72996],[-79.27396,43.73083],[-79.27124,43.7315],[-79.26797,43.73225],[-79.26606,43.73267]],[[-79.26606,43.73267],[-79.2633,43.73336]],[[-79.26606,43.73267],[-79.26611,43.7329],[-79.26594,43.73309],[-79.26529,43.73311],[-79.26497,43.73321],[-79.26369,43.73353],[-79.26342,43.73352],[-79.2633,43.73336]],[[-79.2633,43.73336],[-79.2632,43.73312],[-79.26457,43.7328],[-79.2652,43.73264],[-79.26557,43.73248],[-79.26596,43.73257],[-79.26606,43.73267]],[[-79.2633,43.73336],[-79.2618,43.73371]],[[-79.2618,43.73371],[-79.26014,43.7341]],[[-79.2618,43.73371],[-79.26186,43.73391],[-79.26175,43.73401],[-79.26043,43.73433],[-79.26026,43.73431],[-79.26014,43.7341]],[[-79.26014,43.7341],[-79.26009,43.73392],[-79.26014,43.73381],[-79.26067,43.73367],[-79.26161,43.73348],[-79.26172,43.73351],[-79.2618,43.73371]],[[-79.26014,43.7341],[-79.25813,43.73453],[-79.25561,43.73507],[-79.25438,43.73536],[-79.25205,43.73585],[-79.24808,43.7367],[-79.24626,43.73708],[-79.24374,43.73763],[-79.24157,43.73813],[-79.23841,43.73884],[-79.23526,43.73953],[-79.23205,43.74026],[-79.23012,43.74069],[-79.22755,43.74127],[-79.22516,43.74179],[-79.22211,43.74249],[-79.22056,43.74283],[-79.21891,43.74318],[-79.21557,43.74395],[-79.21377,43.74434],[-79.21337,43.74428],[-79.21263,43.74406],[-79.21166,43.74375]]]},"properties":{"name":"Eglinton Ave E","cls":"major","len":202.2}},
{"type":"Feature","geometry":{"type":"LineString","coordinates":[[-79.38679,43.67023],[-79.38739,43.6701],[-79.38801,43.67],[-79.38948,43.66971],[-79.39058,43.66948],[-79.39099,43.66938],[-79.39414,43.66872],[-79.39738,43.66803],[-79.39984,43.66752],[-79.40152,43.66717],[-79.40269,43.66691],[-79.40383,43.66667],[-79.40452,43.66652],[-79.40628,43.66618],[-79.40747,43.66592],[-79.40998,43.6654],[-79.41059,43.66525],[-79.4112,43.66512],[-79.41365,43.66461],[-79.41598,43.66409],[-79.41842,43.66358],[-79.41884,43.66348],[-79.42162,43.66287],[-79.42206,43.66278],[-79.42325,43.66251],[-79.42565,43.66199],[-79.42802,43.66146],[-79.42814,43.66142],[-79.42942,43.66116],[-79.43042,43.66095],[-79.43289,43.6604],[-79.43409,43.66014],[-79.43533,43.65986],[-79.43644,43.65964],[-79.4376,43.6594],[-79.43866,43.6592],[-79.43973,43.65898],[-79.44039,43.65886],[-79.44158,43.65859],[-79.44273,43.65834],[-79.44397,43.65807],[-79.44522,43.65783],[-79.44695,43.65747],[-79.44774,43.65729],[-79.44892,43.65704],[-79.45245,43.65632],[-79.45382,43.65604],[-79.45435,43.65592],[-79.45684,43.6554],[-79.45705,43.65535],[-79.45881,43.65499],[-79.46003,43.65471],[-79.46232,43.65419],[-79.46322,43.65401],[-79.46526,43.65355],[-79.46687,43.6532],[-79.46866,43.6528],[-79.46999,43.65252],[-79.47176,43.65212],[-79.47404,43.65162],[-79.47518,43.65136],[-79.4763,43.65114],[-79.4772,43.65093],[-79.47905,43.65053],[-79.48047,43.65021],[-79.48292,43.64967],[-79.48446,43.64932],[-79.48483,43.64912],[-79.48575,43.64831],[-79.48624,43.64806],[-79.48671,43.64794],[-79.48748,43.64777],[-79.48814,43.64773],[-79.4894,43.64779],[-79.4901,43.64787],[-79.49084,43.6481],[-79.49411,43.64918],[-79.49537,43.64961],[-79.49627,43.64982],[-79.49706,43.64995],[-79.49841,43.65006],[-79.49901,43.65007],[-79.49932,43.65005],[-79.50204,43.64946],[-79.50321,43.6492],[-79.50431,43.64894],[-79.50545,43.64869],[-79.50774,43.64817],[-79.51136,43.64736],[-79.51248,43.64712],[-79.5136,43.64687],[-79.51457,43.64667],[-79.5158,43.64638],[-79.51752,43.646],[-79.51895,43.64567],[-79.52117,43.6452],[-79.5223,43.64492],[-79.52344,43.64465],[-79.52454,43.64441],[-79.52563,43.64419],[-79.52787,43.64368],[-79.53082,43.64304],[-79.53237,43.64264],[-79.53399,43.64213],[-79.53535,43.6418],[-79.53675,43.64152],[-79.53723,43.6414],[-79.53951,43.6409],[-79.54058,43.64064],[-79.54502,43.63965],[-79.54637,43.63934],[-79.54777,43.63903],[-79.55148,43.63818],[-79.55247,43.63795],[-79.55671,43.63693],[-79.55908,43.63637],[-79.56232,43.63563],[-79.56576,43.6348],[-79.56602,43.63473],[-79.56908,43.63402],[-79.5696,43.63389],[-79.57077,43.63356],[-79.57304,43.63294],[-79.57338,43.6328],[-79.57514,43.63204],[-79.57682,43.6313],[-79.57729,43.63106],[-79.57831,43.63039],[-79.57981,43.62931],[-79.58173,43.62795]]},"properties":{"name":"Bloor St W","cls":"major","len":201.3}},
{"type":"Feature","geometry":{"type":"LineString","coordinates":[[-79.42006,43.79803],[-79.41709,43.79869],[-79.41446,43.79926],[-79.41187,43.79983],[-79.40926,43.8004],[-79.40625,43.80107],[-79.39948,43.80256],[-79.39731,43.80303],[-79.39632,43.80326],[-79.39159,43.80429],[-79.38579,43.80558],[-79.38471,43.80581],[-79.3761,43.80772],[-79.37255,43.80851],[-79.37177,43.80868],[-79.36775,43.80959],[-79.36591,43.81001],[-79.36279,43.81073],[-79.36078,43.81118],[-79.3586,43.81169],[-79.35756,43.81192],[-79.35512,43.81248],[-79.35246,43.8131],[-79.35197,43.81322],[-79.34898,43.81387],[-79.34856,43.81397],[-79.34132,43.81565],[-79.3389,43.81629],[-79.33647,43.81686],[-79.33133,43.81806],[-79.32658,43.81915],[-79.32448,43.81964],[-79.32046,43.82058],[-79.31811,43.82112],[-79.31691,43.82141],[-79.31222,43.8225],[-79.30708,43.8237],[-79.30008,43.82531],[-79.29728,43.82595],[-79.29545,43.82639],[-79.29311,43.82693],[-79.28722,43.82827],[-79.28595,43.82857],[-79.2804,43.82984],[-79.2752,43.83105],[-79.27113,43.83198],[-79.26791,43.83272],[-79.26115,43.8343],[-79.25119,43.83661],[-79.24849,43.83724],[-79.24528,43.838],[-79.23945,43.83934],[-79.23685,43.83996],[-79.23222,43.84104]]},"properties":{"name":"Steeles Ave E","cls":"major","len":192.7}},
{"type":"Feature","geometry":{"type":"LineString","coordinates":[[-79.50527,43.60076],[-79.50631,43.60327],[-79.50653,43.6039],[-79.50663,43.60441],[-79.50657,43.60677],[-79.50694,43.60843],[-79.50759,43.61089],[-79.50793,43.61232],[-79.50843,43.61371],[-79.50882,43.61445],[-79.50989,43.6158],[-79.51082,43.61763],[-79.51133,43.61839],[-79.51157,43.61865],[-79.51217,43.61924],[-79.51256,43.61967],[-79.51328,43.62065],[-79.5138,43.62152],[-79.51449,43.62299],[-79.51475,43.6236],[-79.51491,43.62405],[-79.51519,43.62466],[-79.51611,43.62678],[-79.51645,43.62766],[-79.51699,43.62894],[-79.51713,43.62933],[-79.51766,43.63062],[-79.51793,43.63131],[-79.51878,43.63344],[-79.51913,43.63422],[-79.51981,43.63589],[-79.52034,43.63725],[-79.52122,43.63938],[-79.52168,43.64054],[-79.52172,43.64068],[-79.52209,43.64151],[-79.52267,43.64291],[-79.52344,43.64465],[-79.52381,43.64553],[-79.52431,43.64665],[-79.52446,43.64701],[-79.52545,43.64926],[-79.52612,43.65077],[-79.5264,43.65136],[-79.5267,43.65204],[-79.52792,43.65488],[-79.52876,43.65681],[-79.5292,43.65787],[-79.52979,43.65922],[-79.53012,43.66],[-79.53021,43.66017],[-79.53047,43.66081],[-79.53117,43.66242],[-79.53163,43.66343],[-79.53203,43.66428],[-79.53296,43.66639],[-79.53309,43.66665],[-79.53386,43.66838],[-79.53494,43.67078],[-79.53559,43.67224],[-79.53713,43.67564],[-79.53895,43.67969],[-79.53901,43.67984],[-79.53978,43.6816],[-79.5405,43.68319],[-79.54116,43.68467],[-79.54287,43.68862],[-79.54411,43.69136],[-79.54458,43.69245],[-79.54487,43.69309],[-79.54572,43.69488],[-79.54584,43.69516],[-79.54672,43.69707],[-79.54793,43.69974],[-79.54868,43.70132],[-79.54924,43.70257],[-79.54957,43.70328],[-79.55008,43.70444],[-79.55044,43.70511],[-79.55111,43.70657],[-79.55135,43.70706],[-79.55177,43.70814],[-79.55232,43.70948],[-79.55252,43.70989],[-79.55343,43.71153],[-79.554,43.71259],[-79.55414,43.71287],[-79.55473,43.7143],[-79.55598,43.71695],[-79.55745,43.72003],[-79.55811,43.7215],[-79.55846,43.72221],[-79.55969,43.72488],[-79.56076,43.72703],[-79.5613,43.72822],[-79.56169,43.72905],[-79.56201,43.72979],[-79.56293,43.73185],[-79.56389,43.73406],[-79.56531,43.73724],[-79.56554,43.73781],[-79.56572,43.73817],[-79.56629,43.7394],[-79.56686,43.74065],[-79.5677,43.74247],[-79.56811,43.74349],[-79.56843,43.74473],[-79.56858,43.74556],[-79.56857,43.74622],[-79.56855,43.74637],[-79.56852,43.74744],[-79.56849,43.74781],[-79.5684,43.74838],[-79.56832,43.74847],[-79.56808,43.74926],[-79.56794,43.75008],[-79.568,43.7508],[-79.56843,43.75282],[-79.56882,43.75472],[-79.569,43.75574],[-79.56917,43.75625],[-79.56943,43.75671],[-79.57133,43.75941],[-79.5718,43.76004],[-79.57301,43.76179],[-79.5741,43.76334],[-79.57487,43.76434]]},"properties":{"name":"Islington Ave","cls":"major","len":179.6}},
{"type":"Feature","geometry":{"type":"LineString","coordinates":[[-79.51698,43.5982],[-79.51802,43.60068],[-79.51936,43.60397],[-79.51965,43.60473],[-79.5202,43.60591],[-79.52075,43.6072],[-79.52254,43.61157],[-79.52408,43.61512],[-79.52463,43.61587],[-79.52531,43.61685],[-79.52551,43.61716],[-79.52566,43.61757],[-79.52583,43.61818],[-79.52602,43.61919],[-79.52626,43.61988],[-79.52676,43.62095],[-79.52755,43.6228],[-79.52828,43.62445],[-79.52851,43.62522],[-79.52882,43.62629],[-79.53107,43.63148],[-79.5318,43.63321],[-79.5323,43.63449],[-79.53273,43.63553],[-79.53294,43.63594],[-79.53341,43.63678],[-79.53404,43.63845],[-79.53427,43.63909],[-79.53481,43.64044],[-79.53535,43.6418],[-79.53564,43.64254],[-79.53618,43.6437],[-79.53679,43.64505],[-79.5372,43.64601],[-79.53763,43.64697],[-79.53808,43.64801],[-79.53854,43.6491],[-79.53935,43.65099],[-79.54048,43.65356],[-79.54082,43.65436],[-79.54178,43.65658],[-79.54232,43.65786],[-79.54277,43.65884],[-79.54292,43.65913],[-79.54323,43.65986],[-79.54392,43.6614],[-79.54434,43.66239],[-79.54541,43.66478],[-79.54574,43.66556],[-79.54666,43.66765],[-79.54775,43.67008],[-79.54932,43.67359],[-79.55017,43.67551],[-79.5509,43.67719],[-79.55111,43.67772],[-79.55281,43.68138],[-79.55324,43.68237],[-79.55381,43.68363],[-79.5547,43.68563],[-79.55672,43.69011],[-79.55687,43.69039],[-79.55725,43.69123],[-79.55761,43.69207],[-79.55863,43.69428],[-79.56056,43.69854],[-79.56144,43.70064],[-79.56238,43.70259],[-79.56319,43.70423],[-79.56346,43.70485],[-79.56407,43.70616],[-79.56416,43.70632],[-79.56506,43.70823],[-79.56552,43.70915],[-79.5667,43.7117],[-79.56751,43.71345],[-79.56853,43.71557],[-79.56923,43.71701],[-79.57007,43.71871],[-79.5704,43.71941],[-79.57151,43.7217],[-79.57189,43.72252],[-79.57268,43.72413],[-79.57345,43.72576],[-79.57464,43.72814],[-79.57584,43.73052],[-79.57639,43.73167],[-79.57748,43.73385],[-79.58033,43.73969],[-79.58212,43.74326],[-79.58249,43.74414],[-79.58268,43.74451],[-79.58439,43.74808],[-79.58578,43.75099],[-79.58706,43.75363],[-79.58831,43.75624],[-79.58988,43.7596]]},"properties":{"name":"Kipling Ave","cls":"major","len":177.3}},
{"type":"Feature","geometry":{"type":"LineString","coordinates":[[-79.41558,43.77977],[-79.41237,43.78046],[-79.40972,43.78106],[-79.40711,43.78163],[-79.40548,43.78198],[-79.40188,43.78276],[-79.40061,43.78305],[-79.39873,43.78347],[-79.3963,43.78399],[-79.39595,43.78408],[-79.39328,43.78466],[-79.3924,43.78489],[-79.39215,43.78501],[-79.39137,43.78518],[-79.38907,43.78573],[-79.38437,43.78676],[-79.37589,43.78859],[-79.37154,43.78954],[-79.37033,43.78981],[-79.36896,43.79006],[-79.36804,43.79003],[-79.36681,43.79005],[-79.36534,43.79034],[-79.36308,43.79085],[-79.35807,43.79196],[-79.35581,43.79244],[-79.35474,43.79266],[-79.35229,43.79316],[-79.35044,43.79363],[-79.3474,43.79436],[-79.34567,43.79474],[-79.34376,43.79513],[-79.34346,43.79517],[-79.34207,43.79521],[-79.34126,43.79515],[-79.33969,43.79479],[-79.33882,43.79447],[-79.33698,43.79353],[-79.33581,43.79298],[-79.33524,43.79281],[-79.33458,43.79272],[-79.3336,43.79271],[-79.33314,43.79277],[-79.33198,43.79295],[-79.33141,43.79311],[-79.32597,43.79433],[-79.31931,43.79585],[-79.31789,43.79618],[-79.31577,43.79677],[-79.31231,43.79749],[-79.30921,43.79824],[-79.3091,43.79826],[-79.30598,43.799],[-79.29965,43.80052],[-79.2966,43.80127],[-79.2943,43.80181],[-79.29158,43.80247],[-79.28891,43.80313],[-79.28629,43.80375],[-79.28213,43.80465],[-79.27736,43.8057],[-79.27294,43.80665],[-79.27038,43.80719],[-79.26651,43.80803],[-79.26278,43.80883],[-79.2577,43.80989],[-79.25292,43.81085],[-79.24984,43.81156],[-79.24667,43.81221],[-79.24433,43.81271],[-79.24308,43.81297]]},"properties":{"name":"Finch Ave E","cls":"major","len":176.9}},
{"type":"Feature","geometry":{"type":"LineString","coordinates":[[-79.39834,43.63571],[-79.39939,43.63621],[-79.39963,43.63648],[-79.39972,43.63663],[-79.40031,43.63802],[-79.40065,43.63884],[-79.40142,43.64075],[-79.40215,43.64264],[-79.4024,43.64319],[-79.40271,43.64393],[-79.40323,43.64519],[-79.40332,43.6455],[-79.40372,43.64646],[-79.40401,43.64719],[-79.40415,43.64768],[-79.40461,43.64882],[-79.4047,43.64897],[-79.40525,43.65036],[-79.40545,43.65089],[-79.40601,43.6523],[-79.40682,43.65429],[-79.4077,43.65647],[-79.40905,43.65981],[-79.40975,43.66152],[-79.41021,43.66267],[-79.4112,43.66512],[-79.4114,43.66564],[-79.41238,43.66811],[-79.41296,43.66961],[-79.41324,43.67031],[-79.41436,43.67316],[-79.41482,43.67433],[-79.41577,43.67672],[-79.4164,43.67831],[-79.41709,43.68009],[-79.41747,43.68103],[-79.41812,43.68272],[-79.4183,43.68317],[-79.4196,43.68635],[-79.4203,43.68809],[-79.42073,43.68914],[-79.42126,43.69047],[-79.42233,43.69306],[-79.42258,43.69371],[-79.42275,43.6941],[-79.42323,43.69528],[-79.42358,43.69611],[-79.42405,43.69727],[-79.42434,43.69795],[-79.42477,43.69902],[-79.42524,43.70022],[-79.42556,43.70099],[-79.42564,43.7014],[-79.42569,43.70248],[-79.42589,43.70334],[-79.42612,43.70427],[-79.42626,43.70474],[-79.42664,43.70621],[-79.42726,43.70874],[-79.42749,43.70972],[-79.42793,43.71142],[-79.42815,43.71235],[-79.42879,43.71506],[-79.42901,43.71595],[-79.42919,43.71682],[-79.42958,43.71843],[-79.42976,43.71928],[-79.42993,43.72003],[-79.43031,43.72162],[-79.43051,43.72254],[-79.43072,43.7234],[-79.4311,43.72504],[-79.43126,43.72579],[-79.43164,43.72744],[-79.43183,43.72821],[-79.43203,43.72909],[-79.4326,43.73151],[-79.43298,43.73307],[-79.43318,43.73393],[-79.43342,43.73488],[-79.43361,43.73577],[-79.43401,43.73735],[-79.43425,43.73842],[-79.43467,43.74003],[-79.43489,43.7409],[-79.43509,43.7418],[-79.43533,43.74268],[-79.43569,43.74425],[-79.43597,43.74527],[-79.43618,43.74615],[-79.43672,43.74826],[-79.43691,43.74911],[-79.43731,43.75078],[-79.43796,43.75345],[-79.43808,43.75398],[-79.43846,43.75546],[-79.43901,43.75778],[-79.44001,43.76179],[-79.44093,43.76546],[-79.44124,43.76682],[-79.44145,43.7677],[-79.44169,43.76858],[-79.44189,43.76947],[-79.44261,43.77232],[-79.44301,43.77386],[-79.44386,43.77725],[-79.44407,43.77806],[-79.4446,43.78023],[-79.44482,43.78104],[-79.44555,43.78393],[-79.44604,43.78589],[-79.44663,43.78832],[-79.44664,43.78865],[-79.44652,43.78905],[-79.44637,43.7893],[-79.44576,43.79006],[-79.4455,43.79043],[-79.44538,43.79083],[-79.44545,43.79131],[-79.44573,43.79246]]},"properties":{"name":"Bathurst St","cls":"major","len":165.5}},
{"type":"Feature","geometry":{"type":"LineString","coordinates":[[-79.35482,43.65777],[-79.35517,43.65863],[-79.35559,43.66014],[-79.35609,43.66166],[-79.35686,43.66436],[-79.35726,43.66553],[-79.35735,43.66587],[-79.35755,43.6665],[-79.35787,43.66759],[-79.35818,43.66839],[-79.3585,43.66885],[-79.35902,43.66935],[-79.36026,43.67024],[-79.36313,43.6725],[-79.36361,43.67302],[-79.36401,43.67364],[-79.36474,43.67507],[-79.36536,43.67619],[-79.3659,43.67683],[-79.36622,43.67711],[-79.36741,43.67803],[-79.36818,43.67865],[-79.36853,43.67913],[-79.3687,43.67967],[-79.36869,43.67998],[-79.36862,43.68028],[-79.36829,43.68087],[-79.36793,43.68127],[-79.36698,43.68219],[-79.36601,43.68289],[-79.36464,43.68362],[-79.36346,43.68415],[-79.36318,43.68433],[-79.36274,43.68486],[-79.36253,43.68536],[-79.36251,43.68574],[-79.36267,43.6863],[-79.36325,43.6873],[-79.36356,43.68793],[-79.36364,43.68813],[-79.36373,43.68859],[-79.3637,43.68895],[-79.36354,43.68936],[-79.36333,43.68965],[-79.36239,43.69048],[-79.36209,43.69083],[-79.36195,43.69109],[-79.36185,43.69144],[-79.36186,43.69197],[-79.36198,43.69235],[-79.36212,43.69258],[-79.36233,43.69284],[-79.36266,43.69312],[-79.36333,43.69348],[-79.36421,43.6937],[-79.36535,43.6939],[-79.36628,43.69409],[-79.36688,43.69435],[-79.36708,43.69447],[-79.36938,43.69592],[-79.36973,43.69609],[-79.37017,43.69613],[-79.37103,43.69597],[-79.37132,43.69601],[-79.37152,43.69615],[-79.37174,43.69675],[-79.3725,43.69873],[-79.3728,43.69957],[-79.37331,43.70093],[-79.37411,43.70298],[-79.37462,43.70427],[-79.37494,43.70511],[-79.37562,43.70694],[-79.37596,43.70782],[-79.37634,43.7087],[-79.37694,43.7104],[-79.37709,43.71105],[-79.37728,43.71205],[-79.37746,43.71312],[-79.37762,43.71385],[-79.37798,43.71611],[-79.37809,43.71672],[-79.37857,43.71904],[-79.37872,43.71972],[-79.37891,43.721],[-79.37914,43.72212],[-79.37919,43.72228],[-79.37962,43.72433],[-79.37983,43.7251],[-79.3802,43.72558],[-79.38129,43.7265],[-79.38154,43.72676],[-79.38174,43.72708],[-79.38189,43.72753],[-79.38188,43.72806],[-79.38142,43.73014],[-79.38107,43.73178],[-79.38107,43.732],[-79.38191,43.73641],[-79.3823,43.73853],[-79.38261,43.74008],[-79.38275,43.74084],[-79.38305,43.74226],[-79.38327,43.74344],[-79.3836,43.74513],[-79.38402,43.74724],[-79.38416,43.74806],[-79.38454,43.74984],[-79.38497,43.75215],[-79.38531,43.75373],[-79.38594,43.75683],[-79.38604,43.75748],[-79.38632,43.75912],[-79.38664,43.76059],[-79.38684,43.76184],[-79.38706,43.76296],[-79.38719,43.76347],[-79.38752,43.76462],[-79.38761,43.76488],[-79.38806,43.76659],[-79.38826,43.76756],[-79.38842,43.76819],[-79.38858,43.76906],[-79.38898,43.77074],[-79.38937,43.77256],[-79.38958,43.77348],[-79.38979,43.77432],[-79.38998,43.77524],[-79.39019,43.7761],[-79.39047,43.77741],[-79.39062,43.77804],[-79.3909,43.77941],[-79.39111,43.78032],[-79.39122,43.78086],[-79.39147,43.78196],[-79.39171,43.78292],[-79.39192,43.78387],[-79.39215,43.78501],[-79.39316,43.79008],[-79.39335,43.79113],[-79.3936,43.7923],[-79.39422,43.7951],[-79.39518,43.79915],[-79.39536,43.79994],[-79.39599,43.80258],[-79.39632,43.80326]]},"properties":{"name":"Bayview Ave","cls":"major","len":165.2}},
{"type":"Feature","geometry":{"type":"LineString","coordinates":[[-79.37547,43.64333],[-79.37577,43.64406],[-79.37697,43.64688],[-79.37734,43.64783],[-79.37763,43.64851],[-79.37789,43.64916],[-79.37843,43.65042],[-79.37896,43.6517],[-79.37926,43.65244],[-79.37997,43.65406],[-79.38065,43.65571],[-79.38093,43.65633],[-79.38123,43.65704],[-79.38136,43.6574],[-79.38191,43.65868],[-79.3821,43.65909],[-79.38311,43.66137],[-79.38336,43.66203],[-79.38378,43.66303],[-79.38456,43.66493],[-79.38524,43.66657],[-79.38584,43.66799],[-79.38641,43.66939],[-79.38679,43.67023],[-79.38719,43.67128],[-79.38746,43.67193],[-79.38787,43.67287],[-79.38866,43.67488],[-79.38899,43.67559],[-79.38956,43.67705],[-79.38988,43.67784],[-79.39004,43.6782],[-79.39073,43.6799],[-79.39119,43.68108],[-79.39157,43.68196],[-79.39203,43.6831],[-79.39238,43.68392],[-79.39282,43.68503],[-79.39319,43.68588],[-79.3933,43.68622],[-79.39368,43.68712],[-79.39408,43.6881],[-79.39454,43.68912],[-79.39493,43.69018],[-79.39503,43.69077],[-79.39523,43.69172],[-79.39606,43.69557],[-79.39617,43.69612],[-79.39647,43.69737],[-79.39664,43.6983],[-79.39681,43.69932],[-79.39701,43.70029],[-79.39711,43.70086],[-79.39718,43.70113],[-79.39747,43.70252],[-79.39762,43.70328],[-79.39781,43.70415],[-79.39832,43.70675],[-79.3986,43.708],[-79.39864,43.70822],[-79.39897,43.70959],[-79.39928,43.71109],[-79.39946,43.71184],[-79.39953,43.7123],[-79.40009,43.71495],[-79.40041,43.71639],[-79.40045,43.71661],[-79.40083,43.71835],[-79.40091,43.71876],[-79.4011,43.71956],[-79.4014,43.72096],[-79.4016,43.72197],[-79.4018,43.7231],[-79.40212,43.72458],[-79.4022,43.7251],[-79.40236,43.72568],[-79.40327,43.72918],[-79.40347,43.72993],[-79.40425,43.73292],[-79.40448,43.73393],[-79.40484,43.73557],[-79.40514,43.73698],[-79.40591,43.74038],[-79.40625,43.74186],[-79.40654,43.74333],[-79.40673,43.74415],[-79.40745,43.7473],[-79.40785,43.74893],[-79.40813,43.75022],[-79.40808,43.75177],[-79.40816,43.75268],[-79.40844,43.75381],[-79.40859,43.75431],[-79.40947,43.75605],[-79.40979,43.757],[-79.41012,43.75823],[-79.41031,43.75903],[-79.41058,43.76004],[-79.41094,43.76151],[-79.41116,43.76236],[-79.41138,43.76328],[-79.41157,43.764],[-79.41176,43.76481],[-79.41199,43.76566],[-79.41244,43.76748],[-79.4129,43.76927],[-79.41332,43.77099],[-79.41358,43.77199],[-79.41438,43.77516],[-79.41508,43.7779],[-79.41528,43.7787],[-79.41558,43.77977],[-79.416,43.78164],[-79.41616,43.78226],[-79.41672,43.7845],[-79.41703,43.78579],[-79.41735,43.78707],[-79.41813,43.79025],[-79.41858,43.79206],[-79.41879,43.79296],[-79.41901,43.79381],[-79.41963,43.79632],[-79.41985,43.79716],[-79.42006,43.79803]]},"properties":{"name":"Yonge St","cls":"major","len":161.6}},
{"type":"Feature","geometry":{"type":"MultiLineString","coordinates":[[[-79.53237,43.64264],[-79.53223,43.64241],[-79.53215,43.64213],[-79.53222,43.64165],[-79.53241,43.64135],[-79.53262,43.64115],[-79.53308,43.64094],[-79.53481,43.64044],[-79.53614,43.64004],[-79.53668,43.63982],[-79.53686,43.63971],[-79.53759,43.63899],[-79.53798,43.63853],[-79.53842,43.63806],[-79.53899,43.63737],[-79.54008,43.63613],[-79.5405,43.63562],[-79.54132,43.63478],[-79.54322,43.63301],[-79.5437,43.63268],[-79.54466,43.63214],[-79.54659,43.63117],[-79.5469,43.63105],[-79.54916,43.63051],[-79.54982,43.63038],[-79.55192,43.62988],[-79.55498,43.62903],[-79.55629,43.62866],[-79.55726,43.62841],[-79.55893,43.62807],[-79.55911,43.62804],[-79.561,43.62763],[-79.56237,43.62734],[-79.56376,43.62703]],[[-79.46453,43.66541],[-79.46589,43.66543],[-79.46724,43.66544],[-79.46859,43.66546],[-79.47211,43.6655],[-79.47324,43.66552],[-79.47451,43.66553],[-79.47575,43.66553],[-79.47896,43.66556],[-79.48063,43.66558],[-79.4821,43.66558],[-79.48488,43.66561],[-79.48577,43.66563],[-79.48854,43.66564],[-79.4896,43.66566],[-79.49118,43.66572],[-79.49272,43.66569],[-79.49519,43.66572],[-79.49699,43.66577],[-79.49771,43.66573],[-79.49921,43.66552],[-79.50036,43.66525],[-79.5015,43.66488],[-79.50256,43.66439],[-79.50355,43.66387],[-79.50526,43.66293],[-79.50552,43.66281],[-79.50719,43.66192],[-79.50948,43.66101],[-79.51039,43.66067],[-79.51204,43.66003],[-79.51413,43.65923],[-79.51494,43.65891],[-79.51571,43.65855],[-79.5163,43.6583],[-79.51734,43.65793],[-79.51907,43.6573],[-79.52033,43.6569],[-79.52189,43.65626],[-79.52218,43.65603],[-79.52435,43.65363],[-79.5249,43.653],[-79.52546,43.65238],[-79.5264,43.65136],[-79.52875,43.64877],[-79.53035,43.64699],[-79.53297,43.64414],[-79.53346,43.6436],[-79.53399,43.64308],[-79.53446,43.64258],[-79.53464,43.64242]],[[-79.45729,43.66381],[-79.45779,43.66429]],[[-79.45729,43.66381],[-79.45739,43.66364]],[[-79.4567,43.66325],[-79.45729,43.66381]],[[-79.38093,43.65633],[-79.38373,43.65572],[-79.38711,43.655],[-79.38793,43.65483],[-79.38832,43.65481],[-79.3892,43.65468],[-79.39031,43.65448],[-79.39055,43.6545],[-79.39386,43.65382],[-79.39702,43.65317],[-79.39804,43.65293],[-79.39913,43.65269],[-79.40111,43.65227],[-79.40224,43.65204],[-79.40285,43.65193],[-79.40375,43.65174],[-79.40406,43.6518],[-79.40485,43.65216],[-79.40536,43.65236],[-79.4056,43.65238],[-79.40601,43.6523],[-79.40971,43.65155],[-79.41091,43.6513],[-79.41281,43.65093],[-79.41493,43.65049],[-79.41829,43.64983],[-79.41891,43.64969],[-79.42021,43.64943],[-79.42078,43.64933]]]},"properties":{"name":"Dundas St W","cls":"major","len":157.5}},
{"type":"Feature","geometry":{"type":"LineString","coordinates":[[-79.28658,43.6869],[-79.28735,43.6888],[-79.28836,43.69123],[-79.28968,43.69451],[-79.29048,43.69655],[-79.29096,43.69766],[-79.2911,43.69796],[-79.29222,43.70011],[-79.29314,43.70222],[-79.29382,43.70382],[-79.29509,43.70675],[-79.29528,43.70722],[-79.29599,43.70878],[-79.29619,43.70928],[-79.29682,43.71084],[-79.2974,43.71223],[-79.29866,43.7152],[-79.29929,43.71667],[-79.30018,43.71877],[-79.30059,43.71979],[-79.30102,43.7208],[-79.3021,43.72338],[-79.30265,43.72472],[-79.30347,43.72669],[-79.30395,43.72782],[-79.30561,43.73187],[-79.30676,43.73466],[-79.30743,43.73627],[-79.30846,43.7388],[-79.30931,43.74092],[-79.30979,43.74214],[-79.31003,43.74272],[-79.31057,43.74436],[-79.31094,43.7454],[-79.31115,43.74604],[-79.31181,43.74795],[-79.31211,43.74884],[-79.31264,43.75036],[-79.31326,43.75221],[-79.31354,43.75301],[-79.3145,43.75571],[-79.31525,43.75787],[-79.3156,43.75872],[-79.31615,43.75996],[-79.31709,43.76202],[-79.31753,43.76302],[-79.31816,43.76452],[-79.3186,43.76542],[-79.31918,43.76693],[-79.3196,43.76793],[-79.31993,43.76867],[-79.32034,43.76953],[-79.32114,43.77112],[-79.32151,43.77193],[-79.32221,43.7735],[-79.32302,43.77524],[-79.32417,43.77774],[-79.3254,43.78035],[-79.32706,43.78387],[-79.32793,43.78573],[-79.32959,43.78925],[-79.33079,43.79176],[-79.33141,43.79311],[-79.33269,43.79597],[-79.33363,43.79805],[-79.33469,43.80043],[-79.33512,43.80137],[-79.33632,43.80409],[-79.33736,43.8064],[-79.3383,43.80851],[-79.3392,43.81064],[-79.33976,43.8121],[-79.34132,43.81565]]},"properties":{"name":"Victoria Park Ave","cls":"major","len":140}},
{"type":"Feature","geometry":{"type":"LineString","coordinates":[[-79.41094,43.76151],[-79.41316,43.76103],[-79.41551,43.76052],[-79.41636,43.76032],[-79.41792,43.75998],[-79.42032,43.75944],[-79.42108,43.75926],[-79.42256,43.75895],[-79.42339,43.75874],[-79.42591,43.75818],[-79.43001,43.75725],[-79.43086,43.75707],[-79.43283,43.75663],[-79.43699,43.75569],[-79.43791,43.7555],[-79.43846,43.75546],[-79.43908,43.75541],[-79.4414,43.75494],[-79.44342,43.75449],[-79.44577,43.75401],[-79.4484,43.75345],[-79.45019,43.75305],[-79.45192,43.75269],[-79.45477,43.75209],[-79.45675,43.75166],[-79.458,43.75139],[-79.45948,43.75106],[-79.46339,43.75025],[-79.4643,43.75011],[-79.46498,43.75021],[-79.46572,43.75051],[-79.46722,43.75192],[-79.46886,43.75348],[-79.46966,43.75403],[-79.4699,43.75418],[-79.47297,43.75538],[-79.47377,43.75552],[-79.47426,43.75553],[-79.47489,43.7555],[-79.47589,43.75531],[-79.48025,43.75432],[-79.48116,43.75408],[-79.48171,43.75383],[-79.48208,43.75358],[-79.48229,43.75338],[-79.4827,43.75284],[-79.48281,43.75257],[-79.48288,43.75213],[-79.48279,43.74977],[-79.4827,43.74718],[-79.48282,43.74667],[-79.48317,43.74608],[-79.48375,43.74557],[-79.48423,43.74531],[-79.48492,43.74505],[-79.48645,43.74478],[-79.48716,43.74468],[-79.49181,43.74366],[-79.49255,43.74348],[-79.49424,43.74311],[-79.49648,43.74263],[-79.49702,43.74252],[-79.5015,43.7415],[-79.5034,43.74108],[-79.50689,43.74032],[-79.50968,43.73967],[-79.51033,43.73954],[-79.511,43.73945],[-79.51233,43.73954],[-79.51322,43.73939],[-79.5238,43.73697],[-79.52588,43.73639],[-79.52616,43.73632],[-79.52724,43.73609],[-79.52891,43.7358],[-79.52928,43.73571],[-79.53396,43.73467],[-79.53579,43.73426],[-79.53823,43.73375]]},"properties":{"name":"Sheppard Ave W","cls":"major","len":138.8}},
{"type":"Feature","geometry":{"type":"MultiLineString","coordinates":[[[-79.31525,43.75787],[-79.31293,43.75841],[-79.31019,43.75903],[-79.30829,43.75949],[-79.3079,43.75956],[-79.30643,43.75991],[-79.30446,43.76035],[-79.30245,43.76079],[-79.30075,43.76119],[-79.29878,43.76166],[-79.29471,43.76261],[-79.29136,43.76343],[-79.28772,43.76426],[-79.28587,43.7647],[-79.28384,43.76517],[-79.28108,43.76582],[-79.27938,43.76618]],[[-79.27938,43.76618],[-79.27902,43.76626]],[[-79.27938,43.76618],[-79.27928,43.76598],[-79.27917,43.76591],[-79.27868,43.76599],[-79.27707,43.76635],[-79.27693,43.76651],[-79.27697,43.76669]],[[-79.27902,43.76626],[-79.27697,43.76669]],[[-79.27902,43.76626],[-79.27908,43.7664],[-79.27897,43.76667],[-79.27864,43.76678],[-79.27818,43.76672],[-79.27732,43.76695],[-79.27709,43.76689],[-79.27697,43.76669]],[[-79.27697,43.76669],[-79.27549,43.76701]],[[-79.27549,43.76701],[-79.27298,43.76754]],[[-79.27549,43.76701],[-79.27545,43.76729],[-79.27523,43.7674],[-79.27336,43.76781],[-79.27307,43.76771],[-79.27298,43.76754]],[[-79.27549,43.76701],[-79.27533,43.76687],[-79.27514,43.76686],[-79.27294,43.76726],[-79.27287,43.76732],[-79.27278,43.76758]],[[-79.27298,43.76754],[-79.27278,43.76758]],[[-79.27278,43.76758],[-79.27111,43.76792],[-79.2688,43.76845],[-79.2665,43.76894],[-79.26498,43.76928],[-79.26394,43.7695],[-79.2613,43.77007],[-79.25813,43.77076],[-79.25765,43.77087],[-79.25548,43.77133],[-79.25362,43.77171],[-79.25145,43.77216],[-79.24985,43.77253],[-79.24625,43.77332],[-79.24176,43.77433],[-79.23649,43.77544],[-79.23494,43.77576],[-79.23176,43.77644],[-79.22658,43.77759],[-79.22335,43.77829],[-79.22222,43.77856],[-79.21714,43.77975],[-79.21139,43.78113],[-79.20703,43.78214],[-79.20495,43.78261],[-79.19682,43.78451],[-79.19543,43.78483],[-79.19334,43.78534]]]},"properties":{"name":"Ellesmere Rd","cls":"major","len":136.5}},
{"type":"Feature","geometry":{"type":"MultiLineString","coordinates":[[[-79.48152,43.63097],[-79.48426,43.63038],[-79.48525,43.63015],[-79.48674,43.62984],[-79.49036,43.62905],[-79.4929,43.62847],[-79.49515,43.62799],[-79.49713,43.62754],[-79.49736,43.62751],[-79.49832,43.62729],[-79.50055,43.62681],[-79.50152,43.62658],[-79.50263,43.62634],[-79.50349,43.62614],[-79.50445,43.62594],[-79.506,43.62558],[-79.50886,43.62497],[-79.51049,43.62459],[-79.51169,43.62434],[-79.51278,43.62409],[-79.51475,43.6236],[-79.51793,43.6229],[-79.51907,43.62264],[-79.52097,43.62224],[-79.52423,43.62152],[-79.52676,43.62095],[-79.53071,43.62],[-79.53141,43.61986],[-79.53404,43.61927],[-79.53698,43.6187],[-79.54629,43.61643],[-79.54701,43.61627],[-79.54947,43.61567],[-79.55034,43.61548],[-79.55169,43.6152],[-79.55535,43.61437],[-79.55617,43.61425],[-79.55817,43.61417],[-79.55925,43.61402],[-79.5606,43.61354],[-79.56216,43.61261],[-79.56265,43.61233],[-79.56728,43.60964]],[[-79.4756,43.63345],[-79.47558,43.63335],[-79.47587,43.63306],[-79.47614,43.63275],[-79.47645,43.63235],[-79.47693,43.63193],[-79.4775,43.6317],[-79.48152,43.63097]],[[-79.4756,43.63345],[-79.47577,43.6334],[-79.47645,43.63275],[-79.47673,43.63253],[-79.47702,43.63238],[-79.48152,43.63097]],[[-79.4461,43.63874],[-79.44693,43.63858],[-79.44726,43.63859],[-79.44842,43.63878],[-79.45128,43.63934],[-79.45229,43.63965],[-79.45283,43.63971],[-79.45406,43.6397],[-79.45788,43.63967],[-79.45939,43.63954],[-79.46116,43.63926],[-79.46265,43.63888],[-79.46645,43.63777],[-79.46837,43.63742],[-79.46992,43.63722],[-79.47098,43.63699],[-79.472,43.63659],[-79.4729,43.63603],[-79.47349,43.63549],[-79.47484,43.63417],[-79.4756,43.63345]]]},"properties":{"name":"The Queensway","cls":"major","len":133.3}},
{"type":"Feature","geometry":{"type":"LineString","coordinates":[[-79.48446,43.64932],[-79.48537,43.65151],[-79.48569,43.65225],[-79.48597,43.65297],[-79.48709,43.65575],[-79.4877,43.65723],[-79.48812,43.65827],[-79.4885,43.65914],[-79.48883,43.66001],[-79.48967,43.66199],[-79.49118,43.66572],[-79.49177,43.66718],[-79.4921,43.6679],[-79.49316,43.6703],[-79.49416,43.67259],[-79.49475,43.67399],[-79.49523,43.67508],[-79.49615,43.67724],[-79.49645,43.67802],[-79.49687,43.67894],[-79.49723,43.67977],[-79.49756,43.68058],[-79.49774,43.68109],[-79.49877,43.68431],[-79.49882,43.68448],[-79.50012,43.68847],[-79.50038,43.68928],[-79.50089,43.6913],[-79.50108,43.69206],[-79.50166,43.69463],[-79.50238,43.69759],[-79.50261,43.69842],[-79.50289,43.69955],[-79.50325,43.70085],[-79.50346,43.70157],[-79.50364,43.70228],[-79.50384,43.70288],[-79.50425,43.70446],[-79.50441,43.70516],[-79.50483,43.70665],[-79.50504,43.70754],[-79.50551,43.70926],[-79.50597,43.71104],[-79.50695,43.7146],[-79.50718,43.71545],[-79.50767,43.71738],[-79.50816,43.71908],[-79.50863,43.72092],[-79.50896,43.7224],[-79.50936,43.72391],[-79.50961,43.72489],[-79.5107,43.72929],[-79.51128,43.73182],[-79.51154,43.73289],[-79.51192,43.73457],[-79.51231,43.73619],[-79.51322,43.73939],[-79.51366,43.74123],[-79.51412,43.7431],[-79.51457,43.74488],[-79.51496,43.74646],[-79.51509,43.74707],[-79.51564,43.74914],[-79.51604,43.75072],[-79.51705,43.75482],[-79.51769,43.75726],[-79.51809,43.75893],[-79.51827,43.7596],[-79.51882,43.76192],[-79.51937,43.76453],[-79.51969,43.76591],[-79.52038,43.76883],[-79.52143,43.77321],[-79.52143,43.77337],[-79.52165,43.7743],[-79.52174,43.77547]]},"properties":{"name":"Jane St","cls":"major","len":131.9}},
{"type":"Feature","geometry":{"type":"LineString","coordinates":[[-79.40673,43.74415],[-79.40862,43.74347],[-79.41244,43.74211],[-79.41407,43.7416],[-79.41523,43.74129],[-79.41824,43.74062],[-79.42165,43.73987],[-79.42283,43.73962],[-79.42383,43.73939],[-79.42686,43.73871],[-79.42814,43.7384],[-79.42942,43.73788],[-79.42976,43.73778],[-79.43121,43.73761],[-79.43175,43.73759],[-79.43401,43.73735],[-79.43423,43.73735],[-79.43499,43.73721],[-79.43781,43.73659],[-79.44193,43.73571],[-79.44263,43.73558],[-79.44457,43.73515],[-79.44644,43.73475],[-79.44723,43.73459],[-79.45011,43.73396],[-79.45279,43.73338],[-79.45889,43.73209],[-79.45985,43.73199],[-79.46104,43.73192],[-79.46284,43.73154],[-79.46446,43.73117],[-79.46547,43.73095],[-79.46811,43.73034],[-79.47147,43.7296],[-79.47708,43.72831],[-79.47844,43.72801],[-79.47934,43.72778],[-79.48008,43.72747],[-79.48163,43.72677],[-79.48207,43.72664],[-79.48548,43.72587],[-79.4911,43.72461],[-79.49411,43.72396],[-79.49677,43.72336],[-79.50202,43.7222],[-79.50464,43.7216],[-79.50627,43.72124],[-79.50863,43.72092],[-79.50955,43.72077],[-79.5138,43.71983],[-79.51602,43.71931],[-79.51685,43.7191],[-79.51915,43.7186],[-79.52102,43.71816],[-79.52302,43.71773],[-79.52923,43.71634],[-79.53143,43.71583]]},"properties":{"name":"Wilson Ave","cls":"major","len":128.1}},
{"type":"Feature","geometry":{"type":"LineString","coordinates":[[-79.4022,43.7251],[-79.40358,43.72482],[-79.40561,43.72439],[-79.40875,43.72372],[-79.41123,43.7232],[-79.41209,43.72303],[-79.41561,43.72226],[-79.41675,43.72203],[-79.42141,43.72104],[-79.42245,43.72083],[-79.42438,43.7204],[-79.42639,43.71999],[-79.42672,43.71991],[-79.42976,43.71928],[-79.43297,43.71849],[-79.43763,43.71751],[-79.43834,43.71735],[-79.44322,43.71632],[-79.4465,43.71562],[-79.44836,43.71522],[-79.44947,43.71497],[-79.45239,43.71435],[-79.45357,43.71417],[-79.45475,43.71409],[-79.45854,43.71329],[-79.46084,43.71276],[-79.46204,43.7125],[-79.46659,43.71149],[-79.46977,43.71078],[-79.47661,43.70927],[-79.4779,43.70878],[-79.47806,43.70866],[-79.47893,43.70834],[-79.48244,43.70754],[-79.48767,43.70637],[-79.49019,43.7058],[-79.49174,43.70548],[-79.4941,43.70495],[-79.49555,43.70461],[-79.49881,43.70388],[-79.50008,43.70361],[-79.50195,43.70318],[-79.50268,43.70302],[-79.50384,43.70288],[-79.50499,43.70277],[-79.50704,43.70228],[-79.50831,43.70199],[-79.51212,43.70109],[-79.51396,43.70066],[-79.51532,43.70035],[-79.5162,43.70016],[-79.51983,43.69928],[-79.52216,43.69851],[-79.52329,43.69818]]},"properties":{"name":"Lawrence Ave W","cls":"major","len":124.1}},
{"type":"Feature","geometry":{"type":"MultiLineString","coordinates":[[[-79.47425,43.6918],[-79.47424,43.69194],[-79.47451,43.693],[-79.47482,43.69436],[-79.47524,43.69631],[-79.47594,43.69931],[-79.47636,43.70125],[-79.47704,43.70427],[-79.47712,43.70456],[-79.47747,43.70619],[-79.47806,43.70866],[-79.47864,43.71118],[-79.47886,43.71222],[-79.47943,43.71482],[-79.48072,43.72052],[-79.48103,43.72158],[-79.48121,43.72227],[-79.48152,43.72371],[-79.48159,43.72438],[-79.48169,43.72511],[-79.48207,43.72664],[-79.48259,43.72907],[-79.48291,43.73036],[-79.48342,43.73248],[-79.48388,43.73437],[-79.48393,43.73463],[-79.48451,43.73695],[-79.48482,43.7383],[-79.48522,43.73994],[-79.48529,43.74026],[-79.48593,43.74288],[-79.48645,43.74478],[-79.48643,43.745],[-79.48671,43.74611],[-79.48753,43.7495],[-79.48759,43.74961],[-79.48815,43.75204],[-79.48873,43.75448],[-79.48919,43.75634],[-79.48949,43.75745],[-79.48962,43.75804],[-79.48994,43.75932],[-79.49004,43.7598],[-79.49101,43.76347],[-79.49175,43.76635],[-79.49202,43.76731],[-79.49324,43.77199],[-79.49404,43.77517],[-79.49465,43.77772],[-79.49468,43.77841],[-79.49429,43.78015],[-79.49429,43.78063],[-79.4945,43.78154]],[[-79.4716,43.68214],[-79.47195,43.68292],[-79.47228,43.68374],[-79.47302,43.68544],[-79.47353,43.68664],[-79.47428,43.68835],[-79.47506,43.69017]],[[-79.46003,43.65471],[-79.46038,43.65565],[-79.46151,43.65831],[-79.46239,43.6603],[-79.46294,43.66163],[-79.4638,43.66365],[-79.46435,43.66496],[-79.46453,43.66541],[-79.46472,43.66582],[-79.46504,43.66658],[-79.46561,43.66786],[-79.46651,43.67003],[-79.46762,43.67253]]]},"properties":{"name":"Keele St","cls":"major","len":120.4}},
{"type":"Feature","geometry":{"type":"MultiLineString","coordinates":[[[-79.35303,43.78735],[-79.35396,43.78956],[-79.35416,43.79027],[-79.35474,43.79266],[-79.35512,43.79418],[-79.35524,43.79475],[-79.3553,43.7956],[-79.3552,43.79644],[-79.35473,43.79786],[-79.35414,43.79961],[-79.35387,43.80032],[-79.3534,43.80176],[-79.35335,43.80233],[-79.35343,43.80287],[-79.35359,43.80328],[-79.35383,43.80372],[-79.35493,43.80521],[-79.35568,43.806],[-79.35685,43.80703],[-79.35971,43.80957],[-79.36021,43.81011],[-79.36052,43.81059],[-79.36078,43.81118]],[[-79.33965,43.69557],[-79.34019,43.69685],[-79.34022,43.6971],[-79.34015,43.69735],[-79.33994,43.69758],[-79.33956,43.69779],[-79.33888,43.69801],[-79.33824,43.6984],[-79.338,43.69862],[-79.33778,43.69899],[-79.33771,43.69923],[-79.33772,43.70075],[-79.33764,43.70105],[-79.33739,43.70143],[-79.33715,43.70164],[-79.33676,43.70188],[-79.33597,43.7022],[-79.33512,43.70269],[-79.33476,43.703],[-79.33443,43.70341],[-79.33423,43.70381],[-79.33376,43.70607],[-79.33369,43.70715],[-79.33374,43.70793],[-79.33387,43.70858],[-79.3341,43.70934],[-79.33439,43.71],[-79.33538,43.7122],[-79.33635,43.7144],[-79.33732,43.71655],[-79.33793,43.71801],[-79.33856,43.71939],[-79.33872,43.71984],[-79.33887,43.7205],[-79.33957,43.72301],[-79.34019,43.72517],[-79.34086,43.72766],[-79.34212,43.73224],[-79.34345,43.73717],[-79.34354,43.73752],[-79.34443,43.74085],[-79.3448,43.7422],[-79.34545,43.74474],[-79.34589,43.74635],[-79.34671,43.74959],[-79.34687,43.75009],[-79.34725,43.75102],[-79.34731,43.75167],[-79.34729,43.75203],[-79.34704,43.75308],[-79.347,43.7535],[-79.34705,43.75581],[-79.34719,43.75964],[-79.34723,43.76175],[-79.34716,43.76319],[-79.34693,43.76528],[-79.34682,43.76651],[-79.34675,43.76714],[-79.34653,43.76957],[-79.34646,43.77],[-79.34627,43.77239],[-79.3463,43.77274],[-79.34646,43.77347],[-79.34704,43.77511],[-79.34874,43.77909],[-79.34883,43.77988],[-79.34872,43.78026]]]},"properties":{"name":"Don Mills Rd","cls":"major","len":118.1}},
{"type":"Feature","geometry":{"type":"LineString","coordinates":[[-79.281,43.71205],[-79.28132,43.71278],[-79.2819,43.71416],[-79.28277,43.71618],[-79.28314,43.71709],[-79.28363,43.71824],[-79.28402,43.71918],[-79.28458,43.72056],[-79.28574,43.72329],[-79.28728,43.72694],[-79.28762,43.72785],[-79.28876,43.73071],[-79.29045,43.73485],[-79.29101,43.7362],[-79.29134,43.73704],[-79.29169,43.73787],[-79.29244,43.73973],[-79.29279,43.74055],[-79.29333,43.74191],[-79.29348,43.74224],[-79.29401,43.74357],[-79.29435,43.74435],[-79.29473,43.74538],[-79.29523,43.74652],[-79.29557,43.7474],[-79.29598,43.74839],[-79.2981,43.75366],[-79.29839,43.7544],[-79.29954,43.75722],[-79.30003,43.75849],[-79.30039,43.75936],[-79.30063,43.76051],[-79.30075,43.76119],[-79.30099,43.76275],[-79.3013,43.76356],[-79.30217,43.76558],[-79.30296,43.76755],[-79.30341,43.76845],[-79.30393,43.77002],[-79.30423,43.77073],[-79.30472,43.77167],[-79.30536,43.77311],[-79.30636,43.77542],[-79.30656,43.77594],[-79.30726,43.7775],[-79.30791,43.77873],[-79.30852,43.77986],[-79.30969,43.78253],[-79.31095,43.78548],[-79.31328,43.79079],[-79.31504,43.79487],[-79.31577,43.79677],[-79.31668,43.79874],[-79.31708,43.79929],[-79.31817,43.8004],[-79.31875,43.80149],[-79.32017,43.80462],[-79.32068,43.80569],[-79.32098,43.80635],[-79.32225,43.80912],[-79.32407,43.81308],[-79.32453,43.81437],[-79.32465,43.81483],[-79.32467,43.81522],[-79.32456,43.8162],[-79.32429,43.81797],[-79.32428,43.8185],[-79.32436,43.81909],[-79.32448,43.81964]]},"properties":{"name":"Warden Ave","cls":"major","len":116.8}},
{"type":"Feature","geometry":{"type":"LineString","coordinates":[[-79.26133,43.71653],[-79.26166,43.7175],[-79.26358,43.72197],[-79.2645,43.7241],[-79.26499,43.72528],[-79.26593,43.72744],[-79.26705,43.73],[-79.26746,43.73097],[-79.26797,43.73225],[-79.26861,43.73381],[-79.26924,43.73529],[-79.27013,43.73745],[-79.27033,43.73798],[-79.27046,43.73826],[-79.27174,43.74139],[-79.27225,43.74266],[-79.27365,43.74599],[-79.27462,43.74841],[-79.27495,43.74951],[-79.2753,43.7507],[-79.27629,43.75323],[-79.27751,43.75633],[-79.27789,43.75738],[-79.27921,43.76066],[-79.27944,43.76132],[-79.28087,43.76496],[-79.28108,43.76582],[-79.28135,43.76711],[-79.28226,43.76942],[-79.28325,43.77173],[-79.28387,43.77319],[-79.28461,43.77501],[-79.2852,43.77638],[-79.28606,43.77847],[-79.28667,43.77988],[-79.2869,43.78052],[-79.28738,43.78162],[-79.28774,43.78239],[-79.28826,43.78329],[-79.28861,43.78386],[-79.28946,43.78576],[-79.28967,43.7863],[-79.29067,43.78863],[-79.29171,43.7911],[-79.29276,43.79352],[-79.29345,43.79515],[-79.29435,43.79721],[-79.29514,43.79905],[-79.29549,43.79991],[-79.29591,43.80053],[-79.2966,43.80127],[-79.29704,43.80172],[-79.29732,43.80209],[-79.29818,43.80388],[-79.29884,43.80528],[-79.29975,43.80732],[-79.30047,43.80891],[-79.30125,43.8106],[-79.30195,43.81214],[-79.30475,43.81844],[-79.30561,43.82045],[-79.30708,43.8237]]},"properties":{"name":"Kennedy Rd","cls":"major","len":116.8}},
{"type":"Feature","geometry":{"type":"MultiLineString","coordinates":[[[-79.46493,43.75945],[-79.46501,43.7603],[-79.46516,43.76102],[-79.46564,43.76326],[-79.46613,43.76522],[-79.46693,43.76885],[-79.46772,43.77208],[-79.46845,43.77517],[-79.46982,43.78084],[-79.47016,43.78241],[-79.47015,43.78384],[-79.47005,43.78657],[-79.47011,43.78727]],[[-79.43256,43.65257],[-79.43275,43.65305],[-79.43294,43.65361],[-79.43334,43.65467],[-79.4342,43.6569],[-79.43448,43.65765],[-79.43475,43.65833],[-79.43533,43.65986],[-79.4355,43.66028],[-79.43668,43.66297],[-79.43702,43.66384],[-79.4374,43.66469],[-79.43867,43.66767],[-79.43904,43.66846],[-79.43926,43.66901],[-79.43986,43.67043],[-79.44061,43.67214],[-79.441,43.67299],[-79.44142,43.674],[-79.44175,43.67473],[-79.44241,43.67633],[-79.44276,43.67713],[-79.44308,43.67795],[-79.44319,43.67832],[-79.44337,43.67875],[-79.44393,43.68015],[-79.44484,43.68237],[-79.44565,43.68443],[-79.44612,43.68557],[-79.44662,43.6868],[-79.44688,43.68741],[-79.4474,43.68872],[-79.44808,43.69037],[-79.44878,43.69217],[-79.45008,43.69532],[-79.45028,43.69569],[-79.45062,43.69601],[-79.45078,43.69641],[-79.45087,43.69676],[-79.45112,43.6979],[-79.45146,43.69937],[-79.45153,43.69979],[-79.45177,43.70076],[-79.4522,43.70268],[-79.45238,43.70357],[-79.4526,43.70451],[-79.453,43.70616],[-79.45318,43.707],[-79.45339,43.70789],[-79.45363,43.70905],[-79.45378,43.70971],[-79.45434,43.71234],[-79.45449,43.7131],[-79.45475,43.71409],[-79.45529,43.71656],[-79.45546,43.71765],[-79.45559,43.71827],[-79.45613,43.72047],[-79.45644,43.72178],[-79.45663,43.72274],[-79.45687,43.7237],[-79.45708,43.72468],[-79.45722,43.72527],[-79.45761,43.72678],[-79.45769,43.7272],[-79.45784,43.72789],[-79.45816,43.72909],[-79.45837,43.72993],[-79.45858,43.73093],[-79.45889,43.73209]]]},"properties":{"name":"Dufferin St","cls":"major","len":112.6}},
{"type":"Feature","geometry":{"type":"LineString","coordinates":[[-79.53776,43.71719],[-79.53909,43.71768],[-79.54048,43.71812],[-79.54365,43.71921],[-79.54404,43.71939],[-79.5443,43.7196],[-79.54499,43.7207],[-79.54527,43.72097],[-79.54683,43.72201],[-79.54883,43.72369],[-79.55052,43.7251],[-79.55081,43.72537],[-79.55162,43.72623],[-79.55286,43.72769],[-79.55341,43.72843],[-79.5537,43.72901],[-79.5539,43.72949],[-79.55437,43.73081],[-79.55455,43.73129],[-79.55491,43.73188],[-79.55518,43.73219],[-79.55626,43.73311],[-79.55694,43.7335],[-79.55822,43.73404],[-79.55885,43.73427],[-79.56087,43.73513],[-79.56132,43.73533],[-79.5646,43.73691],[-79.56531,43.73724],[-79.56654,43.73747],[-79.57162,43.73828],[-79.57266,43.73845],[-79.57618,43.739],[-79.58033,43.73969],[-79.58921,43.74112],[-79.59332,43.74179],[-79.59421,43.74192],[-79.59516,43.7421],[-79.60245,43.74338],[-79.60392,43.74364],[-79.6055,43.74391],[-79.60756,43.74428],[-79.60773,43.74431],[-79.60865,43.74446],[-79.61428,43.74549],[-79.62192,43.74686],[-79.62576,43.74757],[-79.62922,43.74819],[-79.63008,43.74821],[-79.63069,43.74815],[-79.63246,43.74776],[-79.63371,43.74747],[-79.63488,43.74742],[-79.63582,43.74754],[-79.63648,43.74774],[-79.63715,43.74803],[-79.63761,43.7483],[-79.63926,43.74985]]},"properties":{"name":"Albion Rd","cls":"major","len":111.1}},
{"type":"Feature","geometry":{"type":"LineString","coordinates":[[-79.39408,43.6881],[-79.40073,43.68677],[-79.4015,43.68664],[-79.40311,43.68631],[-79.40388,43.68614],[-79.40475,43.68598],[-79.40786,43.68535],[-79.40877,43.68516],[-79.41117,43.68463],[-79.41248,43.68435],[-79.41508,43.68381],[-79.41592,43.68363],[-79.4183,43.68317],[-79.42022,43.68277],[-79.42197,43.68243],[-79.42457,43.68195],[-79.42572,43.68171],[-79.42618,43.68163],[-79.42769,43.6813],[-79.43072,43.68066],[-79.4325,43.68028],[-79.43367,43.68002],[-79.43469,43.67982],[-79.43569,43.67959],[-79.43591,43.67955],[-79.43756,43.67918],[-79.43878,43.67889],[-79.43979,43.67867],[-79.44088,43.67842],[-79.44308,43.67795],[-79.44566,43.67737],[-79.44622,43.67727],[-79.44743,43.67701],[-79.44812,43.67685],[-79.45057,43.67631],[-79.45123,43.67613],[-79.45346,43.67564],[-79.45476,43.67536],[-79.45662,43.67496],[-79.4571,43.67484],[-79.45868,43.6745],[-79.45896,43.67443],[-79.46152,43.67388],[-79.46302,43.67354],[-79.46354,43.67343],[-79.46708,43.67264],[-79.46762,43.67253],[-79.47112,43.67178],[-79.47519,43.67085],[-79.47763,43.67031],[-79.47994,43.66979],[-79.48078,43.66961],[-79.48198,43.66933],[-79.48356,43.66898],[-79.48568,43.6685],[-79.48702,43.66821],[-79.48973,43.66759],[-79.49096,43.66732],[-79.49177,43.66718],[-79.49262,43.66707],[-79.4944,43.66691],[-79.49505,43.66684],[-79.49927,43.66607]]},"properties":{"name":"St Clair Ave W","cls":"major","len":107.5}},
{"type":"Feature","geometry":{"type":"MultiLineString","coordinates":[[[-79.37577,43.64406],[-79.3751,43.64438],[-79.37457,43.64458],[-79.37271,43.64501],[-79.36986,43.64563],[-79.36613,43.64644],[-79.36386,43.64695]],[[-79.37547,43.64333],[-79.37526,43.64386],[-79.37507,43.64412],[-79.37476,43.64432],[-79.37406,43.64457],[-79.37232,43.64499],[-79.37106,43.64524],[-79.36982,43.64554],[-79.36607,43.6463],[-79.36491,43.64659],[-79.36411,43.64683],[-79.36386,43.64695]],[[-79.36386,43.64695],[-79.36236,43.64734],[-79.36121,43.64768],[-79.35788,43.64878],[-79.35723,43.64892],[-79.35645,43.649],[-79.35593,43.64899],[-79.3549,43.64831],[-79.35465,43.64826],[-79.35408,43.6483],[-79.35338,43.64845],[-79.35255,43.64881],[-79.3513,43.64914],[-79.34735,43.65086],[-79.34695,43.65101],[-79.34432,43.65209],[-79.34199,43.65309],[-79.34084,43.65364],[-79.33971,43.65406],[-79.33869,43.65452],[-79.33743,43.655]],[[-79.33743,43.655],[-79.33216,43.65745],[-79.32959,43.65856],[-79.32853,43.65893],[-79.32801,43.65906],[-79.32402,43.66001],[-79.3217,43.66072]],[[-79.33743,43.655],[-79.33732,43.65523],[-79.33059,43.65839],[-79.32918,43.65899],[-79.32844,43.65924],[-79.32819,43.65929],[-79.3217,43.66072]],[[-79.3217,43.66072],[-79.31494,43.66226],[-79.31482,43.66228],[-79.30866,43.66364],[-79.30724,43.66397],[-79.30622,43.66436],[-79.30546,43.66492],[-79.30493,43.66554],[-79.30479,43.66584],[-79.30478,43.66622]]]},"properties":{"name":"Lake Shore Blvd E","cls":"major","len":105.1}},
{"type":"Feature","geometry":{"type":"LineString","coordinates":[[-79.21704,43.73878],[-79.21785,43.74066],[-79.21891,43.74318],[-79.22035,43.74656],[-79.22129,43.74873],[-79.22226,43.75103],[-79.22283,43.7524],[-79.22355,43.75416],[-79.22406,43.75568],[-79.22471,43.75784],[-79.22532,43.75982],[-79.22548,43.76032],[-79.22625,43.7622],[-79.22708,43.7644],[-79.228,43.76672],[-79.22835,43.76759],[-79.22903,43.76936],[-79.22967,43.77091],[-79.23068,43.7735],[-79.23123,43.77495],[-79.23176,43.77644],[-79.23298,43.77954],[-79.23359,43.78108],[-79.23385,43.78178],[-79.23426,43.78274],[-79.23473,43.78396],[-79.23514,43.78523],[-79.2354,43.78587],[-79.236,43.78708],[-79.23657,43.78837],[-79.23706,43.78957],[-79.23778,43.79153],[-79.23826,43.79278],[-79.23875,43.79387],[-79.23946,43.79477],[-79.2397,43.79518],[-79.2404,43.7969],[-79.24104,43.79856],[-79.24185,43.8017],[-79.24213,43.80247],[-79.24353,43.80554],[-79.24394,43.80669],[-79.24395,43.8073],[-79.24385,43.80815],[-79.24296,43.81064],[-79.24277,43.81176],[-79.24287,43.8124],[-79.24308,43.81297],[-79.24431,43.81593],[-79.24619,43.82024],[-79.24701,43.82207],[-79.24782,43.824],[-79.24929,43.82729],[-79.25068,43.83056],[-79.25076,43.83077],[-79.25093,43.83179],[-79.25119,43.83661]]},"properties":{"name":"Markham Rd","cls":"major","len":104.9}},
{"type":"Feature","geometry":{"type":"LineString","coordinates":[[-79.24808,43.7367],[-79.24866,43.73755],[-79.24887,43.73791],[-79.24921,43.73871],[-79.24954,43.73953],[-79.251,43.74299],[-79.25165,43.74458],[-79.2519,43.74515],[-79.25372,43.74955],[-79.25393,43.75009],[-79.25459,43.75168],[-79.25537,43.75353],[-79.25562,43.75429],[-79.25577,43.75511],[-79.256,43.75607],[-79.25715,43.75897],[-79.25771,43.76046],[-79.25836,43.76211],[-79.25955,43.7652],[-79.26078,43.76833],[-79.26115,43.76937],[-79.2613,43.77007],[-79.26155,43.77116],[-79.26187,43.77194],[-79.26318,43.77528],[-79.26394,43.77723],[-79.26455,43.77881],[-79.26469,43.77913],[-79.26563,43.78151],[-79.26601,43.78251],[-79.26722,43.78556],[-79.26775,43.78671],[-79.26833,43.78759],[-79.26897,43.78842],[-79.26931,43.78907],[-79.26996,43.79058],[-79.27104,43.79311],[-79.27258,43.79667],[-79.27337,43.79841],[-79.2747,43.80143],[-79.27588,43.80409],[-79.27626,43.80447],[-79.2769,43.80489],[-79.27713,43.80517],[-79.27736,43.8057],[-79.27794,43.80706],[-79.27891,43.80924],[-79.28014,43.81191],[-79.28093,43.81368],[-79.28146,43.81477],[-79.28187,43.81567],[-79.28436,43.8213],[-79.28507,43.82292],[-79.28569,43.82421],[-79.28605,43.82499],[-79.28707,43.82724],[-79.2872,43.82774],[-79.28722,43.82827]]},"properties":{"name":"Brimley Rd","cls":"major","len":100}},
{"type":"Feature","geometry":{"type":"LineString","coordinates":[[-79.27786,43.72996],[-79.27822,43.73121],[-79.2789,43.73286],[-79.27987,43.73523],[-79.28125,43.73868],[-79.28175,43.73988],[-79.28268,43.74215],[-79.28322,43.74353],[-79.28356,43.74433],[-79.28484,43.74752],[-79.28521,43.74848],[-79.28775,43.75465],[-79.28825,43.75585],[-79.28909,43.7579],[-79.28953,43.75896],[-79.29083,43.76212],[-79.29097,43.76249],[-79.29136,43.76343],[-79.29152,43.76408],[-79.29147,43.76444],[-79.29131,43.76499],[-79.2913,43.7653],[-79.29137,43.76558],[-79.2919,43.76684],[-79.29225,43.76763],[-79.29426,43.77239],[-79.2945,43.77289],[-79.29505,43.77424],[-79.29707,43.77895],[-79.29751,43.78003],[-79.29811,43.78105],[-79.29845,43.7816],[-79.29898,43.78271],[-79.29935,43.78359],[-79.30017,43.78549],[-79.30118,43.78785],[-79.3023,43.79044],[-79.3033,43.79277],[-79.30353,43.79334],[-79.30516,43.79713],[-79.30598,43.799],[-79.30626,43.79966],[-79.30672,43.80034],[-79.30707,43.80065],[-79.30785,43.80149],[-79.30822,43.8022],[-79.30899,43.8039],[-79.30929,43.80454],[-79.31004,43.80619],[-79.31034,43.80682],[-79.31079,43.80786],[-79.31117,43.80864],[-79.31212,43.81076],[-79.31264,43.81194],[-79.31353,43.81389],[-79.3142,43.8153],[-79.31454,43.81621],[-79.31482,43.81688],[-79.31593,43.81926],[-79.31691,43.82141]]},"properties":{"name":"Birchmount Rd","cls":"major","len":99.8}},
{"type":"Feature","geometry":{"type":"LineString","coordinates":[[-79.25813,43.73453],[-79.25999,43.73893],[-79.26109,43.74157],[-79.26147,43.74254],[-79.26173,43.74313],[-79.26308,43.74638],[-79.2633,43.74688],[-79.26445,43.74966],[-79.26469,43.75029],[-79.26505,43.75152],[-79.26579,43.75367],[-79.26589,43.75394],[-79.26745,43.75795],[-79.26927,43.76259],[-79.27056,43.7659],[-79.2708,43.76653],[-79.27095,43.76707],[-79.27111,43.76792],[-79.27138,43.76893],[-79.27197,43.77045],[-79.27204,43.77061],[-79.27299,43.77297],[-79.27463,43.77695],[-79.27546,43.77891],[-79.27614,43.7806],[-79.27684,43.7823],[-79.27718,43.78308],[-79.27769,43.78381],[-79.27828,43.78462],[-79.27857,43.78535],[-79.27895,43.78631],[-79.27929,43.78721],[-79.28004,43.78893],[-79.28088,43.79094],[-79.28188,43.7933],[-79.28254,43.79491],[-79.28318,43.79637],[-79.28344,43.79706],[-79.28415,43.79868],[-79.28471,43.80005],[-79.28588,43.80275],[-79.28629,43.80375],[-79.28662,43.80446],[-79.28682,43.80476],[-79.2873,43.80535],[-79.28827,43.80631],[-79.2888,43.80705],[-79.29001,43.80971],[-79.29127,43.81249],[-79.29131,43.81259],[-79.29222,43.81458],[-79.29223,43.81461],[-79.29383,43.81812],[-79.29479,43.82028],[-79.29493,43.82071],[-79.29613,43.82341],[-79.29653,43.82425],[-79.29728,43.82595]]},"properties":{"name":"Midland Ave","cls":"major","len":99.7}},
{"type":"Feature","geometry":{"type":"LineString","coordinates":[[-79.34991,43.71705],[-79.35022,43.71759],[-79.35035,43.71795],[-79.35038,43.71866],[-79.35014,43.7196],[-79.34895,43.72285],[-79.34883,43.72339],[-79.3488,43.72389],[-79.34885,43.72436],[-79.34895,43.72475],[-79.34917,43.72523],[-79.34948,43.7257],[-79.34989,43.72616],[-79.3515,43.72749],[-79.35272,43.72871],[-79.35377,43.72981],[-79.35475,43.73089],[-79.3552,43.73161],[-79.35547,43.73238],[-79.35578,43.73382],[-79.35596,43.73454],[-79.35629,43.73578],[-79.35685,43.73831],[-79.3573,43.74045],[-79.3574,43.74087],[-79.358,43.7437],[-79.3583,43.74514],[-79.3585,43.74599],[-79.35923,43.7495],[-79.35974,43.75184],[-79.35997,43.75295],[-79.36041,43.75485],[-79.36077,43.75644],[-79.36127,43.75872],[-79.36188,43.76136],[-79.36192,43.76199],[-79.36192,43.76374],[-79.36191,43.76437],[-79.36201,43.76486],[-79.36226,43.76544],[-79.36254,43.76586],[-79.36307,43.76652],[-79.36366,43.76723],[-79.36396,43.76768],[-79.36419,43.76819],[-79.36429,43.76863],[-79.36431,43.76902],[-79.36428,43.76942],[-79.36423,43.77093],[-79.36418,43.77165],[-79.36413,43.77186],[-79.36414,43.77232],[-79.36427,43.77315],[-79.36445,43.774],[-79.36459,43.77484],[-79.36475,43.77557],[-79.36499,43.77674],[-79.36532,43.77829],[-79.36588,43.78076],[-79.36606,43.7816],[-79.36656,43.78374],[-79.36677,43.78461],[-79.36699,43.7856],[-79.36755,43.78794],[-79.36763,43.78836],[-79.36804,43.79003],[-79.36857,43.79232],[-79.36893,43.79397],[-79.36926,43.79534],[-79.36952,43.79649],[-79.37096,43.80226],[-79.37159,43.80487],[-79.37214,43.80713],[-79.37241,43.80816],[-79.37255,43.80851]]},"properties":{"name":"Leslie St","cls":"major","len":96.8}},
{"type":"Feature","geometry":{"type":"LineString","coordinates":[[-79.57814,43.67777],[-79.57835,43.67839],[-79.57897,43.67984],[-79.57905,43.68007],[-79.57977,43.68236],[-79.58098,43.68581],[-79.58148,43.68725],[-79.5822,43.68897],[-79.58275,43.69003],[-79.58371,43.69209],[-79.58561,43.6961],[-79.58665,43.69819],[-79.58714,43.69924],[-79.5876,43.70023],[-79.59028,43.70582],[-79.59048,43.70625],[-79.59095,43.7072],[-79.59216,43.70974],[-79.59295,43.71136],[-79.59433,43.71415],[-79.59583,43.71732],[-79.59656,43.71901],[-79.59822,43.72274],[-79.60037,43.72766],[-79.60042,43.72779],[-79.60153,43.73045],[-79.60324,43.73414],[-79.60545,43.73913],[-79.60743,43.74366],[-79.60773,43.74431],[-79.60871,43.74647],[-79.60923,43.74752],[-79.61296,43.75348],[-79.61422,43.75544]]},"properties":{"name":"Highway 27 S","cls":"major","len":85.8}},
{"type":"Feature","geometry":{"type":"LineString","coordinates":[[-79.57798,43.67801],[-79.57852,43.67924],[-79.57882,43.68011],[-79.58128,43.68698],[-79.58208,43.689],[-79.58351,43.69193],[-79.587,43.69927],[-79.58734,43.70002],[-79.59012,43.70582],[-79.59123,43.70811],[-79.59283,43.71138],[-79.5942,43.71419],[-79.59478,43.71547],[-79.59562,43.71727],[-79.59621,43.71866],[-79.59679,43.71996],[-79.59805,43.72276],[-79.60023,43.72769],[-79.60029,43.72782],[-79.60136,43.73049],[-79.60309,43.73417],[-79.60529,43.73916],[-79.60731,43.7437],[-79.60756,43.74428],[-79.60818,43.74565],[-79.60856,43.74651],[-79.60919,43.74772],[-79.61044,43.74973],[-79.61108,43.75068],[-79.61286,43.75352],[-79.61406,43.75548]]},"properties":{"name":"Highway 27 N","cls":"major","len":85.6}},
{"type":"Feature","geometry":{"type":"LineString","coordinates":[[-79.24438,43.75272],[-79.2447,43.75355],[-79.2454,43.75527],[-79.24542,43.75555],[-79.24551,43.75655],[-79.24586,43.75755],[-79.2462,43.75839],[-79.24688,43.76016],[-79.24724,43.76103],[-79.24761,43.76198],[-79.24821,43.76348],[-79.25021,43.76864],[-79.2504,43.76909],[-79.25081,43.77018],[-79.25133,43.7716],[-79.25145,43.77216],[-79.25169,43.77313],[-79.25225,43.77459],[-79.2524,43.77495],[-79.25292,43.77631],[-79.25422,43.77959],[-79.25435,43.77984],[-79.25482,43.78087],[-79.25504,43.78143],[-79.25551,43.78288],[-79.25582,43.7837],[-79.25648,43.78538],[-79.25728,43.78739],[-79.25768,43.78798],[-79.2584,43.78878],[-79.25884,43.78962],[-79.25967,43.79169],[-79.25981,43.79206],[-79.26052,43.79376],[-79.26256,43.79869],[-79.26316,43.80002],[-79.26378,43.80143],[-79.26419,43.8024],[-79.26533,43.80513],[-79.26651,43.80803],[-79.26682,43.80884],[-79.26722,43.80945],[-79.26754,43.80982],[-79.26859,43.81066],[-79.26894,43.81115],[-79.2692,43.81164],[-79.27033,43.81421],[-79.27198,43.81794],[-79.27399,43.8225],[-79.27526,43.8254],[-79.27573,43.82632],[-79.27591,43.8269],[-79.27593,43.82719],[-79.27583,43.8276],[-79.27522,43.82889],[-79.2751,43.82923],[-79.275,43.83],[-79.27512,43.83081],[-79.2752,43.83105]]},"properties":{"name":"McCowan Rd","cls":"major","len":85.4}},
{"type":"Feature","geometry":{"type":"LineString","coordinates":[[-79.36037,43.67592],[-79.35966,43.67606],[-79.35887,43.6762],[-79.35511,43.67693],[-79.3533,43.67729],[-79.35195,43.67755],[-79.35075,43.67779],[-79.34849,43.67822],[-79.34735,43.67846],[-79.34612,43.6787],[-79.34487,43.67893],[-79.34436,43.67904],[-79.34308,43.67928],[-79.34177,43.67954],[-79.34061,43.67979],[-79.34018,43.67987],[-79.33782,43.68031],[-79.33729,43.68042],[-79.33533,43.68083],[-79.33485,43.68094],[-79.33237,43.68146],[-79.33134,43.68169],[-79.32933,43.68212],[-79.32717,43.68259],[-79.32557,43.68295],[-79.32474,43.68311],[-79.32359,43.68335],[-79.32114,43.68389],[-79.3202,43.68408],[-79.31767,43.68463],[-79.31621,43.68494],[-79.31574,43.68505],[-79.31278,43.68568],[-79.31165,43.68595],[-79.31067,43.68616],[-79.30857,43.68664],[-79.30733,43.68695],[-79.30522,43.68743],[-79.305,43.68749],[-79.30296,43.68792],[-79.30183,43.68815],[-79.30055,43.68845],[-79.29788,43.68905],[-79.29679,43.6893],[-79.29494,43.68972],[-79.29269,43.69022],[-79.29149,43.69051],[-79.28836,43.69123],[-79.28712,43.6915],[-79.28655,43.69164],[-79.28551,43.69186],[-79.28338,43.69233],[-79.28231,43.69256],[-79.28119,43.69282],[-79.28005,43.69306],[-79.27896,43.69331],[-79.27729,43.69365]]},"properties":{"name":"Danforth Ave","cls":"major","len":85}},
{"type":"Feature","geometry":{"type":"LineString","coordinates":[[-79.40673,43.74415],[-79.40575,43.74433],[-79.40526,43.74436],[-79.40459,43.74434],[-79.40348,43.74414],[-79.40294,43.74413],[-79.40248,43.74416],[-79.40152,43.74434],[-79.39964,43.7448],[-79.39907,43.74491],[-79.39644,43.74545],[-79.39421,43.74593],[-79.38901,43.74703],[-79.3864,43.74757],[-79.38416,43.74806],[-79.38349,43.7483],[-79.38296,43.74865],[-79.3825,43.74892],[-79.38213,43.74904],[-79.38,43.74949],[-79.37876,43.74974],[-79.37608,43.75029],[-79.37488,43.75055],[-79.37045,43.75146],[-79.36549,43.7525],[-79.36415,43.75279],[-79.36304,43.75295],[-79.36085,43.7529],[-79.35997,43.75295],[-79.35749,43.75349],[-79.35204,43.7547],[-79.34705,43.75581],[-79.3439,43.7565],[-79.34136,43.75705],[-79.33944,43.75745],[-79.33798,43.75778],[-79.33725,43.75796],[-79.3356,43.75832],[-79.33465,43.75862],[-79.33406,43.7589],[-79.33318,43.75935],[-79.3327,43.75952],[-79.33064,43.75999],[-79.32769,43.76067],[-79.32499,43.7613],[-79.32391,43.76155]]},"properties":{"name":"York Mills Rd","cls":"major","len":85}},
{"type":"Feature","geometry":{"type":"MultiLineString","coordinates":[[[-79.53233,43.70633],[-79.53267,43.70648],[-79.53295,43.7067],[-79.53308,43.70689],[-79.53359,43.70777],[-79.53419,43.70889],[-79.53453,43.7097],[-79.53512,43.7112],[-79.53542,43.71184],[-79.53603,43.71296],[-79.53625,43.71358],[-79.53664,43.71485],[-79.53714,43.71597],[-79.53776,43.71719],[-79.53786,43.71759],[-79.53786,43.71801],[-79.53772,43.71879],[-79.53748,43.72038],[-79.53703,43.72307],[-79.53688,43.72389],[-79.53652,43.72461],[-79.53569,43.72598],[-79.53557,43.72636],[-79.53556,43.72678],[-79.53576,43.72798],[-79.53593,43.72889],[-79.53608,43.72932],[-79.53642,43.72987],[-79.5375,43.73157],[-79.53783,43.73213],[-79.53797,43.73253],[-79.53823,43.73375],[-79.53863,43.73551],[-79.53919,43.73792],[-79.53943,43.73899],[-79.54031,43.74272],[-79.54105,43.74597],[-79.54121,43.74669],[-79.54151,43.74787],[-79.5416,43.74827],[-79.54213,43.75085],[-79.54237,43.75204],[-79.54271,43.75334],[-79.54372,43.75748],[-79.54394,43.75836],[-79.54465,43.7617],[-79.54536,43.76487],[-79.54592,43.76767],[-79.54652,43.77031]],[[-79.46762,43.67253],[-79.46781,43.67303],[-79.46793,43.67318],[-79.46818,43.67336],[-79.46885,43.67369],[-79.46911,43.67387],[-79.46935,43.67413],[-79.46956,43.67447],[-79.46999,43.67543],[-79.47035,43.67592],[-79.47065,43.67624],[-79.47187,43.67722],[-79.47408,43.6789],[-79.47477,43.6796],[-79.47616,43.68104],[-79.47675,43.68161],[-79.47759,43.68227],[-79.47824,43.68269],[-79.47867,43.68289],[-79.48001,43.68328],[-79.48019,43.68331]]]},"properties":{"name":"Weston Rd","cls":"major","len":84.4}},
{"type":"Feature","geometry":{"type":"LineString","coordinates":[[-79.52763,43.70121],[-79.52943,43.70084],[-79.53068,43.70057],[-79.53423,43.69983],[-79.53722,43.69917],[-79.53985,43.69858],[-79.54154,43.69822],[-79.54336,43.69781],[-79.54414,43.69765],[-79.54672,43.69707],[-79.54912,43.69656],[-79.55216,43.6958],[-79.55452,43.69526],[-79.55863,43.69428],[-79.56173,43.69357],[-79.56252,43.6934],[-79.56616,43.69256],[-79.56757,43.69226],[-79.56881,43.69201],[-79.56901,43.69196],[-79.57084,43.69159],[-79.5733,43.69108],[-79.57945,43.68966],[-79.58208,43.689],[-79.5822,43.68897],[-79.58598,43.68813],[-79.58682,43.68795],[-79.59016,43.68722],[-79.59208,43.68688],[-79.59552,43.68673],[-79.59942,43.68656],[-79.60123,43.68639]]},"properties":{"name":"Dixon Rd","cls":"major","len":75.2}},
{"type":"Feature","geometry":{"type":"MultiLineString","coordinates":[[[-79.40558,43.69749],[-79.40611,43.69876],[-79.40644,43.6995],[-79.40743,43.70183],[-79.40852,43.7046],[-79.40868,43.70502],[-79.40878,43.70517],[-79.40903,43.70536],[-79.40953,43.70564],[-79.40965,43.70583],[-79.41013,43.70772],[-79.41044,43.70857],[-79.41078,43.70946],[-79.41113,43.71033],[-79.41167,43.71172],[-79.41189,43.71429],[-79.41203,43.71541],[-79.41218,43.71584],[-79.4123,43.71601],[-79.41433,43.7177],[-79.41449,43.7179],[-79.41516,43.72087],[-79.41533,43.72153],[-79.41561,43.72226],[-79.4167,43.72498],[-79.41752,43.72699],[-79.41791,43.7279],[-79.41867,43.72989],[-79.41909,43.73086],[-79.41923,43.73126],[-79.41941,43.73241],[-79.4195,43.73324],[-79.41971,43.73413],[-79.41989,43.73502],[-79.42009,43.73592],[-79.42031,43.73702],[-79.42084,43.73809],[-79.42165,43.73987],[-79.42177,43.74021],[-79.42219,43.74121],[-79.42246,43.74179],[-79.42277,43.74224],[-79.42311,43.74256],[-79.42337,43.74274],[-79.42422,43.74322],[-79.42482,43.7436]],[[-79.39414,43.66872],[-79.39463,43.66993],[-79.39544,43.67189],[-79.39572,43.67262],[-79.39657,43.6747],[-79.39738,43.67668],[-79.3976,43.6772],[-79.39798,43.67811],[-79.3987,43.67992],[-79.39975,43.68251],[-79.40013,43.68341],[-79.40018,43.68349],[-79.40053,43.68428],[-79.40081,43.68505],[-79.40113,43.68572],[-79.4015,43.68664],[-79.40231,43.68871],[-79.40308,43.69063],[-79.40302,43.69078]]]},"properties":{"name":"Avenue Rd","cls":"major","len":75.1}},
{"type":"Feature","geometry":{"type":"LineString","coordinates":[[-79.37789,43.64916],[-79.38026,43.64865],[-79.38355,43.64793],[-79.38481,43.64766],[-79.38543,43.64752],[-79.38973,43.6466],[-79.39105,43.64633],[-79.3923,43.64604],[-79.39359,43.64576],[-79.39502,43.64546],[-79.39761,43.64494],[-79.40006,43.64444],[-79.40271,43.64393],[-79.40772,43.64291],[-79.40883,43.64267],[-79.41012,43.64242],[-79.41072,43.64229],[-79.41197,43.64204],[-79.415,43.64143],[-79.41662,43.64112],[-79.41734,43.64097],[-79.41955,43.64053],[-79.42127,43.64017],[-79.42355,43.63971],[-79.42603,43.63922],[-79.42735,43.63894],[-79.42883,43.63864],[-79.43036,43.63835],[-79.43187,43.63802],[-79.4347,43.63744],[-79.43604,43.63718],[-79.43725,43.63692],[-79.4399,43.63641],[-79.44124,43.63652],[-79.44157,43.63664],[-79.44191,43.63681],[-79.44227,43.63705],[-79.44366,43.63766],[-79.44549,43.63833],[-79.44596,43.63852],[-79.4461,43.63874]]},"properties":{"name":"King St W","cls":"major","len":70.1}},
{"type":"Feature","geometry":{"type":"LineString","coordinates":[[-79.56318,43.67448],[-79.56422,43.67685],[-79.56483,43.67818],[-79.56535,43.67936],[-79.56671,43.68238],[-79.56716,43.68334],[-79.56766,43.68442],[-79.56917,43.68779],[-79.56938,43.68822],[-79.57002,43.6898],[-79.57058,43.69106],[-79.57084,43.69159],[-79.57125,43.69242],[-79.57188,43.6938],[-79.57258,43.69522],[-79.57313,43.69653],[-79.57374,43.69789],[-79.57422,43.69892],[-79.57474,43.70007],[-79.57563,43.70195],[-79.57714,43.70525],[-79.57751,43.70608],[-79.5782,43.70755],[-79.58108,43.71386],[-79.58339,43.71881],[-79.58498,43.7222],[-79.58619,43.72489],[-79.5867,43.72604],[-79.58853,43.73013],[-79.58942,43.73202],[-79.59037,43.73401],[-79.59165,43.73679]]},"properties":{"name":"Martin Grove Rd","cls":"major","len":68.5}},
{"type":"Feature","geometry":{"type":"LineString","coordinates":[[-79.37926,43.65244],[-79.3807,43.6521],[-79.38172,43.65189],[-79.38246,43.65173],[-79.38491,43.65121],[-79.38663,43.65085],[-79.38745,43.65065],[-79.3886,43.6504],[-79.39211,43.64965],[-79.39366,43.64934],[-79.39637,43.64874],[-79.39966,43.64807],[-79.4006,43.64789],[-79.40142,43.64771],[-79.40202,43.6476],[-79.40401,43.64719],[-79.4052,43.64696],[-79.40732,43.64653],[-79.4077,43.64646],[-79.40956,43.64608],[-79.41077,43.64582],[-79.41319,43.64534],[-79.41504,43.64495],[-79.41747,43.64446],[-79.41886,43.64416],[-79.4194,43.64405],[-79.42,43.64396],[-79.42179,43.64359],[-79.42438,43.6431],[-79.42477,43.643],[-79.42595,43.64275],[-79.42821,43.64231],[-79.42861,43.64222],[-79.43158,43.64162],[-79.43235,43.64147],[-79.43667,43.64058],[-79.43728,43.64045],[-79.4379,43.64034],[-79.43909,43.6401],[-79.44115,43.6397],[-79.44249,43.63943],[-79.44383,43.63918],[-79.4461,43.63874]]},"properties":{"name":"Queen St W","cls":"major","len":68.2}},
{"type":"Feature","geometry":{"type":"LineString","coordinates":[[-79.55473,43.7143],[-79.55687,43.71401],[-79.55969,43.71332],[-79.56261,43.71266],[-79.56417,43.71229],[-79.5667,43.7117],[-79.56805,43.71142],[-79.56919,43.71133],[-79.57013,43.71138],[-79.57126,43.71158],[-79.58108,43.71386],[-79.58518,43.71477],[-79.5897,43.71583],[-79.59262,43.71653],[-79.59377,43.7168],[-79.59562,43.71727],[-79.59583,43.71732],[-79.59709,43.71764],[-79.5991,43.71814],[-79.60097,43.71857],[-79.60346,43.71916],[-79.60696,43.71995],[-79.60792,43.72016],[-79.60971,43.72053],[-79.61031,43.72061],[-79.61102,43.72062],[-79.61259,43.7204],[-79.61448,43.72001],[-79.61631,43.71958],[-79.61854,43.71894],[-79.62034,43.71838]]},"properties":{"name":"Rexdale Blvd","cls":"major","len":67.3}},
{"type":"Feature","geometry":{"type":"MultiLineString","coordinates":[[[-79.39408,43.6881],[-79.39338,43.68824],[-79.39265,43.68841],[-79.39149,43.68865],[-79.38995,43.68898],[-79.38916,43.68913],[-79.38698,43.68959],[-79.38333,43.69037]],[[-79.31284,43.7054],[-79.31187,43.70562],[-79.31054,43.7059],[-79.31013,43.706],[-79.30797,43.70648],[-79.30713,43.70666],[-79.30451,43.70725],[-79.30419,43.70734],[-79.30265,43.70767],[-79.30195,43.70784],[-79.30078,43.70809],[-79.29739,43.70885],[-79.29684,43.70886]],[[-79.29684,43.70886],[-79.29661,43.70889],[-79.29641,43.70898],[-79.29619,43.70928]],[[-79.29684,43.70886],[-79.29599,43.70878],[-79.29495,43.70897],[-79.29193,43.70962],[-79.29093,43.70985],[-79.28961,43.71017],[-79.2885,43.71041],[-79.28721,43.7107],[-79.28362,43.71147],[-79.28246,43.71173],[-79.28172,43.71188],[-79.281,43.71205],[-79.27876,43.71258],[-79.27828,43.71268],[-79.27446,43.71355],[-79.27377,43.71368],[-79.27298,43.71379],[-79.27112,43.71416],[-79.26674,43.71526],[-79.26572,43.71552],[-79.26472,43.71579],[-79.26369,43.716],[-79.26133,43.71653],[-79.2599,43.71686]]]},"properties":{"name":"St Clair Ave E","cls":"major","len":66}},
{"type":"Feature","geometry":{"type":"LineString","coordinates":[[-79.35029,43.69324],[-79.34929,43.69343],[-79.34825,43.69364],[-79.34617,43.69404],[-79.34515,43.69425],[-79.34335,43.6946],[-79.34312,43.69472],[-79.34298,43.69486],[-79.34261,43.69496],[-79.34191,43.69511],[-79.34017,43.69545],[-79.33965,43.69557],[-79.33742,43.69603],[-79.33657,43.69622],[-79.33596,43.69634],[-79.33378,43.69681],[-79.33056,43.69751],[-79.32949,43.69777],[-79.32839,43.69799],[-79.32648,43.69839],[-79.32449,43.69882],[-79.32363,43.69903],[-79.32241,43.69926],[-79.31954,43.69988],[-79.31915,43.70007],[-79.31722,43.70155],[-79.31567,43.70271],[-79.31367,43.70446],[-79.31284,43.7054],[-79.31101,43.70792],[-79.31069,43.70835],[-79.30897,43.71053],[-79.30743,43.71245],[-79.30599,43.7143],[-79.30534,43.7151],[-79.30515,43.71541],[-79.30494,43.71599],[-79.30481,43.71685],[-79.30447,43.71892],[-79.3041,43.72131],[-79.30397,43.72172],[-79.30373,43.72212],[-79.30327,43.72264],[-79.30293,43.72291],[-79.3021,43.72338]]},"properties":{"name":"O'Connor Dr","cls":"major","len":61.8}},
{"type":"Feature","geometry":{"type":"LineString","coordinates":[[-79.37991,43.66997],[-79.37971,43.67023],[-79.37938,43.67101],[-79.37933,43.6714],[-79.37941,43.67184],[-79.37973,43.67318],[-79.37991,43.6739],[-79.38051,43.67541],[-79.3806,43.67584],[-79.38063,43.67624],[-79.38055,43.6777],[-79.38063,43.67806],[-79.38076,43.67837],[-79.38127,43.67948],[-79.38132,43.67956],[-79.38235,43.68068],[-79.38272,43.68132],[-79.38323,43.68242],[-79.3835,43.68402],[-79.38371,43.68446],[-79.38383,43.68481],[-79.38429,43.68599],[-79.38435,43.68634],[-79.38428,43.6868],[-79.38357,43.68832],[-79.38304,43.68942],[-79.38303,43.68967],[-79.38333,43.69037],[-79.38369,43.69131],[-79.38408,43.69224],[-79.38461,43.69356],[-79.3862,43.69742],[-79.38647,43.69816],[-79.38672,43.69931],[-79.38697,43.70031],[-79.3875,43.70165],[-79.38816,43.70329],[-79.3889,43.70519],[-79.38929,43.70608],[-79.39016,43.70842],[-79.39062,43.70962],[-79.39175,43.71262],[-79.3922,43.71379],[-79.39263,43.71498],[-79.39322,43.7165],[-79.39393,43.71736],[-79.39414,43.7179],[-79.39436,43.71889],[-79.39444,43.71916],[-79.3946,43.71953],[-79.39493,43.72038],[-79.39533,43.72135],[-79.39569,43.72231],[-79.39638,43.72396],[-79.39688,43.7252],[-79.39725,43.72615]]},"properties":{"name":"Mount Pleasant Rd","cls":"major","len":60.5}},
{"type":"Feature","geometry":{"type":"LineString","coordinates":[[-79.52875,43.64877],[-79.52934,43.64899],[-79.5297,43.64904],[-79.53015,43.64914],[-79.53093,43.64948],[-79.53187,43.64959],[-79.53249,43.64986],[-79.5328,43.65012],[-79.53306,43.65025],[-79.53373,43.65035],[-79.53613,43.65062],[-79.53773,43.65082],[-79.53935,43.65099],[-79.53977,43.65094],[-79.54384,43.65001],[-79.54621,43.64945],[-79.54736,43.64919],[-79.55016,43.64853],[-79.5517,43.64818],[-79.55558,43.64728],[-79.55794,43.64672],[-79.55999,43.6463],[-79.56137,43.64598],[-79.56363,43.64547],[-79.56725,43.64455],[-79.56886,43.64418],[-79.57055,43.64378],[-79.57152,43.64357],[-79.57249,43.64334],[-79.57525,43.6427],[-79.57586,43.64257],[-79.57704,43.64234],[-79.5786,43.64184],[-79.58044,43.6412],[-79.582,43.64065],[-79.5831,43.64025],[-79.58333,43.64012],[-79.58368,43.63986],[-79.58437,43.6392],[-79.5857,43.63789]]},"properties":{"name":"Burnhamthorpe Rd","cls":"major","len":59.6}},
{"type":"Feature","geometry":{"type":"LineString","coordinates":[[-79.40257,43.6758],[-79.4036,43.67559],[-79.40473,43.67534],[-79.40709,43.67486],[-79.40899,43.67445],[-79.40934,43.67426],[-79.40967,43.67413],[-79.41048,43.67395],[-79.4118,43.67368],[-79.41339,43.67334],[-79.41436,43.67316],[-79.41674,43.67262],[-79.42034,43.67185],[-79.42154,43.67161],[-79.42208,43.67151],[-79.426,43.67072],[-79.4266,43.67057],[-79.429,43.67004],[-79.42975,43.67029],[-79.43035,43.67018],[-79.43155,43.66994],[-79.43273,43.66969],[-79.43393,43.66945],[-79.43699,43.66882],[-79.4387,43.66848],[-79.43904,43.66846],[-79.43987,43.6685],[-79.4414,43.66823],[-79.44337,43.66784],[-79.44365,43.66769],[-79.44418,43.66721],[-79.44531,43.66696],[-79.44646,43.66673],[-79.44862,43.66627],[-79.45063,43.66587],[-79.45122,43.66574],[-79.45181,43.6656],[-79.45414,43.66512],[-79.45548,43.66485],[-79.45612,43.66465],[-79.45659,43.66457],[-79.45779,43.66429],[-79.45848,43.66446],[-79.45881,43.66444]]},"properties":{"name":"Dupont St","cls":"major","len":57.7}},
{"type":"Feature","geometry":{"type":"LineString","coordinates":[[-79.38311,43.66137],[-79.38585,43.66082],[-79.38666,43.66068],[-79.38741,43.66052],[-79.39047,43.65985],[-79.39527,43.65882],[-79.39588,43.65871],[-79.39818,43.65827],[-79.39978,43.65795],[-79.40005,43.65795],[-79.40081,43.65784],[-79.40316,43.65735],[-79.40517,43.65697],[-79.4077,43.65647],[-79.41016,43.65597],[-79.41386,43.65521],[-79.41523,43.65494],[-79.41561,43.65495],[-79.41673,43.65512],[-79.41713,43.65517],[-79.41788,43.65523],[-79.41832,43.65523],[-79.41901,43.65516],[-79.42027,43.65491],[-79.42147,43.65464],[-79.42268,43.65439],[-79.42516,43.65387],[-79.42639,43.6536],[-79.42819,43.65323],[-79.42943,43.65296],[-79.42999,43.65286],[-79.43057,43.65293],[-79.43168,43.65274],[-79.43256,43.65257]]},"properties":{"name":"College St","cls":"major","len":50.4}},
{"type":"Feature","geometry":{"type":"LineString","coordinates":[[-79.51133,43.61839],[-79.51222,43.61821],[-79.51364,43.6181],[-79.51535,43.61775],[-79.51885,43.61699],[-79.52106,43.6165],[-79.52297,43.6161],[-79.52463,43.61587],[-79.52639,43.61571],[-79.52738,43.61555],[-79.52937,43.6151],[-79.531,43.61474],[-79.53331,43.6142],[-79.53875,43.613],[-79.53987,43.61274],[-79.54021,43.61265],[-79.54098,43.61248],[-79.54209,43.61226],[-79.54383,43.61188],[-79.54574,43.61142],[-79.54678,43.61121],[-79.54857,43.61077],[-79.54876,43.61073],[-79.54892,43.6107],[-79.54916,43.61064],[-79.55213,43.60997],[-79.55463,43.60939],[-79.55776,43.60871],[-79.55864,43.60838]]},"properties":{"name":"Evans Ave","cls":"major","len":48.4}},
{"type":"Feature","geometry":{"type":"LineString","coordinates":[[-79.18687,43.77061],[-79.18866,43.77474],[-79.18913,43.7758],[-79.18981,43.77699],[-79.19061,43.77885],[-79.19124,43.78033],[-79.19334,43.78534],[-79.19352,43.78565],[-79.19358,43.78592],[-79.19364,43.78657],[-79.19361,43.78718],[-79.19369,43.7877],[-79.19377,43.78799],[-79.19436,43.78928],[-79.19552,43.79205],[-79.19606,43.79331],[-79.19627,43.7939],[-79.19681,43.79608],[-79.19699,43.79652],[-79.19775,43.79783],[-79.19864,43.79926],[-79.19908,43.80028],[-79.19977,43.80197],[-79.20006,43.80268],[-79.20018,43.80354],[-79.20033,43.80398],[-79.20181,43.80729],[-79.20238,43.80817],[-79.20272,43.80893]]},"properties":{"name":"Morningside Ave","cls":"major","len":41.7}},
{"type":"Feature","geometry":{"type":"LineString","coordinates":[[-79.2599,43.71686],[-79.25922,43.71816],[-79.25876,43.71879],[-79.25638,43.72179],[-79.25566,43.72272],[-79.25421,43.72455],[-79.25397,43.72484],[-79.25339,43.72589],[-79.25304,43.72657],[-79.2525,43.72776],[-79.25179,43.72929],[-79.25126,43.73015],[-79.25097,43.73054],[-79.25,43.73172],[-79.24938,43.73246],[-79.24866,43.73335],[-79.24812,43.73414],[-79.24738,43.73517],[-79.24692,43.73589],[-79.24626,43.73708],[-79.24576,43.73808],[-79.24554,43.73879],[-79.24552,43.73946],[-79.24554,43.74048],[-79.24545,43.74147],[-79.24536,43.74217],[-79.24522,43.74263],[-79.2448,43.74417],[-79.24472,43.74479],[-79.24456,43.74637],[-79.24459,43.7472],[-79.24455,43.74782],[-79.24447,43.74954],[-79.24442,43.75124],[-79.24441,43.75209],[-79.24438,43.75272]]},"properties":{"name":"Danforth Rd","cls":"major","len":40.4}},
{"type":"Feature","geometry":{"type":"LineString","coordinates":[[-79.30478,43.66622],[-79.30485,43.6665],[-79.30578,43.66876],[-79.30695,43.67158],[-79.30722,43.67221],[-79.30793,43.67393],[-79.30896,43.67646],[-79.30967,43.67818],[-79.31004,43.67906],[-79.31075,43.68079],[-79.31278,43.68568],[-79.31348,43.68729],[-79.31381,43.6881],[-79.31418,43.68889],[-79.31452,43.68965],[-79.31513,43.69109],[-79.31574,43.69249],[-79.31586,43.69281],[-79.31609,43.69336],[-79.31653,43.6943],[-79.31682,43.69503],[-79.31743,43.69644],[-79.31775,43.69712],[-79.31803,43.69781],[-79.31866,43.69927],[-79.31888,43.6997],[-79.31915,43.70007]]},"properties":{"name":"Woodbine Ave","cls":"major","len":36.8}},
{"type":"Feature","geometry":{"type":"MultiLineString","coordinates":[[[-79.50156,43.70996],[-79.50102,43.70968]],[[-79.50102,43.70968],[-79.50133,43.71001]],[[-79.48019,43.68331],[-79.48071,43.68425],[-79.48169,43.68586],[-79.48256,43.68759],[-79.48288,43.68837],[-79.48351,43.69019],[-79.48387,43.69107],[-79.48466,43.69243],[-79.48611,43.69461],[-79.48695,43.69589],[-79.48749,43.69683],[-79.48786,43.69799],[-79.48837,43.70069],[-79.48874,43.70142],[-79.48932,43.702],[-79.48998,43.70247],[-79.49283,43.7039],[-79.49338,43.7043],[-79.4941,43.70495],[-79.4949,43.70568],[-79.4956,43.70622],[-79.49936,43.70866],[-79.50102,43.70968]]]},"properties":{"name":"Black Creek Dr","cls":"major","len":36.1}},
{"type":"Feature","geometry":{"type":"MultiLineString","coordinates":[[[-79.38234,43.65223],[-79.38264,43.65297],[-79.38316,43.65434],[-79.38373,43.65572],[-79.384,43.65643],[-79.38468,43.65808],[-79.38486,43.65849],[-79.38517,43.65924],[-79.38585,43.66082],[-79.38608,43.66138],[-79.38613,43.66179],[-79.38638,43.66247],[-79.38718,43.66437],[-79.38743,43.66499],[-79.38812,43.66656],[-79.38825,43.66681],[-79.38852,43.66744],[-79.38887,43.6682],[-79.38948,43.66971],[-79.38982,43.67055],[-79.39049,43.67212],[-79.39072,43.6726],[-79.39079,43.67288],[-79.39069,43.67311]],[[-79.38246,43.65173],[-79.38235,43.65187],[-79.38234,43.65223]],[[-79.37746,43.64208],[-79.37782,43.64301],[-79.37848,43.64451],[-79.37876,43.64517],[-79.37913,43.64599],[-79.37971,43.64733],[-79.38026,43.64865],[-79.38078,43.6499],[-79.38133,43.65117],[-79.38155,43.6517],[-79.38172,43.65189],[-79.3822,43.65205],[-79.38234,43.65223]]]},"properties":{"name":"Bay St","cls":"major","len":34.6}},
{"type":"Feature","geometry":{"type":"LineString","coordinates":[[-79.38093,43.65633],[-79.38032,43.65646],[-79.37958,43.65629],[-79.37905,43.65615],[-79.37888,43.65615],[-79.3783,43.65625],[-79.37715,43.6565],[-79.37564,43.65682],[-79.37457,43.65707],[-79.37346,43.6573],[-79.37328,43.65741],[-79.37291,43.65785],[-79.37239,43.65817],[-79.37193,43.65827],[-79.37103,43.65829],[-79.37022,43.65849],[-79.36735,43.65912],[-79.36658,43.6593],[-79.36599,43.65942],[-79.3645,43.65976],[-79.36237,43.66023],[-79.3618,43.66035],[-79.35816,43.6612],[-79.35609,43.66166],[-79.35388,43.66191],[-79.35305,43.66205],[-79.35222,43.66223],[-79.35135,43.66245]]},"properties":{"name":"Dundas St E","cls":"major","len":30.5}},
{"type":"Feature","geometry":{"type":"LineString","coordinates":[[-79.37926,43.65244],[-79.37691,43.65292],[-79.37575,43.65317],[-79.37428,43.65348],[-79.37322,43.65372],[-79.36946,43.65453],[-79.36793,43.65485],[-79.36576,43.65534],[-79.36444,43.6556],[-79.36322,43.65587],[-79.35957,43.65669],[-79.35652,43.65736],[-79.35496,43.65774],[-79.35482,43.65777],[-79.35334,43.65808],[-79.35222,43.65833],[-79.35155,43.65849],[-79.34983,43.65887]]},"properties":{"name":"Queen St E","cls":"major","len":30.1}},
{"type":"Feature","geometry":{"type":"MultiLineString","coordinates":[[[-79.40103,43.66037],[-79.40141,43.6613],[-79.40211,43.66305],[-79.40241,43.66385],[-79.40273,43.66464],[-79.40311,43.66551],[-79.40383,43.66667]],[[-79.39223,43.63854],[-79.39243,43.63902],[-79.393,43.64056],[-79.39334,43.64134],[-79.39393,43.64274],[-79.39429,43.64359],[-79.39444,43.64403],[-79.39502,43.64546],[-79.39533,43.64622],[-79.39553,43.64675],[-79.39597,43.64781],[-79.39637,43.64874],[-79.39688,43.65006],[-79.39764,43.6519],[-79.39804,43.65293],[-79.39862,43.65439],[-79.39893,43.65514],[-79.39955,43.65673],[-79.40005,43.65795],[-79.40045,43.65897]]]},"properties":{"name":"Spadina Ave","cls":"major","len":28.9}},
{"type":"Feature","geometry":{"type":"MultiLineString","coordinates":[[[-79.54831,43.60901],[-79.54873,43.61004],[-79.54892,43.6107]],[[-79.54831,43.60901],[-79.54839,43.60947],[-79.54876,43.61073]],[[-79.54163,43.59385],[-79.54253,43.59579],[-79.54286,43.59653],[-79.54371,43.59839],[-79.54414,43.59931],[-79.54446,43.60003],[-79.54486,43.60085],[-79.54525,43.60169],[-79.54585,43.60311],[-79.54661,43.60482],[-79.54712,43.60603],[-79.54774,43.60747],[-79.54806,43.60831],[-79.54831,43.60901]],[[-79.54163,43.59385],[-79.54152,43.5933],[-79.54156,43.59309],[-79.54185,43.59287],[-79.54272,43.59262],[-79.54283,43.59248],[-79.54283,43.5923]],[[-79.53959,43.5934],[-79.54063,43.59315],[-79.54097,43.59315],[-79.54115,43.59322],[-79.54134,43.59338],[-79.54163,43.59385]],[[-79.53863,43.59332],[-79.53932,43.59343],[-79.53959,43.5934]],[[-79.5394,43.59314],[-79.53942,43.59333],[-79.53959,43.5934]]]},"properties":{"name":"Brown's Line","cls":"major","len":26.3}},
{"type":"Feature","geometry":{"type":"LineString","coordinates":[[-79.37843,43.65042],[-79.37725,43.65067],[-79.37647,43.65085],[-79.37493,43.65118],[-79.37288,43.6516],[-79.37235,43.65154],[-79.37169,43.65146],[-79.36986,43.65189],[-79.3686,43.65216],[-79.36739,43.65241],[-79.36476,43.653],[-79.3643,43.65313],[-79.36358,43.65357],[-79.36271,43.65408],[-79.36195,43.65458],[-79.36116,43.65487],[-79.36028,43.655],[-79.35941,43.65495],[-79.35697,43.65474],[-79.35629,43.65479],[-79.35587,43.6549],[-79.35552,43.65508],[-79.35482,43.65557],[-79.35343,43.65637]]},"properties":{"name":"Adelaide St E","cls":"major","len":26.2}},
{"type":"Feature","geometry":{"type":"LineString","coordinates":[[-79.37896,43.6517],[-79.38133,43.65117],[-79.38267,43.65087],[-79.3846,43.65045],[-79.38629,43.65009],[-79.38769,43.64979],[-79.38916,43.64946],[-79.39204,43.64884],[-79.3926,43.64871],[-79.39328,43.64839],[-79.39597,43.64781],[-79.39665,43.64787],[-79.39937,43.64733],[-79.39984,43.64722],[-79.40061,43.64708],[-79.40221,43.64677],[-79.40317,43.64656],[-79.40372,43.64646]]},"properties":{"name":"Richmond St W","cls":"major","len":25.4}},
{"type":"Feature","geometry":{"type":"LineString","coordinates":[[-79.37843,43.65042],[-79.38078,43.6499],[-79.38407,43.64919],[-79.38556,43.64887],[-79.38865,43.6482],[-79.39156,43.64758],[-79.39219,43.64746],[-79.39281,43.64731],[-79.39553,43.64675],[-79.40009,43.64582],[-79.40058,43.64573],[-79.40183,43.64547],[-79.40323,43.64519]]},"properties":{"name":"Adelaide St W","cls":"major","len":25.3}},
{"type":"Feature","geometry":{"type":"LineString","coordinates":[[-79.59106,43.67689],[-79.59283,43.6808],[-79.59552,43.68673],[-79.59736,43.69076],[-79.59866,43.69356],[-79.60006,43.69664],[-79.60012,43.69675],[-79.60043,43.69752],[-79.60145,43.69975]]},"properties":{"name":"Carlingview Dr","cls":"major","len":25.1}},
{"type":"Feature","geometry":{"type":"LineString","coordinates":[[-79.37789,43.64916],[-79.37593,43.64958],[-79.37441,43.64992],[-79.37345,43.65011],[-79.37189,43.65046],[-79.37069,43.65073],[-79.36824,43.65127],[-79.36606,43.65175],[-79.36439,43.65213],[-79.36321,43.65273],[-79.36119,43.65391],[-79.36032,43.65443],[-79.35941,43.65495],[-79.35918,43.65509],[-79.35841,43.65555],[-79.35698,43.65638],[-79.35616,43.65687],[-79.35524,43.65756],[-79.35496,43.65774]]},"properties":{"name":"King St E","cls":"major","len":24.8}},
{"type":"Feature","geometry":{"type":"LineString","coordinates":[[-79.51145,43.68395],[-79.5122,43.68502],[-79.51245,43.68552],[-79.51315,43.68685],[-79.51393,43.68844],[-79.51428,43.68899],[-79.51498,43.68984],[-79.51586,43.69084],[-79.51649,43.69151],[-79.51747,43.69263],[-79.51894,43.69425],[-79.51995,43.69527],[-79.52056,43.69583],[-79.5219,43.69701],[-79.52329,43.69818],[-79.52412,43.6989],[-79.52502,43.6997],[-79.52592,43.70054],[-79.5264,43.70096],[-79.5267,43.70112],[-79.52713,43.70123],[-79.52763,43.70121]]},"properties":{"name":"Scarlett Rd","cls":"major","len":24.1}},
{"type":"Feature","geometry":{"type":"LineString","coordinates":[[-79.37896,43.6517],[-79.37637,43.65226],[-79.37545,43.65245],[-79.3737,43.65286],[-79.37334,43.65281],[-79.37283,43.6527],[-79.37237,43.65266],[-79.37157,43.65283],[-79.36912,43.65338],[-79.3667,43.65393],[-79.3653,43.65427],[-79.364,43.65456],[-79.3617,43.65512],[-79.36102,43.65522],[-79.36029,43.65523],[-79.35918,43.65509],[-79.35842,43.65499],[-79.35784,43.65496],[-79.3573,43.655],[-79.35585,43.65536]]},"properties":{"name":"Richmond St E","cls":"major","len":23.6}},
{"type":"Feature","geometry":{"type":"LineString","coordinates":[[-79.37144,43.64943],[-79.37189,43.65046],[-79.37235,43.65154],[-79.37283,43.6527],[-79.37322,43.65372],[-79.37392,43.65536],[-79.37457,43.65707],[-79.3759,43.66044],[-79.37672,43.66242],[-79.37721,43.6636],[-79.37789,43.6652],[-79.37833,43.66628],[-79.37905,43.66793],[-79.37991,43.66997]]},"properties":{"name":"Jarvis St","cls":"major","len":22.2}},
{"type":"Feature","geometry":{"type":"LineString","coordinates":[[-79.45431,43.74182],[-79.45823,43.74533],[-79.45898,43.74589],[-79.45951,43.74623],[-79.46157,43.74733],[-79.462,43.74762],[-79.46238,43.74796],[-79.463,43.74883],[-79.46315,43.74924],[-79.46339,43.75025],[-79.46432,43.75439],[-79.46502,43.75776],[-79.46493,43.75945]]},"properties":{"name":"William R Allen Rd","cls":"major","len":22.1}},
{"type":"Feature","geometry":{"type":"MultiLineString","coordinates":[[[-79.34945,43.69677],[-79.34927,43.69685],[-79.34851,43.697]],[[-79.34945,43.69677],[-79.3493,43.69698],[-79.34927,43.6972]],[[-79.34487,43.67893],[-79.34516,43.67968],[-79.34543,43.68044],[-79.34607,43.68218],[-79.34645,43.68319],[-79.34678,43.68403],[-79.34744,43.68578],[-79.34777,43.68666],[-79.34847,43.68846],[-79.34882,43.68943],[-79.34917,43.6904],[-79.34954,43.69134],[-79.34992,43.69234],[-79.35029,43.69324],[-79.35046,43.69362],[-79.35103,43.69512],[-79.35105,43.69538],[-79.35094,43.69553],[-79.34945,43.69677]]]},"properties":{"name":"Pape Ave","cls":"major","len":21.2}},
{"type":"Feature","geometry":{"type":"LineString","coordinates":[[-79.38679,43.67023],[-79.38421,43.6708],[-79.38316,43.67105],[-79.38057,43.67161],[-79.37941,43.67184],[-79.37907,43.67192],[-79.37685,43.67236],[-79.37632,43.67247],[-79.37592,43.67247],[-79.37489,43.67234],[-79.37146,43.67189],[-79.37099,43.67192],[-79.3707,43.67201],[-79.36992,43.67258],[-79.36883,43.67333],[-79.3681,43.67382],[-79.36718,43.67447],[-79.36674,43.67467]]},"properties":{"name":"Bloor St E","cls":"major","len":21.2}},
{"type":"Feature","geometry":{"type":"MultiLineString","coordinates":[[[-79.35284,43.70192],[-79.35254,43.70233],[-79.35167,43.70328],[-79.34913,43.70572],[-79.34869,43.70607],[-79.34796,43.70643],[-79.34721,43.70666],[-79.34363,43.70747],[-79.3386,43.7087]],[[-79.33598,43.70939],[-79.33509,43.70983],[-79.33439,43.71]]]},"properties":{"name":"Overlea Blvd","cls":"major","len":18}},
{"type":"Feature","geometry":{"type":"LineString","coordinates":[[-79.45352,43.63837],[-79.4537,43.63881],[-79.45383,43.63921],[-79.45406,43.6397],[-79.45465,43.64099],[-79.45553,43.64312],[-79.45664,43.64582],[-79.45699,43.64665],[-79.45733,43.64749],[-79.45785,43.64874],[-79.4583,43.65057],[-79.4585,43.65111],[-79.4593,43.65303],[-79.46003,43.65471]]},"properties":{"name":"Parkside Dr","cls":"major","len":17.6}},
{"type":"Feature","geometry":{"type":"LineString","coordinates":[[-79.38247,43.64529],[-79.38273,43.6454],[-79.38332,43.64551],[-79.38368,43.6457],[-79.3841,43.64638],[-79.38481,43.64766],[-79.38516,43.64827],[-79.38556,43.64887],[-79.38629,43.65009],[-79.38663,43.65085],[-79.38757,43.6531],[-79.38832,43.65481],[-79.38896,43.65632],[-79.3895,43.65755],[-79.38998,43.6587],[-79.39047,43.65985]]},"properties":{"name":"University Ave","cls":"major","len":17}},
{"type":"Feature","geometry":{"type":"LineString","coordinates":[[-79.58768,43.6661],[-79.58895,43.66643],[-79.58949,43.66659],[-79.58996,43.66682],[-79.59058,43.66768],[-79.59087,43.66823],[-79.59143,43.66917],[-79.59455,43.67421],[-79.59475,43.67475],[-79.59475,43.67502],[-79.59465,43.67538],[-79.59429,43.67587],[-79.59392,43.67612],[-79.59324,43.67643],[-79.59257,43.67655],[-79.59218,43.67665],[-79.59106,43.67689]]},"properties":{"name":"Renforth Dr","cls":"major","len":16.4}},
{"type":"Feature","geometry":{"type":"LineString","coordinates":[[-79.38787,43.67287],[-79.38942,43.67293],[-79.3902,43.67297],[-79.39069,43.67311],[-79.39084,43.67318],[-79.39112,43.67345],[-79.39153,43.67391],[-79.39257,43.67453],[-79.3929,43.6747],[-79.39354,43.67506],[-79.39377,43.67513],[-79.39426,43.67516],[-79.3948,43.67507],[-79.39657,43.6747],[-79.39808,43.6744],[-79.39866,43.67432],[-79.39984,43.67437],[-79.40039,43.67447],[-79.40074,43.67462],[-79.40257,43.6758]]},"properties":{"name":"Davenport Rd","cls":"major","len":15.8}},
{"type":"Feature","geometry":{"type":"MultiLineString","coordinates":[[[-79.3521,43.78649],[-79.35242,43.78657],[-79.35264,43.78656],[-79.35296,43.78644],[-79.35314,43.78628]],[[-79.35314,43.78628],[-79.35302,43.78663],[-79.35303,43.78735]],[[-79.34874,43.77909],[-79.34897,43.77943],[-79.3493,43.77978],[-79.34976,43.78003],[-79.35114,43.78053],[-79.35148,43.78074],[-79.35182,43.78107],[-79.35205,43.78149],[-79.35245,43.78309],[-79.35288,43.7839],[-79.35338,43.7847],[-79.35349,43.78499],[-79.35353,43.78527],[-79.35348,43.78552],[-79.35314,43.78628]]]},"properties":{"name":"Don Mills Rd W","cls":"major","len":11.6}},
{"type":"Feature","geometry":{"type":"LineString","coordinates":[[-79.36056,43.70314],[-79.36086,43.70377],[-79.36148,43.70527],[-79.36229,43.70728],[-79.36244,43.70772],[-79.36279,43.70855],[-79.3635,43.71037],[-79.36407,43.7118],[-79.36445,43.71268],[-79.3648,43.71357]]},"properties":{"name":"Laird Dr","cls":"major","len":11.3}},
{"type":"Feature","geometry":{"type":"MultiLineString","coordinates":[[[-79.32423,43.76126],[-79.32454,43.76131],[-79.32499,43.7613]],[[-79.32423,43.76126],[-79.32406,43.76147],[-79.32391,43.76155]],[[-79.31525,43.75787],[-79.31738,43.7576],[-79.3182,43.75768],[-79.31856,43.75776],[-79.3192,43.75805],[-79.31965,43.75836],[-79.32092,43.75937],[-79.322,43.76011],[-79.32349,43.76093],[-79.32423,43.76126]]]},"properties":{"name":"Parkwoods Village Dr","cls":"major","len":11.2}},
{"type":"Feature","geometry":{"type":"LineString","coordinates":[[-79.48121,43.62297],[-79.48249,43.62343],[-79.48341,43.62383],[-79.48524,43.62518],[-79.48596,43.6257],[-79.48659,43.62621],[-79.48724,43.62669],[-79.48771,43.62707],[-79.49036,43.62905]]},"properties":{"name":"Park Lawn Rd","cls":"major","len":11.1}},
{"type":"Feature","geometry":{"type":"LineString","coordinates":[[-79.34976,43.78003],[-79.34916,43.77999],[-79.34888,43.78011],[-79.34872,43.78026],[-79.34833,43.78106],[-79.34827,43.78143],[-79.34829,43.78164],[-79.34856,43.78216],[-79.34913,43.78277],[-79.35001,43.78377],[-79.35021,43.78411],[-79.35073,43.78542],[-79.35095,43.78576],[-79.35149,43.78617],[-79.3521,43.78649],[-79.35264,43.78687],[-79.35303,43.78735]]},"properties":{"name":"Don Mills Rd E","cls":"major","len":10.2}},
{"type":"Feature","geometry":{"type":"LineString","coordinates":[[-79.34889,43.65666],[-79.34822,43.65651],[-79.34768,43.65649],[-79.34752,43.65651],[-79.34619,43.65679],[-79.34533,43.65699],[-79.34433,43.6572],[-79.34248,43.65762],[-79.34017,43.65812],[-79.33897,43.6584]]},"properties":{"name":"Eastern Ave","cls":"major","len":10.1}},
{"type":"Feature","geometry":{"type":"LineString","coordinates":[[-79.36056,43.70314],[-79.36026,43.70281],[-79.35983,43.70249],[-79.35884,43.70206],[-79.35851,43.70194],[-79.35811,43.70189],[-79.35745,43.70184],[-79.35686,43.70184],[-79.35463,43.70204],[-79.35337,43.70204],[-79.35284,43.70192],[-79.35237,43.7017],[-79.35176,43.7013],[-79.35156,43.70109],[-79.35143,43.70089]]},"properties":{"name":"Millwood Rd","cls":"major","len":9.9}},
{"type":"Feature","geometry":{"type":"MultiLineString","coordinates":[[[-79.38201,43.64074],[-79.38315,43.64027]],[[-79.38201,43.64074],[-79.38257,43.64061]],[[-79.37596,43.64266],[-79.37633,43.64246],[-79.37746,43.64208],[-79.37777,43.64201],[-79.38068,43.64097],[-79.38201,43.64074]],[[-79.37521,43.64276],[-79.37543,43.64282],[-79.37596,43.64266]],[[-79.37547,43.64333],[-79.37562,43.643],[-79.37596,43.64266]]]},"properties":{"name":"Harbour St","cls":"major","len":9.8}},
{"type":"Feature","geometry":{"type":"LineString","coordinates":[[-79.3574,43.65452],[-79.35697,43.65474],[-79.35606,43.65517],[-79.35585,43.65536],[-79.35497,43.65572],[-79.35422,43.65606],[-79.35343,43.65637],[-79.35314,43.6565],[-79.35244,43.65672],[-79.35153,43.65691],[-79.35061,43.657],[-79.34986,43.65691],[-79.34889,43.65666]]},"properties":{"name":"Eastern Ave Diversion","cls":"major","len":9.1}},
{"type":"Feature","geometry":{"type":"MultiLineString","coordinates":[[[-79.40232,43.69489],[-79.4024,43.69549],[-79.40249,43.69593],[-79.40278,43.69662],[-79.40303,43.69734],[-79.40324,43.69788]],[[-79.40232,43.69489],[-79.40245,43.69506],[-79.40267,43.69521],[-79.40309,43.69535]],[[-79.40159,43.69108],[-79.40131,43.69134],[-79.40116,43.69156],[-79.40113,43.69176],[-79.40128,43.6921],[-79.4019,43.69373],[-79.40219,43.69458],[-79.40232,43.69489]]]},"properties":{"name":"Oriole Pkwy","cls":"major","len":8.3}},
{"type":"Feature","geometry":{"type":"LineString","coordinates":[[-79.53423,43.69983],[-79.53439,43.70033],[-79.53307,43.70185],[-79.5324,43.70244],[-79.5319,43.70318],[-79.53172,43.7036],[-79.53165,43.70391],[-79.53169,43.70423],[-79.53205,43.70524],[-79.53233,43.70596],[-79.53233,43.70633]]},"properties":{"name":"St Phillips Rd","cls":"major","len":7.6}},
{"type":"Feature","geometry":{"type":"MultiLineString","coordinates":[[[-79.39317,43.66637],[-79.39414,43.66872]],[[-79.39317,43.66637],[-79.39317,43.66606],[-79.39339,43.66579],[-79.39285,43.666],[-79.39223,43.66603],[-79.39288,43.66612],[-79.39317,43.66637]],[[-79.39071,43.6603],[-79.39115,43.66062],[-79.39083,43.66059],[-79.39053,43.66072],[-79.39071,43.6603]],[[-79.39047,43.65985],[-79.39071,43.6603]]]},"properties":{"name":"Queen's Park","cls":"major","len":7.6}},
{"type":"Feature","geometry":{"type":"LineString","coordinates":[[-79.36674,43.67467],[-79.36474,43.67507],[-79.36339,43.67532],[-79.36182,43.67564],[-79.36099,43.67579],[-79.36037,43.67592]]},"properties":{"name":"Prince Edward Viaduct","cls":"major","len":6.5}},
{"type":"Feature","geometry":{"type":"LineString","coordinates":[[-79.38311,43.66137],[-79.3824,43.66137],[-79.38168,43.66139],[-79.37934,43.66187],[-79.37785,43.66217],[-79.37672,43.66242]]},"properties":{"name":"Carlton St","cls":"major","len":6.5}},
{"type":"Feature","geometry":{"type":"LineString","coordinates":[[-79.53143,43.71583],[-79.53226,43.71576],[-79.53329,43.71582],[-79.53383,43.7159],[-79.53462,43.7161],[-79.5374,43.71706],[-79.53776,43.71719]]},"properties":{"name":"Walsh Ave","cls":"major","len":6.5}},
{"type":"Feature","geometry":{"type":"LineString","coordinates":[[-79.39115,43.66062],[-79.39181,43.66092],[-79.39213,43.66121],[-79.39228,43.66145],[-79.39244,43.66183],[-79.39291,43.66242],[-79.3932,43.66308],[-79.39386,43.66481],[-79.3939,43.66502],[-79.39387,43.66522],[-79.39376,43.66547],[-79.39358,43.66566],[-79.39339,43.66579]]},"properties":{"name":"Queen's Park Cres W","cls":"major","len":6.4}},
{"type":"Feature","geometry":{"type":"LineString","coordinates":[[-79.39053,43.66072],[-79.39007,43.66124],[-79.3899,43.66162],[-79.38988,43.66185],[-79.39061,43.66359],[-79.39113,43.66485],[-79.39146,43.66556],[-79.39158,43.66571],[-79.39189,43.66592],[-79.39223,43.66603]]},"properties":{"name":"Queen's Park Cres E","cls":"major","len":6.3}},
{"type":"Feature","geometry":{"type":"LineString","coordinates":[[-79.38316,43.67105],[-79.38358,43.67204],[-79.38371,43.67213],[-79.384,43.67224],[-79.38429,43.67226],[-79.38476,43.67218],[-79.38521,43.67213],[-79.38547,43.67218],[-79.38616,43.67244],[-79.3873,43.67282],[-79.38787,43.67287]]},"properties":{"name":"Church St","cls":"major","len":5.5}},
{"type":"Feature","geometry":{"type":"LineString","coordinates":[[-79.40103,43.66037],[-79.40054,43.66028],[-79.40025,43.66018],[-79.40003,43.66002],[-79.39992,43.6598],[-79.39996,43.65951],[-79.40045,43.65897],[-79.40116,43.65914],[-79.40149,43.65934],[-79.40163,43.6595],[-79.40159,43.65983],[-79.40149,43.66005],[-79.40103,43.66037]]},"properties":{"name":"Spadina Cres","cls":"major","len":4.8}},
{"type":"Feature","geometry":{"type":"LineString","coordinates":[[-79.38065,43.6409],[-79.38068,43.64097],[-79.38089,43.64152],[-79.38148,43.64291],[-79.38211,43.64446],[-79.38247,43.64529]]},"properties":{"name":"York St","cls":"major","len":4.8}},
{"type":"Feature","geometry":{"type":"LineString","coordinates":[[-79.34927,43.6972],[-79.34975,43.69805],[-79.35056,43.69941],[-79.35092,43.69999],[-79.35143,43.70089]]},"properties":{"name":"Leaside Bdge","cls":"major","len":4.3}},
{"type":"Feature","geometry":{"type":"LineString","coordinates":[[-79.36986,43.64563],[-79.37078,43.64784],[-79.37091,43.6482],[-79.37144,43.64943]]},"properties":{"name":"Lower Jarvis St","cls":"major","len":4.1}},
{"type":"Feature","geometry":{"type":"LineString","coordinates":[[-79.40278,43.69662],[-79.40399,43.69698],[-79.40558,43.69749]]},"properties":{"name":"Oxton Ave","cls":"major","len":2.9}},
{"type":"Feature","geometry":{"type":"LineString","coordinates":[[-79.3386,43.7087],[-79.33733,43.70903],[-79.33598,43.70939]]},"properties":{"name":"Charles H Hiscott Bdge","cls":"major","len":2.7}},
{"type":"Feature","geometry":{"type":"LineString","coordinates":[[-79.54641,43.58893],[-79.54786,43.58732],[-79.54816,43.587]]},"properties":{"name":"Lakeshore Rd E","cls":"major","len":2.6}},
{"type":"Feature","geometry":{"type":"LineString","coordinates":[[-79.3021,43.72338],[-79.30109,43.72403],[-79.30086,43.72422],[-79.30063,43.72454],[-79.30065,43.72496]]},"properties":{"name":"Eglinton Sq","cls":"major","len":2.3}},
{"type":"Feature","geometry":{"type":"LineString","coordinates":[[-79.37991,43.66997],[-79.38057,43.67161]]},"properties":{"name":"Ted Rogers Way","cls":"major","len":1.8}},
{"type":"Feature","geometry":{"type":"LineString","coordinates":[[-79.40159,43.69108],[-79.40186,43.69099],[-79.40302,43.69078]]},"properties":{"name":"Lonsdale Rd","cls":"major","len":1.5}},
{"type":"Feature","geometry":{"type":"LineString","coordinates":[[-79.47425,43.6918],[-79.47437,43.69158],[-79.47542,43.69085]]},"properties":{"name":"Yore Rd","cls":"major","len":1.5}},
{"type":"Feature","geometry":{"type":"LineString","coordinates":[[-79.54394,43.75836],[-79.5439,43.75787],[-79.54398,43.75777],[-79.54418,43.75768],[-79.54445,43.7577]]},"properties":{"name":"Fenmar Dr","cls":"major","len":1.1}},
{"type":"Feature","geometry":{"type":"LineString","coordinates":[[-79.36859,43.67445],[-79.36846,43.67453],[-79.36774,43.6747]]},"properties":{"name":"Drumsnab Rd","cls":"major","len":0.9}},
{"type":"Feature","geometry":{"type":"LineString","coordinates":[[-79.47506,43.69017],[-79.47542,43.69085]]},"properties":{"name":"Trethewey Dr","cls":"major","len":0.8}},
{"type":"Feature","geometry":{"type":"LineString","coordinates":[[-79.36859,43.67445],[-79.36828,43.67394],[-79.3681,43.67382]]},"properties":{"name":"Castle Frank Rd","cls":"major","len":0.8}},
{"type":"Feature","geometry":{"type":"LineString","coordinates":[[-79.31623,43.6924],[-79.31574,43.69249]]},"properties":{"name":"Mortimer Ave","cls":"major","len":0.5}},
{"type":"Feature","geometry":{"type":"LineString","coordinates":[[-79.35414,43.79961],[-79.35328,43.79956],[-79.35271,43.79966],[-79.34977,43.80037],[-79.34941,43.80056],[-79.34902,43.80086],[-79.34842,43.80157],[-79.34809,43.80192],[-79.34787,43.80208],[-79.3468,43.80266],[-79.34651,43.80277],[-79.34553,43.8029],[-79.34484,43.80298],[-79.3427,43.80322],[-79.34186,43.80341],[-79.33981,43.80383],[-79.33896,43.8039],[-79.33801,43.80386],[-79.33715,43.8039],[-79.33632,43.80409],[-79.33521,43.80433],[-79.33481,43.80436],[-79.33228,43.80388],[-79.33176,43.80391],[-79.33073,43.80412],[-79.32726,43.80493],[-79.32634,43.80514],[-79.32536,43.80535],[-79.32377,43.80571],[-79.32098,43.80635],[-79.32053,43.80645],[-79.31657,43.80738],[-79.31551,43.80759],[-79.31313,43.80817],[-79.31117,43.80864],[-79.30878,43.80921],[-79.30813,43.80939],[-79.30677,43.8099],[-79.30633,43.81004],[-79.30544,43.81039],[-79.30489,43.81068],[-79.30397,43.81143],[-79.30349,43.81167],[-79.30276,43.81194],[-79.30195,43.81214],[-79.29926,43.81279],[-79.29499,43.81388],[-79.29222,43.81458],[-79.29131,43.81479],[-79.29071,43.8148],[-79.29037,43.81474],[-79.28986,43.81454],[-79.28907,43.81419],[-79.28845,43.8141],[-79.28804,43.81412],[-79.28677,43.81439],[-79.28585,43.81455],[-79.2853,43.81463],[-79.28402,43.81494],[-79.28276,43.81547],[-79.28187,43.81567],[-79.27682,43.81682],[-79.27603,43.81706],[-79.27198,43.81794],[-79.26744,43.81894],[-79.26604,43.81921],[-79.2647,43.81949],[-79.26253,43.82001],[-79.2621,43.82012],[-79.2613,43.82035],[-79.26036,43.82073],[-79.25918,43.82153],[-79.25822,43.82194],[-79.25789,43.82202],[-79.25271,43.82303],[-79.25144,43.82328],[-79.24985,43.82355],[-79.24782,43.824],[-79.24606,43.82438],[-79.24562,43.8245],[-79.24529,43.82467],[-79.2445,43.82541],[-79.24423,43.82559],[-79.24394,43.8257],[-79.2431,43.82588],[-79.2414,43.82628],[-79.24004,43.82675],[-79.23927,43.82682],[-79.23874,43.82677],[-79.23743,43.82645],[-79.23679,43.8264],[-79.23644,43.82642],[-79.23584,43.82655],[-79.23532,43.82673],[-79.23514,43.82683],[-79.2347,43.82725]]},"properties":{"name":"McNicoll Ave","cls":"minor","len":124.5}},
{"type":"Feature","geometry":{"type":"MultiLineString","coordinates":[[[-79.31776,43.77651],[-79.31824,43.77729],[-79.31859,43.77802],[-79.32016,43.78168],[-79.32138,43.78443],[-79.32181,43.78544],[-79.32356,43.78949],[-79.32498,43.79279],[-79.32518,43.79319],[-79.32597,43.79433],[-79.32679,43.79552],[-79.32719,43.79636],[-79.32968,43.80181],[-79.33046,43.80349],[-79.33073,43.80412],[-79.33216,43.80723],[-79.33386,43.81095],[-79.33418,43.81176],[-79.33467,43.81295],[-79.33647,43.81686]],[[-79.28338,43.69233],[-79.28355,43.69271],[-79.28407,43.69394],[-79.28508,43.69625],[-79.28566,43.69763],[-79.286,43.69839],[-79.28733,43.70147],[-79.28734,43.70154],[-79.28866,43.70461],[-79.28946,43.70649],[-79.29027,43.70836],[-79.29093,43.70985],[-79.29182,43.71191],[-79.2925,43.71352],[-79.29259,43.7137],[-79.29319,43.71517],[-79.29425,43.71766],[-79.29492,43.71932],[-79.29515,43.71982],[-79.29587,43.72152],[-79.29624,43.72237],[-79.2966,43.72325],[-79.29739,43.72509],[-79.29755,43.72564],[-79.29766,43.72623],[-79.2981,43.72723],[-79.29862,43.72852],[-79.29933,43.73023],[-79.3003,43.7326],[-79.30049,43.73309],[-79.30088,43.734],[-79.30105,43.73446],[-79.30124,43.73487],[-79.30174,43.73611],[-79.30228,43.73741],[-79.30306,43.73936],[-79.30413,43.74195],[-79.30465,43.74324],[-79.30584,43.74621],[-79.30623,43.74722],[-79.30734,43.74997],[-79.30861,43.75316],[-79.30938,43.75502],[-79.31015,43.75702],[-79.31019,43.75735],[-79.31,43.75834],[-79.31019,43.75903]]]},"properties":{"name":"Pharmacy Ave","cls":"minor","len":116.6}},
{"type":"Feature","geometry":{"type":"MultiLineString","coordinates":[[[-79.3821,43.65909],[-79.37854,43.65986],[-79.3759,43.66044],[-79.37224,43.66123],[-79.37143,43.66139],[-79.37069,43.66155],[-79.36972,43.66178],[-79.36818,43.66211],[-79.36746,43.66196],[-79.36701,43.66194],[-79.36233,43.66297],[-79.36033,43.66343],[-79.35976,43.66355],[-79.35924,43.66369],[-79.35686,43.66436],[-79.35532,43.66478],[-79.35332,43.66535],[-79.35262,43.66549],[-79.35214,43.66555],[-79.34942,43.66614],[-79.34852,43.66634],[-79.34702,43.66666],[-79.3452,43.66709],[-79.34377,43.66742],[-79.34276,43.66763],[-79.34041,43.66814],[-79.33875,43.66851],[-79.3356,43.66922],[-79.33304,43.6698],[-79.33057,43.67035],[-79.32802,43.67091],[-79.32504,43.67158],[-79.32397,43.67183],[-79.32037,43.67264],[-79.31931,43.67291]],[[-79.3203,43.67534],[-79.31958,43.67573],[-79.31735,43.67604],[-79.31693,43.67619],[-79.31606,43.67687],[-79.31574,43.67715],[-79.31502,43.67803],[-79.31418,43.67865],[-79.31352,43.67916],[-79.31187,43.68038],[-79.31075,43.68079],[-79.30977,43.68127],[-79.30876,43.6818],[-79.30828,43.68203],[-79.30777,43.68219],[-79.30547,43.68281],[-79.30418,43.68308],[-79.30152,43.68366],[-79.30016,43.68395],[-79.29876,43.68425],[-79.29745,43.68455],[-79.29468,43.68515],[-79.29346,43.68542],[-79.29075,43.68601],[-79.28949,43.68628],[-79.28755,43.68668],[-79.28658,43.6869],[-79.28287,43.68771],[-79.27822,43.68871],[-79.27807,43.68878]]]},"properties":{"name":"Gerrard St E","cls":"minor","len":109.4}},
{"type":"Feature","geometry":{"type":"LineString","coordinates":[[-79.49317,43.60365],[-79.4935,43.60451],[-79.49512,43.60837],[-79.49545,43.60921],[-79.49589,43.6102],[-79.49654,43.61179],[-79.49674,43.61226],[-79.4976,43.61435],[-79.49791,43.61507],[-79.49817,43.61573],[-79.49893,43.61752],[-79.49958,43.61909],[-79.5004,43.62101],[-79.50061,43.62158],[-79.50091,43.62254],[-79.50108,43.62297],[-79.50152,43.62381],[-79.50183,43.62447],[-79.50263,43.62634],[-79.50314,43.62767],[-79.50396,43.62958],[-79.50478,43.63156],[-79.50505,43.63219],[-79.50578,43.63395],[-79.50705,43.63694],[-79.50743,43.63758],[-79.50778,43.638],[-79.5083,43.63859],[-79.50857,43.63913],[-79.50868,43.63957],[-79.50866,43.6404],[-79.5087,43.64078],[-79.50909,43.64177],[-79.5094,43.64259],[-79.50989,43.64382],[-79.51136,43.64736],[-79.51213,43.64909],[-79.51263,43.65028],[-79.51324,43.65163],[-79.51404,43.65352],[-79.515,43.65564],[-79.51509,43.65586],[-79.51553,43.65672],[-79.5163,43.6583],[-79.51654,43.65885],[-79.51713,43.66031],[-79.5176,43.66139],[-79.51809,43.66243],[-79.51851,43.66338],[-79.51916,43.66491],[-79.51965,43.66595],[-79.52017,43.66727],[-79.52028,43.66758],[-79.521,43.66922],[-79.52177,43.67114],[-79.52227,43.6723],[-79.52314,43.67405],[-79.52366,43.67544],[-79.52428,43.677],[-79.5246,43.67771],[-79.52527,43.67928],[-79.52661,43.68233],[-79.52817,43.68587],[-79.52889,43.68758],[-79.52921,43.68832],[-79.53016,43.69039],[-79.53081,43.69188],[-79.53138,43.69314],[-79.53187,43.69428],[-79.53233,43.69532],[-79.53274,43.69616],[-79.53423,43.69983]]},"properties":{"name":"Royal York Rd","cls":"minor","len":104.8}},
{"type":"Feature","geometry":{"type":"LineString","coordinates":[[-79.25648,43.78538],[-79.255,43.78568],[-79.25468,43.78566],[-79.25424,43.78555],[-79.25391,43.78535],[-79.25375,43.78519],[-79.25329,43.78438],[-79.25296,43.78414],[-79.25255,43.78399],[-79.2519,43.78399],[-79.25044,43.78429],[-79.2468,43.78509],[-79.24445,43.78603],[-79.24273,43.78643],[-79.24216,43.7867],[-79.24193,43.78692],[-79.24084,43.78829],[-79.24049,43.78863],[-79.24011,43.78887],[-79.23706,43.78957],[-79.23555,43.7899],[-79.23418,43.79019],[-79.23249,43.79057],[-79.22967,43.79115],[-79.22909,43.79135],[-79.22541,43.79319],[-79.22443,43.79367],[-79.22357,43.79395],[-79.21959,43.79483],[-79.21654,43.79551],[-79.21333,43.79618],[-79.2129,43.79618],[-79.21141,43.796],[-79.21053,43.79603],[-79.20622,43.79695],[-79.20586,43.79703],[-79.20532,43.79719],[-79.20483,43.79745],[-79.2032,43.79844],[-79.2023,43.799],[-79.20102,43.79977],[-79.20033,43.8],[-79.19908,43.80028],[-79.19823,43.80046],[-79.1978,43.80045],[-79.19731,43.80022],[-79.19679,43.79977],[-79.19623,43.79932],[-79.19591,43.79914],[-79.19547,43.799],[-79.19505,43.79895],[-79.19453,43.79899],[-79.1917,43.7996],[-79.19127,43.7997],[-79.19096,43.79988],[-79.19082,43.80008],[-79.19071,43.80051],[-79.19045,43.80076],[-79.19023,43.80084],[-79.1888,43.80116]]},"properties":{"name":"Milner Ave","cls":"minor","len":73}},
{"type":"Feature","geometry":{"type":"LineString","coordinates":[[-79.34983,43.65887],[-79.34847,43.65918],[-79.34742,43.65941],[-79.34607,43.65972],[-79.34563,43.65981],[-79.34446,43.66009],[-79.34358,43.66028],[-79.34082,43.66089],[-79.34008,43.66106],[-79.3377,43.66158],[-79.33488,43.66222],[-79.3343,43.66234],[-79.33226,43.6628],[-79.3302,43.66325],[-79.32735,43.66391],[-79.32396,43.66467],[-79.32237,43.66503],[-79.32127,43.66527],[-79.32,43.66556],[-79.31912,43.66578],[-79.31766,43.66609],[-79.31656,43.66634],[-79.31485,43.66672],[-79.31259,43.66724],[-79.31213,43.66735],[-79.31034,43.66773],[-79.30805,43.66825],[-79.30578,43.66876],[-79.30464,43.669],[-79.30224,43.66956],[-79.30191,43.66962],[-79.29983,43.67007],[-79.29891,43.67028],[-79.29686,43.67073],[-79.29447,43.67123],[-79.29257,43.67161],[-79.29101,43.67194],[-79.28877,43.6724],[-79.28759,43.67265],[-79.28633,43.6729],[-79.28308,43.67358],[-79.28122,43.67395],[-79.28021,43.67427]]},"properties":{"name":"Queen St E","cls":"minor","len":71.3}},
{"type":"Feature","geometry":{"type":"LineString","coordinates":[[-79.3254,43.78035],[-79.3228,43.781],[-79.32016,43.78168],[-79.31949,43.78186],[-79.31924,43.78196],[-79.31862,43.78242],[-79.31731,43.78349],[-79.31669,43.78392],[-79.31598,43.78426],[-79.31545,43.78443],[-79.31479,43.7846],[-79.31295,43.78501],[-79.31241,43.78515],[-79.31095,43.78548],[-79.30922,43.7859],[-79.30889,43.78601],[-79.30843,43.78627],[-79.30806,43.78677],[-79.30801,43.78699],[-79.30789,43.78779],[-79.30781,43.78816],[-79.30764,43.78854],[-79.30725,43.78904],[-79.3069,43.78927],[-79.30617,43.78954],[-79.30378,43.79009],[-79.3023,43.79044],[-79.30149,43.79064],[-79.30054,43.79083],[-79.2986,43.7913],[-79.29811,43.79151],[-79.29769,43.7919],[-79.29749,43.79218],[-79.29638,43.79391],[-79.29604,43.79427],[-79.29555,43.79459],[-79.29489,43.7948],[-79.29345,43.79515],[-79.292,43.79523],[-79.29068,43.79549],[-79.28854,43.7961],[-79.2864,43.79656],[-79.28512,43.7968],[-79.28403,43.79694],[-79.28344,43.79706],[-79.28168,43.79742],[-79.27867,43.79805],[-79.27774,43.79813],[-79.27432,43.79818],[-79.27337,43.79841],[-79.27262,43.79859],[-79.27206,43.79864],[-79.27171,43.79862],[-79.27057,43.79836],[-79.26963,43.79811],[-79.26843,43.79786],[-79.26802,43.79783],[-79.26536,43.79814],[-79.2648,43.7982],[-79.26256,43.79869]]},"properties":{"name":"Huntingwood Dr","cls":"minor","len":68.4}},
{"type":"Feature","geometry":{"type":"MultiLineString","coordinates":[[[-79.28226,43.76942],[-79.28089,43.76973],[-79.27879,43.77018],[-79.27807,43.77042],[-79.27755,43.77065],[-79.27658,43.77132],[-79.27555,43.77214],[-79.27516,43.77236],[-79.27427,43.77268],[-79.27299,43.77297],[-79.27003,43.77359],[-79.26739,43.77417],[-79.26601,43.77467],[-79.26318,43.77528],[-79.26234,43.7755],[-79.2619,43.77576],[-79.26173,43.77596],[-79.26152,43.77636],[-79.26136,43.77703],[-79.26106,43.77765],[-79.26072,43.77795],[-79.26031,43.77816],[-79.25917,43.77844],[-79.25725,43.77885],[-79.25664,43.77889],[-79.2561,43.7788],[-79.25545,43.77849],[-79.25506,43.77811],[-79.25466,43.77722],[-79.25422,43.77665],[-79.25386,43.77648],[-79.2534,43.77636]],[[-79.25255,43.77631],[-79.25183,43.77638],[-79.25054,43.77667],[-79.24898,43.77701],[-79.248,43.77738],[-79.24706,43.77797],[-79.24642,43.7786],[-79.24558,43.77947],[-79.24524,43.77973],[-79.24464,43.77998],[-79.24384,43.78015],[-79.2415,43.78063],[-79.23979,43.78062],[-79.23875,43.78075],[-79.23789,43.78093],[-79.23496,43.78153],[-79.23385,43.78178],[-79.23332,43.78203],[-79.23235,43.78277],[-79.23201,43.7831],[-79.2318,43.78345],[-79.23175,43.78379],[-79.23177,43.78407],[-79.23244,43.78588],[-79.23265,43.7864],[-79.23281,43.78685],[-79.23345,43.7885],[-79.23418,43.79019],[-79.23425,43.79081],[-79.23408,43.79186],[-79.23408,43.7923],[-79.23417,43.79269],[-79.23453,43.79356],[-79.23495,43.79466]]]},"properties":{"name":"Progress Ave","cls":"minor","len":67.2}},
{"type":"Feature","geometry":{"type":"LineString","coordinates":[[-79.23222,43.84104],[-79.23147,43.84126],[-79.22875,43.84188],[-79.22587,43.84253],[-79.21913,43.84402],[-79.2093,43.8462],[-79.20328,43.84753],[-79.19933,43.84851],[-79.19569,43.84934],[-79.18974,43.85079],[-79.18002,43.85317],[-79.17759,43.85379],[-79.17025,43.85545]]},"properties":{"name":"Steeles Ave E","cls":"minor","len":63.6}},
{"type":"Feature","geometry":{"type":"MultiLineString","coordinates":[[[-79.40368,43.67668],[-79.40478,43.67756],[-79.40525,43.67782],[-79.40576,43.67797],[-79.40602,43.67797],[-79.40694,43.67774],[-79.40809,43.67743],[-79.40923,43.67711],[-79.41037,43.67684],[-79.41223,43.6768],[-79.41337,43.67681],[-79.41473,43.67674],[-79.41577,43.67672],[-79.41742,43.67675],[-79.41898,43.67664],[-79.41963,43.67654],[-79.42309,43.67556],[-79.42408,43.67532],[-79.42512,43.67511],[-79.42716,43.67479],[-79.4283,43.67474],[-79.43023,43.67474],[-79.43095,43.67471],[-79.43216,43.6746],[-79.43375,43.67441],[-79.43464,43.67429],[-79.43589,43.67414],[-79.43714,43.67397],[-79.43835,43.67371],[-79.43953,43.67332],[-79.441,43.67299],[-79.44211,43.67273],[-79.44377,43.67238],[-79.44453,43.67221],[-79.44558,43.672],[-79.4483,43.67156],[-79.44942,43.67137],[-79.45108,43.6711],[-79.45208,43.67091],[-79.45326,43.67072],[-79.45446,43.67051],[-79.45577,43.67033],[-79.45658,43.67024],[-79.45767,43.67014],[-79.45832,43.67012],[-79.45972,43.67046],[-79.46143,43.67086],[-79.46232,43.67104]],[[-79.40257,43.6758],[-79.40271,43.67597],[-79.40294,43.67659],[-79.40298,43.67681]]]},"properties":{"name":"Davenport Rd","cls":"minor","len":61}},
{"type":"Feature","geometry":{"type":"MultiLineString","coordinates":[[[-79.36495,43.73349],[-79.3619,43.73416],[-79.35939,43.73469],[-79.35903,43.73478],[-79.35723,43.73455],[-79.35596,43.73454]],[[-79.18623,43.76841],[-79.18284,43.76917],[-79.18098,43.76958],[-79.17628,43.77065],[-79.17508,43.77091],[-79.17323,43.77133],[-79.17176,43.77165],[-79.16888,43.7723],[-79.16721,43.77269],[-79.16634,43.77288],[-79.16553,43.77307],[-79.16392,43.77343],[-79.16186,43.77388],[-79.1579,43.7748],[-79.15755,43.77489],[-79.15639,43.77514],[-79.15276,43.77597],[-79.14913,43.77677],[-79.14656,43.77736],[-79.14347,43.77805],[-79.14082,43.77865],[-79.13668,43.7796]]]},"properties":{"name":"Lawrence Ave E","cls":"minor","len":59.9}},
{"type":"Feature","geometry":{"type":"LineString","coordinates":[[-79.54383,43.61188],[-79.54432,43.6132],[-79.5448,43.61406],[-79.54536,43.6148],[-79.546,43.61577],[-79.54629,43.61643],[-79.54658,43.6171],[-79.54692,43.61766],[-79.54731,43.61808],[-79.54855,43.61913],[-79.54885,43.61944],[-79.54915,43.61988],[-79.54942,43.62048],[-79.54962,43.62091],[-79.54987,43.62174],[-79.54989,43.62248],[-79.54978,43.62286],[-79.5496,43.62437],[-79.54966,43.62484],[-79.55008,43.62584],[-79.55177,43.62956],[-79.55192,43.62988],[-79.55204,43.63022],[-79.55217,43.63096],[-79.55234,43.63134],[-79.5525,43.6316],[-79.55278,43.63185],[-79.55368,43.6323],[-79.55471,43.6328],[-79.55583,43.63337],[-79.55609,43.63358],[-79.55663,43.63415],[-79.55678,43.63441],[-79.55686,43.63465],[-79.55687,43.63501],[-79.55641,43.63623],[-79.55652,43.63673],[-79.55671,43.63693],[-79.5571,43.63773],[-79.55722,43.63833],[-79.55693,43.63936],[-79.55692,43.63964],[-79.5571,43.64017],[-79.5577,43.64148],[-79.55851,43.64337],[-79.55889,43.64465],[-79.55932,43.64521],[-79.5597,43.64562],[-79.55999,43.6463],[-79.56028,43.64693],[-79.56027,43.64714],[-79.56015,43.6474],[-79.56,43.64787],[-79.56,43.64818],[-79.56017,43.64864],[-79.56039,43.64913],[-79.56057,43.64933],[-79.56082,43.64946],[-79.56149,43.64968],[-79.56172,43.64985],[-79.56198,43.65038],[-79.5626,43.65128],[-79.56321,43.65266],[-79.56422,43.65497],[-79.56477,43.65578],[-79.56508,43.65612],[-79.5655,43.65644],[-79.56625,43.65678],[-79.56789,43.65731],[-79.5682,43.65749],[-79.56837,43.65767],[-79.56909,43.65924]]},"properties":{"name":"The East Mall","cls":"minor","len":57.5}},
{"type":"Feature","geometry":{"type":"LineString","coordinates":[[-79.48019,43.68331],[-79.48246,43.68373],[-79.48316,43.68387],[-79.484,43.68423],[-79.48545,43.68497],[-79.48688,43.68568],[-79.48732,43.68585],[-79.48953,43.68699],[-79.48983,43.68712],[-79.49089,43.68754],[-79.49259,43.6881],[-79.4942,43.68867],[-79.49507,43.68896],[-79.49602,43.68929],[-79.49789,43.69006],[-79.49869,43.69038],[-79.50009,43.69099],[-79.50089,43.6913],[-79.50278,43.69205],[-79.50362,43.69248],[-79.50468,43.69328],[-79.50638,43.69471],[-79.50728,43.69548],[-79.50944,43.69731],[-79.51023,43.69791],[-79.51127,43.69835],[-79.51458,43.69953],[-79.51536,43.69982],[-79.5162,43.70016],[-79.51775,43.7006],[-79.5221,43.70176],[-79.52376,43.70238],[-79.5254,43.70302],[-79.52585,43.70323],[-79.52937,43.70516],[-79.53118,43.70604],[-79.53233,43.70633]]},"properties":{"name":"Weston Rd","cls":"minor","len":57.5}},
{"type":"Feature","geometry":{"type":"LineString","coordinates":[[-79.55864,43.60838],[-79.55905,43.60878],[-79.55942,43.60906],[-79.56028,43.60944],[-79.56079,43.60975],[-79.56114,43.6101],[-79.56187,43.61136],[-79.56265,43.61233],[-79.56312,43.61281],[-79.56345,43.61307],[-79.56587,43.61466],[-79.56633,43.615],[-79.56656,43.61533],[-79.56674,43.6157],[-79.56679,43.61618],[-79.56671,43.61656],[-79.56604,43.61784],[-79.56569,43.61825],[-79.56521,43.61854],[-79.56461,43.61875],[-79.5636,43.61901],[-79.56329,43.61913],[-79.56224,43.61983],[-79.56083,43.62073],[-79.56036,43.62117],[-79.56011,43.62172],[-79.55977,43.62302],[-79.55955,43.62407],[-79.55904,43.62626],[-79.5589,43.62716],[-79.55893,43.62807],[-79.55907,43.62894],[-79.55932,43.62975],[-79.56129,43.63436],[-79.56149,43.63469],[-79.56217,43.63538],[-79.56232,43.63563],[-79.56256,43.63619],[-79.56277,43.63652],[-79.56314,43.63689],[-79.56379,43.63738],[-79.56419,43.63788],[-79.56497,43.63968],[-79.56564,43.64154],[-79.56599,43.64226],[-79.56655,43.64302],[-79.56725,43.64455],[-79.56753,43.64516],[-79.56768,43.64563],[-79.56781,43.64665],[-79.56791,43.64758],[-79.56869,43.64942],[-79.56951,43.65131],[-79.56976,43.65166],[-79.57023,43.65193],[-79.57174,43.65222],[-79.57214,43.65238],[-79.57234,43.65258],[-79.57253,43.65303]]},"properties":{"name":"The West Mall","cls":"minor","len":56.9}},
{"type":"Feature","geometry":{"type":"MultiLineString","coordinates":[[[-79.21897,43.81995],[-79.22107,43.8197],[-79.22208,43.8196],[-79.22294,43.81965],[-79.22379,43.81982],[-79.22432,43.82001],[-79.22679,43.82108],[-79.23014,43.82303],[-79.23098,43.82358],[-79.23158,43.82417],[-79.23181,43.82453],[-79.23228,43.82573],[-79.23255,43.82608],[-79.23292,43.82641],[-79.23331,43.82665],[-79.2347,43.82725],[-79.235,43.82737]],[[-79.20272,43.80893],[-79.20276,43.809],[-79.2039,43.8115],[-79.2043,43.81201],[-79.20475,43.81239],[-79.20634,43.81338],[-79.21117,43.81633],[-79.21372,43.81792],[-79.21503,43.81878]],[[-79.17978,43.75321],[-79.1805,43.75478],[-79.18193,43.7581],[-79.1828,43.76009],[-79.1831,43.76081],[-79.18361,43.76191],[-79.18488,43.76487],[-79.18566,43.76661],[-79.186,43.76745],[-79.18623,43.76841],[-79.18633,43.76923],[-79.18687,43.77061]]]},"properties":{"name":"Morningside Ave","cls":"minor","len":53.8}},
{"type":"Feature","geometry":{"type":"LineString","coordinates":[[-79.45476,43.67536],[-79.45543,43.67696],[-79.45557,43.67732],[-79.45715,43.68102],[-79.45802,43.6831],[-79.45887,43.68505],[-79.45942,43.68636],[-79.46028,43.68836],[-79.46126,43.69067],[-79.46221,43.69303],[-79.46212,43.69316],[-79.46213,43.69337],[-79.46322,43.69606],[-79.46308,43.69663],[-79.46327,43.6975],[-79.46352,43.69844],[-79.46429,43.70194],[-79.46439,43.70241],[-79.46448,43.70321],[-79.46459,43.70397],[-79.46476,43.70464],[-79.46528,43.70643],[-79.46556,43.70742],[-79.46612,43.70953],[-79.46659,43.71149],[-79.46673,43.71226],[-79.4676,43.71574],[-79.46813,43.71774],[-79.46863,43.71957],[-79.4691,43.72139],[-79.4698,43.72405]]},"properties":{"name":"Caledonia Rd","cls":"minor","len":51.3}},
{"type":"Feature","geometry":{"type":"LineString","coordinates":[[-79.42078,43.64933],[-79.42379,43.64941],[-79.4247,43.64944],[-79.43092,43.64962],[-79.43143,43.64964],[-79.43314,43.64974],[-79.43365,43.64976],[-79.43697,43.64998],[-79.43973,43.65017],[-79.44102,43.65028],[-79.44145,43.65032],[-79.44215,43.65047],[-79.44302,43.65069],[-79.44405,43.65091],[-79.44532,43.6512],[-79.44681,43.65159],[-79.4476,43.65191],[-79.44916,43.65261],[-79.45012,43.65305],[-79.45159,43.65371],[-79.45185,43.65388],[-79.45245,43.65632],[-79.45271,43.65729],[-79.45293,43.65816],[-79.45366,43.65993],[-79.45389,43.66039],[-79.45422,43.66074],[-79.45496,43.66149],[-79.45646,43.66303],[-79.4567,43.66325],[-79.45739,43.66364],[-79.45826,43.66414],[-79.45881,43.66444],[-79.45927,43.66468],[-79.46105,43.66518],[-79.46175,43.66534],[-79.46228,43.66538],[-79.46327,43.6654],[-79.46453,43.66541]]},"properties":{"name":"Dundas St W","cls":"minor","len":50.9}},
{"type":"Feature","geometry":{"type":"LineString","coordinates":[[-79.54323,43.65986],[-79.54428,43.65961],[-79.54756,43.65885],[-79.54857,43.65861],[-79.55217,43.65778],[-79.55232,43.65774],[-79.5552,43.65707],[-79.55697,43.65666],[-79.55763,43.65652],[-79.56149,43.65561],[-79.56422,43.65497],[-79.56508,43.65477],[-79.56755,43.65418],[-79.57135,43.65331],[-79.57253,43.65303],[-79.57751,43.65186],[-79.5795,43.65141],[-79.58098,43.65105],[-79.58121,43.65095],[-79.58311,43.64978],[-79.58519,43.64852],[-79.58603,43.64799],[-79.58683,43.64753],[-79.59006,43.64551],[-79.59048,43.64517]]},"properties":{"name":"Rathburn Rd","cls":"minor","len":49.9}},
{"type":"Feature","geometry":{"type":"LineString","coordinates":[[-79.21865,43.80654],[-79.22092,43.80558],[-79.22299,43.80472],[-79.22357,43.80457],[-79.22422,43.8045],[-79.22501,43.80454],[-79.22543,43.80463],[-79.22592,43.8048],[-79.2267,43.80519],[-79.23004,43.80684],[-79.23131,43.80745],[-79.23181,43.80757],[-79.23263,43.80765],[-79.23357,43.80777],[-79.2342,43.80805],[-79.23445,43.80824],[-79.23463,43.80849],[-79.2357,43.8111],[-79.23714,43.81424],[-79.23738,43.81476],[-79.23765,43.81514],[-79.23867,43.81599],[-79.23888,43.81622],[-79.23985,43.81842],[-79.24106,43.82121],[-79.24193,43.82319],[-79.2431,43.82588],[-79.24456,43.82922],[-79.24519,43.83069],[-79.24579,43.83164],[-79.24699,43.83412],[-79.24849,43.83724]]},"properties":{"name":"Tapscott Rd","cls":"minor","len":49.4}},
{"type":"Feature","geometry":{"type":"LineString","coordinates":[[-79.20354,43.77938],[-79.20495,43.78261],[-79.20549,43.78375],[-79.20667,43.78639],[-79.2071,43.78697],[-79.20725,43.78711],[-79.20834,43.78797],[-79.20925,43.7887],[-79.20975,43.78904],[-79.21288,43.7907],[-79.2135,43.79112],[-79.21484,43.79245],[-79.21518,43.79285],[-79.21562,43.79353],[-79.21585,43.79395],[-79.21654,43.79551],[-79.21767,43.79812],[-79.21823,43.79958],[-79.21837,43.80029],[-79.21835,43.8007],[-79.21825,43.80114],[-79.21733,43.80304],[-79.21722,43.8034],[-79.21716,43.80375],[-79.21721,43.80429],[-79.21736,43.80478],[-79.21755,43.80513],[-79.21865,43.80654],[-79.21919,43.80724],[-79.21994,43.80808],[-79.22054,43.80854],[-79.22166,43.80917],[-79.22377,43.81018],[-79.22452,43.81064],[-79.2251,43.81117],[-79.2254,43.81157],[-79.22573,43.81222],[-79.22626,43.81345],[-79.22673,43.8145],[-79.22742,43.81598],[-79.22756,43.81633]]},"properties":{"name":"Neilson Rd","cls":"minor","len":47.3}},
{"type":"Feature","geometry":{"type":"LineString","coordinates":[[-79.23205,43.74026],[-79.23261,43.74161],[-79.22932,43.74238],[-79.22979,43.74354],[-79.23107,43.74652],[-79.23229,43.74946],[-79.23238,43.74965],[-79.23368,43.75277],[-79.23417,43.75392],[-79.23488,43.75555],[-79.23524,43.75642],[-79.2353,43.75661],[-79.23524,43.75746],[-79.23527,43.75772],[-79.23571,43.75892],[-79.23641,43.76068],[-79.23823,43.76518],[-79.23859,43.7661],[-79.23917,43.76745],[-79.23992,43.76941],[-79.24123,43.77262],[-79.24149,43.77328],[-79.24176,43.77433],[-79.24207,43.77564],[-79.24262,43.77701],[-79.24384,43.78015]]},"properties":{"name":"Bellamy Rd N","cls":"minor","len":45.4}},
{"type":"Feature","geometry":{"type":"MultiLineString","coordinates":[[[-79.59165,43.73679],[-79.59279,43.73909],[-79.59421,43.74192],[-79.59456,43.74271],[-79.59537,43.74429],[-79.59654,43.74668],[-79.5986,43.7509],[-79.5993,43.7523],[-79.60005,43.75403],[-79.60077,43.75506],[-79.60182,43.75617],[-79.6034,43.75787]],[[-79.5552,43.65707],[-79.55567,43.65804],[-79.55661,43.66009],[-79.55795,43.66305],[-79.55856,43.66438],[-79.55949,43.66632],[-79.56048,43.66852],[-79.56076,43.66919],[-79.56225,43.67242],[-79.56318,43.67448]]]},"properties":{"name":"Martin Grove Rd","cls":"minor","len":43.4}},
{"type":"Feature","geometry":{"type":"LineString","coordinates":[[-79.35695,43.68393],[-79.35569,43.68416],[-79.35332,43.68463],[-79.34744,43.68578],[-79.34693,43.68587],[-79.34577,43.68631],[-79.3444,43.68661],[-79.34203,43.68707],[-79.34136,43.68723],[-79.34079,43.6875],[-79.34024,43.68762],[-79.33932,43.68781],[-79.33773,43.68818],[-79.33648,43.68846],[-79.3355,43.68866],[-79.33453,43.68887],[-79.3336,43.68905],[-79.33226,43.68936],[-79.33171,43.68946],[-79.33105,43.68961],[-79.32943,43.68995],[-79.32853,43.69016],[-79.32655,43.69059],[-79.32552,43.69082],[-79.32407,43.69113],[-79.32351,43.69126],[-79.32303,43.69125],[-79.32247,43.69111],[-79.32218,43.69111],[-79.32066,43.69145],[-79.31623,43.6924],[-79.31586,43.69281]]},"properties":{"name":"Mortimer Ave","cls":"minor","len":42.3}},
{"type":"Feature","geometry":{"type":"LineString","coordinates":[[-79.26256,43.79869],[-79.26126,43.79898],[-79.25905,43.79945],[-79.25854,43.79969],[-79.25812,43.80015],[-79.25637,43.80248],[-79.25473,43.80463],[-79.25467,43.80487],[-79.25466,43.80517],[-79.25471,43.80537],[-79.25527,43.80669],[-79.25552,43.80712],[-79.2559,43.80759],[-79.25693,43.80857],[-79.25717,43.80886],[-79.25742,43.80927],[-79.2577,43.80989],[-79.25871,43.81227],[-79.25959,43.81422],[-79.26085,43.81719],[-79.26164,43.81901],[-79.2621,43.82012],[-79.26249,43.82156],[-79.26396,43.82503],[-79.26463,43.82654],[-79.26571,43.82802],[-79.26635,43.82936],[-79.26791,43.83272]]},"properties":{"name":"Middlefield Rd","cls":"minor","len":41.7}},
{"type":"Feature","geometry":{"type":"LineString","coordinates":[[-79.35135,43.66245],[-79.34912,43.66298],[-79.3473,43.66339],[-79.34634,43.66357],[-79.34557,43.66369],[-79.3447,43.6638],[-79.34387,43.66392],[-79.34304,43.66416],[-79.34161,43.66484],[-79.34033,43.66513],[-79.33925,43.66541],[-79.3387,43.66554],[-79.33745,43.66581],[-79.33674,43.66591],[-79.33644,43.66592],[-79.33432,43.66617],[-79.33286,43.66646],[-79.33171,43.66674],[-79.33066,43.66697],[-79.32937,43.66727],[-79.32864,43.66745],[-79.32808,43.66754],[-79.32762,43.66758],[-79.32664,43.6676],[-79.32552,43.66765],[-79.32448,43.66768],[-79.32273,43.66777],[-79.32126,43.66807],[-79.31956,43.66845],[-79.31871,43.66865],[-79.31754,43.6687],[-79.31595,43.66904],[-79.31553,43.66914],[-79.31396,43.66927],[-79.31327,43.66948],[-79.31276,43.66975],[-79.31233,43.66988],[-79.31118,43.66997]]},"properties":{"name":"Dundas St E","cls":"minor","len":41.1}},
{"type":"Feature","geometry":{"type":"LineString","coordinates":[[-79.51885,43.61699],[-79.51815,43.61534],[-79.5178,43.61479],[-79.51624,43.613],[-79.51583,43.61208],[-79.51502,43.61029],[-79.51478,43.60963],[-79.51477,43.60912],[-79.51493,43.60884],[-79.51521,43.60852],[-79.51549,43.60833],[-79.51587,43.6082],[-79.52075,43.6072],[-79.52182,43.60698],[-79.52557,43.60613],[-79.52668,43.60586],[-79.52855,43.60544],[-79.52894,43.60537],[-79.53015,43.6051],[-79.53133,43.60482],[-79.53371,43.60429],[-79.53493,43.60404],[-79.53614,43.60376],[-79.53852,43.60323],[-79.54079,43.60271],[-79.54189,43.60247],[-79.54302,43.6022],[-79.54525,43.60169]]},"properties":{"name":"Horner Ave","cls":"minor","len":40.6}},
{"type":"Feature","geometry":{"type":"LineString","coordinates":[[-79.26233,43.69305],[-79.26316,43.69505],[-79.264,43.69699],[-79.26447,43.69817],[-79.26519,43.69993],[-79.26588,43.70159],[-79.26604,43.70195],[-79.2675,43.70544],[-79.26813,43.707],[-79.26903,43.7092],[-79.26933,43.70992],[-79.27082,43.71355],[-79.27112,43.71416],[-79.27126,43.71441],[-79.27267,43.71757],[-79.27311,43.71858],[-79.27451,43.72183],[-79.27534,43.72373],[-79.27603,43.72536],[-79.27705,43.72773],[-79.27761,43.729],[-79.27786,43.72996]]},"properties":{"name":"Birchmount Rd","cls":"minor","len":40.1}},
{"type":"Feature","geometry":{"type":"LineString","coordinates":[[-79.19334,43.78534],[-79.18831,43.78658],[-79.18496,43.78743],[-79.18326,43.78785],[-79.18068,43.78846],[-79.17982,43.78864],[-79.17851,43.78894],[-79.17674,43.78936],[-79.17557,43.78961],[-79.1734,43.79011],[-79.17029,43.79087],[-79.16761,43.79152],[-79.16673,43.79174],[-79.16357,43.79249],[-79.15775,43.79387],[-79.15595,43.79429],[-79.15557,43.79428],[-79.15525,43.79412],[-79.1546,43.79358]]},"properties":{"name":"Ellesmere Rd","cls":"minor","len":40}},
{"type":"Feature","geometry":{"type":"LineString","coordinates":[[-79.34889,43.65666],[-79.34913,43.65717],[-79.34965,43.6584],[-79.34983,43.65887],[-79.35012,43.65957],[-79.35051,43.66047],[-79.35135,43.66245],[-79.35262,43.66549],[-79.35324,43.66694],[-79.35343,43.66742],[-79.35338,43.66776],[-79.35309,43.66847],[-79.35303,43.6688],[-79.35301,43.66936],[-79.35322,43.66971],[-79.35391,43.67049],[-79.35431,43.67092],[-79.35495,43.67205],[-79.35537,43.67251],[-79.35622,43.67336],[-79.35757,43.67482],[-79.35808,43.6754],[-79.35887,43.6762],[-79.35894,43.6764],[-79.35877,43.67707],[-79.35773,43.68101],[-79.35695,43.68393],[-79.35658,43.68521],[-79.3563,43.68598],[-79.35553,43.68784],[-79.35527,43.68855],[-79.35488,43.68955],[-79.35516,43.69027],[-79.35552,43.69115],[-79.35587,43.69194],[-79.35585,43.69208],[-79.35574,43.69216]]},"properties":{"name":"Broadview Ave","cls":"minor","len":39.6}},
{"type":"Feature","geometry":{"type":"LineString","coordinates":[[-79.53274,43.69616],[-79.53345,43.69599],[-79.53403,43.69573],[-79.53443,43.69546],[-79.53479,43.69503],[-79.53487,43.6947],[-79.53477,43.69413],[-79.53489,43.69354],[-79.53593,43.69151],[-79.5361,43.69125],[-79.53678,43.69079],[-79.53778,43.69038],[-79.53931,43.6898],[-79.5398,43.6896],[-79.54156,43.68893],[-79.54287,43.68862],[-79.5437,43.68844],[-79.54473,43.68816],[-79.54612,43.68805],[-79.54704,43.68801],[-79.54807,43.68781],[-79.55019,43.68729],[-79.55189,43.68663],[-79.55258,43.68635],[-79.55363,43.68595],[-79.5547,43.68563],[-79.55585,43.6854],[-79.55791,43.68535],[-79.55859,43.68528],[-79.56099,43.68475],[-79.56431,43.68397],[-79.56716,43.68334]]},"properties":{"name":"The Westway","cls":"minor","len":38.8}},
{"type":"Feature","geometry":{"type":"LineString","coordinates":[[-79.43869,43.68713],[-79.44063,43.68671],[-79.44281,43.68626],[-79.44394,43.68604],[-79.44501,43.6858],[-79.44612,43.68557],[-79.44714,43.68535],[-79.44814,43.68502],[-79.44929,43.68472],[-79.45108,43.68432],[-79.45289,43.68393],[-79.45663,43.68311],[-79.45727,43.68302],[-79.45802,43.6831],[-79.45885,43.68328],[-79.45959,43.68342],[-79.46023,43.68344],[-79.4613,43.68324],[-79.4614,43.68321],[-79.46328,43.68278],[-79.46436,43.68254],[-79.46653,43.68208],[-79.46715,43.68194],[-79.46768,43.6819],[-79.46889,43.68228],[-79.46915,43.68232],[-79.4703,43.68222],[-79.4716,43.68214],[-79.47376,43.68195],[-79.47606,43.68172],[-79.47675,43.68161]]},"properties":{"name":"Rogers Rd","cls":"minor","len":38.8}},
{"type":"Feature","geometry":{"type":"LineString","coordinates":[[-79.35527,43.68855],[-79.35419,43.68836],[-79.3533,43.68852],[-79.34938,43.68932],[-79.34882,43.68943],[-79.34266,43.69061],[-79.34232,43.69068],[-79.34205,43.69086],[-79.34169,43.69117],[-79.33968,43.69162],[-79.33872,43.69182],[-79.33677,43.69225],[-79.3357,43.6925],[-79.33456,43.69274],[-79.3334,43.69297],[-79.33205,43.69326],[-79.33011,43.6937],[-79.32907,43.6939],[-79.32802,43.69414],[-79.32699,43.69436],[-79.32303,43.69524],[-79.32164,43.69552],[-79.31992,43.69588],[-79.31743,43.69644]]},"properties":{"name":"Cosburn Ave","cls":"minor","len":38.8}},
{"type":"Feature","geometry":{"type":"LineString","coordinates":[[-79.39969,43.764],[-79.40034,43.76559],[-79.40102,43.7672],[-79.40137,43.768],[-79.40174,43.76888],[-79.40212,43.76975],[-79.40247,43.77065],[-79.40581,43.77856],[-79.40666,43.78058],[-79.40711,43.78163],[-79.40787,43.78344],[-79.40807,43.78394],[-79.40845,43.78481],[-79.40933,43.78613],[-79.40994,43.78757],[-79.40999,43.78783],[-79.40986,43.7884],[-79.40992,43.78866],[-79.41018,43.78921],[-79.41051,43.78956],[-79.4108,43.7902],[-79.41135,43.79152],[-79.41192,43.79305],[-79.41241,43.79433],[-79.4131,43.79596],[-79.41378,43.7976],[-79.41446,43.79926]]},"properties":{"name":"Willowdale Ave","cls":"minor","len":38.4}},
{"type":"Feature","geometry":{"type":"MultiLineString","coordinates":[[[-79.40876,43.67885],[-79.40899,43.67954],[-79.40943,43.68057],[-79.40991,43.68175],[-79.41048,43.6831],[-79.41105,43.68451],[-79.41117,43.68463],[-79.41162,43.6857],[-79.41244,43.68777],[-79.4126,43.6882],[-79.41267,43.68865],[-79.41301,43.68943],[-79.41315,43.68981],[-79.41409,43.69203],[-79.41603,43.69669],[-79.41668,43.69821],[-79.417,43.69899],[-79.4179,43.70113],[-79.4181,43.70142],[-79.41911,43.70237]],[[-79.40383,43.66667],[-79.40417,43.66747],[-79.40477,43.66896],[-79.40529,43.6703],[-79.40604,43.67219],[-79.40709,43.67486],[-79.40748,43.67586],[-79.40809,43.67743]]]},"properties":{"name":"Spadina Rd","cls":"minor","len":37.4}},
{"type":"Feature","geometry":{"type":"LineString","coordinates":[[-79.55783,43.70588],[-79.55854,43.70566],[-79.55896,43.70559],[-79.56084,43.70555],[-79.56139,43.70547],[-79.56346,43.70485],[-79.56595,43.70408],[-79.56681,43.70396],[-79.56778,43.7038],[-79.57297,43.70259],[-79.57563,43.70195],[-79.57827,43.70132],[-79.58115,43.70065],[-79.58584,43.69955],[-79.587,43.69927],[-79.58714,43.69924],[-79.5904,43.69846],[-79.59319,43.69784]]},"properties":{"name":"Belfield Rd","cls":"minor","len":36.3}},
{"type":"Feature","geometry":{"type":"LineString","coordinates":[[-79.20935,43.746],[-79.21011,43.74771],[-79.21085,43.74939],[-79.21114,43.75008],[-79.21125,43.75054],[-79.21128,43.75113],[-79.21136,43.7514],[-79.21188,43.75218],[-79.21231,43.75323],[-79.2131,43.75432],[-79.21352,43.75496],[-79.21358,43.75522],[-79.21357,43.7556],[-79.21366,43.75591],[-79.21428,43.75732],[-79.21496,43.75892],[-79.21569,43.76059],[-79.21579,43.76087],[-79.21584,43.76185],[-79.21586,43.76252],[-79.21593,43.76299],[-79.21644,43.76432],[-79.21668,43.76489],[-79.21774,43.76755],[-79.21868,43.76981],[-79.22007,43.77326],[-79.22105,43.77568],[-79.22147,43.7767],[-79.22222,43.77856]]},"properties":{"name":"Scarborough Golf Club Rd","cls":"minor","len":35.3}},
{"type":"Feature","geometry":{"type":"LineString","coordinates":[[-79.52851,43.62522],[-79.53324,43.62416],[-79.53583,43.62356],[-79.54063,43.62249],[-79.54263,43.62202],[-79.54547,43.62138],[-79.54942,43.62048],[-79.55248,43.6198],[-79.55316,43.61963],[-79.55369,43.61952],[-79.5566,43.61888],[-79.5573,43.61862],[-79.55751,43.61846],[-79.55765,43.61826],[-79.5577,43.61799],[-79.55764,43.61774],[-79.55695,43.61615],[-79.55617,43.61425]]},"properties":{"name":"North Queen St","cls":"minor","len":34.4}},
{"type":"Feature","geometry":{"type":"LineString","coordinates":[[-79.31656,43.66634],[-79.31691,43.66717],[-79.31754,43.6687],[-79.31931,43.67291],[-79.3202,43.67507],[-79.3203,43.67534],[-79.3208,43.67653],[-79.3212,43.67757],[-79.32144,43.67816],[-79.32214,43.67983],[-79.32242,43.68053],[-79.32359,43.68335],[-79.32392,43.68416],[-79.32427,43.68497],[-79.32461,43.68579],[-79.32497,43.6866],[-79.32512,43.68697],[-79.3256,43.68805],[-79.32586,43.68878],[-79.32655,43.69059],[-79.32726,43.69234],[-79.32802,43.69414],[-79.32874,43.69594],[-79.32934,43.69738],[-79.32949,43.69777]]},"properties":{"name":"Coxwell Ave","cls":"minor","len":34}},
{"type":"Feature","geometry":{"type":"MultiLineString","coordinates":[[[-79.36134,43.65188],[-79.36103,43.65203],[-79.36088,43.65216],[-79.36049,43.6527],[-79.36012,43.65297],[-79.35924,43.65347],[-79.35862,43.65386],[-79.3574,43.65452]],[[-79.33897,43.6584],[-79.33836,43.65851],[-79.3372,43.65877],[-79.33659,43.65889],[-79.33513,43.65922],[-79.33416,43.65943],[-79.33369,43.65956],[-79.33267,43.65977],[-79.33114,43.66011],[-79.3308,43.66031],[-79.33026,43.66096],[-79.32979,43.66144],[-79.32948,43.66155],[-79.32664,43.66221],[-79.32527,43.66252],[-79.32354,43.66288],[-79.32165,43.66331],[-79.31994,43.66373],[-79.31943,43.66394],[-79.31908,43.66425],[-79.31807,43.66505],[-79.31622,43.66549],[-79.31323,43.66617],[-79.31279,43.66643],[-79.3127,43.66656],[-79.31262,43.66685],[-79.31259,43.66724]]]},"properties":{"name":"Eastern Ave","cls":"minor","len":33.5}},
{"type":"Feature","geometry":{"type":"LineString","coordinates":[[-79.43667,43.64058],[-79.43683,43.641],[-79.43745,43.6427],[-79.43873,43.6459],[-79.43915,43.64697],[-79.43911,43.64742],[-79.43914,43.64797],[-79.43939,43.64866],[-79.43955,43.64951],[-79.43973,43.65017],[-79.44,43.65101],[-79.44018,43.65142],[-79.4409,43.65323],[-79.44114,43.65385],[-79.44128,43.65427],[-79.44252,43.65741],[-79.44275,43.65807],[-79.44273,43.65834],[-79.44286,43.65879],[-79.44303,43.65923],[-79.44362,43.66065],[-79.44414,43.66202],[-79.44439,43.66234],[-79.44478,43.66265],[-79.44494,43.66291],[-79.44558,43.66452],[-79.44588,43.66525],[-79.44646,43.66673],[-79.4468,43.66758],[-79.44727,43.6688],[-79.44774,43.66995],[-79.44828,43.67139],[-79.4483,43.67156]]},"properties":{"name":"Lansdowne Ave","cls":"minor","len":33.3}},
{"type":"Feature","geometry":{"type":"LineString","coordinates":[[-79.41886,43.64416],[-79.41915,43.64502],[-79.41982,43.64692],[-79.42016,43.64782],[-79.42078,43.64933],[-79.42136,43.65095],[-79.42158,43.65144],[-79.42203,43.65263],[-79.42234,43.6535],[-79.42268,43.65439],[-79.42308,43.65541],[-79.42367,43.65696],[-79.42388,43.65741],[-79.42432,43.65855],[-79.42466,43.65953],[-79.42544,43.66156],[-79.42565,43.66199],[-79.42651,43.66407],[-79.42726,43.66586],[-79.42757,43.66652],[-79.42816,43.66795],[-79.42841,43.66861],[-79.429,43.67004],[-79.4294,43.67097],[-79.43021,43.67294],[-79.43095,43.67471]]},"properties":{"name":"Ossington Ave","cls":"minor","len":32.9}},
{"type":"Feature","geometry":{"type":"MultiLineString","coordinates":[[[-79.27729,43.69365],[-79.27675,43.69375],[-79.27365,43.69437],[-79.27052,43.69502],[-79.26816,43.69553],[-79.26719,43.69581],[-79.26587,43.69628],[-79.264,43.69699],[-79.25955,43.69866]],[[-79.25955,43.69866],[-79.25829,43.69914],[-79.2553,43.70083],[-79.25485,43.7011],[-79.25452,43.70137],[-79.25387,43.7021]],[[-79.25955,43.69866],[-79.25809,43.69941],[-79.25703,43.70012],[-79.25497,43.70198],[-79.25423,43.70249]]]},"properties":{"name":"Danforth Ave","cls":"minor","len":31.8}},
{"type":"Feature","geometry":{"type":"LineString","coordinates":[[-79.24104,43.79856],[-79.23945,43.7989],[-79.23887,43.79907],[-79.23853,43.79924],[-79.23764,43.79988],[-79.23428,43.80244],[-79.23398,43.80263],[-79.23352,43.8028],[-79.23056,43.80347],[-79.22904,43.80382],[-79.22835,43.80404],[-79.22775,43.80437],[-79.2267,43.80519],[-79.22542,43.80621],[-79.22385,43.80744],[-79.22166,43.80917],[-79.22052,43.81008],[-79.22005,43.81034],[-79.21955,43.81048],[-79.21886,43.81051],[-79.21393,43.81052]]},"properties":{"name":"McLevin Ave","cls":"minor","len":30.7}},
{"type":"Feature","geometry":{"type":"LineString","coordinates":[[-79.45881,43.66444],[-79.45946,43.66414],[-79.46058,43.66389],[-79.46272,43.66344],[-79.46314,43.6635],[-79.4638,43.66365],[-79.46465,43.66382],[-79.46506,43.66381],[-79.46609,43.66358],[-79.46642,43.66352],[-79.46765,43.66325],[-79.46924,43.66288],[-79.47083,43.66253],[-79.47224,43.66224],[-79.47338,43.66199],[-79.47382,43.6618],[-79.47464,43.6613],[-79.47522,43.66112],[-79.47655,43.66083],[-79.47767,43.66055],[-79.48002,43.66006],[-79.48178,43.65968],[-79.48282,43.65943],[-79.48494,43.65898],[-79.486,43.65873],[-79.48812,43.65827]]},"properties":{"name":"Annette St","cls":"minor","len":30.2}},
{"type":"Feature","geometry":{"type":"LineString","coordinates":[[-79.20596,43.74966],[-79.20502,43.74916],[-79.20477,43.74881],[-79.20471,43.74858],[-79.20453,43.74766],[-79.20451,43.74676],[-79.20442,43.74658],[-79.2041,43.74628],[-79.20354,43.74609],[-79.20311,43.74611],[-79.20291,43.74615],[-79.20263,43.74629],[-79.20178,43.74688],[-79.20125,43.74709],[-79.19924,43.74751],[-79.19583,43.74828],[-79.19539,43.74837],[-79.19059,43.7494],[-79.18732,43.75012],[-79.18625,43.75037],[-79.1845,43.75076],[-79.18344,43.75105],[-79.18254,43.75145],[-79.17978,43.75321]]},"properties":{"name":"Guildwood Pkwy","cls":"minor","len":29.9}},
{"type":"Feature","geometry":{"type":"LineString","coordinates":[[-79.27729,43.69365],[-79.27642,43.69479],[-79.27562,43.69587],[-79.27504,43.69671],[-79.27484,43.69718],[-79.27472,43.69744],[-79.27429,43.69807],[-79.27356,43.69896],[-79.27273,43.70018],[-79.27078,43.70281],[-79.26965,43.70447],[-79.26813,43.707],[-79.26707,43.70872],[-79.26644,43.7093],[-79.26574,43.70972],[-79.26462,43.71025],[-79.26374,43.71081],[-79.26352,43.71097],[-79.2629,43.71153],[-79.26224,43.71254],[-79.26158,43.71362],[-79.26086,43.71483],[-79.26073,43.71499],[-79.2599,43.71686]]},"properties":{"name":"Danforth Rd","cls":"minor","len":29.4}},
{"type":"Feature","geometry":{"type":"LineString","coordinates":[[-79.47542,43.69085],[-79.4759,43.6914],[-79.4785,43.69325],[-79.47931,43.69368],[-79.47976,43.6938],[-79.48043,43.69386],[-79.48175,43.6938],[-79.48221,43.69373],[-79.48291,43.69349],[-79.48328,43.69343],[-79.48357,43.69343],[-79.48399,43.69351],[-79.48485,43.69395],[-79.48611,43.69461],[-79.48763,43.69524],[-79.48946,43.69601],[-79.49014,43.69643],[-79.49041,43.69656],[-79.49084,43.69667],[-79.49566,43.69707],[-79.49663,43.69714],[-79.49789,43.69725],[-79.49902,43.69733],[-79.50166,43.69755],[-79.50238,43.69759]]},"properties":{"name":"Trethewey Dr","cls":"minor","len":28.7}},
{"type":"Feature","geometry":{"type":"MultiLineString","coordinates":[[[-79.3709,43.67148],[-79.37113,43.67174],[-79.37146,43.67189]],[[-79.3709,43.67148],[-79.37089,43.67174],[-79.3707,43.67201]],[[-79.36196,43.64643],[-79.3617,43.64668],[-79.36121,43.64768],[-79.36121,43.648],[-79.36136,43.64837],[-79.36188,43.64957],[-79.36272,43.65157],[-79.36321,43.65273],[-79.36358,43.65357],[-79.364,43.65456],[-79.36444,43.6556],[-79.36463,43.65602],[-79.365,43.65694],[-79.36584,43.65901],[-79.36599,43.65942],[-79.36619,43.65988],[-79.36679,43.66136],[-79.36701,43.66194],[-79.36784,43.66393],[-79.36798,43.66429],[-79.36804,43.66447],[-79.36861,43.66586],[-79.36887,43.66646],[-79.36911,43.66709],[-79.36955,43.66818],[-79.37085,43.67139],[-79.3709,43.67148]]]},"properties":{"name":"Parliament St","cls":"minor","len":28.5}},
{"type":"Feature","geometry":{"type":"LineString","coordinates":[[-79.41735,43.78707],[-79.41783,43.78702],[-79.42084,43.78636],[-79.42291,43.7859],[-79.42412,43.78564],[-79.43087,43.78414],[-79.43477,43.78328],[-79.43758,43.78264],[-79.43958,43.7822],[-79.4434,43.78135],[-79.44482,43.78104]]},"properties":{"name":"Drewry Ave","cls":"minor","len":28.1}},
{"type":"Feature","geometry":{"type":"LineString","coordinates":[[-79.41747,43.68103],[-79.41837,43.68181],[-79.41888,43.68217],[-79.41923,43.68234],[-79.42022,43.68277],[-79.42068,43.68314],[-79.42105,43.68355],[-79.42144,43.68446],[-79.42205,43.68594],[-79.42238,43.68668],[-79.42285,43.68721],[-79.42365,43.68761],[-79.42558,43.68841],[-79.42638,43.68871],[-79.42703,43.68877],[-79.42828,43.68879],[-79.43069,43.68881],[-79.43183,43.68879],[-79.43296,43.68894],[-79.4342,43.68923],[-79.43496,43.68949],[-79.43577,43.68992],[-79.43675,43.69042],[-79.43849,43.69132],[-79.43962,43.69194],[-79.44084,43.69265]]},"properties":{"name":"Vaughan Rd","cls":"minor","len":27.7}},
{"type":"Feature","geometry":{"type":"LineString","coordinates":[[-79.17081,43.80838],[-79.16759,43.8091],[-79.16694,43.80915],[-79.16623,43.80906],[-79.1655,43.8088],[-79.16291,43.80728],[-79.16202,43.80677],[-79.16088,43.8061],[-79.15836,43.80465],[-79.15752,43.80416],[-79.15571,43.80308],[-79.15472,43.80257],[-79.15177,43.80137],[-79.1506,43.80091],[-79.14782,43.79977],[-79.1466,43.79923],[-79.14622,43.79892]]},"properties":{"name":"Sheppard Ave E","cls":"minor","len":27.2}},
{"type":"Feature","geometry":{"type":"LineString","coordinates":[[-79.4247,43.64944],[-79.42494,43.64996],[-79.42504,43.65023],[-79.42553,43.65144],[-79.42639,43.6536],[-79.42739,43.65618],[-79.4285,43.65897],[-79.42919,43.66075],[-79.42932,43.66106],[-79.42942,43.66116],[-79.42963,43.66167],[-79.42965,43.66224],[-79.4305,43.66431],[-79.4312,43.66594],[-79.4317,43.66719],[-79.43273,43.66969],[-79.43447,43.67387],[-79.43464,43.67429]]},"properties":{"name":"Dovercourt Rd","cls":"minor","len":26.8}},
{"type":"Feature","geometry":{"type":"LineString","coordinates":[[-79.39844,43.66411],[-79.39904,43.66372],[-79.40005,43.66351],[-79.40211,43.66305],[-79.40273,43.66294],[-79.40307,43.66286],[-79.4048,43.6625],[-79.40538,43.66237],[-79.40663,43.66215],[-79.40853,43.66178],[-79.40975,43.66152],[-79.4122,43.66102],[-79.41403,43.66063],[-79.41467,43.66053],[-79.4169,43.66006],[-79.41806,43.65981],[-79.41884,43.65967],[-79.42011,43.65941],[-79.42247,43.6589],[-79.42307,43.65879],[-79.42367,43.65866],[-79.42432,43.65855]]},"properties":{"name":"Harbord St","cls":"minor","len":26.5}},
{"type":"Feature","geometry":{"type":"LineString","coordinates":[[-79.27092,43.68776],[-79.27155,43.68923],[-79.27214,43.69068],[-79.2723,43.6911],[-79.27272,43.69208],[-79.27304,43.69287],[-79.2732,43.69328],[-79.27365,43.69437],[-79.27391,43.69498],[-79.27445,43.6963],[-79.27484,43.69718],[-79.2758,43.69954],[-79.27699,43.7024],[-79.27753,43.70367],[-79.27839,43.70577],[-79.2793,43.70788],[-79.27953,43.70843],[-79.281,43.71205]]},"properties":{"name":"Warden Ave","cls":"minor","len":26.3}},
{"type":"Feature","geometry":{"type":"LineString","coordinates":[[-79.38537,43.67361],[-79.38513,43.67358],[-79.384,43.67353],[-79.37973,43.67318],[-79.37664,43.6732],[-79.37532,43.67307],[-79.37496,43.67309],[-79.3704,43.67267],[-79.36992,43.67258],[-79.36939,43.67243],[-79.36848,43.67193],[-79.36806,43.67177],[-79.36763,43.6717],[-79.36628,43.67171],[-79.36589,43.67166],[-79.36171,43.67024],[-79.36104,43.67009],[-79.36065,43.67006],[-79.36052,43.67008],[-79.36026,43.67024]]},"properties":{"name":"Rosedale Valley Rd","cls":"minor","len":25.6}},
{"type":"Feature","geometry":{"type":"LineString","coordinates":[[-79.42815,43.71235],[-79.43027,43.71189],[-79.4327,43.71137],[-79.43566,43.71073],[-79.4386,43.7101],[-79.44055,43.70969],[-79.44099,43.70959],[-79.44379,43.709],[-79.44674,43.70836],[-79.44971,43.70773],[-79.45318,43.707]]},"properties":{"name":"Glencairn Ave","cls":"minor","len":25.6}},
{"type":"Feature","geometry":{"type":"LineString","coordinates":[[-79.24819,43.71112],[-79.24852,43.71193],[-79.25069,43.71716],[-79.2513,43.71876],[-79.25168,43.71961],[-79.25354,43.72391],[-79.25397,43.72484],[-79.25498,43.72715],[-79.25573,43.72891],[-79.25665,43.73104],[-79.25714,43.73222],[-79.25813,43.73453]]},"properties":{"name":"Midland Ave","cls":"minor","len":25.4}},
{"type":"Feature","geometry":{"type":"LineString","coordinates":[[-79.37697,43.64688],[-79.37747,43.64648],[-79.37786,43.64628],[-79.37823,43.64616],[-79.37913,43.64599],[-79.38247,43.64529],[-79.38343,43.64508],[-79.38502,43.64476],[-79.38866,43.64398],[-79.39129,43.64342],[-79.39393,43.64274],[-79.39882,43.64141],[-79.40142,43.64075]]},"properties":{"name":"Front St W","cls":"minor","len":25.3}},
{"type":"Feature","geometry":{"type":"MultiLineString","coordinates":[[[-79.43569,43.67959],[-79.43592,43.68015],[-79.43691,43.68266],[-79.43711,43.68319],[-79.43821,43.68591],[-79.43842,43.68637],[-79.43869,43.68713],[-79.43912,43.68817],[-79.43955,43.68956],[-79.43961,43.68978],[-79.43996,43.69061],[-79.44064,43.69226],[-79.44084,43.69265],[-79.44122,43.6935],[-79.44151,43.6942],[-79.44181,43.69499],[-79.44216,43.69578],[-79.44248,43.6966],[-79.44277,43.69729]],[[-79.43375,43.67441],[-79.43404,43.67515],[-79.43478,43.67694],[-79.43552,43.67868],[-79.43591,43.67955]]]},"properties":{"name":"Oakwood Ave","cls":"minor","len":24.7}},
{"type":"Feature","geometry":{"type":"LineString","coordinates":[[-79.37466,43.64194],[-79.37684,43.64115],[-79.38004,43.64003],[-79.38044,43.63989],[-79.38272,43.63951],[-79.38546,43.63903],[-79.38657,43.63885],[-79.38684,43.63883],[-79.39188,43.6377],[-79.39321,43.63746],[-79.39432,43.63731],[-79.3953,43.63711],[-79.39671,43.63668],[-79.39737,43.63642],[-79.39834,43.63571]]},"properties":{"name":"Queens Quay W","cls":"minor","len":24.6}},
{"type":"Feature","geometry":{"type":"LineString","coordinates":[[-79.2599,43.71686],[-79.25578,43.71777],[-79.25428,43.71809],[-79.2513,43.71876],[-79.24915,43.7192],[-79.24708,43.71964],[-79.24582,43.71993],[-79.2446,43.7202],[-79.24145,43.72088],[-79.24061,43.72105],[-79.23917,43.72137],[-79.23608,43.72198]]},"properties":{"name":"St Clair Ave E","cls":"minor","len":24.4}},
{"type":"Feature","geometry":{"type":"LineString","coordinates":[[-79.24308,43.81297],[-79.23714,43.81424],[-79.23237,43.81529],[-79.23152,43.81547],[-79.2279,43.81626],[-79.22756,43.81633],[-79.22526,43.81681],[-79.2243,43.81694],[-79.22295,43.81704],[-79.22242,43.81714],[-79.22193,43.81733],[-79.22143,43.81767],[-79.22112,43.81799],[-79.22093,43.81848],[-79.2209,43.81874],[-79.22107,43.8197]]},"properties":{"name":"Finch Ave E","cls":"minor","len":24.4}},
{"type":"Feature","geometry":{"type":"LineString","coordinates":[[-79.41735,43.78707],[-79.41609,43.7873],[-79.4129,43.788],[-79.40992,43.78866],[-79.40863,43.78895],[-79.40382,43.79],[-79.40255,43.79027],[-79.39703,43.79149],[-79.3936,43.7923]]},"properties":{"name":"Cummer Ave","cls":"minor","len":24.3}},
{"type":"Feature","geometry":{"type":"LineString","coordinates":[[-79.37382,43.64857],[-79.37383,43.6486],[-79.37441,43.64992],[-79.37462,43.65046],[-79.37493,43.65118],[-79.3752,43.65181],[-79.37545,43.65245],[-79.37575,43.65317],[-79.37646,43.65483],[-79.37715,43.6565],[-79.37783,43.6582],[-79.37854,43.65986],[-79.37885,43.66067],[-79.37934,43.66187],[-79.38011,43.6637],[-79.38093,43.66571],[-79.3811,43.6661],[-79.38202,43.66833],[-79.38316,43.67105]]},"properties":{"name":"Church St","cls":"minor","len":24.3}},
{"type":"Feature","geometry":{"type":"LineString","coordinates":[[-79.36789,43.65039],[-79.36824,43.65127],[-79.3686,43.65216],[-79.36912,43.65338],[-79.36925,43.65388],[-79.36946,43.65453],[-79.36959,43.65488],[-79.37012,43.65616],[-79.37103,43.65829],[-79.37136,43.65907],[-79.37224,43.66123],[-79.37306,43.66319],[-79.37467,43.66707],[-79.37535,43.66871],[-79.37622,43.67077],[-79.37685,43.67236]]},"properties":{"name":"Sherbourne St","cls":"minor","len":23.7}},
{"type":"Feature","geometry":{"type":"LineString","coordinates":[[-79.37997,43.65406],[-79.37818,43.65446],[-79.37646,43.65483],[-79.37585,43.65495],[-79.37497,43.65515],[-79.37392,43.65536],[-79.37144,43.6559],[-79.37012,43.65616],[-79.36935,43.65632],[-79.36801,43.65634],[-79.36754,43.65639],[-79.365,43.65694],[-79.36349,43.65729],[-79.36272,43.65744],[-79.362,43.65762],[-79.36016,43.658],[-79.35984,43.65811],[-79.35951,43.65831],[-79.35745,43.65951]]},"properties":{"name":"Shuter St","cls":"minor","len":23.3}},
{"type":"Feature","geometry":{"type":"LineString","coordinates":[[-79.54372,43.75748],[-79.54417,43.75758],[-79.54445,43.7577],[-79.54955,43.75981],[-79.5561,43.76256],[-79.55968,43.76404],[-79.5612,43.76465],[-79.56357,43.76543],[-79.56399,43.76576],[-79.56479,43.76656]]},"properties":{"name":"Fenmar Dr","cls":"minor","len":23.1}},
{"type":"Feature","geometry":{"type":"LineString","coordinates":[[-79.32664,43.6676],[-79.32739,43.66945],[-79.32784,43.67053],[-79.32802,43.67091],[-79.32817,43.67134],[-79.32838,43.67185],[-79.32875,43.67269],[-79.32931,43.67407],[-79.33027,43.67638],[-79.33091,43.67798],[-79.33127,43.67876],[-79.33157,43.67945],[-79.33164,43.67967],[-79.33185,43.68014],[-79.33237,43.68146],[-79.33272,43.68228],[-79.33341,43.68393],[-79.33376,43.68471],[-79.3339,43.68508],[-79.33467,43.68688],[-79.3355,43.68866]]},"properties":{"name":"Greenwood Ave","cls":"minor","len":22.9}},
{"type":"Feature","geometry":{"type":"LineString","coordinates":[[-79.19436,43.78928],[-79.19221,43.78856],[-79.19057,43.7878],[-79.18831,43.78658],[-79.18397,43.78451],[-79.18159,43.78348],[-79.17942,43.78305],[-79.17728,43.78267],[-79.17296,43.78188]]},"properties":{"name":"Military Trl","cls":"minor","len":22.8}},
{"type":"Feature","geometry":{"type":"LineString","coordinates":[[-79.49921,43.66552],[-79.49927,43.66607],[-79.49951,43.66691],[-79.50041,43.66801],[-79.50085,43.66852],[-79.50163,43.66939],[-79.50225,43.6701],[-79.50363,43.67172],[-79.50398,43.67232],[-79.5042,43.67298],[-79.50459,43.67385],[-79.50492,43.67438],[-79.50567,43.67517],[-79.50593,43.67577],[-79.50592,43.67614],[-79.50586,43.67639],[-79.50597,43.67683],[-79.50636,43.67746],[-79.50753,43.67903],[-79.50888,43.68081],[-79.51071,43.68308],[-79.51145,43.68395]]},"properties":{"name":"Scarlett Rd","cls":"minor","len":22.5}},
{"type":"Feature","geometry":{"type":"LineString","coordinates":[[-79.33729,43.68042],[-79.33763,43.68125],[-79.33836,43.68292],[-79.33866,43.68371],[-79.33922,43.68506],[-79.34024,43.68762],[-79.34052,43.68831],[-79.34083,43.68902],[-79.34097,43.68941],[-79.34169,43.69117],[-79.34194,43.69182],[-79.34246,43.69303],[-79.34273,43.69374],[-79.34312,43.69472],[-79.34332,43.69525],[-79.34348,43.69546],[-79.34392,43.69568],[-79.34459,43.69588],[-79.34582,43.69628],[-79.34708,43.69664],[-79.34851,43.697],[-79.34911,43.69713],[-79.34927,43.6972]]},"properties":{"name":"Donlands Ave","cls":"minor","len":22.3}},
{"type":"Feature","geometry":{"type":"LineString","coordinates":[[-79.34126,43.79515],[-79.34132,43.79565],[-79.34151,43.7959],[-79.34305,43.79676],[-79.34336,43.79709],[-79.34403,43.79925],[-79.34409,43.79957],[-79.34484,43.80298],[-79.34493,43.80337],[-79.34496,43.80503],[-79.34542,43.80686],[-79.346,43.809],[-79.34594,43.80907],[-79.3392,43.81064]]},"properties":{"name":"Gordon Baker Rd","cls":"minor","len":22.3}},
{"type":"Feature","geometry":{"type":"MultiLineString","coordinates":[[[-79.1692,43.78405],[-79.16936,43.78414]],[[-79.16928,43.78203],[-79.16941,43.78224],[-79.16943,43.78237],[-79.16927,43.78379],[-79.1692,43.78405]],[[-79.1692,43.78405],[-79.16909,43.78422],[-79.16875,43.78454],[-79.1664,43.78605],[-79.16531,43.78673],[-79.1647,43.78713],[-79.15771,43.79158],[-79.1546,43.79358],[-79.15253,43.79489]]]},"properties":{"name":"Kingston Rd","cls":"minor","len":22.2}},
{"type":"Feature","geometry":{"type":"LineString","coordinates":[[-79.5238,43.73697],[-79.52395,43.73721],[-79.5249,43.7376],[-79.52508,43.7377],[-79.52521,43.73784],[-79.52584,43.74025],[-79.52584,43.74045],[-79.52566,43.74085],[-79.52563,43.74111],[-79.52625,43.74379],[-79.52622,43.74404],[-79.52595,43.74451],[-79.52598,43.74488],[-79.52641,43.74675],[-79.52707,43.74949],[-79.52697,43.74981],[-79.52638,43.75101],[-79.52633,43.75121],[-79.52634,43.75145],[-79.52658,43.75263],[-79.52641,43.75293],[-79.52619,43.75313],[-79.52444,43.75398],[-79.52421,43.75414],[-79.52395,43.75447],[-79.52386,43.7547],[-79.52388,43.75491],[-79.52429,43.75593]]},"properties":{"name":"Oakdale Rd","cls":"minor","len":21.9}},
{"type":"Feature","geometry":{"type":"LineString","coordinates":[[-79.13668,43.7796],[-79.13742,43.7814],[-79.13763,43.78188],[-79.13916,43.78552],[-79.13941,43.78614],[-79.1402,43.78803],[-79.14052,43.78873],[-79.14093,43.7897],[-79.14163,43.79146],[-79.14187,43.792],[-79.14224,43.7929],[-79.14283,43.79425],[-79.14311,43.79499],[-79.1435,43.79593],[-79.14385,43.79662],[-79.14434,43.7973],[-79.14469,43.7977],[-79.14506,43.79804],[-79.14622,43.79892]]},"properties":{"name":"Port Union Rd","cls":"minor","len":21.8}},
{"type":"Feature","geometry":{"type":"LineString","coordinates":[[-79.52928,43.73571],[-79.52973,43.73734],[-79.52993,43.73815],[-79.53085,43.74181],[-79.53086,43.74214],[-79.53073,43.74248],[-79.53038,43.74277],[-79.52964,43.74305],[-79.52936,43.74326],[-79.52915,43.74364],[-79.52912,43.74393],[-79.52987,43.74705],[-79.53008,43.74736],[-79.53075,43.74792],[-79.53275,43.74949],[-79.53311,43.74979],[-79.53562,43.75238],[-79.53586,43.75267],[-79.53621,43.7533]]},"properties":{"name":"Arrow Rd","cls":"minor","len":21.5}},
{"type":"Feature","geometry":{"type":"LineString","coordinates":[[-79.41215,43.75961],[-79.41248,43.76036],[-79.41316,43.76103],[-79.41347,43.76184],[-79.41382,43.76263],[-79.41538,43.76634],[-79.41632,43.76852],[-79.41646,43.76893],[-79.41651,43.76946],[-79.41653,43.77009],[-79.4166,43.77113],[-79.4167,43.77197],[-79.41665,43.7722],[-79.41613,43.77264],[-79.41606,43.77281],[-79.41606,43.773],[-79.4162,43.77331],[-79.41654,43.77421],[-79.4169,43.77508],[-79.41736,43.7764],[-79.41787,43.77767],[-79.41851,43.77914]]},"properties":{"name":"Beecroft Rd","cls":"minor","len":21.3}},
{"type":"Feature","geometry":{"type":"LineString","coordinates":[[-79.20563,43.76405],[-79.20587,43.76459],[-79.20642,43.76593],[-79.20761,43.76871],[-79.20777,43.76912],[-79.20875,43.77145],[-79.209,43.77206],[-79.20936,43.77288],[-79.21078,43.77628],[-79.21124,43.77733],[-79.21154,43.77771],[-79.21192,43.77799],[-79.21235,43.77817],[-79.21284,43.77826],[-79.21338,43.77827],[-79.21417,43.77823],[-79.21471,43.77829],[-79.21525,43.77844],[-79.21587,43.77871],[-79.21649,43.77907],[-79.21687,43.77939],[-79.21714,43.77975]]},"properties":{"name":"Orton Park Rd","cls":"minor","len":21.1}},
{"type":"Feature","geometry":{"type":"LineString","coordinates":[[-79.52429,43.75593],[-79.52463,43.75655],[-79.52497,43.75679],[-79.52771,43.75727],[-79.5282,43.75752],[-79.52844,43.75772],[-79.52871,43.7581],[-79.52875,43.75829],[-79.52902,43.76066],[-79.53027,43.76597],[-79.53046,43.76639],[-79.53093,43.76688],[-79.53112,43.76723],[-79.53189,43.7706],[-79.53188,43.77105],[-79.53148,43.77235],[-79.5315,43.77264],[-79.53176,43.77334]]},"properties":{"name":"Norfinch Dr","cls":"minor","len":21.1}},
{"type":"Feature","geometry":{"type":"LineString","coordinates":[[-79.47146,43.76783],[-79.47144,43.76803],[-79.47148,43.76839],[-79.47204,43.77051],[-79.47222,43.77159],[-79.47248,43.77222],[-79.47339,43.77428],[-79.47445,43.77681],[-79.47559,43.77956],[-79.47604,43.78058],[-79.47637,43.78096],[-79.47684,43.78131],[-79.47817,43.78194],[-79.47928,43.78253],[-79.47991,43.78283],[-79.48027,43.7831],[-79.48042,43.78333],[-79.48101,43.78471]]},"properties":{"name":"Alness St","cls":"minor","len":20.4}},
{"type":"Feature","geometry":{"type":"LineString","coordinates":[[-79.21865,43.80654],[-79.2156,43.8078],[-79.21471,43.80827],[-79.21424,43.80874],[-79.21398,43.80931],[-79.21393,43.81052],[-79.21394,43.81239],[-79.21392,43.81371],[-79.21373,43.8141],[-79.21319,43.81459],[-79.21117,43.81633],[-79.21104,43.81645],[-79.21016,43.81714],[-79.20969,43.81728],[-79.20783,43.81774],[-79.20747,43.81785],[-79.20713,43.81804],[-79.20636,43.81855],[-79.20604,43.8187],[-79.20524,43.81889]]},"properties":{"name":"Sewells Rd","cls":"minor","len":20.4}},
{"type":"Feature","geometry":{"type":"LineString","coordinates":[[-79.25981,43.79206],[-79.25766,43.79252],[-79.25474,43.79393],[-79.25163,43.79618],[-79.25094,43.7964],[-79.24981,43.79665],[-79.24919,43.79672],[-79.2479,43.79677],[-79.24736,43.79687],[-79.24552,43.79773],[-79.24496,43.7979],[-79.24434,43.79801],[-79.24104,43.79856]]},"properties":{"name":"Nugget Ave","cls":"minor","len":20.2}},
{"type":"Feature","geometry":{"type":"MultiLineString","coordinates":[[[-79.41886,43.66394],[-79.41879,43.66444],[-79.41945,43.66618],[-79.41976,43.66693],[-79.42019,43.6681],[-79.42026,43.66835],[-79.42062,43.66927],[-79.42093,43.67001],[-79.42154,43.67161],[-79.42197,43.67272],[-79.42243,43.67398],[-79.42274,43.6748],[-79.42299,43.67542],[-79.42309,43.67556],[-79.42349,43.67651],[-79.42355,43.67688],[-79.42376,43.67749],[-79.42393,43.67778],[-79.42428,43.67822],[-79.4248,43.67949],[-79.42499,43.67989],[-79.42572,43.68171]],[[-79.41884,43.66348],[-79.41889,43.66364],[-79.41886,43.66394]],[[-79.41886,43.66394],[-79.41864,43.66382],[-79.41858,43.66396]]]},"properties":{"name":"Christie St","cls":"minor","len":20.1}},
{"type":"Feature","geometry":{"type":"LineString","coordinates":[[-79.33554,43.65262],[-79.33743,43.655],[-79.33773,43.65538],[-79.3379,43.65581],[-79.33897,43.6584],[-79.33945,43.65954],[-79.34008,43.66106],[-79.34058,43.66227],[-79.34161,43.66484],[-79.34255,43.66709],[-79.34276,43.66763],[-79.34309,43.66845],[-79.34371,43.66994],[-79.34403,43.67074]]},"properties":{"name":"Carlaw Ave","cls":"minor","len":20.1}},
{"type":"Feature","geometry":{"type":"LineString","coordinates":[[-79.44723,43.73459],[-79.44751,43.73526],[-79.44776,43.73559],[-79.44828,43.73599],[-79.4492,43.73639],[-79.44963,43.7366],[-79.45,43.73687],[-79.4504,43.73736],[-79.4508,43.7384],[-79.45157,43.74056],[-79.45177,43.7411],[-79.45239,43.74249],[-79.45254,43.743],[-79.45294,43.74397],[-79.45389,43.74631],[-79.45446,43.74769],[-79.4549,43.7487],[-79.45525,43.74962],[-79.45567,43.75038],[-79.45598,43.75081],[-79.45675,43.75166]]},"properties":{"name":"Wilson Heights Blvd","cls":"minor","len":20.1}},
{"type":"Feature","geometry":{"type":"LineString","coordinates":[[-79.45192,43.75269],[-79.45276,43.75338],[-79.45313,43.75382],[-79.45348,43.75455],[-79.45394,43.75571],[-79.45525,43.75887],[-79.45556,43.75964],[-79.45589,43.76042],[-79.45641,43.76169],[-79.45726,43.76373],[-79.4576,43.76456],[-79.45779,43.76489],[-79.4582,43.76531],[-79.45893,43.76602],[-79.45905,43.76622],[-79.45967,43.76774],[-79.46071,43.77024]]},"properties":{"name":"Wilmington Ave","cls":"minor","len":19.9}},
{"type":"Feature","geometry":{"type":"LineString","coordinates":[[-79.40826,43.7621],[-79.40847,43.76288],[-79.40865,43.76361],[-79.40864,43.76377],[-79.40842,43.76417],[-79.4084,43.76433],[-79.40864,43.76497],[-79.40935,43.76625],[-79.41081,43.76974],[-79.41096,43.77012],[-79.41117,43.77057],[-79.41161,43.77138],[-79.41209,43.77249],[-79.41238,43.77323],[-79.41252,43.77411],[-79.41262,43.77483],[-79.41284,43.7755],[-79.41317,43.77694],[-79.41323,43.77735],[-79.41321,43.77747],[-79.41293,43.77817],[-79.41229,43.77963],[-79.41223,43.7799],[-79.41227,43.78023],[-79.41237,43.78046]]},"properties":{"name":"Doris Ave","cls":"minor","len":19.6}},
{"type":"Feature","geometry":{"type":"LineString","coordinates":[[-79.5114,43.77244],[-79.51126,43.77207],[-79.51078,43.77166],[-79.51035,43.77147],[-79.50899,43.77112],[-79.50855,43.77092],[-79.50796,43.77048],[-79.50738,43.76987],[-79.50712,43.76969],[-79.5067,43.76951],[-79.50625,43.76939],[-79.50589,43.76935],[-79.50542,43.76937],[-79.50249,43.77001],[-79.50085,43.77037],[-79.49682,43.77121],[-79.49324,43.77199]]},"properties":{"name":"The Pond Rd","cls":"minor","len":19.5}},
{"type":"Feature","geometry":{"type":"LineString","coordinates":[[-79.59348,43.73379],[-79.59385,43.73362],[-79.59429,43.73333],[-79.59496,43.73277],[-79.59601,43.73193],[-79.59658,43.73158],[-79.59724,43.7314],[-79.60136,43.73049],[-79.60153,43.73045],[-79.60362,43.72998],[-79.60428,43.72997],[-79.60492,43.73011],[-79.60776,43.73113],[-79.60841,43.7315],[-79.60915,43.73219],[-79.60971,43.73274],[-79.61002,43.73332],[-79.61002,43.73364],[-79.60991,43.7341]]},"properties":{"name":"Humber College Blvd","cls":"minor","len":19.4}},
{"type":"Feature","geometry":{"type":"LineString","coordinates":[[-79.4763,43.65114],[-79.4765,43.6516],[-79.4778,43.65476],[-79.47866,43.65688],[-79.47909,43.65788],[-79.4794,43.65864],[-79.48002,43.66006],[-79.48013,43.66045],[-79.48071,43.6622],[-79.48105,43.663],[-79.48194,43.66516],[-79.4821,43.66558],[-79.48283,43.66732],[-79.48356,43.66898]]},"properties":{"name":"Runnymede Rd","cls":"minor","len":19.3}},
{"type":"Feature","geometry":{"type":"LineString","coordinates":[[-79.42256,43.75895],[-79.4229,43.75973],[-79.42323,43.76053],[-79.42612,43.76729],[-79.42667,43.76862],[-79.42699,43.76929],[-79.4273,43.76963],[-79.42815,43.77161],[-79.42891,43.77341],[-79.42982,43.77552],[-79.43026,43.77649]]},"properties":{"name":"Senlac Rd","cls":"minor","len":19.2}},
{"type":"Feature","geometry":{"type":"LineString","coordinates":[[-79.53621,43.7533],[-79.53679,43.75425],[-79.53757,43.75573],[-79.53895,43.75848],[-79.53953,43.76004],[-79.54048,43.764],[-79.54119,43.76576],[-79.54231,43.76845],[-79.54339,43.77094]]},"properties":{"name":"Signet Dr","cls":"minor","len":19.1}},
{"type":"Feature","geometry":{"type":"LineString","coordinates":[[-79.43938,43.69804],[-79.43952,43.69841],[-79.44061,43.70108],[-79.44111,43.70225],[-79.44144,43.70306],[-79.44173,43.70384],[-79.44239,43.70549],[-79.44342,43.70811],[-79.44379,43.709],[-79.44484,43.71161],[-79.44519,43.71245],[-79.4456,43.71339],[-79.44589,43.71415],[-79.4465,43.71562]]},"properties":{"name":"Marlee Ave","cls":"minor","len":19}},
{"type":"Feature","geometry":{"type":"LineString","coordinates":[[-79.42579,43.63486],[-79.42607,43.63557],[-79.42735,43.63894],[-79.42845,43.64179],[-79.42861,43.64222],[-79.42875,43.64255],[-79.42919,43.64379],[-79.42985,43.64547],[-79.43037,43.64683],[-79.43069,43.6477],[-79.43143,43.64964],[-79.43202,43.65119],[-79.43256,43.65257]]},"properties":{"name":"Dufferin St","cls":"minor","len":19}},
{"type":"Feature","geometry":{"type":"LineString","coordinates":[[-79.40028,43.70635],[-79.40097,43.70822],[-79.401,43.70866],[-79.40107,43.71055],[-79.40121,43.71148],[-79.40139,43.71239],[-79.40161,43.71329],[-79.40198,43.71415],[-79.40275,43.7159],[-79.4031,43.71679],[-79.40352,43.7178],[-79.40395,43.7189],[-79.4043,43.71983],[-79.40429,43.72049],[-79.40443,43.72136],[-79.40463,43.72196],[-79.40495,43.72273],[-79.40528,43.72358],[-79.40561,43.72439]]},"properties":{"name":"Duplex Ave","cls":"minor","len":19}},
{"type":"Feature","geometry":{"type":"LineString","coordinates":[[-79.39588,43.65871],[-79.39605,43.65876],[-79.39624,43.6589],[-79.39644,43.65922],[-79.39694,43.66045],[-79.39762,43.66208],[-79.39844,43.66411],[-79.39984,43.66752],[-79.40031,43.66873],[-79.40076,43.6698],[-79.402,43.67281],[-79.40213,43.67299],[-79.40298,43.67408],[-79.40314,43.67434],[-79.40328,43.67475],[-79.4036,43.67559]]},"properties":{"name":"St George St","cls":"minor","len":18.7}},
{"type":"Feature","geometry":{"type":"LineString","coordinates":[[-79.47288,43.63515],[-79.47349,43.63549],[-79.47365,43.63557],[-79.47433,43.63598],[-79.47489,43.63649],[-79.47527,43.63678],[-79.47594,43.63733],[-79.4763,43.6378],[-79.4767,43.63879],[-79.4769,43.63922],[-79.47715,43.63959],[-79.47747,43.63992],[-79.47877,43.64099],[-79.48029,43.64226],[-79.48144,43.64326],[-79.48172,43.64365],[-79.48191,43.64409],[-79.48238,43.64477],[-79.48289,43.64543],[-79.48345,43.64604],[-79.48444,43.64725],[-79.48489,43.64778],[-79.48523,43.64802],[-79.48575,43.64831]]},"properties":{"name":"South Kingsway","cls":"minor","len":18.7}},
{"type":"Feature","geometry":{"type":"LineString","coordinates":[[-79.31352,43.72604],[-79.31326,43.72653],[-79.31303,43.72675],[-79.31286,43.72685],[-79.31142,43.72746],[-79.31069,43.7279],[-79.31005,43.72852],[-79.30968,43.72924],[-79.30966,43.72963],[-79.30981,43.73082],[-79.31003,43.73155],[-79.31035,43.73238],[-79.31068,43.7332],[-79.31088,43.73361],[-79.31188,43.73462],[-79.31204,43.73494],[-79.31237,43.73574],[-79.31272,43.73654],[-79.31277,43.73683],[-79.31268,43.73713],[-79.31252,43.73737],[-79.31214,43.73769],[-79.31186,43.73782],[-79.31087,43.73805],[-79.31034,43.73814],[-79.30978,43.73835],[-79.30942,43.73856],[-79.30846,43.7388]]},"properties":{"name":"Sloane Ave","cls":"minor","len":18.5}},
{"type":"Feature","geometry":{"type":"LineString","coordinates":[[-79.30743,43.71245],[-79.31063,43.7138],[-79.31205,43.71443],[-79.31229,43.71462],[-79.31245,43.71489],[-79.31429,43.71932],[-79.3145,43.71969],[-79.3158,43.72109],[-79.31591,43.72138],[-79.31592,43.72179],[-79.31584,43.72201],[-79.31533,43.72276],[-79.31412,43.72449],[-79.31383,43.72498],[-79.31352,43.72604]]},"properties":{"name":"Bermondsey Rd","cls":"minor","len":18.4}},
{"type":"Feature","geometry":{"type":"LineString","coordinates":[[-79.29679,43.6893],[-79.29681,43.68985],[-79.29698,43.69127],[-79.29734,43.6946],[-79.29739,43.69516],[-79.29742,43.69591],[-79.29721,43.69698],[-79.29709,43.69749],[-79.29707,43.69857],[-79.29703,43.69963],[-79.29698,43.70046],[-79.29693,43.7009],[-79.29694,43.70133],[-79.29693,43.70226],[-79.29689,43.70312],[-79.29681,43.70365],[-79.29666,43.704],[-79.29642,43.70439],[-79.29548,43.70605],[-79.29534,43.70664],[-79.29509,43.70675]]},"properties":{"name":"Dawes Rd","cls":"minor","len":18.1}},
{"type":"Feature","geometry":{"type":"LineString","coordinates":[[-79.33957,43.72301],[-79.33592,43.72358],[-79.33537,43.72375],[-79.33472,43.72412],[-79.33437,43.72447],[-79.33342,43.72563],[-79.33291,43.72603],[-79.33242,43.72628],[-79.33089,43.72667],[-79.33034,43.7268],[-79.32774,43.72736],[-79.32762,43.72713],[-79.32756,43.72664],[-79.3275,43.72642],[-79.32735,43.72616],[-79.32713,43.72593],[-79.32598,43.72522],[-79.3253,43.7244],[-79.32471,43.7237]]},"properties":{"name":"Wynford Dr","cls":"minor","len":17.9}},
{"type":"Feature","geometry":{"type":"MultiLineString","coordinates":[[[-79.52705,43.73546],[-79.52724,43.73609],[-79.52761,43.73747],[-79.52776,43.73762],[-79.52804,43.73768],[-79.52973,43.73734]],[[-79.52705,43.73546],[-79.52734,43.73572],[-79.52833,43.73568],[-79.52891,43.7358]],[[-79.52406,43.72423],[-79.52478,43.72732],[-79.52528,43.72878],[-79.52644,43.73364],[-79.52705,43.73546]]]},"properties":{"name":"Bartor Rd","cls":"minor","len":17.9}},
{"type":"Feature","geometry":{"type":"LineString","coordinates":[[-79.298,43.67889],[-79.2981,43.67915],[-79.29806,43.67996],[-79.2982,43.68027],[-79.29885,43.68085],[-79.29901,43.68107],[-79.3,43.68344],[-79.30015,43.68383],[-79.30016,43.68395],[-79.30015,43.68407],[-79.30039,43.68482],[-79.30094,43.68611],[-79.3016,43.68768],[-79.30183,43.68815],[-79.30221,43.68895],[-79.3023,43.68918],[-79.3034,43.6917],[-79.30476,43.69485]]},"properties":{"name":"Main St","cls":"minor","len":17.5}},
{"type":"Feature","geometry":{"type":"LineString","coordinates":[[-79.16357,43.79249],[-79.16379,43.79324],[-79.16401,43.79376],[-79.16504,43.79601],[-79.16513,43.79625],[-79.16577,43.79837],[-79.16601,43.79901],[-79.16646,43.80003],[-79.16701,43.8011],[-79.16804,43.80286],[-79.16841,43.80345],[-79.16879,43.80423],[-79.17,43.80679],[-79.17081,43.80838]]},"properties":{"name":"Meadowvale Rd","cls":"minor","len":17.5}},
{"type":"Feature","geometry":{"type":"LineString","coordinates":[[-79.5795,43.65141],[-79.58019,43.65308],[-79.58182,43.6566],[-79.58388,43.66112],[-79.58404,43.66151],[-79.58571,43.66511],[-79.58602,43.66544],[-79.5865,43.66575],[-79.58768,43.6661]]},"properties":{"name":"Renforth Dr","cls":"minor","len":17.3}},
{"type":"Feature","geometry":{"type":"LineString","coordinates":[[-79.24145,43.72088],[-79.24217,43.72261],[-79.24297,43.72449],[-79.24362,43.72609],[-79.24404,43.72709],[-79.24456,43.7284],[-79.24549,43.7306],[-79.24602,43.73182],[-79.24715,43.73457],[-79.24738,43.73517],[-79.24792,43.73641],[-79.24808,43.7367]]},"properties":{"name":"Brimley Rd","cls":"minor","len":17.2}},
{"type":"Feature","geometry":{"type":"MultiLineString","coordinates":[[[-79.37697,43.64688],[-79.37576,43.64746],[-79.37425,43.6482],[-79.37377,43.64841],[-79.37331,43.64868]],[[-79.37383,43.6486],[-79.37331,43.64868]],[[-79.37331,43.64868],[-79.37144,43.64943],[-79.37028,43.64983],[-79.36907,43.6501],[-79.36789,43.65039],[-79.36668,43.65067],[-79.36561,43.6509],[-79.36402,43.65126],[-79.36272,43.65157],[-79.36134,43.65188]]]},"properties":{"name":"Front St E","cls":"minor","len":17}},
{"type":"Feature","geometry":{"type":"LineString","coordinates":[[-79.4461,43.63874],[-79.44702,43.64106],[-79.44803,43.64369],[-79.44837,43.64455],[-79.44939,43.6472],[-79.44973,43.64805],[-79.45007,43.64895],[-79.45066,43.65045],[-79.45123,43.65194],[-79.45141,43.6525],[-79.45178,43.65356],[-79.45185,43.65388]]},"properties":{"name":"Roncesvalles Ave","cls":"minor","len":16.2}},
{"type":"Feature","geometry":{"type":"LineString","coordinates":[[-79.34212,43.73224],[-79.34385,43.73175],[-79.34431,43.73167],[-79.34476,43.73169],[-79.34533,43.73186],[-79.34571,43.73213],[-79.3467,43.73303],[-79.34803,43.73429],[-79.34811,43.73448],[-79.34811,43.73472],[-79.34791,43.73497],[-79.34721,43.73538],[-79.34654,43.73574],[-79.34645,43.73583],[-79.34639,43.73608],[-79.34655,43.73651],[-79.34704,43.73777],[-79.34717,43.73817],[-79.3471,43.73848],[-79.34652,43.73967],[-79.3462,43.74039],[-79.34592,43.7406],[-79.34561,43.7407],[-79.34443,43.74085]]},"properties":{"name":"The Donway W","cls":"minor","len":16.2}},
{"type":"Feature","geometry":{"type":"LineString","coordinates":[[-79.58682,43.68795],[-79.58667,43.68744],[-79.5864,43.68705],[-79.58596,43.68667],[-79.58423,43.68541],[-79.58382,43.68482],[-79.58324,43.68388],[-79.58295,43.68354],[-79.58193,43.68257],[-79.5811,43.68085],[-79.5808,43.6801],[-79.58069,43.67961],[-79.58071,43.67929],[-79.58082,43.67886],[-79.58104,43.67847],[-79.58134,43.67812],[-79.58193,43.67768],[-79.58271,43.67736],[-79.58343,43.6772],[-79.58405,43.67723],[-79.58437,43.67738]]},"properties":{"name":"Skyway Ave","cls":"minor","len":15.6}},
{"type":"Feature","geometry":{"type":"LineString","coordinates":[[-79.38456,43.66493],[-79.38337,43.66519],[-79.38139,43.6656],[-79.38093,43.66571],[-79.37833,43.66628],[-79.37719,43.66652],[-79.3765,43.66643],[-79.37585,43.66649],[-79.37535,43.66667],[-79.37467,43.66707],[-79.37375,43.66727],[-79.37091,43.6679],[-79.36955,43.66818]]},"properties":{"name":"Wellesley St E","cls":"minor","len":15.4}},
{"type":"Feature","geometry":{"type":"LineString","coordinates":[[-79.23243,43.72514],[-79.2326,43.72549],[-79.23384,43.72845],[-79.2348,43.73072],[-79.23527,43.73186],[-79.23619,43.73405],[-79.23713,43.73631],[-79.23779,43.73782],[-79.23794,43.73813],[-79.23841,43.73884]]},"properties":{"name":"McCowan Rd","cls":"minor","len":15}},
{"type":"Feature","geometry":{"type":"LineString","coordinates":[[-79.31231,43.79749],[-79.31277,43.79856],[-79.31306,43.79894],[-79.31382,43.79936],[-79.31532,43.8001],[-79.3157,43.80052],[-79.31618,43.80117],[-79.31661,43.80153],[-79.31715,43.8017],[-79.31766,43.80173],[-79.31875,43.80149],[-79.31907,43.80141],[-79.31953,43.80121],[-79.32011,43.8007],[-79.32026,43.8001],[-79.32023,43.79982],[-79.3201,43.79949],[-79.31945,43.79834],[-79.31928,43.79793],[-79.31924,43.79769],[-79.31943,43.79627],[-79.31931,43.79585]]},"properties":{"name":"Bridletowne Crcl","cls":"minor","len":15}},
{"type":"Feature","geometry":{"type":"LineString","coordinates":[[-79.33432,43.66617],[-79.33452,43.66672],[-79.3353,43.66854],[-79.3356,43.66922],[-79.33653,43.6714],[-79.33658,43.67153],[-79.33779,43.67434],[-79.33979,43.67905],[-79.34018,43.67987]]},"properties":{"name":"Jones Ave","cls":"minor","len":14.9}},
{"type":"Feature","geometry":{"type":"LineString","coordinates":[[-79.47426,43.75553],[-79.47427,43.75595],[-79.47441,43.75637],[-79.47477,43.75693],[-79.47502,43.75723],[-79.47548,43.75765],[-79.4758,43.75785],[-79.4772,43.75828],[-79.47756,43.75847],[-79.4778,43.75878],[-79.47816,43.75962],[-79.47843,43.76029],[-79.47845,43.76043],[-79.47836,43.76067],[-79.47663,43.76247],[-79.47646,43.76269],[-79.47633,43.76301],[-79.47628,43.76338],[-79.47632,43.76366],[-79.47656,43.76431],[-79.47751,43.7665]]},"properties":{"name":"Chesswood Dr","cls":"minor","len":14.1}},
{"type":"Feature","geometry":{"type":"LineString","coordinates":[[-79.37466,43.64194],[-79.37304,43.64249],[-79.3715,43.64303],[-79.37031,43.64346],[-79.36896,43.64393],[-79.36782,43.64434],[-79.36542,43.64518],[-79.36433,43.64556],[-79.36196,43.64643]]},"properties":{"name":"Queens Quay E","cls":"minor","len":13.5}},
{"type":"Feature","geometry":{"type":"LineString","coordinates":[[-79.38461,43.69356],[-79.38144,43.69423],[-79.38067,43.69476],[-79.38022,43.69499],[-79.37984,43.6951],[-79.37852,43.6954],[-79.37634,43.69587],[-79.37445,43.69622],[-79.37246,43.69663],[-79.37174,43.69675]]},"properties":{"name":"Moore Ave","cls":"minor","len":13.3}},
{"type":"Feature","geometry":{"type":"LineString","coordinates":[[-79.61788,43.73504],[-79.61766,43.73611],[-79.61769,43.73654],[-79.61779,43.7369],[-79.6183,43.73813],[-79.62135,43.74492],[-79.62193,43.74593],[-79.622,43.74639],[-79.62192,43.74686]]},"properties":{"name":"Humberline Dr","cls":"minor","len":12.8}},
{"type":"Feature","geometry":{"type":"LineString","coordinates":[[-79.45769,43.7272],[-79.45964,43.72681],[-79.46051,43.72628],[-79.46079,43.72615],[-79.46958,43.72417],[-79.4698,43.72405]]},"properties":{"name":"Bridgeland Ave","cls":"minor","len":12.6}},
{"type":"Feature","geometry":{"type":"LineString","coordinates":[[-79.46232,43.67104],[-79.46302,43.67354],[-79.46349,43.67512],[-79.46389,43.67657],[-79.46418,43.67731],[-79.46482,43.67839],[-79.46542,43.67947],[-79.46571,43.67984],[-79.466,43.68016],[-79.46758,43.68173],[-79.46768,43.6819]]},"properties":{"name":"Old Weston Rd","cls":"minor","len":12.4}},
{"type":"Feature","geometry":{"type":"LineString","coordinates":[[-79.34212,43.73224],[-79.34151,43.73241],[-79.34062,43.73273],[-79.34029,43.73303],[-79.34009,43.73328],[-79.33993,43.7338],[-79.34004,43.73433],[-79.34098,43.7377],[-79.34127,43.73882],[-79.34145,43.73931],[-79.34158,43.73946],[-79.34217,43.74002],[-79.34279,43.74054],[-79.34322,43.74092],[-79.34333,43.74095],[-79.34379,43.74095],[-79.34443,43.74085]]},"properties":{"name":"The Donway E","cls":"minor","len":12.2}},
{"type":"Feature","geometry":{"type":"LineString","coordinates":[[-79.38148,43.64291],[-79.38401,43.64239],[-79.38591,43.64199],[-79.38637,43.64182],[-79.38678,43.64157],[-79.38762,43.64086],[-79.38815,43.64059],[-79.38884,43.64042],[-79.38949,43.64043],[-79.39001,43.6405],[-79.3915,43.64075],[-79.39208,43.64076],[-79.393,43.64056]]},"properties":{"name":"Bremner Blvd","cls":"minor","len":12.1}},
{"type":"Feature","geometry":{"type":"LineString","coordinates":[[-79.37734,43.64783],[-79.37787,43.64771],[-79.37971,43.64733],[-79.38302,43.64661],[-79.3841,43.64638],[-79.38553,43.64606],[-79.38919,43.64528]]},"properties":{"name":"Wellington St W","cls":"minor","len":12.1}},
{"type":"Feature","geometry":{"type":"LineString","coordinates":[[-79.45769,43.7272],[-79.45712,43.72734],[-79.45653,43.72765],[-79.45613,43.72777],[-79.45218,43.72862],[-79.45192,43.72862],[-79.45152,43.72855],[-79.44947,43.72759],[-79.44921,43.7273],[-79.44852,43.7256],[-79.44823,43.72497],[-79.44827,43.72488]]},"properties":{"name":"Yorkdale Rd","cls":"minor","len":11.7}},
{"type":"Feature","geometry":{"type":"MultiLineString","coordinates":[[[-79.40065,43.63884],[-79.40176,43.63838],[-79.4024,43.63806],[-79.40329,43.63764],[-79.40389,43.63754],[-79.40422,43.63753],[-79.40515,43.63746],[-79.40604,43.63735],[-79.40644,43.63718],[-79.40671,43.6369],[-79.40684,43.63639],[-79.40687,43.63603],[-79.40671,43.63548]],[[-79.39443,43.64021],[-79.39493,43.64004],[-79.39622,43.63988],[-79.39688,43.63974],[-79.398,43.6394]]]},"properties":{"name":"Fort York Blvd","cls":"minor","len":11.6}},
{"type":"Feature","geometry":{"type":"LineString","coordinates":[[-79.35616,43.65687],[-79.35652,43.65736],[-79.35675,43.65786],[-79.35745,43.65951],[-79.35816,43.6612],[-79.35859,43.66218],[-79.35869,43.66244],[-79.35924,43.66369],[-79.3595,43.66436],[-79.35948,43.6645],[-79.35925,43.66461],[-79.35824,43.66454],[-79.35787,43.66463],[-79.35771,43.66481],[-79.35766,43.66495],[-79.35761,43.66553],[-79.35735,43.66587]]},"properties":{"name":"River St","cls":"minor","len":11.4}},
{"type":"Feature","geometry":{"type":"LineString","coordinates":[[-79.5004,43.62101],[-79.50154,43.62075],[-79.50263,43.62052],[-79.50491,43.62001],[-79.50674,43.61962],[-79.50933,43.61905],[-79.51006,43.6188],[-79.51093,43.61848],[-79.51133,43.61839]]},"properties":{"name":"Evans Ave","cls":"minor","len":11.3}},
{"type":"Feature","geometry":{"type":"MultiLineString","coordinates":[[[-79.31586,43.69281],[-79.31494,43.69302],[-79.31401,43.69317],[-79.31389,43.69312],[-79.31366,43.69313],[-79.31269,43.69335],[-79.31037,43.69392],[-79.30824,43.69442],[-79.30603,43.69493]],[[-79.30588,43.6946],[-79.30476,43.69485]]]},"properties":{"name":"Lumsden Ave","cls":"minor","len":11.2}},
{"type":"Feature","geometry":{"type":"LineString","coordinates":[[-79.47502,43.75723],[-79.47287,43.75831],[-79.47236,43.75847],[-79.47031,43.75891],[-79.47006,43.75901],[-79.46734,43.76032],[-79.46648,43.76072],[-79.46516,43.76102]]},"properties":{"name":"Steeprock Dr","cls":"minor","len":10.6}},
{"type":"Feature","geometry":{"type":"LineString","coordinates":[[-79.33147,43.77123],[-79.33129,43.77078],[-79.33095,43.77052],[-79.33077,43.77046],[-79.33043,43.77044],[-79.32991,43.77052],[-79.32508,43.77088],[-79.32473,43.771],[-79.32411,43.77147],[-79.3233,43.77164],[-79.32151,43.77193]]},"properties":{"name":"Consumers Rd","cls":"minor","len":10.6}},
{"type":"Feature","geometry":{"type":"LineString","coordinates":[[-79.54466,43.63214],[-79.54431,43.63158],[-79.5437,43.63093],[-79.54359,43.63067],[-79.54348,43.63009],[-79.54326,43.62872],[-79.54288,43.62772],[-79.54214,43.62598],[-79.54063,43.62249]]},"properties":{"name":"Shorncliffe Rd","cls":"minor","len":10.6}},
{"type":"Feature","geometry":{"type":"LineString","coordinates":[[-79.45279,43.73338],[-79.45289,43.73366],[-79.45285,43.73397],[-79.45243,43.73447],[-79.45182,43.73586],[-79.4518,43.73631],[-79.45192,43.73778],[-79.45208,43.73832],[-79.45241,43.73876],[-79.45475,43.7405],[-79.45493,43.74072],[-79.45502,43.74093],[-79.45503,43.74113],[-79.45491,43.74139],[-79.45431,43.74182]]},"properties":{"name":"Transit Rd","cls":"minor","len":10.5}},
{"type":"Feature","geometry":{"type":"LineString","coordinates":[[-79.34874,43.77909],[-79.34692,43.7795],[-79.34335,43.77989],[-79.34295,43.77984],[-79.34265,43.77973],[-79.34214,43.77931],[-79.34158,43.77868],[-79.34118,43.77806],[-79.341,43.77754],[-79.34098,43.77724],[-79.34114,43.77636],[-79.34111,43.77619]]},"properties":{"name":"Fairview Mall Dr","cls":"minor","len":10.3}},
{"type":"Feature","geometry":{"type":"LineString","coordinates":[[-79.33439,43.71],[-79.33122,43.71073],[-79.33088,43.71085],[-79.3306,43.71103],[-79.3304,43.71123],[-79.33026,43.71153],[-79.33024,43.71173],[-79.33028,43.71202],[-79.33053,43.7124],[-79.33131,43.71318],[-79.33281,43.71473],[-79.33301,43.71486],[-79.33352,43.71499],[-79.33374,43.71501],[-79.33419,43.71493]]},"properties":{"name":"Gateway Blvd","cls":"minor","len":10.2}},
{"type":"Feature","geometry":{"type":"LineString","coordinates":[[-79.39664,43.6983],[-79.39088,43.69949],[-79.38848,43.69999],[-79.38697,43.70031]]},"properties":{"name":"Davisville Ave","cls":"minor","len":9.9}},
{"type":"Feature","geometry":{"type":"LineString","coordinates":[[-79.45279,43.73338],[-79.45246,43.73278],[-79.4516,43.73197],[-79.45152,43.73168],[-79.45162,43.73139],[-79.45208,43.73092],[-79.45264,43.73046],[-79.45366,43.72998],[-79.45459,43.72969],[-79.45512,43.72973],[-79.45636,43.73017],[-79.45667,43.73023],[-79.45713,43.7302],[-79.45837,43.72993]]},"properties":{"name":"Billy Bishop Way","cls":"minor","len":9.9}},
{"type":"Feature","geometry":{"type":"LineString","coordinates":[[-79.5114,43.77244],[-79.51314,43.77206],[-79.51372,43.77188],[-79.51468,43.77138],[-79.51578,43.77043],[-79.51622,43.77013],[-79.51727,43.76959],[-79.51808,43.76933],[-79.51871,43.76918],[-79.52038,43.76883]]},"properties":{"name":"Shoreham Dr","cls":"minor","len":9.8}},
{"type":"Feature","geometry":{"type":"LineString","coordinates":[[-79.39211,43.64965],[-79.39265,43.65098],[-79.39338,43.65274],[-79.39386,43.65382],[-79.39403,43.65432],[-79.39512,43.65696],[-79.39588,43.65871]]},"properties":{"name":"Beverley St","cls":"minor","len":9.8}},
{"type":"Feature","geometry":{"type":"LineString","coordinates":[[-79.52329,43.69818],[-79.52488,43.69782],[-79.52856,43.69705],[-79.52966,43.69681],[-79.53274,43.69616]]},"properties":{"name":"Lawrence Ave W","cls":"minor","len":9.7}},
{"type":"Feature","geometry":{"type":"LineString","coordinates":[[-79.39664,43.6983],[-79.39804,43.69798],[-79.39867,43.69794],[-79.39942,43.69813],[-79.39981,43.69816],[-79.40071,43.69808],[-79.40203,43.6979],[-79.40324,43.69788],[-79.40484,43.69835],[-79.40611,43.69876]]},"properties":{"name":"Chaplin Cres","cls":"minor","len":9.7}},
{"type":"Feature","geometry":{"type":"LineString","coordinates":[[-79.35695,43.68393],[-79.35721,43.68399],[-79.35747,43.68422],[-79.35749,43.68492],[-79.35765,43.68529],[-79.35889,43.6865],[-79.3592,43.68663],[-79.35978,43.68664],[-79.36008,43.68671],[-79.36081,43.68712],[-79.36162,43.68768],[-79.36203,43.68832],[-79.36241,43.68875],[-79.36256,43.68882],[-79.36284,43.68883],[-79.36301,43.68875],[-79.36308,43.68863],[-79.36318,43.68809],[-79.36356,43.68793]]},"properties":{"name":"Pottery Rd","cls":"minor","len":9.6}},
{"type":"Feature","geometry":{"type":"LineString","coordinates":[[-79.5,43.76106],[-79.50052,43.76224],[-79.50113,43.76427],[-79.50133,43.76481],[-79.50142,43.76532],[-79.50132,43.76577],[-79.50105,43.76628],[-79.50106,43.76669],[-79.5012,43.76707],[-79.5017,43.76827],[-79.50249,43.77001]]},"properties":{"name":"Sentinel Rd","cls":"minor","len":9.6}},
{"type":"Feature","geometry":{"type":"LineString","coordinates":[[-79.58477,43.67203],[-79.58583,43.67191],[-79.5867,43.67195],[-79.58754,43.67212],[-79.58837,43.67246],[-79.58902,43.6729],[-79.58942,43.67334],[-79.58974,43.67385],[-79.59007,43.67469],[-79.59106,43.67689]]},"properties":{"name":"Carlingview Dr","cls":"minor","len":9}},
{"type":"Feature","geometry":{"type":"LineString","coordinates":[[-79.43256,43.65257],[-79.43455,43.65216],[-79.43827,43.65144],[-79.43977,43.65111],[-79.44,43.65101],[-79.44102,43.65028]]},"properties":{"name":"College St","cls":"minor","len":8.9}},
{"type":"Feature","geometry":{"type":"LineString","coordinates":[[-79.37672,43.66242],[-79.37306,43.66319],[-79.37216,43.66339],[-79.37152,43.66351],[-79.37052,43.66372],[-79.36798,43.66429]]},"properties":{"name":"Carlton St","cls":"minor","len":8.9}},
{"type":"Feature","geometry":{"type":"LineString","coordinates":[[-79.38456,43.66493],[-79.38718,43.66437],[-79.39061,43.66359],[-79.39274,43.66313],[-79.3932,43.66308]]},"properties":{"name":"Wellesley St W","cls":"minor","len":8.8}},
{"type":"Feature","geometry":{"type":"LineString","coordinates":[[-79.43428,43.63247],[-79.43436,43.6328],[-79.43457,43.63337],[-79.43479,43.63397],[-79.43604,43.63718],[-79.43693,43.6396],[-79.43728,43.64045]]},"properties":{"name":"Jameson Ave","cls":"minor","len":8.5}},
{"type":"Feature","geometry":{"type":"LineString","coordinates":[[-79.40871,43.63448],[-79.40906,43.63487],[-79.40963,43.63626],[-79.41006,43.63737],[-79.41085,43.63929],[-79.41147,43.64076],[-79.41175,43.64145],[-79.41197,43.64204]]},"properties":{"name":"Strachan Ave","cls":"minor","len":8.3}},
{"type":"Feature","geometry":{"type":"LineString","coordinates":[[-79.34172,43.67127],[-79.3427,43.67365],[-79.343,43.67436],[-79.3433,43.67511],[-79.34425,43.6774],[-79.34487,43.67893]]},"properties":{"name":"Pape Ave","cls":"minor","len":8.3}},
{"type":"Feature","geometry":{"type":"LineString","coordinates":[[-79.47594,43.69931],[-79.47842,43.69876],[-79.47894,43.69871],[-79.47955,43.69881],[-79.47991,43.69878],[-79.48068,43.69861],[-79.48106,43.69859],[-79.48153,43.69869],[-79.48192,43.69862],[-79.48245,43.69845],[-79.4833,43.6979],[-79.48386,43.69776]]},"properties":{"name":"Gulliver Rd","cls":"minor","len":8.2}},
{"type":"Feature","geometry":{"type":"LineString","coordinates":[[-79.40324,43.69788],[-79.40406,43.7],[-79.40481,43.70183],[-79.40505,43.70233],[-79.40539,43.70324],[-79.40611,43.70509]]},"properties":{"name":"Oriole Pkwy","cls":"minor","len":7.8}},
{"type":"Feature","geometry":{"type":"LineString","coordinates":[[-79.3821,43.65909],[-79.38486,43.65849],[-79.38565,43.65832],[-79.38638,43.65818],[-79.3895,43.65755]]},"properties":{"name":"Gerrard St W","cls":"minor","len":7.6}},
{"type":"Feature","geometry":{"type":"LineString","coordinates":[[-79.32851,43.71904],[-79.32801,43.71918],[-79.32781,43.71935],[-79.32785,43.7196],[-79.32819,43.72034],[-79.32821,43.72069],[-79.32792,43.72167],[-79.32743,43.72237],[-79.3271,43.72259],[-79.32667,43.72273],[-79.32585,43.72279],[-79.32483,43.72307],[-79.32468,43.72316],[-79.32457,43.72334],[-79.32459,43.72353],[-79.32471,43.7237]]},"properties":{"name":"St Dennis Dr","cls":"minor","len":7.6}},
{"type":"Feature","geometry":{"type":"MultiLineString","coordinates":[[[-79.38247,43.64529],[-79.38274,43.64597],[-79.38302,43.64661],[-79.38355,43.64793],[-79.3838,43.64856],[-79.38407,43.64919],[-79.3846,43.65045],[-79.38491,43.65121]],[[-79.38004,43.64003],[-79.38042,43.64041],[-79.38065,43.6409]]]},"properties":{"name":"York St","cls":"minor","len":7.5}},
{"type":"Feature","geometry":{"type":"LineString","coordinates":[[-79.33147,43.77123],[-79.33293,43.77091],[-79.33452,43.77057],[-79.33476,43.77062],[-79.33572,43.77173],[-79.33623,43.77291],[-79.33667,43.7739]]},"properties":{"name":"Yorkland Blvd","cls":"minor","len":7.2}},
{"type":"Feature","geometry":{"type":"LineString","coordinates":[[-79.39738,43.66803],[-79.39789,43.66924],[-79.39813,43.66984],[-79.39827,43.67032],[-79.39831,43.67067],[-79.39853,43.67124],[-79.39885,43.67199],[-79.39913,43.67269],[-79.39984,43.67437]]},"properties":{"name":"Bedford Rd","cls":"minor","len":6.8}},
{"type":"Feature","geometry":{"type":"LineString","coordinates":[[-79.27807,43.68878],[-79.27781,43.68919],[-79.27733,43.69007],[-79.27656,43.69067],[-79.27524,43.69165],[-79.27429,43.69233],[-79.27381,43.6927],[-79.27335,43.69308],[-79.2732,43.69328]]},"properties":{"name":"Clonmore Dr","cls":"minor","len":6.7}},
{"type":"Feature","geometry":{"type":"LineString","coordinates":[[-79.52302,43.71773],[-79.52447,43.72102],[-79.52571,43.72385]]},"properties":{"name":"Clayson Rd","cls":"minor","len":6.7}},
{"type":"Feature","geometry":{"type":"LineString","coordinates":[[-79.47594,43.69931],[-79.47572,43.69945],[-79.46942,43.70086]]},"properties":{"name":"Ingram Dr","cls":"minor","len":6.7}},
{"type":"Feature","geometry":{"type":"LineString","coordinates":[[-79.28406,43.68081],[-79.28528,43.68377],[-79.28658,43.6869]]},"properties":{"name":"Victoria Park Ave","cls":"minor","len":6.6}},
{"type":"Feature","geometry":{"type":"LineString","coordinates":[[-79.59106,43.67689],[-79.58785,43.67767],[-79.58497,43.67834]]},"properties":{"name":"International Blvd","cls":"minor","len":6.3}},
{"type":"Feature","geometry":{"type":"LineString","coordinates":[[-79.37048,43.76834],[-79.36748,43.7691],[-79.36617,43.76933],[-79.36488,43.76942],[-79.36428,43.76942]]},"properties":{"name":"Esther Shiner Blvd","cls":"minor","len":6.3}},
{"type":"Feature","geometry":{"type":"LineString","coordinates":[[-79.56604,43.76058],[-79.56679,43.76087],[-79.56706,43.76095],[-79.56731,43.76096],[-79.56942,43.76051],[-79.57006,43.76043],[-79.5718,43.76004]]},"properties":{"name":"Millwick Dr","cls":"minor","len":5.9}},
{"type":"Feature","geometry":{"type":"LineString","coordinates":[[-79.36542,43.64518],[-79.36574,43.64563],[-79.36607,43.6463],[-79.36613,43.64644],[-79.36648,43.64724],[-79.3673,43.64905],[-79.36789,43.65039]]},"properties":{"name":"Lower Sherbourne St","cls":"minor","len":5.8}},
{"type":"Feature","geometry":{"type":"LineString","coordinates":[[-79.45108,43.6711],[-79.45199,43.67219],[-79.45319,43.67342],[-79.45437,43.67446],[-79.45476,43.67536]]},"properties":{"name":"Caledonia Park Rd","cls":"minor","len":5.7}},
{"type":"Feature","geometry":{"type":"LineString","coordinates":[[-79.35574,43.69216],[-79.35497,43.69233],[-79.35223,43.69286],[-79.3512,43.69305],[-79.35029,43.69324]]},"properties":{"name":"O'Connor Dr","cls":"minor","len":5.6}},
{"type":"Feature","geometry":{"type":"LineString","coordinates":[[-79.45122,43.66574],[-79.45179,43.66713],[-79.45207,43.66778],[-79.45304,43.67019],[-79.45326,43.67072]]},"properties":{"name":"Symington Ave","cls":"minor","len":5.4}},
{"type":"Feature","geometry":{"type":"LineString","coordinates":[[-79.3976,43.6772],[-79.39835,43.67705],[-79.39938,43.67681],[-79.40055,43.67637],[-79.40065,43.67631],[-79.40257,43.6758]]},"properties":{"name":"Dupont St","cls":"minor","len":5.2}},
{"type":"Feature","geometry":{"type":"LineString","coordinates":[[-79.52066,43.75677],[-79.52146,43.75828],[-79.52156,43.7586],[-79.52152,43.75906],[-79.52084,43.75998],[-79.52066,43.76034],[-79.52074,43.76114],[-79.5206,43.76143]]},"properties":{"name":"York Gate Blvd","cls":"minor","len":5.2}},
{"type":"Feature","geometry":{"type":"LineString","coordinates":[[-79.35387,43.77937],[-79.35237,43.77897],[-79.35133,43.77884],[-79.35045,43.77886],[-79.34874,43.77909]]},"properties":{"name":"Esterbrooke Ave","cls":"minor","len":5.2}},
{"type":"Feature","geometry":{"type":"LineString","coordinates":[[-79.3635,43.71037],[-79.3606,43.71099],[-79.35853,43.71144]]},"properties":{"name":"Wicksteed Ave","cls":"minor","len":5.1}},
{"type":"Feature","geometry":{"type":"LineString","coordinates":[[-79.17296,43.78188],[-79.17245,43.78219],[-79.17065,43.78333],[-79.16936,43.78414],[-79.16875,43.78454]]},"properties":{"name":"Old Kingston Rd","cls":"minor","len":5}},
{"type":"Feature","geometry":{"type":"LineString","coordinates":[[-79.38899,43.67559],[-79.38838,43.67575],[-79.38785,43.67578],[-79.3876,43.67569],[-79.38752,43.67559],[-79.38719,43.67455],[-79.38712,43.67441],[-79.38686,43.67415],[-79.38638,43.67386],[-79.38537,43.67361]]},"properties":{"name":"Aylmer Ave","cls":"minor","len":4.8}},
{"type":"Feature","geometry":{"type":"LineString","coordinates":[[-79.3939,43.66502],[-79.39422,43.665],[-79.39844,43.66411]]},"properties":{"name":"Hoskin Ave","cls":"minor","len":4.6}},
{"type":"Feature","geometry":{"type":"LineString","coordinates":[[-79.32844,43.65924],[-79.32904,43.66055],[-79.32948,43.66155],[-79.3302,43.66325]]},"properties":{"name":"Leslie St","cls":"minor","len":4.4}},
{"type":"Feature","geometry":{"type":"LineString","coordinates":[[-79.31482,43.66228],[-79.31536,43.6635],[-79.31549,43.66382],[-79.31622,43.66549],[-79.31656,43.66634]]},"properties":{"name":"Emdaabiimok Ave","cls":"minor","len":4.4}},
{"type":"Feature","geometry":{"type":"LineString","coordinates":[[-79.39334,43.64134],[-79.39188,43.64165],[-79.39115,43.64181],[-79.39101,43.64192],[-79.39093,43.64231],[-79.39093,43.64255],[-79.39099,43.64278],[-79.39129,43.64342]]},"properties":{"name":"Blue Jays Way","cls":"minor","len":4}},
{"type":"Feature","geometry":{"type":"LineString","coordinates":[[-79.38899,43.67559],[-79.3905,43.67525],[-79.39241,43.67486],[-79.39275,43.67478],[-79.3929,43.6747]]},"properties":{"name":"Belmont St","cls":"minor","len":4}},
{"type":"Feature","geometry":{"type":"LineString","coordinates":[[-79.56237,43.62734],[-79.56235,43.62722],[-79.56219,43.62706],[-79.56189,43.627],[-79.56063,43.62721],[-79.5589,43.62716]]},"properties":{"name":"West Mall Cres","cls":"minor","len":3.7}},
{"type":"Feature","geometry":{"type":"LineString","coordinates":[[-79.37734,43.64783],[-79.3746,43.64844],[-79.37383,43.6486]]},"properties":{"name":"Wellington St E","cls":"minor","len":3.6}},
{"type":"Feature","geometry":{"type":"LineString","coordinates":[[-79.54058,43.64064],[-79.54034,43.64012],[-79.53967,43.63958],[-79.53911,43.63895],[-79.53881,43.6388],[-79.53798,43.63853]]},"properties":{"name":"Aukland Rd","cls":"minor","len":3.5}},
{"type":"Feature","geometry":{"type":"LineString","coordinates":[[-79.35853,43.71144],[-79.35909,43.71285],[-79.3598,43.71461]]},"properties":{"name":"Brentcliffe Rd","cls":"minor","len":3.4}},
{"type":"Feature","geometry":{"type":"LineString","coordinates":[[-79.44652,43.78905],[-79.44655,43.78934],[-79.44691,43.78954],[-79.447,43.78968],[-79.44711,43.79019],[-79.44757,43.79206]]},"properties":{"name":"Carpenter Rd","cls":"minor","len":3.3}},
{"type":"Feature","geometry":{"type":"MultiLineString","coordinates":[[[-79.40748,43.67586],[-79.4081,43.67574],[-79.40966,43.6754],[-79.4098,43.67544]],[[-79.40298,43.67681],[-79.40368,43.67668]]]},"properties":{"name":"Macpherson Ave","cls":"minor","len":3.1}},
{"type":"Feature","geometry":{"type":"LineString","coordinates":[[-79.16638,43.78269],[-79.16724,43.78338],[-79.16849,43.78436],[-79.16875,43.78454]]},"properties":{"name":"Highland Creek Overpass","cls":"minor","len":3}},
{"type":"Feature","geometry":{"type":"LineString","coordinates":[[-79.54982,43.63038],[-79.55,43.6307],[-79.55023,43.63091],[-79.55087,43.63122],[-79.55131,43.63137],[-79.55163,43.63143],[-79.55192,43.63144],[-79.55234,43.63134]]},"properties":{"name":"East Mall Cres","cls":"minor","len":2.9}},
{"type":"Feature","geometry":{"type":"LineString","coordinates":[[-79.37134,43.77034],[-79.37099,43.76946],[-79.37048,43.76834],[-79.37034,43.76795]]},"properties":{"name":"Provost Dr","cls":"minor","len":2.6}},
{"type":"Feature","geometry":{"type":"LineString","coordinates":[[-79.40464,43.69503],[-79.40501,43.696],[-79.40539,43.69696],[-79.40558,43.69749]]},"properties":{"name":"Avenue Rd","cls":"minor","len":2.6}},
{"type":"Feature","geometry":{"type":"LineString","coordinates":[[-79.33667,43.7739],[-79.33779,43.77519],[-79.33783,43.77538],[-79.33775,43.77583]]},"properties":{"name":"Yorkland Rd","cls":"minor","len":2.4}},
{"type":"Feature","geometry":{"type":"LineString","coordinates":[[-79.34403,43.67074],[-79.34184,43.67118],[-79.34172,43.67127]]},"properties":{"name":"Riverdale Ave","cls":"minor","len":2.4}},
{"type":"Feature","geometry":{"type":"LineString","coordinates":[[-79.40876,43.67885],[-79.41067,43.67835],[-79.41082,43.67825]]},"properties":{"name":"Austin Ter","cls":"minor","len":2.2}},
{"type":"Feature","geometry":{"type":"LineString","coordinates":[[-79.32151,43.77193],[-79.32038,43.77218],[-79.32023,43.77203],[-79.31996,43.7714]]},"properties":{"name":"Meadowacres Dr","cls":"minor","len":2.1}},
{"type":"Feature","geometry":{"type":"LineString","coordinates":[[-79.40302,43.69078],[-79.40487,43.69038]]},"properties":{"name":"Lonsdale Rd","cls":"minor","len":1.9}},
{"type":"Feature","geometry":{"type":"LineString","coordinates":[[-79.26086,43.71483],[-79.26133,43.71653]]},"properties":{"name":"Kennedy Rd","cls":"minor","len":1.8}},
{"type":"Feature","geometry":{"type":"LineString","coordinates":[[-79.38476,43.67218],[-79.38487,43.67246],[-79.38482,43.67263],[-79.38438,43.67309],[-79.384,43.67353]]},"properties":{"name":"Park Rd","cls":"minor","len":1.7}},
{"type":"Feature","geometry":{"type":"LineString","coordinates":[[-79.52406,43.72423],[-79.52571,43.72385]]},"properties":{"name":"Huxley Rd","cls":"minor","len":1.7}},
{"type":"Feature","geometry":{"type":"LineString","coordinates":[[-79.37466,43.64194],[-79.37521,43.64276],[-79.37547,43.64333]]},"properties":{"name":"Yonge St","cls":"minor","len":1.6}},
{"type":"Feature","geometry":{"type":"LineString","coordinates":[[-79.41058,43.76004],[-79.4112,43.75984],[-79.41215,43.75961]]},"properties":{"name":"Poyntz Ave","cls":"minor","len":1.6}},
{"type":"Feature","geometry":{"type":"LineString","coordinates":[[-79.41037,43.67684],[-79.41082,43.67801],[-79.41082,43.67825]]},"properties":{"name":"Walmer Rd","cls":"minor","len":1.5}},
{"type":"Feature","geometry":{"type":"LineString","coordinates":[[-79.4098,43.67544],[-79.41037,43.67684]]},"properties":{"name":"Kendal Ave","cls":"minor","len":1.5}},
{"type":"Feature","geometry":{"type":"LineString","coordinates":[[-79.58497,43.67834],[-79.58462,43.6776],[-79.58437,43.67738]]},"properties":{"name":"Galaxy Blvd","cls":"minor","len":1.2}},
{"type":"Feature","geometry":{"type":"LineString","coordinates":[[-79.37684,43.64115],[-79.37746,43.64208]]},"properties":{"name":"Bay St","cls":"minor","len":1.1}},
{"type":"Feature","geometry":{"type":"LineString","coordinates":[[-79.3915,43.64075],[-79.39188,43.64165]]},"properties":{"name":"Navy Wharf Crt","cls":"minor","len":1}},
{"type":"Feature","geometry":{"type":"LineString","coordinates":[[-79.27381,43.6927],[-79.27304,43.69287]]},"properties":{"name":"Hollis Ave","cls":"minor","len":0.8}},
{"type":"Feature","geometry":{"type":"LineString","coordinates":[[-79.38343,43.64508],[-79.38368,43.6457]]},"properties":{"name":"University Ave","cls":"minor","len":0.7}},
{"type":"Feature","geometry":{"type":"LineString","coordinates":[[-79.30588,43.6946],[-79.30603,43.69493]]},"properties":{"name":"Chisholm Ave","cls":"minor","len":0.4}}
]}