{"asof":"2026-10-10","week":"2026-10-12","type":"FeatureCollection","features":[{"type":"Feature","properties":{"r":"7","n":"Bathurst","m":"bus","f":["freq"],"day":true,"h":9},"geometry":{"type":"MultiLineString","coordinates":[[[-79.44618,43.79016],[-79.4471,43.79018],[-79.44758,43.79201],[-79.44104,43.79345],[-79.44062,43.79246],[-79.44156,43.7921],[-79.44261,43.79131],[-79.4437,43.79091]],[[-79.44409,43.79082],[-79.44537,43.79082],[-79.44566,43.79019],[-79.44659,43.78895],[-79.44662,43.78811],[-79.44144,43.76769],[-79.43603,43.74528],[-79.43319,43.73408],[-79.4298,43.71925],[-79.4259,43.70333],[-79.4256,43.70111],[-79.41842,43.68349],[-79.41184,43.66678],[-79.41145,43.66687],[-79.41122,43.66671],[-79.41092,43.66584],[-79.41131,43.66573]]]}},{"type":"Feature","properties":{"r":"8","n":"Broadview","m":"bus","f":["reg"],"day":true,"h":20},"geometry":{"type":"MultiLineString","coordinates":[[[-79.35782,43.67715],[-79.35852,43.67662],[-79.35883,43.67677],[-79.35656,43.6852],[-79.35487,43.68954],[-79.35585,43.69194],[-79.35573,43.69215],[-79.34334,43.6946],[-79.34284,43.6949],[-79.3196,43.69984],[-79.3189,43.70023],[-79.31563,43.70277],[-79.31352,43.7046],[-79.31284,43.7054],[-79.29739,43.70885],[-79.29599,43.70878],[-79.29288,43.70938],[-79.27838,43.71266]]]}},{"type":"Feature","properties":{"r":"9","n":"Bellamy","m":"bus","f":["reg"],"day":true,"h":21},"geometry":{"type":"MultiLineString","coordinates":[[[-79.25754,43.77437],[-79.25871,43.77411],[-79.25898,43.77428],[-79.25658,43.77488],[-79.25518,43.77495],[-79.25257,43.77543],[-79.25223,43.77457],[-79.25042,43.77501],[-79.25024,43.77527],[-79.25052,43.77666],[-79.24878,43.77707],[-79.2478,43.77748],[-79.24692,43.7781],[-79.24537,43.77964],[-79.24481,43.77993],[-79.24383,43.78015],[-79.2421,43.77575],[-79.24135,43.77292],[-79.23525,43.75771],[-79.23522,43.75641],[-79.22931,43.74238],[-79.2326,43.7416],[-79.23204,43.74025],[-79.23835,43.73885],[-79.23726,43.73665],[-79.2324,43.72515],[-79.23601,43.72203],[-79.25129,43.71876],[-79.2647,43.71578],[-79.27111,43.71415],[-79.28155,43.71192]]]}},{"type":"Feature","properties":{"r":"10","n":"Van Horne","m":"bus","f":["reg"],"day":true,"h":null},"geometry":{"type":"MultiLineString","coordinates":[[[-79.35303,43.78676],[-79.35303,43.78648],[-79.35347,43.78551],[-79.3535,43.78511],[-79.35244,43.78309],[-79.3519,43.78119],[-79.35113,43.78052],[-79.34967,43.77999],[-79.3492,43.77966]],[[-79.34684,43.77563],[-79.34699,43.77603],[-79.3468,43.77622],[-79.34687,43.77647],[-79.34715,43.77659],[-79.34763,43.77651],[-79.34873,43.77908],[-79.34882,43.77987],[-79.34827,43.78131],[-79.34843,43.78199],[-79.35,43.78376],[-79.35094,43.78575],[-79.35243,43.7867],[-79.35302,43.78734],[-79.35016,43.78796],[-79.34882,43.78798],[-79.34752,43.78764],[-79.34507,43.78651],[-79.34365,43.78632],[-79.34077,43.7867],[-79.32957,43.78924],[-79.32792,43.78572],[-79.33337,43.78451],[-79.33501,43.78802]],[[-79.34643,43.77606],[-79.34518,43.77606],[-79.34504,43.77592],[-79.34645,43.77555]]]}},{"type":"Feature","properties":{"r":"11","n":"Bayview","m":"bus","f":["reg"],"day":true,"h":10},"geometry":{"type":"MultiLineString","coordinates":[[[-79.39737,43.80333],[-79.39759,43.80411],[-79.39714,43.8042],[-79.39635,43.80345],[-79.39598,43.80257],[-79.39359,43.79229],[-79.39191,43.78386],[-79.38804,43.76658],[-79.38691,43.76236],[-79.38582,43.75622],[-79.38257,43.74005],[-79.3811,43.73199],[-79.38134,43.73064],[-79.38218,43.72757],[-79.38164,43.72663],[-79.381,43.72607],[-79.38023,43.72564],[-79.37982,43.72509],[-79.37893,43.72097],[-79.3781,43.7212],[-79.37769,43.7217],[-79.37526,43.72218],[-79.37512,43.72231],[-79.37537,43.72268],[-79.37805,43.72213],[-79.37787,43.72158],[-79.37796,43.72134],[-79.37817,43.72116],[-79.37893,43.72097],[-79.37808,43.71671],[-79.37715,43.71103],[-79.37412,43.70299],[-79.39707,43.69819],[-79.39678,43.69746]],[[-79.38149,43.72709],[-79.38163,43.72761],[-79.38156,43.72854]],[[-79.37821,43.7225],[-79.37876,43.72379],[-79.37912,43.72374]]]}},{"type":"Feature","properties":{"r":"12","n":"Kingston Rd","m":"bus","f":["reg"],"day":true,"h":11},"geometry":{"type":"MultiLineString","coordinates":[[[-79.28806,43.69308],[-79.28853,43.69444],[-79.28956,43.69423],[-79.28405,43.6808],[-79.28306,43.68093],[-79.28141,43.68142],[-79.27855,43.68254],[-79.26829,43.6895],[-79.26394,43.69193],[-79.26233,43.69305],[-79.264,43.69699],[-79.25829,43.69914],[-79.25507,43.70096],[-79.25445,43.70145],[-79.25306,43.70328],[-79.25277,43.70395],[-79.25129,43.70634],[-79.24819,43.71112],[-79.24697,43.7124],[-79.24036,43.71823],[-79.24807,43.73669],[-79.25594,43.73499],[-79.2567,43.73504],[-79.25759,43.73488],[-79.25833,43.73462],[-79.2585,43.73445],[-79.26605,43.73267],[-79.26609,43.73294],[-79.26593,43.73308],[-79.2634,43.73348],[-79.26301,43.73254],[-79.26392,43.73224]],[[-79.28447,43.68078],[-79.28505,43.68071],[-79.28535,43.6814],[-79.28477,43.68151]],[[-79.26201,43.69332],[-79.2576,43.69669],[-79.25627,43.6981],[-79.25467,43.70077]],[[-79.25392,43.70273],[-79.25497,43.70198],[-79.25646,43.70063]],[[-79.24004,43.71849],[-79.22617,43.73054],[-79.21029,43.74501],[-79.18686,43.77061],[-79.18913,43.77579],[-79.18987,43.7771],[-79.19334,43.78534],[-79.18831,43.78658],[-79.19103,43.78807],[-79.19436,43.78928]],[[-79.19415,43.78878],[-79.19369,43.7877],[-79.19353,43.78569]]]}},{"type":"Feature","properties":{"r":"13","n":"Avenue Rd","m":"bus","f":["reg"],"day":true,"h":23},"geometry":{"type":"MultiLineString","coordinates":[[[-79.40376,43.69798],[-79.40616,43.69878],[-79.40852,43.7046],[-79.40651,43.70502]],[[-79.39851,43.70472],[-79.39864,43.70526],[-79.39879,43.70539],[-79.40007,43.70568],[-79.40027,43.70634],[-79.40612,43.7051],[-79.40302,43.69734],[-79.40239,43.69549],[-79.40231,43.69488],[-79.40112,43.69175],[-79.40124,43.69141],[-79.40157,43.69107],[-79.403,43.69078],[-79.40307,43.69063],[-79.39314,43.66636],[-79.39323,43.66594],[-79.39383,43.66531],[-79.39384,43.6648],[-79.39309,43.66276],[-79.39204,43.66112],[-79.39154,43.66076],[-79.39096,43.66058],[-79.39061,43.66065],[-79.39019,43.66101]],[[-79.38999,43.66136],[-79.38989,43.6617],[-79.39139,43.66548],[-79.39192,43.66594],[-79.39279,43.66609]],[[-79.39065,43.66023],[-79.38895,43.65634],[-79.38587,43.65698]],[[-79.38604,43.65735],[-79.3864,43.65817],[-79.38907,43.65761]]]}},{"type":"Feature","properties":{"r":"14","n":"Glencairn","m":"bus","f":["reg"],"day":true,"h":27},"geometry":{"type":"MultiLineString","coordinates":[[[-79.46479,43.70464],[-79.45446,43.70695],[-79.45317,43.70697],[-79.42813,43.71232],[-79.42636,43.70519],[-79.42397,43.70567],[-79.42374,43.70517],[-79.42325,43.70472],[-79.42022,43.70376],[-79.41917,43.70358],[-79.41737,43.70271],[-79.41503,43.70182],[-79.40366,43.69794],[-79.40221,43.69788],[-79.3998,43.69815],[-79.39858,43.69793],[-79.39707,43.69819],[-79.39678,43.69746]],[[-79.46068,43.70515],[-79.46022,43.70412],[-79.4645,43.70322],[-79.46471,43.70425]]]}},{"type":"Feature","properties":{"r":"15","n":"Evans","m":"bus","f":["reg"],"day":true,"h":25},"geometry":{"type":"MultiLineString","coordinates":[[[-79.51103,43.6483],[-79.51107,43.64812],[-79.51163,43.64799],[-79.50871,43.64072],[-79.50868,43.63973],[-79.5085,43.63895],[-79.50824,43.63844],[-79.50741,43.63757],[-79.50704,43.63694],[-79.50262,43.62633],[-79.50112,43.62304],[-79.50039,43.62101],[-79.50939,43.61903],[-79.51189,43.61825],[-79.51414,43.61801],[-79.52295,43.6161],[-79.52747,43.61551],[-79.55625,43.60902],[-79.55865,43.60834],[-79.55934,43.60898],[-79.56026,43.60941],[-79.55973,43.60993],[-79.5589,43.60983],[-79.55762,43.60998]]]}},{"type":"Feature","properties":{"r":"16","n":"McCowan","m":"bus","f":["reg"],"day":true,"h":10},"geometry":{"type":"MultiLineString","coordinates":[[[-79.28049,43.71076],[-79.28099,43.71204],[-79.2715,43.71408]],[[-79.25754,43.77437],[-79.25871,43.77411],[-79.25898,43.77428],[-79.25658,43.77488],[-79.25518,43.77495],[-79.25257,43.77543],[-79.25167,43.77313],[-79.25149,43.77213],[-79.25075,43.77004],[-79.24562,43.75686],[-79.24539,43.75526],[-79.24437,43.75271],[-79.24459,43.74577],[-79.24475,43.74435],[-79.24536,43.74195],[-79.24558,43.73838],[-79.24615,43.73709],[-79.24737,43.73517],[-79.24864,43.73334],[-79.25159,43.7296],[-79.25395,43.72482],[-79.25875,43.71878],[-79.25991,43.71684],[-79.2647,43.71578],[-79.27111,43.71415],[-79.26813,43.707],[-79.26997,43.70394],[-79.27273,43.70018],[-79.27579,43.69953],[-79.28034,43.71039]]]}},{"type":"Feature","properties":{"r":"17","n":"Birchmount","m":"bus","f":["reg"],"day":true,"h":17},"geometry":{"type":"MultiLineString","coordinates":[[[-79.32519,43.82123],[-79.32516,43.82109],[-79.32477,43.82083],[-79.32442,43.81962],[-79.31691,43.82138],[-79.30799,43.80172],[-79.30671,43.80033],[-79.30625,43.79966],[-79.29897,43.7827],[-79.2975,43.78002],[-79.29142,43.76575],[-79.29127,43.76513],[-79.29151,43.76407],[-79.29135,43.76342],[-79.27843,43.73177],[-79.27744,43.72859],[-79.27181,43.7156],[-79.27085,43.71367],[-79.26813,43.707],[-79.26997,43.70394],[-79.27273,43.70018],[-79.2758,43.69954],[-79.28034,43.71039]],[[-79.32399,43.85631],[-79.32535,43.85623],[-79.3259,43.85756],[-79.32453,43.85787],[-79.32399,43.85631]],[[-79.32399,43.85631],[-79.32389,43.85479],[-79.32419,43.85404],[-79.32513,43.8525],[-79.32531,43.85153],[-79.32523,43.85064],[-79.32476,43.84938],[-79.32071,43.84067],[-79.31959,43.83756],[-79.31929,43.83415],[-79.3173,43.82849],[-79.31732,43.82793],[-79.31812,43.82462],[-79.31804,43.824],[-79.31707,43.82175]],[[-79.31493,43.8161],[-79.31651,43.81571],[-79.31724,43.81575],[-79.31776,43.81596],[-79.31801,43.81625],[-79.31807,43.81657],[-79.31764,43.81788],[-79.31759,43.81847],[-79.31804,43.81964],[-79.31834,43.81994],[-79.31887,43.82012],[-79.32015,43.81994],[-79.32026,43.82018]],[[-79.28049,43.71076],[-79.28099,43.71204],[-79.2715,43.71408]]]}},{"type":"Feature","properties":{"r":"18","n":"Caledonia","m":"bus","f":["reg"],"day":true,"h":18},"geometry":{"type":"MultiLineString","coordinates":[[[-79.45678,43.7237],[-79.45739,43.72356],[-79.45748,43.72337],[-79.45734,43.72319],[-79.45677,43.72324],[-79.45617,43.72046],[-79.46778,43.71785]],[[-79.44863,43.72574],[-79.44827,43.72488],[-79.45529,43.72337],[-79.45554,43.72399],[-79.45638,43.72393],[-79.45681,43.72418],[-79.45708,43.72467],[-79.45769,43.7272],[-79.45964,43.72681],[-79.46085,43.72613],[-79.46987,43.72411],[-79.46763,43.71573],[-79.46581,43.70824],[-79.46464,43.70411],[-79.46436,43.70192],[-79.46312,43.69675],[-79.46324,43.69606],[-79.46215,43.69314],[-79.46221,43.69303],[-79.46326,43.69278],[-79.46486,43.69208],[-79.46515,43.69216]],[[-79.4632,43.6932],[-79.46384,43.69471],[-79.46319,43.69486]],[[-79.4573,43.72728],[-79.45613,43.72776],[-79.45218,43.72862],[-79.45152,43.72854],[-79.44945,43.72757],[-79.44877,43.72611]]]}},{"type":"Feature","properties":{"r":"19","n":"Bay","m":"bus","f":["reg"],"day":true,"h":25},"geometry":{"type":"MultiLineString","coordinates":[[[-79.40206,43.67547],[-79.40258,43.6758],[-79.40054,43.67637],[-79.39989,43.67494],[-79.39983,43.67437],[-79.39833,43.67437],[-79.39392,43.67518],[-79.39153,43.67391],[-79.39082,43.67319],[-79.3908,43.6728],[-79.38637,43.66246],[-79.38607,43.66138],[-79.38232,43.65214],[-79.3817,43.65189],[-79.38154,43.6517],[-79.38027,43.64864],[-79.37792,43.64915],[-79.37697,43.64688],[-79.37754,43.64647],[-79.37847,43.6461]],[[-79.40024,43.67444],[-79.40073,43.67461],[-79.40173,43.67525]],[[-79.37886,43.64603],[-79.37912,43.64598],[-79.38009,43.64827]]]}},{"type":"Feature","properties":{"r":"20","n":"Cliffside","m":"bus","f":["reg"],"day":true,"h":19},"geometry":{"type":"MultiLineString","coordinates":[[[-79.30195,43.68915],[-79.30129,43.68932],[-79.30101,43.68916],[-79.30113,43.68898],[-79.302,43.6887],[-79.30182,43.68814],[-79.27895,43.6933],[-79.26374,43.69644],[-79.26447,43.69817],[-79.26342,43.6984],[-79.26417,43.70016],[-79.25794,43.7016],[-79.25574,43.70251],[-79.25869,43.70966],[-79.25423,43.71065],[-79.25377,43.71088],[-79.25319,43.71088],[-79.2485,43.71193],[-79.25121,43.71858],[-79.25809,43.73452],[-79.26605,43.73267],[-79.26609,43.73294],[-79.26593,43.73308],[-79.2634,43.73348],[-79.26295,43.73239],[-79.26419,43.73199],[-79.26413,43.73181],[-79.2643,43.73148],[-79.26277,43.7313],[-79.26261,43.73139],[-79.26298,43.73208],[-79.26373,43.73188]]]}},{"type":"Feature","properties":{"r":"21","n":"Brimley","m":"bus","f":["reg"],"day":true,"h":17},"geometry":{"type":"MultiLineString","coordinates":[[[-79.28686,43.82947],[-79.2872,43.82942],[-79.28719,43.82769],[-79.28701,43.82707],[-79.27724,43.80537],[-79.27688,43.80488],[-79.27606,43.80431],[-79.27574,43.80386],[-79.2693,43.78906],[-79.26754,43.78635],[-79.26241,43.77333],[-79.26112,43.77361],[-79.25835,43.7745],[-79.25613,43.77492],[-79.2562,43.77469],[-79.25712,43.77444],[-79.25871,43.77411],[-79.25898,43.77428],[-79.26241,43.77333],[-79.26155,43.7711],[-79.26098,43.76887],[-79.25593,43.75591],[-79.25535,43.75352],[-79.24883,43.73788],[-79.24807,43.73669],[-79.25588,43.735],[-79.25685,43.73516],[-79.25763,43.73505],[-79.25821,43.73487],[-79.25862,43.73443],[-79.26605,43.73267],[-79.2661,43.73289],[-79.26593,43.73308],[-79.26529,43.7331],[-79.26345,43.73349],[-79.26328,43.73337],[-79.26295,43.73239],[-79.26419,43.73199],[-79.26413,43.73181],[-79.2643,43.73148],[-79.26265,43.73132],[-79.26292,43.73205],[-79.2631,43.73208]]]}},{"type":"Feature","properties":{"r":"22","n":"Coxwell","m":"bus","f":["freq"],"day":true,"h":10},"geometry":{"type":"MultiLineString","coordinates":[[[-79.32321,43.68412],[-79.32311,43.68434],[-79.32396,43.68416],[-79.31659,43.66635],[-79.31258,43.66724],[-79.31262,43.66671]],[[-79.31287,43.6664],[-79.31308,43.66622],[-79.3162,43.66549],[-79.3164,43.66598]]]}},{"type":"Feature","properties":{"r":"23","n":"Dawes","m":"bus","f":["reg"],"day":true,"h":10},"geometry":{"type":"MultiLineString","coordinates":[[[-79.30561,43.7046],[-79.30655,43.70532],[-79.30713,43.70666],[-79.29709,43.70888],[-79.29599,43.70878],[-79.29509,43.70675],[-79.29536,43.70662],[-79.29548,43.70605],[-79.29671,43.70391],[-79.2969,43.70302],[-79.29707,43.6978],[-79.29746,43.69567],[-79.29677,43.6893],[-79.30183,43.68814],[-79.30226,43.68908],[-79.30161,43.68924]],[[-79.29583,43.70631],[-79.2968,43.7061],[-79.29981,43.70418],[-79.30102,43.70398],[-79.30189,43.70333],[-79.30471,43.70265],[-79.3054,43.70426]]]}},{"type":"Feature","properties":{"r":"24","n":"Victoria Park","m":"bus","f":["freq"],"day":true,"h":7},"geometry":{"type":"MultiLineString","coordinates":[[[-79.3451,43.77583],[-79.34658,43.77552],[-79.34684,43.77563],[-79.34699,43.77603],[-79.34673,43.77623],[-79.34591,43.77605],[-79.34397,43.77637],[-79.34372,43.77583],[-79.3414,43.77621],[-79.33122,43.77509],[-79.33149,43.77421],[-79.33205,43.77367],[-79.33249,43.77371],[-79.33622,43.77289],[-79.33569,43.77163],[-79.33459,43.77054],[-79.33146,43.77119],[-79.33113,43.7706],[-79.33058,43.7704],[-79.32505,43.77084],[-79.32397,43.77149],[-79.32192,43.77186]],[[-79.34149,43.81668],[-79.34154,43.81679],[-79.34182,43.81679],[-79.33511,43.80137],[-79.3314,43.7931],[-79.32005,43.76897],[-79.31561,43.75876],[-79.30934,43.74091],[-79.29597,43.70877],[-79.29221,43.7001],[-79.29076,43.69722],[-79.289,43.69287],[-79.28806,43.69308],[-79.28853,43.69444],[-79.28956,43.69423]]]}},{"type":"Feature","properties":{"r":"25","n":"Don Mills","m":"bus","f":["freq"],"day":true,"h":3},"geometry":{"type":"MultiLineString","coordinates":[[[-79.3593,43.80921],[-79.35999,43.80983],[-79.36077,43.81118],[-79.35754,43.81191],[-79.35669,43.80989],[-79.35783,43.80962]],[[-79.34748,43.77612],[-79.34645,43.77349],[-79.3463,43.77227],[-79.34722,43.76227],[-79.34698,43.75368],[-79.3473,43.75182],[-79.34724,43.75102],[-79.34669,43.74959],[-79.34444,43.74084],[-79.33862,43.71947],[-79.33438,43.70999],[-79.33508,43.70982],[-79.3363,43.70929],[-79.34814,43.70635],[-79.34912,43.70571],[-79.35165,43.70327],[-79.35276,43.70202],[-79.35283,43.70191],[-79.35205,43.7015],[-79.35147,43.70096],[-79.34925,43.6972],[-79.34926,43.69705],[-79.34944,43.69676],[-79.35104,43.69537],[-79.35028,43.69324],[-79.35585,43.69208],[-79.35488,43.68955],[-79.35658,43.68521],[-79.35752,43.68194],[-79.35865,43.67752],[-79.35796,43.67743],[-79.35782,43.67731],[-79.35787,43.67706],[-79.35828,43.67681]],[[-79.35818,43.80942],[-79.359,43.80894],[-79.35492,43.8052],[-79.35362,43.80339],[-79.35333,43.80242],[-79.35343,43.80155],[-79.35517,43.79658],[-79.35528,43.79559],[-79.35512,43.79422],[-79.35412,43.79015],[-79.35302,43.78734],[-79.35303,43.78648],[-79.3535,43.78539],[-79.35343,43.78484],[-79.35244,43.78309],[-79.35204,43.78148],[-79.35181,43.78106],[-79.35113,43.78052],[-79.34929,43.77977],[-79.34873,43.77908],[-79.34763,43.77651],[-79.34701,43.77658],[-79.3468,43.77622],[-79.34605,43.77597]],[[-79.34881,43.77982],[-79.34827,43.78131],[-79.34843,43.78199],[-79.35,43.78376],[-79.35094,43.78575],[-79.35262,43.78691]],[[-79.34565,43.77601],[-79.34518,43.77606],[-79.34504,43.77592],[-79.34578,43.77567]]]}},{"type":"Feature","properties":{"r":"26","n":"Dupont","m":"bus","f":["reg"],"day":true,"h":27},"geometry":{"type":"MultiLineString","coordinates":[[[-79.48444,43.64989],[-79.48317,43.65018],[-79.48296,43.64968],[-79.48447,43.64932],[-79.48811,43.65826],[-79.47521,43.66111],[-79.47319,43.66204],[-79.46505,43.6638],[-79.46259,43.66346],[-79.45944,43.66413],[-79.45877,43.66448],[-79.45777,43.66426],[-79.45548,43.66484],[-79.44417,43.66721],[-79.44331,43.66787],[-79.43994,43.66848],[-79.43842,43.66853],[-79.42978,43.67028],[-79.42901,43.67003],[-79.40973,43.67412],[-79.40879,43.6745],[-79.40258,43.6758],[-79.40054,43.67637],[-79.39989,43.67494],[-79.39983,43.67437],[-79.39827,43.67056],[-79.39829,43.6702],[-79.3979,43.66922],[-79.39854,43.66909],[-79.3983,43.66865],[-79.39772,43.6688]]]}},{"type":"Feature","properties":{"r":"27","n":"Jane South","m":"bus","f":["reg"],"day":true,"h":10},"geometry":{"type":"MultiLineString","coordinates":[[[-79.48661,43.68863],[-79.48807,43.68834],[-79.48907,43.68891],[-79.48885,43.689],[-79.48794,43.68863],[-79.48645,43.68886],[-79.48626,43.68872],[-79.48644,43.68807],[-79.48597,43.68732],[-79.48558,43.6871],[-79.48514,43.68704],[-79.4847,43.68714],[-79.48443,43.68739],[-79.48459,43.68798],[-79.48828,43.68726],[-79.49375,43.68596],[-79.49882,43.68448],[-79.49756,43.68058],[-79.49177,43.66718],[-79.48468,43.64982],[-79.48318,43.65019]],[[-79.48303,43.64982],[-79.48297,43.64969],[-79.48448,43.64933],[-79.48453,43.64945]]]}},{"type":"Feature","properties":{"r":"28","n":"Bayview South","m":"bus","f":["reg"],"day":true,"h":27},"geometry":{"type":"MultiLineString","coordinates":[[[-79.39707,43.69819],[-79.39678,43.69746],[-79.39646,43.69737],[-79.39663,43.6983],[-79.3964,43.69836],[-79.37412,43.70299],[-79.37143,43.69611],[-79.37113,43.69597],[-79.37007,43.69614],[-79.3697,43.69608],[-79.36653,43.69419],[-79.36322,43.69338],[-79.36256,43.69299],[-79.3621,43.69243],[-79.36193,43.69174],[-79.36205,43.69108],[-79.36239,43.69056],[-79.36352,43.68944],[-79.36376,43.6888],[-79.36357,43.68791],[-79.36259,43.68608],[-79.3625,43.68574],[-79.36257,43.68516],[-79.36304,43.68445],[-79.36354,43.68444],[-79.36506,43.68371]],[[-79.36544,43.68383],[-79.36629,43.68372],[-79.36595,43.68291],[-79.36513,43.68332]]]}},{"type":"Feature","properties":{"r":"29","n":"Dufferin","m":"bus","f":["freq"],"day":true,"h":8},"geometry":{"type":"MultiLineString","coordinates":[[[-79.45089,43.73415],[-79.45117,43.73499],[-79.45096,43.73504],[-79.45062,43.73423],[-79.45173,43.73397],[-79.45176,43.73361],[-79.45891,43.73208],[-79.45707,43.72474],[-79.45077,43.69632],[-79.45066,43.69602],[-79.45027,43.69568],[-79.44275,43.67713],[-79.43535,43.65988],[-79.42579,43.63488],[-79.42691,43.63463],[-79.42682,43.63439],[-79.42664,43.63428],[-79.42576,43.63445]],[[-79.42552,43.63413],[-79.42487,43.63266],[-79.42311,43.63298],[-79.42216,43.63267],[-79.42213,43.63297],[-79.42162,43.63387],[-79.42054,43.63483],[-79.41277,43.63692],[-79.41237,43.63691],[-79.41178,43.63657],[-79.4105,43.63613],[-79.4103,43.63598],[-79.41007,43.63533],[-79.40992,43.63535],[-79.40989,43.63548],[-79.41005,43.63555]]]}},{"type":"Feature","properties":{"r":"30","n":"High Park North","m":"bus","f":["reg"],"day":true,"h":25},"geometry":{"type":"MultiLineString","coordinates":[[[-79.48239,43.66583],[-79.48268,43.66586],[-79.48271,43.66562],[-79.47039,43.66548],[-79.46558,43.65422],[-79.46627,43.65406],[-79.46688,43.65411],[-79.46695,43.65396],[-79.46558,43.65422]]]}},{"type":"Feature","properties":{"r":"31","n":"Greenwood","m":"bus","f":["reg"],"day":true,"h":15},"geometry":{"type":"MultiLineString","coordinates":[[[-79.33042,43.68249],[-79.33051,43.68276],[-79.3301,43.68284],[-79.32977,43.68205],[-79.33237,43.68148],[-79.32529,43.66439],[-79.33021,43.66323],[-79.32946,43.66154],[-79.31984,43.66373],[-79.31792,43.6651],[-79.31309,43.66622],[-79.3127,43.66656],[-79.31259,43.66724],[-79.31214,43.66817],[-79.31146,43.66795]]]}},{"type":"Feature","properties":{"r":"32","n":"Eglinton West","m":"bus","f":["freq"],"day":true,"h":9},"geometry":{"type":"MultiLineString","coordinates":[[[-79.58999,43.66403],[-79.59298,43.66127],[-79.59328,43.66133],[-79.59318,43.66155],[-79.59268,43.66152],[-79.58999,43.66403],[-79.58879,43.66496],[-79.58783,43.66685],[-79.58764,43.66693],[-79.58696,43.66677],[-79.58666,43.66688],[-79.58594,43.66844],[-79.58467,43.66947],[-79.58476,43.66945],[-79.5814,43.67026],[-79.57762,43.67057],[-79.57209,43.67156],[-79.57075,43.67207],[-79.56789,43.67357],[-79.56735,43.67399],[-79.56439,43.67423],[-79.56131,43.67478],[-79.53901,43.67983],[-79.52961,43.68174],[-79.52806,43.68193],[-79.52287,43.68313],[-79.5207,43.68337],[-79.51405,43.68353],[-79.50696,43.68466],[-79.50529,43.68457],[-79.50272,43.68404],[-79.50089,43.68403],[-79.49792,43.68467],[-79.49374,43.68595],[-79.48827,43.68725],[-79.48459,43.68798],[-79.48443,43.68739],[-79.48476,43.68712],[-79.48521,43.68704],[-79.48582,43.68721],[-79.48621,43.68764],[-79.48707,43.68746],[-79.48621,43.68764],[-79.48645,43.68812],[-79.48642,43.68859],[-79.48807,43.68834],[-79.48907,43.68891],[-79.48885,43.689],[-79.48794,43.68863],[-79.48676,43.68887]],[[-79.58599,43.66898],[-79.58667,43.6686],[-79.58752,43.66782],[-79.58773,43.66732]]]}},{"type":"Feature","properties":{"r":"33","n":"Forest Hill","m":"bus","f":["reg"],"day":true,"h":23},"geometry":{"type":"MultiLineString","coordinates":[[[-79.42314,43.70151],[-79.42556,43.70099],[-79.42572,43.70248],[-79.42636,43.70519],[-79.42397,43.70567],[-79.42374,43.70517],[-79.42325,43.70472],[-79.42022,43.70376],[-79.41917,43.70358],[-79.41737,43.70271],[-79.4191,43.70235],[-79.41791,43.70113],[-79.41266,43.68866],[-79.41256,43.6881],[-79.41116,43.68462],[-79.41559,43.68369],[-79.41593,43.68464],[-79.41521,43.68479],[-79.41503,43.68442]],[[-79.41949,43.70227],[-79.42275,43.70158]]]}},{"type":"Feature","properties":{"r":"34","n":"Eglinton","m":"bus","f":["reg"],"day":true,"h":18},"geometry":{"type":"MultiLineString","coordinates":[[[-79.489,43.68881],[-79.48906,43.68894],[-79.48887,43.68901],[-79.48791,43.68863],[-79.48645,43.68886],[-79.48626,43.68872],[-79.48645,43.68812],[-79.48611,43.68745],[-79.48558,43.6871],[-79.48498,43.68706],[-79.48465,43.68718],[-79.48441,43.68744],[-79.48459,43.68798],[-79.46944,43.69143],[-79.46786,43.69171],[-79.46538,43.69194],[-79.46422,43.6923],[-79.46305,43.69284],[-79.43631,43.69871],[-79.43659,43.69952],[-79.43653,43.69968],[-79.43629,43.69978],[-79.43587,43.69964],[-79.43558,43.69887],[-79.40027,43.70634],[-79.40007,43.70568],[-79.39937,43.70539],[-79.39924,43.70484],[-79.39906,43.70466],[-79.3986,43.7046],[-79.39851,43.70472],[-79.39864,43.70526],[-79.39888,43.70542],[-79.40007,43.70568],[-79.40027,43.70634],[-79.35416,43.7158],[-79.33034,43.72309],[-79.3195,43.7259],[-79.31779,43.72621],[-79.31554,43.72625],[-79.30541,43.7248],[-79.30383,43.72468],[-79.30197,43.72473],[-79.2994,43.7252],[-79.27595,43.73036],[-79.26683,43.73247],[-79.26618,43.73223],[-79.2659,43.73225],[-79.26519,43.73263],[-79.26319,43.73308],[-79.26301,43.73264],[-79.26308,43.73249]],[[-79.26338,43.73345],[-79.26593,43.73308],[-79.26649,43.73296],[-79.26659,43.73281]]]}},{"type":"Feature","properties":{"r":"35","n":"Jane","m":"bus","f":["freq"],"day":true,"h":8},"geometry":{"type":"MultiLineString","coordinates":[[[-79.52651,43.77347],[-79.52683,43.7743],[-79.52213,43.77533]],[[-79.52183,43.77315],[-79.52285,43.77299],[-79.52503,43.77338],[-79.52784,43.77277],[-79.52885,43.77238],[-79.52942,43.77195],[-79.52988,43.77131],[-79.53004,43.76952],[-79.52979,43.76911],[-79.52884,43.76829],[-79.52818,43.76569],[-79.52672,43.76424],[-79.52616,43.76206],[-79.5256,43.76141],[-79.52509,43.76122],[-79.52441,43.76116],[-79.52338,43.76139],[-79.52272,43.76175],[-79.52194,43.76187],[-79.52142,43.76183],[-79.5206,43.76143],[-79.51919,43.76187]],[[-79.51092,43.77734],[-79.51067,43.77676],[-79.51,43.77692]],[[-79.50964,43.7771],[-79.50836,43.77683],[-79.50896,43.7782],[-79.51701,43.77636],[-79.52174,43.77547],[-79.52164,43.77408],[-79.51773,43.75723],[-79.51322,43.73939],[-79.51224,43.73593],[-79.50775,43.71738],[-79.50238,43.69759],[-79.50038,43.68928],[-79.49882,43.68448],[-79.49375,43.68596],[-79.48828,43.68726],[-79.48459,43.68798],[-79.48443,43.68739],[-79.4849,43.68707],[-79.48558,43.6871],[-79.48614,43.68749],[-79.48644,43.68807],[-79.48643,43.6886],[-79.48807,43.68834],[-79.48907,43.68891],[-79.48885,43.689],[-79.48794,43.68863],[-79.48676,43.68887]]]}},{"type":"Feature","properties":{"r":"36","n":"Finch West","m":"bus","f":["freq"],"day":true,"h":5},"geometry":{"type":"MultiLineString","coordinates":[[[-79.49098,43.7659],[-79.49072,43.76476],[-79.49093,43.76452],[-79.49073,43.76441],[-79.49057,43.76456],[-79.49072,43.76476],[-79.49098,43.7659],[-79.48937,43.76634],[-79.48884,43.765],[-79.48848,43.76469],[-79.48828,43.76409],[-79.46072,43.77025],[-79.44531,43.77351],[-79.44104,43.7741],[-79.41454,43.77999],[-79.41497,43.78062],[-79.41531,43.78173],[-79.41501,43.78167],[-79.41446,43.78021]]]}},{"type":"Feature","properties":{"r":"37","n":"Islington","m":"bus","f":["freq"],"day":true,"h":9},"geometry":{"type":"MultiLineString","coordinates":[[[-79.60573,43.72893],[-79.60435,43.72842],[-79.60413,43.72873],[-79.6055,43.72926],[-79.60492,43.73011],[-79.60794,43.73121],[-79.60915,43.73219],[-79.6102,43.73168],[-79.611,43.73153],[-79.61354,43.73221],[-79.6142,43.7322],[-79.61582,43.73185],[-79.61637,43.73187],[-79.61703,43.73208],[-79.61792,43.73278],[-79.61815,43.73313],[-79.61822,43.73355],[-79.61868,43.73351],[-79.61946,43.73322],[-79.61995,43.73261],[-79.61964,43.73017],[-79.61986,43.7292],[-79.62061,43.72837],[-79.62181,43.72745],[-79.62216,43.7268],[-79.62222,43.72617],[-79.62189,43.72554],[-79.62135,43.72497],[-79.62153,43.72481],[-79.62149,43.72465],[-79.62131,43.72455],[-79.62107,43.72462],[-79.62051,43.72399],[-79.61993,43.72365],[-79.6191,43.72349],[-79.61535,43.72391],[-79.61446,43.72364],[-79.61348,43.72308],[-79.61302,43.72255],[-79.6128,43.72102],[-79.61259,43.7204],[-79.61123,43.72061],[-79.60986,43.72056],[-79.60346,43.71916],[-79.60346,43.71688],[-79.60357,43.71604],[-79.60334,43.7159],[-79.6032,43.71602],[-79.60346,43.71688],[-79.60352,43.71886],[-79.60304,43.72024],[-79.60335,43.7217],[-79.6033,43.722],[-79.60307,43.72237],[-79.60271,43.7226],[-79.60045,43.72305],[-79.59874,43.72273],[-79.59637,43.72275],[-79.59537,43.72226],[-79.59496,43.72169],[-79.59358,43.71852],[-79.59269,43.71747],[-79.59261,43.71652],[-79.57055,43.71139],[-79.56912,43.7113],[-79.56791,43.7114],[-79.55968,43.71331],[-79.55975,43.71392],[-79.55873,43.71619],[-79.55838,43.71637],[-79.55597,43.71694],[-79.55337,43.71139],[-79.55247,43.70973],[-79.54286,43.68861],[-79.53983,43.68158],[-79.53126,43.66262],[-79.52381,43.6455],[-79.52096,43.64616],[-79.5196,43.64618],[-79.51923,43.64599],[-79.51898,43.64567],[-79.52453,43.6444],[-79.52463,43.64447],[-79.52371,43.64467],[-79.52373,43.64489],[-79.52475,43.64474]],[[-79.57638,43.76435],[-79.57656,43.76424],[-79.57634,43.76399],[-79.57486,43.76434],[-79.56935,43.75657],[-79.56903,43.75571],[-79.56802,43.75059],[-79.56799,43.7499],[-79.56839,43.74837],[-79.56861,43.74624],[-79.56856,43.74516],[-79.56802,43.74309],[-79.56074,43.72702],[-79.55616,43.71731]]]}},{"type":"Feature","properties":{"r":"38","n":"Highland Creek","m":"bus","f":["reg"],"day":true,"h":8},"geometry":{"type":"MultiLineString","coordinates":[[[-79.26343,43.7314],[-79.26277,43.7313],[-79.26261,43.73139],[-79.26282,43.73179]],[[-79.2631,43.73208],[-79.26373,43.73188],[-79.26383,43.73144],[-79.2643,43.73148],[-79.26413,43.73185],[-79.26455,43.73277],[-79.26325,43.73307],[-79.26319,43.73317],[-79.26339,43.73347],[-79.26326,43.73368],[-79.27001,43.74958],[-79.27045,43.75164],[-79.27616,43.76645],[-79.27642,43.76653],[-79.27667,43.76696],[-79.27708,43.76689],[-79.27693,43.76655],[-79.27706,43.76636],[-79.27912,43.76589],[-79.27937,43.76616],[-79.26133,43.77007],[-79.26156,43.77111],[-79.26243,43.77334],[-79.26113,43.77361],[-79.25728,43.77475],[-79.25518,43.77495],[-79.25257,43.77543],[-79.25167,43.77313],[-79.25149,43.77213],[-79.22334,43.77828],[-79.1883,43.78657],[-79.18146,43.78341],[-79.17294,43.78187],[-79.16873,43.78453],[-79.16636,43.78269],[-79.1633,43.78457],[-79.16237,43.78493],[-79.1409,43.78965],[-79.13666,43.77959],[-79.13088,43.78086],[-79.13,43.78076]],[[-79.18526,43.78468],[-79.18557,43.78435],[-79.18552,43.78418],[-79.18527,43.78419],[-79.18497,43.78454]]]}},{"type":"Feature","properties":{"r":"39","n":"Finch East","m":"bus","f":["freq"],"day":true,"h":7},"geometry":{"type":"MultiLineString","coordinates":[[[-79.41516,43.78107],[-79.41533,43.78161],[-79.41521,43.78175],[-79.41501,43.78167],[-79.41445,43.78035],[-79.41459,43.78016],[-79.41454,43.77998],[-79.36951,43.78998],[-79.36625,43.79013],[-79.35283,43.79302],[-79.34365,43.79514],[-79.34153,43.79517],[-79.33968,43.79478],[-79.33802,43.79409],[-79.33596,43.79303],[-79.335,43.79275],[-79.33359,43.79271],[-79.33196,43.79295],[-79.30803,43.79848],[-79.28548,43.80392],[-79.22128,43.81765],[-79.22088,43.81873],[-79.22106,43.81969],[-79.21801,43.81996],[-79.21506,43.81876],[-79.2147,43.81907],[-79.20193,43.82205],[-79.20156,43.82146],[-79.20155,43.82085],[-79.20069,43.8196],[-79.20256,43.81927],[-79.20371,43.81923],[-79.20524,43.81889],[-79.20573,43.81999]],[[-79.22613,43.81212],[-79.22674,43.81197],[-79.22745,43.81212],[-79.22786,43.81249],[-79.22837,43.81347],[-79.22912,43.81379],[-79.23156,43.81335],[-79.23218,43.81486]],[[-79.22743,43.8159],[-79.22573,43.81221]]]}},{"type":"Feature","properties":{"r":"40","n":"Junction-Dundas West","m":"bus","f":["reg"],"day":true,"h":11},"geometry":{"type":"MultiLineString","coordinates":[[[-79.53626,43.63716],[-79.53464,43.63851],[-79.53444,43.63874],[-79.53455,43.63891],[-79.53391,43.63942],[-79.53407,43.63993],[-79.53461,43.63993],[-79.53482,43.64044],[-79.53289,43.641],[-79.5323,43.64149],[-79.53218,43.64205],[-79.53241,43.64264],[-79.53349,43.64356],[-79.53055,43.64677],[-79.52841,43.64531],[-79.52806,43.64525],[-79.52764,43.64541],[-79.52551,43.6472],[-79.52875,43.64877],[-79.52209,43.65612],[-79.5215,43.65645],[-79.5163,43.6583],[-79.50756,43.66177],[-79.50181,43.66476],[-79.49956,43.66545],[-79.49699,43.66577],[-79.48256,43.66562]],[[-79.49177,43.66718],[-79.48356,43.66899],[-79.48211,43.66558],[-79.46229,43.6654],[-79.46133,43.66525],[-79.45898,43.66458],[-79.45643,43.66305],[-79.45383,43.66026],[-79.45307,43.65852],[-79.45261,43.65688],[-79.45358,43.65671],[-79.45384,43.6568],[-79.45298,43.65705]]]}},{"type":"Feature","properties":{"r":"41","n":"Keele","m":"bus","f":["reg"],"day":true,"h":10},"geometry":{"type":"MultiLineString","coordinates":[[[-79.50964,43.7771],[-79.50838,43.77683],[-79.50826,43.77648],[-79.51034,43.77602],[-79.51011,43.7755],[-79.51043,43.77533],[-79.51033,43.77508],[-79.50981,43.7751],[-79.50936,43.7755],[-79.50899,43.77563],[-79.50642,43.77619],[-79.50536,43.7771],[-79.50459,43.77739],[-79.50361,43.77736],[-79.50289,43.77768],[-79.50233,43.77775],[-79.50151,43.7774],[-79.50094,43.77684],[-79.49894,43.77255],[-79.49831,43.77089],[-79.50249,43.77001],[-79.50103,43.76658],[-79.50141,43.76545],[-79.50133,43.76481],[-79.49464,43.76623],[-79.49396,43.76652],[-79.49312,43.76712],[-79.49205,43.76731],[-79.48876,43.75451],[-79.48217,43.72727],[-79.48171,43.72521],[-79.48143,43.72324],[-79.48072,43.72051],[-79.47444,43.69275],[-79.47425,43.69179],[-79.47542,43.69085],[-79.4716,43.68214],[-79.47675,43.68161],[-79.47407,43.6789],[-79.47071,43.67627],[-79.47016,43.67564],[-79.46928,43.67404],[-79.46788,43.67307],[-79.46149,43.65831],[-79.4604,43.65555],[-79.45939,43.65576],[-79.45932,43.65543]],[[-79.46724,43.67261],[-79.46305,43.67354],[-79.46406,43.67708],[-79.46546,43.67958],[-79.46767,43.68189],[-79.46915,43.68232],[-79.4712,43.68217]]]}},{"type":"Feature","properties":{"r":"42","n":"Cummer","m":"bus","f":["reg"],"day":true,"h":14},"geometry":{"type":"MultiLineString","coordinates":[[[-79.41563,43.78173],[-79.41525,43.78184],[-79.41501,43.78167],[-79.41481,43.78119]],[[-79.41485,43.78038],[-79.41509,43.78091],[-79.41581,43.7808],[-79.41734,43.78706],[-79.3952,43.79189],[-79.392,43.79277],[-79.38155,43.79503],[-79.38092,43.79533],[-79.38029,43.79583],[-79.37843,43.79802],[-79.37781,43.79829],[-79.37551,43.79884],[-79.3729,43.79986],[-79.37145,43.80104],[-79.36979,43.8016],[-79.36898,43.80261],[-79.3685,43.80284],[-79.36618,43.80337],[-79.36562,43.80336],[-79.36401,43.80264],[-79.36004,43.79958],[-79.35946,43.79925],[-79.35872,43.7992],[-79.35599,43.79977],[-79.35295,43.79959],[-79.34953,43.80047],[-79.34901,43.80085],[-79.34808,43.80191],[-79.3465,43.80276],[-79.34286,43.80316],[-79.3398,43.80382],[-79.33713,43.80389],[-79.33493,43.80435],[-79.33244,43.80388],[-79.33167,43.8039],[-79.3084,43.8093],[-79.30542,43.81041],[-79.30473,43.81078],[-79.30398,43.8114],[-79.30304,43.81184],[-79.29174,43.81469],[-79.2907,43.8148],[-79.28905,43.81418],[-79.28833,43.81409],[-79.28477,43.81472],[-79.28242,43.81555],[-79.27601,43.81705],[-79.26391,43.81964],[-79.26148,43.82028],[-79.2604,43.82071],[-79.25917,43.82152],[-79.26005,43.82249],[-79.26143,43.82561],[-79.26155,43.82613],[-79.26138,43.8269],[-79.26187,43.82809],[-79.25345,43.82993],[-79.25309,43.82913],[-79.25265,43.82854],[-79.25155,43.82594],[-79.25165,43.8239],[-79.25143,43.82328]],[[-79.25183,43.8232],[-79.25821,43.82193],[-79.2588,43.82168]]]}},{"type":"Feature","properties":{"r":"43","n":"Kennedy","m":"bus","f":["freq"],"day":true,"h":6},"geometry":{"type":"MultiLineString","coordinates":[[[-79.3049,43.8188],[-79.30705,43.82368],[-79.29771,43.82585]],[[-79.29732,43.82594],[-79.29492,43.8207],[-79.30474,43.81844],[-79.29744,43.80228],[-79.29707,43.8017],[-79.29598,43.80062],[-79.29548,43.7999],[-79.2892,43.78518],[-79.2886,43.78386],[-79.28772,43.78238],[-79.28684,43.78042],[-79.28151,43.76758],[-79.28086,43.76495],[-79.27568,43.75172],[-79.27441,43.74788],[-79.26792,43.73219],[-79.26605,43.73267],[-79.26571,43.73238],[-79.26519,43.73263],[-79.26319,43.73308],[-79.26295,43.73239],[-79.26419,43.73199],[-79.26413,43.73181],[-79.2643,43.73148],[-79.26265,43.73132],[-79.26292,43.73205]],[[-79.25754,43.77437],[-79.25871,43.77411],[-79.25898,43.77428],[-79.26241,43.77333],[-79.26317,43.77527],[-79.26584,43.77471],[-79.26763,43.7741],[-79.27438,43.77264],[-79.27545,43.77219],[-79.27703,43.77096],[-79.2779,43.77047],[-79.28187,43.76949]],[[-79.26338,43.73345],[-79.26597,43.73306]],[[-79.25734,43.77472],[-79.25613,43.77492],[-79.2562,43.77469],[-79.25715,43.77446]]]}},{"type":"Feature","properties":{"r":"44","n":"Kipling South","m":"bus","f":["freq"],"day":true,"h":7},"geometry":{"type":"MultiLineString","coordinates":[[[-79.53632,43.63712],[-79.53446,43.63868],[-79.5349,43.63944],[-79.5352,43.63969],[-79.53499,43.63988],[-79.5347,43.63976],[-79.53426,43.63908],[-79.5334,43.63678],[-79.53273,43.63552],[-79.52884,43.6263],[-79.52827,43.62445],[-79.52611,43.61955],[-79.52555,43.61727],[-79.52395,43.61489],[-79.51552,43.59488],[-79.51556,43.59451],[-79.5169,43.5942],[-79.51692,43.59398]]]}},{"type":"Feature","properties":{"r":"45","n":"Kipling","m":"bus","f":["reg"],"day":true,"h":10},"geometry":{"type":"MultiLineString","coordinates":[[[-79.58995,43.76075],[-79.59009,43.76083],[-79.59041,43.76074],[-79.58834,43.75623],[-79.58039,43.73972],[-79.56852,43.71556],[-79.56143,43.70063],[-79.5606,43.69851],[-79.5567,43.69011],[-79.54665,43.66765],[-79.53535,43.64179],[-79.53462,43.63996],[-79.5352,43.6397],[-79.53454,43.63891],[-79.53637,43.63735],[-79.53661,43.6373],[-79.53663,43.63713],[-79.53626,43.63716],[-79.53464,43.63851]]]}},{"type":"Feature","properties":{"r":"46","n":"Martin Grove","m":"bus","f":["reg"],"day":true,"h":18},"geometry":{"type":"MultiLineString","coordinates":[[[-79.60834,43.75666],[-79.60827,43.75647],[-79.60798,43.75652],[-79.60774,43.75688],[-79.60337,43.75785],[-79.60076,43.75506],[-79.60004,43.75402],[-79.58941,43.73201],[-79.585,43.72217],[-79.57152,43.6929],[-79.57057,43.69105],[-79.55948,43.66631],[-79.55859,43.66645],[-79.55591,43.66611],[-79.55445,43.66627],[-79.55335,43.66675],[-79.55237,43.66753],[-79.55189,43.66721],[-79.55139,43.66665],[-79.55085,43.66542],[-79.55105,43.66489],[-79.54813,43.66273],[-79.54654,43.65908],[-79.54322,43.65985],[-79.53461,43.63993],[-79.5352,43.6397],[-79.53455,43.63891],[-79.53661,43.63731],[-79.53663,43.63713],[-79.53626,43.63716],[-79.53449,43.63866]]]}},{"type":"Feature","properties":{"r":"47","n":"Lansdowne","m":"bus","f":["freq"],"day":true,"h":3},"geometry":{"type":"MultiLineString","coordinates":[[[-79.46568,43.69209],[-79.46575,43.69188],[-79.46507,43.69202],[-79.46326,43.69278],[-79.4622,43.69302],[-79.45476,43.67535],[-79.45059,43.6763],[-79.44908,43.67266],[-79.44855,43.6724],[-79.44827,43.67134],[-79.44498,43.66294],[-79.44421,43.66215],[-79.44303,43.65922]],[[-79.44289,43.65885],[-79.44272,43.65796],[-79.43999,43.651],[-79.43912,43.64796],[-79.43914,43.64696],[-79.43682,43.64099]],[[-79.43667,43.64062],[-79.43791,43.64032],[-79.43874,43.64245],[-79.43789,43.64263]]]}},{"type":"Feature","properties":{"r":"48","n":"Rathburn","m":"bus","f":["reg"],"day":true,"h":23},"geometry":{"type":"MultiLineString","coordinates":[[[-79.59051,43.64527],[-79.59052,43.64512],[-79.59034,43.64511],[-79.59002,43.64552],[-79.58097,43.65104],[-79.54322,43.65985],[-79.53118,43.6624],[-79.53202,43.66428],[-79.5302,43.6647],[-79.52944,43.66476],[-79.52863,43.66464],[-79.52416,43.66315],[-79.52287,43.6632],[-79.52231,43.6635],[-79.52156,43.66418],[-79.52045,43.66559],[-79.51964,43.66595],[-79.51174,43.64825],[-79.51116,43.64836],[-79.51101,43.64827]]]}},{"type":"Feature","properties":{"r":"49","n":"Bloor West","m":"bus","f":["reg"],"day":true,"h":30},"geometry":{"type":"MultiLineString","coordinates":[[[-79.57982,43.62928],[-79.5802,43.62956],[-79.5815,43.63012],[-79.58198,43.6305],[-79.58249,43.63135],[-79.58278,43.63279],[-79.58275,43.63326],[-79.58258,43.63361],[-79.58146,43.63482],[-79.58073,43.63594],[-79.58027,43.63635],[-79.5769,43.63397],[-79.57628,43.63343],[-79.57515,43.63203],[-79.57303,43.63293],[-79.5696,43.6339],[-79.54062,43.64064],[-79.54025,43.64004],[-79.53914,43.63895],[-79.53759,43.63831],[-79.53655,43.63709],[-79.53626,43.63716],[-79.53464,43.63851]],[[-79.57552,43.63185],[-79.57776,43.63076],[-79.5795,43.62951]]]}},{"type":"Feature","properties":{"r":"50","n":"Burnhamthorpe","m":"bus","f":["reg"],"day":true,"h":21},"geometry":{"type":"MultiLineString","coordinates":[[[-79.58291,43.64056],[-79.58308,43.64024],[-79.57705,43.64236],[-79.5741,43.64294],[-79.564,43.64537],[-79.53939,43.65097],[-79.53319,43.65028],[-79.53207,43.64965],[-79.53151,43.64948],[-79.53092,43.64948],[-79.53009,43.64911],[-79.52901,43.64889],[-79.52688,43.64788],[-79.52508,43.64838],[-79.52381,43.6455],[-79.52096,43.64616],[-79.5196,43.64618],[-79.51923,43.64599],[-79.51898,43.64567],[-79.52453,43.6444],[-79.52463,43.64447],[-79.5238,43.64466],[-79.52381,43.64487],[-79.52475,43.64474]],[[-79.52487,43.64692],[-79.52639,43.64765]],[[-79.52411,43.64716],[-79.52406,43.64726],[-79.52466,43.64842]]]}},{"type":"Feature","properties":{"r":"51","n":"Leslie","m":"bus","f":["reg"],"day":true,"h":12},"geometry":{"type":"MultiLineString","coordinates":[[[-79.36772,43.77032],[-79.36796,43.77076],[-79.36787,43.77089],[-79.36736,43.77085],[-79.36621,43.76932],[-79.36487,43.76944],[-79.36475,43.77001],[-79.36357,43.76997],[-79.36358,43.76944],[-79.36428,43.76942],[-79.36429,43.76863],[-79.36376,43.76737],[-79.36234,43.76557],[-79.36199,43.76477],[-79.36188,43.76136],[-79.35997,43.75295],[-79.35688,43.73831],[-79.35535,43.73196],[-79.35501,43.73121],[-79.3543,43.73031],[-79.35195,43.72786],[-79.34959,43.72581],[-79.34897,43.72474],[-79.34882,43.72383],[-79.349,43.72271],[-79.35041,43.71865],[-79.35038,43.71794],[-79.34998,43.7171],[-79.35417,43.71581],[-79.36479,43.71356],[-79.36081,43.70363],[-79.36026,43.70285],[-79.35948,43.70231],[-79.35839,43.70191],[-79.35702,43.70183],[-79.35397,43.70205],[-79.35283,43.70191],[-79.35205,43.7015],[-79.35147,43.70096],[-79.34925,43.6972],[-79.34581,43.69627],[-79.34347,43.69546],[-79.34325,43.69514],[-79.33746,43.68081],[-79.33782,43.68082]],[[-79.36423,43.77039],[-79.36416,43.77166],[-79.36607,43.77146],[-79.36621,43.77177],[-79.36648,43.77185],[-79.36746,43.77161],[-79.36752,43.77126]],[[-79.34113,43.73833],[-79.34004,43.73433],[-79.33998,43.73355],[-79.34022,43.7331],[-79.34062,43.73273],[-79.34386,43.73173],[-79.34479,43.73168],[-79.34543,43.73191],[-79.34814,43.73437],[-79.34818,43.73461],[-79.34803,43.73492],[-79.34642,43.73583],[-79.34637,43.73611],[-79.34655,43.73651],[-79.35558,43.73462]],[[-79.3467,43.73689],[-79.34714,43.73802],[-79.34714,43.73836],[-79.3462,43.74039],[-79.34592,43.7406],[-79.34367,43.74096],[-79.34322,43.74092],[-79.34147,43.73934],[-79.34128,43.7387]]]}},{"type":"Feature","properties":{"r":"52","n":"Lawrence West","m":"bus","f":["freq"],"day":true,"h":4},"geometry":{"type":"MultiLineString","coordinates":[[[-79.645,43.70871],[-79.64562,43.70888],[-79.64621,43.70875],[-79.64725,43.70787]],[[-79.6405,43.72189],[-79.64098,43.72142],[-79.64121,43.72157],[-79.6419,43.72109],[-79.6447,43.71847],[-79.64804,43.71162],[-79.65042,43.70961],[-79.64952,43.70908],[-79.64615,43.70654],[-79.64438,43.70546],[-79.64321,43.70414],[-79.6241,43.69014],[-79.61227,43.68645],[-79.60911,43.68583],[-79.60731,43.68588]],[[-79.61007,43.68543],[-79.61041,43.68555],[-79.61165,43.68541],[-79.61353,43.68577],[-79.61822,43.68727],[-79.62068,43.68785],[-79.62099,43.68775],[-79.6211,43.68739]],[[-79.62095,43.68702],[-79.62056,43.68652],[-79.61941,43.68593],[-79.61852,43.6857],[-79.61673,43.6858],[-79.61394,43.6849],[-79.60912,43.6851],[-79.60594,43.68481],[-79.60564,43.68466],[-79.6055,43.68442],[-79.6055,43.68395],[-79.60582,43.68377],[-79.60775,43.68376],[-79.60692,43.68566],[-79.60691,43.68591],[-79.59944,43.68655],[-79.59356,43.68678],[-79.59115,43.68701],[-79.58597,43.68812],[-79.57514,43.6907],[-79.56399,43.69302],[-79.54515,43.69742],[-79.52765,43.70119],[-79.52709,43.7012],[-79.52648,43.70097],[-79.52328,43.69817],[-79.51988,43.69928],[-79.51619,43.70015],[-79.50498,43.70276],[-79.50199,43.70318],[-79.48243,43.70753],[-79.47892,43.70834],[-79.47635,43.70933],[-79.45681,43.71366],[-79.45474,43.71408],[-79.45242,43.71432],[-79.40356,43.72483],[-79.40321,43.7249],[-79.40317,43.72463],[-79.40297,43.72453],[-79.40245,43.72461],[-79.40225,43.7248],[-79.40253,43.72597]],[[-79.61526,43.68491],[-79.61535,43.68464],[-79.61512,43.684],[-79.61272,43.6822]],[[-79.61237,43.68201],[-79.61162,43.68187],[-79.61092,43.68196],[-79.61047,43.68216],[-79.60966,43.68284],[-79.60957,43.68467]],[[-79.60521,43.68565],[-79.60658,43.68544]],[[-79.60522,43.68364],[-79.60487,43.68348],[-79.60238,43.6848],[-79.60204,43.68516],[-79.60217,43.68556],[-79.60283,43.68586]],[[-79.56755,43.68325],[-79.56975,43.68275],[-79.57017,43.68361],[-79.57108,43.68461],[-79.57141,43.68535],[-79.57139,43.686],[-79.57055,43.68734],[-79.56916,43.68778],[-79.56879,43.68696]],[[-79.56863,43.6866],[-79.56715,43.68333],[-79.55892,43.68521],[-79.5579,43.68535],[-79.55584,43.68539],[-79.55496,43.68555],[-79.55362,43.68594],[-79.55018,43.68728],[-79.54915,43.68754],[-79.54703,43.688],[-79.54471,43.68816],[-79.54155,43.68892],[-79.53677,43.69078],[-79.5361,43.69124],[-79.53488,43.69353],[-79.53476,43.69413],[-79.53483,43.69496],[-79.5343,43.69555],[-79.53344,43.69598],[-79.52377,43.69806]],[[-79.44339,43.71585],[-79.44344,43.71566],[-79.44468,43.71544],[-79.44475,43.71555]]]}},{"type":"Feature","properties":{"r":"53","n":"Steeles East","m":"bus","f":["freq"],"day":true,"h":6},"geometry":{"type":"MultiLineString","coordinates":[[[-79.41501,43.78167],[-79.41445,43.78035],[-79.41459,43.78016],[-79.41475,43.78018],[-79.41509,43.78091],[-79.41564,43.78082],[-79.41604,43.78251],[-79.41624,43.78261],[-79.41724,43.78664],[-79.41714,43.78677],[-79.41725,43.78743],[-79.41744,43.78748],[-79.4188,43.79296],[-79.41889,43.79416],[-79.41912,43.79429],[-79.42007,43.79799],[-79.35755,43.81188],[-79.24848,43.83723],[-79.24573,43.83163],[-79.24102,43.83266],[-79.24197,43.83505]],[[-79.24808,43.83732],[-79.23193,43.84114],[-79.23229,43.83892],[-79.23145,43.83639],[-79.23094,43.83537],[-79.2305,43.835],[-79.22801,43.83454],[-79.22704,43.83402],[-79.22563,43.83412],[-79.22479,43.83299],[-79.22211,43.82704],[-79.22078,43.82625],[-79.21979,43.82424],[-79.21864,43.82326],[-79.22102,43.8206],[-79.22107,43.8197],[-79.22168,43.81964]],[[-79.24214,43.83541],[-79.24338,43.83802]],[[-79.22208,43.81963],[-79.22277,43.81961],[-79.22432,43.82001],[-79.22679,43.82108],[-79.23007,43.82299],[-79.23147,43.82415],[-79.2325,43.82618],[-79.23326,43.82669],[-79.23465,43.82731],[-79.23356,43.8286],[-79.23383,43.82923],[-79.23053,43.82996],[-79.22994,43.82983],[-79.22927,43.82935],[-79.22857,43.82928],[-79.22776,43.82939],[-79.22405,43.83038]]]}},{"type":"Feature","properties":{"r":"54","n":"Lawrence East","m":"bus","f":["freq"],"day":true,"h":7},"geometry":{"type":"MultiLineString","coordinates":[[[-79.3378,43.72151],[-79.33786,43.7214],[-79.33765,43.72124],[-79.33649,43.72168],[-79.3366,43.72203],[-79.33636,43.72266],[-79.33649,43.72348],[-79.33961,43.72302],[-79.34345,43.73717],[-79.33228,43.73946],[-79.32567,43.74066],[-79.31144,43.7418],[-79.28484,43.74752],[-79.27252,43.75],[-79.27233,43.74968],[-79.27093,43.75004],[-79.2705,43.74986],[-79.27039,43.74996],[-79.27045,43.75042],[-79.27051,43.7506],[-79.2707,43.75068],[-79.27112,43.75057],[-79.2709,43.75016],[-79.27104,43.74997],[-79.27233,43.74968],[-79.27252,43.75],[-79.24676,43.75526],[-79.21105,43.76287],[-79.13667,43.7796],[-79.13086,43.78085],[-79.13005,43.78074],[-79.12993,43.7809],[-79.13012,43.78104],[-79.12972,43.78125],[-79.12272,43.78887],[-79.12307,43.78889],[-79.12301,43.78849],[-79.1231,43.78838]],[[-79.18627,43.76881],[-79.18686,43.77061],[-79.18503,43.77261],[-79.18409,43.77208],[-79.183,43.76954]]]}},{"type":"Feature","properties":{"r":"55","n":"Warren Park","m":"bus","f":["reg"],"day":true,"h":30},"geometry":{"type":"MultiLineString","coordinates":[[[-79.50289,43.66267],[-79.50228,43.66272],[-79.50196,43.66244],[-79.50016,43.66158],[-79.49954,43.66215],[-79.49765,43.66097],[-79.49498,43.66302],[-79.49462,43.66255],[-79.49452,43.66178],[-79.49422,43.66123],[-79.49422,43.66093],[-79.49461,43.66026],[-79.49551,43.65969],[-79.49954,43.66215],[-79.50016,43.66158],[-79.50211,43.66252],[-79.50228,43.66272],[-79.50289,43.66267],[-79.50349,43.66293],[-79.50209,43.66438],[-79.50137,43.66461],[-79.50149,43.66488],[-79.49955,43.66544],[-79.49698,43.66576],[-79.49118,43.66573],[-79.48467,43.64982],[-79.48444,43.64989]],[[-79.48405,43.64998],[-79.48317,43.65018],[-79.48296,43.64968],[-79.48447,43.64932],[-79.48452,43.64945]]]}},{"type":"Feature","properties":{"r":"57","n":"Midland","m":"bus","f":["reg"],"day":true,"h":11},"geometry":{"type":"MultiLineString","coordinates":[[[-79.30371,43.82199],[-79.30344,43.82203],[-79.3036,43.82217],[-79.30438,43.82232],[-79.30492,43.82279],[-79.30509,43.82415],[-79.29732,43.82594],[-79.28879,43.80704],[-79.28836,43.80639],[-79.28681,43.80475],[-79.28628,43.80374],[-79.28083,43.79093],[-79.27836,43.78481],[-79.27696,43.78265],[-79.27297,43.77296],[-79.27137,43.76893],[-79.27084,43.76666],[-79.2657,43.75349],[-79.26445,43.74969],[-79.25809,43.73452],[-79.26605,43.73267],[-79.2661,43.73289],[-79.26593,43.73308],[-79.26529,43.7331],[-79.26345,43.73349],[-79.26328,43.73337],[-79.26295,43.73239],[-79.26419,43.73199],[-79.26413,43.73181],[-79.2643,43.73148],[-79.26265,43.73132],[-79.26292,43.73205],[-79.2631,43.73208]]]}},{"type":"Feature","properties":{"r":"59","n":"Maple Leaf","m":"bus","f":["reg"],"day":true,"h":23},"geometry":{"type":"MultiLineString","coordinates":[[[-79.53293,43.7079],[-79.53362,43.70778],[-79.53304,43.7067],[-79.53276,43.7065],[-79.53238,43.70628],[-79.53122,43.70602],[-79.52995,43.70543],[-79.52544,43.703],[-79.52509,43.70329],[-79.52053,43.70544],[-79.51717,43.70621],[-79.5165,43.70676],[-79.50556,43.70924],[-79.50151,43.70998],[-79.49565,43.71128],[-79.49431,43.7114],[-79.49014,43.71235],[-79.48986,43.71167],[-79.48951,43.70989],[-79.4881,43.70746],[-79.48723,43.70526],[-79.48717,43.70447],[-79.48636,43.70254],[-79.48606,43.70206],[-79.48512,43.7013],[-79.48401,43.69883],[-79.48385,43.69776],[-79.48329,43.69789],[-79.48244,43.69844],[-79.48191,43.69861],[-79.48152,43.69868],[-79.48078,43.69858],[-79.4797,43.69882],[-79.47841,43.69875],[-79.46885,43.70106],[-79.4694,43.70264],[-79.47001,43.70342],[-79.47063,43.70508],[-79.47138,43.7075],[-79.47083,43.70777],[-79.4719,43.7103],[-79.45553,43.71394],[-79.45242,43.71432],[-79.44376,43.71619],[-79.44337,43.71601],[-79.44344,43.71566],[-79.44439,43.71548]],[[-79.53254,43.70799],[-79.51343,43.71229],[-79.51242,43.71182],[-79.511,43.71093],[-79.50931,43.71044],[-79.50867,43.70894]]]}},{"type":"Feature","properties":{"r":"60","n":"Steeles West","m":"bus","f":["freq"],"day":true,"h":9},"geometry":{"type":"MultiLineString","coordinates":[[[-79.60833,43.75655],[-79.60797,43.75659],[-79.60774,43.75689],[-79.59607,43.7595],[-79.59495,43.75959],[-79.59147,43.75933],[-79.58819,43.75995],[-79.58486,43.76013],[-79.58335,43.76041],[-79.5814,43.76127],[-79.57857,43.76328],[-79.577,43.76386],[-79.56478,43.76655],[-79.52345,43.77499],[-79.52057,43.77575],[-79.51701,43.77636],[-79.50935,43.77811]],[[-79.50883,43.77658],[-79.51001,43.77698],[-79.50996,43.77714],[-79.50979,43.77717],[-79.50836,43.77683],[-79.50896,43.7782],[-79.47009,43.78728],[-79.45303,43.79081],[-79.42008,43.798],[-79.416,43.78164],[-79.41525,43.78184],[-79.41501,43.78167],[-79.41446,43.78021],[-79.41475,43.78018],[-79.41508,43.78087]]]}},{"type":"Feature","properties":{"r":"61","n":"Avenue Rd North","m":"bus","f":["reg"],"day":true,"h":17},"geometry":{"type":"MultiLineString","coordinates":[[[-79.42426,43.74347],[-79.42428,43.74366],[-79.4248,43.74357],[-79.42313,43.74257],[-79.42254,43.74194],[-79.4203,43.73701],[-79.41949,43.73324],[-79.41923,43.73119],[-79.41552,43.72203],[-79.41451,43.71793],[-79.41228,43.71594],[-79.41211,43.71565],[-79.41167,43.71176],[-79.41026,43.70817],[-79.40968,43.70582],[-79.4088,43.70519],[-79.4085,43.70459],[-79.40027,43.70634],[-79.40007,43.70568],[-79.39937,43.70539],[-79.39924,43.70484],[-79.39906,43.70466],[-79.3986,43.7046],[-79.39851,43.70472],[-79.39864,43.70526],[-79.39879,43.70539],[-79.40007,43.70568]]]}},{"type":"Feature","properties":{"r":"62","n":"Mortimer","m":"bus","f":["reg"],"day":true,"h":23},"geometry":{"type":"MultiLineString","coordinates":[[[-79.35782,43.67715],[-79.35852,43.67662],[-79.35885,43.67677],[-79.35695,43.68393],[-79.34691,43.68587],[-79.34577,43.68631],[-79.34155,43.68717],[-79.34026,43.68763],[-79.32351,43.69125],[-79.32201,43.69114],[-79.31623,43.6924],[-79.31585,43.6928],[-79.31428,43.69314],[-79.31366,43.69313],[-79.30603,43.69493],[-79.30451,43.69145],[-79.3034,43.6917],[-79.30226,43.68908],[-79.30129,43.68932],[-79.30104,43.68921]]]}},{"type":"Feature","properties":{"r":"63","n":"Ossington","m":"bus","f":["freq"],"day":true,"h":3},"geometry":{"type":"MultiLineString","coordinates":[[[-79.43659,43.69952],[-79.43644,43.69974],[-79.43596,43.69972],[-79.43564,43.69906],[-79.43572,43.69883],[-79.44278,43.69729],[-79.43965,43.6899],[-79.43911,43.68816],[-79.43568,43.67959],[-79.4359,43.67954],[-79.43377,43.6744],[-79.43097,43.67471],[-79.42609,43.66301],[-79.42723,43.66277],[-79.42712,43.66247]],[[-79.42674,43.66233],[-79.42585,43.66246],[-79.42017,43.64783],[-79.41888,43.64419],[-79.41629,43.64472],[-79.41501,43.64143],[-79.41196,43.64203],[-79.41086,43.63928],[-79.41532,43.63839],[-79.41806,43.63879],[-79.42056,43.6383],[-79.42128,43.64017]],[[-79.42088,43.64025],[-79.41541,43.64135]]]}},{"type":"Feature","properties":{"r":"64","n":"Main","m":"bus","f":["freq"],"day":true,"h":10},"geometry":{"type":"MultiLineString","coordinates":[[[-79.30101,43.68916],[-79.30113,43.68898],[-79.30211,43.68873],[-79.30039,43.68482],[-79.30015,43.68383],[-79.29885,43.68074],[-79.29837,43.68043],[-79.29807,43.68004],[-79.2981,43.67897],[-79.29793,43.6788],[-79.29684,43.67619],[-79.29684,43.6758],[-79.29622,43.6742],[-79.29704,43.67402],[-79.29575,43.67094]],[[-79.29615,43.67086],[-79.29687,43.67071],[-79.29817,43.67378],[-79.29743,43.67394]]]}},{"type":"Feature","properties":{"r":"65","n":"Parliament","m":"bus","f":["reg"],"day":true,"h":12},"geometry":{"type":"MultiLineString","coordinates":[[[-79.36947,43.67327],[-79.36881,43.67368],[-79.36879,43.67385],[-79.36902,43.6739],[-79.36963,43.67353],[-79.3694,43.67294],[-79.3707,43.67201],[-79.3709,43.67168],[-79.37087,43.6714],[-79.36431,43.65522],[-79.36104,43.64774],[-79.36125,43.64762],[-79.36169,43.64671],[-79.36198,43.64641],[-79.36782,43.64434],[-79.36744,43.64377],[-79.36534,43.64453],[-79.36553,43.64498]]]}},{"type":"Feature","properties":{"r":"66","n":"Prince Edward","m":"bus","f":["reg"],"day":true,"h":12},"geometry":{"type":"MultiLineString","coordinates":[[[-79.4952,43.65009],[-79.4951,43.65021],[-79.49516,43.65041],[-79.49552,43.65052],[-79.49532,43.64978],[-79.49544,43.64961],[-79.49756,43.65002],[-79.49921,43.65006],[-79.50545,43.64869],[-79.49962,43.63496],[-79.49888,43.63496],[-79.49343,43.63616],[-79.49036,43.62905],[-79.48369,43.62401],[-79.481,43.62288],[-79.48075,43.62252],[-79.48051,43.6227],[-79.48121,43.62297],[-79.47938,43.6265],[-79.47846,43.62874],[-79.47691,43.63027],[-79.47612,43.62994],[-79.47588,43.62971],[-79.4757,43.62906],[-79.47635,43.62791],[-79.4775,43.62466]],[[-79.49303,43.63625],[-79.48723,43.63752],[-79.48426,43.63038],[-79.48087,43.6311],[-79.47877,43.63123]],[[-79.47771,43.62432],[-79.47854,43.62298],[-79.4788,43.62275],[-79.47962,43.62251],[-79.48013,43.62258]],[[-79.47849,43.63152],[-79.47851,43.63171],[-79.47871,43.63175],[-79.47948,43.63159]]]}},{"type":"Feature","properties":{"r":"67","n":"Pharmacy","m":"bus","f":["reg"],"day":true,"h":14},"geometry":{"type":"MultiLineString","coordinates":[[[-79.31192,43.76414],[-79.31035,43.7645],[-79.31045,43.76473]],[[-79.31062,43.76509],[-79.31069,43.76532],[-79.31267,43.76488],[-79.31019,43.75903],[-79.31,43.75834],[-79.31019,43.75735],[-79.31014,43.75693],[-79.3031,43.73935],[-79.29753,43.72592],[-79.29739,43.72509],[-79.28408,43.69394],[-79.28805,43.69307],[-79.28872,43.69432]],[[-79.28911,43.69441],[-79.2896,43.6943],[-79.28902,43.69287],[-79.28847,43.69299]]]}},{"type":"Feature","properties":{"r":"68","n":"Warden","m":"bus","f":["reg"],"day":true,"h":10},"geometry":{"type":"MultiLineString","coordinates":[[[-79.33737,43.89437],[-79.33762,43.89514],[-79.33634,43.89544],[-79.33549,43.89581],[-79.33432,43.89501],[-79.33392,43.89423],[-79.33799,43.89331],[-79.34331,43.89231],[-79.34037,43.88039],[-79.33586,43.86336],[-79.33284,43.85126],[-79.33199,43.84863],[-79.3309,43.84624],[-79.33052,43.8444],[-79.33033,43.8424],[-79.32921,43.83768],[-79.32498,43.82168]],[[-79.32508,43.82129],[-79.32516,43.82109],[-79.32476,43.82082],[-79.32429,43.81861],[-79.3243,43.81779],[-79.32471,43.81512],[-79.32437,43.81372],[-79.3184,43.80078],[-79.31791,43.80009],[-79.31686,43.79901],[-79.31618,43.7977],[-79.3091,43.78115],[-79.30726,43.7775],[-79.30501,43.77226],[-79.30404,43.77031],[-79.30342,43.76848],[-79.30105,43.76293],[-79.30044,43.75957],[-79.29919,43.75632],[-79.28728,43.72694],[-79.28036,43.71045],[-79.2801,43.71056],[-79.28018,43.71077],[-79.28048,43.71077],[-79.28073,43.7114],[-79.28051,43.71084]]]}},{"type":"Feature","properties":{"r":"69","n":"Warden South","m":"bus","f":["reg"],"day":true,"h":20},"geometry":{"type":"MultiLineString","coordinates":[[[-79.28034,43.71039],[-79.28008,43.7106],[-79.28018,43.71077],[-79.28048,43.71077],[-79.2709,43.68775],[-79.26794,43.68971],[-79.26369,43.69206],[-79.26232,43.69304],[-79.264,43.69699],[-79.25829,43.69914],[-79.25507,43.70096],[-79.25387,43.7021],[-79.24819,43.71112],[-79.24697,43.7124],[-79.24036,43.71823],[-79.24145,43.72087],[-79.23655,43.72191],[-79.23586,43.72169],[-79.23564,43.72148],[-79.23367,43.71678]],[[-79.25392,43.70273],[-79.25497,43.70198],[-79.25646,43.70063]],[[-79.23399,43.71654],[-79.23458,43.71623],[-79.23911,43.71523],[-79.2402,43.71784]]]}},{"type":"Feature","properties":{"r":"70","n":"O'Connor","m":"bus","f":["reg"],"day":true,"h":11},"geometry":{"type":"MultiLineString","coordinates":[[[-79.29848,43.72714],[-79.29809,43.72722],[-79.2975,43.72564],[-79.30053,43.72496],[-79.30054,43.72469],[-79.30094,43.72411],[-79.30296,43.72285],[-79.30366,43.72217],[-79.30406,43.72125],[-79.30493,43.71598],[-79.30519,43.7153],[-79.31351,43.70459],[-79.31562,43.70276],[-79.3194,43.6999],[-79.32948,43.69776],[-79.32396,43.68416],[-79.32311,43.68434],[-79.32291,43.68427],[-79.32281,43.68406]],[[-79.30225,43.72376],[-79.30346,43.72668],[-79.30264,43.7269],[-79.30047,43.72794],[-79.2998,43.72762],[-79.29932,43.7272],[-79.29888,43.72711]]]}},{"type":"Feature","properties":{"r":"71","n":"Runnymede","m":"bus","f":["reg"],"day":true,"h":14},"geometry":{"type":"MultiLineString","coordinates":[[[-79.49489,43.6943],[-79.49616,43.6928],[-79.49619,43.69261],[-79.49472,43.69176],[-79.49441,43.69171],[-79.4942,43.69184],[-79.4929,43.69333],[-79.48998,43.69191],[-79.48916,43.69168],[-79.48856,43.69168],[-79.48798,43.69178],[-79.48722,43.69214],[-79.48621,43.6933],[-79.48737,43.69415],[-79.48774,43.69463],[-79.48782,43.6949],[-79.48762,43.69521],[-79.48732,43.69513],[-79.4861,43.69461],[-79.48386,43.69106],[-79.48287,43.68836],[-79.48459,43.68798],[-79.4844,43.68757],[-79.48446,43.68734],[-79.48483,43.68709],[-79.48534,43.68705],[-79.48573,43.68716],[-79.48614,43.68749],[-79.48644,43.68807],[-79.48643,43.6886],[-79.48807,43.68834],[-79.48902,43.68881],[-79.48896,43.68901],[-79.48794,43.68863],[-79.48667,43.68888],[-79.48632,43.68879],[-79.48644,43.68807],[-79.48611,43.68745],[-79.48558,43.6871],[-79.48483,43.68709],[-79.48441,43.68744],[-79.48459,43.68798],[-79.48952,43.68699],[-79.48399,43.68422],[-79.49172,43.68245],[-79.48744,43.67233],[-79.48694,43.67151],[-79.48639,43.67023],[-79.48426,43.67071],[-79.48071,43.66222],[-79.4797,43.65921],[-79.47652,43.65167],[-79.47541,43.65194]],[[-79.49327,43.69351],[-79.49452,43.69414]],[[-79.48989,43.68714],[-79.4942,43.68865],[-79.49348,43.68986],[-79.49139,43.69215]],[[-79.47526,43.65157],[-79.47517,43.65136],[-79.47629,43.65113],[-79.47636,43.6513]]]}},{"type":"Feature","properties":{"r":"72","n":"Pape","m":"bus","f":["freq"],"day":true,"h":9},"geometry":{"type":"MultiLineString","coordinates":[[[-79.3378,43.72151],[-79.33786,43.7214],[-79.33765,43.72124],[-79.33649,43.72168],[-79.3366,43.72203],[-79.33636,43.72266],[-79.33649,43.72348],[-79.33961,43.72302],[-79.33857,43.71928],[-79.33635,43.7144],[-79.33374,43.715],[-79.33291,43.7148],[-79.33029,43.71208],[-79.33024,43.71164],[-79.33052,43.71116],[-79.33136,43.7107],[-79.33472,43.70994],[-79.33631,43.70929],[-79.34363,43.70747],[-79.34283,43.70562],[-79.34135,43.70429],[-79.34122,43.70395],[-79.34329,43.70185],[-79.34371,43.70176],[-79.34411,43.70185],[-79.34988,43.70501],[-79.35196,43.70297],[-79.35284,43.70192],[-79.35195,43.70144],[-79.35151,43.70103],[-79.34927,43.6972],[-79.34938,43.69684],[-79.35101,43.69545],[-79.35103,43.69512],[-79.3453,43.68006],[-79.34488,43.68015],[-79.34448,43.68007],[-79.34448,43.67982],[-79.34514,43.67967],[-79.34168,43.67126],[-79.34401,43.67075],[-79.33772,43.65538],[-79.33553,43.65261],[-79.34502,43.64853],[-79.34696,43.65089],[-79.34428,43.65205],[-79.34238,43.64967],[-79.34005,43.65065]]]}},{"type":"Feature","properties":{"r":"73","n":"Royal York","m":"bus","f":["reg"],"day":true,"h":11},"geometry":{"type":"MultiLineString","coordinates":[[[-79.63471,43.74643],[-79.63493,43.74743],[-79.6336,43.74749],[-79.63013,43.74819],[-79.62801,43.74794],[-79.5942,43.74192],[-79.5653,43.73723],[-79.56089,43.73512],[-79.55756,43.73378],[-79.55625,43.7331],[-79.55502,43.73195],[-79.55466,43.73138],[-79.55344,43.72837],[-79.55166,43.72621],[-79.55056,43.72509],[-79.54753,43.72254],[-79.54522,43.72092],[-79.54425,43.71952],[-79.5434,43.71912],[-79.53908,43.71765],[-79.53885,43.71801],[-79.53786,43.71801],[-79.53774,43.71699],[-79.53666,43.71479],[-79.53602,43.71296],[-79.53545,43.71186],[-79.53459,43.70968],[-79.53304,43.7067],[-79.53238,43.70628],[-79.53168,43.70423],[-79.53164,43.70391],[-79.53186,43.7032],[-79.53239,43.70244],[-79.53438,43.70032],[-79.53426,43.69982],[-79.52601,43.68097],[-79.52312,43.67394],[-79.52194,43.67154],[-79.51618,43.65804],[-79.51403,43.65351],[-79.51174,43.64825],[-79.51112,43.64835]],[[-79.63231,43.74737],[-79.63198,43.74611],[-79.63235,43.74583],[-79.63302,43.74567],[-79.63449,43.74609]],[[-79.48621,43.68763],[-79.48828,43.68726],[-79.49375,43.68596],[-79.49882,43.68448],[-79.5006,43.69014],[-79.5034,43.68951],[-79.5039,43.68915],[-79.5042,43.68831],[-79.50465,43.68785],[-79.50573,43.68741],[-79.50716,43.68729],[-79.50804,43.68708],[-79.50876,43.68645],[-79.50883,43.68615],[-79.50868,43.68568],[-79.508,43.6853],[-79.50442,43.68539],[-79.50405,43.68506],[-79.50403,43.68476],[-79.50422,43.68438],[-79.50552,43.68461],[-79.50697,43.68466],[-79.51145,43.68396],[-79.51219,43.68501],[-79.51314,43.68684],[-79.51727,43.68643],[-79.52702,43.68424]],[[-79.48814,43.68835],[-79.48902,43.68881],[-79.48906,43.68894],[-79.48885,43.689],[-79.48794,43.68863],[-79.48667,43.68888],[-79.48632,43.68879],[-79.48644,43.68807],[-79.48621,43.68763]],[[-79.48621,43.68763],[-79.48558,43.6871],[-79.48521,43.68704],[-79.48483,43.68709],[-79.48439,43.68748],[-79.48459,43.68798],[-79.48621,43.68763]]]}},{"type":"Feature","properties":{"r":"74","n":"Mount Pleasant","m":"bus","f":["reg"],"day":true,"h":23},"geometry":{"type":"MultiLineString","coordinates":[[[-79.39929,43.70507],[-79.39906,43.70466],[-79.3986,43.7046],[-79.39851,43.70472],[-79.39864,43.70526],[-79.39888,43.70542]],[[-79.39928,43.70547],[-79.40009,43.70569],[-79.40028,43.70635],[-79.39018,43.7084],[-79.38702,43.7005],[-79.38622,43.6975],[-79.38331,43.69036],[-79.38987,43.68899],[-79.38908,43.68846],[-79.38991,43.688],[-79.39106,43.68772],[-79.39136,43.68791],[-79.39276,43.68764]]]}},{"type":"Feature","properties":{"r":"75","n":"Sherbourne","m":"bus","f":["freq"],"day":true,"h":8},"geometry":{"type":"MultiLineString","coordinates":[[[-79.37676,43.67211],[-79.37786,43.67503],[-79.37561,43.6749],[-79.37476,43.67506],[-79.37517,43.67601],[-79.37405,43.67629],[-79.37376,43.67723],[-79.37383,43.67735],[-79.37517,43.67763],[-79.37531,43.67722],[-79.3751,43.67656],[-79.37517,43.67601],[-79.37625,43.67572],[-79.37786,43.67503],[-79.37645,43.67127],[-79.36951,43.65472],[-79.36913,43.65337],[-79.36862,43.65214],[-79.36609,43.64636],[-79.36541,43.64518],[-79.36899,43.64393],[-79.36938,43.64451]],[[-79.36955,43.64487],[-79.37092,43.64822],[-79.36766,43.64896]]]}},{"type":"Feature","properties":{"r":"76","n":"Royal York South","m":"bus","f":["freq"],"day":true,"h":8},"geometry":{"type":"MultiLineString","coordinates":[[[-79.51107,43.64812],[-79.51163,43.64799],[-79.50871,43.64072],[-79.50868,43.63973],[-79.5085,43.63895],[-79.50824,43.63844],[-79.50741,43.63757],[-79.50704,43.63694],[-79.50262,43.62633],[-79.50112,43.62304],[-79.50028,43.62073],[-79.49316,43.60365],[-79.49233,43.60411],[-79.49162,43.60471],[-79.49114,43.60539],[-79.49062,43.6065],[-79.49026,43.60966],[-79.48962,43.61321]],[[-79.50222,43.62642],[-79.49458,43.62809],[-79.49154,43.62099],[-79.49172,43.6208],[-79.49917,43.61915]],[[-79.48942,43.61356],[-79.4893,43.61377],[-79.49635,43.61231]]]}},{"type":"Feature","properties":{"r":"77","n":"Swansea","m":"bus","f":["reg"],"day":true,"h":27},"geometry":{"type":"MultiLineString","coordinates":[[[-79.47548,43.65192],[-79.47517,43.65136],[-79.47629,43.65113],[-79.4742,43.64586],[-79.47838,43.64493],[-79.47801,43.64408],[-79.47772,43.64361],[-79.47505,43.64184],[-79.47488,43.64169],[-79.47488,43.64144],[-79.47463,43.64141],[-79.47453,43.64154],[-79.47428,43.64146],[-79.47019,43.63981],[-79.469,43.6387],[-79.46839,43.6374],[-79.47071,43.63705],[-79.47264,43.63621],[-79.47328,43.63639],[-79.47447,43.6361],[-79.47629,43.6377],[-79.47674,43.63882],[-79.4749,43.63992],[-79.47448,43.63997],[-79.47355,43.63936],[-79.47186,43.63785],[-79.47104,43.63825]],[[-79.47134,43.63855],[-79.47296,43.64012],[-79.47416,43.64099]]]}},{"type":"Feature","properties":{"r":"78","n":"St Andrews","m":"bus","f":["reg"],"day":true,"h":25},"geometry":{"type":"MultiLineString","coordinates":[[[-79.40648,43.74523],[-79.40646,43.74546],[-79.40596,43.74554],[-79.40535,43.74523],[-79.40522,43.74432],[-79.40267,43.74412],[-79.39643,43.74545],[-79.39829,43.7501],[-79.39828,43.75093],[-79.40186,43.75064],[-79.40206,43.75166],[-79.40145,43.75251],[-79.40374,43.75335],[-79.40468,43.75326],[-79.40481,43.75386],[-79.40417,43.7548],[-79.40301,43.75559],[-79.40025,43.75717],[-79.39848,43.7585],[-79.39682,43.75943],[-79.39536,43.76004],[-79.39497,43.75958],[-79.39373,43.75895],[-79.39263,43.75896],[-79.39212,43.75878],[-79.39159,43.75808],[-79.39169,43.75759],[-79.3898,43.75614],[-79.38911,43.75658],[-79.38894,43.7569],[-79.38891,43.75786],[-79.38949,43.75947],[-79.38948,43.75971],[-79.38823,43.76049],[-79.38891,43.76077],[-79.38951,43.76072],[-79.3901,43.76086],[-79.39158,43.76047],[-79.39141,43.76014],[-79.39083,43.75982],[-79.38935,43.75995]]]}},{"type":"Feature","properties":{"r":"79","n":"Scarlett Rd","m":"bus","f":["reg"],"day":true,"h":14},"geometry":{"type":"MultiLineString","coordinates":[[[-79.50793,43.70207],[-79.50487,43.70278],[-79.50383,43.70287],[-79.50324,43.70084],[-79.50713,43.69996]],[[-79.5075,43.70011],[-79.50832,43.70197],[-79.51988,43.69928],[-79.52328,43.69817],[-79.51986,43.69519],[-79.51438,43.68915],[-79.51179,43.68442],[-79.50942,43.68152],[-79.50622,43.67719],[-79.50592,43.67648],[-79.50592,43.67554],[-79.50476,43.67406],[-79.50419,43.67297],[-79.50384,43.67193],[-79.50164,43.66936],[-79.49866,43.67004],[-79.49375,43.67166],[-79.49283,43.66954],[-79.48669,43.67091],[-79.48639,43.67023],[-79.48426,43.67071],[-79.48071,43.66222],[-79.4797,43.65921],[-79.47652,43.65167],[-79.47548,43.65192]],[[-79.50133,43.66902],[-79.49963,43.66706],[-79.49926,43.66607],[-79.49471,43.66688],[-79.49097,43.66731],[-79.48394,43.6689]],[[-79.47526,43.65158],[-79.47517,43.65136],[-79.47629,43.65113],[-79.47636,43.6513]]]}},{"type":"Feature","properties":{"r":"80","n":"Queensway","m":"bus","f":["reg"],"day":true,"h":25},"geometry":{"type":"MultiLineString","coordinates":[[[-79.55989,43.60923],[-79.55934,43.60898],[-79.55865,43.60834],[-79.55641,43.60898],[-79.55676,43.60981]],[[-79.55704,43.61009],[-79.5587,43.60984],[-79.55973,43.60993],[-79.56026,43.60941],[-79.56102,43.60994],[-79.56197,43.6115],[-79.56267,43.6123],[-79.56015,43.6137],[-79.55896,43.61408],[-79.55532,43.61432],[-79.53701,43.61868],[-79.53139,43.61984],[-79.49035,43.62904],[-79.48151,43.63096],[-79.4772,43.63175],[-79.47662,43.63211],[-79.47553,43.63348],[-79.47318,43.63576],[-79.47191,43.6366],[-79.47052,43.6371],[-79.46644,43.63776],[-79.46507,43.6361],[-79.46204,43.63735],[-79.46008,43.63748],[-79.45689,43.63802],[-79.45365,43.63813],[-79.45349,43.63829],[-79.45367,43.63895],[-79.45462,43.64093],[-79.45779,43.64862],[-79.45839,43.65087],[-79.46042,43.65563],[-79.4595,43.65579]],[[-79.50246,43.62594],[-79.50113,43.62304],[-79.49892,43.6175],[-79.49586,43.6182]],[[-79.48121,43.62297],[-79.48248,43.6212],[-79.48318,43.62056],[-79.48387,43.62025],[-79.48555,43.61982],[-79.48596,43.61957],[-79.48647,43.61893],[-79.48931,43.61378],[-79.49675,43.61223],[-79.49875,43.61713]],[[-79.49547,43.6183],[-79.49432,43.61856],[-79.49425,43.61879],[-79.49482,43.62014],[-79.49159,43.62088],[-79.49254,43.62336],[-79.48885,43.62419],[-79.4892,43.62498],[-79.48955,43.6251],[-79.48668,43.62549],[-79.48596,43.6257],[-79.48341,43.62383],[-79.48121,43.62297]],[[-79.48121,43.62297],[-79.47938,43.6265],[-79.47846,43.62874],[-79.47691,43.63027],[-79.47593,43.62981],[-79.4757,43.62906],[-79.47635,43.62791],[-79.4775,43.62466],[-79.47854,43.62298],[-79.4788,43.62275],[-79.47962,43.62251],[-79.47999,43.62253],[-79.48121,43.62297]],[[-79.48121,43.62297],[-79.481,43.62288],[-79.48089,43.62259],[-79.48066,43.62253],[-79.48051,43.6227],[-79.48121,43.62297]],[[-79.47684,43.63247],[-79.47863,43.6319]]]}},{"type":"Feature","properties":{"r":"82","n":"Rosedale","m":"bus","f":["reg"],"day":true,"h":25},"geometry":{"type":"MultiLineString","coordinates":[[[-79.37642,43.68594],[-79.37809,43.68559],[-79.37714,43.68338],[-79.37752,43.68326],[-79.37766,43.68308],[-79.37729,43.68216],[-79.37702,43.68194],[-79.37606,43.68179],[-79.37385,43.68098],[-79.37516,43.67762],[-79.376,43.67766],[-79.37763,43.67735],[-79.37788,43.67773],[-79.37831,43.67794],[-79.38025,43.67821],[-79.38152,43.67859],[-79.38276,43.67843],[-79.38401,43.67786],[-79.38594,43.67747],[-79.38673,43.67754],[-79.38898,43.67707],[-79.38905,43.6763],[-79.38884,43.67618],[-79.38873,43.67634],[-79.38896,43.67691]],[[-79.3737,43.68135],[-79.37253,43.68435],[-79.37247,43.68483],[-79.37266,43.68541],[-79.37117,43.68581],[-79.37102,43.68708],[-79.37603,43.68602]]]}},{"type":"Feature","properties":{"r":"83","n":"Jones","m":"bus","f":["reg"],"day":true,"h":20},"geometry":{"type":"MultiLineString","coordinates":[[[-79.33799,43.68096],[-79.33794,43.68116],[-79.33764,43.68124],[-79.3373,43.68042],[-79.3401,43.67988],[-79.3328,43.66266],[-79.33021,43.66323],[-79.32833,43.65903],[-79.32632,43.65651],[-79.3294,43.65521],[-79.33001,43.65601],[-79.33025,43.65609],[-79.33126,43.65719],[-79.33163,43.65709],[-79.3307,43.65582],[-79.33085,43.65565],[-79.33022,43.65487],[-79.3294,43.65521]]]}},{"type":"Feature","properties":{"r":"84","n":"Sheppard West","m":"bus","f":["freq"],"day":true,"h":7},"geometry":{"type":"MultiLineString","coordinates":[[[-79.53944,43.73898],[-79.53532,43.73993],[-79.53493,43.73729],[-79.53395,43.73466],[-79.51296,43.73945],[-79.51037,43.73952],[-79.48459,43.74515],[-79.4839,43.74548],[-79.48328,43.74598],[-79.48296,43.74637],[-79.4828,43.74682],[-79.48271,43.7477],[-79.4829,43.7522],[-79.48279,43.75272],[-79.48244,43.75322],[-79.48192,43.75368],[-79.48109,43.75411],[-79.47517,43.75547],[-79.47428,43.75553],[-79.47308,43.7554],[-79.46989,43.75417],[-79.46853,43.75319],[-79.46563,43.75045],[-79.46497,43.7502],[-79.46429,43.75011],[-79.46239,43.75045],[-79.4618,43.74865],[-79.46119,43.74838],[-79.46081,43.74841],[-79.46024,43.74853],[-79.45992,43.74876],[-79.46073,43.75081],[-79.43907,43.75541],[-79.43698,43.75568],[-79.41229,43.7612],[-79.41269,43.76172],[-79.41236,43.76194],[-79.41187,43.76186],[-79.41182,43.76158],[-79.41192,43.7615]],[[-79.53435,43.73459],[-79.53822,43.73374],[-79.53935,43.73859]],[[-79.46219,43.74855],[-79.46268,43.74971],[-79.4626,43.74981]]]}},{"type":"Feature","properties":{"r":"85","n":"Sheppard East","m":"bus","f":["freq"],"day":true,"h":8},"geometry":{"type":"MultiLineString","coordinates":[[[-79.3451,43.77583],[-79.34658,43.77552],[-79.34684,43.77563],[-79.34699,43.77603],[-79.34673,43.77623],[-79.34591,43.77605],[-79.34397,43.77637],[-79.34371,43.77583],[-79.34188,43.77618],[-79.34102,43.7762],[-79.32771,43.7747],[-79.3253,43.77475],[-79.28534,43.78392],[-79.24847,43.79184],[-79.21821,43.79799],[-79.16724,43.80914],[-79.16652,43.80911],[-79.16558,43.80884],[-79.15522,43.80284],[-79.14659,43.79922],[-79.14464,43.79763],[-79.14397,43.79682],[-79.14348,43.79592],[-79.14214,43.79634],[-79.14072,43.7976],[-79.13888,43.79809],[-79.13161,43.7807],[-79.13088,43.78086],[-79.13035,43.78075]],[[-79.17164,43.80966],[-79.17274,43.81084],[-79.17316,43.81166],[-79.17316,43.81249],[-79.17245,43.81601],[-79.17254,43.81681],[-79.17296,43.81774],[-79.17336,43.81824],[-79.17585,43.81824],[-79.17778,43.81887],[-79.17918,43.8189],[-79.17943,43.81908],[-79.17982,43.81975]],[[-79.17438,43.81784],[-79.17323,43.81659],[-79.17288,43.81585]],[[-79.17097,43.80875],[-79.17107,43.80896],[-79.17084,43.80916],[-79.17083,43.80933],[-79.17136,43.80938]]]}},{"type":"Feature","properties":{"r":"86","n":"Scarborough","m":"bus","f":["freq"],"day":true,"h":8},"geometry":{"type":"MultiLineString","coordinates":[[[-79.26308,43.73249],[-79.26423,43.73219],[-79.26454,43.73276],[-79.26571,43.73238],[-79.26605,43.73267],[-79.25851,43.73443],[-79.25802,43.73476],[-79.25686,43.73499],[-79.2556,43.73507],[-79.24615,43.73709],[-79.21376,43.74433],[-79.21165,43.74371],[-79.21028,43.74501],[-79.20594,43.74965],[-79.20198,43.75417],[-79.18437,43.77329],[-79.18361,43.77382],[-79.18291,43.77409],[-79.17652,43.77507],[-79.17462,43.77576],[-79.17315,43.77684],[-79.17064,43.78005],[-79.16889,43.78194],[-79.16737,43.78213],[-79.16636,43.78269],[-79.16873,43.78453],[-79.16213,43.78875],[-79.16356,43.79219],[-79.16356,43.79273],[-79.16514,43.79624],[-79.16574,43.79832],[-79.16675,43.80064],[-79.16835,43.80328],[-79.17119,43.80918],[-79.17274,43.81084],[-79.17316,43.81166],[-79.17316,43.81249],[-79.17245,43.81601],[-79.17254,43.81681],[-79.17296,43.81774],[-79.17336,43.81824],[-79.17585,43.81824],[-79.17778,43.81887],[-79.17918,43.8189],[-79.17943,43.81908],[-79.17982,43.81975],[-79.17974,43.82017],[-79.17997,43.8202],[-79.18004,43.82001],[-79.17987,43.81991]],[[-79.18887,43.76781],[-79.16177,43.77388],[-79.16084,43.77267],[-79.15824,43.76677],[-79.16744,43.76448]],[[-79.16783,43.76441],[-79.16902,43.76447],[-79.16989,43.76493],[-79.17042,43.76503],[-79.17367,43.76432],[-79.17614,43.77025]],[[-79.16903,43.78426],[-79.16925,43.78387],[-79.16942,43.78236],[-79.16931,43.78208]]]}},{"type":"Feature","properties":{"r":"87","n":"Cosburn","m":"bus","f":["freq"],"day":true,"h":10},"geometry":{"type":"MultiLineString","coordinates":[[[-79.35835,43.67672],[-79.35852,43.67662],[-79.35885,43.67677],[-79.35769,43.68128],[-79.35658,43.68521],[-79.35527,43.68855],[-79.35408,43.6884],[-79.34267,43.69062],[-79.34221,43.69075],[-79.34169,43.69117],[-79.31472,43.69703],[-79.31232,43.69693],[-79.30987,43.69746],[-79.30946,43.69723],[-79.30824,43.69442],[-79.30603,43.69493],[-79.30588,43.6946],[-79.30117,43.6956],[-79.30008,43.69315],[-79.30237,43.69261],[-79.30212,43.692],[-79.3034,43.6917],[-79.30226,43.68908],[-79.30129,43.68932]],[[-79.31127,43.69757],[-79.31131,43.69766],[-79.31092,43.69783],[-79.31107,43.69797],[-79.31142,43.6978],[-79.31129,43.69756]]]}},{"type":"Feature","properties":{"r":"88","n":"South Leaside","m":"bus","f":["reg"],"day":true,"h":18},"geometry":{"type":"MultiLineString","coordinates":[[[-79.39136,43.68791],[-79.39276,43.68764],[-79.39277,43.68734],[-79.38991,43.688],[-79.38908,43.68846],[-79.38987,43.68899],[-79.37959,43.69117],[-79.38044,43.69311],[-79.38144,43.69423],[-79.38059,43.69483],[-79.37994,43.69506],[-79.37172,43.69674],[-79.37249,43.69873],[-79.36899,43.69959],[-79.367,43.70045],[-79.36589,43.70126],[-79.36519,43.702],[-79.36466,43.70284],[-79.36438,43.70357],[-79.36156,43.70245],[-79.36057,43.70316],[-79.35982,43.70249],[-79.35839,43.70191],[-79.35702,43.70183],[-79.35397,43.70205],[-79.35283,43.70191],[-79.35195,43.70297],[-79.34986,43.705],[-79.34401,43.7018],[-79.34328,43.70184],[-79.34121,43.70394],[-79.34134,43.70429],[-79.34282,43.70561],[-79.34361,43.70747]],[[-79.36475,43.70372],[-79.36633,43.70437],[-79.36812,43.70478],[-79.36819,43.70563],[-79.36794,43.70653],[-79.36746,43.70715],[-79.36458,43.70921],[-79.36351,43.71035],[-79.3648,43.71357],[-79.35982,43.7146],[-79.35852,43.71146],[-79.3565,43.71188],[-79.35589,43.71174],[-79.35064,43.71285]],[[-79.35081,43.71322],[-79.3511,43.71385],[-79.35159,43.71411],[-79.35233,43.71426],[-79.3587,43.71295]],[[-79.344,43.70738],[-79.34815,43.70635],[-79.34869,43.70607],[-79.34957,43.7053]]]}},{"type":"Feature","properties":{"r":"89","n":"Weston","m":"bus","f":["freq"],"day":true,"h":10},"geometry":{"type":"MultiLineString","coordinates":[[[-79.5382,43.71734],[-79.53908,43.71765],[-79.53895,43.71793],[-79.53785,43.71798]],[[-79.53785,43.71758],[-79.53767,43.71683],[-79.53667,43.7148],[-79.53602,43.71296],[-79.53545,43.71186],[-79.53459,43.70968],[-79.53304,43.7067],[-79.53254,43.70636],[-79.53122,43.70602],[-79.52598,43.70325],[-79.52378,43.70237],[-79.52182,43.70166],[-79.51619,43.70015],[-79.51068,43.69812],[-79.50983,43.69763],[-79.50376,43.69255],[-79.50251,43.69193],[-79.49601,43.68928],[-79.48952,43.68699],[-79.48459,43.68798],[-79.4844,43.68757],[-79.48449,43.6873],[-79.4849,43.68707],[-79.48552,43.68708],[-79.48614,43.68749],[-79.48644,43.68807],[-79.48643,43.6886],[-79.48807,43.68834],[-79.48902,43.68881],[-79.48896,43.68901],[-79.48794,43.68863],[-79.48667,43.68888],[-79.48632,43.68879],[-79.48644,43.68807],[-79.48611,43.68745],[-79.48558,43.6871],[-79.48483,43.68709],[-79.48441,43.68744],[-79.48459,43.68798],[-79.48952,43.68699],[-79.48315,43.68386],[-79.47996,43.68331],[-79.47823,43.68268],[-79.47674,43.6816],[-79.47406,43.67889],[-79.4705,43.67606],[-79.47016,43.67564],[-79.46941,43.67419],[-79.46888,43.67369],[-79.46808,43.67325],[-79.46776,43.67288],[-79.46042,43.65563],[-79.45945,43.65576],[-79.45929,43.65563],[-79.45932,43.65543],[-79.46002,43.65528]]]}},{"type":"Feature","properties":{"r":"90","n":"Vaughan","m":"bus","f":["reg"],"day":true,"h":10},"geometry":{"type":"MultiLineString","coordinates":[[[-79.43645,43.69973],[-79.43616,43.69978],[-79.43587,43.69964],[-79.43558,43.69887],[-79.44278,43.69729],[-79.44083,43.69265],[-79.43464,43.68935],[-79.43217,43.68881],[-79.42659,43.68875],[-79.42307,43.68734],[-79.42235,43.68663],[-79.42098,43.68344],[-79.42021,43.68277],[-79.41522,43.68377],[-79.41562,43.684],[-79.41583,43.68454],[-79.41577,43.68465],[-79.4153,43.68473],[-79.41515,43.68464],[-79.41507,43.68442],[-79.41523,43.68394]]]}},{"type":"Feature","properties":{"r":"91","n":"Woodbine","m":"bus","f":["reg"],"day":true,"h":19},"geometry":{"type":"MultiLineString","coordinates":[[[-79.32459,43.74053],[-79.3247,43.74079],[-79.31372,43.74154],[-79.31144,43.7418],[-79.30979,43.74214],[-79.30765,43.73682],[-79.3124,43.73573],[-79.31192,43.73463],[-79.31076,43.73337],[-79.30991,43.73119],[-79.30965,43.72977],[-79.30968,43.72924],[-79.30999,43.72858],[-79.31069,43.7279],[-79.31133,43.72749],[-79.31292,43.72683],[-79.31326,43.72653],[-79.31392,43.72482],[-79.31581,43.72212],[-79.31598,43.72169],[-79.31576,43.721],[-79.31438,43.71948],[-79.31245,43.71489],[-79.31285,43.71469],[-79.31645,43.71017],[-79.31102,43.7079],[-79.31352,43.7046],[-79.31563,43.70277],[-79.31903,43.70016],[-79.31309,43.6864],[-79.31231,43.68651]],[[-79.31932,43.74076],[-79.31965,43.74019],[-79.32468,43.73584],[-79.32582,43.73546],[-79.32674,43.73558],[-79.32722,43.73604],[-79.32738,43.73649],[-79.32733,43.73683],[-79.32598,43.73885],[-79.32484,43.73968],[-79.32456,43.74013]],[[-79.31279,43.73564],[-79.31501,43.73523],[-79.31652,43.73553],[-79.31738,43.7354],[-79.31825,43.736],[-79.31721,43.7371],[-79.31784,43.73744],[-79.31431,43.74086],[-79.31422,43.74111]]]}},{"type":"Feature","properties":{"r":"92","n":"Woodbine South","m":"bus","f":["reg"],"day":true,"h":14},"geometry":{"type":"MultiLineString","coordinates":[[[-79.31288,43.68642],[-79.31226,43.68652],[-79.31224,43.68672],[-79.31314,43.68652],[-79.30473,43.66621],[-79.30488,43.66565],[-79.30524,43.66513],[-79.3063,43.66429],[-79.30723,43.66396],[-79.30974,43.66339],[-79.30944,43.66312],[-79.30903,43.66342]]]}},{"type":"Feature","properties":{"r":"93","n":"Parkview Hills","m":"bus","f":["reg"],"day":true,"h":30},"geometry":{"type":"MultiLineString","coordinates":[[[-79.3212,43.7045],[-79.32305,43.70464],[-79.32405,43.70438],[-79.32509,43.70375],[-79.32713,43.70371],[-79.3279,43.70345],[-79.32888,43.70378],[-79.32885,43.70401]],[[-79.3288,43.70441],[-79.32587,43.70466],[-79.32551,43.70582],[-79.32165,43.70662],[-79.32075,43.70445],[-79.31935,43.70428],[-79.31529,43.70514],[-79.31462,43.70505],[-79.31366,43.70445],[-79.31562,43.70276],[-79.31902,43.70015],[-79.31308,43.68639],[-79.31243,43.68649]]]}},{"type":"Feature","properties":{"r":"94","n":"Wellesley","m":"bus","f":["freq"],"day":true,"h":10},"geometry":{"type":"MultiLineString","coordinates":[[[-79.42605,43.66289],[-79.4261,43.66302],[-79.42726,43.66277],[-79.42715,43.66251]],[[-79.4268,43.66231],[-79.42586,43.66246],[-79.42432,43.65855],[-79.39904,43.66368],[-79.39844,43.66411],[-79.39422,43.665],[-79.39394,43.6649],[-79.39359,43.66408],[-79.3927,43.66316],[-79.38388,43.66508],[-79.38393,43.66521]],[[-79.39082,43.66398],[-79.39152,43.66564],[-79.39209,43.666],[-79.39285,43.666],[-79.39355,43.66569],[-79.39386,43.6653]],[[-79.38366,43.66555],[-79.38347,43.66518],[-79.37835,43.66629],[-79.37672,43.66242],[-79.36798,43.66428],[-79.37091,43.67163],[-79.3707,43.67201],[-79.3694,43.67294],[-79.36957,43.67324],[-79.36881,43.67368],[-79.36879,43.67385]],[[-79.36993,43.66809],[-79.37468,43.66709],[-79.37585,43.66649],[-79.37741,43.66649],[-79.37795,43.66637]]]}},{"type":"Feature","properties":{"r":"95","n":"York Mills","m":"bus","f":["freq"],"day":true,"h":10},"geometry":{"type":"MultiLineString","coordinates":[[[-79.40649,43.74544],[-79.40596,43.74554],[-79.40535,43.74523],[-79.40522,43.74432],[-79.40322,43.74412],[-79.40191,43.74424],[-79.38414,43.74805],[-79.38348,43.74829],[-79.38235,43.74895],[-79.38065,43.74934],[-79.36414,43.75278],[-79.36303,43.75295],[-79.35996,43.75295],[-79.33943,43.75744],[-79.33517,43.75842],[-79.33269,43.75951],[-79.32498,43.76129],[-79.32422,43.76125],[-79.32198,43.76011],[-79.31941,43.75818],[-79.31854,43.75776],[-79.31737,43.75759],[-79.31523,43.75786],[-79.30004,43.76132],[-79.28175,43.76567],[-79.22334,43.77828],[-79.1556,43.79434],[-79.1546,43.79358],[-79.14622,43.79892],[-79.14702,43.79944],[-79.1506,43.80091],[-79.15085,43.80048],[-79.15,43.79854],[-79.15027,43.79801],[-79.14915,43.79707]],[[-79.18775,43.78631],[-79.1849,43.78495],[-79.18557,43.78435]]]}},{"type":"Feature","properties":{"r":"96","n":"Wilson","m":"bus","f":["freq"],"day":true,"h":8},"geometry":{"type":"MultiLineString","coordinates":[[[-79.62239,43.74694],[-79.62235,43.74719],[-79.6225,43.74734],[-79.62294,43.74703],[-79.62202,43.74687],[-79.62197,43.7459],[-79.62135,43.74486],[-79.62067,43.74335],[-79.62606,43.74208],[-79.62473,43.73932],[-79.62291,43.73745],[-79.62181,43.73728],[-79.61833,43.73812],[-79.61771,43.7367],[-79.61765,43.73611],[-79.6182,43.73363],[-79.61818,43.73325],[-79.61791,43.73278],[-79.61678,43.73197],[-79.61591,43.73183],[-79.61419,43.73219],[-79.61341,43.73219],[-79.61099,43.73152],[-79.61019,43.73167],[-79.60914,43.73218],[-79.60793,43.7312],[-79.60492,43.73011],[-79.60573,43.72893],[-79.60435,43.72842],[-79.60413,43.72873],[-79.6055,43.72926],[-79.60492,43.73011],[-79.60361,43.72997],[-79.59676,43.7315],[-79.59618,43.73179],[-79.59431,43.7333],[-79.59353,43.73376],[-79.59208,43.73217],[-79.59169,43.73192],[-79.59059,43.73175],[-79.58941,43.73201],[-79.58671,43.72602],[-79.5823,43.72703],[-79.5795,43.727],[-79.57638,43.72741],[-79.57535,43.72792],[-79.57285,43.72858],[-79.57246,43.72889],[-79.56932,43.72784],[-79.56946,43.72664],[-79.56798,43.72693],[-79.56629,43.7275],[-79.56571,43.72695],[-79.56444,43.72435],[-79.56303,43.72349],[-79.561,43.72287],[-79.55993,43.72284],[-79.55056,43.72509],[-79.54688,43.72203],[-79.54512,43.72079],[-79.54445,43.71977],[-79.54405,43.71942],[-79.53438,43.71602],[-79.53333,43.71577],[-79.53238,43.71572],[-79.53157,43.71578],[-79.50954,43.72077],[-79.50652,43.72118],[-79.48206,43.72664],[-79.47933,43.72778],[-79.46128,43.73189],[-79.45928,43.732],[-79.45285,43.73338],[-79.45296,43.73384],[-79.45259,43.73426],[-79.45173,43.73397],[-79.45089,43.73415],[-79.45115,43.73501],[-79.45089,43.73503],[-79.45064,43.7342],[-79.4515,43.73403],[-79.45118,43.7343],[-79.45142,43.73492],[-79.44972,43.73536],[-79.4497,43.73558],[-79.45021,43.73662],[-79.44995,43.73684],[-79.4479,43.73568],[-79.44727,43.73458],[-79.43399,43.73735],[-79.42975,43.73777],[-79.42782,43.73849],[-79.41443,43.74147],[-79.4124,43.74205],[-79.40672,43.74415],[-79.40522,43.74432],[-79.40526,43.74522],[-79.40594,43.74531],[-79.40607,43.74512],[-79.40645,43.74505]],[[-79.61355,43.75114],[-79.61372,43.75113],[-79.61393,43.7509],[-79.61591,43.75043],[-79.61613,43.75033],[-79.61627,43.75006],[-79.61471,43.74648],[-79.61428,43.74585],[-79.61427,43.74549],[-79.6147,43.74405],[-79.61468,43.74357],[-79.61222,43.73806],[-79.61157,43.73774],[-79.61076,43.73783],[-79.60977,43.73558],[-79.61001,43.73331],[-79.60945,43.73248]],[[-79.61037,43.73793],[-79.60319,43.73963],[-79.60099,43.73463],[-79.60471,43.73378],[-79.60579,43.73365],[-79.60953,43.73404]],[[-79.58902,43.73212],[-79.58664,43.73252],[-79.58504,43.73221],[-79.58394,43.73234],[-79.58348,43.73261],[-79.5826,43.73396],[-79.58196,43.73443],[-79.58133,43.7347],[-79.5783,43.7355],[-79.57482,43.72847]],[[-79.44766,43.73447],[-79.45037,43.7339]]]}},{"type":"Feature","properties":{"r":"97","n":"Yonge","m":"bus","f":["reg"],"day":true,"h":14},"geometry":{"type":"MultiLineString","coordinates":[[[-79.41962,43.79368],[-79.42686,43.79211],[-79.42734,43.79325],[-79.42866,43.79463],[-79.42926,43.796],[-79.42007,43.79799],[-79.41011,43.75822],[-79.40958,43.75632],[-79.4086,43.75436],[-79.40821,43.75299],[-79.40808,43.75197],[-79.4081,43.74979],[-79.40711,43.74605],[-79.40452,43.73416],[-79.40218,43.7251],[-79.40113,43.71954],[-79.39821,43.70605]],[[-79.41518,43.77984],[-79.41454,43.77998],[-79.41459,43.78016],[-79.41475,43.78018],[-79.41516,43.78107],[-79.41533,43.78161],[-79.41525,43.78183],[-79.41564,43.78173]],[[-79.40707,43.74401],[-79.4124,43.74205],[-79.41522,43.74128],[-79.41127,43.73765],[-79.41015,43.73685],[-79.40857,43.73546],[-79.40765,43.73499],[-79.40628,43.73453],[-79.40496,43.73429]],[[-79.39829,43.70405],[-79.3986,43.7046],[-79.39851,43.70472],[-79.39864,43.70526],[-79.39888,43.70542],[-79.40009,43.70569],[-79.39814,43.70565],[-79.39481,43.68973],[-79.38278,43.66058],[-79.37696,43.64688],[-79.37802,43.64622],[-79.37912,43.64598]],[[-79.39332,43.68721],[-79.39106,43.68772],[-79.39136,43.68791],[-79.39276,43.68764]],[[-79.37928,43.64635],[-79.38028,43.64865],[-79.3783,43.64906]]]}},{"type":"Feature","properties":{"r":"98","n":"Willowdale-Senlac","m":"bus","f":["reg"],"day":true,"h":23},"geometry":{"type":"MultiLineString","coordinates":[[[-79.43575,43.79316],[-79.43666,43.79283],[-79.43714,43.79215],[-79.43714,43.79171],[-79.43658,43.78996],[-79.4359,43.78916],[-79.4357,43.78825],[-79.4331,43.78881],[-79.43278,43.78743],[-79.43133,43.78402],[-79.43375,43.78349],[-79.43298,43.78174],[-79.43254,43.77943],[-79.43171,43.77618],[-79.43024,43.77649],[-79.42735,43.76974],[-79.42682,43.76898],[-79.42255,43.75894],[-79.41231,43.7612],[-79.41239,43.76145],[-79.41258,43.76147],[-79.41269,43.76172],[-79.41236,43.76194],[-79.41193,43.76192],[-79.41182,43.76171],[-79.41185,43.76152],[-79.41239,43.76145],[-79.41231,43.7612],[-79.39968,43.76399],[-79.40827,43.78446],[-79.40931,43.78612],[-79.40993,43.78756],[-79.40991,43.78866],[-79.41079,43.7902],[-79.41446,43.79924],[-79.41768,43.79854],[-79.41758,43.79827],[-79.41773,43.79816],[-79.41788,43.79819],[-79.41801,43.79847]],[[-79.43318,43.7892],[-79.43359,43.79103],[-79.43405,43.79212],[-79.43458,43.79271],[-79.43535,43.79311]]]}},{"type":"Feature","properties":{"r":"99","n":"Arrow Rd","m":"bus","f":["reg"],"day":true,"h":15},"geometry":{"type":"MultiLineString","coordinates":[[[-79.51321,43.73938],[-79.52932,43.73569],[-79.53086,43.74194],[-79.53062,43.74259],[-79.52944,43.74317],[-79.52913,43.74363],[-79.52976,43.74675],[-79.53213,43.74641],[-79.53461,43.74586],[-79.53432,43.74501],[-79.53421,43.74496],[-79.53216,43.74526]],[[-79.5318,43.74544],[-79.53149,43.74559],[-79.53118,43.74595],[-79.53002,43.74611]],[[-79.52991,43.74713],[-79.53299,43.74965],[-79.53581,43.75253],[-79.53625,43.75328],[-79.51896,43.75712],[-79.51772,43.75723],[-79.51331,43.73977]]]}},{"type":"Feature","properties":{"r":"100","n":"Flemingdon Park","m":"bus","f":["freq"],"day":true,"h":8},"geometry":{"type":"MultiLineString","coordinates":[[[-79.33697,43.72167],[-79.3378,43.72151],[-79.33786,43.7214],[-79.33765,43.72124],[-79.33649,43.72168],[-79.3366,43.72203],[-79.33636,43.72266],[-79.33648,43.72348],[-79.33536,43.72374],[-79.33471,43.72411],[-79.33342,43.72563],[-79.33292,43.72601],[-79.33202,43.72641],[-79.32778,43.72734],[-79.32832,43.72822],[-79.32843,43.7299],[-79.32826,43.73017],[-79.32846,43.73028],[-79.32858,43.73013],[-79.32843,43.7299],[-79.3283,43.72815],[-79.32762,43.72704],[-79.32743,43.7263],[-79.32696,43.72581],[-79.32597,43.72521],[-79.32456,43.72345],[-79.3247,43.72313],[-79.3252,43.72291],[-79.32703,43.72256],[-79.32759,43.72201],[-79.32812,43.72066],[-79.3281,43.72014],[-79.3278,43.71933],[-79.32827,43.71909],[-79.33139,43.71835],[-79.32964,43.71531],[-79.32812,43.71561],[-79.32689,43.71348],[-79.32686,43.71314],[-79.32702,43.71292],[-79.32758,43.71266],[-79.33026,43.71202],[-79.33022,43.71164],[-79.3305,43.71115],[-79.33135,43.7107],[-79.33471,43.70994],[-79.33597,43.70938],[-79.33772,43.70892],[-79.34814,43.70635],[-79.34912,43.70571],[-79.35165,43.70327],[-79.35283,43.70191],[-79.35205,43.7015],[-79.35147,43.70096],[-79.34925,43.6972],[-79.34937,43.69683],[-79.351,43.69544],[-79.35102,43.69511],[-79.3453,43.68006],[-79.34488,43.68015],[-79.34448,43.68007],[-79.34448,43.67982],[-79.34516,43.67968]],[[-79.32742,43.71922],[-79.32704,43.71887],[-79.32687,43.71809],[-79.32484,43.71597],[-79.32442,43.71429],[-79.32431,43.71272],[-79.32448,43.71236],[-79.32654,43.71291]]]}},{"type":"Feature","properties":{"r":"101","n":"Downsview Park","m":"bus","f":["reg"],"day":true,"h":27},"geometry":{"type":"MultiLineString","coordinates":[[[-79.49073,43.76441],[-79.49093,43.76452],[-79.49072,43.76476],[-79.49098,43.7659],[-79.49166,43.76572],[-79.48966,43.75806],[-79.4849,43.7591],[-79.48454,43.75736],[-79.48417,43.75642],[-79.48086,43.75715],[-79.48047,43.75532],[-79.48406,43.75452],[-79.48358,43.75333],[-79.48327,43.75303],[-79.48272,43.75284],[-79.48198,43.75364],[-79.48096,43.75415],[-79.47517,43.75547],[-79.47428,43.75553],[-79.47431,43.75347],[-79.47723,43.7518],[-79.4774,43.75201],[-79.47752,43.75268],[-79.47726,43.75309],[-79.47725,43.75333],[-79.47755,43.754],[-79.47792,43.75425],[-79.47814,43.75415],[-79.47755,43.754],[-79.47723,43.75326],[-79.47752,43.75272],[-79.47739,43.75197],[-79.47722,43.75179],[-79.47752,43.7513],[-79.47741,43.75072],[-79.47702,43.75033],[-79.47605,43.74981],[-79.47458,43.74852],[-79.47448,43.74833],[-79.47461,43.74809],[-79.48203,43.74638],[-79.48223,43.74689],[-79.48203,43.74806],[-79.48227,43.74825],[-79.48278,43.74828],[-79.48277,43.74698],[-79.48297,43.74638],[-79.48329,43.74598],[-79.48391,43.74549],[-79.4846,43.74516],[-79.48645,43.74478],[-79.48456,43.73694],[-79.48316,43.73687],[-79.48166,43.7363],[-79.48025,43.73611],[-79.4789,43.73631],[-79.47764,43.73691],[-79.47682,43.736],[-79.47636,43.73394],[-79.47797,43.7336]],[[-79.48446,43.73653],[-79.48207,43.72664],[-79.47934,43.72778],[-79.47775,43.72816],[-79.46129,43.73189],[-79.45929,43.732],[-79.45286,43.73338],[-79.45296,43.73384],[-79.45259,43.73426],[-79.4518,43.73402],[-79.45088,43.73415],[-79.45117,43.73501],[-79.45089,43.73506],[-79.45062,43.73429]],[[-79.47814,43.73396],[-79.47906,43.73588]]]}},{"type":"Feature","properties":{"r":"102","n":"Markham Rd","m":"bus","f":["freq"],"day":true,"h":6},"geometry":{"type":"MultiLineString","coordinates":[[[-79.24197,43.83505],[-79.24356,43.83839],[-79.25118,43.83659],[-79.25092,43.83178],[-79.2507,43.83054],[-79.24295,43.81267],[-79.24281,43.81181],[-79.24292,43.81072],[-79.24383,43.80819],[-79.24397,43.80694],[-79.24351,43.80553],[-79.2419,43.80191],[-79.24107,43.79864],[-79.23967,43.79517],[-79.23875,43.79387],[-79.23633,43.78779],[-79.23514,43.78525],[-79.23389,43.78175],[-79.22547,43.76031],[-79.22339,43.75377],[-79.21702,43.73877],[-79.22616,43.73054],[-79.23601,43.72203],[-79.25129,43.71876],[-79.2647,43.71578],[-79.27111,43.71415],[-79.281,43.71205],[-79.28036,43.71045],[-79.28012,43.71054],[-79.28009,43.7107],[-79.28048,43.71077],[-79.281,43.71205],[-79.27828,43.71268]],[[-79.26739,43.90425],[-79.26986,43.90376],[-79.27636,43.90175],[-79.27716,43.90489],[-79.27808,43.90729],[-79.27029,43.90915]],[[-79.26991,43.90926],[-79.26808,43.90968],[-79.26723,43.90527],[-79.25787,43.86567],[-79.25793,43.86547],[-79.25665,43.86074],[-79.25641,43.85927],[-79.25474,43.85233],[-79.25483,43.85221],[-79.2546,43.85117],[-79.25451,43.8508],[-79.25437,43.85073],[-79.25312,43.84573],[-79.25285,43.84405],[-79.25273,43.84398],[-79.252,43.84093],[-79.25212,43.84081],[-79.25199,43.84021],[-79.25181,43.8401],[-79.25129,43.83797],[-79.25123,43.83699]],[[-79.2483,43.83686],[-79.24574,43.83164],[-79.24102,43.83266],[-79.24182,43.83468]],[[-79.22981,43.78648],[-79.23155,43.78566],[-79.2316,43.78538],[-79.23115,43.78475],[-79.23092,43.78409],[-79.23185,43.7839],[-79.23178,43.78352],[-79.23204,43.78296],[-79.23353,43.78192]],[[-79.23078,43.78489],[-79.22912,43.78551],[-79.22958,43.78615]]]}},{"type":"Feature","properties":{"r":"103","n":"Mount Pleasant North","m":"bus","f":["reg"],"day":true,"h":25},"geometry":{"type":"MultiLineString","coordinates":[[[-79.40021,43.73485],[-79.40015,43.73465],[-79.39991,43.73461],[-79.39725,43.72754],[-79.39654,43.72682],[-79.39639,43.72634],[-79.39723,43.72614],[-79.39444,43.71915],[-79.39401,43.71748],[-79.39328,43.7166],[-79.39018,43.7084],[-79.40027,43.70634],[-79.40007,43.70568],[-79.39937,43.70539],[-79.39924,43.70484],[-79.39906,43.70466],[-79.3986,43.7046],[-79.39851,43.70472],[-79.39864,43.70526],[-79.39929,43.70547]]]}},{"type":"Feature","properties":{"r":"104","n":"Faywood","m":"bus","f":["reg"],"day":true,"h":25},"geometry":{"type":"MultiLineString","coordinates":[[[-79.46208,43.74856],[-79.46222,43.74854],[-79.46268,43.74971],[-79.4622,43.74989],[-79.46239,43.75045],[-79.45674,43.75166],[-79.46367,43.75959],[-79.46494,43.75947],[-79.46511,43.76078],[-79.46692,43.76884],[-79.46071,43.77025],[-79.45907,43.76624],[-79.45766,43.76469],[-79.45315,43.75381],[-79.45191,43.75268],[-79.45011,43.74949],[-79.44981,43.74838],[-79.44934,43.74727],[-79.44915,43.74629],[-79.44902,43.74435],[-79.44818,43.74219],[-79.44671,43.73582],[-79.44781,43.73558],[-79.44848,43.73607],[-79.44996,43.73684],[-79.45012,43.73678],[-79.45021,43.73662],[-79.44968,43.73547],[-79.4499,43.73525],[-79.45089,43.73506],[-79.45061,43.73424]],[[-79.46058,43.75043],[-79.45992,43.74876],[-79.45998,43.74865],[-79.46119,43.74838],[-79.46168,43.7486]]]}},{"type":"Feature","properties":{"r":"105","n":"Dufferin North","m":"bus","f":["reg"],"day":true,"h":18},"geometry":{"type":"MultiLineString","coordinates":[[[-79.47055,43.78385],[-79.4716,43.7839],[-79.47386,43.78501],[-79.47435,43.78531],[-79.47475,43.78618],[-79.47048,43.78719]],[[-79.47008,43.78728],[-79.47017,43.78272],[-79.47003,43.78178],[-79.46511,43.76078],[-79.46494,43.75941],[-79.46501,43.75775],[-79.46316,43.74917],[-79.46283,43.74847],[-79.46222,43.74781],[-79.46187,43.74816],[-79.46208,43.74825],[-79.46268,43.74971]],[[-79.46231,43.74987],[-79.4622,43.74989],[-79.46182,43.74866]]]}},{"type":"Feature","properties":{"r":"106","n":"Sentinel","m":"bus","f":["reg"],"day":true,"h":19},"geometry":{"type":"MultiLineString","coordinates":[[[-79.50883,43.77658],[-79.50999,43.77692],[-79.50996,43.77714],[-79.50836,43.77683],[-79.50822,43.77643],[-79.5103,43.77592],[-79.51011,43.77549],[-79.5107,43.77524],[-79.51104,43.77486],[-79.51109,43.7746],[-79.5109,43.77395],[-79.51143,43.77292],[-79.51135,43.77223],[-79.51095,43.77177],[-79.51059,43.77156],[-79.50855,43.77092],[-79.50725,43.76977],[-79.5064,43.76942],[-79.50532,43.76938],[-79.50249,43.77001],[-79.50108,43.76678],[-79.50102,43.76637],[-79.50141,43.76545],[-79.50133,43.76481],[-79.50052,43.76224],[-79.49976,43.76041],[-79.49957,43.7589],[-79.49907,43.75764],[-79.49909,43.75714],[-79.50011,43.7552],[-79.50008,43.75465],[-79.49893,43.753],[-79.49852,43.75262],[-79.49723,43.75202],[-79.49578,43.75175],[-79.49475,43.75117],[-79.49439,43.7508],[-79.4936,43.74936],[-79.49266,43.74722],[-79.4923,43.7448],[-79.49185,43.74365],[-79.48501,43.74504],[-79.48363,43.74567],[-79.48297,43.74638],[-79.48274,43.74719],[-79.48292,43.75221],[-79.48264,43.75302],[-79.482,43.75365],[-79.4811,43.75412],[-79.47518,43.75547],[-79.4743,43.75553],[-79.47309,43.75541],[-79.4699,43.75418],[-79.46854,43.7532],[-79.46572,43.75051],[-79.46525,43.75029],[-79.4643,43.75011],[-79.46235,43.75047],[-79.4618,43.74865]],[[-79.46143,43.74849],[-79.46119,43.74838],[-79.46024,43.74853],[-79.45992,43.74876],[-79.46076,43.75081],[-79.46196,43.75056]]]}},{"type":"Feature","properties":{"r":"107","n":"Alness-Chesswood","m":"bus","f":["reg"],"day":true,"h":30},"geometry":{"type":"MultiLineString","coordinates":[[[-79.49079,43.76468],[-79.4909,43.76446],[-79.49065,43.76443],[-79.49057,43.76456],[-79.49072,43.76476],[-79.49098,43.7659],[-79.49166,43.76572],[-79.49405,43.77521],[-79.48892,43.77629],[-79.48898,43.77684],[-79.4884,43.77763],[-79.48841,43.77828],[-79.48865,43.77929],[-79.49013,43.78257],[-79.48106,43.7847],[-79.48017,43.78301],[-79.47705,43.78142],[-79.47621,43.78077],[-79.47445,43.77681],[-79.48118,43.77541],[-79.48051,43.77269],[-79.47338,43.77428],[-79.47221,43.77149],[-79.47148,43.76816],[-79.4715,43.7677],[-79.4709,43.76618],[-79.47089,43.76579],[-79.4713,43.7655],[-79.47659,43.76432],[-79.4763,43.76346],[-79.47642,43.76282],[-79.47848,43.76049],[-79.47783,43.75875],[-79.47739,43.75836],[-79.47571,43.75779],[-79.47508,43.75722],[-79.47235,43.75847],[-79.47174,43.75698],[-79.47083,43.75562],[-79.46947,43.75505],[-79.46895,43.75469],[-79.46688,43.75522],[-79.4665,43.75518],[-79.46589,43.75273],[-79.46722,43.75192],[-79.46572,43.75051],[-79.46498,43.75021],[-79.46396,43.75014],[-79.46235,43.75047],[-79.4618,43.74865]],[[-79.46143,43.74849],[-79.46119,43.74838],[-79.46024,43.74853],[-79.45992,43.74876],[-79.46076,43.75081],[-79.46196,43.75056]]]}},{"type":"Feature","properties":{"r":"108","n":"Driftwood","m":"bus","f":["reg"],"day":true,"h":10},"geometry":{"type":"MultiLineString","coordinates":[[[-79.50907,43.77666],[-79.51001,43.77698],[-79.50996,43.77714],[-79.50979,43.77717],[-79.50836,43.77683],[-79.50896,43.7782],[-79.51701,43.77636],[-79.51641,43.77498],[-79.51466,43.77329],[-79.51386,43.7719],[-79.51647,43.76996],[-79.51789,43.76939],[-79.52039,43.76882],[-79.51968,43.7659],[-79.51708,43.76647],[-79.51423,43.76732],[-79.51346,43.7673],[-79.51279,43.76713],[-79.51187,43.76646],[-79.51169,43.76615],[-79.51153,43.76521],[-79.51211,43.76429],[-79.51309,43.76381],[-79.51586,43.76308],[-79.51665,43.76259],[-79.51699,43.76163],[-79.5166,43.7604],[-79.5164,43.76003],[-79.51595,43.75963],[-79.51405,43.7589],[-79.51367,43.75859],[-79.51347,43.75823],[-79.51314,43.75736],[-79.51311,43.75696],[-79.51333,43.75656],[-79.51397,43.75594],[-79.51418,43.75547],[-79.5137,43.75418],[-79.51302,43.75292],[-79.5128,43.75147],[-79.51044,43.74922],[-79.50804,43.74807],[-79.50756,43.74759],[-79.50695,43.7475],[-79.5058,43.74772],[-79.50501,43.74769],[-79.50264,43.74643],[-79.50199,43.74586],[-79.50153,43.74429],[-79.50164,43.74204],[-79.50149,43.74149],[-79.49184,43.74364],[-79.4923,43.7448],[-79.49263,43.74713],[-79.4936,43.74936],[-79.49447,43.75091],[-79.49565,43.75167],[-79.4942,43.75248],[-79.49172,43.75301],[-79.49062,43.75273],[-79.48946,43.75182],[-79.48816,43.75202],[-79.48875,43.75451],[-79.4857,43.75518],[-79.4854,43.75454],[-79.4852,43.75437],[-79.48405,43.75451],[-79.48353,43.75328],[-79.48326,43.75303],[-79.48272,43.75284],[-79.48198,43.75364],[-79.48096,43.75415],[-79.47493,43.75551],[-79.47308,43.7554],[-79.46989,43.75417],[-79.46918,43.75372],[-79.46563,43.75045],[-79.46497,43.7502],[-79.46429,43.75011],[-79.46239,43.75045],[-79.4618,43.74865],[-79.46222,43.74854],[-79.46268,43.74971]],[[-79.49145,43.74372],[-79.485,43.74503],[-79.48417,43.74533],[-79.48328,43.74598],[-79.48296,43.74637],[-79.48276,43.74697],[-79.48271,43.7477],[-79.48284,43.75246]],[[-79.46143,43.74849],[-79.46119,43.74838],[-79.46024,43.74853],[-79.45992,43.74876],[-79.46076,43.75081],[-79.462,43.75055]]]}},{"type":"Feature","properties":{"r":"109","n":"Ranee","m":"bus","f":["reg"],"day":true,"h":20},"geometry":{"type":"MultiLineString","coordinates":[[[-79.44552,43.72354],[-79.44501,43.7223],[-79.44144,43.72219],[-79.44091,43.72083],[-79.44095,43.72052]],[[-79.43859,43.73151],[-79.43823,43.73027],[-79.43513,43.73093],[-79.43459,43.73122],[-79.43422,43.73123]],[[-79.43382,43.73126],[-79.43259,43.7315],[-79.433,43.73317],[-79.43492,43.73277],[-79.43571,43.73236],[-79.43642,43.73243],[-79.4384,43.73203],[-79.44001,43.7313],[-79.44041,43.73095],[-79.44055,43.73021],[-79.44124,43.72948],[-79.44119,43.72912],[-79.4396,43.72522],[-79.44868,43.72327],[-79.44842,43.72266],[-79.44841,43.72207],[-79.44918,43.72122],[-79.44936,43.72085],[-79.44913,43.72009],[-79.44877,43.71958],[-79.44822,43.7191],[-79.44769,43.71889],[-79.44661,43.71891],[-79.44373,43.7195],[-79.44203,43.71945],[-79.4415,43.71965],[-79.44101,43.72012],[-79.43973,43.71962],[-79.43803,43.71835],[-79.43767,43.71749],[-79.44356,43.71625],[-79.44337,43.71601],[-79.44344,43.71566],[-79.44468,43.71544],[-79.44497,43.71593],[-79.44651,43.71561],[-79.43938,43.69803],[-79.43645,43.69868],[-79.43637,43.69888],[-79.43659,43.69952],[-79.43644,43.69974],[-79.43596,43.69972],[-79.43574,43.69932]]]}},{"type":"Feature","properties":{"r":"110","n":"Islington South","m":"bus","f":["reg"],"day":true,"h":12},"geometry":{"type":"MultiLineString","coordinates":[[[-79.50882,43.61361],[-79.51581,43.61208],[-79.515,43.61028],[-79.51475,43.60939],[-79.51492,43.60883],[-79.51565,43.60825],[-79.52179,43.60697],[-79.54524,43.60168],[-79.54162,43.59385],[-79.5415,43.59327],[-79.54165,43.59293],[-79.5427,43.59258],[-79.54282,43.59229],[-79.54389,43.592],[-79.54391,43.59184],[-79.54374,43.59179]],[[-79.54135,43.59267],[-79.53939,43.59309],[-79.5395,43.59335],[-79.54085,43.59311],[-79.54111,43.5932]],[[-79.52403,43.6449],[-79.5249,43.64465],[-79.52484,43.6445],[-79.52453,43.6444],[-79.52343,43.64464],[-79.51647,43.62765],[-79.5139,43.62172],[-79.51267,43.61981],[-79.51108,43.61808],[-79.50988,43.61579],[-79.50881,43.61445],[-79.50842,43.6137],[-79.50797,43.61252],[-79.50656,43.60676],[-79.50663,43.60445],[-79.50653,43.60381],[-79.50526,43.60075],[-79.51695,43.5982],[-79.51732,43.59905],[-79.51771,43.59887],[-79.51765,43.59872],[-79.51741,43.59878]],[[-79.52359,43.64501],[-79.52381,43.64551],[-79.52096,43.64616],[-79.5196,43.64618],[-79.51923,43.64599],[-79.51898,43.64567],[-79.52304,43.64474]],[[-79.51748,43.59942],[-79.51802,43.60068],[-79.5117,43.60208],[-79.5113,43.60095],[-79.5082,43.60168],[-79.50866,43.60274],[-79.5067,43.60317]]]}},{"type":"Feature","properties":{"r":"111","n":"East Mall","m":"bus","f":["reg"],"day":true,"h":15},"geometry":{"type":"MultiLineString","coordinates":[[[-79.5644,43.6772],[-79.56606,43.68089],[-79.56861,43.68019],[-79.572,43.67779],[-79.57074,43.67687],[-79.5703,43.67627],[-79.56932,43.67611]],[[-79.56893,43.67602],[-79.56842,43.67571],[-79.56804,43.67593],[-79.56421,43.67683],[-79.56317,43.67447],[-79.56776,43.67407],[-79.56797,43.67392],[-79.56819,43.67341],[-79.57128,43.67182],[-79.57083,43.67097],[-79.57089,43.67052],[-79.57126,43.67015],[-79.57262,43.66936],[-79.57285,43.66902],[-79.57287,43.6685],[-79.57258,43.66726],[-79.56833,43.65755],[-79.56565,43.6565],[-79.56493,43.65593],[-79.56435,43.65513],[-79.56262,43.6513],[-79.56169,43.64983],[-79.56053,43.64924],[-79.5602,43.64876],[-79.55997,43.64797],[-79.56028,43.64704],[-79.56023,43.64679],[-79.55969,43.64561],[-79.55888,43.64464],[-79.55846,43.64326],[-79.55701,43.63993],[-79.55695,43.63936],[-79.55718,43.63806],[-79.55641,43.6364],[-79.55686,43.635],[-79.55682,43.63455],[-79.55662,43.63415],[-79.55582,43.63336],[-79.55299,43.63195],[-79.5524,43.63131],[-79.5516,43.63138],[-79.55107,43.63125],[-79.55019,43.63085],[-79.54981,43.63037],[-79.54928,43.63047],[-79.54691,43.63101],[-79.54328,43.63295],[-79.54073,43.63535],[-79.538,43.63852],[-79.53738,43.63813],[-79.53651,43.63708],[-79.53626,43.63716],[-79.53464,43.63851]]]}},{"type":"Feature","properties":{"r":"112","n":"West Mall","m":"bus","f":["reg"],"day":true,"h":10},"geometry":{"type":"MultiLineString","coordinates":[[[-79.59105,43.67689],[-79.58496,43.67833],[-79.5846,43.67759],[-79.58422,43.67729],[-79.58357,43.67718],[-79.58273,43.67733],[-79.58192,43.67767],[-79.58132,43.67811],[-79.58081,43.67885],[-79.58067,43.67953],[-79.58109,43.68085],[-79.58192,43.68257],[-79.58322,43.68387],[-79.58422,43.6854],[-79.58604,43.68673],[-79.58662,43.68737],[-79.58736,43.68917],[-79.58715,43.69003],[-79.58722,43.69057],[-79.58968,43.69575],[-79.59024,43.69615],[-79.59184,43.6964],[-79.59235,43.69664],[-79.59269,43.69695],[-79.59318,43.69783],[-79.58814,43.69899],[-79.58823,43.69934],[-79.58809,43.70045],[-79.58911,43.70263],[-79.59475,43.7013],[-79.59517,43.70107],[-79.596,43.70111],[-79.60146,43.69974],[-79.59105,43.67689],[-79.59323,43.67642],[-79.59411,43.67602],[-79.59459,43.6755],[-79.59474,43.67474],[-79.59454,43.6742],[-79.59031,43.66721],[-79.58995,43.66681],[-79.58907,43.66636],[-79.58883,43.66602],[-79.58878,43.66562],[-79.58938,43.66492],[-79.58928,43.66456],[-79.59145,43.66273],[-79.59268,43.66152],[-79.59295,43.66156],[-79.59165,43.66283],[-79.59112,43.66251],[-79.58833,43.66499],[-79.58767,43.66609],[-79.58626,43.66558],[-79.5859,43.66531],[-79.58561,43.66488],[-79.58281,43.66553],[-79.58227,43.66551],[-79.58153,43.66521],[-79.58057,43.66581],[-79.57893,43.66633],[-79.57652,43.66222],[-79.57966,43.66135],[-79.58086,43.66075],[-79.5802,43.66015],[-79.57951,43.65879],[-79.57816,43.65805],[-79.57775,43.65767],[-79.57659,43.65526],[-79.57567,43.65501],[-79.57327,43.65533],[-79.57267,43.65518],[-79.57243,43.65504],[-79.57306,43.65431],[-79.57232,43.6525],[-79.57178,43.65221],[-79.57005,43.65186],[-79.56959,43.6514],[-79.5679,43.64751],[-79.56776,43.64609],[-79.56754,43.64522],[-79.56663,43.64308],[-79.56574,43.64177],[-79.56418,43.63788],[-79.56378,43.63737],[-79.56276,43.63651],[-79.56216,43.63537],[-79.56138,43.63453],[-79.55917,43.62935],[-79.55888,43.62801],[-79.55889,43.62715],[-79.56062,43.6272],[-79.56205,43.627],[-79.56236,43.62734],[-79.55742,43.62836],[-79.55167,43.62994],[-79.54691,43.63101],[-79.54328,43.63295],[-79.54073,43.63535],[-79.538,43.63852],[-79.53738,43.63813],[-79.53651,43.63708],[-79.53626,43.63716],[-79.53464,43.63851]],[[-79.58881,43.66666],[-79.58788,43.66797],[-79.58881,43.66666]],[[-79.58755,43.66774],[-79.58817,43.66621]]]}},{"type":"Feature","properties":{"r":"113","n":"Danforth","m":"bus","f":["reg"],"day":true,"h":19},"geometry":{"type":"MultiLineString","coordinates":[[[-79.30195,43.68915],[-79.30129,43.68932],[-79.30101,43.68916],[-79.30113,43.68898],[-79.30211,43.68873],[-79.30183,43.68814],[-79.27729,43.69365],[-79.27712,43.69381],[-79.27504,43.69671],[-79.27442,43.69788],[-79.26997,43.70394],[-79.26707,43.70872],[-79.26598,43.7096],[-79.26402,43.71059],[-79.26312,43.71131],[-79.26256,43.71195],[-79.26087,43.71485],[-79.26166,43.7175],[-79.26793,43.7322],[-79.26606,43.73267],[-79.26596,43.73248],[-79.26567,43.73239],[-79.2652,43.73264],[-79.26321,43.73312],[-79.26295,43.73239],[-79.26419,43.73199],[-79.26413,43.73181],[-79.2643,43.73148],[-79.26277,43.7313],[-79.26261,43.73139],[-79.26298,43.73208],[-79.26373,43.73188]],[[-79.26345,43.73347],[-79.26599,43.73306]]]}},{"type":"Feature","properties":{"r":"114","n":"Queens Quay East","m":"bus","f":["freq"],"day":true,"h":10},"geometry":{"type":"MultiLineString","coordinates":[[[-79.37792,43.64628],[-79.37697,43.64688],[-79.37737,43.64785],[-79.37973,43.64733],[-79.37746,43.64208],[-79.37684,43.64115],[-79.36198,43.64641],[-79.36169,43.64671],[-79.36125,43.64762],[-79.36104,43.64774],[-79.35723,43.64892],[-79.35649,43.64899],[-79.35631,43.64817],[-79.35364,43.6448],[-79.3294,43.65522],[-79.33001,43.65601],[-79.33026,43.6561]],[[-79.33053,43.65639],[-79.33127,43.6572],[-79.33155,43.6572],[-79.33173,43.65703],[-79.33169,43.65668],[-79.33048,43.65519]]]}},{"type":"Feature","properties":{"r":"115","n":"Silver Hills","m":"bus","f":["reg"],"day":true,"h":23},"geometry":{"type":"MultiLineString","coordinates":[[[-79.40645,43.74519],[-79.40649,43.74544],[-79.40599,43.74554],[-79.40535,43.74523],[-79.40522,43.74432],[-79.40332,43.74413],[-79.40237,43.74416],[-79.38414,43.74805],[-79.3821,43.74903],[-79.36414,43.75278],[-79.36303,43.75295],[-79.35996,43.75295],[-79.36126,43.75871],[-79.36492,43.75796],[-79.36552,43.75801],[-79.36576,43.75823],[-79.36617,43.75946],[-79.36675,43.75994],[-79.36749,43.76021],[-79.36855,43.76029],[-79.37094,43.76103],[-79.37344,43.76236],[-79.37363,43.7626],[-79.37385,43.7639],[-79.3744,43.76467],[-79.36925,43.76507],[-79.36573,43.76502],[-79.36521,43.76467],[-79.36419,43.76295],[-79.36416,43.76267],[-79.36486,43.76257]],[[-79.36525,43.7625],[-79.3679,43.76185],[-79.36836,43.76121],[-79.36841,43.76068]]]}},{"type":"Feature","properties":{"r":"116","n":"Morningside","m":"bus","f":["freq"],"day":true,"h":8},"geometry":{"type":"MultiLineString","coordinates":[[[-79.26314,43.73247],[-79.26423,43.73219],[-79.26454,43.73276],[-79.26571,43.73238],[-79.26605,43.73267],[-79.2585,43.73446],[-79.25777,43.73487],[-79.25687,43.73506],[-79.25595,43.735],[-79.25318,43.73557],[-79.21376,43.74433],[-79.21165,43.74371],[-79.21028,43.74501],[-79.20594,43.74965],[-79.20513,43.74923],[-79.2048,43.74891],[-79.20452,43.74766],[-79.20449,43.74672],[-79.20436,43.74646],[-79.20397,43.7462],[-79.20321,43.74606],[-79.20266,43.74623],[-79.20131,43.74705],[-79.18343,43.75104],[-79.18253,43.75144],[-79.17977,43.7532],[-79.18591,43.76724],[-79.18632,43.76923],[-79.18685,43.7706],[-79.18911,43.77578],[-79.18985,43.77709],[-79.1935,43.78564],[-79.19375,43.78798],[-79.19586,43.7928],[-79.19698,43.79648],[-79.19863,43.79925],[-79.20003,43.80262],[-79.20031,43.80398],[-79.20388,43.81149],[-79.20473,43.81238],[-79.21647,43.81965],[-79.21795,43.82005],[-79.22106,43.81969],[-79.22118,43.82031],[-79.22036,43.82136],[-79.22219,43.82291],[-79.22266,43.82354],[-79.22312,43.82465],[-79.22381,43.82572],[-79.22569,43.82497],[-79.22855,43.82431],[-79.23013,43.82303],[-79.22678,43.82107],[-79.2243,43.82],[-79.22293,43.81964],[-79.22106,43.81969]]]}},{"type":"Feature","properties":{"r":"117","n":"Birchmount South","m":"bus","f":["reg"],"day":true,"h":20},"geometry":{"type":"MultiLineString","coordinates":[[[-79.28911,43.69441],[-79.2896,43.6943],[-79.28917,43.69324]],[[-79.27876,43.71258],[-79.27112,43.71416],[-79.26233,43.69305],[-79.2637,43.69207],[-79.2683,43.6895],[-79.27857,43.68254],[-79.28142,43.68143],[-79.28292,43.68098],[-79.28507,43.68072],[-79.28536,43.6814],[-79.28438,43.6816],[-79.28902,43.69287],[-79.28805,43.69307],[-79.28872,43.69432]],[[-79.27914,43.71247],[-79.281,43.71205]],[[-79.281,43.71205],[-79.27915,43.71248]],[[-79.281,43.71205],[-79.28036,43.71045],[-79.28012,43.71054],[-79.28009,43.7107],[-79.28048,43.71077],[-79.281,43.71205]]]}},{"type":"Feature","properties":{"r":"118","n":"Thistle Down","m":"bus","f":["reg"],"day":true,"h":27},"geometry":{"type":"MultiLineString","coordinates":[[[-79.55893,43.73725],[-79.56005,43.73664],[-79.56138,43.73535],[-79.55693,43.73349],[-79.55625,43.7331],[-79.55531,43.73226],[-79.55466,43.73138],[-79.55344,43.72837],[-79.55166,43.72621],[-79.55056,43.72509],[-79.54753,43.72254],[-79.54512,43.72079],[-79.54424,43.71955],[-79.5434,43.71912],[-79.5348,43.71615],[-79.53333,43.71577],[-79.53266,43.71572],[-79.53157,43.71578],[-79.50954,43.72077],[-79.50652,43.72118],[-79.48206,43.72664],[-79.47933,43.72778],[-79.46128,43.73189],[-79.45928,43.732],[-79.45285,43.73338],[-79.45296,43.73384],[-79.45259,43.73426],[-79.45173,43.73397],[-79.45089,43.73415],[-79.45115,43.73501],[-79.45089,43.73503],[-79.45063,43.73429]],[[-79.55684,43.73773],[-79.55854,43.73734]],[[-79.55854,43.73734],[-79.55684,43.73773]],[[-79.55684,43.73773],[-79.55616,43.7379],[-79.5568,43.73955],[-79.5558,43.74079],[-79.55132,43.74191],[-79.55091,43.74178],[-79.55056,43.74133],[-79.55044,43.74083],[-79.55146,43.74007],[-79.55204,43.73911],[-79.55243,43.7388],[-79.55684,43.73773]],[[-79.54953,43.72764],[-79.54969,43.72816],[-79.54966,43.72853],[-79.54945,43.72884],[-79.54909,43.72909],[-79.5467,43.72967],[-79.54646,43.72964],[-79.54561,43.72852],[-79.54558,43.72837],[-79.54572,43.72823],[-79.54935,43.72728],[-79.54953,43.72764]],[[-79.54953,43.72764],[-79.55083,43.72732],[-79.54953,43.72764]]]}},{"type":"Feature","properties":{"r":"119","n":"Torbarrie","m":"bus","f":["reg"],"day":true,"h":27},"geometry":{"type":"MultiLineString","coordinates":[[[-79.54247,43.75243],[-79.54381,43.7575],[-79.5561,43.76256],[-79.55806,43.76],[-79.56442,43.76262],[-79.56615,43.7605],[-79.56625,43.76026],[-79.56567,43.75864],[-79.56544,43.75831],[-79.56003,43.75625],[-79.55379,43.75315],[-79.55357,43.75292],[-79.55313,43.75181]],[[-79.55298,43.75144],[-79.55232,43.74994],[-79.54456,43.75165],[-79.53626,43.75329],[-79.53582,43.75254],[-79.53301,43.74966],[-79.53019,43.74745],[-79.52987,43.74705],[-79.52912,43.74393],[-79.52914,43.74364],[-79.52945,43.74318],[-79.53063,43.74259],[-79.53087,43.74195],[-79.52933,43.7357],[-79.5238,43.73696],[-79.52388,43.73712],[-79.52521,43.73784],[-79.52592,43.73768],[-79.52612,43.73745],[-79.52429,43.73036],[-79.52277,43.72332],[-79.52229,43.72207],[-79.52152,43.72104],[-79.51977,43.71942],[-79.51878,43.7196],[-79.51843,43.71876],[-79.50955,43.72077],[-79.5052,43.72147],[-79.48207,43.72664],[-79.47934,43.72778],[-79.46129,43.73189],[-79.45929,43.732],[-79.45286,43.73338],[-79.45296,43.73384],[-79.45259,43.73426],[-79.4518,43.73402],[-79.45088,43.73415],[-79.45117,43.73501],[-79.45089,43.73506],[-79.45062,43.73429]],[[-79.53019,43.74669],[-79.53213,43.74641],[-79.5346,43.74586],[-79.53432,43.74501],[-79.53311,43.74511]],[[-79.53271,43.74513],[-79.53149,43.74559],[-79.53118,43.74595],[-79.53005,43.7461]],[[-79.52934,43.73742],[-79.52804,43.73768],[-79.52776,43.73762],[-79.52761,43.73747],[-79.52736,43.73655]],[[-79.52715,43.73578],[-79.52627,43.73294],[-79.52529,43.72876],[-79.52872,43.72797],[-79.52811,43.72556],[-79.52761,43.72525],[-79.52687,43.72525],[-79.5263,43.72504],[-79.52305,43.7177],[-79.51882,43.71866]]]}},{"type":"Feature","properties":{"r":"120","n":"Calvington","m":"bus","f":["reg"],"day":true,"h":25},"geometry":{"type":"MultiLineString","coordinates":[[[-79.512,43.73495],[-79.51321,43.73938],[-79.51236,43.73954],[-79.51037,43.73952],[-79.50188,43.7414]],[[-79.50149,43.74149],[-79.50028,43.73862],[-79.50095,43.73846],[-79.50213,43.73784],[-79.50471,43.73714],[-79.50679,43.7356],[-79.51191,43.73456],[-79.5096,43.72489],[-79.50872,43.72513],[-79.50755,43.72617],[-79.50477,43.72683],[-79.50502,43.72763],[-79.50361,43.72798],[-79.50372,43.72843],[-79.50301,43.72917],[-79.49067,43.73197],[-79.48957,43.73208],[-79.48532,43.73302],[-79.48372,43.73357],[-79.48206,43.72664],[-79.47933,43.72778],[-79.47774,43.72816],[-79.46128,43.73189],[-79.45928,43.732],[-79.45285,43.73338],[-79.45296,43.73384],[-79.45259,43.73426],[-79.45173,43.73397],[-79.45089,43.73415],[-79.45115,43.73501],[-79.45089,43.73503],[-79.45063,43.73429]]]}},{"type":"Feature","properties":{"r":"121","n":"Esplanade-River","m":"bus","f":["reg"],"day":true,"h":20},"geometry":{"type":"MultiLineString","coordinates":[[[-79.37711,43.64725],[-79.37737,43.64785],[-79.37973,43.64733],[-79.37912,43.64598],[-79.3784,43.64611]],[[-79.37802,43.64622],[-79.37696,43.64688],[-79.3738,43.64844],[-79.3733,43.64725],[-79.37173,43.64803],[-79.3661,43.64932],[-79.36669,43.65068],[-79.35371,43.65364],[-79.35382,43.65408],[-79.35373,43.65465],[-79.35465,43.65491],[-79.35451,43.65527],[-79.35616,43.65687],[-79.35653,43.65738],[-79.35924,43.66371],[-79.35262,43.66549],[-79.35291,43.66616],[-79.35545,43.66548]],[[-79.37368,43.64711],[-79.37649,43.64578],[-79.3768,43.6465]],[[-79.36387,43.65091],[-79.36353,43.6501],[-79.36387,43.64983],[-79.36571,43.64941]],[[-79.35349,43.65331],[-79.35307,43.65286],[-79.35478,43.65194],[-79.36213,43.65019],[-79.36258,43.65121]]]}},{"type":"Feature","properties":{"r":"122","n":"Graydon Hall","m":"bus","f":["reg"],"day":true,"h":19},"geometry":{"type":"MultiLineString","coordinates":[[[-79.40652,43.74538],[-79.40596,43.74554],[-79.40535,43.74523],[-79.40522,43.74432],[-79.40332,43.74413],[-79.40237,43.74416],[-79.38414,43.74805],[-79.38348,43.74829],[-79.38235,43.74895],[-79.38065,43.74934],[-79.36414,43.75278],[-79.36303,43.75295],[-79.35996,43.75295],[-79.35202,43.75469],[-79.35328,43.7575],[-79.35362,43.75775],[-79.35426,43.75795],[-79.35582,43.75765],[-79.35616,43.75774],[-79.35848,43.76064],[-79.35666,43.76138],[-79.35421,43.76201],[-79.34984,43.76141],[-79.34682,43.76185],[-79.346,43.76224],[-79.34499,43.76321],[-79.34487,43.76359],[-79.34494,43.7642],[-79.34472,43.76456],[-79.34347,43.76491],[-79.34294,43.7649],[-79.34243,43.76467],[-79.3417,43.76339],[-79.34095,43.76328],[-79.3391,43.76361],[-79.33841,43.76238],[-79.33837,43.76205],[-79.33781,43.76196],[-79.33529,43.76258],[-79.33503,43.76337],[-79.33262,43.76498],[-79.33002,43.76555],[-79.32934,43.76381],[-79.32875,43.76306],[-79.32855,43.76191],[-79.32598,43.76204],[-79.32459,43.76247],[-79.32366,43.76299],[-79.32325,43.76262],[-79.3229,43.76179],[-79.32769,43.76067]],[[-79.32335,43.76325],[-79.32259,43.76405],[-79.32326,43.76428],[-79.32507,43.76545],[-79.3267,43.76613],[-79.32873,43.76599],[-79.32964,43.76568]]]}},{"type":"Feature","properties":{"r":"123","n":"Sherway","m":"bus","f":["reg"],"day":true,"h":10},"geometry":{"type":"MultiLineString","coordinates":[[[-79.5568,43.60887],[-79.55865,43.60834],[-79.55934,43.60898],[-79.55989,43.60924]],[[-79.54923,43.62007],[-79.54885,43.61942],[-79.54681,43.61748],[-79.546,43.6158],[-79.54449,43.61358],[-79.5438,43.61182],[-79.54874,43.61071]],[[-79.54853,43.61117],[-79.54832,43.61179],[-79.54783,43.61199],[-79.54737,43.61185],[-79.54727,43.61145]],[[-79.53626,43.63716],[-79.53464,43.63851],[-79.53444,43.6388],[-79.53464,43.63886],[-79.53652,43.6373],[-79.53678,43.63737],[-79.53738,43.63813],[-79.538,43.63852],[-79.54135,43.63473],[-79.54328,43.63295],[-79.54469,43.63211],[-79.54382,43.63103],[-79.54353,43.63041],[-79.54318,43.62845],[-79.54066,43.62246],[-79.55719,43.61865],[-79.55764,43.61826],[-79.55764,43.61785],[-79.55614,43.61421],[-79.55896,43.61408],[-79.5596,43.61391],[-79.56097,43.6133],[-79.56267,43.6123],[-79.56197,43.6115],[-79.56102,43.60994],[-79.56026,43.60941],[-79.55973,43.60993],[-79.5587,43.60984],[-79.55689,43.61012],[-79.55641,43.60898],[-79.54913,43.61061],[-79.54865,43.60947],[-79.54865,43.60911],[-79.54854,43.60898],[-79.5483,43.609],[-79.54524,43.60168],[-79.54162,43.59385],[-79.54149,43.59322],[-79.54165,43.59293],[-79.5427,43.59258],[-79.54282,43.59229],[-79.54377,43.59206]],[[-79.54135,43.59267],[-79.53939,43.59309],[-79.53956,43.59336],[-79.54058,43.59312],[-79.54109,43.5932]]]}},{"type":"Feature","properties":{"r":"124","n":"Sunnybrook","m":"bus","f":["reg"],"day":true,"h":18},"geometry":{"type":"MultiLineString","coordinates":[[[-79.40259,43.72606],[-79.40226,43.72471],[-79.40284,43.72453],[-79.40311,43.72457],[-79.40321,43.7249],[-79.3867,43.72837],[-79.38589,43.72841],[-79.38218,43.72757],[-79.38159,43.72659],[-79.38019,43.72558],[-79.37978,43.72501],[-79.37893,43.72097],[-79.3781,43.7212],[-79.37769,43.7217],[-79.37512,43.72227],[-79.37529,43.72268],[-79.37598,43.72256]],[[-79.37637,43.72248],[-79.37805,43.72213],[-79.37876,43.72379],[-79.37911,43.72375]]]}},{"type":"Feature","properties":{"r":"125","n":"Drewry","m":"bus","f":["reg"],"day":true,"h":15},"geometry":{"type":"MultiLineString","coordinates":[[[-79.45241,43.77959],[-79.45103,43.77931],[-79.44871,43.77975],[-79.44729,43.7796],[-79.44668,43.77967],[-79.44641,43.77978],[-79.44625,43.78002],[-79.44633,43.78074],[-79.41747,43.78706],[-79.41734,43.78706],[-79.41599,43.78163],[-79.41525,43.78183],[-79.41501,43.78167],[-79.41446,43.78021],[-79.41475,43.78018],[-79.41516,43.78107]],[[-79.44574,43.78125],[-79.44636,43.78121],[-79.44673,43.78213],[-79.44737,43.78243],[-79.44993,43.7819],[-79.45042,43.78194],[-79.45173,43.78072],[-79.45219,43.77995]]]}},{"type":"Feature","properties":{"r":"126","n":"Christie","m":"bus","f":["reg"],"day":true,"h":25},"geometry":{"type":"MultiLineString","coordinates":[[[-79.41521,43.68479],[-79.41503,43.68442],[-79.41528,43.68377],[-79.42571,43.6817],[-79.42427,43.67821],[-79.42368,43.67733],[-79.42339,43.67627],[-79.4227,43.67478],[-79.41878,43.66444],[-79.41885,43.66394],[-79.41863,43.66381],[-79.41856,43.66394],[-79.41878,43.66444]]]}},{"type":"Feature","properties":{"r":"127","n":"Davenport","m":"bus","f":["reg"],"day":true,"h":21},"geometry":{"type":"MultiLineString","coordinates":[[[-79.46353,43.67418],[-79.46345,43.67402],[-79.46316,43.674],[-79.46232,43.67101],[-79.45833,43.67009],[-79.45501,43.67042],[-79.44509,43.67209],[-79.43951,43.67332],[-79.43732,43.67396],[-79.43148,43.67467],[-79.42715,43.67479],[-79.42511,43.6751],[-79.41894,43.67665],[-79.41747,43.67677],[-79.41035,43.67683],[-79.40975,43.67542],[-79.40748,43.67586],[-79.40411,43.6673],[-79.40357,43.6675],[-79.40337,43.66741]],[[-79.40765,43.67623],[-79.40812,43.67741],[-79.40996,43.67693]]]}},{"type":"Feature","properties":{"r":"129","n":"McCowan North","m":"bus","f":["freq"],"day":true,"h":9},"geometry":{"type":"MultiLineString","coordinates":[[[-79.30445,43.90043],[-79.30408,43.89948],[-79.30324,43.89831],[-79.30283,43.89733],[-79.30828,43.89614],[-79.30954,43.89969],[-79.30738,43.90018]],[[-79.30699,43.90025],[-79.29638,43.90271],[-79.29324,43.90358],[-79.28691,43.87705],[-79.28599,43.87276],[-79.28266,43.85959],[-79.28063,43.85423],[-79.28024,43.85289],[-79.27946,43.84738],[-79.27566,43.83293]],[[-79.2752,43.8323],[-79.27521,43.83252],[-79.27555,43.83255],[-79.27504,43.83054],[-79.275,43.8297],[-79.27514,43.82905],[-79.2759,43.82734],[-79.27575,43.82638],[-79.26909,43.81141],[-79.26858,43.81066],[-79.26753,43.80981],[-79.26681,43.80884],[-79.25883,43.78961],[-79.25839,43.78877],[-79.25727,43.78738],[-79.25562,43.78321],[-79.25487,43.78097],[-79.25421,43.7796],[-79.25257,43.77543],[-79.25518,43.77495],[-79.25614,43.77491],[-79.2562,43.77469],[-79.25712,43.77444],[-79.25871,43.77411],[-79.25898,43.77428],[-79.26113,43.77361],[-79.26243,43.77334],[-79.26156,43.77111],[-79.26133,43.77007],[-79.27901,43.76624],[-79.27907,43.76653],[-79.27879,43.76676],[-79.27809,43.76675],[-79.2773,43.76696],[-79.27702,43.76683],[-79.27694,43.76651],[-79.27616,43.76645],[-79.27045,43.75164],[-79.27001,43.74958],[-79.26326,43.73368],[-79.26341,43.73348],[-79.26322,43.73324],[-79.26295,43.73239],[-79.26419,43.73199],[-79.26413,43.73181],[-79.2643,43.73148],[-79.26265,43.73132],[-79.26298,43.73208]],[[-79.26436,43.73235],[-79.26455,43.73277],[-79.26359,43.73299]]]}},{"type":"Feature","properties":{"r":"130","n":"Middlefield","m":"bus","f":["reg"],"day":true,"h":25},"geometry":{"type":"MultiLineString","coordinates":[[[-79.26813,43.83485],[-79.26817,43.83503],[-79.26852,43.83508],[-79.26795,43.8327],[-79.2657,43.82801],[-79.26456,43.82643],[-79.2626,43.82189],[-79.26187,43.81956],[-79.2574,43.80926],[-79.25692,43.80856],[-79.2555,43.80711],[-79.25465,43.80517],[-79.25472,43.80463],[-79.25852,43.79968],[-79.25904,43.79944],[-79.26256,43.79867],[-79.25883,43.78961],[-79.25839,43.78877],[-79.25727,43.78738],[-79.25562,43.78321],[-79.25487,43.78097],[-79.25421,43.7796],[-79.25257,43.77543],[-79.25518,43.77495],[-79.25614,43.77492],[-79.25619,43.77468],[-79.2587,43.7741]],[[-79.26481,43.82746],[-79.26187,43.82809],[-79.2616,43.82749],[-79.26138,43.8269],[-79.26155,43.82613],[-79.26143,43.82561],[-79.26005,43.82249],[-79.25917,43.82152],[-79.2604,43.82071],[-79.26166,43.82023]]]}},{"type":"Feature","properties":{"r":"131","n":"Nugget","m":"bus","f":["reg"],"day":true,"h":17},"geometry":{"type":"MultiLineString","coordinates":[[[-79.26436,43.73235],[-79.26455,43.73277],[-79.26359,43.73299]],[[-79.20126,43.82041],[-79.19995,43.81854],[-79.19939,43.81649],[-79.19925,43.81505],[-79.20087,43.81466],[-79.20307,43.8145],[-79.20545,43.81395],[-79.20638,43.81333],[-79.20473,43.81238],[-79.20412,43.81182],[-79.20271,43.80893],[-79.20523,43.8083],[-79.20669,43.80837],[-79.21152,43.81015],[-79.21249,43.8104],[-79.21392,43.81054],[-79.21403,43.80911],[-79.21434,43.80859],[-79.21481,43.80818],[-79.22272,43.80481],[-79.22358,43.80456],[-79.2245,43.80448],[-79.22563,43.80469],[-79.22668,43.80517],[-79.22769,43.80437],[-79.22843,43.80398],[-79.23397,43.8026],[-79.23889,43.79904],[-79.24103,43.79855],[-79.24494,43.79792],[-79.2476,43.79682],[-79.24941,43.7967],[-79.2514,43.79627],[-79.25473,43.79392],[-79.25765,43.79252],[-79.2598,43.79205],[-79.25856,43.78904],[-79.25727,43.78738],[-79.25562,43.78321],[-79.25487,43.78097],[-79.25421,43.7796],[-79.25257,43.77543],[-79.25518,43.77495],[-79.25614,43.77491],[-79.2562,43.77469],[-79.25712,43.77444],[-79.25871,43.77411],[-79.25898,43.77428],[-79.26113,43.77361],[-79.26243,43.77334],[-79.26156,43.77111],[-79.26133,43.77007],[-79.27901,43.76624],[-79.27903,43.76661],[-79.27873,43.76677],[-79.27815,43.76674],[-79.2773,43.76696],[-79.27702,43.76683],[-79.27694,43.76648],[-79.27616,43.76645],[-79.27045,43.75164],[-79.27001,43.74958],[-79.26326,43.73368],[-79.2634,43.73348],[-79.26295,43.73239],[-79.26419,43.73199],[-79.26413,43.73181],[-79.2643,43.73148],[-79.26277,43.7313],[-79.26261,43.73139],[-79.26298,43.73208],[-79.26373,43.73188]],[[-79.20168,43.8217],[-79.20193,43.82205],[-79.20619,43.82104],[-79.2046,43.81745],[-79.20358,43.81667],[-79.20264,43.81528],[-79.20258,43.81494]]]}},{"type":"Feature","properties":{"r":"132","n":"Milner","m":"bus","f":["reg"],"day":true,"h":25},"geometry":{"type":"MultiLineString","coordinates":[[[-79.21318,43.81458],[-79.21371,43.81409],[-79.21393,43.81357],[-79.21398,43.80925],[-79.21452,43.80839],[-79.21558,43.80779],[-79.21531,43.80738],[-79.21423,43.80654],[-79.21006,43.80497],[-79.2088,43.80416],[-79.20789,43.80298],[-79.20672,43.80003],[-79.20639,43.79961],[-79.20441,43.80012],[-79.20386,43.8001],[-79.20332,43.79987],[-79.20229,43.79899],[-79.20556,43.79707],[-79.21072,43.79598],[-79.21348,43.79616],[-79.22341,43.79398],[-79.2245,43.79362],[-79.22934,43.79123],[-79.23999,43.78891],[-79.2407,43.78842],[-79.24192,43.78691],[-79.24235,43.78658],[-79.24442,43.78601],[-79.24718,43.78498],[-79.2516,43.78403],[-79.25237,43.78397],[-79.25319,43.78429],[-79.25382,43.78528],[-79.25437,43.78559],[-79.25499,43.78567],[-79.25646,43.78537],[-79.25493,43.78112],[-79.25421,43.7796],[-79.25257,43.77543],[-79.25519,43.77495],[-79.25613,43.77492],[-79.25625,43.77467],[-79.2587,43.7741]],[[-79.21437,43.81054],[-79.21917,43.81049],[-79.22002,43.81033],[-79.22088,43.81179],[-79.22082,43.81222],[-79.21846,43.81552],[-79.21803,43.81578],[-79.21639,43.81627],[-79.21562,43.81622],[-79.2135,43.81483]]]}},{"type":"Feature","properties":{"r":"133","n":"Neilson","m":"bus","f":["reg"],"day":true,"h":8},"geometry":{"type":"MultiLineString","coordinates":[[[-79.26436,43.73235],[-79.26455,43.73277],[-79.26359,43.73299]],[[-79.22106,43.81969],[-79.22088,43.81873],[-79.22128,43.81765],[-79.22759,43.81626],[-79.22562,43.81198],[-79.2251,43.81114],[-79.2239,43.8102],[-79.22124,43.80899],[-79.22013,43.8083],[-79.21952,43.8077],[-79.21745,43.80493],[-79.2172,43.80428],[-79.2172,43.80343],[-79.21824,43.80113],[-79.21833,43.80002],[-79.2178,43.79845],[-79.21597,43.79416],[-79.2154,43.79312],[-79.21466,43.79222],[-79.21337,43.79102],[-79.20945,43.78885],[-79.20712,43.78694],[-79.20652,43.78612],[-79.20422,43.78092],[-79.20387,43.78095],[-79.20393,43.7811],[-79.20436,43.78125],[-79.20496,43.78259],[-79.22334,43.77828],[-79.25149,43.77213],[-79.25167,43.77313],[-79.25257,43.77543],[-79.25519,43.77495],[-79.25613,43.77492],[-79.25625,43.77467],[-79.2587,43.7741],[-79.25896,43.77431],[-79.26113,43.77361],[-79.26243,43.77334],[-79.26156,43.77111],[-79.26133,43.77007],[-79.27901,43.76624],[-79.27907,43.7665],[-79.27897,43.76667],[-79.27726,43.76696],[-79.27702,43.76683],[-79.27693,43.76652],[-79.27616,43.76645],[-79.27045,43.75164],[-79.27001,43.74958],[-79.26326,43.73368],[-79.2634,43.73348],[-79.26295,43.73239],[-79.26419,43.73199],[-79.26413,43.73181],[-79.2643,43.73148],[-79.26277,43.7313],[-79.26261,43.73139],[-79.26298,43.73208],[-79.26373,43.73188]],[[-79.22097,43.82068],[-79.22036,43.82136],[-79.22219,43.82291],[-79.22266,43.82354],[-79.22312,43.82465],[-79.22381,43.82572],[-79.22569,43.82497],[-79.22855,43.82431],[-79.23013,43.82303],[-79.23095,43.82355],[-79.23139,43.82397],[-79.23233,43.82581],[-79.23263,43.82616],[-79.23329,43.82664],[-79.23469,43.82724],[-79.23354,43.82858],[-79.23382,43.82921],[-79.23052,43.82994],[-79.23012,43.82984],[-79.22925,43.82934],[-79.22855,43.82926],[-79.22774,43.82938],[-79.22367,43.83049],[-79.22214,43.82705],[-79.22077,43.82624],[-79.21978,43.82423],[-79.21864,43.82326],[-79.22097,43.82068]]]}},{"type":"Feature","properties":{"r":"134","n":"Progress","m":"bus","f":["reg"],"day":true,"h":14},"geometry":{"type":"MultiLineString","coordinates":[[[-79.23225,43.81726],[-79.23381,43.82106],[-79.23411,43.82119],[-79.23796,43.82039],[-79.23737,43.81897],[-79.23984,43.81841],[-79.23886,43.81621],[-79.23776,43.81526],[-79.23737,43.81475],[-79.23462,43.80848],[-79.23438,43.80817],[-79.23364,43.80778],[-79.23122,43.80741],[-79.22583,43.80476],[-79.22513,43.80455],[-79.22422,43.80448],[-79.22415,43.80338],[-79.22447,43.8025],[-79.22737,43.79989],[-79.22797,43.79902],[-79.22814,43.79836],[-79.22811,43.79782],[-79.22753,43.79614],[-79.23492,43.79465],[-79.23408,43.79237],[-79.23424,43.7908],[-79.23417,43.79018],[-79.23347,43.78862],[-79.232,43.78443],[-79.2291,43.78549],[-79.22968,43.78639],[-79.2315,43.78571],[-79.2316,43.78538],[-79.23115,43.78475],[-79.23092,43.78409],[-79.23183,43.78388],[-79.23177,43.78351],[-79.23203,43.78296],[-79.23318,43.78207],[-79.23388,43.78174],[-79.23901,43.78069],[-79.24149,43.78062],[-79.24383,43.78015],[-79.24426,43.78075],[-79.24513,43.78093],[-79.25123,43.77968],[-79.25105,43.77924],[-79.25108,43.77851],[-79.2506,43.77728],[-79.25024,43.77527],[-79.25035,43.77505],[-79.25223,43.77457],[-79.25257,43.77543],[-79.25519,43.77495],[-79.25613,43.77492],[-79.25625,43.77467],[-79.2587,43.7741],[-79.25896,43.77431],[-79.25834,43.77451]],[[-79.25272,43.77581],[-79.25421,43.77958],[-79.25355,43.77985],[-79.25261,43.78055],[-79.25209,43.7806],[-79.25166,43.78045],[-79.25138,43.78005]],[[-79.2478,43.82399],[-79.24604,43.82438],[-79.24779,43.8283],[-79.24776,43.82846],[-79.24454,43.82921],[-79.24308,43.82587],[-79.24427,43.82555],[-79.24558,43.82451],[-79.2478,43.82399]],[[-79.2478,43.82399],[-79.24704,43.82218],[-79.2478,43.82399]],[[-79.2458,43.8194],[-79.24664,43.82125],[-79.2458,43.8194]],[[-79.2458,43.8194],[-79.24486,43.81722]],[[-79.24486,43.81722],[-79.2458,43.8194]],[[-79.24306,43.81296],[-79.24486,43.81722]],[[-79.24486,43.81722],[-79.24306,43.81296]],[[-79.24306,43.81296],[-79.23989,43.81363],[-79.24306,43.81296]],[[-79.23752,43.81413],[-79.23902,43.81381],[-79.23752,43.81412]],[[-79.23273,43.81515],[-79.23564,43.81452],[-79.23273,43.81515]],[[-79.23234,43.81524],[-79.23156,43.81335],[-79.23266,43.81306],[-79.23311,43.81267],[-79.23322,43.81237],[-79.23321,43.81208],[-79.23226,43.80987],[-79.23255,43.80806]],[[-79.23209,43.81689],[-79.23149,43.81542],[-79.23194,43.81532]]]}},{"type":"Feature","properties":{"r":"135","n":"Gerrard","m":"bus","f":["reg"],"day":true,"h":21},"geometry":{"type":"MultiLineString","coordinates":[[[-79.30129,43.68932],[-79.30107,43.68925],[-79.30106,43.68902],[-79.30211,43.68873],[-79.30039,43.68482],[-79.30016,43.68395],[-79.27815,43.68874],[-79.27725,43.69017],[-79.27381,43.6927],[-79.27304,43.69287],[-79.28034,43.71039]]]}},{"type":"Feature","properties":{"r":"145","n":"Belfield","m":"bus","f":["reg"],"day":true,"h":20},"geometry":{"type":"MultiLineString","coordinates":[[[-79.61657,43.69061],[-79.61381,43.68992],[-79.6147,43.68926],[-79.61527,43.68917]],[[-79.61566,43.68924],[-79.61682,43.68959],[-79.61715,43.69039],[-79.61696,43.69071],[-79.61814,43.69103],[-79.61912,43.6916],[-79.61145,43.69842],[-79.61373,43.70012],[-79.61415,43.70076],[-79.61428,43.70126],[-79.61418,43.70181],[-79.61387,43.70233],[-79.61324,43.7028],[-79.61166,43.70163],[-79.61105,43.70146],[-79.60895,43.70134],[-79.60672,43.70021],[-79.60489,43.6995],[-79.60385,43.69929],[-79.60276,43.69944],[-79.59601,43.70112],[-79.59538,43.70114],[-79.59503,43.70094],[-79.5946,43.70004],[-79.59368,43.69902],[-79.59319,43.69784],[-79.56773,43.7038],[-79.56597,43.70407],[-79.56349,43.70483],[-79.56144,43.70064],[-79.5606,43.69852],[-79.55089,43.67718],[-79.54223,43.65765],[-79.53461,43.63993],[-79.5352,43.6397],[-79.53455,43.63891],[-79.53661,43.6373],[-79.53663,43.63713],[-79.53626,43.63716],[-79.53449,43.63866]]]}},{"type":"Feature","properties":{"r":"149","n":"Etobicoke-Bloor","m":"bus","f":["reg"],"day":true,"h":25},"geometry":{"type":"MultiLineString","coordinates":[[[-79.53626,43.63716],[-79.53464,43.63851],[-79.53444,43.63874],[-79.53455,43.63891],[-79.53391,43.63942],[-79.53407,43.63993],[-79.53461,43.63993],[-79.53481,43.64044],[-79.53262,43.64115],[-79.5323,43.64151],[-79.53215,43.64196],[-79.53236,43.64264],[-79.53146,43.64288],[-79.49941,43.65004],[-79.49756,43.65002],[-79.49668,43.64988],[-79.49491,43.64944],[-79.49034,43.64793],[-79.48961,43.64777],[-79.48807,43.64773],[-79.48701,43.64783],[-79.48597,43.64815],[-79.48448,43.64933],[-79.48468,43.64982],[-79.48318,43.65019]],[[-79.48303,43.64982],[-79.48297,43.64969],[-79.48409,43.64941]]]}},{"type":"Feature","properties":{"r":"151","n":"Leslie North","m":"bus","f":["reg"],"day":true,"h":21},"geometry":{"type":"MultiLineString","coordinates":[[[-79.35818,43.80942],[-79.359,43.80894],[-79.35999,43.80983],[-79.36077,43.81118],[-79.3725,43.8085],[-79.36951,43.79648],[-79.36612,43.78196],[-79.36416,43.77259],[-79.36413,43.77164],[-79.36605,43.77146],[-79.3662,43.77177],[-79.36647,43.77185],[-79.36744,43.77161],[-79.36755,43.77137],[-79.36711,43.77052],[-79.36724,43.7704],[-79.36784,43.77038]],[[-79.36687,43.7702],[-79.3662,43.76931],[-79.36486,43.76943],[-79.36471,43.77016],[-79.3642,43.77014]],[[-79.3642,43.77014],[-79.36358,43.77008],[-79.36349,43.7696],[-79.36427,43.76941],[-79.3642,43.77014]],[[-79.36038,43.81128],[-79.35754,43.81191],[-79.35669,43.80989],[-79.35783,43.80962]]]}},{"type":"Feature","properties":{"r":"154","n":"Curran Hall","m":"bus","f":["reg"],"day":true,"h":21},"geometry":{"type":"MultiLineString","coordinates":[[[-79.26314,43.73247],[-79.26427,43.7322],[-79.26455,43.73277],[-79.26325,43.73307],[-79.26319,43.73317],[-79.26341,43.73348],[-79.26326,43.73368],[-79.27013,43.75],[-79.27039,43.74996],[-79.27049,43.75056],[-79.2707,43.75068],[-79.27112,43.75057],[-79.2709,43.75016],[-79.27104,43.74997],[-79.2722,43.74968],[-79.27239,43.74972],[-79.27252,43.75],[-79.24676,43.75526],[-79.21584,43.76185],[-79.2159,43.76287],[-79.21606,43.7634],[-79.21868,43.76981],[-79.21278,43.77114],[-79.21013,43.77117],[-79.20875,43.77145],[-79.21116,43.77717],[-79.21147,43.77766],[-79.21203,43.77804],[-79.21256,43.77822],[-79.21423,43.77823],[-79.21534,43.77847],[-79.21659,43.77913],[-79.21714,43.77975],[-79.19543,43.78483],[-79.18326,43.78785],[-79.18339,43.78856],[-79.18525,43.79297],[-79.18426,43.79317],[-79.18144,43.79334],[-79.17892,43.79386],[-79.17664,43.79392],[-79.17507,43.79426],[-79.17342,43.79034]],[[-79.17369,43.79004],[-79.18287,43.78794]]]}},{"type":"Feature","properties":{"r":"156","n":"Millwood","m":"bus","f":["reg"],"day":true,"h":30},"geometry":{"type":"MultiLineString","coordinates":[[[-79.35082,43.71322],[-79.35111,43.71386],[-79.3516,43.71412],[-79.35234,43.71427],[-79.35871,43.71296]],[[-79.34309,43.70621],[-79.34363,43.70747],[-79.34815,43.70635],[-79.34921,43.70565],[-79.35167,43.70328],[-79.35284,43.70192],[-79.35398,43.70206],[-79.35703,43.70183],[-79.35841,43.70191],[-79.35984,43.7025],[-79.36056,43.70314],[-79.361,43.70295],[-79.36158,43.70246],[-79.36577,43.70418],[-79.36813,43.70478],[-79.36819,43.70571],[-79.36795,43.70654],[-79.36765,43.70694],[-79.36716,43.70742],[-79.36459,43.70921],[-79.36353,43.71036],[-79.3648,43.71357],[-79.35982,43.7146],[-79.35852,43.71146],[-79.3565,43.71188],[-79.35589,43.71174],[-79.35065,43.71285]],[[-79.34951,43.70481],[-79.34411,43.70185],[-79.3436,43.70177],[-79.34306,43.702],[-79.34122,43.70395],[-79.34135,43.70429],[-79.34252,43.70526],[-79.34293,43.70584]]]}},{"type":"Feature","properties":{"r":"158","n":"Trethewey","m":"bus","f":["reg"],"day":true,"h":15},"geometry":{"type":"MultiLineString","coordinates":[[[-79.53382,43.70814],[-79.5346,43.70968],[-79.53518,43.7112],[-79.53372,43.71148],[-79.53333,43.7114],[-79.53316,43.71124],[-79.53257,43.70987],[-79.5321,43.70848]],[[-79.53197,43.7081],[-79.53363,43.70779],[-79.53305,43.70671],[-79.53255,43.70636],[-79.53057,43.70576],[-79.52545,43.70301],[-79.52379,43.70237],[-79.52183,43.70166],[-79.5162,43.70016],[-79.50499,43.70277],[-79.50384,43.70288],[-79.50238,43.69759],[-79.49054,43.69661],[-79.48973,43.69612],[-79.4865,43.69479],[-79.48371,43.69344],[-79.48327,43.69341],[-79.48203,43.69379],[-79.48059,43.69387],[-79.47963,43.69376],[-79.47898,43.69352],[-79.4759,43.6914],[-79.47542,43.69085],[-79.47493,43.69122],[-79.47461,43.69079],[-79.47527,43.69059]]]}},{"type":"Feature","properties":{"r":"160","n":"Bathurst North","m":"bus","f":["reg"],"day":true,"h":27},"geometry":{"type":"MultiLineString","coordinates":[[[-79.44842,43.80383],[-79.44923,43.80714],[-79.45017,43.80707],[-79.45047,43.80841],[-79.45094,43.80904],[-79.45166,43.80934],[-79.45239,43.80938],[-79.45397,43.80901]],[[-79.45397,43.80901],[-79.45409,43.80919],[-79.45379,43.80935],[-79.45364,43.80961],[-79.45375,43.80982],[-79.45435,43.80974],[-79.45397,43.80901]],[[-79.45397,43.80901],[-79.45432,43.8086],[-79.45448,43.80624],[-79.45614,43.80608],[-79.45622,43.80682],[-79.45712,43.80894],[-79.45704,43.80904],[-79.45716,43.80937],[-79.45752,43.80989],[-79.45772,43.81084],[-79.45732,43.81162],[-79.45725,43.81221],[-79.4563,43.81498],[-79.45601,43.8154],[-79.45498,43.81623],[-79.45416,43.81667],[-79.44734,43.81815],[-79.44644,43.81817],[-79.4459,43.81804],[-79.44424,43.81697],[-79.44385,43.81651],[-79.44361,43.81548],[-79.44353,43.81353],[-79.44335,43.81284],[-79.44343,43.81272],[-79.44325,43.8119],[-79.44314,43.81184],[-79.4427,43.8096],[-79.44147,43.80635],[-79.44074,43.80496],[-79.44299,43.80441],[-79.44811,43.80365]],[[-79.44845,43.80343],[-79.44757,43.79995],[-79.44767,43.79984],[-79.44721,43.79848],[-79.44537,43.79092],[-79.44552,43.79041],[-79.44659,43.78895],[-79.44662,43.78811],[-79.44144,43.76769],[-79.43603,43.74528],[-79.43399,43.73735],[-79.44727,43.73458],[-79.4479,43.73568],[-79.44996,43.73684],[-79.45021,43.73662],[-79.44968,43.73547],[-79.4499,43.73525],[-79.45089,43.73506],[-79.45061,43.73424]]]}},{"type":"Feature","properties":{"r":"161","n":"Rogers Rd","m":"bus","f":["reg"],"day":true,"h":17},"geometry":{"type":"MultiLineString","coordinates":[[[-79.48889,43.68901],[-79.48794,43.68863],[-79.48645,43.68886],[-79.48626,43.68872],[-79.48644,43.68807],[-79.48611,43.68745],[-79.48582,43.68721],[-79.48282,43.68577],[-79.48229,43.68572],[-79.48168,43.68586],[-79.48073,43.68431],[-79.4803,43.68335],[-79.47908,43.68305],[-79.47803,43.68255],[-79.4764,43.68126],[-79.4767,43.68117],[-79.47691,43.68128],[-79.47674,43.6816],[-79.47617,43.68171],[-79.46913,43.68232],[-79.46744,43.68188],[-79.46025,43.68343],[-79.45957,43.68341],[-79.45768,43.68304],[-79.45668,43.68309],[-79.44928,43.68471],[-79.44713,43.68534],[-79.43868,43.68713],[-79.43568,43.67959],[-79.4359,43.67954],[-79.43377,43.6744],[-79.43464,43.67428],[-79.42966,43.66224],[-79.42963,43.66159],[-79.42943,43.66114],[-79.42565,43.66198],[-79.42585,43.66246],[-79.42684,43.66225]]]}},{"type":"Feature","properties":{"r":"162","n":"Lawrence-Donway","m":"bus","f":["reg"],"day":true,"h":27},"geometry":{"type":"MultiLineString","coordinates":[[[-79.40253,43.72597],[-79.40226,43.72471],[-79.40284,43.72453],[-79.40311,43.72457],[-79.40321,43.7249],[-79.3867,43.72837],[-79.38589,43.72841],[-79.38397,43.7279],[-79.38162,43.72748],[-79.38144,43.73023],[-79.3811,43.73199],[-79.3819,43.7364],[-79.37992,43.73663],[-79.37848,43.73708],[-79.37188,43.73182],[-79.37073,43.73041],[-79.36984,43.72969],[-79.36873,43.72932],[-79.36795,43.72928],[-79.36694,43.72942],[-79.36517,43.72991],[-79.36488,43.72821],[-79.36487,43.72738],[-79.36429,43.72681],[-79.36423,43.72633],[-79.36378,43.72557],[-79.36026,43.72636],[-79.36047,43.72956],[-79.36225,43.73181],[-79.36494,43.73348],[-79.35902,43.73478],[-79.35702,43.73451],[-79.35597,43.73453],[-79.34653,43.7365],[-79.34636,43.73611],[-79.34641,43.73583],[-79.34793,43.73499],[-79.34817,43.7346],[-79.34808,43.73429],[-79.34671,43.73301],[-79.34778,43.73246],[-79.34993,43.73241],[-79.35042,43.73227],[-79.35076,43.73195],[-79.35101,43.7311],[-79.35022,43.73021],[-79.34988,43.72999],[-79.34337,43.72764],[-79.34243,43.72742],[-79.34085,43.72765],[-79.33961,43.72302],[-79.33649,43.72348],[-79.33636,43.72266],[-79.3366,43.72203],[-79.33655,43.72181],[-79.3378,43.72151],[-79.33775,43.72125]]]}},{"type":"Feature","properties":{"r":"164","n":"Castlefield","m":"bus","f":["reg"],"day":true,"h":27},"geometry":{"type":"MultiLineString","coordinates":[[[-79.489,43.68881],[-79.48906,43.68894],[-79.48887,43.68901],[-79.48791,43.68863],[-79.48645,43.68886],[-79.48626,43.68872],[-79.48645,43.68812],[-79.48611,43.68745],[-79.48558,43.6871],[-79.48506,43.68704],[-79.4847,43.68714],[-79.48443,43.68739],[-79.48459,43.68798],[-79.47506,43.69017],[-79.47527,43.69059],[-79.47463,43.69076],[-79.47493,43.69122],[-79.47425,43.69179],[-79.47597,43.69943],[-79.46945,43.70086],[-79.46887,43.6995],[-79.46822,43.69724],[-79.46797,43.69701],[-79.46678,43.69772],[-79.46352,43.69844],[-79.46176,43.69836],[-79.45993,43.69877],[-79.45878,43.69917],[-79.45154,43.70081],[-79.45075,43.70085],[-79.44937,43.70049],[-79.4437,43.70172],[-79.44401,43.70251],[-79.44144,43.70305],[-79.43939,43.69804],[-79.43631,43.69871],[-79.43659,43.69952],[-79.43653,43.69968],[-79.43629,43.69978],[-79.43587,43.69964],[-79.43558,43.69887]],[[-79.44151,43.70216],[-79.44331,43.70178]]]}},{"type":"Feature","properties":{"r":"165","n":"Weston Rd North","m":"bus","f":["freq"],"day":true,"h":8},"geometry":{"type":"MultiLineString","coordinates":[[[-79.54652,43.77031],[-79.55498,43.76856],[-79.55324,43.7642],[-79.54857,43.76512],[-79.54817,43.76508],[-79.54707,43.76462],[-79.54668,43.76462]],[[-79.54652,43.77031],[-79.54641,43.77123],[-79.54592,43.77193],[-79.54446,43.7732],[-79.54382,43.77295],[-79.54339,43.77094],[-79.54652,43.77031]],[[-79.54543,43.76526],[-79.54652,43.77031]],[[-79.54628,43.76465],[-79.54535,43.76487],[-79.54375,43.75746],[-79.54237,43.75208],[-79.54156,43.74803],[-79.538,43.73266],[-79.53776,43.73197],[-79.53604,43.72918],[-79.53557,43.72678],[-79.53567,43.72597],[-79.53687,43.72388],[-79.53785,43.718],[-79.53884,43.718],[-79.53908,43.71765],[-79.5348,43.71615],[-79.53333,43.71577],[-79.53157,43.71578],[-79.50954,43.72077],[-79.50519,43.72147],[-79.48206,43.72664],[-79.47933,43.72778],[-79.47146,43.7296],[-79.46128,43.73189],[-79.45928,43.732],[-79.45285,43.73338],[-79.45296,43.73384],[-79.45259,43.73426],[-79.45173,43.73397],[-79.45127,43.73413],[-79.45118,43.7343],[-79.45141,43.73482],[-79.45136,43.73497],[-79.45089,43.73503],[-79.45064,43.7342],[-79.45089,43.73415],[-79.45117,43.73499],[-79.44972,43.73536],[-79.4497,43.73558],[-79.45021,43.73662],[-79.44995,43.73684],[-79.4479,43.73568],[-79.44727,43.73458],[-79.43399,43.73735],[-79.42965,43.73779],[-79.42782,43.73849],[-79.41443,43.74147],[-79.4124,43.74205],[-79.40672,43.74415],[-79.40522,43.74432],[-79.40579,43.74516],[-79.40645,43.74505]],[[-79.45036,43.73391],[-79.44767,43.73449]]]}},{"type":"Feature","properties":{"r":"166","n":"Toryork","m":"bus","f":["reg"],"day":true,"h":null},"geometry":{"type":"MultiLineString","coordinates":[[[-79.57652,43.76412],[-79.57641,43.76398],[-79.57526,43.76425]],[[-79.56581,43.7609],[-79.56442,43.76262],[-79.55806,43.76],[-79.55433,43.7578],[-79.54464,43.75378],[-79.54317,43.75333],[-79.54271,43.75334],[-79.54238,43.75209],[-79.55232,43.74994],[-79.55282,43.75107]],[[-79.55298,43.75144],[-79.55357,43.75292],[-79.55379,43.75315],[-79.56003,43.75625],[-79.56544,43.75831],[-79.56621,43.76],[-79.56625,43.76026],[-79.56606,43.76059],[-79.56731,43.76096],[-79.57182,43.76003],[-79.57487,43.76434],[-79.56479,43.76655],[-79.52345,43.77501],[-79.52039,43.77575],[-79.51701,43.77636],[-79.50896,43.77819],[-79.50828,43.77645],[-79.50856,43.77638],[-79.50883,43.77658],[-79.51001,43.77698],[-79.50996,43.77714],[-79.50979,43.77717],[-79.50863,43.77682]]]}},{"type":"Feature","properties":{"r":"167","n":"Pharmacy North","m":"bus","f":["reg"],"day":true,"h":30},"geometry":{"type":"MultiLineString","coordinates":[[[-79.33691,43.81824],[-79.33675,43.81813],[-79.33664,43.81728],[-79.33385,43.81094],[-79.32697,43.79587],[-79.32497,43.79278],[-79.3185,43.77784],[-79.31775,43.77651],[-79.323,43.77524],[-79.32147,43.77194],[-79.32397,43.77149],[-79.32505,43.77084],[-79.33058,43.7704],[-79.33113,43.7706],[-79.33146,43.77119],[-79.33469,43.77056],[-79.33569,43.77163],[-79.33622,43.77289],[-79.33249,43.77371],[-79.33205,43.77367],[-79.33149,43.77421],[-79.33122,43.77509],[-79.34123,43.77621],[-79.3426,43.77607],[-79.34535,43.77546],[-79.34575,43.7756],[-79.34658,43.77552],[-79.34684,43.77563],[-79.34696,43.77612],[-79.34675,43.77622],[-79.34615,43.77596],[-79.3453,43.77606],[-79.34505,43.77596],[-79.3451,43.77583],[-79.34605,43.77561]],[[-79.32339,43.77516],[-79.3253,43.77475],[-79.32669,43.77466],[-79.33082,43.77505]]]}},{"type":"Feature","properties":{"r":"168","n":"Symington","m":"bus","f":["reg"],"day":true,"h":14},"geometry":{"type":"MultiLineString","coordinates":[[[-79.48814,43.68835],[-79.48902,43.68881],[-79.48906,43.68894],[-79.48885,43.689],[-79.48794,43.68863],[-79.48645,43.68886],[-79.48626,43.68872],[-79.48644,43.68807],[-79.48611,43.68745],[-79.48582,43.68721],[-79.48282,43.68577],[-79.48229,43.68572],[-79.48168,43.68586],[-79.48073,43.68431],[-79.48031,43.68336],[-79.47909,43.68306],[-79.47804,43.68256],[-79.4764,43.68126],[-79.47682,43.68119],[-79.47691,43.68131],[-79.47675,43.68161],[-79.47618,43.68171],[-79.46913,43.68232],[-79.46766,43.68189],[-79.46545,43.67957],[-79.46405,43.67707],[-79.46232,43.67101],[-79.45833,43.67009],[-79.45324,43.67071],[-79.44776,43.65729],[-79.45244,43.65631],[-79.45261,43.65688],[-79.45358,43.65671],[-79.45384,43.6568],[-79.45298,43.65705]]]}},{"type":"Feature","properties":{"r":"169","n":"Huntingwood","m":"bus","f":["reg"],"day":true,"h":30},"geometry":{"type":"MultiLineString","coordinates":[[[-79.35303,43.78676],[-79.35303,43.78648],[-79.35347,43.78551],[-79.3535,43.78511],[-79.35244,43.78309],[-79.3519,43.78119],[-79.35113,43.78052],[-79.34967,43.77999],[-79.3492,43.77966]],[[-79.34697,43.77592],[-79.34696,43.77612],[-79.3468,43.77622],[-79.34687,43.77647],[-79.34715,43.77659],[-79.34763,43.77651],[-79.34873,43.77908],[-79.34882,43.77987],[-79.34827,43.78131],[-79.34843,43.78199],[-79.35,43.78376],[-79.35094,43.78575],[-79.35243,43.7867],[-79.35302,43.78734],[-79.35016,43.78796],[-79.34882,43.78798],[-79.34752,43.78764],[-79.34507,43.78651],[-79.34365,43.78632],[-79.34077,43.7867],[-79.32957,43.78924],[-79.32538,43.78034],[-79.31934,43.7819],[-79.31703,43.78368],[-79.31592,43.78427],[-79.30888,43.78601],[-79.30842,43.78626],[-79.30812,43.78664],[-79.30768,43.78843],[-79.30724,43.78903],[-79.30688,43.78926],[-79.30597,43.78958],[-79.29882,43.79123],[-79.2981,43.79151],[-79.29768,43.79189],[-79.29622,43.79409],[-79.29525,43.79468],[-79.29344,43.79514],[-79.29134,43.79531],[-79.28737,43.79633],[-79.2785,43.79807],[-79.27431,43.79817],[-79.27205,43.79863],[-79.26961,43.7981],[-79.26975,43.79746],[-79.26838,43.79418],[-79.26809,43.79361],[-79.26764,43.79341],[-79.26633,43.79365],[-79.26567,43.79392],[-79.26515,43.79433],[-79.26456,43.7952],[-79.26416,43.7955],[-79.2615,43.79612],[-79.25856,43.78904],[-79.25727,43.78738],[-79.25562,43.78321],[-79.25487,43.78097],[-79.25421,43.7796],[-79.25257,43.77543],[-79.25519,43.77495],[-79.25613,43.77492],[-79.25625,43.77467],[-79.2587,43.7741]],[[-79.3441,43.77574],[-79.34535,43.77546],[-79.34575,43.7756],[-79.34677,43.77558]],[[-79.34641,43.77616],[-79.34591,43.77605],[-79.34407,43.77637],[-79.34389,43.77631],[-79.34371,43.77583],[-79.34188,43.77618],[-79.34102,43.7762],[-79.32771,43.7747],[-79.3253,43.77475],[-79.323,43.77524],[-79.32521,43.77997]],[[-79.32831,43.78563],[-79.33337,43.78451],[-79.33483,43.78764]]]}},{"type":"Feature","properties":{"r":"171","n":"Mount Dennis","m":"bus","f":["reg"],"day":true,"h":25},"geometry":{"type":"MultiLineString","coordinates":[[[-79.49586,43.67657],[-79.49773,43.68109],[-79.49641,43.68116],[-79.49578,43.68131],[-79.49507,43.6817],[-79.49173,43.68246],[-79.48952,43.67727]],[[-79.49488,43.69432],[-79.49621,43.69262],[-79.49609,43.69245],[-79.49472,43.69176],[-79.49441,43.69171],[-79.4942,43.69184],[-79.4929,43.69333],[-79.48998,43.69191],[-79.4888,43.69167],[-79.48798,43.69178],[-79.48743,43.692],[-79.48704,43.69229],[-79.48621,43.6933],[-79.48763,43.69445],[-79.48782,43.6949],[-79.48762,43.69521],[-79.4861,43.69461],[-79.48397,43.69129],[-79.48287,43.68836],[-79.48459,43.68798],[-79.4844,43.68757],[-79.48446,43.68734],[-79.48483,43.68709],[-79.48528,43.68704],[-79.48573,43.68716],[-79.48611,43.68745],[-79.48644,43.68807],[-79.48643,43.6886],[-79.48805,43.68833],[-79.48906,43.68886],[-79.48885,43.689],[-79.48794,43.68863],[-79.48645,43.68886],[-79.48626,43.68872],[-79.48644,43.68807],[-79.48614,43.68749],[-79.48573,43.68716],[-79.48528,43.68704],[-79.48483,43.68709],[-79.48446,43.68734],[-79.4844,43.68757],[-79.48459,43.68798],[-79.48287,43.68836],[-79.48222,43.68672],[-79.48073,43.68431],[-79.48028,43.68328],[-79.4839,43.67812],[-79.49289,43.67611],[-79.49518,43.67627],[-79.49571,43.6762]],[[-79.49327,43.69351],[-79.49452,43.69414]],[[-79.48662,43.68754],[-79.48952,43.68699],[-79.4942,43.68865],[-79.49349,43.68987],[-79.49139,43.69215]],[[-79.48392,43.6787],[-79.48435,43.67971],[-79.4839,43.67985],[-79.48309,43.68099],[-79.48252,43.68078]]]}},{"type":"Feature","properties":{"r":"184","n":"Ancaster Park","m":"bus","f":["reg"],"day":true,"h":27},"geometry":{"type":"MultiLineString","coordinates":[[[-79.46804,43.73689],[-79.46734,43.73526],[-79.46993,43.73467],[-79.46811,43.73034],[-79.46129,43.73189],[-79.45929,43.732],[-79.45286,43.73338],[-79.45296,43.73384],[-79.45259,43.73426],[-79.4518,43.73402],[-79.45088,43.73415],[-79.45117,43.73501]],[[-79.46304,43.7319],[-79.46547,43.7376],[-79.4677,43.7371]]]}},{"type":"Feature","properties":{"r":"185","n":"Sheppard Central","m":"bus","f":["reg"],"day":true,"h":25},"geometry":{"type":"MultiLineString","coordinates":[[[-79.41204,43.76194],[-79.41187,43.76186],[-79.41182,43.76154],[-79.41239,43.76145],[-79.41227,43.76121],[-79.3889,43.76637],[-79.38656,43.76707],[-79.36825,43.77103],[-79.36627,43.77143],[-79.36107,43.77202],[-79.34703,43.7751],[-79.34763,43.77651],[-79.34738,43.77657],[-79.34692,43.77653],[-79.3468,43.77622],[-79.34626,43.77598],[-79.34518,43.77606],[-79.34504,43.77592],[-79.34658,43.77552],[-79.3468,43.77558],[-79.34697,43.77592]]]}},{"type":"Feature","properties":{"r":"189","n":"Stockyards","m":"bus","f":["reg"],"day":true,"h":25},"geometry":{"type":"MultiLineString","coordinates":[[[-79.49511,43.66683],[-79.49926,43.66607],[-79.49964,43.66707],[-79.50165,43.66937],[-79.49867,43.67004],[-79.49375,43.67167],[-79.49177,43.66718],[-79.47112,43.67178],[-79.46999,43.66925],[-79.46651,43.67003],[-79.46005,43.65471],[-79.4653,43.65354],[-79.46558,43.65422],[-79.46627,43.65406],[-79.46688,43.65411],[-79.46696,43.65398],[-79.46627,43.65406]],[[-79.49218,43.66712],[-79.49471,43.66687]]]}},{"type":"Feature","properties":{"r":"191","n":"Underhill","m":"bus","f":["reg"],"day":true,"h":25},"geometry":{"type":"MultiLineString","coordinates":[[[-79.33944,43.75745],[-79.34136,43.75705],[-79.34026,43.75545],[-79.34088,43.75482],[-79.34033,43.75317],[-79.33766,43.75306],[-79.33731,43.75279],[-79.33641,43.75134],[-79.33289,43.75217],[-79.33138,43.75226],[-79.33016,43.75253],[-79.32842,43.753],[-79.32784,43.7534],[-79.32652,43.75295],[-79.32591,43.75143],[-79.32659,43.74935],[-79.32584,43.74583],[-79.32616,43.74421],[-79.3247,43.74079],[-79.33209,43.7395],[-79.34345,43.73717],[-79.33961,43.72302],[-79.33649,43.72348],[-79.33636,43.72266],[-79.3366,43.72203],[-79.33655,43.72181],[-79.33783,43.72149],[-79.33775,43.72125],[-79.3376,43.72125]],[[-79.33307,43.75936],[-79.33518,43.75843],[-79.33905,43.75754]],[[-79.3327,43.75952],[-79.33258,43.75911],[-79.33338,43.75868],[-79.33414,43.75596],[-79.33392,43.75537],[-79.33285,43.75494],[-79.33266,43.75435],[-79.3334,43.75364],[-79.33347,43.75344],[-79.33336,43.75311],[-79.33311,43.75292],[-79.332,43.75262]]]}},{"type":"Feature","properties":{"r":"200","n":"Toronto Zoo","m":"bus","f":["reg"],"day":true,"h":null},"geometry":{"type":"MultiLineString","coordinates":[[[-79.17983,43.81976],[-79.17944,43.81908],[-79.17919,43.81891],[-79.1778,43.81887],[-79.17605,43.81827],[-79.17476,43.81825],[-79.17324,43.8166],[-79.17291,43.81594],[-79.17272,43.81507],[-79.17318,43.8125],[-79.17317,43.81167],[-79.17275,43.81085],[-79.1712,43.80917],[-79.17081,43.80838],[-79.16743,43.80913],[-79.16653,43.80912],[-79.16559,43.80885],[-79.15523,43.80285],[-79.1466,43.79923],[-79.14478,43.79777],[-79.14409,43.79699],[-79.14353,43.79603],[-79.13667,43.7796],[-79.13088,43.78086],[-79.12996,43.78079]],[[-79.17248,43.81585],[-79.17255,43.81682],[-79.17297,43.81775],[-79.17338,43.81824],[-79.17421,43.81825]]]}},{"type":"Feature","properties":{"r":"201","n":"Bluffer's Park","m":"bus","f":["reg"],"day":true,"h":null},"geometry":{"type":"MultiLineString","coordinates":[[[-79.26308,43.73249],[-79.26423,43.73219],[-79.26455,43.73277],[-79.26572,43.73239],[-79.26596,43.73248],[-79.26606,43.73267],[-79.25847,43.73446],[-79.25825,43.73468],[-79.25731,43.73496],[-79.25613,43.73497],[-79.24808,43.7367],[-79.23798,43.71264],[-79.23797,43.7119],[-79.23852,43.70967],[-79.23846,43.70923],[-79.23815,43.70873],[-79.23641,43.70767],[-79.23547,43.70775],[-79.23474,43.70841],[-79.23413,43.70871],[-79.23239,43.71037],[-79.23157,43.71082],[-79.23076,43.71148],[-79.22987,43.71251],[-79.22837,43.71296]]]}},{"type":"Feature","properties":{"r":"202","n":"Cherry Beach","m":"bus","f":["reg"],"day":true,"h":27},"geometry":{"type":"MultiLineString","coordinates":[[[-79.37792,43.64628],[-79.37697,43.64688],[-79.37737,43.64785],[-79.37973,43.64733],[-79.37746,43.64208],[-79.37684,43.64115],[-79.36198,43.64641],[-79.36169,43.64671],[-79.36125,43.64762],[-79.36104,43.64774],[-79.36274,43.65157],[-79.35799,43.65266],[-79.35654,43.64942],[-79.35631,43.64817],[-79.35338,43.64451],[-79.35091,43.64341],[-79.34951,43.64173],[-79.34467,43.63722],[-79.3447,43.63701],[-79.34438,43.63701],[-79.34434,43.63713],[-79.34448,43.63724]],[[-79.35779,43.65123],[-79.36174,43.6503]]]}},{"type":"Feature","properties":{"r":"203","n":"High Park","m":"bus","f":["reg"],"day":true,"h":null},"geometry":{"type":"MultiLineString","coordinates":[[[-79.46627,43.65406],[-79.46558,43.65422],[-79.46517,43.65341],[-79.46539,43.65245],[-79.46678,43.65088],[-79.46787,43.65019],[-79.46807,43.64988],[-79.46806,43.64944],[-79.46774,43.6484],[-79.46753,43.64693],[-79.46694,43.64558],[-79.46671,43.6454],[-79.4659,43.6452],[-79.46517,43.64523],[-79.46482,43.64554]],[[-79.46462,43.64589],[-79.46457,43.64601],[-79.46495,43.64709],[-79.46486,43.64775],[-79.46503,43.6487],[-79.46481,43.64979],[-79.46476,43.65224],[-79.46492,43.6527]]]}},{"type":"Feature","properties":{"r":"300","n":"Bloor-Danforth","m":"bus","f":["night"],"day":false,"h":null},"geometry":{"type":"MultiLineString","coordinates":[[[-79.61009,43.68547],[-79.6103,43.68554],[-79.61159,43.6854],[-79.61281,43.68558],[-79.61901,43.68751],[-79.62068,43.68785],[-79.62099,43.68775],[-79.6211,43.68739]],[[-79.62095,43.68702],[-79.62056,43.68652],[-79.61941,43.68593],[-79.61852,43.6857],[-79.61674,43.68581],[-79.61383,43.68489],[-79.60902,43.68512],[-79.60664,43.68489],[-79.6032,43.68552],[-79.60124,43.68524],[-79.5993,43.68417],[-79.59576,43.6826],[-79.59475,43.68193],[-79.59388,43.68106],[-79.59342,43.68034],[-79.59307,43.67934],[-79.5923,43.67481],[-79.59208,43.6742],[-79.59093,43.67247],[-79.59003,43.67161],[-79.58884,43.67079],[-79.58729,43.67014],[-79.58544,43.66994],[-79.58452,43.67003],[-79.58041,43.67096],[-79.57863,43.67104],[-79.57771,43.67093],[-79.57679,43.67064],[-79.57542,43.66978],[-79.57417,43.66853],[-79.57352,43.66746],[-79.5714,43.66244],[-79.56963,43.6577],[-79.5667,43.65194],[-79.56529,43.64874],[-79.56488,43.64718],[-79.56498,43.64684],[-79.56556,43.64608],[-79.56541,43.64557],[-79.56494,43.64513],[-79.55998,43.6463],[-79.55969,43.64561],[-79.55888,43.64464],[-79.55846,43.64326],[-79.55703,43.63988]],[[-79.61525,43.68492],[-79.61535,43.68464],[-79.61519,43.6841],[-79.61253,43.68207],[-79.61205,43.68191]],[[-79.61131,43.68583],[-79.61362,43.68645],[-79.61407,43.68639]],[[-79.61166,43.68184],[-79.61064,43.68203],[-79.61025,43.68227],[-79.60981,43.68281],[-79.60954,43.68405],[-79.60957,43.68469]],[[-79.60749,43.68457],[-79.60777,43.68373],[-79.60527,43.68376],[-79.60511,43.68352],[-79.60488,43.68348],[-79.6025,43.68471],[-79.6022,43.68502]],[[-79.60354,43.68586],[-79.60704,43.68542],[-79.60691,43.686],[-79.59941,43.68653],[-79.59869,43.68488],[-79.5956,43.68297]],[[-79.57322,43.66774],[-79.57442,43.6703],[-79.575,43.67101],[-79.57564,43.67151],[-79.57727,43.6722],[-79.57823,43.67237],[-79.57975,43.67237],[-79.58662,43.67154],[-79.58849,43.67179],[-79.58989,43.67245],[-79.59099,43.67342],[-79.59173,43.6747],[-79.59203,43.67567],[-79.59264,43.67941],[-79.59302,43.68041]],[[-79.56306,43.64599],[-79.56501,43.65057],[-79.56868,43.65737],[-79.57054,43.66128]],[[-79.55709,43.63681],[-79.56231,43.63562],[-79.56276,43.63651],[-79.56378,43.63737],[-79.56418,43.63788],[-79.56574,43.64177],[-79.56663,43.64308],[-79.56724,43.64455],[-79.56545,43.64498]],[[-79.56158,43.64551],[-79.56128,43.64526],[-79.56127,43.64503],[-79.5617,43.64473],[-79.56206,43.64474],[-79.56264,43.64526]],[[-79.55694,43.63949],[-79.5572,43.63819],[-79.5567,43.63692],[-79.54062,43.64064],[-79.54026,43.64005],[-79.53915,43.63895],[-79.53801,43.63852],[-79.53764,43.63898],[-79.53647,43.63994],[-79.53257,43.64117],[-79.5323,43.64149],[-79.53218,43.64188],[-79.53241,43.64264],[-79.4992,43.65006],[-79.49755,43.65001],[-79.49573,43.64967],[-79.4896,43.64776],[-79.487,43.64783],[-79.48582,43.64822],[-79.48457,43.64928],[-79.48356,43.64955],[-79.4588,43.65498],[-79.43382,43.66018],[-79.41242,43.66488],[-79.38055,43.6716],[-79.37615,43.67247],[-79.37145,43.67188],[-79.37092,43.67193],[-79.36726,43.67442],[-79.3663,43.67476],[-79.33781,43.68031],[-79.31277,43.68568],[-79.27728,43.69364],[-79.27539,43.69615],[-79.27441,43.69788],[-79.26996,43.70394],[-79.26705,43.70871],[-79.26597,43.70959],[-79.26374,43.71077],[-79.26255,43.71195],[-79.26054,43.71533],[-79.25931,43.71797],[-79.25395,43.72482],[-79.25125,43.73014],[-79.24864,43.73334],[-79.24737,43.73517],[-79.24807,43.73669],[-79.25604,43.73498],[-79.2567,43.73505],[-79.25795,43.73479],[-79.2585,43.73445],[-79.26605,43.73267],[-79.26609,43.73294],[-79.26593,43.73308],[-79.2634,43.73348],[-79.26319,43.73308],[-79.26454,43.73276],[-79.26413,43.73185],[-79.2643,43.73148],[-79.26277,43.7313],[-79.26261,43.73139],[-79.26298,43.73208],[-79.26373,43.73188]],[[-79.53765,43.63833],[-79.53715,43.63787],[-79.53672,43.63722],[-79.53647,43.63708],[-79.53626,43.63716],[-79.53464,43.63851],[-79.53444,43.63874],[-79.53455,43.63893],[-79.53398,43.63931],[-79.53393,43.63958],[-79.53408,43.63992],[-79.53462,43.63996],[-79.53466,43.64007]],[[-79.27462,43.6967],[-79.27364,43.69436],[-79.27669,43.69376]],[[-79.26469,43.73141],[-79.26637,43.73146],[-79.26756,43.73122],[-79.26793,43.7322],[-79.26643,43.73256]]]}},{"type":"Feature","properties":{"r":"301","n":"Queen","m":"tram","f":["night"],"day":false,"h":null},"geometry":{"type":"MultiLineString","coordinates":[[[-79.54377,43.59206],[-79.54393,43.59188],[-79.5437,43.59179],[-79.54242,43.59245],[-79.525,43.59642],[-79.4985,43.60226],[-79.49573,43.60259],[-79.49279,43.60383],[-79.49163,43.60471],[-79.49073,43.60624],[-79.49056,43.60674],[-79.49027,43.60967],[-79.48971,43.61301],[-79.48647,43.61893],[-79.48604,43.6195],[-79.48567,43.61977],[-79.48392,43.62023],[-79.48308,43.62064],[-79.48248,43.6212],[-79.48121,43.62297],[-79.48369,43.62401],[-79.49036,43.62905],[-79.47884,43.63147]],[[-79.4787,43.63097],[-79.47868,43.63083],[-79.47848,43.63075],[-79.4783,43.63091],[-79.47848,43.63129],[-79.47822,43.632],[-79.47662,43.6326],[-79.47527,43.63372],[-79.4731,43.63586],[-79.47192,43.6366],[-79.47053,43.63711],[-79.46616,43.63784],[-79.46117,43.63927],[-79.45805,43.63966],[-79.45283,43.63971],[-79.44757,43.63862],[-79.44671,43.63861],[-79.40141,43.64771],[-79.38496,43.65122],[-79.38411,43.64919],[-79.37495,43.65118],[-79.37577,43.65317],[-79.35892,43.65683],[-79.30223,43.66956],[-79.28239,43.67372],[-79.28183,43.67383],[-79.28133,43.67369]],[[-79.47793,43.63163],[-79.47721,43.63176],[-79.47661,43.63215]],[[-79.42849,43.64182],[-79.4258,43.63489],[-79.42692,43.63464],[-79.42683,43.63439],[-79.42664,43.63428],[-79.42564,43.63448]],[[-79.37588,43.65238],[-79.38424,43.65053]]]}},{"type":"Feature","properties":{"r":"304","n":"King","m":"tram","f":["night"],"day":false,"h":null},"geometry":{"type":"MultiLineString","coordinates":[[[-79.45358,43.65671],[-79.45384,43.6568],[-79.45392,43.65703],[-79.45271,43.65729],[-79.45139,43.65235],[-79.44622,43.63904],[-79.44622,43.63871],[-79.44256,43.63719],[-79.44134,43.63654],[-79.44078,43.63646],[-79.43975,43.63643],[-79.4374,43.63689],[-79.39505,43.64547],[-79.37673,43.64941],[-79.36424,43.65216],[-79.35616,43.65687],[-79.35496,43.65774],[-79.34985,43.65888],[-79.35343,43.66742],[-79.35303,43.6688],[-79.35307,43.66952],[-79.35438,43.671],[-79.35493,43.67201],[-79.35892,43.67631],[-79.35884,43.67677],[-79.358,43.67723],[-79.35796,43.67743]]]}},{"type":"Feature","properties":{"r":"305","n":"Dundas","m":"tram","f":["night"],"day":false,"h":null},"geometry":{"type":"MultiLineString","coordinates":[[[-79.45367,43.65675],[-79.45379,43.65678],[-79.45385,43.65704],[-79.4527,43.65728],[-79.45183,43.65388],[-79.45157,43.65371],[-79.4468,43.65158],[-79.44205,43.65044],[-79.43972,43.65016],[-79.43247,43.64969],[-79.42077,43.64933],[-79.40601,43.6523],[-79.40535,43.65236],[-79.40373,43.65173],[-79.39145,43.65433],[-79.3883,43.65478],[-79.38035,43.65645],[-79.37887,43.65614],[-79.37713,43.65649],[-79.37345,43.6573],[-79.37274,43.65797],[-79.37213,43.65825],[-79.37102,43.65829],[-79.35638,43.66162],[-79.35388,43.66191],[-79.35135,43.66246],[-79.35341,43.66741],[-79.35302,43.6688],[-79.35302,43.66944],[-79.35437,43.67099],[-79.35492,43.672],[-79.35886,43.67619],[-79.35883,43.67677],[-79.35796,43.67719]]]}},{"type":"Feature","properties":{"r":"306","n":"Carlton","m":"tram","f":["night"],"day":false,"h":null},"geometry":{"type":"MultiLineString","coordinates":[[[-79.45797,43.64777],[-79.45777,43.64787],[-79.45788,43.64844],[-79.4578,43.64863],[-79.457,43.64971],[-79.45503,43.6507],[-79.44809,43.65212],[-79.44681,43.65159],[-79.44532,43.6512],[-79.44102,43.65028],[-79.44,43.65101],[-79.43879,43.65133],[-79.43081,43.6529],[-79.42988,43.65287],[-79.41971,43.65504],[-79.41809,43.65526],[-79.41518,43.65495],[-79.40028,43.65797],[-79.39963,43.65798],[-79.3959,43.6587],[-79.38585,43.66081],[-79.38377,43.65572],[-79.38037,43.65646],[-79.37888,43.65615],[-79.37346,43.6573],[-79.37275,43.65797],[-79.37214,43.65825],[-79.37103,43.65829],[-79.36602,43.65944],[-79.36704,43.66195],[-79.35963,43.66358],[-79.35278,43.66548],[-79.31931,43.67291],[-79.3203,43.67534],[-79.31955,43.6757],[-79.31735,43.67604],[-79.31678,43.67627],[-79.31563,43.67728],[-79.31513,43.67799],[-79.31191,43.68038],[-79.31075,43.68079],[-79.30812,43.68209],[-79.30547,43.68281],[-79.30016,43.68395],[-79.30039,43.68482],[-79.30227,43.68908]],[[-79.40353,43.6675],[-79.40341,43.66734],[-79.40408,43.66719],[-79.40387,43.66666],[-79.40312,43.66551],[-79.40103,43.66037],[-79.40149,43.66005],[-79.40162,43.65949],[-79.40116,43.65914],[-79.40047,43.65897],[-79.40022,43.65837]],[[-79.4002,43.65926],[-79.39996,43.65951],[-79.39992,43.6598],[-79.40025,43.66018],[-79.40064,43.66028]],[[-79.37952,43.66225],[-79.38096,43.66572],[-79.38718,43.66437],[-79.38613,43.66179],[-79.38599,43.66119]],[[-79.38545,43.66088],[-79.38311,43.66137],[-79.38168,43.66139],[-79.36798,43.66428],[-79.36719,43.66232]],[[-79.35533,43.66519],[-79.35545,43.66548],[-79.35291,43.66616],[-79.35279,43.66588]],[[-79.30188,43.68918],[-79.30129,43.68932],[-79.30101,43.68916],[-79.30113,43.68898],[-79.30172,43.68883]]]}},{"type":"Feature","properties":{"r":"307","n":"Bathurst","m":"bus","f":["night"],"day":false,"h":null},"geometry":{"type":"MultiLineString","coordinates":[[[-79.44574,43.7924],[-79.44104,43.79345],[-79.44062,43.79246],[-79.44156,43.7921],[-79.44261,43.79131],[-79.44318,43.79103],[-79.44416,43.79082]],[[-79.44456,43.7908],[-79.44537,43.79082],[-79.44566,43.79019],[-79.44659,43.78895],[-79.44662,43.78811],[-79.44144,43.76769],[-79.43603,43.74528],[-79.43319,43.73408],[-79.4298,43.71925],[-79.4259,43.70333],[-79.4256,43.70111],[-79.41842,43.68349],[-79.4107,43.66382],[-79.40064,43.63883],[-79.40349,43.6376],[-79.4062,43.63732],[-79.40651,43.63715],[-79.40679,43.63676],[-79.40687,43.63603],[-79.40671,43.63548],[-79.40906,43.63487],[-79.40963,43.63624],[-79.41057,43.63627],[-79.41146,43.63649],[-79.41219,43.63693],[-79.41319,43.63725],[-79.41856,43.6358],[-79.41865,43.63568],[-79.41843,43.63557],[-79.41336,43.63694]]]}},{"type":"Feature","properties":{"r":"310","n":"Spadina","m":"tram","f":["night"],"day":false,"h":null},"geometry":{"type":"MultiLineString","coordinates":[[[-79.40313,43.66734],[-79.40386,43.66719],[-79.40395,43.66698],[-79.40312,43.66551],[-79.40103,43.66037],[-79.40149,43.66005],[-79.40162,43.65949],[-79.40116,43.65914],[-79.40047,43.65897],[-79.39189,43.63765],[-79.38675,43.63883],[-79.3804,43.6399],[-79.37684,43.64115],[-79.37746,43.64208],[-79.37897,43.64564],[-79.37912,43.6456]],[[-79.4002,43.65926],[-79.39996,43.65951],[-79.39995,43.65989],[-79.40012,43.6601],[-79.40064,43.66029]]]}},{"type":"Feature","properties":{"r":"312","n":"St Clair","m":"tram","f":["night"],"day":false,"h":null},"geometry":{"type":"MultiLineString","coordinates":[[[-79.45102,43.67581],[-79.45114,43.67618],[-79.42618,43.68163],[-79.39338,43.68824],[-79.39314,43.68818],[-79.39273,43.68776],[-79.39152,43.68802]],[[-79.39142,43.68841],[-79.39149,43.68865],[-79.39279,43.68839]]]}},{"type":"Feature","properties":{"r":"315","n":"Evans-Brown's Line","m":"bus","f":["night"],"day":false,"h":null},"geometry":{"type":"MultiLineString","coordinates":[[[-79.54348,43.59216],[-79.54389,43.592],[-79.54391,43.59184],[-79.54367,43.5918],[-79.54241,43.59244],[-79.5386,43.59328],[-79.53936,43.59339],[-79.54058,43.59312],[-79.54114,43.59321],[-79.54162,43.59385],[-79.54255,43.59576],[-79.54524,43.60168],[-79.5483,43.609],[-79.54857,43.61073],[-79.54849,43.6115],[-79.54832,43.61179],[-79.54806,43.61194],[-79.54771,43.612],[-79.54742,43.6119],[-79.54723,43.61153],[-79.54738,43.61124],[-79.54857,43.61073],[-79.55625,43.60902],[-79.55865,43.60834],[-79.55934,43.60898],[-79.56026,43.60941],[-79.5602,43.60956],[-79.5598,43.61005],[-79.55878,43.60984],[-79.55686,43.61015],[-79.55641,43.60898],[-79.52747,43.61551],[-79.52295,43.6161],[-79.51414,43.61801],[-79.51189,43.61825],[-79.50939,43.61903],[-79.50039,43.62101],[-79.50112,43.62304],[-79.50262,43.62633],[-79.50704,43.63694],[-79.50741,43.63757],[-79.50824,43.63844],[-79.5085,43.63895],[-79.50868,43.63973],[-79.50871,43.64072],[-79.51135,43.64736]]]}},{"type":"Feature","properties":{"r":"316","n":"Kingston Rd-McCowan","m":"bus","f":["night"],"day":false,"h":null},"geometry":{"type":"MultiLineString","coordinates":[[[-79.27517,43.83235],[-79.27521,43.83248],[-79.27556,43.83248],[-79.27507,43.8306],[-79.275,43.82985],[-79.27514,43.8291],[-79.27591,43.82735],[-79.27575,43.82636],[-79.26911,43.81142],[-79.26859,43.81066],[-79.26754,43.80982],[-79.26682,43.80884],[-79.25884,43.78962],[-79.2584,43.78878],[-79.25728,43.78739],[-79.25563,43.78322],[-79.25495,43.78113],[-79.25423,43.77961],[-79.25187,43.77365],[-79.25133,43.7716],[-79.25076,43.77005],[-79.24559,43.75673],[-79.2454,43.75527],[-79.24438,43.75272],[-79.24456,43.74637],[-79.24476,43.74435],[-79.24537,43.74195],[-79.2456,43.73839],[-79.24616,43.7371],[-79.24808,43.7367],[-79.24036,43.71823],[-79.24697,43.7124],[-79.24819,43.71112],[-79.25277,43.70395],[-79.25334,43.70323],[-79.2549,43.70175],[-79.25596,43.69891],[-79.25685,43.69744],[-79.25793,43.69638],[-79.26314,43.69243],[-79.2683,43.6895],[-79.27818,43.68276],[-79.28091,43.68162],[-79.28292,43.68098],[-79.28507,43.68072],[-79.28536,43.6814],[-79.28438,43.6816]],[[-79.25508,43.70008],[-79.25362,43.70247]]]}},{"type":"Feature","properties":{"r":"320","n":"Yonge","m":"bus","f":["night"],"day":false,"h":null},"geometry":{"type":"MultiLineString","coordinates":[[[-79.41773,43.79816],[-79.41788,43.79819],[-79.41801,43.79847],[-79.42007,43.79799],[-79.41011,43.75822],[-79.40958,43.75632],[-79.4086,43.75436],[-79.40821,43.75299],[-79.40808,43.75197],[-79.4081,43.74979],[-79.40711,43.74605],[-79.40452,43.73416],[-79.40218,43.7251],[-79.40113,43.71954],[-79.39481,43.68973],[-79.38278,43.66058],[-79.37736,43.64784],[-79.37968,43.64733],[-79.37745,43.64207],[-79.37683,43.64115],[-79.3747,43.64192],[-79.37532,43.64295]],[[-79.41508,43.78087],[-79.41531,43.78146],[-79.41525,43.78184],[-79.41564,43.78173]],[[-79.40594,43.74531],[-79.40526,43.74522],[-79.40522,43.74432],[-79.4063,43.74422]],[[-79.39819,43.70407],[-79.39861,43.70426],[-79.39851,43.70431],[-79.39871,43.70531],[-79.39946,43.70548]],[[-79.37547,43.64332],[-79.37722,43.64747]]]}},{"type":"Feature","properties":{"r":"322","n":"Coxwell","m":"bus","f":["night"],"day":false,"h":null},"geometry":{"type":"MultiLineString","coordinates":[[[-79.35871,43.67726],[-79.35656,43.6852],[-79.35525,43.68854],[-79.35406,43.68839],[-79.34266,43.69061],[-79.3422,43.69074],[-79.34168,43.69117],[-79.32801,43.69413],[-79.31659,43.66635],[-79.31258,43.66724],[-79.31002,43.67201],[-79.30559,43.67595],[-79.3045,43.67673],[-79.30046,43.6784],[-79.29303,43.68004],[-79.28405,43.6808],[-79.28437,43.68159],[-79.28508,43.68148]],[[-79.31261,43.66682],[-79.31275,43.66644],[-79.31321,43.66616],[-79.3162,43.66549],[-79.3164,43.66598]]]}},{"type":"Feature","properties":{"r":"324","n":"Victoria Park","m":"bus","f":["night"],"day":false,"h":null},"geometry":{"type":"MultiLineString","coordinates":[[[-79.32516,43.82109],[-79.32477,43.82083],[-79.32429,43.81872],[-79.32429,43.81784],[-79.3247,43.81511],[-79.32435,43.81371],[-79.31839,43.80078],[-79.3179,43.80008],[-79.31684,43.799],[-79.31616,43.79769],[-79.30909,43.78115],[-79.30789,43.77872],[-79.323,43.77524],[-79.31953,43.7678],[-79.31523,43.75786],[-79.30934,43.74091],[-79.29597,43.70877],[-79.29221,43.7001],[-79.29022,43.69597],[-79.28406,43.68081],[-79.28507,43.68072],[-79.28536,43.6814],[-79.28437,43.68159]]]}},{"type":"Feature","properties":{"r":"325","n":"Don Mills","m":"bus","f":["night"],"day":false,"h":null},"geometry":{"type":"MultiLineString","coordinates":[[[-79.3593,43.80921],[-79.35999,43.80983],[-79.36043,43.81046],[-79.36073,43.81117],[-79.35755,43.81188],[-79.35669,43.80989],[-79.35812,43.80946]],[[-79.35847,43.80926],[-79.359,43.80894],[-79.35492,43.8052],[-79.35382,43.80371],[-79.35342,43.80286],[-79.35338,43.80174],[-79.35517,43.79658],[-79.35528,43.79559],[-79.35512,43.79422],[-79.35412,43.79015],[-79.35302,43.78734],[-79.35303,43.78648],[-79.35347,43.78551],[-79.35348,43.78498],[-79.35244,43.78309],[-79.35204,43.78148],[-79.35181,43.78106],[-79.35113,43.78052],[-79.3494,43.77984],[-79.34882,43.77924],[-79.34672,43.77432],[-79.34631,43.77258],[-79.34631,43.77165],[-79.34722,43.76227],[-79.34698,43.75368],[-79.3473,43.75182],[-79.34724,43.75102],[-79.34669,43.74959],[-79.34444,43.74084],[-79.33862,43.71947],[-79.33438,43.70999],[-79.33508,43.70982],[-79.3363,43.70929],[-79.34361,43.70747],[-79.34282,43.70561],[-79.34134,43.70429],[-79.34121,43.70394],[-79.34328,43.70184],[-79.34401,43.7018],[-79.34986,43.705],[-79.35195,43.70297],[-79.35283,43.70191],[-79.35205,43.7015],[-79.35147,43.70096],[-79.34925,43.6972],[-79.34937,43.69683],[-79.351,43.69544],[-79.35102,43.69511],[-79.34514,43.67967],[-79.34168,43.67126],[-79.34401,43.67075],[-79.34008,43.66105],[-79.33769,43.66159],[-79.33659,43.65893],[-79.33895,43.65839],[-79.33773,43.65538],[-79.33554,43.65261],[-79.3294,43.65522],[-79.33001,43.65601],[-79.33026,43.6561]],[[-79.34881,43.77981],[-79.34832,43.78105],[-79.34834,43.7818],[-79.35,43.78376],[-79.35094,43.78575],[-79.35262,43.78691]],[[-79.34637,43.77602],[-79.34518,43.77606],[-79.34504,43.77592],[-79.34658,43.77552],[-79.3468,43.77558],[-79.34696,43.77589]],[[-79.33911,43.65876],[-79.3399,43.66068]],[[-79.33053,43.65639],[-79.33127,43.6572],[-79.33155,43.6572],[-79.33173,43.65703],[-79.33169,43.65668],[-79.33048,43.65519]]]}},{"type":"Feature","properties":{"r":"329","n":"Dufferin","m":"bus","f":["night"],"day":false,"h":null},"geometry":{"type":"MultiLineString","coordinates":[[[-79.47053,43.78385],[-79.4716,43.7839],[-79.47386,43.78501],[-79.47435,43.78531],[-79.47475,43.78618],[-79.47205,43.78682]],[[-79.47166,43.78691],[-79.47008,43.78728],[-79.47015,43.7824],[-79.46511,43.76078],[-79.46494,43.75941],[-79.46501,43.75775],[-79.46303,43.74882],[-79.46223,43.74782],[-79.45956,43.74628],[-79.45864,43.74562],[-79.45428,43.74183],[-79.45503,43.74133],[-79.45512,43.74105],[-79.45503,43.74076],[-79.45246,43.73873],[-79.45211,43.7383],[-79.45194,43.73779],[-79.45186,43.736],[-79.45251,43.73438],[-79.45292,43.73391],[-79.45285,43.73338],[-79.45891,43.73208],[-79.45707,43.72474],[-79.45073,43.69617],[-79.45027,43.69568],[-79.44275,43.67713],[-79.43535,43.65988],[-79.425,43.63278],[-79.42487,43.63266],[-79.42451,43.63267],[-79.42311,43.63298],[-79.42216,43.63267],[-79.42196,43.63243],[-79.42156,43.63229],[-79.41982,43.63269],[-79.41952,43.63201],[-79.41821,43.63228],[-79.41691,43.63277],[-79.41529,43.63316],[-79.41606,43.63462],[-79.41633,43.63468],[-79.41682,43.63455],[-79.41699,43.63425],[-79.41795,43.63417],[-79.41811,43.63424],[-79.41864,43.63533],[-79.41265,43.63695],[-79.41076,43.63626],[-79.40983,43.63624],[-79.41025,43.63582],[-79.41004,43.63528],[-79.40989,43.63537],[-79.40987,43.63549],[-79.41021,43.63562]],[[-79.4622,43.74989],[-79.4618,43.74865],[-79.46119,43.74838],[-79.46024,43.74853],[-79.45992,43.74876],[-79.46076,43.75081],[-79.46297,43.75033]],[[-79.46193,43.7481],[-79.46185,43.74817],[-79.46204,43.7482],[-79.46214,43.74837],[-79.46268,43.74971],[-79.46259,43.74982]],[[-79.40986,43.63492],[-79.40974,43.63469],[-79.4149,43.63326]],[[-79.4518,43.73402],[-79.45089,43.73415],[-79.45117,43.73499],[-79.45092,43.73505],[-79.45066,43.73418],[-79.4518,43.73402]]]}},{"type":"Feature","properties":{"r":"334","n":"Eglinton","m":"bus","f":["night"],"day":false,"h":null},"geometry":{"type":"MultiLineString","coordinates":[[[-79.60966,43.68523],[-79.6103,43.68554],[-79.61164,43.6854],[-79.61319,43.68567],[-79.61892,43.68749],[-79.62068,43.68785],[-79.62099,43.68775],[-79.62114,43.68747],[-79.621,43.68721]],[[-79.62085,43.68684],[-79.62017,43.68627],[-79.61903,43.68583],[-79.61852,43.6857],[-79.6168,43.68584],[-79.61391,43.68491],[-79.61184,43.68496],[-79.6074,43.68475]],[[-79.61525,43.68492],[-79.61527,43.68428],[-79.61514,43.68404],[-79.61237,43.68199],[-79.61151,43.68185]],[[-79.61133,43.68584],[-79.61362,43.68645],[-79.6141,43.68638]],[[-79.61111,43.68187],[-79.61025,43.68227],[-79.60974,43.68299],[-79.60954,43.68442]],[[-79.60752,43.68543],[-79.60939,43.68557]],[[-79.6074,43.68475],[-79.60582,43.68476],[-79.60551,43.68453],[-79.60554,43.68377],[-79.60781,43.68373],[-79.6074,43.68475]],[[-79.6074,43.68475],[-79.60688,43.68597],[-79.59559,43.68675],[-79.59105,43.6769],[-79.59323,43.67642],[-79.59411,43.67602],[-79.59471,43.67523],[-79.59464,43.67443],[-79.59018,43.66704],[-79.58932,43.6665],[-79.58767,43.66609],[-79.58646,43.66833],[-79.58577,43.66894],[-79.58476,43.66945],[-79.5814,43.67026],[-79.57762,43.67057],[-79.57209,43.67156],[-79.57075,43.67207],[-79.56789,43.67357],[-79.56735,43.67399],[-79.56439,43.67423],[-79.56131,43.67478],[-79.53901,43.67983],[-79.52961,43.68174],[-79.52806,43.68193],[-79.52287,43.68313],[-79.5207,43.68337],[-79.51405,43.68353],[-79.50696,43.68466],[-79.50529,43.68457],[-79.50272,43.68404],[-79.50178,43.68398],[-79.50034,43.68411],[-79.49792,43.68467],[-79.49374,43.68595],[-79.48952,43.68699],[-79.48372,43.68817],[-79.46942,43.69142],[-79.46785,43.6917],[-79.46537,43.69193],[-79.46304,43.69284],[-79.44732,43.69635],[-79.40027,43.70634],[-79.35494,43.71562],[-79.35178,43.71647],[-79.33034,43.72309],[-79.3195,43.7259],[-79.31779,43.72621],[-79.31554,43.72625],[-79.30541,43.7248],[-79.30383,43.72468],[-79.30197,43.72473],[-79.2994,43.7252],[-79.27595,43.73036],[-79.26605,43.73267],[-79.26571,43.73238],[-79.26454,43.73276],[-79.26413,43.73185],[-79.2643,43.73148],[-79.26277,43.7313],[-79.26261,43.73139],[-79.26298,43.73208],[-79.26373,43.73188]],[[-79.6038,43.68584],[-79.60658,43.68545]],[[-79.60517,43.68361],[-79.60491,43.68349],[-79.60305,43.68443],[-79.60206,43.68514],[-79.60204,43.68536],[-79.60224,43.68569],[-79.60272,43.68588],[-79.60358,43.68586]],[[-79.26466,43.73326],[-79.26593,43.73305]],[[-79.2643,43.73308],[-79.25848,43.73444],[-79.25791,43.73485],[-79.25654,43.73505],[-79.25615,43.73497],[-79.25318,43.73557],[-79.21376,43.74433],[-79.21165,43.74371],[-79.21028,43.74501],[-79.20594,43.74965],[-79.20515,43.74924],[-79.20481,43.74892],[-79.20453,43.74766],[-79.2045,43.74673],[-79.20437,43.74647],[-79.20399,43.7462],[-79.20323,43.74607],[-79.20267,43.74624],[-79.20132,43.74706],[-79.18344,43.75105],[-79.18254,43.75145],[-79.17978,43.75321],[-79.18592,43.76725],[-79.18633,43.76924],[-79.18685,43.7706],[-79.18911,43.77578],[-79.18985,43.77709],[-79.19333,43.78534],[-79.20496,43.78259],[-79.20436,43.78125]],[[-79.23753,43.81934],[-79.23796,43.82039],[-79.23393,43.82115],[-79.23164,43.8158]],[[-79.23149,43.81542],[-79.23712,43.81421],[-79.23764,43.81513],[-79.2389,43.81627],[-79.23984,43.81841],[-79.23737,43.81897]],[[-79.20436,43.78125],[-79.20652,43.78612],[-79.20712,43.78694],[-79.20945,43.78885],[-79.21287,43.79069],[-79.21362,43.79122],[-79.21504,43.79264],[-79.21584,43.79386],[-79.2178,43.79845],[-79.21833,43.80002],[-79.21824,43.80113],[-79.21721,43.80336],[-79.21721,43.80434],[-79.21753,43.80506],[-79.21963,43.80783],[-79.22066,43.80867],[-79.2239,43.8102],[-79.2251,43.81114],[-79.22562,43.81198],[-79.22759,43.81626],[-79.2311,43.81551]],[[-79.20436,43.78125],[-79.20422,43.78092],[-79.20394,43.78087],[-79.20385,43.78103],[-79.20436,43.78125]]]}},{"type":"Feature","properties":{"r":"335","n":"Jane","m":"bus","f":["night"],"day":false,"h":null},"geometry":{"type":"MultiLineString","coordinates":[[[-79.50919,43.77556],[-79.50642,43.77619],[-79.50537,43.7771],[-79.50491,43.77731],[-79.50358,43.77737],[-79.50252,43.77776],[-79.50201,43.77767],[-79.50138,43.77731],[-79.50103,43.77693]],[[-79.50079,43.77661],[-79.49894,43.77255],[-79.49831,43.77089],[-79.50542,43.76937],[-79.50625,43.76939],[-79.50692,43.7696],[-79.50738,43.76987],[-79.50838,43.77082],[-79.50899,43.77112],[-79.51059,43.77156],[-79.51095,43.77177],[-79.51135,43.77223],[-79.51143,43.77292],[-79.5109,43.77395],[-79.51108,43.77472],[-79.51077,43.77497],[-79.50989,43.77508],[-79.50952,43.77533],[-79.5098,43.77555],[-79.51011,43.7755],[-79.51034,43.77602],[-79.50826,43.77648],[-79.50896,43.7782],[-79.51701,43.77636],[-79.52174,43.77547],[-79.52168,43.77437],[-79.51773,43.75723],[-79.51322,43.73939],[-79.51224,43.73593],[-79.50775,43.71738],[-79.50238,43.69759],[-79.50038,43.68928],[-79.49756,43.68058],[-79.49177,43.66718],[-79.48468,43.64982],[-79.48318,43.65019]],[[-79.48303,43.64982],[-79.48297,43.64969],[-79.48448,43.64933],[-79.48453,43.64945]]]}},{"type":"Feature","properties":{"r":"336","n":"Finch West","m":"bus","f":["night"],"day":false,"h":null},"geometry":{"type":"MultiLineString","coordinates":[[[-79.60357,43.71621],[-79.60354,43.71597],[-79.60322,43.71596],[-79.60346,43.71688],[-79.60346,43.71916],[-79.60986,43.72056],[-79.61123,43.72061],[-79.61259,43.7204],[-79.61309,43.72273],[-79.61446,43.72364],[-79.61555,43.72392],[-79.6193,43.72349],[-79.6201,43.72371],[-79.62071,43.72418],[-79.62186,43.72562],[-79.62211,43.72651],[-79.62197,43.72709],[-79.62175,43.72742],[-79.62056,43.72836],[-79.61975,43.72942],[-79.61963,43.73016],[-79.61998,43.73247],[-79.61987,43.73279],[-79.61949,43.73318],[-79.61895,43.73343],[-79.61821,43.73355],[-79.61807,43.73299],[-79.61762,43.73252],[-79.61699,43.73206],[-79.6162,43.73184],[-79.61353,43.7322],[-79.61099,43.73152],[-79.61019,43.73167],[-79.60914,43.73218],[-79.60793,43.7312],[-79.6049,43.7301],[-79.60573,43.72893],[-79.60435,43.72842],[-79.60413,43.72873],[-79.6055,43.72926],[-79.6049,43.7301],[-79.60361,43.72997],[-79.59676,43.7315],[-79.59618,43.73179],[-79.59431,43.7333],[-79.59353,43.73376],[-79.59435,43.73474],[-79.59495,43.73601],[-79.59093,43.73697],[-79.59023,43.73731],[-79.59002,43.73773],[-79.58969,43.73999],[-79.5888,43.74202],[-79.58827,43.74266],[-79.58746,43.74307],[-79.58555,43.74344],[-79.58285,43.74319],[-79.57958,43.74362],[-79.5644,43.7473],[-79.55877,43.74855],[-79.54455,43.75164],[-79.53556,43.75341],[-79.51896,43.75712],[-79.51581,43.7575],[-79.49491,43.76217],[-79.49188,43.76331],[-79.46071,43.77025],[-79.4453,43.77351],[-79.44103,43.7741],[-79.41454,43.77998]],[[-79.49115,43.76388],[-79.49164,43.76571],[-79.49098,43.7659],[-79.49072,43.76476]],[[-79.41501,43.78167],[-79.41446,43.78037]]]}},{"type":"Feature","properties":{"r":"337","n":"Islington","m":"bus","f":["night"],"day":false,"h":null},"geometry":{"type":"MultiLineString","coordinates":[[[-79.5899,43.7596],[-79.58211,43.74326],[-79.57839,43.74388],[-79.56861,43.74624],[-79.5685,43.74484],[-79.56786,43.74274],[-79.56074,43.72702],[-79.55337,43.71139],[-79.55247,43.70973],[-79.54698,43.69772],[-79.53126,43.66262],[-79.52343,43.64464],[-79.52453,43.6444],[-79.52463,43.64447],[-79.52388,43.64463],[-79.52387,43.64482],[-79.52403,43.6449],[-79.52475,43.64474],[-79.52466,43.64453],[-79.52453,43.6444],[-79.52343,43.64464],[-79.51647,43.62765],[-79.51393,43.6218],[-79.51267,43.61981],[-79.51108,43.61808],[-79.50988,43.61579],[-79.50881,43.61445],[-79.50842,43.6137],[-79.50797,43.61252],[-79.50656,43.60676],[-79.50663,43.60445],[-79.50653,43.60381],[-79.50526,43.60075],[-79.50642,43.60049],[-79.50659,43.6009]],[[-79.57657,43.76425],[-79.57641,43.76397],[-79.57743,43.76373],[-79.57856,43.76327],[-79.58105,43.76147],[-79.58313,43.76046],[-79.58485,43.76013],[-79.58752,43.76002],[-79.5895,43.75969]],[[-79.5686,43.74664],[-79.56839,43.74837],[-79.56799,43.7499],[-79.56802,43.75059],[-79.56903,43.75571],[-79.56935,43.75657],[-79.57486,43.76434],[-79.57602,43.76407]],[[-79.50675,43.60127],[-79.50747,43.603],[-79.5067,43.60317]]]}},{"type":"Feature","properties":{"r":"339","n":"Finch East","m":"bus","f":["night"],"day":false,"h":null},"geometry":{"type":"MultiLineString","coordinates":[[[-79.41531,43.77982],[-79.41742,43.77936]],[[-79.41492,43.7799],[-79.36951,43.78998],[-79.36625,43.79013],[-79.35283,43.79302],[-79.34365,43.79514],[-79.34153,43.79517],[-79.33968,43.79478],[-79.33802,43.79409],[-79.33596,43.79303],[-79.335,43.79275],[-79.33359,43.79271],[-79.33196,43.79295],[-79.30803,43.79848],[-79.28628,43.80374],[-79.23149,43.81542],[-79.23393,43.82115],[-79.23796,43.82039],[-79.23737,43.81897],[-79.23984,43.81841]],[[-79.23968,43.81804],[-79.2389,43.81627],[-79.23764,43.81513],[-79.2373,43.81459]],[[-79.22638,43.81361],[-79.22573,43.81221],[-79.22674,43.81197],[-79.22729,43.81205],[-79.22786,43.81249],[-79.2282,43.81328],[-79.22881,43.81371],[-79.22956,43.81378],[-79.23156,43.81335],[-79.23218,43.81486]]]}},{"type":"Feature","properties":{"r":"340","n":"Junction","m":"bus","f":["night"],"day":false,"h":null},"geometry":{"type":"MultiLineString","coordinates":[[[-79.43505,43.68069],[-79.43604,43.68046],[-79.43569,43.67959],[-79.49177,43.66718],[-79.49119,43.66573],[-79.46229,43.6654],[-79.46133,43.66525],[-79.45898,43.66458],[-79.45643,43.66305],[-79.45383,43.66026],[-79.45307,43.65852],[-79.45261,43.65688],[-79.45358,43.65671],[-79.45384,43.6568],[-79.45392,43.65703],[-79.45271,43.65729]]]}},{"type":"Feature","properties":{"r":"341","n":"Keele","m":"bus","f":["night"],"day":false,"h":null},"geometry":{"type":"MultiLineString","coordinates":[[[-79.50288,43.76992],[-79.50532,43.76938],[-79.5064,43.76942],[-79.50725,43.76977],[-79.50855,43.77092],[-79.51078,43.77166],[-79.51114,43.77193],[-79.51146,43.77267],[-79.51091,43.77388],[-79.51109,43.77466],[-79.51092,43.77488],[-79.51057,43.77503],[-79.50981,43.7751],[-79.50919,43.77557],[-79.50642,43.77619],[-79.50537,43.7771],[-79.50491,43.77731],[-79.50361,43.77736],[-79.5028,43.77771],[-79.50217,43.77773],[-79.50164,43.77748],[-79.50103,43.77693]],[[-79.50079,43.77661],[-79.49894,43.77255],[-79.49831,43.77089],[-79.50249,43.77001],[-79.50103,43.76658],[-79.50141,43.76545],[-79.50133,43.76481],[-79.49464,43.76623],[-79.49396,43.76652],[-79.49312,43.76712],[-79.49205,43.76731],[-79.49008,43.75983],[-79.48217,43.72727],[-79.48171,43.72521],[-79.48143,43.72324],[-79.48072,43.72051],[-79.47444,43.69275],[-79.47425,43.69179],[-79.47542,43.69085],[-79.4716,43.68214],[-79.47675,43.68161],[-79.47407,43.6789],[-79.47071,43.67627],[-79.47016,43.67564],[-79.46936,43.67413],[-79.46782,43.67296],[-79.4604,43.65555],[-79.45939,43.65576],[-79.45927,43.65549],[-79.46026,43.65523],[-79.4604,43.65555]],[[-79.46724,43.67262],[-79.46305,43.67354],[-79.46406,43.67708],[-79.46546,43.67958],[-79.46767,43.68189],[-79.46915,43.68232],[-79.4712,43.68217]]]}},{"type":"Feature","properties":{"r":"343","n":"Kennedy","m":"bus","f":["night"],"day":false,"h":null},"geometry":{"type":"MultiLineString","coordinates":[[[-79.3049,43.8188],[-79.30705,43.82368],[-79.29771,43.82585]],[[-79.29732,43.82594],[-79.29492,43.8207],[-79.30474,43.81844],[-79.29744,43.80228],[-79.29707,43.8017],[-79.29598,43.80062],[-79.29548,43.7999],[-79.2892,43.78518],[-79.2886,43.78386],[-79.28772,43.78238],[-79.28684,43.78042],[-79.28151,43.76758],[-79.28086,43.76495],[-79.27568,43.75172],[-79.27441,43.74788],[-79.26792,43.73219],[-79.26605,43.73267],[-79.26571,43.73238],[-79.26454,43.73276],[-79.26413,43.73185],[-79.2643,43.73148],[-79.26265,43.73132],[-79.26298,43.73208]],[[-79.26414,43.73285],[-79.26319,43.73308],[-79.26332,43.73342],[-79.26348,43.7335],[-79.26599,43.73307]]]}},{"type":"Feature","properties":{"r":"345","n":"Kipling","m":"bus","f":["night"],"day":false,"h":null},"geometry":{"type":"MultiLineString","coordinates":[[[-79.59008,43.7608],[-79.59036,43.76067],[-79.58835,43.75623],[-79.5804,43.73972],[-79.56853,43.71557],[-79.56144,43.70064],[-79.5606,43.69852],[-79.55671,43.69011],[-79.54666,43.66765],[-79.53536,43.64179],[-79.54063,43.64064],[-79.54026,43.64005],[-79.53915,43.63895],[-79.5376,43.63831],[-79.53667,43.63732],[-79.53634,43.63742],[-79.53455,43.63891],[-79.5352,43.6397],[-79.53461,43.63993],[-79.53341,43.63678],[-79.53274,43.63553],[-79.52885,43.6263],[-79.52828,43.62445],[-79.52612,43.61955],[-79.52556,43.61727],[-79.52396,43.61489],[-79.51548,43.59472],[-79.51557,43.59451],[-79.51691,43.59421],[-79.51698,43.59403],[-79.51672,43.59395],[-79.51644,43.59429],[-79.51557,43.59451],[-79.51548,43.59463],[-79.51695,43.5982],[-79.54242,43.59245],[-79.54377,43.59206],[-79.54393,43.59193],[-79.54381,43.59179]]]}},{"type":"Feature","properties":{"r":"352","n":"Lawrence West","m":"bus","f":["night"],"day":false,"h":null},"geometry":{"type":"MultiLineString","coordinates":[[[-79.61481,43.68619],[-79.61822,43.68727],[-79.62068,43.68785],[-79.62099,43.68775],[-79.6211,43.68739]],[[-79.62095,43.68702],[-79.62056,43.68652],[-79.61941,43.68593],[-79.61852,43.6857],[-79.61659,43.68578],[-79.61394,43.6849],[-79.6112,43.68492],[-79.60809,43.68472],[-79.60594,43.68481],[-79.60558,43.68458],[-79.60546,43.68398],[-79.60559,43.68382],[-79.6059,43.68376],[-79.60755,43.68381],[-79.60778,43.68372],[-79.60695,43.68563],[-79.60692,43.68597],[-79.59944,43.68655],[-79.59356,43.68678],[-79.59115,43.68701],[-79.58597,43.68812],[-79.57514,43.6907],[-79.56399,43.69302],[-79.54875,43.69662],[-79.53426,43.69982],[-79.53273,43.69616],[-79.52328,43.69817],[-79.51988,43.69928],[-79.50498,43.70276],[-79.50199,43.70318],[-79.47892,43.70834],[-79.47635,43.70933],[-79.45858,43.71327],[-79.45474,43.71408],[-79.45242,43.71432],[-79.42829,43.71959],[-79.3867,43.72837],[-79.38589,43.72841],[-79.38218,43.72757],[-79.38164,43.72663],[-79.38019,43.72558],[-79.37982,43.72509],[-79.37893,43.72097],[-79.3781,43.7212],[-79.37769,43.7217],[-79.3766,43.72192]],[[-79.61526,43.68492],[-79.61535,43.68464],[-79.61519,43.6841],[-79.61253,43.68207],[-79.61192,43.68186],[-79.61111,43.68187]],[[-79.6075,43.68543],[-79.61112,43.68578],[-79.61362,43.68645],[-79.61427,43.6863],[-79.61472,43.68558]],[[-79.61145,43.68545],[-79.61288,43.68558],[-79.61402,43.68594]],[[-79.61073,43.682],[-79.61025,43.68227],[-79.60979,43.68283],[-79.60958,43.6837],[-79.60956,43.68441]],[[-79.60452,43.68576],[-79.60659,43.68545]],[[-79.60522,43.68364],[-79.60487,43.68348],[-79.60238,43.6848],[-79.60204,43.68516],[-79.60217,43.68556],[-79.60253,43.68581],[-79.60294,43.68588]],[[-79.37621,43.722],[-79.37526,43.72218],[-79.37512,43.72231],[-79.37526,43.72266],[-79.37805,43.72213],[-79.37876,43.72379],[-79.37912,43.72374]]]}},{"type":"Feature","properties":{"r":"353","n":"Steeles","m":"bus","f":["night"],"day":false,"h":null},"geometry":{"type":"MultiLineString","coordinates":[[[-79.60796,43.75661],[-79.60774,43.75689],[-79.59587,43.75953],[-79.59466,43.7596],[-79.59153,43.75932],[-79.58802,43.75998],[-79.58501,43.76014],[-79.58353,43.76037],[-79.58153,43.76117],[-79.57811,43.76348],[-79.57487,43.76434],[-79.56479,43.76655],[-79.52345,43.77501],[-79.52039,43.77575],[-79.51701,43.77636],[-79.47009,43.78728],[-79.45303,43.79081],[-79.37176,43.80865],[-79.3422,43.81542],[-79.33579,43.81702],[-79.2322,43.84106],[-79.23202,43.84061],[-79.23229,43.83892],[-79.23145,43.83639],[-79.23094,43.83537],[-79.2305,43.83499],[-79.22801,43.83454],[-79.22704,43.83402],[-79.22563,43.83412],[-79.22463,43.83266],[-79.22216,43.82706],[-79.22078,43.82625],[-79.21979,43.82424],[-79.21865,43.82326],[-79.22105,43.82059],[-79.22119,43.82032],[-79.2209,43.81874],[-79.22104,43.81817],[-79.22125,43.81772],[-79.22223,43.81719],[-79.22598,43.81663],[-79.23714,43.81422],[-79.23765,43.81514],[-79.23888,43.81622],[-79.23985,43.81842],[-79.23739,43.81898]],[[-79.23754,43.81936],[-79.23797,43.8204],[-79.23412,43.8212],[-79.23382,43.82107],[-79.23166,43.81581]]]}},{"type":"Feature","properties":{"r":"354","n":"Lawrence East","m":"bus","f":["night"],"day":false,"h":null},"geometry":{"type":"MultiLineString","coordinates":[[[-79.39851,43.70472],[-79.39864,43.70526],[-79.39879,43.70539],[-79.40009,43.70569],[-79.40027,43.70634],[-79.35494,43.71562],[-79.35178,43.71647],[-79.33886,43.72049],[-79.34344,43.73717],[-79.33227,43.73945],[-79.32566,43.74066],[-79.3128,43.74162],[-79.30853,43.74238],[-79.28482,43.74751],[-79.24675,43.75526],[-79.21104,43.76286],[-79.13666,43.77959],[-79.13067,43.78089],[-79.13054,43.78072],[-79.13003,43.78079],[-79.12993,43.7809],[-79.1301,43.78103],[-79.12971,43.78124],[-79.12337,43.78804],[-79.12274,43.78881],[-79.12278,43.78893],[-79.123,43.7889],[-79.12302,43.78862]]]}},{"type":"Feature","properties":{"r":"363","n":"Ossington","m":"bus","f":["night"],"day":false,"h":null},"geometry":{"type":"MultiLineString","coordinates":[[[-79.43649,43.69921],[-79.43659,43.69952],[-79.43653,43.69968],[-79.43629,43.69978],[-79.43587,43.69964],[-79.43571,43.69923]],[[-79.43572,43.69883],[-79.44278,43.69729],[-79.43965,43.6899],[-79.43911,43.68816],[-79.43568,43.67959],[-79.4359,43.67954],[-79.43377,43.6744],[-79.43097,43.67471],[-79.42565,43.66198],[-79.42017,43.64783],[-79.41888,43.64419],[-79.41629,43.64472],[-79.41501,43.64143],[-79.41196,43.64203],[-79.40962,43.63625],[-79.41058,43.63627],[-79.41161,43.63655],[-79.41224,43.63695],[-79.41339,43.63724],[-79.41819,43.63591],[-79.41836,43.63571],[-79.41801,43.63565],[-79.41376,43.63685]]]}},{"type":"Feature","properties":{"r":"365","n":"Parliament","m":"bus","f":["night"],"day":false,"h":null},"geometry":{"type":"MultiLineString","coordinates":[[[-79.36881,43.67368],[-79.36879,43.67385],[-79.36893,43.67391],[-79.36963,43.67353],[-79.3694,43.67294],[-79.3707,43.67201],[-79.37089,43.67174],[-79.37089,43.67148],[-79.36431,43.65522],[-79.36104,43.64774],[-79.36125,43.64762],[-79.36169,43.64671],[-79.36198,43.64641],[-79.36782,43.64434],[-79.36744,43.64377],[-79.36534,43.64453],[-79.36553,43.64498]]]}},{"type":"Feature","properties":{"r":"373","n":"Royal York","m":"bus","f":["night"],"day":false,"h":null},"geometry":{"type":"MultiLineString","coordinates":[[[-79.58999,43.76067],[-79.59012,43.7608],[-79.59036,43.76067],[-79.58988,43.7596],[-79.58783,43.76],[-79.58501,43.76014],[-79.58353,43.76037],[-79.58153,43.76117],[-79.5786,43.76323],[-79.57743,43.76373],[-79.56479,43.76655],[-79.54652,43.77031],[-79.54376,43.75747],[-79.54238,43.75209],[-79.54157,43.74804],[-79.53801,43.73267],[-79.53777,43.73197],[-79.53614,43.7294],[-79.53558,43.72678],[-79.53568,43.72598],[-79.53688,43.72389],[-79.53748,43.72067],[-79.53786,43.71759],[-79.53768,43.71684],[-79.53668,43.7148],[-79.53603,43.71296],[-79.53546,43.71186],[-79.5346,43.70968],[-79.53305,43.70671],[-79.53239,43.70629],[-79.53165,43.70391],[-79.53187,43.70321],[-79.5324,43.70244],[-79.53439,43.70033],[-79.53427,43.69982],[-79.52602,43.68097],[-79.52313,43.67394],[-79.52195,43.67155],[-79.51965,43.66595],[-79.51119,43.64695]]]}},{"type":"Feature","properties":{"r":"384","n":"Sheppard West","m":"bus","f":["night"],"day":false,"h":null},"geometry":{"type":"MultiLineString","coordinates":[[[-79.57657,43.76421],[-79.57641,43.76398],[-79.56479,43.76655],[-79.54652,43.77031],[-79.54376,43.75747],[-79.54238,43.75209],[-79.54109,43.74596],[-79.53822,43.73374],[-79.51296,43.73945],[-79.51037,43.73952],[-79.48459,43.74515],[-79.4839,43.74548],[-79.48328,43.74598],[-79.48296,43.74637],[-79.4828,43.74682],[-79.48271,43.7477],[-79.4829,43.7522],[-79.48279,43.75272],[-79.48244,43.75322],[-79.48192,43.75368],[-79.48109,43.75411],[-79.47517,43.75547],[-79.47428,43.75553],[-79.47308,43.7554],[-79.46989,43.75417],[-79.46853,43.75319],[-79.4657,43.7505],[-79.46497,43.7502],[-79.46395,43.75013],[-79.43907,43.75541],[-79.43698,43.75568],[-79.41315,43.76102],[-79.41382,43.76263],[-79.41163,43.76322],[-79.41138,43.76326],[-79.41094,43.76151]],[[-79.41133,43.76142],[-79.41276,43.7611]]]}},{"type":"Feature","properties":{"r":"385","n":"Sheppard East","m":"bus","f":["night"],"day":false,"h":null},"geometry":{"type":"MultiLineString","coordinates":[[[-79.41263,43.76183],[-79.41193,43.76192],[-79.41176,43.76132],[-79.3889,43.76637],[-79.38656,43.76707],[-79.36825,43.77103],[-79.36627,43.77143],[-79.36107,43.77202],[-79.34188,43.77618],[-79.3405,43.77615],[-79.32771,43.7747],[-79.32605,43.77468],[-79.32442,43.77492],[-79.28534,43.78392],[-79.24847,43.79184],[-79.21821,43.79799],[-79.16725,43.80915],[-79.16653,43.80912],[-79.16559,43.80885],[-79.15523,43.80285],[-79.1466,43.79923],[-79.14457,43.79756],[-79.14391,43.79673],[-79.1435,43.79593],[-79.14216,43.79635],[-79.14074,43.79761],[-79.13889,43.79809],[-79.13162,43.7807],[-79.13088,43.78086],[-79.13019,43.78073]],[[-79.17082,43.80922],[-79.17093,43.8094],[-79.17136,43.80938],[-79.17101,43.80875]]]}},{"type":"Feature","properties":{"r":"386","n":"Scarborough","m":"bus","f":["night"],"day":false,"h":null},"geometry":{"type":"MultiLineString","coordinates":[[[-79.2634,43.7314],[-79.26265,43.73132],[-79.26281,43.73181]],[[-79.2631,43.73208],[-79.26373,43.73188],[-79.26391,43.73141],[-79.26637,43.73146],[-79.26756,43.73122],[-79.26793,43.7322],[-79.25851,43.73443],[-79.25802,43.73476],[-79.25686,43.73499],[-79.2556,43.73507],[-79.24615,43.73709],[-79.21376,43.74433],[-79.21165,43.74371],[-79.21028,43.74501],[-79.20594,43.74965],[-79.20198,43.75417],[-79.18437,43.77329],[-79.1831,43.77404],[-79.1821,43.77428],[-79.17652,43.77507],[-79.17521,43.77549],[-79.17418,43.77601],[-79.17275,43.77729],[-79.17061,43.7801],[-79.16902,43.78183],[-79.16848,43.78206],[-79.16737,43.78213],[-79.16636,43.78269],[-79.16873,43.78453],[-79.16213,43.78875],[-79.16348,43.79199],[-79.16363,43.7929],[-79.16514,43.79624],[-79.16549,43.79762],[-79.16617,43.79939],[-79.16726,43.80158],[-79.16835,43.80328],[-79.17107,43.80896],[-79.17084,43.80916],[-79.17083,43.80933],[-79.17108,43.8094]],[[-79.16903,43.78426],[-79.16925,43.78387],[-79.16942,43.78236],[-79.16932,43.7821]]]}},{"type":"Feature","properties":{"r":"395","n":"York Mills","m":"bus","f":["night"],"day":false,"h":null},"geometry":{"type":"MultiLineString","coordinates":[[[-79.40593,43.74553],[-79.4053,43.74518],[-79.40522,43.74432],[-79.40322,43.74412],[-79.40191,43.74424],[-79.38414,43.74805],[-79.38348,43.74829],[-79.38235,43.74895],[-79.38065,43.74934],[-79.36414,43.75278],[-79.36303,43.75295],[-79.35996,43.75295],[-79.33943,43.75744],[-79.33517,43.75842],[-79.33269,43.75951],[-79.32498,43.76129],[-79.32422,43.76125],[-79.32198,43.76011],[-79.31941,43.75818],[-79.31854,43.75776],[-79.31737,43.75759],[-79.31523,43.75786],[-79.30004,43.76132],[-79.28175,43.76567],[-79.22334,43.77828],[-79.19542,43.78482],[-79.18324,43.78784],[-79.15562,43.79435],[-79.1546,43.79358],[-79.14622,43.79892],[-79.14702,43.79944],[-79.1506,43.80091],[-79.15085,43.80048],[-79.15,43.79854],[-79.15027,43.79801],[-79.14917,43.79705]],[[-79.14591,43.79867],[-79.14457,43.79756],[-79.14357,43.7961],[-79.13667,43.7796],[-79.13088,43.78086],[-79.1301,43.78074]]]}},{"type":"Feature","properties":{"r":"396","n":"Wilson","m":"bus","f":["night"],"day":false,"h":null},"geometry":{"type":"MultiLineString","coordinates":[[[-79.60795,43.75654],[-79.60774,43.75688],[-79.60337,43.75785],[-79.60046,43.75465],[-79.60004,43.75402],[-79.59212,43.73768],[-79.58671,43.72602],[-79.5823,43.72703],[-79.5795,43.727],[-79.57638,43.72741],[-79.57535,43.72792],[-79.57285,43.72858],[-79.57246,43.72889],[-79.56932,43.72784],[-79.56946,43.72664],[-79.56798,43.72693],[-79.56629,43.7275],[-79.56571,43.72695],[-79.56444,43.72435],[-79.56303,43.72349],[-79.561,43.72287],[-79.55993,43.72284],[-79.55056,43.72509],[-79.54753,43.72254],[-79.54522,43.72092],[-79.54441,43.71969],[-79.54407,43.71941],[-79.5348,43.71615],[-79.5329,43.71574],[-79.53157,43.71578],[-79.50954,43.72077],[-79.50626,43.72124],[-79.48547,43.72587],[-79.48171,43.72673],[-79.47933,43.72778],[-79.46128,43.73189],[-79.45928,43.732],[-79.43399,43.73735],[-79.42965,43.73779],[-79.42782,43.73849],[-79.41443,43.74147],[-79.4124,43.74205],[-79.40671,43.74414],[-79.40522,43.74432],[-79.40535,43.74523],[-79.40622,43.74514]]]}},{"type":"Feature","properties":{"r":"400","n":"Lawrence Manor","m":"bus","f":["reg"],"day":true,"h":null},"geometry":{"type":"MultiLineString","coordinates":[[[-79.48674,43.72386],[-79.48938,43.72327],[-79.4898,43.72333],[-79.49098,43.72318],[-79.49098,43.72279],[-79.49067,43.7223],[-79.48866,43.72275],[-79.48753,43.72331],[-79.48382,43.72412],[-79.48159,43.72444],[-79.48145,43.72332],[-79.48072,43.72051],[-79.48212,43.7202],[-79.48138,43.71822],[-79.48121,43.71742],[-79.48012,43.71787],[-79.47806,43.70866],[-79.47661,43.70927],[-79.47456,43.70972],[-79.47435,43.70885],[-79.4761,43.70857],[-79.47617,43.70867],[-79.47717,43.70839],[-79.47706,43.70782],[-79.47785,43.7076],[-79.47806,43.70866],[-79.47661,43.70927],[-79.45475,43.71409],[-79.45443,43.71271],[-79.45577,43.71239],[-79.4556,43.71186],[-79.45611,43.71172],[-79.45605,43.71157],[-79.45627,43.7115],[-79.45604,43.71039],[-79.45664,43.71047],[-79.45654,43.71029],[-79.45402,43.71081],[-79.45475,43.71409],[-79.45243,43.71433],[-79.44356,43.71624],[-79.44337,43.71601],[-79.44339,43.71569],[-79.44468,43.71545],[-79.44498,43.71594],[-79.44841,43.71521],[-79.44891,43.71726],[-79.44663,43.71765],[-79.44684,43.71819],[-79.44906,43.71788],[-79.44894,43.71847],[-79.44823,43.71911],[-79.4477,43.7189],[-79.44704,43.71887],[-79.44391,43.71948],[-79.44283,43.71746],[-79.44275,43.71699],[-79.44263,43.71702],[-79.44283,43.71746],[-79.44391,43.71948],[-79.44204,43.71946],[-79.44151,43.71966],[-79.44102,43.72013],[-79.43999,43.71977],[-79.43835,43.71866],[-79.43804,43.71836],[-79.43769,43.7175],[-79.43116,43.71893],[-79.43155,43.72001],[-79.4326,43.71975],[-79.43211,43.71871],[-79.43297,43.71849],[-79.43367,43.7202],[-79.43246,43.72047],[-79.43295,43.72178],[-79.43293,43.72211],[-79.43265,43.72246],[-79.43218,43.72275],[-79.43066,43.72308],[-79.43216,43.72963],[-79.43417,43.72921],[-79.43421,43.72967],[-79.43417,43.72921],[-79.43216,43.72963],[-79.43301,43.73318],[-79.43493,43.73278],[-79.43572,43.73236],[-79.43656,43.73242],[-79.43902,43.73181],[-79.44035,43.73106],[-79.44056,43.73022],[-79.44126,43.72949],[-79.44089,43.72837],[-79.43952,43.72869],[-79.43967,43.72895],[-79.43988,43.72889],[-79.44022,43.72852],[-79.44089,43.72837],[-79.44125,43.72955],[-79.44056,43.73022],[-79.44035,43.73106],[-79.43884,43.73188],[-79.43855,43.73144],[-79.43824,43.73028],[-79.43514,43.73094],[-79.4346,43.73123],[-79.43396,43.73123],[-79.4326,43.7315],[-79.43412,43.73788],[-79.43275,43.73798]],[[-79.48021,43.71826],[-79.48063,43.72012]],[[-79.43057,43.72269],[-79.43004,43.72035],[-79.43115,43.72009]]]}},{"type":"Feature","properties":{"r":"402","n":"Parkdale","m":"bus","f":[],"day":false,"h":null},"geometry":{"type":"MultiLineString","coordinates":[[[-79.43807,43.64072],[-79.43875,43.64246],[-79.4379,43.64264]],[[-79.43518,43.65827],[-79.43605,43.65808],[-79.43555,43.65704]],[[-79.43492,43.65573],[-79.43415,43.65597],[-79.4346,43.65705],[-79.43509,43.65693],[-79.43515,43.65702],[-79.43431,43.65712],[-79.43537,43.65988],[-79.44777,43.6573],[-79.44794,43.65772],[-79.44655,43.65802],[-79.44671,43.65844],[-79.44811,43.65815],[-79.44777,43.6573],[-79.45245,43.65632],[-79.45266,43.65709],[-79.45384,43.6568],[-79.45358,43.65671],[-79.45261,43.65688],[-79.45185,43.65388],[-79.45159,43.65371],[-79.44681,43.65159],[-79.44145,43.65032],[-79.43973,43.65017],[-79.43911,43.64785],[-79.43915,43.64697],[-79.43667,43.64058],[-79.44691,43.63859],[-79.44757,43.63862],[-79.45131,43.63934],[-79.45123,43.64151],[-79.45089,43.64166],[-79.44967,43.64188],[-79.44842,43.63878],[-79.44691,43.63859],[-79.43541,43.64084],[-79.43594,43.64217],[-79.43541,43.64084],[-79.43315,43.6413],[-79.43281,43.64073],[-79.43187,43.63802],[-79.42914,43.63858],[-79.42758,43.63452],[-79.43174,43.63368],[-79.43249,43.63566]],[[-79.43264,43.63603],[-79.43438,43.64064]]]}},{"type":"Feature","properties":{"r":"403","n":"South Don Mills","m":"bus","f":["reg"],"day":true,"h":null},"geometry":{"type":"MultiLineString","coordinates":[[[-79.34348,43.7344],[-79.34312,43.73366],[-79.3445,43.73339],[-79.345,43.73409],[-79.34559,43.73383],[-79.34753,43.73256],[-79.34673,43.73301],[-79.34809,43.7343],[-79.34818,43.73461],[-79.34794,43.73499],[-79.34642,43.73583],[-79.34637,43.73611],[-79.34655,43.73651],[-79.34098,43.7377],[-79.34004,43.73433],[-79.33998,43.73355],[-79.34022,43.7331],[-79.34062,43.73273],[-79.34211,43.73222],[-79.34086,43.72766],[-79.34015,43.72781],[-79.33968,43.72843],[-79.33915,43.72887],[-79.3359,43.73072],[-79.33519,43.73126],[-79.33451,43.73089],[-79.33398,43.73091],[-79.33299,43.73006],[-79.3321,43.73055],[-79.3323,43.73107],[-79.33262,43.73127],[-79.33318,43.73134],[-79.33398,43.73091],[-79.33451,43.73089],[-79.33519,43.73126],[-79.3359,43.73072],[-79.33915,43.72887],[-79.33968,43.72843],[-79.34015,43.72781],[-79.34086,43.72766],[-79.33863,43.71948],[-79.33732,43.71655],[-79.33487,43.71714],[-79.33415,43.7177],[-79.33141,43.71836],[-79.33038,43.71657],[-79.33393,43.7157],[-79.33421,43.71544],[-79.33419,43.71493],[-79.33498,43.71475],[-79.33374,43.715],[-79.33291,43.7148],[-79.33053,43.7124],[-79.33029,43.71208],[-79.33024,43.71173],[-79.33059,43.71109],[-79.33136,43.7107],[-79.33472,43.70994],[-79.33631,43.70929],[-79.34363,43.70747],[-79.34283,43.70562],[-79.34135,43.70429],[-79.34122,43.70395],[-79.34306,43.702],[-79.34339,43.70181],[-79.34411,43.70185],[-79.34988,43.70501],[-79.34869,43.70607],[-79.34796,43.70643],[-79.34363,43.70747]]]}},{"type":"Feature","properties":{"r":"404","n":"East York","m":"bus","f":["reg"],"day":true,"h":60},"geometry":{"type":"MultiLineString","coordinates":[[[-79.32298,43.68437],[-79.32397,43.68417],[-79.32657,43.69059],[-79.32351,43.69125],[-79.32201,43.69114],[-79.31623,43.6924],[-79.31585,43.6928],[-79.31868,43.69927],[-79.31743,43.69951],[-79.31711,43.69885],[-79.31661,43.69893],[-79.31565,43.69683],[-79.3144,43.69705],[-79.31232,43.69693],[-79.3111,43.6972],[-79.31135,43.69772],[-79.31188,43.69833],[-79.31135,43.69772],[-79.3111,43.6972],[-79.30969,43.69743],[-79.30946,43.69723],[-79.30916,43.69651],[-79.30707,43.69698],[-79.30661,43.69691],[-79.30577,43.69702],[-79.30477,43.69483],[-79.30117,43.6956],[-79.30008,43.69315],[-79.29912,43.69337],[-79.29723,43.69354],[-79.29739,43.6952],[-79.29828,43.69545],[-79.29739,43.6952],[-79.29744,43.6959],[-79.29707,43.6978],[-79.29693,43.70226],[-79.29901,43.70185],[-79.29998,43.70413],[-79.29708,43.70593],[-79.29832,43.70864],[-79.29739,43.70885],[-79.29636,43.70884],[-79.29599,43.70878],[-79.29509,43.70675],[-79.29536,43.70662],[-79.29548,43.70605],[-79.29684,43.7035],[-79.29699,43.70227],[-79.29691,43.7009],[-79.29707,43.6978],[-79.29731,43.69652],[-79.29575,43.69647],[-79.29528,43.69621],[-79.29438,43.69541],[-79.29321,43.69517],[-79.29221,43.69536],[-79.29149,43.69621],[-79.29048,43.69655],[-79.28902,43.69287],[-79.28805,43.69307],[-79.28878,43.69439],[-79.2896,43.6943],[-79.28836,43.69123],[-79.29028,43.69079],[-79.28989,43.68997],[-79.28792,43.69018],[-79.28658,43.6869],[-79.28515,43.68721],[-79.28563,43.68813],[-79.287,43.68794],[-79.28406,43.68081],[-79.29325,43.68001],[-79.29452,43.67972],[-79.29436,43.67928],[-79.29441,43.67888],[-79.29555,43.67861],[-79.29587,43.67938],[-79.29283,43.68008],[-79.28841,43.68039],[-79.28275,43.68103],[-79.28248,43.68067],[-79.28242,43.68032]],[[-79.28234,43.68115],[-79.28142,43.68143],[-79.28178,43.68214],[-79.28399,43.68168]]]}},{"type":"Feature","properties":{"r":"405","n":"Etobicoke","m":"bus","f":["reg"],"day":true,"h":60},"geometry":{"type":"MultiLineString","coordinates":[[[-79.55442,43.67873],[-79.55534,43.68079],[-79.5532,43.68129]],[[-79.55281,43.68138],[-79.55171,43.67894],[-79.55696,43.67773],[-79.55775,43.6773],[-79.55798,43.67698],[-79.55801,43.67642],[-79.55738,43.67494],[-79.55705,43.67459],[-79.55559,43.67428],[-79.55705,43.67459],[-79.55738,43.67494],[-79.55767,43.67562],[-79.54489,43.67854],[-79.54579,43.68076],[-79.54489,43.67854],[-79.53901,43.67983],[-79.54673,43.69705],[-79.53427,43.69982],[-79.52817,43.68587],[-79.52498,43.68656],[-79.52741,43.68415],[-79.51728,43.68643],[-79.51315,43.68685],[-79.51248,43.68551],[-79.51965,43.68391],[-79.52002,43.68373],[-79.51965,43.68391],[-79.51248,43.68551],[-79.5118,43.68442],[-79.51071,43.68308],[-79.5115,43.68265],[-79.51128,43.682],[-79.51185,43.68095],[-79.51356,43.6809],[-79.5142,43.68245],[-79.51447,43.68271],[-79.51731,43.68261],[-79.51884,43.68231],[-79.51912,43.68294],[-79.52084,43.68283],[-79.52112,43.683],[-79.52121,43.68334],[-79.51405,43.68353],[-79.50697,43.68466],[-79.50552,43.68461],[-79.50422,43.68438],[-79.50403,43.68476],[-79.50405,43.68506],[-79.5045,43.68542],[-79.50788,43.68529],[-79.50835,43.68541],[-79.50868,43.68568],[-79.50883,43.68615],[-79.50878,43.68638],[-79.50825,43.68698],[-79.50748,43.68723],[-79.50573,43.68741],[-79.50509,43.68762],[-79.50445,43.688],[-79.5042,43.68831],[-79.50401,43.68889],[-79.50465,43.68883],[-79.50483,43.68955],[-79.50606,43.68927],[-79.50631,43.68973],[-79.50842,43.68937],[-79.50851,43.68969],[-79.50938,43.68943],[-79.50916,43.68933],[-79.509,43.6896],[-79.50851,43.68969],[-79.50842,43.68937],[-79.50777,43.6895]]]}},{"type":"Feature","properties":{"r":"406","n":"Scarborough-Guildwood","m":"bus","f":["reg"],"day":true,"h":null},"geometry":{"type":"MultiLineString","coordinates":[[[-79.2562,43.77469],[-79.2587,43.7741],[-79.25896,43.77431],[-79.26113,43.77361],[-79.26107,43.77496],[-79.26136,43.77543],[-79.2619,43.77576],[-79.26152,43.77636],[-79.26121,43.7774],[-79.26028,43.77719],[-79.25973,43.77691],[-79.25901,43.77741],[-79.25773,43.77762],[-79.25749,43.77709],[-79.25709,43.77721],[-79.25655,43.77838],[-79.25594,43.77825],[-79.25546,43.7785],[-79.25638,43.77886],[-79.25725,43.77885],[-79.26017,43.77821],[-79.26106,43.77765],[-79.26152,43.77636],[-79.2619,43.77576],[-79.26136,43.77543],[-79.26107,43.77496],[-79.26117,43.77381],[-79.26063,43.77237],[-79.26075,43.77198],[-79.25983,43.7716],[-79.2593,43.77156],[-79.25619,43.7722],[-79.2564,43.77266],[-79.25633,43.7729],[-79.25662,43.77282],[-79.2564,43.77266],[-79.25619,43.7722],[-79.25388,43.7727],[-79.25346,43.77295],[-79.25325,43.77328],[-79.25355,43.7744],[-79.25224,43.77457],[-79.25175,43.77331],[-79.25042,43.77365],[-79.25062,43.77396],[-79.25128,43.77377],[-79.25114,43.77347],[-79.25175,43.77331],[-79.25133,43.7716],[-79.24896,43.76542],[-79.24269,43.76602],[-79.24075,43.76702],[-79.23854,43.76764],[-79.23789,43.76821],[-79.23742,43.76943],[-79.23473,43.7714],[-79.23152,43.77328],[-79.22919,43.77387],[-79.22792,43.7749],[-79.22739,43.77517],[-79.22652,43.77531],[-79.22595,43.7752],[-79.2236,43.77347],[-79.22121,43.77261],[-79.22083,43.77214],[-79.21995,43.77004],[-79.21941,43.76977],[-79.21868,43.76981],[-79.21617,43.76368],[-79.21587,43.76263],[-79.21556,43.7627],[-79.21494,43.76236],[-79.21543,43.76212],[-79.21556,43.7627],[-79.21587,43.76263],[-79.21579,43.76087],[-79.21428,43.75732],[-79.20872,43.75853],[-79.20852,43.75799],[-79.20776,43.75761],[-79.2074,43.75751],[-79.20695,43.75765],[-79.20696,43.7578],[-79.20776,43.75761],[-79.20852,43.75799],[-79.20872,43.75853],[-79.21428,43.75732],[-79.21357,43.7556],[-79.21492,43.75521],[-79.21501,43.75506],[-79.21477,43.75491],[-79.21462,43.75508],[-79.21495,43.75498],[-79.21492,43.75521],[-79.21564,43.75507],[-79.21632,43.75522],[-79.21694,43.75517],[-79.21749,43.755],[-79.21732,43.75477],[-79.21716,43.75479],[-79.21683,43.75489],[-79.21678,43.75515],[-79.21622,43.75522],[-79.21556,43.75507],[-79.21357,43.7556],[-79.21344,43.75479],[-79.21231,43.75323],[-79.21188,43.75218],[-79.21136,43.7514],[-79.21117,43.75016],[-79.20935,43.746],[-79.20596,43.74966],[-79.20515,43.74924],[-79.20481,43.74892],[-79.20453,43.74766],[-79.2045,43.74673],[-79.20437,43.74647],[-79.20399,43.7462],[-79.203,43.7461],[-79.20132,43.74706],[-79.20122,43.74708],[-79.20095,43.74671],[-79.20001,43.74695],[-79.20022,43.7473],[-79.20001,43.74695],[-79.20095,43.74671],[-79.20122,43.74708],[-79.19924,43.74751],[-79.20164,43.75312],[-79.1993,43.75368],[-79.19936,43.75402],[-79.19923,43.75415],[-79.19725,43.75453],[-79.19733,43.75477],[-79.19758,43.75473]]]}},{"type":"Feature","properties":{"r":"501","n":"Queen","m":"tram","f":["freq"],"day":true,"h":10},"geometry":{"type":"MultiLineString","coordinates":[[[-79.4787,43.63097],[-79.47868,43.63083],[-79.47848,43.63075],[-79.4783,43.63091],[-79.47848,43.63129],[-79.47822,43.632],[-79.47662,43.6326],[-79.47527,43.63372],[-79.4731,43.63586],[-79.47192,43.6366],[-79.47053,43.63711],[-79.46616,43.63784],[-79.46117,43.63927],[-79.45805,43.63966],[-79.45283,43.63971],[-79.44757,43.63862],[-79.44671,43.63861],[-79.40141,43.64771],[-79.38496,43.65122],[-79.38411,43.64919],[-79.37495,43.65118],[-79.37577,43.65317],[-79.35892,43.65683],[-79.30223,43.66956],[-79.28239,43.67372],[-79.28183,43.67383],[-79.28133,43.67369]],[[-79.37588,43.65238],[-79.38424,43.65053]]]}},{"type":"Feature","properties":{"r":"503","n":"Kingston Rd","m":"tram","f":["freq"],"day":true,"h":9},"geometry":{"type":"MultiLineString","coordinates":[[[-79.38358,43.64792],[-79.38465,43.65044],[-79.38629,43.65009],[-79.38481,43.64766],[-79.36441,43.65212],[-79.35616,43.65687],[-79.35496,43.65774],[-79.31259,43.66724],[-79.31006,43.67198],[-79.30561,43.67596],[-79.30451,43.67674],[-79.30048,43.67841],[-79.29304,43.68005],[-79.28406,43.68081],[-79.28438,43.6816],[-79.28536,43.6814]]]}},{"type":"Feature","properties":{"r":"504","n":"King","m":"tram","f":["freq"],"day":true,"h":5},"geometry":{"type":"MultiLineString","coordinates":[[[-79.45358,43.65671],[-79.45384,43.6568],[-79.45392,43.65703],[-79.45271,43.65729],[-79.45139,43.65235],[-79.44622,43.63904],[-79.44622,43.63871],[-79.44256,43.63719],[-79.44134,43.63654],[-79.43975,43.63643],[-79.42775,43.63884]],[[-79.42649,43.63429],[-79.42564,43.63448],[-79.42737,43.63896],[-79.39364,43.64576],[-79.36424,43.65216],[-79.35616,43.65687],[-79.35496,43.65774],[-79.34985,43.65888],[-79.35343,43.66742],[-79.35309,43.66847],[-79.35303,43.66945],[-79.35438,43.671],[-79.35493,43.67201],[-79.35887,43.6762],[-79.35894,43.6764],[-79.35884,43.67677],[-79.35812,43.67715]],[[-79.3584,43.6551],[-79.35865,43.65438],[-79.35862,43.65411],[-79.35776,43.65214],[-79.35739,43.65175],[-79.35686,43.6505],[-79.35668,43.65039],[-79.35642,43.65054],[-79.35663,43.65074]]]}},{"type":"Feature","properties":{"r":"505","n":"Dundas","m":"tram","f":["freq"],"day":true,"h":6},"geometry":{"type":"MultiLineString","coordinates":[[[-79.45367,43.65675],[-79.45379,43.65678],[-79.45385,43.65704],[-79.4527,43.65728],[-79.45183,43.65388],[-79.45157,43.65371],[-79.4468,43.65158],[-79.44205,43.65044],[-79.43972,43.65016],[-79.43247,43.64969],[-79.42077,43.64933],[-79.40601,43.6523],[-79.40535,43.65236],[-79.40373,43.65173],[-79.39145,43.65433],[-79.3883,43.65478],[-79.38035,43.65645],[-79.37887,43.65614],[-79.37713,43.65649],[-79.37345,43.6573],[-79.37274,43.65797],[-79.37213,43.65825],[-79.37102,43.65829],[-79.35638,43.66162],[-79.35388,43.66191],[-79.35135,43.66246],[-79.35341,43.66741],[-79.35302,43.6688],[-79.35302,43.66944],[-79.35437,43.67099],[-79.35492,43.672],[-79.35886,43.67619],[-79.35883,43.67677],[-79.35796,43.67719]]]}},{"type":"Feature","properties":{"r":"506","n":"Carlton","m":"tram","f":["freq"],"day":true,"h":5},"geometry":{"type":"MultiLineString","coordinates":[[[-79.45813,43.64781],[-79.45777,43.64787],[-79.45788,43.64844],[-79.457,43.64971],[-79.45503,43.6507],[-79.44809,43.65212],[-79.44681,43.65159],[-79.44532,43.6512],[-79.44102,43.65028],[-79.44,43.65101],[-79.43879,43.65133],[-79.43081,43.6529],[-79.42988,43.65287],[-79.41971,43.65504],[-79.41809,43.65526],[-79.41518,43.65495],[-79.40047,43.65793]],[[-79.40357,43.6675],[-79.40338,43.66736],[-79.40408,43.66719],[-79.40387,43.66666],[-79.40312,43.66551],[-79.40103,43.66037],[-79.40149,43.66005],[-79.40162,43.65949],[-79.40116,43.65914],[-79.40047,43.65897],[-79.40005,43.65795],[-79.3959,43.6587],[-79.38311,43.66137],[-79.38168,43.66139],[-79.36798,43.66428],[-79.36704,43.66195],[-79.35963,43.66358],[-79.35518,43.66481],[-79.35545,43.66548],[-79.35291,43.66616],[-79.35262,43.66549]],[[-79.4002,43.65926],[-79.39996,43.65951],[-79.39992,43.6598],[-79.40025,43.66018],[-79.40064,43.66028]],[[-79.37952,43.66225],[-79.38096,43.66572],[-79.38718,43.66437],[-79.38613,43.66179],[-79.38599,43.66118]],[[-79.38569,43.66042],[-79.38377,43.65572],[-79.38037,43.65646],[-79.37888,43.65615],[-79.37346,43.6573],[-79.37275,43.65797],[-79.37214,43.65825],[-79.37103,43.65829],[-79.36602,43.65944],[-79.36689,43.66157]],[[-79.3548,43.66492],[-79.35302,43.66541]],[[-79.35222,43.66554],[-79.31931,43.67291],[-79.3203,43.67534],[-79.31955,43.6757],[-79.31735,43.67604],[-79.31678,43.67627],[-79.31563,43.67728],[-79.31513,43.67799],[-79.31191,43.68038],[-79.31075,43.68079],[-79.30812,43.68209],[-79.30547,43.68281],[-79.30016,43.68395],[-79.30039,43.68482],[-79.30227,43.68908],[-79.30129,43.68932],[-79.30101,43.68916],[-79.30113,43.68898],[-79.30182,43.6888]]]}},{"type":"Feature","properties":{"r":"507","n":"Long Branch","m":"tram","f":["freq"],"day":true,"h":6},"geometry":{"type":"MultiLineString","coordinates":[[[-79.5436,43.59213],[-79.54389,43.592],[-79.54391,43.59184],[-79.5437,43.59179],[-79.54242,43.59245],[-79.525,43.59642],[-79.4985,43.60226],[-79.49573,43.60259],[-79.49279,43.60383],[-79.49163,43.60471],[-79.49073,43.60624],[-79.49056,43.60674],[-79.49027,43.60967],[-79.48971,43.61301],[-79.48647,43.61893],[-79.48604,43.6195],[-79.48567,43.61977],[-79.48392,43.62023],[-79.48308,43.62064],[-79.48248,43.6212],[-79.48121,43.62297],[-79.48369,43.62401],[-79.49036,43.62905],[-79.48087,43.6311],[-79.47887,43.63119]],[[-79.481,43.62331],[-79.47938,43.6265],[-79.47858,43.62852],[-79.47806,43.62923],[-79.47691,43.63027],[-79.47593,43.62981],[-79.47569,43.62924],[-79.47635,43.62791],[-79.47699,43.62616]],[[-79.47711,43.62578],[-79.4775,43.62466],[-79.47854,43.62298],[-79.4788,43.62275],[-79.4792,43.62258],[-79.47999,43.62253],[-79.48083,43.62285]],[[-79.47855,43.63142],[-79.47851,43.63171],[-79.47871,43.63175],[-79.47962,43.63156]]]}},{"type":"Feature","properties":{"r":"508","n":"Lake Shore","m":"tram","f":["reg"],"day":true,"h":null},"geometry":{"type":"MultiLineString","coordinates":[[[-79.4787,43.63097],[-79.47868,43.63083],[-79.47848,43.63075],[-79.4783,43.63091],[-79.47848,43.63129],[-79.47822,43.632],[-79.47662,43.6326],[-79.47527,43.63372],[-79.47292,43.63601],[-79.47168,43.63672],[-79.47053,43.63711],[-79.46616,43.63784],[-79.46075,43.63934],[-79.45805,43.63966],[-79.45259,43.6397],[-79.45131,43.63934],[-79.44757,43.63862],[-79.44622,43.63871],[-79.44256,43.63719],[-79.44134,43.63654],[-79.4399,43.63641],[-79.39364,43.64576],[-79.36441,43.65212],[-79.35841,43.65558],[-79.3584,43.65501],[-79.35865,43.65438],[-79.35862,43.65411],[-79.35776,43.65214],[-79.35732,43.65163],[-79.35686,43.6505],[-79.35668,43.65039],[-79.35647,43.65045],[-79.35646,43.65064],[-79.35681,43.65081]]]}},{"type":"Feature","properties":{"r":"509","n":"Harbourfront","m":"tram","f":["freq"],"day":true,"h":9},"geometry":{"type":"MultiLineString","coordinates":[[[-79.41801,43.63565],[-79.41289,43.63702],[-79.41224,43.63695],[-79.41161,43.63655],[-79.41058,43.63627],[-79.4069,43.6364],[-79.40373,43.6359],[-79.40143,43.63613],[-79.39972,43.63663],[-79.39949,43.63634],[-79.39834,43.63564],[-79.39724,43.63649],[-79.39491,43.63723],[-79.39281,43.63746],[-79.38675,43.63883],[-79.3804,43.6399],[-79.37684,43.64115],[-79.37746,43.64208],[-79.37897,43.64564],[-79.37912,43.6456]]]}},{"type":"Feature","properties":{"r":"510","n":"Spadina","m":"tram","f":["freq"],"day":true,"h":6},"geometry":{"type":"MultiLineString","coordinates":[[[-79.40313,43.66734],[-79.40386,43.66719],[-79.40395,43.66698],[-79.40312,43.66551],[-79.40103,43.66037],[-79.40149,43.66005],[-79.40162,43.65949],[-79.40116,43.65914],[-79.40047,43.65897],[-79.39189,43.63765],[-79.38675,43.63883],[-79.3804,43.6399],[-79.37684,43.64115],[-79.37746,43.64208],[-79.37897,43.64564],[-79.37912,43.6456]],[[-79.4002,43.65926],[-79.39996,43.65951],[-79.39995,43.65989],[-79.40012,43.6601],[-79.40064,43.66029]]]}},{"type":"Feature","properties":{"r":"511","n":"Bathurst","m":"tram","f":["freq"],"day":true,"h":6},"geometry":{"type":"MultiLineString","coordinates":[[[-79.41131,43.66651],[-79.41131,43.66676],[-79.41145,43.66687],[-79.41186,43.66679],[-79.39972,43.63663],[-79.40143,43.63613],[-79.40373,43.6359],[-79.4069,43.6364],[-79.41058,43.63627],[-79.41161,43.63655],[-79.41224,43.63695],[-79.41339,43.63724],[-79.41819,43.63591],[-79.41838,43.63576],[-79.41827,43.63564],[-79.41801,43.63565],[-79.41376,43.63685]]]}},{"type":"Feature","properties":{"r":"512","n":"St Clair","m":"tram","f":["freq"],"day":true,"h":4},"geometry":{"type":"MultiLineString","coordinates":[[[-79.47186,43.67182],[-79.47166,43.67166],[-79.45153,43.67609]],[[-79.45102,43.67581],[-79.45114,43.67618],[-79.42618,43.68163],[-79.41533,43.68375],[-79.41573,43.68425],[-79.41576,43.68465],[-79.41529,43.68473],[-79.41515,43.68465],[-79.41515,43.68379],[-79.39338,43.68824],[-79.39314,43.68818],[-79.39273,43.68776],[-79.39152,43.68802]],[[-79.45044,43.67592],[-79.44909,43.67266],[-79.44856,43.67241],[-79.44828,43.67135],[-79.44646,43.66672],[-79.45125,43.66575],[-79.44777,43.6573],[-79.44273,43.65834],[-79.44304,43.65922]],[[-79.44319,43.65959],[-79.44422,43.66215],[-79.44499,43.66295],[-79.44632,43.66635]],[[-79.39142,43.68841],[-79.39149,43.68865],[-79.39279,43.68839]]]}},{"type":"Feature","properties":{"r":"830","n":"Henry Kelsey - Middlefield","m":"bus","f":["reg"],"day":true,"h":null},"geometry":{"type":"MultiLineString","coordinates":[[[-79.26813,43.83485],[-79.26817,43.83503],[-79.26852,43.83508],[-79.26795,43.8327],[-79.2657,43.82801],[-79.26456,43.82643],[-79.2626,43.82189],[-79.26187,43.81956],[-79.2574,43.80926],[-79.25692,43.80856],[-79.25542,43.80698],[-79.2547,43.80536],[-79.25467,43.80479],[-79.25826,43.79994],[-79.25904,43.79944],[-79.2648,43.79819],[-79.26802,43.79783],[-79.27206,43.79864],[-79.27432,43.79818],[-79.27774,43.79813]]]}},{"type":"Feature","properties":{"r":"900","n":"Airport Express","m":"bus","f":["freq","exp"],"day":true,"h":4},"geometry":{"type":"MultiLineString","coordinates":[[[-79.61481,43.68619],[-79.61901,43.68751],[-79.62029,43.6878],[-79.62083,43.68784],[-79.6211,43.68765],[-79.6211,43.68739]],[[-79.62095,43.68702],[-79.62056,43.68652],[-79.61941,43.68593],[-79.61852,43.6857],[-79.61659,43.68578],[-79.61394,43.6849],[-79.60909,43.68512],[-79.60626,43.6849],[-79.60306,43.68552],[-79.60225,43.68546],[-79.60088,43.68506],[-79.5993,43.68417],[-79.59576,43.6826],[-79.59475,43.68193],[-79.59388,43.68106],[-79.59342,43.68034],[-79.59307,43.67934],[-79.5923,43.67481],[-79.59208,43.6742],[-79.59093,43.67247],[-79.59003,43.67161],[-79.58884,43.67079],[-79.58729,43.67014],[-79.58544,43.66994],[-79.58452,43.67003],[-79.58041,43.67096],[-79.57929,43.67106],[-79.57802,43.67099],[-79.57652,43.67051],[-79.57489,43.66931],[-79.57402,43.66833],[-79.5734,43.66721],[-79.5714,43.66244],[-79.56963,43.6577],[-79.5667,43.65194],[-79.56465,43.64735],[-79.56368,43.64559],[-79.56149,43.64024],[-79.56089,43.63832],[-79.56046,43.63604],[-79.5604,43.63509],[-79.55983,43.63297],[-79.55838,43.63014],[-79.5585,43.62953],[-79.55924,43.62865],[-79.55921,43.62832],[-79.55903,43.62808],[-79.55742,43.62836],[-79.55167,43.62994],[-79.54691,43.63101],[-79.54328,43.63295],[-79.54073,43.63535],[-79.538,43.63852],[-79.53738,43.63813],[-79.53651,43.63708],[-79.53626,43.63716],[-79.53464,43.63851]],[[-79.61526,43.68492],[-79.61527,43.68428],[-79.61514,43.68404],[-79.61237,43.68199],[-79.61166,43.68184],[-79.61064,43.68203]],[[-79.60892,43.68551],[-79.61112,43.68578],[-79.61362,43.68645],[-79.61427,43.6863],[-79.61472,43.68558]],[[-79.61135,43.68543],[-79.6129,43.68559],[-79.61402,43.68594]],[[-79.6103,43.68224],[-79.60981,43.68281],[-79.60954,43.68405],[-79.60957,43.68469]],[[-79.60749,43.68459],[-79.60777,43.68373],[-79.60527,43.68376],[-79.60496,43.68347],[-79.60239,43.68476],[-79.60214,43.68501]],[[-79.60359,43.68586],[-79.60703,43.68542],[-79.60689,43.68591],[-79.59942,43.68656],[-79.59914,43.68557],[-79.59856,43.6848],[-79.59555,43.68294]],[[-79.57318,43.66765],[-79.57443,43.6703],[-79.57501,43.67101],[-79.57565,43.67151],[-79.57728,43.67221],[-79.57824,43.67237],[-79.57976,43.67238],[-79.5851,43.67165],[-79.58663,43.67155],[-79.5885,43.6718],[-79.58991,43.67246],[-79.591,43.67343],[-79.59174,43.67471],[-79.59205,43.67574],[-79.59265,43.67942],[-79.59299,43.68033]],[[-79.55528,43.62936],[-79.5561,43.62954],[-79.55634,43.62974],[-79.55746,43.63182],[-79.55773,43.63318],[-79.55828,43.63469],[-79.55888,43.63598],[-79.5592,43.63635],[-79.56093,43.64089],[-79.56493,43.65039],[-79.56894,43.65789],[-79.57052,43.66122]]]}},{"type":"Feature","properties":{"r":"902","n":"Markham Rd Express","m":"bus","f":["exp"],"day":true,"h":15},"geometry":{"type":"MultiLineString","coordinates":[[[-79.24197,43.83505],[-79.24356,43.83839],[-79.25119,43.83661],[-79.25093,43.83179],[-79.25072,43.83055],[-79.24296,43.81267],[-79.24282,43.81182],[-79.24291,43.81088],[-79.24384,43.8082],[-79.24398,43.80731],[-79.24392,43.80661],[-79.24192,43.80192],[-79.24075,43.79776],[-79.23948,43.79479],[-79.23875,43.79387],[-79.23706,43.78955],[-79.23418,43.79019],[-79.23347,43.78862],[-79.232,43.78443],[-79.2291,43.78549],[-79.22968,43.7864],[-79.2315,43.78571],[-79.2316,43.78538],[-79.23115,43.78475],[-79.23092,43.78409],[-79.23185,43.7839],[-79.23178,43.78352],[-79.23204,43.78296],[-79.23319,43.78207],[-79.23389,43.78175],[-79.22548,43.76032],[-79.2234,43.75378],[-79.21703,43.73878],[-79.22617,43.73054],[-79.23602,43.72203],[-79.2513,43.71876],[-79.26471,43.71578],[-79.27112,43.71416],[-79.27441,43.71354],[-79.281,43.71205],[-79.28036,43.71045],[-79.28012,43.71054],[-79.28009,43.7107],[-79.28048,43.71077],[-79.281,43.71205],[-79.27828,43.71268]],[[-79.24831,43.83687],[-79.24574,43.83164],[-79.24102,43.83266],[-79.24182,43.83468]]]}},{"type":"Feature","properties":{"r":"903","n":"Kennedy Stn-Scarborough Express","m":"bus","f":["exp"],"day":true,"h":10},"geometry":{"type":"MultiLineString","coordinates":[[[-79.26436,43.73235],[-79.26455,43.73277],[-79.26358,43.73299]],[[-79.22912,43.78551],[-79.22981,43.78648],[-79.2315,43.78571],[-79.2316,43.78538],[-79.23115,43.78475],[-79.23092,43.78409],[-79.23185,43.7839],[-79.23178,43.78352],[-79.23204,43.78296],[-79.23319,43.78207],[-79.23389,43.78175],[-79.23902,43.7807],[-79.2415,43.78063],[-79.24384,43.78015],[-79.24425,43.78075],[-79.24514,43.78093],[-79.25124,43.77969],[-79.25107,43.77928],[-79.25108,43.77848],[-79.25061,43.77728],[-79.25026,43.77528],[-79.25032,43.77509],[-79.25224,43.77457],[-79.25259,43.77544],[-79.25519,43.77495],[-79.25613,43.77492],[-79.25625,43.77467],[-79.2587,43.7741],[-79.25896,43.77431],[-79.26113,43.77361],[-79.26243,43.77334],[-79.26156,43.77111],[-79.26133,43.77007],[-79.27901,43.76624],[-79.27904,43.76659],[-79.27873,43.76677],[-79.27815,43.76674],[-79.2773,43.76696],[-79.27702,43.76683],[-79.27695,43.76646],[-79.27616,43.76645],[-79.27045,43.75164],[-79.27001,43.74958],[-79.26326,43.73368],[-79.26339,43.73347],[-79.26295,43.73239],[-79.26419,43.73199],[-79.26413,43.73181],[-79.2643,43.73148],[-79.26277,43.7313],[-79.26261,43.73139],[-79.26298,43.73208],[-79.26373,43.73188],[-79.26379,43.7315]],[[-79.25274,43.77582],[-79.25422,43.77959],[-79.25356,43.77986],[-79.2527,43.78052],[-79.2521,43.78061],[-79.25173,43.78049],[-79.2514,43.78006]],[[-79.23078,43.78489],[-79.22951,43.78536]]]}},{"type":"Feature","properties":{"r":"904","n":"Sheppard-Kennedy Express","m":"bus","f":["exp"],"day":true,"h":12},"geometry":{"type":"MultiLineString","coordinates":[[[-79.34527,43.77579],[-79.34658,43.77552],[-79.34684,43.77563],[-79.34699,43.77603],[-79.3468,43.77622],[-79.34591,43.77605],[-79.34397,43.77637],[-79.34372,43.77583],[-79.34189,43.77619],[-79.34103,43.77621],[-79.32772,43.7747],[-79.32531,43.77476],[-79.29346,43.78212],[-79.27857,43.78535],[-79.27819,43.78449],[-79.27697,43.78266],[-79.27299,43.77296],[-79.26764,43.77411],[-79.26585,43.77471],[-79.26318,43.77528],[-79.26243,43.77334],[-79.26113,43.77361],[-79.25834,43.77451],[-79.25613,43.77492],[-79.25625,43.77467],[-79.2587,43.7741],[-79.25896,43.77431],[-79.26113,43.77361],[-79.26243,43.77334],[-79.26156,43.77111],[-79.26133,43.77007],[-79.27901,43.76624],[-79.27907,43.7665],[-79.27879,43.76676],[-79.27809,43.76675],[-79.2773,43.76696],[-79.27704,43.76686],[-79.27693,43.76652],[-79.27616,43.76645],[-79.27045,43.75164],[-79.27001,43.74958],[-79.26326,43.73368],[-79.2634,43.73348],[-79.26295,43.73239],[-79.26419,43.73199],[-79.26413,43.73181],[-79.2643,43.73148],[-79.26277,43.7313],[-79.26261,43.73139],[-79.26298,43.73208],[-79.26373,43.73188],[-79.26379,43.7315]],[[-79.26436,43.73235],[-79.26455,43.73277],[-79.26359,43.73299]]]}},{"type":"Feature","properties":{"r":"905","n":"Eglinton East Express","m":"bus","f":["exp"],"day":true,"h":8},"geometry":{"type":"MultiLineString","coordinates":[[[-79.26308,43.73249],[-79.26423,43.73219],[-79.26454,43.73276],[-79.26571,43.73238],[-79.26605,43.73267],[-79.25916,43.7343],[-79.21376,43.74433],[-79.21165,43.74371],[-79.21028,43.74501],[-79.20594,43.74965],[-79.20198,43.75417],[-79.18685,43.7706],[-79.18911,43.77578],[-79.18985,43.77709],[-79.19333,43.78534],[-79.1883,43.78657],[-79.1849,43.78495],[-79.18559,43.78431]],[[-79.18882,43.78686],[-79.19101,43.78806],[-79.19434,43.78927],[-79.19368,43.78769],[-79.19351,43.7857]]]}},{"type":"Feature","properties":{"r":"906","n":"Airport-Humber College Express","m":"bus","f":["exp"],"day":true,"h":15},"geometry":{"type":"MultiLineString","coordinates":[[[-79.62131,43.72455],[-79.62109,43.72461],[-79.62213,43.7259],[-79.62218,43.72673],[-79.62181,43.72745],[-79.62061,43.72837],[-79.61986,43.7292],[-79.61964,43.73017],[-79.61999,43.73248],[-79.61987,43.7328],[-79.6195,43.73319],[-79.61896,43.73344],[-79.61822,43.73355],[-79.61808,43.733],[-79.61763,43.73253],[-79.617,43.73206],[-79.61621,43.73185],[-79.61354,43.73221],[-79.611,43.73153],[-79.6102,43.73168],[-79.60915,43.73219],[-79.60794,43.73121],[-79.60492,43.73011],[-79.60566,43.72901],[-79.60464,43.72862],[-79.60436,43.72866],[-79.60435,43.72876],[-79.60551,43.72923],[-79.60492,43.73011],[-79.60362,43.72998],[-79.60159,43.73045],[-79.59583,43.71732],[-79.58504,43.6949],[-79.58275,43.69003],[-79.58262,43.68943],[-79.58277,43.68922],[-79.58598,43.68813],[-79.59165,43.68693],[-79.59945,43.68656],[-79.60689,43.68591],[-79.60699,43.68679],[-79.60673,43.68769],[-79.60926,43.68821],[-79.61106,43.68918],[-79.61381,43.68992],[-79.61498,43.68916],[-79.61528,43.68916],[-79.61552,43.68954]],[[-79.61592,43.68948],[-79.61614,43.68936],[-79.6167,43.68952],[-79.61691,43.68972],[-79.61713,43.69028],[-79.61696,43.69071],[-79.61814,43.69103],[-79.61912,43.6916],[-79.62035,43.69046],[-79.62123,43.68918],[-79.61131,43.68615],[-79.60874,43.68582],[-79.60729,43.68589]],[[-79.58214,43.68903],[-79.5814,43.68912],[-79.58067,43.68891],[-79.58054,43.68864],[-79.58059,43.68804],[-79.58076,43.68791],[-79.58132,43.68788],[-79.58159,43.6881],[-79.58214,43.68903]]]}},{"type":"Feature","properties":{"r":"924","n":"Victoria Park Express","m":"bus","f":["exp"],"day":true,"h":50},"geometry":{"type":"MultiLineString","coordinates":[[[-79.34151,43.81662],[-79.34154,43.81679],[-79.34182,43.81679],[-79.33512,43.80137],[-79.33141,43.79311],[-79.3201,43.76906],[-79.31562,43.75877],[-79.30935,43.74092],[-79.29599,43.70878],[-79.29222,43.70011],[-79.29077,43.69723],[-79.28902,43.69287],[-79.28805,43.69307],[-79.28878,43.69439],[-79.2896,43.6943]]]}},{"type":"Feature","properties":{"r":"925","n":"Don Mills Express","m":"bus","f":["exp"],"day":true,"h":12},"geometry":{"type":"MultiLineString","coordinates":[[[-79.3593,43.80921],[-79.35999,43.80983],[-79.36043,43.81046],[-79.36073,43.81117],[-79.35755,43.81188],[-79.35669,43.80989],[-79.35747,43.8097]],[[-79.35786,43.80961],[-79.359,43.80894],[-79.35492,43.8052],[-79.35362,43.80339],[-79.35333,43.80242],[-79.35343,43.80155],[-79.35517,43.79658],[-79.35528,43.79559],[-79.35512,43.79422],[-79.35412,43.79015],[-79.35302,43.78734],[-79.35303,43.78648],[-79.3535,43.78539],[-79.35343,43.78484],[-79.35244,43.78309],[-79.3519,43.78119],[-79.35113,43.78052],[-79.34967,43.77999],[-79.34912,43.7796],[-79.34873,43.77908],[-79.34763,43.77651],[-79.34701,43.77658],[-79.3468,43.77622],[-79.34626,43.77598],[-79.34518,43.77606],[-79.34504,43.77592],[-79.3467,43.77554],[-79.34697,43.77592],[-79.34696,43.77612],[-79.3468,43.77622],[-79.34692,43.77653],[-79.34763,43.77651],[-79.34645,43.77349],[-79.3463,43.77227],[-79.34722,43.76227],[-79.34698,43.75368],[-79.3473,43.75182],[-79.34724,43.75102],[-79.34669,43.74959],[-79.34444,43.74084],[-79.33862,43.71947],[-79.33438,43.70999],[-79.33508,43.70982],[-79.3363,43.70929],[-79.34814,43.70635],[-79.34912,43.70571],[-79.35165,43.70327],[-79.35276,43.70202],[-79.35283,43.70191],[-79.35205,43.7015],[-79.35147,43.70096],[-79.34925,43.6972],[-79.34926,43.69705],[-79.34944,43.69676],[-79.35104,43.69537],[-79.35028,43.69324],[-79.35585,43.69208],[-79.35488,43.68955],[-79.35658,43.68521],[-79.35752,43.68194],[-79.35865,43.67752],[-79.35796,43.67743],[-79.35782,43.67731],[-79.35787,43.67706],[-79.35828,43.67681]],[[-79.34882,43.77986],[-79.34827,43.78131],[-79.34843,43.78199],[-79.35,43.78376],[-79.35094,43.78575],[-79.35262,43.78691]]]}},{"type":"Feature","properties":{"r":"927","n":"Highway 27 Express","m":"bus","f":["freq","exp"],"day":true,"h":7},"geometry":{"type":"MultiLineString","coordinates":[[[-79.62503,43.75302],[-79.61424,43.75543],[-79.60951,43.748],[-79.60871,43.74647],[-79.60624,43.74707],[-79.60767,43.75038],[-79.59969,43.7522]],[[-79.6197,43.7538],[-79.61953,43.75304],[-79.61965,43.7526],[-79.61997,43.7522],[-79.62267,43.75085],[-79.62386,43.75046],[-79.62486,43.75265]],[[-79.60831,43.75675],[-79.61382,43.75552]],[[-79.60798,43.75652],[-79.60774,43.75688],[-79.60337,43.75785],[-79.60076,43.75506],[-79.60004,43.75402],[-79.59169,43.73677],[-79.60471,43.73378],[-79.6063,43.73365],[-79.6099,43.73409],[-79.60997,43.73321],[-79.6097,43.73273],[-79.60808,43.73127],[-79.60491,43.7301],[-79.60573,43.72893],[-79.60435,43.72842],[-79.60413,43.72873],[-79.6055,43.72926],[-79.60491,43.7301],[-79.60361,43.72997],[-79.60158,43.73044],[-79.59582,43.71731],[-79.58182,43.68813],[-79.57894,43.67977],[-79.57813,43.67777],[-79.57739,43.67673],[-79.57453,43.6741],[-79.57361,43.67291],[-79.57337,43.67223],[-79.57329,43.67139],[-79.57388,43.66789],[-79.57372,43.66689],[-79.57188,43.6629],[-79.56998,43.65803],[-79.56663,43.6518],[-79.56474,43.64754],[-79.56368,43.64559],[-79.56149,43.64024],[-79.56089,43.63832],[-79.56046,43.63604],[-79.5604,43.63509],[-79.55983,43.63297],[-79.55838,43.63014],[-79.5585,43.62953],[-79.55924,43.62865],[-79.55916,43.62821],[-79.55889,43.62804],[-79.55805,43.62821],[-79.55167,43.62994],[-79.54691,43.63101],[-79.54328,43.63295],[-79.54073,43.63535],[-79.538,43.63852],[-79.53738,43.63813],[-79.53651,43.63708],[-79.53626,43.63716],[-79.53464,43.63851]],[[-79.58749,43.69915],[-79.59318,43.69783],[-79.59283,43.69717],[-79.59235,43.69664],[-79.59197,43.69644],[-79.59024,43.69615],[-79.58975,43.69586],[-79.58762,43.69144],[-79.5842,43.69221]],[[-79.58263,43.68891],[-79.58681,43.68794],[-79.58736,43.68917],[-79.58715,43.69003],[-79.58722,43.69057],[-79.58746,43.69107]],[[-79.58252,43.69053],[-79.5823,43.6908],[-79.58175,43.69087],[-79.58054,43.69018],[-79.58035,43.68993],[-79.58058,43.68954],[-79.58185,43.68912]],[[-79.55525,43.62933],[-79.55589,43.62943],[-79.55633,43.62974],[-79.55822,43.63324],[-79.55867,43.63445],[-79.55899,43.63579],[-79.56092,43.64089],[-79.56484,43.6502],[-79.56768,43.65549],[-79.57285,43.66742],[-79.57316,43.66827],[-79.57325,43.66908]]]}},{"type":"Feature","properties":{"r":"929","n":"Dufferin Express","m":"bus","f":["freq","exp"],"day":true,"h":8},"geometry":{"type":"MultiLineString","coordinates":[[[-79.45091,43.73425],[-79.45117,43.73501],[-79.45089,43.73506],[-79.45063,43.73421],[-79.4518,43.73402],[-79.45176,43.73362],[-79.45892,43.73209],[-79.45708,43.72475],[-79.45078,43.69633],[-79.45067,43.69603],[-79.45028,43.69569],[-79.44276,43.67713],[-79.43537,43.65988],[-79.4258,43.63489],[-79.42692,43.63464],[-79.42683,43.63439],[-79.42664,43.63428],[-79.42564,43.63448]]]}},{"type":"Feature","properties":{"r":"935","n":"Jane Express","m":"bus","f":["exp"],"day":true,"h":11},"geometry":{"type":"MultiLineString","coordinates":[[[-79.51093,43.77734],[-79.51069,43.77674],[-79.51004,43.77691]],[[-79.50972,43.77715],[-79.50844,43.77681],[-79.50899,43.77819],[-79.51701,43.77636],[-79.52174,43.77547],[-79.52164,43.77408],[-79.51773,43.75723],[-79.51322,43.73939],[-79.51224,43.73593],[-79.50775,43.71738],[-79.50238,43.69759],[-79.50038,43.68928],[-79.49756,43.68058],[-79.49177,43.66718],[-79.48468,43.64982],[-79.48318,43.65019]],[[-79.48303,43.64982],[-79.48297,43.64969],[-79.48448,43.64933],[-79.48453,43.64945]]]}},{"type":"Feature","properties":{"r":"937","n":"Islington Express","m":"bus","f":["exp"],"day":true,"h":null},"geometry":{"type":"MultiLineString","coordinates":[[[-79.57649,43.76433],[-79.57655,43.76419],[-79.57634,43.76399],[-79.57486,43.76434],[-79.56935,43.75657],[-79.56903,43.75571],[-79.56802,43.75059],[-79.56799,43.7499],[-79.56839,43.74837],[-79.56861,43.74624],[-79.56856,43.74516],[-79.56802,43.74309],[-79.56074,43.72702],[-79.55337,43.71139],[-79.55247,43.70973],[-79.54698,43.69772],[-79.53126,43.66262],[-79.52381,43.6455],[-79.52096,43.64616],[-79.5196,43.64618],[-79.51923,43.64599],[-79.51898,43.64567],[-79.52453,43.6444],[-79.52463,43.64447],[-79.52382,43.64465],[-79.52384,43.64485],[-79.52475,43.64474]]]}},{"type":"Feature","properties":{"r":"938","n":"Highland Creek Express","m":"bus","f":["exp"],"day":true,"h":null},"geometry":{"type":"MultiLineString","coordinates":[[[-79.26343,43.7314],[-79.26277,43.7313],[-79.26261,43.73139],[-79.26282,43.73179]],[[-79.2631,43.73208],[-79.26373,43.73188],[-79.26383,43.73144],[-79.2643,43.73148],[-79.26413,43.73185],[-79.26455,43.73277],[-79.26325,43.73307],[-79.26319,43.73317],[-79.2634,43.73348],[-79.26326,43.73368],[-79.27001,43.74958],[-79.27045,43.75164],[-79.27616,43.76645],[-79.27642,43.76653],[-79.27667,43.76696],[-79.27708,43.76689],[-79.27693,43.76652],[-79.27706,43.76636],[-79.27912,43.76589],[-79.27937,43.76616],[-79.26133,43.77007],[-79.26156,43.77111],[-79.26243,43.77334],[-79.26113,43.77361],[-79.25834,43.77451],[-79.25659,43.77489],[-79.25519,43.77495],[-79.25259,43.77544],[-79.25168,43.77313],[-79.2515,43.77214],[-79.22335,43.77829],[-79.18831,43.78658],[-79.1849,43.78495],[-79.18557,43.78435],[-79.18552,43.78418],[-79.18527,43.78419],[-79.18486,43.78475]]]}},{"type":"Feature","properties":{"r":"939","n":"Finch Express","m":"bus","f":["freq","exp"],"day":true,"h":6},"geometry":{"type":"MultiLineString","coordinates":[[[-79.49072,43.76476],[-79.49092,43.76458],[-79.49083,43.76442],[-79.49057,43.76456],[-79.49072,43.76476],[-79.49098,43.7659],[-79.48938,43.76635],[-79.48963,43.76698],[-79.4797,43.76953],[-79.47215,43.77122],[-79.47148,43.76783],[-79.46071,43.77025],[-79.4453,43.77351],[-79.44103,43.7741],[-79.41454,43.77998],[-79.41497,43.78062],[-79.41531,43.78173],[-79.41501,43.78167],[-79.41445,43.78035],[-79.41459,43.78016],[-79.41454,43.77998],[-79.36951,43.78998],[-79.36625,43.79013],[-79.35283,43.79302],[-79.34365,43.79514],[-79.34153,43.79517],[-79.33968,43.79478],[-79.33802,43.79409],[-79.33596,43.79303],[-79.335,43.79275],[-79.33359,43.79271],[-79.33196,43.79295],[-79.30803,43.79848],[-79.28628,43.80374],[-79.26649,43.80802],[-79.25883,43.78961],[-79.25839,43.78877],[-79.25727,43.78738],[-79.25562,43.78321],[-79.25487,43.78097],[-79.25421,43.7796],[-79.25257,43.77543],[-79.25519,43.77495],[-79.25613,43.77492],[-79.25625,43.77467],[-79.2587,43.7741],[-79.25896,43.77431],[-79.26113,43.77361],[-79.26243,43.77334],[-79.26156,43.77111],[-79.26133,43.77007],[-79.27901,43.76624],[-79.27908,43.76646],[-79.27882,43.76675],[-79.27809,43.76675],[-79.2773,43.76696],[-79.27703,43.76684],[-79.27694,43.76651],[-79.27616,43.76645],[-79.27045,43.75164],[-79.27001,43.74958],[-79.26326,43.73368],[-79.26329,43.73333],[-79.26295,43.73239],[-79.26419,43.73199],[-79.26413,43.73181],[-79.2643,43.73148],[-79.26277,43.7313],[-79.26261,43.73139],[-79.26298,43.73208],[-79.26373,43.73188],[-79.26379,43.7315]],[[-79.46702,43.76924],[-79.46768,43.77191],[-79.47176,43.77128]],[[-79.26609,43.8081],[-79.22759,43.81626],[-79.22128,43.81765],[-79.22118,43.81779],[-79.22088,43.81873],[-79.22118,43.82031],[-79.22036,43.82136],[-79.22219,43.82291],[-79.22266,43.82354],[-79.22312,43.82465],[-79.22381,43.82572],[-79.22569,43.82497],[-79.22855,43.82431],[-79.23013,43.82303],[-79.2308,43.82346]],[[-79.26436,43.73235],[-79.26455,43.73277],[-79.26358,43.73299]],[[-79.23111,43.82371],[-79.23183,43.82468],[-79.23233,43.82581],[-79.23263,43.82616],[-79.23329,43.82664],[-79.23469,43.82724],[-79.23354,43.82858],[-79.23382,43.82921],[-79.23052,43.82994],[-79.23012,43.82984],[-79.22925,43.82934],[-79.22855,43.82926],[-79.22774,43.82938],[-79.22367,43.83049],[-79.22214,43.82705],[-79.22077,43.82624],[-79.21978,43.82423],[-79.21864,43.82326],[-79.22009,43.82165]]]}},{"type":"Feature","properties":{"r":"941","n":"Keele Express","m":"bus","f":["exp"],"day":true,"h":null},"geometry":{"type":"MultiLineString","coordinates":[[[-79.49072,43.76476],[-79.49092,43.76458],[-79.49083,43.76442],[-79.49057,43.76456],[-79.49072,43.76476],[-79.49098,43.7659],[-79.49166,43.76572],[-79.48876,43.75451],[-79.48217,43.72727],[-79.48171,43.72521],[-79.48143,43.72324],[-79.48072,43.72051],[-79.47444,43.69275],[-79.47425,43.69179],[-79.47541,43.69086],[-79.4716,43.68214],[-79.47675,43.68161],[-79.47407,43.6789],[-79.47071,43.67627],[-79.47016,43.67564],[-79.46928,43.67404],[-79.46788,43.67307],[-79.46149,43.65831],[-79.4604,43.65555],[-79.45939,43.65576],[-79.45932,43.65543]],[[-79.46724,43.67261],[-79.46305,43.67354],[-79.46406,43.67708],[-79.46546,43.67958],[-79.46767,43.68189],[-79.46915,43.68232],[-79.4712,43.68217]]]}},{"type":"Feature","properties":{"r":"944","n":"Kipling South Express","m":"bus","f":["freq","exp"],"day":true,"h":8},"geometry":{"type":"MultiLineString","coordinates":[[[-79.53632,43.63712],[-79.53446,43.63868],[-79.5349,43.63944],[-79.5352,43.63969],[-79.53499,43.63988],[-79.5347,43.63976],[-79.53426,43.63908],[-79.5334,43.63678],[-79.53273,43.63552],[-79.52884,43.6263],[-79.52827,43.62445],[-79.52611,43.61955],[-79.52555,43.61727],[-79.52395,43.61489],[-79.51552,43.59488],[-79.51556,43.59451],[-79.5169,43.5942],[-79.51692,43.59398]]]}},{"type":"Feature","properties":{"r":"945","n":"Kipling Express","m":"bus","f":["exp"],"day":true,"h":null},"geometry":{"type":"MultiLineString","coordinates":[[[-79.58995,43.76075],[-79.59009,43.76083],[-79.59041,43.76074],[-79.58834,43.75623],[-79.58039,43.73972],[-79.56852,43.71556],[-79.56143,43.70063],[-79.5606,43.69851],[-79.5567,43.69011],[-79.54665,43.66765],[-79.53535,43.64179],[-79.53461,43.63997],[-79.5352,43.63969],[-79.53454,43.63891],[-79.53637,43.63735],[-79.53661,43.6373],[-79.53663,43.63713],[-79.53626,43.63716],[-79.53464,43.63851]]]}},{"type":"Feature","properties":{"r":"952","n":"Lawrence West Express","m":"bus","f":["exp"],"day":true,"h":null},"geometry":{"type":"MultiLineString","coordinates":[[[-79.61,43.68544],[-79.6103,43.68554],[-79.61159,43.6854],[-79.61317,43.68565],[-79.61901,43.68751],[-79.62068,43.68785],[-79.62099,43.68775],[-79.6211,43.68739]],[[-79.62095,43.68702],[-79.62056,43.68652],[-79.61941,43.68593],[-79.61852,43.6857],[-79.61659,43.68578],[-79.61396,43.6849],[-79.60912,43.6851],[-79.60592,43.68479],[-79.60558,43.68455],[-79.60529,43.6839],[-79.60527,43.68376],[-79.60574,43.6837],[-79.60777,43.68373],[-79.60761,43.68439],[-79.60698,43.68552],[-79.60689,43.68591],[-79.59945,43.68656],[-79.59357,43.68679],[-79.59116,43.68702],[-79.58488,43.68838],[-79.57515,43.69071],[-79.564,43.69303],[-79.54516,43.69743],[-79.52766,43.7012],[-79.5271,43.70121],[-79.52649,43.70098],[-79.52329,43.69817],[-79.51989,43.69928],[-79.5162,43.70016],[-79.50499,43.70277],[-79.502,43.70319],[-79.48244,43.70754],[-79.47893,43.70834],[-79.47636,43.70933],[-79.45682,43.71367],[-79.45475,43.71409],[-79.45243,43.71433],[-79.40357,43.72484],[-79.40327,43.7249],[-79.40317,43.72463],[-79.40297,43.72453],[-79.40245,43.72461],[-79.40225,43.7248],[-79.40246,43.72566]],[[-79.61526,43.68491],[-79.61535,43.68464],[-79.61519,43.6841],[-79.61253,43.68207],[-79.61205,43.68191]],[[-79.61131,43.68583],[-79.61362,43.68645],[-79.61412,43.68637]],[[-79.61166,43.68184],[-79.61064,43.68203],[-79.61025,43.68227],[-79.6098,43.68279],[-79.60954,43.68405],[-79.60957,43.68467]],[[-79.60511,43.68566],[-79.60659,43.68545]],[[-79.60497,43.6835],[-79.60239,43.68476],[-79.60202,43.68513],[-79.60214,43.68553],[-79.60278,43.68587]],[[-79.44337,43.71586],[-79.44344,43.71566],[-79.44468,43.71545],[-79.44475,43.71556]],[[-79.40258,43.72604],[-79.40338,43.72595],[-79.40348,43.7258],[-79.40329,43.7253]]]}},{"type":"Feature","properties":{"r":"953","n":"Steeles East Express","m":"bus","f":["exp"],"day":true,"h":50},"geometry":{"type":"MultiLineString","coordinates":[[[-79.41501,43.78167],[-79.41445,43.78035],[-79.41459,43.78016],[-79.41475,43.78018],[-79.41509,43.78091],[-79.41564,43.78082],[-79.41604,43.78251],[-79.41624,43.78261],[-79.41724,43.78664],[-79.41714,43.78677],[-79.41725,43.78743],[-79.41744,43.78748],[-79.4188,43.79296],[-79.41889,43.79416],[-79.41912,43.79429],[-79.42007,43.79799],[-79.35755,43.81188],[-79.24848,43.83723],[-79.24573,43.83163],[-79.24102,43.83266],[-79.24197,43.83505],[-79.24356,43.83839],[-79.23193,43.84114],[-79.23229,43.83892],[-79.23145,43.83639],[-79.23094,43.83537],[-79.2305,43.835],[-79.22801,43.83454],[-79.22704,43.83402],[-79.22563,43.83412],[-79.22479,43.83299],[-79.22211,43.82704],[-79.22078,43.82625],[-79.21979,43.82424],[-79.21864,43.82326],[-79.22102,43.8206],[-79.22107,43.8197],[-79.22168,43.81964]],[[-79.39606,43.80288],[-79.39399,43.79414],[-79.39238,43.78623],[-79.39214,43.78558],[-79.39212,43.78501],[-79.39338,43.78463],[-79.41408,43.7801]],[[-79.3974,43.80341],[-79.39759,43.80404],[-79.39751,43.80419],[-79.3972,43.80425],[-79.39662,43.80358]],[[-79.24395,43.8383],[-79.24808,43.83732]],[[-79.24395,43.8383],[-79.24808,43.83732]],[[-79.22208,43.81965],[-79.22277,43.81961],[-79.22379,43.81983],[-79.22679,43.82108],[-79.23007,43.82299],[-79.2309,43.82359],[-79.23154,43.82427],[-79.2325,43.82618],[-79.23326,43.82669],[-79.23465,43.82731],[-79.23356,43.8286],[-79.23383,43.82923],[-79.23053,43.82996],[-79.22994,43.82983],[-79.22927,43.82935],[-79.22857,43.82928],[-79.22776,43.82939],[-79.22405,43.83038]]]}},{"type":"Feature","properties":{"r":"954","n":"Lawrence East Express","m":"bus","f":["exp"],"day":true,"h":null},"geometry":{"type":"MultiLineString","coordinates":[[[-79.33697,43.72167],[-79.3378,43.72151],[-79.33786,43.7214],[-79.33765,43.72124],[-79.33649,43.72168],[-79.3366,43.72203],[-79.33636,43.72266],[-79.33649,43.72348],[-79.33961,43.72302],[-79.34345,43.73717],[-79.33228,43.73946],[-79.32567,43.74066],[-79.31144,43.7418],[-79.28484,43.74752],[-79.27252,43.75],[-79.27233,43.74968],[-79.27093,43.75004],[-79.2705,43.74986],[-79.27039,43.74996],[-79.27045,43.75042],[-79.27051,43.7506],[-79.2707,43.75068],[-79.27112,43.75057],[-79.2709,43.75016],[-79.27104,43.74997],[-79.27233,43.74968],[-79.27252,43.75],[-79.24676,43.75526],[-79.21105,43.76287],[-79.13667,43.7796],[-79.13086,43.78085],[-79.13005,43.78074],[-79.12993,43.7809],[-79.13012,43.78104],[-79.12972,43.78125],[-79.12272,43.78887],[-79.12304,43.78892],[-79.12307,43.78863]]]}},{"type":"Feature","properties":{"r":"960","n":"Steeles West Express","m":"bus","f":["freq","exp"],"day":true,"h":8},"geometry":{"type":"MultiLineString","coordinates":[[[-79.62513,43.753],[-79.59607,43.7595],[-79.59495,43.75959],[-79.59147,43.75933],[-79.58819,43.75995],[-79.58486,43.76013],[-79.58335,43.76041],[-79.5814,43.76127],[-79.57857,43.76328],[-79.577,43.76386],[-79.56478,43.76655],[-79.52345,43.77499],[-79.52057,43.77575],[-79.51701,43.77636],[-79.50896,43.7782],[-79.50823,43.77653],[-79.50826,43.77639],[-79.50853,43.77633],[-79.5087,43.77653],[-79.51001,43.77698],[-79.50996,43.77714],[-79.50979,43.77717],[-79.50836,43.77683],[-79.50896,43.7782],[-79.47009,43.78728],[-79.45303,43.79081],[-79.42008,43.798],[-79.416,43.78164],[-79.41525,43.78184],[-79.41501,43.78167],[-79.41446,43.78021],[-79.41475,43.78018],[-79.41508,43.78087]],[[-79.6197,43.7538],[-79.61953,43.75304],[-79.61965,43.7526],[-79.61997,43.7522],[-79.62262,43.75081],[-79.62391,43.75044],[-79.62495,43.75263]]]}},{"type":"Feature","properties":{"r":"968","n":"Warden Express","m":"bus","f":["exp"],"day":true,"h":null},"geometry":{"type":"MultiLineString","coordinates":[[[-79.32508,43.82129],[-79.32516,43.82109],[-79.32476,43.82082],[-79.32429,43.81861],[-79.3243,43.81779],[-79.32471,43.81512],[-79.32437,43.81372],[-79.3184,43.80078],[-79.31791,43.80009],[-79.31686,43.79901],[-79.31618,43.7977],[-79.3091,43.78115],[-79.30726,43.7775],[-79.30501,43.77226],[-79.30404,43.77031],[-79.30342,43.76848],[-79.30105,43.76293],[-79.30044,43.75957],[-79.29919,43.75632],[-79.28728,43.72694],[-79.28036,43.71045],[-79.28016,43.7105],[-79.28009,43.7107],[-79.28048,43.71077],[-79.28073,43.7114]]]}},{"type":"Feature","properties":{"r":"984","n":"Sheppard West Express","m":"bus","f":["exp"],"day":true,"h":30},"geometry":{"type":"MultiLineString","coordinates":[[[-79.53945,43.73899],[-79.53533,43.73994],[-79.53494,43.7373],[-79.53396,43.73467],[-79.51297,43.73945],[-79.51038,43.73953],[-79.4846,43.74516],[-79.48391,43.74549],[-79.48329,43.74598],[-79.48281,43.74682],[-79.48272,43.74771],[-79.48292,43.75221],[-79.4828,43.75272],[-79.48246,43.75323],[-79.48193,43.75369],[-79.4811,43.75412],[-79.47518,43.75547],[-79.4743,43.75553],[-79.47309,43.75541],[-79.4699,43.75418],[-79.46854,43.7532],[-79.46572,43.75051],[-79.46525,43.75029],[-79.4643,43.75011],[-79.46235,43.75047],[-79.4618,43.74865],[-79.46119,43.74838],[-79.46081,43.74841],[-79.46024,43.74853],[-79.45992,43.74876],[-79.46076,43.75081],[-79.44053,43.75512],[-79.43699,43.75569],[-79.41177,43.76133],[-79.41185,43.76152],[-79.41239,43.76145]],[[-79.53436,43.7346],[-79.53823,43.73375],[-79.53936,43.7386]],[[-79.46219,43.74855],[-79.46268,43.74971],[-79.46257,43.74982]]]}},{"type":"Feature","properties":{"r":"985","n":"Sheppard East Express","m":"bus","f":["exp"],"day":true,"h":60},"geometry":{"type":"MultiLineString","coordinates":[[[-79.34527,43.77579],[-79.34658,43.77552],[-79.34684,43.77563],[-79.34699,43.77603],[-79.34673,43.77623],[-79.34591,43.77605],[-79.34407,43.77637],[-79.34389,43.77631],[-79.34372,43.77583],[-79.34189,43.77619],[-79.34103,43.77621],[-79.32772,43.7747],[-79.32606,43.77469],[-79.32443,43.77493],[-79.28536,43.78393],[-79.24849,43.79185],[-79.21823,43.798],[-79.17081,43.80838],[-79.17108,43.80895],[-79.17081,43.80927],[-79.17108,43.8094]]]}},{"type":"Feature","properties":{"r":"986","n":"Scarborough Express","m":"bus","f":["exp"],"day":true,"h":null},"geometry":{"type":"MultiLineString","coordinates":[[[-79.26314,43.73247],[-79.26428,43.73219],[-79.26454,43.73276],[-79.26571,43.73238],[-79.26605,43.73267],[-79.25916,43.7343],[-79.21376,43.74433],[-79.21165,43.74371],[-79.21028,43.74501],[-79.20594,43.74965],[-79.20198,43.75417],[-79.18437,43.77329],[-79.1831,43.77404],[-79.1821,43.77428],[-79.17652,43.77507],[-79.17521,43.77549],[-79.17418,43.77601],[-79.17275,43.77729],[-79.17064,43.78005],[-79.16902,43.78183],[-79.16848,43.78206],[-79.16737,43.78213],[-79.16636,43.78269],[-79.16873,43.78453],[-79.16213,43.78875],[-79.16348,43.79199],[-79.16363,43.7929],[-79.16514,43.79624],[-79.16595,43.79888],[-79.16726,43.80158],[-79.16835,43.80328],[-79.1708,43.80837],[-79.17107,43.80896],[-79.17084,43.80916],[-79.17087,43.80937]],[[-79.16903,43.78426],[-79.16925,43.78387],[-79.16942,43.78236],[-79.16932,43.7821]]]}},{"type":"Feature","properties":{"r":"989","n":"Weston Express","m":"bus","f":["exp"],"day":true,"h":60},"geometry":{"type":"MultiLineString","coordinates":[[[-79.54649,43.7707],[-79.54645,43.77109],[-79.54621,43.77159],[-79.54446,43.77319],[-79.54382,43.77293],[-79.54368,43.77238]],[[-79.54358,43.77199],[-79.54345,43.77092],[-79.54653,43.77028],[-79.54376,43.75747],[-79.54238,43.75209],[-79.54157,43.74804],[-79.53801,43.73267],[-79.53777,43.73197],[-79.53614,43.7294],[-79.53558,43.72678],[-79.53567,43.72597],[-79.53671,43.72425],[-79.53693,43.72362],[-79.53785,43.718],[-79.53778,43.71719],[-79.53667,43.7148],[-79.53602,43.71296],[-79.53545,43.71186],[-79.53459,43.70968],[-79.53304,43.7067],[-79.53238,43.70628],[-79.53122,43.70602],[-79.52995,43.70543],[-79.52544,43.703],[-79.52182,43.70166],[-79.51619,43.70015],[-79.51053,43.69805],[-79.50983,43.69763],[-79.50376,43.69255],[-79.50251,43.69193],[-79.49601,43.68928],[-79.48952,43.68699],[-79.48459,43.68798],[-79.48439,43.68753],[-79.48454,43.68726],[-79.48498,43.68706],[-79.48558,43.6871],[-79.48614,43.68749],[-79.48644,43.68807],[-79.48643,43.6886],[-79.48807,43.68834],[-79.48907,43.68891],[-79.48885,43.689],[-79.48794,43.68863],[-79.48645,43.68886],[-79.48626,43.68872],[-79.48644,43.68807],[-79.48614,43.68749],[-79.48582,43.68721],[-79.48282,43.68577],[-79.48229,43.68572],[-79.48168,43.68586],[-79.48073,43.68431],[-79.4803,43.68335],[-79.47866,43.68288],[-79.4771,43.68191],[-79.47406,43.67889],[-79.4707,43.67626],[-79.47016,43.67564],[-79.46935,43.67412],[-79.46787,43.67307],[-79.46042,43.65563],[-79.45945,43.65576],[-79.45929,43.65563],[-79.45932,43.65543],[-79.45993,43.6553]]]}},{"type":"Feature","properties":{"r":"995","n":"York Mills Express","m":"bus","f":["exp"],"day":true,"h":10},"geometry":{"type":"MultiLineString","coordinates":[[[-79.40593,43.74553],[-79.4053,43.74518],[-79.40522,43.74432],[-79.40322,43.74412],[-79.40191,43.74424],[-79.38414,43.74805],[-79.38348,43.74829],[-79.38235,43.74895],[-79.38065,43.74934],[-79.36414,43.75278],[-79.36303,43.75295],[-79.35996,43.75295],[-79.33943,43.75744],[-79.33517,43.75842],[-79.33269,43.75951],[-79.32498,43.76129],[-79.32422,43.76125],[-79.32198,43.76011],[-79.31941,43.75818],[-79.31854,43.75776],[-79.31737,43.75759],[-79.31551,43.75781],[-79.30004,43.76132],[-79.28175,43.76567],[-79.22334,43.77828],[-79.1883,43.78657],[-79.1849,43.78495],[-79.18557,43.78435]]]}},{"type":"Feature","properties":{"r":"996","n":"Wilson Express","m":"bus","f":["freq","exp"],"day":true,"h":8},"geometry":{"type":"MultiLineString","coordinates":[[[-79.62153,43.72472],[-79.62136,43.72456],[-79.62109,43.72461],[-79.62213,43.7259],[-79.62223,43.72637],[-79.62216,43.7268],[-79.62181,43.72745],[-79.62061,43.72837],[-79.61986,43.7292],[-79.61964,43.73017],[-79.61999,43.73248],[-79.61987,43.7328],[-79.6195,43.73319],[-79.61896,43.73344],[-79.61822,43.73355],[-79.61808,43.733],[-79.61763,43.73253],[-79.617,43.73206],[-79.61621,43.73185],[-79.61354,43.73221],[-79.611,43.73153],[-79.6102,43.73168],[-79.60915,43.73219],[-79.60794,43.73121],[-79.6049,43.7301],[-79.60573,43.72893],[-79.60435,43.72842],[-79.60413,43.72873],[-79.6055,43.72926],[-79.6049,43.7301],[-79.60361,43.72997],[-79.59676,43.7315],[-79.59618,43.73179],[-79.59431,43.7333],[-79.59353,43.73376],[-79.59208,43.73217],[-79.59169,43.73192],[-79.59059,43.73175],[-79.58941,43.73201],[-79.58671,43.72602],[-79.5823,43.72703],[-79.5795,43.727],[-79.57638,43.72741],[-79.57535,43.72792],[-79.57285,43.72858],[-79.57246,43.72889],[-79.56913,43.72778],[-79.56837,43.72772],[-79.56734,43.72792],[-79.5667,43.72781],[-79.56571,43.72695],[-79.56444,43.72435],[-79.56303,43.72349],[-79.561,43.72287],[-79.55993,43.72284],[-79.55056,43.72509],[-79.54688,43.72203],[-79.54512,43.72079],[-79.54445,43.71977],[-79.54405,43.71942],[-79.53401,43.71591],[-79.53266,43.71572],[-79.53157,43.71578],[-79.50954,43.72077],[-79.50626,43.72124],[-79.48206,43.72664],[-79.47933,43.72778],[-79.46128,43.73189],[-79.45928,43.732],[-79.45285,43.73338],[-79.45296,43.73384],[-79.45259,43.73426],[-79.45173,43.73397],[-79.45089,43.73415],[-79.45115,43.73501],[-79.45089,43.73503],[-79.45064,43.7342],[-79.4515,43.73403],[-79.45118,43.7343],[-79.45142,43.73492],[-79.44972,43.73536],[-79.4497,43.73558],[-79.45021,43.73662],[-79.44995,43.73684],[-79.4479,43.73568],[-79.44727,43.73458],[-79.43399,43.73735],[-79.42965,43.73779],[-79.42782,43.73849],[-79.41443,43.74147],[-79.4124,43.74205],[-79.40672,43.74415],[-79.40522,43.74432],[-79.40526,43.74522],[-79.40594,43.74531],[-79.40607,43.74512],[-79.40645,43.74505],[-79.40663,43.74509],[-79.4067,43.74538],[-79.40659,43.74547],[-79.40617,43.74551],[-79.40594,43.74531],[-79.40526,43.74522],[-79.40522,43.74432],[-79.40323,43.74413],[-79.40192,43.74425],[-79.38416,43.74806],[-79.38349,43.74829],[-79.38236,43.74896],[-79.38066,43.74935],[-79.36415,43.75279],[-79.36304,43.75295],[-79.35997,43.75295],[-79.33944,43.75745],[-79.33518,43.75843],[-79.3327,43.75952],[-79.32499,43.7613],[-79.32423,43.76126],[-79.322,43.76011],[-79.31942,43.75819],[-79.31856,43.75776],[-79.31738,43.7576],[-79.31525,43.75787],[-79.30005,43.76133],[-79.28176,43.76568],[-79.26133,43.77007],[-79.26156,43.77111],[-79.26243,43.77334],[-79.26113,43.77361],[-79.25834,43.77451],[-79.25613,43.77492],[-79.25625,43.77467],[-79.2587,43.7741]],[[-79.44766,43.73447],[-79.45037,43.7339]]]}}]}