UNITID,INSTNM,IALIAS,ADDR,CITY,STABBR,ZIP,FIPS,OBEREG,CHFNM,CHFTITLE,GENTELE,EIN,UEIS,OPEID,OPEFLAG,WEBADDR,ADMINURL,FAIDURL,APPLURL,NPRICURL,VETURL,ATHURL,DISAURL,SECTOR,ICLEVEL,CONTROL,HLOFFER,UGOFFER,GROFFER,HDEGOFR1,DEGGRANT,HBCU,HOSPITAL,MEDICAL,TRIBAL,LOCALE,OPENPUBL,ACT,NEWID,DEATHYR,CLOSEDAT,CYACTIVE,POSTSEC,PSEFLAG,PSET4FLG,RPTMTH,INSTCAT,C00CARNEGIE,C21BASIC,CARNEGIEIC,CARNEGIESAEC,CARNEGIERSCH,CARNEGIESIZE,CARNEGIEALF,CARNEGIEAPM,CARNEGIEGPM,LANDGRNT,INSTSIZE,F1SYSTYP,F1SYSNAM,F1SYSCOD,CBSA,CBSATYPE,CSA,COUNTYCD,COUNTYNM,CNGDSTCD,LONGITUD,LATITUDE,DFRCGID,DFRCUSCG
142832,Adler University, ,17 North Dearborn Street,Chicago,IL,60602,17,3,Lisa Coleman,President,3126624000,362515281 ,T7KFFP948AF8,02068100  ,1,https://www.adler.edu/,https://www.adler.edu/admission-aid/,https://www.adler.edu/financial-aid-chicago/,https://adler-university.force.com/Adler_Site_Main_Login,https://www.adler.edu/tuition-estimator/,https://www.adler.edu/financial-aid-chicago/#veterans-education-benefits-and-military-assistance, ,https://www.adler.edu/disclosures/,2,1,2,9,1,1,11,1,2,2,2,2,11,1,A,-2,-2,-2        ,1,1,1,1,1,2,59,26,25,-2,-2,2,6,-2,2,2,2,2,-2                                                                              ,-2,16980,1,176,17031,Cook County,1707,-87.629156,41.882414,153,2
142887,American Academy of Art College, ,332 S Michigan Ave,Chicago,IL,60604-4302,17,3, , , ,-1        , ,00162800  ,5, , , , , , , , ,3,1,3,5,1,2,30,1,2,-2,-2,2,11,1,D,-2,2024,04/19/2024,3,1,3,9,-2,-2,56,30,23,2,-2,1,3,5,-2,2,-2,-2,-2                                                                              ,-2,16980,1,176,17031,Cook County,1707,-87.624788,41.877420,-2,-2
142957,American Islamic College, ,640 W Irving Park RD,Chicago,IL,60613,17,3,Timothy J. Gianotti,PRESIDENT,7732814700,363171297 , ,02311300  ,5,aicusa.edu/,aicusa.edu/admissions,aicusa.edu/admissions/financing-your-education/,aicusa.edu/admissions/apply,aicusa.edu/admissions/financing-your-education/netprice, , ,www.aicusa.edu/office-of-student-services/,2,1,2,7,1,1,20,1,2,2,2,2,11,1,A,-2,-2,-2        ,1,1,1,2,1,2,-2,-2,31,-2,-2,1,3,12,12,2,1,2,-2                                                                              ,-2,16980,1,176,17031,Cook County,1709,-87.646898,41.954969,203,2
143048,School of the Art Institute of Chicago, ,36 S Wabash,Chicago,IL,60603,17,3,Jiseon Lee Isbara,President,3126296118,362167725 ,R3T3SZHLYJY7,00175300  ,1,www.saic.edu/,www.saic.edu/admissions/ug_admiss,www.saic.edu/financialaid/,https://www.commonapp.org/,https://saic.studentaidcalculator.com/survey.aspx,www.saic.edu/academics/registration-records/registration-records/veterans-americorps, ,www.saic.edu/life-at-saic/wellness-center/disability,2,1,2,7,1,1,20,1,2,2,2,2,11,1,A,-2,-2,-2        ,1,1,1,1,1,2,56,30,23,1,-2,2,4,5,5,2,2,2,-2                                                                              ,-2,16980,1,176,17031,Cook County,1707,-87.625758,41.881050,167,1
143084,Augustana College, ,639 38th St,Rock Island,IL,61201-2296,17,3,Andrea Talentino,President,3097947000,362166962 , ,00163300  ,1,www.augustana.edu/,www.augustana.edu/admissions,www.augustana.edu/admissions/financial-aid,www.augustana.edu/admissions/apply/,https://tcc.noellevitz.com/(S(2tzw1svr3ikxoegcvlbpwpef))/Augustana College/Freshman Students, ,www.augustana.edu/admissions/financial-aid/consumer,www.augustana.edu/student-life/residential-life/accommodations/services,2,1,2,7,1,1,20,1,2,2,2,2,13,1,A,-2,-2,-2        ,1,1,1,1,1,2,31,21,5,3,-2,2,3,1,10,2,2,2,-2                                                                              ,-2,19340,1,209,17161,Rock Island County,1717,-90.550570,41.502365,128,1
143118,Aurora University, ,347 S Gladstone Ave,Aurora,IL,60506-4892,17,3,Susana Rivera-Mills,President,6308926431,362166964 ,J9SCZMAFNVF3,00163400  ,1,https://aurora.edu/,https://aurora.edu/admission,https://aurora.edu/admission/financialaid,https://aurora.edu/admission/apply,https://aurora.edu/admission/financialaid/calculator,https://aurora.edu/admission/financialaid/veteran, ,https://aurora.edu/academics/resources/ada,2,1,2,9,1,1,12,1,2,2,2,2,21,1,A,-2,-2,-2        ,1,1,1,1,1,2,21,17,17,4,-2,3,5,2,2,2,3,2,-2                                                                              ,-2,16980,1,176,17089,Kane County,1711,-88.349023,41.753631,98,1
143215,Southwestern Illinois College,"SWIC, Belleville Area College, BAC",2500 Carlyle Ave,Belleville,IL,62221-5899,17,3,Nicholas Mance,President,6182352700,370896981 ,GLAJF337HDG5,00163600  ,1,https://www.swic.edu/,https://www.swic.edu/students/services/enrollment-services/admissions/,https://www.swic.edu/students/services/financial-aid/,https://www.swic.edu/apply,https://www.swic.edu/students/services/financial-aid/net-price-calculator/,www.swic.edu/students/services/financial-aid/veteran-services/,https://www.swic.edu/about/college-profile/consumer-information/,https://www.swic.edu/students/services/support-services/disability-access-center/,4,2,1,3,1,2,40,1,2,-2,2,2,21,1,A,-2,-2,-2        ,1,1,1,1,1,4,40,6,2,2,-2,3,1,1,-2,2,3,2,-2                                                                              ,-2,41180,1,476,17163,St. Clair County,1712,-89.924466,38.516406,73,1
143279,Black Hawk College,BHC,6600-34th Avenue,Moline,IL,61265-5899,17,3,Dr. Jeremy Thomas,President,3097965000,362482309 ,MBD9K2YGG8K7,00163800  ,1,www.bhc.edu/,www.bhc.edu/admissions/,www.bhc.edu/paying-for-college/financial-aid/,www.bhc.edu/admissions/apply/,www.bhc.edu/paying-for-college/tuition-and-payments/,www.bhc.edu/veterans/, ,www.bhc.edu/student-life/disability-resources/,4,2,1,3,1,2,40,1,2,-2,2,2,13,1,A,-2,-2,-2        ,1,1,1,1,1,4,40,6,2,2,-2,3,1,1,-2,2,2,2,-2                                                                              ,-2,19340,1,209,17161,Rock Island County,1717,-90.447799,41.477283,74,1
143288,Blackburn College, ,700 College Ave,Carlinville,IL,62626,17,3,Larry K. Lee,President,2178543231,370661491 , ,00163900  ,1,www.blackburn.edu/,https://blackburn.edu/admissions-aid/,https://blackburn.edu/admissions-aid/financial-aid/,blackburn.edu/apply,https://blackburn.edu/admissions-aid/financial-aid/net-price-calculator/,https://blackburn.edu/admissions-aid/financial-aid/veterans-education-benefits/, ,blackburn.edu/student-success-center/disability-services-accommodations/,2,1,2,5,1,2,30,1,2,2,2,2,32,1,A,-2,-2,-2        ,1,1,1,1,1,2,31,22,5,2,-2,1,3,1,-2,2,1,2,-2                                                                              ,-2,41180,1,476,17117,Macoupin County,1713,-89.870241,39.287896,140,1
143297,Blessing Rieman College of Nursing and Health Sciences,BRCN/B-RCN/Blessing-Rieman,3609 North Marx Drive,Quincy,IL,62305-7005,17,3,Dr. Brenda Beshears,President/CEO,21722855206905,370661183 ,THESYA1CSUS6,00621400  ,1,www.brcn.edu/,www.brcn.edu/,www.brcn.edu/,www.brcn.edu/,nces.ed.gov/collegenavigator/?q=Blessing-Rieman+College+of+Nursing&s=all&id=143297,www.brcn.edu/,www.brcn.edu/,www.brcn.edu/,2,1,2,8,1,1,20,1,2,1,2,2,33,1,A,-2,-2,-2        ,1,1,1,1,1,2,53,26,28,-2,-2,1,3,9,9,2,1,2,-2                                                                              ,-2,39500,2,448,17001,Adams County,1715,-91.357497,39.949641,155,1
143358,Bradley University, ,1501 W BRADLEY AVE,Peoria,IL,61625-0001,17,3,Jonathan Michael,Interim President,3096767611,370661494 ,D3ZVNXBL1DJ7,00164100  ,1,www.bradley.edu/,www.bradley.edu/admissions/freshman,www.bradley.edu/offices/other/sfs,www.bradley.edu/admissions/freshman/apply,https://admissions.bradley.edu/ssl/estimator,www.bradley.edu/offices/academic/registrar/veterans,www.bradleybraves.com/,https://www.bradley.edu/offices/student/sas/services/,2,1,2,9,1,1,13,1,2,2,2,2,12,1,A,-2,-2,-2        ,1,1,1,1,1,2,21,17,17,5,-2,3,5,2,10,2,2,2,-2                                                                              ,-2,37900,1,427,17143,Peoria County,1717,-89.616786,40.696896,99,1
143376,Paul Mitchell the School-Tinley Park,Paul Mitchell the school,18454 West Creek Drive,Tinley Park,IL,60477-6273,17,3,Lori Clark,CEO,8159325049,364175452 ,N87SV8FR6523,03065300  ,1,paulmitchell.edu/bradley,paulmitchell.edu/bradley/request-enrollment-information,paulmitchell.edu/bradley/financial-aid,paulmitchell.edu/bradley/get-started,paulmitchell.edu/bradley/tuition-calculator,paulmitchell.edu/bradley/financial-aid/military-benefits, ,https://paul-mitchell-schools-website-lightsail.s3.amazonaws.com/uploads/sites/210/Tinley-Park-Disablility-Verification-Form_722.pdf,9,3,3,2,1,2,0,2,2,-2,2,2,21,1,A,-2,-2,-2        ,1,1,1,1,2,6,-2,-2,-2,-2,-2,-2,-2,-2,-2,2,1,1,Paul Mitchell Advanced Education                                                ,303610,16980,1,176,17197,Will County,1701,-87.801816,41.556477,23,2
143464,Cameo Beauty Academy, ,9714 S Cicero Ave.,Oak Lawn,IL,60453,17,3,Kathleen Harris,Interim Campus Director,7086364660,823249253 ,G9DHWBMTU2Y3,03078400  ,1,www.cameobeautyacademy.com/,www.cameobeautyacademy.com/,www.cameobeautyacademy.com/, ,https://www.cameobeautyacademy.com/admission/net-price-calculator/, , ,www.cameobeautyacademy.com/,9,3,3,2,1,2,0,2,2,-2,2,2,21,1,A,-2,-2,-2        ,1,1,1,1,2,6,-2,-2,-2,-2,-2,-2,-2,-2,-2,2,1,2,-2                                                                              ,-2,16980,1,176,17031,Cook County,1706,-87.740894,41.716051,37,2
143473,Cannella School of Hair Design-Villa Park, ,617 W. NORTH,Villa Park,IL,60181,17,3,RAYMUNDO MARTINEZ,Owner,6308336118,363335714 ,KJE6RMCWYX75,02202600  ,1,cannellaschool.com/, , , ,cannellaschool.com/disclosures/,cannellaschool.com/financialaid/, ,cannellaschool.com/students/,9,3,3,2,1,2,0,2,2,-2,2,2,21,1,A,-2,-2,-2        ,1,1,1,1,2,6,-2,-2,-2,-2,-2,-2,-2,-2,-2,2,1,2,-2                                                                              ,-2,16980,1,176,17043,DuPage County,1703,-87.994628,41.904170,44,2
143482,Cannella School of Hair Design-Chicago, ,9012 S Commercial,Chicago,IL,60617-4303,17,3, , , ,-1        , ,00959500  ,5, , , , , , , , ,9,3,3,2,1,2,0,2,2,-2,-2,2,11,1,D,-2,2024,11/30/2023,3,1,3,9,-2,-2,-2,-2,-2,-2,-2,-2,-2,-2,-2,2,-2,-2,-2                                                                              ,-2,16980,1,176,17031,Cook County,1702,-87.551622,41.731381,-2,-2
143491,Cannella School of Hair Design-Chicago, ,4269 S Archer Ave,Chicago,IL,60632-2549,17,3,RAYMUNDO MARTINEZ,President,7738900412,363318163 ,HNW3NHQVT776,02349500  ,1,cannellaschool.com/, , , ,cannellaschool.com/disclosures/,cannellaschool.com/financialaid/, ,cannellaschool.com/students/,9,3,3,2,1,2,0,2,2,-2,2,2,11,1,A,-2,-2,-2        ,1,1,1,1,2,6,-2,-2,-2,-2,-2,-2,-2,-2,-2,2,1,2,-2                                                                              ,-2,16980,1,176,17031,Cook County,1704,-87.701198,41.815763,39,2
143552,Capri Beauty College, ,15815 Rob Roy Dr,Oak Forest,IL,60452,17,3,Amy Ruff,President,7086873020210,362694710 ,SPUCF8H6HN91,01308800  ,1,capri.edu/,capri.edu/,capri.edu/,capri.edu/,https://capri.edu/education/cosmetology-program/, , ,capri.edu/,9,3,3,2,1,2,0,2,2,-2,2,2,21,1,A,-2,-2,-2        ,1,1,1,1,2,6,-2,-2,-2,-2,-2,-2,-2,-2,-2,2,1,1,Capri Schools of Beauty Culture Inc.                                            ,300800,16980,1,176,17031,Cook County,1706,-87.771567,41.603863,46,2
143613,Carl Sandburg College, ,2400 Tom L. Wilson Boulevard,Galesburg,IL,61401,17,3,Seamus Reilly,President,3093442518,370896983 ,K8MKLSJKM4L2,00726500  ,1,www.sandburg.edu/,www.sandburg.edu/admissions-aid/admissions/index.html,www.sandburg.edu/admissions-aid/paying-for-college/index.html,www.sandburg.edu/discover-sandburg/welcome/how-to-apply.html,apps.sandburg.edu/netpricecalculator/index.html,www.sandburg.edu/admissions-aid/paying-for-college/veterans-support.html, ,www.sandburg.edu/sandburg-experience/student-development/disability-support.html,4,2,1,3,1,2,40,1,2,-2,2,2,32,1,A,-2,-2,-2        ,1,1,1,1,1,4,40,2,3,4,-2,2,1,1,-2,2,2,1,Illinois Community College System                                               ,117020,23660,2,-2,17095,Knox County,1717,-90.408203,40.981280,63,1
143659,Catholic Theological Union at Chicago,CTU,5416 S Cornell Ave,Chicago,IL,60615-5698,17,3,Barbara Reid,President,7733248000400,362647967 ,C2AUF9Q9UDK7,00923200  ,1,www.ctu.edu/,www.ctu.edu/admissions,https://ctu.edu/admissions/tuition-fees/,ctu.edu/admissions/application/,https://ctu.edu/admissions/tuition-fees, , ,www.ctu.edu/,2,1,2,9,2,1,14,1,2,2,2,2,11,1,A,-2,-2,-2        ,1,1,1,1,1,1,51,24,31,-2,-2,1,6,-2,12,2,1,2,-2                                                                              ,-2,16980,1,176,17031,Cook County,1702,-87.585989,41.797895,148,2
143853,Midwestern University-Downers Grove, ,555 31st Street,Downers Grove,IL,60515-5514,17,3,"Kathleen Goeppinger, Ph.D.",President & Chief Executive Officer,6309694400,363377698 ,XD93A5U66T24,00165700  ,1,https://www.midwestern.edu/,https://www.midwestern.edu/admissions,https://www.midwestern.edu/institutional-disclosures/student-financial-services-disclosure, ,https://www.midwestern.edu/admissions/paying-college/cost-attendance,https://www.midwestern.edu/admissions/paying-college/veterans-educational-benefits, ,https://www.midwestern.edu/student-experience/student-services/disability-services,2,1,2,9,2,1,13,1,2,1,1,2,13,1,A,-2,-2,-2        ,1,1,1,1,1,1,52,25,27,-2,3,2,6,-2,8,2,2,2,-2                                                                              ,-2,16980,1,176,17043,DuPage County,1706,-87.998342,41.828115,152,1
143978,The Chicago School at Chicago,The Chicago School of Professional Psychology at Chicago,325 N Wells Street,Chicago,IL,60654,17,3,Michele Nealon,President,3123296600,363005527 ,N5E7UNMDT711,02155307  ,1,https://www.thechicagoschool.edu/in-the-community/locations/,https://www.thechicagoschool.edu/admissions/,https://www.thechicagoschool.edu/admissions/financial-aid/,https://apply.thechicagoschool.edu/,https://www.thechicagoschool.edu/admissions/financial-aid/funding-your-education/,https://www.thechicagoschool.edu/why-us/service-members-veterans-dependents/, ,https://www.thechicagoschool.edu/student-life/support-services/,2,1,2,9,1,1,11,1,2,2,2,2,11,1,A,-2,-2,-2        ,1,1,1,1,1,2,59,26,25,-2,-2,2,6,1,2,2,2,1,The Chicago School of Professional Psychology                                   ,201460,16980,1,176,17031,Cook County,1707,-87.633790,41.888293,153,1
144005,Chicago State University,CSU,9501 S. King Drive,Chicago,IL,60628-1598,17,3,"Dr. Zaldwaynaka ""Z"" Scott",President,7739952000,362580815 ,PJ66MZ7MFZ16,00169400  ,1,www.csu.edu/,www.csu.edu/admissions/,www.csu.edu/financialaid/,www.csu.edu/admissions/howtoapplynow.htm,www.csu.edu/financialaid/netpricecalculator.htm,https://www.csu.edu/dosa/resources/veterans/index.htm, ,https://www.csu.edu/admissions/abilities_office.htm,1,1,1,9,1,1,11,1,2,2,2,2,11,1,A,-2,-2,-2        ,1,1,1,1,1,2,21,18,8,4,3,2,5,1,2,2,2,2,-2                                                                              ,-2,16980,1,176,17031,Cook County,1701,-87.609384,41.718446,107,2
144014,Chicago Theological Seminary, ,1407 E. 60th Street,Chicago,IL,60637,17,3,Brad Braxton,President,7738962400,362167014 , ,00166100  ,1,https://www.ctschicago.edu/,https://www.ctschicago.edu/contact/,https://www.ctschicago.edu/costs-financial-aid/,https://www.ctschicago.edu/application/,www.ctschicago.edu/, , ,https://mycts.ctschicago.edu/student-resources/disability-accommodations/,2,1,2,9,2,1,11,1,2,2,2,2,11,1,A,-2,-2,-2        ,1,1,1,1,1,1,51,24,31,-2,-2,1,6,-2,12,2,1,2,-2                                                                              ,-2,16980,1,176,17031,Cook County,1701,-87.591178,41.785701,148,2
144050,University of Chicago, ,5801 S Ellis Ave,Chicago,IL,60637,17,3,Paul Alivisatos,President,7737021234,362177139 ,ZUE9HKT2CLC9,00177400  ,1,www.uchicago.edu/,collegeadmissions.uchicago.edu/,financialaid.uchicago.edu/,https://collegeadmissions.uchicago.edu/apply/,https://financialaid.uchicago.edu/undergraduate/resources-and-tools/net-price-calculator/,https://registrar.uchicago.edu/records/veterans-resources/, ,disabilities.uchicago.edu/,2,1,2,9,1,1,11,1,2,2,1,2,11,1,A,-2,-2,-2        ,1,1,1,1,1,2,15,15,6,5,1,4,5,1,1,2,4,2,-2                                                                              ,-2,16980,1,176,17031,Cook County,1701,-87.599539,41.787994,92,1
144157,City Colleges of Chicago-Kennedy-King College, ,6301 S Halsted St,Chicago,IL,60621-2709,17,3,Dr. Katonja Webb Walker,President,7736025000,362606230 ,F3ACTE3UL6N9,00165400  ,1,www.ccc.edu/colleges/kennedy/pages/default.aspx,www.ccc.edu/colleges/kennedy/departments/Pages/Admissions.aspx,www.ccc.edu/colleges/kennedy/departments/Pages/Financial-Aid.aspx,www.ccc.edu/colleges/kennedy/services/Pages/Apply-for-College.aspx,www.ccc.edu/colleges/kennedy/services/Pages/Find-Out-How-Much-College-Will-Cost.aspx,https://www.ccc.edu/services/military-and-veteran-educational-benefits/,www.ccc.edu/menu/Pages/Facts-Statistics.aspx,https://www.ccc.edu/kennedy/departments/access-center/,4,2,1,3,1,2,40,1,2,-2,2,2,11,1,A,-2,-2,-2        ,1,1,1,1,1,4,40,6,3,2,-2,2,1,1,-2,2,2,1,City Colleges of Chicago                                                        ,117010,16980,1,176,17031,Cook County,1707,-87.643425,41.780253,74,1
144166,City Colleges of Chicago-Malcolm X College, ,1900 W Jackson Blvd,Chicago,IL,60612-3197,17,3,David Sanders,President,3128507000,362606236 ,X7WCHRYHLSZ7,00165000  ,1,www.ccc.edu/colleges/malcolm-x/pages/default.aspx,www.ccc.edu/colleges/malcolm-x/departments/Pages/Admissions.aspx,www.ccc.edu/colleges/malcolm-x/departments/Pages/Financial-Aid.aspx,www.ccc.edu/colleges/malcolm-x/services/Pages/Apply-for-College.aspx,www.ccc.edu/colleges/malcolm-x/services/Pages/Find-Out-How-Much-College-Will-Cost.aspx,https://www.ccc.edu/services/military-and-veteran-educational-benefits/,www.ccc.edu/menu/Pages/Facts-Statistics.aspx,www.ccc.edu/malcolm-x/departments/access-center/,4,2,1,3,1,2,40,1,2,-2,2,2,11,1,A,-2,-2,-2        ,1,1,1,1,1,4,40,5,2,4,-2,3,1,1,-2,2,3,1,City Colleges of Chicago                                                        ,117010,16980,1,176,17031,Cook County,1707,-87.675321,41.878092,70,1
144175,City Colleges of Chicago-Olive-Harvey College, ,10001 S Woodlawn Ave,Chicago,IL,60628-1696,17,3,Kimberly Hollingsworth,President,7732916100,362606236 ,GKV2XVHF4P77,00976700  ,1,www.ccc.edu/colleges/olive-harvey/Pages/default.aspx,www.ccc.edu/colleges/olive-harvey/departments/Pages/Admissions.aspx,www.ccc.edu/colleges/olive-harvey/departments/Pages/FinancialAid.aspx,apply.ccc.edu/,apps.ccc.edu/netpricecalc/oh/npcalc.htm,https://www.ccc.edu/services/military-and-veteran-educational-benefits/,www.ccc.edu/menu/Pages/Facts-Statistics.aspx,www.ccc.edu/olive-harvey/departments/access-center/,4,2,1,3,1,2,40,1,2,-2,2,2,11,1,A,-2,-2,-2        ,1,1,1,1,1,4,40,3,3,2,-2,2,1,1,-2,2,2,1,City Colleges of Chicago                                                        ,117010,16980,1,176,17031,Cook County,1702,-87.589249,41.709997,65,1
144184,City Colleges of Chicago-Harry S Truman College, ,1145 W Wilson Ave.,Chicago,IL,60640-6063,17,3,Shawn Jackson,President,7739074000,362606236 ,L3EXK4J98JQ1,00164800  ,1,www.ccc.edu/colleges/truman/Pages/default.aspx,www.ccc.edu/colleges/truman/departments/pages/admissions.aspx,www.ccc.edu/colleges/truman/departments/Pages/financial-aid.aspx,apply.ccc.edu/,www.ccc.edu/truman/services/find-out-how-much-college-will-cost/,https://www.ccc.edu/services/military-and-veteran-educational-benefits/,www.ccc.edu/menu/Pages/Facts-Statistics.aspx,www.ccc.edu/truman/departments/disability-access-center/,4,2,1,3,1,2,40,1,2,-2,2,2,11,1,A,-2,-2,-2        ,1,1,1,1,1,4,40,3,2,2,-2,3,1,1,-2,2,3,1,City Colleges of Chicago                                                        ,117010,16980,1,176,17031,Cook County,1709,-87.659107,41.964502,64,1
144193,City Colleges of Chicago-Richard J Daley College, ,7500 S Pulaski Rd,Chicago,IL,60652-1299,17,3,Dr. Janine E. Janosky,President,7738387500,362606236 ,CZADHND4M5B1,00164900  ,1,www.ccc.edu/colleges/daley/pages/default.aspx,www.ccc.edu/colleges/daley/departments/Pages/Admissions.aspx,www.ccc.edu/colleges/daley/departments/Pages/financial-aid.aspx,apply.ccc.edu/,www.ccc.edu/colleges/daley/services/Pages/Find-Out-How-Much-College-Will-Cost.aspx,https://www.ccc.edu/services/military-and-veteran-educational-benefits/,www.ccc.edu/menu/Pages/Facts-Statistics.aspx,www.ccc.edu/daley/departments/access-center/,4,2,1,3,1,2,40,1,2,-2,2,2,11,1,A,-2,-2,-2        ,1,1,1,1,1,4,40,6,2,4,-2,3,1,1,-2,2,3,1,City Colleges of Chicago                                                        ,117010,16980,1,176,17031,Cook County,1704,-87.723981,41.755955,73,1
144209,City Colleges of Chicago-Harold Washington College, ,30 E Lake St,Chicago,IL,60601-2449,17,3,Dr. Daniel Lopez,President,3125535600,362606236 ,D5J7RE1JDLX3,00165200  ,1,www.ccc.edu/colleges/washington/Pages/default.aspx,www.ccc.edu/colleges/washington/departments/Pages/Admissions.aspx,www.ccc.edu/colleges/washington/departments/Pages/Financial-Aid.aspx,www.ccc.edu/colleges/washington/services/Pages/Apply-for-College.aspx,www.ccc.edu/colleges/washington/services/Pages/Find-Out-How-Much-College-Will-Cost.aspx,https://www.ccc.edu/services/military-and-veteran-educational-benefits/,www.ccc.edu/menu/Pages/Facts-Statistics.aspx,www.ccc.edu/departments/Pages/ACCESS Center.aspx,4,2,1,3,1,2,40,1,2,-2,2,2,11,1,A,-2,-2,-2        ,1,1,1,1,1,4,40,2,2,2,-2,3,1,1,-2,2,3,1,City Colleges of Chicago                                                        ,117010,16980,1,176,17031,Cook County,1707,-87.626596,41.886067,62,1
144218,City Colleges of Chicago-Wilbur Wright College, ,4300 N Narragansett,Chicago,IL,60634-1500,17,3,Dr. Andres Oroz,President,7737777900,362606236 ,HZQVGVJCXMQ7,00165500  ,1,www.ccc.edu/colleges/wright/pages/default.aspx,www.ccc.edu/colleges/wright/departments/Pages/Admissions.aspx,www.ccc.edu/colleges/wright/departments/Pages/financial-aid.aspx,apply.ccc.edu/,www.ccc.edu/colleges/wright/services/Pages/Find-Out-How-Much-College-Will-Cost.aspx,https://www.ccc.edu/services/military-and-veteran-educational-benefits/,www.ccc.edu/menu/Pages/Facts-Statistics.aspx,www.ccc.edu/wright/departments/access-center/,4,2,1,3,1,2,40,1,2,-2,2,2,11,1,A,-2,-2,-2        ,1,1,1,1,1,4,40,3,2,4,-2,3,1,1,-2,2,3,1,City Colleges of Chicago                                                        ,117010,16980,1,176,17031,Cook County,1705,-87.787868,41.958774,64,1
144281,Columbia College Chicago, ,600 South Michigan Ave,Chicago,IL,60605-1996,17,3,Jerry Tarrer,President,3123691000,366112087 ,EKBGJ4XUENP3,00166500  ,1,www.colum.edu/,www.colum.edu/admissions/,https://www.colum.edu/columbia-central/index.html,www.colum.edu/apply,https://colum.studentaidcalculator.com/survey.aspx,www.colum.edu/veterans/, ,students.colum.edu/ssd/index.php,2,1,2,7,1,1,20,1,2,2,2,2,11,1,A,-2,-2,-2        ,1,1,1,1,1,2,21,19,23,2,-2,3,3,5,4,2,3,2,-2                                                                              ,-2,16980,1,176,17031,Cook County,1707,-87.624667,41.874261,116,2
144351,Concordia University-Chicago,Concordia University Chicago,7400 Augusta,River Forest,IL,60305-1499,17,3,Dr. Russell Dawn,President,7087718300,362191242 ,VNKLV8PSP9V7,00166600  ,1,https://www.cuchicago.edu/,https://www.cuchicago.edu/admission-aid/,https://www.cuchicago.edu/admission-aid/undergraduate-admission-aid/applying-for-aid/,https://capp.cuchicago.edu/undergraduate/apply/,https://www.cuchicago.edu/admission-aid/undergraduate-admission-aid/net-price-calculator/,https://www.cuchicago.edu/admission-aid/apply-to-concordia/active-duty-veterans/, ,https://www.cuchicago.edu/academics/academic-resources/academic-support/,2,1,2,9,1,1,12,1,2,2,2,2,21,1,A,-2,-2,-2        ,1,1,1,1,1,2,21,18,17,4,-2,3,5,2,2,2,2,1,Concordia University System                                                     ,200450,16980,1,176,17031,Cook County,1707,-87.809482,41.898696,109,2
144500,City Colleges of Chicago-District Office, ,180 N. Wabash,Chicago,IL,60601,17,3,Juan Salgado,Chancellor,3125532500,362606236 ,YMNEVAXEKK37,00164700  ,5,www.ccc.edu/,www.ccc.edu/services/Pages/City-Colleges-of-Chicago-Admissions-Offices.aspx,www.ccc.edu/departments/Pages/financial-aid.aspx,apply.ccc.edu/,www.ccc.edu/services/Pages/Find-Out-How-Much-College-Will-Cost.aspx?_ga=2.97927704.662208201.1503327152-444982281.1492008100,https://www.ccc.edu/services/military-and-veteran-educational-benefits/,www.ccc.edu/menu/Pages/Facts-Statistics.aspx,colleges.ccc.edu/accessibility/,0,2,1,3,1,2,40,1,2,-2,-2,2,11,1,A,-2,-2,-2        ,1,1,1,2,-2,-2,-2,-2,-2,-2,-2,-2,-2,-2,-2,2,-2,1,City Colleges of Chicago                                                        ,117010,16980,1,176,17031,Cook County,1707,-87.626710,41.885452,-2,1
144564,Danville Area Community College,DACC/Danville Community College/Danville Junior College,2000 E Main St,Danville,IL,61832-5118,17,3,Dr. Randy Fletcher,President,2174433222,370889813 , ,00166900  ,1,https://dacc.edu/,https://dacc.edu/ar/admissions,https://dacc.edu/finaid,https://dacc.edu/applicationstudent-information-form,https://dacc.edu/net-price-calculator,https://dacc.edu/military-tuition-assistance,https://dacc.edu/student-right-know,https://dacc.edu/ssc/oa,4,2,1,3,1,2,40,1,2,-2,2,2,32,1,A,-2,-2,-2        ,1,1,1,1,1,4,40,6,3,4,-2,2,1,1,-2,2,2,2,-2                                                                              ,-2,19180,2,169,17183,Vermilion County,1702,-87.587884,40.127539,74,1
144573,Tricoci University of Beauty Culture,Urbana,202 East  University Avenue,Urbana,IL,61801,17,3,Larry Foster,Chief Operating Officer,6305283330,562384225 ,KEZBRGVQANP9,02317300  ,1,www.tricociuniversity.edu/,www.tricociuniversity.edu/,www.tricociuniversity.edu/,www.tricociuniversity.edu/,www.tricociuniversity.edu/admissions-financial-aid/beauty-school-calculator/, , ,www.tricociuniversity.edu/,9,3,3,2,1,2,0,2,2,-2,2,2,13,1,A,-2,-2,-2        ,1,1,1,1,2,6,-2,-2,-2,-2,-2,-2,-2,-2,-2,2,1,1,Tricoci University of Beauty Culture LLC                                        ,304670,16580,1,169,17019,Champaign County,1713,-88.205972,40.117724,21,2
144740,DePaul University, ,1 E Jackson Blvd,Chicago,IL,60604,17,3,Robert L. Manuel,President,3123628000,362167048 ,MNZ8KMRWTDB6,00167100  ,1,https://www.depaul.edu/,https://www.depaul.edu/admission-and-aid/types-of-admission/Pages/default.aspx,https://www.depaul.edu/admission-and-aid/financial-aid/Pages/default.aspx,https://www.depaul.edu/apply/Pages/default.aspx,https://collegepricecalculator.com/DepaulUniversity, , ,https://offices.depaul.edu/student-affairs/about/departments/Pages/csd.aspx,2,1,2,9,1,1,11,1,2,2,2,2,11,1,A,-2,-2,-2        ,1,1,1,1,1,2,16,16,16,6,2,4,5,2,2,2,5,2,-2                                                                              ,-2,16980,1,176,17031,Cook County,1707,-87.627240,41.877618,96,1
144777,DeVry University-Administrative Office,DeVry University-Administrative Office,"4225 Naperville Rd, Suite 400",Lisle,IL,60532,17,3,Elise Awwad,President of DeVry University,8663387934,362781982 ,MN6JA6YLM213,02075400  ,2,https://www.devry.edu/,https://www.devry.edu/admissions.html,https://www.devry.edu/tuition-financial-aid/financial-aid.html,https://dv.secure.force.com/sswa/dvu/us/2?vc=170005&intcmp=Header|ApplyNow,https://my.devry.edu/npc,https://www.devry.edu/admissions/military-applicants/military-tuition-and-grants.html, ,https://www.devry.edu/students/disability-services.html,0,1,3,7,1,1,20,1,2,-2,-2,2,21,1,A,-2,-2,-2        ,1,1,1,1,-2,-2,-2,-2,-2,-2,-2,-2,-2,-2,-2,2,-2,1,Cogswell Capital                                                                ,301015,16980,1,176,17043,DuPage County,1706,-88.116625,41.807204,-2,-2
144795,Cosmetology & Spa Academy, ,700 E. Terra Cotta,Crystal Lake,IL,60014,17,3,Inaet Halimi,President,8154555900,364236446 ,724719280000,02150600  ,1,www.cosmetologyandspaacademy.edu/,www.cosmetologyandspaacademy.edu/,www.cosmetologyandspaacademy.edu/,www.cosmetologyandspaacademy.edu/,www.cosmetologyandspaacademy.edu/net-price-calculator,cosmetologyandspaacademy.edu/, ,cosmetologyandspaacademy.edu/,9,3,3,2,1,2,0,2,2,-2,2,2,21,1,A,-2,-2,-2        ,1,1,1,1,2,6,-2,-2,-2,-2,-2,-2,-2,-2,-2,2,1,1,Crystal Lake Academy Inc.                                                       ,301310,16980,1,176,17111,McHenry County,1711,-88.294087,42.249180,15,2
144865,College of DuPage,COD,425 Fawell Blvd.,Glen Ellyn,IL,60137-6599,17,3,Dr. Christine M. Hammond,Interim President,6309422800,362594972 ,PYMENBZNN726,00665600  ,1,www.cod.edu/,www.cod.edu/admission/index.aspx,www.cod.edu/costs/financial_aid/index.aspx,https://admissions.cod.edu/RecruitNewWFE/Account/Login,www.cod.edu/about/administration/consumer_legal_information/net_price_calculator/, , ,www.cod.edu/student_life/resources/access-accommodations/index.aspx,4,2,1,3,1,2,40,1,2,-2,2,2,21,1,A,-2,-2,-2        ,1,1,1,1,1,4,40,9,1,2,-2,4,1,1,-2,2,5,2,-2                                                                              ,-2,16980,1,176,17043,DuPage County,1706,-88.071635,41.841577,83,1
144883,East-West University, ,816 S Michigan Ave,Chicago,IL,60605,17,3,M Wasi Khan,Chancellor,3129390111,391353508 ,DRLXSNVEH6M7,02168600  ,1,www.eastwest.edu/,https://www.eastwest.edu/admissions/,https://www.eastwest.edu/financial-aid/,https://www.eastwest.edu/admissions/apply/,https://www.eastwest.edu/financial-aid/, , ,https://www.eastwest.edu/articles/mission-statement/,2,1,2,5,1,2,30,1,2,2,2,2,11,1,A,-2,-2,-2        ,1,1,1,1,1,2,32,21,5,2,-2,2,3,1,-2,2,1,2,-2                                                                              ,-2,16980,1,176,17031,Cook County,1707,-87.624793,41.871309,133,2
144892,Eastern Illinois University,EIU|E.I.U.|Eastern Illinois,600 Lincoln Avenue,Charleston,IL,61920,17,3,Dr. Jay Gatrell,President,2175815000,376013590 ,KP2SCPU3W6K9,00167400  ,1,https://www.eiu.edu/,https://www.eiu.edu/admissions.php,www.eiu.edu/finaid/,https://www.eiu.edu/myeiu/index.php?type=signup,www.eiu.edu/finaid/calculator.php,https://www.eiu.edu/veterans/,https://www.eiu.edu/mandatedinformation/,www.eiu.edu/disability/,1,1,1,8,1,1,20,1,2,2,2,2,33,1,A,-2,-2,-2        ,1,1,1,1,1,2,21,18,9,6,-2,3,4,1,2,2,3,2,-2                                                                              ,-2,16660,2,-2,17029,Coles County,1715,-88.175658,39.479843,105,2
144944,Elgin Community College,ECC,1700 Spartan Drive,Elgin,IL,60123-7193,17,3,Peggy Heinrich,Interim President,8476971000,362600170 ,RKHGA9Q8TGC8,00167500  ,1,www.elgin.edu/,elgin.edu/admissions,elgin.edu/financialaid,https://www.elgin.edu/admissions/apply/,elgin.edu/collegecostcalculator,https://www.elgin.edu/life-at-ecc/veterans-services/,www.elgin.edu/about-ecc/right-to-know/,https://elgin.edu/life-at-ecc/student-access-disability-services/,4,2,1,3,1,2,40,1,2,-2,2,2,12,1,A,-2,-2,-2        ,1,1,1,1,1,4,40,2,2,2,-2,3,1,1,-2,2,4,2,-2                                                                              ,-2,16980,1,176,17089,Kane County,1708,-88.321940,42.018066,61,1
144962,Elmhurst University, ,190 Prospect Ave,Elmhurst,IL,60126-3296,17,3,Dr. Troy VanAken,President,6302794100,362169145 ,EKXBBU5MVJN5,00167600  ,1,www.elmhurst.edu/,www.elmhurst.edu/admission/,www.elmhurst.edu/admission/financial-aid/,https://www.elmhurst.edu/admission/apply/undergraduate-application/,www.elmhurst.edu/admission/financial-aid/tuition-fees/net-price-calculator/,www.elmhurst.edu/admission/military-veteran-students/financial-aid-military-benefits/, ,https://www.elmhurst.edu/student-life/support-services/access-disability-services/,2,1,2,9,1,1,13,1,2,2,2,2,21,1,A,-2,-2,-2        ,1,1,1,1,1,2,32,18,20,4,-2,2,4,2,2,2,2,2,-2                                                                              ,-2,16980,1,176,17043,DuPage County,1706,-87.945369,41.897164,109,1
144971,Eureka College,EC,300 E. College Avenue,Eureka,IL,61530,17,3,Dr. Jamel Santa Cruze Wright,President,3094673721,370673484 ,R6AREHZ95QV5,00167800  ,1,www.eureka.edu/,https://www.eureka.edu/admissions-and-financial-aid/apply-today,https://www.eureka.edu/admissions-and-financial-aid/financial-aid/financial-aid-resources,https://www.eureka.edu/admissions-and-financial-aid/apply-today,https://www.eureka.edu/net-pricing-calculator,https://www.eureka.edu/admissions-and-financial-aid/scholarships-awards-and-veteran-benefits/veteran-benefits, ,https://www.eureka.edu/academics/learning-center,2,1,2,5,1,2,30,1,2,2,2,2,31,1,A,-2,-2,-2        ,1,1,1,1,1,2,32,22,15,3,-2,2,3,2,-2,2,1,2,-2                                                                              ,-2,37900,1,427,17203,Woodford County,1716,-89.269624,40.714820,140,2
145099,"First Institute of Travel, Inc.",First Institute,790 McHenry Avenue,Crystal Lake,IL,60014,17,3,Eric Beier,CEO,8154593500,363248432 ,RF8ZFAF15NS6,02584900  ,1,www.firstinstitute.edu/, , , ,www.firstinstitute.edu/npc/general/npcalc.htm, , ,www.firstinstitute.edu/services-available-for-students-with-disabilities/,9,3,3,1,1,2,0,2,2,-2,2,2,21,1,A,-2,-2,-2        ,1,1,1,1,2,6,-2,-2,-2,-2,-2,-2,-2,-2,-2,2,1,2,-2                                                                              ,-2,16980,1,176,17111,McHenry County,1709,-88.339468,42.219260,50,2
145239,Fox College, ,18020 Oak Park Avenue,Tinley Park,IL,60477,17,3,Jackie Flynn,President,7084444500,880972255 , ,02522800  ,1,www.foxcollege.edu/,www.foxcollege.edu/admissions,www.foxcollege.edu/admissions/financial-aid,www.foxcollege.edu/apply,www.foxcollege.edu/aid,www.foxcollege.edu/catalog.pdf, ,www.foxcollege.edu/aboutus/student-resources,6,2,3,3,1,2,40,1,2,-2,2,2,21,1,A,-2,-2,-2        ,1,1,1,1,1,4,-2,8,21,2,-2,2,1,3,-2,2,1,1,Bradford Schools Inc.                                                           ,300550,16980,1,176,17031,Cook County,1706,-87.785169,41.563842,82,2
145275,Garrett-Evangelical Theological Seminary, ,2121 Sheridan Road,Evanston,IL,60201-3298,17,3,Javier Viera,President,8478663900,362167085 , ,00168200  ,1,www.garrett.edu/,www.garrett.edu/admissions,www.garrett.edu/admissions/costs-and-financial-aid,www.garrett.edu/admissions/application-process,www.garrett.edu/admissions/costs-and-financial-aid, , ,www.garrett.edu/academics/resources,2,1,2,9,2,1,12,1,2,2,2,2,13,1,A,-2,-2,-2        ,1,1,1,1,1,1,51,24,31,-2,-2,1,6,-2,12,2,1,2,-2                                                                              ,-2,16980,1,176,17031,Cook County,1709,-87.675497,42.056221,148,2
145309,Gem City College, ,700 State St,Quincy,IL,62301,17,3,Ryan Hagenah,President,2172220391,370289990 ,CS25F81MED63,00456000  ,1,www.gemcitycollege.com/,www.gemcitycollege.com/,www.gemcitycollege.com/,www.gemcitycollege.com/,www.gemcitycollege.com/estimator.html, , ,www.gemcitycollege.com/,9,3,3,2,1,2,0,2,2,-2,2,2,33,1,A,-2,-2,-2        ,1,1,1,1,2,6,-2,-2,-2,-2,-2,-2,-2,-2,-2,2,1,1,Gem City College                                                                ,302140,39500,2,448,17001,Adams County,1715,-91.404218,39.926394,43,2
145336,Governors State University,GSU,1 University Pky,University Park,IL,60484,17,3,Cheryl Green,President,7085345000,362684803 ,RZYSKTHWL384,00914500  ,1,https://www.govst.edu/,https://www.govst.edu/admissions/,https://www.govst.edu/financial-aid/,https://apply.govst.edu/apply/,https://www.govst.edu/netprice.htm,https://www.govst.edu/veterans/,https://www.gsujaguars.com/d/2022_Right-to-Know.pdf,https://www.govst.edu/disabilities/,1,1,1,9,1,1,11,1,2,2,2,2,21,1,A,-2,-2,-2        ,1,1,1,1,1,2,21,18,7,-2,-2,3,5,1,2,2,2,2,-2                                                                              ,-2,16980,1,176,17197,Will County,1702,-87.716441,41.449103,107,1
145354,Graham Hospital School of Nursing, ,210 W Walnut St,Canton,IL,61520-2497,17,3,Robert Senneff,President,3096474086,370673506 ,FNKCU1BCWW96,00893800  ,1,grahamschoolofnursing.org/,grahamschoolofnursing.org/prospective-students/admissions,grahamschoolofnursing.org/prospective-students/financial-aid, ,grahamschoolofnursing.org/net-price-calculator, , ,https://www.grahamschoolofnursing.org/current-students-and-faculty/disability-support-services/,5,2,2,4,1,2,0,2,2,-2,2,2,32,1,A,-2,-2,-2        ,1,1,1,1,1,6,-2,-2,-2,-2,-2,-2,-2,-2,-2,2,1,1,Graham Hospital                                                                 ,200610,15900,2,427,17057,Fulton County,1717,-90.038776,40.552962,9,2
145372,Greenville University, ,315 E. College Ave.,Greenville,IL,62246,17,3,Suzanne Davis,President,6186642800,370681530 ,G5BBN9TZNT75,00168400  ,1,www.greenville.edu/,www.greenville.edu/admissions,www.greenville.edu/cost-and-aid/,https://apply.greenville.edu/apply/,www.greenville.edu/tuition-aid/tuition-aid-resources/net-price-calculator, ,www.greenville.edu/inside-gu/consumer-information/student-outcomes-data,www.greenville.edu/student-life/student-resources-services/disability-accommodations,2,1,2,7,1,1,20,1,2,2,2,2,32,1,A,-2,-2,-2        ,1,1,1,1,1,2,32,20,20,4,-2,2,4,2,2,2,2,2,-2                                                                              ,-2,41180,1,476,17005,Bond County,1715,-89.408240,38.894162,124,1
145406,G Skin & Beauty Institute,G Skin and Beauty Institute,90 W Hillcrest Blvd Suite 302,Schaumburg,IL,60195,17,3,Carol Westphal,President,8478365900,363169617 ,DNRFTU41N4E7,02261200  ,1,gskinbeautyinstitute.edu/,gskinbeautyinstitute.edu/,gskinbeautyinstitute.edu/,gskinbeautyinstitute.edu/,gskinbeautyinstitute.edu/net-price-calculator, , ,www.gskinbeautyinstitute.edu/disability-service-equal-access/,9,3,3,2,1,2,0,2,2,-2,2,2,13,1,A,-2,-2,-2        ,1,1,1,1,2,6,-2,-2,-2,-2,-2,-2,-2,-2,-2,2,1,1,United Investments of Illinois Inc.                                             ,304770,16980,1,176,17031,Cook County,1708,-88.083218,42.061983,15,2
145424,Hair Professionals Career College, ,2245 Gateway Drive,Sycamore,IL,60178,17,3,Wanda Zachary,President,8157563596,363485100 ,XJENWLLVJFC7,02332200  ,1,hairpros.edu/,hairpros.edu/,hairpros.edu/,hairpros.edu/,hairpros.edu/consumer-info-gainful-employment/,hairpros.edu/, ,hairpros.edu/,9,3,3,2,1,2,0,2,2,-2,2,2,23,1,A,-2,-2,-2        ,1,1,1,1,2,6,-2,-2,-2,-2,-2,-2,-2,-2,-2,2,1,2,-2                                                                              ,-2,16980,1,176,17037,DeKalb County,1714,-88.718145,41.962221,43,2
145433,Hair Professionals School of Cosmetology, ,5460 U.S. Highway 34,Oswego,IL,60543,17,3,Wanda Zachary,Secretary-Treasurer,6305542266,363025158 ,EM5FYJNLT777,02262100  ,1,hairpros.edu/,hairpros.edu/,hairpros.edu/,hairpros.edu/,hairpros.edu/consumer-info-gainful-employment,hairpros.edu/, ,hairpros.edu/,9,3,3,2,1,2,0,2,2,-2,2,2,21,1,A,-2,-2,-2        ,1,1,1,1,2,6,-2,-2,-2,-2,-2,-2,-2,-2,-2,2,1,2,-2                                                                              ,-2,16980,1,176,17093,Kendall County,1714,-88.364727,41.682591,29,2
145497,Hebrew Theological College,"HTC, TI, Teacher's Institute, Skokie Yeshiva, Sarah Hartman Women’s College of Touro at HTC, Machon Torani L'Banot, Beis HaMidrash L'Torah",7135 N Carpenter Rd,Skokie,IL,60077,17,3,Rabbi Shmuel Schuman,CEO,8479822500,362167095 ,HQC5DGB5Z7N6,00168500  ,1,https://www.htc.edu/,https://www.htc.edu/,https://www.htc.edu/,https://apply.touro.edu/,https://npc.collegeboard.org/app/touro, , ,https://www.htc.edu/consumer-info/,2,1,2,5,1,2,30,1,2,2,2,2,13,1,A,-2,-2,-2        ,1,1,1,1,1,2,51,21,31,-2,-2,1,3,12,-2,2,1,1,Touro University System                                                         ,201500,16980,1,176,17031,Cook County,1709,-87.760874,42.010103,133,1
145521,Highland Community College, ,2998 W Pearl City Rd,Freeport,IL,61032-9341,17,3,Christina Kuberski,President,8152356121,362616076 ,RBVGSNZ16M16,00168100  ,1,www.highland.edu/,www.highland.edu/admissions,highland.edu/admissions/financial-aid,https://highland.edu/admissions/new-students/apply-online/,www.highland.edu/net-price-calculator,highland.edu/veterans-services,highland.edu/student-information/student-right-know,highland.edu/disability-services,4,2,1,3,1,2,40,1,2,-2,2,2,41,1,A,-2,-2,-2        ,1,1,1,1,1,4,40,6,3,4,-2,2,1,1,-2,2,2,2,-2                                                                              ,-2,23300,2,466,17177,Stephenson County,1717,-89.673420,42.283344,75,1
145558,Rosalind Franklin University of Medicine and Science,RFUMS,3333 Green Bay Road,North Chicago,IL,60064-3095,17,3,Wendy Rheault,President & Chief Executive Officer,8475783000,362181973 ,V913TCT2SFZ9,00165900  ,1,www.rosalindfranklin.edu/,www.rosalindfranklin.edu/prospectivestudents/ContactUs.aspx,www.rosalindfranklin.edu/prospectivestudents/StudentFinancialServices/financialaid.aspx, , , , ,www.rosalindfranklin.edu/academics/academic-support-resources/disability-support-services/,2,1,2,9,2,1,11,1,2,2,1,2,21,1,A,-2,-2,-2        ,1,1,1,1,1,1,52,25,27,-2,3,2,6,-2,8,2,2,2,-2                                                                              ,-2,16980,1,176,17097,Lake County,1710,-87.859632,42.300069,152,1
145600,University of Illinois Chicago,UIC|U of I-Chicago|Illinois-Chicago|U of I-Medical Center|University of Illinois-Medical Center|,601 S Morgan,Chicago,IL,60607,17,3,Marie Lynn Miranda,Chancellor,3129967000,376000511 ,W8XEAJDKMXH3,00177600  ,1,www.uic.edu/,www.admissions.uic.edu/,www.financialaid.uic.edu/,www.admissions.uic.edu/apply-now,https://discover.uic.edu/#calculator,www.vpaa.uillinois.edu/resources/Post911,https://financialaid.uic.edu/consumer-information/student-outcomes/,drc.uic.edu/,1,1,1,9,1,1,11,1,2,1,1,2,11,1,A,-2,-2,-2        ,1,1,1,1,1,2,15,15,6,6,1,4,5,1,2,2,5,1,University of Illinois Board of Trustees                                        ,117040,16980,1,176,17031,Cook County,1707,-87.650503,41.871837,90,1
145619,Benedictine University, ,5700 College Rd,Lisle,IL,60532-0900,17,3,Dr. Joseph Foy PhD,President,6308296000,362722198 ,C2VYCKBGJBG1,00176700  ,1,https://ben.edu/,https://ben.edu/admissions/,https://ben.edu/financial-aid/,https://ben.edu/admissions/apply/,https://ben.edu/net-price-calculator-lisle/, , ,https://ben.edu/academics/academic-support-center/,2,1,2,9,1,1,12,1,2,2,2,2,21,1,A,-2,-2,-2        ,1,1,1,1,1,2,21,18,17,6,-2,3,5,2,2,2,2,2,-2                                                                              ,-2,16980,1,176,17043,DuPage County,1711,-88.097307,41.777569,110,2
145628,Illinois College of Optometry, ,3241 S Michigan Ave,Chicago,IL,60616-3878,17,3,Dr. Mark Colip,President,3129497400,362310478 ,HQ2MUQ6QZCC6,00168900  ,1,www.ico.edu/,https://www.ico.edu/admissions,https://www.ico.edu/funding-your-od,www.optomcas.org/,https://www.ico.edu/cost-of-attendance, , ,https://www.ico.edu/americans-with-disabilities-act,2,1,2,9,2,1,13,1,2,2,2,2,11,1,A,-2,-2,-2        ,1,1,1,1,1,1,53,26,29,-2,-2,2,6,-2,10,2,1,2,-2                                                                              ,-2,16980,1,176,17031,Cook County,1701,-87.623016,41.835447,154,2
145637,University of Illinois Urbana-Champaign,Illinois|Illinios|Ilinois|Ilinios|Urbana|Champaign|Champagne|Champaign-Urbana|Champagne-Urbana|Urbana-Champaign|Urbana-Champagne|University of Illinois at Urbana|University of Illinois at Champaign|University of Illinois at Champagne|University of Illinois at Champaign-Urbana|University of Illinois at Champagne-Urbana|UIUC|UICU|University of Illinois at UC|University of Illinois at CU,601 E John Street,Champaign,IL,61820-5711,17,3,Robert Jones,Vice President and Chancellor,2173331000,376000511 ,Y8CWNJRCNN91,00177500  ,1,www.illinois.edu/,illinois.edu/admissions,www.osfa.illinois.edu/,admissions.illinois.edu/apply,secure.osfa.illinois.edu/NPC/NPC.asp,www.vpaa.uillinois.edu/resources/Post911, ,www.disability.illinois.edu/,1,1,1,9,1,1,11,1,2,2,1,2,13,1,A,-2,-2,-2        ,1,1,1,1,1,2,15,15,6,5,1,5,5,1,2,1,5,1,University of Illinois Board of Trustees                                        ,117040,16580,1,169,17019,Champaign County,1713,-88.229114,40.104718,89,1
145646,Illinois Wesleyan University,IWU|Wesleyan,1312 N Park St,Bloomington,IL,61702-2900,17,3,Sheahon Zenger,President,3095561000,370662594 , ,00169600  ,1,www.iwu.edu/,www.iwu.edu/admissions/,www.iwu.edu/financial-aid/,www.iwu.edu/admissions/applications/,https://www.iwu.edu/financial-aid/calculators.html, ,www.iwu.edu/financial-aid/consumer-information.html,www.iwu.edu/accessibility/,2,1,2,5,1,2,30,1,2,2,2,2,13,1,A,-2,-2,-2        ,1,1,1,1,1,2,31,22,5,5,-2,2,3,1,-2,2,2,2,-2                                                                              ,-2,14010,1,145,17113,McLean County,1717,-88.992014,40.489901,136,1
145682,Illinois Central College,ICC,1 College Drive,East Peoria,IL,61635-0001,17,3,Dr. Sheila Quirk-Bailey,President,3096945422,370892531 ,KKRNX8RMLSE8,00675300  ,1,icc.edu/,icc.edu/admissions/,icc.edu/admissions/financial-aid/,icc.edu/apply/,https://icc.edu/net-price-calculator/,icc.edu/veterans/, ,icc.edu/support/access-services/,4,2,1,3,1,2,40,1,2,-2,2,2,21,1,A,-2,-2,-2        ,1,1,1,1,1,4,40,3,2,2,-2,3,1,1,-2,2,3,1,Illinois Community College System                                               ,117020,37900,1,427,17179,Tazewell County,1716,-89.524850,40.707235,64,1
145691,Illinois College, ,1101 West College Ave,Jacksonville,IL,62650-2299,17,3,Barbara Farley,President,2172453000,370661211 ,LQ3JZVN4MBD6,00168800  ,1,www.ic.edu/,www.ic.edu/admission,www.ic.edu/sfs,admission.ic.edu/apply/,www.ic.edu/npc,www.ic.edu/veterans,www.ic.edu/consumer,www.ic.edu/disabilityservices,2,1,2,7,1,1,20,1,2,2,2,2,32,1,A,-2,-2,-2        ,1,1,1,1,1,2,32,21,5,3,-2,2,3,1,-2,2,1,2,-2                                                                              ,-2,27300,2,522,17137,Morgan County,1715,-90.246171,39.731300,132,1
145707,Illinois Eastern Community Colleges, ,233 East Chestnut Street,Olney,IL,62450,17,3,Ryan Gower,Chancellor,61839329822005,370906196 ,NBJBA3SSUKV1,00174200  ,1,https://www.iecc.edu/,https://www.iecc.edu/admissions,https://www.iecc.edu/financial,https://www.iecc.edu/application,https://www.iecc.edu/netpricecalculator,https://iecc.edu/iecc/admissions-aid/financial-aid/veteransmilitary/general-information,https://www.iecc.edu/athleticsdata,https://www.iecc.edu/ada,4,2,1,3,1,2,40,1,2,-2,2,2,33,1,A,-2,-2,-2        ,1,1,1,1,1,4,40,8,3,4,-2,2,1,1,-2,2,2,1,Illinois Community College System                                               ,117020,-2,-2,-2,17159,Richland County,1712,-88.081976,38.729684,80,1
145725,Illinois Institute of Technology,Illinois Tech,10 West 35th Street,Chicago,IL,60616,17,3,Raj Echambadi,President,3125673000,362170136 ,E2NDENMDUEG8|WPMJAEJPLR15,00169100  ,1,https://www.iit.edu/,https://www.iit.edu/admissions-aid,https://www.iit.edu/financial-aid,https://www.iit.edu/admissions-aid/apply,https://www.iit.edu/admissions-aid/tuition-and-aid/undergraduate-costs-and-aid/net-price-calculator,https://www.iit.edu/resources-veterans,https://www.iit.edu/oii/equity-athletics,https://www.iit.edu/cdr,2,1,2,9,1,1,11,1,2,2,2,2,11,1,A,-2,-2,-2        ,1,1,1,1,1,2,16,16,30,6,2,3,5,11,11,2,3,2,-2                                                                              ,-2,16980,1,176,17031,Cook County,1701,-87.627321,41.831300,96,1
145813,Illinois State University, ,North and School Streets,Normal,IL,61790-1000,17,3,Aondover Tarhule,President,3094382111,376014070 ,V6WTL4T5FFJ3,00169200  ,1,illinoisstate.edu/,www.admissions.illinoisstate.edu/,financialaid.illinoisstate.edu/,www.admissions.illinoisstate.edu/apply,financialaid.illinoisstate.edu/paying,veterans.illinoisstate.edu/,www.goredbirds.com/,www.studentaccess.illinoisstate.edu/,1,1,1,9,1,1,11,1,2,2,2,2,22,1,A,-2,-2,-2        ,1,1,1,1,1,2,16,16,19,6,2,4,4,2,2,2,5,2,-2                                                                              ,-2,14010,1,145,17113,McLean County,1717,-88.990058,40.509403,93,1
145831,Illinois Valley Community College,IVCC,815 N Orlando Smith Road,Oglesby,IL,61348-9692,17,3,Dr. Tracy Morris,President,8152242720,362614257 ,VALCEME6XJK6,00170500  ,1,https://www.ivcc.edu/,https://www.ivcc.edu/admissions/,https://www.ivcc.edu/financialaid/,https://www.ivcc.edu/apply/,https://www.ivcc.edu/financialaid/net-price-calculator.php,https://www.ivcc.edu/financialaid/veterans-information.php,https://www.ivcc.edu/studentservices/studentconsumerinformation.php,https://www.ivcc.edu/can/,4,2,1,3,1,2,40,1,2,-2,2,2,32,1,A,-2,-2,-2        ,1,1,1,1,1,4,40,8,3,4,-2,2,1,1,-2,2,2,2,-2                                                                              ,-2,36837,2,176,17099,LaSalle County,1714,-89.100887,41.307440,80,1
145886,Institute for Clinical Social Work, ,1345 W Argyle Street,Chicago,IL,60640-1229,17,3,ALLAN M. HOFFMAN,President,7739436500,363157451 ,G1CUG245C6K5,02573700  ,1,www.icsw.edu/,icsw.edu/,icsw.edu/,icsw.edu/,icsw.edu/,https://www.icsw.edu/financial_aid_phd,https://www.icsw.edu/students-right-to-know,icsw.edu/,2,1,2,9,2,1,12,1,2,2,2,2,11,1,A,-2,-2,-2        ,1,1,1,1,1,1,53,26,29,-2,-2,1,6,-2,10,2,1,2,-2                                                                              ,-2,16980,1,176,17031,Cook County,1709,-87.662806,41.972414,155,2
146205,John A Logan College, ,700 Logan College Drive,Carterville,IL,62918-2500,17,3,Dr. Kirk Overstreet,President,6189852828,370905504 ,JFLWC7MNURM5,00807600  ,1,https://www.jalc.edu/,https://www.jalc.edu/admissions/,https://www.jalc.edu/financial-aid,https://my.jalc.edu/ICS/Admissions/APPLY_NOW.jnz,https://www.jalc.edu/net-price-calculator/,https://www.jalc.edu/veterans-resource-office/,https://www.jalc.edu/students-right-to-know-consumer-information/,https://www.jalc.edu/student-success-center/disability-support-services,4,2,1,3,1,2,40,1,2,-2,2,2,33,1,A,-2,-2,-2        ,1,1,1,1,1,4,40,9,2,2,-2,3,1,1,-2,2,2,1,Illinois Community College System                                               ,117020,32060,2,166,17199,Williamson County,1712,-89.090210,37.747453,83,2
146278,John Wood Community College, ,1301 S 48th Street,Quincy,IL,62305-8736,17,3,Dr. Bryan Renfro,President,2172246500,421027794 ,T7WMLBN6EJM3,01281300  ,1,www.jwcc.edu/,www.jwcc.edu/admissions/,www.jwcc.edu/financial-aid/,https://solar.jwcc.edu:8910/prod/bwskalog.P_DispLoginNew,www.jwcc.edu/financial-aid/net-price-calculator/,https://www.jwcc.edu/admissions/military/tuition-and-financial-assistance/veterans-benefits/,https://www.jwcc.edu/consumer-information/academic-information/graduation-transfer-rates/,https://www.jwcc.edu/support-services/disability-services/,4,2,1,3,1,2,40,1,2,-2,2,2,33,1,A,-2,-2,-2        ,1,1,1,1,1,4,40,4,3,4,-2,2,1,1,-2,2,2,1,Illinois Community College System                                               ,117020,39500,2,448,17001,Adams County,1715,-91.335828,39.913741,69,2
146296,Joliet Junior College, ,1215 Houbolt Rd,Joliet,IL,60431-8938,17,3,Dr. Clyne Namuo,President,8157299020,362638684 ,LUKXR6X3J5K8,00169900  ,1,https://www.jjc.edu/,https://www.jjc.edu/admissions/pages/default.aspx,https://www.jjc.edu/getting-started/pay-school/financial-aid,https://www.jjc.edu/getting-started/admissions/apply-now,https://jjc.edu/about-jjc/institutional-research-effectiveness/net-price-calculator, ,https://jjc.edu/right-know-information,https://www.jjc.edu/disability-services,4,2,1,3,1,2,40,1,2,-2,2,2,21,1,A,-2,-2,-2        ,1,1,1,1,1,4,40,5,1,2,-2,4,1,1,-2,2,4,1,Illinois Community College System                                               ,117020,16980,1,176,17197,Will County,1714,-88.180985,41.500535,70,1
146339,Judson University, ,1151 N State St,Elgin,IL,60123-1498,17,3,Dr. Gene C. Crume,President,8476282500,362515868 ,WTC3ECE4A764,00170000  ,1,www.judsonu.edu/,www.judsonu.edu/admissions-aid/,www.judsonu.edu/admissions-aid/undergraduate-financial-aid/,www.judsonu.edu/apply/,https://www.shoppingsheet.com/Shopping/Landing/judsonu, , ,https://catalog.judsonu.edu/general-information/students-disabilities/,2,1,2,9,1,1,12,1,2,2,2,2,12,1,A,-2,-2,-2        ,1,1,1,1,1,2,32,20,20,4,-2,2,4,2,2,2,1,2,-2                                                                              ,-2,16980,1,176,17089,Kane County,1708,-88.291336,42.061754,124,1
146348,Kankakee Community College, ,100 College Drive,Kankakee,IL,60901,17,3,Michael Boyd,President,8158028100,362612340 ,GVHDR68JR2X3,00769000  ,1,https://www.kcc.edu/,https://www.kcc.edu/admissions/,https://www.kcc.edu/tuition-and-aid/,https://kccedu.force.com/portal/TX_SiteLogin?startURL=%2Fportal%2FTargetX_Base__Portal,https://www.kcc.edu/tuition-and-aid/net-price-calculator,www.kcc.edu/admissions/veterans/, ,https://www.kcc.edu/student-resources/disability-services/,4,2,1,3,1,2,40,1,2,-2,2,2,13,1,A,-2,-2,-2        ,1,1,1,1,1,4,40,6,3,4,-2,2,1,1,-2,2,2,2,-2                                                                              ,-2,28100,1,176,17091,Kankakee County,1702,-87.851047,41.098178,74,1
146366,Kaskaskia College, ,27210 College Rd,Centralia,IL,62801,17,3,George Evans,President,6185453000,370892167 ,DNE9Q5EKFKU5,00170100  ,1,https://www.kaskaskia.edu/,https://www.kaskaskia.edu/admissions/,https://www.kaskaskia.edu/admissions/financial-aid/,https://onlineforms.kaskaskia.edu/,https://www.kaskaskia.edu/admissions/financial-aid/net-price-calculator/,https://www.kaskaskia.edu/admissions/veteran-and-military-students/,https://www.kaskaskia.edu/about-kc/student-right-to-know/,https://www.kaskaskia.edu/campus-life/services--resources/disability-services/,4,2,1,3,1,2,40,1,2,-2,2,2,41,1,A,-2,-2,-2        ,1,1,1,1,1,4,40,6,11,2,-2,3,1,2,-2,2,2,1,Illinois Community College System                                               ,117020,41180,1,476,17027,Clinton County,1712,-89.191974,38.562112,74,1
146418,Kishwaukee College, ,21193 Malta Rd,Malta,IL,60150-9699,17,3,Dr. Laurie Borowicz,President,8158252086,362610920 ,C8M9ATNXPG78,00768400  ,1,www.kish.edu/,https://www.kish.edu/get-started/apply/index.php,www.kish.edu/get-started/paying/financial-aid/index.php,https://www.kish.edu/get-started/apply/index.php,www.kish.edu/netpricecalc/index.html,www.kish.edu/get-started/paying/financial-aid/veterans.php,https://www.kish.edu/student-life/student-handbook/students-right-to-know.php,www.kish.edu/student-services/disability-services/index.php,4,2,1,3,1,2,40,1,2,-2,2,2,41,1,A,-2,-2,-2        ,1,1,1,1,1,4,40,5,3,2,-2,2,1,1,-2,2,2,2,-2                                                                              ,-2,16980,1,176,17037,DeKalb County,1714,-88.880524,41.938234,71,2
146427,Knox College, ,2 E South St,Galesburg,IL,61401,17,3,C. Andrew McGadney,President,3093417000,370673513 ,WFM6ZQMN9PM1,00170400  ,1,https://www.knox.edu/,https://www.knox.edu/admission,https://www.knox.edu/financialaid,https://www.knox.edu/admission/apply-to-knox,www.knox.edu/admission/cost-and-financial-aid/scholarship-and-cost-estimator, , ,https://www.knox.edu/offices/academic-affairs/disability-support-services,2,1,2,5,1,2,30,1,2,2,2,2,32,1,A,-2,-2,-2        ,1,1,1,1,1,2,31,21,22,4,-2,2,3,4,-2,2,2,2,-2                                                                              ,-2,23660,2,-2,17095,Knox County,1717,-90.373165,40.943064,132,1
146454,Educators of Beauty College of Cosmetology-Peru, ,3602 MARQUETTE RD STE 2,PERU,IL,61354-1450,17,3,Angela Clevenger,Owner,8152237326,463807286 , ,00947500  ,1,www.educatorsofbeauty.com/,www.educatorsofbeauty.com/,www.educatorsofbeauty.com/,www.educatorsofbeauty.com/,https://educatorsofbeauty.com/admissions/affordability/,www.educatorsofbeauty.com/, ,www.educatorsofbeauty.com/,9,3,3,2,1,2,0,2,2,-2,2,2,32,1,A,-2,-2,-2        ,1,1,1,1,2,6,-2,-2,-2,-2,-2,-2,-2,-2,-2,2,1,1,Sterling School of Beauty Culture Inc.                                          ,304320,36837,2,176,17099,LaSalle County,1714,-89.118454,41.354338,39,2
146472,College of Lake County, ,19351 W Washington St.,Grayslake,IL,60030-1198,17,3,Dr. Lori Suddick,President,8475432000,362648760 ,UDPDU3NFNEP7,00769400  ,1,https://www.clcillinois.edu/,https://www.clcillinois.edu/get-started,https://www.clcillinois.edu/get-started/financial-aid,https://clcadmissions.my.site.com/application/TX_SiteLogin?startURL=%2Fapplication%2FTargetX_Portal__PB,https://www.clcillinois.edu/get-started/tuition-and-fees,https://www.clcillinois.edu/get-started/financial-aid/types-of-financial-aid/military-and-veteran-benefits,https://www.clcillinois.edu/aboutclc/policies---legal-notices,https://www.clcillinois.edu/aboutclc/diversity-at-clc/access-and-disability-resources,4,2,1,3,1,2,40,1,2,-2,2,2,21,1,A,-2,-2,-2        ,1,1,1,1,1,4,40,3,1,2,-2,4,1,1,-2,2,4,2,-2                                                                              ,-2,16980,1,176,17097,Lake County,1710,-88.012291,42.354164,64,1
146481,Lake Forest College, ,555 N Sheridan Road,Lake Forest,IL,60045-2338,17,3,Jill M. Baren,President,8472343100,362167770 ,NCHSEV4M47D9,00170600  ,1,www.lakeforest.edu/,www.lakeforest.edu/admissions/,www.lakeforest.edu/admissions/finaid/,www.lakeforest.edu/admissions/apply/,www.lakeforest.edu/admissions/financial-aid/financial-aid-for-new-students/net-price-calculator,https://www.lakeforest.edu/admissions/financial-aid/veterans/dependents, ,https://foresternet.lakeforest.edu/student-resources/accessibility-services,2,1,2,7,1,1,20,1,2,2,2,2,21,1,A,-2,-2,-2        ,1,1,1,1,1,2,31,21,22,4,-2,2,3,4,2,2,2,2,-2                                                                              ,-2,16980,1,176,17097,Lake County,1710,-87.827454,42.249574,129,1
146490,Lake Forest Graduate School of Management, ,1905 W. Field Court,Lake Forest,IL,60045,17,3,Carrie Buchwald,President & CEO,8472345005,237013253 ,GKQNMBNNKGD4,02319200  ,1,https://lfgsm.edu/,https://lfgsm.edu/admissions/,https://lfgsm.edu/admissions/,https://lfgsm.edu/admissions/, , , ,https://lfgsm.edu/policies/,2,1,2,7,2,1,20,1,2,2,2,2,21,1,A,-2,-2,-2        ,1,1,1,1,1,1,55,29,24,-2,-2,1,6,-2,6,2,1,2,-2                                                                              ,-2,16980,1,176,17097,Lake County,1710,-87.893204,42.243432,163,2
146506,Lake Land College, ,5001 Lake Land Blvd,Mattoon,IL,61938,17,3,Dr. Jonathon Bullock,President,2172345253,370896233 ,CXUHYLV7VZN7,00764400  ,1,www.lakelandcollege.edu/,www.lakelandcollege.edu/admissions/,www.lakelandcollege.edu/financialaid/,www.lakelandcollege.edu/enroll/,www.lakelandcollege.edu/financialaid/net-price-calculator/,https://www.lakelandcollege.edu/financialaid/veterans-programs/,www.lakelandcollege.edu/student-handbook/graduation-and-transfer-rates/,www.lakelandcollege.edu/student-accommodations/,4,2,1,3,1,2,40,1,2,-2,2,2,41,1,A,-2,-2,-2        ,1,1,1,1,1,4,40,9,2,4,-2,3,1,1,-2,2,2,2,-2                                                                              ,-2,16660,2,-2,17029,Coles County,1712,-88.380835,39.416969,83,2
146533,Lakeview College of Nursing, ,903 N Logan Ave,Danville,IL,61832,17,3,Sheila Mingee,President/CEO,2177090920,370692975 ,L2PPJLNNKRK7,01050100  ,1,https://lcn.edu/,https://lcn.edu/admissions-requirements,https://lcn.edu/tuition-and-financial-aid,https://lcn.edu/applications-and-forms, ,https://lcn.edu/tuition-fees-expenses-refunds,https://lcn.edu/student-achievement-data,https://lcn.edu/catalog-2022-2023/section-vii-student-services/americans-with-disabilities-policy,2,1,2,5,1,2,30,1,2,2,2,2,32,1,A,-2,-2,-2        ,1,1,1,1,1,2,53,26,28,-2,-2,1,3,9,-2,2,1,2,-2                                                                              ,-2,19180,2,169,17183,Vermilion County,1702,-87.644379,40.138550,155,2
146603,Lewis and Clark Community College, ,5800 Godfrey Rd,Godfrey,IL,62035,17,3,Kenneth Trzaska,President,6184687000,370919339 ,WZVXKJBE3L84,01002000  ,1,www.lc.edu/,www.lc.edu/admissions,www.lc.edu/pay-for-college/financial-aid/index.html,https://lc.elluciancrmrecruit.com/Apply/,https://www.lc.edu/pay-for-college/calculator.html,www.lc.edu/pay-for-college/financial-aid/types-of-aid/vets-education-benefits.html,www.lc.edu/college-information/consumer-information/student-right-to-know.html,https://www.lc.edu/student-services/access-accomodations/index.html,4,2,1,3,1,2,40,1,2,-2,2,2,23,1,A,-2,-2,-2        ,1,1,1,1,1,4,40,6,2,2,-2,3,1,1,-2,2,2,1,Illinois Community College System                                               ,117020,41180,1,476,17119,Madison County,1715,-90.194405,38.951624,74,2
146612,Lewis University,Lewis College  Lewis College of Science and Technology  Lewis School of Aeronautics  Lewis Holy Name School of Aeronautics  Lewis Holy Name Technical School  Holy Name Technical School,One University Parkway,Romeoville,IL,60446-2200,17,3,"David J. Livingston, Ph.D.",President,8158380500,362167773 ,EHUHEAQXWAU5,00170700  ,1,www.lewisu.edu/,www.lewisu.edu/admissions/index.htm,www.lewisu.edu/admissions/finaid/index.htm,www.lewisu.edu/admissions/application.htm,www.lewisu.edu/admissions/finaid/scholarshipcalculator.htm,www.lewisu.edu/admissions/Finaid/faq.htm,https://lewisflyers.com/documents/2021/12/7/Lewis_University_NCAA_FGR_and_ASR.pdf,www.lewisu.edu/case/disabilityservices/index.htm,2,1,2,9,1,1,11,1,2,2,2,2,21,1,A,-2,-2,-2        ,1,1,1,1,1,2,21,18,19,6,-2,3,4,2,2,2,3,2,-2                                                                              ,-2,16980,1,176,17197,Will County,1714,-88.079032,41.605432,108,1
146667,Lincoln Christian University, ,100 Campus View Drive,Lincoln,IL,62656-2111,17,3, , , ,-1        , ,00170800  ,5, , , , , , , , ,2,1,2,9,1,1,13,1,2,-2,-2,2,32,1,D,-2,2024,05/31/2024,3,1,3,9,-2,-2,51,20,31,-2,-2,2,4,12,12,2,-2,-2,-2                                                                              ,-2,30660,2,522,17107,Logan County,1715,-89.346721,40.148924,-2,-2
146685,Lincoln Land Community College,LLCC | Lincoln Land,5250 Shepherd Rd,Springfield,IL,62794-9256,17,3,Dr Charlotte Warren,President,2177862200,370900960 ,KN4JX3CSXLY3,00717000  ,1,www.llcc.edu/,www.llcc.edu/student-services/admission/,www.llcc.edu/financial-aid,https://www.llcc.edu/apply-llcc,https://forms.llcc.edu/Calc/,www.llcc.edu/financial-aid/veterans-benefits/, ,www.llcc.edu/accessibility-services/,4,2,1,3,1,2,40,1,2,-2,2,2,41,1,A,-2,-2,-2        ,1,1,1,1,1,4,40,6,2,2,-2,3,1,1,-2,2,3,2,-2                                                                              ,-2,44100,1,522,17167,Sangamon County,1713,-89.611249,39.721211,73,1
146700,Lincoln College of Technology-Melrose Park, ,8317 W North Avenue,Melrose Park,IL,60160-1605,17,3,Karen Clark,Campus President,708344470041600,222074593 ,M2MTV9TZKWV3,00730307  ,1,www.lincolntech.edu/campus/melrose-park-il,www.lincolntech.edu/campus/melrose-park-il,www.lincolntech.edu/campus/melrose-park-il,www.lincolntech.edu/campus/melrose-park-il,www.lincolntech.edu/net-price-calculator,www.lincolntech.edu/financial-assistance/military, ,www.lincolntech.edu/campus/melrose-park-il/consumer-info,6,2,3,3,1,2,40,1,2,-2,2,2,21,1,A,-2,-2,-2        ,1,1,1,1,2,4,-2,7,21,4,-2,2,1,3,-2,2,2,1,Lincoln Educational Services                                                    ,302900,16980,1,176,17031,Cook County,1704,-87.832162,41.905577,78,1
146719,Loyola University Chicago, ,1032 W. Sheridan Rd,Chicago,IL,60660,17,3,"Mark Reed, EdD.",President,7732743000,361408475 ,RFRPFMNR8LA5| CVNBL4GDUKF3,00171000  ,1,https://www.luc.edu/,https://www.luc.edu/undergrad/,https://www.luc.edu/finaid/index.shtml,https://www.luc.edu/undergrad/apply/,https://www.luc.edu/undergrad/tuitionandfinancialaid/netpricecalculator/,https://www.luc.edu/finaid/veteducation.shtml,https://loyolaramblers.com/sports/2017/5/25/compliance-about-us-html.aspx,https://www.luc.edu/sac/,2,1,2,9,1,1,11,1,2,2,1,2,11,1,A,-2,-2,-2        ,1,1,1,1,1,2,15,16,7,5,1,3,5,1,2,2,4,2,-2                                                                              ,-2,16980,1,176,17031,Cook County,1709,-87.656872,42.000765,96,1
146728,Lutheran School of Theology at Chicago,LSTC,"5416 S. Cornell Avenue, Fourth Floor",Chicago,IL,60615,17,3,James R. Nieman,President,7732560700,362246704 ,R3S7S1NN4XR8,00171200  ,1,www.lstc.edu/,https://www.lstc.edu/admissions,https://www.lstc.edu/admissions/financial-aid,https://www.lstc.edu/admissions/apply,www.lstc.edu/admissions/tuition, , ,https://lstc.edu/wp-content/uploads/2023/01/2022-23-All-Student-Handbok.Updated10.25.22.pdf,2,1,2,9,2,1,12,1,2,2,2,2,11,1,A,-2,-2,-2        ,1,1,1,1,1,1,51,24,31,-2,-2,1,6,-2,12,2,1,2,-2                                                                              ,-2,16980,1,176,17031,Cook County,1702,-87.585989,41.797895,149,1
146755,Trinity College of Nursing & Health Sciences,Trinity College|Trinity College of Nursing and Health Sciences|Trinity College of Nursing,2122 25th Avenue,Rock Island,IL,61201-5317,17,3,"Tracy Poelvoorde MS, RN, PhD",Chancellor,3097797700,810994377 ,YEBAR2WU67C8,00622500  ,1,www.trinitycollegeqc.edu/,www.trinitycollegeqc.edu/future-students/admissions,www.trinitycollegeqc.edu/future-students/tuition-financial-aid,https://fbrenderer-100978.campusnexus.cloud/#/renderer/App?cid=7,www.trinitycollegeqc.edu/future-students/tuition-financial-aid/net-price-calculator,www.trinitycollegeqc.edu/our-programs/nursing-programs/military-medic-advanced-standing, ,www.trinitycollegeqc.edu/accessibility-services.aspx,2,1,2,7,1,1,20,1,2,2,2,2,13,1,A,-2,-2,-2        ,1,1,1,1,1,2,53,26,28,-2,-2,1,3,9,9,2,1,2,-2                                                                              ,-2,19340,1,209,17161,Rock Island County,1717,-90.568862,41.484924,155,2
146807,Steven Papageorge Hair Academy,steven papageorge hair academy,3401 w Lawrence,Chicago,IL,60625,17,3,Steven Papageorge,Director,7738835100,362764693 ,QQDKK7KL6453,02228100  ,1,stevenpapageorgehairacademy.com/, , , ,www.stevenpapageorgehairacademy.com/courses/, , ,stevenpapageorgehairacademy.com/courses/,9,3,3,2,1,2,0,2,2,-2,2,2,11,1,A,-2,-2,-2        ,1,1,1,1,2,6,-2,-2,-2,-2,-2,-2,-2,-2,-2,2,1,2,-2                                                                              ,-2,16980,1,176,17031,Cook County,1703,-87.713577,41.968291,42,2
146816,Generations College,Generations College,29 E. Madison Street,Chicago,IL,60602-4405,17,3,Dr. Grace Alexis,Chancellor,3129221884203,362581098 ,DGN3FFPKQW15,00171600  ,1,www.generations.edu/,www.generations.edu/academics,www.generations.edu/academics,www.generations.edu/apply-online,www.generations.edu/admissions/tuition-and-costs,www.generations.edu/admissions/veterans-educational-benefits, ,www.generations.edu/students-disability-form,5,2,2,3,1,2,40,1,2,-2,2,2,11,1,A,-2,-2,-2        ,1,1,1,1,1,4,40,4,12,4,-2,1,1,2,-2,2,1,2,-2                                                                              ,-2,16980,1,176,17031,Cook County,1707,-87.626675,41.881773,86,1
146977,McCormick Theological Seminary, ,"5416 South Cornell Avenue, 5th Floor",Chicago,IL,60615,17,3,Maisha I. Handy,President,7739476300,362167802 ,CT3DWHJNS977,00172100  ,1,https://www.mccormick.edu/,https://www.mccormick.edu/explore,https://www.mccormick.edu/future-masters-students/financing-a-masters-education?rq=nate ramsey,https://www.mccormick.edu/welcome-to-mccormick,https://www.mccormick.edu/future-masters-students/financing-a-masters-education,https://www.mccormick.edu/s/Academic-Catalog-2021-2022-final-pgff.pdf, ,https://www.mccormick.edu/s/2021-2022-Masters-Level-Campus-Life-Handbook_FINAL-rfss.pdf,2,1,2,9,2,1,14,1,2,2,2,2,11,1,A,-2,-2,-2        ,1,1,1,1,1,1,51,24,31,-2,-2,1,6,-2,12,2,1,2,-2                                                                              ,-2,16980,1,176,17031,Cook County,1702,-87.585989,41.797895,149,1
147004,McHenry County College,"MCC, McHenry, McHenrey",8900 US Hwy 14,Crystal Lake,IL,60012-2761,17,3,Clinton Gabbard,President,8154553700,362640702 ,HQPNJT61VBZ1,00769100  ,1,www.mchenry.edu/,www.mchenry.edu/admissions,www.mchenry.edu/financialaid,www.mchenry.edu/apply,www.mchenry.edu/netprice,www.mchenry.edu/financialaid/veterans.html,www.mchenry.edu/sturight2know/,www.mchenry.edu/access,4,2,1,3,1,2,40,1,2,-2,2,2,41,1,A,-2,-2,-2        ,1,1,1,1,1,4,40,3,2,1,-2,3,1,1,-2,2,3,2,-2                                                                              ,-2,16980,1,176,17111,McHenry County,1711,-88.368956,42.259111,64,1
147013,McKendree University, ,701 College Rd,Lebanon,IL,62254-1291,17,3,Daniel C. Dobbins,President,6185374481,370661219 ,V92NBJ823E53,00172200  ,1,https://www.mckendree.edu/,https://www.mckendree.edu/admission/,https://www.mckendree.edu/offices/financial-aid/index.php,https://www.mckendree.edu/admission/info/index.php,https://mckendree.studentaidcalculator.com/survey.aspx,https://www.mckendree.edu/admission/interest/military/index.php,https://www.mckendree.edu/offices/institutional-research/,https://www.mckendree.edu/offices/student-success-advising-center/disability-services.php,2,1,2,9,1,1,12,1,2,2,2,2,21,1,A,-2,-2,-2        ,1,1,1,1,1,2,32,19,20,3,-2,2,4,2,2,2,2,2,-2                                                                              ,-2,41180,1,476,17163,St. Clair County,1712,-89.816822,38.608154,117,1
147031,Meadville Theological School of Lombard College,Meadville Lombard Theological School,"180 N. Wabash Avenue, Suite 700",Chicago,IL,60601,17,3,Elias Ortega,President,7732563000,366078270 ,SLFAG6LL8ML3,00172300  ,1,www.meadville.edu/,www.meadville.edu/becoming-a-student/,www.meadville.edu/becoming-a-student/financial-aid-scholarships/,www.meadville.edu/becoming-a-student/applying-to-meadville-lombard/,www.meadville.edu/becoming-a-student/tuition-and-fees/, , ,https://files.meadville.edu/files/resources/mlts-ada-policy-and-accommodation-request-form.pdf,2,1,2,9,2,1,14,1,2,2,2,2,11,1,A,-2,-2,-2        ,1,1,1,1,1,1,51,24,31,-2,-2,1,6,-2,12,2,1,2,-2                                                                              ,-2,16980,1,176,17031,Cook County,1707,-87.626710,41.885452,149,2
147129,Methodist College, ,7600 N. Academic Drive,Peoria,IL,61615,17,3,Kayla Banks,Chancellor,3096725513,370661223 ,Y6WKQCW8SH13,00622800  ,1,www.methodistcol.edu/,www.methodistcol.edu/methodistcollege/Future/admissions/,www.methodistcol.edu/financial-aid.aspx,https://cams.methodistcol.edu/eapplication/login.asp,https://www.methodistcol.edu/net-price-calculator.aspx, , ,https://www.methodistcol.edu/disability-services.aspx,2,1,2,8,1,1,20,1,2,2,2,2,12,1,A,-2,-2,-2        ,1,1,1,1,1,2,-2,26,28,6,-2,2,3,9,9,2,1,1,Methodist Medical Center of Illinois                                            ,200900,37900,1,427,17143,Peoria County,1716,-89.682864,40.780400,154,1
147244,Millikin University, ,1184 W Main St,Decatur,IL,62522-2084,17,3,"James M. Reynolds, Ph.D.",President,2174246211,370706154 ,TPJKP6CRWA28,00172400  ,1,https://millikin.edu/,https://millikin.edu/admission/admission-information,https://millikin.edu/admission/tuition-aid,https://millikin.edu/admission/apply,https://tcc.ruffalonl.com/Millikin University/First-Year-Students,https://millikin.edu/admission/tuition-fees/scholarships-aid/veterans-benefits,https://millikin.edu/academics/registrars-office/resources-forms/student-right-know-act,millikin.edu/campus-life/campus-services/health-wellness/accessibility,2,1,2,9,1,1,13,1,2,2,2,2,13,1,A,-2,-2,-2        ,1,1,1,1,1,2,32,22,15,4,-2,2,3,2,6,2,2,2,-2                                                                              ,-2,19500,1,-2,17115,Macon County,1713,-88.976298,39.842612,136,1
147341,Monmouth College, ,700 E Broadway,Monmouth,IL,61462-1998,17,3,Patricia Draves,President,3094572311,370661228 ,JXLVJJ9K3KC7,00172500  ,1,https://www.monmouthcollege.edu/,https://www.monmouthcollege.edu/admission/,https://www.monmouthcollege.edu/offices/student-financial-planning/thcollege.edu/admissions/financial-aid/default.aspx,https://www.monmouthcollege.edu/admission/apply/,https://www.monmouthcollege.edu/offices/student-financial-planning/cost-calculator/,https://www.monmouthcollege.edu/offices/student-financial-planning/types-of-aid/scholarships/,https://www.monmouthcollege.edu/student-consumer-information/,https://www.monmouthcollege.edu/offices/student-success-and-accessibility-services/,2,1,2,5,1,2,30,1,2,2,2,2,32,1,A,-2,-2,-2        ,1,1,1,1,1,2,31,21,5,3,-2,2,3,1,-2,2,1,2,-2                                                                              ,-2,-2,-2,-2,17187,Warren County,1717,-90.637310,40.914824,132,2
147369,Moody Bible Institute,Moody Theological Seminary and Graduate School; Moody Theological Seminary and Graduate School--Michigan; Moody Bible Institute Aviation--Spokane,820 N LaSalle Blvd,Chicago,IL,60610-3284,17,3,Mark Jobe,President,3123294000,362167792 ,R74GJXU7NKE5,00172700  ,1,https://www.moody.edu/,https://www.moody.edu/admissions/undergrad/,https://www.moody.edu/federal-financial-aid/,https://www.moody.edu/apply/LocalAccount/login?ReturnUrl=%2fapply%2f,https://www.moody.edu/siteassets/website_assets/files/financial-aid/net-price-calculator/npcalc-chicago.html,https://www.moody.edu/federal-financial-aid/veterans-benefits/, ,https://www.moody.edu/disability-services/,2,1,2,9,1,1,12,1,2,2,2,2,11,1,A,-2,-2,-2        ,1,1,1,1,1,2,-2,24,31,-2,-2,2,4,12,12,2,2,2,-2                                                                              ,-2,16980,1,176,17031,Cook County,1707,-87.633459,41.897822,147,2
147378,Moraine Valley Community College,MVCC/Moraine/Moraine Valley/Moraine Valley CC,9000 W. College Parkway,Palos Hills,IL,60465-0937,17,3,Dr. Pamela J. Haney,President,7089744300,362614971 ,V68VE574B1K7,00769200  ,1,www.morainevalley.edu/,www.morainevalley.edu/admissions,https://www.morainevalley.edu/cost-and-aid,https://enroll.morainevalley.edu/,https://netcalc.apps.morainevalley.edu/,https://www.morainevalley.edu/cost-and-aid/financial-aid/veterans-benefits/,www.morainevalley.edu/right-to-know/,www.morainevalley.edu/cds,4,2,1,3,1,2,40,1,2,-2,2,2,21,1,A,-2,-2,-2        ,1,1,1,1,1,4,40,6,2,2,-2,3,1,1,-2,2,4,1,Illinois Community College System                                               ,117020,16980,1,176,17031,Cook County,1706,-87.836915,41.694613,73,2
147396,Morrison Institute of Technology,Morrison Tech,701 Portland Ave,Morrison,IL,61270-2959,17,3,Christopher Scott,President,8157727218201,362919340 ,SA6YL4VH9YJ3,00888000  ,1,www.morrisontech.edu/,www.morrisontech.edu/,www.morrisontech.edu/,https://www.morrisontech.edu/admissions/apply/application/,https://www.morrisontech.edu/net-price-calculator/, , ,www.morrisontech.edu/,5,2,2,3,1,2,40,1,2,-2,2,2,42,1,A,-2,-2,-2        ,1,1,1,1,1,4,40,11,21,5,-2,1,1,3,-2,2,1,2,-2                                                                              ,-2,44580,2,221,17195,Whiteside County,1717,-89.965963,41.797100,178,2
147411,Morton College, ,3801 S Central Ave,Cicero,IL,60804-4398,17,3,Dr. Keith McLaughlin,President,7086568000,362615274 ,R52XBWC9F6N3,00172800  ,1,www.morton.edu/,www.morton.edu/Admissions-Registration/,www.morton.edu/financial-aid/,https://web-adv.morton.edu/WebAdvisor/WebAdvisor?TYPE=M&PID=CORE-WBMAIN&TOKENIDX=6011170775,https://www.morton.edu/net-price-calculator/,https://www.morton.edu/financial-aid/aid-for-veterans/,https://www.morton.edu/about/morton-college-at-a-glance/students-right-to-know-information/,https://www.morton.edu/about/students-with-disabilities/,4,2,1,3,1,2,40,1,2,-2,2,2,21,1,A,-2,-2,-2        ,1,1,1,1,1,4,40,8,2,4,-2,3,1,1,-2,2,2,2,-2                                                                              ,-2,16980,1,176,17031,Cook County,1704,-87.762306,41.824303,80,2
147536,National Louis University, ,122 S Michigan Ave,Chicago,IL,60603,17,3,Nivine Megahed,President,8004435522,362167804 ,N1XKNBG56BM5,00173300  ,1,www.nl.edu/,www.nl.edu/admissions/,www.nl.edu/tuition-and-aid/,www.nl.edu/apply-now/,www.nl.edu/tuition-and-aid/tuition-and-fees/net-price-calculator/,www.nl.edu/student-services/veterans-and-military-support/, ,www.nl.edu/ada-accessibility-services/,2,1,2,9,1,1,11,1,2,2,2,2,11,1,A,-2,-2,-2        ,1,1,1,1,1,2,16,17,17,4,-2,3,5,2,2,2,3,2,-2                                                                              ,-2,16980,1,176,17031,Cook County,1707,-87.624699,41.880093,98,1
147590,National University of Health Sciences,National College of Chiropractic,200 E Roosevelt Rd,Lombard,IL,60148-4583,17,3,"Joseph Stiefel, MS, EdD, DC",President,6306292000,361521940 ,RLXUNBXAH9G1,00173200  ,1,https://www.nuhs.edu/,https://www.nuhs.edu/admissions/,https://www.nuhs.edu/student-services/fin-aid/, ,https://www.nuhs.edu/about-us/consumer-information/financial-assistance-information/,https://www.nuhs.edu/student-services/registrar/veteran-benefits/, ,https://www.nuhs.edu/student-services/support-services/students-with-disabilities/,2,1,2,9,1,1,13,1,2,2,2,2,21,1,A,-2,-2,-2        ,1,1,1,1,1,2,53,26,29,-2,-2,2,6,1,10,2,1,2,-2                                                                              ,-2,16980,1,176,17043,DuPage County,1706,-88.013171,41.861697,154,1
147642,Cosmetology Concepts Niles,John Amico School of Hair Design 2,8057 N. Milwaukee Avenue,Niles,IL,60714,17,3,John Amico Jr,President,8479658061,844776754 ,WFWQHEHMFLW9,02556600  ,1,johnamicoschoolofhairdesign.com/,johnamicoschoolofhairdesign.com/,johnamicoschoolofhairdesign.com/,johnamicoschoolofhairdesign.com/,https://www.johnamicoschoolofhairdesign.com/financial-aid/fafsa-net-price-calculator/, , ,johnamicoschoolofhairdesign.com/,9,3,3,2,1,2,0,2,2,-2,2,2,21,1,A,-2,-2,-2        ,1,1,1,1,2,6,-2,-2,-2,-2,-2,-2,-2,-2,-2,2,1,2,-2                                                                              ,-2,16980,1,176,17031,Cook County,1709,-87.815113,42.027601,43,2
147660,North Central College,NCC|North Central|Cardinals|North Central University|University of Naperville|Naperville University,30 N Brainard St,Naperville,IL,60540,17,3,Dr. Abiodun Goke-Pariola,President,6306375100,362169157 ,Q9DFEB82TQN5,00173400  ,1,northcentralcollege.edu/,northcentralcollege.edu/admission,northcentralcollege.edu/financial-aid,https://northcentralcollege.edu/apply,northcentralcollege.edu/financial-aid/estimate,https://www.northcentralcollege.edu/veteran-applicants/veteran-success-services, ,https://www.northcentralcollege.edu/health-safety-reports-policies/access-and-accommodations,2,1,2,9,1,1,13,1,2,2,2,2,12,1,A,-2,-2,-2        ,1,1,1,1,1,2,21,20,15,3,-2,2,3,2,2,2,2,2,-2                                                                              ,-2,16980,1,176,17043,DuPage County,1711,-88.142790,41.775760,123,1
147679,North Park University, ,3225 W Foster Ave,Chicago,IL,60625-4895,17,3,Mary Surridge,President,7732446200,361557840 , ,00173500  ,1,www.northpark.edu/,www.northpark.edu/Admissions,www.northpark.edu/Financial-Aid,www.northpark.edu/admissions-aid/undergraduate-admissions/getting-started-with-north-park-university/how-to-apply,www.northpark.edu/Financial-Aid/Undergraduate/Cost/Net-Price-Calculator,www.northpark.edu/veterans, ,www.northpark.edu/ADA,2,1,2,9,1,1,13,1,2,2,2,2,11,1,A,-2,-2,-2        ,1,1,1,1,1,2,21,18,20,4,-2,2,4,2,2,2,2,2,-2                                                                              ,-2,16980,1,176,17031,Cook County,1703,-87.709948,41.975268,111,2
147697,Northern Baptist Theological Seminary,Northern Seminary,"410 Warrenville Road, Suite 300",Lisle,IL,60532-1348,17,3,Dr. Joy Moore,President,6306202109,362169160 ,LUDJT1YKDM13,00173600  ,1,www.seminary.edu/,www.seminary.edu/admissions/,https://www.seminary.edu/students/scholarships/,www.seminary.edu/apply/,https://www.seminary.edu/programs/course-list/planning/fees-and-aid/,https://www.seminary.edu/about/campus-safety-and-compliance/, ,www.seminary.edu/about/campus-safety-and-compliance,2,1,2,9,2,1,11,1,2,2,2,2,21,1,A,-2,-2,-2        ,1,1,1,1,1,1,-2,24,31,-2,-2,1,6,-2,12,2,1,2,-2                                                                              ,-2,16980,1,176,17043,DuPage County,1706,-88.056162,41.809104,148,2
147703,Northern Illinois University, ,1425 W. Lincoln Hwy.,Dekalb,IL,60115-2828,17,3,Lisa Freeman,President,8008923050,366008480 ,M2EEE68GGCY9,00173700  ,1,www.niu.edu/,www.niu.edu/Apply/index.shtml,www.niu.edu/fa/,www.niu.edu/admissions/apply/index.shtml,www.niu.edu/bursar/tuition/estimator.shtml,www.niu.edu/military-veteran/financial/index.shtml,https://www.niu.edu/disclosures/index.shtml,www.niu.edu/disability/,1,1,1,9,1,1,11,1,2,2,2,2,23,1,A,-2,-2,-2        ,1,1,1,1,1,2,15,16,7,4,2,3,5,1,2,2,4,2,-2                                                                              ,-2,16980,1,176,17037,DeKalb County,1714,-88.766428,41.933869,94,2
147767,Northwestern University, ,633 Clark St,Evanston,IL,60208,17,3,Michael H. Schill,President,8474913741,362167817 ,KG76WYENL5K1|EXZVPWZBLUE8,00173900  ,1,www.northwestern.edu/,www.northwestern.edu/admissions/,www.undergradaid.northwestern.edu/,www.northwestern.edu/admissions/,https://npc.collegeboard.org/student/app/northwestern,www.chicagofinancialaid.northwestern.edu/veteran-resources/,https://www.registrar.northwestern.edu/records/enrollment-graduation-statistics/graduation-rates.html,www.northwestern.edu/accessiblenu/about-us/our-office/,2,1,2,9,1,1,11,1,2,2,1,2,13,1,A,-2,-2,-2        ,1,1,1,1,1,2,15,15,6,5,1,4,5,1,2,2,5,2,-2                                                                              ,-2,16980,1,176,17031,Cook County,1709,-87.679858,42.050356,92,1
147776,Northeastern Illinois University,NEIU,5500 N Saint Louis Ave,Chicago,IL,60625-4699,17,3,"Katrina Bell-Jordan, PhD",President,7735834050,366009515 ,MR73WF5SHRW4,00169300  ,1,www.neiu.edu/,https://admissions.neiu.edu/,www.neiu.edu/financial-aid/,https://admissions.neiu.edu/admission-requirements,www.neiu.edu/financial-aid/financing-your-education/calculating-your-net-cost,https://admissions.neiu.edu/veterans-services,www.neiu.edu/about/office-institutional-research-and-assessment/data-digest/graduation-and-retention-rates,www.neiu.edu/university-life/student-disability-services,1,1,1,7,1,1,20,1,2,2,2,2,11,1,A,-2,-2,-2        ,1,1,1,1,1,2,21,18,9,4,-2,3,4,1,2,2,3,2,-2                                                                              ,-2,16980,1,176,17031,Cook County,1705,-87.718983,41.980399,107,1
147800,Oakton College, ,1600 E Golf Rd.,Des Plaines,IL,60016-1268,17,3,Joianne Smith,President,8476351600,362681999 ,CFRYVNMY9WV8,00989600  ,1,www.oakton.edu/,www.oakton.edu/admission/,www.oakton.edu/paying-for-college/financial-aid/,oaktonapply.force.com/OnlineApp/TX_SiteLogin?startURL=%2FOnlineApp%2FTargetX_Portal__PB,https://npc.collegeboard.org/app/oakton,https://www.oakton.edu/admissions/apply-to-oakton/veterans-info/,www.oakton.edu/about/policies-and-legal-notices/student-right-to-know.php,www.oakton.edu/studentservices/disability_services/index.php,4,2,1,3,1,2,40,1,2,-2,2,2,13,1,A,-2,-2,-2        ,1,1,1,1,1,4,40,3,2,1,-2,3,1,1,-2,2,3,2,-2                                                                              ,-2,16980,1,176,17031,Cook County,1705,-87.880644,42.061893,64,1
147819,Oehrlein School of Cosmetology, ,100 Meadow Avenue,East Peoria,IL,61611,17,3,Sandra L. Gay,President,3096991561,371403962 ,F541Y8ZBMEP4,02297500  ,1,oehrleinschool.com/,oehrleinschool.com/,oehrleinschool.com/,oehrleinschool.com/,oehrleinschool.com/NetPriceCalculator/index.html,oehrleinschool.com/, ,oehrleinschool.com/,9,3,3,2,1,2,0,2,2,-2,2,2,21,1,A,-2,-2,-2        ,1,1,1,1,2,6,-2,-2,-2,-2,-2,-2,-2,-2,-2,2,1,2,-2                                                                              ,-2,37900,1,427,17179,Tazewell County,1716,-89.557120,40.665832,36,2
147828,Olivet Nazarene University, ,One University Avenue,Bourbonnais,IL,60914-2271,17,3,Gregg A. Chenoweth,President,8159395011,362191252 ,DS9LLJEWMMC8,00174100  ,1,https://www.olivet.edu/,https://www.olivet.edu/admissions,https://www.olivet.edu/financial-aid/,https://www.olivet.edu/apply,https://olivet.studentaidcalculator.com/survey.aspx,https://www.olivet.edu/military-aid,https://www.olivet.edu/federal-disclosures/,https://www.olivet.edu/academics/colleges/college-professional-studies/center-academic-excellence/accessibility-disability-resources/,2,1,2,9,1,1,12,1,2,2,2,2,23,1,A,-2,-2,-2        ,1,1,1,1,1,2,21,18,19,4,-2,3,4,2,2,2,2,2,-2                                                                              ,-2,28100,1,176,17091,Kankakee County,1702,-87.875165,41.155237,110,1
147916,Parkland College, ,2400 W Bradley Ave,Champaign,IL,61821-1899,17,3,Pam Lau,President,2173512200,370892090 ,JJ67LYFKNYK2,00711800  ,1,https://www.parkland.edu/,https://www.parkland.edu/Main/Admissions,https://www.parkland.edu/Main/About-Parkland/Department-Office-Directory/Financial-Aid-and-Veteran-Services,https://webapp.parkland.edu/apply/,https://web.parkland.edu/netpricecalculator/,https://parkland.edu/Main/About-Parkland/Department-Office-Directory/Financial-Aid-and-Veteran-Services/Veteran-Services,https://www.parkland.edu/Main/About-Parkland/Consumer-Information,https://parkland.edu/Main/About-Parkland/Department-Office-Directory/Counseling-Services/Accessibility-Services,4,2,1,3,1,2,40,1,2,-2,2,2,13,1,A,-2,-2,-2        ,1,1,1,1,1,4,40,6,2,4,-2,3,1,1,-2,2,3,2,-2                                                                              ,-2,16580,1,169,17019,Champaign County,1713,-88.290359,40.131963,73,2
148007,Prairie State College, ,202 South Halsted Street,Chicago Heights,IL,60411-8226,17,3,Dr. Michael Anthony,President,7087093500,362603931 ,TB9JTHKWXYJ7,00164000  ,1,prairiestate.edu/,prairiestate.edu/apply-reg-pay/,prairiestate.edu/apply-reg-pay/financial-aid,https://psc-apply.force.com/application/TX_SiteLogin?startURL=%2Fapplication%2FTargetX_Portal__PB,prairiestate.edu/apply-reg-pay/financial-aid-calculator/net-price-calculator/index.aspx,prairiestate.edu/apply-reg-pay/tuition-and-fees/index.aspx,prairiestate.edu/about-us/operational-departments/institutional-research/student-right-to-know-information.aspx,prairiestate.edu/student-services/disability-services.aspx,4,2,1,3,1,2,40,1,2,-2,2,2,21,1,A,-2,-2,-2        ,1,1,1,1,1,4,40,6,2,2,-2,3,1,1,-2,2,2,2,-2                                                                              ,-2,16980,1,176,17031,Cook County,1702,-87.638943,41.525316,74,1
148016,Principia College, ,1 Maybeck Place,Elsah,IL,62028-9799,17,3,Daniel Norton,College President,6183742131,430652667 ,VSX1A62L44D5,00174400  ,3,www.principiacollege.edu/,www.principiacollege.edu/admissions,www.principiacollege.edu/finaid,www.principiacollege.edu/apply,npc.collegeboard.org/app/principia, ,www.principiacollege.edu/srtk,www.principiacollege.edu/,2,1,2,5,1,2,30,1,2,2,2,2,41,1,A,-2,-2,-2        ,1,1,1,2,1,2,31,21,22,-2,-2,1,3,4,-2,2,1,2,-2                                                                              ,-2,41180,1,476,17083,Jersey County,1715,-90.350285,38.948835,202,2
148098,Professional's Choice Hair Design Academy, ,2719 W Jefferson St,Joliet,IL,60435,17,3,John Thompson,President,8157418224,363225342 ,SW89X1FDGZG6,02323300  ,1,www.pchairdesign.com/,www.pchairdesign.com/,www.pchairdesign.com/,www.pchairdesign.com/,www.pchairdesign.com/NetPriceCalculator/npcalc.htm, ,www.pchairdesign.com/,www.pchairdesign.com/,9,3,3,2,1,2,0,2,2,-2,2,2,21,1,A,-2,-2,-2        ,1,1,1,1,2,6,-2,-2,-2,-2,-2,-2,-2,-2,-2,2,1,1,Professional's Choice Hair Design Academy                                       ,303820,16980,1,176,17197,Will County,1714,-88.148846,41.523122,43,2
148131,Quincy University, ,1800 College Ave,Quincy,IL,62301-2699,17,3,Dr. Brian McGee,President,2172228020,370661231 ,RTNEMM9ANF56,00174500  ,1,https://www.quincy.edu/,https://www.quincy.edu/admissions,https://www.quincy.edu/admissions/financial-aid-and-tuition/,https://www.quincy.edu/admissions/apply-now/,https://www.quincy.edu/admissions/net-price-calculator/, , ,https://www.quincy.edu/academics/academic-services/ada-support/,2,1,2,7,1,1,20,1,2,2,2,2,33,1,A,-2,-2,-2        ,1,1,1,1,1,2,22,22,15,3,-2,2,3,2,6,2,2,2,-2                                                                              ,-2,39500,2,448,17001,Adams County,1715,-91.385975,39.938898,137,1
148256,Rend Lake College, ,468 N Ken Gray Pkwy,Ina,IL,62846,17,3,Terry Wilkerson,President,6184375321,370899219 ,M3RZKF31LJB3,00711900  ,1,www.rlc.edu/,www.rlc.edu/admissions/,www.rlc.edu/financial-aid,https://rlc.applicant-apply.elluciancloud.com/applicant/external/share/2c38a512-4a4e-4d15-8777-4dbbe287ffab/page/a5496374-8de7-45ea-9162-751102815e95,https://rlc.edu/net-price-calculator,https://rlc.edu/veteran-services,https://www.rlc.edu/student-consumer-information,rlc.edu/disabilities-services,4,2,1,3,1,2,40,1,2,-2,2,2,42,1,A,-2,-2,-2        ,1,1,1,1,1,4,40,6,3,4,-2,2,1,1,-2,2,2,1,Illinois Community College System                                               ,117020,34500,2,-2,17081,Jefferson County,1712,-88.918283,38.131481,74,1
148292,Richland Community College, ,One College Park,Decatur,IL,62521-8513,17,3,Dr. Cristobal Valdez,President,2178757200,370953403 ,ZFFRVG2V3QW9,01087900  ,1,https://www.richland.edu/,https://www.richland.edu/apply,https://www.richland.edu/financialaid,https://www.richland.edu/apply,https://jics.richland.edu/webfiles/financialaid/netprice/npcalc.htm,https://www.richland.edu/veterans, ,https://www.richland.edu/accommodations,4,2,1,3,1,2,40,1,2,-2,2,2,13,1,A,-2,-2,-2        ,1,1,1,1,1,4,40,9,3,2,-2,2,1,1,-2,2,2,2,-2                                                                              ,-2,19500,1,-2,17115,Macon County,1713,-88.894125,39.883887,84,2
148380,Rock Valley College, ,3301 N Mulford Rd,Rockford,IL,61114-5699,17,3,Howard Spearman,President,8159217821,362557781 ,JV7AFY9AYHD7,00174700  ,1,www.rockvalleycollege.edu/, , , ,apps.rockvalleycollege.edu/assets/NetPriceCalc/npcalc.htm,https://www.rockvalleycollege.edu/Admission/FinancialAid/Veterans/index.cfm,www.rockvalleycollege.edu/Academics/InstitutionalResearch/studentrighttoknow.cfm,www.rockvalleycollege.edu/StudentServices/DisabilityServices/index.cfm?cssearch=59352_1,4,2,1,3,1,2,40,1,2,-2,2,2,12,1,A,-2,-2,-2        ,1,1,1,1,1,4,40,6,2,4,-2,3,1,1,-2,2,3,2,-2                                                                              ,-2,40420,1,466,17201,Winnebago County,1717,-88.993544,42.306174,73,1
148405,Rockford University,Rockford University,5050 E State St,Rockford,IL,61108-2311,17,3,Dr. Patricia Lynott,President,8152264000,362167842 ,M2GBZJ6D3P96,00174800  ,1,www.rockford.edu/,www.rockford.edu/admission/firstyear/,www.rockford.edu/admission/financialaid/,www.rockford.edu/admission/apply/,https://tcc.ruffalonl.com/Rockford University/Freshman-Students,www.rockford.edu/admission/financialaid/yellowribbon/,www.rockford.edu/community/sas/consumerinformation/,www.rockford.edu/community/campus/lang/disabilityservices/,2,1,2,7,1,1,20,1,2,2,2,2,12,1,A,-2,-2,-2        ,1,1,1,1,1,2,21,20,20,4,-2,2,4,2,2,2,2,2,-2                                                                              ,-2,40420,1,466,17201,Winnebago County,1717,-89.019536,42.270639,124,1
148487,Roosevelt University, ,430 S Michigan Ave,Chicago,IL,60605-1394,17,3,Ali R. Malekzadeh,President,3123413500,362167854 ,FH92NMVB8XL6,00174900  ,1,www.roosevelt.edu/,https://www.roosevelt.edu/admission,https://www.roosevelt.edu/invest-your-future,https://applyru.roosevelt.edu/apply/,https://roosevelt.studentaidcalculator.com/survey.aspx,https://www.roosevelt.edu/student-experience/veterans,https://www.roosevelt.edu/consumer-information,https://www.roosevelt.edu/current-students/support-services/learning-commons/disability-services,2,1,2,9,1,1,11,1,2,2,2,2,11,1,A,-2,-2,-2        ,1,1,1,1,1,2,21,17,17,4,-2,3,5,2,2,2,2,2,-2                                                                              ,-2,16980,1,176,17031,Cook County,1707,-87.624952,41.876055,99,1
148496,Dominican University,Dominican,7900 W Division Street,River Forest,IL,60305,17,3,Dr. Glena Temple,President,7083662490,362167855 ,Q6ANYL42TD27,00175000  ,1,https://www.dom.edu/,https://www.dom.edu/admission,https://www.dom.edu/admission/office-financial-aid,https://explore.dom.edu/register/apply_to_dom,https://www.dom.edu/admission/office-financial-aid/net-price-calculator,https://www.dom.edu/admission/undergraduate/us-military-veterans/veterans-benefits,https://www.dom.edu/about-dominican/consumer-information,https://www.dom.edu/academics/academic-success-center/ada,2,1,2,9,1,1,12,1,2,2,2,2,21,1,A,-2,-2,-2        ,1,1,1,1,1,2,21,18,10,4,-2,2,4,1,2,2,2,1,Dominican University                                                            ,200510,16980,1,176,17031,Cook County,1707,-87.823003,41.902678,110,1
148511,Rush University,Rush University Medical Center,600 S. Paulina St. STE 440,Chicago,IL,60612,17,3,Robert Higgins,President,3129427100,362174823 ,C155UU2TXCP3,00980000  ,1,www.rushu.rush.edu/,www.rushu.rush.edu/admissions,www.rushu.rush.edu/finaid/,www.rushu.rush.edu/admissions, , ,www.rushu.rush.edu/student-disclosure-information,https://www.rushu.rush.edu/office-student-disability-services,2,1,2,9,1,1,11,1,2,1,1,2,11,1,A,-2,-2,-2        ,1,1,1,1,1,2,52,25,27,-2,2,2,6,8,8,2,2,2,-2                                                                              ,-2,16980,1,176,17031,Cook County,1707,-87.668581,41.874742,152,2
148575,Saint Francis Medical Center College of Nursing,St. Francis Medical Center College of Nursing SFMCCoN,511 NE Greenleaf St,Peoria,IL,61603-3783,17,3,Dr. Charlene Aaron,President of OSF Saint Francis Medical Center,3096552201,370662569 ,YXEMBUGMFP56,00624000  ,1,www.sfmccon.edu/,www.sfmccon.edu/,www.sfmccon.edu/, ,www.osfhealthcare.org/sfmccon/students/financial-aid/net-price-calculator/, , ,www.osfhealthcare.org/media/filer_public/97/fe/97fee3b0-b1b5-4053-b69b-9f8b13bcc0b6/sfmccon_college_catalog_2022_2023.pdf,2,1,2,9,1,1,14,1,2,1,2,2,12,1,A,-2,-2,-2        ,1,1,1,1,1,2,53,26,28,-2,-2,1,3,9,9,2,1,1,OSF Healthcare                                                                  ,201010,37900,1,427,17143,Peoria County,1717,-89.590322,40.701241,154,1
148584,University of St Francis, ,500 N Wilcox St,Joliet,IL,60435-6188,17,3,Arvid C. Johnson,President,8157403400,362170999 ,MJ1CKVL4UL15,00166400  ,1,https://www.stfrancis.edu/,https://www.stfrancis.edu/admissions-aid/,https://www.stfrancis.edu/admissions-aid/financial-aid-services/,https://myusf.stfrancis.edu/portal/apply,https://www.stfrancis.edu/admissions-aid/financial-aid-services/net-price-calculator/, ,https://www.stfrancis.edu/your-right-to-know/,https://www.stfrancis.edu/student-affairs/academic-resource-center/,2,1,2,9,1,1,12,1,2,2,2,2,21,1,A,-2,-2,-2        ,1,1,1,1,1,2,21,17,17,6,-2,3,5,2,2,2,2,2,-2                                                                              ,-2,16980,1,176,17197,Will County,1714,-88.096057,41.532225,100,1
148593,St. John's College-Department of Nursing,St Johns School of Nursing  St John's College of Nursing,729 E. Carpenter St,Springfield,IL,62702,17,3,Dr. Traci Krause,Chancellor,2175255628,370661238 ,K3VRQMN5MH85,03098000  ,1,https://www.hshs.org/stjohnscollege/,https://www.hshs.org/StJohnsCollege/Prospective-Students/Admissions,https://www.hshs.org/StJohnsCollege/Financial-Services,https://www.hshs.org/StJohnsCollege/Prospective-Students/Apply,https://www.hshs.org/StJohnsCollege/Financial-Services/Tuition-Payment-Plan-Policy/Net-Cost-Calculator, , ,https://www.hshs.org/StJohnsCollege/Current-Students/Academic-Resources/The-Higher-Education-act-(HEA)/Student-Consumer-Information,2,1,2,9,1,1,13,1,2,2,2,2,12,1,A,-2,-2,-2        ,1,1,1,1,1,2,53,26,28,-2,-2,1,3,9,9,2,1,2,-2                                                                              ,-2,44100,1,522,17167,Sangamon County,1713,-89.645320,39.807602,155,1
148627,Saint Xavier University,St. Xavier University   St Xavier University,3700 W 103rd St,Chicago,IL,60655,17,3,Keith Elder,President,7732983000,362177133 ,SETSHBEJV1M7,00176800  ,1,https://www.sxu.edu/,https://www.sxu.edu/admissions/,https://www.sxu.edu/tuition-aid/financial-aid/,https://www.sxu.edu/admission/apply.html,https://www.sxu.edu/tuition-aid/calculator.html,https://www.sxu.edu/admission/veterans/index.html,https://www.sxu.edu/about/leadership-vision/institutional-research/consumer-information.html,https://www.sxu.edu/student-life/student-success/accessibility-resources/index.html,2,1,2,8,1,1,20,1,2,2,2,2,11,1,A,-2,-2,-2        ,1,1,1,1,1,2,21,18,19,4,-2,3,4,2,2,2,2,2,-2                                                                              ,-2,16980,1,176,17031,Cook County,1706,-87.714749,41.707199,110,1
148654,University of Illinois Springfield,UIS,One University Plaza,Springfield,IL,62703-5407,17,3,Janet Gooch,Chancellor and Vice President,2172066600,376000511 ,LMKAF2LNJGP6,00933300  ,1,www.uis.edu/,www.uis.edu/admissions,www.uis.edu/financialaid,www.uis.edu/apply,www.uis.edu/sites/default/files/calculator/npcalc.htm,www.vpaa.uillinois.edu/resources/Post911,www.uis.edu/consumer-info,www.uis.edu/disability,1,1,1,9,1,1,12,1,2,2,2,2,12,1,A,-2,-2,-2        ,1,1,1,1,1,2,21,18,9,4,3,3,4,1,1,2,2,1,University of Illinois Board of Trustees                                        ,117040,44100,1,522,17167,Sangamon County,1713,-89.616796,39.729524,107,1
148672,Sauk Valley Community College, ,173 Illinois Rt 2,Dixon,IL,61021-9112,17,3,Dr. David M. Hellmich,President,8152885511,362588599 ,D1NYXJFEBFZ5,00175200  ,1,www.svcc.edu/,www.svcc.edu/students/admissions/index.html,www.svcc.edu/students/finaid/index.html,https://soar.svcc.edu/SPROD/bwskalog.p_disploginnew,https://www.svcc.edu/students/finaid/consumer/net-price.html,https://www.svcc.edu/students/veterans/,https://www.svcc.edu/students/right-to-know/rates.html,www.svcc.edu/students/disability-support/index.html,4,2,1,4,1,2,40,1,2,-2,2,2,41,1,A,-2,-2,-2        ,1,1,1,1,1,4,40,6,3,2,-2,2,1,1,-2,2,2,2,-2                                                                              ,-2,19940,2,221,17103,Lee County,1716,-89.596483,41.817659,75,1
148821,Shawnee Community College, ,8364 Shawnee College Rd,Ullin,IL,62992,17,3,Dr Tim Taylor,President,6186343200,370903840 ,EM97XUHCSCT3,00769300  ,1,https://shawneecc.edu/,https://shawneecc.edu/admissions,https://shawneecc.edu/financial-aid,https://shawneecc.edu/admissions/admission-forms/online-admission-form,https://shawneecc.edu/financial-aid/net-price-calculator,https://shawneecc.edu/financial-aid/veteran-resources,https://shawneecc.edu/about/right-to-know,https://shawneecc.edu/student-success-center/accessibility,4,2,1,3,1,2,40,1,2,-2,2,2,42,1,A,-2,-2,-2        ,1,1,1,1,1,4,40,6,3,2,-2,2,1,1,-2,2,2,2,-2                                                                              ,-2,-2,-2,-2,17153,Pulaski County,1712,-89.033520,37.270198,75,2
148876,St. Augustine College,St. Augustine College,1345 W. Argyle St.,Chicago,IL,60640-3501,17,3,Dr. David J. Livingston,President,7738788756,363108821 ,Z8ZAX53QN3V9,02185400  ,1,www.staugustine.edu/,www.staugustine.edu/,www.staugustine.edu/,www.staugustine.edu/,www.staugustine.edu/index.php?src=gendocs&ref=Financial_Aid_Calculator&category=SAC_English, , ,www.staugustine.edu/,2,1,2,5,1,2,30,1,2,2,2,2,11,1,A,-2,-2,-2        ,1,1,1,1,1,3,40,23,13,4,-2,2,2,2,-2,2,1,2,-2                                                                              ,-2,16980,1,176,17031,Cook County,1709,-87.662806,41.972414,193,2
148885,University of Saint Mary of the Lake,University of St. Mary of the Lake University,1000 E Maple Ave,Mundelein,IL,60060-1174,17,3,Reverend John Kartje,Rector/President,8475666401,362171077 ,W2KFHVJG3AN7,00176500  ,1,https://usml.edu/,https://usml.edu/admissions/,https://usml.edu/wp-content/uploads/USML-FINANCIAL-AID-FAQ-2023_2024.pdf,https://my.usml.edu/studapp.cfm,https://usml.edu/wp-content/uploads/TUITION-AND-FINANCIAL-INFORMATION-2023.pdf, , ,https://usml.edu/wp-content/uploads/Accommodation-Policy.pdf,2,1,2,9,2,1,14,1,2,2,2,2,21,1,A,-2,-2,-2        ,1,1,1,1,1,1,51,24,31,-2,-2,1,6,-2,12,2,1,2,-2                                                                              ,-2,16980,1,176,17097,Lake County,1710,-88.000262,42.280702,149,2
148937,Southeastern Illinois College,SIC,3575 College Road,Harrisburg,IL,62946,17,3,Karen Weiss,President,6182525400,370906582 ,L6T7JZQRHRE6,00175700  ,1,www.sic.edu/,www.sic.edu/admissions,www.sic.edu/financial-aid,https://www.sic.edu/apply,www.sic.edu/financial-aid/cost-calculator,www.sic.edu/financial-aid/veteran-services/veteran-admissions,www.sic.edu/your-right-to-know/higher-ed-opportunity-act,www.sic.edu/disability,4,2,1,3,1,2,40,1,2,-2,2,2,42,1,A,-2,-2,-2        ,1,1,1,1,1,4,40,9,3,4,-2,2,1,1,-2,2,2,1,Illinois Community College System                                               ,117020,-2,-2,-2,17165,Saline County,1712,-88.436631,37.751740,84,1
148955,National Latino Education Institute, ,2011 W Pershing Rd,Chicago,IL,60609-2205,17,3, , , ,-1        , ,03128500  ,5, , , , , , , , ,8,3,2,2,1,2,0,2,2,-2,-1,2,11,1,A,-2,-2,-2        ,1,1,1,2,-1,-1,-2,-2,-2,-2,-2,-2,-2,-2,-2,2,-1,-1,-1                                                                              ,-1,16980,1,176,17031,Cook County,1704,-87.675917,41.822756,-1,-1
148982,Spertus College,Spertus Institute of Jewish Studies  Spertus Institute for Jewish Learning and Leadership,610 S Michigan Ave,Chicago,IL,60605,17,3,Dean P. Bell,President and CEO,3129229012,362662739 ,FYZ3QH6A1Z83,00166300  ,1,www.spertus.edu/,www.spertus.edu/admissions/,www.spertus.edu/financial-aid,www.spertus.edu/admissions/,www.spertus.edu/majps-faq/, , ,www.spertus.edu/wp-content/uploads/2023/04/spertus-student-handbook-2022.10.28-2-1.pdf,2,1,2,9,2,1,12,1,2,2,2,2,11,1,A,-2,-2,-2        ,1,1,1,1,1,1,51,24,31,-2,-2,1,6,-2,12,2,1,2,-2                                                                              ,-2,16980,1,176,17031,Cook County,1707,-87.624785,41.873881,149,2
148991,Spoon River College,SRC|Spoon|Spoon River,23235 North County 22,Canton,IL,61520-8622,17,3,Curt Oldfield,President,3096474645,370895488 ,CRAAXRAXXRS7,00164300  ,1,www.src.edu/,www.src.edu/admissions/Pages/default.aspx,www.src.edu/services/financial-aid/Pages/default.aspx,https://portal.src.edu/ICS/Admissions/Admissions_Homepage.jnz?portlet=Apply_Online_2.0&screen=Display+Intro&screenType=next,www.src.edu/services/financial-aid/Pages/NetPriceCalculator/npcalc.htm,www.src.edu/services/financial-aid/Pages/veterans.aspx, ,www.src.edu/services/Pages/disability.aspx,4,2,1,3,1,2,40,1,2,-2,2,2,41,1,A,-2,-2,-2        ,1,1,1,1,1,4,40,5,3,4,-2,2,1,1,-2,2,2,2,-2                                                                              ,-2,15900,2,427,17057,Fulton County,1717,-90.072330,40.527991,72,1
149028,Saint Anthony College of Nursing,"SACN, St. Anthony College of Nursing",3301 N. Mulford Road,Rockford,IL,61114,17,3,Charlene Aaron,President,8152827900,362167864 ,LG9MAJM5DNN5,00998700  ,1,https://www.sacn.edu/,https://www.osfhealthcare.org/sacn/admissions/undergraduate/bsn/,https://www.osfhealthcare.org/sacn/admissions/resources/financial-aid/,https://sacnsonis.jenzabarcloud.com/studapp.cfm,https://www.osfhealthcare.org/sacn/admissions/resources/financial-aid/net-price-calculator/, , ,https://www.osfhealthcare.org/media/filer_public/7d/49/7d494a9a-94c9-4189-9677-f440c98e3dcc/catalog_2024-25_final-2.pdf,2,1,2,9,1,1,14,1,2,2,2,2,12,1,A,-2,-2,-2        ,1,1,1,1,1,2,53,26,28,-2,-2,1,3,9,9,2,1,1,OSF Healthcare                                                                  ,201010,40420,1,466,17201,Winnebago County,1717,-88.991968,42.310147,155,1
149204,Educators of Beauty College of Cosmetology-Sterling, ,211 E Third St,Sterling,IL,61081-3611,17,3,Angela Clevenger,president,8156250247,473807286 , ,00825900  ,1,www.educatorsofbeauty.com/,www.educatorsofbeauty.com/,www.educatorsofbeauty.com/,www.educatorsofbeauty.com/,https://educatorsofbeauty.com/admissions/affordability/,www.educatorsofbeauty.com/, ,www.educatorsofbeauty.com/,9,3,3,2,1,2,0,2,2,-2,2,2,32,1,A,-2,-2,-2        ,1,1,1,1,2,6,-2,-2,-2,-2,-2,-2,-2,-2,-2,2,1,1,Sterling School of Beauty Culture Inc.                                          ,304320,44580,2,221,17195,Whiteside County,1717,-89.692522,41.788581,36,2
149222,Southern Illinois University-Carbondale, ,Lincoln Drive,Carbondale,IL,62901-4512,17,3,Austin A. Lane,Chancellor,6184532121,376005961 ,Y28BEBJ4MNU7,00175800  ,1,https://siu.edu/,https://admissions.siu.edu/,https://fao.siu.edu/,https://admissions.siu.edu/apply,https://siu.studentaidcalculator.com/survey.aspx,https://veterans.siu.edu/,https://siusalukis.com/sports/2016/6/12/inside-saluki-athletics-silu-consumer-html.aspx,https://disabilityservices.siu.edu/,1,1,1,9,1,1,11,1,2,1,1,2,32,1,A,-2,-2,-2        ,1,1,1,1,1,2,15,16,17,6,1,3,5,2,2,2,4,1,Southern Illinois University                                                    ,117030,16060,2,166,17077,Jackson County,1712,-89.217273,37.714193,94,1
149231,Southern Illinois University Edwardsville,SIUE,Il State Rte 157,Edwardsville,IL,62026-1259,17,3,James T. Minor,Chancellor,8883285168,370986220 ,HQ5NMP5HLL53,00175900  ,1,www.siue.edu/,www.siue.edu/admissions,www.siue.edu/financial-aid/,www.siue.edu/apply/,siue.studentaidcalculator.com/welcome.aspx,www.siue.edu/veterans/,https://www.siue.edu/consumer-disclosures/athletics.shtml,www.siue.edu/access/,1,1,1,9,1,1,11,1,2,2,1,2,21,1,A,-2,-2,-2        ,1,1,1,1,1,2,21,17,7,4,3,3,5,1,2,2,4,1,Southern Illinois University                                                    ,117030,41180,1,476,17119,Madison County,1713,-89.997779,38.793949,97,1
149240,Southern Illinois University-System Office, ,1400 Douglas Drive,Carbondale,IL,62901-6801,17,3,Dr. Daniel F. Mahony,President,6185363331,376005961 ,FQA2ZWJED224,00823700  ,2,https://siusystem.edu/, , , , , , , ,0,1,1,9,1,1,11,1,2,-2,-2,2,41,1,A,-2,-2,-2        ,1,1,1,1,-2,-2,-2,-2,-2,-2,-2,-2,-2,-2,-2,2,-2,1,Southern Illinois University                                                    ,117030,16060,2,166,17077,Jackson County,1712,-89.232216,37.706473,-2,-2
149310,Taylor Business Institute, ,"29 E Madison Street, Suite LL",Chicago,IL,60602,17,3,Janice C. Parker,President,3126585100,363734087 ,KCNYL1KSKXG9,01181000  ,1,www.tbiil.edu/,https://www.tbiil.edu/admissions/,https://www.tbiil.edu/financial-aid-scholarships/,https://www.tbiil.edu/apply-now/,www.tbiil.edu/NetPriceCalculator/, , ,www.tbiil.edu/facilities-and-services-for-students-with-disabilities/,6,2,3,3,1,2,40,1,2,-2,2,2,11,1,A,-2,-2,-2        ,1,1,1,1,3,4,40,8,24,2,-2,1,1,6,-2,2,1,2,-2                                                                              ,-2,16980,1,176,17031,Cook County,1707,-87.626675,41.881773,82,2
149329,Telshe Yeshiva-Chicago, ,3535 West Foster,Chicago,IL,60625,17,3,Rabbi Yitzchok Z. Levin,President,7734637738,362464241 ,LBNXLSMUE1X4,02073200  ,1,https://telsheyeshivachicago.com/,https://telsheyeshivachicago.com/,https://telsheyeshivachicago.com/, ,https://telsheyeshivachicago.com/links/, , ,https://telsheyeshivachicago.com/wp-content/uploads/Disability Services.pdf,2,1,2,7,1,1,20,1,2,2,2,2,11,1,A,-2,-2,-2        ,1,1,1,1,1,2,51,-2,31,-2,-2,1,3,12,12,2,1,2,-2                                                                              ,-2,16980,1,176,17031,Cook County,1705,-87.717550,41.975536,201,2
149365,South Suburban College,SSC Thornton Junior College|Thornton Community College,15800 South State Street,South Holland,IL,60473-1200,17,3,Lynette Stokes,President,7085962000,362597699 ,J5E5CM8RN125,00176900  ,1,https://www.ssc.edu/,https://www.ssc.edu/admissions-registration,https://www.ssc.edu/admissions-registration/financial-aid,https://ssc.elluciancrmrecruit.com/Apply/Account/Login?ReturnUrl=%2fApply%2f,https://www.ssc.edu/compliance/FA/Net_Price_calculator/npcalc.htm,https://www.ssc.edu/services/student-services/veteran-center/military-credits/,https://www.ssc.edu/about-ssc/student-right-to-know/,https://www.ssc.edu/services/student-services/services-for-students-with-disabilities,4,2,1,3,1,2,40,1,2,-2,2,2,21,1,A,-2,-2,-2        ,1,1,1,1,1,4,40,3,2,2,-2,3,1,1,-2,2,2,2,-2                                                                              ,-2,16980,1,176,17031,Cook County,1702,-87.619123,41.606427,65,2
149505,Trinity Christian College, ,6601 W College Dr,Palos Heights,IL,60463-0929,17,3,Aaron Kuecker,President,7085973000,362387148 ,ENNLG4N75LG5,00177100  ,1,www.trnty.edu/,www.trnty.edu/admissions,https://www.trnty.edu/admissions-financial-aid/,www.trnty.edu/apply,www.trnty.edu/finaid/mm-npcfs.html,www.trnty.edu/finaid/veterans,tcc.trnty.edu/admin/registrar/sadata.pdf,www.trnty.edu/ols/olsds.html,2,1,2,8,1,1,20,1,2,2,2,2,21,1,A,-2,-2,-2        ,1,1,1,1,1,2,32,22,15,4,-2,2,3,2,2,2,1,2,-2                                                                              ,-2,16980,1,176,17031,Cook County,1706,-87.783973,41.667687,138,1
149514,Trinity International University-Illinois, ,2065 Half Day Rd,Deerfield,IL,60015-1283,17,3,Kevin Kompelien,President,8479458800,362216176 ,E9FVKEDEBQD6,00177200  ,1,https://www.tiu.edu/,https://www.tiu.edu/divinity/admissions/,https://www.tiu.edu/divinity/tuition-aid/,https://admissions.tiu.edu/apply/,https://www.tiu.edu/net-price-calculator/, , ,www.tiu.edu/divinity/student-services/#disability-services,2,1,2,9,1,1,12,1,2,2,2,2,21,1,A,-2,-2,-2        ,1,1,1,1,1,2,51,17,18,4,-2,2,5,2,12,2,1,2,-2                                                                              ,-2,16980,1,176,17097,Lake County,1710,-87.880851,42.197945,101,1
149532,Triton College, ,2000 5th Ave,River Grove,IL,60171-1995,17,3,Mary-Rita Moore,President,7084560300,362537114 ,D4UDBNDKGCZ8,00177300  ,1,www.triton.edu/,www.triton.edu/admissions/,www.triton.edu/finaid,www.triton.edu/application/,online2.triton.edu/netpricecalculator/,www.triton.edu/finaid, ,www.triton.edu/CAAS/,4,2,1,3,1,2,40,1,2,-2,2,2,21,1,A,-2,-2,-2        ,1,1,1,1,1,4,40,6,2,4,-2,3,1,1,-2,2,3,1,Illinois Community College System                                               ,117020,16980,1,176,17031,Cook County,1704,-87.841056,41.916082,73,1
149550,University of Spa & Cosmetology Arts, ,2913 W White Oaks Dr,Springfield,IL,62704,17,3,Lynne Lowder,Admissions Manager,2177538990,371053366 ,X7NVA5N7AU51,02124400  ,1,www.uscart.com/,www.uscart.com/,www.uscart.com/,www.uscart.com/enroll.html,www.uscart.com/disclosures.html, , ,www.uscart.com/,9,3,3,2,1,2,0,2,2,-2,2,2,12,1,A,-2,-2,-2        ,1,1,1,1,2,6,-2,-2,-2,-2,-2,-2,-2,-2,-2,2,1,2,-2                                                                              ,-2,44100,1,522,17167,Sangamon County,1713,-89.710839,39.766720,21,2
149587,University of Illinois System Offices,"UA, System Offices","108 Henry Administration Building, 506 S Wright Street",Urbana,IL,61801,17,3,Timothy L. Killeen,President,2173331000,376000511 ,Y8CWNJRCNN91,00800100  ,2,www.uillinois.edu/, , , ,www.osfa.illinois.edu/resources/calculators,www.vpaa.uillinois.edu/resources/Post911, ,www.disability.illinois.edu/,0,1,1,9,1,1,11,1,2,-2,-2,2,13,1,A,-2,-2,-2        ,1,1,1,1,-2,-2,-2,-2,-2,-2,-2,-2,-2,-2,-2,2,-2,1,University of Illinois Board of Trustees                                        ,117040,16580,1,169,17019,Champaign County,1713,-88.228234,40.108253,-2,-2
149639,VanderCook College of Music, ,3140 South Federal Street,Chicago,IL,60616-3731,17,3,Kimberly Farris,President,3122256288,362539399 ,DKHKJJYFTPR1,00177800  ,1,https://www.vandercook.edu/,https://www.vandercook.edu/admissions/,https://www.vandercook.edu/financial-aid-resources/what-is-financial-aid/,https://app.getacceptd.com/vandercook,https://www.vandercook.edu/financial-aid-resources/net-price-calculator/,https://www.vandercook.edu/financial-aid-resources/veterans-information/, ,https://www.vandercook.edu/about-vandercook/diversity-policy/,2,1,2,7,1,1,20,1,2,2,2,2,11,1,A,-2,-2,-2        ,1,1,1,1,1,2,56,32,25,-2,-2,2,6,2,2,2,1,2,-2                                                                              ,-2,16980,1,176,17031,Cook County,1707,-87.629138,41.836833,170,2
149727,Waubonsee Community College,Waubonsee,Rte 47 at Waubonsee Drive,Sugar Grove,IL,60554-9454,17,3,Brian Knetl,President,6304667900,366153030 ,YJA1B43JDNM1,00693100  ,1,https://www.waubonsee.edu/,https://www.waubonsee.edu/admissions,https://www.waubonsee.edu/admissions/financial-aid-and-scholarships,https://www.waubonsee.edu/admissions/how-enroll/enrollment-steps/new-student-application,https://www.waubonsee.edu/admissions/costs-and-payments/net-price-calculator,https://www.waubonsee.edu/student-experience/veteran-and-military-services,https://www.waubonsee.edu/media/2616,https://www.waubonsee.edu/student-experience/disability-resources,4,2,1,3,1,2,40,1,2,-2,2,2,41,1,A,-2,-2,-2        ,1,1,1,1,1,4,40,6,2,2,-2,3,1,1,-2,2,3,2,-2                                                                              ,-2,16980,1,176,17089,Kane County,1714,-88.459925,41.795955,73,1
149772,Western Illinois University, ,1 University Circle,Macomb,IL,61455,17,3,Kristi Mindrup,President,3092981414,370910458 ,N6NKKATPCLM1,00178000  ,1,www.wiu.edu/,www.wiu.edu/admissions/,www.wiu.edu/student_success/financial_aid/,www.wiu.edu/admissions/apply_now/,www.wiu.edu/student_success/financial_aid/netPriceCalculator.php,www.wiu.edu/student_success/veterans/,www.wiu.edu/clery/gradrates.php,www.wiu.edu/student_success/disability_resources/,1,1,1,9,1,1,12,1,2,2,2,2,33,1,A,-2,-2,-2        ,1,1,1,1,1,2,21,18,19,6,3,3,4,2,2,2,3,2,-2                                                                              ,-2,31380,2,-2,17109,McDonough County,1717,-90.686899,40.468086,105,2
149781,Wheaton College, ,501 College Ave,Wheaton,IL,60187-5593,17,3,Philip Ryken,President,6307525000,362182171 ,X47MPLTF8AB5,00178100  ,1,www.wheaton.edu/,www.wheaton.edu/undergraduate-admissions/,www.wheaton.edu/cost-and-aid/,www.wheaton.edu/admissions-and-aid/apply-to-wheaton-college/,www.wheaton.edu/admissions-and-aid/cost-and-financial-aid/student-financial-services/cost/net-price-calculator/,catalog.wheaton.edu/financial-information/financial-aid/#text, ,www.wheaton.edu/academics/services/learning-and-accessibility-services/,2,1,2,9,1,1,11,1,2,2,2,2,21,1,A,-2,-2,-2        ,1,1,1,1,1,2,31,21,22,3,-2,2,3,4,2,2,2,2,-2                                                                              ,-2,16980,1,176,17043,DuPage County,1703,-88.099643,41.870176,128,1
149842,William Rainey Harper College,Harper College,1200 W Algonquin Rd,Palatine,IL,60067-7398,17,3,Dr. Avis Proctor,President,8479256000,362582782 ,N9C8Z7UWZU43,00396100  ,1,https://www.harpercollege.edu/index.php,https://www.harpercollege.edu/start/index.php,https://www.harpercollege.edu/registration/financialaid/info/index.php,https://www.harpercollege.edu/start/apply/index.php,https://www.harpercollege.edu/gov/financialaid/NetPriceCalculator/index.html,https://www.harpercollege.edu/registration/financialaid/veterans/index.php,https://www.harpercollege.edu/about/consumerinfo/index.php,https://www.harpercollege.edu/services/ads/index.php,4,2,1,3,1,2,40,1,2,-2,2,2,21,1,A,-2,-2,-2        ,1,1,1,1,1,4,40,3,1,4,-2,4,1,1,-2,2,4,2,-2                                                                              ,-2,16980,1,176,17031,Cook County,1708,-88.072811,42.081829,64,1
244613,ETI School of Skilled Trades,"ETI , Environmental Technical Institute","500 Joliet Road, Suite#100",Willowbrook,IL,60527,17,3,Marianna Caniglia,President,8888307678,113830016 ,HEHWK3LFHVF4,02556100  ,1,www.eticampus.edu/,www.eticampus.edu/admissions/,www.eticampus.edu/financial-aid/,www.eticampus.edu/apply/,www.eticampus.edu/npcalc/index.htm,www.eticampus.edu/admissions/military-students/, ,www.eticampus.edu/,9,3,3,2,1,2,0,2,2,-2,2,2,21,1,A,-2,-2,-2        ,1,1,1,1,2,6,-2,-2,-2,-2,-2,-2,-2,-2,-2,2,1,2,-2                                                                              ,-2,16980,1,176,17043,DuPage County,1706,-87.936249,41.748334,211,2
249061,Ms Roberts Academy of Beauty Culture,Ms Roberts Beauty Academy,552 North Mannheim Road,Hillside,IL,60162-1121,17,3,Euretta Ivy,Owner/President,7086499088,363248681 ,Z6X2J695CL53,00793700  ,1,www.msroberts-academy.com/, , , ,https://www.msroberts-academy.com/students-right-to-know/,https://www.msroberts-academy.com/,https://www.msroberts-academy.com/,https://www.msroberts-academy.com/,9,3,3,2,1,2,0,2,2,-2,2,2,21,1,A,-2,-2,-2        ,1,1,1,1,2,6,-2,-2,-2,-2,-2,-2,-2,-2,-2,2,1,2,-2                                                                              ,-2,16980,1,176,17031,Cook County,1707,-87.884693,41.881179,38,2
260965,Educators of Beauty College of Cosmetology-Rockford, ,6943 East State Street,Rockford,IL,61108,17,3,Angela Clevenger,owner,8156399200,463807286 , ,00825901  ,1,www.educatorsofbeauty.com/,www.educatorsofbeauty.com/,www.educatorsofbeauty.com/,www.educatorsofbeauty.com/,https://educatorsofbeauty.com/admissions/affordability/,www.educatorsofbeauty.com/, ,www.educatorsofbeauty.com/,9,3,3,2,1,2,0,2,2,-2,2,2,12,1,A,-2,-2,-2        ,1,1,1,1,2,6,-2,-2,-2,-2,-2,-2,-2,-2,-2,2,1,1,Sterling School of Beauty Culture Inc.                                          ,304320,40420,1,466,17201,Winnebago County,1716,-88.980810,42.268515,31,2
260992,Northwestern College, ,9400 S Cicero Ave.,Oak Lawn,IL,60453,17,3, , , ,-1        , ,01236200  ,5, , , , , , , , ,3,1,3,5,1,2,30,1,2,-1,-1,2,21,1,A,-2,-2,-2        ,1,1,1,2,-1,-1,-2,26,28,4,-2,2,1,9,-2,2,-1,-1,-1                                                                              ,-1,16980,1,176,17031,Cook County,1706,-87.742567,41.721406,-1,1
364760,Bell Mar Beauty College,"Bell Mar Beauty College, Inc.",5717  W. Cermak Road,Cicero,IL,60804,17,3,"Vincent Guarna, Jr",President,7088636644,363361398 ,W7ERVM77K333,02536700  ,5,www.bellmar.edu/,www.bellmar.edu/,www.bellmar.edu/,www.bellmar.edu/,www.bellmar.edu/s/120401-Gedt-2018-cos.html, , ,www.bellmar.edu/,9,3,3,2,1,2,0,2,2,-2,2,2,21,1,M,-2,2024,12/20/2024,1,1,1,2,2,6,-2,-2,-2,-2,-2,-2,-2,-2,-2,2,1,2,-2                                                                              ,-2,16980,1,176,17031,Cook County,1704,-87.767244,41.850656,-2,-2
366191,Universal Technical Institute of Illinois Inc,Universal Technical Institute - Lisle,2611 Corporate West Drive,Lisle,IL,60532-0000,17,3,Roger Gomez,Campus President,877201255500000,930976890 ,MAPHXMRWM3Z3,00822101  ,1,www.uti.edu/,www.uti.edu/request-info,www.uti.edu/financial-aid,www.uti.edu/,www.uti.edu/admissions/tuition,www.uti.edu/student-services/military, ,www.uti.edu/student-services/disability-services,6,2,3,4,1,2,0,2,2,-2,2,2,21,1,A,-2,-2,-2        ,1,1,1,1,2,6,-2,-2,-2,-2,-2,-2,-2,-2,-2,2,2,1,Universal Technical Institute Inc.                                              ,304800,16980,1,176,17043,DuPage County,1706,-88.104000,41.806970,211,2
367972,Capital Area Career Center,CACC,2201 Toronto Rd,Springfield,IL,62712-3803,17,3,Wes Aymer,Director,2175851215,370983047 ,N425KANCMQ84,01071000  ,1,https://caccspringfield.org/,https://caspn.edu/admission-requirements,https://caspn.edu/financial-aid-first-steps,https://caspn.edu/apply-now,https://caspn.edu/consumer-information,https://caspn.edu/student-handbooks, ,https://caspn.edu/faq,7,3,1,2,1,2,0,2,2,-2,2,2,41,1,A,-2,-2,-2        ,1,1,1,1,1,6,-2,-2,-2,-2,-2,-2,-2,-2,-2,2,1,2,-2                                                                              ,-2,44100,1,522,17167,Sangamon County,1713,-89.626262,39.718311,1,1
367981,Hair Professionals Career College, ,10321 S Roberts Rd,Palos Hills,IL,60465,17,3,Wanda S Zachary,President,7084301755,364202227 ,EC87ZLMRD361,02587700  ,1,hairpros.edu/,hairpros.edu/,hairpros.edu/,hairpros.edu/,hairpros.edu/consumer-info-gainful-employment/,hairpros.edu/, ,hairpros.edu/,9,3,3,2,1,2,0,2,2,-2,2,2,21,1,A,-2,-2,-2        ,1,1,1,1,2,6,-2,-2,-2,-2,-2,-2,-2,-2,-2,2,1,2,-2                                                                              ,-2,16980,1,176,17031,Cook County,1706,-87.816614,41.702881,37,2
369446,Rosel School of Cosmetology, ,307 Golf Mill Center,Niles,IL,60714,17,3,Rosel Baek,Owner Director,7735085600,363768184 ,JHFRGDJYYCM8,03082900  ,1,www.roselschool.org/, , , ,https://roselschool.org/NetPrice/index.html, , ,www.roselschool.org/,9,3,3,2,1,2,0,2,2,-2,2,2,21,1,A,-2,-2,-2        ,1,1,1,1,2,6,-2,-2,-2,-2,-2,-2,-2,-2,-2,2,1,2,-2                                                                              ,-2,16980,1,176,17031,Cook County,1709,-87.838131,42.050202,39,2
369455,Worsham College of Mortuary Science,"Worsham College, Inc.",495 Northgate Pkwy,Wheeling,IL,60090-2646,17,3,Leili McMurrough,President/Program Director,8478088444,811912181 ,EMTFXKFM4MT9,00178300  ,1,www.worsham.edu/,www.worsham.edu/,www.worsham.edu/,www.worsham.edu/,www.worsham.edu/worshamsite/wp-content/uploads/2019/07/Worsham18-19NPC.html,www.worsham.edu/,www.worsham.edu/,www.worsham.edu/,6,2,3,3,1,2,40,1,2,-2,2,2,21,1,A,-2,-2,-2        ,1,1,1,1,1,4,-2,12,21,-2,-2,1,1,3,-2,2,1,2,-2                                                                              ,-2,16980,1,176,17031,Cook County,1710,-87.927374,42.147858,181,2
373216,Pivot Point Academy, ,"144 East Lake Street, Suite C",Bloomingdale,IL,60108-0000,17,3,Lisa Coffey,Director of Student & Financial Services,8479855900,474734260 ,NRMGCZDCD6B8,01083600  ,1,www.pivotpoint.edu/,www.pivotpoint.edu/admission/admission-requirements,www.pivotpoint.edu/,www.pivotpoint.edu/,www.pivotpoint.edu/calculators/npnew/index_c.html,www.pivotpoint.edu/, ,www.pivotpoint.edu/,9,3,3,2,1,2,0,2,2,-2,2,2,21,1,A,-2,-2,-2        ,1,1,1,1,2,6,-2,-2,-2,-2,-2,-2,-2,-2,-2,2,1,1,Pivot Point International Inc.                                                  ,303700,16980,1,176,17043,DuPage County,1708,-88.076665,41.955935,24,1
384342,Heartland Community College, ,1500 West Raab Road,Normal,IL,61761-9446,17,3,Dr. Keith Cornille,President,3092688000,371271517 ,TN54X3XMNYZ8,03083800  ,1,https://www.heartland.edu/,https://www.heartland.edu/application/,https://www.heartland.edu/financialAid/,https://www.heartland.edu/application/,https://www.heartland.edu/payingForCollege/cost/netCalc.html,https://www.heartland.edu/payingForCollege/options/veterans.html, ,https://www.heartland.edu/accommodations,4,2,1,3,1,2,40,1,2,-2,2,2,22,1,A,-2,-2,-2        ,1,1,1,1,1,4,40,3,2,4,-2,3,1,1,-2,2,2,2,-2                                                                              ,-2,14010,1,145,17113,McLean County,1716,-89.014776,40.533010,65,1
401764,John Amico School of Hair Design,Cosmetology Concepts,15301 South Cicero Avenue,Oak Forest,IL,60452-2501,17,3,"John Amico, Jr.",President,7083070446,264296881 ,GUD2K4M83SC4,04187400  ,1,https://www.johnamicoschoolofhairdesign.com/,https://www.johnamicoschoolofhairdesign.com/why-choose-ja/,https://www.johnamicoschoolofhairdesign.com/financial-aid/,https://www.johnamicoschoolofhairdesign.com/apply-now/,https://www.johnamicoschoolofhairdesign.com/financial-aid/fafsa-net-price-calculator/,https://www.johnamicoschoolofhairdesign.com/financial-aid/, ,https://www.johnamicoschoolofhairdesign.com/disclosures-consumer-info/,9,3,3,2,1,2,0,2,2,-2,2,2,21,1,A,-2,-2,-2        ,1,1,1,1,2,6,-2,-2,-2,-2,-2,-2,-2,-2,-2,2,1,2,-2                                                                              ,-2,16980,1,176,17031,Cook County,1701,-87.736464,41.613957,24,2
403469,Frontier Community College, ,2 Frontier Drive,Fairfield,IL,62837,17,3,Ryan Gower,Chancellor,61839329822005,370906196 , ,00174225  ,1,https://www.iecc.edu/fcc,https://www.iecc.edu/admissions,https://www.iecc.edu/financial,https://www.iecc.edu/application,https://www.iecc.edu/netpricecalculator,https://iecc.edu/iecc/admissions-aid/financial-aid/veteransmilitary/general-information,https://www.iecc.edu/athleticsdata, ,4,2,1,3,1,2,40,1,2,-2,-2,2,33,1,G,145707,-2,-2        ,3,1,3,9,-2,-2,40,3,2,4,-2,3,1,1,-2,2,-2,-2,-2                                                                              ,-2,-2,-2,-2,17191,Wayne County,1712,-88.392194,38.380271,-2,1
403478,Lincoln Trail College, ,11220 State Hwy 1,Robinson,IL,62454,17,3,Ryan Gower,Chancellor,61839329822005,370906196 , ,00174224  ,1,https://www.iecc.edu/ltc,https://www.iecc.edu/admissions,https://www.iecc.edu/financial,https://www.iecc.edu/application,https://www.iecc.edu/netpricecalculator,https://iecc.edu/iecc/admissions-aid/financial-aid/veteransmilitary/general-information,https://www.iecc.edu/athleticsdata, ,4,2,1,3,1,2,40,1,2,-2,-2,2,41,1,G,145707,-2,-2        ,3,1,3,9,-2,-2,40,2,3,4,-2,2,1,1,-2,2,-2,-2,-2                                                                              ,-2,-2,-2,-2,17033,Crawford County,1712,-87.689001,39.019580,-2,1
403487,Wabash Valley College, ,2200 College Drive,Mount Carmel,IL,62863,17,3,Ryan Gower,Chancellor,61839329822005,370906196 , ,00174226  ,1,https://www.iecc.edu/wvc,https://www.iecc.edu/admissions,https://www.iecc.edu/financial,https://www.iecc.edu/application,https://www.iecc.edu/netpricecalculator,https://iecc.edu/iecc/admissions-aid/financial-aid/veteransmilitary/general-information,https://www.iecc.edu/athleticsdata, ,4,2,1,3,1,2,40,1,2,-2,-2,2,32,1,G,145707,-2,-2        ,3,1,3,9,-2,-2,40,9,2,4,-2,3,1,1,-2,2,-2,-2,-2                                                                              ,-2,-2,-2,-2,17185,Wabash County,1712,-87.778448,38.428890,-2,1
407090,G Skin & Beauty Institute,Naperville Skin Institute,"1200 Harger Road, Suite 100",Oakbrook,IL,60523,17,3,Carol Westphal,President,8157867266,363169617 ,EFAAXWB3MKZ1,02498200  ,1,www.gskinbeautyinstitute.edu/,www.gskinbeautyinstitute.edu/,www.gskinbeautyinstitute.edu/,www.gskinbeautyinstitute.edu/,www.gskinbeautyinstitute.edu/net-price-calculator, , ,www.gskinbeautyinstitute.edu/disability-service-equal-access/,9,3,3,2,1,2,0,2,2,-2,2,2,21,1,A,-2,-2,-2        ,1,1,1,1,2,6,-2,-2,-2,-2,-2,-2,-2,-2,-2,2,1,1,United Investments of Illinois Inc.                                             ,304770,16980,1,176,17043,DuPage County,1704,-87.949684,41.851403,17,2
409254,Erikson Institute,The Erikson Institute,451 N. LaSalle Street,Chicago,IL,60654-4510,17,3,Mariana Souto-Manning,President,3127552250,362593545 ,LMGWHNUKM2C5,03510300  ,1,https://www.erikson.edu/,https://www.erikson.edu/admissions/,https://www.erikson.edu/admissions/financial-aid-tuition/,https://apply.erikson.edu/apply/,https://www.erikson.edu/admissions/financial-aid-tuition/cost-of-attendance/, , ,https://www.erikson.edu/graduate-education/student-services/students-with-disabilities/,2,1,2,7,2,1,20,1,2,2,2,2,11,1,A,-2,-2,-2        ,1,1,1,1,1,1,-2,19,25,-2,-2,1,6,-2,2,2,1,2,-2                                                                              ,-2,16980,1,176,17031,Cook County,1707,-87.632178,41.890663,119,1
417442,Career Center of Southern Illinois,Beck School of Practical Nursing Beck Area Career Center,6137 Beck Rd,Red Bud,IL,62278,17,3,Stephanie Mohr,Director,6184732222,371216623 ,WVNKT89R17W8,02117400  ,1,www.gotoccsi.org/,www.gotoccsi.org/nursing-programs/,www.gotoccsi.org/financial-aid,www.gotoccsi.org/nursing-programs/licensed-practical-nurse/#how-to-apply,www.gotoccsi.org/adult-nursing-cna/student-services-1/net-price-calculator,www.gotoccsi.org/financial-aid, ,www.gotoccsi.org/,7,3,1,2,1,2,0,2,2,-2,2,2,42,1,A,-2,-2,-2        ,1,1,1,1,2,6,-2,-2,-2,-2,-2,-2,-2,-2,-2,2,1,2,-2                                                                              ,-2,41180,1,476,17133,Monroe County,1712,-89.948787,38.289727,5,2
419253,Illinois Media School, ,8501 W. Higgins Rd. Suite 450,Chicago,IL,60631,17,3,Imran Ali,Director of Operations,63091617003102,341527166 ,T1BEK6Y86167,03101800  ,1,beonair.com/locations/ohare-il-campus,beonair.com/locations/ohare-il-campus,beonair.com/locations/ohare-il-campus,beonair.com/locations/ohare-il-campus,beonair.com/locations/ohare-il-campus/net-price-calculator, , ,beonair.com/locations/ohare-il-campus,9,3,3,2,1,2,0,2,2,-2,2,2,11,1,A,-2,-2,-2        ,1,1,1,1,2,6,-2,-2,-2,-2,-2,-2,-2,-2,-2,2,1,1,M & S Media Inc.                                                                ,302930,16980,1,176,17031,Cook County,1708,-87.838707,41.986156,56,2
437556,Midwest Technical Institute-Illinois, ,2731 Farmers Market Road,Springfield,IL,62707,17,3,Shelia Wilson,Campus President,2175278324,371347328 ,VFXVKJ7X59K5,03368300  ,1,www.midwesttech.edu/,www.midwesttech.edu/admissions/,www.midwesttech.edu/student-services/financial-aid-basics/,www.midwesttech.edu/apply_index.html,www.midwesttech.edu/netcalculator/,https://www.midwesttech.edu/military, ,www.midwesttech.edu/,9,3,3,2,1,2,0,2,2,-2,2,2,12,1,A,-2,-2,-2        ,1,1,1,1,2,6,-2,-2,-2,-2,-2,-2,-2,-2,-2,2,2,1,Midwest Technical Institute Inc.                                                ,303180,44100,1,522,17167,Sangamon County,1715,-89.595331,39.840996,210,2
439020,Midwest College of Oriental Medicine-Skokie, ,8950 Gross Point Rd. Suite 400,Skokie,IL,60077,17,3,William Dunbar,President,8005932320,363414252 ,MJ82NCP7M7N5,03061201  ,1,www.acupuncture.edu/,www.acupuncture.edu/,www.acupuncture.edu/,www.acupuncture.edu/,www.acupuncture.edu/npc/npcalc.htm,www.acupuncture.edu/, ,www.acupuncture.edu/wp-content/uploads/2016/09/catalog2016-17-w-cover.pdf,3,1,3,7,1,1,20,1,2,2,2,2,13,1,A,-2,-2,-2        ,1,1,1,1,1,1,-2,26,29,-2,-2,1,6,-2,10,2,1,1,Acupuncture Center Inc.                                                         ,300120,16980,1,176,17031,Cook County,1709,-87.754597,42.044312,158,2
439455,MDT College of Health Sciences,ATS Institute of Technology,"25 East Washington, #200",Chicago,IL,60602,17,3,Yelena Bykov,CEO,3123000980,311514095 ,LMJWXAJTRVN6,03468500  ,1,www.atsinstitute.edu/,atsinstitute.edu/wp_chicago/?page_id=6,atsinstitute.edu/wp_chicago/?page_id=18, ,atsinstitute.edu/chicago/financial-aid-calculator/pn-chicago/index.html, , ,atsinstitute.edu/wp_chicago/wp-content/uploads/2022/08/ATS-Catalog-Fall22atsinstitute.edu/wp_chicago/wp-content/uploads/2024/08/ATS-Fall-2024-Catalog.pdf_Summer23.pdf,9,3,3,2,1,2,0,2,2,-2,2,2,11,1,A,-2,-2,-2        ,1,1,1,1,1,6,-2,-2,-2,-2,-2,-2,-2,-2,-2,2,1,2,-2                                                                              ,-2,16980,1,176,17031,Cook County,1707,-87.626495,41.882931,13,2
442842,Pacific College of Health and Science, ,"65 East Wacker Place, 21st fl",Chicago,IL,60601,17,3,David Frech,Campus Director,7734774822301,263844066 ,DTSMLCN1X9B7,03027702  ,1,www.pacificcollege.edu/,www.pacificcollege.edu/prospective/admissions,www.pacificcollege.edu/prospective/financial-aid,www.pacificcollege.edu/prospective/admissions/apply-online,app.meadowfi.com/pacificcollege, , ,www.pacificcollege.edu/current/academics/disabled-student-services,3,1,3,9,1,1,13,1,2,2,2,2,11,1,A,-2,-2,-2        ,1,1,1,1,1,3,-2,26,29,2,-2,1,6,-2,10,2,1,1,Pacific College of Oriental Medicine                                            ,303590,16980,1,176,17031,Cook County,1707,-87.625488,41.886588,156,2
443030,NorthShore University HealthSystem School of Nurse Anesthesia, ,"2650 Ridge Ave, Rm G603C",Evanston,IL,60201-1718,17,3,Karen Gomez,Administrative Director,8475701959,362167060 , ,03684300  ,5,www.northshore.org/academics/other-programs/school-of-nurse-anesthesia/, , , ,www.northshore.org/academics/academic-programs/other-programs/school-of-nurse-anesthesia/tuition-financial-aid/, , ,offices.depaul.edu/student-affairs/about/departments/Pages/csd.aspx,2,1,2,8,2,1,0,2,2,-2,2,2,13,1,A,-2,-2,-2        ,1,1,1,2,1,5,-2,-2,-2,-2,-2,-2,-2,-2,-2,2,1,2,-2                                                                              ,-2,16980,1,176,17031,Cook County,1709,-87.684445,42.065549,-1,-1
443368,Illinois Eastern Community College-System Office,Illinois Eastern Community Colleges,233 E Chestnut Street,Olney,IL,62450,17,3,Ryan Gower,Chancellor,61839329825559,370906196 ,NBJBA3SSUKV1,00913500  ,5,https://www.iecc.edu/,https://www.iecc.edu/admissions,https://www.iecc.edu/financial,https://www.iecc.edu/application,https://www.iecc.edu/netpricecalculator,https://iecc.edu/iecc/admissions-aid/financial-aid/veteransmilitary/general-information,https://iecc.edu/athleticsdata,https://www.iecc.edu/ada,0,2,1,3,1,2,40,1,2,-2,-2,2,33,1,C,145707,2024,-2        ,3,1,3,9,-2,-2,-2,-2,-2,-2,-2,-2,-2,-2,-2,2,-2,-2,-2                                                                              ,-2,-2,-2,-2,17159,Richland County,1712,-88.081976,38.729684,-2,-2
443702,"Bexley Hall Seabury Western Theological Seminary Federation, Inc.",Bexley Hall Seminary  Bexley Hall   Bexley Hall Episcopal Seminary  Bexley Institute  Seabury-Western Theological Seminary,1407 East 60th Street,Chicago,IL,60637,17,3,Micah Jackson,President,7733806780,462322021 ,K7N2S5NHPEK3,03747300  ,1,www.bexleyseabury.edu/,bexleyseabury.edu/how-to-apply,bexleyseabury.edu/financial-aid,bexleyseabury.populiweb.com/router/admissions/onlineapplications/,bexleyseabury.edu/tuition-and-fees, , ,bexleyseabury.edu/s/Students-Living-With-Disabilities-Policy.pdf,2,1,2,9,2,1,14,1,2,2,2,2,11,1,A,-2,-2,-2        ,1,1,1,1,1,1,-2,24,31,-2,-2,1,6,-2,12,2,1,2,-2                                                                              ,-2,16980,1,176,17031,Cook County,1701,-87.591178,41.785701,149,1
445054,Toyota Technological Institute at Chicago,TTIC,6045 S. Kenwood Avenue,Chicago,IL,60637,17,3,Jessica Johnston,Chief Financial Officer,7738342500,364479457 ,ERBJF4DMW6G4,04169500  ,3,www.ttic.edu/,web.ttic.edu/stuapp/apply, ,web.ttic.edu/stuapp/apply,www.ttic.edu/financial-support.php, , ,www.ttic.edu/dl/student_handbook.pdf,2,1,2,9,2,1,12,1,2,-1,2,2,11,1,A,-2,-2,-2        ,1,1,1,2,1,1,-2,28,30,-2,3,1,6,-2,11,2,1,2,-2                                                                              ,-2,16980,1,176,17031,Cook County,1701,-87.592682,41.784721,-1,-1
445957,Soma Institute-The National School of Clinical Massage Therapy, ,55 E. Jackson Boulevard - Ste 300,Chicago,IL,60604-4110,17,3,Joan Hannant,President,3129392723,980189346 ,CJ69B6ANRSFC,03891300  ,1,www.soma.edu/,www.soma.edu/admissions,www.soma.edu/soma-financial-aid,www.soma.edu/apply-now,www.soma.edu/NetPriceCalculator/npcalc.php,www.soma.edu/soma-financial-aid/veterans-educational-benefits, ,soma.edu/admissions/services-for-students-with-disabilities/,9,3,3,1,1,2,0,2,2,-2,2,2,11,1,A,-2,-2,-2        ,1,1,1,1,2,6,-2,-2,-2,-2,-2,-2,-2,-2,-2,2,1,2,-2                                                                              ,-2,16980,1,176,17031,Cook County,1707,-87.625720,41.878063,52,2
446084,CALC Institute of Technology,CALC|CALC Inst. of Tech.|CALC Ins of Tech|CALC Institute,200A North Center Dr,Alton,IL,62002,17,3,Tim Slater,President,6184740616,371360670 ,HCUFP3VMKTM7,03914300  ,1,calc.edu/,calc.edu/admissions/,calc.edu/financial-aid/, ,calc.edu/npcalc.html,calc.edu/admissions/veterans-information/, ,calc.edu/about-us/equal-opportunity,9,3,3,2,1,2,0,2,2,-2,2,2,23,1,A,-2,-2,-2        ,1,1,1,1,2,6,-2,-2,-2,-2,-2,-2,-2,-2,-2,2,1,1,Resource Productivity Management Inc.                                           ,303970,41180,1,476,17119,Madison County,1713,-90.175979,38.927494,53,2
446251,Estelle Medical Academy, ,"4905 Old Orchard Center, suite 710",Skokie,IL,60077,17,3,Rozalia Vologin,Manager,8479103815,364300473 , ,03881400  ,1,www.estellemedical.edu/,https://www.estellemedical.edu/,https://www.estellemedical.edu/,https://www.estellemedical.edu/,www.school-for-massage.com/calculator/, , ,www.school-for-massage.com/,9,3,3,1,1,2,0,2,2,-2,2,2,13,1,A,-2,-2,-2        ,1,1,1,1,1,6,-2,-2,-2,-2,-2,-2,-2,-2,-2,2,1,1,European Message Therapy Schools                                                ,301975,16980,1,176,17031,Cook County,1709,-87.748160,42.059097,14,2
448673,Rasmussen University-Illinois, ,"6000 East State Street, 4th Floor",Rockford,IL,61108-2513,17,3,Paula Singer,President & Chief Academic Officer,8153164800,200390754 ,VYPSXJ1ZDCX9,00869402  ,1,https://rasmussen.edu/,https://rasmussen.edu/,https://www.rasmussen.edu/tuition/,https://rasmussen.edu/,https://npc.collegeboard.org/app/rasmussen,https://www.rasmussen.edu/tuition/military-benefits/, ,https://www.rasmussen.edu/student-life/disability-services/,6,2,3,3,1,2,40,1,2,-2,2,2,12,1,A,-2,-2,-2        ,1,1,1,1,1,4,-2,14,28,6,-2,3,1,9,6,2,2,1,Rasmussen College LLC                                                           ,303910,40420,1,466,17201,Winnebago County,1717,-88.998854,42.267628,174,1
454218,Chamberlain University-Administrative Office, ,"500 W. Monroe Street, Suite 1300",Chicago,IL,60661,17,3,Karen Cox,President,3126511400,202452410 ,DEB5DLG1LT65,00638500  ,2,https://www.chamberlain.edu/, ,https://www.chamberlain.edu/admissions/financial-aid-scholarships,https://community.chamberlain.edu/s/application,https://www.chamberlain.edu/admissions/financial-aid-scholarships/calculator,https://www.chamberlain.edu/academics/military, ,https://www.chamberlain.edu/resources/academics/student-disability-services,0,1,3,9,1,1,13,1,2,-2,-2,2,11,1,A,-2,-2,-2        ,1,1,1,1,-2,-2,-2,-2,-2,-2,-2,-2,-2,-2,-2,2,-2,1,Adtalem Global Education                                                        ,300012,16980,1,176,17031,Cook County,1707,-87.640164,41.880848,-2,-2
454227,Chamberlain University-Illinois,Chamberlain College of Nursing-Addison Chamberlain College of Nursing-Chicago Chamberlain College of Nursing-Tinley Park,1221 N. Swift Road,Addison,IL,60101,17,3,Karen Cox,President,6309533660,202452410 ,DEB5DLG1LT65,00638500  ,1,https://www.chamberlain.edu/, ,https://www.chamberlain.edu/admissions/financial-aid-scholarships,https://community.chamberlain.edu/s/application,https://www.chamberlain.edu/admissions/financial-aid-scholarships/calculator,https://www.chamberlain.edu/academics/military, ,https://www.chamberlain.edu/resources/academics/student-disability-services,3,1,3,9,1,1,13,1,2,2,2,2,21,1,A,-2,-2,-2        ,1,1,1,1,1,2,-2,26,28,6,-2,5,5,9,9,2,5,1,Adtalem Global Education                                                        ,300012,16980,1,176,17043,DuPage County,1708,-88.038558,41.949727,157,1
454953,University of Aesthetics & Cosmetology, ,1357 N Milwaukee Ave,Chicago,IL,60622-2151,17,3,Robert F. Kelley,President,7736350141,364469908 ,QAC2ZWPJZB26,04136900  ,1,https://www.uac.edu/,https://www.uac.edu/,https://www.uac.edu/,https://www.uac.edu/,https://www.uac.edu/wp-content/uploads/2022/08/index.html,https://www.uac.edu/va-education-benefits/, ,https://www.uac.edu/,9,3,3,2,1,2,0,2,2,-2,2,2,11,1,A,-2,-2,-2        ,1,1,1,1,2,6,-2,-2,-2,-2,-2,-2,-2,-2,-2,2,1,1,"Kelly Education, Inc.                                                           ",302645,16980,1,176,17031,Cook County,1705,-87.671255,41.906602,44,2
454962,The University of Aesthetics & Cosmetology, ,1037-1043 Curtiss St.,Downers Grove,IL,60515,17,3,Robert F. Kelley,CEO,7733518999,364469908 ,LYUKYJV7G2H6,04137000  ,1,https://www.uofac.edu/,https://www.uofac.edu/,https://www.uofac.edu/,https://www.uofac.edu/,https://uofac.edu/wp-content/uploads/2022/08/index.html,https://uofac.edu/va-education-benefits/, ,https://www.uofac.edu/,9,3,3,2,1,2,0,2,2,-2,2,2,13,1,A,-2,-2,-2        ,1,1,1,1,2,6,-2,-2,-2,-2,-2,-2,-2,-2,-2,2,1,1,"Kelly Education, Inc.                                                           ",302645,16980,1,176,17043,DuPage County,1706,-88.011242,41.793540,45,2
454971,Tricoci University of Beauty Culture-Chicago NW,CNW,5321 N Harlem Ave,Chicago,IL,60656,17,3,Larry Foster,Chief Operating Officer,6305283330,562384225 ,STATLZMJSVU4,04137500  ,1,www.tricociuniversity.edu/,www.tricociuniversity.edu/,www.tricociuniversity.edu/,www.tricociuniversity.edu/,www.tricociuniversity.edu/admissions-financial-aid/beauty-school-calculator/, , ,www.tricociuniversity.edu/,9,3,3,2,1,2,0,2,2,-2,2,2,11,1,A,-2,-2,-2        ,1,1,1,1,2,6,-2,-2,-2,-2,-2,-2,-2,-2,-2,2,1,1,Tricoci University of Beauty Culture LLC                                        ,304670,16980,1,176,17031,Cook County,1705,-87.806767,41.977660,18,2
454980,Tricoci University of Beauty Culture-Glendale Heights,GLH,530 E North Ave,Glendale Heights,IL,60139,17,3,Larry Foster,Chief Operating Officer,6305283330,562384225 ,YG68BVC199K8,04147300  ,1,www.tricociuniversity.edu/,www.tricociuniversity.edu/,www.tricociuniversity.edu/,www.tricociuniversity.edu/,www.tricociuniversity.edu/admissions-financial-aid/beauty-school-calculator/, , ,www.tricociuniversity.edu/,9,3,3,2,1,2,0,2,2,-2,2,2,21,1,A,-2,-2,-2        ,1,1,1,1,2,6,-2,-2,-2,-2,-2,-2,-2,-2,-2,2,1,1,Tricoci University of Beauty Culture LLC                                        ,304670,16980,1,176,17043,DuPage County,1703,-88.065213,41.904670,26,2
454999,Tricoci University of Beauty Culture-Peoria,PEO,602 W Glen Ave,Peoria,IL,61614,17,3,Larry Foster,Chief Operating Officer,6305283330,562384225 ,YJ59DJN3MXP5,04147400  ,1,www.tricociuniversity.edu/,www.tricociuniversity.edu/,www.tricociuniversity.edu/,www.tricociuniversity.edu/,www.tricociuniversity.edu/admissions-financial-aid/beauty-school-calculator/, , ,www.tricociuniversity.edu/,9,3,3,2,1,2,0,2,2,-2,2,2,12,1,A,-2,-2,-2        ,1,1,1,1,2,6,-2,-2,-2,-2,-2,-2,-2,-2,-2,2,1,1,Tricoci University of Beauty Culture LLC                                        ,304670,37900,1,427,17143,Peoria County,1717,-89.601356,40.746311,26,2
455008,Tricoci University of Beauty Culture-Rockford,RFD,5485 E State St,Rockford,IL,61108,17,3,Larry Foster,Chief Operating Officer,6305283330,562384225 ,HJHXHJGLQ3V9,04147500  ,1,www.tricociuniversity.edu/,www.tricociuniversity.edu/,www.tricociuniversity.edu/,www.tricociuniversity.edu/,www.tricociuniversity.edu/admissions-financial-aid/beauty-school-calculator/, , ,www.tricociuniversity.edu/,9,3,3,2,1,2,0,2,2,-2,2,2,12,1,A,-2,-2,-2        ,1,1,1,1,2,6,-2,-2,-2,-2,-2,-2,-2,-2,-2,2,1,1,Tricoci University of Beauty Culture LLC                                        ,304670,40420,1,466,17201,Winnebago County,1717,-89.009435,42.263898,22,2
455877,The Aveda Institute of Beauty and Wellness Chicago,Aveda Institute Chicago,2828 N Clark St,Chicago,IL,60657,17,3,Susan Haise,Owner,7738831560,995019011 ,FC3EMHNGEPC8,04141000  ,1,www.ibw.edu/,www.ibw.edu/,www.ibw.edu/,https://www.ibw.edu/,www.ibw.edu/admissions/financial-aid/, , ,www.ibw.edu/,9,3,3,2,1,2,0,2,2,-2,2,2,11,1,A,-2,-2,-2        ,1,1,1,1,2,6,-2,-2,-2,-2,-2,-2,-2,-2,-2,2,1,1,Aveda Institute                                                                 ,300400,16980,1,176,17031,Cook County,1705,-87.645838,41.933493,29,2
455886,Tricoci University of Beauty Culture-Libertyville,LBV,751 E Park Ave,Libertyville,IL,60048,17,3,Larry Foster,Chief Operating Officer,6305283330,562384225 ,EEEXXD1T1248,04147100  ,1,www.tricociuniversity.edu/,www.tricociuniversity.edu/,www.tricociuniversity.edu/,www.tricociuniversity.edu/,www.tricociuniversity.edu/admissions-financial-aid/beauty-school-calculator/, , ,www.tricociuniversity.edu/,9,3,3,2,1,2,0,2,2,-2,2,2,21,1,A,-2,-2,-2        ,1,1,1,1,2,6,-2,-2,-2,-2,-2,-2,-2,-2,-2,2,1,1,Tricoci University of Beauty Culture LLC                                        ,304670,16980,1,176,17097,Lake County,1710,-87.942702,42.281670,20,2
455895,Tricoci University of Beauty Culture-Bridgeview,BRV,7350 W 87th St,Bridgeview,IL,60455,17,3,Larry Foster,Chief Operating Officer,6305283330,562384225 ,SXXBNQ9JAH58,04147200  ,1,www.tricociuniversity.edu/,www.tricociuniversity.edu/,www.tricociuniversity.edu/,www.tricociuniversity.edu/,www.tricociuniversity.edu/admissions-financial-aid/beauty-school-calculator/, , ,www.tricociuniversity.edu/,9,3,3,2,1,2,0,2,2,-2,2,2,21,1,A,-2,-2,-2        ,1,1,1,1,2,6,-2,-2,-2,-2,-2,-2,-2,-2,-2,2,1,1,Tricoci University of Beauty Culture LLC                                        ,304670,16980,1,176,17031,Cook County,1706,-87.803090,41.734829,15,2
457031,Capri Beauty College, ,1938 E Lincoln Hwy,New Lenox,IL,60451,17,3,Amy Ruff,President,81548530201,362694710 ,SPUCF8H6HN91,01308801  ,5,capri.edu/,capri.edu/,capri.edu/,capri.edu/,https://capri.edu/education/cosmetology-program/, , ,capri.edu/,9,3,3,2,1,2,0,2,2,-2,2,2,21,1,A,-2,-2,-2        ,1,1,1,2,2,6,-2,-2,-2,-2,-2,-2,-2,-2,-2,2,1,1,Capri Schools of Beauty Culture Inc.                                            ,300800,16980,1,176,17197,Will County,1701,-87.927816,41.509958,-1,-1
457527,Ambria College of Nursing, ,5210 Trillium Blvd,Hoffman Estates,IL,60192,17,3,Gene Crume,President,8473970300175,611488184 ,QNW7TAPA5RP1,04124700  ,1,ambria.edu/,ambria.edu/Admissions/tabid/134/Default.aspx/tabid/134/Default.aspx,ambria.edu/FinancialAid/tabid/145/Default.aspx/tabid/145/Default.aspx,ambria.edu/Admissions/OnlineAdmission/tabid/250/Default.aspx/tabid/250/Default.aspx,ambria.edu/FinancialAid/FinancialAidCalculator/tabid/514/Default.aspx/tabid/514/Default.aspx, , ,ambria.edu/Home/ConsumerDisclosures/EqualOpportunity/tabid/179/Default.aspx,3,1,3,5,1,2,30,1,2,2,2,2,21,1,A,-2,-2,-2        ,1,1,1,1,2,3,-2,26,28,-2,-2,1,1,9,-2,2,1,2,-2                                                                              ,-2,16980,1,176,17031,Cook County,1708,-88.210900,42.075628,156,2
457536,Midwestern Career College, ,203 N LaSalle,Chicago,IL,60601,17,3,Jeremy Oberfeld,CEO,31223690001010,475337501 ,R97ST74LQCW6,04139000  ,1,https://www.mccollege.edu/,https://mccollege.edu/admissions-requirements/,https://mccollege.edu/financial-aid/,https://mccollege.edu/apply-now/,https://mccollege.edu/net-price-calculator/, , ,https://mccollege.edu/consumer-information/,6,2,3,3,1,2,40,1,2,-2,2,2,11,1,A,-2,-2,-2        ,1,1,1,1,2,4,-2,10,21,4,-2,2,1,3,-2,2,1,2,-2                                                                              ,-2,16980,1,176,17031,Cook County,1707,-87.632009,41.886233,175,2
457545,Paul Mitchell the School-Normal, ,1503 E College Ave Ste L,Normal,IL,61761,17,3,John Kanski,Owner,3094510400,261615343 ,H3AMUYX7DET9,04160600  ,5,paulmitchell.edu/normal,paulmitchell.edu/normal/request-enrollment-information,paulmitchell.edu/normal/financial-aid,paulmitchell.edu/normal/get-started,paulmitchell.edu/normal/tuition-calculator,paulmitchell.edu/normal/financial-aid/military-benefits, ,https://hpaul-mitchell-schools-website-lightsail.s3.amazonaws.com/uploads/sites/177/Normal-ADA-Policy080322bn.pdf,9,3,3,2,1,2,0,2,2,-2,2,2,22,1,M,-2,2024,09/19/2024,1,1,1,2,2,6,-2,-2,-2,-2,-2,-2,-2,-2,-2,2,1,1,Paul Mitchell The School                                                        ,303620,14010,1,145,17113,McLean County,1717,-88.959619,40.509380,-2,-2
458274,Paul Mitchell the School-Chicago, ,1225 S Halsted St,Chicago,IL,60607,17,3,Steve Cowan,Owner,3127339285,383362779 ,EXJFQ3265WG9,03490300  ,1,paulmitchell.edu/chicago,paulmitchell.edu/chicago/request-enrollment-information,paulmitchell.edu/chicago/financial-aid,paulmitchell.edu/chicago/get-started,paulmitchell.edu/chicago/tuition-calculator,paulmitchell.edu/chicago/financial-aid/military-benefits, ,https://paul-mitchell-schools-website-lightsail.s3.amazonaws.com/uploads/sites/130/Chicago-ADA-Policy051623bn.pdf,9,3,3,2,1,2,0,2,2,-2,2,2,11,1,A,-2,-2,-2        ,1,1,1,1,2,6,-2,-2,-2,-2,-2,-2,-2,-2,-2,2,1,1,Paul Mitchell The School                                                        ,303620,16980,1,176,17031,Cook County,1707,-87.646644,41.866213,25,2
459374,Universal Spa Training Academy, ,340 Burlington Ave,Downers Grove,IL,60515,17,3,Chris Tyler,President,6309686800,010878517 ,JXTTSJMFEL95,04175000  ,1,www.spatrainingacademy.edu/,www.spatrainingacademy.edu/admissions-aid/admissions-process/,www.spatrainingacademy.edu/admissions-aid/financial-aid/,www.spatrainingacademy.edu/admissions-aid/apply-today/,www.spatrainingacademy.edu/npcalc/npcalc.htm, , ,www.spatrainingacademy.edu/universalspa/wp-content/uploads/2017/06/ConsumerInformation.pdf,9,3,3,2,1,2,0,2,2,-2,2,2,13,1,A,-2,-2,-2        ,1,1,1,1,2,6,-2,-2,-2,-2,-2,-2,-2,-2,-2,2,1,2,-2                                                                              ,-2,16980,1,176,17043,DuPage County,1706,-87.993840,41.796008,22,2
460145,Illinois Media School-Chicago Campus, ,9 W. Washington,Chicago,IL,60605,17,3,Imran Ali,Director of Operations,3128848000,341527166 ,T1BEK6Y86167,03101801  ,1,www.beonair.com/chicago,www.beonair.com/chicago,www.beonair.com/chicago,www.beonair.com/chicago,beonair.com/locations/chicago/net-price-calculator/, , ,www.beonair.com/chicago,9,3,3,2,1,2,0,2,2,-2,2,2,11,1,A,-2,-2,-2        ,1,1,1,1,2,6,-2,-2,-2,-2,-2,-2,-2,-2,-2,2,1,1,M & S Media Inc.                                                                ,302930,16980,1,176,17031,Cook County,1707,-87.628510,41.883062,56,2
461582,Estelle Skin Care and Spa Institute, ,"10024 Skokie Blvd, #301",Skokie,IL,60077-9945,17,3,Rozalia Vologin,Director,8473299174,300736715 ,JTJMFD41LRA4,04174900  ,1,www.estelle.edu/,www.estelle.edu/,www.estelle.edu/admissions/financial-aid/,www.estelle.edu/admissions/apply-to-escsi/,www.estelle.edu/NetPriceCalculator/npcalc.htm, , ,www.estelle.edu/,9,3,3,1,1,2,0,2,2,-2,2,2,13,1,A,-2,-2,-2        ,1,1,1,1,2,6,-2,-2,-2,-2,-2,-2,-2,-2,-2,2,1,2,-2                                                                              ,-2,16980,1,176,17031,Cook County,1709,-87.747041,42.063580,31,2
462053,State Career College,SCC,"3575 Grand Avenue Suite C - 1,2,3",Gurnee,IL,60061,17,3,Theresa F Tangonan,President,8476933838,263294892 ,WMV5RA2W5PF3,04189600  ,1,https://www.statecareercollege.edu/,https://statecareercollege.edu/admissions/,https://statecareercollege.edu/student-financial-aid-fafsa/,https://www.statecareercollege.edu/,https://statecareercollege.edu/net-price-calculator/, ,www.statecareercollege.edu/,www.statecareercollege.edu/,9,3,3,2,1,2,0,2,2,-2,2,2,21,1,A,-2,-2,-2        ,1,1,1,1,2,6,-2,-2,-2,-2,-2,-2,-2,-2,-2,2,1,2,-2                                                                              ,-2,16980,1,176,17097,Lake County,1710,-87.889232,42.370223,50,2
470393,Tricoci University of Beauty Culture-Chicago NE,CNE,6458 North Sheridan Road,Chicago,IL,60626-5232,17,3,Larry Foster,Chief Operating Officer,6305283330,562384225 ,YG68BVC199K8,04147301  ,1,www.tricociuniversity.edu/,www.tricociuniversity.edu/,www.tricociuniversity.edu/,www.tricociuniversity.edu/,www.tricociuniversity.edu/admissions-financial-aid/beauty-school-calculator/, , ,www.tricociuniversity.edu/,9,3,3,2,1,2,0,2,2,-2,2,2,11,1,A,-2,-2,-2        ,1,1,1,1,2,6,-2,-2,-2,-2,-2,-2,-2,-2,-2,2,1,1,Tricoci University of Beauty Culture LLC                                        ,304670,16980,1,176,17031,Cook County,1709,-87.660911,41.999802,24,2
475653,Reflections Academy of Beauty, ,3122 Brettwood Cir,Decatur,IL,62526,17,3,Rebecca Wright,Administrator,2174259117,208961506 ,141905328004,04189400  ,1,www.reflectionsacademyofbeauty.com/,www.reflectionsacademyofbeauty.com/,www.reflectionsacademyofbeauty.com/,www.reflectionsacademyofbeauty.com/,www.reflectionsacademyofbeauty.com/school-calculator, , ,www.reflectionsacademyofbeauty.com/,9,3,3,2,1,2,0,2,2,-2,2,2,13,1,A,-2,-2,-2        ,1,1,1,1,2,6,-2,-2,-2,-2,-2,-2,-2,-2,-2,2,1,2,-2                                                                              ,-2,19500,1,-2,17115,Macon County,1713,-88.952037,39.879619,34,2
476489,Larry's Barber College, ,10456 S. Halsted Street,Chicago,IL,60628-2322,17,3,Larry E. Roberts Jr.,CEO,7737792100,562440707 ,G6LHF1P59NL8,04117600  ,1,www.larrysbarbercollege.com/,www.larrysbarbercollege.com/,larrysbarbercollege.com/financial-aid/, ,https://larrysbarbercollege.com/financial-aid/, , ,www.larrysbarbercollege.com/,9,3,3,2,1,2,0,2,2,-2,2,2,11,1,A,-2,-2,-2        ,1,1,1,1,2,6,-2,-2,-2,-2,-2,-2,-2,-2,-2,2,1,2,-2                                                                              ,-2,16980,1,176,17031,Cook County,1701,-87.643207,41.703711,39,2
481085,Verve College, ,"2625 Butterfield Rd, Ste 102E",Oak Brook,IL,60523,17,3,Nitasha Bindra,Vice President & COO,6307059999,261274500 ,LTMVS568NB87,04179100  ,1,www.vervecollege.edu/, , , ,vervecollege.edu/financial-aid/net-price-calculator/, , ,vervecollege.edu/financial-aid/accommodations-for-students-with-disabilities/,9,3,3,2,1,2,0,2,2,-2,2,2,21,1,A,-2,-2,-2        ,1,1,1,1,2,6,-2,-2,-2,-2,-2,-2,-2,-2,-2,2,1,2,-2                                                                              ,-2,16980,1,176,17043,DuPage County,1706,-87.984611,41.844020,51,2
481739,Empire Beauty School-Vernon Hills, ,226 Hawthorn Village Commons,Vernon Hills,IL,60061-1519,17,3,Franklin K. Schoeneman,Chairman/CEO,8009204593,208939053 ,ULQLDZPRRQL3,02079405  ,1,www.empire.edu/,www.empire.edu/,www.empire.edu/,www.empire.edu/apply-now,www.empire.edu/net-price-calculator, , ,www.empire.edu/,9,3,3,2,1,2,0,2,2,-2,2,2,21,1,A,-2,-2,-2        ,1,1,1,1,2,6,-2,-2,-2,-2,-2,-2,-2,-2,-2,2,1,1,EEG Inc.                                                                        ,301640,16980,1,176,17097,Lake County,1710,-87.958698,42.241767,38,2
481748,Empire Beauty School-Stone Park, ,3106 West North Avenue,Stone Park,IL,60165-1010,17,3,Franklin K. Schoeneman,Chairman/CEO,8009204593,208939053 ,ULQLDZPRRQL3,02079406  ,1,www.empire.edu/,www.empire.edu/,www.empire.edu/,www.empire.edu/apply-now,www.empire.edu/net-price-calculator, , ,www.empire.edu/,9,3,3,2,1,2,0,2,2,-2,2,2,21,1,A,-2,-2,-2        ,1,1,1,1,2,6,-2,-2,-2,-2,-2,-2,-2,-2,-2,2,1,1,EEG Inc.                                                                        ,301640,16980,1,176,17031,Cook County,1704,-87.871263,41.907282,28,2
482167,Trenz Beauty Academy, ,695 Wentworth Avenue,Calumet City,IL,60409,17,3,Sharon Payton,CEO,7088320000,453146628 ,LNQ3JC27SZN5| C1P4VEDNSRT1,04224500  ,1,www.trenzbeautyacademy.com/, , , ,www.trenzbeautyacademy.com/students-net-price-calculator/, , ,www.trenzbeautyacademy.com/,9,3,3,2,1,2,0,2,2,-2,2,2,21,1,A,-2,-2,-2        ,1,1,1,1,2,6,-2,-2,-2,-2,-2,-2,-2,-2,-2,2,1,2,-2                                                                              ,-2,16980,1,176,17031,Cook County,1702,-87.529507,41.615676,35,2
482477,DeVry University-Illinois,DeVry University-ChicagoDeVry University-Chicago LoopDeVry University-Lisle,"4225 Naperville Rd, Suite 400",Lisle,IL,60532,17,3,Ruth Pineda,"Director, Campus Operations",7739298500,362781982 ,MN6JA6YLM213,01072700  ,1,https://www.devry.edu/,https://www.devry.edu/admissions.html,https://www.devry.edu/tuition-financial-aid/financial-aid.html,https://dv.secure.force.com/sswa/dvu/us/2?vc=170005&intcmp=Header|ApplyNow,https://my.devry.edu/npc,https://www.devry.edu/admissions/military-applicants/military-tuition-and-grants.html, ,https://www.devry.edu/students/disability-services.html,3,1,3,7,1,1,20,1,2,2,2,2,21,1,A,-2,-2,-2        ,1,1,1,1,1,3,-2,18,19,-2,-2,4,4,2,6,2,5,1,Cogswell Capital                                                                ,301015,16980,1,176,17043,DuPage County,1706,-88.116625,41.807204,194,1
483258,Networks Barber College, ,508 Burnham Ave,Calumet City,IL,60409,17,3,Kumasi Barfield,Owner,7088688115,271223686 ,WETMFKX29WA3,04224400  ,1,www.networksbarbercollege.com/, , , ,www.networksbarbercollege.com/consumer-information/, , ,www.networksbarbercollege.com/consumer-information/,9,3,3,2,1,2,0,2,2,-2,2,2,21,1,A,-2,-2,-2        ,1,1,1,1,2,6,-2,-2,-2,-2,-2,-2,-2,-2,-2,2,1,2,-2                                                                              ,-2,16980,1,176,17031,Cook County,1702,-87.539813,41.621587,41,2
483328,Paul Mitchell the School-Lombard, ,106 Yorktown Shopping Center,Lombard,IL,60148,17,3,Steve Cowan,Owner,6306911111,383362779 ,ZXDTSKM4D844,03490302  ,1,paulmitchell.edu/lombard,paulmitchell.edu/lombard/request-enrollment-information,paulmitchell.edu/lombard/financial-aid,paulmitchell.edu/lombard/get-started,paulmitchell.edu/lombard/tuition-calculator,paulmitchell.edu/lombard/financial-aid/military-benefits, ,https://paul-mitchell-schools-website-lightsail.s3.amazonaws.com/uploads/sites/161/Lombard-Disablility-Verification-Form_523.pdf,9,3,3,2,1,2,0,2,2,-2,2,2,21,1,A,-2,-2,-2        ,1,1,1,1,2,6,-2,-2,-2,-2,-2,-2,-2,-2,-2,2,1,1,Paul Mitchell The School                                                        ,303620,16980,1,176,17043,DuPage County,1706,-88.008159,41.839535,33,2
483911,Creative Touch Cosmetology School, ,234 East 3rd Street,Waterloo,IL,62298-1609,17,3,PatriciaCMcDonald,President/owner,6189390322,352337327 ,L4PWJD9887T7,04225300  ,1,https://www.creativetouch.edu/, ,https://www.creativetouch.edu/financial-aid/,https://www.creativetouch.edu/contact/,https://www.creativetouch.edu/financial-aid-net-price-calculator/, , ,https://creativetouch.edu/,9,3,3,2,1,2,0,2,2,-2,2,2,31,1,A,-2,-2,-2        ,1,1,1,1,2,6,-2,-2,-2,-2,-2,-2,-2,-2,-2,2,1,2,-2                                                                              ,-2,41180,1,476,17133,Monroe County,1712,-90.146194,38.335231,48,2
484084,Debutantes School of Cosmetology and Nail Technology,Debutantes School of Beauty,145 N. 3rd Street,Dekalb,IL,60115-3301,17,3,Thomas J Rogers,CEO,8157584045,263682936 , ,04229900  ,1,www.debschool.com/, , , ,debschool.com/, , ,debschool.com/,9,3,3,2,1,2,0,2,2,-2,2,2,23,1,A,-2,-2,-2        ,1,1,1,1,2,6,-2,-2,-2,-2,-2,-2,-2,-2,-2,2,1,2,-2                                                                              ,-2,16980,1,176,17037,DeKalb County,1714,-88.751471,41.930570,43,2
486345,HVAC Technical Institute, ,4532 South Kolin Avenue,Chicago,IL,60632-4457,17,3,Mario Recio,Director,7739279562,364413658 , ,04232300  ,1,www.hvac-tech.com/, , , ,hvac-tech.com/financial-aid-calculator/,www.hvac-tech.com/wp-content/uploads/2017/08/Student-Handbook-English-UPDATED-5-2017.pdf, ,hvac-tech.com/consumer-information/,9,3,3,1,1,2,0,2,2,-2,2,2,11,1,A,-2,-2,-2        ,1,1,1,1,2,6,-2,-2,-2,-2,-2,-2,-2,-2,-2,2,1,2,-2                                                                              ,-2,16980,1,176,17031,Cook County,1704,-87.733452,41.809897,212,2
487533,Tricoci University of Beauty Culture-Elgin,Elgin,264 South Randall Road,Elgin,IL,60123-9412,17,3,Larry Foster,Chief Operating Officer,6305283330,562384225 ,EEEXXD1T1248,04147101  ,1,www.tricociuniversity.edu/,www.tricociuniversity.edu/,www.tricociuniversity.edu/,www.tricociuniversity.edu/,www.tricociuniversity.edu/admissions-financial-aid/beauty-school-calculator/, , ,www.tricociuniversity.edu/,9,3,3,2,1,2,0,2,2,-2,2,2,12,1,A,-2,-2,-2        ,1,1,1,1,2,6,-2,-2,-2,-2,-2,-2,-2,-2,-2,2,1,1,Tricoci University of Beauty Culture LLC                                        ,304670,16980,1,176,17089,Kane County,1708,-88.341498,42.026819,23,2
487968,CAAN Academy of Nursing, ,4747 Lincoln Mall Dr. - Suite 420,Matteson,IL,60443-3821,17,3,Carol Alexander,CAO,7089831645,030486416 ,CN6UDF9GRJB6,04242800  ,1,caanacademy.org/,caanacademy.org/,caanacademy.org/,caanacademy.org/,caanacademy.org/calculator,www.caanacademy.org/, ,caanacademy.org/,5,2,2,3,1,2,40,1,2,-2,2,2,21,1,A,-2,-2,-2        ,1,1,1,1,2,4,-2,-2,28,-2,-2,1,1,9,-2,2,1,2,-2                                                                              ,-2,16980,1,176,17031,Cook County,1702,-87.731726,41.505272,214,2
488396,Phipps Academy of Barbering, ,3732 Sauk Trail Road,Richton Park,IL,60471-1404,17,3,Kevin Phipps,Owner,7082831204,364421782 ,WFJFAVLBBGG3,04254000  ,1,www.phippsacademy.com/, , , ,www.phippsacademy.com/net-price-calculator, , ,www.phippsacademy.com/,9,3,3,2,1,2,0,2,2,-2,2,2,21,1,A,-2,-2,-2        ,1,1,1,1,2,6,-2,-2,-2,-2,-2,-2,-2,-2,-2,2,1,2,-2                                                                              ,-2,16980,1,176,17031,Cook County,1702,-87.705681,41.485005,38,2
492023,Americare Technical School, ,505 Busse Highway,Park Ridge,IL,60068-3143,17,3,Mario Balitaan,President,8478258773,830424510 ,QHB2R1LEKUF4,04244600  ,1,https://www.americaretech.com/, , , ,https://www.americaretech.com/net-price-calculator,https://www.americaretech.com/, ,https://www.americaretech.com/,9,3,3,2,1,2,0,2,2,-2,2,2,21,1,A,-2,-2,-2        ,1,1,1,1,1,6,-2,-2,-2,-2,-2,-2,-2,-2,-2,2,1,2,-2                                                                              ,-2,16980,1,176,17031,Cook County,1709,-87.841982,42.017062,13,2
492078,Chicago Professional Center, ,16 Piper Ln. Suite 127,Prospect Heights,IL,60090,17,3,Vagif Abil,Director of Education,8472158203,481253984 ,L4HZLXLUJP39,04253800  ,1,www.chicagoprofessionalcenter.com/, , , ,chicagoprofessionalcenter.com/netpricecalc/npcalc.htm, , ,www.dhs.state.il.us/page.aspx?item=30358,9,3,3,1,1,2,0,2,2,-2,2,2,21,1,A,-2,-2,-2        ,1,1,1,1,2,6,-2,-2,-2,-2,-2,-2,-2,-2,-2,2,1,2,-2                                                                              ,-2,16980,1,176,17031,Cook County,1709,-87.905673,42.108330,213,2
494852,Stautzenberger College-Rockford Career College, ,1130 South Alpine Road Suite 100,Rockford,IL,61108-3900,17,3,Mike O'Herron,Campus President,8159658616,522190635 ,ZLFJFWRD7A93,00486611  ,1,https://www.rockfordcareercollege.edu/,https://www.rockfordcareercollege.edu/student_resources/admissions,https://www.rockfordcareercollege.edu/student_resources/financial_aid, ,https://rockfordcareercollege.studentaidcalculator.com/survey.aspx, , ,https://rockfordcareercollege.edu/consumer_information/ada_grievances,6,2,3,3,1,2,40,1,2,-2,2,2,12,1,A,-2,-2,-2        ,1,1,1,1,1,4,-2,9,12,-2,-2,2,1,2,-2,2,1,1,American Higher Education Development Corporation                               ,300280,40420,1,466,17201,Winnebago County,1717,-89.027291,42.255903,85,2
495387,Larry's Barber College, ,701 E 79th St #709,Chicago,IL,60619-3101,17,3,Larry E. Roberts Jr.,CEO,7736021732,562440707 ,G6LHF1P59NL8,04117604  ,1,https://www.larrysbarbercollege.com/, , , ,https://www.larrysbarbercollege.com/financial-aid, , ,https://www.larrysbarbercollege.com/,9,3,3,2,1,2,0,2,2,-2,2,2,11,1,A,-2,-2,-2        ,1,1,1,1,2,6,-2,-2,-2,-2,-2,-2,-2,-2,-2,2,1,2,-2                                                                              ,-2,16980,1,176,17031,Cook County,1701,-87.607449,41.751137,46,2
495730,Tricoci University of Beauty Culture-Normal, ,755 West Raab Road,Normal,IL,61761-4107,17,3,Larry Foster,Chief Operating Officer,6305283330,562384225 ,YJ59DJN3MXP5,04147401  ,1,https://www.tricociuniversity.edu/,https://www.tricociuniversity.edu/,https://www.tricociuniversity.edu/,https://www.tricociuniversity.edu/,https://www.tricociuniversity.edu/admissions-financial-aid/beauty-school-calculator/, , ,https://www.tricociuniversity.edu/,9,3,3,2,1,2,0,2,2,-2,2,2,22,1,A,-2,-2,-2        ,1,1,1,1,2,6,-2,-2,-2,-2,-2,-2,-2,-2,-2,2,1,1,Tricoci University of Beauty Culture LLC                                        ,304670,14010,1,145,17113,McLean County,1717,-89.001721,40.531563,32,2
496520,Zen Shiatsu Chicago, ,818 Lake Street,Evanston,IL,60201-4317,17,3,Steven Rogne,Director,8478641130,651283747 ,CSE5VSRE5XU1,04295500  ,5,www.zenshiatsu.edu/, , , ,https://www.zenshiatsu.edu/disclosures/, , ,https://zenshiatsu.edu/student_tutoring/,9,3,3,1,1,2,0,2,2,-2,2,2,13,1,A,-2,-2,-2        ,1,1,1,2,2,6,-2,-2,-2,-2,-2,-2,-2,-2,-2,2,1,2,-2                                                                              ,-2,16980,1,176,17031,Cook County,1709,-87.682870,42.043862,-1,-1
496964,Larry's Barber College-Joliet, ,929 West Jefferson Street,Joliet,IL,60435-7352,17,3,Larry E. Roberts Jr,Owner,8157231950,562440707 ,G6LHF1P59NL8,04117605  ,1,https://www.larrysbarbercollege.com/, , , ,https://www.larrysbarbercollege.com/net-price-calculator/,https://www.larrysbarbercollege.com/, ,https://www.larrysbarbercollege.com/,9,3,3,2,1,2,0,2,2,-2,2,2,21,1,A,-2,-2,-2        ,1,1,1,1,2,6,-2,-2,-2,-2,-2,-2,-2,-2,-2,2,1,2,-2                                                                              ,-2,16980,1,176,17197,Will County,1714,-88.105455,41.523437,48,2
497745,Aviation Institute of Maintenance-Chicago, ,3711 South Ashland Avenue,Chicago,IL,60609-2130,17,3,Isaac Walters,Campus Executive Director,2012886300,232900403 ,YTHZSJEQAST9,04156401  ,1,https://aviationmaintenance.edu/campuses/chicago-il,https://aviationmaintenance.edu/,https://aviationmaintenance.edu/admissions/financing/,https://aviationmaintenance.edu/,https://aviationmaintenance.edu/your-rights/,https://aviationmaintenance.edu/admissions/student-services/military-information/,https://aviationmaintenance.edu/your-rights/,https://aviationmaintenance.edu/your-rights/,6,2,3,4,1,2,0,2,2,-2,2,2,11,1,A,-2,-2,-2        ,1,1,1,1,1,6,-2,-2,-2,-2,-2,-2,-2,-2,-2,2,1,1,"Technical Education Services, Inc                                               ",304480,16980,1,176,17031,Cook County,1704,-87.664313,41.825743,13,2
498553,Stellar Career College, ,"205 W. Randolph Street, Suite 200",Chicago,IL,60606-0000,17,3,Zulfiqar Satti,President,7733177284,821883694 ,DDXCJN1JJFC9,03759301  ,1,https://stellarcollege.edu/,https://stellarcollege.edu/,https://stellarcollege.edu/,https://stellarcollege.edu/,https://stellarcollege.edu/net-price-calculator/, ,https://stellarcollege.edu/,https://stellarcollege.edu/,9,3,3,2,1,2,0,2,2,-2,2,2,11,1,A,-2,-2,-2        ,1,1,1,1,2,6,-2,-2,-2,-2,-2,-2,-2,-2,-2,2,1,2,-2                                                                              ,-2,16980,1,176,17031,Cook County,1707,-87.634151,41.884375,52,2
498641,I M Beauty School, ,"630 Milwaukee ave, STE 200",Glenview,IL,60025,17,3,Warren Sohng,CEO,2244325178,825231568 ,FBSJK6NTA8Y1,04307100  ,1,https://imbeautyschool@gmail.com/, , , , , , ,https://wehavenoathletes@gmail.com/,9,3,3,2,1,2,0,2,2,-2,2,2,21,1,N,-2,-2,-2        ,1,1,1,1,2,6,-2,-2,-2,-2,-2,-2,-2,-2,-2,2,1,2,-2                                                                              ,-2,16980,1,176,17031,Cook County,1705,-87.850383,42.066686,47,2
500315,Illinois Eastern Community Colleges - Olney Central College, ,305 North West Street,Olney,IL,62450-2227,17,3, , , ,-1        , ,00174223  ,1, , , , , , , , ,99,-3,-3,-3,-3,-3,-3,-3,2,-2,-2,2,33,1,G,145707,-2,-2        ,3,1,3,9,-2,-2,-2,-2,-2,-2,-2,-2,-2,-2,-2,2,-2,-2,-2                                                                              ,-2,-2,-2,-2,17159,Richland County,1712,-88.099589,38.735913,-2,-2
500494,Pivot Point Academy - Wahl Barber Academy, ,8501 West Higgins Road Suite 110,Chicago,IL,60631,17,3,Lisa Coffey,Student and Financial Services,8479855900,474734260 , ,01083605  ,1,https://www.pivotpoint.edu/,https://www.pivotpoint.edu/admission/admission-requirements,https://www.pivotpoint.edu/,https://www.pivotpoint.edu/,https://www.pivotpoint.edu/calculators/npnew/index_c.html,https://www.pivotpoint.edu/, , ,9,3,3,-3,-3,-3,0,2,2,-2,-2,2,11,1,G,373216,-2,-2        ,3,1,3,9,-2,-2,-2,-2,-2,-2,-2,-2,-2,-2,-2,2,-2,-2,-2                                                                              ,-2,16980,1,176,17031,Cook County,1708,-87.838707,41.986156,-2,-2
