{"type":"FeatureCollection","source":"OpenStreetMap contributors (ODbL) via Overpass API","features":[{"type":"Feature","properties":{"name":"Lake Ontario","osm":"r1206310"},"geometry":{"type":"Polygon","coordinates":[[[-78.19259,43.37173],[-78.19385,43.37114],[-78.19633,43.37082],[-78.20054,43.37067],[-78.20699,43.37165],[-78.21066,43.37164],[-78.21248,43.37126],[-78.21354,43.37119],[-78.21792,43.37052],[-78.22018,43.37037],[-78.22602,43.36954],[-78.22615,43.36966],[-78.22911,43.36948],[-78.23122,43.36923],[-78.23318,43.36888],[-78.23569,43.36882],[-78.24374,43.36914],[-78.24508,43.36929],[-78.24539,43.36902],[-78.24824,43.36943],[-78.25057,43.37013],[-78.25176,43.37083],[-78.25185,43.37132],[-78.25247,43.37184],[-78.25374,43.37197],[-78.25431,43.37218],[-78.25547,43.37229],[-78.25639,43.37226],[-78.25981,43.37265],[-78.26457,43.37255],[-78.26596,43.37244],[-78.26689,43.37261],[-78.26765,43.37265],[-78.26845,43.37258],[-78.27266,43.37158],[-78.27455,43.37141],[-78.27539,43.37126],[-78.27746,43.37124],[-78.27907,43.37134],[-78.28264,43.37184],[-78.28542,43.37195],[-78.28686,43.37181],[-78.28764,43.37189],[-78.29073,43.37171],[-78.29283,43.37124],[-78.29793,43.37137],[-78.3004,43.37117],[-78.30383,43.37184],[-78.30418,43.37199],[-78.30417,43.37231],[-78.30452,43.37234],[-78.3047,43.37203],[-78.30646,43.37241],[-78.30757,43.37338],[-78.309,43.37343],[-78.3103,43.37364],[-78.31423,43.37354],[-78.31998,43.37285],[-78.32403,43.37271],[-78.3265,43.3725],[-78.32915,43.37278],[-78.33069,43.37253],[-78.33469,43.3725],[-78.33752,43.37256],[-78.3383,43.3729],[-78.33959,43.37289],[-78.34106,43.37299],[-78.34328,43.37355],[-78.34646,43.37359],[-78.34932,43.37374],[-78.3522,43.37355],[-78.3552,43.37369],[-78.35801,43.37361],[-78.36351,43.37399],[-78.36559,43.37429],[-78.36575,43.37441],[-78.36572,43.37447],[-78.36585,43.37448],[-78.36635,43.37484],[-78.36619,43.37502],[-78.3664,43.37509],[-78.36649,43.37504],[-78.36698,43.37576],[-78.36758,43.37601],[-78.37029,43.37625],[-78.37284,43.3762],[-78.37617,43.376],[-78.38523,43.37588],[-78.40058,43.37493],[-78.40845,43.37486],[-78.41252,43.37505],[-78.41725,43.37477],[-78.42677,43.3737],[-78.43076,43.37338],[-78.43396,43.37282],[-78.43505,43.37275],[-78.43781,43.37227],[-78.44387,43.37196],[-78.44756,43.372],[-78.44981,43.37231],[-78.45063,43.37263],[-78.45501,43.37255],[-78.45719,43.37203],[-78.46421,43.37135],[-78.46519,43.37142],[-78.46986,43.37074],[-78.47202,43.37065],[-78.47371,43.37075],[-78.47437,43.37088],[-78.47484,43.37114],[-78.47491,43.3714],[-78.47533,43.37143],[-78.47544,43.37134],[-78.47563,43.37133],[-78.47663,43.3714],[-78.47796,43.37161],[-78.47885,43.37197],[-78.48129,43.37349],[-78.48223,43.37419],[-78.48238,43.37421],[-78.48276,43.37444],[-78.4831,43.37446],[-78.48451,43.37485],[-78.48593,43.37502],[-78.48855,43.37472],[-78.49063,43.37456],[-78.49128,43.37459],[-78.49399,43.374],[-78.50222,43.37271],[-78.50526,43.37233],[-78.51091,43.37181],[-78.51288,43.37175],[-78.51768,43.3723],[-78.51909,43.37231],[-78.52434,43.37196],[-78.53018,43.37143],[-78.53605,43.37072],[-78.53658,43.37042],[-78.53956,43.36997],[-78.54788,43.36931],[-78.55802,43.36816],[-78.56381,43.36727],[-78.56791,43.36648],[-78.57204,43.36588],[-78.57512,43.36531],[-78.57964,43.36481],[-78.5908,43.36247],[-78.59714,43.36154],[-78.61194,43.35997],[-78.61354,43.35988],[-78.63669,43.35748],[-78.64112,43.35646],[-78.64897,43.35406],[-78.64994,43.35357],[-78.65116,43.35332],[-78.65132,43.35303],[-78.65194,43.35268],[-78.65224,43.3526],[-78.6532,43.35259],[-78.65787,43.35113],[-78.66563,43.34936],[-78.66981,43.34827],[-78.67529,43.347],[-78.67872,43.3456],[-78.68279,43.34435],[-78.68526,43.34376],[-78.68765,43.34304],[-78.68952,43.3428],[-78.69086,43.34236],[-78.69401,43.34164],[-78.69443,43.34166],[-78.69723,43.34093],[-78.69805,43.34089],[-78.69946,43.34055],[-78.70229,43.34001],[-78.70732,43.33991],[-78.70841,43.33971],[-78.70941,43.33974],[-78.7131,43.3394],[-78.71417,43.33912],[-78.71614,43.3389],[-78.7173,43.3391],[-78.71769,43.33934],[-78.71826,43.33929],[-78.71857,43.34075],[-78.7187,43.34073],[-78.7182,43.33848],[-78.71889,43.3384],[-78.7194,43.34081],[-78.71954,43.34079],[-78.71926,43.33951],[-78.72087,43.33911],[-78.72248,43.33888],[-78.72446,43.33921],[-78.72542,43.33921],[-78.72657,43.33909],[-78.72764,43.33875],[-78.72973,43.33855],[-78.7359,43.33742],[-78.74034,43.33628],[-78.74286,43.33548],[-78.74765,43.33428],[-78.75044,43.33339],[-78.75185,43.33311],[-78.75333,43.33264],[-78.75708,43.3317],[-78.75888,43.33117],[-78.76157,43.33058],[-78.76484,43.32968],[-78.76768,43.32912],[-78.77262,43.32782],[-78.7756,43.32724],[-78.78029,43.32653],[-78.78679,43.32575],[-78.78753,43.32574],[-78.78793,43.32557],[-78.78868,43.3254],[-78.79116,43.32529],[-78.79214,43.32509],[-78.79327,43.32506],[-78.79332,43.32498],[-78.7956,43.32463],[-78.79635,43.32468],[-78.79684,43.32459],[-78.79745,43.32462],[-78.80005,43.32417],[-78.80268,43.32386],[-78.80339,43.32385],[-78.80418,43.32369],[-78.80458,43.32371],[-78.80532,43.32347],[-78.80624,43.32349],[-78.80686,43.32328],[-78.80723,43.32332],[-78.80872,43.32298],[-78.80932,43.32268],[-78.81067,43.32241],[-78.81109,43.32221],[-78.81132,43.32199],[-78.81219,43.3219],[-78.81239,43.32172],[-78.81311,43.32149],[-78.8142,43.32135],[-78.81458,43.32115],[-78.81698,43.32047],[-78.82187,43.31922],[-78.82224,43.31915],[-78.82263,43.3192],[-78.82364,43.31893],[-78.82425,43.31893],[-78.82532,43.31865],[-78.82579,43.31869],[-78.82606,43.31891],[-78.82921,43.31806],[-78.83129,43.31786],[-78.83266,43.31753],[-78.83339,43.31745],[-78.83423,43.31749],[-78.83463,43.31767],[-78.83478,43.31783],[-78.83559,43.31795],[-78.83635,43.31824],[-78.84035,43.3166],[-78.84284,43.31598],[-78.84751,43.31411],[-78.84964,43.31288],[-78.85183,43.31201],[-78.85426,43.31136],[-78.85594,43.31122],[-78.85747,43.31071],[-78.858,43.31075],[-78.85941,43.31066],[-78.86215,43.30996],[-78.86329,43.30988],[-78.86493,43.30933],[-78.86589,43.30881],[-78.86752,43.30881],[-78.86835,43.30841],[-78.87287,43.30729],[-78.87498,43.30658],[-78.87553,43.3063],[-78.87833,43.30568],[-78.88058,43.3049],[-78.8826,43.3043],[-78.8838,43.30414],[-78.8871,43.3033],[-78.88768,43.30346],[-78.89005,43.30275],[-78.89466,43.30183],[-78.89712,43.30089],[-78.89845,43.30048],[-78.9011,43.30005],[-78.90291,43.29952],[-78.90471,43.29939],[-78.90749,43.2989],[-78.90924,43.29869],[-78.91749,43.29669],[-78.91913,43.29639],[-78.91976,43.29601],[-78.92114,43.29578],[-78.92501,43.29466],[-78.92538,43.2947],[-78.92543,43.29482],[-78.92569,43.29482],[-78.92592,43.29463],[-78.92912,43.29355],[-78.93106,43.29312],[-78.93418,43.29208],[-78.94072,43.29017],[-78.94228,43.28962],[-78.94315,43.28941],[-78.94614,43.28826],[-78.95248,43.28645],[-78.9551,43.28542],[-78.95745,43.28473],[-78.9593,43.28441],[-78.96189,43.28373],[-78.96408,43.28327],[-78.96767,43.28229],[-78.97787,43.27995],[-78.97957,43.27962],[-78.98108,43.27921],[-78.98195,43.27908],[-78.98261,43.27868],[-78.98441,43.27845],[-78.98495,43.27851],[-78.98568,43.27826],[-78.98879,43.2777],[-78.99011,43.2777],[-78.99275,43.27735],[-78.99558,43.27732],[-78.99841,43.27691],[-78.99893,43.27691],[-78.99955,43.27715],[-79.00039,43.27705],[-79.00184,43.27664],[-79.00227,43.2767],[-79.00393,43.27638],[-79.00559,43.27622],[-79.00702,43.27624],[-79.00824,43.27575],[-79.00884,43.27571],[-79.00954,43.27546],[-79.01176,43.27509],[-79.01194,43.2748],[-79.01357,43.27449],[-79.01558,43.27388],[-79.01587,43.2739],[-79.01719,43.27351],[-79.01838,43.27343],[-79.01944,43.27363],[-79.02056,43.27349],[-79.02149,43.27352],[-79.02164,43.27333],[-79.02202,43.27328],[-79.0223,43.27306],[-79.02408,43.27258],[-79.02789,43.27197],[-79.02936,43.2718],[-79.02985,43.27186],[-79.03,43.27171],[-79.03082,43.27162],[-79.03186,43.27132],[-79.0323,43.27089],[-79.0335,43.27038],[-79.03453,43.27011],[-79.03564,43.26991],[-79.03755,43.26992],[-79.03896,43.26964],[-79.04034,43.2692],[-79.04131,43.26911],[-79.04195,43.26883],[-79.04411,43.26836],[-79.04476,43.26838],[-79.04548,43.26854],[-79.04645,43.26835],[-79.04637,43.26823],[-79.04669,43.26812],[-79.04664,43.26793],[-79.04689,43.26772],[-79.05051,43.26677],[-79.05345,43.26624],[-79.05367,43.26612],[-79.05616,43.26553],[-79.05867,43.26469],[-79.06047,43.26419],[-79.06174,43.26391],[-79.06204,43.26391],[-79.06203,43.26396],[-79.06315,43.26371],[-79.06437,43.26308],[-79.06461,43.26286],[-79.07039,43.2624],[-79.07661,43.2621],[-79.07746,43.26224],[-79.08531,43.26224],[-79.08557,43.26234],[-79.08657,43.26228],[-79.08676,43.2622],[-79.08753,43.26226],[-79.08908,43.26217],[-79.0899,43.26184],[-79.09141,43.26176],[-79.09305,43.26145],[-79.09404,43.26077],[-79.09468,43.26058],[-79.09541,43.26058],[-79.09597,43.26038],[-79.0961,43.26024],[-79.1002,43.25909],[-79.10104,43.2589],[-79.10594,43.25837],[-79.107,43.258],[-79.112,43.2567],[-79.11468,43.25624],[-79.11619,43.25609],[-79.11674,43.25645],[-79.12013,43.25642],[-79.12137,43.2566],[-79.12247,43.25687],[-79.12278,43.25683],[-79.12616,43.25735],[-79.12652,43.25804],[-79.12757,43.25867],[-79.13135,43.25815],[-79.13307,43.25735],[-79.13396,43.25727],[-79.1355,43.25618],[-79.13764,43.25608],[-79.13907,43.25551],[-79.13953,43.25505],[-79.14062,43.25446],[-79.14338,43.25331],[-79.14354,43.253],[-79.14555,43.25214],[-79.14592,43.25207],[-79.14617,43.25182],[-79.14707,43.25136],[-79.14878,43.25021],[-79.14913,43.25013],[-79.15119,43.24892],[-79.15158,43.24896],[-79.15172,43.2483],[-79.15239,43.24781],[-79.15377,43.24713],[-79.15408,43.24709],[-79.15423,43.24695],[-79.15481,43.24692],[-79.15507,43.2467],[-79.15504,43.2466],[-79.15519,43.24662],[-79.1566,43.24627],[-79.15733,43.24581],[-79.15738,43.24567],[-79.1575,43.24566],[-79.15753,43.24555],[-79.15809,43.24516],[-79.15851,43.24509],[-79.15886,43.2448],[-79.15975,43.24438],[-79.16033,43.24419],[-79.16084,43.24425],[-79.16134,43.2441],[-79.16191,43.2437],[-79.16253,43.24348],[-79.16312,43.24289],[-79.16439,43.24218],[-79.16533,43.24179],[-79.16722,43.24067],[-79.16812,43.24026],[-79.16916,43.23998],[-79.1694,43.24006],[-79.16999,43.24003],[-79.17058,43.23974],[-79.1711,43.2396],[-79.17134,43.23943],[-79.17246,43.23917],[-79.1731,43.23889],[-79.17317,43.23847],[-79.17329,43.23839],[-79.17389,43.23831],[-79.17435,43.23804],[-79.17478,43.23792],[-79.17506,43.23769],[-79.17562,43.23752],[-79.17629,43.2372],[-79.17749,43.2369],[-79.17761,43.23674],[-79.17811,43.23658],[-79.17895,43.23611],[-79.17897,43.23603],[-79.17945,43.23584],[-79.17975,43.23584],[-79.18008,43.23557],[-79.18044,43.2354],[-79.18058,43.23514],[-79.1822,43.23431],[-79.18237,43.23433],[-79.18276,43.23411],[-79.18299,43.23408],[-79.18309,43.23427],[-79.18327,43.23389],[-79.18351,43.23388],[-79.18343,43.23414],[-79.18327,43.23425],[-79.18345,43.23431],[-79.18356,43.23424],[-79.18371,43.23369],[-79.18466,43.23339],[-79.18503,43.23301],[-79.18553,43.23281],[-79.18559,43.23271],[-79.18671,43.23241],[-79.18701,43.23243],[-79.1878,43.23212],[-79.18774,43.23133],[-79.18821,43.23092],[-79.18898,43.23053],[-79.19181,43.23006],[-79.19248,43.22982],[-79.19301,43.22939],[-79.19297,43.22878],[-79.19309,43.22839],[-79.19356,43.22815],[-79.1969,43.22782],[-79.1993,43.22781],[-79.20144,43.22733],[-79.20244,43.22719],[-79.20282,43.22673],[-79.20411,43.22658],[-79.20454,43.22633],[-79.20681,43.22621],[-79.20706,43.22633],[-79.20866,43.22599],[-79.20923,43.22594],[-79.21173,43.227],[-79.21303,43.22798],[-79.21341,43.22939],[-79.21324,43.23021],[-79.21328,43.23158],[-79.21265,43.23174],[-79.21198,43.23212],[-79.21197,43.23265],[-79.21241,43.23368],[-79.21289,43.2341],[-79.21303,43.23449],[-79.21315,43.23497],[-79.21278,43.23528],[-79.21308,43.23569],[-79.21277,43.23583],[-79.21166,43.23598],[-79.21128,43.23648],[-79.21132,43.23693],[-79.21199,43.23935],[-79.21214,43.24028],[-79.21201,43.24055],[-79.2123,43.24129],[-79.21235,43.24161],[-79.21218,43.24195],[-79.21165,43.24222],[-79.21129,43.24263],[-79.21104,43.24267],[-79.21022,43.2435],[-79.2076,43.24418],[-79.20746,43.24429],[-79.20751,43.24443],[-79.20771,43.24454],[-79.20807,43.24451],[-79.20879,43.24423],[-79.21218,43.24336],[-79.21299,43.24325],[-79.21418,43.24352],[-79.2151,43.24445],[-79.21544,43.2445],[-79.21558,43.24487],[-79.21578,43.24479],[-79.2176,43.24487],[-79.21777,43.24455],[-79.21837,43.24438],[-79.21861,43.24418],[-79.2192,43.2435],[-79.21971,43.24221],[-79.21987,43.24053],[-79.21973,43.23883],[-79.21977,43.23419],[-79.21984,43.2329],[-79.2199,43.23247],[-79.22007,43.2321],[-79.22003,43.23043],[-79.22029,43.22874],[-79.22006,43.22808],[-79.22047,43.22696],[-79.22079,43.2265],[-79.22092,43.22648],[-79.22068,43.22635],[-79.22208,43.22472],[-79.22412,43.22304],[-79.22723,43.22074],[-79.22938,43.21951],[-79.23028,43.21929],[-79.23126,43.2188],[-79.23167,43.21874],[-79.2325,43.21836],[-79.23262,43.21816],[-79.23351,43.2177],[-79.23579,43.2169],[-79.23585,43.21667],[-79.23836,43.21523],[-79.23865,43.21526],[-79.23909,43.21488],[-79.24225,43.21289],[-79.24315,43.21263],[-79.2439,43.21201],[-79.2448,43.21145],[-79.24608,43.211],[-79.24711,43.21039],[-79.248,43.20998],[-79.24811,43.21006],[-79.24854,43.20988],[-79.24869,43.20972],[-79.2499,43.20909],[-79.25066,43.20898],[-79.25157,43.20863],[-79.25187,43.20835],[-79.25291,43.20777],[-79.25419,43.20731],[-79.25575,43.20692],[-79.25708,43.20667],[-79.25884,43.20647],[-79.25924,43.20656],[-79.25937,43.20796],[-79.25934,43.20879],[-79.25942,43.20883],[-79.25951,43.20871],[-79.2594,43.20675],[-79.26071,43.20686],[-79.26184,43.20737],[-79.26324,43.20749],[-79.26339,43.20947],[-79.25919,43.20922],[-79.25904,43.2093],[-79.25916,43.20937],[-79.26325,43.20956],[-79.2634,43.20966],[-79.26344,43.21013],[-79.26332,43.21014],[-79.26333,43.21031],[-79.26346,43.21039],[-79.2635,43.21097],[-79.26337,43.21097],[-79.26339,43.21114],[-79.26358,43.21117],[-79.26433,43.21041],[-79.26443,43.21044],[-79.26406,43.20543],[-79.26432,43.20531],[-79.2675,43.20407],[-79.2691,43.20357],[-79.27082,43.20265],[-79.27194,43.20224],[-79.27229,43.20203],[-79.27336,43.20169],[-79.27427,43.20126],[-79.27646,43.20065],[-79.27937,43.19951],[-79.28124,43.1991],[-79.28171,43.19909],[-79.28345,43.19874],[-79.28454,43.19826],[-79.2853,43.19811],[-79.28587,43.19781],[-79.28638,43.19743],[-79.28857,43.19661],[-79.28864,43.19647],[-79.29181,43.19548],[-79.29247,43.19546],[-79.29264,43.19556],[-79.29274,43.19553],[-79.29363,43.19495],[-79.29428,43.19474],[-79.29514,43.1942],[-79.29918,43.19234],[-79.30091,43.19129],[-79.30158,43.1907],[-79.30376,43.18943],[-79.30555,43.18823],[-79.30676,43.18761],[-79.30778,43.18718],[-79.3086,43.18704],[-79.30995,43.18632],[-79.31583,43.18406],[-79.31677,43.18409],[-79.31757,43.18389],[-79.3175,43.18342],[-79.32197,43.18241],[-79.32261,43.18256],[-79.32328,43.18241],[-79.32613,43.1813],[-79.32739,43.1811],[-79.32869,43.18113],[-79.33535,43.18076],[-79.33574,43.18052],[-79.34122,43.18061],[-79.343,43.18052],[-79.34311,43.18045],[-79.34364,43.18051],[-79.34397,43.18065],[-79.3448,43.1807],[-79.34553,43.18059],[-79.34644,43.18069],[-79.34678,43.1806],[-79.34755,43.1807],[-79.35088,43.18077],[-79.35323,43.18119],[-79.35465,43.18118],[-79.35681,43.18135],[-79.36041,43.18196],[-79.36226,43.18234],[-79.36372,43.18275],[-79.36386,43.1827],[-79.36492,43.18286],[-79.36518,43.18297],[-79.36522,43.18309],[-79.365,43.18349],[-79.36572,43.18379],[-79.36543,43.18452],[-79.36545,43.18475],[-79.36568,43.18499],[-79.3687,43.18612],[-79.37003,43.1862],[-79.37005,43.18568],[-79.3708,43.18537],[-79.37117,43.18478],[-79.37171,43.18481],[-79.37263,43.1851],[-79.37286,43.18527],[-79.37287,43.18553],[-79.37299,43.1856],[-79.37315,43.1852],[-79.37436,43.18556],[-79.37439,43.18566],[-79.37675,43.18632],[-79.37853,43.18704],[-79.37978,43.18741],[-79.38013,43.18743],[-79.38235,43.18859],[-79.38299,43.18866],[-79.38562,43.19011],[-79.38579,43.1903],[-79.38727,43.19081],[-79.38956,43.19234],[-79.38974,43.19266],[-79.38997,43.1926],[-79.39005,43.1925],[-79.39027,43.1925],[-79.39056,43.1926],[-79.39082,43.19285],[-79.39228,43.1932],[-79.39324,43.19364],[-79.39432,43.19435],[-79.39513,43.19433],[-79.39859,43.19556],[-79.39926,43.1955],[-79.39989,43.19556],[-79.40226,43.19642],[-79.40483,43.19701],[-79.40567,43.19735],[-79.40615,43.19722],[-79.40708,43.19739],[-79.4086,43.19784],[-79.40992,43.19783],[-79.4121,43.19818],[-79.41298,43.1982],[-79.41358,43.1983],[-79.41523,43.1981],[-79.41687,43.19816],[-79.41756,43.19828],[-79.41805,43.19814],[-79.41988,43.19822],[-79.42196,43.19796],[-79.42309,43.19798],[-79.4239,43.19783],[-79.43106,43.19778],[-79.43265,43.19791],[-79.43416,43.19782],[-79.43548,43.19764],[-79.43877,43.19826],[-79.43945,43.19796],[-79.44029,43.19776],[-79.44153,43.19771],[-79.44229,43.19777],[-79.44348,43.19754],[-79.44424,43.19765],[-79.44655,43.19841],[-79.4492,43.19824],[-79.45096,43.19826],[-79.45377,43.19763],[-79.45439,43.19762],[-79.45474,43.19744],[-79.4557,43.19735],[-79.45669,43.19738],[-79.45808,43.19699],[-79.45932,43.19696],[-79.46044,43.19627],[-79.46157,43.19572],[-79.46305,43.19535],[-79.46471,43.19528],[-79.465,43.19509],[-79.46529,43.19505],[-79.46697,43.19517],[-79.46706,43.19536],[-79.46727,43.1951],[-79.46788,43.19508],[-79.46831,43.19523],[-79.46853,43.19551],[-79.46894,43.19561],[-79.46913,43.19534],[-79.46947,43.19532],[-79.47,43.19546],[-79.47052,43.1953],[-79.47086,43.19538],[-79.4711,43.1953],[-79.47272,43.19539],[-79.47563,43.19602],[-79.47754,43.19662],[-79.47874,43.19618],[-79.47942,43.19613],[-79.47962,43.19622],[-79.4798,43.19613],[-79.48033,43.19624],[-79.48065,43.19609],[-79.48093,43.19606],[-79.48101,43.19614],[-79.48199,43.196],[-79.48218,43.19571],[-79.48369,43.19558],[-79.48449,43.19513],[-79.48462,43.19525],[-79.48512,43.19492],[-79.48576,43.19474],[-79.48641,43.19466],[-79.48743,43.19469],[-79.48775,43.1944],[-79.48812,43.19427],[-79.48981,43.19452],[-79.48995,43.19465],[-79.49026,43.19458],[-79.49107,43.19465],[-79.49139,43.1945],[-79.49396,43.19497],[-79.49638,43.19555],[-79.49651,43.19566],[-79.49754,43.1959],[-79.49776,43.19585],[-79.49911,43.19616],[-79.49914,43.19609],[-79.50014,43.19652],[-79.50071,43.19667],[-79.50131,43.19667],[-79.50312,43.19632],[-79.50391,43.1964],[-79.50512,43.19622],[-79.50518,43.19612],[-79.50547,43.19608],[-79.50552,43.19592],[-79.5061,43.196],[-79.50711,43.19598],[-79.50806,43.1957],[-79.50986,43.19549],[-79.51276,43.19533],[-79.51308,43.19508],[-79.51625,43.1956],[-79.5162,43.19538],[-79.51643,43.19515],[-79.51726,43.19507],[-79.51937,43.19515],[-79.52002,43.19504],[-79.5206,43.1952],[-79.52059,43.19509],[-79.52229,43.19525],[-79.52343,43.19549],[-79.52343,43.19555],[-79.52362,43.19555],[-79.52393,43.19528],[-79.52439,43.19533],[-79.52456,43.19546],[-79.52474,43.19525],[-79.52492,43.1952],[-79.52599,43.19534],[-79.52601,43.19549],[-79.52607,43.1955],[-79.52615,43.19531],[-79.52654,43.19502],[-79.52701,43.19517],[-79.5277,43.19516],[-79.52898,43.19539],[-79.52949,43.19532],[-79.53094,43.19565],[-79.53135,43.19584],[-79.53188,43.19573],[-79.53243,43.19579],[-79.53458,43.19627],[-79.53528,43.19656],[-79.53832,43.19741],[-79.53943,43.19789],[-79.54058,43.19854],[-79.54159,43.19885],[-79.54287,43.19957],[-79.54319,43.19986],[-79.54469,43.20077],[-79.54533,43.20123],[-79.54735,43.20234],[-79.54976,43.20349],[-79.54986,43.20365],[-79.55058,43.20384],[-79.55096,43.20405],[-79.55104,43.20442],[-79.55128,43.20476],[-79.55187,43.20479],[-79.552,43.20351],[-79.55223,43.20335],[-79.55257,43.20335],[-79.55244,43.20362],[-79.55251,43.20395],[-79.5529,43.20435],[-79.55285,43.20457],[-79.55325,43.20483],[-79.55306,43.20515],[-79.55311,43.20518],[-79.5533,43.20486],[-79.55407,43.20497],[-79.55448,43.20514],[-79.55495,43.20515],[-79.55544,43.20539],[-79.55573,43.20572],[-79.55725,43.20618],[-79.55775,43.20626],[-79.55803,43.20623],[-79.55862,43.20642],[-79.55923,43.20645],[-79.56016,43.20669],[-79.56098,43.20674],[-79.56128,43.20692],[-79.56237,43.20687],[-79.56269,43.20704],[-79.5626,43.20716],[-79.56265,43.20718],[-79.56294,43.20692],[-79.56355,43.20675],[-79.56493,43.20687],[-79.56552,43.20676],[-79.56604,43.20681],[-79.56685,43.20653],[-79.56717,43.20661],[-79.5693,43.20633],[-79.57056,43.20606],[-79.57175,43.20594],[-79.57343,43.20554],[-79.57454,43.20548],[-79.57518,43.20553],[-79.57677,43.20533],[-79.57757,43.20531],[-79.57942,43.20489],[-79.58043,43.20481],[-79.58089,43.20494],[-79.58116,43.20491],[-79.58141,43.20503],[-79.58152,43.20497],[-79.58176,43.20501],[-79.58179,43.20511],[-79.58189,43.20502],[-79.58202,43.20505],[-79.58284,43.20544],[-79.58486,43.20603],[-79.58546,43.20629],[-79.58563,43.20624],[-79.58782,43.20723],[-79.58921,43.20799],[-79.59275,43.20938],[-79.59422,43.21027],[-79.59433,43.2105],[-79.59552,43.21084],[-79.59553,43.21071],[-79.59583,43.21066],[-79.59637,43.21094],[-79.59632,43.21107],[-79.5964,43.21108],[-79.59668,43.21082],[-79.59787,43.21109],[-79.60014,43.21245],[-79.60002,43.2126],[-79.60006,43.21275],[-79.60024,43.21261],[-79.60062,43.21274],[-79.60074,43.213],[-79.60054,43.21306],[-79.60076,43.21306],[-79.60098,43.21293],[-79.60125,43.21308],[-79.60137,43.21306],[-79.60133,43.21299],[-79.60145,43.21299],[-79.60155,43.21315],[-79.60143,43.21321],[-79.60194,43.21339],[-79.60288,43.21401],[-79.60322,43.21415],[-79.60393,43.21466],[-79.61129,43.21926],[-79.61191,43.21952],[-79.61241,43.22],[-79.61609,43.22228],[-79.61804,43.22396],[-79.61889,43.22486],[-79.61909,43.22518],[-79.61902,43.22546],[-79.61821,43.22571],[-79.61804,43.22588],[-79.61804,43.22603],[-79.61834,43.22598],[-79.61968,43.22668],[-79.61998,43.22667],[-79.62017,43.22653],[-79.62057,43.22649],[-79.62018,43.22638],[-79.62035,43.22586],[-79.62093,43.22561],[-79.62151,43.2256],[-79.62234,43.22576],[-79.62219,43.22634],[-79.62229,43.22637],[-79.62252,43.22586],[-79.6229,43.22563],[-79.62363,43.22557],[-79.624,43.22498],[-79.62406,43.22448],[-79.62393,43.2243],[-79.62359,43.22411],[-79.62386,43.22329],[-79.6267,43.22388],[-79.62634,43.22482],[-79.62477,43.22449],[-79.62443,43.2253],[-79.62492,43.22543],[-79.62469,43.22586],[-79.62419,43.22578],[-79.62417,43.22588],[-79.62429,43.2259],[-79.62426,43.22599],[-79.62409,43.22599],[-79.62409,43.22609],[-79.62389,43.22609],[-79.62391,43.22601],[-79.62312,43.22601],[-79.62288,43.22622],[-79.62314,43.22612],[-79.62741,43.22834],[-79.62808,43.22861],[-79.62944,43.22851],[-79.63199,43.22791],[-79.63229,43.22788],[-79.63235,43.22802],[-79.63236,43.2278],[-79.63461,43.22708],[-79.63559,43.22693],[-79.63565,43.22677],[-79.6359,43.22663],[-79.6367,43.22662],[-79.63858,43.22617],[-79.63931,43.22591],[-79.64097,43.22567],[-79.64138,43.22535],[-79.642,43.22535],[-79.64338,43.22511],[-79.64844,43.22356],[-79.64977,43.2234],[-79.65028,43.22317],[-79.65275,43.2231],[-79.65329,43.22299],[-79.65351,43.22307],[-79.65366,43.22278],[-79.6544,43.22268],[-79.66086,43.22419],[-79.66508,43.22576],[-79.6656,43.22603],[-79.66571,43.22591],[-79.66667,43.22632],[-79.66885,43.2275],[-79.6707,43.22866],[-79.67358,43.23068],[-79.67458,43.23066],[-79.6751,43.23078],[-79.67548,43.23103],[-79.67931,43.23285],[-79.68129,43.23363],[-79.68209,43.23385],[-79.68295,43.23378],[-79.68406,43.23415],[-79.68585,43.23392],[-79.68701,43.23412],[-79.68901,43.23523],[-79.68923,43.23551],[-79.68945,43.23543],[-79.68962,43.23488],[-79.68979,43.23481],[-79.6903,43.2337],[-79.69018,43.23313],[-79.69042,43.23273],[-79.69123,43.23293],[-79.69158,43.23216],[-79.6922,43.23231],[-79.69202,43.23271],[-79.69184,43.23267],[-79.69165,43.23306],[-79.69232,43.23329],[-79.69238,43.23343],[-79.69225,43.23372],[-79.69213,43.2338],[-79.69191,43.23386],[-79.69088,43.23364],[-79.6905,43.23395],[-79.69014,43.23484],[-79.69027,43.2351],[-79.68998,43.23545],[-79.69014,43.23555],[-79.69039,43.23532],[-79.69079,43.23529],[-79.69205,43.2357],[-79.69366,43.2361],[-79.69462,43.23603],[-79.6947,43.2358],[-79.69674,43.23552],[-79.69868,43.23557],[-79.70021,43.2358],[-79.70111,43.23552],[-79.70297,43.2359],[-79.7045,43.2359],[-79.70582,43.23553],[-79.70756,43.2358],[-79.71116,43.23684],[-79.71465,43.23838],[-79.71537,43.23835],[-79.71613,43.23852],[-79.71782,43.23929],[-79.71837,43.23964],[-79.71936,43.24001],[-79.72004,43.24036],[-79.72087,43.24105],[-79.72101,43.24103],[-79.72127,43.24079],[-79.72137,43.24082],[-79.72112,43.24111],[-79.72118,43.2412],[-79.72129,43.24126],[-79.72151,43.24121],[-79.72227,43.24185],[-79.72355,43.2427],[-79.72391,43.24286],[-79.72649,43.24384],[-79.72843,43.24417],[-79.73024,43.24495],[-79.73142,43.24532],[-79.73258,43.24556],[-79.73277,43.24543],[-79.73381,43.24567],[-79.73418,43.24562],[-79.73439,43.24581],[-79.73459,43.24556],[-79.73478,43.2455],[-79.73512,43.24548],[-79.73582,43.2456],[-79.7359,43.24555],[-79.7362,43.24567],[-79.7363,43.2455],[-79.7368,43.24558],[-79.73747,43.24543],[-79.73823,43.24555],[-79.73906,43.24585],[-79.7391,43.24567],[-79.74075,43.24526],[-79.74115,43.24521],[-79.74202,43.24535],[-79.74212,43.24526],[-79.74227,43.24526],[-79.74319,43.24559],[-79.74364,43.24545],[-79.74406,43.24553],[-79.74514,43.24601],[-79.74582,43.24643],[-79.74602,43.24619],[-79.74624,43.24616],[-79.74674,43.24629],[-79.74881,43.24717],[-79.74912,43.24715],[-79.74953,43.24738],[-79.75105,43.24845],[-79.75158,43.24869],[-79.75308,43.24984],[-79.75329,43.2498],[-79.75427,43.25053],[-79.7546,43.25086],[-79.75485,43.25086],[-79.75563,43.2516],[-79.75582,43.25146],[-79.75589,43.25153],[-79.7558,43.25169],[-79.75601,43.25151],[-79.75649,43.25187],[-79.75841,43.25355],[-79.75873,43.25369],[-79.7596,43.25443],[-79.76106,43.25582],[-79.76126,43.25609],[-79.76149,43.25601],[-79.76162,43.25609],[-79.76371,43.2582],[-79.76398,43.25834],[-79.76467,43.25914],[-79.76616,43.26049],[-79.76913,43.26371],[-79.76982,43.26436],[-79.77018,43.26444],[-79.77388,43.26883],[-79.77821,43.27421],[-79.78062,43.27736],[-79.78515,43.28365],[-79.7869,43.28621],[-79.78897,43.28946],[-79.78926,43.29011],[-79.79,43.29118],[-79.79081,43.29272],[-79.79232,43.2953],[-79.79373,43.29739],[-79.79357,43.29746],[-79.79409,43.29785],[-79.79409,43.29811],[-79.7943,43.29882],[-79.79414,43.29893],[-79.79414,43.29903],[-79.79028,43.30101],[-79.79042,43.30114],[-79.79634,43.29815],[-79.79876,43.29686],[-79.79879,43.29678],[-79.79871,43.29673],[-79.7976,43.29729],[-79.79746,43.29717],[-79.79719,43.29715],[-79.79656,43.29671],[-79.79429,43.29281],[-79.79448,43.29246],[-79.79457,43.29198],[-79.79454,43.29143],[-79.79431,43.29078],[-79.79147,43.28666],[-79.7904,43.28488],[-79.79047,43.28473],[-79.79249,43.28419],[-79.7927,43.28404],[-79.79405,43.28378],[-79.79412,43.28364],[-79.79367,43.28278],[-79.79254,43.28017],[-79.78666,43.27308],[-79.78648,43.2731],[-79.78636,43.27296],[-79.78642,43.27285],[-79.78132,43.26876],[-79.7818,43.26843],[-79.78192,43.26848],[-79.78244,43.2684],[-79.78293,43.26823],[-79.78309,43.26834],[-79.78297,43.26854],[-79.78305,43.26855],[-79.78314,43.2684],[-79.78354,43.26844],[-79.78355,43.26859],[-79.78362,43.26859],[-79.78366,43.26844],[-79.78424,43.26855],[-79.78464,43.26874],[-79.78461,43.26886],[-79.78569,43.26908],[-79.78706,43.26597],[-79.78696,43.26582],[-79.78754,43.26471],[-79.7882,43.26308],[-79.78834,43.26294],[-79.78921,43.26306],[-79.7879,43.26602],[-79.78812,43.26609],[-79.78664,43.26928],[-79.78798,43.27031],[-79.78828,43.27034],[-79.78906,43.27086],[-79.78919,43.27087],[-79.78931,43.2708],[-79.78948,43.27049],[-79.78962,43.27016],[-79.78957,43.27],[-79.7901,43.26887],[-79.79039,43.26898],[-79.79015,43.26913],[-79.78934,43.27123],[-79.79215,43.27334],[-79.79235,43.27321],[-79.79245,43.27326],[-79.79244,43.27352],[-79.79443,43.27496],[-79.7946,43.27499],[-79.79477,43.27491],[-79.79531,43.27447],[-79.79568,43.27429],[-79.79734,43.27383],[-79.7995,43.26866],[-79.79958,43.26861],[-79.80041,43.26676],[-79.80064,43.26661],[-79.80132,43.26669],[-79.79654,43.27798],[-79.79653,43.27833],[-79.79674,43.27861],[-79.79714,43.27882],[-79.79846,43.27912],[-79.79856,43.27907],[-79.7987,43.27917],[-79.80378,43.28027],[-79.80698,43.27255],[-79.80721,43.27261],[-79.80758,43.2717],[-79.80778,43.27175],[-79.80808,43.27082],[-79.80832,43.27049],[-79.80865,43.26971],[-79.81105,43.26404],[-79.81105,43.26384],[-79.81118,43.26354],[-79.81137,43.26348],[-79.81142,43.26356],[-79.81012,43.2667],[-79.80918,43.26934],[-79.80827,43.2716],[-79.80805,43.27159],[-79.80803,43.2718],[-79.80817,43.27184],[-79.80815,43.27198],[-79.80915,43.27219],[-79.80939,43.27228],[-79.80952,43.27242],[-79.80836,43.27212],[-79.80805,43.27215],[-79.80768,43.27288],[-79.80771,43.27306],[-79.80573,43.27779],[-79.80554,43.27792],[-79.80528,43.27906],[-79.80463,43.28039],[-79.80961,43.28158],[-79.81109,43.28185],[-79.81126,43.28178],[-79.81113,43.28114],[-79.81128,43.28085],[-79.81138,43.2808],[-79.8114,43.28181],[-79.81166,43.28198],[-79.81355,43.28249],[-79.81382,43.2825],[-79.8155,43.28166],[-79.81589,43.28179],[-79.81584,43.28195],[-79.81593,43.28207],[-79.81631,43.28233],[-79.82209,43.28364],[-79.82221,43.28359],[-79.82363,43.28388],[-79.82367,43.28403],[-79.82351,43.28458],[-79.82599,43.28518],[-79.82643,43.28436],[-79.8266,43.28439],[-79.83207,43.27175],[-79.83236,43.27182],[-79.83175,43.2732],[-79.83173,43.2735],[-79.83238,43.27406],[-79.83289,43.2743],[-79.83386,43.27437],[-79.83464,43.27421],[-79.83495,43.27402],[-79.8356,43.27302],[-79.83244,43.27163],[-79.83305,43.2701],[-79.83332,43.26972],[-79.83401,43.27021],[-79.83392,43.27127],[-79.83765,43.27211],[-79.83734,43.27285],[-79.8403,43.2735],[-79.84164,43.2704],[-79.84182,43.27022],[-79.84277,43.27043],[-79.84136,43.27372],[-79.84433,43.27436],[-79.84577,43.27094],[-79.84651,43.27111],[-79.84504,43.27451],[-79.84911,43.27538],[-79.85094,43.27097],[-79.85167,43.27112],[-79.84984,43.27554],[-79.85454,43.27651],[-79.85449,43.27639],[-79.85247,43.27597],[-79.85305,43.27462],[-79.85616,43.27546],[-79.85548,43.27671],[-79.85553,43.2768],[-79.86146,43.27817],[-79.86219,43.27664],[-79.86049,43.27622],[-79.86042,43.27598],[-79.8602,43.27585],[-79.86025,43.27567],[-79.86011,43.27548],[-79.86022,43.2754],[-79.86011,43.275],[-79.86037,43.27496],[-79.86081,43.27506],[-79.8611,43.27442],[-79.8613,43.27438],[-79.86138,43.2744],[-79.86111,43.27505],[-79.86151,43.27515],[-79.86185,43.27435],[-79.86241,43.27438],[-79.86244,43.27426],[-79.86267,43.27429],[-79.86264,43.27451],[-79.86245,43.27487],[-79.86254,43.27495],[-79.86343,43.27493],[-79.86342,43.27466],[-79.86306,43.27465],[-79.86302,43.27457],[-79.86305,43.27422],[-79.86361,43.27418],[-79.86368,43.27493],[-79.86435,43.27492],[-79.86435,43.27456],[-79.86518,43.27414],[-79.86573,43.27412],[-79.86618,43.2739],[-79.86621,43.27396],[-79.8666,43.27385],[-79.86661,43.27379],[-79.86717,43.27431],[-79.86788,43.27556],[-79.86807,43.27563],[-79.8684,43.27551],[-79.86847,43.27541],[-79.8684,43.27524],[-79.86796,43.27501],[-79.86788,43.2748],[-79.86769,43.27473],[-79.86758,43.27447],[-79.86743,43.27442],[-79.86767,43.27405],[-79.86752,43.27382],[-79.86769,43.27356],[-79.86793,43.2735],[-79.86862,43.27279],[-79.86881,43.27274],[-79.86911,43.2728],[-79.86922,43.27294],[-79.86918,43.27319],[-79.86926,43.27321],[-79.86932,43.27302],[-79.86943,43.273],[-79.86946,43.2729],[-79.86892,43.27262],[-79.86748,43.27242],[-79.86763,43.2721],[-79.86737,43.27176],[-79.86742,43.2714],[-79.86781,43.27118],[-79.86818,43.27126],[-79.86824,43.27121],[-79.86832,43.27102],[-79.86799,43.27093],[-79.86809,43.27066],[-79.86869,43.27085],[-79.8691,43.27065],[-79.86937,43.2703],[-79.8692,43.27023],[-79.86958,43.26985],[-79.87036,43.27022],[-79.87045,43.27036],[-79.87044,43.27093],[-79.87015,43.27107],[-79.8701,43.27118],[-79.87015,43.27153],[-79.8704,43.27175],[-79.87065,43.27231],[-79.87093,43.27254],[-79.871,43.27273],[-79.87191,43.27307],[-79.87265,43.27279],[-79.87294,43.2728],[-79.87332,43.27297],[-79.87415,43.27309],[-79.87515,43.27336],[-79.87551,43.27342],[-79.87578,43.27336],[-79.87581,43.27328],[-79.87542,43.27298],[-79.87493,43.27236],[-79.875,43.27217],[-79.87473,43.27233],[-79.87448,43.27219],[-79.8744,43.272],[-79.87445,43.27171],[-79.87476,43.27139],[-79.87511,43.27124],[-79.8753,43.27129],[-79.87541,43.27154],[-79.87558,43.27135],[-79.87675,43.27156],[-79.87684,43.27143],[-79.87679,43.27135],[-79.87552,43.27084],[-79.87379,43.27042],[-79.87275,43.27003],[-79.87249,43.27004],[-79.87241,43.26995],[-79.8722,43.26991],[-79.87137,43.26996],[-79.87136,43.26977],[-79.87171,43.26926],[-79.87187,43.26918],[-79.87212,43.26931],[-79.87208,43.2694],[-79.8722,43.26947],[-79.87238,43.2693],[-79.87853,43.27073],[-79.88017,43.27091],[-79.88263,43.27136],[-79.88345,43.27172],[-79.88444,43.27236],[-79.88468,43.27256],[-79.88472,43.27268],[-79.88492,43.27275],[-79.88525,43.27313],[-79.88596,43.27373],[-79.8862,43.27415],[-79.88641,43.27431],[-79.88717,43.27558],[-79.88867,43.27772],[-79.88869,43.27796],[-79.88883,43.27801],[-79.88888,43.2782],[-79.88935,43.27853],[-79.88947,43.27895],[-79.88939,43.2793],[-79.88962,43.27962],[-79.88978,43.27963],[-79.8898,43.27975],[-79.89181,43.27943],[-79.89244,43.27949],[-79.89323,43.27923],[-79.89323,43.27946],[-79.89335,43.27953],[-79.89348,43.27937],[-79.89343,43.27911],[-79.89349,43.27888],[-79.89334,43.27862],[-79.89336,43.27847],[-79.89323,43.27816],[-79.89329,43.27781],[-79.89347,43.27748],[-79.89357,43.27685],[-79.89352,43.27553],[-79.8936,43.27541],[-79.89352,43.27527],[-79.89351,43.27406],[-79.89292,43.27222],[-79.89291,43.27052],[-79.89307,43.26923],[-79.89319,43.26879],[-79.89332,43.26638],[-79.89352,43.26499],[-79.8936,43.26468],[-79.89409,43.2642],[-79.89438,43.26369],[-79.89434,43.26347],[-79.8942,43.26322],[-79.89425,43.26318],[-79.89404,43.26309],[-79.89402,43.26299],[-79.89409,43.26298],[-79.89402,43.26275],[-79.89412,43.26267],[-79.89445,43.26307],[-79.89458,43.26367],[-79.89446,43.264],[-79.89377,43.26508],[-79.89356,43.26806],[-79.89318,43.27064],[-79.8932,43.27184],[-79.89376,43.27369],[-79.89389,43.27373],[-79.89418,43.27348],[-79.89461,43.27361],[-79.89587,43.27366],[-79.89619,43.27382],[-79.89639,43.27412],[-79.89654,43.27455],[-79.89651,43.27468],[-79.89622,43.27491],[-79.89602,43.27544],[-79.89606,43.27569],[-79.89627,43.27593],[-79.89644,43.27599],[-79.89679,43.27607],[-79.89708,43.27595],[-79.89736,43.27516],[-79.89729,43.27487],[-79.89793,43.27427],[-79.89801,43.2741],[-79.89827,43.27401],[-79.89898,43.27416],[-79.89937,43.274],[-79.89958,43.27372],[-79.89997,43.27342],[-79.89999,43.27335],[-79.89941,43.27297],[-79.89939,43.27289],[-79.89948,43.27282],[-79.89982,43.27283],[-79.89989,43.27292],[-79.90042,43.27314],[-79.90093,43.27295],[-79.90116,43.27264],[-79.9014,43.27263],[-79.90155,43.27245],[-79.90149,43.27209],[-79.90126,43.27195],[-79.90125,43.27181],[-79.90135,43.27172],[-79.90243,43.27169],[-79.90243,43.27152],[-79.90268,43.2712],[-79.90315,43.27098],[-79.90359,43.27092],[-79.90375,43.27078],[-79.90361,43.27036],[-79.90387,43.26995],[-79.90409,43.2698],[-79.90419,43.27033],[-79.90464,43.27032],[-79.90486,43.26997],[-79.9048,43.26948],[-79.90495,43.2693],[-79.90571,43.26908],[-79.90569,43.26928],[-79.90527,43.2695],[-79.90527,43.2698],[-79.90537,43.26981],[-79.90544,43.27033],[-79.9054,43.27056],[-79.90484,43.27064],[-79.90463,43.27079],[-79.90461,43.27116],[-79.90384,43.27138],[-79.90368,43.27153],[-79.90338,43.27156],[-79.90339,43.27175],[-79.90355,43.27183],[-79.90364,43.27197],[-79.90349,43.27222],[-79.90301,43.27244],[-79.90258,43.27276],[-79.90223,43.27314],[-79.90173,43.27348],[-79.90155,43.27375],[-79.90311,43.27351],[-79.9039,43.27352],[-79.90417,43.27338],[-79.90483,43.27272],[-79.9049,43.27242],[-79.90518,43.27189],[-79.90548,43.27167],[-79.90572,43.27164],[-79.90624,43.27135],[-79.90692,43.2712],[-79.90754,43.27097],[-79.90763,43.27068],[-79.90776,43.27058],[-79.9079,43.27068],[-79.9079,43.27053],[-79.90887,43.2698],[-79.90939,43.26966],[-79.90902,43.26981],[-79.90849,43.27028],[-79.90838,43.27066],[-79.90825,43.2708],[-79.90861,43.27122],[-79.9089,43.2712],[-79.90919,43.27153],[-79.90956,43.27164],[-79.90984,43.27161],[-79.91072,43.27092],[-79.91104,43.27105],[-79.91115,43.27123],[-79.9111,43.27142],[-79.91123,43.27152],[-79.91153,43.27139],[-79.91207,43.2716],[-79.91233,43.27142],[-79.91243,43.27112],[-79.91262,43.27098],[-79.91279,43.27097],[-79.91297,43.27075],[-79.91319,43.27067],[-79.91338,43.2708],[-79.91382,43.27087],[-79.91413,43.27062],[-79.91432,43.27031],[-79.91546,43.26958],[-79.91588,43.26945],[-79.91625,43.26948],[-79.91643,43.26933],[-79.91683,43.26922],[-79.9172,43.26933],[-79.91731,43.26925],[-79.91786,43.26928],[-79.9186,43.26914],[-79.91898,43.26931],[-79.91932,43.26921],[-79.9195,43.26906],[-79.9195,43.26886],[-79.91969,43.26877],[-79.91977,43.26858],[-79.91995,43.26853],[-79.92053,43.26811],[-79.92152,43.26788],[-79.9215,43.2683],[-79.92132,43.26882],[-79.92095,43.26932],[-79.9204,43.26953],[-79.91954,43.27017],[-79.91946,43.27032],[-79.91964,43.27052],[-79.9199,43.2705],[-79.92006,43.27062],[-79.92047,43.27067],[-79.92091,43.27091],[-79.92123,43.27131],[-79.92143,43.27141],[-79.92152,43.27191],[-79.92119,43.27217],[-79.92052,43.27212],[-79.92034,43.27224],[-79.92036,43.27251],[-79.92026,43.27271],[-79.91909,43.27295],[-79.91814,43.27347],[-79.91709,43.27386],[-79.91691,43.27412],[-79.91777,43.27386],[-79.91831,43.2736],[-79.92079,43.27301],[-79.92529,43.27165],[-79.92527,43.27235],[-79.92498,43.27276],[-79.92391,43.27383],[-79.92355,43.27445],[-79.92327,43.27465],[-79.92297,43.27473],[-79.92194,43.27476],[-79.92053,43.27528],[-79.91996,43.27536],[-79.91893,43.27526],[-79.91874,43.27531],[-79.91747,43.27526],[-79.91668,43.27561],[-79.91644,43.27575],[-79.91615,43.27609],[-79.91564,43.2763],[-79.91499,43.27703],[-79.9146,43.27697],[-79.91413,43.2771],[-79.91369,43.27706],[-79.91216,43.27753],[-79.91201,43.27751],[-79.91179,43.27728],[-79.91158,43.2773],[-79.91149,43.27747],[-79.91153,43.27761],[-79.91179,43.27781],[-79.91179,43.27793],[-79.91162,43.278],[-79.91104,43.2777],[-79.91056,43.27717],[-79.91029,43.277],[-79.90896,43.27687],[-79.90866,43.27667],[-79.90764,43.27714],[-79.90722,43.27722],[-79.90681,43.27742],[-79.90679,43.27762],[-79.90692,43.27792],[-79.90795,43.27853],[-79.9082,43.27885],[-79.90813,43.27924],[-79.90774,43.27994],[-79.90681,43.28013],[-79.9065,43.28054],[-79.90635,43.28056],[-79.9061,43.28088],[-79.90565,43.28104],[-79.90571,43.28115],[-79.90533,43.28141],[-79.90497,43.28146],[-79.90429,43.28133],[-79.90276,43.2813],[-79.90156,43.28098],[-79.90077,43.28114],[-79.89995,43.28182],[-79.89873,43.2821],[-79.89865,43.28217],[-79.89868,43.28254],[-79.89909,43.28274],[-79.8995,43.2831],[-79.89874,43.28288],[-79.89837,43.28307],[-79.89825,43.28334],[-79.89842,43.28374],[-79.89819,43.28388],[-79.89808,43.28405],[-79.89809,43.28439],[-79.89796,43.28478],[-79.89777,43.28502],[-79.89759,43.28505],[-79.8969,43.28561],[-79.89652,43.28499],[-79.89593,43.28429],[-79.89588,43.28416],[-79.89607,43.28379],[-79.896,43.28369],[-79.89535,43.28352],[-79.8948,43.28278],[-79.89396,43.28225],[-79.89339,43.28156],[-79.89334,43.28137],[-79.89268,43.28038],[-79.89265,43.27994],[-79.89284,43.27984],[-79.8928,43.27979],[-79.89237,43.27969],[-79.8908,43.27965],[-79.89018,43.27979],[-79.88988,43.27999],[-79.88948,43.28052],[-79.88922,43.28158],[-79.88941,43.28191],[-79.88964,43.28199],[-79.88946,43.28166],[-79.8897,43.28104],[-79.88964,43.28139],[-79.89018,43.28158],[-79.89025,43.28201],[-79.8902,43.28226],[-79.89037,43.28249],[-79.89035,43.28279],[-79.89048,43.28294],[-79.89038,43.2834],[-79.8905,43.28359],[-79.89063,43.2842],[-79.8905,43.28476],[-79.89055,43.28492],[-79.89043,43.28518],[-79.89025,43.28527],[-79.8903,43.28545],[-79.89019,43.28551],[-79.89013,43.28576],[-79.88977,43.28619],[-79.88964,43.28651],[-79.8895,43.28659],[-79.88947,43.28684],[-79.88925,43.28687],[-79.88921,43.28696],[-79.88933,43.28705],[-79.88919,43.28719],[-79.88926,43.2873],[-79.88908,43.28759],[-79.88891,43.28774],[-79.88883,43.28794],[-79.88856,43.28796],[-79.88841,43.28805],[-79.88842,43.28835],[-79.88816,43.28866],[-79.88796,43.28876],[-79.88802,43.28884],[-79.88789,43.28909],[-79.88745,43.28941],[-79.88722,43.28938],[-79.88716,43.28927],[-79.88655,43.28918],[-79.88614,43.28895],[-79.88635,43.28849],[-79.88637,43.28824],[-79.8865,43.28817],[-79.88672,43.2882],[-79.88678,43.28808],[-79.88661,43.28756],[-79.88665,43.28742],[-79.88654,43.28721],[-79.88674,43.28645],[-79.88673,43.28617],[-79.88659,43.28548],[-79.88633,43.28507],[-79.88642,43.28487],[-79.88622,43.28416],[-79.88576,43.28398],[-79.88553,43.28364],[-79.88463,43.28336],[-79.88401,43.28337],[-79.88377,43.28349],[-79.88314,43.28359],[-79.88272,43.28348],[-79.88201,43.28399],[-79.88132,43.28416],[-79.88121,43.28409],[-79.88165,43.2839],[-79.88191,43.2834],[-79.88156,43.28305],[-79.8815,43.28283],[-79.88204,43.28245],[-79.88239,43.28196],[-79.88263,43.28192],[-79.88272,43.28152],[-79.88297,43.28097],[-79.88361,43.28097],[-79.88385,43.28065],[-79.88412,43.28081],[-79.88422,43.28074],[-79.88378,43.28045],[-79.88342,43.28045],[-79.88293,43.28063],[-79.88169,43.28232],[-79.88133,43.28244],[-79.87925,43.28384],[-79.87757,43.28462],[-79.87726,43.28465],[-79.87707,43.28497],[-79.87686,43.28515],[-79.87641,43.28532],[-79.87523,43.28603],[-79.87466,43.28657],[-79.87435,43.28663],[-79.87419,43.28678],[-79.87201,43.28743],[-79.87162,43.28742],[-79.87136,43.28726],[-79.87074,43.28726],[-79.86993,43.28701],[-79.86916,43.28668],[-79.86877,43.2864],[-79.86839,43.28628],[-79.86806,43.28641],[-79.8679,43.28732],[-79.86763,43.28756],[-79.86723,43.28775],[-79.86706,43.28767],[-79.86662,43.2878],[-79.86569,43.28863],[-79.8653,43.28885],[-79.86472,43.28977],[-79.86403,43.29035],[-79.86263,43.29129],[-79.85859,43.29369],[-79.85811,43.29389],[-79.85785,43.29442],[-79.85743,43.29479],[-79.85686,43.29516],[-79.8565,43.29529],[-79.8553,43.29619],[-79.8542,43.29689],[-79.85099,43.2984],[-79.85148,43.29902],[-79.85133,43.29907],[-79.85125,43.29898],[-79.85107,43.29905],[-79.85096,43.29889],[-79.85113,43.29881],[-79.85069,43.29831],[-79.85063,43.29833],[-79.85074,43.29847],[-79.85066,43.29856],[-79.84754,43.30001],[-79.84807,43.30035],[-79.84828,43.30026],[-79.84841,43.30033],[-79.84831,43.30041],[-79.84852,43.30062],[-79.84843,43.30071],[-79.84796,43.30045],[-79.84771,43.30066],[-79.84758,43.30058],[-79.84783,43.30038],[-79.84735,43.30011],[-79.84637,43.30054],[-79.84625,43.30046],[-79.84625,43.30036],[-79.84597,43.30024],[-79.84547,43.29974],[-79.84535,43.29971],[-79.84527,43.29962],[-79.8453,43.29947],[-79.84504,43.29932],[-79.84479,43.29899],[-79.84436,43.29895],[-79.84431,43.29899],[-79.84479,43.29919],[-79.84502,43.29949],[-79.84525,43.29963],[-79.84543,43.29993],[-79.84541,43.30004],[-79.84519,43.30019],[-79.84482,43.29996],[-79.84438,43.30032],[-79.84529,43.30092],[-79.8453,43.30102],[-79.84521,43.30102],[-79.84524,43.30108],[-79.84487,43.30138],[-79.84443,43.30161],[-79.84377,43.30236],[-79.84331,43.30256],[-79.8429,43.30266],[-79.84263,43.3026],[-79.84184,43.30288],[-79.84144,43.30288],[-79.84119,43.30309],[-79.84085,43.30294],[-79.84078,43.30302],[-79.84083,43.30309],[-79.84068,43.30323],[-79.84034,43.30315],[-79.84026,43.30328],[-79.83979,43.30342],[-79.83916,43.30373],[-79.83907,43.30385],[-79.83909,43.30408],[-79.83898,43.30423],[-79.8396,43.30434],[-79.8393,43.30447],[-79.83876,43.30445],[-79.83858,43.30452],[-79.83866,43.30491],[-79.83857,43.30498],[-79.83784,43.30492],[-79.8378,43.30496],[-79.838,43.30504],[-79.83789,43.30511],[-79.83746,43.30489],[-79.83727,43.3049],[-79.83688,43.3051],[-79.83674,43.30523],[-79.83673,43.30542],[-79.83659,43.30549],[-79.83627,43.30547],[-79.83587,43.30567],[-79.83548,43.3057],[-79.83493,43.30607],[-79.83489,43.30618],[-79.8347,43.30618],[-79.83443,43.30602],[-79.83417,43.30601],[-79.83412,43.30611],[-79.83383,43.30622],[-79.83368,43.3061],[-79.83349,43.3061],[-79.83342,43.3062],[-79.83345,43.30632],[-79.83335,43.30641],[-79.83254,43.30681],[-79.83243,43.30676],[-79.8317,43.30726],[-79.83108,43.30729],[-79.82944,43.30713],[-79.82928,43.30696],[-79.8289,43.307],[-79.82828,43.30727],[-79.82824,43.3076],[-79.82835,43.30809],[-79.8282,43.30828],[-79.82763,43.30828],[-79.82751,43.30809],[-79.82757,43.30793],[-79.82716,43.3079],[-79.82626,43.30839],[-79.82538,43.30895],[-79.82524,43.30913],[-79.82481,43.30928],[-79.82474,43.30939],[-79.82206,43.3102],[-79.82158,43.31055],[-79.82166,43.31065],[-79.82152,43.31071],[-79.82148,43.31065],[-79.82011,43.31112],[-79.81811,43.31142],[-79.81792,43.3116],[-79.81784,43.31153],[-79.81778,43.31155],[-79.81783,43.31161],[-79.81772,43.3116],[-79.81754,43.31172],[-79.81742,43.31166],[-79.81745,43.31173],[-79.81721,43.31175],[-79.81708,43.3119],[-79.81716,43.31194],[-79.81709,43.312],[-79.81698,43.31194],[-79.81678,43.312],[-79.81687,43.31211],[-79.81676,43.31204],[-79.81654,43.31222],[-79.81616,43.31225],[-79.81616,43.31231],[-79.81583,43.31244],[-79.8151,43.31249],[-79.81471,43.31274],[-79.81407,43.31291],[-79.81376,43.31291],[-79.81297,43.31324],[-79.81255,43.31321],[-79.81228,43.31337],[-79.81156,43.31317],[-79.8111,43.31322],[-79.81021,43.31315],[-79.80957,43.31299],[-79.80937,43.31304],[-79.80906,43.31296],[-79.80902,43.31288],[-79.80835,43.31279],[-79.80768,43.31253],[-79.80714,43.31243],[-79.80639,43.31315],[-79.80688,43.31363],[-79.80759,43.31403],[-79.80874,43.31439],[-79.80852,43.31445],[-79.80733,43.31421],[-79.80681,43.31391],[-79.80601,43.31331],[-79.80603,43.31283],[-79.80655,43.31216],[-79.80647,43.31202],[-79.80552,43.3114],[-79.80474,43.3107],[-79.80435,43.30943],[-79.80421,43.30855],[-79.80375,43.30812],[-79.80222,43.30592],[-79.8024,43.30559],[-79.80238,43.30529],[-79.80227,43.30514],[-79.8019,43.30497],[-79.80168,43.30449],[-79.80168,43.30436],[-79.80196,43.30432],[-79.802,43.30407],[-79.80178,43.30384],[-79.80135,43.30393],[-79.80097,43.30346],[-79.80099,43.30324],[-79.80083,43.30299],[-79.80071,43.30253],[-79.80089,43.30197],[-79.80195,43.30151],[-79.80222,43.30143],[-79.80237,43.30149],[-79.80235,43.30131],[-79.80358,43.30083],[-79.80367,43.30077],[-79.80369,43.30064],[-79.80345,43.30034],[-79.80431,43.3],[-79.80426,43.29995],[-79.80348,43.30027],[-79.80318,43.29983],[-79.80357,43.29966],[-79.80162,43.29694],[-79.80132,43.297],[-79.79847,43.29848],[-79.79822,43.29823],[-79.79951,43.29757],[-79.79946,43.29749],[-79.79102,43.30178],[-79.79116,43.30189],[-79.79359,43.30064],[-79.79429,43.30124],[-79.79436,43.30118],[-79.79412,43.30086],[-79.79482,43.30068],[-79.79546,43.3009],[-79.79583,43.30115],[-79.79661,43.302],[-79.79689,43.30248],[-79.79839,43.30584],[-79.79906,43.30797],[-79.79954,43.30911],[-79.79982,43.31003],[-79.80015,43.31175],[-79.80065,43.31333],[-79.80061,43.31347],[-79.8004,43.31358],[-79.80077,43.31528],[-79.80065,43.31545],[-79.80033,43.31553],[-79.80039,43.31563],[-79.80057,43.31567],[-79.80069,43.31591],[-79.80077,43.31721],[-79.80067,43.31741],[-79.80068,43.3181],[-79.80047,43.3181],[-79.80037,43.31832],[-79.80062,43.31831],[-79.80062,43.31847],[-79.80047,43.31855],[-79.80039,43.31853],[-79.80039,43.31842],[-79.80028,43.31842],[-79.80001,43.31894],[-79.79978,43.31906],[-79.80005,43.31911],[-79.80007,43.31946],[-79.79998,43.31969],[-79.79973,43.31973],[-79.79969,43.31991],[-79.79579,43.32362],[-79.79535,43.3236],[-79.79481,43.32312],[-79.79452,43.32317],[-79.79437,43.32331],[-79.79422,43.32362],[-79.79344,43.32409],[-79.79337,43.32423],[-79.79342,43.32429],[-79.79327,43.32446],[-79.79307,43.32441],[-79.79317,43.32459],[-79.79311,43.3247],[-79.7926,43.32514],[-79.79205,43.3253],[-79.79166,43.3255],[-79.79026,43.32649],[-79.78916,43.32692],[-79.78833,43.32737],[-79.78786,43.32713],[-79.78754,43.32727],[-79.78731,43.32753],[-79.78712,43.32749],[-79.78684,43.32759],[-79.78666,43.32778],[-79.78577,43.32815],[-79.78459,43.32898],[-79.78452,43.32893],[-79.78398,43.32928],[-79.78383,43.32925],[-79.7829,43.32978],[-79.78241,43.32984],[-79.78156,43.33036],[-79.78152,43.33052],[-79.78063,43.33082],[-79.78029,43.3311],[-79.7795,43.33142],[-79.77926,43.33141],[-79.77771,43.33211],[-79.77747,43.33225],[-79.77734,43.33252],[-79.77665,43.33271],[-79.77651,43.33286],[-79.77654,43.33302],[-79.77628,43.33322],[-79.77535,43.33363],[-79.77511,43.33349],[-79.77473,43.3338],[-79.77464,43.33374],[-79.7743,43.33391],[-79.77412,43.33389],[-79.77346,43.33431],[-79.7719,43.33503],[-79.77137,43.33545],[-79.77135,43.33564],[-79.77112,43.33593],[-79.77088,43.33646],[-79.77046,43.33698],[-79.77013,43.33707],[-79.77003,43.33723],[-79.77005,43.33739],[-79.76931,43.33811],[-79.76927,43.33831],[-79.76909,43.33845],[-79.76858,43.33874],[-79.76817,43.33875],[-79.7679,43.33858],[-79.76713,43.33882],[-79.76689,43.33882],[-79.76651,43.33905],[-79.76608,43.33918],[-79.76611,43.33927],[-79.76565,43.33949],[-79.76534,43.33955],[-79.76532,43.33944],[-79.76525,43.33946],[-79.76527,43.33967],[-79.76438,43.34043],[-79.76397,43.34179],[-79.76381,43.3421],[-79.76346,43.34231],[-79.7634,43.34247],[-79.76348,43.34251],[-79.76338,43.34251],[-79.76308,43.34309],[-79.76309,43.34331],[-79.7624,43.34362],[-79.76211,43.34392],[-79.76219,43.34406],[-79.76214,43.34413],[-79.76193,43.34408],[-79.76189,43.34415],[-79.76203,43.34415],[-79.76173,43.34489],[-79.76122,43.34498],[-79.76088,43.34493],[-79.76055,43.3452],[-79.76056,43.34529],[-79.76028,43.34538],[-79.76011,43.3456],[-79.75989,43.34561],[-79.75963,43.34582],[-79.75951,43.34616],[-79.75938,43.34617],[-79.75929,43.34631],[-79.75871,43.34676],[-79.75861,43.3467],[-79.75859,43.34685],[-79.75829,43.34711],[-79.75823,43.34728],[-79.75774,43.34772],[-79.7575,43.34805],[-79.75734,43.34811],[-79.75638,43.34919],[-79.75624,43.34944],[-79.75605,43.34943],[-79.75557,43.34984],[-79.75563,43.35002],[-79.75536,43.35024],[-79.7553,43.35042],[-79.7547,43.35097],[-79.75446,43.35107],[-79.75392,43.35169],[-79.75361,43.35157],[-79.75348,43.35185],[-79.75324,43.35191],[-79.75305,43.35182],[-79.75253,43.35209],[-79.75206,43.35197],[-79.75214,43.35202],[-79.75196,43.35217],[-79.75173,43.35217],[-79.75175,43.35208],[-79.75149,43.35247],[-79.75136,43.35241],[-79.75113,43.35252],[-79.75085,43.35238],[-79.75084,43.35252],[-79.75003,43.35333],[-79.74945,43.35353],[-79.74902,43.35341],[-79.74862,43.35374],[-79.74853,43.35374],[-79.74812,43.35445],[-79.74792,43.35507],[-79.74735,43.35569],[-79.74719,43.35597],[-79.74632,43.35663],[-79.74457,43.35776],[-79.74446,43.35768],[-79.7443,43.35769],[-79.74372,43.35788],[-79.74349,43.35808],[-79.74333,43.35808],[-79.74332,43.35817],[-79.74296,43.3584],[-79.74279,43.35841],[-79.74266,43.35853],[-79.74221,43.35957],[-79.74166,43.35989],[-79.74143,43.35986],[-79.74145,43.35999],[-79.74108,43.36039],[-79.74107,43.36059],[-79.74069,43.36044],[-79.74068,43.3606],[-79.73992,43.36099],[-79.73972,43.36119],[-79.73956,43.36121],[-79.73959,43.36125],[-79.73901,43.36168],[-79.73865,43.36186],[-79.7385,43.36208],[-79.7375,43.3627],[-79.73726,43.36261],[-79.73634,43.36321],[-79.73628,43.36337],[-79.73584,43.36378],[-79.73571,43.36373],[-79.73533,43.36398],[-79.73497,43.36379],[-79.73473,43.36395],[-79.73482,43.36404],[-79.73492,43.36396],[-79.73512,43.36411],[-79.73489,43.36428],[-79.73469,43.36412],[-79.73476,43.36407],[-79.73463,43.36401],[-79.73451,43.36415],[-79.73457,43.36426],[-79.73427,43.36475],[-79.73399,43.36494],[-79.73366,43.36534],[-79.73293,43.36562],[-79.73258,43.36568],[-79.73236,43.36589],[-79.73211,43.366],[-79.73205,43.36595],[-79.73206,43.36602],[-79.73166,43.36616],[-79.73173,43.36621],[-79.73086,43.36669],[-79.72958,43.36669],[-79.7286,43.36708],[-79.72815,43.36708],[-79.72791,43.36716],[-79.7279,43.36724],[-79.72746,43.36754],[-79.7274,43.36773],[-79.72711,43.36811],[-79.72687,43.36815],[-79.72671,43.36801],[-79.72656,43.36803],[-79.72651,43.36819],[-79.72697,43.36844],[-79.72667,43.36928],[-79.72647,43.36937],[-79.72623,43.36933],[-79.72629,43.36948],[-79.72619,43.36975],[-79.72586,43.37015],[-79.72564,43.37011],[-79.72577,43.37021],[-79.72554,43.37071],[-79.72543,43.37083],[-79.72524,43.37083],[-79.72501,43.37097],[-79.72503,43.37117],[-79.72329,43.37248],[-79.72324,43.37268],[-79.72276,43.37296],[-79.72145,43.37286],[-79.72084,43.37297],[-79.72014,43.37371],[-79.71973,43.374],[-79.71923,43.37408],[-79.71912,43.37427],[-79.71916,43.37436],[-79.71924,43.3742],[-79.71936,43.37427],[-79.71936,43.37443],[-79.719,43.37482],[-79.71869,43.37503],[-79.71818,43.3752],[-79.71809,43.37522],[-79.71695,43.37437],[-79.71668,43.37459],[-79.71781,43.37548],[-79.71786,43.37562],[-79.71689,43.37712],[-79.7163,43.37906],[-79.71605,43.37962],[-79.71555,43.38045],[-79.7148,43.38136],[-79.71419,43.38275],[-79.71389,43.38313],[-79.71366,43.38327],[-79.71339,43.38381],[-79.7131,43.38563],[-79.71281,43.38586],[-79.71253,43.3863],[-79.71255,43.38642],[-79.71268,43.38647],[-79.71258,43.387],[-79.71242,43.38699],[-79.71238,43.38771],[-79.71191,43.38831],[-79.71166,43.38892],[-79.71095,43.38937],[-79.71072,43.38974],[-79.71042,43.38997],[-79.71037,43.39019],[-79.7101,43.39054],[-79.71007,43.39137],[-79.71016,43.3918],[-79.70984,43.39212],[-79.70983,43.39248],[-79.7095,43.39273],[-79.70911,43.39274],[-79.70895,43.3927],[-79.70901,43.39252],[-79.70894,43.39244],[-79.70856,43.39268],[-79.70807,43.39232],[-79.70667,43.39267],[-79.70669,43.39272],[-79.70808,43.39237],[-79.70919,43.39311],[-79.71007,43.39291],[-79.71047,43.39296],[-79.71082,43.39246],[-79.71265,43.39088],[-79.71287,43.39104],[-79.71269,43.39113],[-79.71227,43.39168],[-79.71241,43.39179],[-79.71331,43.39151],[-79.7138,43.39158],[-79.71434,43.3919],[-79.71406,43.3923],[-79.71358,43.39173],[-79.71154,43.3926],[-79.71116,43.39296],[-79.71078,43.39364],[-79.71049,43.39361],[-79.71038,43.39373],[-79.70948,43.39366],[-79.70915,43.39347],[-79.70607,43.39306],[-79.70586,43.39282],[-79.70559,43.39302],[-79.70353,43.39351],[-79.70346,43.39358],[-79.70353,43.39364],[-79.70372,43.39361],[-79.70596,43.39309],[-79.70666,43.39326],[-79.70662,43.3935],[-79.70673,43.39368],[-79.70661,43.3938],[-79.70632,43.39378],[-79.70504,43.39489],[-79.70481,43.39476],[-79.70422,43.39532],[-79.70444,43.39547],[-79.70356,43.39625],[-79.7023,43.39553],[-79.70233,43.39543],[-79.70222,43.39546],[-79.70226,43.3954],[-79.70174,43.39513],[-79.70224,43.39372],[-79.70316,43.39302],[-79.70303,43.39291],[-79.70212,43.39357],[-79.70196,43.39383],[-79.70148,43.3953],[-79.70149,43.39565],[-79.7017,43.39608],[-79.70315,43.39768],[-79.70308,43.39791],[-79.70279,43.39834],[-79.70175,43.39916],[-79.70123,43.3993],[-79.70085,43.3995],[-79.70066,43.39965],[-79.70048,43.39997],[-79.69975,43.40044],[-79.69909,43.40063],[-79.6981,43.40078],[-79.69708,43.4012],[-79.69678,43.40122],[-79.69596,43.40188],[-79.69497,43.40244],[-79.69354,43.40295],[-79.69312,43.40302],[-79.6923,43.4034],[-79.69213,43.40365],[-79.69166,43.40396],[-79.69146,43.40453],[-79.69103,43.40525],[-79.69092,43.40525],[-79.69105,43.40546],[-79.6911,43.4061],[-79.69128,43.40687],[-79.69116,43.40855],[-79.69077,43.40856],[-79.69074,43.40863],[-79.69104,43.40868],[-79.69119,43.4101],[-79.69114,43.41063],[-79.69081,43.41065],[-79.69101,43.41079],[-79.69105,43.41136],[-79.69068,43.41348],[-79.69079,43.41351],[-79.69008,43.41464],[-79.68917,43.41534],[-79.68772,43.41545],[-79.68715,43.41576],[-79.68682,43.41576],[-79.68631,43.41626],[-79.68612,43.41634],[-79.68594,43.4163],[-79.68566,43.41654],[-79.68601,43.41678],[-79.68595,43.41696],[-79.68566,43.41716],[-79.68546,43.41716],[-79.68556,43.41722],[-79.68553,43.41743],[-79.68482,43.41873],[-79.68465,43.41972],[-79.68444,43.42041],[-79.6843,43.42188],[-79.68445,43.42208],[-79.68434,43.4233],[-79.68412,43.42415],[-79.68386,43.42413],[-79.68346,43.42488],[-79.68338,43.42484],[-79.68269,43.42555],[-79.68261,43.42551],[-79.68173,43.42611],[-79.68028,43.42684],[-79.68009,43.427],[-79.67986,43.42697],[-79.67988,43.42686],[-79.67952,43.42733],[-79.67931,43.42727],[-79.67911,43.42782],[-79.67902,43.42855],[-79.67911,43.42892],[-79.67909,43.42981],[-79.67866,43.43065],[-79.678,43.43142],[-79.67785,43.43147],[-79.67705,43.4321],[-79.6767,43.43221],[-79.67602,43.4328],[-79.6754,43.4332],[-79.67477,43.43392],[-79.67405,43.43458],[-79.67335,43.43478],[-79.6723,43.43583],[-79.67226,43.43614],[-79.67209,43.43628],[-79.67177,43.43628],[-79.6701,43.4375],[-79.67005,43.43772],[-79.66972,43.43784],[-79.66955,43.43831],[-79.66933,43.43857],[-79.66882,43.43874],[-79.66853,43.43859],[-79.66845,43.43871],[-79.66857,43.43877],[-79.66841,43.43907],[-79.66813,43.4393],[-79.6678,43.43941],[-79.66739,43.43936],[-79.66735,43.4393],[-79.66754,43.43921],[-79.6675,43.43913],[-79.66737,43.43913],[-79.66616,43.4396],[-79.66523,43.4423],[-79.66502,43.44244],[-79.6653,43.44274],[-79.66504,43.44333],[-79.66496,43.44336],[-79.66485,43.44362],[-79.66452,43.44378],[-79.6643,43.44414],[-79.66359,43.44492],[-79.6624,43.44606],[-79.66167,43.44695],[-79.66154,43.44706],[-79.6613,43.44703],[-79.66136,43.44713],[-79.66111,43.44743],[-79.66094,43.44747],[-79.66029,43.44822],[-79.6602,43.4482],[-79.65981,43.44868],[-79.65975,43.44865],[-79.6592,43.44921],[-79.65884,43.44941],[-79.65788,43.44972],[-79.65723,43.45022],[-79.65684,43.45038],[-79.65626,43.4508],[-79.65615,43.4508],[-79.65615,43.45089],[-79.65546,43.45148],[-79.65547,43.45155],[-79.65538,43.45154],[-79.65507,43.4518],[-79.65504,43.45191],[-79.65444,43.45236],[-79.65411,43.45269],[-79.65414,43.45308],[-79.65422,43.45323],[-79.65377,43.45435],[-79.65243,43.45517],[-79.65192,43.45561],[-79.65174,43.45556],[-79.65181,43.45564],[-79.65169,43.45595],[-79.65158,43.45597],[-79.65165,43.45599],[-79.65165,43.45616],[-79.65087,43.45675],[-79.65099,43.45651],[-79.65118,43.45636],[-79.65092,43.4565],[-79.65058,43.45713],[-79.65046,43.45706],[-79.65042,43.4571],[-79.65049,43.45713],[-79.65003,43.45794],[-79.64984,43.45779],[-79.64979,43.45783],[-79.64998,43.45796],[-79.64936,43.45894],[-79.64903,43.45899],[-79.64858,43.45961],[-79.64816,43.45989],[-79.6479,43.45988],[-79.6476,43.46011],[-79.64739,43.46002],[-79.64718,43.46022],[-79.64696,43.4603],[-79.64653,43.46023],[-79.6462,43.46036],[-79.64601,43.46036],[-79.6457,43.46056],[-79.6458,43.46063],[-79.64554,43.46084],[-79.64534,43.46075],[-79.64548,43.46088],[-79.64505,43.46116],[-79.64442,43.46173],[-79.64439,43.4624],[-79.64413,43.46239],[-79.64439,43.46245],[-79.64431,43.46273],[-79.64437,43.46275],[-79.64433,43.4632],[-79.64418,43.46325],[-79.64432,43.46326],[-79.64429,43.4635],[-79.64397,43.46453],[-79.64396,43.46488],[-79.64387,43.46499],[-79.64386,43.46505],[-79.64409,43.46519],[-79.64399,43.46543],[-79.6439,43.46553],[-79.64353,43.46542],[-79.64363,43.46549],[-79.6434,43.46576],[-79.64323,43.46583],[-79.64313,43.46584],[-79.64293,43.46567],[-79.6429,43.46578],[-79.64323,43.46596],[-79.64306,43.46637],[-79.64294,43.46634],[-79.64303,43.46641],[-79.64282,43.46665],[-79.64286,43.46687],[-79.64227,43.46776],[-79.64213,43.46776],[-79.64165,43.46841],[-79.64123,43.4688],[-79.64011,43.46964],[-79.63994,43.46972],[-79.6398,43.46966],[-79.63923,43.47029],[-79.63914,43.47025],[-79.63899,43.47036],[-79.63907,43.47021],[-79.639,43.47018],[-79.63884,43.47029],[-79.63891,43.47033],[-79.63865,43.47064],[-79.63849,43.47052],[-79.63844,43.47057],[-79.63857,43.47066],[-79.63828,43.47098],[-79.63816,43.47092],[-79.63801,43.4712],[-79.63794,43.47116],[-79.63788,43.47128],[-79.63778,43.4712],[-79.63743,43.47163],[-79.63724,43.47158],[-79.63731,43.47164],[-79.63697,43.47193],[-79.63641,43.47228],[-79.63612,43.47207],[-79.63613,43.47213],[-79.6354,43.47243],[-79.63447,43.4727],[-79.63419,43.47336],[-79.6331,43.47416],[-79.63265,43.47436],[-79.63219,43.47447],[-79.63211,43.47442],[-79.63149,43.47474],[-79.63131,43.47468],[-79.63106,43.47506],[-79.63053,43.47515],[-79.63021,43.47547],[-79.62989,43.47565],[-79.62962,43.47557],[-79.62968,43.47568],[-79.62955,43.47574],[-79.62948,43.47598],[-79.62911,43.47641],[-79.62804,43.47707],[-79.62775,43.47698],[-79.62768,43.47707],[-79.62785,43.47707],[-79.62787,43.47715],[-79.6275,43.47755],[-79.62735,43.4776],[-79.62722,43.47752],[-79.62724,43.47745],[-79.62701,43.47759],[-79.6272,43.47763],[-79.62719,43.47773],[-79.6269,43.47796],[-79.62666,43.47836],[-79.62615,43.47888],[-79.62497,43.48124],[-79.62509,43.48132],[-79.62492,43.48169],[-79.62464,43.48209],[-79.62433,43.4822],[-79.62431,43.48228],[-79.62446,43.48241],[-79.62508,43.48257],[-79.62505,43.48263],[-79.62519,43.48269],[-79.62554,43.48235],[-79.62552,43.48269],[-79.62543,43.48278],[-79.62516,43.48292],[-79.62497,43.48291],[-79.62463,43.48262],[-79.62446,43.48257],[-79.62447,43.48245],[-79.62429,43.4824],[-79.62429,43.48221],[-79.62407,43.48208],[-79.62416,43.48197],[-79.62401,43.48193],[-79.62387,43.4821],[-79.62403,43.48221],[-79.62388,43.48247],[-79.62256,43.4837],[-79.62084,43.4846],[-79.6202,43.48538],[-79.61993,43.48548],[-79.61959,43.48578],[-79.61938,43.48585],[-79.6192,43.48575],[-79.61912,43.48583],[-79.61929,43.48597],[-79.61926,43.48607],[-79.61906,43.4862],[-79.61883,43.48611],[-79.61877,43.48616],[-79.61901,43.48638],[-79.61889,43.48652],[-79.61865,43.48669],[-79.61827,43.48665],[-79.618,43.48672],[-79.61771,43.48688],[-79.6175,43.48712],[-79.61736,43.48749],[-79.616,43.48799],[-79.61575,43.48802],[-79.61553,43.48792],[-79.61273,43.48596],[-79.61249,43.48595],[-79.6123,43.48618],[-79.6153,43.4885],[-79.61556,43.48893],[-79.61526,43.48997],[-79.61536,43.4902],[-79.61482,43.49136],[-79.61452,43.49227],[-79.61425,43.49276],[-79.61383,43.4932],[-79.61286,43.49392],[-79.61191,43.49439],[-79.61145,43.49444],[-79.60971,43.49519],[-79.60847,43.49547],[-79.60714,43.49613],[-79.60663,43.49655],[-79.60384,43.49472],[-79.60379,43.49468],[-79.60401,43.49462],[-79.60398,43.49454],[-79.60376,43.4946],[-79.60276,43.49277],[-79.60258,43.49279],[-79.60366,43.49472],[-79.6064,43.49653],[-79.60643,43.49664],[-79.60515,43.49817],[-79.60475,43.49876],[-79.60435,43.49968],[-79.60359,43.50264],[-79.60299,43.50541],[-79.60276,43.50606],[-79.60247,43.50618],[-79.60232,43.50649],[-79.60214,43.50651],[-79.60227,43.5067],[-79.60227,43.50687],[-79.60197,43.50846],[-79.60181,43.50883],[-79.60124,43.50964],[-79.60117,43.50989],[-79.60155,43.51101],[-79.60162,43.51162],[-79.60154,43.51168],[-79.60167,43.51193],[-79.60174,43.51258],[-79.60169,43.51261],[-79.60181,43.51283],[-79.60205,43.51425],[-79.60195,43.51532],[-79.60206,43.51549],[-79.60212,43.51777],[-79.6022,43.51796],[-79.60229,43.51956],[-79.60208,43.51964],[-79.60218,43.52006],[-79.60238,43.5202],[-79.6024,43.52157],[-79.60231,43.52204],[-79.60189,43.52211],[-79.60196,43.5222],[-79.60216,43.52219],[-79.60225,43.52232],[-79.60229,43.52372],[-79.60222,43.5241],[-79.60209,43.52425],[-79.6016,43.52442],[-79.60171,43.52458],[-79.60209,43.52474],[-79.602,43.52505],[-79.60201,43.5256],[-79.60192,43.52572],[-79.6019,43.52601],[-79.6018,43.52613],[-79.60148,43.52616],[-79.60132,43.52628],[-79.60185,43.52656],[-79.60169,43.52735],[-79.60117,43.52744],[-79.60119,43.52754],[-79.60162,43.52767],[-79.60169,43.52797],[-79.60086,43.52991],[-79.60058,43.53008],[-79.59974,43.53181],[-79.59961,43.5322],[-79.59959,43.53278],[-79.59943,43.53296],[-79.59901,43.53403],[-79.59924,43.53419],[-79.59923,43.5344],[-79.59909,43.53476],[-79.59896,43.53488],[-79.59883,43.53495],[-79.59856,43.53489],[-79.59856,43.53498],[-79.59877,43.5351],[-79.59863,43.53557],[-79.59818,43.53625],[-79.59804,43.53618],[-79.59807,43.53626],[-79.59794,43.53654],[-79.5976,43.53667],[-79.59727,43.53661],[-79.59741,43.53648],[-79.59736,43.53645],[-79.59716,43.53652],[-79.59702,43.53707],[-79.5969,43.53723],[-79.59638,43.5374],[-79.59625,43.53761],[-79.59633,43.53787],[-79.59603,43.53837],[-79.59571,43.53871],[-79.59516,43.53905],[-79.59445,43.53942],[-79.59307,43.53983],[-79.59266,43.53985],[-79.59234,43.53962],[-79.59224,43.53965],[-79.59195,43.53956],[-79.5919,43.53945],[-79.5913,43.53928],[-79.59006,43.53949],[-79.5894,43.54051],[-79.58874,43.54052],[-79.58829,43.5407],[-79.58824,43.54082],[-79.58813,43.54085],[-79.58804,43.54116],[-79.58773,43.5415],[-79.58522,43.54294],[-79.585,43.54292],[-79.58499,43.54298],[-79.58535,43.54304],[-79.58527,43.54328],[-79.58463,43.54412],[-79.58438,43.54427],[-79.58414,43.54434],[-79.58306,43.54345],[-79.58286,43.54339],[-79.58288,43.54328],[-79.58251,43.54327],[-79.58249,43.54339],[-79.58291,43.54357],[-79.58365,43.54422],[-79.58358,43.54464],[-79.58331,43.54495],[-79.58268,43.54518],[-79.58254,43.54504],[-79.58245,43.54511],[-79.58253,43.54524],[-79.58244,43.54589],[-79.58221,43.5462],[-79.58183,43.54649],[-79.5818,43.54686],[-79.58142,43.54696],[-79.58146,43.54678],[-79.5814,43.54672],[-79.58121,43.54683],[-79.58118,43.54701],[-79.58142,43.5473],[-79.58225,43.54759],[-79.58226,43.54787],[-79.58238,43.54795],[-79.58247,43.54792],[-79.58247,43.54761],[-79.58363,43.54772],[-79.58362,43.54779],[-79.584,43.54803],[-79.58371,43.54825],[-79.58365,43.54839],[-79.58349,43.54907],[-79.58354,43.54917],[-79.58411,43.5493],[-79.58494,43.54981],[-79.58502,43.54974],[-79.58543,43.54995],[-79.58559,43.54987],[-79.58672,43.5505],[-79.58769,43.55067],[-79.58922,43.5511],[-79.59118,43.55121],[-79.59231,43.55147],[-79.59261,43.55142],[-79.59374,43.55166],[-79.59488,43.55178],[-79.59748,43.55244],[-79.59886,43.55385],[-79.59815,43.55402],[-79.59767,43.55399],[-79.59617,43.55362],[-79.59565,43.55342],[-79.59434,43.55325],[-79.59427,43.55331],[-79.59397,43.55324],[-79.59401,43.5532],[-79.59343,43.5531],[-79.59266,43.55315],[-79.59264,43.55303],[-79.59247,43.55293],[-79.59217,43.55256],[-79.59211,43.55229],[-79.59195,43.55204],[-79.59198,43.55181],[-79.59185,43.55172],[-79.58952,43.55163],[-79.5863,43.55084],[-79.58523,43.55036],[-79.58519,43.55042],[-79.58576,43.55073],[-79.58581,43.55105],[-79.58562,43.55124],[-79.58545,43.55128],[-79.58509,43.55124],[-79.58429,43.55077],[-79.58476,43.55029],[-79.58389,43.54987],[-79.58213,43.54954],[-79.58152,43.54929],[-79.58078,43.54875],[-79.58044,43.54818],[-79.5765,43.54811],[-79.57651,43.54818],[-79.58013,43.54829],[-79.58047,43.54846],[-79.58106,43.54912],[-79.58102,43.54927],[-79.58116,43.54935],[-79.58107,43.54943],[-79.57997,43.54925],[-79.57931,43.5499],[-79.58242,43.55169],[-79.58189,43.55233],[-79.58132,43.55237],[-79.58111,43.55232],[-79.57474,43.54868],[-79.57485,43.54853],[-79.57511,43.54843],[-79.57633,43.54762],[-79.5764,43.54747],[-79.57624,43.54749],[-79.57489,43.54838],[-79.5746,43.54871],[-79.58092,43.55233],[-79.58103,43.55245],[-79.58101,43.55267],[-79.57956,43.55407],[-79.57896,43.55419],[-79.57889,43.55414],[-79.57892,43.554],[-79.57874,43.55395],[-79.57772,43.55461],[-79.57692,43.55481],[-79.57673,43.55469],[-79.57633,43.55514],[-79.57624,43.55507],[-79.5757,43.55552],[-79.5754,43.55555],[-79.5749,43.55585],[-79.57468,43.55585],[-79.57357,43.55648],[-79.57335,43.55648],[-79.57277,43.55667],[-79.57268,43.55663],[-79.57179,43.55704],[-79.57037,43.55815],[-79.56836,43.56017],[-79.56775,43.56097],[-79.56721,43.56187],[-79.5671,43.56211],[-79.56714,43.56227],[-79.56706,43.56261],[-79.56668,43.56318],[-79.56646,43.56334],[-79.56639,43.56329],[-79.56585,43.56377],[-79.56537,43.56397],[-79.56445,43.56411],[-79.56528,43.56454],[-79.5666,43.56496],[-79.56719,43.56568],[-79.56801,43.5659],[-79.56894,43.56658],[-79.56936,43.5667],[-79.56921,43.56683],[-79.56861,43.56656],[-79.56803,43.5661],[-79.567,43.56579],[-79.56649,43.56509],[-79.56482,43.56463],[-79.56343,43.56359],[-79.56303,43.5632],[-79.56258,43.56246],[-79.56244,43.562],[-79.56217,43.56181],[-79.56051,43.56291],[-79.56052,43.56302],[-79.56066,43.56314],[-79.5619,43.56357],[-79.56214,43.56354],[-79.56347,43.56458],[-79.56358,43.5648],[-79.56362,43.56525],[-79.56347,43.56546],[-79.56269,43.56593],[-79.56254,43.56614],[-79.56216,43.56631],[-79.56149,43.56727],[-79.56122,43.56745],[-79.56079,43.56742],[-79.56052,43.56725],[-79.56057,43.56661],[-79.56105,43.56621],[-79.56147,43.56601],[-79.56195,43.56545],[-79.56195,43.56516],[-79.56118,43.56446],[-79.56063,43.56438],[-79.56014,43.56454],[-79.55989,43.56453],[-79.55959,43.56438],[-79.55961,43.56414],[-79.5598,43.56394],[-79.55993,43.56396],[-79.55975,43.56385],[-79.55984,43.56379],[-79.56005,43.56385],[-79.55994,43.56379],[-79.55999,43.56372],[-79.55995,43.56348],[-79.55974,43.56314],[-79.55929,43.56263],[-79.55859,43.56237],[-79.55772,43.56241],[-79.55711,43.56277],[-79.55683,43.5631],[-79.55598,43.56373],[-79.55602,43.56384],[-79.55617,43.56385],[-79.55645,43.56359],[-79.55718,43.56321],[-79.55801,43.56374],[-79.55795,43.56415],[-79.55724,43.56481],[-79.55781,43.56584],[-79.55741,43.56594],[-79.55747,43.56607],[-79.55742,43.56609],[-79.55766,43.56634],[-79.55805,43.56646],[-79.55804,43.56654],[-79.55716,43.56735],[-79.55775,43.56772],[-79.55846,43.56787],[-79.55891,43.56809],[-79.55906,43.56846],[-79.55846,43.56878],[-79.55821,43.56878],[-79.55781,43.56855],[-79.55781,43.56847],[-79.5571,43.56817],[-79.55687,43.56816],[-79.55683,43.56806],[-79.55646,43.56785],[-79.55631,43.56786],[-79.55591,43.5682],[-79.55582,43.56849],[-79.55588,43.56857],[-79.55527,43.57035],[-79.55516,43.57019],[-79.55511,43.57019],[-79.55511,43.57032],[-79.55499,43.57032],[-79.55474,43.57094],[-79.55478,43.57099],[-79.55427,43.57139],[-79.55402,43.57119],[-79.5544,43.57105],[-79.55465,43.57051],[-79.55471,43.57028],[-79.55463,43.57017],[-79.55474,43.56989],[-79.55474,43.56963],[-79.55463,43.56929],[-79.55346,43.56837],[-79.55347,43.56798],[-79.55456,43.56499],[-79.5547,43.56491],[-79.55466,43.56475],[-79.55484,43.56429],[-79.5556,43.56338],[-79.55574,43.56311],[-79.55561,43.56301],[-79.55466,43.56416],[-79.55305,43.56816],[-79.55096,43.56962],[-79.55037,43.56978],[-79.54805,43.57138],[-79.54753,43.57139],[-79.5468,43.5712],[-79.54524,43.57001],[-79.54512,43.57008],[-79.5421,43.56781],[-79.54199,43.56783],[-79.54198,43.56789],[-79.54503,43.57016],[-79.54496,43.57023],[-79.54699,43.57171],[-79.54718,43.57175],[-79.54779,43.57176],[-79.54816,43.57166],[-79.5502,43.57018],[-79.55096,43.56992],[-79.55183,43.56973],[-79.55203,43.56975],[-79.55143,43.57018],[-79.5511,43.57018],[-79.55054,43.57037],[-79.55018,43.57062],[-79.55024,43.57066],[-79.54944,43.57112],[-79.54944,43.57125],[-79.5484,43.57196],[-79.54699,43.572],[-79.54638,43.57191],[-79.54456,43.57061],[-79.54434,43.57057],[-79.54203,43.56908],[-79.54188,43.56907],[-79.54193,43.56919],[-79.54102,43.56864],[-79.54088,43.56863],[-79.54089,43.56872],[-79.54199,43.5694],[-79.54216,43.56944],[-79.5421,43.56929],[-79.54408,43.57053],[-79.54399,43.57058],[-79.54402,43.57083],[-79.54384,43.57126],[-79.5434,43.57181],[-79.54302,43.5721],[-79.54243,43.5723],[-79.54051,43.57254],[-79.54006,43.5727],[-79.53971,43.57295],[-79.53941,43.57325],[-79.53933,43.57348],[-79.53952,43.57385],[-79.53974,43.57406],[-79.54039,43.57423],[-79.54104,43.57429],[-79.54127,43.57447],[-79.54133,43.57476],[-79.54126,43.57514],[-79.54107,43.57547],[-79.54077,43.57569],[-79.54069,43.57599],[-79.54078,43.5762],[-79.54114,43.57642],[-79.54135,43.57686],[-79.54132,43.57752],[-79.54098,43.57802],[-79.54099,43.57828],[-79.54111,43.57852],[-79.54168,43.57874],[-79.542,43.57899],[-79.54213,43.5794],[-79.5421,43.57981],[-79.54232,43.57995],[-79.54227,43.58003],[-79.54198,43.58005],[-79.54203,43.58013],[-79.54193,43.58022],[-79.54193,43.58059],[-79.54272,43.58103],[-79.54304,43.58153],[-79.54304,43.58176],[-79.54291,43.58224],[-79.54176,43.58433],[-79.54136,43.58461],[-79.5412,43.58452],[-79.54132,43.58464],[-79.54112,43.58485],[-79.54079,43.58458],[-79.54108,43.58487],[-79.54099,43.58507],[-79.5404,43.58563],[-79.54001,43.58614],[-79.53982,43.58619],[-79.53948,43.58662],[-79.53919,43.58674],[-79.53869,43.58716],[-79.5378,43.58763],[-79.53754,43.58787],[-79.53698,43.58814],[-79.53618,43.5882],[-79.53434,43.58801],[-79.5342,43.58795],[-79.53406,43.58762],[-79.53393,43.58755],[-79.53399,43.58787],[-79.53358,43.58815],[-79.53111,43.58861],[-79.53067,43.58847],[-79.53067,43.58832],[-79.53094,43.58821],[-79.53074,43.58794],[-79.52964,43.58796],[-79.52945,43.58803],[-79.52904,43.58844],[-79.52874,43.58882],[-79.52866,43.58906],[-79.52772,43.58962],[-79.52653,43.58966],[-79.5249,43.58987],[-79.52482,43.58979],[-79.52401,43.58996],[-79.52221,43.59015],[-79.51985,43.59025],[-79.51863,43.59075],[-79.5184,43.59065],[-79.51819,43.59043],[-79.51726,43.59058],[-79.51662,43.59028],[-79.5162,43.58955],[-79.51655,43.58897],[-79.51651,43.58891],[-79.51639,43.58891],[-79.51622,43.58913],[-79.51519,43.58892],[-79.51492,43.58903],[-79.51507,43.5894],[-79.51551,43.58938],[-79.51571,43.58951],[-79.51565,43.58984],[-79.51574,43.59013],[-79.5158,43.59012],[-79.51588,43.5906],[-79.51583,43.59077],[-79.51555,43.59085],[-79.51545,43.59069],[-79.5154,43.59021],[-79.51519,43.59006],[-79.51485,43.59013],[-79.51483,43.59026],[-79.51298,43.59068],[-79.51156,43.59029],[-79.51148,43.59015],[-79.51133,43.59013],[-79.5111,43.58968],[-79.51119,43.58951],[-79.51105,43.58907],[-79.51109,43.58881],[-79.5114,43.58851],[-79.5122,43.58833],[-79.51225,43.58823],[-79.51222,43.58793],[-79.51294,43.58768],[-79.51326,43.58773],[-79.51331,43.58792],[-79.51349,43.58799],[-79.51432,43.58781],[-79.51464,43.58762],[-79.51525,43.58787],[-79.51531,43.58799],[-79.5161,43.58825],[-79.51719,43.58855],[-79.51729,43.58847],[-79.51725,43.58839],[-79.51573,43.5879],[-79.5149,43.58739],[-79.51418,43.58711],[-79.51314,43.58708],[-79.51306,43.58699],[-79.51299,43.58711],[-79.51273,43.5872],[-79.51222,43.5872],[-79.51213,43.5871],[-79.5121,43.58723],[-79.51181,43.58731],[-79.51128,43.58732],[-79.51119,43.5872],[-79.51115,43.58734],[-79.51102,43.58738],[-79.51036,43.58725],[-79.51039,43.58716],[-79.51029,43.58711],[-79.51022,43.58719],[-79.50938,43.58723],[-79.50923,43.58744],[-79.50933,43.58758],[-79.51002,43.58779],[-79.51019,43.58792],[-79.5103,43.58816],[-79.5103,43.58851],[-79.51013,43.58885],[-79.51034,43.58891],[-79.51034,43.58917],[-79.51006,43.58969],[-79.50962,43.59008],[-79.50878,43.5902],[-79.50864,43.59034],[-79.50882,43.5905],[-79.51025,43.59079],[-79.51088,43.59111],[-79.51096,43.59127],[-79.51091,43.59155],[-79.51046,43.59232],[-79.51014,43.59243],[-79.50976,43.59239],[-79.50964,43.59244],[-79.51059,43.59265],[-79.5105,43.59271],[-79.50971,43.59273],[-79.5106,43.593],[-79.51078,43.59333],[-79.51065,43.59364],[-79.5101,43.59381],[-79.50969,43.59375],[-79.50899,43.59393],[-79.50869,43.59378],[-79.50849,43.59381],[-79.50718,43.59419],[-79.50663,43.59424],[-79.50633,43.59408],[-79.50634,43.59373],[-79.50624,43.59359],[-79.50595,43.59347],[-79.50575,43.59353],[-79.50509,43.59401],[-79.50497,43.59428],[-79.50331,43.59432],[-79.50256,43.59445],[-79.50148,43.59486],[-79.50105,43.59489],[-79.50097,43.59505],[-79.5007,43.59516],[-79.50043,43.5954],[-79.50048,43.59579],[-79.50023,43.59639],[-79.49984,43.59671],[-79.49958,43.59761],[-79.49923,43.59787],[-79.49889,43.59795],[-79.49852,43.59794],[-79.49844,43.59781],[-79.49834,43.59782],[-79.49835,43.59822],[-79.49785,43.59857],[-79.49798,43.59897],[-79.49798,43.59925],[-79.49823,43.59955],[-79.49818,43.59982],[-79.49797,43.60021],[-79.49784,43.60026],[-79.4974,43.60082],[-79.49723,43.60084],[-79.49673,43.60139],[-79.49643,43.60157],[-79.49621,43.60192],[-79.49458,43.60227],[-79.49431,43.60208],[-79.49389,43.60213],[-79.49379,43.60202],[-79.49353,43.60202],[-79.49343,43.60213],[-79.49317,43.60201],[-79.49256,43.60213],[-79.49248,43.60222],[-79.49247,43.60257],[-79.4916,43.60345],[-79.49127,43.60368],[-79.49136,43.60381],[-79.49073,43.6043],[-79.49007,43.60503],[-79.48996,43.60503],[-79.48975,43.60521],[-79.48958,43.60551],[-79.48948,43.60551],[-79.48928,43.60578],[-79.4894,43.60583],[-79.48896,43.60657],[-79.48877,43.60673],[-79.48856,43.60671],[-79.48813,43.6073],[-79.48798,43.60738],[-79.4879,43.60775],[-79.48777,43.60785],[-79.48783,43.60798],[-79.48754,43.60828],[-79.48717,43.60848],[-79.48704,43.60937],[-79.4866,43.60966],[-79.48657,43.61026],[-79.48682,43.61048],[-79.48675,43.61078],[-79.48633,43.61083],[-79.48627,43.6109],[-79.48633,43.61099],[-79.48672,43.61109],[-79.48683,43.61126],[-79.48669,43.61159],[-79.48653,43.61156],[-79.48641,43.61166],[-79.48651,43.61177],[-79.4868,43.61181],[-79.48682,43.61199],[-79.48667,43.61226],[-79.48632,43.61226],[-79.48618,43.61241],[-79.48621,43.61282],[-79.48632,43.6129],[-79.48643,43.61295],[-79.48657,43.61287],[-79.48658,43.61263],[-79.48699,43.61275],[-79.48704,43.61297],[-79.487,43.61307],[-79.48687,43.61308],[-79.48681,43.61323],[-79.4869,43.61329],[-79.48669,43.61361],[-79.48623,43.61364],[-79.48603,43.61382],[-79.48596,43.61396],[-79.48597,43.61451],[-79.48535,43.61571],[-79.48543,43.61629],[-79.48536,43.61641],[-79.48516,43.61643],[-79.48493,43.61683],[-79.48512,43.61692],[-79.48504,43.61719],[-79.48496,43.61728],[-79.48475,43.61727],[-79.48442,43.61766],[-79.48449,43.61775],[-79.48436,43.61791],[-79.48427,43.61794],[-79.48406,43.61783],[-79.48391,43.61787],[-79.48385,43.6178],[-79.48379,43.61785],[-79.48386,43.6179],[-79.48357,43.61815],[-79.48314,43.61841],[-79.48256,43.61845],[-79.48161,43.61878],[-79.48155,43.61861],[-79.48139,43.61866],[-79.48121,43.61852],[-79.48166,43.61813],[-79.48133,43.61788],[-79.48124,43.61789],[-79.48124,43.61802],[-79.48057,43.61841],[-79.47886,43.61718],[-79.48011,43.61619],[-79.48045,43.61623],[-79.4806,43.61558],[-79.48009,43.61546],[-79.48046,43.61408],[-79.48204,43.6141],[-79.48215,43.61391],[-79.48287,43.61399],[-79.48285,43.61415],[-79.48305,43.6142],[-79.48307,43.61469],[-79.48326,43.61477],[-79.4834,43.61469],[-79.48369,43.61391],[-79.48416,43.6132],[-79.48409,43.6131],[-79.48356,43.61296],[-79.4832,43.61248],[-79.48293,43.61238],[-79.48273,43.61248],[-79.4827,43.61276],[-79.48276,43.613],[-79.48252,43.61319],[-79.48191,43.6134],[-79.48087,43.6135],[-79.48057,43.61337],[-79.48031,43.61308],[-79.47992,43.61227],[-79.47973,43.61208],[-79.47925,43.61196],[-79.47894,43.61208],[-79.47887,43.61234],[-79.47938,43.61312],[-79.47886,43.61409],[-79.47843,43.61448],[-79.47732,43.6142],[-79.47703,43.61432],[-79.47697,43.61448],[-79.47757,43.61499],[-79.47727,43.61573],[-79.47656,43.61669],[-79.47589,43.61741],[-79.47548,43.61768],[-79.47508,43.61759],[-79.47494,43.61765],[-79.47493,43.61776],[-79.47512,43.61795],[-79.47544,43.61807],[-79.47508,43.61873],[-79.47468,43.61874],[-79.47433,43.61893],[-79.47437,43.61923],[-79.47481,43.61986],[-79.47488,43.62015],[-79.47463,43.6207],[-79.47424,43.62121],[-79.47317,43.62218],[-79.47267,43.62241],[-79.47025,43.62254],[-79.46954,43.62237],[-79.46926,43.62245],[-79.46912,43.62259],[-79.46918,43.62286],[-79.46976,43.62347],[-79.47001,43.62387],[-79.47023,43.62493],[-79.47036,43.62517],[-79.4708,43.62529],[-79.4713,43.6251],[-79.47196,43.62538],[-79.47203,43.62534],[-79.47198,43.6249],[-79.47167,43.62465],[-79.47163,43.62438],[-79.47179,43.6241],[-79.47241,43.6235],[-79.47279,43.62342],[-79.47301,43.62346],[-79.47373,43.6242],[-79.47383,43.62421],[-79.47424,43.62384],[-79.47378,43.62397],[-79.47346,43.62365],[-79.47341,43.62318],[-79.47375,43.62292],[-79.47388,43.62267],[-79.47423,43.6226],[-79.4747,43.62285],[-79.47483,43.623],[-79.47498,43.62298],[-79.47531,43.62334],[-79.47503,43.62343],[-79.47503,43.62349],[-79.47576,43.6235],[-79.47611,43.62339],[-79.47649,43.62344],[-79.47659,43.62315],[-79.47704,43.62295],[-79.47702,43.62288],[-79.47714,43.62273],[-79.47731,43.62272],[-79.47737,43.62249],[-79.47753,43.62245],[-79.47756,43.62236],[-79.47861,43.622],[-79.47886,43.62204],[-79.47885,43.62222],[-79.47833,43.6227],[-79.47775,43.62352],[-79.47726,43.62363],[-79.47659,43.62346],[-79.47659,43.62356],[-79.47686,43.62387],[-79.47657,43.62423],[-79.47665,43.62477],[-79.47644,43.62527],[-79.47644,43.62544],[-79.47626,43.62574],[-79.4761,43.62644],[-79.47578,43.62713],[-79.47554,43.6271],[-79.47547,43.62703],[-79.47542,43.6271],[-79.4754,43.6272],[-79.47556,43.62717],[-79.47559,43.62733],[-79.47524,43.62813],[-79.47501,43.62828],[-79.47484,43.62818],[-79.47471,43.6283],[-79.47491,43.62834],[-79.47492,43.62855],[-79.47443,43.62906],[-79.47424,43.62907],[-79.47422,43.62898],[-79.4741,43.62898],[-79.47401,43.62907],[-79.47419,43.62914],[-79.47416,43.62922],[-79.47374,43.62956],[-79.47331,43.62961],[-79.4732,43.62956],[-79.47328,43.62941],[-79.47314,43.6294],[-79.47291,43.62959],[-79.4726,43.62964],[-79.4725,43.62974],[-79.47232,43.63038],[-79.47203,43.63061],[-79.47114,43.63058],[-79.47081,43.63067],[-79.47071,43.63084],[-79.47075,43.63095],[-79.47149,43.63146],[-79.47085,43.63195],[-79.47078,43.63192],[-79.46918,43.63276],[-79.46875,43.6331],[-79.4683,43.63375],[-79.46799,43.634],[-79.46718,43.63424],[-79.46694,43.63439],[-79.46622,43.63441],[-79.46523,43.63491],[-79.46499,43.6352],[-79.46387,43.63568],[-79.46322,43.63573],[-79.46261,43.63566],[-79.46227,43.63579],[-79.46166,43.63633],[-79.46124,43.63632],[-79.46066,43.63666],[-79.4602,43.63679],[-79.45886,43.6368],[-79.45842,43.63708],[-79.45797,43.63722],[-79.45642,43.6372],[-79.45525,43.6375],[-79.45362,43.63726],[-79.45269,43.6367],[-79.45235,43.6366],[-79.45131,43.63646],[-79.44985,43.63651],[-79.4492,43.63613],[-79.4489,43.63617],[-79.44793,43.63654],[-79.44745,43.63653],[-79.44653,43.63625],[-79.44612,43.63602],[-79.44591,43.63599],[-79.44421,43.63528],[-79.44388,43.63514],[-79.44392,43.63499],[-79.44314,43.63467],[-79.44243,43.63493],[-79.44176,43.63498],[-79.44135,43.63495],[-79.44069,43.63475],[-79.44028,43.63452],[-79.44,43.63425],[-79.44007,43.63414],[-79.44001,43.63392],[-79.43969,43.63386],[-79.43975,43.63379],[-79.43928,43.63355],[-79.43933,43.63326],[-79.43923,43.63312],[-79.43692,43.63215],[-79.43591,43.63185],[-79.43512,43.63143],[-79.43362,43.63086],[-79.42941,43.63002],[-79.42726,43.62973],[-79.42602,43.62967],[-79.42013,43.63011],[-79.41869,43.62946],[-79.41793,43.62959],[-79.41787,43.62972],[-79.41741,43.62993],[-79.41492,43.63034],[-79.41457,43.63016],[-79.41177,43.63063],[-79.41157,43.63089],[-79.41036,43.63109],[-79.41034,43.63087],[-79.41045,43.63085],[-79.41043,43.6303],[-79.41079,43.63028],[-79.41078,43.62997],[-79.41132,43.62985],[-79.41155,43.62956],[-79.41188,43.62956],[-79.4121,43.62939],[-79.41294,43.62965],[-79.4138,43.63001],[-79.41388,43.63011],[-79.4143,43.63004],[-79.41427,43.62991],[-79.4145,43.62974],[-79.4145,43.62966],[-79.41443,43.62956],[-79.4139,43.6293],[-79.41378,43.62898],[-79.41389,43.62881],[-79.4144,43.62867],[-79.41445,43.62851],[-79.41422,43.62807],[-79.41432,43.62786],[-79.41457,43.6277],[-79.415,43.62777],[-79.4152,43.62805],[-79.41531,43.62804],[-79.4157,43.62829],[-79.416,43.62826],[-79.41789,43.62795],[-79.41782,43.6277],[-79.41793,43.62757],[-79.41816,43.6275],[-79.41841,43.6276],[-79.41852,43.62752],[-79.41846,43.62739],[-79.41858,43.62725],[-79.41871,43.62723],[-79.41908,43.62754],[-79.41933,43.62746],[-79.4196,43.62752],[-79.42006,43.6279],[-79.42008,43.628],[-79.42002,43.62805],[-79.4193,43.62764],[-79.41896,43.62766],[-79.41876,43.62756],[-79.41863,43.62763],[-79.41862,43.62776],[-79.41842,43.62804],[-79.41848,43.62822],[-79.41859,43.62824],[-79.41868,43.628],[-79.41886,43.62791],[-79.41929,43.62799],[-79.41937,43.62815],[-79.41918,43.62849],[-79.41941,43.6287],[-79.41956,43.62869],[-79.41973,43.6284],[-79.41984,43.62841],[-79.41971,43.62858],[-79.41976,43.62878],[-79.41936,43.62902],[-79.41942,43.62922],[-79.41966,43.62934],[-79.42278,43.62908],[-79.42262,43.62905],[-79.42232,43.62879],[-79.42209,43.62835],[-79.42222,43.62804],[-79.42254,43.62773],[-79.42241,43.6275],[-79.42196,43.62744],[-79.42138,43.62755],[-79.42097,43.62746],[-79.42047,43.62726],[-79.42029,43.62712],[-79.42021,43.62687],[-79.41995,43.62677],[-79.41973,43.62679],[-79.41949,43.62693],[-79.41802,43.62649],[-79.41661,43.6263],[-79.41567,43.62638],[-79.41486,43.62653],[-79.41514,43.62657],[-79.41654,43.62641],[-79.41835,43.62664],[-79.41864,43.62678],[-79.4184,43.62705],[-79.41813,43.62709],[-79.41777,43.62694],[-79.41788,43.62737],[-79.41736,43.62796],[-79.41624,43.62815],[-79.41614,43.6281],[-79.41609,43.62787],[-79.41565,43.62768],[-79.41553,43.62733],[-79.41567,43.62695],[-79.41563,43.62692],[-79.41547,43.62706],[-79.41462,43.62719],[-79.41349,43.62703],[-79.4128,43.62735],[-79.4112,43.62736],[-79.41069,43.62758],[-79.41009,43.6281],[-79.41007,43.62851],[-79.4102,43.62925],[-79.40994,43.6294],[-79.40916,43.62955],[-79.40909,43.62965],[-79.40908,43.6298],[-79.40923,43.63001],[-79.40947,43.63101],[-79.40999,43.63093],[-79.40999,43.63115],[-79.40964,43.63122],[-79.4088,43.63171],[-79.40864,43.63307],[-79.40665,43.63286],[-79.40342,43.63339],[-79.40161,43.63421],[-79.40031,43.63293],[-79.40292,43.63151],[-79.40304,43.63127],[-79.40438,43.63158],[-79.40437,43.63167],[-79.40443,43.63156],[-79.40287,43.63124],[-79.40232,43.63101],[-79.39764,43.63352],[-79.3976,43.63363],[-79.39778,43.63385],[-79.39765,43.63391],[-79.39735,43.6337],[-79.39545,43.63473],[-79.39695,43.63642],[-79.39596,43.63654],[-79.39496,43.63535],[-79.39445,43.63547],[-79.39288,43.63623],[-79.39187,43.63632],[-79.39189,43.63638],[-79.39291,43.63629],[-79.39449,43.63553],[-79.39526,43.63644],[-79.39514,43.63662],[-79.39178,43.63694],[-79.39196,43.6374],[-79.39126,43.63756],[-79.39103,43.63701],[-79.38957,43.63714],[-79.3899,43.63793],[-79.38963,43.63803],[-79.38976,43.63831],[-79.39004,43.63826],[-79.39015,43.63856],[-79.38944,43.63868],[-79.38932,43.63842],[-79.3896,43.63833],[-79.38947,43.63805],[-79.3892,43.6381],[-79.38882,43.63718],[-79.38714,43.63735],[-79.38757,43.63839],[-79.38703,43.6385],[-79.38659,43.63738],[-79.38442,43.63759],[-79.38494,43.63884],[-79.38421,43.639],[-79.38366,43.63766],[-79.37959,43.63805],[-79.38027,43.63968],[-79.38018,43.63972],[-79.38009,43.6396],[-79.37986,43.63969],[-79.37957,43.63946],[-79.37883,43.63837],[-79.3784,43.63852],[-79.37868,43.63896],[-79.37773,43.6393],[-79.3776,43.63923],[-79.37755,43.63927],[-79.37763,43.63941],[-79.37746,43.63946],[-79.37715,43.639],[-79.37539,43.63965],[-79.37557,43.63994],[-79.37548,43.63996],[-79.37529,43.6397],[-79.37521,43.63973],[-79.37541,43.64006],[-79.37485,43.64026],[-79.37468,43.64],[-79.37458,43.64004],[-79.37477,43.64029],[-79.3745,43.64038],[-79.37434,43.64013],[-79.37424,43.64016],[-79.37448,43.64052],[-79.37442,43.64062],[-79.37421,43.64053],[-79.37436,43.64076],[-79.37465,43.64078],[-79.3752,43.64159],[-79.37452,43.64182],[-79.37354,43.64034],[-79.36828,43.64231],[-79.36911,43.64358],[-79.36829,43.64387],[-79.36745,43.64262],[-79.36023,43.64532],[-79.36095,43.64641],[-79.36029,43.64668],[-79.35941,43.64564],[-79.35836,43.64492],[-79.35822,43.64447],[-79.35796,43.64408],[-79.35808,43.64403],[-79.35071,43.635],[-79.3503,43.63529],[-79.3481,43.63361],[-79.34788,43.63375],[-79.34712,43.63323],[-79.34703,43.6333],[-79.34699,43.63358],[-79.34708,43.63422],[-79.34693,43.63451],[-79.34696,43.63458],[-79.34681,43.63476],[-79.34642,43.63491],[-79.34551,43.63499],[-79.34512,43.63548],[-79.3442,43.6362],[-79.34316,43.63731],[-79.34244,43.6377],[-79.34156,43.63799],[-79.34148,43.6385],[-79.34063,43.63906],[-79.34027,43.63921],[-79.33902,43.63938],[-79.33789,43.63933],[-79.33759,43.63943],[-79.33652,43.63923],[-79.3361,43.63937],[-79.33587,43.63937],[-79.33578,43.6394],[-79.33573,43.63957],[-79.33439,43.64044],[-79.33434,43.6406],[-79.33631,43.6394],[-79.33723,43.63993],[-79.33743,43.64021],[-79.33589,43.64164],[-79.33594,43.64167],[-79.33525,43.64211],[-79.33535,43.64218],[-79.33525,43.64231],[-79.33378,43.64366],[-79.33356,43.64397],[-79.33311,43.64428],[-79.33252,43.64485],[-79.33102,43.64585],[-79.33044,43.64659],[-79.32892,43.64739],[-79.32867,43.64744],[-79.3299,43.64891],[-79.32954,43.64906],[-79.32833,43.64756],[-79.32825,43.6476],[-79.32748,43.64732],[-79.32738,43.64725],[-79.32736,43.64702],[-79.32688,43.64685],[-79.32659,43.64692],[-79.32603,43.64689],[-79.32577,43.64675],[-79.32557,43.64641],[-79.32539,43.64562],[-79.32681,43.64401],[-79.32699,43.64394],[-79.32822,43.64435],[-79.32851,43.64433],[-79.32845,43.64414],[-79.32779,43.64386],[-79.32733,43.64349],[-79.32709,43.64319],[-79.32722,43.6425],[-79.32748,43.64221],[-79.32762,43.64219],[-79.32743,43.64186],[-79.32743,43.64161],[-79.32774,43.64117],[-79.32838,43.64095],[-79.32856,43.64097],[-79.32868,43.64085],[-79.32855,43.64064],[-79.32859,43.64052],[-79.32897,43.64008],[-79.32991,43.63978],[-79.32976,43.63951],[-79.32978,43.63931],[-79.33012,43.63893],[-79.33037,43.63882],[-79.33091,43.63878],[-79.33094,43.63867],[-79.33038,43.6384],[-79.33025,43.63792],[-79.32983,43.63758],[-79.3296,43.63706],[-79.3295,43.63705],[-79.32891,43.63727],[-79.32863,43.63751],[-79.32856,43.63768],[-79.32884,43.63799],[-79.32886,43.63813],[-79.32815,43.63888],[-79.32772,43.63919],[-79.32675,43.6404],[-79.3265,43.64047],[-79.32511,43.63998],[-79.32483,43.63999],[-79.32473,43.64009],[-79.32474,43.64022],[-79.32628,43.64082],[-79.32519,43.64259],[-79.32453,43.64412],[-79.32471,43.64417],[-79.32451,43.64417],[-79.32447,43.64426],[-79.32457,43.64442],[-79.32431,43.64523],[-79.32166,43.64486],[-79.32161,43.6447],[-79.32178,43.64385],[-79.3221,43.64284],[-79.32233,43.64159],[-79.32265,43.64132],[-79.32269,43.64117],[-79.32264,43.64061],[-79.32274,43.6402],[-79.32269,43.64004],[-79.32303,43.63897],[-79.32294,43.63856],[-79.32299,43.63824],[-79.32344,43.63753],[-79.32432,43.63678],[-79.32437,43.63661],[-79.32466,43.6363],[-79.32542,43.63589],[-79.32584,43.63585],[-79.32603,43.63575],[-79.32615,43.63561],[-79.32632,43.63498],[-79.32794,43.63438],[-79.32905,43.63362],[-79.32904,43.63348],[-79.32895,43.63345],[-79.32853,43.63381],[-79.32782,43.63426],[-79.32727,43.63433],[-79.32645,43.63465],[-79.32577,43.63426],[-79.32563,43.63398],[-79.32563,43.63365],[-79.32589,43.63327],[-79.32649,43.63265],[-79.32656,43.63199],[-79.32677,43.63179],[-79.32716,43.63171],[-79.32774,43.63178],[-79.32815,43.63194],[-79.32899,43.63207],[-79.3292,43.63233],[-79.32893,43.63282],[-79.32856,43.63319],[-79.32894,43.63326],[-79.32902,43.63331],[-79.32897,43.63344],[-79.32905,43.63346],[-79.32928,43.63325],[-79.32944,43.63322],[-79.32951,43.63336],[-79.32963,43.63339],[-79.32994,43.63314],[-79.33033,43.63304],[-79.33092,43.63259],[-79.33254,43.63184],[-79.33337,43.63162],[-79.33423,43.63172],[-79.33461,43.63166],[-79.33469,43.63119],[-79.33482,43.63097],[-79.33507,43.63077],[-79.33548,43.63066],[-79.33587,43.63019],[-79.33635,43.62993],[-79.33645,43.62926],[-79.33613,43.62908],[-79.33604,43.62925],[-79.33578,43.62944],[-79.3352,43.62974],[-79.33505,43.62974],[-79.33437,43.6294],[-79.33394,43.62942],[-79.33376,43.62953],[-79.33367,43.62984],[-79.33391,43.63021],[-79.33377,43.63043],[-79.33332,43.63061],[-79.33271,43.63067],[-79.33253,43.63056],[-79.33252,43.63045],[-79.33267,43.63024],[-79.3326,43.63017],[-79.33249,43.63018],[-79.33237,43.63039],[-79.33184,43.63062],[-79.33143,43.63122],[-79.33021,43.6313],[-79.32923,43.63107],[-79.32891,43.63092],[-79.32868,43.63069],[-79.32868,43.63043],[-79.32925,43.62963],[-79.32968,43.62876],[-79.33005,43.62833],[-79.33066,43.62818],[-79.3309,43.62776],[-79.33112,43.62767],[-79.33155,43.62724],[-79.3317,43.62665],[-79.33094,43.62612],[-79.33053,43.62651],[-79.3305,43.62667],[-79.33023,43.62696],[-79.32964,43.62737],[-79.32896,43.62754],[-79.32856,43.62745],[-79.32746,43.62754],[-79.32724,43.62696],[-79.32702,43.62677],[-79.3256,43.62654],[-79.32418,43.62587],[-79.32397,43.62547],[-79.32427,43.62287],[-79.32445,43.62266],[-79.32476,43.62257],[-79.32539,43.62267],[-79.32649,43.62263],[-79.32691,43.6227],[-79.32904,43.62244],[-79.3293,43.62248],[-79.33209,43.62223],[-79.3331,43.62233],[-79.33334,43.62273],[-79.33303,43.62394],[-79.33258,43.62469],[-79.33185,43.6256],[-79.33138,43.6257],[-79.3313,43.6258],[-79.3319,43.62604],[-79.33205,43.62621],[-79.33244,43.62599],[-79.33327,43.62596],[-79.33365,43.62579],[-79.33402,43.62582],[-79.33428,43.62603],[-79.33446,43.62595],[-79.33432,43.62565],[-79.33438,43.62523],[-79.33474,43.62521],[-79.33545,43.6257],[-79.33574,43.62622],[-79.33568,43.62649],[-79.33548,43.62668],[-79.3349,43.62665],[-79.33481,43.62674],[-79.33499,43.62697],[-79.3349,43.62728],[-79.33501,43.6274],[-79.3354,43.62755],[-79.33676,43.62752],[-79.33697,43.62763],[-79.33728,43.628],[-79.33737,43.62853],[-79.33728,43.62894],[-79.33747,43.62903],[-79.33838,43.62887],[-79.33865,43.62895],[-79.33867,43.62909],[-79.33888,43.62916],[-79.33903,43.6294],[-79.33917,43.6294],[-79.33831,43.62801],[-79.33765,43.62654],[-79.33745,43.62587],[-79.33725,43.62475],[-79.33729,43.62439],[-79.33751,43.62387],[-79.33777,43.62353],[-79.33795,43.62331],[-79.33825,43.62317],[-79.33773,43.62318],[-79.33779,43.62315],[-79.33769,43.623],[-79.33745,43.62296],[-79.33774,43.62285],[-79.33753,43.62279],[-79.33754,43.62268],[-79.33786,43.62275],[-79.33779,43.62257],[-79.33813,43.62253],[-79.33808,43.6224],[-79.33821,43.62237],[-79.33829,43.62243],[-79.33848,43.62218],[-79.33868,43.62215],[-79.33863,43.6223],[-79.33874,43.62234],[-79.33888,43.62215],[-79.33901,43.62224],[-79.33883,43.62241],[-79.33917,43.62247],[-79.33912,43.62256],[-79.33892,43.62252],[-79.33904,43.62269],[-79.33893,43.62289],[-79.33884,43.62291],[-79.3389,43.62302],[-79.33943,43.62301],[-79.34006,43.62326],[-79.34009,43.6234],[-79.33989,43.62341],[-79.33989,43.62334],[-79.33979,43.62344],[-79.3402,43.62378],[-79.34106,43.6237],[-79.34125,43.62364],[-79.34153,43.62336],[-79.34192,43.62321],[-79.34235,43.62318],[-79.34292,43.62347],[-79.34317,43.6234],[-79.34325,43.62333],[-79.34321,43.62323],[-79.34297,43.62291],[-79.34262,43.62276],[-79.34229,43.62286],[-79.34127,43.62249],[-79.34114,43.62241],[-79.341,43.62188],[-79.34073,43.6218],[-79.34035,43.62148],[-79.34008,43.62146],[-79.33978,43.6212],[-79.33976,43.62086],[-79.33988,43.62074],[-79.33983,43.62067],[-79.33996,43.62041],[-79.34039,43.62053],[-79.34071,43.62034],[-79.34101,43.62031],[-79.34101,43.62006],[-79.34113,43.6201],[-79.34157,43.61992],[-79.34153,43.6198],[-79.3416,43.61979],[-79.34172,43.61989],[-79.34221,43.61979],[-79.34252,43.61988],[-79.34263,43.62001],[-79.34283,43.62002],[-79.34276,43.62011],[-79.34287,43.621],[-79.34294,43.6212],[-79.3433,43.62156],[-79.34333,43.62168],[-79.34321,43.62175],[-79.34318,43.62188],[-79.34329,43.62214],[-79.34408,43.62235],[-79.34428,43.62229],[-79.34469,43.62193],[-79.34506,43.62179],[-79.34493,43.62162],[-79.34472,43.62159],[-79.34379,43.62103],[-79.34348,43.62073],[-79.34326,43.62019],[-79.34373,43.61919],[-79.34427,43.61918],[-79.34458,43.61901],[-79.34481,43.61821],[-79.34476,43.618],[-79.34439,43.61763],[-79.34397,43.617],[-79.34384,43.61669],[-79.34368,43.61567],[-79.34392,43.61465],[-79.34419,43.61429],[-79.34426,43.61359],[-79.34405,43.61313],[-79.34369,43.61275],[-79.34323,43.61267],[-79.34293,43.61278],[-79.34252,43.61324],[-79.34166,43.61462],[-79.34076,43.61522],[-79.34009,43.61619],[-79.33944,43.61695],[-79.3375,43.61871],[-79.33666,43.6192],[-79.33604,43.61937],[-79.33557,43.61925],[-79.33487,43.61926],[-79.33462,43.6196],[-79.33377,43.62004],[-79.33318,43.62018],[-79.33236,43.62021],[-79.33079,43.62003],[-79.3299,43.61982],[-79.32818,43.61926],[-79.32753,43.61886],[-79.32731,43.61882],[-79.3272,43.61887],[-79.32699,43.619],[-79.32669,43.61963],[-79.32687,43.62024],[-79.32789,43.62081],[-79.32866,43.62136],[-79.32867,43.62156],[-79.32852,43.62174],[-79.32755,43.62193],[-79.32584,43.62205],[-79.32501,43.62166],[-79.32482,43.62136],[-79.3252,43.62043],[-79.32505,43.61959],[-79.32512,43.61932],[-79.3254,43.61897],[-79.32549,43.61872],[-79.3262,43.61819],[-79.32716,43.61801],[-79.32733,43.61769],[-79.32714,43.61753],[-79.32686,43.6175],[-79.32597,43.61773],[-79.32554,43.61776],[-79.3251,43.61768],[-79.32421,43.61735],[-79.32382,43.61733],[-79.32363,43.61754],[-79.32361,43.61777],[-79.32442,43.61852],[-79.32441,43.61934],[-79.32401,43.62146],[-79.32364,43.62204],[-79.32305,43.62219],[-79.32261,43.6222],[-79.32214,43.62243],[-79.32209,43.62262],[-79.32303,43.62296],[-79.3232,43.62332],[-79.32319,43.6239],[-79.32298,43.62508],[-79.32277,43.62547],[-79.32187,43.62581],[-79.32185,43.62588],[-79.3219,43.62608],[-79.32217,43.62612],[-79.32251,43.62628],[-79.32269,43.62645],[-79.32278,43.62667],[-79.32251,43.62854],[-79.32233,43.62897],[-79.32215,43.62908],[-79.32142,43.62917],[-79.32121,43.62934],[-79.32123,43.6295],[-79.32227,43.62977],[-79.32241,43.63031],[-79.32206,43.63238],[-79.32194,43.63268],[-79.32144,43.63299],[-79.32133,43.63295],[-79.32111,43.63305],[-79.32097,43.63318],[-79.32097,43.63335],[-79.3211,43.63349],[-79.32145,43.63366],[-79.32248,43.63395],[-79.32294,43.63423],[-79.32307,43.6344],[-79.32311,43.63466],[-79.32304,43.63525],[-79.32234,43.63719],[-79.32202,43.63752],[-79.32175,43.63763],[-79.3216,43.63778],[-79.32157,43.63802],[-79.322,43.63875],[-79.32197,43.63902],[-79.3213,43.64079],[-79.32111,43.64116],[-79.32066,43.64174],[-79.32082,43.64219],[-79.32123,43.6426],[-79.32119,43.64294],[-79.32036,43.64539],[-79.32,43.64571],[-79.31989,43.64601],[-79.3192,43.64597],[-79.31917,43.64581],[-79.31897,43.64583],[-79.31893,43.64631],[-79.31911,43.64633],[-79.31918,43.6461],[-79.31959,43.64612],[-79.3198,43.64647],[-79.31979,43.64691],[-79.31934,43.64755],[-79.31898,43.64779],[-79.31851,43.64771],[-79.31858,43.64757],[-79.31848,43.64745],[-79.31831,43.64754],[-79.31819,43.64793],[-79.31842,43.64795],[-79.31851,43.64783],[-79.31891,43.6479],[-79.31881,43.64836],[-79.31861,43.64874],[-79.31834,43.64902],[-79.31787,43.64926],[-79.3175,43.6491],[-79.31753,43.64893],[-79.31747,43.64888],[-79.31729,43.64891],[-79.31706,43.64922],[-79.31722,43.6493],[-79.31739,43.64919],[-79.31758,43.64929],[-79.3175,43.64966],[-79.31731,43.64998],[-79.31695,43.65033],[-79.31652,43.65049],[-79.31617,43.65034],[-79.31625,43.65025],[-79.31619,43.65015],[-79.31597,43.65023],[-79.3158,43.65048],[-79.31595,43.65054],[-79.31611,43.65044],[-79.31639,43.65055],[-79.31643,43.6507],[-79.31626,43.65119],[-79.31604,43.65135],[-79.31581,43.65143],[-79.3155,43.65142],[-79.31533,43.65136],[-79.31527,43.6511],[-79.31511,43.65117],[-79.31509,43.65142],[-79.31627,43.65592],[-79.31594,43.6562],[-79.31613,43.65675],[-79.31637,43.65706],[-79.3167,43.6573],[-79.31608,43.65762],[-79.31445,43.65739],[-79.31377,43.6576],[-79.31308,43.65795],[-79.31365,43.65843],[-79.31439,43.6589],[-79.31562,43.65961],[-79.31605,43.65976],[-79.31605,43.65987],[-79.31707,43.66079],[-79.3178,43.66087],[-79.31779,43.66094],[-79.31708,43.66095],[-79.31712,43.66148],[-79.31483,43.662],[-79.31463,43.6618],[-79.31434,43.66176],[-79.31439,43.66163],[-79.31433,43.66161],[-79.31334,43.66161],[-79.31328,43.66152],[-79.31341,43.66134],[-79.31372,43.66131],[-79.31401,43.66106],[-79.31413,43.66115],[-79.31442,43.66097],[-79.3138,43.66034],[-79.31295,43.65967],[-79.31262,43.65943],[-79.31251,43.6595],[-79.31243,43.65944],[-79.31265,43.65929],[-79.31248,43.65915],[-79.31222,43.65932],[-79.31214,43.65925],[-79.31239,43.65908],[-79.31221,43.65894],[-79.31197,43.6591],[-79.31189,43.65903],[-79.31213,43.65888],[-79.31193,43.65857],[-79.3118,43.6586],[-79.31171,43.65838],[-79.31184,43.65797],[-79.31179,43.65782],[-79.31167,43.65779],[-79.31175,43.65755],[-79.31194,43.65757],[-79.3122,43.65728],[-79.31264,43.65705],[-79.31261,43.65692],[-79.31244,43.65679],[-79.31216,43.65677],[-79.31176,43.65694],[-79.31135,43.65694],[-79.31072,43.65662],[-79.31034,43.65665],[-79.31024,43.65693],[-79.3112,43.65728],[-79.31093,43.65796],[-79.31032,43.65844],[-79.30996,43.65818],[-79.30971,43.65811],[-79.30958,43.65811],[-79.30955,43.6582],[-79.30966,43.65829],[-79.30939,43.65824],[-79.30838,43.65789],[-79.30749,43.6577],[-79.30692,43.65729],[-79.30682,43.6571],[-79.30686,43.65692],[-79.30734,43.65691],[-79.30785,43.65672],[-79.30819,43.65645],[-79.30831,43.65617],[-79.30851,43.65599],[-79.30928,43.65591],[-79.3096,43.65607],[-79.31016,43.65615],[-79.31109,43.65598],[-79.31122,43.65588],[-79.31123,43.65552],[-79.31115,43.65539],[-79.31067,43.65517],[-79.31039,43.65518],[-79.31024,43.65545],[-79.30974,43.65546],[-79.30909,43.65488],[-79.30873,43.65425],[-79.3085,43.65417],[-79.30834,43.65436],[-79.3084,43.65475],[-79.30835,43.65523],[-79.30775,43.65621],[-79.30677,43.65661],[-79.3064,43.65662],[-79.30529,43.65644],[-79.30497,43.65667],[-79.30506,43.65702],[-79.30593,43.65791],[-79.3061,43.65859],[-79.30554,43.65934],[-79.30522,43.65942],[-79.30497,43.65987],[-79.30514,43.66013],[-79.30547,43.66033],[-79.306,43.66042],[-79.30594,43.66079],[-79.30471,43.66268],[-79.30376,43.66371],[-79.30346,43.66391],[-79.30316,43.66436],[-79.3025,43.66483],[-79.30238,43.66486],[-79.30223,43.66483],[-79.30224,43.66474],[-79.30206,43.66475],[-79.30141,43.66525],[-79.30104,43.66525],[-79.30057,43.66549],[-79.30039,43.66541],[-79.30017,43.66546],[-79.30015,43.6654],[-79.29976,43.66559],[-79.29937,43.66568],[-79.29918,43.66566],[-79.29905,43.66551],[-79.29844,43.6656],[-79.29815,43.66547],[-79.29707,43.66532],[-79.29515,43.66597],[-79.29498,43.66614],[-79.29476,43.66613],[-79.29361,43.66724],[-79.29308,43.66739],[-79.29267,43.6673],[-79.29249,43.66765],[-79.29223,43.66778],[-79.29187,43.66781],[-79.29152,43.66761],[-79.29146,43.66791],[-79.29136,43.66798],[-79.29004,43.66848],[-79.28965,43.66848],[-79.28948,43.66812],[-79.28934,43.66819],[-79.28936,43.66841],[-79.28923,43.66854],[-79.28899,43.66863],[-79.28857,43.66862],[-79.28823,43.66899],[-79.28778,43.66915],[-79.28729,43.66908],[-79.28707,43.66882],[-79.28683,43.6689],[-79.2868,43.66906],[-79.28657,43.6692],[-79.28602,43.66928],[-79.2858,43.66959],[-79.28551,43.66979],[-79.28506,43.6699],[-79.28493,43.66967],[-79.28424,43.67013],[-79.28339,43.6702],[-79.28308,43.67003],[-79.28326,43.66988],[-79.2832,43.66984],[-79.2828,43.67012],[-79.28259,43.67008],[-79.28233,43.67036],[-79.28182,43.67059],[-79.28164,43.6706],[-79.28141,43.67047],[-79.28152,43.67035],[-79.28146,43.67031],[-79.28071,43.67097],[-79.28036,43.67101],[-79.28028,43.67097],[-79.28035,43.6709],[-79.28032,43.67082],[-79.28005,43.67101],[-79.28011,43.67116],[-79.27993,43.6712],[-79.27985,43.67108],[-79.27971,43.67109],[-79.27969,43.67119],[-79.27842,43.67218],[-79.27802,43.67214],[-79.27762,43.67191],[-79.27756,43.67195],[-79.27774,43.67206],[-79.27774,43.67223],[-79.27736,43.67288],[-79.27703,43.67324],[-79.2769,43.67326],[-79.2769,43.67338],[-79.27653,43.67379],[-79.2761,43.67408],[-79.27591,43.67413],[-79.27566,43.67402],[-79.27564,43.67414],[-79.27599,43.67431],[-79.27584,43.67475],[-79.27537,43.67528],[-79.27483,43.67508],[-79.27515,43.67528],[-79.27517,43.67537],[-79.27515,43.67551],[-79.27478,43.67601],[-79.2744,43.67625],[-79.27401,43.67609],[-79.27429,43.67628],[-79.27429,43.6764],[-79.27368,43.67712],[-79.27349,43.67723],[-79.27311,43.67707],[-79.27339,43.67726],[-79.27306,43.67793],[-79.2727,43.67845],[-79.27226,43.67874],[-79.27181,43.6785],[-79.27177,43.67854],[-79.27218,43.67882],[-79.27211,43.679],[-79.2715,43.67967],[-79.27113,43.67989],[-79.27065,43.67971],[-79.27089,43.67994],[-79.27061,43.68045],[-79.27036,43.68056],[-79.27041,43.68064],[-79.27033,43.68077],[-79.27012,43.6809],[-79.26969,43.68076],[-79.26979,43.68085],[-79.2694,43.68158],[-79.26901,43.68208],[-79.2684,43.68256],[-79.26816,43.68251],[-79.26825,43.68261],[-79.26809,43.68305],[-79.26797,43.6832],[-79.26779,43.68328],[-79.26748,43.68317],[-79.2676,43.68328],[-79.26757,43.68348],[-79.26729,43.68385],[-79.26711,43.68395],[-79.26682,43.68384],[-79.2669,43.6839],[-79.26686,43.68411],[-79.26656,43.68462],[-79.26643,43.6846],[-79.2651,43.68573],[-79.26361,43.68672],[-79.26235,43.68802],[-79.26183,43.68873],[-79.26078,43.68979],[-79.2604,43.68967],[-79.26034,43.68973],[-79.26047,43.6898],[-79.26028,43.69026],[-79.26011,43.69043],[-79.25968,43.69037],[-79.25961,43.69045],[-79.25994,43.69057],[-79.25997,43.69071],[-79.25956,43.6912],[-79.2591,43.69105],[-79.25902,43.69111],[-79.2594,43.69128],[-79.25938,43.69153],[-79.25924,43.69174],[-79.25894,43.69196],[-79.2586,43.69179],[-79.25853,43.69185],[-79.25876,43.69197],[-79.25878,43.6921],[-79.2584,43.6927],[-79.25824,43.69276],[-79.25789,43.69261],[-79.25783,43.69268],[-79.25806,43.69277],[-79.25805,43.69294],[-79.25771,43.69346],[-79.25746,43.69359],[-79.25707,43.69338],[-79.257,43.69345],[-79.25717,43.69354],[-79.25684,43.69408],[-79.25658,43.69425],[-79.25625,43.69406],[-79.2562,43.69412],[-79.25627,43.69418],[-79.25592,43.69481],[-79.25559,43.69507],[-79.25367,43.69596],[-79.25352,43.69593],[-79.25334,43.69576],[-79.2533,43.6958],[-79.25339,43.69605],[-79.25318,43.69631],[-79.25172,43.69672],[-79.25013,43.69751],[-79.24997,43.69734],[-79.24988,43.69738],[-79.25006,43.69761],[-79.24954,43.69796],[-79.24932,43.69796],[-79.24911,43.6977],[-79.24903,43.69774],[-79.24922,43.69796],[-79.2489,43.69824],[-79.24846,43.69832],[-79.24825,43.69804],[-79.24817,43.69808],[-79.24832,43.69831],[-79.24817,43.69847],[-79.24799,43.69844],[-79.24498,43.69977],[-79.2438,43.70044],[-79.24386,43.70063],[-79.24378,43.70097],[-79.24332,43.7015],[-79.24325,43.70168],[-79.2433,43.70178],[-79.24303,43.70202],[-79.24194,43.70273],[-79.24105,43.70308],[-79.23994,43.70317],[-79.23925,43.70308],[-79.23884,43.70288],[-79.23865,43.70263],[-79.23805,43.70289],[-79.23803,43.70283],[-79.23829,43.70271],[-79.23839,43.70253],[-79.23907,43.70247],[-79.23919,43.7023],[-79.23914,43.70208],[-79.23896,43.70194],[-79.23867,43.70191],[-79.2384,43.70199],[-79.23826,43.70211],[-79.23827,43.7022],[-79.23799,43.70229],[-79.23731,43.70227],[-79.23682,43.7019],[-79.2366,43.70147],[-79.23638,43.7013],[-79.23592,43.70119],[-79.23568,43.70127],[-79.23548,43.70145],[-79.23546,43.70177],[-79.2357,43.702],[-79.23601,43.70205],[-79.23639,43.7024],[-79.23657,43.70304],[-79.23647,43.70352],[-79.23594,43.70441],[-79.23531,43.70482],[-79.23417,43.70536],[-79.23413,43.70547],[-79.23395,43.70537],[-79.23375,43.70575],[-79.2336,43.70577],[-79.2336,43.70586],[-79.23395,43.70614],[-79.23416,43.7062],[-79.23426,43.70634],[-79.23418,43.70642],[-79.23396,43.70636],[-79.23389,43.70642],[-79.23404,43.70666],[-79.23396,43.70671],[-79.23386,43.70663],[-79.23366,43.70675],[-79.23376,43.70683],[-79.23368,43.70689],[-79.23337,43.70676],[-79.2331,43.70692],[-79.23262,43.70666],[-79.23262,43.70652],[-79.23292,43.70595],[-79.2331,43.70586],[-79.23294,43.70567],[-79.23299,43.70558],[-79.2333,43.70548],[-79.23317,43.70525],[-79.23266,43.70532],[-79.2323,43.70515],[-79.23229,43.70488],[-79.23201,43.7048],[-79.2315,43.70527],[-79.23119,43.70535],[-79.23087,43.70532],[-79.22997,43.70511],[-79.22928,43.70473],[-79.22897,43.70466],[-79.22882,43.70496],[-79.22919,43.70555],[-79.22832,43.70691],[-79.22755,43.70712],[-79.22745,43.70722],[-79.22748,43.70734],[-79.22806,43.7073],[-79.22841,43.70743],[-79.22862,43.70739],[-79.22857,43.70719],[-79.22949,43.70595],[-79.2298,43.70589],[-79.231,43.70642],[-79.23104,43.70663],[-79.23181,43.7067],[-79.23341,43.70755],[-79.23338,43.70763],[-79.23325,43.7076],[-79.23319,43.70773],[-79.23332,43.70775],[-79.23327,43.70787],[-79.23318,43.70786],[-79.23302,43.70828],[-79.23327,43.70834],[-79.23292,43.70904],[-79.23302,43.70909],[-79.23301,43.70922],[-79.23272,43.70965],[-79.23176,43.71035],[-79.23123,43.71059],[-79.23073,43.71054],[-79.23022,43.71022],[-79.23002,43.71042],[-79.23036,43.71079],[-79.23057,43.71127],[-79.23047,43.71152],[-79.23006,43.712],[-79.22939,43.71254],[-79.22815,43.71264],[-79.22685,43.71243],[-79.22659,43.71231],[-79.2264,43.71207],[-79.22641,43.71169],[-79.22631,43.71119],[-79.22639,43.71082],[-79.22711,43.7088],[-79.22732,43.70864],[-79.22798,43.70839],[-79.22805,43.70823],[-79.22791,43.70806],[-79.22686,43.7081],[-79.2265,43.70801],[-79.22639,43.7078],[-79.22633,43.70732],[-79.22613,43.70723],[-79.22599,43.70729],[-79.22581,43.70813],[-79.22628,43.70847],[-79.22639,43.70871],[-79.22635,43.70898],[-79.22547,43.71069],[-79.22495,43.71086],[-79.22495,43.71107],[-79.22577,43.71172],[-79.22558,43.71216],[-79.2253,43.7122],[-79.2252,43.7123],[-79.22519,43.71241],[-79.22536,43.71255],[-79.22566,43.71256],[-79.22566,43.71266],[-79.22513,43.71397],[-79.22482,43.71502],[-79.22461,43.71541],[-79.22421,43.71579],[-79.22417,43.71633],[-79.22348,43.71749],[-79.22302,43.71849],[-79.22249,43.71923],[-79.22065,43.72088],[-79.21923,43.72199],[-79.21867,43.72219],[-79.2182,43.72199],[-79.21828,43.72188],[-79.21825,43.72181],[-79.21804,43.72193],[-79.2177,43.72179],[-79.21774,43.72172],[-79.21767,43.72168],[-79.21709,43.72219],[-79.21719,43.72226],[-79.21737,43.7221],[-79.21744,43.7222],[-79.21739,43.72265],[-79.21701,43.72328],[-79.21659,43.72352],[-79.21644,43.72345],[-79.21662,43.72329],[-79.21651,43.72324],[-79.21596,43.72371],[-79.21609,43.7238],[-79.21623,43.72366],[-79.21633,43.72377],[-79.21633,43.72393],[-79.21623,43.72424],[-79.21588,43.72475],[-79.21531,43.725],[-79.21512,43.72496],[-79.21533,43.72474],[-79.21522,43.72468],[-79.21477,43.72513],[-79.21482,43.72522],[-79.21493,43.72514],[-79.21504,43.7253],[-79.21474,43.72596],[-79.21444,43.72624],[-79.2141,43.72637],[-79.21401,43.72639],[-79.21399,43.72627],[-79.21408,43.72619],[-79.21402,43.72612],[-79.21385,43.72625],[-79.21397,43.72674],[-79.21351,43.72702],[-79.21335,43.72726],[-79.21309,43.72734],[-79.21308,43.7274],[-79.21319,43.7274],[-79.2122,43.72902],[-79.21185,43.7293],[-79.21152,43.72923],[-79.21135,43.72932],[-79.2113,43.72945],[-79.21141,43.7296],[-79.21116,43.72987],[-79.21069,43.7301],[-79.21021,43.7301],[-79.2101,43.73023],[-79.21009,43.73042],[-79.20977,43.73045],[-79.20975,43.73064],[-79.2101,43.73087],[-79.21013,43.73102],[-79.20965,43.73148],[-79.20924,43.73165],[-79.20905,43.73156],[-79.20883,43.73163],[-79.20876,43.73175],[-79.20892,43.73188],[-79.20867,43.73224],[-79.20839,43.73245],[-79.20776,43.7326],[-79.2078,43.73283],[-79.2079,43.73293],[-79.20751,43.73335],[-79.20728,43.73339],[-79.20707,43.73331],[-79.20673,43.73341],[-79.2068,43.73371],[-79.20642,43.73412],[-79.20617,43.73429],[-79.20571,43.73423],[-79.20564,43.73434],[-79.20568,43.73447],[-79.20557,43.73463],[-79.20505,43.73488],[-79.20223,43.73576],[-79.19736,43.73924],[-79.1962,43.74077],[-79.19571,43.74128],[-79.19545,43.74122],[-79.19519,43.74134],[-79.1952,43.74161],[-79.19369,43.74283],[-79.19249,43.74362],[-79.1923,43.74388],[-79.1913,43.74473],[-79.18966,43.74588],[-79.18871,43.74679],[-79.18742,43.74736],[-79.18603,43.74778],[-79.18581,43.74814],[-79.18163,43.75036],[-79.18083,43.75086],[-79.17951,43.75189],[-79.17737,43.75283],[-79.17526,43.754],[-79.17311,43.75482],[-79.17178,43.75523],[-79.17012,43.7559],[-79.16912,43.75617],[-79.16856,43.75621],[-79.16741,43.75679],[-79.1631,43.75765],[-79.16255,43.75767],[-79.16006,43.75852],[-79.15865,43.75884],[-79.15546,43.75911],[-79.15313,43.75905],[-79.15231,43.75948],[-79.15143,43.76019],[-79.15087,43.76081],[-79.14875,43.76347],[-79.14845,43.76398],[-79.14759,43.76436],[-79.14734,43.76472],[-79.14626,43.76572],[-79.14502,43.76636],[-79.14464,43.76647],[-79.14427,43.76674],[-79.14393,43.76729],[-79.14344,43.7678],[-79.14304,43.76817],[-79.14179,43.76904],[-79.14148,43.76915],[-79.14081,43.76909],[-79.14068,43.76899],[-79.14096,43.76874],[-79.14087,43.76869],[-79.14029,43.76917],[-79.14038,43.76923],[-79.14054,43.76911],[-79.14059,43.7692],[-79.14046,43.76927],[-79.14028,43.76967],[-79.14004,43.76998],[-79.13965,43.77026],[-79.13872,43.77052],[-79.13864,43.77042],[-79.13893,43.77014],[-79.13882,43.77008],[-79.13818,43.77068],[-79.13829,43.77076],[-79.13851,43.77058],[-79.1386,43.77075],[-79.13855,43.77105],[-79.13825,43.77136],[-79.13787,43.77158],[-79.13747,43.77164],[-79.13733,43.77153],[-79.13748,43.77137],[-79.13738,43.77132],[-79.13692,43.7718],[-79.13703,43.77187],[-79.1372,43.7717],[-79.1373,43.77177],[-79.13708,43.77232],[-79.13673,43.77276],[-79.13613,43.77297],[-79.13599,43.77289],[-79.13608,43.77274],[-79.13603,43.77268],[-79.13554,43.7731],[-79.13565,43.77317],[-79.13591,43.77301],[-79.13587,43.77341],[-79.13548,43.77394],[-79.13495,43.77416],[-79.13482,43.77412],[-79.13469,43.77395],[-79.13446,43.77387],[-79.13428,43.77386],[-79.13414,43.77395],[-79.134,43.77433],[-79.13409,43.77461],[-79.13374,43.77507],[-79.13377,43.77531],[-79.13408,43.7755],[-79.13378,43.77587],[-79.13338,43.77627],[-79.13293,43.77656],[-79.13271,43.77651],[-79.13274,43.77662],[-79.13178,43.7778],[-79.13114,43.77833],[-79.13028,43.77931],[-79.12999,43.7795],[-79.12892,43.78062],[-79.1285,43.78083],[-79.12827,43.78076],[-79.12776,43.78155],[-79.12689,43.78228],[-79.12672,43.78225],[-79.12685,43.7824],[-79.12667,43.78285],[-79.12596,43.78368],[-79.12545,43.78399],[-79.12505,43.78396],[-79.12518,43.7838],[-79.12512,43.78377],[-79.12461,43.78427],[-79.1247,43.78429],[-79.12488,43.78412],[-79.12496,43.78419],[-79.12471,43.78488],[-79.12443,43.7851],[-79.12422,43.78516],[-79.12406,43.78515],[-79.12417,43.785],[-79.1241,43.78497],[-79.12376,43.78541],[-79.1238,43.78545],[-79.12394,43.78531],[-79.12401,43.78545],[-79.12399,43.78564],[-79.12378,43.78596],[-79.12353,43.7862],[-79.12333,43.78618],[-79.12335,43.78611],[-79.12327,43.78607],[-79.12284,43.78646],[-79.12308,43.78644],[-79.12309,43.78653],[-79.12305,43.78681],[-79.12282,43.7872],[-79.12252,43.78742],[-79.12222,43.78739],[-79.12227,43.78729],[-79.12216,43.78726],[-79.12165,43.78773],[-79.12174,43.7878],[-79.12193,43.78768],[-79.12214,43.78785],[-79.12201,43.78789],[-79.122,43.78806],[-79.12169,43.78848],[-79.12142,43.78863],[-79.12122,43.78859],[-79.12128,43.78853],[-79.12117,43.78849],[-79.12072,43.78897],[-79.12082,43.789],[-79.12096,43.7889],[-79.12101,43.78898],[-79.12103,43.78917],[-79.12087,43.78954],[-79.12063,43.78982],[-79.12041,43.78994],[-79.12027,43.78995],[-79.12031,43.78984],[-79.1202,43.78978],[-79.11977,43.79037],[-79.11988,43.79041],[-79.12008,43.79017],[-79.12032,43.79032],[-79.12039,43.79068],[-79.12026,43.79105],[-79.11972,43.79162],[-79.1168,43.79411],[-79.11628,43.79427],[-79.11529,43.7948],[-79.11442,43.79496],[-79.1135,43.79589],[-79.11243,43.79681],[-79.11215,43.79696],[-79.11193,43.79698],[-79.11115,43.7976],[-79.11063,43.79777],[-79.11005,43.79829],[-79.10884,43.79847],[-79.10829,43.79904],[-79.10786,43.80012],[-79.10738,43.80072],[-79.10654,43.80139],[-79.10587,43.80226],[-79.10551,43.80252],[-79.10514,43.80302],[-79.10367,43.80454],[-79.10331,43.80479],[-79.10246,43.80563],[-79.10149,43.8063],[-79.10068,43.80669],[-79.09981,43.8076],[-79.09854,43.80866],[-79.09638,43.81011],[-79.09374,43.81147],[-79.09229,43.81197],[-79.09081,43.81231],[-79.08866,43.81246],[-79.08677,43.81239],[-79.08635,43.81043],[-79.08619,43.81043],[-79.0867,43.8127],[-79.08672,43.81362],[-79.08685,43.81362],[-79.08685,43.8134],[-79.08746,43.8134],[-79.08749,43.81331],[-79.08766,43.81324],[-79.08787,43.81328],[-79.08811,43.81315],[-79.08829,43.81324],[-79.08857,43.81308],[-79.08912,43.81299],[-79.0892,43.81308],[-79.08949,43.81309],[-79.09011,43.81288],[-79.09277,43.81231],[-79.09326,43.8121],[-79.09368,43.81211],[-79.09443,43.81173],[-79.09452,43.81196],[-79.09466,43.81179],[-79.09491,43.81175],[-79.09496,43.81163],[-79.09486,43.81156],[-79.09517,43.81156],[-79.09523,43.81171],[-79.09513,43.81171],[-79.09514,43.81176],[-79.09544,43.81179],[-79.09545,43.81158],[-79.09526,43.81146],[-79.09579,43.81134],[-79.09557,43.81153],[-79.09592,43.81173],[-79.09592,43.81181],[-79.09578,43.81192],[-79.09545,43.81187],[-79.09519,43.81197],[-79.0951,43.81206],[-79.09511,43.8123],[-79.09555,43.81253],[-79.09571,43.81291],[-79.09557,43.81301],[-79.09576,43.81308],[-79.09631,43.81307],[-79.09633,43.81321],[-79.09575,43.81333],[-79.09602,43.81367],[-79.09651,43.81373],[-79.09652,43.81391],[-79.09706,43.81515],[-79.09727,43.81511],[-79.09728,43.81605],[-79.09738,43.81633],[-79.09732,43.81681],[-79.09744,43.81698],[-79.09716,43.81703],[-79.09678,43.8174],[-79.09656,43.8183],[-79.09667,43.81858],[-79.09709,43.81867],[-79.09679,43.8187],[-79.09669,43.81893],[-79.09636,43.81928],[-79.09651,43.82029],[-79.09639,43.82073],[-79.09616,43.82081],[-79.09623,43.821],[-79.09651,43.82119],[-79.0975,43.82109],[-79.09753,43.82152],[-79.09794,43.82184],[-79.09795,43.82211],[-79.09816,43.82228],[-79.09774,43.82292],[-79.09782,43.82298],[-79.09792,43.82299],[-79.09836,43.82235],[-79.09873,43.82224],[-79.09911,43.82225],[-79.09874,43.82229],[-79.09837,43.82243],[-79.09809,43.82295],[-79.09766,43.82348],[-79.09734,43.82369],[-79.09686,43.82385],[-79.09635,43.8238],[-79.0961,43.82391],[-79.096,43.82413],[-79.09581,43.82413],[-79.09572,43.82402],[-79.09549,43.82396],[-79.09544,43.82414],[-79.09506,43.82404],[-79.09478,43.82351],[-79.09473,43.82367],[-79.09457,43.82344],[-79.09457,43.8231],[-79.09437,43.82297],[-79.09279,43.82328],[-79.09264,43.82319],[-79.09241,43.82275],[-79.09253,43.82271],[-79.09248,43.82251],[-79.09234,43.82249],[-79.0923,43.82223],[-79.0926,43.82194],[-79.09247,43.8219],[-79.0923,43.82198],[-79.09219,43.82194],[-79.09204,43.82253],[-79.0914,43.82267],[-79.09173,43.82245],[-79.09184,43.82207],[-79.09165,43.82205],[-79.09105,43.82261],[-79.09108,43.82299],[-79.09068,43.82309],[-79.09072,43.82297],[-79.09099,43.82294],[-79.09092,43.82271],[-79.09099,43.82254],[-79.09163,43.82158],[-79.09099,43.82145],[-79.09085,43.82131],[-79.09083,43.82106],[-79.09021,43.82063],[-79.09032,43.82058],[-79.09083,43.82073],[-79.09107,43.82098],[-79.0911,43.82117],[-79.09167,43.82126],[-79.09189,43.82123],[-79.09214,43.82106],[-79.09172,43.8207],[-79.09159,43.82043],[-79.09122,43.8204],[-79.09113,43.82049],[-79.09109,43.82037],[-79.09094,43.82039],[-79.09084,43.82052],[-79.09077,43.82048],[-79.09093,43.82026],[-79.09089,43.82016],[-79.09058,43.82009],[-79.09094,43.82009],[-79.0907,43.81978],[-79.09047,43.81974],[-79.09001,43.81991],[-79.08993,43.82023],[-79.08982,43.8203],[-79.08966,43.82015],[-79.08947,43.82014],[-79.08975,43.81987],[-79.0896,43.81964],[-79.08985,43.81965],[-79.09058,43.81943],[-79.09055,43.81918],[-79.08981,43.81927],[-79.08945,43.81911],[-79.08957,43.81895],[-79.09026,43.8187],[-79.09027,43.81857],[-79.09012,43.81849],[-79.08962,43.81858],[-79.08944,43.81872],[-79.08897,43.81852],[-79.08829,43.818],[-79.08796,43.81808],[-79.08788,43.81788],[-79.08754,43.81776],[-79.08704,43.81773],[-79.08693,43.81762],[-79.08658,43.81769],[-79.08644,43.81722],[-79.08672,43.81713],[-79.08664,43.81695],[-79.086,43.81672],[-79.0859,43.81675],[-79.08576,43.81661],[-79.08547,43.81655],[-79.08529,43.81635],[-79.08464,43.81597],[-79.08456,43.81602],[-79.08426,43.81567],[-79.08416,43.81566],[-79.08361,43.8149],[-79.08328,43.81499],[-79.08313,43.81478],[-79.0832,43.81472],[-79.08305,43.81448],[-79.08222,43.81371],[-79.08211,43.81376],[-79.08191,43.81368],[-79.08185,43.81375],[-79.08176,43.81357],[-79.08132,43.81368],[-79.08115,43.81331],[-79.08072,43.81339],[-79.08052,43.81299],[-79.08028,43.813],[-79.0799,43.81314],[-79.07898,43.8132],[-79.07894,43.81363],[-79.07881,43.81388],[-79.07887,43.81405],[-79.07875,43.81399],[-79.0787,43.8137],[-79.07849,43.81375],[-79.07848,43.81384],[-79.07857,43.81386],[-79.07859,43.81398],[-79.07875,43.81409],[-79.07873,43.81419],[-79.07881,43.81426],[-79.07879,43.81435],[-79.07871,43.81436],[-79.07883,43.81448],[-79.07862,43.81442],[-79.07837,43.81403],[-79.078,43.814],[-79.0781,43.81413],[-79.07801,43.81408],[-79.07796,43.81416],[-79.07795,43.81395],[-79.07785,43.81379],[-79.07761,43.81376],[-79.07761,43.8136],[-79.07717,43.81363],[-79.07718,43.81351],[-79.07691,43.81344],[-79.07684,43.81336],[-79.07697,43.81321],[-79.07697,43.81293],[-79.07671,43.8129],[-79.07659,43.81298],[-79.07654,43.81309],[-79.07665,43.81328],[-79.07661,43.81339],[-79.07638,43.81349],[-79.0764,43.81355],[-79.07685,43.81355],[-79.07653,43.81367],[-79.07688,43.81384],[-79.07716,43.8138],[-79.07723,43.81386],[-79.07722,43.81394],[-79.07705,43.81391],[-79.07696,43.814],[-79.07702,43.8141],[-79.07696,43.81418],[-79.07683,43.81419],[-79.07673,43.8141],[-79.07683,43.81397],[-79.07669,43.81386],[-79.07648,43.81395],[-79.07657,43.81399],[-79.07651,43.81411],[-79.07671,43.81425],[-79.07668,43.81438],[-79.07643,43.81451],[-79.07659,43.81468],[-79.07639,43.81479],[-79.07645,43.81489],[-79.07718,43.81507],[-79.07731,43.81512],[-79.07741,43.81534],[-79.07765,43.81531],[-79.07795,43.8155],[-79.0782,43.81556],[-79.07867,43.81547],[-79.07895,43.81527],[-79.07914,43.81543],[-79.0791,43.81588],[-79.07881,43.81607],[-79.07862,43.81608],[-79.07851,43.81605],[-79.0785,43.8159],[-79.07834,43.81577],[-79.07741,43.81559],[-79.0772,43.81537],[-79.07671,43.81529],[-79.07663,43.81543],[-79.07692,43.81579],[-79.07715,43.81591],[-79.07734,43.81634],[-79.07723,43.8165],[-79.07721,43.81674],[-79.07674,43.8172],[-79.07685,43.8173],[-79.07667,43.81752],[-79.07599,43.8177],[-79.07587,43.81786],[-79.07572,43.81787],[-79.07553,43.81802],[-79.07563,43.81832],[-79.07583,43.81853],[-79.07529,43.81811],[-79.07446,43.8183],[-79.07395,43.81846],[-79.07307,43.81896],[-79.07219,43.81924],[-79.07196,43.81922],[-79.07177,43.81935],[-79.07161,43.81964],[-79.07149,43.81961],[-79.07167,43.81928],[-79.07183,43.81914],[-79.07215,43.81914],[-79.07243,43.81902],[-79.07236,43.81888],[-79.07244,43.81854],[-79.07306,43.8185],[-79.07381,43.81821],[-79.07498,43.81748],[-79.07576,43.81676],[-79.07559,43.81656],[-79.0757,43.81642],[-79.07565,43.81633],[-79.07541,43.81624],[-79.07475,43.81571],[-79.07475,43.81554],[-79.07457,43.81543],[-79.07479,43.81537],[-79.07473,43.81504],[-79.07457,43.81497],[-79.07436,43.81452],[-79.07431,43.81399],[-79.07444,43.81383],[-79.07486,43.81354],[-79.07515,43.81354],[-79.07524,43.81347],[-79.07521,43.81326],[-79.07529,43.81309],[-79.07509,43.81279],[-79.07517,43.81254],[-79.07508,43.81248],[-79.07517,43.81219],[-79.0751,43.81194],[-79.07578,43.81188],[-79.07638,43.81196],[-79.07637,43.81205],[-79.07647,43.81198],[-79.07814,43.81244],[-79.08,43.8127],[-79.08021,43.81281],[-79.08066,43.81275],[-79.08197,43.81282],[-79.08215,43.8129],[-79.08517,43.81269],[-79.08539,43.81283],[-79.0855,43.81348],[-79.08592,43.81345],[-79.08613,43.8125],[-79.08565,43.81051],[-79.08552,43.81053],[-79.08558,43.81082],[-79.08549,43.81084],[-79.08552,43.81105],[-79.08562,43.81104],[-79.08582,43.81184],[-79.08484,43.81217],[-79.08331,43.81244],[-79.08061,43.81243],[-79.07877,43.81222],[-79.07329,43.81118],[-79.07238,43.81088],[-79.07193,43.81085],[-79.07141,43.8114],[-79.0713,43.81137],[-79.07138,43.81127],[-79.07109,43.81113],[-79.07151,43.81067],[-79.07134,43.81056],[-79.07148,43.81019],[-79.07188,43.8101],[-79.07196,43.80994],[-79.07173,43.80987],[-79.07185,43.80929],[-79.0716,43.80911],[-79.07043,43.80895],[-79.0704,43.80879],[-79.07044,43.80829],[-79.07114,43.80638],[-79.07099,43.80622],[-79.07083,43.80632],[-79.07024,43.80779],[-79.07007,43.80894],[-79.06808,43.80841],[-79.0669,43.80828],[-79.06531,43.80796],[-79.06509,43.80809],[-79.06498,43.80837],[-79.06377,43.80811],[-79.06396,43.8076],[-79.0642,43.80723],[-79.06465,43.80711],[-79.06921,43.80796],[-79.06989,43.80613],[-79.06981,43.80602],[-79.06968,43.80611],[-79.06912,43.80748],[-79.06886,43.80757],[-79.06107,43.80599],[-79.06061,43.80614],[-79.06042,43.80634],[-79.06036,43.80655],[-79.06085,43.80832],[-79.06082,43.80844],[-79.06092,43.80865],[-79.06118,43.8087],[-79.06107,43.80872],[-79.06116,43.80896],[-79.06111,43.80911],[-79.06079,43.80918],[-79.06084,43.80933],[-79.06068,43.80932],[-79.06032,43.80846],[-79.06032,43.80831],[-79.06012,43.80821],[-79.05996,43.80779],[-79.0598,43.80774],[-79.05849,43.8082],[-79.05773,43.80831],[-79.05481,43.80919],[-79.054,43.80958],[-79.05275,43.81048],[-79.05163,43.81145],[-79.05114,43.81168],[-79.04922,43.81309],[-79.0482,43.8137],[-79.04711,43.81434],[-79.04615,43.81478],[-79.04366,43.81577],[-79.04174,43.81598],[-79.03581,43.81603],[-79.03555,43.8162],[-79.03523,43.81662],[-79.03376,43.81665],[-79.02784,43.81636],[-79.02584,43.81602],[-79.02499,43.81577],[-79.02403,43.81581],[-79.02357,43.81597],[-79.02177,43.81708],[-79.02018,43.81773],[-79.01893,43.81805],[-79.01781,43.81862],[-79.01761,43.81861],[-79.01752,43.81873],[-79.01745,43.8187],[-79.01711,43.81893],[-79.01618,43.81934],[-79.01446,43.81974],[-79.01361,43.81971],[-79.01303,43.81954],[-79.0126,43.81958],[-79.01169,43.8195],[-79.01112,43.81962],[-79.01029,43.82023],[-79.0098,43.82044],[-79.00978,43.82053],[-79.00865,43.82112],[-79.00782,43.82167],[-79.00688,43.82203],[-79.00674,43.82223],[-79.00684,43.82238],[-79.00676,43.82239],[-79.00669,43.82225],[-79.00687,43.82203],[-79.00652,43.82216],[-79.0052,43.82298],[-79.00327,43.8238],[-79.00255,43.82427],[-79.00167,43.82471],[-79.00097,43.82496],[-79.00029,43.82505],[-78.99975,43.82522],[-78.99917,43.82569],[-78.9983,43.82616],[-78.99592,43.82697],[-78.99453,43.82729],[-78.99378,43.82735],[-78.98697,43.82738],[-78.98646,43.82717],[-78.98581,43.82729],[-78.98551,43.82726],[-78.98547,43.82735],[-78.98581,43.82744],[-78.98626,43.8274],[-78.9877,43.82818],[-78.98831,43.8283],[-78.9885,43.82841],[-78.98923,43.82959],[-78.98914,43.82982],[-78.98883,43.83005],[-78.98894,43.8301],[-78.98927,43.83004],[-78.98973,43.83031],[-78.98884,43.83024],[-78.98853,43.82987],[-78.98842,43.82984],[-78.98833,43.8299],[-78.98836,43.83001],[-78.98851,43.83024],[-78.9884,43.83016],[-78.98814,43.83016],[-78.98814,43.83031],[-78.9884,43.83042],[-78.98946,43.83047],[-78.98971,43.83056],[-78.99008,43.83106],[-78.98953,43.83099],[-78.98951,43.83067],[-78.98938,43.83062],[-78.98901,43.8306],[-78.98878,43.83076],[-78.98807,43.83051],[-78.98789,43.83024],[-78.98785,43.82984],[-78.98752,43.82964],[-78.98723,43.8298],[-78.98658,43.82962],[-78.98583,43.82975],[-78.98543,43.82934],[-78.98436,43.82865],[-78.9843,43.82857],[-78.9844,43.82838],[-78.98426,43.82796],[-78.98387,43.82753],[-78.98352,43.82749],[-78.98344,43.82736],[-78.98416,43.82719],[-78.98473,43.82728],[-78.98487,43.82745],[-78.98517,43.82743],[-78.98525,43.82727],[-78.98599,43.82713],[-78.98365,43.82713],[-78.98322,43.82721],[-78.98141,43.82786],[-78.98054,43.8279],[-78.97706,43.82942],[-78.97266,43.83183],[-78.9712,43.83308],[-78.97001,43.8339],[-78.96954,43.83433],[-78.96815,43.8361],[-78.96701,43.8372],[-78.96586,43.8381],[-78.96567,43.83846],[-78.96518,43.83893],[-78.96175,43.84169],[-78.9561,43.84443],[-78.95547,43.84467],[-78.95371,43.84505],[-78.95312,43.84505],[-78.95287,43.84522],[-78.95193,43.84535],[-78.95099,43.84569],[-78.94958,43.84582],[-78.94922,43.84582],[-78.94916,43.84574],[-78.94551,43.8462],[-78.94475,43.84617],[-78.94405,43.84581],[-78.94364,43.84583],[-78.94229,43.84644],[-78.94143,43.84669],[-78.94067,43.84713],[-78.93934,43.8485],[-78.93887,43.84929],[-78.9386,43.84952],[-78.93678,43.85049],[-78.93537,43.85107],[-78.93404,43.85123],[-78.9291,43.85149],[-78.9286,43.85093],[-78.92837,43.84984],[-78.92845,43.84982],[-78.92832,43.84912],[-78.92815,43.84901],[-78.92832,43.84979],[-78.92822,43.8498],[-78.92844,43.8509],[-78.92902,43.85156],[-78.93244,43.85134],[-78.93253,43.85148],[-78.9327,43.85248],[-78.9331,43.85273],[-78.93319,43.85266],[-78.93281,43.85247],[-78.9327,43.85173],[-78.93563,43.85154],[-78.93581,43.85193],[-78.93563,43.85228],[-78.93592,43.85238],[-78.93615,43.85199],[-78.93607,43.85198],[-78.93644,43.8514],[-78.93665,43.85134],[-78.93686,43.8514],[-78.93694,43.85151],[-78.93661,43.852],[-78.93679,43.8521],[-78.93689,43.85199],[-78.93733,43.85244],[-78.93795,43.85287],[-78.93784,43.85306],[-78.93823,43.85314],[-78.93831,43.85301],[-78.93851,43.85307],[-78.9393,43.85448],[-78.94017,43.85537],[-78.9399,43.85637],[-78.93967,43.85686],[-78.93959,43.85732],[-78.93984,43.85793],[-78.93924,43.85848],[-78.93865,43.85889],[-78.93787,43.85832],[-78.93738,43.85707],[-78.93722,43.85687],[-78.93643,43.85632],[-78.93569,43.85649],[-78.93575,43.85671],[-78.93559,43.85649],[-78.9354,43.85653],[-78.93533,43.85665],[-78.93442,43.85685],[-78.93417,43.85698],[-78.93356,43.85703],[-78.93305,43.85702],[-78.9325,43.8569],[-78.93222,43.85637],[-78.93163,43.85644],[-78.93138,43.85656],[-78.93139,43.8569],[-78.93124,43.8571],[-78.93059,43.85727],[-78.93004,43.8577],[-78.92978,43.85782],[-78.92964,43.85805],[-78.92963,43.85833],[-78.92944,43.85879],[-78.92965,43.859],[-78.92966,43.85944],[-78.92943,43.85939],[-78.92952,43.85906],[-78.92945,43.85895],[-78.92933,43.859],[-78.92899,43.85955],[-78.92895,43.85992],[-78.92886,43.86006],[-78.92892,43.86033],[-78.92917,43.8606],[-78.92922,43.86081],[-78.92902,43.86132],[-78.92921,43.86175],[-78.92905,43.86203],[-78.92884,43.86304],[-78.9287,43.86295],[-78.92891,43.8621],[-78.92912,43.86176],[-78.92893,43.86154],[-78.92889,43.86129],[-78.92902,43.86075],[-78.92872,43.86031],[-78.92865,43.8598],[-78.92869,43.85957],[-78.92932,43.85841],[-78.92932,43.85776],[-78.92912,43.85769],[-78.92912,43.85761],[-78.92922,43.8575],[-78.9297,43.85736],[-78.92981,43.85687],[-78.92997,43.85671],[-78.93068,43.85628],[-78.93087,43.85627],[-78.93109,43.85604],[-78.93187,43.8563],[-78.93229,43.85614],[-78.93302,43.85608],[-78.9351,43.85554],[-78.93494,43.85509],[-78.93465,43.85498],[-78.9345,43.85462],[-78.93288,43.85425],[-78.93266,43.85407],[-78.93197,43.85398],[-78.93181,43.8538],[-78.93127,43.85373],[-78.93107,43.85386],[-78.93015,43.85286],[-78.92869,43.85253],[-78.92763,43.85171],[-78.92717,43.84996],[-78.92709,43.84997],[-78.92731,43.85101],[-78.92587,43.85102],[-78.92233,43.85036],[-78.92059,43.84991],[-78.91429,43.84815],[-78.91359,43.84802],[-78.91331,43.84788],[-78.9112,43.84725],[-78.91027,43.84681],[-78.90934,43.84666],[-78.90832,43.84662],[-78.90739,43.84622],[-78.90706,43.84617],[-78.90485,43.84619],[-78.90322,43.84595],[-78.90284,43.84587],[-78.90256,43.84567],[-78.90208,43.8455],[-78.90068,43.84631],[-78.9006,43.84642],[-78.90062,43.84657],[-78.90087,43.84692],[-78.90072,43.84739],[-78.90074,43.84764],[-78.90047,43.84806],[-78.89806,43.85003],[-78.89656,43.85104],[-78.89434,43.85218],[-78.89254,43.85284],[-78.89137,43.85311],[-78.88928,43.8534],[-78.88809,43.85346],[-78.88733,43.85344],[-78.88561,43.8532],[-78.88526,43.85323],[-78.88282,43.85277],[-78.87884,43.85181],[-78.87613,43.85151],[-78.87507,43.85121],[-78.87247,43.85096],[-78.87135,43.85064],[-78.8699,43.85033],[-78.86961,43.85034],[-78.86854,43.85112],[-78.86788,43.85135],[-78.86585,43.85175],[-78.86243,43.8528],[-78.85556,43.85433],[-78.85313,43.8545],[-78.85137,43.85479],[-78.85093,43.85479],[-78.84896,43.85528],[-78.84818,43.8553],[-78.84724,43.85548],[-78.84602,43.85598],[-78.84527,43.85609],[-78.84383,43.85651],[-78.84252,43.85737],[-78.84212,43.85756],[-78.84143,43.85772],[-78.83866,43.85816],[-78.83445,43.85827],[-78.83334,43.85838],[-78.83286,43.8583],[-78.83201,43.85784],[-78.83161,43.85786],[-78.83139,43.85796],[-78.83113,43.85826],[-78.83074,43.85846],[-78.83059,43.85866],[-78.83056,43.85883],[-78.83108,43.85925],[-78.8311,43.85949],[-78.83073,43.86003],[-78.83059,43.86003],[-78.83066,43.8601],[-78.83053,43.86034],[-78.83012,43.86081],[-78.82919,43.86158],[-78.82836,43.86195],[-78.82825,43.86195],[-78.8282,43.86186],[-78.82801,43.86194],[-78.82819,43.86205],[-78.82807,43.86221],[-78.82777,43.86229],[-78.82764,43.8622],[-78.8275,43.86222],[-78.8275,43.86231],[-78.82763,43.86232],[-78.82758,43.86244],[-78.82718,43.86262],[-78.82706,43.86258],[-78.8271,43.86251],[-78.82698,43.86251],[-78.82691,43.8626],[-78.82701,43.8626],[-78.82704,43.8627],[-78.82674,43.86296],[-78.82651,43.863],[-78.82637,43.86292],[-78.82641,43.86285],[-78.8263,43.86287],[-78.82622,43.86296],[-78.82658,43.86313],[-78.82648,43.86341],[-78.82543,43.86426],[-78.82321,43.86523],[-78.82226,43.86416],[-78.82219,43.86419],[-78.82438,43.86669],[-78.82602,43.86592],[-78.82956,43.86785],[-78.82995,43.86748],[-78.83007,43.86756],[-78.83017,43.86765],[-78.82966,43.86815],[-78.82922,43.86815],[-78.82843,43.86786],[-78.82836,43.86791],[-78.82878,43.86807],[-78.83111,43.86932],[-78.83022,43.87029],[-78.82927,43.86984],[-78.82995,43.86905],[-78.82968,43.86887],[-78.8289,43.86959],[-78.82818,43.86924],[-78.82891,43.86852],[-78.82869,43.86848],[-78.82858,43.8686],[-78.82848,43.86854],[-78.82855,43.86841],[-78.8284,43.86855],[-78.82853,43.86861],[-78.82797,43.86913],[-78.8276,43.86892],[-78.8283,43.86827],[-78.82793,43.86807],[-78.82779,43.86822],[-78.82766,43.86814],[-78.82797,43.86783],[-78.82785,43.86776],[-78.82741,43.86799],[-78.82691,43.86855],[-78.82695,43.86889],[-78.82683,43.86938],[-78.82662,43.86955],[-78.82633,43.86969],[-78.82591,43.86966],[-78.8255,43.86976],[-78.8249,43.86961],[-78.8246,43.86946],[-78.82468,43.86943],[-78.82465,43.86937],[-78.82453,43.86942],[-78.82396,43.86877],[-78.82432,43.86859],[-78.82423,43.86848],[-78.82378,43.8686],[-78.82375,43.86825],[-78.82393,43.86817],[-78.82128,43.86523],[-78.82101,43.86485],[-78.82119,43.86475],[-78.82115,43.86467],[-78.81949,43.86545],[-78.81929,43.86592],[-78.81915,43.86725],[-78.8184,43.86866],[-78.81665,43.86887],[-78.81461,43.86941],[-78.81374,43.86945],[-78.81297,43.86961],[-78.81242,43.86962],[-78.81021,43.86994],[-78.80742,43.86979],[-78.805,43.86934],[-78.80117,43.8684],[-78.79887,43.86764],[-78.79723,43.8673],[-78.79686,43.86764],[-78.79633,43.86786],[-78.79628,43.86796],[-78.79577,43.86798],[-78.79575,43.86777],[-78.79552,43.86759],[-78.79459,43.86746],[-78.79385,43.86745],[-78.7933,43.86754],[-78.79197,43.86798],[-78.78884,43.86878],[-78.78692,43.86921],[-78.78262,43.86947],[-78.77932,43.86919],[-78.77589,43.86837],[-78.77303,43.86826],[-78.77143,43.8684],[-78.77116,43.86835],[-78.77104,43.86823],[-78.76999,43.86838],[-78.76709,43.86854],[-78.7642,43.86839],[-78.7605,43.86845],[-78.75806,43.86838],[-78.75561,43.86805],[-78.75388,43.86798],[-78.75269,43.86804],[-78.75162,43.8682],[-78.74888,43.86835],[-78.74611,43.86885],[-78.74323,43.86953],[-78.74034,43.86975],[-78.73851,43.86999],[-78.73784,43.87],[-78.73488,43.86982],[-78.73488,43.86974],[-78.7337,43.8696],[-78.73189,43.86949],[-78.7317,43.8694],[-78.73129,43.86818],[-78.72992,43.86789],[-78.72982,43.86795],[-78.72969,43.86866],[-78.72927,43.86877],[-78.72923,43.86803],[-78.72934,43.86775],[-78.72524,43.86689],[-78.7144,43.8672],[-78.71155,43.86763],[-78.70924,43.86903],[-78.70817,43.86948],[-78.70536,43.87032],[-78.70465,43.87078],[-78.70294,43.87147],[-78.70126,43.87245],[-78.70087,43.87287],[-78.70029,43.87331],[-78.70013,43.87354],[-78.69915,43.874],[-78.69787,43.87459],[-78.69661,43.87499],[-78.69513,43.87515],[-78.69482,43.87493],[-78.69486,43.87472],[-78.69446,43.87464],[-78.68973,43.87122],[-78.68935,43.87121],[-78.68856,43.87164],[-78.68856,43.8719],[-78.69139,43.87556],[-78.69132,43.87575],[-78.69107,43.87572],[-78.68991,43.87452],[-78.68982,43.87425],[-78.6891,43.87381],[-78.68858,43.87391],[-78.68802,43.87417],[-78.68653,43.87251],[-78.6862,43.87238],[-78.68461,43.87282],[-78.68238,43.87365],[-78.68233,43.87381],[-78.68325,43.8747],[-78.68398,43.8781],[-78.68395,43.87829],[-78.68108,43.88015],[-78.68068,43.88097],[-78.68044,43.88128],[-78.6796,43.88212],[-78.67914,43.88277],[-78.67777,43.88396],[-78.67702,43.88457],[-78.67626,43.88505],[-78.67486,43.88578],[-78.67231,43.88672],[-78.67049,43.88721],[-78.66798,43.88762],[-78.6666,43.88774],[-78.66455,43.88765],[-78.66399,43.88801],[-78.66401,43.88815],[-78.66387,43.88845],[-78.66395,43.88853],[-78.6634,43.88894],[-78.66131,43.88968],[-78.66101,43.88969],[-78.65809,43.89095],[-78.65628,43.89124],[-78.65427,43.89188],[-78.65237,43.8921],[-78.64853,43.89215],[-78.64764,43.89237],[-78.64476,43.8925],[-78.64313,43.8924],[-78.64147,43.89242],[-78.63907,43.89264],[-78.63721,43.89294],[-78.63621,43.89294],[-78.63525,43.8935],[-78.63439,43.89372],[-78.63407,43.89444],[-78.633,43.89522],[-78.63238,43.89539],[-78.63008,43.89572],[-78.62866,43.89607],[-78.62723,43.89628],[-78.62559,43.89667],[-78.62279,43.89681],[-78.62215,43.89713],[-78.62147,43.8973],[-78.62124,43.89759],[-78.61933,43.89833],[-78.61745,43.89862],[-78.61299,43.89899],[-78.61023,43.89892],[-78.60716,43.89838],[-78.60577,43.89796],[-78.60247,43.89654],[-78.5992,43.89596],[-78.59779,43.89581],[-78.59682,43.89583],[-78.59649,43.89572],[-78.59468,43.89613],[-78.59239,43.89633],[-78.5918,43.89628],[-78.58963,43.8958],[-78.58609,43.8953],[-78.58166,43.89528],[-78.58038,43.89532],[-78.57955,43.89546],[-78.57672,43.89549],[-78.57632,43.8958],[-78.57613,43.89584],[-78.57633,43.89619],[-78.57635,43.89645],[-78.57586,43.89691],[-78.57517,43.89721],[-78.57406,43.8974],[-78.57315,43.89742],[-78.57142,43.89722],[-78.56843,43.8966],[-78.56639,43.89611],[-78.56581,43.89589],[-78.56544,43.89566],[-78.56338,43.89507],[-78.56232,43.89504],[-78.56104,43.89535],[-78.55877,43.89538],[-78.55813,43.89567],[-78.55692,43.8959],[-78.55584,43.89633],[-78.55503,43.89641],[-78.55229,43.89644],[-78.54901,43.8962],[-78.54865,43.89607],[-78.54827,43.89624],[-78.54668,43.89626],[-78.54331,43.89624],[-78.5411,43.89608],[-78.53894,43.89653],[-78.53812,43.89659],[-78.53735,43.89697],[-78.53551,43.89748],[-78.535,43.89743],[-78.53464,43.89764],[-78.53402,43.89776],[-78.53173,43.89794],[-78.53069,43.8982],[-78.52853,43.89833],[-78.52761,43.89829],[-78.52689,43.89854],[-78.52624,43.89865],[-78.52435,43.89883],[-78.52341,43.89902],[-78.52249,43.89909],[-78.52151,43.89905],[-78.52015,43.89939],[-78.51953,43.89945],[-78.51515,43.89943],[-78.51403,43.89948],[-78.51183,43.8998],[-78.51002,43.89989],[-78.50854,43.89981],[-78.50676,43.90006],[-78.50507,43.9004],[-78.50225,43.90068],[-78.4974,43.90018],[-78.49719,43.89997],[-78.49695,43.89999],[-78.49165,43.89873],[-78.49031,43.89823],[-78.48905,43.89765],[-78.48719,43.8971],[-78.48603,43.89685],[-78.48495,43.89677],[-78.48352,43.89647],[-78.48259,43.89658],[-78.48189,43.89655],[-78.48015,43.89696],[-78.47958,43.8972],[-78.47804,43.89753],[-78.47442,43.89857],[-78.47235,43.89899],[-78.47119,43.8991],[-78.46944,43.89943],[-78.46752,43.90001],[-78.46611,43.90055],[-78.46578,43.90081],[-78.46454,43.90134],[-78.46279,43.90236],[-78.46009,43.90325],[-78.4591,43.90348],[-78.45618,43.90439],[-78.45461,43.90498],[-78.45398,43.9056],[-78.45312,43.90625],[-78.4516,43.90725],[-78.45075,43.90761],[-78.44972,43.90791],[-78.44716,43.90925],[-78.44555,43.90979],[-78.44249,43.91064],[-78.43586,43.91226],[-78.4312,43.91303],[-78.427,43.91336],[-78.42492,43.91342],[-78.42254,43.9131],[-78.42092,43.91299],[-78.41881,43.9132],[-78.41556,43.91332],[-78.41434,43.91345],[-78.41204,43.91408],[-78.41014,43.91498],[-78.40799,43.91646],[-78.40617,43.91739],[-78.40155,43.91879],[-78.40019,43.91911],[-78.39741,43.91952],[-78.39649,43.91988],[-78.39571,43.92006],[-78.39461,43.9205],[-78.39459,43.92063],[-78.39437,43.92072],[-78.39165,43.92134],[-78.39087,43.92175],[-78.38947,43.92281],[-78.38804,43.92361],[-78.38702,43.92434],[-78.38456,43.92566],[-78.38331,43.92643],[-78.38258,43.92677],[-78.38213,43.92708],[-78.37907,43.92865],[-78.37725,43.92921],[-78.37563,43.9295],[-78.37141,43.93003],[-78.36939,43.93018],[-78.36833,43.93008],[-78.36694,43.93032],[-78.36275,43.93042],[-78.3619,43.93075],[-78.35738,43.93086],[-78.35431,43.93127],[-78.34975,43.93116],[-78.34828,43.93136],[-78.34701,43.93143],[-78.34483,43.93185],[-78.34375,43.93193],[-78.34219,43.93246],[-78.34136,43.93288],[-78.33926,43.93348],[-78.3388,43.93381],[-78.33858,43.93413],[-78.3376,43.93508],[-78.33561,43.93628],[-78.33224,43.93788],[-78.33165,43.93806],[-78.33082,43.93818],[-78.32887,43.93835],[-78.32648,43.93832],[-78.325,43.93854],[-78.32312,43.93863],[-78.32185,43.93882],[-78.31636,43.93934],[-78.31367,43.93999],[-78.31128,43.94031],[-78.30976,43.9404],[-78.30614,43.94037],[-78.30313,43.94052],[-78.30148,43.94106],[-78.29977,43.9415],[-78.29879,43.94165],[-78.2961,43.94162],[-78.29374,43.94135],[-78.29253,43.94089],[-78.29352,43.9403],[-78.2935,43.94023],[-78.29214,43.94098],[-78.29132,43.94078],[-78.29107,43.94007],[-78.29098,43.94007],[-78.29118,43.94084],[-78.2915,43.94098],[-78.29138,43.94109],[-78.29333,43.94426],[-78.29426,43.94397],[-78.29522,43.94563],[-78.29373,43.94604],[-78.29143,43.94195],[-78.29084,43.9421],[-78.29116,43.94359],[-78.29188,43.94525],[-78.29166,43.94532],[-78.29197,43.94602],[-78.29169,43.94608],[-78.29158,43.94585],[-78.29138,43.94572],[-78.2912,43.94432],[-78.2911,43.94441],[-78.29064,43.94265],[-78.29033,43.94199],[-78.29052,43.94116],[-78.29042,43.94054],[-78.29029,43.94023],[-78.29022,43.94025],[-78.29043,43.94118],[-78.29025,43.94201],[-78.29046,43.94258],[-78.29076,43.94401],[-78.2902,43.94442],[-78.28939,43.9448],[-78.28825,43.94563],[-78.28616,43.94655],[-78.28305,43.94722],[-78.27931,43.94846],[-78.27757,43.9487],[-78.27595,43.94902],[-78.27476,43.94915],[-78.27328,43.94996],[-78.27204,43.95045],[-78.26864,43.95074],[-78.26516,43.9509],[-78.26513,43.95099],[-78.26538,43.951],[-78.26546,43.95114],[-78.2655,43.95154],[-78.26616,43.95161],[-78.26689,43.95195],[-78.26695,43.95207],[-78.2669,43.95217],[-78.26652,43.95228],[-78.2665,43.95241],[-78.26712,43.95273],[-78.26731,43.95317],[-78.26701,43.95287],[-78.26629,43.9525],[-78.26617,43.95235],[-78.26635,43.95221],[-78.26663,43.95217],[-78.26671,43.95205],[-78.26537,43.95165],[-78.26519,43.95147],[-78.26523,43.95118],[-78.26489,43.95113],[-78.26297,43.95147],[-78.26294,43.95141],[-78.26364,43.95121],[-78.26489,43.95105],[-78.26453,43.951],[-78.26361,43.95109],[-78.263,43.95127],[-78.26282,43.95149],[-78.26227,43.95159],[-78.26189,43.95177],[-78.26036,43.95191],[-78.25841,43.95287],[-78.2571,43.95316],[-78.25469,43.9534],[-78.25174,43.95343],[-78.24871,43.9534],[-78.24578,43.95317],[-78.24347,43.95287],[-78.24011,43.95209],[-78.23897,43.95212],[-78.23824,43.95234],[-78.23344,43.95245],[-78.23159,43.95201],[-78.22922,43.95163],[-78.22838,43.95166],[-78.22544,43.95146],[-78.2248,43.95131],[-78.22383,43.95124],[-78.22253,43.95123],[-78.22015,43.95098],[-78.219,43.95099],[-78.2153,43.95075],[-78.21493,43.95077],[-78.21429,43.95101],[-78.21197,43.95134],[-78.21187,43.95142],[-78.21107,43.95161],[-78.21029,43.95209],[-78.20745,43.95346],[-78.20456,43.95444],[-78.20377,43.95461],[-78.20238,43.95507],[-78.20004,43.95543],[-78.1937,43.95568],[-78.19288,43.95582],[-78.19204,43.95582],[-78.19117,43.95577],[-78.19034,43.95561],[-78.18724,43.95556],[-78.18604,43.95541],[-78.18475,43.95511],[-78.18273,43.95446],[-78.18166,43.95425],[-78.17989,43.95426],[-78.17863,43.9541],[-78.17724,43.95406],[-78.17635,43.95417],[-78.17592,43.95432],[-78.17424,43.95436],[-78.17271,43.95427],[-78.17131,43.95429],[-78.17033,43.95419],[-78.16881,43.95385],[-78.1684,43.95297],[-78.16812,43.95209],[-78.16766,43.95211],[-78.16808,43.95345],[-78.16763,43.95501],[-78.16647,43.95584],[-78.16715,43.95633],[-78.16691,43.95653],[-78.16709,43.95691],[-78.1646,43.95747],[-78.16441,43.95649],[-78.16421,43.95377],[-78.16448,43.95345],[-78.16469,43.95228],[-78.16454,43.95229],[-78.16435,43.9534],[-78.16405,43.95373],[-78.16405,43.95402],[-78.16383,43.95404],[-78.16393,43.95522],[-78.16406,43.95521],[-78.16416,43.9562],[-78.16389,43.95637],[-78.16383,43.95651],[-78.1625,43.95693],[-78.16104,43.95715],[-78.15803,43.9573],[-78.15566,43.95691],[-78.15517,43.95671],[-78.15473,43.95664],[-78.15427,43.95631],[-78.15235,43.95577],[-78.15221,43.95565],[-78.15219,43.9555],[-78.15185,43.95538],[-78.15119,43.95577],[-78.15022,43.95597],[-78.15,43.95624],[-78.14947,43.95658],[-78.14824,43.95689],[-78.14601,43.95724],[-78.14556,43.9574],[-78.14324,43.95732],[-78.14117,43.95688],[-78.1406,43.95704],[-78.14025,43.95699],[-78.13976,43.95711],[-78.1373,43.95722],[-78.135,43.95751],[-78.13309,43.95804],[-78.13159,43.95824],[-78.13096,43.9584],[-78.13016,43.9584],[-78.12854,43.95796],[-78.12722,43.95788],[-78.12208,43.95721],[-78.12085,43.957],[-78.12051,43.95685],[-78.12015,43.95701],[-78.11868,43.95692],[-78.11818,43.95704],[-78.11551,43.9572],[-78.11463,43.95755],[-78.11386,43.95799],[-78.11283,43.95824],[-78.11168,43.95842],[-78.1112,43.95861],[-78.11026,43.95927],[-78.10867,43.95973],[-78.10769,43.96023],[-78.10709,43.96038],[-78.10617,43.96085],[-78.10603,43.96101],[-78.10602,43.96148],[-78.10588,43.96175],[-78.10509,43.9624],[-78.10476,43.96283],[-78.10444,43.96308],[-78.10293,43.96386],[-78.10222,43.96396],[-78.10214,43.96412],[-78.1013,43.96431],[-78.10106,43.96452],[-78.10084,43.96486],[-78.09993,43.96521],[-78.09982,43.96537],[-78.09926,43.96578],[-78.09834,43.96621],[-78.09765,43.96637],[-78.0949,43.96658],[-78.09434,43.96698],[-78.09353,43.96727],[-78.08945,43.96778],[-78.08728,43.96778],[-78.08626,43.96771],[-78.08051,43.96692],[-78.07838,43.96655],[-78.07536,43.96569],[-78.07461,43.96557],[-78.07276,43.96546],[-78.0721,43.9653],[-78.07143,43.96502],[-78.07108,43.96518],[-78.07064,43.96562],[-78.06989,43.96577],[-78.06903,43.96646],[-78.0679,43.96684],[-78.06699,43.96775],[-78.06637,43.96802],[-78.06582,43.96808],[-78.06538,43.96838],[-78.06494,43.96851],[-78.0635,43.96873],[-78.06124,43.96884],[-78.05984,43.96866],[-78.05757,43.96854],[-78.05652,43.96834],[-78.05593,43.96814],[-78.05563,43.96813],[-78.05374,43.96819],[-78.05244,43.96854],[-78.05146,43.96868],[-78.04957,43.96869],[-78.04736,43.96856],[-78.0459,43.96868],[-78.04507,43.96903],[-78.04375,43.96918],[-78.03954,43.96899],[-78.03449,43.96907],[-78.03389,43.96902],[-78.02991,43.96811],[-78.02683,43.96693],[-78.02247,43.96612],[-78.01981,43.96525],[-78.01923,43.96525],[-78.01846,43.96513],[-78.01646,43.96448],[-78.01496,43.96417],[-78.01379,43.9638],[-78.01257,43.96377],[-78.01167,43.96361],[-78.01037,43.96351],[-78.00921,43.96333],[-78.00868,43.96309],[-78.00753,43.96317],[-78.0071,43.96308],[-78.00658,43.96315],[-78.00565,43.96357],[-78.00531,43.96383],[-78.00508,43.96427],[-78.00405,43.96451],[-78.00313,43.96522],[-78.00262,43.96533],[-78.00079,43.96537],[-78.00034,43.96568],[-78.00021,43.96605],[-78.0,43.96629],[-78.0,43.36571],[-78.00127,43.36674],[-78.0038,43.36783],[-78.00508,43.36819],[-78.00636,43.3683],[-78.0102,43.36825],[-78.01117,43.36814],[-78.0147,43.36732],[-78.01523,43.36725],[-78.01583,43.3673],[-78.01965,43.36689],[-78.02483,43.36666],[-78.02822,43.36691],[-78.02971,43.36686],[-78.02991,43.36692],[-78.03001,43.36707],[-78.02998,43.36722],[-78.03004,43.36723],[-78.03021,43.36659],[-78.03003,43.36644],[-78.02992,43.36603],[-78.02996,43.36585],[-78.02905,43.36537],[-78.02844,43.3646],[-78.02885,43.36482],[-78.02913,43.36507],[-78.0292,43.36504],[-78.02979,43.36431],[-78.02988,43.36394],[-78.03006,43.36399],[-78.0299,43.36446],[-78.02979,43.36458],[-78.03061,43.36478],[-78.03054,43.36501],[-78.0296,43.36487],[-78.02938,43.36528],[-78.02943,43.36536],[-78.02982,43.36545],[-78.02984,43.36554],[-78.03001,43.36558],[-78.03021,43.36514],[-78.03092,43.36506],[-78.03095,43.36537],[-78.03053,43.36536],[-78.03049,43.36566],[-78.03115,43.36574],[-78.03158,43.3663],[-78.03142,43.36679],[-78.03044,43.36671],[-78.03034,43.36728],[-78.0304,43.36729],[-78.0305,43.36707],[-78.0316,43.36713],[-78.03281,43.36738],[-78.03376,43.3677],[-78.03506,43.36838],[-78.03593,43.3687],[-78.03694,43.36931],[-78.03791,43.37012],[-78.03864,43.37088],[-78.03931,43.37109],[-78.05405,43.37003],[-78.06063,43.36997],[-78.06489,43.37009],[-78.0734,43.37157],[-78.0736,43.37203],[-78.07523,43.3725],[-78.08016,43.37309],[-78.08307,43.37311],[-78.08991,43.37359],[-78.09349,43.37421],[-78.09501,43.37473],[-78.09899,43.37522],[-78.09952,43.37521],[-78.10126,43.37546],[-78.10488,43.37557],[-78.1076,43.3755],[-78.1137,43.37505],[-78.11763,43.37521],[-78.12077,43.37546],[-78.12162,43.37531],[-78.12503,43.37538],[-78.12854,43.37558],[-78.13308,43.37548],[-78.13755,43.37511],[-78.1403,43.37525],[-78.14593,43.375],[-78.15704,43.37423],[-78.15781,43.37461],[-78.15936,43.37482],[-78.16108,43.37461],[-78.16917,43.37255],[-78.18152,43.37036],[-78.18397,43.37019],[-78.18626,43.37022],[-78.18803,43.37068],[-78.18872,43.37096],[-78.18879,43.37125],[-78.18962,43.37141],[-78.18983,43.37163],[-78.19037,43.3718],[-78.19049,43.37207],[-78.19146,43.37239],[-78.19151,43.37245],[-78.19145,43.37387],[-78.19155,43.37385],[-78.19161,43.37242],[-78.19237,43.37186],[-78.19229,43.37389],[-78.19239,43.3738],[-78.19247,43.37186],[-78.19259,43.37173]],[[-78.19297,43.3746],[-78.19098,43.37452],[-78.19091,43.37459],[-78.19291,43.37466],[-78.19297,43.3746]],[[-79.22987,43.70785],[-79.22982,43.70772],[-79.22947,43.70769],[-79.22952,43.70788],[-79.22932,43.70833],[-79.22875,43.70874],[-79.22843,43.70877],[-79.22849,43.70905],[-79.22867,43.70903],[-79.22906,43.70878],[-79.22963,43.70913],[-79.22964,43.70925],[-79.22925,43.70958],[-79.22922,43.70968],[-79.2282,43.70927],[-79.22799,43.70927],[-79.22785,43.70942],[-79.2278,43.70956],[-79.22793,43.70975],[-79.22827,43.70996],[-79.22805,43.71045],[-79.22805,43.71107],[-79.22759,43.71121],[-79.22728,43.71121],[-79.22719,43.71142],[-79.22722,43.7116],[-79.22819,43.71177],[-79.22916,43.71174],[-79.22921,43.71131],[-79.22913,43.71067],[-79.22927,43.71034],[-79.2299,43.71031],[-79.23009,43.71024],[-79.23021,43.70993],[-79.23126,43.70962],[-79.23151,43.70933],[-79.23186,43.70852],[-79.23181,43.70845],[-79.23134,43.70843],[-79.23112,43.70875],[-79.23086,43.70876],[-79.22981,43.70843],[-79.22987,43.70785]],[[-79.32837,43.63353],[-79.32812,43.63358],[-79.3282,43.63365],[-79.3278,43.6338],[-79.3278,43.63392],[-79.32746,43.63383],[-79.32738,43.63395],[-79.32767,43.63416],[-79.32781,43.63414],[-79.32813,43.63383],[-79.32855,43.63365],[-79.32874,43.63348],[-79.32848,43.63342],[-79.32837,43.63353]],[[-79.35721,43.62769],[-79.35828,43.62652],[-79.35929,43.62565],[-79.35984,43.62524],[-79.36095,43.62459],[-79.36144,43.62441],[-79.36233,43.62392],[-79.36272,43.62347],[-79.36405,43.6228],[-79.36437,43.62217],[-79.36576,43.6215],[-79.36607,43.62142],[-79.36716,43.62136],[-79.36819,43.62104],[-79.36855,43.62107],[-79.36937,43.62086],[-79.37009,43.62093],[-79.37047,43.62083],[-79.37061,43.62065],[-79.37059,43.62046],[-79.36998,43.61982],[-79.36985,43.61937],[-79.37016,43.6191],[-79.37085,43.61893],[-79.37146,43.6186],[-79.37166,43.61882],[-79.37182,43.61874],[-79.37293,43.61882],[-79.37301,43.61892],[-79.3731,43.61887],[-79.37322,43.61901],[-79.37359,43.61909],[-79.37394,43.61891],[-79.37414,43.61899],[-79.37426,43.61895],[-79.37423,43.61878],[-79.3748,43.6185],[-79.37584,43.61863],[-79.3766,43.61851],[-79.3771,43.61827],[-79.37705,43.61821],[-79.37718,43.61756],[-79.37769,43.61674],[-79.37794,43.61671],[-79.37833,43.61651],[-79.37822,43.61643],[-79.37827,43.6164],[-79.37841,43.61647],[-79.3785,43.61637],[-79.37863,43.6164],[-79.37903,43.61626],[-79.37921,43.61611],[-79.37941,43.61611],[-79.37961,43.61641],[-79.3797,43.6162],[-79.37981,43.61616],[-79.38001,43.61632],[-79.38021,43.61664],[-79.38079,43.61681],[-79.38109,43.61701],[-79.38084,43.61707],[-79.38014,43.61699],[-79.37999,43.61686],[-79.37996,43.6167],[-79.37976,43.61656],[-79.37965,43.61657],[-79.37926,43.61685],[-79.37918,43.617],[-79.38021,43.61829],[-79.38039,43.61865],[-79.3807,43.61895],[-79.38175,43.61961],[-79.38251,43.61972],[-79.38305,43.61968],[-79.38315,43.61984],[-79.38403,43.61971],[-79.38405,43.61953],[-79.38389,43.61919],[-79.38343,43.61903],[-79.38365,43.61878],[-79.38367,43.61865],[-79.38403,43.61855],[-79.38417,43.61871],[-79.3842,43.61847],[-79.38429,43.61842],[-79.38443,43.61859],[-79.38472,43.6187],[-79.38478,43.61861],[-79.38473,43.61842],[-79.38486,43.61837],[-79.38513,43.61893],[-79.38613,43.61925],[-79.38611,43.61937],[-79.38638,43.61945],[-79.38648,43.61958],[-79.38635,43.6202],[-79.38655,43.62046],[-79.38821,43.62078],[-79.3889,43.62098],[-79.38931,43.62084],[-79.38938,43.62063],[-79.38926,43.61989],[-79.38925,43.61839],[-79.38875,43.61717],[-79.38853,43.61706],[-79.38657,43.61669],[-79.38593,43.61643],[-79.3854,43.61634],[-79.38464,43.61644],[-79.38442,43.61576],[-79.38389,43.61566],[-79.38437,43.61531],[-79.38452,43.61534],[-79.3847,43.61523],[-79.38467,43.61512],[-79.38481,43.61496],[-79.38481,43.61482],[-79.38456,43.61468],[-79.38376,43.61454],[-79.38355,43.61375],[-79.38338,43.61376],[-79.38334,43.61353],[-79.38399,43.61348],[-79.38426,43.61361],[-79.3846,43.61393],[-79.38486,43.61401],[-79.38633,43.61417],[-79.38687,43.61462],[-79.38691,43.61456],[-79.38651,43.61409],[-79.38694,43.61407],[-79.38713,43.61392],[-79.38729,43.61354],[-79.38748,43.61342],[-79.38809,43.61349],[-79.38821,43.61357],[-79.38832,43.61365],[-79.38847,43.6141],[-79.38896,43.61426],[-79.38937,43.61429],[-79.38947,43.61442],[-79.38947,43.61482],[-79.38932,43.61504],[-79.3879,43.61517],[-79.38755,43.61511],[-79.38743,43.61499],[-79.387,43.61487],[-79.38712,43.61517],[-79.38711,43.61564],[-79.38724,43.61586],[-79.38952,43.61657],[-79.39035,43.61822],[-79.39013,43.61901],[-79.39023,43.62225],[-79.39004,43.62262],[-79.39009,43.62265],[-79.38998,43.62343],[-79.38982,43.6238],[-79.38898,43.6244],[-79.38911,43.6248],[-79.38903,43.62507],[-79.38958,43.62565],[-79.38965,43.62674],[-79.38933,43.62719],[-79.38855,43.62786],[-79.38878,43.62772],[-79.38895,43.62772],[-79.38894,43.62782],[-79.38863,43.62808],[-79.38898,43.6279],[-79.38906,43.62795],[-79.38878,43.62829],[-79.38906,43.62808],[-79.3892,43.62813],[-79.38966,43.62976],[-79.38908,43.63015],[-79.38746,43.63055],[-79.38811,43.63195],[-79.38891,43.63272],[-79.38898,43.63269],[-79.38828,43.63201],[-79.38906,43.63172],[-79.38964,43.63184],[-79.39002,43.63167],[-79.39165,43.63126],[-79.39218,43.63126],[-79.39292,43.63202],[-79.39313,43.6319],[-79.39492,43.63366],[-79.39645,43.63284],[-79.39647,43.63275],[-79.39623,43.63246],[-79.39644,43.63247],[-79.39663,43.63268],[-79.39673,43.63268],[-79.40265,43.62948],[-79.40492,43.62786],[-79.40429,43.62645],[-79.40385,43.62653],[-79.40358,43.62628],[-79.40074,43.62445],[-79.39471,43.62006],[-79.39223,43.61789],[-79.39159,43.61709],[-79.39145,43.61654],[-79.39117,43.61612],[-79.39107,43.61577],[-79.39123,43.6152],[-79.39099,43.61465],[-79.38977,43.61307],[-79.38977,43.61283],[-79.38991,43.61268],[-79.38986,43.61253],[-79.38996,43.61235],[-79.38974,43.61236],[-79.38944,43.6121],[-79.3886,43.61194],[-79.38827,43.61156],[-79.38815,43.61162],[-79.38827,43.61177],[-79.38816,43.61184],[-79.38743,43.61208],[-79.38613,43.61201],[-79.3858,43.61191],[-79.38538,43.61206],[-79.38461,43.61215],[-79.38218,43.61224],[-79.38226,43.61241],[-79.38133,43.61272],[-79.38043,43.61323],[-79.37952,43.61349],[-79.37923,43.61368],[-79.37926,43.61375],[-79.3783,43.61397],[-79.37704,43.6145],[-79.37613,43.61445],[-79.37569,43.61458],[-79.37516,43.61508],[-79.37453,43.61534],[-79.37373,43.61585],[-79.37246,43.61642],[-79.37228,43.61646],[-79.37195,43.61634],[-79.37165,43.61643],[-79.37152,43.61636],[-79.37144,43.6164],[-79.37148,43.61655],[-79.37136,43.61686],[-79.37105,43.61716],[-79.37076,43.61726],[-79.37083,43.61733],[-79.37051,43.6176],[-79.36759,43.61891],[-79.36719,43.61906],[-79.36695,43.61898],[-79.36699,43.61903],[-79.36581,43.61981],[-79.36567,43.61982],[-79.36278,43.62185],[-79.3627,43.62201],[-79.36238,43.62222],[-79.36227,43.62221],[-79.36228,43.62229],[-79.36171,43.62261],[-79.36167,43.62272],[-79.35835,43.6251],[-79.35703,43.6262],[-79.35623,43.62705],[-79.35482,43.62903],[-79.35442,43.6298],[-79.35262,43.62989],[-79.3516,43.62987],[-79.3504,43.62974],[-79.34984,43.62964],[-79.34993,43.62911],[-79.34981,43.62903],[-79.34955,43.63097],[-79.34944,43.63104],[-79.35307,43.6342],[-79.35376,43.63367],[-79.3547,43.63337],[-79.35505,43.63341],[-79.35523,43.63327],[-79.35544,43.63329],[-79.35556,43.63344],[-79.3555,43.63353],[-79.35559,43.63358],[-79.35672,43.63332],[-79.35722,43.6325],[-79.35704,43.63235],[-79.35717,43.63167],[-79.3575,43.63141],[-79.35764,43.63155],[-79.35788,43.63161],[-79.35791,43.63155],[-79.35778,43.6314],[-79.35815,43.63137],[-79.35722,43.63114],[-79.35721,43.63047],[-79.35647,43.62974],[-79.35631,43.62901],[-79.35663,43.62859],[-79.35663,43.62845],[-79.35687,43.62827],[-79.35694,43.62804],[-79.35715,43.62781],[-79.35732,43.62775],[-79.35721,43.62769]],[[-79.36226,43.62706],[-79.36311,43.62581],[-79.36315,43.62544],[-79.36287,43.62515],[-79.36222,43.62497],[-79.36206,43.62476],[-79.36182,43.62472],[-79.36178,43.62483],[-79.36102,43.62512],[-79.3602,43.62567],[-79.35919,43.6262],[-79.35747,43.62824],[-79.35721,43.62938],[-79.35728,43.62958],[-79.35794,43.63007],[-79.35787,43.63014],[-79.35838,43.63044],[-79.35903,43.63004],[-79.36226,43.62706]],[[-79.36564,43.62438],[-79.36576,43.62395],[-79.36554,43.62383],[-79.36494,43.62363],[-79.36467,43.62344],[-79.36431,43.62337],[-79.36398,43.62311],[-79.36296,43.62361],[-79.3626,43.62401],[-79.36288,43.62438],[-79.36285,43.6245],[-79.36302,43.62458],[-79.36313,43.62474],[-79.36352,43.62489],[-79.36418,43.62478],[-79.36433,43.62496],[-79.36455,43.62482],[-79.3651,43.62467],[-79.36523,43.62473],[-79.3653,43.6246],[-79.36564,43.62438]],[[-79.36566,43.62275],[-79.36691,43.62271],[-79.36595,43.62167],[-79.36585,43.62166],[-79.36493,43.62208],[-79.36454,43.62235],[-79.36449,43.62263],[-79.36428,43.62288],[-79.36429,43.62305],[-79.36456,43.62314],[-79.36566,43.62275]],[[-79.36504,43.62308],[-79.36472,43.62328],[-79.36511,43.62356],[-79.3664,43.62359],[-79.3661,43.62293],[-79.36546,43.62296],[-79.36504,43.62308]],[[-79.36765,43.62403],[-79.36801,43.62395],[-79.36694,43.62276],[-79.36663,43.62287],[-79.36621,43.6229],[-79.36639,43.62316],[-79.36654,43.62363],[-79.36765,43.62403]],[[-79.37138,43.62227],[-79.37171,43.62177],[-79.37119,43.62162],[-79.36958,43.62156],[-79.36832,43.62159],[-79.36667,43.62177],[-79.3671,43.62252],[-79.3676,43.62257],[-79.36778,43.62267],[-79.36796,43.62267],[-79.36795,43.62256],[-79.36801,43.62267],[-79.36923,43.62267],[-79.36922,43.62251],[-79.36966,43.62248],[-79.36967,43.62275],[-79.37087,43.62273],[-79.37142,43.62254],[-79.37144,43.62234],[-79.37138,43.62227]],[[-79.36806,43.62294],[-79.36742,43.62303],[-79.3682,43.62398],[-79.36869,43.62399],[-79.36864,43.62408],[-79.36879,43.62409],[-79.36875,43.624],[-79.36903,43.624],[-79.37047,43.6244],[-79.37067,43.62437],[-79.37119,43.62391],[-79.37129,43.6236],[-79.37125,43.62348],[-79.37103,43.6234],[-79.36908,43.62335],[-79.36806,43.62304],[-79.36806,43.62294]],[[-79.37405,43.62105],[-79.37674,43.6215],[-79.37714,43.62192],[-79.37813,43.6223],[-79.37802,43.62249],[-79.37823,43.62258],[-79.37839,43.62247],[-79.37851,43.62266],[-79.37865,43.62251],[-79.37884,43.62276],[-79.37881,43.62294],[-79.37822,43.62324],[-79.37814,43.62349],[-79.37831,43.62362],[-79.37881,43.62371],[-79.37901,43.62389],[-79.37896,43.62399],[-79.37906,43.62392],[-79.37945,43.6241],[-79.38008,43.62406],[-79.38066,43.62417],[-79.38079,43.62362],[-79.38138,43.62369],[-79.38173,43.62385],[-79.38326,43.62375],[-79.38337,43.62451],[-79.38261,43.62457],[-79.38247,43.62469],[-79.38292,43.62498],[-79.38243,43.62541],[-79.38172,43.6252],[-79.38136,43.62438],[-79.38129,43.62441],[-79.38121,43.62527],[-79.38113,43.62543],[-79.382,43.62559],[-79.38265,43.62559],[-79.38281,43.62569],[-79.38288,43.62586],[-79.38295,43.62566],[-79.38318,43.62555],[-79.38349,43.62567],[-79.38342,43.62549],[-79.38408,43.62495],[-79.38394,43.62479],[-79.38394,43.62459],[-79.38355,43.62376],[-79.38329,43.62294],[-79.38312,43.62297],[-79.38328,43.62355],[-79.38207,43.62365],[-79.38179,43.62285],[-79.38287,43.62261],[-79.38279,43.62244],[-79.38291,43.62242],[-79.38274,43.62206],[-79.38245,43.62199],[-79.38234,43.62238],[-79.38149,43.6226],[-79.3813,43.62281],[-79.38093,43.62274],[-79.38114,43.62169],[-79.38112,43.62124],[-79.38122,43.62103],[-79.38141,43.62096],[-79.38166,43.62119],[-79.38237,43.62129],[-79.38247,43.62153],[-79.3826,43.62156],[-79.38265,43.62151],[-79.38255,43.62128],[-79.38239,43.62104],[-79.38156,43.62076],[-79.38148,43.6208],[-79.38095,43.62054],[-79.3797,43.62029],[-79.37961,43.62015],[-79.37928,43.62019],[-79.37891,43.62007],[-79.37814,43.62],[-79.37662,43.61969],[-79.37592,43.61943],[-79.37572,43.61951],[-79.37451,43.61924],[-79.37437,43.61923],[-79.37423,43.61933],[-79.37353,43.61933],[-79.37171,43.61912],[-79.37046,43.61943],[-79.3705,43.61966],[-79.37077,43.61986],[-79.3716,43.62089],[-79.37184,43.62104],[-79.3724,43.62119],[-79.37405,43.62105]],[[-79.37622,43.6234],[-79.37728,43.62305],[-79.37743,43.62277],[-79.37739,43.62256],[-79.37719,43.62232],[-79.37721,43.62223],[-79.3771,43.62215],[-79.37702,43.62194],[-79.37667,43.622],[-79.376,43.62165],[-79.37364,43.62141],[-79.37215,43.62165],[-79.37221,43.62171],[-79.37225,43.62228],[-79.37208,43.62256],[-79.37203,43.62294],[-79.37281,43.62363],[-79.37345,43.6237],[-79.37375,43.62356],[-79.37424,43.62348],[-79.37519,43.6236],[-79.37581,43.62338],[-79.37622,43.6234]],[[-79.37842,43.61879],[-79.37955,43.6189],[-79.37981,43.61883],[-79.37984,43.61872],[-79.37975,43.61868],[-79.37969,43.61846],[-79.37941,43.61823],[-79.37947,43.6182],[-79.37942,43.61811],[-79.37849,43.61725],[-79.37797,43.61749],[-79.37788,43.61761],[-79.37787,43.61814],[-79.37771,43.61843],[-79.37771,43.61851],[-79.37788,43.6186],[-79.37838,43.61871],[-79.37842,43.61879]],[[-79.38626,43.62753],[-79.38629,43.62764],[-79.38647,43.62775],[-79.3869,43.6272],[-79.38694,43.62688],[-79.3874,43.62664],[-79.38769,43.62609],[-79.38784,43.62601],[-79.38774,43.62581],[-79.38775,43.62552],[-79.38761,43.62541],[-79.38761,43.62532],[-79.38784,43.62514],[-79.38771,43.62496],[-79.38742,43.62395],[-79.38733,43.62392],[-79.38717,43.62354],[-79.38691,43.62254],[-79.38642,43.62154],[-79.38623,43.62136],[-79.3845,43.62111],[-79.38339,43.62086],[-79.38308,43.6209],[-79.38304,43.62102],[-79.38311,43.62122],[-79.3834,43.62193],[-79.38364,43.62227],[-79.38431,43.62403],[-79.38427,43.62416],[-79.38464,43.62465],[-79.38447,43.6256],[-79.3848,43.62606],[-79.38626,43.62753]],[[-79.38443,43.61978],[-79.38461,43.61975],[-79.38479,43.62004],[-79.3852,43.62014],[-79.38558,43.62005],[-79.38578,43.6198],[-79.38563,43.61944],[-79.38524,43.6193],[-79.38437,43.61968],[-79.38443,43.61978]],[[-79.38527,43.61508],[-79.38535,43.61555],[-79.38557,43.61588],[-79.38587,43.61587],[-79.38602,43.61575],[-79.38616,43.61537],[-79.386,43.61509],[-79.38561,43.61491],[-79.38527,43.61508]],[[-79.38698,43.61467],[-79.38689,43.61471],[-79.38696,43.61482],[-79.38711,43.61479],[-79.38698,43.61467]],[[-79.40447,43.63202],[-79.40466,43.6329],[-79.40472,43.63302],[-79.40457,43.63206],[-79.40447,43.63202]],[[-79.41662,43.62874],[-79.41658,43.62854],[-79.41627,43.62836],[-79.41562,43.62837],[-79.41483,43.62805],[-79.41462,43.62816],[-79.41451,43.62873],[-79.41395,43.62893],[-79.41393,43.62903],[-79.41419,43.62932],[-79.4148,43.62969],[-79.41503,43.62975],[-79.41545,43.62967],[-79.41547,43.62975],[-79.41614,43.62963],[-79.41612,43.62929],[-79.41649,43.62904],[-79.41662,43.62874]],[[-79.4744,43.62375],[-79.47488,43.62352],[-79.47491,43.62349],[-79.47453,43.6235],[-79.47429,43.62373],[-79.4744,43.62375]],[[-79.47622,43.62439],[-79.47637,43.62435],[-79.47609,43.62406],[-79.47595,43.62403],[-79.47593,43.62411],[-79.47622,43.62439]],[[-79.47595,43.62535],[-79.47603,43.6258],[-79.47613,43.62576],[-79.47612,43.62535],[-79.47605,43.6253],[-79.47595,43.62535]],[[-79.47637,43.62455],[-79.47625,43.62454],[-79.47615,43.62496],[-79.47629,43.62494],[-79.47637,43.62455]],[[-79.48584,43.61298],[-79.48582,43.61341],[-79.48609,43.61345],[-79.48618,43.6134],[-79.48607,43.61315],[-79.48625,43.61315],[-79.48631,43.61307],[-79.48619,43.61293],[-79.48596,43.6129],[-79.48584,43.61298]],[[-79.54015,43.57648],[-79.54028,43.57651],[-79.54035,43.57645],[-79.54021,43.57596],[-79.54029,43.57566],[-79.54055,43.57537],[-79.5405,43.57527],[-79.54033,43.5753],[-79.54019,43.57544],[-79.54,43.5758],[-79.54002,43.57615],[-79.54015,43.57648]],[[-79.54056,43.57862],[-79.54075,43.57885],[-79.54098,43.57884],[-79.54068,43.57837],[-79.54062,43.57806],[-79.54072,43.57777],[-79.54058,43.57768],[-79.54045,43.57777],[-79.54039,43.57815],[-79.54056,43.57862]],[[-79.54179,43.58129],[-79.54196,43.58122],[-79.54159,43.58052],[-79.54162,43.57996],[-79.54146,43.57989],[-79.54135,43.58001],[-79.54135,43.58057],[-79.54156,43.58103],[-79.54179,43.58129]],[[-79.59862,43.55379],[-79.59734,43.55303],[-79.59609,43.55262],[-79.59606,43.5525],[-79.59441,43.55219],[-79.59402,43.55215],[-79.59393,43.55223],[-79.59394,43.55232],[-79.59441,43.55272],[-79.59535,43.55288],[-79.59711,43.55352],[-79.5975,43.55379],[-79.59803,43.55389],[-79.59862,43.55379]],[[-79.72645,43.36797],[-79.72685,43.36755],[-79.72701,43.36751],[-79.72699,43.36742],[-79.72679,43.36744],[-79.72659,43.36757],[-79.72642,43.36782],[-79.72645,43.36797]],[[-79.72728,43.36732],[-79.72726,43.36724],[-79.72709,43.3673],[-79.72714,43.36738],[-79.72728,43.36732]],[[-79.72761,43.36719],[-79.72751,43.36716],[-79.7274,43.36726],[-79.72748,43.36727],[-79.72761,43.36719]],[[-79.80222,43.30322],[-79.80242,43.30337],[-79.80264,43.30322],[-79.8026,43.30283],[-79.80215,43.30253],[-79.80186,43.30256],[-79.80184,43.30272],[-79.80223,43.3029],[-79.80228,43.30314],[-79.80222,43.30322]],[[-79.8032,43.30518],[-79.80287,43.30442],[-79.80274,43.30441],[-79.8026,43.30454],[-79.80296,43.30506],[-79.80286,43.30531],[-79.80309,43.30541],[-79.80319,43.30535],[-79.8032,43.30518]],[[-79.80471,43.30706],[-79.8049,43.3069],[-79.80482,43.30657],[-79.80441,43.30624],[-79.80409,43.30626],[-79.80418,43.30639],[-79.80436,43.3064],[-79.80465,43.30669],[-79.80468,43.30678],[-79.80456,43.30693],[-79.80471,43.30706]],[[-79.80523,43.30825],[-79.8055,43.30842],[-79.80563,43.30833],[-79.80547,43.30812],[-79.80534,43.30813],[-79.80523,43.30825]],[[-79.90087,43.27459],[-79.90118,43.27386],[-79.90089,43.27416],[-79.90067,43.27456],[-79.90069,43.27471],[-79.9008,43.2747],[-79.90087,43.27459]],[[-79.90398,43.27931],[-79.90448,43.2792],[-79.90436,43.27913],[-79.90387,43.27926],[-79.90398,43.27931]],[[-79.91317,43.27621],[-79.91335,43.27614],[-79.91322,43.27553],[-79.91288,43.27553],[-79.91218,43.27584],[-79.91221,43.27594],[-79.91317,43.27621]],[[-79.91329,43.27632],[-79.91298,43.27618],[-79.91258,43.27613],[-79.91257,43.2762],[-79.91296,43.27643],[-79.91316,43.27647],[-79.91329,43.27632]],[[-79.9246,43.27285],[-79.92513,43.27243],[-79.92514,43.27185],[-79.92023,43.27326],[-79.91926,43.27367],[-79.91855,43.27373],[-79.91623,43.27453],[-79.91664,43.27467],[-79.91677,43.27484],[-79.91825,43.27483],[-79.91915,43.27473],[-79.91971,43.27455],[-79.92042,43.27408],[-79.92061,43.27405],[-79.92074,43.27394],[-79.9208,43.27375],[-79.92069,43.27365],[-79.92085,43.27339],[-79.92098,43.27331],[-79.92131,43.27331],[-79.9214,43.27339],[-79.92145,43.2737],[-79.9211,43.27426],[-79.92036,43.27458],[-79.92005,43.27478],[-79.91988,43.275],[-79.9202,43.27508],[-79.92065,43.27501],[-79.92164,43.27457],[-79.92295,43.27455],[-79.92325,43.27444],[-79.92357,43.27388],[-79.9246,43.27285]]]}},{"type":"Feature","properties":{"name":"Lake Scugog","osm":"r6518392"},"geometry":{"type":"Polygon","coordinates":[[[-78.86341,44.21464],[-78.86415,44.21498],[-78.86462,44.21531],[-78.86533,44.21599],[-78.86575,44.21616],[-78.86727,44.2161],[-78.8675,44.21593],[-78.86991,44.21503],[-78.87075,44.21578],[-78.87079,44.21614],[-78.87099,44.2165],[-78.87186,44.21711],[-78.87248,44.21717],[-78.87356,44.21692],[-78.87396,44.21691],[-78.87504,44.21732],[-78.87532,44.21758],[-78.87627,44.21726],[-78.87645,44.21699],[-78.87758,44.21593],[-78.87817,44.2149],[-78.87878,44.21349],[-78.8788,44.21329],[-78.87905,44.2133],[-78.879,44.21369],[-78.88039,44.21358],[-78.88097,44.21315],[-78.88134,44.21303],[-78.88218,44.21302],[-78.88235,44.21287],[-78.88234,44.2124],[-78.88262,44.21214],[-78.88267,44.21192],[-78.88275,44.21185],[-78.88286,44.21188],[-78.88286,44.21222],[-78.88311,44.2125],[-78.88284,44.21309],[-78.88277,44.21341],[-78.88326,44.21342],[-78.88387,44.21311],[-78.88414,44.2131],[-78.88488,44.21234],[-78.88539,44.21162],[-78.88549,44.21139],[-78.88555,44.2107],[-78.88597,44.21015],[-78.88651,44.20963],[-78.88773,44.20895],[-78.88853,44.20882],[-78.88907,44.2086],[-78.88951,44.20818],[-78.89001,44.20745],[-78.89057,44.20689],[-78.89155,44.20522],[-78.89167,44.20477],[-78.89197,44.20422],[-78.8926,44.20318],[-78.89273,44.20267],[-78.89329,44.20181],[-78.89466,44.19921],[-78.89456,44.19908],[-78.8947,44.19804],[-78.89435,44.19784],[-78.89446,44.19772],[-78.89493,44.19803],[-78.89484,44.19896],[-78.89513,44.19875],[-78.89534,44.19846],[-78.89535,44.19793],[-78.8955,44.19743],[-78.8965,44.19623],[-78.89657,44.19581],[-78.89688,44.19533],[-78.89693,44.19484],[-78.89754,44.19386],[-78.89734,44.19338],[-78.8974,44.19271],[-78.89759,44.19233],[-78.89799,44.19205],[-78.8991,44.19162],[-78.89921,44.19145],[-78.89916,44.19068],[-78.90027,44.1903],[-78.90059,44.18988],[-78.9015,44.18945],[-78.90221,44.18897],[-78.90222,44.18879],[-78.9018,44.18884],[-78.90158,44.18895],[-78.90152,44.1889],[-78.90164,44.18858],[-78.90141,44.18834],[-78.90164,44.18825],[-78.90172,44.18813],[-78.90145,44.18793],[-78.90107,44.18789],[-78.90108,44.18775],[-78.9015,44.18772],[-78.90156,44.18788],[-78.90166,44.18792],[-78.90287,44.18786],[-78.90279,44.18809],[-78.90244,44.18834],[-78.90253,44.18852],[-78.9027,44.18852],[-78.90372,44.18779],[-78.90375,44.18756],[-78.90399,44.18705],[-78.90429,44.18682],[-78.90452,44.18639],[-78.90452,44.1856],[-78.90476,44.18541],[-78.90481,44.18499],[-78.9058,44.18405],[-78.9058,44.18325],[-78.90555,44.18307],[-78.90558,44.18286],[-78.90576,44.18264],[-78.90558,44.18224],[-78.90541,44.18204],[-78.90528,44.18162],[-78.90527,44.18131],[-78.90561,44.18047],[-78.90563,44.18007],[-78.90593,44.1797],[-78.90611,44.17959],[-78.90614,44.17905],[-78.90696,44.17824],[-78.90826,44.17752],[-78.90851,44.17745],[-78.90903,44.17761],[-78.90937,44.17761],[-78.91004,44.17741],[-78.91049,44.17706],[-78.9112,44.17618],[-78.91156,44.17561],[-78.91198,44.17521],[-78.91204,44.17421],[-78.91231,44.17286],[-78.91228,44.17233],[-78.9116,44.17168],[-78.91108,44.17158],[-78.91074,44.17135],[-78.91064,44.17117],[-78.91063,44.17073],[-78.90994,44.16982],[-78.90986,44.16954],[-78.90985,44.16878],[-78.90996,44.16813],[-78.90972,44.16775],[-78.90975,44.16758],[-78.91007,44.16728],[-78.91124,44.16577],[-78.91129,44.16552],[-78.91128,44.16499],[-78.91095,44.16428],[-78.91063,44.1645],[-78.90987,44.16552],[-78.9094,44.16583],[-78.90927,44.16582],[-78.90928,44.1657],[-78.90975,44.16541],[-78.91052,44.16432],[-78.9104,44.16398],[-78.91053,44.16396],[-78.91071,44.16423],[-78.91087,44.16421],[-78.91043,44.16308],[-78.91115,44.16248],[-78.91136,44.16268],[-78.91095,44.16312],[-78.91082,44.16303],[-78.91067,44.16305],[-78.91093,44.16348],[-78.91112,44.16346],[-78.91212,44.16219],[-78.91169,44.16198],[-78.91176,44.16191],[-78.91225,44.16201],[-78.91237,44.1618],[-78.91217,44.16169],[-78.91218,44.16162],[-78.91261,44.16155],[-78.91288,44.16131],[-78.91315,44.16138],[-78.91313,44.16161],[-78.91286,44.16182],[-78.91255,44.16222],[-78.91238,44.16265],[-78.91168,44.16355],[-78.91134,44.16386],[-78.91131,44.16405],[-78.91174,44.16474],[-78.91184,44.16482],[-78.91211,44.16482],[-78.91246,44.1647],[-78.91259,44.16453],[-78.91347,44.16397],[-78.91363,44.16336],[-78.91408,44.16239],[-78.91418,44.16188],[-78.91416,44.16131],[-78.91389,44.16109],[-78.91371,44.16114],[-78.91328,44.16098],[-78.91311,44.16069],[-78.91427,44.15852],[-78.91438,44.15709],[-78.91429,44.15648],[-78.91434,44.15636],[-78.91405,44.15588],[-78.91372,44.15497],[-78.91357,44.15371],[-78.91355,44.15245],[-78.91387,44.15178],[-78.91381,44.1515],[-78.91396,44.14929],[-78.91379,44.14876],[-78.91369,44.14865],[-78.91185,44.14849],[-78.91141,44.14868],[-78.91122,44.14867],[-78.91124,44.14845],[-78.91177,44.14799],[-78.91173,44.14783],[-78.91183,44.14775],[-78.9116,44.14709],[-78.91171,44.14693],[-78.91251,44.14653],[-78.91367,44.14624],[-78.9144,44.14549],[-78.91503,44.14387],[-78.91525,44.14379],[-78.91538,44.14363],[-78.91541,44.14284],[-78.91571,44.14203],[-78.91577,44.14156],[-78.91618,44.14111],[-78.91632,44.14072],[-78.91667,44.14026],[-78.91744,44.13862],[-78.91792,44.13742],[-78.91829,44.13633],[-78.91843,44.13561],[-78.91877,44.13479],[-78.91916,44.13412],[-78.92004,44.13328],[-78.92021,44.13282],[-78.92079,44.13228],[-78.92088,44.13178],[-78.92042,44.13173],[-78.92043,44.13155],[-78.92087,44.13162],[-78.92116,44.13124],[-78.92126,44.1307],[-78.9219,44.1294],[-78.92202,44.129],[-78.92255,44.12812],[-78.92326,44.12779],[-78.92387,44.12737],[-78.92415,44.12699],[-78.92476,44.12652],[-78.92553,44.12617],[-78.92682,44.12413],[-78.9273,44.12311],[-78.92737,44.12276],[-78.92835,44.12173],[-78.92856,44.12135],[-78.92896,44.1201],[-78.92935,44.11933],[-78.92933,44.11812],[-78.92953,44.11741],[-78.92961,44.11557],[-78.92943,44.11371],[-78.92944,44.11301],[-78.92933,44.11234],[-78.92935,44.11078],[-78.92914,44.10998],[-78.92888,44.1095],[-78.92887,44.10922],[-78.92857,44.10828],[-78.92856,44.10768],[-78.92846,44.10747],[-78.92862,44.10694],[-78.92891,44.10656],[-78.92919,44.10637],[-78.92954,44.10628],[-78.92963,44.10618],[-78.92962,44.10602],[-78.92902,44.10576],[-78.92857,44.10585],[-78.9283,44.10614],[-78.92829,44.10594],[-78.92807,44.10587],[-78.92815,44.10574],[-78.92806,44.10553],[-78.92786,44.10552],[-78.9279,44.10515],[-78.92767,44.10481],[-78.92768,44.10451],[-78.92794,44.10418],[-78.92907,44.10352],[-78.92972,44.10342],[-78.93022,44.10313],[-78.93047,44.10307],[-78.93079,44.10308],[-78.93104,44.10331],[-78.93119,44.10323],[-78.93128,44.10332],[-78.93235,44.10288],[-78.93406,44.10276],[-78.93426,44.10261],[-78.93403,44.10238],[-78.93411,44.1023],[-78.9345,44.10263],[-78.93531,44.10266],[-78.93619,44.10314],[-78.93677,44.10355],[-78.937,44.10359],[-78.93807,44.10319],[-78.93883,44.10279],[-78.93964,44.1036],[-78.94016,44.10372],[-78.94007,44.10415],[-78.94049,44.10448],[-78.94051,44.10468],[-78.94075,44.10494],[-78.94066,44.10496],[-78.94116,44.10563],[-78.94132,44.10561],[-78.94144,44.10575],[-78.94131,44.1059],[-78.94152,44.10676],[-78.94145,44.10708],[-78.94151,44.10738],[-78.94155,44.10745],[-78.9417,44.10741],[-78.94188,44.10769],[-78.9416,44.10805],[-78.9417,44.10832],[-78.94194,44.10851],[-78.94223,44.10861],[-78.94257,44.10861],[-78.94308,44.10843],[-78.94432,44.10739],[-78.9446,44.10751],[-78.94429,44.10785],[-78.94452,44.10792],[-78.94466,44.10784],[-78.94544,44.10849],[-78.94596,44.10881],[-78.94643,44.10887],[-78.94669,44.10905],[-78.9469,44.10957],[-78.94748,44.10946],[-78.94773,44.10963],[-78.94814,44.11019],[-78.94751,44.11008],[-78.94703,44.1101],[-78.94603,44.1115],[-78.94573,44.11222],[-78.94499,44.11334],[-78.94479,44.11387],[-78.9447,44.115],[-78.9448,44.11543],[-78.94513,44.11599],[-78.94551,44.11637],[-78.94661,44.11646],[-78.94686,44.11662],[-78.94704,44.11683],[-78.94708,44.11702],[-78.94703,44.11736],[-78.94665,44.11759],[-78.94639,44.11842],[-78.94639,44.11868],[-78.94619,44.11893],[-78.94612,44.11966],[-78.94584,44.12014],[-78.94574,44.12056],[-78.94543,44.1211],[-78.94482,44.12159],[-78.94482,44.12174],[-78.94493,44.12184],[-78.94556,44.12201],[-78.94663,44.12209],[-78.94714,44.12231],[-78.94779,44.12227],[-78.94891,44.12205],[-78.94999,44.12212],[-78.95032,44.12198],[-78.95037,44.12215],[-78.9505,44.12219],[-78.95093,44.12214],[-78.95108,44.12223],[-78.95132,44.12215],[-78.95154,44.12221],[-78.95161,44.12218],[-78.95163,44.12197],[-78.95198,44.12161],[-78.95221,44.12192],[-78.95231,44.12192],[-78.95245,44.1218],[-78.95254,44.12146],[-78.9531,44.12133],[-78.95352,44.121],[-78.95346,44.12136],[-78.95312,44.12156],[-78.9529,44.12216],[-78.9531,44.12236],[-78.95423,44.12231],[-78.95411,44.12249],[-78.95358,44.12281],[-78.95335,44.12277],[-78.95319,44.12287],[-78.95241,44.1228],[-78.95273,44.12313],[-78.95316,44.12322],[-78.95359,44.12349],[-78.95408,44.12351],[-78.95403,44.12367],[-78.95384,44.12382],[-78.95298,44.12391],[-78.95201,44.12426],[-78.95166,44.12423],[-78.95138,44.12406],[-78.95121,44.12405],[-78.95066,44.12434],[-78.95037,44.12416],[-78.95037,44.12406],[-78.95075,44.12365],[-78.95077,44.12348],[-78.94959,44.12293],[-78.94919,44.12285],[-78.94841,44.12294],[-78.94808,44.12324],[-78.9476,44.12326],[-78.94721,44.12322],[-78.94605,44.12275],[-78.94567,44.12267],[-78.94531,44.12268],[-78.94477,44.12298],[-78.94466,44.12319],[-78.94465,44.12353],[-78.94439,44.12412],[-78.94445,44.12459],[-78.94494,44.12491],[-78.94523,44.12498],[-78.94643,44.12502],[-78.94627,44.12518],[-78.94561,44.12539],[-78.94522,44.12544],[-78.94458,44.12534],[-78.94448,44.12539],[-78.94447,44.12572],[-78.94469,44.1256],[-78.945,44.1256],[-78.94531,44.12581],[-78.94601,44.12596],[-78.94612,44.12627],[-78.94407,44.12639],[-78.94372,44.12689],[-78.94368,44.12722],[-78.94343,44.12761],[-78.94068,44.1307],[-78.94026,44.13099],[-78.93978,44.13146],[-78.93931,44.13237],[-78.93892,44.13277],[-78.9388,44.13304],[-78.93798,44.13402],[-78.9371,44.13479],[-78.93683,44.1354],[-78.93627,44.13606],[-78.9364,44.13618],[-78.93639,44.13627],[-78.936,44.13636],[-78.93581,44.1366],[-78.93544,44.1373],[-78.9353,44.13775],[-78.93443,44.13967],[-78.934,44.14124],[-78.93344,44.14193],[-78.93362,44.14512],[-78.9335,44.1457],[-78.9332,44.14612],[-78.93294,44.14672],[-78.93233,44.14713],[-78.93213,44.14742],[-78.93149,44.14785],[-78.9313,44.14821],[-78.93127,44.1491],[-78.93137,44.1506],[-78.93111,44.15085],[-78.93109,44.15101],[-78.93148,44.15178],[-78.93149,44.15251],[-78.93142,44.15282],[-78.93124,44.15311],[-78.93087,44.15436],[-78.93116,44.15518],[-78.93152,44.1568],[-78.93178,44.15762],[-78.93179,44.15906],[-78.93203,44.15957],[-78.9324,44.16001],[-78.93218,44.16019],[-78.93185,44.1612],[-78.9316,44.16162],[-78.93118,44.16271],[-78.9307,44.16348],[-78.92993,44.16545],[-78.92947,44.16603],[-78.92926,44.16674],[-78.92898,44.16702],[-78.9285,44.1679],[-78.92778,44.16867],[-78.92718,44.16904],[-78.92678,44.16942],[-78.92642,44.16963],[-78.92555,44.16981],[-78.92577,44.17001],[-78.92511,44.17002],[-78.92492,44.17012],[-78.92372,44.17129],[-78.92332,44.17158],[-78.92355,44.17252],[-78.92389,44.17274],[-78.92404,44.17329],[-78.92407,44.17383],[-78.92459,44.17452],[-78.92485,44.17521],[-78.92541,44.17587],[-78.92569,44.17634],[-78.92578,44.17681],[-78.92598,44.17714],[-78.92648,44.17745],[-78.92694,44.17761],[-78.92858,44.17779],[-78.92868,44.17787],[-78.92872,44.17831],[-78.92893,44.17878],[-78.92954,44.17917],[-78.93005,44.17933],[-78.93143,44.1794],[-78.93182,44.17905],[-78.93212,44.17902],[-78.93197,44.17955],[-78.93165,44.17986],[-78.93152,44.18031],[-78.93181,44.18044],[-78.93105,44.18164],[-78.93079,44.18167],[-78.93077,44.18194],[-78.93035,44.18209],[-78.93025,44.18205],[-78.93019,44.18218],[-78.9299,44.18221],[-78.92951,44.18248],[-78.92876,44.1825],[-78.92882,44.18268],[-78.92873,44.18291],[-78.92837,44.18308],[-78.92824,44.18328],[-78.92823,44.18339],[-78.92833,44.18352],[-78.92819,44.18388],[-78.92761,44.18467],[-78.92703,44.18521],[-78.92653,44.18605],[-78.92624,44.18699],[-78.92563,44.18755],[-78.92555,44.18785],[-78.92483,44.18852],[-78.92449,44.18944],[-78.9245,44.18957],[-78.92476,44.18988],[-78.92481,44.19012],[-78.92534,44.19077],[-78.92571,44.19177],[-78.9254,44.19293],[-78.92516,44.19342],[-78.92515,44.19476],[-78.92501,44.19509],[-78.9249,44.19573],[-78.92478,44.19591],[-78.92477,44.19622],[-78.92422,44.19736],[-78.92408,44.19786],[-78.92407,44.1982],[-78.92414,44.19831],[-78.92405,44.19868],[-78.92428,44.19978],[-78.92411,44.20049],[-78.92409,44.20118],[-78.92426,44.20227],[-78.92424,44.20267],[-78.92409,44.20308],[-78.9241,44.20333],[-78.9237,44.20418],[-78.92364,44.20505],[-78.9237,44.20591],[-78.92385,44.20619],[-78.92386,44.20662],[-78.92424,44.20718],[-78.92423,44.20768],[-78.92412,44.20812],[-78.92447,44.20905],[-78.92465,44.20921],[-78.92495,44.2093],[-78.9256,44.20924],[-78.92635,44.20885],[-78.92672,44.20821],[-78.92682,44.20821],[-78.92686,44.20833],[-78.92657,44.20889],[-78.92757,44.20859],[-78.92773,44.20877],[-78.92838,44.2089],[-78.9288,44.20886],[-78.92902,44.20879],[-78.92933,44.2084],[-78.92946,44.20856],[-78.92949,44.20876],[-78.92941,44.20896],[-78.92893,44.20928],[-78.92842,44.20923],[-78.92842,44.2095],[-78.92828,44.20959],[-78.92788,44.20954],[-78.92787,44.20962],[-78.92834,44.21008],[-78.92832,44.21043],[-78.92862,44.21072],[-78.92889,44.21085],[-78.92896,44.21101],[-78.92893,44.21124],[-78.92909,44.21155],[-78.92904,44.21175],[-78.92891,44.21182],[-78.92888,44.21155],[-78.9287,44.2112],[-78.92829,44.21126],[-78.92765,44.21156],[-78.92683,44.21218],[-78.92644,44.21268],[-78.92642,44.21318],[-78.92634,44.2131],[-78.92621,44.21264],[-78.92597,44.21257],[-78.92521,44.21256],[-78.9239,44.21285],[-78.92367,44.21302],[-78.92345,44.21346],[-78.92349,44.21378],[-78.92382,44.21419],[-78.92385,44.21562],[-78.92401,44.21597],[-78.92399,44.21655],[-78.92408,44.21685],[-78.92427,44.21713],[-78.92436,44.21748],[-78.92458,44.21775],[-78.92455,44.21784],[-78.92472,44.21801],[-78.92508,44.21818],[-78.92571,44.21819],[-78.92558,44.21829],[-78.92481,44.21834],[-78.92482,44.21852],[-78.92509,44.2189],[-78.92526,44.21942],[-78.92595,44.22038],[-78.92583,44.22042],[-78.92552,44.22007],[-78.92528,44.21999],[-78.92466,44.21873],[-78.92417,44.21859],[-78.92369,44.21833],[-78.92353,44.2186],[-78.9236,44.21869],[-78.92343,44.21885],[-78.92318,44.21877],[-78.92293,44.2188],[-78.92272,44.21916],[-78.92199,44.21958],[-78.92149,44.21978],[-78.92085,44.21979],[-78.9206,44.21989],[-78.92032,44.22014],[-78.92107,44.22023],[-78.92159,44.22163],[-78.92147,44.22192],[-78.92134,44.22199],[-78.92075,44.22205],[-78.92034,44.22219],[-78.92028,44.22237],[-78.92056,44.22263],[-78.92053,44.22272],[-78.92019,44.22257],[-78.91998,44.22242],[-78.92003,44.22211],[-78.92123,44.22165],[-78.92101,44.22139],[-78.92104,44.2213],[-78.9208,44.22067],[-78.92055,44.22043],[-78.92017,44.22046],[-78.91995,44.22017],[-78.91991,44.21999],[-78.92009,44.21982],[-78.92012,44.21936],[-78.91998,44.21919],[-78.91973,44.21913],[-78.91998,44.21899],[-78.91991,44.21881],[-78.92055,44.21873],[-78.92059,44.21854],[-78.92072,44.2185],[-78.92084,44.21823],[-78.92074,44.21787],[-78.92105,44.21752],[-78.92106,44.2169],[-78.92097,44.21675],[-78.92073,44.21673],[-78.9207,44.21655],[-78.92081,44.21641],[-78.92093,44.21597],[-78.92055,44.21562],[-78.92028,44.21557],[-78.92018,44.21564],[-78.91999,44.21535],[-78.91986,44.21531],[-78.91922,44.21539],[-78.91811,44.21534],[-78.91771,44.21553],[-78.91748,44.21543],[-78.91664,44.21535],[-78.91662,44.21507],[-78.91634,44.21486],[-78.91607,44.21438],[-78.91586,44.21332],[-78.91553,44.21287],[-78.91461,44.21228],[-78.91415,44.21181],[-78.9132,44.21107],[-78.9119,44.21047],[-78.91157,44.21044],[-78.91119,44.21026],[-78.91099,44.2104],[-78.91091,44.21037],[-78.91079,44.21],[-78.91045,44.20963],[-78.91023,44.20914],[-78.91004,44.20814],[-78.90992,44.20798],[-78.90971,44.20784],[-78.90895,44.20761],[-78.90817,44.20761],[-78.9076,44.20769],[-78.90693,44.20815],[-78.90652,44.20872],[-78.9056,44.20972],[-78.90555,44.20989],[-78.90522,44.21026],[-78.9048,44.21099],[-78.90359,44.21177],[-78.90355,44.21186],[-78.90377,44.21231],[-78.90376,44.21266],[-78.90339,44.21333],[-78.90294,44.21374],[-78.90274,44.21376],[-78.90244,44.21358],[-78.90216,44.2137],[-78.90215,44.21385],[-78.90205,44.21397],[-78.90149,44.21419],[-78.90001,44.21432],[-78.89922,44.21466],[-78.89899,44.21495],[-78.89837,44.21505],[-78.89786,44.21536],[-78.89724,44.21562],[-78.89626,44.21589],[-78.89538,44.21668],[-78.89459,44.21699],[-78.89398,44.21714],[-78.89383,44.21726],[-78.89264,44.21737],[-78.89213,44.21733],[-78.89195,44.21727],[-78.8918,44.21707],[-78.89179,44.21685],[-78.89163,44.2167],[-78.89133,44.21702],[-78.89123,44.21728],[-78.89069,44.21785],[-78.88917,44.2188],[-78.88915,44.21894],[-78.8898,44.21942],[-78.88977,44.2196],[-78.88963,44.21964],[-78.88867,44.21907],[-78.88828,44.21927],[-78.88731,44.22],[-78.88444,44.22154],[-78.88357,44.22224],[-78.88307,44.22243],[-78.88295,44.22252],[-78.88299,44.22279],[-78.88294,44.22287],[-78.88263,44.2225],[-78.88238,44.22248],[-78.88166,44.22278],[-78.87954,44.22335],[-78.8793,44.22375],[-78.87925,44.22503],[-78.87904,44.22467],[-78.87778,44.22417],[-78.87729,44.22411],[-78.87689,44.22419],[-78.87598,44.22457],[-78.87438,44.22486],[-78.87344,44.22522],[-78.87336,44.22549],[-78.87358,44.22615],[-78.87333,44.22628],[-78.87334,44.22637],[-78.87397,44.2264],[-78.8735,44.22697],[-78.87344,44.22716],[-78.87351,44.22726],[-78.87339,44.22735],[-78.87327,44.22732],[-78.87332,44.2276],[-78.87324,44.22777],[-78.87342,44.22794],[-78.8734,44.22804],[-78.8732,44.22821],[-78.8731,44.22895],[-78.87299,44.22917],[-78.87265,44.22952],[-78.87241,44.22949],[-78.87264,44.2286],[-78.87264,44.22806],[-78.87239,44.22789],[-78.87233,44.22771],[-78.87209,44.2276],[-78.87171,44.22681],[-78.87129,44.2265],[-78.87128,44.22614],[-78.87119,44.22605],[-78.87067,44.22586],[-78.87011,44.22581],[-78.86934,44.2259],[-78.86869,44.22641],[-78.86803,44.22649],[-78.86793,44.22658],[-78.86792,44.22699],[-78.86784,44.22708],[-78.86771,44.22703],[-78.86751,44.22676],[-78.86749,44.22667],[-78.86761,44.22665],[-78.8674,44.22653],[-78.86749,44.22644],[-78.86743,44.22635],[-78.86731,44.22627],[-78.86692,44.22634],[-78.86716,44.22619],[-78.8668,44.22593],[-78.86657,44.22565],[-78.86644,44.22561],[-78.86628,44.22543],[-78.8659,44.22546],[-78.86588,44.22528],[-78.86597,44.2251],[-78.86593,44.22464],[-78.86579,44.22436],[-78.8656,44.22421],[-78.86576,44.22403],[-78.86567,44.22385],[-78.86605,44.22256],[-78.8661,44.22212],[-78.86596,44.22171],[-78.86424,44.2222],[-78.86187,44.22408],[-78.8616,44.22421],[-78.861,44.22431],[-78.8605,44.2246],[-78.85987,44.2254],[-78.86025,44.22539],[-78.86013,44.22547],[-78.86014,44.22565],[-78.86039,44.22561],[-78.86028,44.22632],[-78.86018,44.2265],[-78.85983,44.22671],[-78.85978,44.22653],[-78.85954,44.22637],[-78.85855,44.22597],[-78.8578,44.22594],[-78.85651,44.22657],[-78.85578,44.227],[-78.8555,44.22727],[-78.85475,44.22767],[-78.85448,44.22812],[-78.854,44.22842],[-78.85223,44.22894],[-78.85185,44.22914],[-78.85166,44.22949],[-78.85177,44.22968],[-78.85163,44.22995],[-78.8515,44.23],[-78.85146,44.22973],[-78.85132,44.22976],[-78.84917,44.23108],[-78.84854,44.23108],[-78.84874,44.23096],[-78.84898,44.23101],[-78.84938,44.23066],[-78.849,44.2305],[-78.84712,44.23021],[-78.84526,44.23023],[-78.84482,44.23055],[-78.84488,44.23073],[-78.84468,44.2309],[-78.84462,44.23116],[-78.84475,44.23135],[-78.84463,44.23152],[-78.84462,44.23192],[-78.8449,44.23205],[-78.84514,44.23197],[-78.84538,44.2317],[-78.84605,44.23131],[-78.84629,44.23138],[-78.8463,44.23147],[-78.84604,44.23141],[-78.84591,44.23149],[-78.84595,44.23176],[-78.8462,44.23184],[-78.84645,44.23175],[-78.84671,44.23177],[-78.84678,44.23186],[-78.84653,44.23189],[-78.8463,44.23204],[-78.84622,44.23222],[-78.84596,44.2323],[-78.84572,44.23217],[-78.84534,44.23227],[-78.84521,44.23223],[-78.84519,44.23215],[-78.84506,44.23215],[-78.84493,44.23224],[-78.84499,44.23233],[-78.8448,44.23244],[-78.84467,44.23241],[-78.84454,44.23213],[-78.84441,44.23222],[-78.84401,44.23329],[-78.84423,44.2334],[-78.84449,44.23333],[-78.84473,44.23347],[-78.84486,44.23345],[-78.84499,44.23327],[-78.84524,44.23339],[-78.84536,44.23334],[-78.84538,44.23344],[-78.8453,44.23353],[-78.84537,44.23361],[-78.84577,44.23335],[-78.84602,44.2334],[-78.84621,44.23321],[-78.84646,44.23315],[-78.84663,44.23331],[-78.84651,44.23334],[-78.84635,44.23361],[-78.84647,44.23369],[-78.84699,44.23357],[-78.84707,44.23365],[-78.84708,44.23375],[-78.84658,44.23381],[-78.8464,44.23399],[-78.84612,44.23367],[-78.84569,44.23397],[-78.84567,44.23406],[-78.84587,44.23423],[-78.84576,44.23495],[-78.84603,44.23518],[-78.846,44.23528],[-78.84575,44.23533],[-78.84564,44.23562],[-78.84563,44.23589],[-78.84589,44.23617],[-78.8464,44.23618],[-78.8462,44.23632],[-78.84583,44.23635],[-78.84559,44.23661],[-78.84568,44.2367],[-78.84539,44.23696],[-78.84506,44.2375],[-78.84497,44.23778],[-78.84511,44.23814],[-78.84493,44.23832],[-78.84422,44.23947],[-78.84427,44.23992],[-78.84415,44.23988],[-78.84376,44.24005],[-78.84284,44.2407],[-78.84233,44.24092],[-78.84164,44.24152],[-78.8413,44.24207],[-78.84124,44.24235],[-78.84075,44.24243],[-78.84038,44.24267],[-78.84026,44.24265],[-78.84013,44.24274],[-78.84037,44.24292],[-78.83986,44.24303],[-78.83994,44.2433],[-78.84018,44.24343],[-78.84014,44.24361],[-78.83994,44.24379],[-78.84014,44.24387],[-78.84016,44.24415],[-78.83981,44.24433],[-78.83965,44.24512],[-78.83964,44.24567],[-78.83947,44.24583],[-78.83943,44.24574],[-78.83918,44.2457],[-78.83938,44.24553],[-78.83917,44.2448],[-78.83923,44.24423],[-78.83917,44.24378],[-78.83923,44.2436],[-78.83899,44.24344],[-78.83889,44.24315],[-78.83891,44.24252],[-78.83857,44.24235],[-78.83795,44.24239],[-78.83786,44.24221],[-78.83798,44.24219],[-78.83799,44.2421],[-78.83737,44.24184],[-78.83724,44.24184],[-78.83718,44.24193],[-78.83693,44.24185],[-78.83695,44.24203],[-78.83682,44.24207],[-78.83645,44.24202],[-78.83605,44.24216],[-78.83581,44.2421],[-78.83574,44.24201],[-78.83599,44.24185],[-78.83637,44.24184],[-78.83648,44.24175],[-78.83606,44.24141],[-78.8357,44.24126],[-78.83568,44.24116],[-78.83631,44.24112],[-78.8367,44.24098],[-78.83655,44.2408],[-78.83664,44.2407],[-78.83701,44.24074],[-78.83713,44.24084],[-78.83731,44.24057],[-78.83726,44.24048],[-78.83751,44.24049],[-78.8379,44.24079],[-78.83828,44.24074],[-78.83833,44.24057],[-78.83819,44.24028],[-78.83832,44.24024],[-78.83857,44.24034],[-78.83871,44.24071],[-78.83971,44.24056],[-78.83997,44.24066],[-78.84028,44.24043],[-78.84053,44.24036],[-78.84062,44.24054],[-78.84043,44.24081],[-78.84051,44.24099],[-78.84096,44.24077],[-78.84113,44.24059],[-78.84113,44.24041],[-78.84121,44.24033],[-78.84183,44.24],[-78.84182,44.23981],[-78.84209,44.23937],[-78.84246,44.23934],[-78.84247,44.23853],[-78.84282,44.23843],[-78.84294,44.23817],[-78.84307,44.23814],[-78.84308,44.23778],[-78.84329,44.23762],[-78.84326,44.23744],[-78.84301,44.2373],[-78.84263,44.23744],[-78.8425,44.23742],[-78.84231,44.23696],[-78.84232,44.23669],[-78.84244,44.23667],[-78.84248,44.23639],[-78.84323,44.23631],[-78.84346,44.23649],[-78.84347,44.23667],[-78.84309,44.23709],[-78.84329,44.23725],[-78.84347,44.23707],[-78.84358,44.23709],[-78.84372,44.23701],[-78.84391,44.23665],[-78.84377,44.2361],[-78.8434,44.23595],[-78.84315,44.23599],[-78.84323,44.2359],[-78.8436,44.23585],[-78.84368,44.23576],[-78.8437,44.2354],[-78.84349,44.23503],[-78.84294,44.2345],[-78.84271,44.23411],[-78.84271,44.23358],[-78.84322,44.23178],[-78.84322,44.2312],[-78.84291,44.23029],[-78.84324,44.2301],[-78.84307,44.22983],[-78.84318,44.22955],[-78.84314,44.22935],[-78.84332,44.22919],[-78.84323,44.22909],[-78.84328,44.229],[-78.84366,44.22881],[-78.84379,44.22881],[-78.84387,44.2289],[-78.84412,44.22887],[-78.84466,44.22845],[-78.84504,44.22855],[-78.84556,44.22814],[-78.84594,44.22807],[-78.84606,44.22779],[-78.84599,44.22759],[-78.8457,44.22734],[-78.84544,44.2274],[-78.84482,44.22733],[-78.84451,44.22709],[-78.8443,44.22679],[-78.84421,44.22596],[-78.8434,44.22465],[-78.84341,44.22429],[-78.84406,44.22349],[-78.84421,44.22313],[-78.84416,44.22295],[-78.84425,44.22269],[-78.84428,44.22223],[-78.8442,44.22203],[-78.84418,44.22122],[-78.84414,44.22087],[-78.84392,44.22042],[-78.84365,44.22005],[-78.84216,44.2194],[-78.84177,44.21904],[-78.84107,44.21804],[-78.84102,44.21755],[-78.84092,44.2174],[-78.84064,44.21716],[-78.84016,44.21697],[-78.83951,44.21642],[-78.83931,44.2153],[-78.83861,44.21473],[-78.83756,44.21435],[-78.83743,44.21424],[-78.83699,44.21327],[-78.83693,44.21273],[-78.83671,44.21257],[-78.83626,44.21243],[-78.83557,44.21248],[-78.83423,44.21311],[-78.83369,44.21325],[-78.83414,44.2128],[-78.8344,44.2124],[-78.83515,44.21223],[-78.8352,44.21214],[-78.83492,44.21208],[-78.83477,44.21169],[-78.83436,44.21125],[-78.83413,44.21112],[-78.83367,44.21102],[-78.83349,44.21088],[-78.83343,44.21055],[-78.83326,44.21039],[-78.83285,44.2097],[-78.83262,44.20962],[-78.83242,44.2093],[-78.83244,44.20874],[-78.83261,44.20842],[-78.832,44.20835],[-78.83203,44.20825],[-78.83247,44.20804],[-78.83251,44.20792],[-78.83238,44.20776],[-78.83167,44.20736],[-78.83148,44.20709],[-78.83147,44.2069],[-78.83121,44.20671],[-78.83146,44.20536],[-78.83167,44.2048],[-78.83203,44.20416],[-78.83249,44.20366],[-78.83294,44.2029],[-78.83364,44.20203],[-78.83429,44.2009],[-78.83539,44.1996],[-78.83563,44.1995],[-78.83607,44.19906],[-78.83717,44.19828],[-78.83777,44.19767],[-78.83818,44.19743],[-78.83843,44.19693],[-78.83847,44.1965],[-78.83763,44.19468],[-78.83744,44.1939],[-78.83738,44.19295],[-78.83749,44.1925],[-78.83746,44.19235],[-78.83667,44.19205],[-78.83572,44.19131],[-78.83441,44.19091],[-78.83258,44.19019],[-78.83229,44.19013],[-78.83196,44.19021],[-78.83116,44.19069],[-78.82983,44.19129],[-78.82922,44.19147],[-78.82728,44.19175],[-78.82701,44.19186],[-78.82524,44.19311],[-78.82483,44.19359],[-78.82383,44.19531],[-78.82218,44.19875],[-78.82194,44.19899],[-78.822,44.19914],[-78.82196,44.1994],[-78.82176,44.1999],[-78.82175,44.20019],[-78.82193,44.20108],[-78.82231,44.20116],[-78.8223,44.20212],[-78.82268,44.20295],[-78.82248,44.20361],[-78.82298,44.20379],[-78.8235,44.20421],[-78.82444,44.20422],[-78.82479,44.20441],[-78.82511,44.20425],[-78.82546,44.2043],[-78.82676,44.20516],[-78.82774,44.20633],[-78.82831,44.20643],[-78.82871,44.2067],[-78.82933,44.20694],[-78.82959,44.20717],[-78.82957,44.208],[-78.82945,44.20889],[-78.82927,44.20938],[-78.8291,44.21141],[-78.829,44.2116],[-78.82907,44.21189],[-78.82895,44.21235],[-78.82905,44.21238],[-78.82905,44.21245],[-78.82885,44.21263],[-78.8287,44.2131],[-78.82856,44.21407],[-78.8286,44.21432],[-78.82852,44.21451],[-78.82867,44.21463],[-78.8286,44.21474],[-78.82819,44.21486],[-78.82838,44.21504],[-78.8284,44.21555],[-78.82876,44.21633],[-78.82877,44.21649],[-78.82866,44.21657],[-78.82818,44.21633],[-78.82766,44.21625],[-78.82746,44.21639],[-78.82745,44.21659],[-78.82728,44.21666],[-78.82704,44.21662],[-78.82689,44.21689],[-78.82697,44.21707],[-78.82662,44.21746],[-78.82665,44.21776],[-78.8264,44.21781],[-78.82634,44.21764],[-78.82639,44.21746],[-78.82663,44.2171],[-78.82667,44.2169],[-78.82655,44.21684],[-78.82604,44.21699],[-78.82576,44.21724],[-78.82554,44.21711],[-78.8254,44.21683],[-78.8243,44.21645],[-78.82404,44.21619],[-78.82356,44.2167],[-78.8233,44.21682],[-78.82318,44.21677],[-78.82335,44.21632],[-78.82355,44.21606],[-78.82355,44.2153],[-78.82341,44.21489],[-78.82335,44.21359],[-78.82313,44.21279],[-78.82293,44.21251],[-78.82284,44.21202],[-78.82249,44.21171],[-78.82229,44.21164],[-78.8213,44.21149],[-78.8194,44.21135],[-78.81736,44.211],[-78.81612,44.21094],[-78.81492,44.21071],[-78.81336,44.21019],[-78.81281,44.20961],[-78.81255,44.20964],[-78.81235,44.20988],[-78.81188,44.21005],[-78.81148,44.21016],[-78.8112,44.21017],[-78.81113,44.2101],[-78.81115,44.20979],[-78.81154,44.20909],[-78.81153,44.20868],[-78.81141,44.20836],[-78.81153,44.20659],[-78.81269,44.20335],[-78.81266,44.20246],[-78.81282,44.20196],[-78.81287,44.20136],[-78.81322,44.20108],[-78.81365,44.20095],[-78.8139,44.20079],[-78.81469,44.19941],[-78.81475,44.19916],[-78.81475,44.19895],[-78.81461,44.19885],[-78.81409,44.19865],[-78.81339,44.19859],[-78.81286,44.19866],[-78.81265,44.19882],[-78.81219,44.20041],[-78.81226,44.2005],[-78.81253,44.20041],[-78.81279,44.20064],[-78.81281,44.201],[-78.81252,44.20131],[-78.81236,44.2018],[-78.81208,44.20206],[-78.81216,44.20232],[-78.81207,44.20264],[-78.81174,44.20304],[-78.81086,44.20458],[-78.81003,44.20557],[-78.80953,44.2067],[-78.80855,44.20826],[-78.80785,44.20899],[-78.80591,44.20978],[-78.80428,44.21087],[-78.80325,44.21129],[-78.80041,44.21218],[-78.80018,44.21232],[-78.79967,44.21237],[-78.79659,44.21312],[-78.79593,44.21319],[-78.7944,44.2132],[-78.79355,44.21417],[-78.79337,44.2147],[-78.79272,44.21573],[-78.79269,44.21595],[-78.79203,44.21647],[-78.79175,44.21697],[-78.79147,44.21729],[-78.79113,44.21795],[-78.79075,44.21833],[-78.79064,44.21856],[-78.78909,44.21938],[-78.78822,44.21965],[-78.78674,44.22036],[-78.78632,44.22068],[-78.78579,44.22126],[-78.78539,44.22197],[-78.78537,44.22215],[-78.78655,44.22277],[-78.78736,44.22336],[-78.78749,44.22331],[-78.78761,44.22338],[-78.78788,44.22409],[-78.78796,44.22464],[-78.7879,44.22491],[-78.78712,44.22681],[-78.78676,44.22743],[-78.78645,44.22818],[-78.78625,44.22881],[-78.78611,44.22964],[-78.78581,44.23051],[-78.78564,44.23159],[-78.78584,44.23242],[-78.7866,44.23249],[-78.78686,44.23244],[-78.78749,44.23212],[-78.78764,44.23233],[-78.78743,44.23251],[-78.78667,44.23286],[-78.78591,44.23278],[-78.78608,44.23297],[-78.78594,44.23311],[-78.78569,44.23302],[-78.78532,44.23305],[-78.78521,44.23286],[-78.78521,44.23268],[-78.78509,44.23259],[-78.78514,44.23232],[-78.7849,44.23228],[-78.78488,44.23219],[-78.78518,44.23193],[-78.78491,44.2317],[-78.78465,44.23174],[-78.7847,44.23156],[-78.7849,44.23145],[-78.78428,44.23073],[-78.78454,44.23076],[-78.78471,44.23062],[-78.78465,44.23052],[-78.78392,44.23017],[-78.78417,44.23004],[-78.78431,44.22978],[-78.78457,44.2297],[-78.78449,44.2296],[-78.78452,44.22952],[-78.78491,44.22943],[-78.78485,44.22925],[-78.7846,44.22916],[-78.78489,44.22891],[-78.78496,44.22873],[-78.78491,44.22836],[-78.78504,44.22818],[-78.78498,44.228],[-78.78509,44.22739],[-78.78502,44.22681],[-78.78522,44.22619],[-78.78517,44.22567],[-78.78548,44.2245],[-78.78546,44.22423],[-78.78581,44.22361],[-78.78573,44.22331],[-78.78558,44.22312],[-78.78498,44.22284],[-78.78457,44.22279],[-78.78355,44.22305],[-78.78203,44.22398],[-78.7798,44.22481],[-78.77883,44.22562],[-78.77782,44.22689],[-78.77772,44.22725],[-78.77697,44.22816],[-78.77563,44.23043],[-78.7751,44.231],[-78.77473,44.23102],[-78.7737,44.23131],[-78.77239,44.23104],[-78.77204,44.23069],[-78.77191,44.23067],[-78.7713,44.23104],[-78.77055,44.2313],[-78.76876,44.23299],[-78.76795,44.23408],[-78.76727,44.23469],[-78.76721,44.23478],[-78.76727,44.23496],[-78.76703,44.23496],[-78.76678,44.23514],[-78.76645,44.23544],[-78.76592,44.23618],[-78.76568,44.23633],[-78.76515,44.23698],[-78.76509,44.2375],[-78.76478,44.23808],[-78.76367,44.23908],[-78.76366,44.23926],[-78.76323,44.23958],[-78.76326,44.23976],[-78.76284,44.24068],[-78.76277,44.2418],[-78.76282,44.24199],[-78.76307,44.24207],[-78.76298,44.24225],[-78.76321,44.24252],[-78.76344,44.24339],[-78.76344,44.24366],[-78.76323,44.24411],[-78.7633,44.24447],[-78.76317,44.24455],[-78.76313,44.24491],[-78.76337,44.24509],[-78.76346,44.24528],[-78.7631,44.24513],[-78.76273,44.24515],[-78.76195,44.24542],[-78.76145,44.24586],[-78.7612,44.2465],[-78.76121,44.24678],[-78.76133,44.24686],[-78.76233,44.24715],[-78.7631,44.24705],[-78.76334,44.24669],[-78.76347,44.24662],[-78.76335,44.24699],[-78.76405,44.24744],[-78.76386,44.24805],[-78.76402,44.24874],[-78.76421,44.24901],[-78.76478,44.24882],[-78.76502,44.24881],[-78.76537,44.24858],[-78.76548,44.24867],[-78.76547,44.24886],[-78.76534,44.24893],[-78.76464,44.24901],[-78.76425,44.24921],[-78.76422,44.24931],[-78.76434,44.24936],[-78.76484,44.24926],[-78.7648,44.24935],[-78.76489,44.24944],[-78.76451,44.24951],[-78.76447,44.2496],[-78.76492,44.25025],[-78.76499,44.25052],[-78.76483,44.25087],[-78.76471,44.25179],[-78.76448,44.25205],[-78.76445,44.25237],[-78.76432,44.25256],[-78.76327,44.25372],[-78.76313,44.2545],[-78.76287,44.25506],[-78.76213,44.25774],[-78.76214,44.25841],[-78.76186,44.25925],[-78.76191,44.25943],[-78.76173,44.26028],[-78.76145,44.26109],[-78.76144,44.26146],[-78.76157,44.26207],[-78.76185,44.26232],[-78.76173,44.26237],[-78.76132,44.26321],[-78.76131,44.26353],[-78.76139,44.26361],[-78.76128,44.2637],[-78.76123,44.26468],[-78.76145,44.26486],[-78.76157,44.26488],[-78.7616,44.26507],[-78.76111,44.26496],[-78.75914,44.26586],[-78.75898,44.26604],[-78.75877,44.26654],[-78.75743,44.26826],[-78.75693,44.26937],[-78.75664,44.26973],[-78.75646,44.27026],[-78.75618,44.27061],[-78.75623,44.27088],[-78.7561,44.27097],[-78.75572,44.27099],[-78.75504,44.27141],[-78.75291,44.27185],[-78.7522,44.27209],[-78.75146,44.27247],[-78.75115,44.27271],[-78.75021,44.27376],[-78.7499,44.27121],[-78.75048,44.27069],[-78.75067,44.27042],[-78.75104,44.27023],[-78.75109,44.26922],[-78.75138,44.26864],[-78.75329,44.26663],[-78.75366,44.26641],[-78.75384,44.26591],[-78.75422,44.2654],[-78.75459,44.2653],[-78.75553,44.26467],[-78.75591,44.26454],[-78.75652,44.26409],[-78.75659,44.26379],[-78.75678,44.26365],[-78.75717,44.2631],[-78.75747,44.26252],[-78.75772,44.26126],[-78.75779,44.26045],[-78.75771,44.25981],[-78.75739,44.25936],[-78.75725,44.2593],[-78.75729,44.25913],[-78.7572,44.25904],[-78.75644,44.25871],[-78.75557,44.2585],[-78.75373,44.25827],[-78.75319,44.25794],[-78.75229,44.25717],[-78.75217,44.25689],[-78.75205,44.25682],[-78.75206,44.25664],[-78.75232,44.25648],[-78.75219,44.25604],[-78.75194,44.25607],[-78.75183,44.25599],[-78.75218,44.25565],[-78.75211,44.25547],[-78.75188,44.25529],[-78.75179,44.25501],[-78.75184,44.25449],[-78.75191,44.2544],[-78.75185,44.25422],[-78.75147,44.25426],[-78.75122,44.25442],[-78.75115,44.25486],[-78.75123,44.25496],[-78.75148,44.25502],[-78.75148,44.25511],[-78.7511,44.25515],[-78.75097,44.2551],[-78.75104,44.25492],[-78.751,44.25448],[-78.75113,44.2543],[-78.75098,44.25411],[-78.75136,44.25412],[-78.75176,44.25377],[-78.75201,44.2537],[-78.75219,44.25353],[-78.75257,44.25347],[-78.75271,44.2533],[-78.75265,44.2532],[-78.75239,44.25308],[-78.75201,44.25311],[-78.75163,44.25256],[-78.75111,44.25245],[-78.75,44.25249],[-78.75,44.25239],[-78.75095,44.25236],[-78.75134,44.25225],[-78.75142,44.25198],[-78.75123,44.25184],[-78.75129,44.25175],[-78.75167,44.25192],[-78.75206,44.25194],[-78.75197,44.25204],[-78.7516,44.25213],[-78.75161,44.25231],[-78.7525,44.25231],[-78.75274,44.25221],[-78.75299,44.25193],[-78.753,44.25166],[-78.75325,44.25163],[-78.75332,44.25136],[-78.75324,44.25126],[-78.75299,44.25125],[-78.75276,44.25138],[-78.75249,44.25124],[-78.75256,44.25106],[-78.75284,44.25081],[-78.75288,44.25044],[-78.75271,44.25026],[-78.75274,44.25008],[-78.75314,44.24974],[-78.7538,44.24949],[-78.75392,44.2495],[-78.75382,44.24977],[-78.75388,44.24985],[-78.75411,44.24994],[-78.75442,44.24992],[-78.75448,44.24981],[-78.75426,44.24945],[-78.75435,44.24928],[-78.75448,44.24923],[-78.75452,44.24967],[-78.75464,44.24965],[-78.75494,44.24939],[-78.75484,44.24912],[-78.75486,44.24874],[-78.75458,44.24838],[-78.75464,44.24829],[-78.75488,44.24835],[-78.75504,44.24819],[-78.75493,44.248],[-78.75503,44.24774],[-78.75497,44.24725],[-78.75487,44.24707],[-78.75434,44.24661],[-78.75437,44.24634],[-78.75428,44.24596],[-78.75396,44.24573],[-78.75345,44.24581],[-78.75335,44.24598],[-78.75309,44.24599],[-78.75301,44.24581],[-78.75316,44.24563],[-78.75341,44.24556],[-78.75367,44.24537],[-78.75381,44.24483],[-78.75444,44.24431],[-78.75468,44.24449],[-78.75493,44.24447],[-78.75502,44.24438],[-78.75504,44.24428],[-78.75471,44.24383],[-78.75476,44.24343],[-78.75529,44.24269],[-78.75531,44.24251],[-78.75553,44.24224],[-78.75566,44.24218],[-78.7557,44.24227],[-78.75603,44.24182],[-78.75598,44.24156],[-78.75618,44.24129],[-78.75617,44.2409],[-78.7564,44.24026],[-78.75647,44.24018],[-78.75672,44.24018],[-78.75662,44.23981],[-78.7567,44.23954],[-78.7567,44.23915],[-78.75698,44.23857],[-78.75738,44.237],[-78.7575,44.23682],[-78.7577,44.23599],[-78.75772,44.23493],[-78.75792,44.23466],[-78.75778,44.23412],[-78.75758,44.23396],[-78.75719,44.23409],[-78.75682,44.23406],[-78.75631,44.23421],[-78.75618,44.23417],[-78.7563,44.23253],[-78.75639,44.23224],[-78.75789,44.23013],[-78.75861,44.22957],[-78.75866,44.22921],[-78.75894,44.2285],[-78.76009,44.22759],[-78.76008,44.22731],[-78.76054,44.22638],[-78.7615,44.22557],[-78.76238,44.2251],[-78.76248,44.22492],[-78.7629,44.22457],[-78.76298,44.22438],[-78.76353,44.22396],[-78.76378,44.2236],[-78.76414,44.22251],[-78.76438,44.22217],[-78.76644,44.22049],[-78.76808,44.21946],[-78.76875,44.21839],[-78.76973,44.21762],[-78.77119,44.21557],[-78.77342,44.21327],[-78.77367,44.2131],[-78.77377,44.21294],[-78.77449,44.21267],[-78.77507,44.21228],[-78.77549,44.21164],[-78.77631,44.21069],[-78.77665,44.21004],[-78.77707,44.20975],[-78.77711,44.20935],[-78.77727,44.209],[-78.77832,44.20782],[-78.77906,44.20724],[-78.7794,44.20679],[-78.77976,44.20653],[-78.77986,44.20635],[-78.77982,44.20606],[-78.77954,44.20572],[-78.77921,44.20486],[-78.77912,44.20379],[-78.77901,44.20333],[-78.77904,44.20254],[-78.77923,44.20178],[-78.77986,44.20081],[-78.78041,44.20037],[-78.78164,44.2004],[-78.78183,44.20049],[-78.78207,44.20081],[-78.78208,44.20125],[-78.78218,44.20134],[-78.7826,44.20125],[-78.78387,44.19993],[-78.78456,44.19897],[-78.78558,44.19718],[-78.78683,44.19628],[-78.78738,44.1958],[-78.78776,44.1953],[-78.7881,44.19428],[-78.78814,44.19308],[-78.78805,44.19279],[-78.78765,44.1924],[-78.78766,44.19193],[-78.78803,44.19149],[-78.78849,44.1906],[-78.79003,44.18896],[-78.79022,44.18858],[-78.79047,44.18843],[-78.79056,44.18812],[-78.79076,44.18785],[-78.79065,44.18733],[-78.79078,44.1869],[-78.79067,44.18634],[-78.79095,44.18615],[-78.79152,44.18605],[-78.79254,44.18571],[-78.7929,44.18569],[-78.79319,44.18584],[-78.79496,44.185],[-78.79516,44.18511],[-78.79515,44.18529],[-78.79481,44.18593],[-78.79481,44.18614],[-78.79462,44.18646],[-78.79431,44.18739],[-78.79437,44.18786],[-78.79428,44.18807],[-78.79392,44.18819],[-78.79395,44.18829],[-78.79637,44.18827],[-78.79698,44.18812],[-78.79737,44.18782],[-78.79804,44.18692],[-78.79834,44.18611],[-78.79835,44.18486],[-78.79846,44.18432],[-78.79864,44.18391],[-78.79902,44.18353],[-78.80002,44.18216],[-78.80026,44.18199],[-78.80092,44.18177],[-78.80131,44.18148],[-78.80281,44.18066],[-78.80373,44.17966],[-78.80539,44.17827],[-78.80558,44.1782],[-78.80604,44.17831],[-78.80623,44.17804],[-78.80638,44.17805],[-78.80641,44.17821],[-78.80657,44.17818],[-78.80788,44.1775],[-78.80941,44.17612],[-78.81,44.1754],[-78.81025,44.1749],[-78.81065,44.17454],[-78.81077,44.17423],[-78.8122,44.17384],[-78.81347,44.17299],[-78.81439,44.17251],[-78.81517,44.17221],[-78.81677,44.17131],[-78.81889,44.16948],[-78.81918,44.16915],[-78.81946,44.1685],[-78.81949,44.16772],[-78.81925,44.16718],[-78.8193,44.16628],[-78.81938,44.16603],[-78.81995,44.16515],[-78.82015,44.16466],[-78.82105,44.16395],[-78.82129,44.16359],[-78.82156,44.16349],[-78.82178,44.16328],[-78.82215,44.16276],[-78.82237,44.16267],[-78.8227,44.16237],[-78.82344,44.16209],[-78.82449,44.16124],[-78.82498,44.16099],[-78.82547,44.16102],[-78.82602,44.16128],[-78.82639,44.16173],[-78.82676,44.16186],[-78.82785,44.16211],[-78.82858,44.16212],[-78.82933,44.16203],[-78.82987,44.16187],[-78.83062,44.16145],[-78.83251,44.16076],[-78.83323,44.16087],[-78.83349,44.16084],[-78.8342,44.16073],[-78.83469,44.16048],[-78.83471,44.1603],[-78.83582,44.15919],[-78.83634,44.15883],[-78.83641,44.15847],[-78.83665,44.15836],[-78.83669,44.15804],[-78.83692,44.1576],[-78.83751,44.15691],[-78.83794,44.15579],[-78.83801,44.15539],[-78.83834,44.15473],[-78.83903,44.15376],[-78.84001,44.1528],[-78.84114,44.15187],[-78.84162,44.15121],[-78.84234,44.14981],[-78.84325,44.14895],[-78.84406,44.14794],[-78.84502,44.14647],[-78.84509,44.14586],[-78.84524,44.14543],[-78.84651,44.14363],[-78.84707,44.14319],[-78.84869,44.14225],[-78.84903,44.14223],[-78.84971,44.14198],[-78.85019,44.1419],[-78.85093,44.14139],[-78.851,44.14073],[-78.85151,44.13997],[-78.8515,44.13985],[-78.85119,44.1398],[-78.85117,44.13971],[-78.85181,44.13899],[-78.85186,44.13878],[-78.85126,44.13847],[-78.85121,44.13827],[-78.85204,44.13849],[-78.85247,44.13845],[-78.85256,44.13834],[-78.85234,44.13797],[-78.85279,44.13775],[-78.85294,44.13776],[-78.85293,44.1381],[-78.85322,44.13806],[-78.85364,44.13781],[-78.8539,44.13723],[-78.85382,44.13626],[-78.85405,44.13624],[-78.85419,44.13632],[-78.85425,44.13664],[-78.8545,44.13682],[-78.85552,44.13679],[-78.85575,44.13699],[-78.85537,44.13717],[-78.85535,44.13751],[-78.85514,44.13789],[-78.85507,44.13867],[-78.85535,44.13976],[-78.85569,44.14046],[-78.85584,44.14125],[-78.85593,44.14134],[-78.85618,44.14127],[-78.85745,44.1402],[-78.85839,44.13957],[-78.85861,44.1393],[-78.85876,44.13907],[-78.85881,44.13869],[-78.85852,44.13758],[-78.8586,44.13734],[-78.85891,44.13711],[-78.85861,44.13662],[-78.85858,44.13604],[-78.85831,44.13533],[-78.85837,44.1352],[-78.8581,44.13454],[-78.85738,44.13494],[-78.85734,44.13521],[-78.85705,44.1351],[-78.85679,44.13488],[-78.85707,44.1346],[-78.8571,44.13444],[-78.8568,44.13405],[-78.85681,44.13375],[-78.85744,44.13326],[-78.85769,44.13327],[-78.85849,44.13351],[-78.85867,44.13346],[-78.85869,44.13305],[-78.85911,44.13294],[-78.85925,44.13329],[-78.85877,44.13373],[-78.85864,44.13382],[-78.85843,44.13381],[-78.85773,44.13367],[-78.85772,44.13388],[-78.85814,44.13411],[-78.85854,44.13413],[-78.85898,44.13396],[-78.85989,44.13408],[-78.86059,44.13394],[-78.86175,44.13281],[-78.86175,44.13265],[-78.86134,44.13186],[-78.86108,44.13161],[-78.86062,44.1314],[-78.86051,44.13121],[-78.86059,44.13103],[-78.86107,44.13058],[-78.86099,44.13031],[-78.86067,44.12982],[-78.85994,44.13044],[-78.85966,44.13059],[-78.85859,44.13068],[-78.85838,44.13054],[-78.85809,44.12968],[-78.85832,44.12945],[-78.85823,44.12896],[-78.85867,44.12852],[-78.85868,44.12821],[-78.85901,44.12816],[-78.85902,44.12851],[-78.8594,44.12894],[-78.8593,44.12928],[-78.85875,44.12986],[-78.85873,44.13017],[-78.85897,44.1304],[-78.85948,44.13042],[-78.85973,44.13031],[-78.85974,44.13002],[-78.86027,44.12982],[-78.86025,44.12948],[-78.86036,44.12901],[-78.86019,44.12875],[-78.86028,44.12818],[-78.86015,44.12749],[-78.85984,44.12726],[-78.86031,44.12714],[-78.86041,44.12693],[-78.8604,44.12654],[-78.86054,44.12575],[-78.86024,44.12568],[-78.86025,44.12556],[-78.86096,44.12527],[-78.86097,44.12497],[-78.86118,44.12497],[-78.86187,44.12469],[-78.86219,44.12471],[-78.86268,44.12494],[-78.86315,44.12501],[-78.86345,44.12496],[-78.86386,44.12461],[-78.86432,44.12439],[-78.86495,44.12363],[-78.8648,44.12337],[-78.86488,44.12329],[-78.86515,44.12317],[-78.8671,44.12285],[-78.86762,44.12262],[-78.86767,44.12253],[-78.86747,44.12234],[-78.86719,44.12221],[-78.8669,44.12169],[-78.86618,44.12085],[-78.86571,44.11987],[-78.86542,44.11953],[-78.86595,44.11993],[-78.86677,44.12075],[-78.86784,44.1213],[-78.86862,44.12191],[-78.8699,44.12159],[-78.87177,44.12085],[-78.87188,44.12057],[-78.87177,44.12038],[-78.87148,44.1203],[-78.87059,44.12062],[-78.87052,44.12104],[-78.86968,44.1214],[-78.8696,44.12133],[-78.86965,44.1212],[-78.87,44.12096],[-78.86918,44.12097],[-78.86941,44.12083],[-78.87019,44.12067],[-78.87033,44.12036],[-78.87031,44.12002],[-78.87094,44.12024],[-78.87201,44.11988],[-78.87239,44.11967],[-78.87327,44.11962],[-78.87354,44.11976],[-78.87413,44.11967],[-78.87483,44.11927],[-78.87588,44.11908],[-78.87723,44.11858],[-78.87766,44.1182],[-78.87794,44.11768],[-78.87758,44.11728],[-78.8778,44.11687],[-78.87756,44.11662],[-78.87805,44.1163],[-78.8781,44.11659],[-78.87819,44.11663],[-78.87837,44.1165],[-78.87843,44.11624],[-78.87826,44.11601],[-78.87811,44.11591],[-78.87786,44.11589],[-78.8765,44.11596],[-78.87593,44.11589],[-78.87525,44.11566],[-78.87452,44.11524],[-78.87365,44.11398],[-78.87492,44.11504],[-78.8754,44.11516],[-78.87624,44.11509],[-78.87647,44.11491],[-78.87652,44.11422],[-78.87683,44.11346],[-78.87688,44.11237],[-78.87714,44.11225],[-78.877,44.11189],[-78.87733,44.11157],[-78.87738,44.11141],[-78.87775,44.11146],[-78.8777,44.11188],[-78.87753,44.11204],[-78.8778,44.11241],[-78.8778,44.11275],[-78.87771,44.11304],[-78.87755,44.11316],[-78.8775,44.11359],[-78.87736,44.11367],[-78.87732,44.11416],[-78.87719,44.11447],[-78.87722,44.11487],[-78.87782,44.11499],[-78.87891,44.1155],[-78.87991,44.11575],[-78.88024,44.11558],[-78.88033,44.1153],[-78.88075,44.11531],[-78.88282,44.11433],[-78.88325,44.11396],[-78.88392,44.11362],[-78.88371,44.11324],[-78.88368,44.11301],[-78.88383,44.11246],[-78.88432,44.11159],[-78.88501,44.11108],[-78.88511,44.1109],[-78.88518,44.11039],[-78.88603,44.10905],[-78.88645,44.10865],[-78.88683,44.10805],[-78.88738,44.10754],[-78.8882,44.10708],[-78.88888,44.10655],[-78.88891,44.10647],[-78.88834,44.10598],[-78.88825,44.10556],[-78.88833,44.10528],[-78.88866,44.1051],[-78.88893,44.10511],[-78.88898,44.10519],[-78.88879,44.10551],[-78.88887,44.10567],[-78.88925,44.10595],[-78.88983,44.10619],[-78.89006,44.10644],[-78.89143,44.10666],[-78.8917,44.10685],[-78.89192,44.10688],[-78.89285,44.10647],[-78.89346,44.10629],[-78.89362,44.1065],[-78.89419,44.1066],[-78.89434,44.10673],[-78.89449,44.10729],[-78.895,44.1084],[-78.8947,44.10859],[-78.89471,44.10868],[-78.89528,44.10913],[-78.89506,44.1096],[-78.89499,44.10998],[-78.89391,44.11172],[-78.8926,44.11344],[-78.89236,44.11365],[-78.89203,44.11426],[-78.89102,44.11555],[-78.8908,44.11595],[-78.89025,44.11651],[-78.88854,44.1179],[-78.88882,44.11816],[-78.88897,44.11859],[-78.88858,44.1191],[-78.88842,44.11919],[-78.88833,44.11916],[-78.88827,44.11894],[-78.88845,44.1187],[-78.88873,44.11865],[-78.88874,44.11841],[-78.88867,44.11832],[-78.88808,44.11817],[-78.88777,44.11829],[-78.88652,44.1192],[-78.88604,44.11938],[-78.885,44.11954],[-78.88355,44.12012],[-78.88306,44.1205],[-78.88265,44.12105],[-78.8824,44.12122],[-78.88192,44.12135],[-78.88177,44.12159],[-78.88147,44.12172],[-78.88123,44.12158],[-78.88134,44.12107],[-78.8809,44.12071],[-78.88076,44.12081],[-78.88057,44.12106],[-78.88041,44.12158],[-78.87985,44.12207],[-78.87966,44.12241],[-78.87935,44.12261],[-78.87887,44.12267],[-78.87878,44.12279],[-78.87887,44.1233],[-78.87908,44.12346],[-78.87973,44.12363],[-78.88001,44.12352],[-78.88013,44.12292],[-78.88032,44.12258],[-78.88061,44.12261],[-78.88059,44.1232],[-78.88018,44.12385],[-78.8802,44.12417],[-78.8801,44.1246],[-78.87972,44.12494],[-78.87948,44.12494],[-78.87933,44.12484],[-78.87963,44.12439],[-78.87948,44.12397],[-78.87885,44.12424],[-78.87861,44.12423],[-78.8785,44.12408],[-78.87835,44.12348],[-78.87849,44.123],[-78.87823,44.12281],[-78.87766,44.12284],[-78.87713,44.12307],[-78.87699,44.12306],[-78.87693,44.12294],[-78.87654,44.12282],[-78.87632,44.12281],[-78.87591,44.12296],[-78.87603,44.12337],[-78.87648,44.12345],[-78.87693,44.12365],[-78.87711,44.12379],[-78.87738,44.12431],[-78.87755,44.12442],[-78.8786,44.12464],[-78.87893,44.12522],[-78.87891,44.12594],[-78.87951,44.1264],[-78.87967,44.12709],[-78.87946,44.12789],[-78.87869,44.12854],[-78.87821,44.12919],[-78.87761,44.12968],[-78.87733,44.12977],[-78.87753,44.13019],[-78.87754,44.13056],[-78.87736,44.13119],[-78.87705,44.13186],[-78.87517,44.13353],[-78.87433,44.1339],[-78.87374,44.13404],[-78.87359,44.13418],[-78.87378,44.13446],[-78.87408,44.13465],[-78.87402,44.13473],[-78.87375,44.13476],[-78.87346,44.13449],[-78.87283,44.13489],[-78.87319,44.13549],[-78.87316,44.1356],[-78.87254,44.13503],[-78.87226,44.13519],[-78.87102,44.13639],[-78.86996,44.13788],[-78.86795,44.13945],[-78.86749,44.13991],[-78.8666,44.14053],[-78.86631,44.14063],[-78.86624,44.14091],[-78.86519,44.14218],[-78.86413,44.14302],[-78.86372,44.14349],[-78.86272,44.14392],[-78.86245,44.1444],[-78.86164,44.14487],[-78.8606,44.14567],[-78.85978,44.14645],[-78.85909,44.14732],[-78.85851,44.14841],[-78.85854,44.14917],[-78.8587,44.14948],[-78.85887,44.15029],[-78.85889,44.1511],[-78.85874,44.15228],[-78.85878,44.15256],[-78.8584,44.15287],[-78.85835,44.15319],[-78.85867,44.15437],[-78.85866,44.15552],[-78.85875,44.15587],[-78.85898,44.15619],[-78.85907,44.15729],[-78.85955,44.15817],[-78.86107,44.15768],[-78.86153,44.15765],[-78.86188,44.15774],[-78.86095,44.15789],[-78.85956,44.15845],[-78.85963,44.15875],[-78.8598,44.15901],[-78.85979,44.15881],[-78.85988,44.15876],[-78.86003,44.15876],[-78.86016,44.15888],[-78.86029,44.15933],[-78.86011,44.15945],[-78.85986,44.15987],[-78.86003,44.16038],[-78.86002,44.16093],[-78.85986,44.1616],[-78.86013,44.1627],[-78.85987,44.16503],[-78.85957,44.16657],[-78.85965,44.16688],[-78.86005,44.16702],[-78.85954,44.1671],[-78.8593,44.16732],[-78.85841,44.1692],[-78.8584,44.16947],[-78.85849,44.1697],[-78.85924,44.17056],[-78.8597,44.17148],[-78.85973,44.17181],[-78.86004,44.17228],[-78.86046,44.17232],[-78.86128,44.17218],[-78.86112,44.17233],[-78.85998,44.17266],[-78.86011,44.17355],[-78.8606,44.17504],[-78.8607,44.17586],[-78.86085,44.17633],[-78.86084,44.1774],[-78.86142,44.17841],[-78.86153,44.17879],[-78.86151,44.17899],[-78.86119,44.17956],[-78.86116,44.17994],[-78.86167,44.18058],[-78.86214,44.18041],[-78.86218,44.18053],[-78.86182,44.18067],[-78.86171,44.18082],[-78.86217,44.18226],[-78.86215,44.18342],[-78.86244,44.18378],[-78.86234,44.18394],[-78.86235,44.18443],[-78.86269,44.18508],[-78.86313,44.18555],[-78.86292,44.18682],[-78.86295,44.18709],[-78.86273,44.18745],[-78.86271,44.188],[-78.8623,44.18869],[-78.86229,44.18972],[-78.86216,44.18998],[-78.86185,44.19013],[-78.86146,44.19072],[-78.86213,44.19049],[-78.86222,44.19056],[-78.86219,44.19065],[-78.86138,44.19095],[-78.86127,44.19133],[-78.86177,44.19111],[-78.86213,44.19152],[-78.86148,44.1918],[-78.86118,44.1915],[-78.86083,44.19273],[-78.86077,44.19336],[-78.86013,44.19478],[-78.86004,44.19573],[-78.86012,44.19614],[-78.8601,44.19679],[-78.85997,44.19842],[-78.86001,44.20023],[-78.8597,44.20096],[-78.85962,44.20154],[-78.85961,44.20255],[-78.85952,44.20296],[-78.85969,44.20504],[-78.8596,44.20559],[-78.85961,44.20612],[-78.85951,44.20635],[-78.85972,44.20721],[-78.85989,44.20931],[-78.86088,44.2112],[-78.86112,44.21145],[-78.86121,44.21187],[-78.86148,44.2123],[-78.8615,44.21287],[-78.86191,44.2131],[-78.86226,44.21392],[-78.86272,44.21435],[-78.86304,44.21455],[-78.86341,44.21464]],[[-78.7573,44.2508],[-78.75713,44.25065],[-78.75662,44.25075],[-78.75624,44.25097],[-78.75592,44.25136],[-78.7554,44.25241],[-78.75546,44.25331],[-78.75559,44.25338],[-78.7566,44.25337],[-78.75698,44.25325],[-78.75728,44.25299],[-78.75751,44.25247],[-78.75756,44.25135],[-78.7573,44.2508]],[[-78.77804,44.211],[-78.77778,44.21072],[-78.77766,44.21072],[-78.77739,44.21097],[-78.77708,44.21105],[-78.77731,44.21133],[-78.77678,44.21183],[-78.77665,44.21224],[-78.77634,44.21257],[-78.77628,44.21286],[-78.77639,44.21366],[-78.77689,44.2134],[-78.77746,44.21291],[-78.77753,44.21248],[-78.77776,44.21215],[-78.77786,44.21175],[-78.778,44.21153],[-78.77804,44.211]],[[-78.78482,44.23033],[-78.78462,44.22991],[-78.7845,44.22993],[-78.78442,44.23011],[-78.78463,44.23026],[-78.78464,44.23044],[-78.78482,44.23033]],[[-78.81189,44.20936],[-78.81204,44.20907],[-78.81197,44.20901],[-78.8118,44.20902],[-78.81166,44.20916],[-78.8117,44.20935],[-78.81178,44.20938],[-78.81189,44.20936]],[[-78.8444,44.23612],[-78.84424,44.23597],[-78.84405,44.23619],[-78.84415,44.23637],[-78.84427,44.23637],[-78.8444,44.23631],[-78.8444,44.23612]],[[-78.86005,44.13435],[-78.85911,44.1342],[-78.85904,44.13427],[-78.85935,44.13507],[-78.8589,44.13501],[-78.85882,44.13511],[-78.85941,44.13575],[-78.86041,44.13553],[-78.86025,44.13511],[-78.86034,44.13463],[-78.86025,44.13445],[-78.86005,44.13435]],[[-78.86249,44.12516],[-78.86222,44.125],[-78.86189,44.12508],[-78.86166,44.12539],[-78.86249,44.12516]],[[-78.86619,44.12386],[-78.86574,44.12333],[-78.86561,44.12362],[-78.86585,44.12403],[-78.86597,44.12406],[-78.86612,44.12399],[-78.86619,44.12386]],[[-78.86799,44.12322],[-78.86798,44.12292],[-78.86758,44.1229],[-78.86609,44.12325],[-78.86637,44.12346],[-78.86659,44.12379],[-78.86678,44.12376],[-78.86719,44.12351],[-78.8679,44.12334],[-78.86799,44.12322]],[[-78.87342,44.12008],[-78.87314,44.11978],[-78.87313,44.12002],[-78.87298,44.12004],[-78.87275,44.11978],[-78.87265,44.11994],[-78.87247,44.11994],[-78.87249,44.12019],[-78.87277,44.12022],[-78.87277,44.12046],[-78.87258,44.12071],[-78.87263,44.12086],[-78.87301,44.12069],[-78.87305,44.12043],[-78.87342,44.12008]],[[-78.87903,44.12386],[-78.87876,44.12337],[-78.87864,44.12342],[-78.87886,44.12394],[-78.87897,44.12394],[-78.87903,44.12386]],[[-78.94696,44.10974],[-78.94676,44.1097],[-78.94663,44.10986],[-78.94663,44.11],[-78.94681,44.10998],[-78.94695,44.10987],[-78.94696,44.10974]]]}},{"type":"Feature","properties":{"name":"Lake Simcoe","osm":"r9984807"},"geometry":{"type":"Polygon","coordinates":[[[-79.21837,44.34031],[-79.21838,44.34107],[-79.21876,44.34092],[-79.21948,44.3408],[-79.21985,44.34063],[-79.21968,44.34025],[-79.21979,44.34011],[-79.22137,44.3396],[-79.22288,44.33923],[-79.22312,44.33908],[-79.22391,44.33897],[-79.22545,44.33845],[-79.22765,44.33791],[-79.22806,44.33791],[-79.2302,44.33753],[-79.23271,44.33731],[-79.23515,44.337],[-79.2367,44.33691],[-79.23981,44.33694],[-79.24167,44.33709],[-79.24154,44.33675],[-79.24019,44.33647],[-79.24044,44.3363],[-79.24046,44.3361],[-79.24097,44.33592],[-79.24118,44.33572],[-79.24125,44.33541],[-79.24112,44.33502],[-79.24116,44.33494],[-79.24146,44.33487],[-79.24153,44.3349],[-79.24139,44.33519],[-79.24144,44.33534],[-79.24198,44.3362],[-79.24219,44.33636],[-79.24194,44.33665],[-79.24191,44.33684],[-79.24198,44.33697],[-79.24214,44.33702],[-79.24413,44.33716],[-79.24642,44.33774],[-79.24631,44.33761],[-79.245,44.33708],[-79.2448,44.33683],[-79.24428,44.33679],[-79.24399,44.33657],[-79.24457,44.33667],[-79.24587,44.33655],[-79.24673,44.33673],[-79.24762,44.33679],[-79.24803,44.33694],[-79.24839,44.33737],[-79.24842,44.3375],[-79.24827,44.33767],[-79.24826,44.33783],[-79.2484,44.33827],[-79.24835,44.33841],[-79.24824,44.33846],[-79.24791,44.33832],[-79.24879,44.33915],[-79.24931,44.33999],[-79.24915,44.34031],[-79.24918,44.34046],[-79.24947,44.34094],[-79.24876,44.34099],[-79.24907,44.34118],[-79.24932,44.34145],[-79.24941,44.34187],[-79.24955,44.34209],[-79.24948,44.34242],[-79.24968,44.34345],[-79.24995,44.3437],[-79.25037,44.34437],[-79.25044,44.34465],[-79.25037,44.345],[-79.2508,44.34585],[-79.25084,44.34618],[-79.25113,44.34667],[-79.25118,44.34699],[-79.25107,44.34721],[-79.25047,44.34766],[-79.25026,44.34833],[-79.24977,44.34905],[-79.24926,44.34959],[-79.2492,44.34998],[-79.24925,44.35085],[-79.24942,44.35137],[-79.24966,44.35278],[-79.24969,44.35356],[-79.2496,44.35473],[-79.24969,44.35499],[-79.25005,44.35546],[-79.2501,44.35589],[-79.24945,44.35651],[-79.24977,44.35669],[-79.2495,44.35688],[-79.24955,44.35792],[-79.2495,44.3582],[-79.24933,44.35851],[-79.25136,44.35797],[-79.25154,44.3578],[-79.25169,44.35751],[-79.25177,44.35706],[-79.25165,44.35681],[-79.25128,44.35643],[-79.25112,44.35513],[-79.25145,44.35432],[-79.25224,44.35288],[-79.25263,44.3518],[-79.25266,44.35022],[-79.25246,44.34908],[-79.25344,44.34819],[-79.25549,44.34714],[-79.25597,44.34699],[-79.25669,44.34691],[-79.25777,44.34688],[-79.25947,44.34703],[-79.26219,44.34758],[-79.26311,44.3475],[-79.26346,44.34739],[-79.26403,44.34702],[-79.26497,44.34621],[-79.26569,44.34541],[-79.26665,44.34324],[-79.26759,44.34044],[-79.26775,44.33978],[-79.26787,44.33901],[-79.26789,44.33776],[-79.26781,44.33735],[-79.26771,44.33718],[-79.26705,44.3366],[-79.26703,44.3364],[-79.26719,44.3361],[-79.26725,44.33558],[-79.26769,44.33484],[-79.26764,44.33466],[-79.26837,44.33334],[-79.26922,44.33229],[-79.26967,44.33184],[-79.26995,44.33169],[-79.27047,44.33123],[-79.27074,44.33053],[-79.27197,44.3295],[-79.27214,44.3292],[-79.27394,44.32764],[-79.27436,44.32753],[-79.27437,44.32738],[-79.27453,44.32723],[-79.27562,44.32682],[-79.27691,44.32661],[-79.27726,44.32661],[-79.27741,44.32669],[-79.27919,44.32667],[-79.27999,44.32679],[-79.28031,44.32698],[-79.28063,44.32707],[-79.28063,44.32726],[-79.28142,44.32753],[-79.28227,44.3276],[-79.28239,44.32775],[-79.28274,44.32787],[-79.28314,44.3279],[-79.28432,44.32777],[-79.28456,44.32783],[-79.28472,44.328],[-79.28536,44.32786],[-79.28621,44.32785],[-79.28654,44.32759],[-79.28673,44.32781],[-79.28828,44.32772],[-79.29022,44.32796],[-79.29138,44.32836],[-79.29165,44.32854],[-79.29166,44.32871],[-79.29212,44.32891],[-79.29226,44.32912],[-79.29323,44.3295],[-79.29402,44.32993],[-79.29419,44.33012],[-79.29418,44.33022],[-79.29414,44.33038],[-79.29381,44.33045],[-79.2939,44.33053],[-79.29455,44.33046],[-79.29515,44.33091],[-79.2955,44.33098],[-79.29552,44.33119],[-79.29589,44.33105],[-79.29736,44.33111],[-79.29869,44.33078],[-79.29999,44.33059],[-79.30039,44.33084],[-79.3005,44.33083],[-79.30053,44.33095],[-79.30098,44.33075],[-79.30106,44.33092],[-79.30101,44.33102],[-79.30162,44.33099],[-79.30241,44.33132],[-79.30308,44.3319],[-79.30309,44.33214],[-79.30317,44.33222],[-79.30393,44.33205],[-79.30406,44.3322],[-79.30441,44.33205],[-79.30458,44.33184],[-79.30657,44.33094],[-79.30873,44.33037],[-79.31023,44.3303],[-79.31039,44.33034],[-79.31083,44.33081],[-79.31102,44.33077],[-79.31128,44.33084],[-79.3115,44.33064],[-79.31177,44.33059],[-79.31245,44.33054],[-79.31292,44.33059],[-79.31313,44.3308],[-79.31334,44.33087],[-79.31339,44.33096],[-79.31327,44.33102],[-79.31327,44.33111],[-79.3142,44.33151],[-79.31551,44.33238],[-79.31765,44.33236],[-79.31759,44.33275],[-79.31725,44.33309],[-79.31727,44.3332],[-79.31762,44.33288],[-79.31777,44.33242],[-79.31883,44.33227],[-79.31971,44.33226],[-79.32036,44.3324],[-79.32118,44.33229],[-79.32197,44.33235],[-79.32254,44.33252],[-79.32312,44.33298],[-79.32313,44.33328],[-79.32339,44.33337],[-79.32366,44.33363],[-79.32375,44.33389],[-79.32454,44.33506],[-79.32458,44.33526],[-79.32374,44.33538],[-79.32377,44.33544],[-79.32454,44.33533],[-79.32466,44.33538],[-79.32474,44.33546],[-79.32476,44.33591],[-79.32583,44.33575],[-79.32788,44.33492],[-79.32865,44.3343],[-79.32886,44.33423],[-79.32977,44.33362],[-79.3311,44.33316],[-79.33143,44.33279],[-79.33215,44.33244],[-79.33233,44.33217],[-79.33274,44.33213],[-79.33477,44.33085],[-79.33578,44.33034],[-79.33608,44.33],[-79.33881,44.32878],[-79.3397,44.32787],[-79.3414,44.3271],[-79.34231,44.32722],[-79.34221,44.32675],[-79.34268,44.3264],[-79.34336,44.32527],[-79.34408,44.32462],[-79.34522,44.32327],[-79.34635,44.32299],[-79.34676,44.32302],[-79.34681,44.32286],[-79.34655,44.32274],[-79.34667,44.32253],[-79.34689,44.32256],[-79.3471,44.32241],[-79.34795,44.32238],[-79.34831,44.32245],[-79.34976,44.3224],[-79.35344,44.32196],[-79.35703,44.32193],[-79.35841,44.32181],[-79.36012,44.32195],[-79.36084,44.32276],[-79.36255,44.32332],[-79.36352,44.32379],[-79.36408,44.32427],[-79.36427,44.32487],[-79.36541,44.32533],[-79.36629,44.3258],[-79.36754,44.3262],[-79.36804,44.32685],[-79.36789,44.32701],[-79.36809,44.32704],[-79.36816,44.32723],[-79.36804,44.32758],[-79.36843,44.32775],[-79.36864,44.32764],[-79.36959,44.32671],[-79.36968,44.32698],[-79.36959,44.32696],[-79.36872,44.3277],[-79.3685,44.32778],[-79.36836,44.32806],[-79.36826,44.32806],[-79.36808,44.32831],[-79.36765,44.32867],[-79.36697,44.32858],[-79.36696,44.32868],[-79.36709,44.32872],[-79.36703,44.32898],[-79.36746,44.32912],[-79.36783,44.3291],[-79.36841,44.32899],[-79.36911,44.32869],[-79.3707,44.32784],[-79.37146,44.32731],[-79.37272,44.32614],[-79.37303,44.32574],[-79.3733,44.32527],[-79.37353,44.32442],[-79.37379,44.32393],[-79.37596,44.32274],[-79.3771,44.32221],[-79.3796,44.32133],[-79.38031,44.3212],[-79.38229,44.32063],[-79.38434,44.32046],[-79.38446,44.32076],[-79.38454,44.32075],[-79.38454,44.32063],[-79.38502,44.32053],[-79.38539,44.32057],[-79.38561,44.32073],[-79.38606,44.32072],[-79.3863,44.32094],[-79.38668,44.32076],[-79.38733,44.32081],[-79.38905,44.32069],[-79.39002,44.32073],[-79.39183,44.32101],[-79.39348,44.32183],[-79.39373,44.32208],[-79.39378,44.32224],[-79.39409,44.32238],[-79.39434,44.32267],[-79.39437,44.32303],[-79.3943,44.32321],[-79.3941,44.32345],[-79.39333,44.32405],[-79.39344,44.3244],[-79.39361,44.32446],[-79.39612,44.32392],[-79.39709,44.32383],[-79.3973,44.32375],[-79.39794,44.32369],[-79.39815,44.3238],[-79.39829,44.32378],[-79.39837,44.32361],[-79.39945,44.32363],[-79.4005,44.32301],[-79.40121,44.32276],[-79.40212,44.32256],[-79.40308,44.32245],[-79.40463,44.32265],[-79.40589,44.32263],[-79.40645,44.32248],[-79.40669,44.32233],[-79.40672,44.32182],[-79.40686,44.32155],[-79.40663,44.32131],[-79.40663,44.32096],[-79.40703,44.32052],[-79.40789,44.32001],[-79.4089,44.31954],[-79.41037,44.31903],[-79.4116,44.31834],[-79.41472,44.31724],[-79.41594,44.31663],[-79.4172,44.31582],[-79.41745,44.31579],[-79.41765,44.31588],[-79.41809,44.31588],[-79.41843,44.31562],[-79.41848,44.31543],[-79.41923,44.31485],[-79.42124,44.31357],[-79.42256,44.31254],[-79.42311,44.31232],[-79.42329,44.31203],[-79.42384,44.31179],[-79.4261,44.31116],[-79.42785,44.31078],[-79.42978,44.31048],[-79.43185,44.31031],[-79.43419,44.31032],[-79.43534,44.3105],[-79.43596,44.31078],[-79.43585,44.31059],[-79.43537,44.31027],[-79.43534,44.31008],[-79.43594,44.30943],[-79.43569,44.30903],[-79.43521,44.30855],[-79.43537,44.30852],[-79.43582,44.30884],[-79.43612,44.30926],[-79.43619,44.30911],[-79.43666,44.30917],[-79.43646,44.30858],[-79.43732,44.30842],[-79.43739,44.30863],[-79.43672,44.30878],[-79.43688,44.30925],[-79.437,44.30923],[-79.43755,44.30877],[-79.438,44.30864],[-79.43795,44.30821],[-79.43818,44.30817],[-79.43822,44.30847],[-79.43881,44.30844],[-79.43882,44.30854],[-79.4382,44.30861],[-79.43817,44.3087],[-79.43761,44.30889],[-79.43696,44.30941],[-79.43708,44.30989],[-79.43736,44.30989],[-79.43724,44.31005],[-79.43702,44.31003],[-79.4363,44.31077],[-79.43611,44.31082],[-79.43604,44.31111],[-79.43578,44.31127],[-79.43575,44.31155],[-79.43596,44.31176],[-79.43658,44.31199],[-79.43868,44.31232],[-79.43884,44.31236],[-79.43896,44.31258],[-79.43947,44.3127],[-79.43962,44.31265],[-79.44001,44.31226],[-79.44404,44.31042],[-79.44509,44.31019],[-79.44698,44.31006],[-79.44715,44.31014],[-79.44758,44.31059],[-79.44762,44.3108],[-79.44772,44.3108],[-79.44768,44.31054],[-79.44738,44.31015],[-79.44779,44.31013],[-79.44802,44.31018],[-79.44802,44.31059],[-79.44835,44.31035],[-79.44846,44.31037],[-79.44862,44.31048],[-79.44888,44.31095],[-79.44935,44.31103],[-79.44992,44.31096],[-79.4514,44.31043],[-79.45201,44.31007],[-79.45294,44.30977],[-79.45449,44.30973],[-79.45458,44.30967],[-79.45471,44.30934],[-79.4547,44.30904],[-79.45536,44.30848],[-79.45652,44.30793],[-79.45691,44.30764],[-79.45776,44.30749],[-79.4579,44.30742],[-79.45811,44.30709],[-79.45929,44.30638],[-79.46199,44.30616],[-79.46316,44.30592],[-79.46381,44.30561],[-79.4646,44.30506],[-79.46679,44.30406],[-79.46777,44.30386],[-79.46864,44.30409],[-79.46893,44.304],[-79.46933,44.30373],[-79.46916,44.30358],[-79.46919,44.30347],[-79.46955,44.30301],[-79.4709,44.3024],[-79.47115,44.30217],[-79.4723,44.30148],[-79.47482,44.30054],[-79.47645,44.30044],[-79.47639,44.29931],[-79.47674,44.29882],[-79.47696,44.29814],[-79.47749,44.29757],[-79.47816,44.29726],[-79.4787,44.29683],[-79.47897,44.29638],[-79.47945,44.29591],[-79.48113,44.29524],[-79.48209,44.29519],[-79.48343,44.29496],[-79.48402,44.29466],[-79.48434,44.29437],[-79.48453,44.29412],[-79.48466,44.29375],[-79.48466,44.29319],[-79.48492,44.2926],[-79.48493,44.29232],[-79.48482,44.29201],[-79.48443,44.29129],[-79.48445,44.29093],[-79.48492,44.29008],[-79.48591,44.28906],[-79.48728,44.28824],[-79.48756,44.28815],[-79.489,44.2871],[-79.48893,44.28645],[-79.48862,44.28631],[-79.48856,44.28619],[-79.48864,44.28595],[-79.48816,44.28576],[-79.48814,44.28566],[-79.48816,44.28533],[-79.48877,44.28474],[-79.49038,44.28366],[-79.49074,44.28353],[-79.49097,44.28353],[-79.49147,44.2833],[-79.49192,44.28298],[-79.49292,44.28195],[-79.49329,44.28169],[-79.49365,44.28117],[-79.49415,44.28075],[-79.49421,44.2805],[-79.49449,44.28031],[-79.49594,44.27972],[-79.49604,44.27946],[-79.49645,44.27948],[-79.49698,44.2791],[-79.49748,44.27891],[-79.49764,44.27894],[-79.49781,44.27876],[-79.49809,44.27863],[-79.49874,44.27858],[-79.49911,44.27835],[-79.49947,44.27826],[-79.49991,44.27797],[-79.5002,44.27799],[-79.50053,44.27783],[-79.50059,44.27754],[-79.50095,44.27724],[-79.50145,44.27655],[-79.50212,44.27598],[-79.50237,44.27587],[-79.50284,44.27528],[-79.50315,44.27468],[-79.50344,44.27456],[-79.50344,44.27446],[-79.50373,44.27416],[-79.50376,44.27402],[-79.50458,44.27345],[-79.50493,44.27297],[-79.50513,44.27283],[-79.50514,44.27259],[-79.50536,44.27202],[-79.50529,44.27085],[-79.50519,44.27058],[-79.50512,44.26976],[-79.50521,44.26952],[-79.50545,44.26934],[-79.50605,44.26907],[-79.50605,44.26897],[-79.50564,44.26884],[-79.50448,44.26875],[-79.50386,44.26861],[-79.50295,44.26868],[-79.50161,44.26847],[-79.50103,44.26847],[-79.49822,44.26799],[-79.497,44.26753],[-79.49684,44.26739],[-79.49686,44.26722],[-79.49669,44.26734],[-79.49688,44.26782],[-79.49647,44.26794],[-79.49626,44.26774],[-79.49658,44.2673],[-79.49637,44.26711],[-79.49634,44.26682],[-79.49644,44.2667],[-79.49662,44.26666],[-79.49665,44.2664],[-79.49709,44.26632],[-79.49694,44.26613],[-79.49674,44.26611],[-79.49674,44.26601],[-79.497,44.2659],[-79.4966,44.26552],[-79.49643,44.26562],[-79.49609,44.26548],[-79.49609,44.26542],[-79.49549,44.2654],[-79.49473,44.26577],[-79.49385,44.26637],[-79.49247,44.26617],[-79.49191,44.26618],[-79.49186,44.26608],[-79.49038,44.26541],[-79.48998,44.26508],[-79.48984,44.26506],[-79.48889,44.26448],[-79.48863,44.26424],[-79.48876,44.26419],[-79.48866,44.26405],[-79.48815,44.26382],[-79.48772,44.26316],[-79.4876,44.26232],[-79.48776,44.26101],[-79.48802,44.26021],[-79.48805,44.25986],[-79.48785,44.25949],[-79.48784,44.2592],[-79.48759,44.25895],[-79.48763,44.25823],[-79.48796,44.25681],[-79.48804,44.25665],[-79.48833,44.25645],[-79.48824,44.25635],[-79.48947,44.25438],[-79.48959,44.25432],[-79.48956,44.25343],[-79.4897,44.2532],[-79.48951,44.2527],[-79.48895,44.25236],[-79.48863,44.25188],[-79.48879,44.2512],[-79.48947,44.25],[-79.48956,44.2495],[-79.48988,44.24889],[-79.48996,44.24834],[-79.49011,44.24825],[-79.49003,44.24812],[-79.49013,44.2476],[-79.49004,44.24719],[-79.49012,44.24676],[-79.48989,44.24656],[-79.49004,44.24632],[-79.49012,44.24584],[-79.48998,44.24547],[-79.48943,44.24522],[-79.48828,44.24544],[-79.48721,44.24533],[-79.4869,44.24523],[-79.48651,44.24529],[-79.48553,44.24479],[-79.48528,44.24458],[-79.48502,44.24413],[-79.48481,44.24413],[-79.48445,44.24362],[-79.48444,44.24336],[-79.48458,44.24321],[-79.48447,44.24292],[-79.48452,44.24233],[-79.48482,44.24184],[-79.48483,44.24165],[-79.48515,44.24147],[-79.48485,44.24135],[-79.48459,44.24132],[-79.48456,44.24144],[-79.48307,44.24219],[-79.48262,44.24224],[-79.48248,44.24213],[-79.48258,44.24197],[-79.48245,44.24189],[-79.48201,44.24186],[-79.4824,44.24199],[-79.48239,44.2421],[-79.48228,44.24212],[-79.48115,44.2418],[-79.47926,44.24152],[-79.47815,44.24087],[-79.47817,44.24073],[-79.47801,44.24063],[-79.47751,44.24063],[-79.4772,44.24055],[-79.47614,44.2398],[-79.47568,44.23968],[-79.47544,44.23945],[-79.47551,44.23919],[-79.47544,44.23914],[-79.47521,44.23926],[-79.47482,44.23911],[-79.47446,44.23868],[-79.47418,44.23857],[-79.47355,44.23796],[-79.47336,44.23786],[-79.47352,44.23772],[-79.47354,44.2376],[-79.47327,44.2376],[-79.47254,44.23677],[-79.47214,44.23672],[-79.4718,44.23641],[-79.47179,44.23623],[-79.47194,44.23614],[-79.47193,44.23604],[-79.47167,44.23585],[-79.47114,44.23513],[-79.47107,44.23445],[-79.4707,44.23436],[-79.47062,44.23422],[-79.47062,44.23392],[-79.47039,44.23362],[-79.47058,44.23327],[-79.47033,44.23306],[-79.47039,44.2328],[-79.47067,44.23261],[-79.47069,44.23229],[-79.47082,44.23224],[-79.47083,44.23216],[-79.47031,44.23203],[-79.47041,44.2316],[-79.47014,44.23148],[-79.46991,44.23152],[-79.46964,44.23144],[-79.46958,44.2308],[-79.4697,44.23062],[-79.4693,44.23067],[-79.46907,44.23042],[-79.46905,44.23018],[-79.46857,44.23013],[-79.46698,44.23042],[-79.46662,44.23058],[-79.46651,44.23094],[-79.46643,44.23093],[-79.46653,44.23057],[-79.46677,44.23046],[-79.46674,44.23037],[-79.46635,44.23026],[-79.46643,44.23021],[-79.46687,44.23036],[-79.46721,44.23036],[-79.4685,44.23003],[-79.46905,44.23006],[-79.46899,44.22967],[-79.46907,44.22917],[-79.46899,44.229],[-79.46916,44.22891],[-79.46895,44.2288],[-79.46893,44.22863],[-79.46905,44.22844],[-79.46883,44.22815],[-79.46885,44.22807],[-79.46928,44.22779],[-79.46929,44.2277],[-79.46919,44.22759],[-79.4692,44.22745],[-79.46889,44.22732],[-79.46878,44.2272],[-79.46879,44.22709],[-79.46897,44.22692],[-79.46933,44.22682],[-79.46942,44.2267],[-79.46946,44.22627],[-79.47007,44.22543],[-79.47012,44.22466],[-79.47039,44.22466],[-79.4704,44.22436],[-79.47072,44.22437],[-79.47079,44.22372],[-79.47251,44.22354],[-79.47246,44.22344],[-79.47108,44.22356],[-79.47096,44.22304],[-79.47017,44.22274],[-79.4702,44.22229],[-79.47031,44.2221],[-79.47055,44.2219],[-79.47118,44.2217],[-79.47115,44.22156],[-79.47093,44.22133],[-79.47092,44.22095],[-79.47083,44.22086],[-79.46947,44.22121],[-79.46919,44.22117],[-79.46894,44.22099],[-79.47027,44.22086],[-79.47056,44.22068],[-79.47088,44.22062],[-79.47098,44.22039],[-79.47054,44.21984],[-79.47068,44.21972],[-79.47063,44.21935],[-79.47106,44.21865],[-79.47147,44.21861],[-79.47149,44.21828],[-79.47226,44.21764],[-79.47228,44.21742],[-79.47272,44.21664],[-79.47277,44.21627],[-79.47293,44.21624],[-79.47289,44.21599],[-79.47308,44.21597],[-79.4731,44.21587],[-79.47298,44.2157],[-79.4732,44.21534],[-79.47327,44.21485],[-79.47317,44.21474],[-79.47318,44.21454],[-79.47332,44.21443],[-79.47347,44.21411],[-79.4735,44.2131],[-79.47378,44.21268],[-79.47424,44.21239],[-79.47435,44.21192],[-79.47462,44.21154],[-79.47467,44.21129],[-79.47497,44.21112],[-79.47517,44.21066],[-79.47532,44.21054],[-79.47532,44.21035],[-79.47546,44.21011],[-79.47522,44.20987],[-79.47544,44.2095],[-79.47547,44.20924],[-79.47594,44.20898],[-79.47622,44.20844],[-79.47638,44.20834],[-79.47657,44.20786],[-79.47704,44.20768],[-79.47724,44.20747],[-79.47726,44.20736],[-79.47753,44.20718],[-79.47765,44.20687],[-79.47814,44.20695],[-79.4782,44.20686],[-79.47889,44.2071],[-79.47866,44.20671],[-79.4788,44.20661],[-79.47885,44.20644],[-79.47904,44.20638],[-79.4792,44.20603],[-79.47966,44.20594],[-79.47898,44.20601],[-79.47888,44.20631],[-79.47788,44.20624],[-79.47764,44.20607],[-79.47791,44.20599],[-79.47856,44.20603],[-79.47849,44.20581],[-79.47777,44.20598],[-79.47761,44.20598],[-79.47751,44.20583],[-79.47858,44.20562],[-79.47845,44.20537],[-79.47752,44.20544],[-79.4774,44.20538],[-79.47752,44.20522],[-79.47842,44.20522],[-79.47844,44.20501],[-79.47877,44.20495],[-79.47896,44.2059],[-79.47945,44.20583],[-79.47922,44.2057],[-79.47914,44.20469],[-79.47907,44.20461],[-79.4793,44.20412],[-79.4796,44.20391],[-79.47969,44.20371],[-79.47969,44.20336],[-79.47934,44.20229],[-79.47943,44.20149],[-79.47956,44.20125],[-79.47956,44.20081],[-79.47974,44.20058],[-79.48038,44.20018],[-79.48016,44.20009],[-79.47881,44.20005],[-79.47882,44.19977],[-79.47948,44.19841],[-79.47963,44.19824],[-79.47991,44.1982],[-79.47937,44.19946],[-79.47942,44.19965],[-79.47953,44.19973],[-79.47955,44.19989],[-79.48028,44.19991],[-79.48108,44.19903],[-79.48171,44.19848],[-79.48245,44.19795],[-79.48425,44.19702],[-79.48345,44.19712],[-79.4807,44.19772],[-79.47962,44.19784],[-79.47952,44.19765],[-79.48006,44.19748],[-79.48019,44.19731],[-79.48,44.19671],[-79.48003,44.19644],[-79.48052,44.19748],[-79.48182,44.19721],[-79.48184,44.19707],[-79.48113,44.19558],[-79.4806,44.19403],[-79.47954,44.19008],[-79.47975,44.19003],[-79.48117,44.19485],[-79.48205,44.197],[-79.48329,44.19681],[-79.48295,44.19591],[-79.48262,44.19598],[-79.48253,44.19584],[-79.48283,44.19574],[-79.48109,44.18973],[-79.48126,44.18969],[-79.48285,44.19485],[-79.48372,44.19676],[-79.48428,44.19651],[-79.48463,44.19649],[-79.48482,44.1964],[-79.48553,44.19555],[-79.48656,44.1947],[-79.48815,44.19362],[-79.48885,44.19336],[-79.49055,44.19294],[-79.49235,44.19281],[-79.49396,44.19298],[-79.49628,44.19364],[-79.49768,44.19355],[-79.49788,44.19339],[-79.49795,44.19306],[-79.49819,44.19325],[-79.49817,44.19352],[-79.49771,44.19388],[-79.49689,44.19409],[-79.49687,44.19436],[-79.497,44.19451],[-79.49797,44.19518],[-79.49848,44.19541],[-79.499,44.19541],[-79.49972,44.19522],[-79.49996,44.19511],[-79.5,44.195],[-79.5,44.19538],[-79.49949,44.19575],[-79.49874,44.1959],[-79.49853,44.19602],[-79.4985,44.1963],[-79.49891,44.19673],[-79.4998,44.19699],[-79.50059,44.19739],[-79.50439,44.19985],[-79.50644,44.20137],[-79.5071,44.20151],[-79.50928,44.20225],[-79.51143,44.20327],[-79.5121,44.20345],[-79.51247,44.20347],[-79.51309,44.20334],[-79.51331,44.20323],[-79.51367,44.20281],[-79.51392,44.20265],[-79.51583,44.20191],[-79.5165,44.20148],[-79.51709,44.20093],[-79.51772,44.20226],[-79.51647,44.20285],[-79.51615,44.20307],[-79.51619,44.20319],[-79.51653,44.20345],[-79.51772,44.20391],[-79.51826,44.20401],[-79.51914,44.20444],[-79.51992,44.20502],[-79.52067,44.20572],[-79.52137,44.20654],[-79.52159,44.20694],[-79.52182,44.20817],[-79.52235,44.20866],[-79.52257,44.20846],[-79.52269,44.20849],[-79.52268,44.20873],[-79.52233,44.20895],[-79.52263,44.20916],[-79.52332,44.20919],[-79.52325,44.2093],[-79.52248,44.2093],[-79.522,44.20904],[-79.52058,44.20791],[-79.52024,44.20801],[-79.51996,44.20794],[-79.51992,44.20777],[-79.51999,44.20761],[-79.5198,44.20739],[-79.51963,44.20677],[-79.51938,44.20669],[-79.52015,44.20885],[-79.52061,44.20957],[-79.52119,44.20998],[-79.52223,44.21033],[-79.52328,44.21083],[-79.52453,44.21205],[-79.52533,44.21258],[-79.52669,44.2133],[-79.52746,44.21386],[-79.52775,44.21419],[-79.52809,44.2149],[-79.52887,44.21615],[-79.52901,44.2168],[-79.52902,44.21747],[-79.52891,44.21889],[-79.52926,44.21932],[-79.52961,44.22069],[-79.52981,44.22198],[-79.52981,44.22315],[-79.52988,44.22359],[-79.52973,44.22398],[-79.53059,44.22415],[-79.531,44.22438],[-79.53142,44.22447],[-79.53282,44.22449],[-79.53351,44.2244],[-79.53372,44.22486],[-79.53258,44.22512],[-79.53236,44.22472],[-79.53206,44.22471],[-79.53204,44.2246],[-79.53183,44.22461],[-79.53182,44.22474],[-79.53127,44.2247],[-79.53066,44.22437],[-79.52985,44.22418],[-79.52986,44.22487],[-79.52968,44.22558],[-79.52973,44.22679],[-79.53009,44.22789],[-79.53017,44.22939],[-79.53048,44.2294],[-79.53046,44.2291],[-79.53081,44.22907],[-79.53082,44.2289],[-79.53106,44.2289],[-79.53112,44.22905],[-79.53126,44.22906],[-79.53144,44.2293],[-79.53199,44.22915],[-79.53184,44.22871],[-79.53216,44.22864],[-79.53223,44.22873],[-79.53345,44.22851],[-79.53361,44.22916],[-79.53528,44.22977],[-79.53609,44.23064],[-79.53851,44.23022],[-79.53865,44.23025],[-79.53868,44.23048],[-79.5388,44.23054],[-79.53832,44.23047],[-79.53608,44.2309],[-79.53561,44.23066],[-79.53497,44.22994],[-79.53386,44.22953],[-79.53344,44.22925],[-79.5326,44.22926],[-79.5313,44.22962],[-79.53041,44.22964],[-79.5303,44.23032],[-79.53036,44.23053],[-79.53076,44.23126],[-79.53122,44.23249],[-79.53132,44.23295],[-79.5311,44.23357],[-79.53119,44.23411],[-79.53113,44.23469],[-79.53105,44.23496],[-79.53081,44.23517],[-79.53237,44.23487],[-79.53231,44.23504],[-79.53186,44.23519],[-79.53099,44.23537],[-79.5309,44.2353],[-79.53074,44.23532],[-79.53013,44.23704],[-79.5299,44.23812],[-79.53038,44.23854],[-79.53115,44.23961],[-79.53139,44.24016],[-79.53122,44.24055],[-79.53119,44.2409],[-79.5316,44.24171],[-79.53213,44.24222],[-79.53246,44.24275],[-79.53243,44.24316],[-79.53228,44.24343],[-79.5324,44.24426],[-79.53225,44.24457],[-79.53211,44.24544],[-79.53167,44.24642],[-79.53177,44.24671],[-79.53162,44.24688],[-79.53172,44.24764],[-79.53198,44.24856],[-79.53196,44.24892],[-79.5319,44.24932],[-79.53121,44.25058],[-79.53058,44.25125],[-79.52961,44.25192],[-79.5285,44.25251],[-79.52817,44.25287],[-79.52789,44.2534],[-79.52743,44.25401],[-79.52722,44.25465],[-79.5272,44.25507],[-79.52761,44.25537],[-79.52752,44.25557],[-79.52758,44.25573],[-79.52844,44.2565],[-79.52859,44.25653],[-79.52931,44.25611],[-79.52987,44.256],[-79.53212,44.25635],[-79.53452,44.2569],[-79.53444,44.25703],[-79.5348,44.25718],[-79.53488,44.25707],[-79.53551,44.25725],[-79.53812,44.25817],[-79.5385,44.25838],[-79.53926,44.25801],[-79.53886,44.25765],[-79.53891,44.2575],[-79.53852,44.25683],[-79.53842,44.25686],[-79.53788,44.25616],[-79.53812,44.25603],[-79.53798,44.25545],[-79.53923,44.25536],[-79.5393,44.25567],[-79.53841,44.25576],[-79.53842,44.25596],[-79.53944,44.25589],[-79.5395,44.25623],[-79.5386,44.25632],[-79.53859,44.25649],[-79.53871,44.25679],[-79.53938,44.2565],[-79.53954,44.25668],[-79.5398,44.2571],[-79.53925,44.2573],[-79.53941,44.25759],[-79.54049,44.25728],[-79.54149,44.25686],[-79.5416,44.25702],[-79.54191,44.25691],[-79.54243,44.25704],[-79.54223,44.25714],[-79.54199,44.25702],[-79.54181,44.25713],[-79.54141,44.25711],[-79.54179,44.25759],[-79.54092,44.25799],[-79.54059,44.25762],[-79.53928,44.25834],[-79.53867,44.25849],[-79.53998,44.2592],[-79.54027,44.25952],[-79.54053,44.25961],[-79.54067,44.25999],[-79.54149,44.26069],[-79.54192,44.26121],[-79.54198,44.26138],[-79.54193,44.2616],[-79.54204,44.26168],[-79.54187,44.26191],[-79.54186,44.26226],[-79.5413,44.26328],[-79.54141,44.26353],[-79.54163,44.26376],[-79.54231,44.2637],[-79.54272,44.26385],[-79.54481,44.26359],[-79.54503,44.26419],[-79.54455,44.26429],[-79.54439,44.264],[-79.54341,44.26414],[-79.54344,44.26421],[-79.54306,44.26427],[-79.54317,44.26459],[-79.54334,44.2648],[-79.54324,44.26492],[-79.54344,44.265],[-79.54356,44.26549],[-79.54347,44.26624],[-79.54321,44.26662],[-79.54339,44.26666],[-79.54336,44.26677],[-79.54323,44.26707],[-79.54291,44.26721],[-79.54305,44.26726],[-79.5432,44.26754],[-79.54224,44.26871],[-79.5421,44.26863],[-79.54049,44.27],[-79.53919,44.2695],[-79.53915,44.26956],[-79.54039,44.27006],[-79.53996,44.27042],[-79.53903,44.27016],[-79.53901,44.27021],[-79.53933,44.27036],[-79.53952,44.27056],[-79.53957,44.27156],[-79.5394,44.27175],[-79.53875,44.27226],[-79.53749,44.27298],[-79.5363,44.27295],[-79.53593,44.27307],[-79.53534,44.27341],[-79.53359,44.275],[-79.53327,44.27521],[-79.53306,44.27522],[-79.53299,44.27545],[-79.5321,44.27606],[-79.53172,44.27675],[-79.53154,44.27687],[-79.53127,44.27745],[-79.531,44.2777],[-79.53095,44.27789],[-79.53091,44.27811],[-79.53107,44.27831],[-79.53084,44.27904],[-79.53097,44.27932],[-79.53137,44.27925],[-79.53233,44.27881],[-79.53508,44.27789],[-79.53781,44.27885],[-79.53799,44.27882],[-79.53892,44.27941],[-79.53914,44.27942],[-79.54009,44.2802],[-79.54117,44.28231],[-79.54115,44.28292],[-79.54104,44.28321],[-79.54068,44.28369],[-79.54042,44.28466],[-79.53958,44.28529],[-79.53826,44.28605],[-79.53806,44.28621],[-79.53799,44.28654],[-79.53599,44.28807],[-79.53513,44.28863],[-79.53402,44.2896],[-79.53359,44.2903],[-79.5321,44.29122],[-79.532,44.29155],[-79.53161,44.29208],[-79.53026,44.29309],[-79.53014,44.29355],[-79.52976,44.29405],[-79.52907,44.29453],[-79.52911,44.29473],[-79.52971,44.29483],[-79.52981,44.29546],[-79.52967,44.29575],[-79.52908,44.29647],[-79.52801,44.29756],[-79.52699,44.2983],[-79.52602,44.29885],[-79.52524,44.29972],[-79.52473,44.30053],[-79.52358,44.30131],[-79.52345,44.30162],[-79.52368,44.30207],[-79.52344,44.30245],[-79.52327,44.30247],[-79.52382,44.30293],[-79.52461,44.30295],[-79.52537,44.30227],[-79.52671,44.30136],[-79.52702,44.30119],[-79.52754,44.30109],[-79.52864,44.30112],[-79.52992,44.30142],[-79.53068,44.30151],[-79.53229,44.30129],[-79.53325,44.30139],[-79.53666,44.30302],[-79.5388,44.30449],[-79.5398,44.3054],[-79.54091,44.30661],[-79.54145,44.30747],[-79.54191,44.30861],[-79.54192,44.30912],[-79.54173,44.30958],[-79.54107,44.31011],[-79.5405,44.31076],[-79.53951,44.31147],[-79.53551,44.31376],[-79.53514,44.31432],[-79.5333,44.3155],[-79.53272,44.31578],[-79.53231,44.3162],[-79.53223,44.31684],[-79.53243,44.31779],[-79.53239,44.31823],[-79.53145,44.31843],[-79.53149,44.31851],[-79.53241,44.3183],[-79.53261,44.31863],[-79.53261,44.31901],[-79.53222,44.31938],[-79.53202,44.31946],[-79.53155,44.31944],[-79.53087,44.31962],[-79.53073,44.32019],[-79.5302,44.32059],[-79.52985,44.32103],[-79.52976,44.3216],[-79.53005,44.32172],[-79.53072,44.32139],[-79.53222,44.32262],[-79.53325,44.32368],[-79.53383,44.32473],[-79.53356,44.32487],[-79.53387,44.32604],[-79.53397,44.3282],[-79.53385,44.32854],[-79.53325,44.3295],[-79.533,44.32973],[-79.53242,44.32997],[-79.53215,44.32999],[-79.5322,44.32987],[-79.53147,44.32964],[-79.53092,44.32969],[-79.52972,44.32998],[-79.52862,44.33055],[-79.52837,44.33052],[-79.52848,44.33083],[-79.52909,44.33109],[-79.52973,44.33065],[-79.52993,44.33063],[-79.53097,44.33107],[-79.53133,44.33109],[-79.53168,44.33124],[-79.53164,44.33145],[-79.53179,44.33159],[-79.53181,44.33177],[-79.53227,44.33186],[-79.53267,44.33225],[-79.53328,44.33302],[-79.53396,44.3341],[-79.5341,44.33442],[-79.53418,44.3352],[-79.53408,44.3362],[-79.53385,44.33625],[-79.53371,44.3364],[-79.53354,44.33665],[-79.5335,44.33699],[-79.53334,44.33728],[-79.53273,44.33758],[-79.53259,44.33788],[-79.53294,44.33837],[-79.53391,44.33917],[-79.53464,44.34022],[-79.53513,44.34122],[-79.53557,44.34239],[-79.53584,44.34353],[-79.53603,44.34581],[-79.536,44.34611],[-79.53562,44.34704],[-79.53535,44.34736],[-79.53491,44.34757],[-79.53444,44.34768],[-79.534,44.3482],[-79.53396,44.34836],[-79.53315,44.34961],[-79.53281,44.34976],[-79.53195,44.34987],[-79.53149,44.35017],[-79.53044,44.35043],[-79.52975,44.35091],[-79.52948,44.35127],[-79.52924,44.35285],[-79.52879,44.35307],[-79.52829,44.35302],[-79.52806,44.35286],[-79.52784,44.35299],[-79.52785,44.35322],[-79.52793,44.35334],[-79.52891,44.35379],[-79.52963,44.35445],[-79.52977,44.35495],[-79.52967,44.35507],[-79.52969,44.35518],[-79.53026,44.35585],[-79.5303,44.35592],[-79.53023,44.356],[-79.5304,44.35621],[-79.53043,44.35639],[-79.53095,44.35671],[-79.53133,44.35663],[-79.53206,44.35715],[-79.5325,44.35787],[-79.53327,44.35883],[-79.5333,44.35897],[-79.53319,44.35903],[-79.53372,44.35926],[-79.53451,44.36052],[-79.5358,44.36294],[-79.53632,44.36452],[-79.53659,44.36601],[-79.53642,44.36752],[-79.53587,44.3687],[-79.53574,44.36874],[-79.53547,44.36924],[-79.53462,44.37001],[-79.53407,44.37093],[-79.53354,44.37146],[-79.53284,44.3718],[-79.53073,44.37181],[-79.52952,44.37219],[-79.52925,44.37236],[-79.52844,44.37324],[-79.52798,44.37426],[-79.52742,44.37487],[-79.52732,44.37515],[-79.52564,44.37712],[-79.52555,44.37755],[-79.52563,44.37768],[-79.52605,44.37774],[-79.52642,44.37811],[-79.52694,44.37902],[-79.52735,44.37997],[-79.52747,44.38043],[-79.52735,44.38173],[-79.52631,44.38278],[-79.5262,44.38301],[-79.52602,44.3847],[-79.52562,44.38544],[-79.52565,44.38719],[-79.52538,44.38821],[-79.52484,44.38932],[-79.52457,44.38967],[-79.52404,44.38985],[-79.52392,44.38998],[-79.5237,44.38995],[-79.52413,44.39027],[-79.52444,44.39014],[-79.52455,44.39023],[-79.52455,44.39035],[-79.52473,44.39031],[-79.52497,44.39066],[-79.5243,44.39099],[-79.52356,44.39036],[-79.52349,44.39039],[-79.52379,44.39067],[-79.52351,44.39089],[-79.52269,44.39084],[-79.52181,44.39099],[-79.52095,44.3918],[-79.52078,44.39222],[-79.52001,44.39309],[-79.51908,44.39346],[-79.51727,44.39396],[-79.51693,44.39412],[-79.51653,44.39443],[-79.5167,44.39557],[-79.51665,44.39605],[-79.51642,44.39667],[-79.5164,44.39697],[-79.51601,44.39747],[-79.51593,44.39799],[-79.51579,44.39813],[-79.51477,44.39865],[-79.51459,44.39943],[-79.51435,44.39982],[-79.51381,44.40049],[-79.51249,44.40136],[-79.51187,44.40221],[-79.51166,44.4034],[-79.51153,44.40356],[-79.51149,44.40407],[-79.51104,44.40462],[-79.51108,44.40482],[-79.51198,44.40539],[-79.51214,44.40558],[-79.51218,44.40581],[-79.51198,44.40588],[-79.51237,44.406],[-79.51292,44.40587],[-79.51305,44.40575],[-79.51294,44.40512],[-79.51354,44.40449],[-79.51583,44.40339],[-79.5173,44.40287],[-79.51767,44.40281],[-79.51942,44.40292],[-79.52055,44.40288],[-79.52193,44.40295],[-79.52239,44.40308],[-79.52256,44.40325],[-79.52255,44.40317],[-79.5228,44.40305],[-79.5235,44.40299],[-79.52675,44.40143],[-79.52796,44.40076],[-79.52848,44.39986],[-79.5292,44.39929],[-79.53083,44.39884],[-79.53299,44.39846],[-79.53317,44.39846],[-79.53321,44.3986],[-79.53566,44.39859],[-79.53701,44.39845],[-79.53958,44.39858],[-79.54204,44.39794],[-79.54323,44.39743],[-79.54584,44.39666],[-79.54728,44.39652],[-79.54784,44.39659],[-79.54945,44.39733],[-79.54963,44.39666],[-79.54967,44.39577],[-79.55132,44.39438],[-79.55254,44.3932],[-79.55315,44.39287],[-79.55429,44.39254],[-79.55523,44.39246],[-79.55655,44.39181],[-79.55759,44.39161],[-79.5592,44.39096],[-79.55988,44.39065],[-79.56174,44.38941],[-79.56234,44.38916],[-79.56302,44.38898],[-79.56378,44.38889],[-79.56717,44.38779],[-79.56924,44.3873],[-79.57163,44.38701],[-79.57217,44.38679],[-79.57316,44.3868],[-79.57403,44.38699],[-79.57462,44.38701],[-79.57479,44.38677],[-79.57484,44.38638],[-79.5752,44.38593],[-79.57756,44.38498],[-79.57898,44.38426],[-79.57984,44.38393],[-79.58081,44.38371],[-79.58137,44.3838],[-79.58199,44.38408],[-79.58242,44.38414],[-79.5828,44.38412],[-79.58297,44.38394],[-79.58341,44.38396],[-79.58389,44.38352],[-79.58436,44.38323],[-79.58571,44.38305],[-79.58603,44.38246],[-79.58625,44.38173],[-79.58658,44.38127],[-79.58682,44.38109],[-79.5888,44.3802],[-79.59037,44.37938],[-79.59138,44.37906],[-79.59217,44.37886],[-79.59433,44.37858],[-79.59591,44.37853],[-79.59648,44.37844],[-79.59927,44.37778],[-79.60073,44.37788],[-79.6022,44.37769],[-79.60424,44.37797],[-79.6051,44.37795],[-79.60625,44.37766],[-79.60701,44.37729],[-79.60822,44.37688],[-79.60955,44.37677],[-79.61032,44.37695],[-79.61075,44.37663],[-79.61093,44.37615],[-79.61163,44.37561],[-79.61351,44.37482],[-79.61501,44.37473],[-79.6156,44.3743],[-79.61601,44.37389],[-79.61603,44.37375],[-79.61766,44.37317],[-79.61821,44.37302],[-79.61864,44.37301],[-79.61902,44.37287],[-79.61933,44.37273],[-79.61993,44.37221],[-79.62063,44.37192],[-79.62175,44.37171],[-79.62331,44.37174],[-79.62467,44.37209],[-79.62514,44.37212],[-79.62529,44.37208],[-79.62583,44.37134],[-79.62626,44.37095],[-79.62665,44.37074],[-79.62741,44.37051],[-79.62818,44.37046],[-79.63052,44.3701],[-79.63164,44.37],[-79.63223,44.37003],[-79.63248,44.37012],[-79.63269,44.36993],[-79.63326,44.36983],[-79.63359,44.37001],[-79.63582,44.3706],[-79.63775,44.37073],[-79.63879,44.37105],[-79.63907,44.37123],[-79.63925,44.37178],[-79.6387,44.37192],[-79.63866,44.37183],[-79.63854,44.37185],[-79.63859,44.37199],[-79.63976,44.37176],[-79.64041,44.37231],[-79.64061,44.37263],[-79.64125,44.3733],[-79.64325,44.37457],[-79.64361,44.37477],[-79.64503,44.37508],[-79.64664,44.37566],[-79.64763,44.37592],[-79.64829,44.37601],[-79.64993,44.37599],[-79.65018,44.37611],[-79.65034,44.3758],[-79.65025,44.37579],[-79.65011,44.37506],[-79.65015,44.37461],[-79.65026,44.37448],[-79.65062,44.37446],[-79.65071,44.37421],[-79.65017,44.37359],[-79.65015,44.37341],[-79.65027,44.37326],[-79.65061,44.37317],[-79.65078,44.37297],[-79.65068,44.37333],[-79.65036,44.37335],[-79.6503,44.37344],[-79.65079,44.37408],[-79.65102,44.37407],[-79.65089,44.37457],[-79.65045,44.37462],[-79.65046,44.37557],[-79.65053,44.3756],[-79.65066,44.37523],[-79.65055,44.37486],[-79.65091,44.37478],[-79.65105,44.37514],[-79.65093,44.37555],[-79.65075,44.37556],[-79.65051,44.37612],[-79.65169,44.37635],[-79.65285,44.37579],[-79.65349,44.37567],[-79.65505,44.37557],[-79.65508,44.3755],[-79.65597,44.3754],[-79.65603,44.37527],[-79.65648,44.37522],[-79.65755,44.37523],[-79.65793,44.37543],[-79.65794,44.37525],[-79.65802,44.3752],[-79.65916,44.37524],[-79.66018,44.37542],[-79.66224,44.37598],[-79.66323,44.37634],[-79.66375,44.37643],[-79.66467,44.37652],[-79.66591,44.37647],[-79.66812,44.37655],[-79.66895,44.37583],[-79.66923,44.37544],[-79.66993,44.37476],[-79.67047,44.37458],[-79.67411,44.37453],[-79.67702,44.37426],[-79.68033,44.3747],[-79.68221,44.37478],[-79.68376,44.37479],[-79.68527,44.37458],[-79.68615,44.37456],[-79.68725,44.37506],[-79.6873,44.37518],[-79.68722,44.3753],[-79.68726,44.37537],[-79.68714,44.37537],[-79.68695,44.37567],[-79.68714,44.37599],[-79.68774,44.37616],[-79.68855,44.37591],[-79.68863,44.37603],[-79.68794,44.37629],[-79.68807,44.37657],[-79.68805,44.37687],[-79.68794,44.37692],[-79.68797,44.37706],[-79.68845,44.37767],[-79.68884,44.3787],[-79.68861,44.37887],[-79.68804,44.37878],[-79.6879,44.37891],[-79.68802,44.37901],[-79.68844,44.379],[-79.68882,44.37912],[-79.68915,44.38048],[-79.68939,44.38212],[-79.68896,44.38256],[-79.68839,44.38271],[-79.68824,44.38396],[-79.68835,44.38401],[-79.68843,44.38391],[-79.68855,44.38299],[-79.68914,44.38294],[-79.68918,44.38304],[-79.68918,44.38288],[-79.68929,44.38288],[-79.6893,44.38304],[-79.68933,44.38294],[-79.69026,44.38298],[-79.69027,44.38528],[-79.69003,44.38615],[-79.68951,44.38616],[-79.68925,44.38587],[-79.6892,44.38543],[-79.68936,44.38376],[-79.68927,44.38373],[-79.68906,44.38557],[-79.68914,44.38617],[-79.68905,44.38687],[-79.68914,44.38702],[-79.68894,44.38705],[-79.68898,44.38721],[-79.68924,44.38751],[-79.6884,44.38785],[-79.68774,44.3871],[-79.68793,44.38672],[-79.68806,44.38666],[-79.68803,44.38658],[-79.68791,44.38656],[-79.68765,44.38705],[-79.68726,44.38731],[-79.6872,44.38727],[-79.68606,44.38757],[-79.68575,44.38748],[-79.68539,44.38762],[-79.68508,44.38786],[-79.68494,44.38843],[-79.68467,44.38859],[-79.68459,44.38879],[-79.68045,44.38889],[-79.67813,44.38927],[-79.67664,44.38968],[-79.67482,44.39031],[-79.67323,44.39107],[-79.66742,44.39317],[-79.66511,44.39356],[-79.66248,44.39363],[-79.65866,44.39344],[-79.6582,44.39329],[-79.65728,44.39275],[-79.65642,44.3926],[-79.65616,44.39265],[-79.65681,44.39271],[-79.65668,44.39318],[-79.6558,44.39313],[-79.6559,44.39267],[-79.65606,44.39263],[-79.65603,44.39258],[-79.65581,44.39266],[-79.65573,44.39316],[-79.65426,44.39291],[-79.65315,44.39256],[-79.6523,44.3924],[-79.64881,44.39248],[-79.64767,44.39198],[-79.64689,44.39126],[-79.64662,44.39107],[-79.64627,44.39097],[-79.64613,44.39145],[-79.64595,44.39172],[-79.64522,44.39215],[-79.64423,44.3925],[-79.64382,44.39258],[-79.64248,44.39264],[-79.64157,44.39296],[-79.64087,44.39332],[-79.64037,44.39392],[-79.63989,44.3942],[-79.63683,44.39515],[-79.63565,44.39589],[-79.63458,44.39614],[-79.63391,44.39623],[-79.63361,44.39607],[-79.63308,44.39607],[-79.63295,44.39612],[-79.63332,44.39615],[-79.63334,44.39623],[-79.63326,44.39629],[-79.63293,44.39624],[-79.63263,44.39638],[-79.63184,44.39648],[-79.63036,44.3965],[-79.62995,44.3964],[-79.62889,44.39543],[-79.62841,44.39521],[-79.6273,44.39519],[-79.62657,44.39556],[-79.62465,44.39595],[-79.62256,44.39604],[-79.62184,44.396],[-79.62144,44.39578],[-79.62129,44.39588],[-79.62057,44.39546],[-79.62041,44.39575],[-79.62003,44.39595],[-79.61823,44.39631],[-79.61731,44.39677],[-79.6163,44.39702],[-79.61582,44.39731],[-79.61414,44.39786],[-79.61282,44.39818],[-79.61256,44.39816],[-79.61189,44.39787],[-79.61169,44.39787],[-79.61145,44.39807],[-79.6113,44.39851],[-79.61093,44.39892],[-79.60942,44.39954],[-79.60465,44.401],[-79.60406,44.40107],[-79.60392,44.40091],[-79.6037,44.40098],[-79.60202,44.40188],[-79.59967,44.40219],[-79.59908,44.40234],[-79.59616,44.40344],[-79.595,44.404],[-79.59377,44.40409],[-79.59222,44.40453],[-79.59166,44.40492],[-79.59106,44.40554],[-79.59017,44.40617],[-79.58825,44.4073],[-79.5877,44.40749],[-79.58473,44.40785],[-79.58418,44.40783],[-79.58329,44.40823],[-79.58275,44.40817],[-79.58222,44.40788],[-79.58195,44.40784],[-79.58175,44.40794],[-79.58117,44.40856],[-79.58086,44.40869],[-79.57958,44.40882],[-79.5771,44.40942],[-79.57507,44.41044],[-79.57427,44.41093],[-79.5725,44.4117],[-79.57127,44.4124],[-79.57067,44.41263],[-79.56946,44.41363],[-79.56859,44.41407],[-79.56744,44.41424],[-79.56595,44.41421],[-79.56535,44.41409],[-79.56459,44.41411],[-79.56341,44.41431],[-79.56117,44.41503],[-79.55959,44.41588],[-79.55861,44.41669],[-79.55818,44.41676],[-79.55804,44.41687],[-79.55825,44.41698],[-79.55814,44.41706],[-79.55791,44.41691],[-79.55783,44.41698],[-79.55796,44.41712],[-79.5577,44.41744],[-79.55606,44.41894],[-79.55415,44.42015],[-79.55318,44.42058],[-79.55251,44.42082],[-79.55163,44.42097],[-79.55,44.42105],[-79.54963,44.4213],[-79.54932,44.42136],[-79.54911,44.42171],[-79.54882,44.42194],[-79.54856,44.42201],[-79.54827,44.42227],[-79.54783,44.42245],[-79.54746,44.42256],[-79.5463,44.42264],[-79.54629,44.42271],[-79.5464,44.42272],[-79.54651,44.42284],[-79.54619,44.4229],[-79.54615,44.42272],[-79.54583,44.42266],[-79.5456,44.42273],[-79.54542,44.42294],[-79.54507,44.42297],[-79.54405,44.42339],[-79.54337,44.42347],[-79.54262,44.42372],[-79.54207,44.42381],[-79.54204,44.42397],[-79.54179,44.42398],[-79.54142,44.42423],[-79.53994,44.42489],[-79.53925,44.42514],[-79.53891,44.42518],[-79.53841,44.42565],[-79.53792,44.42586],[-79.5376,44.4264],[-79.53738,44.42644],[-79.53738,44.42658],[-79.53685,44.4273],[-79.536,44.42805],[-79.53545,44.42839],[-79.53517,44.42843],[-79.53498,44.42876],[-79.53458,44.4288],[-79.53444,44.42899],[-79.53416,44.42905],[-79.53403,44.4292],[-79.53378,44.42922],[-79.53305,44.42975],[-79.53283,44.43012],[-79.53286,44.43023],[-79.53305,44.43035],[-79.53295,44.43085],[-79.53265,44.43122],[-79.53145,44.43354],[-79.53124,44.43347],[-79.53094,44.43377],[-79.53069,44.4337],[-79.53075,44.43391],[-79.53046,44.43406],[-79.53003,44.43416],[-79.52976,44.43443],[-79.52869,44.43477],[-79.52844,44.43475],[-79.52838,44.43484],[-79.52778,44.4349],[-79.52771,44.43507],[-79.52709,44.43516],[-79.52643,44.43555],[-79.5262,44.43557],[-79.5255,44.43591],[-79.52533,44.43565],[-79.52526,44.43565],[-79.52534,44.43586],[-79.52525,44.4359],[-79.52473,44.43564],[-79.52462,44.43578],[-79.52489,44.43584],[-79.52518,44.43608],[-79.52567,44.43668],[-79.5258,44.43669],[-79.52582,44.43678],[-79.52574,44.43682],[-79.5256,44.43672],[-79.5255,44.4368],[-79.52541,44.43673],[-79.52495,44.43609],[-79.52484,44.4361],[-79.52452,44.43592],[-79.52458,44.4358],[-79.52439,44.43567],[-79.52441,44.43587],[-79.52431,44.43592],[-79.52441,44.43624],[-79.52407,44.43642],[-79.52384,44.43668],[-79.52359,44.43675],[-79.52361,44.4369],[-79.52347,44.43715],[-79.52312,44.43719],[-79.52326,44.43727],[-79.52326,44.43739],[-79.52308,44.43748],[-79.52305,44.43763],[-79.52289,44.43769],[-79.52294,44.43778],[-79.5231,44.43774],[-79.52313,44.4378],[-79.52282,44.43826],[-79.5227,44.43829],[-79.52256,44.43814],[-79.52241,44.43814],[-79.5223,44.43834],[-79.52219,44.4383],[-79.52202,44.43838],[-79.52217,44.43854],[-79.52216,44.43865],[-79.52207,44.43868],[-79.52191,44.43849],[-79.52186,44.43855],[-79.52199,44.43876],[-79.52163,44.4391],[-79.52149,44.43895],[-79.52159,44.43883],[-79.52152,44.43879],[-79.52135,44.43892],[-79.52155,44.43922],[-79.52131,44.43934],[-79.52129,44.43954],[-79.52082,44.43981],[-79.51979,44.44068],[-79.51918,44.44093],[-79.519,44.44114],[-79.51854,44.44131],[-79.51791,44.44177],[-79.51745,44.44198],[-79.51728,44.4422],[-79.51687,44.44243],[-79.5167,44.44276],[-79.51577,44.44312],[-79.51498,44.44354],[-79.51422,44.44419],[-79.51271,44.44501],[-79.51151,44.44593],[-79.51105,44.44619],[-79.51017,44.44691],[-79.50974,44.44742],[-79.50954,44.44747],[-79.51022,44.44789],[-79.51037,44.4481],[-79.51033,44.4482],[-79.51018,44.44819],[-79.50973,44.44771],[-79.50941,44.4477],[-79.50736,44.44871],[-79.50637,44.44876],[-79.50585,44.44887],[-79.50506,44.44872],[-79.50169,44.44875],[-79.50026,44.44949],[-79.50014,44.44964],[-79.49994,44.44964],[-79.4994,44.4502],[-79.49817,44.45081],[-79.49714,44.4515],[-79.49669,44.45165],[-79.49622,44.45203],[-79.49411,44.45328],[-79.49391,44.45348],[-79.49388,44.45365],[-79.49355,44.45387],[-79.49356,44.45399],[-79.49338,44.45422],[-79.49333,44.45443],[-79.49313,44.45468],[-79.49309,44.45547],[-79.49301,44.45559],[-79.49306,44.4557],[-79.49319,44.45573],[-79.49317,44.45599],[-79.49349,44.45623],[-79.49378,44.45621],[-79.49401,44.45634],[-79.49398,44.45709],[-79.49371,44.45755],[-79.49344,44.45786],[-79.49181,44.45904],[-79.49115,44.45967],[-79.48965,44.46064],[-79.48918,44.46108],[-79.48912,44.46122],[-79.48911,44.4621],[-79.48958,44.46223],[-79.48997,44.46224],[-79.49028,44.46255],[-79.49029,44.46307],[-79.49019,44.46344],[-79.48959,44.46457],[-79.48774,44.46592],[-79.4873,44.46616],[-79.48711,44.46616],[-79.48707,44.46632],[-79.48688,44.46639],[-79.48657,44.46668],[-79.48413,44.468],[-79.48348,44.46889],[-79.48335,44.46962],[-79.48275,44.47047],[-79.48222,44.47089],[-79.48205,44.47093],[-79.48197,44.47114],[-79.48158,44.47148],[-79.48126,44.47169],[-79.4809,44.47173],[-79.48084,44.47199],[-79.48023,44.47253],[-79.47951,44.47291],[-79.47706,44.47393],[-79.47638,44.47432],[-79.47611,44.47437],[-79.47421,44.4757],[-79.47398,44.47594],[-79.47287,44.47791],[-79.4713,44.47944],[-79.47094,44.48002],[-79.46968,44.48136],[-79.46885,44.48192],[-79.46878,44.48205],[-79.46859,44.48207],[-79.46815,44.48234],[-79.46783,44.48264],[-79.4665,44.48441],[-79.46611,44.48479],[-79.46553,44.48517],[-79.46446,44.48606],[-79.4633,44.48669],[-79.463,44.48695],[-79.46289,44.48732],[-79.46332,44.48745],[-79.46369,44.4874],[-79.46381,44.48752],[-79.46398,44.48784],[-79.46398,44.48839],[-79.46357,44.48914],[-79.46296,44.4894],[-79.46263,44.48989],[-79.46221,44.4901],[-79.46186,44.49012],[-79.46249,44.49068],[-79.46254,44.49125],[-79.46217,44.49191],[-79.46115,44.4932],[-79.46052,44.49372],[-79.46016,44.49382],[-79.46012,44.49375],[-79.46013,44.49395],[-79.4603,44.49409],[-79.46073,44.49391],[-79.46099,44.49411],[-79.46155,44.49416],[-79.46185,44.49432],[-79.46171,44.49478],[-79.46084,44.49427],[-79.46148,44.49483],[-79.46167,44.49513],[-79.46089,44.49454],[-79.46071,44.49432],[-79.46048,44.49436],[-79.46008,44.49422],[-79.4597,44.49367],[-79.4596,44.4938],[-79.45982,44.49415],[-79.45951,44.49439],[-79.459,44.49448],[-79.45787,44.49501],[-79.45727,44.49554],[-79.45648,44.49595],[-79.45511,44.49648],[-79.45349,44.49723],[-79.45311,44.49752],[-79.45199,44.49793],[-79.45136,44.49827],[-79.45087,44.49866],[-79.45041,44.49921],[-79.45057,44.49949],[-79.45058,44.49995],[-79.45049,44.50026],[-79.44917,44.50138],[-79.44635,44.50322],[-79.4447,44.50469],[-79.44057,44.5096],[-79.4401,44.51122],[-79.43979,44.51183],[-79.43805,44.51348],[-79.438,44.51372],[-79.43784,44.5138],[-79.43797,44.5144],[-79.43796,44.51517],[-79.43771,44.51599],[-79.43731,44.51667],[-79.4372,44.51721],[-79.43723,44.51766],[-79.4359,44.51929],[-79.43566,44.52009],[-79.43418,44.52163],[-79.43343,44.52272],[-79.43303,44.52305],[-79.43282,44.52345],[-79.43251,44.52354],[-79.4322,44.52391],[-79.43153,44.52417],[-79.43063,44.52559],[-79.43009,44.5263],[-79.42877,44.52642],[-79.42757,44.52633],[-79.42639,44.5261],[-79.42539,44.52576],[-79.42395,44.52504],[-79.4235,44.52468],[-79.42348,44.52423],[-79.42361,44.52372],[-79.42404,44.52288],[-79.42511,44.52155],[-79.4255,44.52117],[-79.42552,44.52087],[-79.4253,44.52062],[-79.42487,44.52058],[-79.42442,44.52028],[-79.42391,44.51967],[-79.42378,44.51919],[-79.42386,44.51885],[-79.42412,44.51882],[-79.42429,44.51864],[-79.4246,44.5186],[-79.4248,44.5187],[-79.42482,44.51835],[-79.42506,44.51792],[-79.42643,44.51703],[-79.42722,44.5164],[-79.42885,44.5154],[-79.42946,44.51464],[-79.4295,44.51425],[-79.42941,44.51398],[-79.42891,44.51373],[-79.42588,44.51276],[-79.42531,44.51247],[-79.4246,44.51176],[-79.42445,44.51131],[-79.42457,44.51079],[-79.42498,44.51027],[-79.42517,44.50985],[-79.42547,44.50981],[-79.42528,44.50954],[-79.42414,44.50953],[-79.42371,44.5097],[-79.42323,44.51011],[-79.42278,44.51066],[-79.42274,44.51104],[-79.42282,44.51132],[-79.4235,44.51192],[-79.42352,44.51236],[-79.42337,44.51279],[-79.4229,44.5136],[-79.4223,44.51432],[-79.42138,44.51597],[-79.42117,44.51807],[-79.42075,44.52066],[-79.42108,44.52111],[-79.42108,44.52128],[-79.42063,44.52208],[-79.41954,44.52362],[-79.41945,44.52398],[-79.41954,44.52431],[-79.41992,44.52459],[-79.42089,44.52484],[-79.42131,44.52506],[-79.42147,44.52548],[-79.4214,44.52633],[-79.42097,44.52713],[-79.41992,44.5286],[-79.4197,44.52974],[-79.41931,44.53087],[-79.41877,44.53148],[-79.41851,44.53195],[-79.41834,44.53284],[-79.4175,44.53429],[-79.41685,44.53492],[-79.41452,44.53685],[-79.41186,44.53861],[-79.40781,44.54171],[-79.40702,44.54236],[-79.40638,44.54309],[-79.40621,44.54353],[-79.40632,44.54397],[-79.40678,44.54458],[-79.40726,44.54494],[-79.40827,44.54541],[-79.41034,44.54545],[-79.4108,44.54566],[-79.41116,44.54564],[-79.4114,44.54576],[-79.41229,44.54577],[-79.41261,44.54591],[-79.41326,44.54678],[-79.41329,44.54763],[-79.41317,44.54849],[-79.41256,44.55013],[-79.41199,44.55089],[-79.41192,44.55129],[-79.41215,44.55185],[-79.4117,44.5525],[-79.41101,44.5532],[-79.41061,44.55323],[-79.40977,44.55387],[-79.40897,44.55453],[-79.40842,44.55531],[-79.40843,44.55576],[-79.40865,44.55596],[-79.4099,44.55587],[-79.41153,44.55599],[-79.41182,44.55618],[-79.41217,44.5568],[-79.41222,44.55724],[-79.41002,44.55994],[-79.41002,44.56005],[-79.41034,44.56025],[-79.41055,44.5602],[-79.41061,44.56028],[-79.41096,44.56009],[-79.41109,44.56027],[-79.41095,44.5604],[-79.41093,44.56068],[-79.41048,44.56131],[-79.40996,44.56168],[-79.40763,44.5629],[-79.40746,44.56398],[-79.407,44.56447],[-79.40691,44.56472],[-79.40737,44.56521],[-79.40822,44.56584],[-79.40828,44.56607],[-79.40813,44.56725],[-79.40815,44.56859],[-79.40828,44.56883],[-79.40892,44.56908],[-79.40935,44.56915],[-79.41176,44.56918],[-79.41376,44.56892],[-79.41526,44.56845],[-79.41578,44.56841],[-79.41614,44.56853],[-79.41679,44.56914],[-79.41681,44.56963],[-79.41706,44.56992],[-79.41758,44.57019],[-79.41802,44.57027],[-79.41842,44.57023],[-79.41904,44.57004],[-79.41935,44.57024],[-79.42014,44.57028],[-79.42047,44.57025],[-79.42071,44.57008],[-79.4211,44.57],[-79.42153,44.57003],[-79.42259,44.57068],[-79.4234,44.57135],[-79.42374,44.5718],[-79.42396,44.57309],[-79.42372,44.57478],[-79.42329,44.57646],[-79.42272,44.57749],[-79.42137,44.57936],[-79.42061,44.58031],[-79.42011,44.58079],[-79.41974,44.58093],[-79.41895,44.58051],[-79.41875,44.58051],[-79.41872,44.58066],[-79.41951,44.58105],[-79.41956,44.5812],[-79.41946,44.58146],[-79.41918,44.58164],[-79.41915,44.58182],[-79.41782,44.58267],[-79.41739,44.58333],[-79.4169,44.58344],[-79.41674,44.58421],[-79.41644,44.58455],[-79.41536,44.58541],[-79.41458,44.58582],[-79.41461,44.58622],[-79.41358,44.58682],[-79.41353,44.587],[-79.41305,44.5873],[-79.41274,44.58735],[-79.41221,44.58769],[-79.41201,44.58772],[-79.4115,44.58811],[-79.41098,44.58826],[-79.41069,44.58822],[-79.41058,44.58885],[-79.41068,44.5893],[-79.41054,44.58918],[-79.41015,44.58914],[-79.40998,44.58896],[-79.40947,44.58889],[-79.40843,44.58929],[-79.4078,44.58926],[-79.40645,44.58976],[-79.40555,44.58992],[-79.40477,44.58945],[-79.40413,44.58888],[-79.40358,44.5888],[-79.40284,44.58906],[-79.40172,44.58971],[-79.40061,44.5906],[-79.40013,44.59125],[-79.39995,44.592],[-79.40009,44.59339],[-79.39947,44.59387],[-79.39938,44.59402],[-79.39888,44.59416],[-79.39879,44.59431],[-79.39763,44.59441],[-79.39645,44.59429],[-79.39428,44.59381],[-79.39316,44.59345],[-79.39289,44.59332],[-79.39286,44.5931],[-79.39144,44.59231],[-79.39145,44.59217],[-79.3913,44.59214],[-79.39067,44.59167],[-79.39059,44.5915],[-79.38982,44.59079],[-79.38936,44.58977],[-79.39241,44.58733],[-79.39331,44.58683],[-79.39366,44.58645],[-79.39376,44.58622],[-79.39446,44.5859],[-79.39544,44.58437],[-79.39541,44.58422],[-79.39516,44.58419],[-79.39474,44.58428],[-79.39387,44.58468],[-79.39305,44.58489],[-79.39188,44.58575],[-79.39163,44.58603],[-79.38971,44.58692],[-79.38966,44.58706],[-79.38914,44.58735],[-79.38857,44.58794],[-79.38783,44.58833],[-79.38635,44.58808],[-79.38552,44.58777],[-79.38502,44.58749],[-79.38452,44.58701],[-79.38402,44.58705],[-79.38398,44.58733],[-79.38325,44.58753],[-79.38278,44.58778],[-79.38165,44.58902],[-79.3804,44.59108],[-79.37988,44.59223],[-79.37992,44.59256],[-79.38104,44.59371],[-79.38123,44.59375],[-79.38136,44.59395],[-79.38162,44.59407],[-79.38218,44.59387],[-79.38237,44.59386],[-79.38251,44.594],[-79.38266,44.59401],[-79.38309,44.59368],[-79.38274,44.59336],[-79.38297,44.59325],[-79.38536,44.59348],[-79.38593,44.5936],[-79.38634,44.59386],[-79.38666,44.59467],[-79.38686,44.59581],[-79.38695,44.59706],[-79.38735,44.59788],[-79.38762,44.5987],[-79.38772,44.59941],[-79.38769,44.60027],[-79.38739,44.6014],[-79.38707,44.60209],[-79.38704,44.60271],[-79.38689,44.60355],[-79.38703,44.60372],[-79.38686,44.60391],[-79.38686,44.60418],[-79.3871,44.60437],[-79.38678,44.60439],[-79.38668,44.60459],[-79.38675,44.60492],[-79.38642,44.60529],[-79.38518,44.60585],[-79.38477,44.60577],[-79.38423,44.60586],[-79.38411,44.60609],[-79.38383,44.60608],[-79.38375,44.60624],[-79.38308,44.60628],[-79.38299,44.60588],[-79.38283,44.60574],[-79.38258,44.60576],[-79.38098,44.60636],[-79.38037,44.60638],[-79.37985,44.60631],[-79.37965,44.60577],[-79.37947,44.6056],[-79.37953,44.6052],[-79.37972,44.60482],[-79.37943,44.60298],[-79.37903,44.60277],[-79.37871,44.60276],[-79.37761,44.6033],[-79.37746,44.6032],[-79.37744,44.60336],[-79.37713,44.6036],[-79.37578,44.60445],[-79.37534,44.60442],[-79.37485,44.60421],[-79.37464,44.60397],[-79.37466,44.60315],[-79.37497,44.60291],[-79.37505,44.60261],[-79.37492,44.602],[-79.37429,44.60104],[-79.37359,44.60054],[-79.37318,44.60049],[-79.37258,44.60055],[-79.3719,44.60087],[-79.37124,44.60197],[-79.3712,44.60239],[-79.37094,44.60332],[-79.3705,44.60324],[-79.37045,44.60335],[-79.37093,44.60348],[-79.37081,44.60375],[-79.37019,44.60366],[-79.37005,44.60394],[-79.3704,44.60403],[-79.37036,44.60421],[-79.37022,44.60419],[-79.3702,44.6043],[-79.37025,44.60432],[-79.3702,44.60448],[-79.37056,44.60452],[-79.37041,44.60455],[-79.37042,44.605],[-79.36909,44.60481],[-79.36921,44.60435],[-79.3684,44.60437],[-79.36599,44.60417],[-79.36602,44.60381],[-79.36834,44.60403],[-79.36875,44.60395],[-79.36876,44.60365],[-79.36858,44.60333],[-79.36836,44.6033],[-79.36826,44.60305],[-79.3681,44.60231],[-79.36818,44.60203],[-79.36827,44.60205],[-79.36832,44.60196],[-79.36824,44.60179],[-79.36811,44.60183],[-79.36821,44.60176],[-79.36813,44.60161],[-79.36705,44.6019],[-79.36705,44.60257],[-79.36646,44.60251],[-79.36664,44.60168],[-79.36777,44.60138],[-79.3677,44.60054],[-79.36783,44.59968],[-79.36779,44.59919],[-79.36764,44.59908],[-79.36777,44.59879],[-79.36727,44.59813],[-79.36635,44.59764],[-79.36607,44.59729],[-79.36621,44.5966],[-79.36672,44.5959],[-79.36715,44.59513],[-79.36737,44.59425],[-79.36733,44.59359],[-79.36741,44.59321],[-79.36798,44.59244],[-79.36897,44.59156],[-79.37022,44.58975],[-79.37088,44.58901],[-79.37104,44.58876],[-79.37122,44.58758],[-79.37152,44.58752],[-79.37187,44.58689],[-79.37193,44.5865],[-79.37172,44.58629],[-79.37119,44.5861],[-79.37026,44.58606],[-79.36804,44.58655],[-79.36568,44.58632],[-79.36448,44.58603],[-79.36318,44.58559],[-79.36088,44.58464],[-79.35992,44.58411],[-79.35906,44.58341],[-79.35842,44.58271],[-79.35782,44.58153],[-79.35802,44.58103],[-79.35892,44.58042],[-79.36089,44.57844],[-79.36129,44.57817],[-79.3613,44.57803],[-79.35874,44.57986],[-79.35821,44.58045],[-79.3578,44.58074],[-79.35579,44.58161],[-79.35512,44.58207],[-79.35433,44.58245],[-79.35293,44.58299],[-79.35174,44.5831],[-79.35053,44.58307],[-79.35018,44.58324],[-79.34942,44.58341],[-79.34752,44.58337],[-79.3452,44.58299],[-79.34294,44.58231],[-79.34218,44.58196],[-79.34178,44.58159],[-79.34174,44.58124],[-79.34188,44.58087],[-79.34175,44.58067],[-79.34118,44.58068],[-79.33777,44.58376],[-79.3371,44.58449],[-79.33703,44.58478],[-79.33713,44.58497],[-79.33792,44.58562],[-79.33852,44.58647],[-79.33884,44.58649],[-79.33887,44.58645],[-79.33863,44.58624],[-79.33875,44.58611],[-79.33972,44.58604],[-79.33946,44.58627],[-79.33965,44.58641],[-79.3397,44.58663],[-79.33965,44.58714],[-79.3399,44.58743],[-79.34016,44.5875],[-79.34105,44.58731],[-79.34134,44.58732],[-79.3413,44.58741],[-79.34019,44.58763],[-79.33973,44.58752],[-79.33947,44.58728],[-79.33912,44.58735],[-79.3388,44.58716],[-79.338,44.58704],[-79.3347,44.58912],[-79.33367,44.58959],[-79.33274,44.59019],[-79.33202,44.59039],[-79.33146,44.59075],[-79.33094,44.59075],[-79.33023,44.59064],[-79.32887,44.59024],[-79.32856,44.59029],[-79.32543,44.59245],[-79.32444,44.59298],[-79.32397,44.59307],[-79.32376,44.59324],[-79.32358,44.59327],[-79.32284,44.59303],[-79.32155,44.59251],[-79.32088,44.5921],[-79.32052,44.59163],[-79.32056,44.59078],[-79.32038,44.59046],[-79.3201,44.59018],[-79.31916,44.59013],[-79.31809,44.59075],[-79.31768,44.59083],[-79.31738,44.5907],[-79.31669,44.5902],[-79.31594,44.58937],[-79.31541,44.58783],[-79.31566,44.58722],[-79.31562,44.58705],[-79.31551,44.58702],[-79.3155,44.58718],[-79.31521,44.58723],[-79.31469,44.5872],[-79.31417,44.58691],[-79.31403,44.58633],[-79.31433,44.58581],[-79.31474,44.58551],[-79.31537,44.58552],[-79.3157,44.58567],[-79.31587,44.58594],[-79.3165,44.58596],[-79.31697,44.58583],[-79.31791,44.58538],[-79.31857,44.5849],[-79.31871,44.58456],[-79.31881,44.58399],[-79.31866,44.58384],[-79.3181,44.58387],[-79.31745,44.58407],[-79.31734,44.5842],[-79.31735,44.58436],[-79.31621,44.58486],[-79.31526,44.58498],[-79.31334,44.58491],[-79.31269,44.58442],[-79.31219,44.58392],[-79.31181,44.58381],[-79.31128,44.58387],[-79.31113,44.58395],[-79.31074,44.58392],[-79.31058,44.58406],[-79.3105,44.58451],[-79.31037,44.58471],[-79.31062,44.58487],[-79.31054,44.58498],[-79.31014,44.58479],[-79.30981,44.58503],[-79.30939,44.58552],[-79.30899,44.58559],[-79.30834,44.58547],[-79.30812,44.5855],[-79.30797,44.58607],[-79.30732,44.58631],[-79.30727,44.58646],[-79.30764,44.58705],[-79.30758,44.58709],[-79.30723,44.58689],[-79.30662,44.58728],[-79.30651,44.58778],[-79.30616,44.58823],[-79.30614,44.58844],[-79.30569,44.58873],[-79.30493,44.58949],[-79.30442,44.58955],[-79.3039,44.58989],[-79.30392,44.58967],[-79.3048,44.58932],[-79.30566,44.58843],[-79.30586,44.58831],[-79.30592,44.58808],[-79.30618,44.5878],[-79.30624,44.58731],[-79.30668,44.58684],[-79.30701,44.58672],[-79.30687,44.58628],[-79.30546,44.58428],[-79.30584,44.58406],[-79.30593,44.58415],[-79.30605,44.58412],[-79.30742,44.586],[-79.30759,44.58595],[-79.30774,44.5857],[-79.30767,44.58533],[-79.30801,44.58521],[-79.30802,44.58509],[-79.30815,44.5852],[-79.30829,44.58514],[-79.30795,44.58445],[-79.30842,44.58421],[-79.30895,44.58531],[-79.30902,44.58533],[-79.3095,44.5847],[-79.31002,44.58446],[-79.30997,44.58381],[-79.30975,44.58384],[-79.30937,44.58258],[-79.31003,44.58245],[-79.31035,44.58365],[-79.3108,44.58358],[-79.31089,44.58351],[-79.31103,44.5836],[-79.31198,44.58351],[-79.31174,44.58251],[-79.31171,44.58181],[-79.31175,44.58097],[-79.31207,44.57961],[-79.3129,44.57832],[-79.31349,44.57812],[-79.31379,44.5781],[-79.31464,44.57749],[-79.31541,44.5771],[-79.31527,44.57673],[-79.31532,44.5767],[-79.3156,44.57676],[-79.31568,44.57693],[-79.31585,44.577],[-79.31673,44.57689],[-79.31762,44.57717],[-79.3182,44.57708],[-79.31854,44.57717],[-79.31919,44.57699],[-79.31931,44.57704],[-79.31958,44.57733],[-79.32062,44.57799],[-79.32163,44.5789],[-79.32198,44.57969],[-79.32182,44.58016],[-79.32103,44.58034],[-79.32127,44.58046],[-79.32219,44.58059],[-79.32279,44.58055],[-79.32573,44.57937],[-79.32769,44.57808],[-79.33042,44.57661],[-79.3315,44.57508],[-79.33289,44.57386],[-79.33349,44.57347],[-79.33326,44.5732],[-79.33285,44.57339],[-79.33212,44.57357],[-79.33181,44.57354],[-79.33134,44.57321],[-79.33085,44.57246],[-79.33072,44.57136],[-79.33135,44.57057],[-79.33193,44.57016],[-79.33353,44.56966],[-79.33394,44.56937],[-79.33467,44.56863],[-79.33571,44.56792],[-79.33577,44.56775],[-79.33565,44.56763],[-79.33524,44.56801],[-79.33482,44.56811],[-79.33428,44.56808],[-79.3338,44.5679],[-79.3331,44.56747],[-79.3323,44.56684],[-79.33214,44.56561],[-79.33343,44.56392],[-79.33342,44.56342],[-79.33254,44.56399],[-79.33211,44.56412],[-79.32993,44.56543],[-79.32698,44.56674],[-79.32648,44.56723],[-79.32408,44.56815],[-79.32348,44.5683],[-79.32317,44.56848],[-79.32317,44.56875],[-79.32222,44.56897],[-79.32177,44.56898],[-79.32171,44.56907],[-79.32091,44.56907],[-79.32066,44.56895],[-79.32044,44.56902],[-79.31954,44.56896],[-79.3184,44.56864],[-79.31732,44.56823],[-79.31638,44.56776],[-79.31606,44.56747],[-79.31526,44.56739],[-79.31504,44.56721],[-79.31503,44.56668],[-79.31482,44.5663],[-79.31504,44.56592],[-79.31576,44.56554],[-79.31611,44.56528],[-79.31609,44.56522],[-79.31497,44.56575],[-79.31515,44.56542],[-79.31542,44.56531],[-79.31533,44.56517],[-79.31461,44.56498],[-79.3137,44.56495],[-79.31242,44.56542],[-79.31099,44.56508],[-79.30997,44.56463],[-79.30854,44.5638],[-79.30832,44.56348],[-79.30845,44.56281],[-79.30819,44.56267],[-79.30765,44.56268],[-79.30711,44.56305],[-79.30664,44.56325],[-79.30639,44.56377],[-79.3042,44.56438],[-79.30301,44.56442],[-79.30204,44.56469],[-79.30054,44.56559],[-79.29753,44.56651],[-79.29643,44.5674],[-79.29543,44.56733],[-79.29277,44.56656],[-79.2904,44.56639],[-79.29025,44.56665],[-79.29041,44.56712],[-79.29053,44.56718],[-79.29116,44.56713],[-79.29229,44.56721],[-79.29263,44.56754],[-79.29265,44.56799],[-79.29241,44.56827],[-79.29142,44.5686],[-79.29116,44.56893],[-79.2906,44.569],[-79.28978,44.56986],[-79.28868,44.5702],[-79.28879,44.57083],[-79.28868,44.57105],[-79.28796,44.57166],[-79.28757,44.57219],[-79.28644,44.57271],[-79.28546,44.57281],[-79.28485,44.57347],[-79.28451,44.57367],[-79.28392,44.57383],[-79.28268,44.57388],[-79.28245,44.57413],[-79.28212,44.57428],[-79.28131,44.57432],[-79.28054,44.57464],[-79.2807,44.5744],[-79.28136,44.57418],[-79.28215,44.57404],[-79.28248,44.57372],[-79.28384,44.57362],[-79.28453,44.57339],[-79.28515,44.57266],[-79.28663,44.57231],[-79.28676,44.57217],[-79.28736,44.57202],[-79.28768,44.57165],[-79.2878,44.57132],[-79.28826,44.571],[-79.28841,44.57077],[-79.2883,44.57036],[-79.28854,44.57004],[-79.28972,44.56945],[-79.28982,44.56916],[-79.29099,44.56859],[-79.2912,44.56828],[-79.29152,44.56809],[-79.29199,44.56798],[-79.29207,44.56786],[-79.29204,44.56752],[-79.29066,44.56744],[-79.28967,44.56774],[-79.28876,44.5677],[-79.28813,44.56737],[-79.2874,44.56723],[-79.2865,44.56682],[-79.28582,44.56617],[-79.28565,44.56586],[-79.28564,44.56563],[-79.28521,44.56548],[-79.28525,44.56503],[-79.28505,44.56486],[-79.28512,44.56458],[-79.28497,44.56452],[-79.28475,44.56459],[-79.28409,44.56454],[-79.28318,44.56484],[-79.28111,44.5647],[-79.28065,44.56446],[-79.27974,44.5642],[-79.27874,44.56412],[-79.27806,44.56387],[-79.27792,44.56388],[-79.27765,44.56439],[-79.27714,44.56475],[-79.27632,44.56488],[-79.27589,44.56514],[-79.27509,44.56547],[-79.27443,44.56545],[-79.27427,44.56531],[-79.27491,44.56533],[-79.27577,44.565],[-79.27643,44.56454],[-79.27694,44.56429],[-79.27763,44.56353],[-79.27752,44.56341],[-79.27765,44.56326],[-79.27789,44.56319],[-79.27791,44.5631],[-79.27731,44.56191],[-79.27718,44.56119],[-79.27726,44.56049],[-79.27749,44.55962],[-79.27811,44.55887],[-79.27812,44.55877],[-79.28059,44.55776],[-79.28169,44.55753],[-79.28274,44.5576],[-79.28328,44.55781],[-79.28408,44.55846],[-79.28413,44.55868],[-79.28387,44.55894],[-79.28392,44.55902],[-79.28425,44.55888],[-79.28449,44.55859],[-79.28538,44.55855],[-79.28542,44.55802],[-79.28572,44.55744],[-79.28598,44.55716],[-79.28744,44.55723],[-79.28765,44.55713],[-79.28804,44.55631],[-79.28854,44.55603],[-79.29044,44.55601],[-79.2905,44.55588],[-79.28985,44.55594],[-79.28975,44.55525],[-79.29066,44.55524],[-79.29065,44.55518],[-79.29076,44.55517],[-79.29087,44.55582],[-79.29065,44.55587],[-79.29043,44.55627],[-79.29049,44.55631],[-79.29083,44.55596],[-79.29102,44.5559],[-79.29151,44.55594],[-79.29235,44.55588],[-79.29298,44.55564],[-79.29376,44.55518],[-79.29521,44.55377],[-79.29538,44.55311],[-79.29593,44.55233],[-79.29633,44.552],[-79.29632,44.5519],[-79.29599,44.55191],[-79.29378,44.55259],[-79.29038,44.55271],[-79.28881,44.55286],[-79.28813,44.55282],[-79.28754,44.55253],[-79.286,44.55262],[-79.28389,44.55259],[-79.28301,44.55223],[-79.28135,44.55232],[-79.2798,44.55275],[-79.27877,44.55324],[-79.27599,44.55477],[-79.2743,44.55609],[-79.2744,44.55616],[-79.27468,44.55596],[-79.27555,44.55652],[-79.27504,44.55703],[-79.27412,44.55644],[-79.27426,44.5563],[-79.27413,44.55626],[-79.2738,44.55662],[-79.2736,44.55754],[-79.26849,44.55974],[-79.26688,44.56026],[-79.26409,44.5616],[-79.26403,44.56175],[-79.26285,44.5623],[-79.26122,44.5635],[-79.26087,44.56355],[-79.26076,44.56374],[-79.26031,44.56396],[-79.25855,44.56447],[-79.25687,44.56438],[-79.25482,44.56378],[-79.25288,44.56291],[-79.25109,44.56175],[-79.25042,44.56117],[-79.25,44.56058],[-79.24989,44.5598],[-79.25001,44.55963],[-79.25041,44.55931],[-79.25067,44.55923],[-79.2507,44.55914],[-79.25038,44.55905],[-79.24948,44.55932],[-79.24864,44.55994],[-79.24722,44.56078],[-79.24675,44.56092],[-79.24523,44.56174],[-79.24488,44.56184],[-79.24446,44.56183],[-79.24412,44.56199],[-79.24361,44.56208],[-79.24234,44.56194],[-79.24232,44.56171],[-79.2417,44.56162],[-79.24143,44.56144],[-79.24008,44.56159],[-79.23925,44.56157],[-79.23907,44.56149],[-79.23824,44.56149],[-79.23645,44.56087],[-79.2335,44.5596],[-79.2321,44.55866],[-79.23047,44.55788],[-79.22892,44.55686],[-79.22852,44.55684],[-79.22798,44.55703],[-79.22781,44.55744],[-79.22736,44.55785],[-79.22757,44.55726],[-79.22739,44.55703],[-79.2277,44.55684],[-79.22824,44.55673],[-79.22835,44.55653],[-79.22813,44.55625],[-79.22791,44.55616],[-79.22771,44.55631],[-79.22725,44.55635],[-79.22641,44.55621],[-79.22576,44.55581],[-79.22511,44.5552],[-79.22463,44.55514],[-79.2234,44.55433],[-79.22266,44.55358],[-79.22236,44.55354],[-79.22168,44.55288],[-79.22128,44.55275],[-79.22099,44.55255],[-79.22093,44.55227],[-79.22034,44.55198],[-79.21977,44.55134],[-79.21943,44.55113],[-79.2189,44.55002],[-79.21923,44.54956],[-79.21954,44.54939],[-79.2196,44.54924],[-79.22164,44.54821],[-79.22185,44.54824],[-79.22233,44.5476],[-79.22223,44.54755],[-79.22176,44.5481],[-79.22163,44.54803],[-79.22155,44.54808],[-79.22158,44.54815],[-79.22117,44.54781],[-79.22136,44.54778],[-79.2213,44.54767],[-79.22138,44.54759],[-79.22182,44.5475],[-79.22181,44.54743],[-79.22121,44.54752],[-79.22111,44.5476],[-79.22112,44.54772],[-79.21869,44.54895],[-79.21795,44.54911],[-79.21669,44.54836],[-79.21589,44.54773],[-79.21553,44.54738],[-79.21542,44.54688],[-79.21529,44.54673],[-79.21536,44.5464],[-79.21513,44.54619],[-79.21471,44.546],[-79.21469,44.54576],[-79.21419,44.54547],[-79.21396,44.54543],[-79.21317,44.54438],[-79.21231,44.5436],[-79.21197,44.5435],[-79.21136,44.54288],[-79.21056,44.5413],[-79.21039,44.54068],[-79.21027,44.53981],[-79.21098,44.5389],[-79.21076,44.53862],[-79.21003,44.53875],[-79.20988,44.53862],[-79.2093,44.53784],[-79.20905,44.53709],[-79.20908,44.53689],[-79.20988,44.53524],[-79.21029,44.53491],[-79.20983,44.53469],[-79.20896,44.53475],[-79.20862,44.53488],[-79.20769,44.535],[-79.20733,44.53482],[-79.20596,44.5334],[-79.20295,44.52976],[-79.20186,44.52827],[-79.20167,44.52756],[-79.2017,44.52683],[-79.20174,44.52657],[-79.20196,44.52636],[-79.20179,44.52466],[-79.20157,44.52377],[-79.20226,44.52223],[-79.20232,44.5219],[-79.20217,44.52141],[-79.20202,44.52122],[-79.20144,44.51985],[-79.20079,44.51909],[-79.20054,44.51837],[-79.20038,44.51752],[-79.20039,44.5171],[-79.20015,44.51687],[-79.2003,44.51631],[-79.20017,44.51617],[-79.19942,44.51578],[-79.19879,44.51408],[-79.19874,44.51377],[-79.19917,44.51311],[-79.19916,44.51291],[-79.19867,44.51241],[-79.19861,44.51141],[-79.19887,44.51135],[-79.19874,44.51046],[-79.19839,44.51024],[-79.1983,44.50998],[-79.19847,44.50937],[-79.19878,44.50911],[-79.19923,44.50846],[-79.19952,44.50818],[-79.19992,44.50804],[-79.20035,44.50802],[-79.2007,44.50832],[-79.20167,44.50834],[-79.20189,44.50827],[-79.20203,44.5081],[-79.2018,44.50779],[-79.20189,44.50766],[-79.20245,44.50751],[-79.2019,44.5075],[-79.2016,44.50718],[-79.20108,44.50722],[-79.20098,44.50707],[-79.20078,44.50709],[-79.20064,44.50655],[-79.20021,44.50552],[-79.20016,44.50501],[-79.2007,44.50424],[-79.20053,44.50372],[-79.20076,44.50356],[-79.20034,44.50338],[-79.20004,44.50149],[-79.19966,44.49985],[-79.19966,44.49918],[-79.20013,44.4981],[-79.20014,44.49792],[-79.19969,44.49692],[-79.19964,44.49586],[-79.1995,44.49566],[-79.19946,44.49523],[-79.19971,44.49409],[-79.20061,44.49279],[-79.20032,44.49277],[-79.20026,44.49294],[-79.1998,44.49259],[-79.19949,44.4919],[-79.19919,44.49087],[-79.19915,44.49024],[-79.1988,44.48943],[-79.19863,44.48919],[-79.19778,44.48849],[-79.19735,44.48793],[-79.19696,44.48675],[-79.19692,44.48477],[-79.19705,44.48432],[-79.19692,44.48414],[-79.19606,44.48356],[-79.1951,44.48264],[-79.19456,44.4818],[-79.19392,44.48023],[-79.19388,44.47783],[-79.19396,44.47765],[-79.19401,44.4759],[-79.1941,44.47478],[-79.19417,44.47466],[-79.19391,44.47446],[-79.19337,44.47429],[-79.19185,44.47416],[-79.19152,44.47424],[-79.19087,44.47408],[-79.18945,44.47395],[-79.18823,44.47397],[-79.18721,44.47409],[-79.1871,44.47393],[-79.18703,44.47393],[-79.18664,44.47426],[-79.18606,44.47439],[-79.18572,44.47483],[-79.18534,44.47506],[-79.1853,44.4752],[-79.18466,44.47537],[-79.18388,44.47544],[-79.18243,44.47521],[-79.17977,44.47401],[-79.17894,44.47371],[-79.17701,44.47325],[-79.17485,44.47317],[-79.17281,44.47291],[-79.17215,44.47291],[-79.17157,44.47299],[-79.17073,44.47336],[-79.17028,44.47344],[-79.16954,44.47293],[-79.16937,44.47267],[-79.17077,44.47188],[-79.17083,44.4711],[-79.17076,44.47106],[-79.1707,44.4711],[-79.17064,44.47168],[-79.16984,44.47216],[-79.16855,44.4728],[-79.16809,44.47315],[-79.16794,44.47306],[-79.16843,44.47269],[-79.16981,44.47131],[-79.17012,44.47149],[-79.17018,44.47141],[-79.16972,44.47111],[-79.16828,44.47254],[-79.16712,44.47215],[-79.16516,44.47118],[-79.16474,44.47107],[-79.16413,44.47111],[-79.16381,44.4712],[-79.16353,44.47104],[-79.16325,44.47051],[-79.16302,44.47039],[-79.16302,44.47027],[-79.16316,44.47003],[-79.16302,44.46989],[-79.16295,44.46965],[-79.16285,44.46958],[-79.16242,44.46958],[-79.16153,44.46937],[-79.16116,44.46911],[-79.16095,44.46922],[-79.16081,44.4692],[-79.16034,44.46889],[-79.1596,44.46865],[-79.1587,44.46771],[-79.15836,44.46726],[-79.15782,44.46632],[-79.15728,44.46506],[-79.15649,44.46235],[-79.15638,44.46165],[-79.15632,44.45985],[-79.15611,44.45889],[-79.15599,44.45634],[-79.15614,44.45561],[-79.15622,44.45448],[-79.15683,44.45104],[-79.15768,44.44817],[-79.15814,44.44574],[-79.15866,44.44427],[-79.1591,44.44418],[-79.15884,44.44407],[-79.15919,44.44399],[-79.15915,44.44363],[-79.1605,44.44202],[-79.16076,44.44157],[-79.16068,44.44148],[-79.16093,44.44147],[-79.16124,44.44123],[-79.1613,44.44108],[-79.16122,44.44101],[-79.16123,44.44079],[-79.16175,44.43935],[-79.16252,44.43797],[-79.16343,44.43603],[-79.16388,44.43536],[-79.16455,44.43394],[-79.16524,44.43317],[-79.16565,44.43314],[-79.16626,44.43266],[-79.1693,44.43308],[-79.16937,44.43291],[-79.16634,44.43257],[-79.16679,44.43219],[-79.16981,44.43246],[-79.16979,44.43257],[-79.16991,44.43258],[-79.16995,44.43241],[-79.16703,44.4321],[-79.16658,44.43173],[-79.16664,44.43135],[-79.16693,44.43081],[-79.1694,44.42743],[-79.17025,44.42565],[-79.17066,44.425],[-79.17081,44.42416],[-79.17104,44.42371],[-79.17117,44.4227],[-79.17145,44.42193],[-79.1718,44.42057],[-79.17317,44.41663],[-79.17339,44.4146],[-79.17341,44.41351],[-79.17324,44.41291],[-79.17302,44.41245],[-79.17254,44.41184],[-79.1716,44.41088],[-79.17172,44.41055],[-79.17095,44.41073],[-79.17067,44.41071],[-79.17106,44.4106],[-79.17112,44.4105],[-79.17093,44.41011],[-79.17015,44.40901],[-79.17005,44.40874],[-79.16998,44.4075],[-79.17009,44.40659],[-79.17001,44.40645],[-79.16999,44.406],[-79.17027,44.40349],[-79.17155,44.3995],[-79.17201,44.39861],[-79.17224,44.39833],[-79.17396,44.39449],[-79.17478,44.39316],[-79.17473,44.39303],[-79.17498,44.39304],[-79.17511,44.39295],[-79.17516,44.39288],[-79.17506,44.39263],[-79.17526,44.39266],[-79.17539,44.39209],[-79.17551,44.39194],[-79.17644,44.39117],[-79.17741,44.39019],[-79.1776,44.38987],[-79.17779,44.38975],[-79.17848,44.38889],[-79.17887,44.38829],[-79.17937,44.38778],[-79.18187,44.38396],[-79.18189,44.3835],[-79.1811,44.38256],[-79.18106,44.38236],[-79.18117,44.38152],[-79.18181,44.38041],[-79.18261,44.37928],[-79.18332,44.37853],[-79.18361,44.37813],[-79.18429,44.3771],[-79.18502,44.37574],[-79.18577,44.37488],[-79.18624,44.37409],[-79.18625,44.37384],[-79.18663,44.37346],[-79.18682,44.37236],[-79.18673,44.37195],[-79.18624,44.37101],[-79.18619,44.37066],[-79.18637,44.36993],[-79.18664,44.36939],[-79.18772,44.36779],[-79.18845,44.3671],[-79.1889,44.36652],[-79.18942,44.36615],[-79.19154,44.36417],[-79.19277,44.36264],[-79.19313,44.36198],[-79.19321,44.36163],[-79.19356,44.36089],[-79.19381,44.35918],[-79.19378,44.35822],[-79.19391,44.35792],[-79.19452,44.35725],[-79.19567,44.35505],[-79.19641,44.35391],[-79.19837,44.3515],[-79.19936,44.3506],[-79.19969,44.35041],[-79.19977,44.35032],[-79.1997,44.35017],[-79.20024,44.34964],[-79.20226,44.34828],[-79.20467,44.34689],[-79.20478,44.34674],[-79.2062,44.34584],[-79.21089,44.34343],[-79.21125,44.34318],[-79.212,44.34287],[-79.21288,44.34235],[-79.21587,44.34099],[-79.21605,44.34079],[-79.21662,44.34055],[-79.21842,44.33959],[-79.21848,44.3401],[-79.21837,44.34031]],[[-79.16458,44.46887],[-79.16455,44.46874],[-79.16429,44.46871],[-79.16369,44.46962],[-79.16434,44.46938],[-79.16458,44.46887]],[[-79.1915,44.47377],[-79.19162,44.47382],[-79.19167,44.47375],[-79.19161,44.47363],[-79.19142,44.4736],[-79.1915,44.47377]],[[-79.21338,44.44626],[-79.21341,44.44619],[-79.21321,44.44615],[-79.21346,44.44688],[-79.21414,44.44826],[-79.21449,44.44857],[-79.2148,44.44904],[-79.21531,44.44936],[-79.21517,44.45005],[-79.21517,44.45069],[-79.21567,44.45163],[-79.21581,44.45229],[-79.21717,44.45385],[-79.21821,44.45463],[-79.21864,44.45482],[-79.22049,44.45494],[-79.2216,44.45519],[-79.22457,44.45548],[-79.22567,44.45589],[-79.22682,44.45603],[-79.22908,44.45602],[-79.23031,44.45616],[-79.23162,44.45613],[-79.23491,44.45526],[-79.23632,44.4552],[-79.23751,44.45545],[-79.23864,44.45632],[-79.23899,44.45673],[-79.24013,44.45753],[-79.24029,44.45788],[-79.24086,44.458],[-79.24203,44.45799],[-79.24252,44.45796],[-79.2433,44.45776],[-79.24431,44.4573],[-79.24704,44.45644],[-79.24814,44.45565],[-79.24876,44.45547],[-79.24928,44.45519],[-79.24955,44.45482],[-79.24955,44.45456],[-79.24979,44.45414],[-79.24984,44.45389],[-79.24991,44.45381],[-79.25027,44.45379],[-79.2507,44.4531],[-79.25174,44.45322],[-79.25204,44.45318],[-79.25211,44.453],[-79.2519,44.45173],[-79.25089,44.45114],[-79.25017,44.45032],[-79.24971,44.45012],[-79.24916,44.45001],[-79.2487,44.44954],[-79.2484,44.44945],[-79.24785,44.44949],[-79.24753,44.44944],[-79.24704,44.44922],[-79.24593,44.44915],[-79.24442,44.44837],[-79.24413,44.44827],[-79.24371,44.44826],[-79.24342,44.44829],[-79.24248,44.44873],[-79.24213,44.44914],[-79.24166,44.44938],[-79.24113,44.44941],[-79.23997,44.44918],[-79.23866,44.44868],[-79.2381,44.44839],[-79.23716,44.44774],[-79.23522,44.44572],[-79.23503,44.445],[-79.23506,44.4445],[-79.23518,44.44437],[-79.23519,44.44421],[-79.235,44.44363],[-79.23481,44.4426],[-79.23414,44.44231],[-79.23381,44.44209],[-79.23322,44.44208],[-79.23321,44.44225],[-79.23304,44.44234],[-79.23196,44.44222],[-79.23122,44.44179],[-79.23036,44.4411],[-79.22978,44.44037],[-79.22954,44.43977],[-79.22923,44.43845],[-79.2287,44.43724],[-79.22872,44.43634],[-79.2288,44.43615],[-79.229,44.43602],[-79.2294,44.43593],[-79.22947,44.43552],[-79.23004,44.43458],[-79.23134,44.43353],[-79.23162,44.43297],[-79.23165,44.43256],[-79.23127,44.43188],[-79.23089,44.43156],[-79.22971,44.43108],[-79.22871,44.43089],[-79.22797,44.43082],[-79.22711,44.4309],[-79.22649,44.43146],[-79.22531,44.43228],[-79.22489,44.43293],[-79.22404,44.43356],[-79.22338,44.43387],[-79.22249,44.4339],[-79.22222,44.43418],[-79.2216,44.43536],[-79.22127,44.43568],[-79.21967,44.43641],[-79.21936,44.43698],[-79.21891,44.43813],[-79.21812,44.43915],[-79.21783,44.43969],[-79.21757,44.43995],[-79.21513,44.44109],[-79.21372,44.44146],[-79.21211,44.4416],[-79.2123,44.44183],[-79.2129,44.44225],[-79.21323,44.44292],[-79.21313,44.44379],[-79.21317,44.44408],[-79.21335,44.44435],[-79.21359,44.44503],[-79.21363,44.4456],[-79.2135,44.44587],[-79.21386,44.44594],[-79.21373,44.44626],[-79.21338,44.44626]],[[-79.31733,44.37706],[-79.31687,44.37594],[-79.31697,44.37545],[-79.31709,44.37514],[-79.31794,44.37452],[-79.31767,44.37435],[-79.31619,44.37418],[-79.31555,44.37401],[-79.31514,44.3738],[-79.31472,44.37306],[-79.31445,44.37224],[-79.31436,44.37079],[-79.31397,44.36979],[-79.31362,44.36939],[-79.31206,44.36804],[-79.3099,44.36651],[-79.30945,44.36605],[-79.30887,44.36579],[-79.30827,44.36537],[-79.30788,44.36497],[-79.3077,44.36458],[-79.30703,44.36367],[-79.30622,44.36129],[-79.3061,44.36017],[-79.30596,44.35968],[-79.30566,44.35919],[-79.30556,44.35882],[-79.30564,44.35813],[-79.30554,44.35801],[-79.30506,44.35802],[-79.30485,44.35778],[-79.30487,44.35718],[-79.30535,44.35563],[-79.30542,44.35505],[-79.30573,44.35492],[-79.30608,44.35491],[-79.30616,44.35446],[-79.30607,44.35429],[-79.30565,44.35398],[-79.30495,44.35382],[-79.30358,44.35318],[-79.30339,44.35317],[-79.30306,44.35332],[-79.30266,44.35334],[-79.30262,44.35339],[-79.30275,44.35354],[-79.30263,44.35356],[-79.3024,44.35351],[-79.30239,44.35323],[-79.30171,44.3532],[-79.30177,44.35341],[-79.3014,44.3535],[-79.3011,44.35341],[-79.30103,44.35322],[-79.3007,44.35303],[-79.30031,44.35295],[-79.30008,44.35278],[-79.3,44.3528],[-79.30003,44.35308],[-79.29914,44.35342],[-79.29787,44.35344],[-79.29722,44.35365],[-79.29704,44.35382],[-79.29642,44.35386],[-79.29631,44.354],[-79.2958,44.35423],[-79.2947,44.35507],[-79.29412,44.35574],[-79.29319,44.35623],[-79.29267,44.35644],[-79.29021,44.35684],[-79.28975,44.35702],[-79.28937,44.35731],[-79.28795,44.35793],[-79.28667,44.359],[-79.28454,44.35979],[-79.28355,44.36043],[-79.2822,44.36088],[-79.28159,44.36145],[-79.28135,44.36158],[-79.27896,44.3622],[-79.27838,44.36246],[-79.27788,44.36276],[-79.27707,44.36344],[-79.27684,44.36369],[-79.2767,44.36409],[-79.2763,44.36447],[-79.27526,44.3649],[-79.27364,44.36539],[-79.27328,44.36607],[-79.27291,44.36637],[-79.27252,44.36654],[-79.27176,44.36658],[-79.27141,44.36641],[-79.27132,44.36593],[-79.27122,44.36583],[-79.27092,44.36579],[-79.27064,44.36586],[-79.27057,44.36598],[-79.2707,44.36618],[-79.27104,44.3663],[-79.27114,44.36655],[-79.27074,44.36708],[-79.27039,44.36729],[-79.26916,44.36762],[-79.26795,44.36765],[-79.26749,44.3676],[-79.26712,44.36745],[-79.26676,44.36709],[-79.26668,44.36683],[-79.26707,44.36674],[-79.2671,44.36665],[-79.26694,44.36645],[-79.2661,44.36606],[-79.26565,44.36602],[-79.26519,44.36615],[-79.26445,44.3668],[-79.26307,44.36717],[-79.26238,44.36723],[-79.26184,44.36752],[-79.26126,44.36808],[-79.26092,44.36873],[-79.26096,44.36945],[-79.26139,44.36995],[-79.26168,44.37016],[-79.2626,44.37068],[-79.26298,44.37075],[-79.26416,44.37125],[-79.26676,44.37323],[-79.26694,44.37331],[-79.26732,44.37334],[-79.2688,44.37392],[-79.26968,44.37443],[-79.27109,44.37568],[-79.2714,44.37646],[-79.27141,44.37686],[-79.27128,44.37725],[-79.27083,44.37789],[-79.27075,44.37835],[-79.27114,44.37905],[-79.271,44.37963],[-79.271,44.38011],[-79.2712,44.38094],[-79.27182,44.38155],[-79.27294,44.38204],[-79.27438,44.38287],[-79.2759,44.38418],[-79.27782,44.38505],[-79.27813,44.38528],[-79.27837,44.38552],[-79.27874,44.38618],[-79.2785,44.3869],[-79.27814,44.38728],[-79.2783,44.38765],[-79.27841,44.38774],[-79.28049,44.38784],[-79.28095,44.38798],[-79.28168,44.38841],[-79.28201,44.38884],[-79.28216,44.38945],[-79.28248,44.38992],[-79.28317,44.39046],[-79.28523,44.39126],[-79.28683,44.3921],[-79.28743,44.39258],[-79.28822,44.39383],[-79.28878,44.39404],[-79.28947,44.39413],[-79.29029,44.39404],[-79.29176,44.39368],[-79.29224,44.39364],[-79.29396,44.39296],[-79.29486,44.39284],[-79.29647,44.39291],[-79.29699,44.39303],[-79.29895,44.39308],[-79.29983,44.39331],[-79.3002,44.39367],[-79.30082,44.39365],[-79.30182,44.39389],[-79.30288,44.3938],[-79.30522,44.39303],[-79.30644,44.39295],[-79.30696,44.39336],[-79.30798,44.3936],[-79.30954,44.39412],[-79.30998,44.39438],[-79.31028,44.39479],[-79.31062,44.39495],[-79.3114,44.39492],[-79.31252,44.39462],[-79.31349,44.39406],[-79.31519,44.39283],[-79.3159,44.39189],[-79.31595,44.39075],[-79.31656,44.39045],[-79.31762,44.39043],[-79.31848,44.38986],[-79.3188,44.38957],[-79.31888,44.38926],[-79.31885,44.38888],[-79.31858,44.38861],[-79.31819,44.38842],[-79.31797,44.38822],[-79.31784,44.38792],[-79.31806,44.38711],[-79.31877,44.3864],[-79.31888,44.38609],[-79.31907,44.38521],[-79.31902,44.38382],[-79.31891,44.3832],[-79.31745,44.38022],[-79.31722,44.379],[-79.31733,44.37706]],[[-79.28604,44.56362],[-79.28572,44.56407],[-79.28585,44.56423],[-79.28616,44.56423],[-79.28646,44.56412],[-79.28635,44.56361],[-79.28652,44.56336],[-79.28685,44.56333],[-79.28699,44.56324],[-79.28742,44.56332],[-79.28759,44.56325],[-79.28733,44.56309],[-79.28733,44.56293],[-79.28744,44.56286],[-79.28799,44.56292],[-79.28826,44.56268],[-79.288,44.56254],[-79.28737,44.56249],[-79.28653,44.56282],[-79.2858,44.56331],[-79.28606,44.56343],[-79.28604,44.56362]],[[-79.28989,44.56661],[-79.28865,44.56621],[-79.28832,44.56635],[-79.28832,44.56646],[-79.28879,44.56704],[-79.28888,44.56734],[-79.28949,44.56762],[-79.28956,44.56738],[-79.28973,44.56737],[-79.28997,44.56751],[-79.29019,44.56741],[-79.28989,44.56661]],[[-79.30438,44.3445],[-79.30447,44.34437],[-79.3038,44.34449],[-79.30343,44.34443],[-79.3034,44.34452],[-79.30375,44.34457],[-79.30389,44.34467],[-79.30438,44.3445]],[[-79.30707,44.34674],[-79.30686,44.3465],[-79.30683,44.34679],[-79.30625,44.34652],[-79.30575,44.34644],[-79.30552,44.34632],[-79.30687,44.34644],[-79.30704,44.3464],[-79.30704,44.34614],[-79.30681,44.34595],[-79.30675,44.34568],[-79.30646,44.34551],[-79.30608,44.34562],[-79.3062,44.34571],[-79.30657,44.34574],[-79.3067,44.34613],[-79.30651,44.34626],[-79.30437,44.34616],[-79.30445,44.34629],[-79.30471,44.34639],[-79.3052,44.34642],[-79.30583,44.34666],[-79.30635,44.34721],[-79.30699,44.34751],[-79.3071,44.34805],[-79.30734,44.3481],[-79.30732,44.34776],[-79.30699,44.34721],[-79.30707,44.34674]],[[-79.30532,44.3525],[-79.3053,44.35181],[-79.30498,44.35171],[-79.3047,44.35178],[-79.30469,44.35188],[-79.30516,44.35186],[-79.3051,44.35239],[-79.30475,44.35254],[-79.30446,44.35248],[-79.30445,44.35266],[-79.30477,44.35296],[-79.30626,44.35376],[-79.30626,44.35318],[-79.30532,44.3525]],[[-79.30508,44.35135],[-79.30519,44.35103],[-79.30462,44.35105],[-79.30458,44.35112],[-79.30466,44.3512],[-79.30508,44.35135]],[[-79.30633,44.34997],[-79.30638,44.34968],[-79.30629,44.34953],[-79.30613,44.34959],[-79.30612,44.34983],[-79.306,44.35012],[-79.30621,44.35013],[-79.30633,44.34997]],[[-79.32151,44.54606],[-79.32177,44.54597],[-79.32175,44.54591],[-79.32154,44.54593],[-79.32151,44.54606]],[[-79.33929,44.55115],[-79.33585,44.55108],[-79.33541,44.55116],[-79.33496,44.55137],[-79.33462,44.55188],[-79.33449,44.55259],[-79.33471,44.55303],[-79.33503,44.55321],[-79.3351,44.5534],[-79.33468,44.55403],[-79.33528,44.55386],[-79.33571,44.55409],[-79.33593,44.55405],[-79.33617,44.55415],[-79.33662,44.55418],[-79.33782,44.55364],[-79.33921,44.55273],[-79.33942,44.55246],[-79.33948,44.5517],[-79.3394,44.55123],[-79.33929,44.55115]],[[-79.36031,44.57354],[-79.36026,44.57312],[-79.36013,44.573],[-79.35986,44.57301],[-79.35884,44.57341],[-79.35716,44.57443],[-79.35597,44.57584],[-79.35589,44.57615],[-79.35626,44.57643],[-79.35655,44.57606],[-79.3571,44.57583],[-79.35878,44.57463],[-79.35909,44.57458],[-79.35941,44.57438],[-79.35998,44.57422],[-79.36022,44.57398],[-79.36031,44.57354]],[[-79.3858,44.58105],[-79.38658,44.58047],[-79.38686,44.58004],[-79.38691,44.57962],[-79.38678,44.57948],[-79.38645,44.57945],[-79.38593,44.57959],[-79.38407,44.58057],[-79.38312,44.58123],[-79.3824,44.58194],[-79.37946,44.58543],[-79.37942,44.58591],[-79.37957,44.58611],[-79.38044,44.58661],[-79.38067,44.58663],[-79.38022,44.58634],[-79.37985,44.58591],[-79.38013,44.58558],[-79.3808,44.58517],[-79.38156,44.58452],[-79.38313,44.58341],[-79.3851,44.58176],[-79.3858,44.58105]],[[-79.43688,44.30964],[-79.43666,44.30942],[-79.43621,44.30941],[-79.43564,44.31015],[-79.43611,44.31049],[-79.43643,44.31042],[-79.43669,44.31025],[-79.4368,44.31007],[-79.43688,44.30964]],[[-79.47425,44.3147],[-79.47396,44.31521],[-79.47381,44.31525],[-79.47362,44.31559],[-79.47359,44.31631],[-79.47275,44.31668],[-79.47243,44.31691],[-79.47233,44.31768],[-79.47193,44.31806],[-79.47163,44.31856],[-79.47081,44.31903],[-79.47004,44.31978],[-79.47012,44.31986],[-79.47064,44.31988],[-79.47162,44.31956],[-79.47235,44.31919],[-79.47323,44.31896],[-79.47392,44.31893],[-79.47643,44.31947],[-79.47799,44.31989],[-79.47832,44.32006],[-79.47852,44.32022],[-79.47869,44.32107],[-79.47911,44.32135],[-79.47943,44.32181],[-79.48056,44.32182],[-79.48108,44.3217],[-79.48155,44.32139],[-79.48207,44.32076],[-79.48256,44.31963],[-79.48262,44.31926],[-79.48331,44.31809],[-79.48518,44.31619],[-79.48595,44.31557],[-79.48632,44.31506],[-79.48662,44.31441],[-79.48725,44.31352],[-79.48759,44.31286],[-79.48771,44.31248],[-79.48776,44.31191],[-79.48767,44.31103],[-79.48734,44.31019],[-79.48741,44.30936],[-79.48725,44.30799],[-79.48731,44.30771],[-79.48754,44.30719],[-79.48772,44.30697],[-79.48854,44.30646],[-79.48927,44.30588],[-79.48947,44.30565],[-79.48956,44.30524],[-79.48933,44.30496],[-79.48892,44.30472],[-79.48846,44.30465],[-79.48749,44.30473],[-79.4869,44.30489],[-79.48664,44.30505],[-79.48662,44.30517],[-79.48633,44.30527],[-79.48558,44.30584],[-79.48471,44.30634],[-79.48351,44.3066],[-79.48253,44.30697],[-79.48226,44.30717],[-79.48187,44.30792],[-79.48112,44.30861],[-79.48055,44.30898],[-79.48003,44.30915],[-79.47977,44.30937],[-79.47927,44.30952],[-79.47921,44.30962],[-79.47859,44.30978],[-79.47795,44.30968],[-79.47718,44.30942],[-79.47702,44.3094],[-79.47651,44.30956],[-79.47569,44.30938],[-79.47489,44.30957],[-79.47379,44.31012],[-79.4737,44.31033],[-79.47407,44.31042],[-79.47424,44.31061],[-79.47426,44.31094],[-79.47402,44.31135],[-79.47401,44.31155],[-79.47437,44.31209],[-79.47467,44.31287],[-79.47467,44.31326],[-79.47425,44.31375],[-79.47413,44.31409],[-79.47425,44.3147]],[[-79.48817,44.33372],[-79.48765,44.33338],[-79.48725,44.33352],[-79.48716,44.33368],[-79.48673,44.33393],[-79.48552,44.33382],[-79.48541,44.33447],[-79.48545,44.33463],[-79.48591,44.33511],[-79.48635,44.33574],[-79.48799,44.33711],[-79.4882,44.33752],[-79.48822,44.33784],[-79.48803,44.33857],[-79.48804,44.33908],[-79.48828,44.33937],[-79.4886,44.33955],[-79.48888,44.33955],[-79.48926,44.3394],[-79.48974,44.33897],[-79.49021,44.33805],[-79.49067,44.33754],[-79.4911,44.33722],[-79.49193,44.33682],[-79.49243,44.33639],[-79.49313,44.33608],[-79.49416,44.33532],[-79.49301,44.33515],[-79.49151,44.33477],[-79.48817,44.33372]],[[-79.68343,44.37496],[-79.68348,44.37491],[-79.68341,44.37482],[-79.6833,44.37482],[-79.68333,44.3751],[-79.68346,44.3753],[-79.68354,44.37526],[-79.68343,44.37496]],[[-79.68368,44.37524],[-79.68484,44.37476],[-79.68453,44.37476],[-79.68456,44.37482],[-79.68439,44.37491],[-79.68413,44.37494],[-79.68415,44.37502],[-79.68376,44.37516],[-79.68361,44.37508],[-79.68356,44.3752],[-79.68368,44.37524]]]}}]}