{"type":"FeatureCollection", "features": [
{"type":"Feature","geometry":{"type":"Polygon","coordinates":[[[-79.389931,43.649644],[-79.389954,43.649701],[-79.389846,43.649725],[-79.389797,43.649735],[-79.389751,43.649746],[-79.389693,43.649758],[-79.389619,43.649775],[-79.389546,43.649791],[-79.389517,43.649797],[-79.389402,43.649823],[-79.389164,43.649878],[-79.389112,43.649889],[-79.388961,43.649922],[-79.388904,43.649934],[-79.388841,43.649948],[-79.388779,43.649961],[-79.388674,43.649984],[-79.38862,43.649996],[-79.388562,43.650008],[-79.388504,43.650021],[-79.38839,43.650046],[-79.388322,43.65006],[-79.38827,43.650071],[-79.388152,43.650097],[-79.388094,43.650109],[-79.388039,43.650121],[-79.387983,43.650133],[-79.38792,43.650147],[-79.387555,43.650226],[-79.387392,43.650261],[-79.387153,43.650313],[-79.387023,43.649996],[-79.386632,43.650081],[-79.386878,43.65066],[-79.386951,43.650833],[-79.387092,43.651165],[-79.387551,43.651065],[-79.387544,43.651049],[-79.387521,43.650996],[-79.387739,43.650948],[-79.387952,43.650902],[-79.388225,43.650843],[-79.388478,43.650787],[-79.388623,43.650756],[-79.388842,43.650713],[-79.388988,43.650681],[-79.389057,43.650666],[-79.38913,43.65065],[-79.389176,43.65064],[-79.389225,43.650629],[-79.389276,43.650618],[-79.389297,43.650669],[-79.389367,43.650654],[-79.389444,43.650638],[-79.389737,43.650577],[-79.389954,43.650528],[-79.390096,43.650498],[-79.390171,43.650483],[-79.390243,43.650467],[-79.390308,43.650454],[-79.390354,43.650443],[-79.390423,43.650428],[-79.390613,43.650387],[-79.390678,43.650369],[-79.390761,43.650352],[-79.390826,43.650338],[-79.3909,43.650322],[-79.390971,43.650306],[-79.391094,43.65028],[-79.391372,43.650217],[-79.391392,43.650263],[-79.391362,43.650269],[-79.391372,43.650294],[-79.391409,43.650385],[-79.391815,43.650297],[-79.391842,43.650373],[-79.392059,43.650329],[-79.392156,43.650311],[-79.392257,43.650289],[-79.392139,43.650003],[-79.392357,43.649958],[-79.392376,43.650003],[-79.392449,43.649987],[-79.392525,43.649971],[-79.392583,43.649959],[-79.392667,43.649941],[-79.392681,43.649938],[-79.39278,43.649917],[-79.392783,43.649924],[-79.392791,43.649961],[-79.392799,43.649978],[-79.3928,43.649981],[-79.392806,43.64998],[-79.393398,43.649855],[-79.393757,43.649781],[-79.393819,43.649937],[-79.394036,43.649893],[-79.394244,43.649851],[-79.394341,43.649832],[-79.394375,43.649825],[-79.394454,43.649809],[-79.394566,43.649786],[-79.394611,43.649776],[-79.394671,43.649764],[-79.394715,43.649755],[-79.394771,43.649744],[-79.394882,43.649721],[-79.394988,43.6497],[-79.395093,43.649678],[-79.395302,43.649636],[-79.395371,43.649622],[-79.395385,43.649619],[-79.395408,43.649614],[-79.395514,43.649593],[-79.395581,43.649579],[-79.395729,43.649549],[-79.395761,43.649543],[-79.395834,43.649528],[-79.395935,43.649507],[-79.395936,43.649507],[-79.396148,43.649464],[-79.396362,43.649421],[-79.396232,43.649097],[-79.396711,43.648997],[-79.396806,43.648975],[-79.396874,43.64896],[-79.396936,43.648947],[-79.396987,43.648937],[-79.397051,43.648924],[-79.39714,43.648906],[-79.397177,43.648898],[-79.397191,43.648895],[-79.397231,43.648887],[-79.397299,43.648873],[-79.397364,43.64886],[-79.397432,43.648847],[-79.397612,43.648807],[-79.397649,43.648892],[-79.397651,43.648896],[-79.397723,43.648881],[-79.397795,43.648867],[-79.397867,43.648852],[-79.397936,43.648837],[-79.397955,43.648805],[-79.397974,43.648772],[-79.397976,43.64877],[-79.397986,43.648753],[-79.398033,43.648743],[-79.398096,43.648729],[-79.398159,43.648716],[-79.3982,43.648707],[-79.398221,43.648702],[-79.398284,43.648689],[-79.398347,43.648675],[-79.398417,43.64866],[-79.398602,43.648629],[-79.398601,43.648629],[-79.398602,43.648629],[-79.398694,43.64861],[-79.398771,43.648595],[-79.398847,43.648579],[-79.398925,43.648563],[-79.39893,43.648576],[-79.399008,43.648561],[-79.399084,43.648545],[-79.399159,43.64853],[-79.399159,43.648531],[-79.39916,43.648532],[-79.399235,43.648517],[-79.399313,43.648501],[-79.39939,43.648485],[-79.399391,43.648485],[-79.399506,43.648462],[-79.399507,43.648462],[-79.399564,43.64845],[-79.399683,43.648426],[-79.399864,43.648386],[-79.400042,43.64835],[-79.40033,43.648292],[-79.400401,43.648278],[-79.40046,43.648266],[-79.400591,43.64824],[-79.400835,43.648202],[-79.400916,43.648186],[-79.400988,43.648171],[-79.401046,43.64816],[-79.401059,43.64816],[-79.401071,43.64816],[-79.401105,43.648153],[-79.401119,43.648151],[-79.401133,43.648148],[-79.401159,43.648143],[-79.40116,43.648143],[-79.40117,43.648141],[-79.401168,43.648136],[-79.401183,43.648133],[-79.401185,43.648133],[-79.40121,43.648128],[-79.401224,43.648125],[-79.401238,43.648122],[-79.401268,43.648116],[-79.401282,43.648113],[-79.401296,43.648111],[-79.401298,43.64811],[-79.401345,43.648127],[-79.401416,43.648153],[-79.401491,43.648179],[-79.401494,43.648178],[-79.401619,43.648153],[-79.401665,43.648145],[-79.401673,43.648143],[-79.401683,43.648142],[-79.401726,43.648135],[-79.401778,43.648124],[-79.401792,43.648122],[-79.401852,43.64811],[-79.401796,43.647965],[-79.401879,43.647948],[-79.402022,43.647919],[-79.402202,43.647879],[-79.402233,43.647954],[-79.402513,43.647898],[-79.402601,43.647881],[-79.402689,43.647863],[-79.402696,43.647879],[-79.402792,43.647867],[-79.403007,43.647839],[-79.403088,43.647828],[-79.403185,43.647816],[-79.40329,43.647802],[-79.403278,43.647773],[-79.403292,43.647775],[-79.403351,43.647785],[-79.403363,43.647788],[-79.403428,43.647776],[-79.403509,43.647763],[-79.40351,43.647766],[-79.403513,43.647773],[-79.40359,43.647763],[-79.403654,43.647754],[-79.403657,43.647761],[-79.403689,43.647753],[-79.403635,43.647613],[-79.403711,43.647598],[-79.403804,43.647579],[-79.403773,43.647503],[-79.403932,43.64747],[-79.403863,43.647297],[-79.403782,43.647126],[-79.403679,43.646873],[-79.403677,43.646868],[-79.403448,43.646914],[-79.403204,43.646963],[-79.403124,43.646979],[-79.402811,43.647042],[-79.40273,43.647059],[-79.402574,43.64709],[-79.402508,43.647104],[-79.402453,43.647115],[-79.402393,43.647127],[-79.402333,43.647139],[-79.402321,43.647141],[-79.402313,43.64712],[-79.40225,43.647133],[-79.402245,43.647134],[-79.402199,43.647143],[-79.402187,43.647146],[-79.402176,43.647148],[-79.402172,43.647149],[-79.402124,43.647158],[-79.402134,43.647177],[-79.40199,43.647205],[-79.401576,43.647289],[-79.401372,43.647327],[-79.401372,43.647328],[-79.401332,43.647337],[-79.401283,43.647348],[-79.401133,43.64738],[-79.401051,43.647397],[-79.400971,43.647413],[-79.40089,43.647429],[-79.400806,43.647446],[-79.400787,43.64745],[-79.400759,43.647455],[-79.400571,43.647493],[-79.400478,43.647512],[-79.400383,43.647531],[-79.400299,43.647548],[-79.400226,43.647562],[-79.400176,43.647573],[-79.400111,43.647586],[-79.400012,43.647606],[-79.399964,43.647615],[-79.399858,43.647636],[-79.399803,43.647648],[-79.399748,43.647659],[-79.399635,43.647681],[-79.399379,43.647729],[-79.399185,43.647764],[-79.398914,43.647824],[-79.398868,43.647834],[-79.398772,43.647854],[-79.398625,43.647884],[-79.398589,43.647891],[-79.398587,43.647891],[-79.398538,43.647902],[-79.398518,43.647906],[-79.398396,43.647931],[-79.3984,43.647941],[-79.398344,43.647953],[-79.39829,43.647964],[-79.398286,43.647954],[-79.398281,43.647954],[-79.398166,43.647978],[-79.398024,43.648007],[-79.398016,43.64801],[-79.398016,43.648009],[-79.397951,43.64802],[-79.397918,43.648027],[-79.397845,43.648042],[-79.397743,43.648063],[-79.397645,43.648083],[-79.397593,43.648093],[-79.397426,43.648127],[-79.397294,43.648154],[-79.397234,43.64816],[-79.397164,43.648175],[-79.397157,43.648176],[-79.397156,43.648177],[-79.397157,43.648179],[-79.397057,43.6482],[-79.397059,43.648206],[-79.396964,43.648226],[-79.396961,43.648219],[-79.396956,43.64822],[-79.396884,43.648235],[-79.396807,43.648251],[-79.39672,43.648268],[-79.396438,43.648326],[-79.395945,43.64839],[-79.395845,43.648411],[-79.395749,43.648431],[-79.395677,43.648446],[-79.395608,43.648461],[-79.39556,43.648471],[-79.395558,43.648465],[-79.395536,43.64847],[-79.395464,43.648485],[-79.395431,43.648403],[-79.395249,43.648441],[-79.395241,43.648421],[-79.395239,43.648415],[-79.395238,43.648414],[-79.394978,43.648473],[-79.394994,43.648511],[-79.394928,43.648525],[-79.394914,43.648527],[-79.394909,43.648528],[-79.394864,43.648537],[-79.394832,43.648544],[-79.394735,43.648565],[-79.394743,43.648585],[-79.394751,43.648604],[-79.394633,43.648628],[-79.394485,43.648658],[-79.394477,43.648642],[-79.394468,43.648644],[-79.394436,43.648642],[-79.394332,43.648648],[-79.394327,43.648649],[-79.394299,43.648655],[-79.394262,43.648662],[-79.39393,43.648732],[-79.393883,43.648742],[-79.393788,43.648763],[-79.393564,43.648813],[-79.393595,43.64889],[-79.393356,43.648942],[-79.393252,43.648963],[-79.393146,43.648986],[-79.393047,43.649007],[-79.392968,43.649023],[-79.392974,43.649036],[-79.39259,43.649117],[-79.392586,43.649106],[-79.392397,43.649146],[-79.392285,43.649169],[-79.392191,43.649186],[-79.392096,43.649206],[-79.391994,43.649229],[-79.391417,43.649351],[-79.391422,43.649365],[-79.391475,43.649488],[-79.391286,43.649527],[-79.39128,43.649511],[-79.391073,43.649554],[-79.390834,43.649605],[-79.390669,43.649205],[-79.389826,43.649387],[-79.389825,43.649388],[-79.38993,43.649641],[-79.389931,43.649644]]]},"properties":{"OBJECTID":1,"HCD_NO":16,"HCD_NAME":"Queen Street West","HCD_TYPE":"Designated District","HCD_DESDAT":"2007-09-27T00:00:00.000Z","HCD_FORMUN":"TORONTO","HCD_BYLAWN":"979-2007","HCD_WARDS":"10","SHAPE_LENG":3507.15635881,"SHAPE_LE_1":3507.01948343,"SHAPE_LE_2":3507.01950957,"Shape_Le_3":3446.51999521,"Shape_Le_4":3446.52029227,"Shape_Area":133754.149808}},
{"type":"Feature","geometry":{"type":"MultiPolygon","coordinates":[[[[-79.403319,43.660463],[-79.403294,43.660395],[-79.403453,43.660362],[-79.403452,43.660358],[-79.403436,43.660317],[-79.403431,43.660305],[-79.403421,43.660281],[-79.403407,43.660245],[-79.403406,43.660243],[-79.403373,43.66025],[-79.403373,43.660248],[-79.403335,43.660159],[-79.403307,43.66009],[-79.403306,43.660089],[-79.403338,43.660082],[-79.40334,43.660081],[-79.403324,43.660041],[-79.403317,43.660023],[-79.403305,43.659992],[-79.403297,43.659972],[-79.40329,43.659956],[-79.403267,43.659898],[-79.403266,43.659896],[-79.403223,43.659904],[-79.403206,43.659862],[-79.403221,43.659859],[-79.403191,43.659783],[-79.403165,43.659719],[-79.40314,43.659657],[-79.403116,43.659596],[-79.40309,43.659532],[-79.403065,43.65947],[-79.403033,43.65939],[-79.403032,43.659388],[-79.403021,43.65939],[-79.403002,43.65934],[-79.402984,43.659292],[-79.402966,43.659246],[-79.40295,43.659204],[-79.402932,43.659158],[-79.402914,43.659109],[-79.402898,43.659068],[-79.402887,43.659041],[-79.402879,43.659019],[-79.40286,43.65897],[-79.402857,43.658967],[-79.402826,43.658928],[-79.402808,43.658907],[-79.402795,43.658875],[-79.402826,43.658869],[-79.402807,43.658823],[-79.40279,43.658781],[-79.402773,43.658737],[-79.402767,43.658738],[-79.402749,43.658694],[-79.402718,43.6587],[-79.402701,43.658657],[-79.402683,43.658613],[-79.402666,43.65857],[-79.402648,43.658526],[-79.402675,43.658521],[-79.402652,43.658463],[-79.402628,43.658405],[-79.402605,43.658347],[-79.402595,43.658349],[-79.402577,43.658303],[-79.402558,43.658257],[-79.40254,43.658211],[-79.402521,43.658165],[-79.402503,43.65812],[-79.402484,43.658072],[-79.40247,43.658038],[-79.402456,43.658003],[-79.402455,43.658001],[-79.402427,43.65793],[-79.402398,43.657859],[-79.402378,43.657851],[-79.40205,43.657919],[-79.402082,43.658001],[-79.402111,43.658072],[-79.402112,43.658074],[-79.40212,43.658093],[-79.401879,43.658141],[-79.402314,43.659221],[-79.402384,43.659395],[-79.402339,43.659404],[-79.402275,43.659417],[-79.402215,43.65943],[-79.402146,43.659445],[-79.402082,43.659458],[-79.402017,43.659472],[-79.401953,43.659485],[-79.40171,43.659536],[-79.40172,43.659584],[-79.40172,43.659586],[-79.401726,43.659637],[-79.401726,43.659644],[-79.401726,43.659696],[-79.401721,43.659745],[-79.401711,43.659796],[-79.40171,43.659799],[-79.401695,43.659849],[-79.401687,43.659872],[-79.401664,43.65992],[-79.401639,43.659966],[-79.401638,43.659968],[-79.401636,43.659969],[-79.401605,43.660015],[-79.401574,43.660053],[-79.401562,43.660068],[-79.401521,43.660109],[-79.401476,43.660149],[-79.401435,43.66018],[-79.401399,43.660206],[-79.401322,43.660251],[-79.40124,43.660291],[-79.40128,43.660382],[-79.401299,43.660432],[-79.401301,43.660437],[-79.401303,43.660442],[-79.401327,43.660503],[-79.401354,43.660571],[-79.401401,43.660687],[-79.401429,43.660758],[-79.401449,43.660806],[-79.40147,43.66086],[-79.401491,43.660914],[-79.401517,43.660977],[-79.401539,43.661033],[-79.401542,43.661033],[-79.401938,43.660955],[-79.40194,43.660954],[-79.401918,43.660898],[-79.401893,43.660835],[-79.401871,43.660781],[-79.401849,43.660726],[-79.40183,43.660678],[-79.401825,43.660666],[-79.402115,43.660605],[-79.402182,43.660591],[-79.40281,43.660459],[-79.403049,43.660409],[-79.40306,43.660437],[-79.403063,43.660443],[-79.403089,43.66051],[-79.403319,43.660463]]],[[[-79.403177,43.661379],[-79.403182,43.66139],[-79.403188,43.661405],[-79.402561,43.661537],[-79.402586,43.661601],[-79.402605,43.661649],[-79.402625,43.661698],[-79.402643,43.661745],[-79.402663,43.661794],[-79.40269,43.661862],[-79.402699,43.661883],[-79.402739,43.661984],[-79.402758,43.662032],[-79.402782,43.66209],[-79.402803,43.662145],[-79.402828,43.662207],[-79.402853,43.662268],[-79.402873,43.662318],[-79.402894,43.662372],[-79.402911,43.662414],[-79.402922,43.66244],[-79.403009,43.662423],[-79.403067,43.66241],[-79.403116,43.6624],[-79.403123,43.662417],[-79.4032,43.662402],[-79.403265,43.662388],[-79.403258,43.662371],[-79.403335,43.662355],[-79.403392,43.662344],[-79.403454,43.662331],[-79.403498,43.662322],[-79.40355,43.662311],[-79.403676,43.662627],[-79.403746,43.662801],[-79.403873,43.663123],[-79.403885,43.663149],[-79.403496,43.663229],[-79.403252,43.663279],[-79.403274,43.663334],[-79.403282,43.663353],[-79.403355,43.663535],[-79.403361,43.66355],[-79.403384,43.663608],[-79.403412,43.663678],[-79.403429,43.66372],[-79.403446,43.663763],[-79.403467,43.663814],[-79.403487,43.663864],[-79.403508,43.663916],[-79.403673,43.664329],[-79.403742,43.664315],[-79.403825,43.664298],[-79.403894,43.664284],[-79.403957,43.66427],[-79.404026,43.664256],[-79.4041,43.664241],[-79.404171,43.664226],[-79.404238,43.664212],[-79.404306,43.664198],[-79.404546,43.664148],[-79.404614,43.664323],[-79.404641,43.664389],[-79.404656,43.664428],[-79.404674,43.664471],[-79.40469,43.664511],[-79.404708,43.664556],[-79.404725,43.6646],[-79.40474,43.664636],[-79.404761,43.664688],[-79.404777,43.664728],[-79.404793,43.664768],[-79.404811,43.664814],[-79.404832,43.664865],[-79.404844,43.664896],[-79.404862,43.66494],[-79.404878,43.664981],[-79.404896,43.665024],[-79.404908,43.665056],[-79.404932,43.665115],[-79.404954,43.665171],[-79.40497,43.66521],[-79.404985,43.665248],[-79.405006,43.665299],[-79.405023,43.665341],[-79.40504,43.665384],[-79.405056,43.665425],[-79.405071,43.665463],[-79.405091,43.665512],[-79.40511,43.665559],[-79.405123,43.665592],[-79.405141,43.665637],[-79.405161,43.665686],[-79.405179,43.665731],[-79.405197,43.665776],[-79.405213,43.665817],[-79.40523,43.665858],[-79.405251,43.665911],[-79.405615,43.665833],[-79.405597,43.665784],[-79.405591,43.66577],[-79.405586,43.665771],[-79.405588,43.665776],[-79.405552,43.665784],[-79.405538,43.665749],[-79.405524,43.665712],[-79.405516,43.665694],[-79.405522,43.665679],[-79.405514,43.66566],[-79.405497,43.665617],[-79.405477,43.665567],[-79.405457,43.665519],[-79.405443,43.665484],[-79.405425,43.665438],[-79.405405,43.66539],[-79.405389,43.665351],[-79.405373,43.665311],[-79.405356,43.665268],[-79.405339,43.665226],[-79.405319,43.665177],[-79.405303,43.665139],[-79.405286,43.665096],[-79.405264,43.665043],[-79.405241,43.664984],[-79.405228,43.664952],[-79.40521,43.664909],[-79.405193,43.664868],[-79.405175,43.664823],[-79.405162,43.664791],[-79.405142,43.66474],[-79.405124,43.664695],[-79.405121,43.664689],[-79.405128,43.664687],[-79.405115,43.664654],[-79.405099,43.664614],[-79.405094,43.6646],[-79.405077,43.664559],[-79.405063,43.664525],[-79.405045,43.664482],[-79.405027,43.664437],[-79.405011,43.664398],[-79.404993,43.664354],[-79.404977,43.664315],[-79.404951,43.664253],[-79.404868,43.664082],[-79.404856,43.664053],[-79.404837,43.664005],[-79.404818,43.663958],[-79.404802,43.663919],[-79.404786,43.66388],[-79.404767,43.663831],[-79.404751,43.663791],[-79.404733,43.663746],[-79.404728,43.663733],[-79.40475,43.663729],[-79.404723,43.663662],[-79.404704,43.663615],[-79.404684,43.663565],[-79.404662,43.663508],[-79.404645,43.663466],[-79.404625,43.663417],[-79.404608,43.663376],[-79.404584,43.663316],[-79.40456,43.663255],[-79.404539,43.663202],[-79.404517,43.663148],[-79.404496,43.663095],[-79.404475,43.663043],[-79.40447,43.66303],[-79.404471,43.66303],[-79.404455,43.662989],[-79.404449,43.662975],[-79.404461,43.662973],[-79.404452,43.662951],[-79.404443,43.662928],[-79.404434,43.662908],[-79.404416,43.662863],[-79.40436,43.662875],[-79.404282,43.662891],[-79.404217,43.662903],[-79.404063,43.662938],[-79.404061,43.662938],[-79.403986,43.662752],[-79.403916,43.662578],[-79.403796,43.662279],[-79.403789,43.662262],[-79.403779,43.662235],[-79.404104,43.662168],[-79.404117,43.662151],[-79.404106,43.662126],[-79.404087,43.662078],[-79.404069,43.662033],[-79.40405,43.661984],[-79.404031,43.661936],[-79.404012,43.661891],[-79.403993,43.661842],[-79.403974,43.661795],[-79.40397,43.661784],[-79.403952,43.661788],[-79.403937,43.661751],[-79.403933,43.661741],[-79.403951,43.661737],[-79.403943,43.661717],[-79.403919,43.661657],[-79.403902,43.661614],[-79.403879,43.661557],[-79.403855,43.6615],[-79.403835,43.661453],[-79.403815,43.661399],[-79.403797,43.661403],[-79.403785,43.661372],[-79.403777,43.661353],[-79.403795,43.661349],[-79.403644,43.660971],[-79.403641,43.660971],[-79.403304,43.66104],[-79.403302,43.661041],[-79.403197,43.661063],[-79.403062,43.661092],[-79.403177,43.661379]]]]},"properties":{"OBJECTID":2,"HCD_NO":20,"HCD_NAME":"Harbord Village | Phase II","HCD_TYPE":"Designated District","HCD_DESDAT":"2011-12-16T00:00:00.000Z","HCD_FORMUN":"TORONTO","HCD_BYLAWN":"28-2011","HCD_WARDS":"11","SHAPE_LENG":2501.56123722,"SHAPE_LE_1":2501.52750212,"SHAPE_LE_2":2501.52738331,"Shape_Le_3":2501.56916991,"Shape_Le_4":2501.56916549,"Shape_Area":59572.5257319}},
{"type":"Feature","geometry":{"type":"Polygon","coordinates":[[[-79.358008,43.667379],[-79.358314,43.667361],[-79.358375,43.667358],[-79.358962,43.667325],[-79.358987,43.667406],[-79.359564,43.667314],[-79.359538,43.667231],[-79.359538,43.66723],[-79.359523,43.667183],[-79.359522,43.667173],[-79.359521,43.667164],[-79.35952,43.667151],[-79.359514,43.667087],[-79.3595,43.666944],[-79.359513,43.666839],[-79.35952,43.666783],[-79.35953,43.666695],[-79.359543,43.666593],[-79.359558,43.666472],[-79.35957,43.666371],[-79.359578,43.666307],[-79.359597,43.666277],[-79.359622,43.666236],[-79.359778,43.666228],[-79.360239,43.666205],[-79.360563,43.666189],[-79.360707,43.666158],[-79.360782,43.66617],[-79.360893,43.666146],[-79.360882,43.666119],[-79.360875,43.666102],[-79.360854,43.666049],[-79.360857,43.666048],[-79.360716,43.66571],[-79.360715,43.665708],[-79.360783,43.665693],[-79.360794,43.66569],[-79.360795,43.66569],[-79.36081,43.665687],[-79.360822,43.665684],[-79.360869,43.665674],[-79.360934,43.66566],[-79.36099,43.665647],[-79.361049,43.665634],[-79.361111,43.665621],[-79.361172,43.665607],[-79.361249,43.66559],[-79.361306,43.665577],[-79.361366,43.665564],[-79.361427,43.665551],[-79.361518,43.66553],[-79.361581,43.665517],[-79.361637,43.665504],[-79.361698,43.665491],[-79.36188,43.66545],[-79.361949,43.665435],[-79.362007,43.665422],[-79.362061,43.66541],[-79.362121,43.665397],[-79.362185,43.665383],[-79.362245,43.66537],[-79.362342,43.665606],[-79.362463,43.66558],[-79.36258,43.665554],[-79.364079,43.665222],[-79.364238,43.665187],[-79.364418,43.665147],[-79.364473,43.665135],[-79.364452,43.665078],[-79.364377,43.66487],[-79.364371,43.664856],[-79.364674,43.66479],[-79.36541,43.664622],[-79.365404,43.664608],[-79.365538,43.664577],[-79.365435,43.664329],[-79.365513,43.664313],[-79.365584,43.664298],[-79.365763,43.664261],[-79.365841,43.664245],[-79.366081,43.664192],[-79.366174,43.664427],[-79.366188,43.664424],[-79.366201,43.664421],[-79.366279,43.664405],[-79.366368,43.664386],[-79.3664,43.664379],[-79.3664,43.66438],[-79.366423,43.664437],[-79.367332,43.664236],[-79.367325,43.66422],[-79.367296,43.664226],[-79.367292,43.664216],[-79.367176,43.663929],[-79.367101,43.663742],[-79.367054,43.663724],[-79.366817,43.663774],[-79.366692,43.663465],[-79.366654,43.663386],[-79.36704,43.6633],[-79.367001,43.663208],[-79.366895,43.662944],[-79.366799,43.662965],[-79.366753,43.662974],[-79.36667,43.662769],[-79.366743,43.662753],[-79.366638,43.662506],[-79.36662,43.662465],[-79.36659,43.662393],[-79.366522,43.662233],[-79.366778,43.662175],[-79.366763,43.662139],[-79.366706,43.662005],[-79.366116,43.662136],[-79.365618,43.662241],[-79.365109,43.662347],[-79.364022,43.662572],[-79.36376,43.662635],[-79.363596,43.662674],[-79.363169,43.662777],[-79.36277,43.662861],[-79.362318,43.662956],[-79.361482,43.663143],[-79.361364,43.66317],[-79.360311,43.663411],[-79.359747,43.663539],[-79.359619,43.663567],[-79.359385,43.663642],[-79.359229,43.663692],[-79.358962,43.663769],[-79.358922,43.66378],[-79.358881,43.663792],[-79.356961,43.664331],[-79.35696,43.664331],[-79.356978,43.664412],[-79.357018,43.664546],[-79.357059,43.66468],[-79.357097,43.664806],[-79.357329,43.665099],[-79.357459,43.665541],[-79.357494,43.66566],[-79.357561,43.665887],[-79.357709,43.666388],[-79.357832,43.666798],[-79.358008,43.667379]]]},"properties":{"OBJECTID":3,"HCD_NO":12,"HCD_NAME":"Cabbagetown South","HCD_TYPE":"Designated District","HCD_DESDAT":"2005-10-28T00:00:00.000Z","HCD_FORMUN":"TORONTO","HCD_BYLAWN":"887-2005","HCD_WARDS":"13","SHAPE_LENG":2606.15247779,"SHAPE_LE_1":2617.35699008,"SHAPE_LE_2":2617.35686576,"Shape_Le_3":2617.36308054,"Shape_Le_4":2617.36308058,"Shape_Area":226518.844958}},
{"type":"Feature","geometry":{"type":"Polygon","coordinates":[[[-79.284372,43.678003],[-79.284417,43.678111],[-79.284473,43.678245],[-79.284832,43.678167],[-79.285071,43.678115],[-79.285007,43.677958],[-79.285414,43.677873],[-79.285349,43.677732],[-79.285294,43.6776],[-79.285249,43.677488],[-79.285242,43.677471],[-79.285212,43.677399],[-79.285188,43.677339],[-79.285173,43.677303],[-79.285135,43.67721],[-79.285084,43.677083],[-79.285029,43.676951],[-79.285,43.676879],[-79.284976,43.676819],[-79.284922,43.67669],[-79.284897,43.676626],[-79.284869,43.676557],[-79.284813,43.676424],[-79.28478,43.676345],[-79.284759,43.676295],[-79.284706,43.676164],[-79.284652,43.676031],[-79.284599,43.6759],[-79.284545,43.675769],[-79.28449,43.675634],[-79.284438,43.675505],[-79.284384,43.675374],[-79.284355,43.675303],[-79.28433,43.675242],[-79.284276,43.67511],[-79.284244,43.675032],[-79.284221,43.674976],[-79.284167,43.674844],[-79.284114,43.674714],[-79.28406,43.674583],[-79.284022,43.674489],[-79.284007,43.674452],[-79.283952,43.674318],[-79.283903,43.674191],[-79.283876,43.674125],[-79.283849,43.67406],[-79.283801,43.673949],[-79.28376,43.673849],[-79.283738,43.673795],[-79.283538,43.673837],[-79.283456,43.673854],[-79.283338,43.673878],[-79.283102,43.673935],[-79.282921,43.673973],[-79.282922,43.673977],[-79.28285,43.673992],[-79.282777,43.674007],[-79.282705,43.674022],[-79.282632,43.674037],[-79.282643,43.674066],[-79.282677,43.674148],[-79.282681,43.674158],[-79.28271,43.674228],[-79.282735,43.674288],[-79.282746,43.674316],[-79.282788,43.674418],[-79.28283,43.674521],[-79.282839,43.674545],[-79.28284,43.674545],[-79.282847,43.674561],[-79.282863,43.674601],[-79.282904,43.674701],[-79.28294,43.67479],[-79.28295,43.674818],[-79.282967,43.674868],[-79.282996,43.674937],[-79.283001,43.674949],[-79.28303,43.675018],[-79.283055,43.675076],[-79.283064,43.675097],[-79.283097,43.675176],[-79.283113,43.675212],[-79.28313,43.675253],[-79.283165,43.675334],[-79.283167,43.675339],[-79.283205,43.675429],[-79.283224,43.675474],[-79.283252,43.675539],[-79.283279,43.675605],[-79.283305,43.675669],[-79.283332,43.675737],[-79.283337,43.67575],[-79.283368,43.675827],[-79.283385,43.675871],[-79.283398,43.675904],[-79.28343,43.675984],[-79.283439,43.676005],[-79.283462,43.676064],[-79.283492,43.676138],[-79.283494,43.676143],[-79.283525,43.676221],[-79.283544,43.676267],[-79.283558,43.676304],[-79.283589,43.676381],[-79.283596,43.676397],[-79.283621,43.676461],[-79.28365,43.676532],[-79.283653,43.676541],[-79.283685,43.676619],[-79.283701,43.676661],[-79.283715,43.676695],[-79.283749,43.67678],[-79.283754,43.676793],[-79.283779,43.676855],[-79.283808,43.676928],[-79.283811,43.676936],[-79.283842,43.677014],[-79.28386,43.677058],[-79.283875,43.677095],[-79.283905,43.677171],[-79.283912,43.677189],[-79.283937,43.67725],[-79.283968,43.677328],[-79.283994,43.677322],[-79.284046,43.677449],[-79.284064,43.677492],[-79.284101,43.677582],[-79.284148,43.677699],[-79.284196,43.677815],[-79.284238,43.677919],[-79.284329,43.6779],[-79.284372,43.678003]]]},"properties":{"OBJECTID":4,"HCD_NO":19,"HCD_NAME":"Kingswood Road South","HCD_TYPE":"Designated District","HCD_DESDAT":"2010-08-27T00:00:00.000Z","HCD_FORMUN":"TORONTO","HCD_BYLAWN":"1058-2010","HCD_WARDS":"19","SHAPE_LENG":1169.37640766,"SHAPE_LE_1":1169.38029559,"SHAPE_LE_2":1169.38024005,"Shape_Le_3":1169.37948292,"Shape_Le_4":1169.37948292,"Shape_Area":44674.3314832}},
{"type":"Feature","geometry":{"type":"Polygon","coordinates":[[[-79.370428,43.678715],[-79.370137,43.678929],[-79.370007,43.678957],[-79.368961,43.679178],[-79.369012,43.679929],[-79.368873,43.680196],[-79.368858,43.680224],[-79.368817,43.680303],[-79.368602,43.680713],[-79.3685,43.680908],[-79.36826,43.681149],[-79.367728,43.681681],[-79.366935,43.683172],[-79.366471,43.684044],[-79.366686,43.68455],[-79.366566,43.684576],[-79.367233,43.68613],[-79.367529,43.686817],[-79.367487,43.686952],[-79.367429,43.687113],[-79.367379,43.687334],[-79.367318,43.687579],[-79.367268,43.68777],[-79.367251,43.68786],[-79.367238,43.687971],[-79.367232,43.688067],[-79.367233,43.68816],[-79.367239,43.688254],[-79.36725,43.688339],[-79.367277,43.688476],[-79.36731,43.688592],[-79.367346,43.688694],[-79.367361,43.68873],[-79.367362,43.68873],[-79.367985,43.688602],[-79.368515,43.688508],[-79.368879,43.68843],[-79.368775,43.688174],[-79.369188,43.688083],[-79.369294,43.688061],[-79.369277,43.688022],[-79.369372,43.688002],[-79.369781,43.687917],[-79.369793,43.687946],[-79.369899,43.687923],[-79.370372,43.687822],[-79.370484,43.687796],[-79.37044,43.68769],[-79.370565,43.687659],[-79.370709,43.687628],[-79.370831,43.687601],[-79.371058,43.687551],[-79.371148,43.687531],[-79.371282,43.687501],[-79.371561,43.68744],[-79.371799,43.687386],[-79.372284,43.687281],[-79.372252,43.687204],[-79.372924,43.687061],[-79.373441,43.686951],[-79.373463,43.687005],[-79.373944,43.686899],[-79.374053,43.686866],[-79.373906,43.686463],[-79.374223,43.686385],[-79.374575,43.686313],[-79.375445,43.686134],[-79.376474,43.685922],[-79.377242,43.685757],[-79.378085,43.685577],[-79.378148,43.685672],[-79.378216,43.685657],[-79.380038,43.685272],[-79.380277,43.685222],[-79.382721,43.684706],[-79.382931,43.68463],[-79.383118,43.684563],[-79.383229,43.684528],[-79.383533,43.684425],[-79.383739,43.684246],[-79.38368,43.684098],[-79.383601,43.683897],[-79.383559,43.683785],[-79.383525,43.683673],[-79.383498,43.683559],[-79.383478,43.683445],[-79.383465,43.68333],[-79.383452,43.68319],[-79.383421,43.682855],[-79.383416,43.6828],[-79.383369,43.682512],[-79.383187,43.682006],[-79.382687,43.680994],[-79.382572,43.680785],[-79.382528,43.680715],[-79.382494,43.680662],[-79.382485,43.680628],[-79.382477,43.680596],[-79.382452,43.680532],[-79.382418,43.680471],[-79.382376,43.680412],[-79.382281,43.680325],[-79.381886,43.680309],[-79.381793,43.680269],[-79.381049,43.679948],[-79.380216,43.679787],[-79.379335,43.679653],[-79.378703,43.679687],[-79.37835,43.679705],[-79.378218,43.679712],[-79.378095,43.679718],[-79.377968,43.679725],[-79.377586,43.679744],[-79.377509,43.679748],[-79.377321,43.679758],[-79.377225,43.679763],[-79.377117,43.679769],[-79.376794,43.679786],[-79.376745,43.679788],[-79.376718,43.679793],[-79.37639,43.679857],[-79.376318,43.679871],[-79.376244,43.679879],[-79.376168,43.67988],[-79.376094,43.679876],[-79.37602,43.679864],[-79.375949,43.679847],[-79.375881,43.679824],[-79.375817,43.679796],[-79.374662,43.679221],[-79.374396,43.679175],[-79.374367,43.67917],[-79.373559,43.67913],[-79.371788,43.678983],[-79.371466,43.678956],[-79.371308,43.678942],[-79.371205,43.678931],[-79.371142,43.678921],[-79.371123,43.678919],[-79.371113,43.678916],[-79.371103,43.678915],[-79.371002,43.678893],[-79.37098,43.678887],[-79.370963,43.678883],[-79.370934,43.678874],[-79.370904,43.678866],[-79.370876,43.678857],[-79.370605,43.678774],[-79.370428,43.678715]]]},"properties":{"OBJECTID":5,"HCD_NO":10,"HCD_NAME":"Rosedale North","HCD_TYPE":"Designated District","HCD_DESDAT":"2004-09-30T00:00:00.000Z","HCD_FORMUN":"TORONTO","HCD_BYLAWN":"749-2004","HCD_WARDS":"11","SHAPE_LENG":4253.47732707,"SHAPE_LE_1":4253.40137034,"SHAPE_LE_2":4253.40149052,"Shape_Le_3":4253.4971607,"Shape_Le_4":4253.4971607,"Shape_Area":974929.065227}},
{"type":"Feature","geometry":{"type":"Polygon","coordinates":[[[-79.428781,43.642341],[-79.429248,43.642562],[-79.429846,43.642845],[-79.429863,43.642842],[-79.429919,43.642831],[-79.429731,43.642353],[-79.429901,43.642317],[-79.429992,43.642299],[-79.429993,43.642302],[-79.430025,43.642295],[-79.430019,43.642282],[-79.430058,43.642274],[-79.430068,43.642301],[-79.430085,43.642298],[-79.43015,43.642284],[-79.430217,43.642458],[-79.430343,43.642433],[-79.430446,43.642412],[-79.430469,43.642407],[-79.430487,43.642403],[-79.430575,43.642385],[-79.430598,43.64238],[-79.430599,43.64238],[-79.430685,43.642362],[-79.430686,43.642362],[-79.430687,43.642362],[-79.430687,43.642363],[-79.430707,43.642359],[-79.430717,43.642357],[-79.430818,43.642612],[-79.43088,43.642599],[-79.431062,43.642564],[-79.431182,43.64254],[-79.43108,43.642285],[-79.431137,43.642274],[-79.431155,43.64227],[-79.431194,43.642262],[-79.431208,43.642259],[-79.431267,43.642246],[-79.431271,43.642245],[-79.431327,43.642234],[-79.431283,43.642116],[-79.431329,43.642106],[-79.4314,43.642092],[-79.431461,43.64208],[-79.43152,43.642068],[-79.431574,43.642057],[-79.431634,43.642045],[-79.431685,43.642035],[-79.431752,43.642022],[-79.4318,43.642012],[-79.43187,43.641998],[-79.431949,43.641982],[-79.432018,43.641968],[-79.4321,43.641952],[-79.432181,43.641935],[-79.432366,43.641899],[-79.43236,43.641885],[-79.4326,43.641836],[-79.43273,43.641811],[-79.432718,43.64178],[-79.43279,43.641765],[-79.432879,43.641747],[-79.43295,43.641733],[-79.43296,43.641759],[-79.432978,43.641755],[-79.432998,43.641807],[-79.433069,43.641792],[-79.433143,43.641776],[-79.433133,43.641751],[-79.433221,43.641732],[-79.433215,43.641715],[-79.433224,43.641713],[-79.433271,43.641704],[-79.433333,43.641691],[-79.43341,43.641674],[-79.433416,43.641673],[-79.433467,43.641662],[-79.433532,43.641649],[-79.433548,43.641645],[-79.433603,43.641634],[-79.433604,43.641634],[-79.433686,43.641616],[-79.433733,43.641606],[-79.433827,43.641587],[-79.433888,43.641574],[-79.434014,43.641547],[-79.434076,43.641534],[-79.434169,43.641515],[-79.434408,43.641465],[-79.435678,43.641201],[-79.435754,43.641185],[-79.435842,43.641167],[-79.435917,43.641151],[-79.436006,43.641133],[-79.436122,43.641109],[-79.436175,43.641098],[-79.436231,43.641087],[-79.436291,43.641075],[-79.436359,43.641061],[-79.43648,43.641036],[-79.436525,43.641026],[-79.436663,43.640998],[-79.436903,43.640948],[-79.436908,43.640961],[-79.436915,43.64098],[-79.436969,43.641118],[-79.437421,43.641026],[-79.437443,43.641022],[-79.437391,43.640886],[-79.437378,43.640855],[-79.437404,43.64085],[-79.437476,43.640836],[-79.437533,43.640825],[-79.437607,43.64081],[-79.437811,43.640769],[-79.437812,43.640772],[-79.43791,43.640752],[-79.438148,43.640702],[-79.438195,43.640692],[-79.438255,43.64068],[-79.438304,43.640671],[-79.438355,43.640664],[-79.438443,43.640647],[-79.438438,43.640629],[-79.43832,43.640329],[-79.437373,43.640519],[-79.43724,43.640137],[-79.436847,43.640215],[-79.436782,43.640228],[-79.436754,43.640159],[-79.436731,43.640164],[-79.436667,43.640177],[-79.436588,43.640193],[-79.436521,43.640207],[-79.436426,43.640227],[-79.436098,43.640295],[-79.436089,43.640271],[-79.435898,43.64031],[-79.43566,43.640358],[-79.435632,43.640284],[-79.43562,43.640253],[-79.435438,43.64029],[-79.435246,43.64033],[-79.435196,43.64034],[-79.435173,43.640345],[-79.435021,43.640377],[-79.435027,43.640394],[-79.435054,43.640463],[-79.434596,43.640559],[-79.434566,43.640565],[-79.434523,43.640574],[-79.43445,43.640589],[-79.434209,43.640638],[-79.434174,43.640552],[-79.434147,43.640484],[-79.433556,43.640605],[-79.433542,43.640566],[-79.433485,43.640417],[-79.433481,43.640408],[-79.433292,43.63991],[-79.433219,43.639718],[-79.433039,43.639755],[-79.433035,43.639746],[-79.433004,43.639665],[-79.433027,43.639661],[-79.43299,43.639564],[-79.432967,43.639569],[-79.43295,43.639524],[-79.432946,43.639525],[-79.432941,43.63951],[-79.432723,43.639554],[-79.43273,43.639574],[-79.432533,43.639613],[-79.432575,43.639724],[-79.432336,43.639772],[-79.432432,43.640027],[-79.432454,43.640085],[-79.432467,43.640117],[-79.432486,43.640169],[-79.43249,43.640177],[-79.432501,43.640207],[-79.432509,43.640227],[-79.432533,43.640292],[-79.432557,43.640355],[-79.432581,43.640417],[-79.432604,43.640477],[-79.432626,43.640536],[-79.431996,43.640657],[-79.43202,43.640717],[-79.432043,43.640778],[-79.432089,43.640899],[-79.432133,43.641014],[-79.432146,43.641046],[-79.432048,43.641066],[-79.432054,43.64108],[-79.431994,43.641092],[-79.431936,43.641104],[-79.431871,43.641117],[-79.431866,43.641102],[-79.431805,43.641114],[-79.43168,43.64114],[-79.431607,43.641154],[-79.431523,43.641171],[-79.431283,43.64122],[-79.431098,43.641257],[-79.431103,43.641271],[-79.431037,43.641285],[-79.430972,43.641298],[-79.430966,43.641283],[-79.430813,43.641314],[-79.430663,43.641344],[-79.430424,43.641391],[-79.430353,43.641405],[-79.430201,43.641437],[-79.430038,43.64147],[-79.430043,43.641484],[-79.429803,43.641533],[-79.429633,43.641567],[-79.42944,43.641606],[-79.429394,43.641615],[-79.429217,43.641651],[-79.429028,43.641689],[-79.429022,43.641675],[-79.42855,43.641768],[-79.428253,43.641668],[-79.428178,43.641637],[-79.428009,43.641671],[-79.427723,43.641729],[-79.427484,43.641614],[-79.42745,43.641657],[-79.427668,43.641752],[-79.427885,43.64185],[-79.428099,43.64195],[-79.428179,43.64199],[-79.428422,43.642109],[-79.428435,43.64214],[-79.428751,43.642263],[-79.428781,43.642341]]]},"properties":{"OBJECTID":6,"HCD_NO":26,"HCD_NAME":"Parkdale Main Street","HCD_TYPE":"Designated District","HCD_DESDAT":"1899-11-30T00:00:00.000Z","HCD_FORMUN":"TORONTO","HCD_BYLAWN":"","HCD_WARDS":"10,04","SHAPE_LENG":2506.6663347,"SHAPE_LE_1":2506.67165824,"SHAPE_LE_2":2506.67153919,"Shape_Le_3":2508.88109136,"Shape_Le_4":2508.88109136,"Shape_Area":89481.7031938}},
{"type":"Feature","geometry":{"type":"Polygon","coordinates":[[[-79.364394,43.652064],[-79.364769,43.652973],[-79.366188,43.652664],[-79.369631,43.651927],[-79.371054,43.651597],[-79.371705,43.651446],[-79.373009,43.651562],[-79.373075,43.651557],[-79.373563,43.651449],[-79.374914,43.65115],[-79.377229,43.650654],[-79.376415,43.648734],[-79.376279,43.648761],[-79.37602,43.648119],[-79.375816,43.647579],[-79.375413,43.646662],[-79.375275,43.646355],[-79.37168,43.64805],[-79.370922,43.648224],[-79.371,43.648431],[-79.371198,43.648869],[-79.371471,43.649437],[-79.371233,43.649519],[-79.370793,43.649665],[-79.370424,43.64978],[-79.370031,43.649878],[-79.369626,43.649974],[-79.368305,43.650285],[-79.367075,43.650575],[-79.365885,43.650842],[-79.364022,43.65125],[-79.364394,43.652064]]]},"properties":{"OBJECTID":7,"HCD_NO":21,"HCD_NAME":"St. Lawrence Neighbourhood","HCD_TYPE":"Designated District","HCD_DESDAT":"2015-12-09T00:00:00.000Z","HCD_FORMUN":"TORONTO","HCD_BYLAWN":"1253-2022","HCD_WARDS":"13","SHAPE_LENG":4620.90787394,"SHAPE_LE_1":4620.88991972,"SHAPE_LE_2":4620.8904449,"Shape_Le_3":2946.56055107,"Shape_Le_4":2946.56055107,"Shape_Area":307901.199823}},
{"type":"Feature","geometry":{"type":"Polygon","coordinates":[[[-79.400286,43.639536],[-79.400859,43.63991],[-79.401315,43.640061],[-79.401481,43.640041],[-79.402743,43.639883],[-79.403072,43.639841],[-79.403343,43.639804],[-79.403614,43.639762],[-79.403883,43.639717],[-79.403895,43.639715],[-79.404154,43.639666],[-79.404369,43.639623],[-79.404642,43.639564],[-79.404912,43.6395],[-79.405181,43.639432],[-79.405417,43.639368],[-79.405625,43.639309],[-79.405834,43.639253],[-79.406044,43.639201],[-79.406256,43.639152],[-79.407031,43.638985],[-79.407238,43.638931],[-79.407447,43.63888],[-79.407658,43.638833],[-79.407681,43.638827],[-79.407788,43.638798],[-79.407991,43.638742],[-79.408334,43.638657],[-79.408933,43.638525],[-79.408964,43.638517],[-79.408965,43.638523],[-79.410183,43.638192],[-79.410227,43.63818],[-79.410226,43.638179],[-79.410494,43.6381],[-79.411101,43.63795],[-79.411834,43.63777],[-79.411949,43.637738],[-79.410817,43.637611],[-79.410271,43.637525],[-79.410015,43.637485],[-79.409954,43.637475],[-79.409895,43.637325],[-79.409556,43.63645],[-79.409546,43.63643],[-79.409533,43.636411],[-79.409515,43.636394],[-79.409493,43.636379],[-79.409469,43.636367],[-79.409442,43.636358],[-79.409413,43.636352],[-79.409383,43.63635],[-79.409354,43.636351],[-79.408701,43.636403],[-79.408546,43.636415],[-79.408512,43.636417],[-79.408016,43.636457],[-79.407771,43.636472],[-79.407525,43.636481],[-79.407279,43.636483],[-79.407033,43.636478],[-79.407017,43.636616],[-79.407004,43.636692],[-79.406982,43.636767],[-79.406953,43.636841],[-79.406915,43.636913],[-79.40687,43.636983],[-79.406817,43.63705],[-79.406757,43.637113],[-79.406703,43.637167],[-79.406645,43.637218],[-79.406581,43.637267],[-79.406558,43.637283],[-79.406483,43.63733],[-79.406391,43.637378],[-79.406294,43.637421],[-79.406192,43.637458],[-79.406086,43.637489],[-79.405977,43.637512],[-79.405883,43.637527],[-79.405788,43.637537],[-79.404804,43.637635],[-79.40461,43.637652],[-79.404415,43.637665],[-79.404214,43.637673],[-79.404014,43.637677],[-79.403961,43.637678],[-79.403924,43.637678],[-79.403809,43.637683],[-79.403695,43.637694],[-79.403583,43.637711],[-79.403472,43.637733],[-79.403364,43.637761],[-79.403252,43.637796],[-79.403144,43.637838],[-79.40304,43.637885],[-79.402857,43.637975],[-79.402539,43.638133],[-79.402364,43.638219],[-79.402168,43.638316],[-79.401611,43.638592],[-79.401463,43.638662],[-79.401312,43.638727],[-79.401157,43.638789],[-79.400999,43.638846],[-79.400838,43.638898],[-79.400483,43.638996],[-79.400453,43.639003],[-79.400389,43.639018],[-79.400356,43.639025],[-79.400247,43.639047],[-79.4001,43.639076],[-79.400062,43.639083],[-79.400097,43.639141],[-79.400166,43.639252],[-79.40019,43.639297],[-79.400167,43.639303],[-79.400186,43.639341],[-79.400202,43.639371],[-79.400212,43.63939],[-79.400225,43.639416],[-79.400245,43.639455],[-79.400252,43.63945],[-79.400286,43.639536]]]},"properties":{"OBJECTID":8,"HCD_NO":1,"HCD_NAME":"Fort York","HCD_TYPE":"Designated District","HCD_DESDAT":"1985-05-21T00:00:00.000Z","HCD_FORMUN":"TORONTO","HCD_BYLAWN":"420-85","HCD_WARDS":"10","SHAPE_LENG":2222.77797837,"SHAPE_LE_1":2222.76951124,"SHAPE_LE_2":2222.76940567,"Shape_Le_3":2222.79091008,"Shape_Le_4":2222.79091008,"Shape_Area":164755.161568}},
{"type":"Feature","geometry":{"type":"Polygon","coordinates":[[[-79.493755,43.658953],[-79.494209,43.65886],[-79.494499,43.6588],[-79.494646,43.658769],[-79.494792,43.658739],[-79.494886,43.658719],[-79.495006,43.658694],[-79.495122,43.65867],[-79.495231,43.658647],[-79.49534,43.658625],[-79.495448,43.658602],[-79.495558,43.65858],[-79.495667,43.658557],[-79.495776,43.658534],[-79.495885,43.658512],[-79.495892,43.65851],[-79.495994,43.658489],[-79.496103,43.658466],[-79.496212,43.658444],[-79.496321,43.658421],[-79.49643,43.658398],[-79.496539,43.658376],[-79.496648,43.658353],[-79.496702,43.658342],[-79.496757,43.65833],[-79.496866,43.658308],[-79.496901,43.6583],[-79.496975,43.658285],[-79.497084,43.658263],[-79.497193,43.65824],[-79.497302,43.658217],[-79.497411,43.658195],[-79.49752,43.658172],[-79.497756,43.658123],[-79.497928,43.658087],[-79.497995,43.658073],[-79.498193,43.658032],[-79.498355,43.657999],[-79.498536,43.657961],[-79.498615,43.657944],[-79.498761,43.657914],[-79.49878,43.65791],[-79.498948,43.657875],[-79.498987,43.657867],[-79.499023,43.65786],[-79.499025,43.657859],[-79.499088,43.657846],[-79.499234,43.657816],[-79.49951,43.657758],[-79.499604,43.657735],[-79.499706,43.657545],[-79.499722,43.657516],[-79.499932,43.657253],[-79.500005,43.657162],[-79.500013,43.657152],[-79.500042,43.657129],[-79.500392,43.656859],[-79.50041,43.656848],[-79.500505,43.656791],[-79.500764,43.656635],[-79.500803,43.656611],[-79.501082,43.656431],[-79.501221,43.656341],[-79.501262,43.656312],[-79.501324,43.656266],[-79.501598,43.656067],[-79.501849,43.655844],[-79.501892,43.655806],[-79.501928,43.655774],[-79.501994,43.655708],[-79.502218,43.655483],[-79.502242,43.655459],[-79.502404,43.655244],[-79.502421,43.655221],[-79.502496,43.655122],[-79.50262,43.654891],[-79.502642,43.654851],[-79.502678,43.654784],[-79.50268,43.654777],[-79.50278,43.654433],[-79.502818,43.6542],[-79.502827,43.654145],[-79.502841,43.65406],[-79.502845,43.654037],[-79.502857,43.65364],[-79.502857,43.653618],[-79.502836,43.65352],[-79.502767,43.6532],[-79.502684,43.653105],[-79.502611,43.65302],[-79.502475,43.652862],[-79.502114,43.65261],[-79.502055,43.65257],[-79.501948,43.652534],[-79.501509,43.652385],[-79.501101,43.652296],[-79.501054,43.652286],[-79.500931,43.652259],[-79.500527,43.65219],[-79.500327,43.652156],[-79.500189,43.652149],[-79.500188,43.652149],[-79.50015,43.652147],[-79.499703,43.652124],[-79.499059,43.652106],[-79.499003,43.652101],[-79.498976,43.652098],[-79.498457,43.652048],[-79.497863,43.651973],[-79.497842,43.651971],[-79.497753,43.651968],[-79.497464,43.65196],[-79.497241,43.651953],[-79.496937,43.651958],[-79.49689,43.651958],[-79.49672,43.651961],[-79.496633,43.651962],[-79.496368,43.651997],[-79.496051,43.652038],[-79.496009,43.652043],[-79.495967,43.652046],[-79.495845,43.652055],[-79.495685,43.652066],[-79.495431,43.652084],[-79.494912,43.652172],[-79.494823,43.652187],[-79.494545,43.652229],[-79.494252,43.652273],[-79.493636,43.652291],[-79.493044,43.652246],[-79.492994,43.652234],[-79.492467,43.652106],[-79.491948,43.651899],[-79.491482,43.651611],[-79.491397,43.651489],[-79.491013,43.651609],[-79.490919,43.651638],[-79.490844,43.651642],[-79.490231,43.651677],[-79.490223,43.651677],[-79.489912,43.651695],[-79.489974,43.651976],[-79.489986,43.652031],[-79.490019,43.652183],[-79.490053,43.652313],[-79.490078,43.652388],[-79.490096,43.652442],[-79.490148,43.652569],[-79.490209,43.652694],[-79.490279,43.652816],[-79.490319,43.652876],[-79.490358,43.652936],[-79.490368,43.652949],[-79.490378,43.652964],[-79.490395,43.652987],[-79.49044,43.653039],[-79.490491,43.653089],[-79.490547,43.653135],[-79.490609,43.653177],[-79.490676,43.653215],[-79.490683,43.653218],[-79.490747,43.653248],[-79.490815,43.653275],[-79.490895,43.6533],[-79.490979,43.65332],[-79.491064,43.653334],[-79.491151,43.653342],[-79.491228,43.653347],[-79.49177,43.653383],[-79.492011,43.653399],[-79.493584,43.653502],[-79.493851,43.65352],[-79.494479,43.653561],[-79.494522,43.653538],[-79.494678,43.653457],[-79.494729,43.653447],[-79.49491,43.653413],[-79.495014,43.653405],[-79.49506,43.653193],[-79.495065,43.653167],[-79.495212,43.653173],[-79.495354,43.653178],[-79.495495,43.653184],[-79.495531,43.653185],[-79.495637,43.65319],[-79.495778,43.653195],[-79.495914,43.6532],[-79.49606,43.653206],[-79.496061,43.653206],[-79.496212,43.653212],[-79.496363,43.653218],[-79.496495,43.653223],[-79.496535,43.653223],[-79.496739,43.653223],[-79.496867,43.653222],[-79.496852,43.653304],[-79.496829,43.653384],[-79.496798,43.653463],[-79.496758,43.65354],[-79.496739,43.653571],[-79.496728,43.653588],[-79.496711,43.653615],[-79.496701,43.653631],[-79.496694,43.653647],[-79.496692,43.653664],[-79.496693,43.653681],[-79.496697,43.653698],[-79.496705,43.653714],[-79.496717,43.65373],[-79.496724,43.653736],[-79.496732,43.653743],[-79.496749,43.653755],[-79.496769,43.653764],[-79.496832,43.653788],[-79.496726,43.65396],[-79.496569,43.654178],[-79.496558,43.654193],[-79.496488,43.654291],[-79.49647,43.654315],[-79.496435,43.654364],[-79.496498,43.654394],[-79.496488,43.654409],[-79.496447,43.654465],[-79.496444,43.654469],[-79.496428,43.654492],[-79.496384,43.654553],[-79.49635,43.654585],[-79.496256,43.654673],[-79.496233,43.654694],[-79.496199,43.654733],[-79.496172,43.654764],[-79.496131,43.65481],[-79.49609,43.654856],[-79.496062,43.654888],[-79.496026,43.65492],[-79.496002,43.654941],[-79.495891,43.65504],[-79.495882,43.655048],[-79.495839,43.655086],[-79.495807,43.655114],[-79.495736,43.655177],[-79.495722,43.655189],[-79.495613,43.655285],[-79.49556,43.65532],[-79.495531,43.655338],[-79.495399,43.655425],[-79.495375,43.655441],[-79.495368,43.655446],[-79.495205,43.65553],[-79.49518,43.655543],[-79.495168,43.655549],[-79.495106,43.655581],[-79.494984,43.655606],[-79.494956,43.655611],[-79.494839,43.655635],[-79.494799,43.655643],[-79.494773,43.655648],[-79.49459,43.655682],[-79.494571,43.655685],[-79.494524,43.655694],[-79.494422,43.655716],[-79.494253,43.655753],[-79.494251,43.655754],[-79.494234,43.655757],[-79.494198,43.655765],[-79.494088,43.655789],[-79.493942,43.655821],[-79.493916,43.655827],[-79.49378,43.655856],[-79.493698,43.655944],[-79.493649,43.655996],[-79.493623,43.656014],[-79.493599,43.656033],[-79.49357,43.656056],[-79.493546,43.656075],[-79.49352,43.656096],[-79.493487,43.656175],[-79.493034,43.656009],[-79.492783,43.655706],[-79.492069,43.655812],[-79.492074,43.655903],[-79.492076,43.655943],[-79.492079,43.656021],[-79.492081,43.656136],[-79.492081,43.656139],[-79.492083,43.656257],[-79.492083,43.656375],[-79.492079,43.656484],[-79.492078,43.656512],[-79.492077,43.656519],[-79.49207,43.656594],[-79.492064,43.656649],[-79.492055,43.656703],[-79.492053,43.656714],[-79.492041,43.656784],[-79.492036,43.656811],[-79.492014,43.65692],[-79.49201,43.656938],[-79.492008,43.656947],[-79.491992,43.657029],[-79.491982,43.657078],[-79.491977,43.657105],[-79.491984,43.657111],[-79.491976,43.65711],[-79.491901,43.657102],[-79.491901,43.657105],[-79.49189,43.657107],[-79.491788,43.657129],[-79.491677,43.657154],[-79.491587,43.657173],[-79.491555,43.65718],[-79.491497,43.657193],[-79.491407,43.657213],[-79.491371,43.65722],[-79.491316,43.657232],[-79.491226,43.657252],[-79.491135,43.657272],[-79.491081,43.657284],[-79.491045,43.657291],[-79.490954,43.657311],[-79.490936,43.657315],[-79.490864,43.657331],[-79.490792,43.657347],[-79.490683,43.65737],[-79.490645,43.657379],[-79.490502,43.65741],[-79.490263,43.657462],[-79.490137,43.65749],[-79.490064,43.657506],[-79.489993,43.657521],[-79.489883,43.657545],[-79.489866,43.657549],[-79.489793,43.657565],[-79.48974,43.657577],[-79.489703,43.657585],[-79.489594,43.657608],[-79.489522,43.657624],[-79.489449,43.65764],[-79.489323,43.657668],[-79.489084,43.657719],[-79.488946,43.657749],[-79.488885,43.657763],[-79.48881,43.657779],[-79.488704,43.657802],[-79.488663,43.657811],[-79.488613,43.657822],[-79.488544,43.657837],[-79.48854,43.657838],[-79.488579,43.657932],[-79.488575,43.657933],[-79.488562,43.657936],[-79.488545,43.657939],[-79.488582,43.65803],[-79.488458,43.658057],[-79.488469,43.658083],[-79.488429,43.658092],[-79.48823,43.658136],[-79.488233,43.658141],[-79.488268,43.658228],[-79.488312,43.658333],[-79.488315,43.65834],[-79.488337,43.658394],[-79.488421,43.658595],[-79.488497,43.658779],[-79.488618,43.658752],[-79.488696,43.658735],[-79.488741,43.658725],[-79.488839,43.658704],[-79.488872,43.658697],[-79.488921,43.658815],[-79.488925,43.658814],[-79.489016,43.658794],[-79.489052,43.658786],[-79.489106,43.658774],[-79.489197,43.658755],[-79.489287,43.658735],[-79.48936,43.658719],[-79.489486,43.658691],[-79.489726,43.658639],[-79.489924,43.658596],[-79.490105,43.658556],[-79.490196,43.658537],[-79.490286,43.658517],[-79.490341,43.658505],[-79.49034,43.658503],[-79.490308,43.658426],[-79.490398,43.658407],[-79.490434,43.658399],[-79.490525,43.658379],[-79.490633,43.658355],[-79.490665,43.658432],[-79.490666,43.658434],[-79.490905,43.658382],[-79.491049,43.65835],[-79.491086,43.658342],[-79.491194,43.658318],[-79.491267,43.658303],[-79.491339,43.658287],[-79.491448,43.658263],[-79.491484,43.658255],[-79.491539,43.658243],[-79.491536,43.658331],[-79.491585,43.658319],[-79.491624,43.658313],[-79.491633,43.658311],[-79.49166,43.658307],[-79.491646,43.65824],[-79.491646,43.65822],[-79.491648,43.658219],[-79.491729,43.658202],[-79.491884,43.658168],[-79.491914,43.658161],[-79.492034,43.658135],[-79.492098,43.658121],[-79.492198,43.658099],[-79.492355,43.658065],[-79.492496,43.65803],[-79.492444,43.658363],[-79.49245,43.658597],[-79.492451,43.658637],[-79.492451,43.658738],[-79.49245,43.658881],[-79.492658,43.658834],[-79.492664,43.658821],[-79.492673,43.658808],[-79.492685,43.658797],[-79.492699,43.658787],[-79.492715,43.658779],[-79.492733,43.658773],[-79.492796,43.658754],[-79.492859,43.658737],[-79.492914,43.658722],[-79.493017,43.658696],[-79.493037,43.658691],[-79.493121,43.658674],[-79.493243,43.658655],[-79.49332,43.658646],[-79.493755,43.658953]]]},"properties":{"OBJECTID":9,"HCD_NO":28,"HCD_NAME":"Teiaiagon-Baby Point","HCD_TYPE":"Designated District","HCD_DESDAT":"1899-11-30T00:00:00.000Z","HCD_FORMUN":"","HCD_BYLAWN":"","HCD_WARDS":"03,04","SHAPE_LENG":4706.05945187,"SHAPE_LE_1":4705.89472897,"SHAPE_LE_2":4705.8946254,"Shape_Le_3":4706.08312093,"Shape_Le_4":4706.08312093,"Shape_Area":508881.606225}},
{"type":"Feature","geometry":{"type":"Polygon","coordinates":[[[-79.385658,43.668934],[-79.386228,43.668819],[-79.386192,43.668731],[-79.387078,43.668554],[-79.386255,43.666471],[-79.387104,43.666557],[-79.38681,43.665824],[-79.385941,43.665841],[-79.385512,43.664732],[-79.385238,43.664788],[-79.384486,43.662882],[-79.383758,43.663036],[-79.384063,43.663845],[-79.383502,43.663961],[-79.383709,43.664505],[-79.383744,43.664498],[-79.383952,43.665043],[-79.38397,43.66504],[-79.384319,43.665946],[-79.384229,43.665964],[-79.38438,43.666341],[-79.384338,43.66635],[-79.38446,43.666683],[-79.384508,43.666673],[-79.38489,43.667674],[-79.38481,43.667691],[-79.385019,43.668228],[-79.385292,43.668173],[-79.38549,43.668702],[-79.385562,43.668687],[-79.385658,43.668934]]]},"properties":{"OBJECTID":10,"HCD_NO":22,"HCD_NAME":"Historic Yonge Street","HCD_TYPE":"Designated District","HCD_DESDAT":"2016-04-10T00:00:00.000Z","HCD_FORMUN":"TORONTO","HCD_BYLAWN":"235-2016","HCD_WARDS":"13,11","SHAPE_LENG":2662.85436804,"SHAPE_LE_1":2662.90155704,"SHAPE_LE_2":2662.90162178,"Shape_Le_3":1803.22070447,"Shape_Le_4":1803.22070447,"Shape_Area":85608.5345695}},
{"type":"Feature","geometry":{"type":"Polygon","coordinates":[[[-79.293727,43.681908],[-79.29389,43.681872],[-79.293992,43.68185],[-79.294093,43.681828],[-79.294209,43.681803],[-79.294182,43.681738],[-79.294189,43.681736],[-79.29416,43.681668],[-79.29423,43.681653],[-79.294443,43.681606],[-79.294683,43.681556],[-79.294738,43.681689],[-79.294919,43.68165],[-79.2951,43.681611],[-79.295191,43.681591],[-79.295281,43.681571],[-79.29539,43.681548],[-79.295499,43.681524],[-79.295517,43.68152],[-79.295589,43.681505],[-79.29568,43.681485],[-79.295653,43.681419],[-79.295631,43.681367],[-79.295696,43.681353],[-79.29576,43.681339],[-79.29583,43.681324],[-79.296069,43.68127],[-79.296034,43.681187],[-79.296201,43.681151],[-79.296245,43.681256],[-79.296277,43.681249],[-79.296317,43.681347],[-79.296441,43.68132],[-79.296566,43.681293],[-79.296739,43.681255],[-79.296916,43.681217],[-79.297012,43.681196],[-79.297118,43.681173],[-79.297209,43.681153],[-79.297316,43.68113],[-79.297289,43.681064],[-79.297528,43.681013],[-79.297709,43.680973],[-79.297728,43.68097],[-79.297891,43.680934],[-79.297935,43.681039],[-79.298046,43.681015],[-79.298151,43.680992],[-79.298126,43.680931],[-79.298177,43.68092],[-79.298197,43.680916],[-79.298263,43.680902],[-79.298295,43.680863],[-79.298275,43.680814],[-79.298578,43.680747],[-79.298341,43.68055],[-79.298093,43.680415],[-79.298054,43.680323],[-79.297655,43.680409],[-79.297623,43.680331],[-79.29759,43.680252],[-79.297557,43.680173],[-79.297433,43.680199],[-79.297413,43.680204],[-79.297339,43.68022],[-79.297221,43.680245],[-79.297084,43.680274],[-79.297088,43.680282],[-79.297084,43.680283],[-79.297123,43.680376],[-79.296909,43.680422],[-79.296922,43.680453],[-79.296683,43.680505],[-79.296516,43.680542],[-79.296502,43.680545],[-79.296447,43.680413],[-79.296265,43.680453],[-79.296083,43.680492],[-79.296052,43.680418],[-79.296014,43.680329],[-79.295973,43.680232],[-79.295955,43.680188],[-79.295891,43.680203],[-79.295834,43.680216],[-79.295776,43.680228],[-79.295717,43.68024],[-79.295702,43.680241],[-79.295659,43.680251],[-79.295615,43.680261],[-79.295572,43.68027],[-79.295481,43.680291],[-79.295566,43.680546],[-79.295496,43.680557],[-79.295446,43.680564],[-79.295427,43.680568],[-79.295261,43.680596],[-79.295077,43.680627],[-79.295176,43.680867],[-79.29506,43.680894],[-79.295046,43.680897],[-79.294931,43.680925],[-79.294751,43.680967],[-79.294572,43.68101],[-79.294635,43.681163],[-79.294449,43.681203],[-79.294393,43.681069],[-79.294241,43.680703],[-79.294058,43.680739],[-79.293967,43.680757],[-79.293876,43.680775],[-79.293922,43.680888],[-79.293833,43.680907],[-79.293721,43.680932],[-79.293619,43.680953],[-79.293518,43.680975],[-79.293416,43.680997],[-79.29347,43.681128],[-79.293369,43.68115],[-79.293267,43.681172],[-79.293166,43.681194],[-79.293274,43.681457],[-79.293348,43.681632],[-79.293444,43.681863],[-79.293647,43.681819],[-79.293662,43.681856],[-79.293702,43.681847],[-79.293727,43.681908]]]},"properties":{"OBJECTID":11,"HCD_NO":13,"HCD_NAME":"Lyall Avenue","HCD_TYPE":"Designated District","HCD_DESDAT":"2006-07-27T00:00:00.000Z","HCD_FORMUN":"TORONTO","HCD_BYLAWN":"718-2006","HCD_WARDS":"19","SHAPE_LENG":1355.81997796,"SHAPE_LE_1":1355.81247572,"SHAPE_LE_2":1355.81260276,"Shape_Le_3":1355.82682914,"Shape_Le_4":1355.82682914,"Shape_Area":36901.441498}},
{"type":"Feature","geometry":{"type":"Polygon","coordinates":[[[-79.371594,43.661249],[-79.372057,43.661148],[-79.372129,43.661322],[-79.372181,43.661446],[-79.372229,43.661561],[-79.372283,43.661692],[-79.372374,43.661909],[-79.372495,43.6622],[-79.372608,43.662471],[-79.372618,43.662494],[-79.372631,43.662525],[-79.372719,43.662736],[-79.372877,43.663117],[-79.373117,43.663066],[-79.374169,43.662843],[-79.374247,43.662826],[-79.374338,43.662807],[-79.374409,43.662792],[-79.375462,43.662569],[-79.375787,43.6625],[-79.376012,43.662452],[-79.375909,43.662207],[-79.375931,43.662203],[-79.375918,43.662171],[-79.375931,43.662168],[-79.375931,43.66217],[-79.376395,43.662072],[-79.375935,43.660981],[-79.375722,43.661028],[-79.375384,43.661101],[-79.375059,43.661173],[-79.375009,43.661185],[-79.374985,43.66119],[-79.374967,43.661146],[-79.374949,43.661104],[-79.374931,43.661062],[-79.374911,43.661013],[-79.374796,43.66074],[-79.374912,43.660526],[-79.374808,43.660274],[-79.3748,43.660254],[-79.374737,43.6601],[-79.374711,43.660037],[-79.374703,43.660019],[-79.374684,43.659971],[-79.374664,43.659924],[-79.374641,43.659867],[-79.374548,43.659641],[-79.374157,43.658693],[-79.374132,43.658632],[-79.374112,43.658585],[-79.374094,43.65854],[-79.374077,43.658499],[-79.374059,43.658456],[-79.374039,43.658408],[-79.374024,43.65837],[-79.374008,43.658332],[-79.373999,43.65831],[-79.373981,43.658265],[-79.373961,43.658218],[-79.373888,43.65804],[-79.373843,43.657931],[-79.373832,43.657904],[-79.373815,43.657862],[-79.373798,43.657822],[-79.373781,43.65778],[-79.373764,43.657739],[-79.373597,43.657333],[-79.373572,43.657272],[-79.373525,43.65716],[-79.373503,43.657107],[-79.373481,43.657057],[-79.373449,43.65698],[-79.373429,43.656934],[-79.373413,43.656895],[-79.373171,43.656322],[-79.373152,43.656276],[-79.373132,43.65623],[-79.373113,43.656184],[-79.373093,43.656138],[-79.373074,43.656092],[-79.373055,43.656046],[-79.373035,43.656],[-79.373016,43.655954],[-79.372996,43.655908],[-79.372977,43.655861],[-79.372888,43.65565],[-79.372577,43.655529],[-79.371953,43.65406],[-79.37193,43.654065],[-79.371867,43.654078],[-79.370634,43.654342],[-79.369547,43.654575],[-79.370161,43.656044],[-79.370019,43.65627],[-79.370446,43.657291],[-79.370503,43.657428],[-79.370613,43.65769],[-79.3707,43.657898],[-79.369995,43.658054],[-79.370009,43.658089],[-79.370022,43.65812],[-79.369844,43.658158],[-79.369835,43.65816],[-79.369946,43.658431],[-79.369955,43.658429],[-79.370185,43.658377],[-79.370188,43.658377],[-79.370234,43.658486],[-79.370261,43.65855],[-79.370398,43.658876],[-79.370406,43.658896],[-79.370424,43.658893],[-79.370429,43.658905],[-79.371093,43.6605],[-79.371099,43.660515],[-79.371086,43.660518],[-79.371237,43.66088],[-79.371233,43.660881],[-79.371257,43.660938],[-79.371282,43.661],[-79.371379,43.660978],[-79.371484,43.660955],[-79.371489,43.660966],[-79.371535,43.661078],[-79.371521,43.661079],[-79.371592,43.661249],[-79.371594,43.661249]]]},"properties":{"OBJECTID":12,"HCD_NO":25,"HCD_NAME":"Garden District","HCD_TYPE":"Designated District","HCD_DESDAT":"2021-12-10T00:00:00.000Z","HCD_FORMUN":"TORONTO","HCD_BYLAWN":"1027-2021","HCD_WARDS":"13","SHAPE_LENG":2229.00316689,"SHAPE_LE_1":2738.31612518,"SHAPE_LE_2":2738.31618673,"Shape_Le_3":2738.35941641,"Shape_Le_4":2738.35967484,"Shape_Area":259338.649784}},
{"type":"Feature","geometry":{"type":"MultiPolygon","coordinates":[[[[-79.520589,43.701222],[-79.520767,43.701269],[-79.520987,43.701327],[-79.521003,43.701294],[-79.52111,43.701082],[-79.521163,43.701096],[-79.521222,43.701112],[-79.521282,43.701128],[-79.521371,43.701151],[-79.521429,43.701065],[-79.521488,43.700978],[-79.521528,43.70092],[-79.521648,43.700758],[-79.521668,43.70073],[-79.521351,43.70057],[-79.521267,43.700506],[-79.521178,43.700438],[-79.521082,43.700366],[-79.520981,43.700251],[-79.520884,43.700139],[-79.520737,43.699944],[-79.520912,43.699896],[-79.521309,43.699788],[-79.521166,43.699703],[-79.521029,43.699516],[-79.520927,43.69927],[-79.520926,43.699266],[-79.520862,43.699132],[-79.520783,43.698969],[-79.52078,43.698961],[-79.520687,43.698759],[-79.520678,43.698738],[-79.52042,43.698393],[-79.520347,43.698464],[-79.519628,43.699166],[-79.519598,43.699208],[-79.519806,43.699379],[-79.520013,43.699563],[-79.519904,43.699624],[-79.519829,43.699666],[-79.519736,43.699718],[-79.519837,43.699792],[-79.519939,43.699867],[-79.519861,43.699938],[-79.519678,43.69984],[-79.519665,43.699856],[-79.519604,43.699933],[-79.519525,43.700032],[-79.519697,43.700084],[-79.519672,43.700107],[-79.519597,43.700174],[-79.519522,43.700242],[-79.519447,43.700309],[-79.519227,43.700507],[-79.519194,43.700536],[-79.519145,43.700579],[-79.5189,43.700801],[-79.518976,43.700821],[-79.51906,43.700844],[-79.519153,43.700869],[-79.519215,43.700886],[-79.519374,43.700929],[-79.519519,43.700968],[-79.519835,43.701054],[-79.51986,43.70103],[-79.520589,43.701222]]],[[[-79.525249,43.705056],[-79.525304,43.705182],[-79.525321,43.705229],[-79.525526,43.705181],[-79.52577,43.705123],[-79.525986,43.705075],[-79.526189,43.70503],[-79.526166,43.704983],[-79.526078,43.704784],[-79.526051,43.704722],[-79.526021,43.704655],[-79.526112,43.704635],[-79.526202,43.704615],[-79.52617,43.704598],[-79.526115,43.704568],[-79.526068,43.704543],[-79.526009,43.704511],[-79.525956,43.704483],[-79.525904,43.704454],[-79.525841,43.704421],[-79.525824,43.704411],[-79.52578,43.704387],[-79.525728,43.704358],[-79.525717,43.704352],[-79.525676,43.704328],[-79.525624,43.704299],[-79.525572,43.70427],[-79.525432,43.704192],[-79.525323,43.70413],[-79.525218,43.704071],[-79.525132,43.704022],[-79.525026,43.703962],[-79.524931,43.70391],[-79.524838,43.703857],[-79.524904,43.703825],[-79.524999,43.70378],[-79.525093,43.703734],[-79.525161,43.703702],[-79.525229,43.703669],[-79.52538,43.703596],[-79.525182,43.703489],[-79.525302,43.703433],[-79.525378,43.703394],[-79.525465,43.703352],[-79.525359,43.703239],[-79.525249,43.703127],[-79.524781,43.70335],[-79.524723,43.703325],[-79.524579,43.703257],[-79.524363,43.703166],[-79.52426,43.703216],[-79.524208,43.703242],[-79.524175,43.703257],[-79.524055,43.703315],[-79.523994,43.703345],[-79.523932,43.703374],[-79.523848,43.703415],[-79.523768,43.703454],[-79.523739,43.703442],[-79.523546,43.703367],[-79.523534,43.703373],[-79.523328,43.703288],[-79.523394,43.703256],[-79.523501,43.703204],[-79.523608,43.703153],[-79.523716,43.703101],[-79.523816,43.703053],[-79.523386,43.702702],[-79.523255,43.702605],[-79.523234,43.702588],[-79.523075,43.702458],[-79.522864,43.702554],[-79.522753,43.702605],[-79.522642,43.702659],[-79.522539,43.702707],[-79.522239,43.702599],[-79.522151,43.702639],[-79.521914,43.702743],[-79.522016,43.702781],[-79.521858,43.703002],[-79.521695,43.702938],[-79.521578,43.702893],[-79.521626,43.702818],[-79.521502,43.70277],[-79.521402,43.702732],[-79.521269,43.70268],[-79.52121,43.702772],[-79.521084,43.702723],[-79.520967,43.702677],[-79.520788,43.702959],[-79.520709,43.703052],[-79.52124,43.70326],[-79.521595,43.703397],[-79.521764,43.703463],[-79.521576,43.703714],[-79.52161,43.703727],[-79.521727,43.703773],[-79.521833,43.703816],[-79.522065,43.703799],[-79.522221,43.703898],[-79.522315,43.703958],[-79.522317,43.703957],[-79.522362,43.704001],[-79.522398,43.704036],[-79.522418,43.704057],[-79.522448,43.704086],[-79.522478,43.704115],[-79.522511,43.704096],[-79.522683,43.703996],[-79.522742,43.703962],[-79.522867,43.703889],[-79.52292,43.703909],[-79.522893,43.703924],[-79.523138,43.704135],[-79.523228,43.704216],[-79.523573,43.704051],[-79.523971,43.704272],[-79.524066,43.704325],[-79.523654,43.704524],[-79.523738,43.704568],[-79.523829,43.704617],[-79.523917,43.704667],[-79.523999,43.704585],[-79.524091,43.704637],[-79.524106,43.704645],[-79.524211,43.704705],[-79.524272,43.704738],[-79.524364,43.704786],[-79.524499,43.704864],[-79.524544,43.704892],[-79.524672,43.70497],[-79.524712,43.704961],[-79.524802,43.704939],[-79.524892,43.704918],[-79.524919,43.704911],[-79.524981,43.704897],[-79.525023,43.704993],[-79.525113,43.704972],[-79.525203,43.704951],[-79.525249,43.705056]]]]},"properties":{"OBJECTID":13,"HCD_NO":15,"HCD_NAME":"Weston | Phase I","HCD_TYPE":"Designated District","HCD_DESDAT":"2006-09-27T00:00:00.000Z","HCD_FORMUN":"YORK","HCD_BYLAWN":"798-2006","HCD_WARDS":"05,02","SHAPE_LENG":2647.66436551,"SHAPE_LE_1":2647.71846383,"SHAPE_LE_2":2647.71833807,"Shape_Le_3":2647.67803901,"Shape_Le_4":2647.67803901,"Shape_Area":86744.4466004}},
{"type":"Feature","geometry":{"type":"Polygon","coordinates":[[[-79.398529,43.670271],[-79.398518,43.670264],[-79.398412,43.670205],[-79.398404,43.670188],[-79.398333,43.670015],[-79.398326,43.670017],[-79.398025,43.670079],[-79.397931,43.670098],[-79.397846,43.670116],[-79.397761,43.670133],[-79.397676,43.670151],[-79.397592,43.670168],[-79.397507,43.670186],[-79.397414,43.670205],[-79.397406,43.670188],[-79.397362,43.670097],[-79.397355,43.670099],[-79.397326,43.670105],[-79.397318,43.670088],[-79.397308,43.670061],[-79.3973,43.670063],[-79.397269,43.670068],[-79.397199,43.67008],[-79.39712,43.670094],[-79.397043,43.67011],[-79.39701,43.670116],[-79.396978,43.670123],[-79.396909,43.670138],[-79.396761,43.670169],[-79.396681,43.670186],[-79.396586,43.670206],[-79.396493,43.670226],[-79.396418,43.670242],[-79.396334,43.670259],[-79.396242,43.670279],[-79.396171,43.670294],[-79.396102,43.670309],[-79.396095,43.670291],[-79.395875,43.66976],[-79.397074,43.66951],[-79.397082,43.669508],[-79.397197,43.669791],[-79.397205,43.669809],[-79.397386,43.669771],[-79.397449,43.669757],[-79.397562,43.669734],[-79.397556,43.66972],[-79.397737,43.669682],[-79.397728,43.669659],[-79.39791,43.669621],[-79.398034,43.669595],[-79.397996,43.669501],[-79.397755,43.668918],[-79.39763,43.668944],[-79.397622,43.668946],[-79.397415,43.668989],[-79.397241,43.669026],[-79.397185,43.669037],[-79.397088,43.669058],[-79.397087,43.669055],[-79.396902,43.669094],[-79.396895,43.669077],[-79.396888,43.669062],[-79.396881,43.669063],[-79.396773,43.669089],[-79.396688,43.669109],[-79.396605,43.669129],[-79.396529,43.669147],[-79.396523,43.669132],[-79.396441,43.669149],[-79.396126,43.669216],[-79.395993,43.669238],[-79.395741,43.66928],[-79.395532,43.669316],[-79.395382,43.669341],[-79.395312,43.669352],[-79.395269,43.669359],[-79.395396,43.669671],[-79.395274,43.669697],[-79.395309,43.66979],[-79.395342,43.66987],[-79.395454,43.670143],[-79.395461,43.67016],[-79.395614,43.670128],[-79.395621,43.670127],[-79.395728,43.67039],[-79.39565,43.670406],[-79.39569,43.670505],[-79.395699,43.670526],[-79.39548,43.670573],[-79.395578,43.670817],[-79.395712,43.670788],[-79.395742,43.670863],[-79.395776,43.670947],[-79.395924,43.671311],[-79.396071,43.671673],[-79.396106,43.671758],[-79.396098,43.67176],[-79.396081,43.671763],[-79.395936,43.671794],[-79.395596,43.671867],[-79.395622,43.67194],[-79.39567,43.67207],[-79.3957,43.67215],[-79.395726,43.672221],[-79.395756,43.672303],[-79.395802,43.672427],[-79.395817,43.672467],[-79.395832,43.672507],[-79.39585,43.672557],[-79.395823,43.672563],[-79.39587,43.672696],[-79.395898,43.67269],[-79.3959,43.672695],[-79.395923,43.672753],[-79.395978,43.672886],[-79.395982,43.672896],[-79.396011,43.672967],[-79.396032,43.673019],[-79.396046,43.673054],[-79.396082,43.673142],[-79.396125,43.673245],[-79.396176,43.673372],[-79.396179,43.673378],[-79.396205,43.673441],[-79.396232,43.673508],[-79.396259,43.673575],[-79.396298,43.673668],[-79.396321,43.673726],[-79.396345,43.673785],[-79.396392,43.673899],[-79.396456,43.674057],[-79.396472,43.674094],[-79.396482,43.674118],[-79.396531,43.674239],[-79.396555,43.674298],[-79.396576,43.67435],[-79.396598,43.674403],[-79.396621,43.67446],[-79.39664,43.674505],[-79.396653,43.674537],[-79.39666,43.674554],[-79.397118,43.674463],[-79.397126,43.674461],[-79.397129,43.674468],[-79.397136,43.674486],[-79.397178,43.674477],[-79.39713,43.674355],[-79.397107,43.674298],[-79.397096,43.674272],[-79.397085,43.674245],[-79.397319,43.674204],[-79.397339,43.674199],[-79.397387,43.674188],[-79.397494,43.674162],[-79.397527,43.674154],[-79.397582,43.674142],[-79.397656,43.674126],[-79.397745,43.674107],[-79.397756,43.674103],[-79.397919,43.674069],[-79.397955,43.674061],[-79.397959,43.67407],[-79.397975,43.674067],[-79.398074,43.674046],[-79.398184,43.674024],[-79.398255,43.674009],[-79.398287,43.674003],[-79.398318,43.673996],[-79.398383,43.673983],[-79.398465,43.673967],[-79.398526,43.673955],[-79.398602,43.67394],[-79.398654,43.673928],[-79.398764,43.673905],[-79.398861,43.673884],[-79.398869,43.673882],[-79.398881,43.673912],[-79.398905,43.673968],[-79.398909,43.673977],[-79.398936,43.674041],[-79.398943,43.674059],[-79.398964,43.674107],[-79.398965,43.67411],[-79.398983,43.674152],[-79.398991,43.674171],[-79.398991,43.674173],[-79.39922,43.674124],[-79.399554,43.674053],[-79.399562,43.674051],[-79.399581,43.674052],[-79.399706,43.674055],[-79.399821,43.674057],[-79.399847,43.674058],[-79.399847,43.674057],[-79.399979,43.674058],[-79.399979,43.67406],[-79.39998,43.67406],[-79.400165,43.674063],[-79.400242,43.674071],[-79.400241,43.674071],[-79.400238,43.674065],[-79.400221,43.674022],[-79.400236,43.674023],[-79.40023,43.674009],[-79.400206,43.673953],[-79.400182,43.673895],[-79.400166,43.673858],[-79.400163,43.67385],[-79.400196,43.673855],[-79.40018,43.673815],[-79.400179,43.673814],[-79.400169,43.673811],[-79.400131,43.673801],[-79.400093,43.673791],[-79.400088,43.673778],[-79.399936,43.673423],[-79.399901,43.673342],[-79.399873,43.673236],[-79.399861,43.673208],[-79.399803,43.673072],[-79.399761,43.672972],[-79.39991,43.672941],[-79.399859,43.672809],[-79.39983,43.672731],[-79.399805,43.672668],[-79.399756,43.672547],[-79.399742,43.672511],[-79.39972,43.672459],[-79.399708,43.672429],[-79.399687,43.672379],[-79.399656,43.672301],[-79.399647,43.672281],[-79.399622,43.672228],[-79.399601,43.672182],[-79.399587,43.672151],[-79.399561,43.672095],[-79.399552,43.672071],[-79.399532,43.672022],[-79.399526,43.672008],[-79.399503,43.671953],[-79.399496,43.671936],[-79.399467,43.671864],[-79.399443,43.671806],[-79.399423,43.671757],[-79.399394,43.671685],[-79.399371,43.671628],[-79.399316,43.671494],[-79.399291,43.671433],[-79.399285,43.67142],[-79.399262,43.671362],[-79.399232,43.67129],[-79.399209,43.671233],[-79.399208,43.671232],[-79.399182,43.671168],[-79.399179,43.671159],[-79.399156,43.671103],[-79.39913,43.671039],[-79.399102,43.670971],[-79.399064,43.670878],[-79.399047,43.670837],[-79.39904,43.670839],[-79.398783,43.670893],[-79.398776,43.670876],[-79.398732,43.670768],[-79.398566,43.670361],[-79.398529,43.670271]]]},"properties":{"OBJECTID":14,"HCD_NO":3,"HCD_NAME":"East Annex","HCD_TYPE":"Designated District","HCD_DESDAT":"1994-07-26T00:00:00.000Z","HCD_FORMUN":"TORONTO","HCD_BYLAWN":"520-94","HCD_WARDS":"11","SHAPE_LENG":2326.29592533,"SHAPE_LE_1":2320.59611176,"SHAPE_LE_2":2320.59619364,"Shape_Le_3":2337.93785529,"Shape_Le_4":2337.93785813,"Shape_Area":141827.843459}},
{"type":"Feature","geometry":{"type":"Polygon","coordinates":[[[-79.419032,43.679577],[-79.419152,43.679552],[-79.419333,43.679515],[-79.419481,43.679484],[-79.419515,43.679477],[-79.419697,43.679439],[-79.419755,43.679427],[-79.419879,43.679402],[-79.420037,43.679369],[-79.42006,43.679364],[-79.420242,43.679327],[-79.42031,43.679313],[-79.420528,43.679268],[-79.42055,43.679263],[-79.42072,43.679228],[-79.420819,43.679207],[-79.420892,43.679192],[-79.421182,43.679132],[-79.421333,43.679101],[-79.421179,43.678707],[-79.421265,43.678689],[-79.421357,43.67867],[-79.421444,43.678652],[-79.421539,43.678633],[-79.421627,43.678614],[-79.42172,43.678595],[-79.421723,43.678594],[-79.421742,43.67863],[-79.421768,43.678664],[-79.421802,43.678694],[-79.421841,43.67872],[-79.421886,43.678741],[-79.421934,43.678756],[-79.421985,43.678766],[-79.421923,43.678611],[-79.42205,43.678585],[-79.422053,43.678584],[-79.422061,43.678583],[-79.422112,43.678572],[-79.421957,43.678194],[-79.422078,43.678168],[-79.4222,43.678143],[-79.42232,43.678117],[-79.422281,43.678023],[-79.422232,43.677904],[-79.422182,43.677781],[-79.422169,43.677751],[-79.422119,43.677628],[-79.422109,43.677601],[-79.422075,43.677514],[-79.422064,43.677486],[-79.422041,43.67742],[-79.422022,43.677366],[-79.421988,43.677287],[-79.421968,43.677235],[-79.421936,43.677155],[-79.421915,43.677103],[-79.421865,43.676979],[-79.421827,43.67689],[-79.421817,43.676869],[-79.421792,43.676806],[-79.421758,43.676721],[-79.421723,43.676633],[-79.421644,43.676434],[-79.421585,43.676287],[-79.421497,43.676313],[-79.421421,43.676333],[-79.42118,43.676403],[-79.421117,43.676421],[-79.421047,43.676441],[-79.421058,43.676469],[-79.420935,43.676503],[-79.420836,43.676531],[-79.420812,43.676537],[-79.420676,43.676571],[-79.420612,43.676587],[-79.420541,43.676607],[-79.420552,43.676632],[-79.420525,43.676639],[-79.420465,43.676657],[-79.420297,43.676703],[-79.420344,43.676821],[-79.420297,43.676827],[-79.420159,43.676843],[-79.420121,43.676753],[-79.419959,43.676761],[-79.419642,43.676777],[-79.419631,43.676587],[-79.419256,43.676678],[-79.419166,43.676688],[-79.418916,43.676716],[-79.418677,43.676742],[-79.418491,43.676763],[-79.418549,43.677048],[-79.418435,43.677055],[-79.418316,43.677062],[-79.418255,43.677066],[-79.418188,43.677069],[-79.418083,43.677075],[-79.41796,43.677082],[-79.417843,43.677088],[-79.417724,43.677095],[-79.417607,43.677101],[-79.417692,43.677529],[-79.417699,43.677565],[-79.4177,43.677573],[-79.418094,43.677527],[-79.418109,43.677563],[-79.418183,43.677731],[-79.418193,43.677755],[-79.418194,43.677758],[-79.418196,43.677763],[-79.418225,43.677836],[-79.418273,43.677958],[-79.418279,43.677975],[-79.418317,43.678071],[-79.41832,43.678079],[-79.418365,43.678191],[-79.418366,43.678196],[-79.418394,43.678265],[-79.418423,43.67834],[-79.418432,43.678363],[-79.418469,43.678458],[-79.418499,43.678533],[-79.418501,43.678537],[-79.418541,43.678641],[-79.418576,43.678728],[-79.418599,43.678787],[-79.418691,43.67902],[-79.418487,43.679061],[-79.41856,43.679249],[-79.418581,43.679245],[-79.418727,43.679215],[-79.418872,43.679185],[-79.419032,43.679577]]]},"properties":{"OBJECTID":15,"HCD_NO":2,"HCD_NAME":"Wychwood Park","HCD_TYPE":"Designated District","HCD_DESDAT":"1985-05-21T00:00:00.000Z","HCD_FORMUN":"TORONTO","HCD_BYLAWN":"421-85","HCD_WARDS":"12","SHAPE_LENG":1422.65401273,"SHAPE_LE_1":1422.62414283,"SHAPE_LE_2":1422.62407527,"Shape_Le_3":1422.65997342,"Shape_Le_4":1422.65997342,"Shape_Area":85791.9516861}},
{"type":"Feature","geometry":{"type":"Polygon","coordinates":[[[-79.404126,43.647148],[-79.404104,43.647251],[-79.404249,43.647612],[-79.404436,43.647573],[-79.404515,43.647556],[-79.404641,43.64753],[-79.404697,43.647519],[-79.404803,43.647497],[-79.404888,43.647479],[-79.404961,43.647464],[-79.405151,43.647424],[-79.405228,43.647409],[-79.405452,43.647319],[-79.405552,43.647299],[-79.40557,43.647296],[-79.405606,43.647288],[-79.405669,43.647276],[-79.405732,43.647263],[-79.405782,43.647253],[-79.405929,43.647223],[-79.405987,43.647212],[-79.406053,43.647198],[-79.406119,43.647185],[-79.406199,43.647169],[-79.406255,43.647158],[-79.406253,43.647152],[-79.406307,43.647141],[-79.406361,43.64713],[-79.406418,43.647119],[-79.406418,43.647118],[-79.406471,43.647107],[-79.406523,43.647096],[-79.406528,43.64711],[-79.406605,43.647094],[-79.40659,43.647053],[-79.406737,43.647024],[-79.406824,43.647006],[-79.406879,43.646995],[-79.406985,43.646974],[-79.407029,43.646965],[-79.407086,43.646953],[-79.40715,43.64694],[-79.407203,43.646929],[-79.407246,43.64692],[-79.407292,43.646911],[-79.407328,43.646904],[-79.407327,43.646902],[-79.407335,43.6469],[-79.407406,43.646886],[-79.407412,43.646885],[-79.407406,43.646869],[-79.40746,43.646858],[-79.407466,43.646874],[-79.407531,43.646861],[-79.40759,43.646849],[-79.407655,43.646836],[-79.407707,43.646825],[-79.407688,43.646773],[-79.407907,43.64673],[-79.408008,43.64671],[-79.408062,43.646699],[-79.408122,43.646687],[-79.408179,43.646676],[-79.408192,43.646708],[-79.408219,43.646778],[-79.408294,43.646762],[-79.408351,43.64675],[-79.408389,43.646742],[-79.408476,43.646724],[-79.408519,43.646715],[-79.408573,43.646704],[-79.408634,43.646692],[-79.408609,43.646624],[-79.408755,43.646596],[-79.40884,43.646578],[-79.408918,43.646563],[-79.408994,43.646547],[-79.409058,43.646534],[-79.409059,43.646534],[-79.40906,43.646537],[-79.409136,43.646521],[-79.409144,43.646541],[-79.409216,43.646527],[-79.409235,43.646576],[-79.409246,43.646574],[-79.409291,43.646565],[-79.409336,43.646556],[-79.409365,43.64655],[-79.409379,43.646547],[-79.409385,43.646546],[-79.409393,43.646544],[-79.409449,43.646533],[-79.409515,43.646519],[-79.409566,43.646509],[-79.40958,43.646506],[-79.409819,43.646456],[-79.409826,43.646473],[-79.409991,43.646439],[-79.410028,43.646432],[-79.41002,43.646412],[-79.410021,43.646412],[-79.410004,43.64637],[-79.410113,43.646348],[-79.410131,43.646345],[-79.410171,43.646337],[-79.410236,43.646323],[-79.410295,43.646311],[-79.410296,43.646311],[-79.410372,43.646296],[-79.410443,43.646281],[-79.410459,43.646278],[-79.410499,43.64627],[-79.410546,43.64626],[-79.410601,43.646249],[-79.410623,43.646245],[-79.410648,43.646239],[-79.410692,43.646231],[-79.410787,43.646211],[-79.411026,43.646162],[-79.411461,43.646073],[-79.411519,43.646061],[-79.411404,43.645772],[-79.411499,43.645753],[-79.411586,43.645735],[-79.413022,43.645444],[-79.413024,43.645444],[-79.41317,43.645414],[-79.413204,43.645407],[-79.413206,43.645407],[-79.413258,43.645396],[-79.413561,43.645335],[-79.414094,43.645227],[-79.414223,43.645201],[-79.414331,43.645482],[-79.414385,43.645471],[-79.414386,43.64547],[-79.41439,43.645482],[-79.414445,43.645471],[-79.4145,43.64546],[-79.414496,43.645448],[-79.41455,43.645437],[-79.414554,43.645449],[-79.414664,43.645427],[-79.41466,43.645415],[-79.414714,43.645404],[-79.414769,43.645393],[-79.414773,43.645405],[-79.414828,43.645394],[-79.414883,43.645383],[-79.414879,43.645371],[-79.414933,43.64536],[-79.414938,43.645372],[-79.414992,43.645361],[-79.415065,43.645347],[-79.415305,43.645296],[-79.415315,43.645322],[-79.41585,43.645214],[-79.415929,43.645198],[-79.415988,43.645186],[-79.416052,43.645173],[-79.416101,43.645163],[-79.416204,43.645143],[-79.41617,43.645053],[-79.416214,43.645043],[-79.416259,43.645034],[-79.4165,43.644987],[-79.416541,43.645098],[-79.416631,43.64508],[-79.416595,43.644987],[-79.416655,43.644975],[-79.416717,43.644962],[-79.416782,43.644949],[-79.41679,43.64497],[-79.416807,43.645014],[-79.416827,43.645067],[-79.416834,43.645111],[-79.41685,43.645154],[-79.416866,43.645199],[-79.416867,43.6452],[-79.416884,43.645247],[-79.417081,43.645212],[-79.41711,43.645206],[-79.417276,43.645171],[-79.417159,43.644865],[-79.417217,43.644854],[-79.417275,43.644843],[-79.417344,43.644829],[-79.41741,43.644817],[-79.417487,43.644802],[-79.417706,43.644758],[-79.417715,43.644783],[-79.417875,43.644752],[-79.417941,43.644739],[-79.418008,43.644726],[-79.418019,43.644724],[-79.418023,43.644734],[-79.418024,43.644733],[-79.418073,43.644723],[-79.418133,43.64471],[-79.418209,43.644694],[-79.418261,43.644683],[-79.418323,43.64467],[-79.418311,43.644639],[-79.418387,43.644625],[-79.418457,43.644612],[-79.418515,43.644602],[-79.418505,43.644577],[-79.418599,43.644558],[-79.418568,43.644477],[-79.418638,43.644464],[-79.418806,43.644431],[-79.418799,43.644414],[-79.419033,43.644363],[-79.419132,43.644343],[-79.41921,43.644328],[-79.419286,43.644312],[-79.419338,43.644302],[-79.41944,43.644281],[-79.419455,43.644278],[-79.419498,43.64427],[-79.419551,43.644409],[-79.419734,43.644372],[-79.419729,43.644358],[-79.419797,43.644344],[-79.419802,43.644359],[-79.419928,43.644333],[-79.420006,43.644317],[-79.420005,43.644317],[-79.420224,43.644273],[-79.42034,43.64425],[-79.420391,43.64424],[-79.420445,43.644229],[-79.420472,43.644223],[-79.420499,43.644218],[-79.420553,43.644206],[-79.420614,43.644194],[-79.420671,43.644183],[-79.420712,43.644175],[-79.42077,43.644163],[-79.420847,43.644147],[-79.421178,43.64408],[-79.421116,43.643917],[-79.421334,43.643872],[-79.421432,43.643853],[-79.421498,43.644017],[-79.421592,43.643998],[-79.421615,43.643994],[-79.421679,43.643981],[-79.421772,43.643962],[-79.421863,43.643943],[-79.421955,43.643925],[-79.422006,43.643914],[-79.422046,43.643906],[-79.422099,43.643896],[-79.422157,43.643884],[-79.422207,43.643874],[-79.422297,43.643856],[-79.422385,43.643838],[-79.422603,43.643794],[-79.422694,43.643776],[-79.422755,43.643763],[-79.422785,43.643757],[-79.422802,43.643754],[-79.422876,43.643739],[-79.422967,43.643721],[-79.423058,43.643702],[-79.423149,43.643684],[-79.42324,43.643666],[-79.423296,43.643654],[-79.423331,43.643647],[-79.42335,43.643644],[-79.423405,43.643633],[-79.42341,43.643632],[-79.423403,43.643617],[-79.423427,43.643613],[-79.423453,43.643607],[-79.423507,43.643596],[-79.423601,43.643578],[-79.42382,43.643534],[-79.423825,43.643547],[-79.423888,43.643535],[-79.42395,43.643523],[-79.424021,43.643508],[-79.424084,43.643496],[-79.424143,43.643484],[-79.424205,43.643472],[-79.424294,43.643454],[-79.42434,43.643445],[-79.42438,43.643437],[-79.42445,43.643422],[-79.424512,43.64341],[-79.424776,43.643356],[-79.425015,43.643306],[-79.425081,43.643292],[-79.425148,43.643279],[-79.425224,43.643264],[-79.4253,43.643249],[-79.425356,43.643238],[-79.425417,43.643225],[-79.425415,43.643222],[-79.425466,43.643212],[-79.425467,43.643215],[-79.425525,43.643204],[-79.425574,43.643194],[-79.425618,43.643185],[-79.425682,43.643172],[-79.425959,43.643117],[-79.426206,43.643067],[-79.426333,43.643042],[-79.426388,43.64303],[-79.426448,43.643018],[-79.426473,43.643013],[-79.426513,43.643005],[-79.426557,43.642996],[-79.426572,43.642993],[-79.426628,43.642982],[-79.426623,43.642969],[-79.426636,43.642967],[-79.426681,43.642958],[-79.426686,43.642971],[-79.426725,43.642963],[-79.426803,43.642947],[-79.426811,43.642945],[-79.426805,43.64293],[-79.426878,43.642915],[-79.426884,43.642931],[-79.426957,43.642916],[-79.42703,43.642902],[-79.42711,43.642886],[-79.427052,43.642735],[-79.427292,43.642686],[-79.427435,43.642658],[-79.427434,43.642657],[-79.427481,43.642648],[-79.4275,43.642699],[-79.427584,43.642682],[-79.427521,43.642516],[-79.427451,43.642342],[-79.427115,43.64241],[-79.427043,43.642425],[-79.426944,43.642445],[-79.426959,43.642372],[-79.426966,43.642336],[-79.426855,43.642287],[-79.426852,43.642286],[-79.426468,43.642115],[-79.426009,43.641908],[-79.425445,43.641656],[-79.425381,43.641627],[-79.42535,43.641665],[-79.425336,43.641681],[-79.425322,43.641698],[-79.425452,43.642025],[-79.42556,43.642298],[-79.425591,43.642377],[-79.425474,43.642401],[-79.425389,43.642418],[-79.425124,43.642471],[-79.425111,43.642474],[-79.424286,43.64264],[-79.424138,43.64267],[-79.424127,43.642643],[-79.423913,43.642687],[-79.423521,43.642766],[-79.423304,43.642813],[-79.422987,43.642877],[-79.422303,43.643015],[-79.422084,43.643058],[-79.421898,43.643095],[-79.421841,43.643107],[-79.421836,43.643108],[-79.421782,43.643119],[-79.421731,43.643129],[-79.421681,43.643139],[-79.421622,43.643151],[-79.421616,43.643152],[-79.421566,43.643162],[-79.421603,43.643258],[-79.421696,43.643504],[-79.421649,43.643513],[-79.421244,43.643595],[-79.421143,43.643615],[-79.421005,43.643643],[-79.420627,43.64372],[-79.42007,43.643832],[-79.419951,43.643856],[-79.419907,43.643865],[-79.4199,43.643866],[-79.41983,43.643877],[-79.419781,43.643884],[-79.419657,43.643903],[-79.41959,43.643913],[-79.419435,43.643937],[-79.418975,43.64403],[-79.418916,43.644042],[-79.418854,43.644054],[-79.418798,43.644066],[-79.418678,43.64409],[-79.418395,43.644147],[-79.417692,43.644289],[-79.417667,43.644294],[-79.417581,43.644312],[-79.417536,43.644321],[-79.417417,43.644345],[-79.417297,43.644369],[-79.416796,43.64447],[-79.416718,43.644486],[-79.416446,43.644541],[-79.416242,43.644596],[-79.416103,43.644633],[-79.41597,43.64429],[-79.415401,43.644405],[-79.414989,43.644488],[-79.414748,43.644536],[-79.414493,43.644588],[-79.413894,43.644709],[-79.413899,43.644721],[-79.413953,43.644861],[-79.413729,43.644903],[-79.413677,43.644914],[-79.413627,43.644924],[-79.413578,43.644934],[-79.413528,43.644944],[-79.413525,43.644945],[-79.413489,43.644952],[-79.413479,43.644954],[-79.413472,43.644956],[-79.41346,43.644958],[-79.413452,43.64496],[-79.413429,43.644964],[-79.413377,43.644975],[-79.413366,43.644944],[-79.413356,43.644916],[-79.413345,43.644888],[-79.41331,43.644894],[-79.413182,43.64492],[-79.412891,43.644983],[-79.41282,43.644998],[-79.412726,43.645017],[-79.4127,43.645022],[-79.412704,43.645033],[-79.412688,43.645036],[-79.412686,43.645036],[-79.412646,43.645045],[-79.412642,43.645034],[-79.41263,43.645037],[-79.412624,43.645038],[-79.412574,43.645048],[-79.412524,43.645059],[-79.412468,43.64507],[-79.412414,43.645081],[-79.412361,43.645092],[-79.412313,43.645102],[-79.412288,43.645107],[-79.412242,43.645117],[-79.41223,43.645085],[-79.412189,43.644978],[-79.412139,43.64485],[-79.411942,43.64489],[-79.411679,43.644943],[-79.411675,43.644933],[-79.411587,43.644951],[-79.411645,43.645099],[-79.411653,43.645121],[-79.411591,43.645134],[-79.411533,43.645146],[-79.411477,43.645158],[-79.411421,43.645169],[-79.41135,43.645183],[-79.411294,43.645195],[-79.411241,43.645206],[-79.411176,43.645219],[-79.411224,43.645341],[-79.410984,43.645391],[-79.410645,43.645459],[-79.410592,43.64547],[-79.41055,43.645478],[-79.410498,43.645489],[-79.410451,43.645498],[-79.410399,43.645509],[-79.41034,43.645521],[-79.410345,43.645535],[-79.410278,43.645549],[-79.410215,43.645562],[-79.410152,43.645575],[-79.410089,43.645588],[-79.410025,43.645601],[-79.409962,43.645614],[-79.409884,43.64563],[-79.409638,43.645666],[-79.40957,43.64568],[-79.409515,43.645691],[-79.409456,43.645703],[-79.409414,43.645711],[-79.409369,43.64572],[-79.409325,43.645729],[-79.409274,43.64574],[-79.409222,43.64575],[-79.409162,43.645762],[-79.409096,43.645775],[-79.408969,43.645801],[-79.408913,43.645813],[-79.408862,43.645823],[-79.408803,43.645835],[-79.4088,43.645835],[-79.408758,43.645844],[-79.408714,43.645853],[-79.40866,43.645864],[-79.408607,43.645874],[-79.408551,43.645886],[-79.4085,43.645896],[-79.408464,43.645903],[-79.408418,43.645913],[-79.408369,43.645922],[-79.408304,43.645936],[-79.408247,43.645947],[-79.408197,43.645957],[-79.408171,43.645962],[-79.408135,43.64597],[-79.408062,43.645984],[-79.408,43.645997],[-79.407943,43.646008],[-79.40782,43.646033],[-79.407435,43.646111],[-79.407437,43.646116],[-79.407344,43.646134],[-79.407264,43.646151],[-79.407279,43.646188],[-79.407199,43.646204],[-79.407175,43.646209],[-79.407159,43.646212],[-79.407079,43.646228],[-79.407066,43.646195],[-79.406985,43.646212],[-79.406982,43.646203],[-79.40668,43.646263],[-79.406573,43.646285],[-79.406332,43.646333],[-79.406289,43.646342],[-79.406143,43.646371],[-79.406046,43.646391],[-79.405996,43.646401],[-79.405929,43.646415],[-79.405868,43.646427],[-79.405763,43.646448],[-79.405766,43.646457],[-79.405761,43.646458],[-79.405674,43.646475],[-79.40562,43.646486],[-79.405575,43.646495],[-79.405573,43.64649],[-79.405562,43.646493],[-79.405527,43.6465],[-79.40549,43.646507],[-79.405472,43.646511],[-79.405399,43.646526],[-79.405338,43.646538],[-79.405297,43.646546],[-79.405249,43.646556],[-79.405175,43.646571],[-79.405109,43.646584],[-79.405053,43.646596],[-79.405005,43.646605],[-79.404947,43.646617],[-79.404791,43.646649],[-79.40475,43.646656],[-79.404689,43.646667],[-79.404655,43.646673],[-79.404597,43.646684],[-79.404551,43.646694],[-79.404506,43.646703],[-79.404454,43.646714],[-79.404383,43.646729],[-79.404317,43.646742],[-79.404043,43.6468],[-79.404083,43.6469],[-79.404146,43.647054],[-79.404126,43.647148]]]},"properties":{"OBJECTID":16,"HCD_NO":29,"HCD_NAME":"West Queen West","HCD_TYPE":"Under Appeal","HCD_DESDAT":"1899-11-30T00:00:00.000Z","HCD_FORMUN":"TORONTO","HCD_BYLAWN":"","HCD_WARDS":"10,09","SHAPE_LENG":4732.91289773,"SHAPE_LE_1":4732.88513149,"SHAPE_LE_2":4732.88509947,"Shape_Le_3":4732.93901096,"Shape_Le_4":4732.93901096,"Shape_Area":148201.315299}},
{"type":"Feature","geometry":{"type":"Polygon","coordinates":[[[-79.368444,43.663635],[-79.368456,43.663664],[-79.368459,43.663672],[-79.369127,43.663533],[-79.369737,43.6634],[-79.370309,43.663272],[-79.370323,43.663268],[-79.370333,43.663266],[-79.370822,43.663154],[-79.370838,43.663151],[-79.371311,43.663049],[-79.371311,43.66305],[-79.371324,43.66308],[-79.37206,43.66292],[-79.372055,43.662907],[-79.372049,43.662893],[-79.371574,43.661729],[-79.371736,43.661692],[-79.371603,43.661366],[-79.371597,43.661353],[-79.3716,43.661353],[-79.371625,43.661348],[-79.371635,43.661346],[-79.371594,43.661249],[-79.371536,43.661109],[-79.37155,43.661106],[-79.371489,43.660966],[-79.371269,43.661013],[-79.370399,43.658924],[-79.370396,43.658916],[-79.370391,43.658905],[-79.370406,43.658896],[-79.370398,43.658876],[-79.370261,43.65855],[-79.370234,43.658486],[-79.370188,43.658377],[-79.370185,43.658377],[-79.369955,43.658429],[-79.369851,43.658175],[-79.369844,43.658158],[-79.369923,43.658141],[-79.369971,43.65813],[-79.370003,43.658123],[-79.369983,43.658074],[-79.369957,43.658009],[-79.369771,43.657547],[-79.369656,43.657262],[-79.369643,43.657229],[-79.369631,43.6572],[-79.369491,43.656855],[-79.368812,43.657],[-79.368696,43.656704],[-79.368595,43.656448],[-79.368566,43.656373],[-79.368552,43.656337],[-79.368015,43.656339],[-79.368239,43.656903],[-79.36833,43.657131],[-79.368203,43.657159],[-79.367908,43.657223],[-79.367944,43.657313],[-79.367948,43.657324],[-79.36785,43.657346],[-79.367831,43.65735],[-79.36765,43.65739],[-79.367605,43.6574],[-79.36748,43.657428],[-79.367395,43.657447],[-79.367378,43.657451],[-79.367333,43.657461],[-79.367431,43.657699],[-79.367476,43.657689],[-79.367593,43.657664],[-79.367694,43.657643],[-79.367707,43.657675],[-79.367719,43.657706],[-79.367734,43.657742],[-79.367749,43.657777],[-79.367768,43.657774],[-79.367796,43.657842],[-79.367804,43.657841],[-79.367805,43.657841],[-79.367813,43.657862],[-79.367822,43.657884],[-79.367823,43.657887],[-79.367838,43.657922],[-79.367839,43.657926],[-79.367853,43.65796],[-79.367855,43.657964],[-79.367869,43.657998],[-79.367871,43.658002],[-79.367885,43.658036],[-79.367886,43.65804],[-79.3679,43.658074],[-79.367902,43.658078],[-79.367916,43.658112],[-79.367918,43.658116],[-79.367932,43.658151],[-79.367933,43.658154],[-79.367948,43.658189],[-79.367949,43.658192],[-79.367967,43.658237],[-79.367957,43.658239],[-79.367984,43.658305],[-79.367932,43.658316],[-79.367915,43.65832],[-79.367751,43.658357],[-79.367716,43.658365],[-79.367699,43.658369],[-79.367788,43.65859],[-79.367774,43.658593],[-79.367505,43.65865],[-79.367497,43.658629],[-79.367493,43.65862],[-79.367474,43.658574],[-79.367459,43.658537],[-79.367444,43.6585],[-79.367432,43.658469],[-79.367429,43.658463],[-79.367418,43.658435],[-79.367414,43.658426],[-79.367399,43.658388],[-79.367396,43.658381],[-79.367384,43.658351],[-79.367369,43.658314],[-79.367353,43.658277],[-79.367331,43.658223],[-79.36737,43.658214],[-79.367555,43.658174],[-79.367557,43.658174],[-79.367616,43.658161],[-79.36751,43.657896],[-79.367448,43.657909],[-79.367436,43.657912],[-79.367435,43.657912],[-79.367242,43.657954],[-79.367187,43.657966],[-79.367005,43.658005],[-79.366889,43.658029],[-79.366973,43.658227],[-79.366849,43.658253],[-79.366607,43.658305],[-79.366636,43.658373],[-79.366627,43.658375],[-79.36639,43.658426],[-79.366337,43.658437],[-79.366336,43.658437],[-79.366363,43.6585],[-79.366388,43.65856],[-79.366517,43.658862],[-79.366683,43.659275],[-79.36658,43.6593],[-79.366756,43.659712],[-79.366774,43.659753],[-79.367529,43.659582],[-79.367538,43.65958],[-79.367627,43.659799],[-79.367637,43.659825],[-79.367764,43.660136],[-79.367764,43.660137],[-79.36784,43.660325],[-79.367884,43.660431],[-79.367888,43.660442],[-79.367943,43.660577],[-79.367971,43.660645],[-79.368041,43.660819],[-79.368096,43.660954],[-79.368131,43.66104],[-79.36801,43.661066],[-79.367453,43.661183],[-79.367467,43.661218],[-79.367672,43.661714],[-79.367638,43.661722],[-79.367636,43.661722],[-79.366984,43.661865],[-79.367014,43.661945],[-79.367119,43.662184],[-79.367176,43.662322],[-79.367359,43.662777],[-79.368018,43.662623],[-79.368027,43.662621],[-79.368444,43.663635]]]},"properties":{"OBJECTID":17,"HCD_NO":27,"HCD_NAME":"Cabbagetown Southwest","HCD_TYPE":"Designated District","HCD_DESDAT":"1899-11-30T00:00:00.000Z","HCD_FORMUN":"TORONTO","HCD_BYLAWN":"","HCD_WARDS":"13","SHAPE_LENG":2696.43380964,"SHAPE_LE_1":2743.02123727,"SHAPE_LE_2":2743.02123207,"Shape_Le_3":2748.39772777,"Shape_Le_4":2748.39721081,"Shape_Area":198790.485679}},
{"type":"Feature","geometry":{"type":"Polygon","coordinates":[[[-79.375736,43.644002],[-79.375753,43.644047],[-79.375795,43.644147],[-79.376149,43.644982],[-79.376338,43.645424],[-79.376454,43.645694],[-79.376487,43.645769],[-79.376958,43.646869],[-79.377317,43.647741],[-79.377411,43.647721],[-79.379529,43.647258],[-79.379672,43.647226],[-79.379768,43.647205],[-79.38022,43.647106],[-79.380854,43.646967],[-79.381677,43.646787],[-79.381996,43.646717],[-79.382177,43.646677],[-79.382242,43.646663],[-79.382473,43.646612],[-79.382568,43.646592],[-79.382836,43.646533],[-79.382972,43.646502],[-79.383075,43.64648],[-79.383178,43.646457],[-79.383835,43.646317],[-79.384029,43.646276],[-79.384186,43.646242],[-79.3847,43.646133],[-79.384721,43.646128],[-79.384771,43.646117],[-79.384828,43.646105],[-79.384879,43.646094],[-79.38535,43.645994],[-79.385241,43.645731],[-79.385219,43.645676],[-79.385194,43.645616],[-79.385122,43.645443],[-79.385093,43.645371],[-79.385028,43.645214],[-79.385017,43.645187],[-79.384887,43.644874],[-79.384801,43.644663],[-79.38477,43.644587],[-79.384766,43.644577],[-79.384751,43.644541],[-79.384654,43.644306],[-79.38465,43.644295],[-79.384638,43.644266],[-79.384633,43.644253],[-79.384621,43.644225],[-79.384606,43.644188],[-79.384601,43.644177],[-79.384583,43.644132],[-79.384542,43.644032],[-79.384496,43.643921],[-79.384464,43.643843],[-79.384363,43.643595],[-79.384311,43.643469],[-79.384299,43.64344],[-79.384257,43.643337],[-79.3844,43.643325],[-79.384464,43.64332],[-79.384486,43.643318],[-79.384503,43.643317],[-79.384546,43.643313],[-79.384562,43.643312],[-79.384569,43.643312],[-79.384723,43.643299],[-79.384774,43.643295],[-79.385047,43.643273],[-79.385128,43.643266],[-79.385156,43.643264],[-79.385184,43.643261],[-79.385204,43.64326],[-79.385466,43.643236],[-79.385728,43.643207],[-79.385989,43.643174],[-79.386405,43.643117],[-79.386582,43.643091],[-79.386758,43.64306],[-79.386932,43.643025],[-79.387146,43.642979],[-79.387577,43.642927],[-79.38792,43.642854],[-79.387989,43.642839],[-79.388085,43.642819],[-79.388238,43.642785],[-79.388208,43.642713],[-79.387822,43.641757],[-79.387779,43.641727],[-79.387576,43.64123],[-79.387597,43.641191],[-79.387635,43.641121],[-79.387627,43.641101],[-79.387451,43.640971],[-79.387362,43.640906],[-79.387357,43.640898],[-79.387146,43.640532],[-79.387095,43.640433],[-79.387062,43.640353],[-79.386986,43.640166],[-79.386977,43.640137],[-79.386963,43.640109],[-79.386947,43.640089],[-79.386929,43.64007],[-79.386907,43.640053],[-79.386884,43.640044],[-79.38686,43.640037],[-79.386834,43.640033],[-79.386808,43.640031],[-79.386782,43.640033],[-79.386756,43.640037],[-79.386755,43.640036],[-79.386356,43.640103],[-79.385296,43.64028],[-79.384034,43.64049],[-79.383605,43.640561],[-79.383404,43.640595],[-79.382552,43.640737],[-79.382205,43.640795],[-79.382188,43.640798],[-79.382108,43.640811],[-79.382099,43.640777],[-79.381999,43.640828],[-79.381996,43.64083],[-79.38123,43.640957],[-79.380935,43.641007],[-79.380878,43.641016],[-79.380817,43.641026],[-79.380589,43.641107],[-79.380534,43.641126],[-79.380531,43.641127],[-79.380482,43.641144],[-79.379695,43.641422],[-79.379508,43.641488],[-79.37929,43.641565],[-79.379063,43.641645],[-79.378928,43.641692],[-79.378779,43.641745],[-79.378767,43.641749],[-79.378763,43.64175],[-79.378712,43.641768],[-79.378709,43.641769],[-79.378696,43.641774],[-79.378677,43.641781],[-79.37858,43.641815],[-79.378546,43.641827],[-79.378512,43.641839],[-79.378175,43.641958],[-79.378171,43.641959],[-79.378144,43.641969],[-79.378124,43.641976],[-79.378057,43.641999],[-79.37768,43.642132],[-79.377646,43.642144],[-79.377501,43.642195],[-79.377419,43.642224],[-79.377371,43.642241],[-79.377334,43.642255],[-79.377326,43.642257],[-79.377035,43.64236],[-79.376946,43.642391],[-79.37682,43.642436],[-79.376753,43.64246],[-79.376409,43.642581],[-79.376339,43.642605],[-79.376263,43.642632],[-79.376036,43.642712],[-79.375988,43.642729],[-79.375741,43.642816],[-79.375476,43.64291],[-79.375438,43.642924],[-79.375319,43.642954],[-79.37534,43.642997],[-79.375365,43.643056],[-79.375389,43.643114],[-79.375412,43.643173],[-79.375435,43.643231],[-79.375461,43.643299],[-79.375478,43.643344],[-79.375498,43.643403],[-79.375517,43.643461],[-79.375539,43.643514],[-79.375704,43.643925],[-79.375701,43.643926],[-79.375717,43.643965],[-79.375719,43.643964],[-79.375736,43.644002]]]},"properties":{"OBJECTID":18,"HCD_NO":14,"HCD_NAME":"Union Station","HCD_TYPE":"Designated District","HCD_DESDAT":"2006-07-27T00:00:00.000Z","HCD_FORMUN":"TORONTO","HCD_BYLAWN":"634-2006","HCD_WARDS":"10,13","SHAPE_LENG":3220.50705829,"SHAPE_LE_1":3220.44223732,"SHAPE_LE_2":3220.44208436,"Shape_Le_3":3199.52252972,"Shape_Le_4":3199.52252972,"Shape_Area":513224.146613}},
{"type":"Feature","geometry":{"type":"Polygon","coordinates":[[[-79.3905,43.718263],[-79.390599,43.718515],[-79.390451,43.718722],[-79.391284,43.718546],[-79.391375,43.718528],[-79.393039,43.718186],[-79.393139,43.718639],[-79.393299,43.718606],[-79.393457,43.718574],[-79.393452,43.718554],[-79.393457,43.718553],[-79.393619,43.718519],[-79.393781,43.718485],[-79.393943,43.718452],[-79.394109,43.718417],[-79.394221,43.718219],[-79.39429,43.718096],[-79.394369,43.718087],[-79.394443,43.718078],[-79.39459,43.718061],[-79.394609,43.718146],[-79.394615,43.718168],[-79.394635,43.718256],[-79.394653,43.718332],[-79.394672,43.718416],[-79.394925,43.718362],[-79.394949,43.718475],[-79.394973,43.718584],[-79.395136,43.71855],[-79.395254,43.718525],[-79.395526,43.718521],[-79.395654,43.718519],[-79.395801,43.718517],[-79.396046,43.718513],[-79.396056,43.718509],[-79.396204,43.718444],[-79.396308,43.718398],[-79.396364,43.718656],[-79.396643,43.718598],[-79.396603,43.718413],[-79.39657,43.718262],[-79.396793,43.718236],[-79.396976,43.718215],[-79.397189,43.71819],[-79.397132,43.717943],[-79.397251,43.717919],[-79.397312,43.717907],[-79.397368,43.717897],[-79.397486,43.717874],[-79.397583,43.717855],[-79.397568,43.717796],[-79.39773,43.717762],[-79.397879,43.717732],[-79.397926,43.717935],[-79.398029,43.717919],[-79.398137,43.717902],[-79.398125,43.717846],[-79.398269,43.717819],[-79.398298,43.717813],[-79.398392,43.717795],[-79.398512,43.717772],[-79.398495,43.717704],[-79.398784,43.717646],[-79.39903,43.717595],[-79.399021,43.717556],[-79.398999,43.717459],[-79.398982,43.717381],[-79.398966,43.717311],[-79.399128,43.717278],[-79.399292,43.717244],[-79.399421,43.717218],[-79.39945,43.717292],[-79.399646,43.717255],[-79.399621,43.717131],[-79.399777,43.717099],[-79.399907,43.717072],[-79.400028,43.717048],[-79.39999,43.716951],[-79.399924,43.716783],[-79.399777,43.71664],[-79.399685,43.71624],[-79.399568,43.716265],[-79.399433,43.716294],[-79.399418,43.716239],[-79.399382,43.716079],[-79.399364,43.715996],[-79.399275,43.716014],[-79.399132,43.716044],[-79.399009,43.716069],[-79.39887,43.716097],[-79.398816,43.716108],[-79.398524,43.716168],[-79.39837,43.7162],[-79.398414,43.716311],[-79.398455,43.716429],[-79.398472,43.716482],[-79.398312,43.716482],[-79.3982,43.716482],[-79.39809,43.716482],[-79.398009,43.716482],[-79.39802,43.716511],[-79.398055,43.716602],[-79.398091,43.716696],[-79.39807,43.7167],[-79.397925,43.716731],[-79.397781,43.716761],[-79.397654,43.716788],[-79.397411,43.71683],[-79.397283,43.716856],[-79.397121,43.71689],[-79.396971,43.71692],[-79.396953,43.716837],[-79.396942,43.716786],[-79.396739,43.716827],[-79.39672,43.716738],[-79.396534,43.716776],[-79.396536,43.716786],[-79.396415,43.71681],[-79.396308,43.716832],[-79.396312,43.716851],[-79.396221,43.71687],[-79.396129,43.716888],[-79.396138,43.716929],[-79.396053,43.716947],[-79.395957,43.716966],[-79.395949,43.716925],[-79.395865,43.716942],[-79.395759,43.716964],[-79.395655,43.716985],[-79.395665,43.717034],[-79.395597,43.717048],[-79.395524,43.717063],[-79.395473,43.717073],[-79.395362,43.717096],[-79.395269,43.717115],[-79.395181,43.717133],[-79.39509,43.717151],[-79.39502,43.717166],[-79.395001,43.717169],[-79.394898,43.71719],[-79.394864,43.717197],[-79.394786,43.717213],[-79.394744,43.717222],[-79.394636,43.717243],[-79.394466,43.717278],[-79.394353,43.717301],[-79.394334,43.717305],[-79.39428,43.717316],[-79.394236,43.717325],[-79.394169,43.717338],[-79.394055,43.717363],[-79.393867,43.717551],[-79.39328,43.717671],[-79.393231,43.717441],[-79.393116,43.717465],[-79.392977,43.717493],[-79.392839,43.717521],[-79.3927,43.717549],[-79.392715,43.717589],[-79.39257,43.717619],[-79.392424,43.717648],[-79.392278,43.717678],[-79.392133,43.717708],[-79.392117,43.717668],[-79.392008,43.71769],[-79.391905,43.717711],[-79.3918,43.717733],[-79.391695,43.717754],[-79.391586,43.717776],[-79.391458,43.717446],[-79.391421,43.717454],[-79.391549,43.717784],[-79.391512,43.717791],[-79.39144,43.717806],[-79.391355,43.717823],[-79.391331,43.717828],[-79.391311,43.717779],[-79.391194,43.717802],[-79.391179,43.717802],[-79.391164,43.717796],[-79.391158,43.717789],[-79.391145,43.717758],[-79.391057,43.717528],[-79.39102,43.717535],[-79.39114,43.717846],[-79.391104,43.717853],[-79.391031,43.717868],[-79.39053,43.717971],[-79.390466,43.717957],[-79.390114,43.718034],[-79.390111,43.718035],[-79.3905,43.718263]]]},"properties":{"OBJECTID":19,"HCD_NO":8,"HCD_NAME":"Blythwood Road","HCD_TYPE":"Designated District","HCD_DESDAT":"2004-03-12T00:00:00.000Z","HCD_FORMUN":"TORONTO","HCD_BYLAWN":"12-2004","HCD_WARDS":"15","SHAPE_LENG":2446.884093,"SHAPE_LE_1":2446.91048882,"SHAPE_LE_2":2446.91056476,"Shape_Le_3":2446.89539205,"Shape_Le_4":2446.89539205,"Shape_Area":92161.1906423}},
{"type":"Feature","geometry":{"type":"Polygon","coordinates":[[[-79.40299,43.657243],[-79.403225,43.657202],[-79.403127,43.65694],[-79.403592,43.656847],[-79.403695,43.65711],[-79.406427,43.656579],[-79.406117,43.655792],[-79.406703,43.65567],[-79.406673,43.655602],[-79.406651,43.655606],[-79.406621,43.655522],[-79.406637,43.655518],[-79.406487,43.65514],[-79.406476,43.655142],[-79.406184,43.654413],[-79.405615,43.654532],[-79.405148,43.654648],[-79.404099,43.654861],[-79.403954,43.654516],[-79.404162,43.654475],[-79.403987,43.65404],[-79.404657,43.653902],[-79.40421,43.652812],[-79.404805,43.652673],[-79.404839,43.652617],[-79.404614,43.652043],[-79.404414,43.65195],[-79.403961,43.65205],[-79.403927,43.652039],[-79.403498,43.652131],[-79.403444,43.652118],[-79.40341,43.652148],[-79.403037,43.652226],[-79.402967,43.652037],[-79.402183,43.6522],[-79.402229,43.652316],[-79.401962,43.652375],[-79.401993,43.652454],[-79.401806,43.652491],[-79.401787,43.652442],[-79.401347,43.652531],[-79.401265,43.652326],[-79.400786,43.652425],[-79.400904,43.652708],[-79.400757,43.652739],[-79.400751,43.652755],[-79.400563,43.652796],[-79.40053,43.652788],[-79.400463,43.652801],[-79.400453,43.652784],[-79.400086,43.652863],[-79.399978,43.652598],[-79.399472,43.652705],[-79.399562,43.652929],[-79.399475,43.652947],[-79.399517,43.653047],[-79.399472,43.653056],[-79.399539,43.653219],[-79.399222,43.653287],[-79.399289,43.65345],[-79.398932,43.65353],[-79.399129,43.654033],[-79.399307,43.653998],[-79.399398,43.654224],[-79.399196,43.654267],[-79.399323,43.654606],[-79.399465,43.654576],[-79.399565,43.65482],[-79.399408,43.654851],[-79.399474,43.655024],[-79.399529,43.655011],[-79.399634,43.655287],[-79.399672,43.655279],[-79.399747,43.655491],[-79.399716,43.655533],[-79.399797,43.65573],[-79.399865,43.655716],[-79.400203,43.656594],[-79.400226,43.65659],[-79.40039,43.656991],[-79.400676,43.656933],[-79.400688,43.65697],[-79.400952,43.656913],[-79.401017,43.657086],[-79.402029,43.656871],[-79.401947,43.656667],[-79.402302,43.656594],[-79.402498,43.657083],[-79.402895,43.657006],[-79.40299,43.657243]]]},"properties":{"OBJECTID":20,"HCD_NO":30,"HCD_NAME":"Kensington Market","HCD_TYPE":"Designated District","HCD_DESDAT":"1899-11-30T00:00:00.000Z","HCD_FORMUN":"TORONTO","HCD_BYLAWN":"","HCD_WARDS":"10,11","SHAPE_LENG":2385.61034947,"SHAPE_LE_1":2385.60901637,"SHAPE_LE_2":2385.60890306,"Shape_Le_3":2716.51019027,"Shape_Le_4":2739.47447079,"Shape_Area":236601.173418}},
{"type":"Feature","geometry":{"type":"Polygon","coordinates":[[[-79.39817,43.642237],[-79.39814,43.642177],[-79.398115,43.642126],[-79.39809,43.642076],[-79.398066,43.642027],[-79.398042,43.64198],[-79.398016,43.641928],[-79.39799,43.641877],[-79.397925,43.641746],[-79.397625,43.641827],[-79.397605,43.641833],[-79.397512,43.641858],[-79.397198,43.641942],[-79.39724,43.642026],[-79.397266,43.642077],[-79.397292,43.642128],[-79.397318,43.642178],[-79.397343,43.642229],[-79.397369,43.642279],[-79.397395,43.64233],[-79.397421,43.642381],[-79.397447,43.642431],[-79.397484,43.642508],[-79.397497,43.642532],[-79.397501,43.642542],[-79.397521,43.642588],[-79.397546,43.642648],[-79.397564,43.642692],[-79.397589,43.642753],[-79.397911,43.642691],[-79.397914,43.642691],[-79.398029,43.642673],[-79.398237,43.642625],[-79.398334,43.642603],[-79.398313,43.642557],[-79.398295,43.642519],[-79.398274,43.642471],[-79.398256,43.642433],[-79.398236,43.64239],[-79.398211,43.642335],[-79.39819,43.642289],[-79.398189,43.642279],[-79.398187,43.642272],[-79.39817,43.642237]]]},"properties":{"OBJECTID":21,"HCD_NO":4,"HCD_NAME":"Draper Street","HCD_TYPE":"Designated District","HCD_DESDAT":"1999-04-02T00:00:00.000Z","HCD_FORMUN":"TORONTO","HCD_BYLAWN":"026-99","HCD_WARDS":"10","SHAPE_LENG":321.26164808,"SHAPE_LE_1":321.25865329,"SHAPE_LE_2":321.25876983,"Shape_Le_3":321.262715882,"Shape_Le_4":321.262715884,"Shape_Area":6125.60706623}},
{"type":"Feature","geometry":{"type":"Polygon","coordinates":[[[-79.371308,43.678942],[-79.371466,43.678956],[-79.371788,43.678983],[-79.373559,43.67913],[-79.374367,43.67917],[-79.374396,43.679175],[-79.374662,43.679221],[-79.375817,43.679796],[-79.375881,43.679824],[-79.375949,43.679847],[-79.37602,43.679864],[-79.376094,43.679876],[-79.376168,43.67988],[-79.376244,43.679879],[-79.376318,43.679871],[-79.37639,43.679857],[-79.376718,43.679793],[-79.376745,43.679788],[-79.376794,43.679786],[-79.377117,43.679769],[-79.377225,43.679763],[-79.377321,43.679758],[-79.377509,43.679748],[-79.377586,43.679744],[-79.377968,43.679725],[-79.378095,43.679718],[-79.378218,43.679712],[-79.37835,43.679705],[-79.378703,43.679687],[-79.379335,43.679653],[-79.380216,43.679787],[-79.381049,43.679948],[-79.381793,43.680269],[-79.381886,43.680309],[-79.382281,43.680325],[-79.382376,43.680412],[-79.382418,43.680471],[-79.382452,43.680532],[-79.382477,43.680596],[-79.382485,43.680628],[-79.382494,43.680662],[-79.382528,43.680715],[-79.382572,43.680785],[-79.382687,43.680994],[-79.383187,43.682006],[-79.383369,43.682512],[-79.383416,43.6828],[-79.383421,43.682855],[-79.383452,43.68319],[-79.383465,43.68333],[-79.383478,43.683445],[-79.383498,43.683559],[-79.383525,43.683673],[-79.383559,43.683785],[-79.383601,43.683897],[-79.38368,43.684098],[-79.383739,43.684246],[-79.383813,43.684193],[-79.383989,43.684128],[-79.383975,43.684093],[-79.384518,43.683861],[-79.384578,43.683834],[-79.384598,43.683825],[-79.384728,43.683765],[-79.38523,43.683531],[-79.385269,43.683573],[-79.386009,43.683237],[-79.386916,43.682824],[-79.386936,43.68281],[-79.386958,43.682805],[-79.387692,43.682472],[-79.388286,43.682213],[-79.388396,43.682166],[-79.389308,43.681773],[-79.389593,43.681649],[-79.389649,43.681626],[-79.389704,43.681602],[-79.389845,43.68154],[-79.390078,43.681439],[-79.390095,43.681431],[-79.390114,43.681423],[-79.390197,43.681387],[-79.390205,43.681383],[-79.390239,43.681368],[-79.390286,43.681347],[-79.390439,43.681278],[-79.39044,43.681277],[-79.390591,43.681208],[-79.390978,43.681033],[-79.390816,43.680638],[-79.39039,43.680725],[-79.390347,43.680614],[-79.390322,43.680552],[-79.390241,43.680352],[-79.390298,43.680342],[-79.390349,43.680332],[-79.390364,43.680329],[-79.390371,43.680319],[-79.390381,43.680343],[-79.390744,43.680268],[-79.390724,43.680219],[-79.390697,43.680152],[-79.390675,43.680098],[-79.390671,43.680088],[-79.390655,43.68005],[-79.39064,43.680012],[-79.390625,43.679974],[-79.390608,43.679933],[-79.390254,43.680006],[-79.390244,43.680008],[-79.390183,43.680021],[-79.390118,43.680034],[-79.390052,43.679876],[-79.389938,43.679586],[-79.389992,43.679576],[-79.389885,43.679317],[-79.38983,43.679185],[-79.389784,43.679195],[-79.389748,43.679203],[-79.389657,43.67898],[-79.389627,43.678907],[-79.389666,43.678878],[-79.389678,43.678875],[-79.390136,43.678775],[-79.390052,43.678571],[-79.389584,43.678679],[-79.389462,43.678396],[-79.389318,43.678043],[-79.389293,43.677961],[-79.389256,43.677867],[-79.389203,43.677738],[-79.389165,43.677645],[-79.389148,43.677605],[-79.389141,43.677576],[-79.389132,43.677542],[-79.389123,43.677507],[-79.389169,43.677497],[-79.389023,43.677143],[-79.388952,43.676969],[-79.389358,43.676883],[-79.389299,43.676743],[-79.389227,43.676568],[-79.38902,43.676067],[-79.388988,43.676085],[-79.388536,43.676179],[-79.38834,43.676232],[-79.387898,43.675116],[-79.387569,43.674486],[-79.387266,43.674135],[-79.387033,43.673866],[-79.38677,43.673561],[-79.386732,43.673543],[-79.386594,43.673324],[-79.386535,43.673258],[-79.386443,43.673092],[-79.386334,43.672897],[-79.386251,43.672909],[-79.386177,43.672919],[-79.386072,43.672933],[-79.38599,43.672934],[-79.385941,43.672936],[-79.385159,43.672961],[-79.385155,43.673105],[-79.385038,43.673129],[-79.384989,43.673138],[-79.384569,43.672949],[-79.384442,43.672903],[-79.384507,43.672823],[-79.383554,43.673017],[-79.383463,43.672779],[-79.382974,43.672879],[-79.382995,43.672936],[-79.382919,43.672957],[-79.382863,43.672981],[-79.382781,43.673001],[-79.382714,43.67302],[-79.382653,43.673034],[-79.382577,43.673035],[-79.382499,43.673019],[-79.382431,43.673005],[-79.382385,43.672989],[-79.382308,43.672967],[-79.382234,43.672942],[-79.38215,43.672922],[-79.382077,43.672899],[-79.381998,43.672885],[-79.381953,43.672871],[-79.381891,43.672834],[-79.381857,43.672794],[-79.381821,43.672755],[-79.381767,43.672718],[-79.381706,43.672687],[-79.381645,43.672661],[-79.381582,43.672636],[-79.381507,43.67261],[-79.381421,43.672596],[-79.380868,43.672678],[-79.380901,43.672757],[-79.380448,43.672872],[-79.380405,43.672872],[-79.380344,43.672866],[-79.380287,43.672847],[-79.380245,43.672825],[-79.380196,43.672791],[-79.380163,43.672762],[-79.380142,43.672738],[-79.380077,43.672674],[-79.380053,43.672649],[-79.380011,43.672598],[-79.379982,43.672564],[-79.379953,43.672538],[-79.379672,43.672242],[-79.37953,43.672284],[-79.379151,43.672396],[-79.379104,43.672423],[-79.379028,43.672465],[-79.378954,43.672506],[-79.378904,43.672529],[-79.37884,43.672559],[-79.378765,43.672594],[-79.378665,43.672628],[-79.378626,43.672641],[-79.378495,43.672688],[-79.378351,43.67274],[-79.378238,43.672736],[-79.378076,43.67273],[-79.377953,43.672725],[-79.377813,43.67272],[-79.377711,43.672717],[-79.377557,43.672736],[-79.377396,43.672756],[-79.377158,43.672786],[-79.376727,43.672512],[-79.37672,43.672513],[-79.376679,43.672522],[-79.376547,43.672545],[-79.376412,43.672562],[-79.376277,43.672572],[-79.376141,43.672576],[-79.376004,43.672574],[-79.375869,43.672566],[-79.375734,43.672551],[-79.374996,43.672452],[-79.374849,43.672433],[-79.374494,43.672385],[-79.372848,43.672165],[-79.371653,43.672005],[-79.371547,43.671994],[-79.37144,43.671991],[-79.371334,43.671994],[-79.371228,43.672004],[-79.371211,43.672006],[-79.371127,43.67202],[-79.371045,43.672038],[-79.370969,43.67206],[-79.370753,43.6715],[-79.370753,43.671499],[-79.369686,43.67172],[-79.369682,43.671719],[-79.369638,43.671728],[-79.36908,43.671845],[-79.36898,43.671866],[-79.368972,43.671868],[-79.368908,43.671969],[-79.368815,43.6719],[-79.368726,43.671912],[-79.368627,43.671841],[-79.368554,43.67179],[-79.368475,43.671744],[-79.36839,43.671704],[-79.368301,43.671669],[-79.368208,43.67164],[-79.368112,43.671617],[-79.368013,43.671601],[-79.367913,43.671591],[-79.367812,43.671587],[-79.367711,43.671591],[-79.366375,43.671612],[-79.366272,43.671608],[-79.366169,43.671599],[-79.366068,43.671584],[-79.365969,43.671564],[-79.365871,43.671539],[-79.365777,43.671509],[-79.363421,43.670719],[-79.36341,43.670715],[-79.36339,43.670669],[-79.363386,43.670658],[-79.363338,43.670641],[-79.363327,43.670638],[-79.361875,43.670145],[-79.361576,43.670043],[-79.361528,43.670122],[-79.361446,43.670257],[-79.361414,43.670307],[-79.361328,43.670319],[-79.361187,43.67059],[-79.361635,43.670897],[-79.361855,43.670991],[-79.362359,43.671127],[-79.362759,43.671324],[-79.362996,43.671319],[-79.363213,43.671515],[-79.363363,43.672275],[-79.363909,43.672872],[-79.363939,43.672931],[-79.363949,43.67295],[-79.36395,43.672951],[-79.36495,43.674869],[-79.365049,43.675094],[-79.365394,43.675026],[-79.365468,43.675012],[-79.366246,43.67486],[-79.366253,43.674877],[-79.366254,43.674878],[-79.366265,43.674904],[-79.366311,43.675016],[-79.366368,43.675155],[-79.366425,43.675295],[-79.366597,43.675257],[-79.366604,43.675256],[-79.366861,43.6752],[-79.367208,43.675125],[-79.367173,43.675212],[-79.3672,43.675353],[-79.367201,43.675354],[-79.367255,43.675487],[-79.367257,43.675685],[-79.36782,43.676065],[-79.36788,43.676107],[-79.367957,43.67616],[-79.368036,43.676215],[-79.368115,43.676271],[-79.368122,43.676275],[-79.368287,43.67639],[-79.368351,43.676435],[-79.368365,43.676445],[-79.368528,43.676558],[-79.368533,43.676562],[-79.368547,43.676572],[-79.36896,43.676859],[-79.368964,43.676866],[-79.369128,43.677124],[-79.369133,43.67713],[-79.369289,43.677376],[-79.3693,43.677394],[-79.369449,43.677628],[-79.369543,43.677776],[-79.369795,43.677879],[-79.37032,43.678095],[-79.370369,43.678256],[-79.370462,43.678566],[-79.370472,43.678599],[-79.370493,43.678668],[-79.370428,43.678715],[-79.370605,43.678774],[-79.37081,43.678834],[-79.370876,43.678857],[-79.370934,43.678874],[-79.37098,43.678887],[-79.371017,43.678895],[-79.371068,43.678906],[-79.371113,43.678916],[-79.371142,43.678921],[-79.371308,43.678942]]]},"properties":{"OBJECTID":22,"HCD_NO":7,"HCD_NAME":"Rosedale South","HCD_TYPE":"Designated District","HCD_DESDAT":"2003-07-02T00:00:00.000Z","HCD_FORMUN":"TORONTO","HCD_BYLAWN":"115-2003","HCD_WARDS":"13,11","SHAPE_LENG":7714.69004497,"SHAPE_LE_1":7664.97903301,"SHAPE_LE_2":7664.97899235,"Shape_Le_3":7153.2239237,"Shape_Le_4":7153.2239237,"Shape_Area":1613697.59234}},
{"type":"Feature","geometry":{"type":"Polygon","coordinates":[[[-79.39428,43.674868],[-79.394767,43.674771],[-79.39513,43.674696],[-79.395098,43.674616],[-79.395065,43.674535],[-79.395228,43.6745],[-79.395208,43.67445],[-79.3952,43.674432],[-79.395195,43.674416],[-79.395265,43.674401],[-79.395235,43.674327],[-79.395179,43.674339],[-79.395178,43.674336],[-79.395145,43.674258],[-79.395127,43.674213],[-79.395113,43.674178],[-79.395116,43.674177],[-79.395187,43.674162],[-79.395264,43.674145],[-79.395333,43.674131],[-79.395408,43.674115],[-79.395479,43.6741],[-79.395563,43.674082],[-79.395639,43.674066],[-79.395732,43.674046],[-79.395701,43.673968],[-79.395675,43.673902],[-79.395649,43.673837],[-79.395627,43.673782],[-79.39579,43.673748],[-79.395738,43.673616],[-79.395633,43.673352],[-79.395557,43.673368],[-79.395486,43.673383],[-79.395415,43.673398],[-79.395333,43.673415],[-79.395262,43.67343],[-79.395186,43.673446],[-79.395105,43.673462],[-79.395017,43.673481],[-79.394962,43.673492],[-79.394907,43.673504],[-79.394848,43.673517],[-79.394802,43.6734],[-79.394781,43.673347],[-79.394725,43.673215],[-79.394696,43.673144],[-79.394671,43.673084],[-79.394639,43.673006],[-79.394619,43.672959],[-79.394592,43.672893],[-79.394565,43.672828],[-79.394524,43.672717],[-79.394493,43.672632],[-79.394468,43.672562],[-79.394519,43.672552],[-79.394492,43.672486],[-79.394471,43.672434],[-79.394465,43.67242],[-79.394419,43.672305],[-79.394331,43.672093],[-79.394305,43.672033],[-79.394249,43.671895],[-79.394196,43.671763],[-79.394143,43.671631],[-79.394115,43.671565],[-79.393874,43.671616],[-79.393849,43.671553],[-79.39382,43.671482],[-79.393796,43.671422],[-79.393769,43.671356],[-79.393765,43.671345],[-79.39378,43.671342],[-79.393757,43.671286],[-79.393715,43.67118],[-79.393671,43.67107],[-79.393293,43.671152],[-79.39329,43.671145],[-79.39328,43.671121],[-79.393255,43.671059],[-79.39319,43.671073],[-79.393073,43.671098],[-79.392723,43.671173],[-79.39271,43.671175],[-79.392677,43.671182],[-79.392722,43.671294],[-79.392703,43.671298],[-79.392577,43.671324],[-79.392602,43.671389],[-79.392685,43.671587],[-79.392741,43.671717],[-79.392673,43.671731],[-79.392606,43.671745],[-79.392515,43.671763],[-79.392428,43.671781],[-79.392366,43.671794],[-79.392312,43.671805],[-79.392248,43.671819],[-79.392195,43.67183],[-79.392148,43.671839],[-79.392094,43.67185],[-79.392046,43.67186],[-79.391998,43.67187],[-79.39195,43.67188],[-79.391904,43.67189],[-79.391843,43.671902],[-79.391786,43.671914],[-79.39173,43.671926],[-79.391673,43.671938],[-79.391601,43.671953],[-79.391519,43.67197],[-79.391472,43.671979],[-79.391425,43.671989],[-79.391335,43.672008],[-79.391241,43.672027],[-79.391151,43.672046],[-79.391094,43.672058],[-79.391029,43.672071],[-79.390969,43.672084],[-79.390789,43.672121],[-79.39079,43.672122],[-79.390867,43.672313],[-79.390742,43.672339],[-79.3909,43.672722],[-79.390987,43.672932],[-79.391235,43.673368],[-79.391671,43.67328],[-79.391838,43.673697],[-79.392433,43.673584],[-79.392518,43.673788],[-79.392496,43.673792],[-79.392565,43.673955],[-79.392583,43.674007],[-79.392365,43.674051],[-79.392387,43.674106],[-79.392453,43.674265],[-79.392433,43.674269],[-79.392605,43.674358],[-79.39266,43.674387],[-79.392685,43.6744],[-79.392715,43.674415],[-79.392758,43.674438],[-79.39277,43.674444],[-79.392832,43.674476],[-79.392872,43.674497],[-79.392903,43.674513],[-79.392906,43.674515],[-79.392981,43.674553],[-79.393106,43.674612],[-79.393782,43.674278],[-79.394011,43.674814],[-79.39424,43.674763],[-79.39428,43.674868]]]},"properties":{"OBJECTID":23,"HCD_NO":5,"HCD_NAME":"Yorkville-Hazelton","HCD_TYPE":"Designated District","HCD_DESDAT":"2002-01-08T00:00:00.000Z","HCD_FORMUN":"TORONTO","HCD_BYLAWN":"622-2002","HCD_WARDS":"11","SHAPE_LENG":1637.89227038,"SHAPE_LE_1":1637.82436614,"SHAPE_LE_2":1607.20693931,"Shape_Le_3":1607.28458265,"Shape_Le_4":1607.28458265,"Shape_Area":90048.8405747}},
{"type":"Feature","geometry":{"type":"Polygon","coordinates":[[[-79.368444,43.663635],[-79.368436,43.663637],[-79.368435,43.663637],[-79.368408,43.663643],[-79.368216,43.663684],[-79.368233,43.663726],[-79.36825,43.663768],[-79.368263,43.663801],[-79.368253,43.663815],[-79.368236,43.663818],[-79.367932,43.663883],[-79.367937,43.663894],[-79.367943,43.663909],[-79.368039,43.664147],[-79.368079,43.664246],[-79.368108,43.664321],[-79.368214,43.664583],[-79.368225,43.664608],[-79.368566,43.664537],[-79.368589,43.664546],[-79.368599,43.664569],[-79.368618,43.664617],[-79.368637,43.664664],[-79.368656,43.66471],[-79.368673,43.664752],[-79.368691,43.664796],[-79.368722,43.664873],[-79.368751,43.664945],[-79.368544,43.664988],[-79.368566,43.665033],[-79.368603,43.665127],[-79.368621,43.665174],[-79.368722,43.66515],[-79.368823,43.665127],[-79.368924,43.665104],[-79.369027,43.66508],[-79.36905,43.665137],[-79.369074,43.665196],[-79.369094,43.665246],[-79.369095,43.665251],[-79.369132,43.665243],[-79.369155,43.665299],[-79.369051,43.665322],[-79.368983,43.665337],[-79.368904,43.665354],[-79.368974,43.665522],[-79.368792,43.665562],[-79.368892,43.665799],[-79.369032,43.665768],[-79.369059,43.665834],[-79.369157,43.666065],[-79.369199,43.666056],[-79.369214,43.666087],[-79.369306,43.666303],[-79.36932,43.666357],[-79.36934,43.666405],[-79.369356,43.666446],[-79.369393,43.666535],[-79.369323,43.666551],[-79.369358,43.666633],[-79.369375,43.666675],[-79.369378,43.666682],[-79.369393,43.666717],[-79.369414,43.666767],[-79.369454,43.666862],[-79.369468,43.666897],[-79.369512,43.667002],[-79.369621,43.666979],[-79.369649,43.667047],[-79.369695,43.667162],[-79.369761,43.667326],[-79.369825,43.667483],[-79.369843,43.66753],[-79.369887,43.66764],[-79.369927,43.667738],[-79.369966,43.667834],[-79.370023,43.667976],[-79.370041,43.667972],[-79.370059,43.667968],[-79.37013,43.667952],[-79.370192,43.667939],[-79.370245,43.667927],[-79.370312,43.667913],[-79.37036,43.667902],[-79.370433,43.667886],[-79.370498,43.667872],[-79.370578,43.667855],[-79.370654,43.667838],[-79.370746,43.667818],[-79.370859,43.667794],[-79.370985,43.667766],[-79.371055,43.667751],[-79.371128,43.667735],[-79.371201,43.667719],[-79.371296,43.667698],[-79.371389,43.667678],[-79.371602,43.667632],[-79.371661,43.667619],[-79.371735,43.667603],[-79.371804,43.667588],[-79.371878,43.667572],[-79.371952,43.667556],[-79.372034,43.667538],[-79.37214,43.667514],[-79.372195,43.667502],[-79.372074,43.667208],[-79.372065,43.667186],[-79.372053,43.667157],[-79.372032,43.667105],[-79.372022,43.66708],[-79.372014,43.667061],[-79.372286,43.667002],[-79.372186,43.666757],[-79.372087,43.666516],[-79.37207,43.666474],[-79.372027,43.666434],[-79.371831,43.665956],[-79.371857,43.66595],[-79.372291,43.665856],[-79.372234,43.665719],[-79.372016,43.665189],[-79.371963,43.665061],[-79.371924,43.66497],[-79.37156,43.665051],[-79.371353,43.664548],[-79.371383,43.66454],[-79.371377,43.66452],[-79.371753,43.664437],[-79.371643,43.664169],[-79.371624,43.664126],[-79.37182,43.664083],[-79.372296,43.66398],[-79.372391,43.663959],[-79.372455,43.663945],[-79.372472,43.663986],[-79.372494,43.664039],[-79.372516,43.664092],[-79.372522,43.664103],[-79.372606,43.664307],[-79.372615,43.664328],[-79.372665,43.664451],[-79.372841,43.664877],[-79.372858,43.664918],[-79.372875,43.664958],[-79.372892,43.664999],[-79.372912,43.665048],[-79.37293,43.66509],[-79.372947,43.665132],[-79.372964,43.665174],[-79.372982,43.665216],[-79.372999,43.665258],[-79.373019,43.665306],[-79.373036,43.665347],[-79.373053,43.665387],[-79.373107,43.665517],[-79.373162,43.665651],[-79.373217,43.665783],[-79.373553,43.666595],[-79.37368,43.666901],[-79.373784,43.667153],[-79.373981,43.667109],[-79.37422,43.667056],[-79.374499,43.666994],[-79.374393,43.666742],[-79.374265,43.666435],[-79.374035,43.665886],[-79.373926,43.665626],[-79.373871,43.665494],[-79.373839,43.665417],[-79.373819,43.665368],[-79.373763,43.665235],[-79.373761,43.665232],[-79.373722,43.665137],[-79.373683,43.665044],[-79.373636,43.664931],[-79.373599,43.664843],[-79.373557,43.664742],[-79.373372,43.664301],[-79.373322,43.664177],[-79.373313,43.664156],[-79.373228,43.663954],[-79.373177,43.663833],[-79.373129,43.66372],[-79.37295,43.66329],[-79.372877,43.663117],[-79.372719,43.662736],[-79.372068,43.662874],[-79.372073,43.662888],[-79.372054,43.662892],[-79.372049,43.662893],[-79.371966,43.662911],[-79.371425,43.663026],[-79.371314,43.663049],[-79.371301,43.663017],[-79.371299,43.663013],[-79.371171,43.66304],[-79.370839,43.66311],[-79.370803,43.663121],[-79.370772,43.66313],[-79.370423,43.663204],[-79.370186,43.663262],[-79.369738,43.663358],[-79.369712,43.663364],[-79.36968,43.663371],[-79.369232,43.663467],[-79.368993,43.663518],[-79.368467,43.66363],[-79.368444,43.663635]]]},"properties":{"OBJECTID":24,"HCD_NO":17,"HCD_NAME":"Cabbagetown Northwest","HCD_TYPE":"Designated District","HCD_DESDAT":"2007-12-13T00:00:00.000Z","HCD_FORMUN":"TORONTO","HCD_BYLAWN":"325-2008","HCD_WARDS":"13","SHAPE_LENG":2740.26746339,"SHAPE_LE_1":2740.29980484,"SHAPE_LE_2":2740.30018214,"Shape_Le_3":2740.27719608,"Shape_Le_4":2740.27725325,"Shape_Area":154100.706584}},
{"type":"Feature","geometry":{"type":"Polygon","coordinates":[[[-79.365612,43.667952],[-79.365644,43.66803],[-79.365653,43.668028],[-79.365887,43.66798],[-79.365989,43.667958],[-79.365993,43.667958],[-79.366025,43.668033],[-79.366122,43.668264],[-79.366184,43.668251],[-79.366291,43.668225],[-79.366352,43.668361],[-79.366478,43.668334],[-79.366674,43.668291],[-79.366737,43.668277],[-79.366751,43.668274],[-79.366764,43.668271],[-79.366803,43.668262],[-79.366816,43.668259],[-79.36683,43.668256],[-79.366841,43.668254],[-79.366875,43.668246],[-79.366888,43.668243],[-79.366902,43.66824],[-79.366925,43.668235],[-79.366943,43.668231],[-79.367017,43.668214],[-79.367018,43.668214],[-79.367073,43.668202],[-79.367133,43.668189],[-79.3672,43.668174],[-79.367245,43.668164],[-79.367288,43.668154],[-79.367332,43.668144],[-79.367379,43.668134],[-79.367467,43.668114],[-79.367537,43.668099],[-79.367605,43.668084],[-79.367668,43.66807],[-79.367739,43.668054],[-79.367824,43.668035],[-79.36792,43.668014],[-79.368008,43.667994],[-79.368099,43.667974],[-79.368196,43.667952],[-79.368199,43.667961],[-79.36829,43.667941],[-79.368286,43.667932],[-79.368341,43.66792],[-79.368395,43.667908],[-79.368393,43.667903],[-79.368438,43.667893],[-79.368498,43.667879],[-79.368556,43.667867],[-79.368646,43.667846],[-79.368642,43.667837],[-79.368638,43.667825],[-79.368501,43.667486],[-79.368467,43.667406],[-79.368483,43.667402],[-79.368554,43.667387],[-79.368566,43.667385],[-79.368527,43.667291],[-79.368453,43.667107],[-79.368432,43.667054],[-79.368396,43.666968],[-79.368379,43.666926],[-79.367735,43.667073],[-79.367664,43.666898],[-79.368311,43.666758],[-79.368307,43.666749],[-79.368247,43.6666],[-79.368184,43.666446],[-79.368175,43.666422],[-79.368165,43.666398],[-79.368108,43.666256],[-79.36803,43.666064],[-79.368,43.665989],[-79.36796,43.66589],[-79.367827,43.665561],[-79.367819,43.665563],[-79.36781,43.665541],[-79.367809,43.665539],[-79.367788,43.665487],[-79.367768,43.665436],[-79.367747,43.665385],[-79.367726,43.665333],[-79.367705,43.665281],[-79.367713,43.665279],[-79.367466,43.664668],[-79.367436,43.664592],[-79.36747,43.664584],[-79.367432,43.664486],[-79.367332,43.664236],[-79.366423,43.664437],[-79.3664,43.66438],[-79.3664,43.664379],[-79.366368,43.664386],[-79.366279,43.664405],[-79.366201,43.664421],[-79.366188,43.664424],[-79.366174,43.664427],[-79.366081,43.664192],[-79.365841,43.664245],[-79.365763,43.664261],[-79.365584,43.664298],[-79.365513,43.664313],[-79.365435,43.664329],[-79.365538,43.664577],[-79.365404,43.664608],[-79.36541,43.664622],[-79.364674,43.66479],[-79.364679,43.664803],[-79.364784,43.665066],[-79.364786,43.665066],[-79.364857,43.665239],[-79.364791,43.665254],[-79.364845,43.665383],[-79.364712,43.665413],[-79.364675,43.665421],[-79.364568,43.665444],[-79.364568,43.665445],[-79.364595,43.66551],[-79.364621,43.665574],[-79.364648,43.665639],[-79.364676,43.665707],[-79.364703,43.665772],[-79.364722,43.665819],[-79.36474,43.665862],[-79.364758,43.665906],[-79.364883,43.665878],[-79.364893,43.665908],[-79.364894,43.665908],[-79.364902,43.665921],[-79.36492,43.665966],[-79.364941,43.666016],[-79.364962,43.666068],[-79.364984,43.666121],[-79.364983,43.666121],[-79.364988,43.666135],[-79.364993,43.666151],[-79.364999,43.666168],[-79.365017,43.666219],[-79.36506,43.66621],[-79.365064,43.666209],[-79.365076,43.666236],[-79.365095,43.666282],[-79.365162,43.666268],[-79.365227,43.666253],[-79.365285,43.666241],[-79.365288,43.666248],[-79.365379,43.666459],[-79.36538,43.66646],[-79.365421,43.666556],[-79.36542,43.666556],[-79.36515,43.666615],[-79.365149,43.666615],[-79.365181,43.666692],[-79.365182,43.666693],[-79.365208,43.666759],[-79.365228,43.666807],[-79.365231,43.666817],[-79.365246,43.666853],[-79.365267,43.666905],[-79.365288,43.666957],[-79.365308,43.667007],[-79.36531,43.667013],[-79.365326,43.667009],[-79.365339,43.667041],[-79.365316,43.667046],[-79.36532,43.667055],[-79.36534,43.667103],[-79.365367,43.667171],[-79.365388,43.667222],[-79.365407,43.667269],[-79.365425,43.667309],[-79.365429,43.667319],[-79.365515,43.6673],[-79.365712,43.667255],[-79.365738,43.667318],[-79.36583,43.667541],[-79.365766,43.667554],[-79.365706,43.667567],[-79.365654,43.667578],[-79.365589,43.667591],[-79.365531,43.667604],[-79.365512,43.667607],[-79.365473,43.667616],[-79.365474,43.667619],[-79.365492,43.667663],[-79.365511,43.667708],[-79.365529,43.667751],[-79.365547,43.667796],[-79.365565,43.66784],[-79.365585,43.667888],[-79.365592,43.667906],[-79.366016,43.667815],[-79.366035,43.667861],[-79.365612,43.667952]],[[-79.367231,43.666474],[-79.366853,43.666557],[-79.36677,43.666361],[-79.36715,43.666276],[-79.367231,43.666474]],[[-79.366258,43.666285],[-79.366189,43.666301],[-79.365946,43.665711],[-79.366241,43.665646],[-79.366326,43.665852],[-79.366373,43.66596],[-79.366484,43.666235],[-79.366332,43.666269],[-79.366241,43.666058],[-79.366167,43.666075],[-79.366258,43.666285]],[[-79.366529,43.665946],[-79.36652,43.665925],[-79.366393,43.665613],[-79.36653,43.665583],[-79.366544,43.665615],[-79.366562,43.665657],[-79.366581,43.665701],[-79.366558,43.665707],[-79.366569,43.665724],[-79.36666,43.665719],[-79.366724,43.665706],[-79.366728,43.665721],[-79.366908,43.665679],[-79.367078,43.666103],[-79.366634,43.666202],[-79.366529,43.665946]]]},"properties":{"OBJECTID":25,"HCD_NO":6,"HCD_NAME":"Cabbagetown (Metcalfe)","HCD_TYPE":"Designated District","HCD_DESDAT":"2002-02-15T00:00:00.000Z","HCD_FORMUN":"TORONTO","HCD_BYLAWN":"110-02","HCD_WARDS":"13","SHAPE_LENG":1518.4056855,"SHAPE_LE_1":1513.90453248,"SHAPE_LE_2":1513.90446057,"Shape_Le_3":1694.76024177,"Shape_Le_4":2253.53615876,"Shape_Area":92434.4620201}},
{"type":"Feature","geometry":{"type":"Polygon","coordinates":[[[-79.463805,43.666452],[-79.463879,43.666627],[-79.464829,43.666413],[-79.465115,43.666468],[-79.465587,43.666474],[-79.465599,43.666004],[-79.465599,43.665972],[-79.465624,43.665973],[-79.466329,43.665982],[-79.466876,43.665989],[-79.467257,43.665994],[-79.4673,43.666015],[-79.467306,43.666034],[-79.467781,43.66604],[-79.467865,43.666046],[-79.467931,43.666047],[-79.467932,43.666015],[-79.468001,43.666015],[-79.468483,43.666022],[-79.468483,43.666],[-79.468767,43.666011],[-79.469327,43.666018],[-79.469879,43.666025],[-79.470242,43.66603],[-79.470471,43.666033],[-79.470643,43.666039],[-79.470628,43.666014],[-79.470538,43.665832],[-79.470567,43.665833],[-79.470947,43.665837],[-79.471373,43.665842],[-79.471921,43.665848],[-79.472105,43.66585],[-79.472391,43.665853],[-79.473223,43.665863],[-79.473358,43.665869],[-79.473497,43.665892],[-79.474086,43.665896],[-79.474422,43.665899],[-79.474498,43.665896],[-79.474988,43.6659],[-79.475065,43.665889],[-79.47514,43.665892],[-79.47584,43.665897],[-79.475941,43.665857],[-79.476286,43.665836],[-79.476283,43.666009],[-79.478606,43.665981],[-79.478868,43.665975],[-79.478965,43.66544],[-79.479002,43.665152],[-79.47896,43.665044],[-79.4783,43.665189],[-79.478303,43.665016],[-79.478226,43.665033],[-79.477746,43.665081],[-79.477735,43.665082],[-79.476943,43.665077],[-79.47694,43.665158],[-79.476601,43.66519],[-79.476604,43.6652],[-79.475942,43.665256],[-79.475909,43.665084],[-79.474587,43.665374],[-79.474362,43.66542],[-79.474289,43.665254],[-79.474164,43.664966],[-79.473462,43.665123],[-79.473309,43.665063],[-79.47267,43.665049],[-79.472621,43.664933],[-79.472548,43.664948],[-79.472522,43.66494],[-79.472041,43.665048],[-79.471804,43.665107],[-79.470937,43.665095],[-79.470907,43.665029],[-79.470343,43.665023],[-79.469941,43.665008],[-79.469196,43.664996],[-79.468513,43.664985],[-79.46829,43.665075],[-79.4682,43.665073],[-79.4682,43.665065],[-79.46817,43.665065],[-79.468169,43.665073],[-79.46815,43.665073],[-79.468146,43.66506],[-79.468115,43.66506],[-79.468053,43.665061],[-79.468051,43.665057],[-79.467903,43.665056],[-79.467768,43.665055],[-79.467197,43.66505],[-79.466912,43.664993],[-79.4666,43.66499],[-79.466443,43.664989],[-79.466209,43.664986],[-79.465827,43.664982],[-79.465565,43.66498],[-79.464995,43.664973],[-79.464998,43.664917],[-79.464827,43.664517],[-79.464919,43.664498],[-79.464695,43.663974],[-79.464667,43.663877],[-79.463675,43.6637],[-79.463022,43.663571],[-79.46317,43.663919],[-79.463115,43.663928],[-79.463115,43.663996],[-79.463133,43.664068],[-79.462915,43.664062],[-79.462914,43.6642],[-79.462726,43.664195],[-79.462715,43.664481],[-79.463195,43.664487],[-79.46318,43.664624],[-79.463177,43.664722],[-79.46317,43.664937],[-79.463168,43.664983],[-79.46233,43.664968],[-79.462201,43.664967],[-79.461998,43.664932],[-79.461358,43.664818],[-79.461093,43.664748],[-79.460509,43.664595],[-79.459408,43.66436],[-79.459288,43.664061],[-79.459249,43.663962],[-79.458795,43.66406],[-79.458765,43.663988],[-79.458514,43.664042],[-79.458479,43.66405],[-79.458454,43.663992],[-79.458428,43.66393],[-79.458347,43.663749],[-79.458249,43.66352],[-79.458217,43.663445],[-79.458182,43.663359],[-79.458179,43.663353],[-79.457507,43.663493],[-79.457405,43.66327],[-79.457445,43.66325],[-79.457143,43.66298],[-79.456657,43.663083],[-79.456415,43.663146],[-79.457576,43.664163],[-79.45754,43.664226],[-79.457808,43.664381],[-79.458344,43.664516],[-79.458567,43.664754],[-79.458992,43.665107],[-79.459041,43.66501],[-79.459249,43.665065],[-79.459544,43.665144],[-79.459904,43.665239],[-79.460194,43.665315],[-79.460652,43.665436],[-79.461191,43.665579],[-79.461576,43.665663],[-79.461696,43.665685],[-79.461879,43.665707],[-79.462014,43.665714],[-79.462508,43.665743],[-79.463312,43.665758],[-79.463545,43.66584],[-79.46377,43.665791],[-79.4639,43.665793],[-79.464028,43.665793],[-79.464046,43.665843],[-79.464259,43.666349],[-79.463805,43.666452]]]},"properties":{"OBJECTID":26,"HCD_NO":32,"HCD_NAME":"The Junction | Phase I","HCD_TYPE":"Under Study","HCD_DESDAT":"1899-11-30T00:00:00.000Z","HCD_FORMUN":"TORONTO","HCD_BYLAWN":"","HCD_WARDS":"","SHAPE_LENG":0,"SHAPE_LE_1":0,"SHAPE_LE_2":0,"Shape_Le_3":4749.25683599,"Shape_Le_4":4749.25683599,"Shape_Area":197958.953447}},
{"type":"Feature","geometry":{"type":"Polygon","coordinates":[[[-79.397501,43.642542],[-79.397375,43.642568],[-79.397621,43.643158],[-79.396843,43.643318],[-79.396657,43.643354],[-79.395333,43.643625],[-79.39513,43.643125],[-79.394858,43.64318],[-79.394934,43.643367],[-79.394456,43.643471],[-79.393979,43.643571],[-79.393963,43.643532],[-79.393835,43.643221],[-79.393327,43.643326],[-79.393335,43.643346],[-79.393185,43.643432],[-79.393018,43.643583],[-79.393072,43.643718],[-79.392742,43.643786],[-79.392977,43.644351],[-79.393053,43.644522],[-79.393158,43.644787],[-79.393299,43.64513],[-79.393293,43.645132],[-79.393335,43.645234],[-79.393323,43.645251],[-79.392727,43.645375],[-79.392745,43.645418],[-79.392735,43.64543],[-79.392689,43.64544],[-79.392539,43.645472],[-79.392516,43.645476],[-79.392222,43.645539],[-79.392125,43.64556],[-79.392156,43.64564],[-79.392016,43.645669],[-79.391284,43.645829],[-79.389693,43.64617],[-79.389597,43.646191],[-79.389758,43.646588],[-79.38934,43.646681],[-79.388125,43.646952],[-79.387051,43.647178],[-79.386095,43.647379],[-79.387122,43.649891],[-79.387179,43.650023],[-79.387262,43.650216],[-79.387274,43.650243],[-79.388291,43.650022],[-79.388325,43.650015],[-79.389175,43.649831],[-79.389206,43.649824],[-79.389303,43.649803],[-79.389921,43.649682],[-79.389945,43.649677],[-79.389931,43.649644],[-79.38993,43.649641],[-79.389825,43.649388],[-79.389806,43.649342],[-79.389795,43.649314],[-79.390598,43.649152],[-79.39078,43.649116],[-79.390852,43.649277],[-79.390923,43.649435],[-79.39108,43.649403],[-79.391268,43.649363],[-79.392502,43.649106],[-79.392529,43.649101],[-79.393485,43.648902],[-79.39347,43.648871],[-79.393445,43.648816],[-79.39352,43.6488],[-79.393803,43.64874],[-79.393899,43.648719],[-79.394095,43.648677],[-79.394274,43.648639],[-79.394416,43.648609],[-79.394496,43.648633],[-79.394707,43.648592],[-79.394743,43.648585],[-79.394735,43.648565],[-79.394864,43.648538],[-79.394909,43.648528],[-79.394914,43.648527],[-79.394928,43.648525],[-79.394994,43.648511],[-79.394978,43.648473],[-79.395238,43.648414],[-79.395266,43.648433],[-79.395521,43.648381],[-79.395557,43.648448],[-79.396115,43.64833],[-79.396147,43.648324],[-79.396184,43.648316],[-79.396192,43.648335],[-79.396196,43.648346],[-79.397136,43.648161],[-79.397149,43.648158],[-79.397157,43.648176],[-79.397164,43.648175],[-79.397234,43.64816],[-79.397294,43.648154],[-79.397426,43.648127],[-79.397593,43.648093],[-79.397596,43.648102],[-79.397597,43.648103],[-79.397598,43.648103],[-79.397601,43.648103],[-79.397646,43.648093],[-79.397648,43.648093],[-79.397662,43.64809],[-79.397747,43.648073],[-79.39785,43.648052],[-79.397845,43.648042],[-79.397918,43.648027],[-79.397951,43.64802],[-79.398016,43.648009],[-79.398024,43.648007],[-79.398166,43.647978],[-79.398281,43.647954],[-79.398286,43.647954],[-79.39829,43.647964],[-79.398344,43.647953],[-79.3984,43.647941],[-79.398396,43.647931],[-79.398518,43.647906],[-79.398538,43.647902],[-79.398587,43.647891],[-79.398589,43.647891],[-79.398625,43.647884],[-79.398772,43.647854],[-79.398868,43.647834],[-79.398914,43.647824],[-79.398965,43.647814],[-79.399012,43.647804],[-79.399062,43.647794],[-79.399156,43.647775],[-79.399258,43.647754],[-79.399379,43.647729],[-79.39953,43.647704],[-79.399531,43.647704],[-79.399635,43.647681],[-79.399748,43.647659],[-79.399803,43.647648],[-79.399802,43.647647],[-79.399969,43.647613],[-79.399987,43.647609],[-79.400102,43.647585],[-79.400337,43.647536],[-79.400784,43.647443],[-79.400787,43.64745],[-79.400806,43.647446],[-79.40089,43.647429],[-79.400971,43.647413],[-79.401051,43.647397],[-79.401133,43.64738],[-79.40113,43.647371],[-79.40128,43.64734],[-79.401283,43.647348],[-79.401283,43.647349],[-79.401332,43.647337],[-79.401372,43.647327],[-79.401576,43.647289],[-79.40199,43.647205],[-79.402134,43.647176],[-79.402124,43.647158],[-79.402172,43.647149],[-79.402176,43.647148],[-79.402187,43.647146],[-79.402199,43.647143],[-79.402245,43.647134],[-79.40225,43.647133],[-79.402313,43.64712],[-79.402321,43.647141],[-79.402333,43.647139],[-79.402393,43.647127],[-79.402453,43.647115],[-79.402508,43.647104],[-79.402574,43.64709],[-79.40273,43.647059],[-79.402811,43.647042],[-79.402895,43.647025],[-79.402971,43.64701],[-79.403043,43.646996],[-79.403124,43.646979],[-79.403126,43.646984],[-79.403206,43.646968],[-79.403204,43.646963],[-79.403449,43.646916],[-79.403679,43.646873],[-79.403883,43.646834],[-79.403873,43.646806],[-79.403745,43.646455],[-79.403354,43.6455],[-79.403218,43.645175],[-79.403089,43.644874],[-79.402939,43.644525],[-79.402689,43.64391],[-79.402381,43.643177],[-79.40218,43.642639],[-79.401879,43.641899],[-79.399225,43.642443],[-79.398989,43.641842],[-79.398863,43.641863],[-79.39857,43.641939],[-79.398553,43.6419],[-79.398395,43.641944],[-79.398272,43.641647],[-79.398242,43.641572],[-79.397889,43.641667],[-79.39817,43.642237],[-79.398189,43.642279],[-79.398334,43.642603],[-79.398237,43.642625],[-79.398029,43.642673],[-79.397914,43.642691],[-79.397911,43.642691],[-79.397589,43.642753],[-79.397502,43.642542],[-79.397501,43.642542]]]},"properties":{"OBJECTID":27,"HCD_NO":23,"HCD_NAME":"King-Spadina","HCD_TYPE":"Designated District","HCD_DESDAT":"2017-10-02T00:00:00.000Z","HCD_FORMUN":"TORONTO","HCD_BYLAWN":"1111-2017","HCD_WARDS":"10","SHAPE_LENG":4514.31293798,"SHAPE_LE_1":4514.16101349,"SHAPE_LE_2":4514.16124337,"Shape_Le_3":4514.33316428,"Shape_Le_4":4514.33316884,"Shape_Area":655069.489255}},
{"type":"Feature","geometry":{"type":"Polygon","coordinates":[[[-79.361576,43.670043],[-79.361875,43.670145],[-79.363327,43.670638],[-79.363338,43.670641],[-79.363386,43.670658],[-79.36339,43.670669],[-79.36341,43.670715],[-79.363421,43.670719],[-79.365777,43.671509],[-79.365871,43.671539],[-79.365969,43.671564],[-79.366068,43.671584],[-79.366169,43.671599],[-79.366272,43.671608],[-79.366375,43.671612],[-79.367711,43.671591],[-79.367812,43.671587],[-79.367913,43.671591],[-79.368013,43.671601],[-79.368112,43.671617],[-79.368208,43.67164],[-79.368301,43.671669],[-79.36839,43.671704],[-79.368475,43.671744],[-79.368554,43.67179],[-79.368627,43.671841],[-79.368726,43.671912],[-79.368815,43.6719],[-79.368908,43.671969],[-79.368972,43.671868],[-79.36898,43.671866],[-79.36908,43.671845],[-79.369638,43.671728],[-79.369682,43.671719],[-79.370751,43.671495],[-79.370681,43.671323],[-79.370258,43.670276],[-79.369691,43.668874],[-79.36962,43.668697],[-79.369555,43.668536],[-79.369537,43.668492],[-79.369219,43.668564],[-79.369198,43.668512],[-79.369178,43.668462],[-79.369152,43.668395],[-79.369116,43.668303],[-79.369089,43.668234],[-79.369066,43.668239],[-79.369026,43.668133],[-79.36896,43.667973],[-79.368892,43.667988],[-79.36882,43.668004],[-79.368755,43.668018],[-79.368719,43.668026],[-79.368646,43.667846],[-79.368556,43.667867],[-79.368498,43.667879],[-79.368438,43.667893],[-79.368393,43.667903],[-79.368395,43.667908],[-79.368341,43.66792],[-79.368286,43.667932],[-79.36829,43.667941],[-79.368199,43.667961],[-79.368196,43.667952],[-79.368099,43.667974],[-79.368008,43.667994],[-79.36792,43.668014],[-79.367824,43.668035],[-79.367739,43.668054],[-79.367668,43.66807],[-79.367605,43.668084],[-79.367537,43.668099],[-79.367467,43.668114],[-79.367379,43.668134],[-79.367332,43.668144],[-79.367288,43.668154],[-79.367245,43.668164],[-79.3672,43.668174],[-79.367133,43.668189],[-79.367073,43.668202],[-79.367018,43.668214],[-79.367017,43.668214],[-79.366943,43.668231],[-79.366902,43.66824],[-79.366888,43.668243],[-79.366875,43.668246],[-79.366841,43.668254],[-79.36683,43.668256],[-79.366816,43.668259],[-79.366803,43.668262],[-79.366764,43.668271],[-79.366751,43.668274],[-79.366737,43.668277],[-79.366674,43.668291],[-79.366478,43.668334],[-79.366352,43.668361],[-79.366291,43.668225],[-79.366184,43.668251],[-79.366122,43.668264],[-79.366025,43.668033],[-79.365993,43.667958],[-79.365989,43.667958],[-79.365887,43.66798],[-79.365653,43.668028],[-79.365644,43.66803],[-79.365612,43.667952],[-79.365604,43.667934],[-79.365592,43.667906],[-79.365585,43.667888],[-79.365565,43.66784],[-79.365547,43.667796],[-79.365529,43.667751],[-79.365511,43.667708],[-79.365492,43.667663],[-79.365474,43.667619],[-79.365473,43.667616],[-79.365512,43.667607],[-79.365531,43.667604],[-79.365589,43.667591],[-79.365654,43.667578],[-79.365706,43.667567],[-79.365766,43.667554],[-79.36583,43.667541],[-79.365738,43.667318],[-79.365712,43.667255],[-79.365429,43.667319],[-79.365407,43.667269],[-79.365388,43.667222],[-79.365367,43.667171],[-79.36534,43.667103],[-79.36532,43.667055],[-79.365316,43.667046],[-79.365339,43.667041],[-79.365326,43.667009],[-79.36531,43.667013],[-79.365308,43.667007],[-79.365288,43.666957],[-79.365267,43.666905],[-79.365246,43.666853],[-79.365231,43.666817],[-79.365228,43.666807],[-79.365208,43.666759],[-79.365182,43.666693],[-79.365181,43.666692],[-79.365149,43.666615],[-79.36515,43.666615],[-79.36542,43.666556],[-79.365421,43.666556],[-79.36538,43.66646],[-79.365379,43.666459],[-79.365288,43.666248],[-79.365285,43.666241],[-79.365227,43.666253],[-79.365162,43.666268],[-79.365095,43.666282],[-79.365076,43.666236],[-79.365064,43.666209],[-79.36506,43.66621],[-79.365017,43.666219],[-79.364999,43.666168],[-79.364993,43.666151],[-79.364988,43.666135],[-79.364983,43.666121],[-79.364984,43.666121],[-79.364962,43.666068],[-79.364941,43.666016],[-79.36492,43.665966],[-79.364902,43.665921],[-79.364894,43.665908],[-79.364883,43.665878],[-79.364758,43.665906],[-79.36474,43.665862],[-79.364722,43.665819],[-79.364703,43.665772],[-79.364676,43.665707],[-79.364648,43.665639],[-79.364621,43.665574],[-79.364595,43.66551],[-79.364568,43.665445],[-79.364675,43.665421],[-79.364712,43.665413],[-79.364845,43.665383],[-79.364791,43.665254],[-79.364857,43.665239],[-79.364826,43.665165],[-79.364786,43.665066],[-79.364784,43.665066],[-79.364679,43.664803],[-79.364674,43.66479],[-79.364371,43.664856],[-79.364377,43.66487],[-79.364452,43.665078],[-79.364473,43.665135],[-79.364418,43.665147],[-79.364238,43.665187],[-79.364079,43.665222],[-79.36258,43.665554],[-79.362463,43.66558],[-79.362342,43.665606],[-79.362245,43.66537],[-79.362185,43.665383],[-79.362121,43.665397],[-79.362061,43.66541],[-79.362007,43.665422],[-79.361949,43.665435],[-79.36188,43.66545],[-79.361698,43.665491],[-79.361637,43.665504],[-79.361581,43.665517],[-79.361518,43.66553],[-79.361427,43.665551],[-79.361366,43.665564],[-79.361306,43.665577],[-79.361249,43.66559],[-79.361172,43.665607],[-79.361111,43.665621],[-79.361049,43.665634],[-79.36099,43.665647],[-79.360934,43.66566],[-79.360869,43.665674],[-79.360822,43.665684],[-79.36081,43.665687],[-79.360795,43.66569],[-79.360794,43.66569],[-79.360711,43.665709],[-79.360812,43.665945],[-79.360816,43.665955],[-79.36082,43.665965],[-79.360854,43.666049],[-79.360875,43.666102],[-79.360882,43.666119],[-79.360893,43.666146],[-79.360782,43.66617],[-79.360707,43.666158],[-79.360563,43.666189],[-79.360239,43.666205],[-79.359778,43.666228],[-79.359622,43.666236],[-79.359597,43.666277],[-79.359578,43.666307],[-79.35957,43.666371],[-79.359558,43.666472],[-79.359543,43.666593],[-79.35953,43.666695],[-79.35952,43.666783],[-79.359513,43.666839],[-79.3595,43.666944],[-79.359514,43.667087],[-79.35952,43.667151],[-79.359521,43.667164],[-79.359522,43.667173],[-79.359523,43.667183],[-79.359538,43.66723],[-79.359538,43.667231],[-79.359564,43.667314],[-79.358987,43.667406],[-79.358962,43.667325],[-79.358375,43.667358],[-79.358314,43.667361],[-79.358008,43.667379],[-79.358056,43.667538],[-79.358157,43.667871],[-79.358554,43.668578],[-79.358557,43.668583],[-79.358596,43.668653],[-79.358745,43.668753],[-79.358725,43.668916],[-79.358739,43.668978],[-79.35891,43.66914],[-79.359948,43.669711],[-79.360249,43.66983],[-79.360366,43.66987],[-79.360486,43.669888],[-79.360566,43.66984],[-79.360807,43.669875],[-79.360927,43.669893],[-79.360952,43.669896],[-79.36099,43.6699],[-79.361162,43.669925],[-79.361329,43.669964],[-79.36149,43.670014],[-79.361576,43.670043]]]},"properties":{"OBJECTID":28,"HCD_NO":9,"HCD_NAME":"Cabbagetown North","HCD_TYPE":"Designated District","HCD_DESDAT":"2004-04-16T00:00:00.000Z","HCD_FORMUN":"TORONTO","HCD_BYLAWN":"259-2004","HCD_WARDS":"13","SHAPE_LENG":3354.07797467,"SHAPE_LE_1":3357.58273335,"SHAPE_LE_2":3357.5827377,"Shape_Le_3":3357.72569285,"Shape_Le_4":3357.72569247,"Shape_Area":417751.590866}},
{"type":"Feature","geometry":{"type":"Polygon","coordinates":[[[-79.343842,43.666891],[-79.3439,43.666878],[-79.343991,43.666858],[-79.344059,43.666843],[-79.344131,43.666827],[-79.344206,43.66681],[-79.34425,43.6668],[-79.344254,43.666795],[-79.344263,43.666783],[-79.344205,43.666644],[-79.344241,43.666636],[-79.344303,43.666622],[-79.344351,43.666611],[-79.344416,43.666597],[-79.344476,43.666583],[-79.344531,43.666571],[-79.344589,43.666558],[-79.344649,43.666545],[-79.344703,43.666533],[-79.344757,43.666521],[-79.34481,43.666509],[-79.345027,43.666461],[-79.345066,43.666555],[-79.345122,43.666542],[-79.345177,43.66653],[-79.345231,43.666518],[-79.34532,43.666498],[-79.345387,43.666483],[-79.345424,43.666475],[-79.345454,43.666544],[-79.345469,43.666541],[-79.345535,43.666527],[-79.345598,43.666512],[-79.345693,43.666491],[-79.345747,43.66648],[-79.345801,43.666468],[-79.345856,43.666455],[-79.34591,43.666444],[-79.345968,43.666431],[-79.346024,43.666418],[-79.346078,43.666406],[-79.346126,43.666396],[-79.3462,43.666379],[-79.346279,43.666362],[-79.346342,43.666348],[-79.346417,43.666331],[-79.346487,43.666316],[-79.346561,43.6663],[-79.346622,43.666286],[-79.346674,43.666275],[-79.346728,43.666263],[-79.346782,43.666251],[-79.346836,43.666238],[-79.346891,43.666227],[-79.34695,43.666214],[-79.346993,43.666204],[-79.347047,43.666192],[-79.347104,43.666179],[-79.347168,43.666165],[-79.347211,43.666156],[-79.347276,43.666141],[-79.347343,43.666127],[-79.347396,43.666115],[-79.347523,43.666087],[-79.347593,43.666089],[-79.347656,43.666075],[-79.347504,43.665727],[-79.347475,43.665658],[-79.347633,43.665624],[-79.347833,43.665581],[-79.348072,43.66553],[-79.348025,43.665423],[-79.347923,43.665172],[-79.347858,43.665187],[-79.347786,43.665203],[-79.347712,43.66522],[-79.347642,43.665235],[-79.347572,43.665251],[-79.347552,43.665202],[-79.347532,43.665153],[-79.347314,43.665203],[-79.347108,43.66525],[-79.347061,43.665136],[-79.347009,43.665148],[-79.346989,43.6651],[-79.346955,43.665018],[-79.346935,43.664969],[-79.34691,43.664908],[-79.346892,43.664864],[-79.346861,43.664791],[-79.346829,43.664712],[-79.346812,43.664672],[-79.346792,43.664624],[-79.346777,43.664588],[-79.346762,43.66455],[-79.346736,43.664487],[-79.346714,43.664432],[-79.346697,43.664393],[-79.346681,43.664353],[-79.346664,43.664311],[-79.346618,43.664198],[-79.3466,43.664154],[-79.346577,43.664099],[-79.346568,43.664077],[-79.346552,43.664039],[-79.346535,43.663998],[-79.346521,43.663963],[-79.346503,43.663918],[-79.346488,43.663883],[-79.346471,43.663842],[-79.346333,43.663873],[-79.346326,43.663862],[-79.346308,43.663819],[-79.346274,43.663736],[-79.34625,43.663678],[-79.346029,43.663726],[-79.346035,43.663741],[-79.346053,43.663784],[-79.34607,43.663826],[-79.346088,43.663868],[-79.346105,43.66391],[-79.346111,43.663923],[-79.346127,43.663965],[-79.346142,43.664001],[-79.346155,43.664032],[-79.346074,43.66405],[-79.345974,43.664072],[-79.345921,43.664083],[-79.345612,43.664149],[-79.345249,43.664227],[-79.345188,43.664239],[-79.345068,43.664265],[-79.345057,43.664238],[-79.344957,43.663997],[-79.344816,43.664289],[-79.34477,43.664385],[-79.344742,43.664439],[-79.344751,43.664461],[-79.344828,43.664654],[-79.344937,43.664928],[-79.345008,43.665106],[-79.345024,43.665146],[-79.345029,43.665159],[-79.345015,43.665162],[-79.345005,43.665176],[-79.345078,43.665361],[-79.345172,43.665596],[-79.345189,43.665639],[-79.345199,43.665667],[-79.345157,43.665676],[-79.345032,43.665703],[-79.345046,43.665738],[-79.345179,43.666057],[-79.345225,43.666159],[-79.344824,43.666251],[-79.343629,43.666515],[-79.343564,43.666533],[-79.343519,43.666426],[-79.343369,43.666649],[-79.343376,43.666648],[-79.3434,43.666707],[-79.343319,43.666724],[-79.343368,43.666845],[-79.343541,43.666806],[-79.343574,43.666872],[-79.343687,43.666849],[-79.343701,43.666879],[-79.343826,43.666853],[-79.343842,43.666891]]]},"properties":{"OBJECTID":29,"HCD_NO":18,"HCD_NAME":"Riverdale","HCD_TYPE":"Designated District","HCD_DESDAT":"2008-09-25T00:00:00.000Z","HCD_FORMUN":"TORONTO","HCD_BYLAWN":"951-2008","HCD_WARDS":"14","SHAPE_LENG":1474.66044416,"SHAPE_LE_1":1474.66567388,"SHAPE_LE_2":1474.66579531,"Shape_Le_3":1474.66637111,"Shape_Le_4":1474.66637111,"Shape_Area":51255.2557204}},
{"type":"Feature","geometry":{"type":"MultiPolygon","coordinates":[[[[-79.404078,43.659234],[-79.404192,43.659518],[-79.404282,43.659744],[-79.404306,43.659803],[-79.404618,43.660583],[-79.40512,43.660486],[-79.405411,43.660426],[-79.405912,43.660327],[-79.405891,43.660275],[-79.405815,43.660084],[-79.405799,43.660045],[-79.405777,43.659989],[-79.405748,43.659918],[-79.405719,43.659843],[-79.405697,43.659789],[-79.405667,43.659714],[-79.405639,43.659644],[-79.405611,43.659575],[-79.405585,43.659509],[-79.40555,43.659424],[-79.405519,43.659345],[-79.405487,43.659266],[-79.405451,43.659176],[-79.405426,43.659113],[-79.405404,43.659058],[-79.405381,43.659002],[-79.405359,43.658947],[-79.405339,43.658895],[-79.405319,43.658847],[-79.4053,43.658799],[-79.405279,43.658748],[-79.405256,43.65869],[-79.405231,43.658628],[-79.405195,43.658536],[-79.405167,43.658465],[-79.40514,43.658397],[-79.405117,43.658341],[-79.405084,43.658259],[-79.405058,43.658196],[-79.405028,43.658119],[-79.404999,43.658047],[-79.404973,43.657982],[-79.404946,43.657916],[-79.404917,43.657842],[-79.404893,43.657781],[-79.404867,43.657716],[-79.404846,43.657666],[-79.404827,43.657619],[-79.404809,43.657572],[-79.404781,43.657503],[-79.404711,43.657517],[-79.404601,43.657538],[-79.404386,43.657579],[-79.404279,43.657601],[-79.404269,43.657576],[-79.404304,43.65757],[-79.404189,43.657277],[-79.404141,43.657177],[-79.403954,43.657214],[-79.404106,43.657624],[-79.403987,43.657657],[-79.404013,43.657723],[-79.403005,43.657928],[-79.403014,43.657952],[-79.403424,43.657876],[-79.403694,43.658538],[-79.403285,43.658631],[-79.403509,43.659196],[-79.403744,43.659151],[-79.403998,43.659101],[-79.404024,43.659169],[-79.40405,43.659232],[-79.404075,43.659227],[-79.404078,43.659234]]],[[[-79.40306,43.660437],[-79.40282,43.660486],[-79.402747,43.660501],[-79.402671,43.660517],[-79.402597,43.660533],[-79.402522,43.660548],[-79.402448,43.660564],[-79.402374,43.660579],[-79.402278,43.660599],[-79.402193,43.660617],[-79.402126,43.660631],[-79.402071,43.660643],[-79.402063,43.660645],[-79.401989,43.66066],[-79.401872,43.660685],[-79.401975,43.660942],[-79.401977,43.660946],[-79.40194,43.660954],[-79.401938,43.660955],[-79.401542,43.661033],[-79.401539,43.661033],[-79.401563,43.661092],[-79.401667,43.661354],[-79.401684,43.661397],[-79.40171,43.661464],[-79.401736,43.66153],[-79.401765,43.661604],[-79.40179,43.661665],[-79.401816,43.661731],[-79.401846,43.661811],[-79.401847,43.66181],[-79.402537,43.66167],[-79.402541,43.661669],[-79.402506,43.661583],[-79.402483,43.661525],[-79.40255,43.661511],[-79.402649,43.66149],[-79.402721,43.661475],[-79.402791,43.66146],[-79.402864,43.661445],[-79.402923,43.661432],[-79.402995,43.661417],[-79.403061,43.661403],[-79.403121,43.661391],[-79.403177,43.661379],[-79.403062,43.661092],[-79.403197,43.661063],[-79.403302,43.661041],[-79.403304,43.66104],[-79.403641,43.660971],[-79.403644,43.660971],[-79.403581,43.66082],[-79.403584,43.66082],[-79.403562,43.660765],[-79.403542,43.660716],[-79.40352,43.66066],[-79.403499,43.66061],[-79.403476,43.66055],[-79.40347,43.660537],[-79.403432,43.66044],[-79.403319,43.660463],[-79.403089,43.66051],[-79.403063,43.660443],[-79.40306,43.660437]]]]},"properties":{"OBJECTID":30,"HCD_NO":11,"HCD_NAME":"Harbord Village | Phase I","HCD_TYPE":"Designated District","HCD_DESDAT":"2005-02-16T00:00:00.000Z","HCD_FORMUN":"TORONTO","HCD_BYLAWN":"137-2005","HCD_WARDS":"11","SHAPE_LENG":1691.68894992,"SHAPE_LE_1":1691.68964093,"SHAPE_LE_2":1691.68956057,"Shape_Le_3":1691.69503021,"Shape_Le_4":1691.69503081,"Shape_Area":54518.8014478}},
{"type":"Feature","geometry":{"type":"Polygon","coordinates":[[[-79.403663,43.671017],[-79.403688,43.67108],[-79.403715,43.671147],[-79.403739,43.671209],[-79.403752,43.671242],[-79.403765,43.671274],[-79.403793,43.671344],[-79.403805,43.671377],[-79.40382,43.671413],[-79.403845,43.671476],[-79.403871,43.671543],[-79.403897,43.671609],[-79.403924,43.671676],[-79.403947,43.671737],[-79.403975,43.671808],[-79.404003,43.671879],[-79.404028,43.67194],[-79.404053,43.672005],[-79.40408,43.672074],[-79.404105,43.672138],[-79.404122,43.67218],[-79.404132,43.672205],[-79.404152,43.672257],[-79.40416,43.672276],[-79.404184,43.672336],[-79.404199,43.672376],[-79.404232,43.672459],[-79.404262,43.672535],[-79.404264,43.67254],[-79.404266,43.672545],[-79.404273,43.672543],[-79.404299,43.672608],[-79.40474,43.673734],[-79.404743,43.673742],[-79.404747,43.673751],[-79.404738,43.673753],[-79.40474,43.673759],[-79.404742,43.673764],[-79.404768,43.673829],[-79.404791,43.673888],[-79.404794,43.673896],[-79.404809,43.673934],[-79.40482,43.673961],[-79.404826,43.673978],[-79.404844,43.674023],[-79.404871,43.67409],[-79.404901,43.674166],[-79.404918,43.67421],[-79.404937,43.674258],[-79.404963,43.674324],[-79.404975,43.674355],[-79.405,43.674417],[-79.405026,43.674483],[-79.405036,43.674511],[-79.405052,43.674551],[-79.405063,43.674579],[-79.405078,43.674616],[-79.405091,43.674651],[-79.405096,43.674662],[-79.405103,43.67468],[-79.405105,43.674679],[-79.405114,43.674677],[-79.405131,43.674721],[-79.405142,43.674748],[-79.405159,43.674794],[-79.405172,43.674826],[-79.405161,43.674828],[-79.405182,43.674881],[-79.40519,43.6749],[-79.405208,43.674947],[-79.405215,43.674963],[-79.405233,43.675011],[-79.405259,43.675077],[-79.405265,43.675092],[-79.405283,43.675137],[-79.405317,43.675224],[-79.40591,43.675102],[-79.406042,43.675076],[-79.406318,43.67502],[-79.406379,43.675008],[-79.406344,43.674917],[-79.406322,43.674861],[-79.406293,43.674789],[-79.406271,43.674732],[-79.406242,43.674659],[-79.406356,43.674635],[-79.406345,43.674608],[-79.406331,43.674574],[-79.40633,43.674569],[-79.406304,43.674504],[-79.406275,43.674431],[-79.40625,43.674366],[-79.406227,43.674308],[-79.406198,43.674234],[-79.406176,43.674179],[-79.406146,43.674102],[-79.40612,43.674036],[-79.406094,43.67397],[-79.406088,43.673957],[-79.40607,43.673912],[-79.406045,43.673846],[-79.406018,43.673779],[-79.405989,43.673706],[-79.405954,43.673617],[-79.405942,43.673586],[-79.405915,43.673518],[-79.405905,43.673491],[-79.40587,43.673404],[-79.405837,43.67332],[-79.405812,43.673256],[-79.405782,43.673179],[-79.405776,43.673165],[-79.405755,43.673112],[-79.405734,43.673057],[-79.405682,43.672926],[-79.40563,43.672794],[-79.405574,43.672652],[-79.405542,43.672571],[-79.405526,43.672531],[-79.405509,43.672487],[-79.405495,43.672451],[-79.40547,43.672388],[-79.405438,43.672307],[-79.405401,43.672214],[-79.405401,43.672213],[-79.40537,43.672135],[-79.40536,43.67211],[-79.405339,43.672056],[-79.405323,43.672014],[-79.405309,43.671979],[-79.405287,43.671924],[-79.40525,43.671829],[-79.4052,43.671703],[-79.405146,43.671566],[-79.405121,43.671502],[-79.40509,43.671423],[-79.405088,43.67142],[-79.405063,43.671354],[-79.405041,43.6713],[-79.405038,43.671291],[-79.405013,43.671229],[-79.405012,43.671225],[-79.404986,43.671159],[-79.404973,43.671125],[-79.40496,43.671093],[-79.404936,43.671033],[-79.404926,43.671007],[-79.40491,43.670966],[-79.404885,43.670903],[-79.404833,43.670771],[-79.404808,43.670707],[-79.404799,43.670685],[-79.404777,43.670629],[-79.404771,43.670613],[-79.404763,43.670593],[-79.404746,43.670551],[-79.40473,43.670509],[-79.404702,43.670439],[-79.404682,43.670387],[-79.404673,43.670367],[-79.404647,43.670301],[-79.404622,43.670235],[-79.404612,43.670211],[-79.40459,43.670156],[-79.404586,43.670143],[-79.404566,43.670094],[-79.404547,43.670044],[-79.404521,43.669979],[-79.404511,43.669954],[-79.404504,43.669935],[-79.404495,43.669913],[-79.404486,43.66989],[-79.404453,43.669805],[-79.404417,43.669715],[-79.404387,43.669638],[-79.404357,43.669562],[-79.40431,43.669445],[-79.404284,43.669378],[-79.404276,43.66938],[-79.404167,43.669403],[-79.40416,43.669385],[-79.404139,43.669331],[-79.404131,43.669333],[-79.404069,43.669346],[-79.403966,43.669368],[-79.40396,43.66935],[-79.403918,43.669241],[-79.403886,43.669159],[-79.404174,43.669095],[-79.404139,43.669006],[-79.404104,43.668918],[-79.404087,43.668875],[-79.404071,43.668834],[-79.404035,43.668743],[-79.404034,43.668743],[-79.403992,43.668635],[-79.403982,43.668611],[-79.403962,43.668559],[-79.403952,43.668532],[-79.40393,43.668479],[-79.403915,43.668441],[-79.403904,43.668413],[-79.403879,43.668347],[-79.403878,43.668347],[-79.403852,43.668281],[-79.403826,43.668215],[-79.403802,43.668153],[-79.403774,43.668083],[-79.403764,43.668057],[-79.403748,43.668016],[-79.403722,43.667951],[-79.403713,43.667928],[-79.403683,43.667852],[-79.40367,43.667819],[-79.403659,43.66779],[-79.403654,43.667777],[-79.403637,43.667735],[-79.403629,43.667714],[-79.403618,43.667687],[-79.403569,43.667563],[-79.403566,43.667555],[-79.403949,43.667475],[-79.403975,43.66747],[-79.404004,43.667463],[-79.404038,43.667456],[-79.404053,43.667453],[-79.404158,43.667431],[-79.404146,43.667403],[-79.404029,43.667131],[-79.404028,43.667128],[-79.403918,43.667151],[-79.403847,43.667166],[-79.403736,43.66719],[-79.403646,43.667209],[-79.403605,43.667217],[-79.403424,43.667255],[-79.403445,43.667308],[-79.403317,43.667335],[-79.403306,43.667337],[-79.40329,43.66734],[-79.403214,43.667356],[-79.403026,43.667396],[-79.403009,43.667399],[-79.402886,43.667425],[-79.402885,43.667423],[-79.402768,43.667447],[-79.402772,43.667456],[-79.402779,43.667475],[-79.402786,43.667493],[-79.40285,43.667655],[-79.402857,43.667672],[-79.402867,43.667699],[-79.402451,43.667788],[-79.40241,43.667797],[-79.402412,43.667803],[-79.402415,43.667811],[-79.402447,43.667892],[-79.402452,43.667903],[-79.402456,43.667913],[-79.402485,43.667987],[-79.402517,43.668055],[-79.402527,43.66808],[-79.402543,43.668121],[-79.402569,43.668187],[-79.402418,43.66822],[-79.402395,43.668225],[-79.402372,43.668232],[-79.402418,43.668354],[-79.402425,43.668372],[-79.402451,43.668366],[-79.402459,43.668365],[-79.402484,43.668431],[-79.402501,43.66848],[-79.402504,43.668491],[-79.402653,43.66846],[-79.402662,43.668458],[-79.402684,43.668518],[-79.402714,43.668595],[-79.402741,43.668667],[-79.402765,43.668727],[-79.402794,43.668804],[-79.402817,43.668861],[-79.402827,43.668889],[-79.402841,43.668924],[-79.402868,43.668993],[-79.402875,43.669012],[-79.402926,43.669144],[-79.402968,43.669251],[-79.402985,43.669297],[-79.402996,43.669325],[-79.403003,43.669342],[-79.403126,43.669318],[-79.403279,43.669287],[-79.403287,43.669285],[-79.403318,43.669366],[-79.403344,43.669436],[-79.403418,43.669631],[-79.403308,43.669654],[-79.403153,43.669687],[-79.40318,43.669756],[-79.403204,43.669819],[-79.403247,43.66996],[-79.403299,43.670093],[-79.403324,43.670156],[-79.403351,43.670224],[-79.403376,43.670286],[-79.403403,43.670356],[-79.403429,43.67042],[-79.403455,43.670489],[-79.40348,43.670552],[-79.403507,43.670619],[-79.40353,43.670677],[-79.40356,43.670754],[-79.403584,43.670816],[-79.403577,43.670818],[-79.403596,43.670867],[-79.403603,43.670884],[-79.403624,43.670939],[-79.403631,43.670956],[-79.403649,43.671001],[-79.403656,43.671018],[-79.403663,43.671017]]]},"properties":{"OBJECTID":31,"HCD_NO":24,"HCD_NAME":"West Annex | Phase I (Madison Avenue)","HCD_TYPE":"Designated District","HCD_DESDAT":"2019-01-10T00:00:00.000Z","HCD_FORMUN":"TORONTO","HCD_BYLAWN":"553-2019","HCD_WARDS":"11","SHAPE_LENG":2199.37131035,"SHAPE_LE_1":2200.5033093,"SHAPE_LE_2":2200.50339713,"Shape_Le_3":2211.74577275,"Shape_Le_4":2211.74557262,"Shape_Area":86011.0050205}},
{"type":"Feature","geometry":{"type":"MultiPolygon","coordinates":[[[[-79.403618,43.667687],[-79.403629,43.667714],[-79.403637,43.667735],[-79.403654,43.667777],[-79.403659,43.66779],[-79.40367,43.667819],[-79.403683,43.667852],[-79.403713,43.667928],[-79.403722,43.667951],[-79.403748,43.668016],[-79.403764,43.668057],[-79.403774,43.668083],[-79.403802,43.668153],[-79.403826,43.668215],[-79.403852,43.668281],[-79.403878,43.668347],[-79.403879,43.668347],[-79.403904,43.668413],[-79.403915,43.668441],[-79.40393,43.668479],[-79.403952,43.668532],[-79.403962,43.668559],[-79.403982,43.668611],[-79.403992,43.668635],[-79.404034,43.668743],[-79.404035,43.668743],[-79.404071,43.668834],[-79.404087,43.668875],[-79.404104,43.668918],[-79.404139,43.669006],[-79.404174,43.669095],[-79.403886,43.669159],[-79.403918,43.669241],[-79.40396,43.66935],[-79.403966,43.669368],[-79.404069,43.669346],[-79.404131,43.669333],[-79.404139,43.669331],[-79.40416,43.669385],[-79.404167,43.669403],[-79.404276,43.66938],[-79.404284,43.669378],[-79.40431,43.669445],[-79.404357,43.669562],[-79.404387,43.669638],[-79.404417,43.669715],[-79.404453,43.669805],[-79.404486,43.66989],[-79.404495,43.669913],[-79.404504,43.669935],[-79.404511,43.669954],[-79.404521,43.669979],[-79.404547,43.670044],[-79.404566,43.670094],[-79.404586,43.670143],[-79.40459,43.670156],[-79.404612,43.670211],[-79.404622,43.670235],[-79.404647,43.670301],[-79.404673,43.670367],[-79.404682,43.670387],[-79.404702,43.670439],[-79.40473,43.670509],[-79.404746,43.670551],[-79.404763,43.670593],[-79.404771,43.670613],[-79.404777,43.670629],[-79.404799,43.670685],[-79.404808,43.670707],[-79.404833,43.670771],[-79.404885,43.670903],[-79.40491,43.670966],[-79.404926,43.671007],[-79.404936,43.671033],[-79.40496,43.671093],[-79.404973,43.671125],[-79.404986,43.671159],[-79.405012,43.671225],[-79.405013,43.671229],[-79.405038,43.671291],[-79.405041,43.6713],[-79.405063,43.671354],[-79.405088,43.67142],[-79.40509,43.671423],[-79.405121,43.671502],[-79.405146,43.671566],[-79.4052,43.671703],[-79.40525,43.671829],[-79.405287,43.671924],[-79.405309,43.671979],[-79.405323,43.672014],[-79.405339,43.672056],[-79.40536,43.67211],[-79.40537,43.672135],[-79.405401,43.672213],[-79.405401,43.672214],[-79.405438,43.672307],[-79.40547,43.672388],[-79.405495,43.672451],[-79.405509,43.672487],[-79.405526,43.672531],[-79.405542,43.672571],[-79.405574,43.672652],[-79.40563,43.672794],[-79.405682,43.672926],[-79.405734,43.673057],[-79.405755,43.673112],[-79.405776,43.673165],[-79.405782,43.673179],[-79.405812,43.673256],[-79.405837,43.67332],[-79.40587,43.673404],[-79.405905,43.673491],[-79.405915,43.673518],[-79.405942,43.673586],[-79.405954,43.673617],[-79.405989,43.673706],[-79.406018,43.673779],[-79.406045,43.673846],[-79.40607,43.673912],[-79.406088,43.673957],[-79.406094,43.67397],[-79.40612,43.674036],[-79.406146,43.674102],[-79.406176,43.674179],[-79.406198,43.674234],[-79.406227,43.674308],[-79.40625,43.674366],[-79.406275,43.674431],[-79.406304,43.674504],[-79.40633,43.674569],[-79.406331,43.674574],[-79.406345,43.674608],[-79.406356,43.674635],[-79.406242,43.674659],[-79.406271,43.674732],[-79.406293,43.674789],[-79.406322,43.674861],[-79.406344,43.674917],[-79.406379,43.675008],[-79.406499,43.674983],[-79.407088,43.674865],[-79.407654,43.674743],[-79.408261,43.674613],[-79.408803,43.674504],[-79.408881,43.674482],[-79.40899,43.674447],[-79.409084,43.674403],[-79.409186,43.674339],[-79.409345,43.674262],[-79.409448,43.674213],[-79.40957,43.674178],[-79.409738,43.674131],[-79.410484,43.673955],[-79.411803,43.673677],[-79.413391,43.673343],[-79.41387,43.673251],[-79.413831,43.673158],[-79.413819,43.67313],[-79.413808,43.673102],[-79.413781,43.673039],[-79.413764,43.672997],[-79.41374,43.672941],[-79.413734,43.672928],[-79.413714,43.67288],[-79.41369,43.672822],[-79.413669,43.672774],[-79.413667,43.672767],[-79.413649,43.672725],[-79.413646,43.672718],[-79.413634,43.672691],[-79.413634,43.672689],[-79.41363,43.67268],[-79.413618,43.672653],[-79.413618,43.672651],[-79.413615,43.672646],[-79.413615,43.672644],[-79.413597,43.672602],[-79.413593,43.672593],[-79.413576,43.672552],[-79.413568,43.672533],[-79.41355,43.672491],[-79.413542,43.672472],[-79.413525,43.672431],[-79.413505,43.672383],[-79.413498,43.672366],[-79.413486,43.672338],[-79.413466,43.672292],[-79.413495,43.672286],[-79.413476,43.672237],[-79.413454,43.672182],[-79.413426,43.672111],[-79.413412,43.672077],[-79.41341,43.672071],[-79.413393,43.67203],[-79.413379,43.671993],[-79.413377,43.671989],[-79.413362,43.671951],[-79.413342,43.6719],[-79.41334,43.671897],[-79.413327,43.671862],[-79.413321,43.671849],[-79.413304,43.671806],[-79.413295,43.671782],[-79.413287,43.671763],[-79.413271,43.671722],[-79.413265,43.671708],[-79.413255,43.671678],[-79.413244,43.671649],[-79.413238,43.671635],[-79.413222,43.671593],[-79.413204,43.671555],[-79.413188,43.671515],[-79.413186,43.671509],[-79.413171,43.671473],[-79.413167,43.671463],[-79.413153,43.671428],[-79.413136,43.671385],[-79.413135,43.671382],[-79.413119,43.671341],[-79.413102,43.6713],[-79.413102,43.671299],[-79.413079,43.671242],[-79.413086,43.67124],[-79.413074,43.67121],[-79.413062,43.671179],[-79.413044,43.671132],[-79.413019,43.67107],[-79.413003,43.671028],[-79.412987,43.670986],[-79.412967,43.670936],[-79.41295,43.670892],[-79.412927,43.670838],[-79.412904,43.670784],[-79.412882,43.67073],[-79.41286,43.670675],[-79.412885,43.670669],[-79.41295,43.670656],[-79.413015,43.670643],[-79.413081,43.670629],[-79.41315,43.670615],[-79.413224,43.6706],[-79.413344,43.670576],[-79.413337,43.670559],[-79.413241,43.670314],[-79.413163,43.670119],[-79.412618,43.670233],[-79.412541,43.670249],[-79.412505,43.67016],[-79.412463,43.670054],[-79.412429,43.669967],[-79.412412,43.669925],[-79.412395,43.669882],[-79.412388,43.669864],[-79.412378,43.669839],[-79.412359,43.669792],[-79.412333,43.669726],[-79.412307,43.669661],[-79.412288,43.669613],[-79.412282,43.669598],[-79.412273,43.669575],[-79.412254,43.669529],[-79.412227,43.669461],[-79.412203,43.669399],[-79.412175,43.66933],[-79.412155,43.669279],[-79.412148,43.669263],[-79.412136,43.66923],[-79.412123,43.6692],[-79.412116,43.669181],[-79.412097,43.669133],[-79.412072,43.66907],[-79.412045,43.669002],[-79.412018,43.668935],[-79.411992,43.66887],[-79.411973,43.668821],[-79.411966,43.668803],[-79.411956,43.668778],[-79.411941,43.668741],[-79.411922,43.668692],[-79.411915,43.668676],[-79.411907,43.668654],[-79.411888,43.668608],[-79.411886,43.668602],[-79.412015,43.668575],[-79.412114,43.668554],[-79.412223,43.668531],[-79.412313,43.668512],[-79.412395,43.668495],[-79.412522,43.668469],[-79.412497,43.668404],[-79.412384,43.668114],[-79.411876,43.668221],[-79.411767,43.668244],[-79.411734,43.66816],[-79.41172,43.668126],[-79.411707,43.668092],[-79.411705,43.668087],[-79.411682,43.668028],[-79.411664,43.667984],[-79.411651,43.66795],[-79.411648,43.667942],[-79.411629,43.667896],[-79.411603,43.66783],[-79.411577,43.667763],[-79.411557,43.667712],[-79.411554,43.667705],[-79.41154,43.66767],[-79.411526,43.667634],[-79.411503,43.667575],[-79.411499,43.667567],[-79.411474,43.667502],[-79.411449,43.66744],[-79.411422,43.667371],[-79.411404,43.667326],[-79.411398,43.66731],[-79.411388,43.667287],[-79.411371,43.667248],[-79.411345,43.667182],[-79.411315,43.667105],[-79.411297,43.667055],[-79.41129,43.667037],[-79.411283,43.66702],[-79.411265,43.666973],[-79.411242,43.666916],[-79.411213,43.666843],[-79.411186,43.666774],[-79.411159,43.666706],[-79.411134,43.66664],[-79.411109,43.666578],[-79.411083,43.666513],[-79.411057,43.666445],[-79.41103,43.666379],[-79.411004,43.666313],[-79.410979,43.666249],[-79.410952,43.666182],[-79.410925,43.666113],[-79.4109,43.66605],[-79.410876,43.665989],[-79.410848,43.665916],[-79.410357,43.666019],[-79.410236,43.666044],[-79.41018,43.665897],[-79.410119,43.665744],[-79.41,43.665769],[-79.40944,43.66589],[-79.409493,43.666023],[-79.409313,43.666061],[-79.409265,43.66594],[-79.408917,43.666015],[-79.408795,43.666041],[-79.408669,43.666044],[-79.407999,43.666182],[-79.407962,43.666089],[-79.407588,43.666167],[-79.407625,43.66626],[-79.406876,43.666416],[-79.406782,43.666436],[-79.406692,43.666454],[-79.406399,43.666517],[-79.405787,43.666644],[-79.405684,43.666686],[-79.405757,43.666813],[-79.405814,43.666937],[-79.405823,43.666968],[-79.405826,43.666977],[-79.405708,43.667002],[-79.405493,43.667048],[-79.404959,43.667161],[-79.404941,43.667115],[-79.404891,43.666988],[-79.404772,43.667013],[-79.404735,43.666921],[-79.404725,43.666895],[-79.404714,43.666897],[-79.404704,43.666871],[-79.404413,43.666932],[-79.404116,43.666995],[-79.403984,43.667023],[-79.403992,43.667043],[-79.404028,43.667128],[-79.404029,43.667131],[-79.404146,43.667403],[-79.404158,43.667431],[-79.404053,43.667453],[-79.404038,43.667456],[-79.404004,43.667463],[-79.403975,43.66747],[-79.403949,43.667475],[-79.403566,43.667555],[-79.403569,43.667563],[-79.403592,43.667621],[-79.403601,43.667644],[-79.403603,43.667648],[-79.403618,43.667687]]],[[[-79.40018,43.673815],[-79.400276,43.674038],[-79.400621,43.674078],[-79.400628,43.674091],[-79.400636,43.674107],[-79.400663,43.674158],[-79.400676,43.674183],[-79.400733,43.674293],[-79.400734,43.674293],[-79.400771,43.674361],[-79.400809,43.674428],[-79.400842,43.67443],[-79.401136,43.674335],[-79.40125,43.674406],[-79.401256,43.67441],[-79.401319,43.674512],[-79.401352,43.674549],[-79.401368,43.674572],[-79.401399,43.674617],[-79.401401,43.674621],[-79.401407,43.674627],[-79.40145,43.674678],[-79.401483,43.674717],[-79.401559,43.674806],[-79.401606,43.674861],[-79.401657,43.674903],[-79.401748,43.674977],[-79.401814,43.67503],[-79.401883,43.675085],[-79.402035,43.675209],[-79.40238,43.675079],[-79.402454,43.675263],[-79.402458,43.675274],[-79.402515,43.675417],[-79.402613,43.675381],[-79.402665,43.675362],[-79.402708,43.675346],[-79.402808,43.675309],[-79.402831,43.675367],[-79.4029,43.675353],[-79.402964,43.675339],[-79.402992,43.675408],[-79.403184,43.675367],[-79.403376,43.675326],[-79.403489,43.675302],[-79.403597,43.675585],[-79.404165,43.675465],[-79.404734,43.675345],[-79.405317,43.675224],[-79.405283,43.675137],[-79.405265,43.675092],[-79.405259,43.675077],[-79.405233,43.675011],[-79.405215,43.674963],[-79.405208,43.674947],[-79.40519,43.6749],[-79.405182,43.674881],[-79.405161,43.674828],[-79.405172,43.674826],[-79.405159,43.674794],[-79.405142,43.674748],[-79.405131,43.674721],[-79.405114,43.674677],[-79.405105,43.674679],[-79.405103,43.67468],[-79.405096,43.674662],[-79.405091,43.674651],[-79.405078,43.674616],[-79.405063,43.674579],[-79.405052,43.674551],[-79.405036,43.674511],[-79.405026,43.674483],[-79.405,43.674417],[-79.404975,43.674355],[-79.404963,43.674324],[-79.404937,43.674258],[-79.404918,43.67421],[-79.404901,43.674166],[-79.404871,43.67409],[-79.404844,43.674023],[-79.404826,43.673978],[-79.40482,43.673961],[-79.404809,43.673934],[-79.404794,43.673896],[-79.404791,43.673888],[-79.404768,43.673829],[-79.404742,43.673764],[-79.40474,43.673759],[-79.404738,43.673753],[-79.404747,43.673751],[-79.404743,43.673742],[-79.40474,43.673734],[-79.404299,43.672608],[-79.404273,43.672543],[-79.404266,43.672545],[-79.404264,43.67254],[-79.404262,43.672535],[-79.404232,43.672459],[-79.404199,43.672376],[-79.404184,43.672336],[-79.40416,43.672276],[-79.404152,43.672257],[-79.404132,43.672205],[-79.404122,43.67218],[-79.404105,43.672138],[-79.40408,43.672074],[-79.404053,43.672005],[-79.404028,43.67194],[-79.404003,43.671879],[-79.403975,43.671808],[-79.403947,43.671737],[-79.403924,43.671676],[-79.403897,43.671609],[-79.403871,43.671543],[-79.403845,43.671476],[-79.40382,43.671413],[-79.403805,43.671377],[-79.403793,43.671344],[-79.403765,43.671274],[-79.403752,43.671242],[-79.403739,43.671209],[-79.403715,43.671147],[-79.403688,43.67108],[-79.403663,43.671017],[-79.403639,43.670954],[-79.403611,43.670883],[-79.403584,43.670816],[-79.40356,43.670754],[-79.40353,43.670677],[-79.403507,43.670619],[-79.40348,43.670552],[-79.403455,43.670489],[-79.403429,43.67042],[-79.403403,43.670356],[-79.403376,43.670286],[-79.403351,43.670224],[-79.403324,43.670156],[-79.403299,43.670093],[-79.403247,43.66996],[-79.403204,43.669819],[-79.40318,43.669756],[-79.403153,43.669687],[-79.403308,43.669654],[-79.403418,43.669631],[-79.403344,43.669436],[-79.403318,43.669366],[-79.403287,43.669285],[-79.403279,43.669287],[-79.403126,43.669318],[-79.403003,43.669342],[-79.402996,43.669325],[-79.402985,43.669297],[-79.402968,43.669251],[-79.402926,43.669144],[-79.402875,43.669012],[-79.402868,43.668993],[-79.402841,43.668924],[-79.402827,43.668889],[-79.402817,43.668861],[-79.402794,43.668804],[-79.402765,43.668727],[-79.402741,43.668667],[-79.402714,43.668595],[-79.402684,43.668518],[-79.402662,43.668458],[-79.402653,43.66846],[-79.402504,43.668491],[-79.402501,43.66848],[-79.402484,43.668431],[-79.402459,43.668365],[-79.402451,43.668366],[-79.402425,43.668372],[-79.402418,43.668354],[-79.402372,43.668232],[-79.402395,43.668225],[-79.402418,43.66822],[-79.402569,43.668187],[-79.402543,43.668121],[-79.402527,43.66808],[-79.402517,43.668055],[-79.402485,43.667987],[-79.402456,43.667913],[-79.402452,43.667903],[-79.402447,43.667892],[-79.402439,43.667893],[-79.402433,43.667876],[-79.402402,43.667799],[-79.402395,43.667781],[-79.402403,43.667779],[-79.402398,43.667766],[-79.402346,43.667636],[-79.40231,43.667544],[-79.40184,43.667648],[-79.401718,43.667675],[-79.401688,43.667601],[-79.401572,43.667626],[-79.401538,43.667633],[-79.401535,43.667624],[-79.401477,43.667637],[-79.401481,43.667648],[-79.401344,43.667677],[-79.401346,43.66768],[-79.401229,43.667705],[-79.401261,43.667785],[-79.401271,43.667811],[-79.401246,43.667816],[-79.400693,43.667932],[-79.400188,43.668039],[-79.400052,43.668067],[-79.400105,43.668201],[-79.400313,43.668731],[-79.399049,43.668999],[-79.399086,43.669086],[-79.399249,43.669473],[-79.399374,43.669447],[-79.399398,43.669506],[-79.399419,43.669558],[-79.399441,43.669611],[-79.399458,43.669652],[-79.399251,43.669697],[-79.399269,43.669739],[-79.399355,43.66995],[-79.399376,43.670002],[-79.399412,43.67009],[-79.398966,43.67018],[-79.398529,43.670271],[-79.398566,43.670361],[-79.398732,43.670768],[-79.398776,43.670876],[-79.398783,43.670893],[-79.39904,43.670839],[-79.399047,43.670837],[-79.399064,43.670878],[-79.399102,43.670971],[-79.39913,43.671039],[-79.399156,43.671103],[-79.399179,43.671159],[-79.399182,43.671168],[-79.399208,43.671232],[-79.399209,43.671233],[-79.399232,43.67129],[-79.399262,43.671362],[-79.399285,43.67142],[-79.399291,43.671433],[-79.399316,43.671494],[-79.399371,43.671628],[-79.399394,43.671685],[-79.399423,43.671757],[-79.399443,43.671806],[-79.399467,43.671864],[-79.399496,43.671936],[-79.399503,43.671953],[-79.399526,43.672008],[-79.399532,43.672022],[-79.399552,43.672071],[-79.399561,43.672095],[-79.399587,43.672151],[-79.399601,43.672182],[-79.399622,43.672228],[-79.399647,43.672281],[-79.399656,43.672301],[-79.399687,43.672379],[-79.399708,43.672429],[-79.39972,43.672459],[-79.399742,43.672511],[-79.399756,43.672547],[-79.399805,43.672668],[-79.39983,43.672731],[-79.399859,43.672809],[-79.39991,43.672941],[-79.399761,43.672972],[-79.399803,43.673072],[-79.399861,43.673208],[-79.399873,43.673236],[-79.399901,43.673342],[-79.399936,43.673423],[-79.400088,43.673778],[-79.400093,43.673791],[-79.400131,43.673801],[-79.400169,43.673811],[-79.400179,43.673814],[-79.40018,43.673815]]]]},"properties":{"OBJECTID":32,"HCD_NO":31,"HCD_NAME":"West Annex | Phase II","HCD_TYPE":"Under Study","HCD_DESDAT":"1899-11-30T00:00:00.000Z","HCD_FORMUN":"TORONTO","HCD_BYLAWN":"","HCD_WARDS":"11","SHAPE_LENG":0,"SHAPE_LE_1":0,"SHAPE_LE_2":0,"Shape_Le_3":6062.63333417,"Shape_Le_4":6062.63326081,"Shape_Area":823322.681562}}
]}