{"type":"FeatureCollection","features":[{"type":"Feature","geometry":{"type":"MultiPolygon","coordinates":[[[[-79.36668,43.62176],[-79.36709,43.62252],[-79.36754,43.62255],[-79.36789,43.62268],[-79.36793,43.62267],[-79.36794,43.62255],[-79.36798,43.62255],[-79.36801,43.62267],[-79.36923,43.62268],[-79.36924,43.62251],[-79.36968,43.62247],[-79.36966,43.62274],[-79.37082,43.62272],[-79.37126,43.62261],[-79.37147,43.62246],[-79.37142,43.62228],[-79.37154,43.62203],[-79.3717,43.62186],[-79.37164,43.62177],[-79.3715,43.62168],[-79.37118,43.62158],[-79.37089,43.62161],[-79.36943,43.62153],[-79.36853,43.62155],[-79.36668,43.62176]]],[[[-79.3643,43.623],[-79.36441,43.62313],[-79.36454,43.62315],[-79.36556,43.6228],[-79.36624,43.62273],[-79.36667,43.62279],[-79.36695,43.62275],[-79.36618,43.62186],[-79.36594,43.62164],[-79.36586,43.62163],[-79.36476,43.62225],[-79.36447,43.62256],[-79.36431,43.62281],[-79.3643,43.623]]]]},"properties":{"AREA_SHORT_CODE":"2050","AREA_NAME":"SOUTH ISLAND"}},{"type":"Feature","geometry":{"type":"Polygon","coordinates":[[[-79.37339,43.62369],[-79.37443,43.6235],[-79.37512,43.62361],[-79.37595,43.62339],[-79.3765,43.62344],[-79.37663,43.62328],[-79.37732,43.6231],[-79.37726,43.62296],[-79.37745,43.62276],[-79.37733,43.62224],[-79.37704,43.622],[-79.37689,43.62193],[-79.37681,43.62198],[-79.3767,43.62198],[-79.37592,43.62163],[-79.3753,43.62154],[-79.37364,43.62141],[-79.37218,43.62158],[-79.37211,43.62166],[-79.37225,43.62193],[-79.37229,43.62219],[-79.37228,43.62229],[-79.3722,43.62237],[-79.37202,43.62277],[-79.37201,43.62287],[-79.37211,43.62308],[-79.37242,43.62336],[-79.3729,43.62366],[-79.37316,43.62364],[-79.37339,43.62369]]]},"properties":{"AREA_SHORT_CODE":"2040","AREA_NAME":"OLYMPIC ISLAND"}},{"type":"Feature","geometry":{"type":"Polygon","coordinates":[[[-79.35252,43.63371],[-79.34711,43.63311],[-79.34767,43.6335],[-79.3479,43.63374],[-79.3481,43.63357],[-79.35033,43.63527],[-79.35052,43.63514],[-79.35076,43.63521],[-79.35085,43.6353],[-79.35089,43.63546],[-79.35118,43.63556],[-79.35334,43.63813],[-79.33296,43.64974],[-79.32502,43.65315],[-79.32538,43.65361],[-79.33017,43.65222],[-79.33154,43.65384],[-79.33508,43.65231],[-79.33373,43.65068],[-79.35409,43.6391],[-79.35624,43.64172],[-79.35224,43.64343],[-79.35233,43.6437],[-79.35252,43.64394],[-79.35661,43.64217],[-79.35817,43.644],[-79.35403,43.64579],[-79.3544,43.64622],[-79.35636,43.64541],[-79.35671,43.64583],[-79.35476,43.64668],[-79.35508,43.6471],[-79.35422,43.64749],[-79.35435,43.64765],[-79.35444,43.64777],[-79.35943,43.64559],[-79.36075,43.64721],[-79.36096,43.64643],[-79.3602,43.6453],[-79.36744,43.64259],[-79.3683,43.64388],[-79.36913,43.64357],[-79.36827,43.64227],[-79.37353,43.64033],[-79.37453,43.64181],[-79.37519,43.64157],[-79.37466,43.64076],[-79.37436,43.64076],[-79.37423,43.64059],[-79.37422,43.6405],[-79.37443,43.6406],[-79.37446,43.64051],[-79.37423,43.64014],[-79.37434,43.64011],[-79.3745,43.64036],[-79.37473,43.64028],[-79.37458,43.64001],[-79.37468,43.63997],[-79.37483,43.64024],[-79.37541,43.64003],[-79.37519,43.6397],[-79.37526,43.63968],[-79.37547,43.63995],[-79.37556,43.63993],[-79.3754,43.63962],[-79.37714,43.63898],[-79.37746,43.63949],[-79.37762,43.6394],[-79.37754,43.63926],[-79.37763,43.63923],[-79.37774,43.63938],[-79.37874,43.63904],[-79.37837,43.63852],[-79.37881,43.63835],[-79.37958,43.63947],[-79.37985,43.63966],[-79.38009,43.63958],[-79.38015,43.63971],[-79.38027,43.63969],[-79.37958,43.63807],[-79.38367,43.63769],[-79.38424,43.63912],[-79.385,43.639],[-79.3844,43.63761],[-79.38543,43.63752],[-79.38545,43.63758],[-79.38503,43.63762],[-79.38524,43.63817],[-79.38574,43.63806],[-79.38569,43.63755],[-79.38557,43.63757],[-79.38556,43.6375],[-79.38659,43.63739],[-79.38702,43.63858],[-79.38755,43.63848],[-79.38711,43.63736],[-79.38881,43.63718],[-79.38919,43.63807],[-79.38987,43.63792],[-79.38955,43.63713],[-79.39103,43.637],[-79.3913,43.63759],[-79.39196,43.63746],[-79.39151,43.63638],[-79.39154,43.63632],[-79.39161,43.63635],[-79.39183,43.63689],[-79.3931,43.63679],[-79.39325,43.63674],[-79.39392,43.63671],[-79.39391,43.63668],[-79.39511,43.6366],[-79.39524,43.63643],[-79.39447,43.63551],[-79.39291,43.63628],[-79.39186,43.63636],[-79.39184,43.6363],[-79.39286,43.63621],[-79.39443,43.63543],[-79.39496,43.63531],[-79.39594,43.63651],[-79.39696,43.63643],[-79.39548,43.63469],[-79.39685,43.63392],[-79.39877,43.63155],[-79.39672,43.63266],[-79.39662,43.63267],[-79.39641,43.6325],[-79.39634,43.63251],[-79.3963,43.63256],[-79.39643,43.6327],[-79.39646,43.63277],[-79.39642,43.63283],[-79.39489,43.63364],[-79.39313,43.63189],[-79.3929,43.63202],[-79.3928,43.63197],[-79.39227,43.63136],[-79.3921,43.6313],[-79.39172,43.63129],[-79.3909,43.63145],[-79.39018,43.63165],[-79.38977,43.63183],[-79.38911,43.63171],[-79.38882,43.63176],[-79.38824,43.63197],[-79.38807,43.63192],[-79.38743,43.63051],[-79.38903,43.63011],[-79.38965,43.62972],[-79.38916,43.6281],[-79.38904,43.62805],[-79.38872,43.62827],[-79.38873,43.62821],[-79.38904,43.62796],[-79.389,43.6279],[-79.3889,43.62789],[-79.38863,43.62807],[-79.3886,43.62805],[-79.38888,43.62781],[-79.38889,43.62769],[-79.38884,43.62767],[-79.38851,43.62785],[-79.38891,43.62746],[-79.3894,43.62708],[-79.38947,43.62698],[-79.38957,43.62654],[-79.38959,43.62594],[-79.38934,43.62539],[-79.38902,43.62504],[-79.38901,43.62494],[-79.3891,43.62476],[-79.38893,43.62453],[-79.38893,43.62444],[-79.38983,43.62374],[-79.39012,43.62281],[-79.39013,43.6227],[-79.39002,43.62264],[-79.39002,43.6226],[-79.3902,43.62226],[-79.39022,43.62192],[-79.39014,43.61906],[-79.39032,43.61817],[-79.38951,43.61655],[-79.38727,43.61585],[-79.38713,43.61564],[-79.38707,43.61535],[-79.38709,43.61512],[-79.38704,43.61499],[-79.38689,43.6147],[-79.38666,43.61444],[-79.38621,43.61414],[-79.3855,43.6141],[-79.38484,43.61398],[-79.38466,43.6139],[-79.3841,43.61346],[-79.3839,43.61342],[-79.38336,43.61347],[-79.38333,43.61356],[-79.38339,43.61372],[-79.38357,43.61372],[-79.38377,43.61451],[-79.38465,43.61468],[-79.38491,43.61485],[-79.38492,43.61496],[-79.38484,43.61509],[-79.38461,43.61531],[-79.38426,43.6154],[-79.38399,43.61559],[-79.38398,43.61568],[-79.38406,43.61575],[-79.38439,43.61573],[-79.38446,43.6158],[-79.38455,43.61602],[-79.38456,43.61627],[-79.38463,43.61635],[-79.38488,43.61643],[-79.38509,43.61633],[-79.38522,43.61632],[-79.38578,43.61638],[-79.38675,43.61667],[-79.38825,43.61693],[-79.38866,43.61711],[-79.38891,43.61736],[-79.38923,43.61819],[-79.38929,43.61852],[-79.38928,43.61916],[-79.38916,43.6197],[-79.38934,43.61998],[-79.38941,43.62021],[-79.38933,43.62047],[-79.3894,43.6208],[-79.38928,43.6209],[-79.38908,43.62099],[-79.38885,43.62101],[-79.38863,43.62097],[-79.38802,43.62074],[-79.38678,43.62051],[-79.38633,43.62031],[-79.38633,43.62017],[-79.3865,43.61961],[-79.38645,43.6195],[-79.38618,43.61937],[-79.38619,43.61917],[-79.38606,43.61906],[-79.38599,43.61913],[-79.38584,43.61917],[-79.3853,43.61896],[-79.38503,43.6188],[-79.38488,43.61821],[-79.38472,43.61813],[-79.38461,43.61818],[-79.3846,43.6183],[-79.38476,43.61863],[-79.38475,43.61873],[-79.38464,43.61877],[-79.38456,43.6187],[-79.38428,43.6182],[-79.38414,43.61813],[-79.38422,43.6188],[-79.38414,43.61875],[-79.38399,43.61851],[-79.38383,43.61852],[-79.38364,43.61884],[-79.38344,43.61904],[-79.38389,43.61924],[-79.38403,43.61947],[-79.38397,43.61962],[-79.38338,43.61987],[-79.38321,43.61988],[-79.38304,43.61962],[-79.38291,43.61953],[-79.38273,43.61972],[-79.38257,43.61977],[-79.38211,43.61971],[-79.38167,43.61955],[-79.38075,43.61893],[-79.37964,43.61764],[-79.37921,43.617],[-79.37924,43.61688],[-79.37953,43.61668],[-79.37961,43.61656],[-79.37975,43.61656],[-79.38023,43.61695],[-79.38061,43.61712],[-79.38091,43.61714],[-79.38121,43.61706],[-79.38122,43.61691],[-79.38031,43.61669],[-79.38022,43.61663],[-79.38015,43.61637],[-79.3799,43.61619],[-79.37977,43.61618],[-79.37971,43.61636],[-79.37961,43.6164],[-79.37946,43.61613],[-79.37932,43.61609],[-79.37846,43.61639],[-79.3777,43.61677],[-79.3776,43.61687],[-79.37758,43.61699],[-79.37731,43.61729],[-79.37724,43.61742],[-79.37718,43.61768],[-79.37719,43.61805],[-79.37715,43.61816],[-79.37694,43.61836],[-79.37663,43.61851],[-79.37592,43.61863],[-79.37477,43.61849],[-79.37423,43.61875],[-79.37427,43.61893],[-79.37421,43.61897],[-79.37407,43.61897],[-79.37395,43.61888],[-79.37361,43.61906],[-79.37323,43.61899],[-79.37312,43.61887],[-79.37301,43.6189],[-79.37294,43.61883],[-79.37266,43.61878],[-79.37183,43.61871],[-79.37166,43.61879],[-79.37145,43.61858],[-79.37135,43.61861],[-79.37123,43.61876],[-79.371,43.61888],[-79.37076,43.61897],[-79.37023,43.61906],[-79.37001,43.61918],[-79.36996,43.61927],[-79.36992,43.61945],[-79.37,43.61975],[-79.37013,43.61994],[-79.37051,43.62026],[-79.37061,43.62044],[-79.37063,43.62064],[-79.3705,43.62084],[-79.37014,43.62096],[-79.3697,43.62083],[-79.36934,43.62086],[-79.3686,43.62103],[-79.36806,43.62107],[-79.36719,43.62135],[-79.3663,43.62139],[-79.36581,43.62147],[-79.36439,43.62216],[-79.3641,43.62279],[-79.36271,43.62348],[-79.36245,43.62383],[-79.36202,43.62411],[-79.36125,43.62451],[-79.36091,43.62461],[-79.35999,43.62515],[-79.35842,43.62636],[-79.35776,43.62707],[-79.35746,43.62751],[-79.35722,43.62767],[-79.35688,43.62807],[-79.3567,43.62836],[-79.35659,43.62843],[-79.35654,43.62851],[-79.35656,43.62866],[-79.35632,43.62899],[-79.35649,43.62974],[-79.35718,43.63044],[-79.35718,43.63067],[-79.35723,43.63088],[-79.35719,43.63106],[-79.35725,43.63114],[-79.35801,43.63128],[-79.35815,43.63132],[-79.35814,43.63135],[-79.35813,43.63139],[-79.35778,43.63138],[-79.35774,43.63142],[-79.35791,43.63152],[-79.35787,43.63158],[-79.35764,43.63156],[-79.35752,43.63143],[-79.35744,43.63142],[-79.35721,43.6316],[-79.35695,43.63219],[-79.35697,43.63232],[-79.35709,43.63243],[-79.3571,43.63257],[-79.35704,43.63274],[-79.35685,43.63306],[-79.35655,43.6333],[-79.35582,43.63349],[-79.35561,43.63351],[-79.35541,43.63329],[-79.35525,43.63325],[-79.35499,43.63339],[-79.35463,43.63336],[-79.35361,43.63371],[-79.35302,43.63407],[-79.35433,43.63531],[-79.35428,43.63534],[-79.35252,43.63371]],[[-79.38125,43.62535],[-79.38123,43.62516],[-79.38131,43.62488],[-79.38131,43.62449],[-79.38136,43.62439],[-79.38143,43.6244],[-79.38143,43.62452],[-79.38172,43.62519],[-79.38246,43.62539],[-79.38291,43.62497],[-79.38246,43.62469],[-79.38251,43.62461],[-79.38256,43.62457],[-79.38336,43.62451],[-79.38326,43.62373],[-79.38173,43.62382],[-79.38154,43.62378],[-79.3814,43.62368],[-79.38085,43.62362],[-79.38076,43.62401],[-79.38065,43.62418],[-79.38055,43.62421],[-79.38013,43.62407],[-79.37944,43.6241],[-79.37878,43.62364],[-79.37828,43.6236],[-79.37816,43.62345],[-79.37819,43.62326],[-79.37881,43.62291],[-79.37883,43.62273],[-79.37875,43.62261],[-79.37864,43.62251],[-79.37851,43.62265],[-79.37843,43.62262],[-79.37844,43.62249],[-79.37839,43.62246],[-79.37824,43.62256],[-79.378,43.62247],[-79.37812,43.62228],[-79.37712,43.62192],[-79.37706,43.6217],[-79.37674,43.62148],[-79.37492,43.6212],[-79.37422,43.62104],[-79.37322,43.6211],[-79.37285,43.62117],[-79.37195,43.6211],[-79.3718,43.62101],[-79.37045,43.61955],[-79.37047,43.61943],[-79.37147,43.61914],[-79.37172,43.61911],[-79.37211,43.61911],[-79.37315,43.61926],[-79.37406,43.61927],[-79.37422,43.61954],[-79.37367,43.61958],[-79.3733,43.61953],[-79.37301,43.61957],[-79.37253,43.61944],[-79.37239,43.6195],[-79.37224,43.61972],[-79.37225,43.61977],[-79.3724,43.61981],[-79.37262,43.61997],[-79.37296,43.61989],[-79.37333,43.61987],[-79.37377,43.61997],[-79.37425,43.61989],[-79.37468,43.61991],[-79.3748,43.61982],[-79.37475,43.61971],[-79.37424,43.61932],[-79.37437,43.61924],[-79.37458,43.6192],[-79.37476,43.61928],[-79.37568,43.61943],[-79.37599,43.61938],[-79.37621,43.61948],[-79.37634,43.61947],[-79.37651,43.61958],[-79.37686,43.61968],[-79.37838,43.61994],[-79.38033,43.62036],[-79.38151,43.62077],[-79.38227,43.62094],[-79.38247,43.62111],[-79.38262,43.62133],[-79.38266,43.62145],[-79.38264,43.62155],[-79.38255,43.62158],[-79.38247,43.62152],[-79.38243,43.62132],[-79.38233,43.62127],[-79.3817,43.62119],[-79.38152,43.62099],[-79.38128,43.62102],[-79.38114,43.62127],[-79.38117,43.62161],[-79.38111,43.62183],[-79.38114,43.62196],[-79.38101,43.62239],[-79.38105,43.62258],[-79.38101,43.62276],[-79.3813,43.62281],[-79.38141,43.62264],[-79.38156,43.62255],[-79.3823,43.62243],[-79.38238,43.62234],[-79.38243,43.622],[-79.38256,43.62194],[-79.38267,43.62197],[-79.38283,43.62213],[-79.38297,43.62242],[-79.38282,43.62244],[-79.38289,43.6226],[-79.38181,43.62283],[-79.38209,43.62365],[-79.38327,43.62353],[-79.38313,43.62295],[-79.38326,43.62292],[-79.38403,43.6247],[-79.38405,43.62491],[-79.38403,43.625],[-79.38364,43.62529],[-79.38345,43.6255],[-79.38352,43.62569],[-79.38317,43.62561],[-79.38303,43.62564],[-79.38293,43.62569],[-79.38292,43.62585],[-79.38284,43.62588],[-79.38282,43.62573],[-79.38275,43.62568],[-79.38244,43.62561],[-79.38192,43.62563],[-79.38152,43.62558],[-79.38135,43.62552],[-79.38125,43.62535]],[[-79.3871,43.62324],[-79.38722,43.62363],[-79.38734,43.62377],[-79.38774,43.62483],[-79.38776,43.62499],[-79.38766,43.62535],[-79.38774,43.62557],[-79.38777,43.62591],[-79.38764,43.62626],[-79.38741,43.6266],[-79.3869,43.62706],[-79.38648,43.6277],[-79.3863,43.62747],[-79.38628,43.62733],[-79.38526,43.62661],[-79.38499,43.62637],[-79.38461,43.62587],[-79.38442,43.62541],[-79.38438,43.62514],[-79.38464,43.62491],[-79.38467,43.62477],[-79.38385,43.62271],[-79.38307,43.62114],[-79.38303,43.62101],[-79.38306,43.62087],[-79.38329,43.62086],[-79.38418,43.62101],[-79.38474,43.62115],[-79.38608,43.62139],[-79.38626,43.62137],[-79.38635,43.62127],[-79.38643,43.62132],[-79.38618,43.62148],[-79.38619,43.62152],[-79.38629,43.62146],[-79.38639,43.62151],[-79.3868,43.62229],[-79.38695,43.62261],[-79.3871,43.62324]],[[-79.35784,43.62771],[-79.35801,43.62746],[-79.3584,43.6272],[-79.35872,43.62668],[-79.35912,43.62626],[-79.35978,43.62584],[-79.3603,43.62563],[-79.36109,43.62507],[-79.36167,43.62487],[-79.36189,43.62471],[-79.36211,43.62478],[-79.3625,43.62504],[-79.36269,43.62509],[-79.36313,43.6255],[-79.36314,43.6256],[-79.36308,43.62583],[-79.36227,43.62704],[-79.35903,43.63003],[-79.35836,43.6304],[-79.35812,43.63027],[-79.35797,43.63013],[-79.35787,43.63012],[-79.3579,43.63003],[-79.35771,43.62998],[-79.35776,43.62993],[-79.35737,43.62965],[-79.35724,43.62946],[-79.35728,43.62905],[-79.35744,43.62911],[-79.35732,43.6289],[-79.35737,43.62877],[-79.35747,43.62881],[-79.35749,43.62877],[-79.35736,43.62872],[-79.35744,43.62824],[-79.35784,43.62771]],[[-79.37339,43.62369],[-79.37316,43.62364],[-79.3729,43.62366],[-79.37242,43.62336],[-79.37211,43.62308],[-79.37201,43.62287],[-79.37202,43.62277],[-79.3722,43.62237],[-79.37228,43.62229],[-79.37229,43.62219],[-79.37225,43.62193],[-79.37211,43.62166],[-79.37218,43.62158],[-79.37364,43.62141],[-79.3753,43.62154],[-79.37592,43.62163],[-79.3767,43.62198],[-79.37681,43.62198],[-79.37689,43.62193],[-79.37704,43.622],[-79.37733,43.62224],[-79.37745,43.62276],[-79.37726,43.62296],[-79.37732,43.6231],[-79.37663,43.62328],[-79.3765,43.62344],[-79.37595,43.62339],[-79.37512,43.62361],[-79.37443,43.6235],[-79.37339,43.62369]],[[-79.36668,43.62176],[-79.36853,43.62155],[-79.36943,43.62153],[-79.37089,43.62161],[-79.37118,43.62158],[-79.3715,43.62168],[-79.37164,43.62177],[-79.3717,43.62186],[-79.37154,43.62203],[-79.37142,43.62228],[-79.37147,43.62246],[-79.37126,43.62261],[-79.37082,43.62272],[-79.36966,43.62274],[-79.36968,43.62247],[-79.36924,43.62251],[-79.36923,43.62268],[-79.36801,43.62267],[-79.36798,43.62255],[-79.36794,43.62255],[-79.36793,43.62267],[-79.36789,43.62268],[-79.36754,43.62255],[-79.36709,43.62252],[-79.36668,43.62176]],[[-79.36427,43.62493],[-79.36364,43.62494],[-79.36342,43.62489],[-79.36323,43.62483],[-79.363,43.62461],[-79.36288,43.62438],[-79.36281,43.6239],[-79.363,43.62356],[-79.36396,43.62312],[-79.36407,43.62312],[-79.36432,43.62336],[-79.36459,43.62351],[-79.36465,43.62346],[-79.36524,43.62376],[-79.36554,43.6238],[-79.36563,43.62389],[-79.36581,43.62422],[-79.36565,43.62446],[-79.36513,43.62476],[-79.36473,43.62488],[-79.36446,43.62506],[-79.36427,43.62493]],[[-79.3682,43.62398],[-79.36745,43.62301],[-79.3677,43.62294],[-79.36812,43.62294],[-79.36823,43.62304],[-79.36913,43.62335],[-79.37104,43.62337],[-79.37123,43.62347],[-79.37132,43.62364],[-79.37116,43.62394],[-79.37078,43.62431],[-79.3705,43.62441],[-79.36907,43.62399],[-79.3682,43.62398]],[[-79.37859,43.61725],[-79.37971,43.61853],[-79.37985,43.61883],[-79.37956,43.61891],[-79.3792,43.61889],[-79.37778,43.61856],[-79.37765,43.61847],[-79.37787,43.61812],[-79.37787,43.61769],[-79.37793,43.61755],[-79.3782,43.61732],[-79.37838,43.61725],[-79.37859,43.61725]],[[-79.3643,43.623],[-79.36431,43.62281],[-79.36447,43.62256],[-79.36476,43.62225],[-79.36586,43.62163],[-79.36594,43.62164],[-79.36618,43.62186],[-79.36695,43.62275],[-79.36667,43.62279],[-79.36624,43.62273],[-79.36556,43.6228],[-79.36454,43.62315],[-79.36441,43.62313],[-79.3643,43.623]],[[-79.36751,43.62398],[-79.36654,43.6236],[-79.36648,43.6235],[-79.36652,43.62338],[-79.36642,43.62306],[-79.36627,43.62299],[-79.36623,43.6229],[-79.36701,43.62279],[-79.36803,43.62395],[-79.36801,43.62399],[-79.36762,43.62402],[-79.36751,43.62398]],[[-79.36489,43.62316],[-79.36538,43.62298],[-79.36592,43.62293],[-79.36605,43.62297],[-79.36639,43.62358],[-79.36508,43.62354],[-79.36491,43.62349],[-79.36476,43.62332],[-79.36477,43.62323],[-79.36489,43.62316]],[[-79.38567,43.61947],[-79.3858,43.61974],[-79.38579,43.61984],[-79.38563,43.62004],[-79.38551,43.62011],[-79.38506,43.62011],[-79.38485,43.62],[-79.38463,43.61966],[-79.38464,43.61957],[-79.38476,43.61948],[-79.38526,43.61928],[-79.38567,43.61947]],[[-79.38542,43.61553],[-79.38531,43.61523],[-79.38539,43.61491],[-79.3855,43.61488],[-79.38566,43.61488],[-79.38594,43.61503],[-79.38616,43.61532],[-79.38616,43.61555],[-79.38592,43.61584],[-79.38564,43.61589],[-79.38542,43.61553]]]},"properties":{"AREA_SHORT_CODE":"1010","AREA_NAME":"TORONTO HARBOUR"}},{"type":"Feature","geometry":{"type":"Polygon","coordinates":[[[-79.47096,43.64774],[-79.471,43.64768],[-79.47074,43.64723],[-79.47077,43.64713],[-79.47073,43.64704],[-79.47057,43.64691],[-79.47055,43.64656],[-79.47008,43.64567],[-79.46999,43.64525],[-79.4699,43.64505],[-79.46971,43.64488],[-79.46976,43.6448],[-79.46974,43.64471],[-79.46952,43.64442],[-79.4695,43.64414],[-79.46929,43.64376],[-79.46933,43.64358],[-79.46915,43.6429],[-79.46896,43.64265],[-79.4688,43.6423],[-79.46851,43.64191],[-79.46828,43.64138],[-79.46784,43.64083],[-79.46765,43.64048],[-79.46723,43.64004],[-79.46683,43.63979],[-79.46676,43.63959],[-79.46651,43.63943],[-79.46652,43.6393],[-79.46672,43.63911],[-79.46665,43.63901],[-79.46676,43.63892],[-79.46666,43.63894],[-79.46655,43.63887],[-79.46658,43.63876],[-79.4667,43.63862],[-79.46667,43.63834],[-79.46657,43.63821],[-79.4664,43.63806],[-79.46621,43.63807],[-79.46568,43.63837],[-79.46536,43.63863],[-79.46515,43.63872],[-79.46469,43.63883],[-79.4645,43.63883],[-79.46425,43.63875],[-79.46405,43.63878],[-79.46376,43.63891],[-79.46242,43.63931],[-79.46231,43.63947],[-79.46232,43.63961],[-79.46266,43.64052],[-79.46284,43.64083],[-79.46281,43.64124],[-79.46294,43.64134],[-79.46301,43.64137],[-79.46372,43.64122],[-79.46453,43.64138],[-79.46535,43.64168],[-79.46557,43.64187],[-79.46574,43.64185],[-79.46602,43.64199],[-79.46622,43.64193],[-79.46629,43.64203],[-79.46626,43.64207],[-79.46688,43.64229],[-79.46733,43.64259],[-79.46743,43.6428],[-79.46743,43.64323],[-79.46759,43.64353],[-79.46747,43.64372],[-79.46759,43.64378],[-79.46775,43.64378],[-79.46781,43.64375],[-79.46781,43.64364],[-79.46796,43.64378],[-79.46816,43.64382],[-79.46823,43.6438],[-79.46814,43.64388],[-79.46839,43.64409],[-79.46859,43.64463],[-79.46861,43.64497],[-79.46906,43.64552],[-79.46912,43.64588],[-79.46927,43.6462],[-79.4693,43.64645],[-79.46957,43.64661],[-79.46969,43.64677],[-79.46977,43.64694],[-79.4698,43.64724],[-79.47002,43.64739],[-79.47019,43.64736],[-79.4703,43.64747],[-79.47035,43.64795],[-79.47055,43.64845],[-79.47053,43.64858],[-79.47059,43.64872],[-79.47059,43.64833],[-79.4704,43.64782],[-79.47043,43.64749],[-79.4704,43.64723],[-79.47044,43.64716],[-79.47053,43.64732],[-79.47052,43.6475],[-79.47078,43.64809],[-79.47085,43.64814],[-79.47081,43.64824],[-79.47086,43.64845],[-79.4708,43.64859],[-79.47088,43.64849],[-79.47091,43.64833],[-79.47089,43.64817],[-79.47082,43.64805],[-79.47096,43.64774]]]},"properties":{"AREA_SHORT_CODE":"1020","AREA_NAME":"GRENADIER POND"}},{"type":"Feature","geometry":{"type":"Polygon","coordinates":[[[-79.40861,43.63304],[-79.40664,43.6328],[-79.40344,43.63334],[-79.40159,43.63417],[-79.4003,43.6329],[-79.40296,43.63148],[-79.403,43.63127],[-79.4028,43.63116],[-79.40232,43.631],[-79.39757,43.63353],[-79.39756,43.6336],[-79.39774,43.63378],[-79.39769,43.63382],[-79.39762,43.63385],[-79.39736,43.63367],[-79.39548,43.63469],[-79.39696,43.63643],[-79.39594,43.63651],[-79.39496,43.63531],[-79.39443,43.63543],[-79.39286,43.63621],[-79.39184,43.6363],[-79.39186,43.63636],[-79.39291,43.63628],[-79.39447,43.63551],[-79.39524,43.63643],[-79.39511,43.6366],[-79.39391,43.63668],[-79.39392,43.63671],[-79.39325,43.63674],[-79.3931,43.63679],[-79.39183,43.63689],[-79.39161,43.63635],[-79.39154,43.63632],[-79.39151,43.63638],[-79.39196,43.63746],[-79.3913,43.63759],[-79.39103,43.637],[-79.38955,43.63713],[-79.38987,43.63792],[-79.38919,43.63807],[-79.38881,43.63718],[-79.38711,43.63736],[-79.38755,43.63848],[-79.38702,43.63858],[-79.38659,43.63739],[-79.38556,43.6375],[-79.38557,43.63757],[-79.38569,43.63755],[-79.38574,43.63806],[-79.38524,43.63817],[-79.38503,43.63762],[-79.38545,43.63758],[-79.38543,43.63752],[-79.3844,43.63761],[-79.385,43.639],[-79.38424,43.63912],[-79.38367,43.63769],[-79.37958,43.63807],[-79.38027,43.63969],[-79.38015,43.63971],[-79.38009,43.63958],[-79.37985,43.63966],[-79.37958,43.63947],[-79.37881,43.63835],[-79.37837,43.63852],[-79.37874,43.63904],[-79.37774,43.63938],[-79.37763,43.63923],[-79.37754,43.63926],[-79.37762,43.6394],[-79.37746,43.63949],[-79.37714,43.63898],[-79.3754,43.63962],[-79.37556,43.63993],[-79.37547,43.63995],[-79.37526,43.63968],[-79.37519,43.6397],[-79.37541,43.64003],[-79.37483,43.64024],[-79.37468,43.63997],[-79.37458,43.64001],[-79.37473,43.64028],[-79.3745,43.64036],[-79.37434,43.64011],[-79.37423,43.64014],[-79.37446,43.64051],[-79.37443,43.6406],[-79.37422,43.6405],[-79.37423,43.64059],[-79.37436,43.64076],[-79.37466,43.64076],[-79.37519,43.64157],[-79.37453,43.64181],[-79.37353,43.64033],[-79.36827,43.64227],[-79.36913,43.64357],[-79.3683,43.64388],[-79.36744,43.64259],[-79.3602,43.6453],[-79.36096,43.64643],[-79.36075,43.64721],[-79.35943,43.64559],[-79.35444,43.64777],[-79.35435,43.64765],[-79.35422,43.64749],[-79.35508,43.6471],[-79.35476,43.64668],[-79.35671,43.64583],[-79.35636,43.64541],[-79.3544,43.64622],[-79.35403,43.64579],[-79.35817,43.644],[-79.35661,43.64217],[-79.35252,43.64394],[-79.35233,43.6437],[-79.35224,43.64343],[-79.35624,43.64172],[-79.35409,43.6391],[-79.33373,43.65068],[-79.33508,43.65231],[-79.33154,43.65384],[-79.33017,43.65222],[-79.32538,43.65361],[-79.32502,43.65315],[-79.33296,43.64974],[-79.35334,43.63813],[-79.35118,43.63556],[-79.35089,43.63546],[-79.35085,43.6353],[-79.35076,43.63521],[-79.35052,43.63514],[-79.35033,43.63527],[-79.3481,43.63357],[-79.3479,43.63374],[-79.34767,43.6335],[-79.34711,43.63311],[-79.34701,43.63404],[-79.34686,43.63433],[-79.34646,43.63453],[-79.34598,43.63469],[-79.34558,43.63493],[-79.34513,43.63541],[-79.34417,43.63616],[-79.3435,43.63685],[-79.34293,43.6373],[-79.34226,43.63769],[-79.34172,43.63785],[-79.34155,43.638],[-79.3415,43.63833],[-79.34088,43.63892],[-79.34066,43.63904],[-79.33904,43.63937],[-79.338,43.63931],[-79.33765,43.63939],[-79.33649,43.63914],[-79.33649,43.63923],[-79.33611,43.63926],[-79.33586,43.63934],[-79.33516,43.63973],[-79.33499,43.63987],[-79.33496,43.64001],[-79.33518,43.64001],[-79.33543,43.63991],[-79.33619,43.63942],[-79.33644,43.63941],[-79.33689,43.63961],[-79.33735,43.63996],[-79.33745,43.64007],[-79.33744,43.6402],[-79.33737,43.64034],[-79.3371,43.64056],[-79.33671,43.64098],[-79.33633,43.64123],[-79.33632,43.64134],[-79.33622,43.64147],[-79.33596,43.64156],[-79.33575,43.6419],[-79.33532,43.64203],[-79.33526,43.64229],[-79.33386,43.64356],[-79.33353,43.64395],[-79.33322,43.64416],[-79.33234,43.64496],[-79.33128,43.64563],[-79.33096,43.64588],[-79.33045,43.64659],[-79.32877,43.6474],[-79.32865,43.64741],[-79.32871,43.64744],[-79.32836,43.64761],[-79.32806,43.64756],[-79.32732,43.64725],[-79.32745,43.6471],[-79.32743,43.64704],[-79.32694,43.64683],[-79.32661,43.64696],[-79.32627,43.64689],[-79.32591,43.64688],[-79.32583,43.64681],[-79.32572,43.64627],[-79.32539,43.64575],[-79.32534,43.64557],[-79.32598,43.64482],[-79.32683,43.64397],[-79.32729,43.64385],[-79.32835,43.64398],[-79.3285,43.64397],[-79.3287,43.64386],[-79.32867,43.64377],[-79.32777,43.64359],[-79.32751,43.64346],[-79.32721,43.64316],[-79.32711,43.64298],[-79.3271,43.64281],[-79.32719,43.64251],[-79.32736,43.64225],[-79.32756,43.64212],[-79.32756,43.64201],[-79.32747,43.6419],[-79.32745,43.64167],[-79.32752,43.64143],[-79.32775,43.64114],[-79.32804,43.64094],[-79.32815,43.64089],[-79.32873,43.64081],[-79.32856,43.64065],[-79.32869,43.64034],[-79.32898,43.64005],[-79.32942,43.63983],[-79.32993,43.63973],[-79.32996,43.63966],[-79.32977,43.63921],[-79.32984,43.63905],[-79.33009,43.63888],[-79.33056,43.63872],[-79.33104,43.63867],[-79.33103,43.63861],[-79.33066,43.63846],[-79.33033,43.63826],[-79.33027,43.63813],[-79.33032,43.63797],[-79.33026,43.63781],[-79.32959,43.63714],[-79.32948,43.63708],[-79.32922,43.63711],[-79.32863,43.6374],[-79.32849,43.63753],[-79.32842,43.63768],[-79.32848,43.6378],[-79.32877,43.63801],[-79.32882,43.63816],[-79.32773,43.63922],[-79.32743,43.6396],[-79.32714,43.63986],[-79.32671,43.64043],[-79.32659,43.64046],[-79.32624,43.64028],[-79.32506,43.6399],[-79.32486,43.63994],[-79.32471,43.64007],[-79.32469,43.64015],[-79.32475,43.6402],[-79.3263,43.6408],[-79.32533,43.64227],[-79.32446,43.64425],[-79.32458,43.6444],[-79.32432,43.64521],[-79.32168,43.64482],[-79.32158,43.64467],[-79.32176,43.64393],[-79.32174,43.64375],[-79.32195,43.6433],[-79.32232,43.64156],[-79.32236,43.64146],[-79.32262,43.64121],[-79.32264,43.64083],[-79.3226,43.64047],[-79.32269,43.64023],[-79.32281,43.6395],[-79.32299,43.63898],[-79.32297,43.63828],[-79.3234,43.63753],[-79.32409,43.63694],[-79.32447,43.63646],[-79.32532,43.63588],[-79.32609,43.63572],[-79.3262,43.63546],[-79.32624,43.63489],[-79.3261,43.63488],[-79.32592,43.63479],[-79.32566,43.63453],[-79.32545,43.63408],[-79.32541,43.63379],[-79.32558,43.63352],[-79.32603,43.63302],[-79.32642,43.63266],[-79.32645,43.63254],[-79.3264,43.6323],[-79.32642,43.63204],[-79.32659,43.63177],[-79.32676,43.63167],[-79.32728,43.63167],[-79.32826,43.63193],[-79.32898,43.63204],[-79.32916,43.63214],[-79.32924,43.63227],[-79.32926,43.63242],[-79.32894,43.63285],[-79.32866,43.6331],[-79.32871,43.63316],[-79.3297,43.633],[-79.33088,43.63263],[-79.33141,43.63229],[-79.33285,43.63184],[-79.33343,43.63153],[-79.33384,43.63148],[-79.33451,43.63157],[-79.33472,43.63134],[-79.33483,43.63103],[-79.335,43.63091],[-79.33524,43.63083],[-79.33584,43.63042],[-79.33602,43.63013],[-79.33635,43.62993],[-79.33647,43.62978],[-79.33664,43.62947],[-79.33662,43.62934],[-79.33631,43.62916],[-79.33613,43.62919],[-79.3355,43.62959],[-79.33525,43.62968],[-79.335,43.62969],[-79.33477,43.62962],[-79.33441,43.6294],[-79.33415,43.62937],[-79.33372,43.62961],[-79.33371,43.62978],[-79.33394,43.63029],[-79.33363,43.63054],[-79.33311,43.63068],[-79.33285,43.63069],[-79.33261,43.63062],[-79.33251,43.63051],[-79.33271,43.63025],[-79.33263,43.63015],[-79.33244,43.6302],[-79.33242,43.63045],[-79.33218,43.63043],[-79.33192,43.63048],[-79.3318,43.63063],[-79.33182,43.63075],[-79.33167,43.63091],[-79.3316,43.63107],[-79.33148,43.63121],[-79.33123,43.63125],[-79.32987,43.63123],[-79.3287,43.63086],[-79.32865,43.63071],[-79.32867,43.63056],[-79.3288,43.63018],[-79.32938,43.62944],[-79.3299,43.62848],[-79.33024,43.6282],[-79.33042,43.62813],[-79.33062,43.62812],[-79.33081,43.62784],[-79.33122,43.62755],[-79.33147,43.62727],[-79.3315,43.62709],[-79.33147,43.62679],[-79.33163,43.62676],[-79.33182,43.6268],[-79.33187,43.6267],[-79.33126,43.62638],[-79.33089,43.62611],[-79.33076,43.62624],[-79.33042,43.62677],[-79.33004,43.62711],[-79.32958,43.62741],[-79.32933,43.6275],[-79.32901,43.62749],[-79.32844,43.62738],[-79.32817,43.62743],[-79.32794,43.62755],[-79.32832,43.62805],[-79.32821,43.62845],[-79.32783,43.6289],[-79.3278,43.629],[-79.32739,43.6291],[-79.32713,43.62908],[-79.32692,43.629],[-79.3267,43.62903],[-79.32652,43.6292],[-79.32651,43.62937],[-79.32731,43.62946],[-79.3274,43.62957],[-79.32739,43.62974],[-79.32729,43.62991],[-79.32657,43.63084],[-79.32604,43.63137],[-79.32534,43.63226],[-79.32434,43.63335],[-79.32415,43.63349],[-79.32407,43.63353],[-79.32354,43.6334],[-79.32305,43.63338],[-79.32298,43.63302],[-79.32323,43.6321],[-79.32336,43.63178],[-79.3237,43.63129],[-79.32363,43.63092],[-79.32355,43.63076],[-79.32354,43.63067],[-79.3236,43.63058],[-79.32407,43.63012],[-79.32444,43.62996],[-79.3256,43.62962],[-79.3257,43.62956],[-79.32572,43.62949],[-79.32558,43.62935],[-79.32534,43.62928],[-79.32523,43.62931],[-79.32509,43.62941],[-79.32458,43.62952],[-79.32433,43.62972],[-79.32422,43.62975],[-79.32382,43.6297],[-79.32366,43.6296],[-79.32356,43.62908],[-79.32376,43.62768],[-79.32376,43.62665],[-79.32385,43.62644],[-79.32403,43.62638],[-79.32432,43.62644],[-79.32489,43.62667],[-79.32682,43.62727],[-79.3271,43.62731],[-79.32732,43.62723],[-79.32728,43.62704],[-79.32718,43.62687],[-79.32659,43.62666],[-79.32557,43.62648],[-79.32523,43.62638],[-79.32418,43.62583],[-79.32404,43.62567],[-79.32397,43.62503],[-79.32408,43.62438],[-79.32414,43.62348],[-79.3242,43.62303],[-79.32427,43.62284],[-79.32444,43.62267],[-79.32468,43.62259],[-79.32749,43.62264],[-79.32884,43.62247],[-79.33205,43.6222],[-79.33304,43.62229],[-79.33324,43.62241],[-79.33332,43.62261],[-79.33335,43.62301],[-79.33296,43.62406],[-79.33197,43.62553],[-79.33177,43.62562],[-79.33133,43.62571],[-79.3313,43.62579],[-79.33215,43.62617],[-79.33266,43.62584],[-79.33317,43.62584],[-79.33367,43.62571],[-79.33393,43.6257],[-79.33414,43.62559],[-79.33422,43.62544],[-79.33421,43.62526],[-79.33428,43.62512],[-79.33459,43.62516],[-79.33487,43.62525],[-79.33511,43.6254],[-79.33543,43.62569],[-79.33571,43.62617],[-79.33576,43.62635],[-79.33561,43.62654],[-79.33511,43.62688],[-79.33491,43.62708],[-79.33487,43.62728],[-79.33499,43.62743],[-79.33527,43.62752],[-79.3359,43.62757],[-79.33654,43.62748],[-79.33689,43.62751],[-79.33732,43.62782],[-79.33753,43.62853],[-79.33783,43.62833],[-79.33858,43.62796],[-79.33855,43.62806],[-79.33861,43.62815],[-79.3376,43.62859],[-79.3375,43.62869],[-79.33772,43.62877],[-79.33796,43.62873],[-79.33852,43.62831],[-79.33868,43.62837],[-79.33867,43.62853],[-79.33853,43.62866],[-79.338,43.62881],[-79.33753,43.62885],[-79.3374,43.62895],[-79.33762,43.62907],[-79.3387,43.62905],[-79.33936,43.62935],[-79.33961,43.62933],[-79.33995,43.62921],[-79.34,43.62914],[-79.33991,43.62911],[-79.33942,43.62922],[-79.33921,43.62889],[-79.33879,43.62797],[-79.33855,43.62735],[-79.33845,43.62698],[-79.33826,43.62667],[-79.33816,43.62651],[-79.33784,43.62634],[-79.3375,43.62574],[-79.33701,43.6255],[-79.33683,43.62535],[-79.3367,43.62494],[-79.33669,43.62474],[-79.33675,43.62454],[-79.33694,43.62415],[-79.33743,43.62358],[-79.33747,43.62307],[-79.33757,43.62271],[-79.33799,43.62238],[-79.33813,43.6222],[-79.33838,43.62209],[-79.33872,43.62206],[-79.33901,43.62213],[-79.33931,43.62271],[-79.33945,43.62289],[-79.33986,43.62325],[-79.34078,43.62381],[-79.34111,43.62414],[-79.34129,43.62442],[-79.34111,43.62446],[-79.34109,43.62458],[-79.34171,43.6246],[-79.34179,43.62449],[-79.34172,43.62434],[-79.34179,43.62396],[-79.34192,43.62378],[-79.34212,43.62361],[-79.34237,43.62354],[-79.34299,43.62352],[-79.34326,43.62342],[-79.34329,43.62323],[-79.34319,43.62305],[-79.34279,43.62278],[-79.34258,43.62274],[-79.34239,43.62283],[-79.34131,43.62248],[-79.34122,43.62215],[-79.34096,43.62187],[-79.34058,43.62165],[-79.34006,43.62149],[-79.33988,43.62137],[-79.33976,43.62121],[-79.33965,43.62087],[-79.33965,43.62069],[-79.33975,43.62051],[-79.34005,43.62018],[-79.34069,43.61972],[-79.34123,43.6195],[-79.34213,43.61936],[-79.34271,43.61951],[-79.34285,43.61967],[-79.34287,43.61986],[-79.34278,43.62024],[-79.34281,43.62044],[-79.34297,43.62103],[-79.34324,43.62157],[-79.34324,43.62175],[-79.34307,43.62193],[-79.34309,43.622],[-79.34332,43.62209],[-79.34388,43.62211],[-79.34478,43.62183],[-79.34494,43.62166],[-79.34493,43.62161],[-79.34483,43.62161],[-79.34459,43.6217],[-79.34442,43.62163],[-79.34356,43.62075],[-79.34338,43.62035],[-79.34336,43.62013],[-79.34344,43.61972],[-79.34354,43.61951],[-79.34389,43.61889],[-79.34445,43.61835],[-79.34468,43.61802],[-79.34469,43.61791],[-79.34436,43.61772],[-79.34377,43.61673],[-79.34369,43.61622],[-79.34369,43.61533],[-79.34383,43.61486],[-79.34395,43.61383],[-79.34392,43.61341],[-79.34368,43.61309],[-79.34342,43.61301],[-79.34313,43.61304],[-79.34291,43.61316],[-79.34278,43.61339],[-79.34269,43.61389],[-79.34242,43.61462],[-79.34184,43.61519],[-79.3418,43.6154],[-79.34245,43.61582],[-79.34258,43.61603],[-79.34262,43.61625],[-79.34226,43.61719],[-79.34151,43.61833],[-79.34082,43.61893],[-79.3401,43.61938],[-79.33986,43.61946],[-79.33873,43.61948],[-79.33834,43.61922],[-79.33803,43.61918],[-79.33772,43.61924],[-79.33752,43.61941],[-79.3375,43.61964],[-79.33755,43.61987],[-79.33725,43.62102],[-79.33695,43.62137],[-79.33633,43.62128],[-79.33604,43.62139],[-79.3353,43.62103],[-79.33623,43.61995],[-79.33617,43.61975],[-79.33608,43.61964],[-79.33567,43.61947],[-79.33506,43.61946],[-79.3348,43.61959],[-79.33448,43.61983],[-79.33306,43.62029],[-79.33271,43.62035],[-79.33209,43.62034],[-79.3309,43.62021],[-79.33012,43.62024],[-79.32952,43.62009],[-79.32909,43.61983],[-79.32832,43.61955],[-79.32789,43.61924],[-79.32758,43.61912],[-79.32725,43.61912],[-79.32698,43.61924],[-79.32687,43.6196],[-79.32694,43.61979],[-79.32713,43.61998],[-79.32807,43.62048],[-79.32873,43.621],[-79.32882,43.6212],[-79.32883,43.62159],[-79.32866,43.6217],[-79.32838,43.62177],[-79.32717,43.62193],[-79.32657,43.62207],[-79.32603,43.62208],[-79.32548,43.62198],[-79.32483,43.62158],[-79.32478,43.62139],[-79.32484,43.62101],[-79.32502,43.62061],[-79.32511,43.62019],[-79.32503,43.61961],[-79.32505,43.61942],[-79.32544,43.61889],[-79.32565,43.61852],[-79.32632,43.61811],[-79.32688,43.61796],[-79.32707,43.61785],[-79.32713,43.61769],[-79.327,43.61756],[-79.32678,43.61747],[-79.32625,43.61765],[-79.3257,43.61777],[-79.32507,43.61774],[-79.32383,43.61713],[-79.3237,43.6171],[-79.32351,43.61716],[-79.32322,43.61744],[-79.3232,43.61756],[-79.32391,43.61795],[-79.32411,43.61813],[-79.32423,43.61836],[-79.32426,43.61888],[-79.32406,43.62085],[-79.32383,43.6219],[-79.32369,43.62209],[-79.3235,43.62217],[-79.32318,43.62222],[-79.32304,43.62229],[-79.32299,43.62239],[-79.32299,43.62249],[-79.3231,43.62269],[-79.32356,43.62293],[-79.32366,43.62311],[-79.32359,43.62356],[-79.3236,43.62378],[-79.32328,43.62518],[-79.32314,43.62547],[-79.32285,43.62575],[-79.32288,43.62586],[-79.32279,43.62599],[-79.3228,43.62607],[-79.32313,43.6263],[-79.32327,43.62671],[-79.32328,43.62715],[-79.32308,43.62825],[-79.32289,43.62886],[-79.32277,43.62896],[-79.32252,43.62905],[-79.32235,43.62936],[-79.32236,43.62958],[-79.32267,43.62981],[-79.32282,43.63002],[-79.32289,43.6303],[-79.32285,43.63075],[-79.32272,43.63153],[-79.32231,43.63273],[-79.3221,43.63292],[-79.32163,43.63307],[-79.32143,43.63338],[-79.32144,43.63346],[-79.32154,43.63354],[-79.32237,43.63388],[-79.323,43.63437],[-79.32312,43.63464],[-79.32312,43.63525],[-79.32295,43.63571],[-79.32212,43.63896],[-79.32168,43.64026],[-79.32119,43.64125],[-79.32086,43.6415],[-79.32064,43.64174],[-79.32063,43.64183],[-79.32071,43.64195],[-79.32113,43.64214],[-79.32121,43.64231],[-79.32077,43.64434],[-79.32034,43.64554],[-79.32023,43.64566],[-79.31985,43.64584],[-79.3196,43.64607],[-79.31958,43.64614],[-79.31989,43.64627],[-79.32002,43.64658],[-79.32007,43.64697],[-79.32003,43.64737],[-79.31994,43.64789],[-79.31987,43.64802],[-79.31991,43.64815],[-79.32015,43.64829],[-79.32021,43.64841],[-79.32017,43.64886],[-79.31965,43.65037],[-79.31953,43.65116],[-79.31914,43.65205],[-79.31861,43.65291],[-79.31833,43.65354],[-79.31813,43.65413],[-79.31771,43.65471],[-79.31694,43.65538],[-79.31682,43.65556],[-79.31615,43.65598],[-79.31605,43.65617],[-79.31623,43.6567],[-79.31631,43.65683],[-79.31643,43.65691],[-79.31637,43.65704],[-79.31605,43.65725],[-79.31599,43.65737],[-79.31605,43.65746],[-79.31621,43.65742],[-79.31634,43.6573],[-79.31651,43.65724],[-79.31682,43.65732],[-79.31627,43.6576],[-79.3151,43.65739],[-79.31443,43.6574],[-79.31372,43.65757],[-79.31314,43.65792],[-79.31314,43.65807],[-79.3137,43.65849],[-79.3143,43.65891],[-79.31477,43.6591],[-79.31561,43.65959],[-79.3172,43.66078],[-79.31805,43.66086],[-79.31806,43.6609],[-79.31799,43.66092],[-79.31788,43.66089],[-79.31792,43.66105],[-79.31768,43.66087],[-79.3172,43.66091],[-79.31706,43.66095],[-79.31711,43.66145],[-79.31484,43.66197],[-79.31463,43.66178],[-79.31439,43.66174],[-79.31435,43.6617],[-79.31435,43.66162],[-79.31424,43.66156],[-79.31333,43.6616],[-79.31328,43.66151],[-79.31341,43.66133],[-79.31375,43.66128],[-79.3139,43.66116],[-79.31404,43.66119],[-79.31408,43.66117],[-79.31399,43.66108],[-79.31404,43.66105],[-79.31413,43.66113],[-79.31441,43.66092],[-79.31409,43.66069],[-79.31399,43.66055],[-79.31385,43.66052],[-79.3139,43.66045],[-79.31386,43.66037],[-79.31297,43.65965],[-79.31275,43.65956],[-79.31265,43.65941],[-79.31249,43.65949],[-79.31242,43.65944],[-79.31266,43.65927],[-79.31247,43.65912],[-79.31223,43.65931],[-79.31214,43.65923],[-79.3124,43.65907],[-79.31219,43.65891],[-79.31198,43.65908],[-79.31187,43.65901],[-79.31215,43.65885],[-79.31194,43.65879],[-79.31204,43.65875],[-79.31193,43.65853],[-79.31181,43.65857],[-79.3117,43.65834],[-79.31184,43.65796],[-79.31181,43.65782],[-79.31167,43.65778],[-79.31174,43.65754],[-79.31196,43.65753],[-79.31225,43.65723],[-79.31262,43.65708],[-79.31264,43.65698],[-79.31257,43.65685],[-79.31244,43.65678],[-79.31217,43.65675],[-79.31196,43.65689],[-79.31164,43.65692],[-79.31108,43.65684],[-79.31075,43.65662],[-79.31056,43.6566],[-79.31042,43.65669],[-79.31023,43.65693],[-79.31115,43.6572],[-79.3112,43.65726],[-79.31092,43.65793],[-79.31034,43.6584],[-79.30999,43.65816],[-79.30972,43.65807],[-79.3096,43.65807],[-79.30954,43.65817],[-79.3096,43.65823],[-79.30956,43.65826],[-79.30939,43.65823],[-79.30837,43.65788],[-79.30749,43.65769],[-79.30692,43.65728],[-79.3068,43.65719],[-79.30675,43.65707],[-79.30682,43.65686],[-79.30718,43.65692],[-79.30772,43.65677],[-79.30795,43.65662],[-79.30822,43.65634],[-79.3083,43.65625],[-79.3083,43.65608],[-79.30838,43.65601],[-79.30877,43.65591],[-79.30928,43.6559],[-79.3096,43.65606],[-79.31006,43.65613],[-79.31109,43.65597],[-79.31122,43.65587],[-79.31129,43.65575],[-79.31131,43.65563],[-79.31118,43.65539],[-79.31104,43.65529],[-79.31067,43.65516],[-79.31047,43.65515],[-79.31029,43.6552],[-79.31023,43.65542],[-79.30989,43.65541],[-79.30956,43.6553],[-79.3092,43.65501],[-79.30866,43.65414],[-79.3085,43.65413],[-79.30832,43.65421],[-79.3083,43.65438],[-79.30839,43.6549],[-79.30811,43.65536],[-79.30789,43.65585],[-79.30771,43.65613],[-79.30763,43.65619],[-79.30708,43.6565],[-79.30677,43.6566],[-79.30638,43.65658],[-79.30596,43.65645],[-79.30551,43.6564],[-79.30509,43.65652],[-79.30496,43.65666],[-79.30497,43.65685],[-79.30506,43.65701],[-79.30593,43.6579],[-79.30602,43.65839],[-79.30583,43.65891],[-79.30564,43.65923],[-79.30554,43.65933],[-79.30522,43.65941],[-79.3051,43.65956],[-79.30497,43.65986],[-79.30502,43.65999],[-79.30513,43.66012],[-79.30547,43.66032],[-79.30567,43.66038],[-79.3061,43.66041],[-79.30638,43.6603],[-79.30641,43.66022],[-79.3063,43.66004],[-79.30657,43.65991],[-79.30676,43.65989],[-79.30717,43.66],[-79.30735,43.6601],[-79.30762,43.66034],[-79.30767,43.66049],[-79.30776,43.66112],[-79.30776,43.66129],[-79.30764,43.66161],[-79.30704,43.66242],[-79.30644,43.66302],[-79.30559,43.66339],[-79.30446,43.66411],[-79.30407,43.66424],[-79.30309,43.66476],[-79.30248,43.66491],[-79.30221,43.66487],[-79.30215,43.6649],[-79.30211,43.66504],[-79.30195,43.66511],[-79.3014,43.66524],[-79.30086,43.66547],[-79.30052,43.66548],[-79.30029,43.66537],[-79.29981,43.66558],[-79.29945,43.66567],[-79.29931,43.66565],[-79.29919,43.66549],[-79.29849,43.66553],[-79.29832,43.6655],[-79.29788,43.66529],[-79.29746,43.66526],[-79.29698,43.66531],[-79.29592,43.66561],[-79.2956,43.6658],[-79.29518,43.66593],[-79.29513,43.66602],[-79.29495,43.66607],[-79.29472,43.66599],[-79.29392,43.66674],[-79.29328,43.66724],[-79.29217,43.66784],[-79.29156,43.66801],[-79.29115,43.66797],[-79.29009,43.66844],[-79.28929,43.66869],[-79.28843,43.66876],[-79.28793,43.66899],[-79.2878,43.66912],[-79.28715,43.66937],[-79.28639,43.66947],[-79.28609,43.66945],[-79.28596,43.6696],[-79.28553,43.66978],[-79.2852,43.66983],[-79.28508,43.66973],[-79.28494,43.66975],[-79.28448,43.67006],[-79.28378,43.67017],[-79.28353,43.67014],[-79.28354,43.67025],[-79.28347,43.67035],[-79.28304,43.67043],[-79.28284,43.67037],[-79.2827,43.67039],[-79.28269,43.67049],[-79.28248,43.67062],[-79.28226,43.67066],[-79.28198,43.67061],[-79.28178,43.67082],[-79.28158,43.67093],[-79.28124,43.67085],[-79.28123,43.67098],[-79.28103,43.67096],[-79.28063,43.67114],[-79.28018,43.67123],[-79.28003,43.67099],[-79.28008,43.67115],[-79.27994,43.67119],[-79.27984,43.67106],[-79.27973,43.67107],[-79.27966,43.67117],[-79.27833,43.67218],[-79.27765,43.67209],[-79.27739,43.67262],[-79.2769,43.67322],[-79.27682,43.67341],[-79.27644,43.67391],[-79.27619,43.67411],[-79.27602,43.67417],[-79.27545,43.67506],[-79.27511,43.67538],[-79.27491,43.67571],[-79.27389,43.67686],[-79.27344,43.67721],[-79.27337,43.67741],[-79.27306,43.67775],[-79.27302,43.678],[-79.27264,43.67852],[-79.27212,43.67878],[-79.27193,43.67913],[-79.2717,43.6793],[-79.27142,43.67963],[-79.27108,43.67983],[-79.27091,43.68014],[-79.27072,43.68037],[-79.27059,43.68046],[-79.27032,43.68055],[-79.27039,43.68063],[-79.27036,43.68072],[-79.27008,43.68086],[-79.26995,43.68115],[-79.26973,43.68124],[-79.26965,43.68139],[-79.26941,43.68157],[-79.26889,43.68213],[-79.26832,43.68261],[-79.26829,43.68283],[-79.26811,43.68308],[-79.26769,43.6833],[-79.2676,43.68354],[-79.2674,43.6838],[-79.26697,43.68398],[-79.26685,43.68424],[-79.26664,43.68447],[-79.26638,43.68461],[-79.26514,43.68571],[-79.26416,43.68637],[-79.26374,43.68672],[-79.26347,43.68702],[-79.26348,43.68707],[-79.26367,43.68706],[-79.26368,43.68715],[-79.26351,43.68752],[-79.2632,43.68792],[-79.26291,43.68814],[-79.26273,43.68815],[-79.26259,43.68799],[-79.26249,43.68804],[-79.26198,43.68867],[-79.2617,43.68887],[-79.26087,43.68974],[-79.26064,43.68982],[-79.26065,43.68992],[-79.26058,43.69003],[-79.26026,43.69039],[-79.25997,43.69051],[-79.25981,43.69088],[-79.25945,43.69118],[-79.25942,43.69139],[-79.2593,43.69166],[-79.25906,43.69188],[-79.25891,43.69192],[-79.25876,43.69226],[-79.25855,43.69254],[-79.25814,43.69279],[-79.25804,43.69308],[-79.25783,43.69335],[-79.25749,43.69353],[-79.2573,43.69354],[-79.25691,43.69404],[-79.25658,43.6942],[-79.25647,43.69429],[-79.25642,43.69441],[-79.256,43.69471],[-79.25567,43.69502],[-79.25464,43.69553],[-79.25352,43.69598],[-79.25336,43.69618],[-79.2532,43.69626],[-79.25285,43.69637],[-79.25255,43.69654],[-79.25228,43.69654],[-79.25202,43.6967],[-79.25174,43.69676],[-79.25125,43.69697],[-79.25098,43.69719],[-79.24941,43.69808],[-79.24861,43.69828],[-79.24732,43.69872],[-79.24711,43.69887],[-79.24672,43.69905],[-79.24619,43.69943],[-79.24633,43.69955],[-79.24636,43.69962],[-79.24633,43.69969],[-79.24571,43.69999],[-79.24523,43.70041],[-79.24462,43.70064],[-79.24406,43.70119],[-79.24346,43.70157],[-79.24192,43.70226],[-79.24189,43.70232],[-79.24139,43.70264],[-79.24101,43.70295],[-79.24077,43.70306],[-79.24035,43.70338],[-79.24013,43.70349],[-79.23983,43.70352],[-79.23938,43.70348],[-79.23887,43.70333],[-79.23845,43.70309],[-79.23816,43.703],[-79.23815,43.70304],[-79.23828,43.70307],[-79.23871,43.70341],[-79.2389,43.70348],[-79.23904,43.70361],[-79.23963,43.70364],[-79.23973,43.70366],[-79.23973,43.70375],[-79.23932,43.70406],[-79.23899,43.70412],[-79.23861,43.70426],[-79.23786,43.70415],[-79.23758,43.70422],[-79.23755,43.70428],[-79.23767,43.70435],[-79.23833,43.70433],[-79.23854,43.70448],[-79.2386,43.7046],[-79.23854,43.70466],[-79.23842,43.70467],[-79.23779,43.70488],[-79.23752,43.70504],[-79.23728,43.70504],[-79.23704,43.70494],[-79.23673,43.70472],[-79.23667,43.70455],[-79.23679,43.70416],[-79.23755,43.70358],[-79.23764,43.70336],[-79.23765,43.70304],[-79.23779,43.70284],[-79.23808,43.7027],[-79.23829,43.70253],[-79.2385,43.70246],[-79.23868,43.70247],[-79.23882,43.70253],[-79.23906,43.70248],[-79.23921,43.70232],[-79.23915,43.70205],[-79.239,43.70196],[-79.23861,43.7019],[-79.23839,43.70199],[-79.23826,43.70219],[-79.23818,43.70222],[-79.23787,43.70224],[-79.23734,43.7022],[-79.23707,43.70208],[-79.23685,43.70189],[-79.23666,43.70169],[-79.2366,43.70147],[-79.23639,43.70131],[-79.23612,43.7012],[-79.23564,43.70125],[-79.23543,43.70167],[-79.23556,43.7019],[-79.23604,43.70205],[-79.2364,43.70241],[-79.23657,43.70284],[-79.23659,43.7031],[-79.23654,43.70328],[-79.23631,43.70376],[-79.23578,43.70449],[-79.23503,43.70497],[-79.23423,43.70534],[-79.23412,43.70543],[-79.23397,43.70538],[-79.23381,43.7057],[-79.2336,43.70582],[-79.23396,43.7061],[-79.23423,43.7062],[-79.23438,43.70635],[-79.23434,43.70642],[-79.23398,43.7064],[-79.23399,43.70653],[-79.23414,43.70665],[-79.23405,43.70672],[-79.23388,43.70664],[-79.23377,43.70673],[-79.23385,43.70684],[-79.23381,43.70689],[-79.23346,43.70679],[-79.23334,43.70687],[-79.23307,43.70688],[-79.2328,43.7068],[-79.23267,43.70669],[-79.23264,43.70653],[-79.23272,43.70632],[-79.23297,43.70597],[-79.23311,43.70587],[-79.23298,43.70569],[-79.233,43.70563],[-79.23321,43.70553],[-79.23332,43.70541],[-79.23333,43.70535],[-79.23322,43.70525],[-79.23275,43.70533],[-79.23255,43.70528],[-79.2324,43.70518],[-79.23234,43.7049],[-79.23217,43.70484],[-79.23187,43.70494],[-79.23171,43.70516],[-79.23154,43.70528],[-79.23112,43.70533],[-79.23014,43.70513],[-79.22921,43.70468],[-79.22903,43.70471],[-79.22889,43.70482],[-79.2289,43.7049],[-79.22917,43.70539],[-79.22852,43.70667],[-79.22831,43.70695],[-79.22821,43.707],[-79.22794,43.70703],[-79.22767,43.70712],[-79.22756,43.70721],[-79.22752,43.70731],[-79.22759,43.70739],[-79.22818,43.70731],[-79.22851,43.70744],[-79.22863,43.70738],[-79.22861,43.70719],[-79.22878,43.70689],[-79.22965,43.70587],[-79.23107,43.70641],[-79.23104,43.70647],[-79.2311,43.70663],[-79.23153,43.70663],[-79.23187,43.70673],[-79.23347,43.7076],[-79.23321,43.70812],[-79.23323,43.70828],[-79.23332,43.70836],[-79.23318,43.7088],[-79.23305,43.70896],[-79.23304,43.70905],[-79.2331,43.70922],[-79.23305,43.70931],[-79.23234,43.70999],[-79.23131,43.71057],[-79.23098,43.71059],[-79.23065,43.71049],[-79.2302,43.71024],[-79.23012,43.71006],[-79.2303,43.7099],[-79.23102,43.70969],[-79.23137,43.70951],[-79.23167,43.70906],[-79.23177,43.70867],[-79.23186,43.7086],[-79.23182,43.70847],[-79.23154,43.70844],[-79.23132,43.70847],[-79.23119,43.70869],[-79.23103,43.70878],[-79.22992,43.70847],[-79.22984,43.7084],[-79.22982,43.7083],[-79.22985,43.70792],[-79.22978,43.70777],[-79.2297,43.70772],[-79.22949,43.7077],[-79.22952,43.7079],[-79.22946,43.70818],[-79.22914,43.70852],[-79.22867,43.70876],[-79.22843,43.70879],[-79.22849,43.70885],[-79.22846,43.70905],[-79.22852,43.70909],[-79.22866,43.70906],[-79.22916,43.70879],[-79.2293,43.70883],[-79.22967,43.70915],[-79.2297,43.70922],[-79.22958,43.70936],[-79.22917,43.70964],[-79.22905,43.70964],[-79.22823,43.70928],[-79.22799,43.7093],[-79.22783,43.70946],[-79.22779,43.70956],[-79.22782,43.70965],[-79.22829,43.70997],[-79.22805,43.71048],[-79.22805,43.71092],[-79.22825,43.71094],[-79.22807,43.71096],[-79.22806,43.71104],[-79.2276,43.71119],[-79.22728,43.71124],[-79.22721,43.71143],[-79.22725,43.71159],[-79.22808,43.71176],[-79.22883,43.71171],[-79.22912,43.71174],[-79.22924,43.71161],[-79.22915,43.71055],[-79.22918,43.71046],[-79.22932,43.71034],[-79.22955,43.71032],[-79.22989,43.71036],[-79.23014,43.71048],[-79.23046,43.71084],[-79.2306,43.71126],[-79.23052,43.71153],[-79.22999,43.71219],[-79.22941,43.71258],[-79.22861,43.71266],[-79.22791,43.71263],[-79.22661,43.71239],[-79.22647,43.71229],[-79.22645,43.7117],[-79.2263,43.71126],[-79.22641,43.71081],[-79.22655,43.71052],[-79.2266,43.7102],[-79.22675,43.70974],[-79.2271,43.70888],[-79.2272,43.70877],[-79.22748,43.7086],[-79.22797,43.70843],[-79.2281,43.70831],[-79.22796,43.7081],[-79.22782,43.70807],[-79.22724,43.70813],[-79.22687,43.70812],[-79.22652,43.70805],[-79.22643,43.70793],[-79.22632,43.70736],[-79.22625,43.70725],[-79.22609,43.70728],[-79.22594,43.70751],[-79.22583,43.70811],[-79.22605,43.70835],[-79.22633,43.70849],[-79.22649,43.70876],[-79.22648,43.7089],[-79.22606,43.70966],[-79.22569,43.71055],[-79.2256,43.71068],[-79.22545,43.71075],[-79.22514,43.71082],[-79.22504,43.71094],[-79.22502,43.71107],[-79.2251,43.71118],[-79.22578,43.7117],[-79.22578,43.71183],[-79.22563,43.71212],[-79.22535,43.71219],[-79.22522,43.71227],[-79.22522,43.71239],[-79.22544,43.71258],[-79.22568,43.71253],[-79.22664,43.71296],[-79.22665,43.71339],[-79.22644,43.71409],[-79.22621,43.71451],[-79.226,43.71472],[-79.2257,43.71548],[-79.22464,43.71699],[-79.22449,43.71733],[-79.22419,43.71779],[-79.22358,43.7185],[-79.22334,43.7187],[-79.2232,43.71873],[-79.22314,43.7189],[-79.22292,43.71913],[-79.22217,43.71977],[-79.22148,43.72016],[-79.22084,43.72065],[-79.22056,43.72092],[-79.21935,43.7218],[-79.219,43.72193],[-79.21864,43.722],[-79.21853,43.72208],[-79.2185,43.72218],[-79.21778,43.72306],[-79.21752,43.72329],[-79.21742,43.72331],[-79.2174,43.72336],[-79.21746,43.72342],[-79.21739,43.72352],[-79.21651,43.72468],[-79.21555,43.72567],[-79.2154,43.72576],[-79.21539,43.72584],[-79.21486,43.72638],[-79.21457,43.72661],[-79.21383,43.72679],[-79.21355,43.72702],[-79.21337,43.72726],[-79.21342,43.72737],[-79.21331,43.72788],[-79.2129,43.72853],[-79.2121,43.72941],[-79.21132,43.73033],[-79.21112,43.73065],[-79.21051,43.73123],[-79.20983,43.73201],[-79.20924,43.73258],[-79.20878,43.73291],[-79.2087,43.73316],[-79.20796,43.73372],[-79.20789,43.73383],[-79.20748,43.73416],[-79.20617,43.73502],[-79.20548,43.73533],[-79.20529,43.73534],[-79.20498,43.73528],[-79.20503,43.73508],[-79.20475,43.735],[-79.20238,43.73573],[-79.20119,43.73661],[-79.19946,43.73778],[-79.19754,43.73914],[-79.1969,43.73999],[-79.19665,43.74024],[-79.1964,43.74066],[-79.19615,43.74093],[-79.19577,43.74125],[-79.19558,43.74117],[-79.19521,43.74142],[-79.1951,43.74154],[-79.19506,43.74176],[-79.19493,43.74192],[-79.19484,43.74214],[-79.19452,43.74251],[-79.1941,43.7428],[-79.19393,43.74284],[-79.19374,43.7428],[-79.19352,43.7429],[-79.19219,43.74396],[-79.19159,43.74438],[-79.19121,43.74474],[-79.19077,43.74506],[-79.19046,43.74539],[-79.18986,43.74571],[-79.18976,43.74598],[-79.18965,43.7461],[-79.18916,43.74641],[-79.18894,43.74664],[-79.18756,43.74743],[-79.18719,43.74756],[-79.18636,43.74769],[-79.18621,43.74776],[-79.18608,43.74784],[-79.18579,43.7482],[-79.18311,43.74952],[-79.18304,43.74963],[-79.18308,43.74973],[-79.18302,43.74984],[-79.18267,43.75018],[-79.18122,43.75112],[-79.18095,43.75124],[-79.18024,43.75143],[-79.17998,43.7516],[-79.17986,43.75177],[-79.17951,43.752],[-79.17702,43.75311],[-79.17564,43.75382],[-79.17353,43.75467],[-79.17275,43.75487],[-79.17012,43.75586],[-79.16846,43.75633],[-79.16728,43.75683],[-79.16617,43.757],[-79.16403,43.75746],[-79.16335,43.75753],[-79.16175,43.758],[-79.16044,43.75826],[-79.16004,43.75844],[-79.15961,43.75855],[-79.15771,43.75881],[-79.15643,43.75889],[-79.15564,43.75898],[-79.15342,43.75899],[-79.15301,43.75909],[-79.15256,43.75935],[-79.15234,43.75958],[-79.15152,43.76015],[-79.15072,43.76108],[-79.14986,43.76229],[-79.14913,43.76296],[-79.14819,43.76397],[-79.14662,43.76541],[-79.14601,43.76587],[-79.1455,43.76615],[-79.14541,43.76625],[-79.14512,43.76636],[-79.14362,43.76729],[-79.14286,43.7679],[-79.14251,43.7683],[-79.14174,43.76897],[-79.14136,43.76939],[-79.13987,43.77042],[-79.13918,43.77081],[-79.1385,43.77135],[-79.1369,43.77285],[-79.13654,43.77312],[-79.13633,43.77343],[-79.13611,43.7736],[-79.13529,43.77457],[-79.13502,43.77477],[-79.13473,43.77511],[-79.13324,43.7763],[-79.13305,43.77639],[-79.13179,43.77769],[-79.13099,43.77836],[-79.13048,43.77886],[-79.1302,43.77926],[-79.12974,43.77973],[-79.12857,43.78072],[-79.12836,43.78073],[-79.12787,43.78141],[-79.12728,43.78204],[-79.12698,43.78219],[-79.12671,43.78215],[-79.12669,43.78219],[-79.12682,43.78227],[-79.12689,43.78245],[-79.12652,43.78306],[-79.12573,43.78401],[-79.12477,43.78506],[-79.1239,43.78642],[-79.12376,43.78653],[-79.1228,43.78772],[-79.12248,43.78804],[-79.12222,43.78848],[-79.12078,43.79034],[-79.12053,43.79078],[-79.12018,43.79121],[-79.11837,43.79286],[-79.11701,43.79365],[-79.11664,43.79396],[-79.11644,43.79402],[-79.11545,43.79456],[-79.11579,43.79477],[-79.11602,43.79479],[-79.11622,43.79475],[-79.11714,43.79437],[-79.11774,43.79435],[-79.11841,43.79448],[-79.11898,43.79472],[-79.11932,43.7948],[-79.11999,43.79482],[-79.12067,43.79473],[-79.121,43.79474],[-79.12121,43.79495],[-79.12123,43.7952],[-79.12111,43.79533],[-79.12027,43.79562],[-79.12018,43.79586],[-79.12031,43.79615],[-79.12117,43.79702],[-79.12151,43.79725],[-79.12193,43.7974],[-79.12234,43.79743],[-79.12347,43.79718],[-79.12423,43.79743],[-79.12436,43.79773],[-79.1242,43.79835],[-79.12418,43.79869],[-79.12423,43.79901],[-79.12439,43.79934],[-79.1246,43.79964],[-79.12487,43.79993],[-79.12518,43.80013],[-79.12557,43.80022],[-79.12679,43.80015],[-79.12725,43.80019],[-79.12768,43.80029],[-79.12846,43.80063],[-79.12915,43.80107],[-79.12986,43.80145],[-79.13023,43.80161],[-79.13103,43.80178],[-79.13179,43.80173],[-79.13216,43.80163],[-79.13427,43.80087],[-79.13526,43.80067],[-79.13543,43.80083],[-79.13541,43.80108],[-79.13521,43.80132],[-79.13466,43.80174],[-79.13418,43.80222],[-79.13377,43.80272],[-79.13367,43.80296],[-79.13369,43.80327],[-79.13418,43.80392],[-79.13439,43.80443],[-79.1344,43.8047],[-79.1343,43.80522],[-79.13405,43.80569],[-79.13391,43.80621],[-79.13401,43.8067],[-79.1341,43.80686],[-79.13531,43.80775],[-79.13559,43.80792],[-79.13589,43.80804],[-79.13626,43.80807],[-79.13657,43.80798],[-79.13679,43.80779],[-79.13705,43.80771],[-79.13732,43.80783],[-79.13761,43.80786],[-79.13771,43.80768],[-79.13788,43.8075],[-79.13816,43.80749],[-79.13831,43.80762],[-79.13826,43.8078],[-79.13841,43.80796],[-79.13895,43.80799],[-79.13898,43.80811],[-79.13933,43.80835],[-79.13958,43.80844],[-79.1401,43.80834],[-79.14039,43.80835],[-79.14064,43.80845],[-79.1406,43.80865],[-79.1407,43.80878],[-79.14124,43.80891],[-79.14184,43.80944],[-79.14197,43.80964],[-79.14219,43.80952],[-79.14246,43.80945],[-79.14264,43.80954],[-79.14291,43.80948],[-79.14315,43.80963],[-79.14311,43.80989],[-79.14288,43.81008],[-79.14296,43.81025],[-79.143,43.81049],[-79.14314,43.81072],[-79.14343,43.81062],[-79.14353,43.81044],[-79.14346,43.81025],[-79.14364,43.81006],[-79.14528,43.80999],[-79.1461,43.81007],[-79.14633,43.81026],[-79.1464,43.81048],[-79.14613,43.81059],[-79.14613,43.81084],[-79.14635,43.8111],[-79.14667,43.81134],[-79.14773,43.81195],[-79.14823,43.81232],[-79.14864,43.81241],[-79.14907,43.81241],[-79.14947,43.81248],[-79.15007,43.81298],[-79.15076,43.81344],[-79.15123,43.81388],[-79.15161,43.814],[-79.15174,43.81398],[-79.15216,43.81469],[-79.15252,43.81575],[-79.1528,43.81672],[-79.1555,43.82258],[-79.16591,43.84591],[-79.17029,43.85546],[-79.18002,43.85317],[-79.19503,43.84949],[-79.2045,43.84725],[-79.22974,43.84165],[-79.25119,43.8366],[-79.30549,43.82407],[-79.32669,43.81909],[-79.33579,43.81702],[-79.33908,43.81623],[-79.3422,43.81542],[-79.35197,43.81322],[-79.37176,43.80865],[-79.42008,43.798],[-79.43895,43.79392],[-79.45303,43.79081],[-79.46319,43.78865],[-79.47009,43.78728],[-79.48731,43.78322],[-79.49451,43.78158],[-79.50434,43.77924],[-79.51701,43.77636],[-79.51875,43.77602],[-79.52057,43.77575],[-79.52345,43.77499],[-79.53331,43.77297],[-79.53488,43.77269],[-79.56478,43.76655],[-79.57487,43.76434],[-79.57754,43.7637],[-79.59607,43.7595],[-79.63172,43.75151],[-79.63314,43.75131],[-79.63525,43.75123],[-79.63645,43.75106],[-79.63737,43.75076],[-79.63829,43.75037],[-79.63926,43.74987],[-79.63785,43.74848],[-79.63761,43.7483],[-79.63691,43.74714],[-79.6369,43.74683],[-79.63664,43.74648],[-79.63566,43.74462],[-79.63149,43.73753],[-79.63135,43.73703],[-79.63035,43.73547],[-79.62926,43.73464],[-79.62897,43.73381],[-79.62882,43.73365],[-79.62857,43.73364],[-79.62818,43.73353],[-79.62801,43.73343],[-79.62779,43.73318],[-79.62695,43.73142],[-79.62664,43.73006],[-79.62632,43.72903],[-79.62594,43.72819],[-79.61915,43.71625],[-79.61556,43.71017],[-79.61322,43.70627],[-79.60974,43.70077],[-79.60725,43.69692],[-79.60588,43.69468],[-79.60439,43.69202],[-79.60277,43.68883],[-79.60219,43.6878],[-79.60132,43.68648],[-79.6005,43.68545],[-79.60015,43.68511],[-79.59995,43.68373],[-79.59475,43.67502],[-79.59475,43.67475],[-79.59455,43.67421],[-79.59143,43.66917],[-79.59066,43.66788],[-79.59049,43.66751],[-79.58996,43.66682],[-79.58878,43.66462],[-79.59568,43.65829],[-79.60873,43.64645],[-79.60829,43.64604],[-79.60781,43.64505],[-79.60754,43.64485],[-79.60716,43.6447],[-79.6067,43.64469],[-79.60606,43.64481],[-79.60561,43.64483],[-79.60501,43.64447],[-79.60478,43.64443],[-79.60397,43.64451],[-79.60334,43.64471],[-79.60293,43.64469],[-79.60248,43.64453],[-79.60199,43.64413],[-79.60073,43.64392],[-79.59983,43.64384],[-79.59922,43.64369],[-79.59893,43.64353],[-79.59861,43.6432],[-79.59838,43.6431],[-79.59673,43.64304],[-79.59606,43.6431],[-79.59542,43.64329],[-79.59331,43.64451],[-79.5929,43.64465],[-79.59245,43.64472],[-79.59181,43.6446],[-79.59038,43.644],[-79.59007,43.64381],[-79.58931,43.64315],[-79.58856,43.64273],[-79.58824,43.64233],[-79.58808,43.64195],[-79.58824,43.6417],[-79.58827,43.64157],[-79.58822,43.64146],[-79.58801,43.64121],[-79.58759,43.64089],[-79.58738,43.64065],[-79.58702,43.63992],[-79.58694,43.63949],[-79.58678,43.6392],[-79.58629,43.6385],[-79.58562,43.6378],[-79.58529,43.63723],[-79.58526,43.63696],[-79.58534,43.6367],[-79.58594,43.63568],[-79.58605,43.63545],[-79.58606,43.63532],[-79.58599,43.63494],[-79.58553,43.63442],[-79.58551,43.63431],[-79.58554,43.63419],[-79.58575,43.63387],[-79.58583,43.63364],[-79.5857,43.63334],[-79.58535,43.6329],[-79.58521,43.63251],[-79.58507,43.63178],[-79.58514,43.63122],[-79.58594,43.62988],[-79.58603,43.62958],[-79.586,43.62941],[-79.58583,43.62916],[-79.58559,43.62892],[-79.58539,43.62882],[-79.58374,43.62829],[-79.5826,43.62799],[-79.58223,43.62793],[-79.58166,43.62795],[-79.58111,43.6278],[-79.58046,43.62753],[-79.57971,43.62692],[-79.5769,43.62619],[-79.57573,43.62561],[-79.57506,43.62544],[-79.57451,43.62553],[-79.57369,43.62598],[-79.57246,43.62615],[-79.57057,43.62679],[-79.57022,43.62696],[-79.56979,43.62698],[-79.56915,43.62688],[-79.5688,43.62675],[-79.56859,43.62674],[-79.56837,43.6268],[-79.568,43.62703],[-79.5677,43.62732],[-79.56753,43.62761],[-79.56744,43.62801],[-79.56727,43.62811],[-79.56697,43.6282],[-79.566,43.62824],[-79.56479,43.62816],[-79.56411,43.62799],[-79.56395,43.62789],[-79.5639,43.62778],[-79.56388,43.62737],[-79.56378,43.62707],[-79.5635,43.62655],[-79.56344,43.62631],[-79.5636,43.62564],[-79.56356,43.62518],[-79.5636,43.62489],[-79.56394,43.6245],[-79.56408,43.62442],[-79.56426,43.62439],[-79.56488,43.62458],[-79.56509,43.62458],[-79.56543,43.62437],[-79.56561,43.62404],[-79.5659,43.62252],[-79.56558,43.62192],[-79.56555,43.62178],[-79.56558,43.62162],[-79.56565,43.62148],[-79.56581,43.62136],[-79.56665,43.62099],[-79.56682,43.62087],[-79.56691,43.62071],[-79.56693,43.62055],[-79.56675,43.61993],[-79.56672,43.61949],[-79.56674,43.61916],[-79.56682,43.61886],[-79.56651,43.61795],[-79.56654,43.61782],[-79.5667,43.61754],[-79.56697,43.61729],[-79.56755,43.61704],[-79.56785,43.61678],[-79.56782,43.61633],[-79.56786,43.61601],[-79.56818,43.6151],[-79.56835,43.61437],[-79.56829,43.61422],[-79.56789,43.61389],[-79.56771,43.61378],[-79.56726,43.61363],[-79.56631,43.61339],[-79.56512,43.61342],[-79.56438,43.61324],[-79.56409,43.61298],[-79.56395,43.61253],[-79.56422,43.61224],[-79.56528,43.61176],[-79.56615,43.61107],[-79.56665,43.61083],[-79.56708,43.61074],[-79.56717,43.61066],[-79.56733,43.61022],[-79.56727,43.6096],[-79.56718,43.60928],[-79.567,43.60895],[-79.56664,43.60868],[-79.5662,43.60859],[-79.56566,43.60867],[-79.5648,43.60838],[-79.56467,43.60825],[-79.56461,43.60795],[-79.56464,43.6078],[-79.56485,43.60751],[-79.56491,43.60735],[-79.56487,43.60722],[-79.56471,43.60711],[-79.56423,43.60699],[-79.56316,43.60684],[-79.56252,43.60667],[-79.56227,43.6065],[-79.56187,43.60604],[-79.56145,43.60584],[-79.56046,43.60546],[-79.55926,43.60475],[-79.55866,43.60422],[-79.55834,43.60377],[-79.55802,43.60349],[-79.5576,43.60326],[-79.55689,43.60296],[-79.55646,43.60271],[-79.55631,43.60257],[-79.55615,43.60221],[-79.55613,43.60204],[-79.55626,43.60158],[-79.55625,43.60141],[-79.55606,43.60104],[-79.55583,43.59999],[-79.55569,43.59967],[-79.55557,43.59953],[-79.55538,43.59942],[-79.55429,43.59912],[-79.55408,43.59899],[-79.55379,43.59866],[-79.55359,43.59829],[-79.55348,43.5979],[-79.55395,43.59633],[-79.55371,43.59576],[-79.55351,43.59561],[-79.55324,43.5955],[-79.55238,43.59532],[-79.55094,43.59532],[-79.54942,43.59521],[-79.54903,43.59513],[-79.54881,43.59495],[-79.54873,43.59485],[-79.54866,43.59442],[-79.54871,43.59382],[-79.54877,43.59362],[-79.54949,43.59226],[-79.5496,43.5915],[-79.54961,43.5911],[-79.54955,43.59062],[-79.54935,43.59034],[-79.54921,43.59027],[-79.54891,43.59029],[-79.54848,43.59017],[-79.54641,43.58893],[-79.54816,43.587],[-79.54465,43.58528],[-79.54388,43.58139],[-79.54341,43.581],[-79.54322,43.58158],[-79.54294,43.58213],[-79.54279,43.58257],[-79.54222,43.58366],[-79.54157,43.58423],[-79.54137,43.58454],[-79.5411,43.58464],[-79.54102,43.58489],[-79.54036,43.58558],[-79.53996,43.58608],[-79.53989,43.58615],[-79.53967,43.58623],[-79.53936,43.5866],[-79.53856,43.58717],[-79.53822,43.58731],[-79.53734,43.5879],[-79.53696,43.58808],[-79.53601,43.58817],[-79.53566,43.5881],[-79.53542,43.58812],[-79.53459,43.58795],[-79.53426,43.58797],[-79.53401,43.58756],[-79.53396,43.58754],[-79.53393,43.5876],[-79.534,43.58779],[-79.53384,43.58794],[-79.53349,43.58811],[-79.53219,43.58832],[-79.53111,43.58857],[-79.53084,43.58859],[-79.53058,43.58853],[-79.53054,43.58835],[-79.53061,43.58819],[-79.53067,43.58818],[-79.5308,43.58825],[-79.53088,43.58816],[-79.53074,43.58789],[-79.52971,43.58791],[-79.52954,43.58799],[-79.52925,43.58824],[-79.52864,43.58902],[-79.52853,43.5891],[-79.52755,43.58957],[-79.5264,43.58964],[-79.52607,43.58975],[-79.52535,43.58975],[-79.52496,43.58984],[-79.52478,43.58975],[-79.52464,43.58976],[-79.52448,43.58985],[-79.52403,43.58988],[-79.52349,43.59003],[-79.52333,43.59],[-79.52268,43.59003],[-79.51984,43.59021],[-79.51949,43.59029],[-79.51934,43.5904],[-79.51908,43.59046],[-79.51904,43.59061],[-79.51866,43.59072],[-79.5185,43.59069],[-79.5182,43.59039],[-79.51723,43.59056],[-79.51673,43.59028],[-79.5164,43.5899],[-79.51624,43.58954],[-79.51652,43.58897],[-79.51649,43.58889],[-79.51641,43.58888],[-79.51627,43.58908],[-79.51617,43.58912],[-79.51548,43.58891],[-79.51524,43.5889],[-79.51491,43.58897],[-79.51491,43.58905],[-79.51506,43.5894],[-79.51558,43.58938],[-79.51568,43.58945],[-79.5157,43.58962],[-79.51565,43.58985],[-79.51572,43.58995],[-79.51569,43.59006],[-79.5158,43.59013],[-79.51591,43.59053],[-79.51585,43.59071],[-79.51566,43.59082],[-79.5155,43.59082],[-79.51542,43.59013],[-79.51503,43.59002],[-79.51497,43.59005],[-79.51495,43.59011],[-79.51503,43.59046],[-79.51531,43.59057],[-79.51514,43.5908],[-79.51508,43.59079],[-79.51503,43.59065],[-79.51492,43.59067],[-79.51489,43.59055],[-79.51479,43.59046],[-79.51466,43.59045],[-79.51357,43.59068],[-79.51302,43.59085],[-79.51177,43.59052],[-79.51156,43.5904],[-79.51144,43.59022],[-79.51153,43.59013],[-79.51108,43.58909],[-79.51109,43.5889],[-79.51123,43.58867],[-79.5117,43.58844],[-79.51226,43.58827],[-79.51228,43.58819],[-79.51219,43.588],[-79.5122,43.58794],[-79.51314,43.58771],[-79.51326,43.58776],[-79.51333,43.58796],[-79.51353,43.588],[-79.5141,43.58787],[-79.51463,43.58762],[-79.51506,43.58778],[-79.5152,43.58788],[-79.51531,43.58803],[-79.51583,43.58813],[-79.51609,43.58826],[-79.51727,43.58853],[-79.51734,43.58849],[-79.51732,43.58843],[-79.51699,43.58826],[-79.51674,43.58823],[-79.51593,43.58798],[-79.51445,43.58727],[-79.51403,43.58713],[-79.51325,43.5871],[-79.51123,43.58738],[-79.51066,43.58736],[-79.50998,43.58721],[-79.50961,43.58721],[-79.50928,43.58731],[-79.50919,43.58742],[-79.50927,43.58756],[-79.50938,43.58762],[-79.50978,43.58768],[-79.51015,43.58783],[-79.51043,43.58809],[-79.5105,43.58841],[-79.51042,43.58902],[-79.51018,43.58945],[-79.50954,43.59008],[-79.50928,43.59016],[-79.50879,43.59021],[-79.50869,43.59028],[-79.50869,43.59039],[-79.50885,43.59054],[-79.5101,43.59076],[-79.51087,43.59104],[-79.51094,43.59122],[-79.51094,43.59141],[-79.51083,43.59173],[-79.51059,43.5921],[-79.51026,43.59239],[-79.50981,43.59236],[-79.50968,43.5924],[-79.50983,43.59252],[-79.51068,43.5926],[-79.51062,43.59268],[-79.50985,43.59265],[-79.50976,43.59269],[-79.50981,43.59276],[-79.50994,43.5928],[-79.51046,43.59288],[-79.5107,43.59304],[-79.51084,43.59331],[-79.51081,43.59352],[-79.51072,43.59365],[-79.51057,43.59376],[-79.51047,43.59372],[-79.51015,43.59381],[-79.50991,43.59381],[-79.50968,43.59375],[-79.50902,43.59392],[-79.50863,43.59374],[-79.50826,43.59388],[-79.50754,43.59401],[-79.50706,43.59416],[-79.50683,43.59417],[-79.50641,43.59412],[-79.50632,43.59396],[-79.50627,43.59355],[-79.50619,43.59348],[-79.50592,43.59344],[-79.50566,43.59352],[-79.50547,43.59374],[-79.50506,43.59396],[-79.50496,43.59422],[-79.50438,43.59426],[-79.50373,43.59422],[-79.50251,43.59443],[-79.50092,43.59499],[-79.50086,43.59508],[-79.50039,43.5954],[-79.50048,43.59576],[-79.50037,43.59597],[-79.50031,43.59625],[-79.49956,43.59753],[-79.49931,43.59775],[-79.49915,43.59782],[-79.49887,43.59782],[-79.49886,43.59789],[-79.49875,43.59793],[-79.49858,43.59795],[-79.49839,43.59779],[-79.49832,43.59782],[-79.49836,43.59805],[-79.49812,43.59836],[-79.49786,43.59851],[-79.49784,43.59861],[-79.49794,43.59885],[-79.49798,43.5992],[-79.49819,43.5995],[-79.49816,43.59978],[-79.49792,43.60021],[-79.49748,43.60071],[-79.49697,43.60109],[-79.49654,43.60155],[-79.49613,43.60187],[-79.49595,43.60195],[-79.49493,43.6022],[-79.49456,43.60222],[-79.49426,43.60209],[-79.49346,43.60212],[-79.49307,43.60201],[-79.49273,43.60206],[-79.49259,43.60214],[-79.49251,43.60227],[-79.49253,43.60254],[-79.4925,43.60266],[-79.49225,43.60282],[-79.49221,43.60294],[-79.49208,43.60306],[-79.49138,43.60361],[-79.4912,43.60387],[-79.49058,43.60446],[-79.49045,43.60469],[-79.49019,43.60496],[-79.48988,43.60515],[-79.48957,43.60552],[-79.48946,43.60553],[-79.48931,43.60576],[-79.48936,43.60589],[-79.48921,43.60622],[-79.48892,43.60663],[-79.48854,43.60675],[-79.48847,43.60683],[-79.48842,43.6068],[-79.48819,43.60721],[-79.48799,43.60739],[-79.48791,43.60769],[-79.48783,43.60776],[-79.48775,43.60799],[-79.48756,43.60821],[-79.4873,43.60833],[-79.4872,43.60846],[-79.48713,43.60859],[-79.48714,43.60881],[-79.48697,43.60933],[-79.48661,43.60959],[-79.48654,43.60969],[-79.48651,43.61012],[-79.48642,43.61032],[-79.48663,43.61031],[-79.48668,43.61035],[-79.48681,43.61077],[-79.48657,43.6108],[-79.48654,43.61087],[-79.48677,43.61093],[-79.48685,43.61104],[-79.48693,43.61129],[-79.48689,43.61152],[-79.48692,43.61162],[-79.48739,43.61198],[-79.4872,43.61257],[-79.48749,43.61279],[-79.48768,43.613],[-79.48751,43.6134],[-79.48715,43.61374],[-79.48652,43.61375],[-79.48626,43.61396],[-79.48618,43.61409],[-79.4862,43.6142],[-79.48608,43.61454],[-79.48583,43.61481],[-79.48584,43.61501],[-79.48563,43.61526],[-79.48541,43.6157],[-79.48539,43.61581],[-79.48546,43.61605],[-79.48543,43.61629],[-79.48516,43.61694],[-79.48496,43.61733],[-79.4844,43.61789],[-79.48426,43.61796],[-79.48372,43.61801],[-79.48316,43.61838],[-79.48241,43.61845],[-79.48165,43.61872],[-79.48157,43.61863],[-79.48136,43.61864],[-79.48124,43.61858],[-79.4812,43.61849],[-79.48126,43.61838],[-79.48165,43.61809],[-79.48145,43.61798],[-79.48131,43.61783],[-79.48123,43.61784],[-79.48124,43.61797],[-79.48118,43.61804],[-79.48056,43.61838],[-79.47887,43.61715],[-79.47885,43.61709],[-79.47895,43.617],[-79.48006,43.61617],[-79.48043,43.61619],[-79.48055,43.6157],[-79.48053,43.6156],[-79.48047,43.61554],[-79.48013,43.61546],[-79.4801,43.61539],[-79.48012,43.61514],[-79.48042,43.61411],[-79.48052,43.61405],[-79.48084,43.61403],[-79.48193,43.6141],[-79.48217,43.61397],[-79.4827,43.61396],[-79.48284,43.614],[-79.48283,43.61418],[-79.48306,43.61425],[-79.4831,43.6147],[-79.48315,43.61476],[-79.48324,43.61478],[-79.48338,43.61464],[-79.48348,43.61427],[-79.48373,43.6138],[-79.48418,43.61321],[-79.48413,43.61312],[-79.48403,43.61306],[-79.48373,43.61299],[-79.48343,43.61282],[-79.4832,43.61246],[-79.48292,43.61233],[-79.48279,43.61239],[-79.4827,43.61252],[-79.48267,43.61266],[-79.48271,43.61292],[-79.48262,43.61306],[-79.48244,43.61315],[-79.48179,43.61337],[-79.48104,43.61344],[-79.4808,43.61342],[-79.48058,43.61336],[-79.48029,43.61306],[-79.47996,43.61229],[-79.4798,43.61212],[-79.47944,43.61192],[-79.47906,43.61197],[-79.47893,43.61209],[-79.47888,43.61224],[-79.47891,43.61239],[-79.47928,43.61303],[-79.47874,43.61407],[-79.47849,43.61436],[-79.47828,43.61444],[-79.47728,43.61419],[-79.47701,43.61432],[-79.47692,43.61445],[-79.47742,43.61483],[-79.47751,43.61496],[-79.47715,43.61569],[-79.47677,43.61627],[-79.47638,43.61674],[-79.47614,43.61695],[-79.47602,43.61719],[-79.47573,43.61751],[-79.47528,43.61768],[-79.47512,43.61767],[-79.47497,43.6178],[-79.47515,43.61799],[-79.47595,43.61814],[-79.47605,43.61795],[-79.47673,43.61746],[-79.47727,43.61735],[-79.47834,43.61792],[-79.47866,43.61818],[-79.47884,43.6186],[-79.47877,43.6187],[-79.47844,43.6189],[-79.47832,43.61911],[-79.47817,43.6191],[-79.4781,43.61891],[-79.47795,43.61882],[-79.47786,43.6187],[-79.47782,43.61855],[-79.47768,43.61841],[-79.47748,43.61832],[-79.47727,43.61831],[-79.47686,43.61844],[-79.47667,43.61855],[-79.47653,43.61871],[-79.47648,43.6189],[-79.47651,43.61908],[-79.47663,43.61925],[-79.47713,43.61961],[-79.47808,43.61977],[-79.47833,43.61987],[-79.47854,43.62],[-79.47898,43.62016],[-79.47922,43.62035],[-79.47946,43.62029],[-79.47956,43.62037],[-79.47945,43.62047],[-79.47968,43.62059],[-79.47994,43.62087],[-79.48033,43.62107],[-79.48054,43.62107],[-79.4808,43.62079],[-79.48099,43.6207],[-79.48122,43.62068],[-79.48145,43.62072],[-79.48163,43.62084],[-79.48156,43.62122],[-79.48143,43.62139],[-79.48143,43.62155],[-79.48158,43.62182],[-79.48083,43.62164],[-79.48061,43.62164],[-79.48049,43.62169],[-79.4806,43.62177],[-79.48108,43.62192],[-79.4803,43.62177],[-79.48006,43.62168],[-79.47935,43.62166],[-79.47856,43.6215],[-79.47778,43.6216],[-79.47754,43.62158],[-79.47706,43.62093],[-79.47705,43.62081],[-79.47716,43.62073],[-79.47714,43.62056],[-79.47722,43.62024],[-79.47706,43.62011],[-79.47655,43.61995],[-79.47637,43.61985],[-79.47577,43.61977],[-79.47562,43.61964],[-79.47535,43.61911],[-79.47531,43.61893],[-79.47513,43.6188],[-79.4749,43.61871],[-79.47464,43.61873],[-79.4744,43.61885],[-79.47432,43.61905],[-79.47435,43.61925],[-79.47474,43.6198],[-79.47481,43.61998],[-79.47482,43.62018],[-79.47455,43.6206],[-79.47403,43.62124],[-79.47324,43.62206],[-79.47278,43.62233],[-79.47253,43.6224],[-79.47196,43.6224],[-79.47047,43.62256],[-79.46988,43.62247],[-79.46962,43.62238],[-79.46939,43.62242],[-79.4692,43.62256],[-79.46913,43.62277],[-79.46923,43.62295],[-79.46962,43.62329],[-79.46991,43.62372],[-79.47007,43.62416],[-79.47021,43.62485],[-79.4703,43.62506],[-79.47045,43.62524],[-79.47067,43.62533],[-79.4709,43.62527],[-79.47111,43.62515],[-79.47135,43.6251],[-79.47162,43.62519],[-79.47184,43.62532],[-79.47203,43.62535],[-79.47198,43.62497],[-79.47168,43.62466],[-79.47156,43.62434],[-79.4724,43.62349],[-79.47282,43.6234],[-79.47302,43.6235],[-79.47338,43.62385],[-79.47348,43.62387],[-79.47379,43.62422],[-79.47379,43.62412],[-79.47371,43.62398],[-79.47316,43.62336],[-79.47317,43.62326],[-79.47361,43.62288],[-79.47381,43.62256],[-79.474,43.62248],[-79.47425,43.62248],[-79.47452,43.62254],[-79.4748,43.62282],[-79.47525,43.62301],[-79.47553,43.62341],[-79.47573,43.62347],[-79.47686,43.62301],[-79.47734,43.62252],[-79.47765,43.62229],[-79.47851,43.622],[-79.47873,43.62202],[-79.47886,43.62212],[-79.47884,43.62226],[-79.47846,43.62256],[-79.47823,43.62298],[-79.47796,43.62337],[-79.4778,43.62352],[-79.47733,43.62361],[-79.47691,43.62355],[-79.47659,43.62342],[-79.47649,43.62348],[-79.47681,43.62386],[-79.47659,43.62415],[-79.47593,43.624],[-79.47589,43.62409],[-79.4762,43.62446],[-79.47607,43.62493],[-79.47617,43.62496],[-79.4766,43.62472],[-79.47639,43.62535],[-79.4764,43.62548],[-79.47606,43.62529],[-79.47593,43.62535],[-79.47594,43.62578],[-79.47624,43.62575],[-79.47612,43.62608],[-79.47612,43.62627],[-79.47579,43.62699],[-79.47545,43.62704],[-79.47541,43.6272],[-79.4756,43.62732],[-79.47534,43.62804],[-79.47516,43.62826],[-79.47486,43.62821],[-79.4747,43.62836],[-79.47492,43.62852],[-79.47465,43.62895],[-79.47447,43.62909],[-79.47416,43.62898],[-79.474,43.62912],[-79.47411,43.6293],[-79.47356,43.6297],[-79.47328,43.6297],[-79.47316,43.6296],[-79.47323,43.62947],[-79.47311,43.62941],[-79.47293,43.62959],[-79.47276,43.62958],[-79.47257,43.6297],[-79.47226,43.63048],[-79.47206,43.63062],[-79.47182,43.63066],[-79.47099,43.6306],[-79.47084,43.63067],[-79.47079,43.63074],[-79.4707,43.63126],[-79.47081,43.63192],[-79.4707,43.63196],[-79.47057,43.63209],[-79.47008,43.63227],[-79.46932,43.63265],[-79.46858,43.63332],[-79.46836,43.63374],[-79.46813,43.6339],[-79.46737,43.63419],[-79.46708,43.63434],[-79.46656,43.63449],[-79.46599,43.63459],[-79.46529,43.6349],[-79.46501,43.63519],[-79.46427,43.63554],[-79.46403,43.63563],[-79.46345,43.63573],[-79.46256,43.63577],[-79.46216,43.63603],[-79.46156,43.63631],[-79.4613,43.63633],[-79.46029,43.63669],[-79.46002,43.63674],[-79.45918,43.63678],[-79.45894,43.63677],[-79.45869,43.6367],[-79.45799,43.63705],[-79.4577,43.63714],[-79.45582,43.63734],[-79.45568,43.63732],[-79.4552,43.63742],[-79.45438,43.63735],[-79.45367,43.63721],[-79.45296,43.63686],[-79.4524,43.63671],[-79.45089,43.6365],[-79.45064,43.63654],[-79.44997,43.63648],[-79.44976,43.63651],[-79.44953,43.63642],[-79.44936,43.63627],[-79.44911,43.63619],[-79.44886,43.63619],[-79.44838,43.63636],[-79.44769,43.63648],[-79.44615,43.63609],[-79.44398,43.63515],[-79.44391,43.6351],[-79.44393,43.63501],[-79.44386,43.63495],[-79.44328,43.63473],[-79.44291,43.63469],[-79.44225,43.63492],[-79.44198,43.63496],[-79.44141,43.63488],[-79.44083,43.63472],[-79.43998,43.63419],[-79.44005,43.63409],[-79.44003,43.63396],[-79.43991,43.63386],[-79.43929,43.63355],[-79.43934,43.63329],[-79.43932,43.63318],[-79.43916,43.63309],[-79.43899,43.63305],[-79.43836,43.63275],[-79.43757,43.63247],[-79.43688,43.63214],[-79.4364,43.63199],[-79.4363,43.6319],[-79.43611,43.63187],[-79.43608,43.63181],[-79.43598,43.63178],[-79.43588,43.63183],[-79.43572,43.63176],[-79.43554,43.63161],[-79.43506,43.63136],[-79.43365,43.63086],[-79.43183,43.63043],[-79.43043,43.63015],[-79.42716,43.62968],[-79.42608,43.62963],[-79.42436,43.62977],[-79.42483,43.62997],[-79.42064,43.63034],[-79.42016,43.63023],[-79.41942,43.6303],[-79.41501,43.63099],[-79.41444,43.6311],[-79.41412,43.63121],[-79.41409,43.63111],[-79.41381,43.63071],[-79.4136,43.63063],[-79.40978,43.63126],[-79.40892,43.63173],[-79.40878,43.63306],[-79.40861,43.63304]],[[-79.47096,43.64774],[-79.47082,43.64805],[-79.47089,43.64817],[-79.47091,43.64833],[-79.47088,43.64849],[-79.4708,43.64859],[-79.47086,43.64845],[-79.47081,43.64824],[-79.47085,43.64814],[-79.47078,43.64809],[-79.47052,43.6475],[-79.47053,43.64732],[-79.47044,43.64716],[-79.4704,43.64723],[-79.47043,43.64749],[-79.4704,43.64782],[-79.47059,43.64833],[-79.47059,43.64872],[-79.47053,43.64858],[-79.47055,43.64845],[-79.47035,43.64795],[-79.4703,43.64747],[-79.47019,43.64736],[-79.47002,43.64739],[-79.4698,43.64724],[-79.46977,43.64694],[-79.46969,43.64677],[-79.46957,43.64661],[-79.4693,43.64645],[-79.46927,43.6462],[-79.46912,43.64588],[-79.46906,43.64552],[-79.46861,43.64497],[-79.46859,43.64463],[-79.46839,43.64409],[-79.46814,43.64388],[-79.46823,43.6438],[-79.46816,43.64382],[-79.46796,43.64378],[-79.46781,43.64364],[-79.46781,43.64375],[-79.46775,43.64378],[-79.46759,43.64378],[-79.46747,43.64372],[-79.46759,43.64353],[-79.46743,43.64323],[-79.46743,43.6428],[-79.46733,43.64259],[-79.46688,43.64229],[-79.46626,43.64207],[-79.46629,43.64203],[-79.46622,43.64193],[-79.46602,43.64199],[-79.46574,43.64185],[-79.46557,43.64187],[-79.46535,43.64168],[-79.46453,43.64138],[-79.46372,43.64122],[-79.46301,43.64137],[-79.46294,43.64134],[-79.46281,43.64124],[-79.46284,43.64083],[-79.46266,43.64052],[-79.46232,43.63961],[-79.46231,43.63947],[-79.46242,43.63931],[-79.46376,43.63891],[-79.46405,43.63878],[-79.46425,43.63875],[-79.4645,43.63883],[-79.46469,43.63883],[-79.46515,43.63872],[-79.46536,43.63863],[-79.46568,43.63837],[-79.46621,43.63807],[-79.4664,43.63806],[-79.46657,43.63821],[-79.46667,43.63834],[-79.4667,43.63862],[-79.46658,43.63876],[-79.46655,43.63887],[-79.46666,43.63894],[-79.46676,43.63892],[-79.46665,43.63901],[-79.46672,43.63911],[-79.46652,43.6393],[-79.46651,43.63943],[-79.46676,43.63959],[-79.46683,43.63979],[-79.46723,43.64004],[-79.46765,43.64048],[-79.46784,43.64083],[-79.46828,43.64138],[-79.46851,43.64191],[-79.4688,43.6423],[-79.46896,43.64265],[-79.46915,43.6429],[-79.46933,43.64358],[-79.46929,43.64376],[-79.4695,43.64414],[-79.46952,43.64442],[-79.46974,43.64471],[-79.46976,43.6448],[-79.46971,43.64488],[-79.4699,43.64505],[-79.46999,43.64525],[-79.47008,43.64567],[-79.47055,43.64656],[-79.47057,43.64691],[-79.47073,43.64704],[-79.47077,43.64713],[-79.47074,43.64723],[-79.471,43.64768],[-79.47096,43.64774]]]},"properties":{"AREA_SHORT_CODE":"2010","AREA_NAME":"TORONTO"}},{"type":"Feature","geometry":{"type":"Polygon","coordinates":[[[-79.35784,43.62771],[-79.35744,43.62824],[-79.35736,43.62872],[-79.35749,43.62877],[-79.35747,43.62881],[-79.35737,43.62877],[-79.35732,43.6289],[-79.35744,43.62911],[-79.35728,43.62905],[-79.35724,43.62946],[-79.35737,43.62965],[-79.35776,43.62993],[-79.35771,43.62998],[-79.3579,43.63003],[-79.35787,43.63012],[-79.35797,43.63013],[-79.35812,43.63027],[-79.35836,43.6304],[-79.35903,43.63003],[-79.36227,43.62704],[-79.36308,43.62583],[-79.36314,43.6256],[-79.36313,43.6255],[-79.36269,43.62509],[-79.3625,43.62504],[-79.36211,43.62478],[-79.36189,43.62471],[-79.36167,43.62487],[-79.36109,43.62507],[-79.3603,43.62563],[-79.35978,43.62584],[-79.35912,43.62626],[-79.35872,43.62668],[-79.3584,43.6272],[-79.35801,43.62746],[-79.35784,43.62771]]]},"properties":{"AREA_SHORT_CODE":"2060","AREA_NAME":"ALGONQUIN ISLAND"}},{"type":"Feature","geometry":{"type":"Polygon","coordinates":[[[-79.37859,43.61725],[-79.37838,43.61725],[-79.3782,43.61732],[-79.37793,43.61755],[-79.37787,43.61769],[-79.37787,43.61812],[-79.37765,43.61847],[-79.37778,43.61856],[-79.3792,43.61889],[-79.37956,43.61891],[-79.37985,43.61883],[-79.37971,43.61853],[-79.37859,43.61725]]]},"properties":{"AREA_SHORT_CODE":"2030","AREA_NAME":"FORESTRY ISLAND"}},{"type":"Feature","geometry":{"type":"Polygon","coordinates":[[[-79.41841,43.62947],[-79.41803,43.62823],[-79.4184,43.62816],[-79.41844,43.62795],[-79.4186,43.62774],[-79.41861,43.62758],[-79.41869,43.62752],[-79.41878,43.62752],[-79.41891,43.62761],[-79.41933,43.62765],[-79.41952,43.6278],[-79.41976,43.62783],[-79.42001,43.62798],[-79.42006,43.62795],[-79.42005,43.62789],[-79.41984,43.62765],[-79.41934,43.62745],[-79.41905,43.62752],[-79.41871,43.62721],[-79.41856,43.62723],[-79.41846,43.62736],[-79.4185,43.62749],[-79.41839,43.62758],[-79.41828,43.62749],[-79.41813,43.62748],[-79.41794,43.62753],[-79.41785,43.62764],[-79.41792,43.62768],[-79.41794,43.62761],[-79.41808,43.62753],[-79.41828,43.62756],[-79.41841,43.62772],[-79.41836,43.62784],[-79.41828,43.62787],[-79.41815,43.62789],[-79.41787,43.62779],[-79.4177,43.62783],[-79.41754,43.62799],[-79.41572,43.62827],[-79.41555,43.62822],[-79.41536,43.62807],[-79.41518,43.62804],[-79.41491,43.62773],[-79.41452,43.62771],[-79.41433,43.62781],[-79.41422,43.628],[-79.41425,43.62816],[-79.41446,43.62857],[-79.41446,43.62863],[-79.41388,43.62875],[-79.41378,43.62897],[-79.4138,43.62908],[-79.41396,43.62929],[-79.41444,43.62951],[-79.41446,43.62957],[-79.41433,43.62962],[-79.41419,43.62984],[-79.41426,43.6299],[-79.41428,43.63003],[-79.41386,43.63009],[-79.41378,43.62998],[-79.41357,43.62988],[-79.41349,43.62991],[-79.41311,43.62974],[-79.41305,43.62961],[-79.41258,43.62949],[-79.41237,43.62935],[-79.41201,43.62938],[-79.41186,43.62948],[-79.41151,43.62955],[-79.41138,43.62975],[-79.41127,43.62982],[-79.4108,43.6299],[-79.41073,43.63003],[-79.41076,43.63024],[-79.41042,43.63031],[-79.41038,43.6304],[-79.41037,43.63061],[-79.41046,43.6308],[-79.41139,43.63065],[-79.4114,43.63069],[-79.41034,43.63087],[-79.41039,43.63108],[-79.41155,43.63087],[-79.41176,43.6306],[-79.41456,43.63011],[-79.41494,43.63031],[-79.4174,43.6299],[-79.41785,43.6297],[-79.41793,43.6296],[-79.41791,43.62955],[-79.41841,43.62947]],[[-79.41456,43.62864],[-79.41449,43.62825],[-79.41452,43.62815],[-79.41464,43.62807],[-79.41528,43.6282],[-79.41564,43.62834],[-79.41601,43.6283],[-79.41646,43.62846],[-79.41653,43.62853],[-79.41655,43.62864],[-79.41636,43.62892],[-79.41608,43.62912],[-79.416,43.62936],[-79.41589,43.62945],[-79.41558,43.62958],[-79.41524,43.62957],[-79.41486,43.62965],[-79.4147,43.62961],[-79.41401,43.62916],[-79.41399,43.62906],[-79.41409,43.62891],[-79.41441,43.6288],[-79.41456,43.62864]]]},"properties":{"AREA_SHORT_CODE":"1050","AREA_NAME":"BRIGANTINE COVE"}},{"type":"Feature","geometry":{"type":"Polygon","coordinates":[[[-79.38723,43.61506],[-79.38796,43.61516],[-79.38862,43.61513],[-79.38935,43.61503],[-79.38962,43.61485],[-79.38954,43.61446],[-79.38944,43.61434],[-79.38929,43.61425],[-79.38855,43.6141],[-79.38844,43.61404],[-79.38836,43.61369],[-79.3883,43.61358],[-79.38816,43.61351],[-79.38748,43.61338],[-79.38731,43.6135],[-79.38713,43.61388],[-79.38701,43.61395],[-79.38697,43.61405],[-79.38666,43.61403],[-79.38653,43.61409],[-79.38652,43.61415],[-79.38689,43.61445],[-79.3871,43.61471],[-79.38724,43.61497],[-79.38723,43.61506]]]},"properties":{"AREA_SHORT_CODE":"1030","AREA_NAME":"TROUT POND"}},{"type":"Feature","geometry":{"type":"MultiPolygon","coordinates":[[[[-79.35252,43.63371],[-79.35428,43.63534],[-79.35433,43.63531],[-79.35302,43.63407],[-79.35361,43.63371],[-79.35463,43.63336],[-79.35499,43.63339],[-79.35525,43.63325],[-79.35541,43.63329],[-79.35561,43.63351],[-79.35582,43.63349],[-79.35655,43.6333],[-79.35685,43.63306],[-79.35704,43.63274],[-79.3571,43.63257],[-79.35709,43.63243],[-79.35697,43.63232],[-79.35695,43.63219],[-79.35721,43.6316],[-79.35744,43.63142],[-79.35752,43.63143],[-79.35764,43.63156],[-79.35787,43.63158],[-79.35791,43.63152],[-79.35774,43.63142],[-79.35778,43.63138],[-79.35813,43.63139],[-79.35814,43.63135],[-79.35815,43.63132],[-79.35801,43.63128],[-79.35725,43.63114],[-79.35719,43.63106],[-79.35723,43.63088],[-79.35718,43.63067],[-79.35718,43.63044],[-79.35649,43.62974],[-79.35632,43.62899],[-79.35656,43.62866],[-79.35654,43.62851],[-79.35659,43.62843],[-79.3567,43.62836],[-79.35688,43.62807],[-79.35722,43.62767],[-79.35746,43.62751],[-79.35776,43.62707],[-79.35842,43.62636],[-79.35999,43.62515],[-79.36091,43.62461],[-79.36125,43.62451],[-79.36202,43.62411],[-79.36245,43.62383],[-79.36271,43.62348],[-79.3641,43.62279],[-79.36439,43.62216],[-79.36581,43.62147],[-79.3663,43.62139],[-79.36719,43.62135],[-79.36806,43.62107],[-79.3686,43.62103],[-79.36934,43.62086],[-79.3697,43.62083],[-79.37014,43.62096],[-79.3705,43.62084],[-79.37063,43.62064],[-79.37061,43.62044],[-79.37051,43.62026],[-79.37013,43.61994],[-79.37,43.61975],[-79.36992,43.61945],[-79.36996,43.61927],[-79.37001,43.61918],[-79.37023,43.61906],[-79.37076,43.61897],[-79.371,43.61888],[-79.37123,43.61876],[-79.37135,43.61861],[-79.37145,43.61858],[-79.37166,43.61879],[-79.37183,43.61871],[-79.37266,43.61878],[-79.37294,43.61883],[-79.37301,43.6189],[-79.37312,43.61887],[-79.37323,43.61899],[-79.37361,43.61906],[-79.37395,43.61888],[-79.37407,43.61897],[-79.37421,43.61897],[-79.37427,43.61893],[-79.37423,43.61875],[-79.37477,43.61849],[-79.37592,43.61863],[-79.37663,43.61851],[-79.37694,43.61836],[-79.37715,43.61816],[-79.37719,43.61805],[-79.37718,43.61768],[-79.37724,43.61742],[-79.37731,43.61729],[-79.37758,43.61699],[-79.3776,43.61687],[-79.3777,43.61677],[-79.37846,43.61639],[-79.37932,43.61609],[-79.37946,43.61613],[-79.37961,43.6164],[-79.37971,43.61636],[-79.37977,43.61618],[-79.3799,43.61619],[-79.38015,43.61637],[-79.38022,43.61663],[-79.38031,43.61669],[-79.38122,43.61691],[-79.38121,43.61706],[-79.38091,43.61714],[-79.38061,43.61712],[-79.38023,43.61695],[-79.37975,43.61656],[-79.37961,43.61656],[-79.37953,43.61668],[-79.37924,43.61688],[-79.37921,43.617],[-79.37964,43.61764],[-79.38075,43.61893],[-79.38167,43.61955],[-79.38211,43.61971],[-79.38257,43.61977],[-79.38273,43.61972],[-79.38291,43.61953],[-79.38304,43.61962],[-79.38321,43.61988],[-79.38338,43.61987],[-79.38397,43.61962],[-79.38403,43.61947],[-79.38389,43.61924],[-79.38344,43.61904],[-79.38364,43.61884],[-79.38383,43.61852],[-79.38399,43.61851],[-79.38414,43.61875],[-79.38422,43.6188],[-79.38414,43.61813],[-79.38428,43.6182],[-79.38456,43.6187],[-79.38464,43.61877],[-79.38475,43.61873],[-79.38476,43.61863],[-79.3846,43.6183],[-79.38461,43.61818],[-79.38472,43.61813],[-79.38488,43.61821],[-79.38503,43.6188],[-79.3853,43.61896],[-79.38584,43.61917],[-79.38599,43.61913],[-79.38606,43.61906],[-79.38619,43.61917],[-79.38618,43.61937],[-79.38645,43.6195],[-79.3865,43.61961],[-79.38633,43.62017],[-79.38633,43.62031],[-79.38678,43.62051],[-79.38802,43.62074],[-79.38863,43.62097],[-79.38885,43.62101],[-79.38908,43.62099],[-79.38928,43.6209],[-79.3894,43.6208],[-79.38933,43.62047],[-79.38941,43.62021],[-79.38934,43.61998],[-79.38916,43.6197],[-79.38928,43.61916],[-79.38929,43.61852],[-79.38911,43.61786],[-79.38891,43.61736],[-79.38882,43.61724],[-79.38848,43.61701],[-79.38825,43.61693],[-79.38675,43.61667],[-79.38578,43.61638],[-79.38522,43.61632],[-79.38509,43.61633],[-79.38488,43.61643],[-79.38463,43.61635],[-79.38456,43.61627],[-79.38455,43.61602],[-79.38446,43.6158],[-79.38439,43.61573],[-79.38406,43.61575],[-79.38398,43.61568],[-79.38399,43.61559],[-79.38426,43.6154],[-79.38461,43.61531],[-79.38484,43.61509],[-79.38492,43.61496],[-79.38491,43.61485],[-79.38465,43.61468],[-79.38377,43.61451],[-79.38357,43.61372],[-79.38339,43.61372],[-79.38333,43.61356],[-79.38336,43.61347],[-79.3839,43.61342],[-79.3841,43.61346],[-79.38466,43.6139],[-79.38484,43.61398],[-79.3855,43.6141],[-79.38602,43.6141],[-79.38621,43.61414],[-79.3865,43.61432],[-79.38666,43.61444],[-79.38698,43.61485],[-79.38709,43.61512],[-79.38707,43.61535],[-79.38713,43.61564],[-79.38727,43.61585],[-79.38951,43.61655],[-79.39032,43.61817],[-79.39014,43.61906],[-79.39022,43.62192],[-79.3902,43.62226],[-79.39002,43.6226],[-79.39002,43.62264],[-79.39013,43.6227],[-79.39012,43.62281],[-79.38983,43.62374],[-79.38893,43.62444],[-79.38893,43.62453],[-79.3891,43.62476],[-79.38901,43.62494],[-79.38902,43.62504],[-79.38934,43.62539],[-79.38959,43.62594],[-79.38957,43.62654],[-79.38947,43.62698],[-79.3894,43.62708],[-79.38891,43.62746],[-79.38851,43.62785],[-79.38884,43.62767],[-79.38889,43.62769],[-79.38888,43.62781],[-79.3886,43.62805],[-79.38863,43.62807],[-79.3889,43.62789],[-79.389,43.6279],[-79.38904,43.62796],[-79.38873,43.62821],[-79.38872,43.62827],[-79.38904,43.62805],[-79.38916,43.6281],[-79.38965,43.62972],[-79.38903,43.63011],[-79.38743,43.63051],[-79.38807,43.63192],[-79.38824,43.63197],[-79.38882,43.63176],[-79.38911,43.63171],[-79.38977,43.63183],[-79.39018,43.63165],[-79.3909,43.63145],[-79.39172,43.63129],[-79.3921,43.6313],[-79.39227,43.63136],[-79.3928,43.63197],[-79.3929,43.63202],[-79.39313,43.63189],[-79.39489,43.63364],[-79.39642,43.63283],[-79.39646,43.63277],[-79.39643,43.6327],[-79.3963,43.63256],[-79.39634,43.63251],[-79.39641,43.6325],[-79.39662,43.63267],[-79.39672,43.63266],[-79.4028,43.62934],[-79.4049,43.62784],[-79.40476,43.62743],[-79.40427,43.6264],[-79.40273,43.62677],[-79.40257,43.62672],[-79.40152,43.62614],[-79.39986,43.62498],[-79.39899,43.62423],[-79.39821,43.62369],[-79.39749,43.62297],[-79.39685,43.62247],[-79.39645,43.62227],[-79.39606,43.62193],[-79.39539,43.62145],[-79.39387,43.62006],[-79.39274,43.61867],[-79.39233,43.61789],[-79.39185,43.61646],[-79.3918,43.61613],[-79.39182,43.61585],[-79.39198,43.61528],[-79.39183,43.61489],[-79.39188,43.61474],[-79.39214,43.61437],[-79.39187,43.61374],[-79.39144,43.61323],[-79.38948,43.6121],[-79.38938,43.61195],[-79.38915,43.61183],[-79.38841,43.61176],[-79.38823,43.6118],[-79.38825,43.61186],[-79.38835,43.61191],[-79.38816,43.61199],[-79.38779,43.61194],[-79.38761,43.61202],[-79.38657,43.61192],[-79.38576,43.61191],[-79.38533,43.61185],[-79.38402,43.61188],[-79.38209,43.61215],[-79.3822,43.61242],[-79.38058,43.61317],[-79.37849,43.61385],[-79.37723,43.61437],[-79.37656,43.61443],[-79.37616,43.61437],[-79.37598,43.6144],[-79.37569,43.61465],[-79.37515,43.61501],[-79.37365,43.61583],[-79.37253,43.61634],[-79.37229,43.61639],[-79.37197,43.61633],[-79.37174,43.6164],[-79.37161,43.61647],[-79.3715,43.61674],[-79.37127,43.617],[-79.37085,43.61726],[-79.37069,43.61744],[-79.37055,43.61752],[-79.37022,43.61764],[-79.36989,43.61769],[-79.36957,43.61793],[-79.36903,43.61822],[-79.36645,43.61934],[-79.36332,43.62159],[-79.36136,43.6229],[-79.35782,43.62545],[-79.35678,43.62641],[-79.35607,43.62715],[-79.35518,43.62842],[-79.35455,43.62958],[-79.35362,43.62975],[-79.35231,43.62984],[-79.35114,43.62981],[-79.35078,43.62974],[-79.35015,43.62972],[-79.34973,43.62958],[-79.34974,43.62894],[-79.34969,43.62894],[-79.34963,43.63042],[-79.34953,43.63091],[-79.34939,43.63102],[-79.35252,43.63371]],[[-79.38723,43.61506],[-79.38724,43.61497],[-79.3871,43.61471],[-79.38689,43.61445],[-79.38652,43.61415],[-79.38653,43.61409],[-79.38666,43.61403],[-79.38697,43.61405],[-79.38701,43.61395],[-79.38713,43.61388],[-79.38731,43.6135],[-79.38748,43.61338],[-79.38816,43.61351],[-79.3883,43.61358],[-79.38836,43.61369],[-79.38844,43.61404],[-79.38855,43.6141],[-79.38929,43.61425],[-79.38944,43.61434],[-79.38954,43.61446],[-79.38962,43.61485],[-79.38935,43.61503],[-79.38862,43.61513],[-79.38796,43.61516],[-79.38723,43.61506]]],[[[-79.38125,43.62535],[-79.38135,43.62552],[-79.38152,43.62558],[-79.38192,43.62563],[-79.38244,43.62561],[-79.38275,43.62568],[-79.38282,43.62573],[-79.38284,43.62588],[-79.38292,43.62585],[-79.38293,43.62569],[-79.38303,43.62564],[-79.38317,43.62561],[-79.38352,43.62569],[-79.38345,43.6255],[-79.38364,43.62529],[-79.38403,43.625],[-79.38405,43.62491],[-79.38403,43.6247],[-79.38326,43.62292],[-79.38313,43.62295],[-79.38327,43.62353],[-79.38209,43.62365],[-79.38181,43.62283],[-79.38289,43.6226],[-79.38282,43.62244],[-79.38297,43.62242],[-79.38283,43.62213],[-79.38267,43.62197],[-79.38256,43.62194],[-79.38243,43.622],[-79.38238,43.62234],[-79.3823,43.62243],[-79.38156,43.62255],[-79.38141,43.62264],[-79.3813,43.62281],[-79.38101,43.62276],[-79.38105,43.62258],[-79.38101,43.62239],[-79.38114,43.62196],[-79.38111,43.62183],[-79.38117,43.62161],[-79.38114,43.62127],[-79.38128,43.62102],[-79.38152,43.62099],[-79.3817,43.62119],[-79.38233,43.62127],[-79.38243,43.62132],[-79.38247,43.62152],[-79.38255,43.62158],[-79.38264,43.62155],[-79.38266,43.62145],[-79.38262,43.62133],[-79.38247,43.62111],[-79.38227,43.62094],[-79.38151,43.62077],[-79.38033,43.62036],[-79.37838,43.61994],[-79.37686,43.61968],[-79.37651,43.61958],[-79.37634,43.61947],[-79.37621,43.61948],[-79.37599,43.61938],[-79.37568,43.61943],[-79.37476,43.61928],[-79.37458,43.6192],[-79.37437,43.61924],[-79.37424,43.61932],[-79.37475,43.61971],[-79.3748,43.61982],[-79.37468,43.61991],[-79.37425,43.61989],[-79.37377,43.61997],[-79.37333,43.61987],[-79.37296,43.61989],[-79.37262,43.61997],[-79.3724,43.61981],[-79.37225,43.61977],[-79.37224,43.61972],[-79.37239,43.6195],[-79.37253,43.61944],[-79.37301,43.61957],[-79.3733,43.61953],[-79.37367,43.61958],[-79.37422,43.61954],[-79.37406,43.61927],[-79.37315,43.61926],[-79.37211,43.61911],[-79.37172,43.61911],[-79.37147,43.61914],[-79.37047,43.61943],[-79.37045,43.61955],[-79.3718,43.62101],[-79.37195,43.6211],[-79.37285,43.62117],[-79.37322,43.6211],[-79.37422,43.62104],[-79.37492,43.6212],[-79.37674,43.62148],[-79.37706,43.6217],[-79.37712,43.62192],[-79.37812,43.62228],[-79.378,43.62247],[-79.37824,43.62256],[-79.37839,43.62246],[-79.37844,43.62249],[-79.37843,43.62262],[-79.37851,43.62265],[-79.37864,43.62251],[-79.37875,43.62261],[-79.37883,43.62273],[-79.37881,43.62291],[-79.37819,43.62326],[-79.37816,43.62345],[-79.37828,43.6236],[-79.37878,43.62364],[-79.37944,43.6241],[-79.38013,43.62407],[-79.38055,43.62421],[-79.38065,43.62418],[-79.38076,43.62401],[-79.38085,43.62362],[-79.3814,43.62368],[-79.38154,43.62378],[-79.38173,43.62382],[-79.38326,43.62373],[-79.38336,43.62451],[-79.38256,43.62457],[-79.38251,43.62461],[-79.38246,43.62469],[-79.38291,43.62497],[-79.38246,43.62539],[-79.38172,43.62519],[-79.38143,43.62452],[-79.38143,43.6244],[-79.38136,43.62439],[-79.38131,43.62449],[-79.38131,43.62488],[-79.38123,43.62516],[-79.38125,43.62535]]],[[[-79.3682,43.62398],[-79.36907,43.62399],[-79.3705,43.62441],[-79.37078,43.62431],[-79.37116,43.62394],[-79.37132,43.62364],[-79.37123,43.62347],[-79.37104,43.62337],[-79.36913,43.62335],[-79.36823,43.62304],[-79.36812,43.62294],[-79.3677,43.62294],[-79.36745,43.62301],[-79.3682,43.62398]]],[[[-79.36751,43.62398],[-79.36762,43.62402],[-79.36801,43.62399],[-79.36803,43.62395],[-79.36701,43.62279],[-79.36623,43.6229],[-79.36627,43.62299],[-79.36642,43.62306],[-79.36652,43.62338],[-79.36648,43.6235],[-79.36654,43.6236],[-79.36751,43.62398]]],[[[-79.36489,43.62316],[-79.36477,43.62323],[-79.36476,43.62332],[-79.36491,43.62349],[-79.36508,43.62354],[-79.36639,43.62358],[-79.36605,43.62297],[-79.36592,43.62293],[-79.36538,43.62298],[-79.36489,43.62316]]],[[[-79.38567,43.61947],[-79.38526,43.61928],[-79.38476,43.61948],[-79.38464,43.61957],[-79.38463,43.61966],[-79.38485,43.62],[-79.38506,43.62011],[-79.38551,43.62011],[-79.38563,43.62004],[-79.38579,43.61984],[-79.3858,43.61974],[-79.38567,43.61947]]],[[[-79.38542,43.61553],[-79.38564,43.61589],[-79.38592,43.61584],[-79.38616,43.61555],[-79.38616,43.61532],[-79.38594,43.61503],[-79.38566,43.61488],[-79.3855,43.61488],[-79.38539,43.61491],[-79.38531,43.61523],[-79.38542,43.61553]]]]},"properties":{"AREA_SHORT_CODE":"2020","AREA_NAME":"TORONTO ISLANDS"}},{"type":"Feature","geometry":{"type":"MultiPolygon","coordinates":[[[[-79.41841,43.62947],[-79.41791,43.62955],[-79.41793,43.6296],[-79.41785,43.6297],[-79.4174,43.6299],[-79.41494,43.63031],[-79.41456,43.63011],[-79.41176,43.6306],[-79.41155,43.63087],[-79.41039,43.63108],[-79.41034,43.63087],[-79.4114,43.63069],[-79.41139,43.63065],[-79.41046,43.6308],[-79.41037,43.63061],[-79.41038,43.6304],[-79.41042,43.63031],[-79.41076,43.63024],[-79.41073,43.63003],[-79.4108,43.6299],[-79.41127,43.62982],[-79.41138,43.62975],[-79.41151,43.62955],[-79.41186,43.62948],[-79.41201,43.62938],[-79.41237,43.62935],[-79.41258,43.62949],[-79.41305,43.62961],[-79.41311,43.62974],[-79.41349,43.62991],[-79.41357,43.62988],[-79.41378,43.62998],[-79.41386,43.63009],[-79.41428,43.63003],[-79.41426,43.6299],[-79.41419,43.62984],[-79.41433,43.62962],[-79.41446,43.62957],[-79.41444,43.62951],[-79.41396,43.62929],[-79.4138,43.62908],[-79.41378,43.62897],[-79.41388,43.62875],[-79.41446,43.62863],[-79.41446,43.62857],[-79.41425,43.62816],[-79.41422,43.628],[-79.41433,43.62781],[-79.41452,43.62771],[-79.41491,43.62773],[-79.41518,43.62804],[-79.41536,43.62807],[-79.41561,43.62826],[-79.41601,43.62825],[-79.41632,43.62815],[-79.41634,43.62819],[-79.41754,43.62799],[-79.4177,43.62783],[-79.41787,43.62779],[-79.41815,43.62789],[-79.41828,43.62787],[-79.41836,43.62784],[-79.41841,43.62772],[-79.41833,43.6276],[-79.41808,43.62753],[-79.41794,43.62761],[-79.41792,43.62768],[-79.41785,43.62764],[-79.41788,43.62758],[-79.41821,43.62748],[-79.41839,43.62758],[-79.4185,43.62749],[-79.41846,43.62736],[-79.41856,43.62723],[-79.41871,43.62721],[-79.41905,43.62752],[-79.41934,43.62745],[-79.41975,43.62759],[-79.41994,43.62773],[-79.42005,43.62789],[-79.42006,43.62795],[-79.42001,43.62798],[-79.41976,43.62783],[-79.41952,43.6278],[-79.41933,43.62765],[-79.41891,43.62761],[-79.41878,43.62752],[-79.41869,43.62752],[-79.41861,43.62758],[-79.4186,43.62774],[-79.41844,43.62795],[-79.4184,43.62816],[-79.41847,43.62825],[-79.41857,43.62823],[-79.41867,43.62796],[-79.41877,43.62791],[-79.41903,43.62787],[-79.41932,43.62798],[-79.41935,43.62815],[-79.41915,43.62849],[-79.41935,43.62869],[-79.4196,43.62864],[-79.41962,43.62844],[-79.41982,43.62831],[-79.41987,43.62834],[-79.41969,43.62857],[-79.41971,43.62875],[-79.41933,43.62899],[-79.41942,43.62916],[-79.4194,43.62919],[-79.41963,43.62932],[-79.42247,43.62906],[-79.42249,43.629],[-79.42217,43.62868],[-79.42205,43.62839],[-79.42212,43.62813],[-79.42254,43.62773],[-79.42253,43.62763],[-79.42239,43.62746],[-79.42221,43.62741],[-79.42138,43.62754],[-79.42083,43.62739],[-79.42036,43.62717],[-79.42024,43.62693],[-79.42001,43.62676],[-79.4197,43.62676],[-79.41946,43.62689],[-79.41843,43.62654],[-79.41827,43.62656],[-79.41822,43.62649],[-79.41659,43.62626],[-79.41502,43.6264],[-79.41484,43.62646],[-79.41484,43.62651],[-79.41508,43.62655],[-79.41652,43.6264],[-79.41833,43.6266],[-79.41863,43.62675],[-79.41838,43.62703],[-79.41812,43.62707],[-79.41775,43.62691],[-79.41783,43.62734],[-79.41733,43.62792],[-79.4162,43.6281],[-79.41623,43.62806],[-79.41615,43.62802],[-79.4161,43.62786],[-79.41563,43.62764],[-79.41552,43.62732],[-79.41557,43.62726],[-79.41555,43.62713],[-79.41567,43.62694],[-79.41565,43.62688],[-79.41559,43.62687],[-79.41546,43.62706],[-79.41539,43.62708],[-79.41437,43.62718],[-79.41349,43.62697],[-79.41331,43.62702],[-79.41297,43.62731],[-79.41281,43.62735],[-79.41226,43.62739],[-79.41146,43.6273],[-79.41105,43.62738],[-79.41038,43.6278],[-79.41013,43.62806],[-79.41006,43.6282],[-79.41006,43.62857],[-79.41024,43.62914],[-79.41019,43.62924],[-79.40988,43.62939],[-79.40915,43.62952],[-79.40905,43.62965],[-79.40905,43.62978],[-79.40928,43.63021],[-79.40945,43.6307],[-79.40946,43.63102],[-79.40999,43.63094],[-79.41002,43.63114],[-79.40958,43.63122],[-79.40879,43.63168],[-79.40861,43.63304],[-79.40878,43.63306],[-79.40892,43.63173],[-79.40978,43.63126],[-79.4136,43.63063],[-79.41381,43.63071],[-79.41409,43.63111],[-79.41412,43.63121],[-79.41444,43.6311],[-79.41501,43.63099],[-79.41992,43.63023],[-79.42016,43.63023],[-79.42064,43.63034],[-79.42483,43.62997],[-79.42436,43.62977],[-79.42011,43.6301],[-79.41868,43.62948],[-79.41868,43.62942],[-79.41841,43.62947]]],[[[-79.41456,43.62864],[-79.41441,43.6288],[-79.41409,43.62891],[-79.41399,43.62906],[-79.41401,43.62916],[-79.4147,43.62961],[-79.41486,43.62965],[-79.41524,43.62957],[-79.41558,43.62958],[-79.41589,43.62945],[-79.416,43.62936],[-79.41608,43.62912],[-79.41636,43.62892],[-79.41655,43.62864],[-79.41653,43.62853],[-79.41646,43.62846],[-79.41601,43.6283],[-79.41564,43.62834],[-79.41528,43.6282],[-79.41464,43.62807],[-79.41452,43.62815],[-79.41449,43.62825],[-79.41456,43.62864]]]]},"properties":{"AREA_SHORT_CODE":"2080","AREA_NAME":"ONTARIO PLACE"}},{"type":"Feature","geometry":{"type":"Polygon","coordinates":[[[-79.40296,43.63148],[-79.4003,43.6329],[-79.40159,43.63417],[-79.40344,43.63334],[-79.40506,43.63307],[-79.40296,43.63148]]]},"properties":{"AREA_SHORT_CODE":"1040","AREA_NAME":"MOORING BASIN"}},{"type":"Feature","geometry":{"type":"Polygon","coordinates":[[[-79.36427,43.62493],[-79.36446,43.62506],[-79.36473,43.62488],[-79.36513,43.62476],[-79.36565,43.62446],[-79.36581,43.62422],[-79.36563,43.62389],[-79.36554,43.6238],[-79.36524,43.62376],[-79.36465,43.62346],[-79.36459,43.62351],[-79.36432,43.62336],[-79.36407,43.62312],[-79.36396,43.62312],[-79.363,43.62356],[-79.36281,43.6239],[-79.36288,43.62438],[-79.363,43.62461],[-79.36323,43.62483],[-79.36342,43.62489],[-79.36364,43.62494],[-79.36427,43.62493]]]},"properties":{"AREA_SHORT_CODE":"2070","AREA_NAME":"SNAKE ISLAND"}},{"type":"Feature","geometry":{"type":"Polygon","coordinates":[[[-79.3871,43.62324],[-79.38695,43.62261],[-79.3868,43.62229],[-79.38639,43.62151],[-79.38629,43.62146],[-79.38619,43.62152],[-79.38618,43.62148],[-79.38643,43.62132],[-79.38635,43.62127],[-79.38626,43.62137],[-79.38608,43.62139],[-79.38474,43.62115],[-79.38418,43.62101],[-79.38329,43.62086],[-79.38306,43.62087],[-79.38303,43.62101],[-79.38307,43.62114],[-79.38385,43.62271],[-79.38467,43.62477],[-79.38464,43.62491],[-79.38438,43.62514],[-79.38442,43.62541],[-79.38461,43.62587],[-79.38499,43.62637],[-79.38526,43.62661],[-79.38628,43.62733],[-79.3863,43.62747],[-79.38648,43.6277],[-79.3869,43.62706],[-79.38741,43.6266],[-79.38764,43.62626],[-79.38777,43.62591],[-79.38774,43.62557],[-79.38766,43.62535],[-79.38776,43.62499],[-79.38774,43.62483],[-79.38734,43.62377],[-79.38722,43.62363],[-79.3871,43.62324]]]},"properties":{"AREA_SHORT_CODE":"2090","AREA_NAME":"MUGGS ISLAND"}}]}