{"type":"FeatureCollection","features":[{"type":"Feature","geometry":{"type":"LineString","coordinates":[[-79.415549,43.779745],[-79.415512,43.7796],[-79.415504,43.779569],[-79.41546,43.779392],[-79.415415,43.779215],[-79.41537,43.779038],[-79.415369,43.779032],[-79.415324,43.778862],[-79.415278,43.778685],[-79.415232,43.778509],[-79.415185,43.778332],[-79.415139,43.778155],[-79.415093,43.777979],[-79.415047,43.777802],[-79.415,43.777625],[-79.414954,43.777448],[-79.414908,43.777272],[-79.414861,43.777095],[-79.414815,43.776918],[-79.414769,43.776741],[-79.414723,43.776565],[-79.414676,43.776388],[-79.41463,43.776211],[-79.414584,43.776035],[-79.414537,43.775858],[-79.414491,43.775681],[-79.414445,43.775504],[-79.414399,43.775328],[-79.414352,43.775151],[-79.414306,43.774974],[-79.41426,43.774797],[-79.414213,43.774621],[-79.414167,43.774444],[-79.414121,43.774267],[-79.414075,43.774091],[-79.414028,43.773914],[-79.413982,43.773737],[-79.413936,43.77356],[-79.41389,43.773384],[-79.413843,43.773207],[-79.413797,43.77303],[-79.413751,43.772854],[-79.413704,43.772677],[-79.413658,43.7725],[-79.413612,43.772323],[-79.413566,43.772147],[-79.413519,43.77197],[-79.413473,43.771793],[-79.413427,43.771616],[-79.41338,43.77144],[-79.413334,43.771263],[-79.413288,43.771086],[-79.413242,43.77091],[-79.413195,43.770733],[-79.413149,43.770556],[-79.413103,43.770379],[-79.413057,43.770203],[-79.41301,43.770026],[-79.412964,43.769849],[-79.412918,43.769673],[-79.412871,43.769496],[-79.412825,43.769319],[-79.41282,43.769298],[-79.41278,43.769141],[-79.412735,43.768964],[-79.412691,43.768787],[-79.412663,43.768675],[-79.412646,43.76861],[-79.412602,43.768433],[-79.412557,43.768256],[-79.412513,43.768079],[-79.412505,43.768051],[-79.41247,43.767899],[-79.412429,43.767721],[-79.412388,43.767544],[-79.412347,43.767367],[-79.412307,43.767189],[-79.412266,43.767012],[-79.412225,43.766834],[-79.412184,43.766657],[-79.412143,43.76648],[-79.412102,43.766302],[-79.412061,43.766125],[-79.41202,43.765948],[-79.411979,43.76577],[-79.411938,43.765593],[-79.411897,43.765415],[-79.411856,43.765238],[-79.411815,43.765061],[-79.411774,43.764883],[-79.411734,43.764706],[-79.411693,43.764529],[-79.411652,43.764351],[-79.411611,43.764174],[-79.41157,43.763996],[-79.411529,43.763819],[-79.411488,43.763642],[-79.411447,43.763464],[-79.411406,43.763287],[-79.411365,43.763109],[-79.411324,43.762932],[-79.411283,43.762755],[-79.411242,43.762577],[-79.411241,43.762572],[-79.411212,43.762393],[-79.411201,43.762328],[-79.41118,43.762217],[-79.411147,43.762039],[-79.411144,43.762024],[-79.4111,43.761869],[-79.411051,43.761692],[-79.411001,43.761516],[-79.410952,43.76134],[-79.410942,43.761304],[-79.410902,43.761164],[-79.410853,43.760987],[-79.410804,43.760811],[-79.410797,43.760787],[-79.410757,43.760633],[-79.410711,43.760456],[-79.410665,43.760279],[-79.410619,43.760102],[-79.410573,43.759926],[-79.410528,43.759749],[-79.410523,43.75973],[-79.410483,43.759571],[-79.41048,43.759563],[-79.410443,43.759415],[-79.410438,43.759394],[-79.410394,43.759217],[-79.41035,43.75904],[-79.410306,43.758863],[-79.410262,43.758686],[-79.410218,43.758509],[-79.410174,43.758332],[-79.41013,43.758155],[-79.410086,43.757978],[-79.410042,43.757801],[-79.409998,43.757624],[-79.409953,43.757447],[-79.409909,43.75727],[-79.409865,43.757093],[-79.409821,43.756916],[-79.409777,43.756739],[-79.409733,43.756562],[-79.409689,43.756385],[-79.409645,43.756208],[-79.409624,43.756125],[-79.409602,43.756031],[-79.40956,43.755853],[-79.409518,43.755677],[-79.409475,43.7555],[-79.409433,43.755324],[-79.409392,43.755149],[-79.40935,43.754972],[-79.409307,43.754796],[-79.409265,43.754619],[-79.409223,43.754441],[-79.409181,43.754265],[-79.409138,43.754088],[-79.409096,43.753911],[-79.409054,43.753734],[-79.409012,43.753557],[-79.408969,43.753379],[-79.408927,43.753202],[-79.408885,43.753025],[-79.408843,43.752848],[-79.40883,43.752795],[-79.408796,43.752672],[-79.408748,43.752496],[-79.408699,43.75232],[-79.408651,43.752145],[-79.408603,43.75197],[-79.408555,43.751796],[-79.408508,43.751624],[-79.408481,43.751528],[-79.408462,43.751446],[-79.40842,43.751272],[-79.408378,43.751096],[-79.408336,43.750919],[-79.408295,43.750744],[-79.408253,43.750567],[-79.40821,43.75039],[-79.408168,43.750213],[-79.40816,43.750177],[-79.40812,43.75006],[-79.40806,43.749886],[-79.408001,43.749711],[-79.407942,43.749536],[-79.407882,43.749362],[-79.407823,43.749187],[-79.407763,43.749013],[-79.407704,43.748838],[-79.407644,43.748663],[-79.407585,43.748489],[-79.407525,43.748314],[-79.407466,43.74814],[-79.407407,43.747968],[-79.407352,43.747805],[-79.407301,43.747656],[-79.407244,43.747489],[-79.407187,43.747323],[-79.407129,43.747153],[-79.40707,43.746979],[-79.407044,43.746903],[-79.406205,43.744439],[-79.406182,43.74423],[-79.406162,43.744053],[-79.406161,43.744048],[-79.40615,43.74387],[-79.406138,43.743693],[-79.406127,43.743516],[-79.406125,43.743489],[-79.40612,43.743336],[-79.406116,43.743229],[-79.406112,43.743158],[-79.406103,43.74298],[-79.406093,43.742801],[-79.406084,43.742623],[-79.406074,43.742444],[-79.406065,43.742266],[-79.406055,43.742087],[-79.406045,43.741909],[-79.406041,43.74183],[-79.405981,43.740698],[-79.405555,43.738653],[-79.405518,43.738475],[-79.405481,43.738298],[-79.405444,43.738121],[-79.405407,43.737944],[-79.405372,43.737776],[-79.405338,43.737611],[-79.405303,43.737445],[-79.405266,43.737269],[-79.40523,43.737092],[-79.405193,43.736915],[-79.405156,43.736738],[-79.405119,43.73656],[-79.405082,43.736382],[-79.405045,43.736204],[-79.405008,43.736026],[-79.405005,43.736016],[-79.404967,43.73585],[-79.404926,43.735673],[-79.404886,43.735495],[-79.404845,43.735318],[-79.404804,43.735141],[-79.404763,43.734963],[-79.404722,43.734786],[-79.404681,43.734608],[-79.404641,43.734431],[-79.4046,43.734254],[-79.404559,43.734076],[-79.404555,43.734058],[-79.404517,43.7339],[-79.404474,43.733722],[-79.404432,43.733545],[-79.40439,43.733368],[-79.404347,43.733191],[-79.404305,43.733014],[-79.404262,43.732837],[-79.40422,43.732659],[-79.404184,43.73251],[-79.404177,43.732484],[-79.40413,43.732308],[-79.404083,43.732131],[-79.404036,43.731955],[-79.403989,43.731778],[-79.403943,43.731601],[-79.403896,43.731425],[-79.403849,43.731248],[-79.403802,43.731072],[-79.403755,43.730895],[-79.403708,43.730719],[-79.403661,43.730542],[-79.403614,43.730366],[-79.403567,43.730189],[-79.40352,43.730012],[-79.403473,43.729836],[-79.403426,43.729659],[-79.403379,43.729483],[-79.403332,43.729306],[-79.403285,43.72913],[-79.403238,43.728953],[-79.403191,43.728776],[-79.403181,43.728737],[-79.40314,43.728604],[-79.403087,43.728429],[-79.403034,43.728253],[-79.40298,43.728078],[-79.402927,43.727902],[-79.402891,43.727784],[-79.402875,43.727718],[-79.402833,43.727541],[-79.40279,43.727364],[-79.402747,43.727187],[-79.402704,43.72701],[-79.402662,43.726833],[-79.402619,43.726656],[-79.402576,43.726478],[-79.402542,43.726337],[-79.402533,43.7263],[-79.402492,43.726123],[-79.402451,43.725946],[-79.40241,43.725768],[-79.402369,43.725591],[-79.402328,43.725414],[-79.402287,43.725236],[-79.402246,43.725059],[-79.402206,43.724883],[-79.402165,43.724706],[-79.402157,43.724671],[-79.402126,43.724526],[-79.402089,43.724348],[-79.402052,43.72417],[-79.402048,43.724151],[-79.402017,43.723991],[-79.401983,43.723813],[-79.401948,43.723635],[-79.401914,43.723457],[-79.40188,43.723279],[-79.401846,43.723102],[-79.401811,43.722924],[-79.401777,43.722745],[-79.401743,43.722567],[-79.401708,43.722389],[-79.401674,43.722211],[-79.40164,43.722033],[-79.401605,43.721855],[-79.401571,43.721677],[-79.401537,43.721498],[-79.401502,43.72132],[-79.401468,43.721142],[-79.401433,43.720964],[-79.401399,43.720786],[-79.401365,43.720608],[-79.40133,43.72043],[-79.401296,43.720251],[-79.401276,43.720149],[-79.401261,43.720075],[-79.401222,43.719898],[-79.401184,43.71972],[-79.401146,43.719543],[-79.401108,43.719366],[-79.40107,43.719188],[-79.401032,43.71901],[-79.400993,43.718833],[-79.400955,43.718655],[-79.400917,43.718477],[-79.400879,43.718299],[-79.40084,43.718122],[-79.400802,43.717944],[-79.400764,43.717766],[-79.400726,43.717589],[-79.400688,43.717411],[-79.400649,43.717233],[-79.400611,43.717055],[-79.400573,43.716878],[-79.400535,43.7167],[-79.400496,43.716522],[-79.400458,43.716345],[-79.40042,43.716167],[-79.400382,43.715989],[-79.400344,43.715811],[-79.400305,43.715634],[-79.400267,43.715456],[-79.400229,43.715278],[-79.400191,43.715101],[-79.400153,43.714923],[-79.400114,43.714745],[-79.400076,43.714567],[-79.400038,43.71439],[-79.4,43.714212],[-79.399962,43.714034],[-79.399923,43.713857],[-79.399885,43.713679],[-79.399847,43.713501],[-79.399809,43.713323],[-79.39977,43.713146],[-79.399732,43.712968],[-79.399694,43.71279],[-79.399656,43.712613],[-79.399618,43.712435],[-79.399579,43.712257],[-79.399541,43.712079],[-79.399503,43.711902],[-79.399465,43.711724],[-79.399427,43.711546],[-79.399388,43.711369],[-79.39935,43.711191],[-79.399312,43.711013],[-79.399274,43.710835],[-79.399235,43.710658],[-79.399197,43.71048],[-79.399159,43.710302],[-79.399121,43.710125],[-79.399083,43.709947],[-79.399044,43.709769],[-79.399006,43.709591],[-79.398968,43.709414],[-79.39893,43.709236],[-79.398892,43.709058],[-79.398853,43.708881],[-79.398815,43.708703],[-79.398796,43.708616],[-79.398779,43.708522],[-79.398747,43.708344],[-79.398735,43.708279],[-79.398718,43.708162],[-79.398692,43.707984],[-79.39869,43.707971],[-79.398683,43.707798],[-79.398677,43.707672],[-79.398674,43.707619],[-79.398665,43.707441],[-79.398661,43.707358],[-79.398657,43.707262],[-79.398649,43.707084],[-79.398642,43.706905],[-79.398636,43.706762],[-79.398633,43.706726],[-79.39862,43.706553],[-79.398607,43.706375],[-79.398594,43.706195],[-79.398588,43.706116],[-79.39858,43.706015],[-79.398567,43.705836],[-79.398554,43.705656],[-79.398541,43.705493],[-79.398539,43.705479],[-79.398508,43.705301],[-79.398478,43.705123],[-79.398468,43.705065],[-79.39846,43.704939],[-79.398453,43.70483],[-79.398449,43.704759],[-79.398438,43.70458],[-79.398428,43.704402],[-79.398418,43.704223],[-79.398408,43.704045],[-79.398397,43.703866],[-79.398387,43.703686],[-79.398383,43.703616],[-79.398377,43.703506],[-79.398368,43.703327],[-79.398367,43.703313],[-79.398356,43.703148],[-79.398345,43.702969],[-79.398333,43.702789],[-79.398321,43.70261],[-79.39831,43.70243],[-79.398304,43.702337],[-79.398298,43.702251],[-79.398288,43.702072],[-79.398277,43.701893],[-79.398271,43.701798],[-79.398265,43.701715],[-79.398251,43.701536],[-79.398247,43.701487],[-79.398243,43.701356],[-79.398238,43.701228],[-79.398235,43.701177],[-79.398223,43.700998],[-79.39821,43.700819],[-79.398198,43.70064],[-79.398191,43.700546],[-79.398186,43.700462],[-79.398177,43.7003],[-79.398175,43.700282],[-79.398161,43.700104],[-79.398147,43.699925],[-79.398146,43.699913],[-79.398126,43.699743],[-79.398122,43.699706],[-79.398091,43.699555],[-79.398072,43.699464],[-79.398045,43.699375],[-79.397974,43.699189],[-79.397948,43.699123],[-79.39789,43.699013],[-79.397803,43.698848],[-79.397802,43.698847],[-79.397719,43.698683],[-79.397663,43.698573],[-79.397633,43.698519],[-79.397543,43.698356],[-79.397453,43.698191],[-79.397362,43.698025],[-79.397288,43.697891],[-79.39727,43.697858],[-79.397179,43.697692],[-79.397088,43.697525],[-79.396996,43.697359],[-79.396905,43.697192],[-79.396814,43.697026],[-79.396722,43.696858],[-79.396695,43.69681],[-79.396633,43.696682],[-79.396599,43.696613],[-79.396555,43.696492],[-79.396529,43.696419],[-79.396514,43.696379],[-79.396424,43.696036],[-79.39638,43.695823],[-79.396245,43.695414],[-79.39614,43.69493],[-79.395855,43.693574],[-79.395777,43.693201],[-79.395729,43.692981],[-79.395622,43.69256],[-79.395416,43.691958],[-79.395263,43.691596],[-79.395191,43.691424],[-79.395118,43.691252],[-79.395048,43.691084],[-79.394978,43.690918],[-79.394913,43.690765],[-79.394853,43.690623],[-79.394823,43.690552],[-79.394774,43.690467],[-79.394679,43.690302],[-79.394585,43.690137],[-79.39449,43.689973],[-79.394395,43.689808],[-79.394331,43.689697],[-79.394297,43.689641],[-79.394196,43.689479],[-79.394096,43.689317],[-79.394032,43.689215],[-79.393986,43.689155],[-79.393868,43.689003],[-79.393789,43.688901],[-79.39375,43.688851],[-79.393633,43.688698],[-79.393516,43.688545],[-79.393399,43.688392],[-79.393343,43.688319],[-79.393318,43.688286],[-79.392891,43.687721],[-79.392735,43.687429],[-79.392628,43.687095],[-79.392525,43.686747],[-79.392443,43.686483],[-79.392414,43.686341],[-79.392385,43.686198],[-79.392255,43.685882],[-79.390753,43.682227],[-79.390742,43.682201],[-79.3905,43.681595],[-79.389572,43.679264],[-79.389281,43.678485],[-79.38887,43.677483],[-79.388731,43.677127],[-79.388664,43.676954],[-79.388596,43.676781],[-79.388529,43.676608],[-79.388461,43.676435],[-79.388394,43.676262],[-79.388326,43.676088],[-79.388274,43.675953],[-79.388259,43.675915],[-79.38819,43.675743],[-79.388121,43.67557],[-79.388109,43.675539],[-79.388042,43.675398],[-79.387962,43.675228],[-79.387959,43.675223],[-79.387867,43.675061],[-79.387864,43.675056],[-79.387787,43.674931],[-79.387765,43.674899],[-79.387673,43.674767],[-79.387654,43.674742],[-79.387558,43.674618],[-79.387537,43.674592],[-79.38741,43.674441],[-79.387282,43.674288],[-79.387154,43.674136],[-79.387026,43.673983],[-79.386897,43.67383],[-79.386799,43.673713],[-79.386766,43.67367],[-79.386644,43.673514],[-79.386601,43.673459],[-79.386523,43.673347],[-79.386437,43.673224],[-79.386407,43.673175],[-79.386358,43.673095],[-79.386306,43.673002],[-79.386278,43.672951],[-79.386217,43.672811],[-79.386184,43.672735],[-79.386143,43.672626],[-79.386107,43.672531],[-79.38608,43.672432],[-79.386032,43.672256],[-79.385996,43.672125],[-79.385984,43.672065],[-79.385949,43.671889],[-79.38594,43.671845],[-79.385912,43.671715],[-79.385875,43.671538],[-79.385837,43.671361],[-79.385813,43.671245],[-79.3858,43.671185],[-79.385762,43.671008],[-79.385725,43.670832],[-79.385687,43.670655],[-79.385676,43.670602],[-79.38565,43.670478],[-79.385614,43.670301],[-79.385577,43.670124],[-79.385541,43.669947],[-79.385535,43.669919],[-79.385443,43.669474],[-79.385425,43.6694],[-79.385397,43.669321],[-79.383746,43.665299],[-79.383714,43.665219],[-79.383644,43.665046],[-79.383575,43.664874],[-79.383505,43.664701],[-79.383447,43.664557],[-79.383437,43.664527],[-79.383401,43.66442],[-79.383384,43.664349],[-79.383369,43.664287],[-79.383353,43.664168],[-79.383352,43.664157],[-79.383345,43.664028],[-79.383346,43.663988],[-79.383348,43.663901],[-79.383355,43.663811],[-79.383358,43.663773],[-79.383373,43.663646],[-79.383374,43.663637],[-79.383392,43.663518],[-79.3834,43.663463],[-79.383411,43.66339],[-79.383426,43.663286],[-79.383429,43.66326],[-79.383447,43.663129],[-79.38345,43.663107],[-79.383463,43.662996],[-79.383469,43.662923],[-79.383475,43.662854],[-79.383477,43.662737],[-79.383477,43.662699],[-79.383468,43.662555],[-79.383466,43.662527],[-79.383445,43.662378],[-79.383438,43.662333],[-79.383411,43.662209],[-79.38339,43.662112],[-79.38337,43.662043],[-79.38332,43.661873],[-79.383316,43.66186],[-79.383261,43.661706],[-79.383213,43.661571],[-79.383199,43.661537],[-79.38313,43.661364],[-79.383081,43.661242],[-79.38306,43.661194],[-79.382986,43.661022],[-79.382912,43.660851],[-79.382838,43.660679],[-79.38283,43.660662],[-79.382764,43.660507],[-79.38269,43.660336],[-79.382616,43.660164],[-79.382542,43.659992],[-79.382468,43.659821],[-79.382394,43.659649],[-79.382388,43.659637],[-79.38232,43.659477],[-79.382267,43.659355],[-79.382246,43.659306],[-79.382171,43.659134],[-79.382097,43.658962],[-79.382023,43.658791],[-79.381948,43.658619],[-79.381874,43.658447],[-79.3818,43.658276],[-79.381725,43.658104],[-79.381651,43.657933],[-79.381577,43.657761],[-79.381502,43.657589],[-79.381428,43.657418],[-79.381354,43.657246],[-79.381279,43.657074],[-79.381205,43.656903],[-79.381131,43.656731],[-79.381056,43.65656],[-79.381051,43.656548],[-79.380979,43.656391],[-79.380901,43.65622],[-79.380823,43.656049],[-79.380779,43.655952],[-79.380747,43.655875],[-79.380674,43.655703],[-79.380601,43.655531],[-79.380528,43.655359],[-79.380455,43.655187],[-79.380382,43.655015],[-79.380309,43.654843],[-79.380236,43.654671],[-79.380163,43.654499],[-79.38009,43.654327],[-79.380017,43.654155],[-79.379944,43.653983],[-79.379871,43.653811],[-79.379798,43.65364],[-79.379725,43.653468],[-79.379653,43.653296],[-79.37958,43.653124],[-79.379507,43.652952],[-79.379502,43.652942],[-79.379433,43.652781],[-79.379359,43.652609],[-79.379337,43.652559],[-79.379284,43.652438],[-79.379209,43.652267],[-79.379134,43.652095],[-79.37906,43.651924],[-79.378985,43.651753],[-79.378927,43.65162],[-79.37891,43.651581],[-79.378835,43.65141],[-79.37876,43.651239],[-79.378685,43.651067],[-79.37861,43.650896],[-79.378535,43.650724],[-79.37846,43.650553],[-79.378384,43.650381],[-79.378309,43.65021],[-79.378234,43.650038],[-79.378176,43.649906],[-79.378159,43.649867],[-79.378084,43.649695],[-79.378052,43.649622],[-79.378011,43.649518],[-79.377942,43.649345],[-79.377873,43.649173],[-79.377803,43.649],[-79.377779,43.648939],[-79.377734,43.648827],[-79.377666,43.648654],[-79.377597,43.648481],[-79.377528,43.648309],[-79.37746,43.648137],[-79.377392,43.647965],[-79.377324,43.647795],[-79.377258,43.647628],[-79.377196,43.647475],[-79.377188,43.647448],[-79.377158,43.647359],[-79.377137,43.647251],[-79.377133,43.6472],[-79.37713,43.647148],[-79.377138,43.647051],[-79.377159,43.646958],[-79.377192,43.64687],[-79.377207,43.646842],[-79.377237,43.646787],[-79.377292,43.646709],[-79.377357,43.646634],[-79.377431,43.646564],[-79.377448,43.64655],[-79.377513,43.646498],[-79.377602,43.646436],[-79.377679,43.64639],[-79.377698,43.646378],[-79.377799,43.646325],[-79.377905,43.646275],[-79.377944,43.646258],[-79.378014,43.646229],[-79.378126,43.646187],[-79.378189,43.646166],[-79.378239,43.646149],[-79.378353,43.646115],[-79.378436,43.646093],[-79.378468,43.646084],[-79.378678,43.646036],[-79.378858,43.645996],[-79.378915,43.645984],[-79.378858,43.645996],[-79.378663,43.646017],[-79.378448,43.646046],[-79.37883,43.64595],[-79.3791,43.645873],[-79.379331,43.645808],[-79.379358,43.6458],[-79.379583,43.645751],[-79.379821,43.645699],[-79.380059,43.645647],[-79.380217,43.645612],[-79.380297,43.645595],[-79.380535,43.645543],[-79.380773,43.645491],[-79.381011,43.645439],[-79.381039,43.645433],[-79.381243,43.645394],[-79.38126,43.645391],[-79.381501,43.645347],[-79.381742,43.645303],[-79.381979,43.64526],[-79.382022,43.645259],[-79.382185,43.645256],[-79.382284,43.64526],[-79.38238,43.645264],[-79.382551,43.645286],[-79.382618,43.645295],[-79.382805,43.645331],[-79.382905,43.64535],[-79.383054,43.645387],[-79.383236,43.645432],[-79.383318,43.645465],[-79.383421,43.645507],[-79.383554,43.645581],[-79.383581,43.645596],[-79.383689,43.645681],[-79.383764,43.645767],[-79.38377,43.645775],[-79.383848,43.645897],[-79.383874,43.645941],[-79.383971,43.6461],[-79.384068,43.64626],[-79.384141,43.646381],[-79.384165,43.646423],[-79.384258,43.646587],[-79.384352,43.646752],[-79.384445,43.646917],[-79.38454,43.647084],[-79.384634,43.64725],[-79.384728,43.647416],[-79.384823,43.647582],[-79.384917,43.647749],[-79.38496,43.647824],[-79.385012,43.647915],[-79.385106,43.648081],[-79.3852,43.648248],[-79.385295,43.648414],[-79.385332,43.64848],[-79.385397,43.648584],[-79.385499,43.648747],[-79.385602,43.648911],[-79.385627,43.648952],[-79.385703,43.649075],[-79.385805,43.649239],[-79.385906,43.649403],[-79.386007,43.649567],[-79.386091,43.649703],[-79.386105,43.649727],[-79.386199,43.649894],[-79.386239,43.649965],[-79.386282,43.650055],[-79.386316,43.650128],[-79.386357,43.650222],[-79.386431,43.650393],[-79.386505,43.650565],[-79.386579,43.650736],[-79.386579,43.650737],[-79.386653,43.650908],[-79.386727,43.65108],[-79.386801,43.651252],[-79.386875,43.651424],[-79.386949,43.651595],[-79.387023,43.651767],[-79.387097,43.651939],[-79.387171,43.65211],[-79.387245,43.652282],[-79.387319,43.652454],[-79.387393,43.652626],[-79.387467,43.652797],[-79.387541,43.652969],[-79.387615,43.653141],[-79.387689,43.653312],[-79.387763,43.653484],[-79.387838,43.653656],[-79.387912,43.653828],[-79.387986,43.653999],[-79.38806,43.654171],[-79.388134,43.654343],[-79.388208,43.654514],[-79.388282,43.654686],[-79.388333,43.654805],[-79.388355,43.654857],[-79.388428,43.655029],[-79.388502,43.655201],[-79.388575,43.655373],[-79.388648,43.655545],[-79.388721,43.655717],[-79.388794,43.655889],[-79.388868,43.656061],[-79.388941,43.656232],[-79.389014,43.656404],[-79.389087,43.656576],[-79.38916,43.656748],[-79.389234,43.65692],[-79.389307,43.657092],[-79.38938,43.657264],[-79.389453,43.657435],[-79.389526,43.657607],[-79.3896,43.657779],[-79.389673,43.657951],[-79.389746,43.658123],[-79.389819,43.658295],[-79.389822,43.658302],[-79.389851,43.658364],[-79.389883,43.658443],[-79.389892,43.658465],[-79.38992,43.658535],[-79.38996,43.658636],[-79.39,43.658743],[-79.390023,43.658807],[-79.390039,43.658853],[-79.390075,43.658962],[-79.390079,43.658975],[-79.390107,43.659068],[-79.390126,43.659144],[-79.390132,43.659167],[-79.390148,43.659256],[-79.390155,43.659304],[-79.390179,43.65948],[-79.390203,43.659655],[-79.390227,43.659831],[-79.390235,43.659891],[-79.390251,43.660006],[-79.390275,43.660182],[-79.390299,43.660357],[-79.390321,43.660518],[-79.390322,43.660522],[-79.39034,43.6607],[-79.390342,43.660715],[-79.390363,43.660886],[-79.390368,43.660928],[-79.390391,43.661074],[-79.390403,43.661155],[-79.39042,43.661257],[-79.390442,43.661391],[-79.390452,43.661442],[-79.390485,43.661618],[-79.390488,43.661633],[-79.390523,43.661802],[-79.390539,43.661877],[-79.390566,43.661987],[-79.390598,43.662119],[-79.390614,43.662172],[-79.390665,43.662355],[-79.390667,43.662358],[-79.390725,43.662532],[-79.390741,43.662581],[-79.390797,43.662718],[-79.390825,43.662788],[-79.390873,43.662896],[-79.390948,43.663065],[-79.391024,43.663236],[-79.3911,43.663407],[-79.391176,43.663578],[-79.391251,43.66375],[-79.391327,43.663921],[-79.391403,43.664092],[-79.391479,43.664262],[-79.391553,43.664431],[-79.391628,43.664599],[-79.391695,43.66475],[-79.391736,43.664811],[-79.39176,43.664847],[-79.391834,43.664935],[-79.391894,43.665002],[-79.391939,43.665053],[-79.392097,43.66518],[-79.39226,43.665312],[-79.392422,43.665443],[-79.392583,43.665575],[-79.392745,43.665705],[-79.392906,43.665836],[-79.392928,43.665854],[-79.392991,43.665906],[-79.393037,43.66596],[-79.393058,43.665986],[-79.393111,43.666077],[-79.39312,43.666102],[-79.39316,43.666211],[-79.393187,43.666277],[-79.393258,43.66645],[-79.393329,43.666622],[-79.393399,43.666795],[-79.393411,43.666823],[-79.39347,43.666967],[-79.39354,43.66714],[-79.393611,43.667312],[-79.393667,43.667449],[-79.393683,43.667486],[-79.393758,43.667657],[-79.393833,43.667828],[-79.393843,43.667852],[-79.393938,43.668008],[-79.393966,43.668054],[-79.394074,43.66818],[-79.394106,43.668217],[-79.394245,43.668331],[-79.394309,43.668384],[-79.394414,43.668459],[-79.394572,43.668574],[-79.394597,43.668584],[-79.394809,43.66867],[-79.394889,43.668702],[-79.395029,43.668742],[-79.3952,43.668791],[-79.395256,43.6688],[-79.3955,43.668837],[-79.395661,43.668861],[-79.395739,43.668862],[-79.395986,43.668864],[-79.396042,43.668865],[-79.396233,43.668863],[-79.396367,43.668861],[-79.396482,43.668856],[-79.396568,43.668852],[-79.396739,43.668829],[-79.396757,43.668827],[-79.396987,43.668779],[-79.396991,43.668778],[-79.397225,43.66873],[-79.397464,43.66868],[-79.397661,43.66864],[-79.397704,43.668631],[-79.397943,43.668582],[-79.398182,43.668532],[-79.398421,43.668483],[-79.39866,43.668433],[-79.398813,43.668402],[-79.3989,43.668384],[-79.399139,43.668334],[-79.399378,43.668285],[-79.399617,43.668236],[-79.399668,43.668225],[-79.399856,43.668184],[-79.400095,43.668132],[-79.400333,43.66808],[-79.40038,43.66807],[-79.400571,43.668028],[-79.400809,43.667976],[-79.401047,43.667924],[-79.401286,43.667872],[-79.401524,43.66782],[-79.401762,43.667768],[-79.402,43.667716],[-79.402238,43.667664],[-79.402476,43.667612],[-79.402658,43.667573],[-79.402714,43.667561],[-79.402945,43.667511],[-79.402957,43.667509],[-79.403049,43.667496],[-79.403156,43.667493],[-79.40322,43.667502],[-79.403285,43.667511],[-79.403441,43.667547],[-79.403463,43.667552],[-79.403644,43.667605],[-79.403836,43.667686],[-79.403842,43.667689],[-79.404009,43.667782],[-79.404078,43.66782],[-79.404162,43.667884],[-79.404282,43.667974],[-79.404294,43.667988],[-79.404403,43.668116],[-79.404406,43.668122],[-79.404505,43.668283],[-79.404577,43.668441],[-79.404655,43.668612],[-79.404675,43.668657],[-79.404724,43.66878],[-79.404794,43.668952],[-79.404863,43.669125],[-79.404915,43.669255],[-79.404932,43.669298],[-79.405001,43.669471],[-79.405071,43.669643],[-79.40514,43.669816],[-79.405166,43.669882],[-79.405206,43.669987],[-79.40527,43.670155],[-79.405272,43.670161],[-79.405338,43.670334],[-79.405373,43.670427],[-79.405404,43.670508],[-79.40547,43.670681],[-79.405537,43.670855],[-79.405603,43.671028],[-79.40567,43.671202],[-79.405736,43.671375],[-79.405802,43.671548],[-79.405869,43.671722],[-79.405935,43.671895],[-79.406001,43.672068],[-79.406041,43.672171],[-79.407067,43.674852],[-79.407108,43.67496],[-79.407133,43.675025],[-79.4072,43.675198],[-79.407266,43.675372],[-79.407333,43.675545],[-79.407399,43.675718],[-79.407465,43.675892],[-79.407532,43.676065],[-79.407598,43.676238],[-79.407664,43.676412],[-79.407731,43.676585],[-79.407734,43.676594],[-79.407804,43.676761],[-79.407875,43.676933],[-79.407947,43.677106],[-79.408019,43.677278],[-79.40809,43.67745],[-79.408162,43.677622],[-79.408233,43.677795],[-79.408305,43.677967],[-79.408377,43.678139],[-79.408448,43.678311],[-79.40852,43.678484],[-79.40857,43.678605],[-79.408593,43.678658],[-79.408667,43.678829],[-79.408738,43.678996],[-79.408812,43.679168],[-79.408886,43.67934],[-79.40896,43.679511],[-79.409034,43.679683],[-79.409108,43.679855],[-79.409182,43.680026],[-79.409252,43.680191],[-79.409256,43.680199],[-79.40933,43.68037],[-79.409404,43.680542],[-79.409479,43.680713],[-79.409553,43.680885],[-79.409627,43.681057],[-79.409702,43.681228],[-79.409776,43.6814],[-79.409777,43.681402],[-79.409887,43.68158],[-79.409908,43.681614],[-79.410024,43.681745],[-79.410112,43.681844],[-79.41018,43.681891],[-79.410353,43.68201],[-79.410361,43.682016],[-79.410536,43.682104],[-79.410733,43.682203],[-79.410934,43.682304],[-79.411138,43.682407],[-79.411341,43.682509],[-79.411464,43.682571],[-79.411531,43.682598],[-79.411744,43.682684],[-79.411772,43.682695],[-79.411956,43.682761],[-79.412162,43.682835],[-79.41218,43.682842],[-79.412386,43.682892],[-79.412607,43.682945],[-79.412826,43.682998],[-79.413045,43.683051],[-79.413267,43.683104],[-79.413488,43.683158],[-79.413712,43.683212],[-79.413749,43.68322],[-79.413829,43.683251],[-79.414031,43.683327],[-79.414134,43.683366],[-79.414212,43.683419],[-79.414374,43.683529],[-79.414494,43.683627],[-79.414527,43.683654],[-79.414569,43.683698],[-79.414674,43.68381],[-79.414763,43.683934],[-79.41485,43.684055],[-79.414932,43.684206],[-79.41498,43.684294],[-79.415013,43.684359],[-79.415097,43.684528],[-79.415182,43.684696],[-79.415267,43.684865],[-79.415351,43.685034],[-79.415436,43.685203],[-79.415521,43.685372],[-79.415586,43.685504],[-79.415606,43.685542],[-79.415691,43.685711],[-79.415697,43.685723],[-79.415796,43.685895],[-79.415814,43.685927],[-79.415906,43.686073],[-79.41601,43.686236],[-79.416113,43.686399],[-79.416217,43.686562],[-79.41632,43.686726],[-79.416324,43.686731],[-79.416418,43.686885],[-79.416518,43.68705],[-79.416619,43.687214],[-79.416681,43.687316],[-79.4167,43.687354],[-79.416784,43.687522],[-79.416868,43.68769],[-79.416875,43.687705],[-79.416975,43.687877],[-79.417071,43.688042],[-79.417087,43.688069],[-79.417169,43.688209],[-79.417252,43.688351],[-79.417335,43.688443],[-79.417469,43.688595],[-79.417604,43.688746],[-79.417712,43.688867],[-79.417784,43.688933],[-79.417939,43.689073],[-79.418127,43.689244],[-79.418194,43.689283],[-79.418386,43.689396],[-79.418579,43.68951],[-79.418751,43.68961],[-79.41886,43.689655],[-79.41907,43.689741],[-79.419284,43.689829],[-79.419466,43.689904],[-79.419557,43.689931],[-79.419786,43.69],[-79.420014,43.69007],[-79.420174,43.690118],[-79.420287,43.690143],[-79.420524,43.690195],[-79.420761,43.690246],[-79.420998,43.690298],[-79.421072,43.690315],[-79.421262,43.690344],[-79.421501,43.690382],[-79.421742,43.690419],[-79.421985,43.690457],[-79.422071,43.690471],[-79.42224,43.69049],[-79.422484,43.690517],[-79.422728,43.690544],[-79.422972,43.690571],[-79.423217,43.690598],[-79.423462,43.690625],[-79.423708,43.690653],[-79.423954,43.69068],[-79.424199,43.690707],[-79.424445,43.690734],[-79.42469,43.690762],[-79.424934,43.690789],[-79.425179,43.690816],[-79.425423,43.690843],[-79.425667,43.69087],[-79.425884,43.690894],[-79.425912,43.690897],[-79.426157,43.690925],[-79.426401,43.690953],[-79.426643,43.69098],[-79.426886,43.691007],[-79.427129,43.691035],[-79.427371,43.691062],[-79.427583,43.691086],[-79.427641,43.691096],[-79.427877,43.691134],[-79.428108,43.691172],[-79.42821,43.691188],[-79.428403,43.691237],[-79.428633,43.691296],[-79.428876,43.691358],[-79.429008,43.69142],[-79.429216,43.691519],[-79.429423,43.691618],[-79.429472,43.691641],[-79.429696,43.691798],[-79.429871,43.69192],[-79.430015,43.692021],[-79.430052,43.692048],[-79.430225,43.692174],[-79.430399,43.692301],[-79.430573,43.692427],[-79.430747,43.692554],[-79.430921,43.692681],[-79.431095,43.692807],[-79.431268,43.692934],[-79.431442,43.69306],[-79.431617,43.693188],[-79.431791,43.693315],[-79.431966,43.693442],[-79.432141,43.69357],[-79.432316,43.693697],[-79.432491,43.693825],[-79.432666,43.693952],[-79.432841,43.69408],[-79.433016,43.694207],[-79.433191,43.694335],[-79.433366,43.694462],[-79.433539,43.694588],[-79.433713,43.694715],[-79.433875,43.694833],[-79.433907,43.69486],[-79.43407,43.694995],[-79.434234,43.69513],[-79.434327,43.695207],[-79.43443,43.695327],[-79.434544,43.695459],[-79.434588,43.695535],[-79.434684,43.695697],[-79.434748,43.695805],[-79.434784,43.695897],[-79.434848,43.696062],[-79.434914,43.69623],[-79.434981,43.696398],[-79.435047,43.696566],[-79.435113,43.696734],[-79.435179,43.696902],[-79.435245,43.69707],[-79.435312,43.697241],[-79.43538,43.697413],[-79.435447,43.697585],[-79.435515,43.697757],[-79.435582,43.697929],[-79.43565,43.698101],[-79.435706,43.698244],[-79.435719,43.698276],[-79.435792,43.698447],[-79.435864,43.698619],[-79.435937,43.698791],[-79.436009,43.698963],[-79.436065,43.699096],[-79.436179,43.699367],[-79.436436,43.700052],[-79.436699,43.700754],[-79.437067,43.701725],[-79.437326,43.702374],[-79.437802,43.703527],[-79.438118,43.704296],[-79.438264,43.704627],[-79.438284,43.704668],[-79.438365,43.704837],[-79.438447,43.705006],[-79.43845,43.705013],[-79.438533,43.705176],[-79.438619,43.705343],[-79.438671,43.705444],[-79.43871,43.705512],[-79.438804,43.705678],[-79.438882,43.705815],[-79.4389,43.705846],[-79.438972,43.705966],[-79.439065,43.706122],[-79.439239,43.706399],[-79.439485,43.706778],[-79.439717,43.707126],[-79.440244,43.707928],[-79.44106,43.709169],[-79.441167,43.709332],[-79.441274,43.709494],[-79.44138,43.709657],[-79.441465,43.709785],[-79.441487,43.709819],[-79.441594,43.709981],[-79.441702,43.710144],[-79.441809,43.710306],[-79.441818,43.710321],[-79.441913,43.710468],[-79.442017,43.710632],[-79.44202,43.710636],[-79.442108,43.710795],[-79.442186,43.710934],[-79.442197,43.710959],[-79.442272,43.71112],[-79.442276,43.711128],[-79.442353,43.711299],[-79.442354,43.711302],[-79.442428,43.71147],[-79.442502,43.711642],[-79.442577,43.711813],[-79.442652,43.711984],[-79.44267,43.712025],[-79.44273,43.712157],[-79.442809,43.712327],[-79.442887,43.712498],[-79.44294,43.712614],[-79.442963,43.712667],[-79.443036,43.712839],[-79.443109,43.713011],[-79.443182,43.713183],[-79.443254,43.713352],[-79.443254,43.713353],[-79.443322,43.713526],[-79.443389,43.713699],[-79.443457,43.713872],[-79.443524,43.714046],[-79.443542,43.71409],[-79.443577,43.71419],[-79.443584,43.714216],[-79.443594,43.714251],[-79.443648,43.714394],[-79.443714,43.714567],[-79.44378,43.71474],[-79.443845,43.714914],[-79.443911,43.715087],[-79.443977,43.715261],[-79.444042,43.715434],[-79.444108,43.715608],[-79.444174,43.715781],[-79.44424,43.715954],[-79.444305,43.716128],[-79.444363,43.71628],[-79.444372,43.716303],[-79.444443,43.716476],[-79.444485,43.71658],[-79.44451,43.716646],[-79.444574,43.71682],[-79.444638,43.716994],[-79.444702,43.717167],[-79.444766,43.717341],[-79.444811,43.717463],[-79.444832,43.717516],[-79.444898,43.717689],[-79.444965,43.717862],[-79.445031,43.718036],[-79.445098,43.718209],[-79.445163,43.718378],[-79.445164,43.718382],[-79.44523,43.718555],[-79.445295,43.718729],[-79.44536,43.718902],[-79.445426,43.719076],[-79.445438,43.719109],[-79.445495,43.719262],[-79.445863,43.720184],[-79.446571,43.722013],[-79.446638,43.722186],[-79.446705,43.72236],[-79.446772,43.722533],[-79.446839,43.722706],[-79.446906,43.722879],[-79.446973,43.723052],[-79.44704,43.723226],[-79.447107,43.723399],[-79.447116,43.723423],[-79.447173,43.723572],[-79.447235,43.723736],[-79.447238,43.723743],[-79.447298,43.723918],[-79.447318,43.723973],[-79.447364,43.724094],[-79.447432,43.724267],[-79.447499,43.72444],[-79.447566,43.724613],[-79.447634,43.724786],[-79.447701,43.724959],[-79.447768,43.725132],[-79.447835,43.725305],[-79.447902,43.725478],[-79.447912,43.725504],[-79.447969,43.725651],[-79.448036,43.725824],[-79.448072,43.725917],[-79.448098,43.725994],[-79.448157,43.726168],[-79.448185,43.726254],[-79.448207,43.726341],[-79.448252,43.726518],[-79.448258,43.726544],[-79.448285,43.726693],[-79.448318,43.726872],[-79.448327,43.726919],[-79.44835,43.72705],[-79.448383,43.727228],[-79.448415,43.727407],[-79.448447,43.727585],[-79.448463,43.727674],[-79.448479,43.727763],[-79.448512,43.727942],[-79.448545,43.72812],[-79.448577,43.728298],[-79.44861,43.728477],[-79.448643,43.728655],[-79.448675,43.728833],[-79.448708,43.729011],[-79.448741,43.72919],[-79.448756,43.729271],[-79.448774,43.729368],[-79.448807,43.729546],[-79.448839,43.729725],[-79.448872,43.729903],[-79.448905,43.730081],[-79.448938,43.730259],[-79.448971,43.730438],[-79.448998,43.730586],[-79.449004,43.730616],[-79.449036,43.730794],[-79.449053,43.730882],[-79.449069,43.730972],[-79.449102,43.73115],[-79.44913,43.731304],[-79.449135,43.731329],[-79.449156,43.731445],[-79.449168,43.731506],[-79.4492,43.731683],[-79.449231,43.731851],[-79.449237,43.731867],[-79.449294,43.732042],[-79.449324,43.732132],[-79.449353,43.732218],[-79.449404,43.732363],[-79.449416,43.732394],[-79.449464,43.732522],[-79.449479,43.732566],[-79.44954,43.73274],[-79.449601,43.732914],[-79.449634,43.733006],[-79.449664,43.733089],[-79.449727,43.733263],[-79.44979,43.733437],[-79.449853,43.733611],[-79.449877,43.733679],[-79.449899,43.733742],[-79.449915,43.733785],[-79.449977,43.733959],[-79.450039,43.734134],[-79.450059,43.734191],[-79.450101,43.734308],[-79.450163,43.734482],[-79.450163,43.734482],[-79.450225,43.734656],[-79.450287,43.73483],[-79.450349,43.735004],[-79.450411,43.735179],[-79.450417,43.735196],[-79.450473,43.735353],[-79.450505,43.735445],[-79.450535,43.735527],[-79.450598,43.735701],[-79.45066,43.735875],[-79.450694,43.735968],[-79.450724,43.73605],[-79.450776,43.736192],[-79.450792,43.736227],[-79.450866,43.736398],[-79.450868,43.736402],[-79.450946,43.73656],[-79.45096,43.736579],[-79.451037,43.736689],[-79.451077,43.73674],[-79.451125,43.736799],[-79.451203,43.736892],[-79.451275,43.73698],[-79.451333,43.737041],[-79.451417,43.73713],[-79.451473,43.737183],[-79.451622,43.737322],[-79.45173,43.737423],[-79.451772,43.737461],[-79.451924,43.737602],[-79.452076,43.737744],[-79.452201,43.73786],[-79.452228,43.737885],[-79.452333,43.73798],[-79.452383,43.738027],[-79.452536,43.738168],[-79.452689,43.73831],[-79.452839,43.738449],[-79.452986,43.738585],[-79.453132,43.738721],[-79.453279,43.738857],[-79.453429,43.738996],[-79.453581,43.739137],[-79.453733,43.739278],[-79.453884,43.739418],[-79.454035,43.739558],[-79.454187,43.739699],[-79.454338,43.739839],[-79.454491,43.73998],[-79.454643,43.740122],[-79.454795,43.740263],[-79.454947,43.740404],[-79.455099,43.740545],[-79.455251,43.740686],[-79.455403,43.740826],[-79.455551,43.740964],[-79.455554,43.740966],[-79.455705,43.741107],[-79.455856,43.741247],[-79.456007,43.741388],[-79.456158,43.741528],[-79.456251,43.741614],[-79.456323,43.741678],[-79.456362,43.741712],[-79.456463,43.741806],[-79.456614,43.741945],[-79.456766,43.742086],[-79.456918,43.742227],[-79.45707,43.742369],[-79.457223,43.74251],[-79.457375,43.742651],[-79.457527,43.742792],[-79.457679,43.742933],[-79.457831,43.743073],[-79.457982,43.743213],[-79.458132,43.743353],[-79.458283,43.743492],[-79.458435,43.743633],[-79.458536,43.743728],[-79.458669,43.743871],[-79.458806,43.744019],[-79.458944,43.744169],[-79.459082,43.744319],[-79.45922,43.744468],[-79.459357,43.744617],[-79.459494,43.744765],[-79.459631,43.744913],[-79.459767,43.74506],[-79.459902,43.745207],[-79.460034,43.74535],[-79.460166,43.745492],[-79.460297,43.745635],[-79.460429,43.745777],[-79.46056,43.745919],[-79.46057,43.74593],[-79.460655,43.746037],[-79.460773,43.746184],[-79.460885,43.746324],[-79.460986,43.74647],[-79.461095,43.746625],[-79.461182,43.74675],[-79.461192,43.746767],[-79.461285,43.746931],[-79.461378,43.747096],[-79.461471,43.747261],[-79.461564,43.747425],[-79.461657,43.74759],[-79.461706,43.747677],[-79.461722,43.747717],[-79.46173,43.747752],[-79.46177,43.747929],[-79.46179,43.748021],[-79.461804,43.748103],[-79.461833,43.748281],[-79.461851,43.748397],[-79.461877,43.74847],[-79.461938,43.748644],[-79.461957,43.748699],[-79.462002,43.748819],[-79.462067,43.748993],[-79.462133,43.749166],[-79.462177,43.749284],[-79.462198,43.74934],[-79.462263,43.749513],[-79.462328,43.749687],[-79.462394,43.74986],[-79.462417,43.749922],[-79.46246,43.750033],[-79.462527,43.750207],[-79.462593,43.75038],[-79.46266,43.750553],[-79.462716,43.750698],[-79.462729,43.750728],[-79.462803,43.750899],[-79.462877,43.751071],[-79.462951,43.751243],[-79.462959,43.751263],[-79.463044,43.751411],[-79.463138,43.751576],[-79.463213,43.751709],[-79.463238,43.751735],[-79.463373,43.751878],[-79.463509,43.752022],[-79.463549,43.752065],[-79.463631,43.752119],[-79.463793,43.752225],[-79.463955,43.752331],[-79.464124,43.752443],[-79.464161,43.752467],[-79.464168,43.75247],[-79.464354,43.75254],[-79.464549,43.752613],[-79.464698,43.752669],[-79.464812,43.752697],[-79.465028,43.752751],[-79.465243,43.752804],[-79.465466,43.752859],[-79.467798,43.753437],[-79.468032,43.753495],[-79.468265,43.753553],[-79.468499,43.753611],[-79.468733,43.753669],[-79.468966,43.753727],[-79.4692,43.753784],[-79.469433,43.753842],[-79.469665,43.7539],[-79.469898,43.753958],[-79.470131,43.754015],[-79.470213,43.754036],[-79.470309,43.754055],[-79.470542,43.754103],[-79.470775,43.754151],[-79.470923,43.754182],[-79.471095,43.754195],[-79.47134,43.754214],[-79.47149,43.754225],[-79.47152,43.754226],[-79.471768,43.754232],[-79.472016,43.754238],[-79.472262,43.754244],[-79.472508,43.75425],[-79.472752,43.754256],[-79.472934,43.75426],[-79.472969,43.75426],[-79.473213,43.754259],[-79.473456,43.754259],[-79.473697,43.754258],[-79.473938,43.754257],[-79.474141,43.754256],[-79.474158,43.754256],[-79.474399,43.754246],[-79.47464,43.754237],[-79.474848,43.754229],[-79.47486,43.754228],[-79.475103,43.754202],[-79.475346,43.754177],[-79.47559,43.754151],[-79.475624,43.754147],[-79.47583,43.75412],[-79.476073,43.754089],[-79.476316,43.754057],[-79.476453,43.754039],[-79.476559,43.754018],[-79.476799,43.753971],[-79.477039,43.753924],[-79.477279,43.753876],[-79.477519,43.753829],[-79.477578,43.753818],[-79.477759,43.75378],[-79.477998,43.75373],[-79.478237,43.753679],[-79.478476,43.753629],[-79.478715,43.753579],[-79.478954,43.753529],[-79.479193,43.753479],[-79.479259,43.753465],[-79.479432,43.753428],[-79.479671,43.753377],[-79.479909,43.753326],[-79.480148,43.753274],[-79.480386,43.753223],[-79.480624,43.753172],[-79.480862,43.753121],[-79.481097,43.75307],[-79.481332,43.75302],[-79.481468,43.752991],[-79.481575,43.752973],[-79.481815,43.752933],[-79.482004,43.752902],[-79.482063,43.752895],[-79.482304,43.752866],[-79.482533,43.752838],[-79.482578,43.752837],[-79.482824,43.752828],[-79.48294,43.752825],[-79.483103,43.75283],[-79.483351,43.752838],[-79.483443,43.75284],[-79.483627,43.752856],[-79.483874,43.752878],[-79.484026,43.752891],[-79.484169,43.752917],[-79.48441,43.75296],[-79.484651,43.753004],[-79.484672,43.753007],[-79.484915,43.753062],[-79.485151,43.753115],[-79.485387,43.753168],[-79.485516,43.753197],[-79.485677,43.75325],[-79.485904,43.753323],[-79.48613,43.753396],[-79.486154,43.753404],[-79.486384,43.753492],[-79.486603,43.753576],[-79.486684,43.753607],[-79.486889,43.753721],[-79.487087,43.75383],[-79.487162,43.753871],[-79.48732,43.753977],[-79.487502,43.754099],[-79.487649,43.754198],[-79.487735,43.754278],[-79.487885,43.754418],[-79.487986,43.754512],[-79.488053,43.754587],[-79.488187,43.754735],[-79.488236,43.75479],[-79.488327,43.754912],[-79.488443,43.755068],[-79.48856,43.755225],[-79.488603,43.755283],[-79.488676,43.755392],[-79.488784,43.755553],[-79.488806,43.755586],[-79.488881,43.755736],[-79.488965,43.755904],[-79.488981,43.755938],[-79.489041,43.756079],[-79.489111,43.756248],[-79.489156,43.756354],[-79.489175,43.756423],[-79.489222,43.756597],[-79.489269,43.756772],[-79.489316,43.756947],[-79.489337,43.757023],[-79.489361,43.757123],[-79.489405,43.7573],[-79.489448,43.757477],[-79.489491,43.757654],[-79.489535,43.757831],[-79.489578,43.758009],[-79.489622,43.758186],[-79.489665,43.758363],[-79.489708,43.75854],[-79.489752,43.758717],[-79.489795,43.758894],[-79.489839,43.759071],[-79.489882,43.759248],[-79.489925,43.759425],[-79.489969,43.759602],[-79.490012,43.759779],[-79.490026,43.759835],[-79.4909,43.763403],[-79.490986,43.763526],[-79.491022,43.763578],[-79.491093,43.763681],[-79.491141,43.763751],[-79.491167,43.763853],[-79.491207,43.764013],[-79.491211,43.76403],[-79.491256,43.764206],[-79.491301,43.764383],[-79.491346,43.76456],[-79.491368,43.764645],[-79.491391,43.764737],[-79.491436,43.764914],[-79.491481,43.765091],[-79.491526,43.765268],[-79.491527,43.765272],[-79.491548,43.765351],[-79.491572,43.765444],[-79.491618,43.765621],[-79.491665,43.765798],[-79.491711,43.765975],[-79.491757,43.766151],[-79.491803,43.766328],[-79.491849,43.766505],[-79.491895,43.766682],[-79.491941,43.766858],[-79.491987,43.767035],[-79.492033,43.767212],[-79.492079,43.767389],[-79.492125,43.767565],[-79.49216,43.7677],[-79.492171,43.767742],[-79.492217,43.767919],[-79.492263,43.768096],[-79.492309,43.768272],[-79.492355,43.768449],[-79.492387,43.768571],[-79.492399,43.768627],[-79.492437,43.768804],[-79.492475,43.768982],[-79.492512,43.76916],[-79.49255,43.769337],[-79.492588,43.769513],[-79.492625,43.769689],[-79.492662,43.769865],[-79.4927,43.77004],[-79.492737,43.770216],[-79.492774,43.770387],[-79.492779,43.770412],[-79.492828,43.770572],[-79.492881,43.770743],[-79.492934,43.770913],[-79.492961,43.771001],[-79.493014,43.771114],[-79.49309,43.771281],[-79.493167,43.771447],[-79.493197,43.771512],[-79.493354,43.771695],[-79.493485,43.771846],[-79.493583,43.771962],[-79.493705,43.772059],[-79.493871,43.772192],[-79.494055,43.772341],[-79.494177,43.772398],[-79.49438,43.772494],[-79.494549,43.772574],[-79.494612,43.772599],[-79.494823,43.772685],[-79.495034,43.772772],[-79.495118,43.772806],[-79.495301,43.772858],[-79.495524,43.772922],[-79.495748,43.772985],[-79.495973,43.773049],[-79.496199,43.773113],[-79.496427,43.773178],[-79.496656,43.773243],[-79.496887,43.773309],[-79.497118,43.773375],[-79.497348,43.77344],[-79.49758,43.773506],[-79.497811,43.773572],[-79.498043,43.773638],[-79.498274,43.773703],[-79.498506,43.773769],[-79.498646,43.773809],[-79.498737,43.773834],[-79.49897,43.773898],[-79.499203,43.773961],[-79.499436,43.774025],[-79.499649,43.774083],[-79.499668,43.774088],[-79.499901,43.774152],[-79.500134,43.774215],[-79.500367,43.774279],[-79.500477,43.774309],[-79.5006,43.774344],[-79.500831,43.77441],[-79.501063,43.774476],[-79.501294,43.774542],[-79.501526,43.774608],[-79.501757,43.774674],[-79.501989,43.774739],[-79.50222,43.774805],[-79.502452,43.774871],[-79.502683,43.774937],[-79.502915,43.775003],[-79.503146,43.775069],[-79.503378,43.775135],[-79.503609,43.775201],[-79.503841,43.775267],[-79.504073,43.775333],[-79.504304,43.775399],[-79.504536,43.775465],[-79.504767,43.775531],[-79.504999,43.775597],[-79.50523,43.775662],[-79.505462,43.775728],[-79.505693,43.775794],[-79.505925,43.77586],[-79.506156,43.775926],[-79.506388,43.775992],[-79.506619,43.776058],[-79.506851,43.776124],[-79.507082,43.77619],[-79.507314,43.776256],[-79.507392,43.776278],[-79.507545,43.776322],[-79.507777,43.776388],[-79.507904,43.776424],[-79.508008,43.776454],[-79.50824,43.776519],[-79.508462,43.776583],[-79.508471,43.776585],[-79.50848,43.776588],[-79.509306,43.776822],[-79.511018,43.777307],[-79.512639,43.777722],[-79.512873,43.777782],[-79.513108,43.777842],[-79.513342,43.777902],[-79.513577,43.777962],[-79.513811,43.778022],[-79.514046,43.778082],[-79.51428,43.778142],[-79.514515,43.778202],[-79.514708,43.778252],[-79.514752,43.778264],[-79.514984,43.77833],[-79.515215,43.778395],[-79.515447,43.77846],[-79.515679,43.778526],[-79.515911,43.778591],[-79.516143,43.778656],[-79.516375,43.778722],[-79.516606,43.778787],[-79.516838,43.778852],[-79.516962,43.778887],[-79.517076,43.778927],[-79.5173,43.779005],[-79.517523,43.779083],[-79.517747,43.77916],[-79.517971,43.779238],[-79.518194,43.779316],[-79.518417,43.779393],[-79.51864,43.779471],[-79.5187,43.779491],[-79.518854,43.779558],[-79.519065,43.77965],[-79.519277,43.779743],[-79.519489,43.779835],[-79.519702,43.779928],[-79.519915,43.78002],[-79.520128,43.780113],[-79.520341,43.780205],[-79.520373,43.78022],[-79.520511,43.780317],[-79.520687,43.780443],[-79.520864,43.780568],[-79.521038,43.780692],[-79.521188,43.780826],[-79.521343,43.780966],[-79.521499,43.781106],[-79.521654,43.781246],[-79.521736,43.78132],[-79.521792,43.781384],[-79.521924,43.781536],[-79.522056,43.781688],[-79.522186,43.781839],[-79.522301,43.781996],[-79.522417,43.782154],[-79.522532,43.782312],[-79.522647,43.78247],[-79.522712,43.782559],[-79.522757,43.782634],[-79.522856,43.782798],[-79.522955,43.782963],[-79.523053,43.783128],[-79.52315,43.783289],[-79.523152,43.783293],[-79.523251,43.783458],[-79.52335,43.783622],[-79.523449,43.783787],[-79.523548,43.783952],[-79.523646,43.784116],[-79.523651,43.784127],[-79.523731,43.784297],[-79.523811,43.784467],[-79.523891,43.784637],[-79.523971,43.784808],[-79.52405,43.784978],[-79.52413,43.785148],[-79.52421,43.785318],[-79.52429,43.785488],[-79.52437,43.785659],[-79.52445,43.785829],[-79.52453,43.785999],[-79.52461,43.786169],[-79.52469,43.786339],[-79.52477,43.78651],[-79.52485,43.78668],[-79.52493,43.78685],[-79.52501,43.78702],[-79.52509,43.787191],[-79.52517,43.787361],[-79.52525,43.787531],[-79.52533,43.787702],[-79.52541,43.787872],[-79.52549,43.788042],[-79.52557,43.788212],[-79.52565,43.788383],[-79.525729,43.788553],[-79.525809,43.788723],[-79.525889,43.788893],[-79.525969,43.789063],[-79.525984,43.789096],[-79.526036,43.789241],[-79.526097,43.789415],[-79.526159,43.789589],[-79.52622,43.789763],[-79.526282,43.789938],[-79.526343,43.790112],[-79.526405,43.790286],[-79.526467,43.79046],[-79.526528,43.790635],[-79.52659,43.790809],[-79.526651,43.790983],[-79.526713,43.791157],[-79.526774,43.791331],[-79.526836,43.791505],[-79.526897,43.791679],[-79.526929,43.791768],[-79.526951,43.791862],[-79.526992,43.792039],[-79.527253,43.793166],[-79.52726,43.793193],[-79.527339,43.793506],[-79.527482,43.794077]]},"properties":{"line":"1","dir":"0","headsign":"Vaughan Metropolitan Centre Station","mode":"tram","color":"#D5C82B"}},{"type":"Feature","geometry":{"type":"LineString","coordinates":[[-79.527339,43.793506],[-79.52726,43.793193],[-79.527253,43.793166],[-79.526996,43.792058],[-79.526955,43.79188],[-79.526929,43.791768],[-79.526904,43.791697],[-79.526842,43.791523],[-79.526781,43.791349],[-79.526719,43.791175],[-79.526658,43.791001],[-79.526596,43.790827],[-79.526535,43.790653],[-79.526473,43.790478],[-79.526411,43.790304],[-79.52635,43.79013],[-79.526288,43.789956],[-79.526227,43.789781],[-79.526165,43.789607],[-79.526104,43.789433],[-79.526042,43.789259],[-79.525984,43.789096],[-79.525978,43.789081],[-79.525898,43.788911],[-79.525818,43.788741],[-79.525738,43.788571],[-79.525658,43.7884],[-79.525578,43.78823],[-79.525498,43.78806],[-79.525418,43.78789],[-79.525338,43.787719],[-79.525258,43.787549],[-79.525178,43.787379],[-79.525098,43.787208],[-79.525018,43.787038],[-79.524938,43.786868],[-79.524858,43.786698],[-79.524778,43.786527],[-79.524698,43.786357],[-79.524618,43.786187],[-79.524538,43.786017],[-79.524458,43.785847],[-79.524379,43.785676],[-79.524299,43.785506],[-79.524219,43.785336],[-79.524139,43.785166],[-79.524059,43.784996],[-79.523979,43.784825],[-79.523899,43.784655],[-79.523819,43.784485],[-79.523739,43.784315],[-79.523659,43.784144],[-79.523646,43.784116],[-79.523558,43.783969],[-79.523459,43.783804],[-79.52336,43.78364],[-79.523261,43.783475],[-79.523163,43.78331],[-79.52315,43.783289],[-79.523064,43.783145],[-79.522965,43.78298],[-79.522866,43.782815],[-79.522767,43.782651],[-79.522712,43.782559],[-79.522659,43.782486],[-79.522544,43.782328],[-79.522429,43.78217],[-79.522313,43.782013],[-79.522198,43.781854],[-79.522186,43.781839],[-79.522069,43.781703],[-79.521937,43.781551],[-79.521805,43.7814],[-79.521736,43.78132],[-79.521671,43.781261],[-79.521515,43.781121],[-79.52136,43.780981],[-79.521204,43.780841],[-79.521048,43.780701],[-79.521038,43.780692],[-79.520883,43.780582],[-79.520706,43.780456],[-79.520529,43.78033],[-79.520373,43.78022],[-79.520363,43.780215],[-79.52015,43.780122],[-79.519938,43.78003],[-79.519725,43.779937],[-79.519511,43.779845],[-79.519299,43.779752],[-79.519087,43.77966],[-79.518876,43.779568],[-79.5187,43.779491],[-79.518664,43.779479],[-79.518441,43.779401],[-79.518217,43.779324],[-79.517994,43.779246],[-79.517771,43.779168],[-79.517547,43.779091],[-79.517323,43.779013],[-79.517099,43.778935],[-79.516962,43.778887],[-79.516862,43.778859],[-79.516631,43.778794],[-79.516399,43.778729],[-79.516167,43.778663],[-79.515935,43.778598],[-79.515703,43.778532],[-79.515471,43.778467],[-79.51524,43.778402],[-79.515008,43.778336],[-79.514776,43.778271],[-79.514708,43.778252],[-79.514539,43.778209],[-79.514305,43.778149],[-79.51407,43.778089],[-79.513836,43.778028],[-79.513601,43.777968],[-79.513367,43.777908],[-79.513132,43.777848],[-79.512898,43.777788],[-79.512663,43.777728],[-79.512639,43.777722],[-79.511018,43.777307],[-79.509306,43.776822],[-79.50848,43.776588],[-79.508462,43.776583],[-79.508248,43.776522],[-79.508017,43.776456],[-79.507904,43.776424],[-79.507785,43.77639],[-79.507554,43.776324],[-79.507392,43.776278],[-79.507322,43.776258],[-79.507091,43.776192],[-79.506859,43.776126],[-79.506628,43.77606],[-79.506396,43.775995],[-79.506165,43.775929],[-79.505933,43.775863],[-79.505702,43.775797],[-79.50547,43.775731],[-79.505239,43.775665],[-79.505007,43.775599],[-79.504776,43.775533],[-79.504544,43.775467],[-79.504313,43.775401],[-79.504081,43.775335],[-79.50385,43.775269],[-79.503618,43.775203],[-79.503386,43.775137],[-79.503155,43.775072],[-79.502923,43.775006],[-79.502692,43.77494],[-79.50246,43.774874],[-79.502229,43.774808],[-79.501997,43.774742],[-79.501766,43.774676],[-79.501534,43.77461],[-79.501303,43.774544],[-79.501071,43.774478],[-79.50084,43.774412],[-79.500608,43.774346],[-79.500477,43.774309],[-79.500375,43.774281],[-79.500142,43.774218],[-79.49991,43.774154],[-79.499677,43.774091],[-79.499649,43.774083],[-79.499444,43.774027],[-79.499211,43.773963],[-79.498978,43.7739],[-79.498746,43.773836],[-79.498646,43.773809],[-79.498514,43.773772],[-79.498283,43.773706],[-79.498051,43.77364],[-79.49782,43.773574],[-79.497588,43.773508],[-79.497357,43.773443],[-79.497126,43.773377],[-79.496895,43.773311],[-79.496665,43.773246],[-79.496435,43.773181],[-79.496208,43.773116],[-79.495981,43.773052],[-79.495756,43.772988],[-79.495532,43.772924],[-79.495309,43.77286],[-79.495118,43.772806],[-79.495041,43.772775],[-79.49483,43.772689],[-79.49462,43.772603],[-79.494549,43.772574],[-79.494387,43.772497],[-79.494185,43.772402],[-79.494055,43.772341],[-79.493877,43.772197],[-79.493711,43.772064],[-79.493583,43.771962],[-79.493489,43.771852],[-79.493359,43.7717],[-79.493197,43.771512],[-79.49317,43.771453],[-79.493093,43.771287],[-79.493016,43.771121],[-79.492961,43.771001],[-79.492936,43.770919],[-79.492883,43.770749],[-79.49283,43.770579],[-79.492779,43.770412],[-79.492775,43.770394],[-79.492738,43.770222],[-79.492701,43.770047],[-79.492664,43.769871],[-79.492626,43.769695],[-79.492589,43.76952],[-79.492552,43.769344],[-79.492514,43.769166],[-79.492476,43.768989],[-79.492438,43.768811],[-79.4924,43.768633],[-79.492387,43.768571],[-79.492357,43.768456],[-79.492311,43.768279],[-79.492265,43.768102],[-79.492219,43.767925],[-79.492173,43.767749],[-79.49216,43.7677],[-79.492127,43.767572],[-79.492081,43.767395],[-79.492035,43.767218],[-79.491989,43.767042],[-79.491943,43.766865],[-79.491897,43.766688],[-79.49185,43.766511],[-79.491804,43.766335],[-79.491758,43.766158],[-79.491712,43.765981],[-79.491666,43.765804],[-79.49162,43.765628],[-79.491574,43.765451],[-79.491548,43.765351],[-79.491528,43.765274],[-79.491527,43.765272],[-79.491483,43.765097],[-79.491438,43.76492],[-79.491393,43.764744],[-79.491368,43.764645],[-79.491348,43.764567],[-79.491303,43.76439],[-79.491258,43.764213],[-79.491213,43.764036],[-79.491207,43.764013],[-79.491168,43.763859],[-79.491141,43.763751],[-79.491097,43.763687],[-79.491022,43.763578],[-79.49099,43.763532],[-79.490986,43.763526],[-79.4909,43.763403],[-79.490026,43.759835],[-79.489983,43.759658],[-79.489939,43.759481],[-79.489896,43.759304],[-79.489852,43.759127],[-79.489809,43.75895],[-79.489766,43.758773],[-79.489722,43.758596],[-79.489679,43.758419],[-79.489635,43.758241],[-79.489592,43.758064],[-79.489548,43.757887],[-79.489505,43.75771],[-79.489462,43.757533],[-79.489418,43.757356],[-79.489375,43.757179],[-79.489337,43.757023],[-79.489331,43.757003],[-79.489284,43.756827],[-79.489236,43.756652],[-79.489189,43.756478],[-79.489156,43.756354],[-79.489134,43.756301],[-79.489063,43.756132],[-79.488992,43.755964],[-79.488981,43.755938],[-79.488907,43.755789],[-79.488824,43.755623],[-79.488806,43.755586],[-79.48871,43.755442],[-79.488603,43.755283],[-79.488596,43.755274],[-79.48848,43.755118],[-79.488364,43.754961],[-79.488236,43.75479],[-79.48823,43.754782],[-79.488095,43.754633],[-79.487986,43.754512],[-79.487933,43.754463],[-79.487782,43.754322],[-79.487649,43.754198],[-79.487559,43.754138],[-79.487377,43.754015],[-79.487195,43.753893],[-79.487162,43.753871],[-79.486952,43.753755],[-79.486754,43.753646],[-79.486684,43.753607],[-79.486453,43.753519],[-79.486234,43.753435],[-79.486154,43.753404],[-79.485975,43.753346],[-79.485749,43.753273],[-79.485516,43.753197],[-79.485461,43.753185],[-79.485226,43.753132],[-79.48499,43.753079],[-79.484752,43.753025],[-79.484672,43.753007],[-79.484486,43.752974],[-79.484245,43.752931],[-79.484026,43.752891],[-79.483951,43.752885],[-79.483705,43.752863],[-79.483459,43.752842],[-79.483443,43.75284],[-79.483181,43.752832],[-79.48294,43.752825],[-79.482902,43.752826],[-79.482656,43.752834],[-79.482533,43.752838],[-79.48238,43.752857],[-79.482139,43.752886],[-79.482004,43.752902],[-79.481889,43.752921],[-79.481651,43.752961],[-79.481468,43.752991],[-79.481407,43.753004],[-79.481172,43.753055],[-79.480936,43.753105],[-79.480699,43.753156],[-79.480461,43.753207],[-79.480223,43.753258],[-79.479984,43.753309],[-79.479746,43.753361],[-79.479507,43.753412],[-79.479269,43.753463],[-79.479259,43.753465],[-79.479029,43.753513],[-79.47879,43.753563],[-79.478551,43.753613],[-79.478312,43.753664],[-79.478073,43.753714],[-79.477835,43.753764],[-79.477596,43.753814],[-79.477578,43.753818],[-79.477355,43.753862],[-79.477115,43.753909],[-79.476875,43.753956],[-79.476635,43.754003],[-79.476453,43.754039],[-79.476393,43.754047],[-79.47615,43.754078],[-79.475907,43.75411],[-79.475663,43.754142],[-79.475624,43.754147],[-79.475423,43.754169],[-79.47518,43.754194],[-79.474936,43.75422],[-79.474848,43.754229],[-79.474715,43.754234],[-79.474475,43.754244],[-79.474234,43.754253],[-79.474141,43.754256],[-79.474014,43.754257],[-79.473773,43.754258],[-79.473532,43.754258],[-79.47329,43.754259],[-79.473046,43.75426],[-79.472934,43.75426],[-79.472829,43.754258],[-79.472585,43.754252],[-79.47234,43.754246],[-79.472093,43.75424],[-79.471847,43.754234],[-79.471598,43.754228],[-79.47149,43.754225],[-79.471417,43.75422],[-79.471173,43.754201],[-79.470925,43.754182],[-79.470923,43.754182],[-79.470849,43.754166],[-79.470615,43.754118],[-79.470382,43.75407],[-79.470213,43.754036],[-79.470205,43.754034],[-79.469972,43.753976],[-79.469739,43.753918],[-79.469506,43.75386],[-79.469273,43.753803],[-79.46904,43.753745],[-79.468806,43.753687],[-79.468573,43.753629],[-79.468339,43.753571],[-79.468106,43.753513],[-79.467872,43.753455],[-79.465538,43.752877],[-79.465311,43.752821],[-79.465096,43.752768],[-79.464879,43.752714],[-79.464698,43.752669],[-79.46461,43.752636],[-79.464416,43.752563],[-79.464227,43.752492],[-79.464161,43.752467],[-79.464006,43.752365],[-79.463844,43.752259],[-79.463682,43.752152],[-79.463549,43.752065],[-79.463416,43.751924],[-79.46328,43.75178],[-79.463213,43.751709],[-79.463167,43.751629],[-79.463073,43.751463],[-79.462979,43.751298],[-79.462959,43.751263],[-79.4629,43.751125],[-79.462826,43.750953],[-79.462752,43.750782],[-79.462716,43.750698],[-79.462681,43.750608],[-79.462614,43.750435],[-79.462548,43.750261],[-79.462481,43.750088],[-79.462417,43.749922],[-79.462414,43.749915],[-79.462349,43.749741],[-79.462284,43.749568],[-79.462219,43.749394],[-79.462177,43.749284],[-79.462153,43.749221],[-79.462088,43.749047],[-79.462023,43.748874],[-79.461958,43.748701],[-79.461957,43.748699],[-79.461896,43.748525],[-79.461851,43.748397],[-79.461842,43.748337],[-79.461813,43.748159],[-79.46179,43.748021],[-79.461782,43.747985],[-79.461743,43.747808],[-79.461722,43.747717],[-79.461706,43.747677],[-79.461687,43.747642],[-79.461594,43.747477],[-79.4615,43.747313],[-79.461407,43.747148],[-79.461314,43.746983],[-79.461221,43.746819],[-79.461182,43.74675],[-79.461129,43.746674],[-79.46102,43.746519],[-79.460913,43.746364],[-79.460885,43.746324],[-79.46081,43.746231],[-79.460692,43.746084],[-79.460575,43.745936],[-79.46057,43.74593],[-79.46047,43.745822],[-79.460339,43.74568],[-79.460207,43.745537],[-79.460076,43.745395],[-79.459944,43.745252],[-79.45981,43.745107],[-79.459674,43.744959],[-79.459537,43.744811],[-79.459401,43.744663],[-79.459264,43.744515],[-79.459126,43.744366],[-79.458988,43.744216],[-79.45885,43.744067],[-79.458712,43.743918],[-79.458576,43.74377],[-79.458536,43.743728],[-79.458483,43.743678],[-79.45833,43.743536],[-79.45818,43.743397],[-79.458029,43.743257],[-79.457878,43.743118],[-79.457727,43.742977],[-79.457575,43.742836],[-79.457423,43.742695],[-79.457271,43.742554],[-79.457119,43.742413],[-79.456966,43.742272],[-79.456814,43.742131],[-79.456661,43.741989],[-79.456511,43.74185],[-79.456362,43.741712],[-79.456251,43.741614],[-79.456205,43.741572],[-79.456055,43.741432],[-79.455904,43.741292],[-79.455753,43.741151],[-79.455602,43.741011],[-79.455551,43.740964],[-79.455451,43.740871],[-79.455299,43.74073],[-79.455147,43.740589],[-79.454995,43.740448],[-79.454843,43.740308],[-79.454691,43.740166],[-79.454539,43.740025],[-79.454386,43.739884],[-79.454234,43.739743],[-79.454083,43.739603],[-79.453932,43.739462],[-79.45378,43.739322],[-79.453629,43.739182],[-79.453477,43.739041],[-79.453325,43.7389],[-79.453178,43.738764],[-79.453032,43.738628],[-79.452885,43.738492],[-79.452737,43.738355],[-79.452584,43.738213],[-79.452431,43.738071],[-79.452333,43.73798],[-79.452277,43.737929],[-79.452201,43.73786],[-79.452125,43.737789],[-79.451972,43.737647],[-79.451819,43.737505],[-79.45173,43.737423],[-79.451669,43.737366],[-79.45152,43.737227],[-79.451417,43.73713],[-79.451376,43.737087],[-79.451275,43.73698],[-79.451242,43.73694],[-79.451125,43.736799],[-79.451116,43.736788],[-79.451037,43.736689],[-79.450995,43.736629],[-79.450946,43.73656],[-79.450894,43.736455],[-79.450866,43.736398],[-79.450815,43.736281],[-79.450776,43.736192],[-79.450744,43.736105],[-79.450694,43.735968],[-79.45068,43.73593],[-79.450617,43.735756],[-79.450555,43.735582],[-79.450505,43.735445],[-79.450492,43.735408],[-79.45043,43.735233],[-79.450417,43.735196],[-79.450368,43.735059],[-79.450306,43.734885],[-79.450244,43.734711],[-79.450182,43.734537],[-79.450163,43.734482],[-79.45012,43.734363],[-79.450059,43.734191],[-79.450058,43.734188],[-79.449996,43.734014],[-79.449934,43.73384],[-79.449899,43.733742],[-79.449877,43.733679],[-79.449872,43.733666],[-79.449809,43.733492],[-79.449747,43.733318],[-79.449684,43.733144],[-79.449634,43.733006],[-79.449621,43.732969],[-79.44956,43.732795],[-79.449499,43.732621],[-79.449464,43.732522],[-79.449436,43.732449],[-79.449404,43.732363],[-79.449373,43.732273],[-79.449324,43.732132],[-79.449312,43.732097],[-79.449255,43.731922],[-79.449231,43.731851],[-79.44921,43.731738],[-79.449178,43.731562],[-79.449156,43.731445],[-79.449145,43.731385],[-79.44913,43.731304],[-79.449112,43.731207],[-79.44908,43.731028],[-79.449053,43.730882],[-79.449047,43.73085],[-79.449014,43.730672],[-79.448998,43.730586],[-79.448981,43.730494],[-79.448948,43.730316],[-79.448915,43.730137],[-79.448883,43.729959],[-79.44885,43.729781],[-79.448817,43.729603],[-79.448784,43.729424],[-79.448756,43.729271],[-79.448751,43.729246],[-79.448718,43.729068],[-79.448686,43.728889],[-79.448653,43.728711],[-79.44862,43.728533],[-79.448588,43.728354],[-79.448555,43.728176],[-79.448522,43.727998],[-79.44849,43.72782],[-79.448463,43.727674],[-79.448457,43.727641],[-79.448425,43.727463],[-79.448393,43.727284],[-79.448361,43.727106],[-79.448328,43.726928],[-79.448327,43.726919],[-79.448296,43.72675],[-79.448263,43.726572],[-79.448258,43.726544],[-79.448221,43.726397],[-79.448185,43.726254],[-79.448175,43.726224],[-79.448117,43.726049],[-79.448072,43.725917],[-79.448057,43.725878],[-79.44799,43.725705],[-79.447924,43.725533],[-79.447912,43.725504],[-79.447856,43.72536],[-79.447789,43.725187],[-79.447722,43.725014],[-79.447655,43.724841],[-79.447587,43.724668],[-79.44752,43.724495],[-79.447453,43.724321],[-79.447386,43.724148],[-79.447318,43.723975],[-79.447318,43.723973],[-79.447257,43.723798],[-79.447235,43.723736],[-79.447193,43.723626],[-79.447127,43.723453],[-79.447116,43.723423],[-79.447061,43.72328],[-79.446994,43.723107],[-79.446927,43.722934],[-79.44686,43.722761],[-79.446793,43.722587],[-79.446726,43.722414],[-79.446659,43.722241],[-79.446592,43.722068],[-79.446571,43.722013],[-79.445863,43.720184],[-79.445495,43.719262],[-79.445438,43.719109],[-79.445373,43.718935],[-79.445307,43.718762],[-79.445242,43.718588],[-79.445177,43.718415],[-79.445163,43.718378],[-79.445111,43.718242],[-79.445044,43.718068],[-79.444977,43.717895],[-79.444911,43.717722],[-79.444844,43.717549],[-79.444811,43.717463],[-79.444779,43.717374],[-79.444714,43.7172],[-79.44465,43.717026],[-79.444586,43.716853],[-79.444522,43.716679],[-79.444485,43.71658],[-79.444456,43.716508],[-79.444386,43.716336],[-79.444363,43.71628],[-79.444318,43.716161],[-79.444252,43.715987],[-79.444186,43.715814],[-79.444121,43.71564],[-79.444055,43.715467],[-79.443989,43.715293],[-79.443923,43.71512],[-79.443858,43.714947],[-79.443792,43.714773],[-79.443726,43.7146],[-79.443661,43.714426],[-79.443595,43.714253],[-79.443594,43.714251],[-79.443577,43.71419],[-79.443542,43.71409],[-79.443537,43.714078],[-79.44347,43.713905],[-79.443402,43.713732],[-79.443335,43.713559],[-79.443267,43.713386],[-79.443254,43.713352],[-79.443196,43.713215],[-79.443123,43.713044],[-79.44305,43.712872],[-79.442976,43.7127],[-79.44294,43.712614],[-79.442902,43.71253],[-79.442823,43.71236],[-79.442745,43.712189],[-79.44267,43.712025],[-79.442666,43.712017],[-79.442591,43.711845],[-79.442517,43.711674],[-79.442442,43.711502],[-79.442367,43.711331],[-79.442354,43.711302],[-79.442291,43.711161],[-79.442272,43.71112],[-79.442212,43.710991],[-79.442186,43.710934],[-79.442126,43.710827],[-79.442033,43.71066],[-79.44202,43.710636],[-79.441932,43.710499],[-79.441828,43.710336],[-79.441818,43.710321],[-79.441722,43.710174],[-79.441615,43.710012],[-79.441508,43.70985],[-79.441465,43.709785],[-79.441401,43.709687],[-79.441294,43.709525],[-79.441187,43.709362],[-79.44108,43.7092],[-79.44106,43.709169],[-79.440244,43.707928],[-79.439717,43.707126],[-79.439485,43.706778],[-79.439239,43.706399],[-79.439065,43.706122],[-79.438972,43.705966],[-79.438882,43.705815],[-79.438873,43.7058],[-79.438779,43.705634],[-79.438684,43.705467],[-79.438671,43.705444],[-79.438596,43.705298],[-79.43851,43.705131],[-79.43845,43.705013],[-79.438425,43.704961],[-79.438343,43.704792],[-79.438284,43.704668],[-79.438264,43.704627],[-79.438118,43.704296],[-79.437802,43.703527],[-79.437326,43.702374],[-79.437067,43.701725],[-79.436699,43.700754],[-79.436436,43.700052],[-79.436179,43.699367],[-79.436065,43.699096],[-79.435993,43.698924],[-79.43592,43.698752],[-79.435848,43.698581],[-79.435776,43.698409],[-79.435706,43.698244],[-79.435702,43.698234],[-79.435635,43.698062],[-79.435567,43.69789],[-79.435499,43.697718],[-79.435432,43.697546],[-79.435364,43.697374],[-79.435297,43.697202],[-79.43523,43.697032],[-79.435164,43.696864],[-79.435098,43.696696],[-79.435032,43.696528],[-79.434966,43.69636],[-79.4349,43.696192],[-79.434834,43.696024],[-79.434769,43.69586],[-79.434748,43.695805],[-79.434662,43.69566],[-79.434567,43.695498],[-79.434544,43.695459],[-79.4344,43.695292],[-79.434327,43.695207],[-79.434197,43.695099],[-79.434034,43.694964],[-79.433875,43.694833],[-79.433848,43.694813],[-79.433674,43.694686],[-79.4335,43.69456],[-79.433326,43.694433],[-79.433152,43.694306],[-79.432977,43.694178],[-79.432802,43.694051],[-79.432627,43.693923],[-79.432452,43.693796],[-79.432277,43.693669],[-79.432102,43.693541],[-79.431927,43.693414],[-79.431752,43.693286],[-79.431577,43.693159],[-79.431403,43.693032],[-79.431229,43.692905],[-79.431055,43.692779],[-79.430882,43.692652],[-79.430708,43.692526],[-79.430534,43.692399],[-79.43036,43.692272],[-79.430186,43.692146],[-79.430015,43.692021],[-79.429831,43.691892],[-79.429657,43.69177],[-79.429472,43.691641],[-79.429377,43.691596],[-79.429169,43.691497],[-79.428961,43.691398],[-79.428876,43.691358],[-79.428582,43.691283],[-79.428351,43.691224],[-79.42821,43.691188],[-79.428056,43.691163],[-79.427825,43.691126],[-79.427583,43.691086],[-79.427559,43.691084],[-79.427317,43.691056],[-79.427074,43.691029],[-79.426831,43.691001],[-79.426589,43.690974],[-79.426346,43.690946],[-79.426102,43.690919],[-79.425884,43.690894],[-79.425857,43.690891],[-79.425612,43.690864],[-79.425368,43.690837],[-79.425124,43.69081],[-79.424879,43.690783],[-79.424635,43.690756],[-79.424389,43.690728],[-79.424144,43.690701],[-79.423898,43.690674],[-79.423653,43.690647],[-79.423407,43.690619],[-79.423162,43.690592],[-79.422917,43.690565],[-79.422673,43.690538],[-79.422429,43.690511],[-79.422185,43.690484],[-79.422071,43.690471],[-79.42193,43.690449],[-79.421687,43.690411],[-79.421447,43.690373],[-79.421208,43.690336],[-79.421072,43.690315],[-79.420944,43.690286],[-79.420707,43.690235],[-79.42047,43.690183],[-79.420234,43.690131],[-79.420174,43.690118],[-79.419963,43.690054],[-79.419734,43.689985],[-79.419506,43.689916],[-79.419466,43.689904],[-79.419235,43.689809],[-79.419023,43.689722],[-79.418812,43.689636],[-79.418751,43.68961],[-79.418536,43.689484],[-79.418343,43.689371],[-79.418127,43.689244],[-79.418058,43.689181],[-79.417904,43.689041],[-79.41775,43.688901],[-79.417712,43.688867],[-79.417574,43.688712],[-79.417439,43.68856],[-79.417304,43.688409],[-79.417252,43.688351],[-79.417147,43.688172],[-79.417087,43.688069],[-79.417049,43.688005],[-79.416953,43.68784],[-79.416875,43.687705],[-79.416849,43.687653],[-79.416765,43.687484],[-79.416681,43.687316],[-79.416596,43.687177],[-79.416496,43.687012],[-79.416395,43.686848],[-79.416324,43.686731],[-79.416297,43.686689],[-79.416193,43.686525],[-79.41609,43.686362],[-79.415986,43.686199],[-79.415883,43.686036],[-79.415814,43.685927],[-79.415774,43.685858],[-79.415697,43.685723],[-79.415672,43.685672],[-79.415586,43.685504],[-79.415586,43.685503],[-79.415501,43.685334],[-79.415417,43.685165],[-79.415332,43.684996],[-79.415248,43.684827],[-79.415163,43.684658],[-79.415078,43.684489],[-79.414994,43.684321],[-79.41498,43.684294],[-79.414912,43.684168],[-79.41485,43.684055],[-79.414738,43.683899],[-79.414674,43.68381],[-79.414538,43.683665],[-79.414527,43.683654],[-79.414457,43.683597],[-79.414374,43.683529],[-79.41435,43.683513],[-79.414173,43.683392],[-79.414134,43.683366],[-79.413984,43.683309],[-79.413784,43.683234],[-79.413749,43.68322],[-79.413661,43.683199],[-79.413438,43.683145],[-79.413217,43.683092],[-79.412996,43.683039],[-79.412777,43.682986],[-79.412558,43.682933],[-79.412336,43.682879],[-79.41218,43.682842],[-79.412116,43.682819],[-79.411907,43.682744],[-79.411772,43.682695],[-79.411696,43.682665],[-79.411483,43.682578],[-79.411464,43.682571],[-79.411295,43.682486],[-79.411091,43.682383],[-79.410888,43.682281],[-79.410688,43.68218],[-79.410492,43.682082],[-79.410361,43.682016],[-79.410314,43.681983],[-79.410143,43.681865],[-79.410112,43.681844],[-79.409995,43.681712],[-79.409908,43.681614],[-79.409864,43.681543],[-79.409777,43.681402],[-79.409759,43.681361],[-79.409685,43.68119],[-79.40961,43.681018],[-79.409536,43.680846],[-79.409462,43.680675],[-79.409387,43.680503],[-79.409313,43.680331],[-79.409252,43.680191],[-79.409239,43.680159],[-79.409165,43.679988],[-79.409091,43.679816],[-79.409017,43.679644],[-79.408943,43.679473],[-79.408869,43.679301],[-79.408796,43.679129],[-79.408722,43.678957],[-79.40865,43.678791],[-79.408576,43.678619],[-79.40857,43.678605],[-79.408504,43.678445],[-79.408432,43.678273],[-79.40836,43.6781],[-79.408289,43.677928],[-79.408217,43.677756],[-79.408146,43.677584],[-79.408074,43.677411],[-79.408002,43.677239],[-79.407931,43.677067],[-79.407859,43.676895],[-79.407788,43.676722],[-79.407734,43.676594],[-79.407716,43.676546],[-79.407649,43.676372],[-79.407583,43.676199],[-79.407517,43.676026],[-79.40745,43.675852],[-79.407384,43.675679],[-79.407318,43.675506],[-79.407251,43.675333],[-79.407185,43.675159],[-79.407118,43.674986],[-79.407108,43.67496],[-79.407067,43.674852],[-79.406041,43.672171],[-79.405974,43.671998],[-79.405908,43.671824],[-79.405842,43.671651],[-79.405775,43.671477],[-79.405709,43.671304],[-79.405642,43.671131],[-79.405576,43.670957],[-79.40551,43.670784],[-79.405443,43.670611],[-79.405377,43.670437],[-79.405373,43.670427],[-79.405311,43.670264],[-79.40527,43.670155],[-79.405245,43.67009],[-79.40518,43.669917],[-79.405166,43.669882],[-79.405112,43.669746],[-79.405042,43.669573],[-79.404973,43.6694],[-79.404915,43.669255],[-79.404904,43.669227],[-79.404835,43.669055],[-79.404765,43.668882],[-79.404696,43.668709],[-79.404675,43.668657],[-79.404623,43.668542],[-79.404545,43.668372],[-79.404505,43.668283],[-79.404466,43.668219],[-79.404403,43.668116],[-79.404371,43.668079],[-79.404282,43.667974],[-79.404263,43.66796],[-79.404093,43.667831],[-79.404078,43.66782],[-79.403929,43.667738],[-79.403842,43.667689],[-79.403748,43.667649],[-79.403644,43.667605],[-79.403565,43.667582],[-79.403463,43.667552],[-79.403349,43.667526],[-79.403285,43.667511],[-79.403156,43.667493],[-79.403113,43.667494],[-79.403049,43.667496],[-79.402945,43.667511],[-79.402854,43.66753],[-79.402658,43.667573],[-79.402617,43.667582],[-79.402379,43.667633],[-79.402141,43.667685],[-79.401903,43.667737],[-79.401665,43.667789],[-79.401427,43.667841],[-79.401188,43.667893],[-79.40095,43.667945],[-79.400712,43.667997],[-79.400474,43.668049],[-79.40038,43.66807],[-79.400236,43.668101],[-79.399997,43.668153],[-79.399759,43.668205],[-79.399668,43.668225],[-79.39952,43.668256],[-79.399281,43.668305],[-79.399041,43.668355],[-79.398813,43.668402],[-79.398802,43.668404],[-79.398563,43.668453],[-79.398324,43.668503],[-79.398084,43.668552],[-79.397845,43.668602],[-79.397661,43.66864],[-79.397606,43.668651],[-79.397367,43.668701],[-79.397128,43.66875],[-79.396991,43.668778],[-79.39689,43.668799],[-79.396757,43.668827],[-79.396639,43.668843],[-79.396568,43.668852],[-79.396382,43.66886],[-79.396367,43.668861],[-79.396132,43.668864],[-79.396042,43.668865],[-79.395886,43.668863],[-79.395661,43.668861],[-79.395641,43.668858],[-79.3954,43.668822],[-79.3952,43.668791],[-79.395166,43.668782],[-79.394935,43.668715],[-79.394889,43.668702],[-79.394721,43.668634],[-79.394572,43.668574],[-79.394517,43.668534],[-79.394345,43.66841],[-79.394309,43.668384],[-79.39418,43.668278],[-79.394106,43.668217],[-79.394021,43.668118],[-79.393966,43.668054],[-79.393897,43.667941],[-79.393843,43.667852],[-79.393802,43.667758],[-79.393728,43.667587],[-79.393667,43.667449],[-79.393653,43.667414],[-79.393582,43.667242],[-79.393512,43.667069],[-79.393441,43.666897],[-79.393411,43.666823],[-79.39337,43.666724],[-79.3933,43.666552],[-79.393229,43.66638],[-79.39316,43.666211],[-79.393111,43.666077],[-79.393091,43.666043],[-79.393058,43.665986],[-79.392991,43.665906],[-79.392928,43.665854],[-79.39284,43.665782],[-79.392679,43.665652],[-79.392517,43.665521],[-79.392356,43.66539],[-79.392193,43.665258],[-79.39203,43.665126],[-79.391939,43.665053],[-79.391839,43.664941],[-79.391834,43.664935],[-79.39176,43.664847],[-79.391695,43.66475],[-79.391672,43.664698],[-79.391597,43.66453],[-79.391523,43.664362],[-79.391448,43.664193],[-79.391372,43.664022],[-79.391296,43.663851],[-79.39122,43.66368],[-79.391145,43.663509],[-79.391069,43.663338],[-79.390993,43.663167],[-79.390917,43.662996],[-79.390842,43.662826],[-79.390825,43.662788],[-79.390769,43.662649],[-79.390741,43.662581],[-79.390701,43.662461],[-79.390665,43.662355],[-79.390643,43.662275],[-79.390598,43.662119],[-79.390591,43.662091],[-79.390549,43.661916],[-79.390539,43.661877],[-79.390508,43.66173],[-79.390488,43.661633],[-79.390471,43.661546],[-79.390442,43.661391],[-79.390438,43.661362],[-79.390408,43.661185],[-79.390403,43.661155],[-79.39038,43.661001],[-79.390368,43.660928],[-79.390354,43.660813],[-79.390342,43.660715],[-79.390333,43.660627],[-79.390321,43.660518],[-79.390314,43.660461],[-79.390289,43.660285],[-79.390265,43.66011],[-79.390241,43.659934],[-79.390235,43.659891],[-79.390217,43.659759],[-79.390193,43.659584],[-79.390169,43.659408],[-79.390148,43.659256],[-79.390145,43.659239],[-79.390132,43.659167],[-79.390108,43.659073],[-79.390107,43.659068],[-79.390075,43.658962],[-79.390057,43.658907],[-79.390039,43.658853],[-79.39,43.658743],[-79.389998,43.658737],[-79.38996,43.658636],[-79.389932,43.658566],[-79.38992,43.658535],[-79.389883,43.658443],[-79.389864,43.658395],[-79.389851,43.658364],[-79.389822,43.658302],[-79.389789,43.658225],[-79.389716,43.658053],[-79.389643,43.657881],[-79.38957,43.657709],[-79.389496,43.657537],[-79.389423,43.657365],[-79.38935,43.657193],[-79.389277,43.657022],[-79.389204,43.65685],[-79.38913,43.656678],[-79.389057,43.656506],[-79.388984,43.656334],[-79.388911,43.656162],[-79.388838,43.65599],[-79.388765,43.655819],[-79.388691,43.655647],[-79.388618,43.655475],[-79.388545,43.655303],[-79.388472,43.655131],[-79.388399,43.654959],[-79.388333,43.654805],[-79.388325,43.654788],[-79.388251,43.654616],[-79.388177,43.654444],[-79.388103,43.654273],[-79.388029,43.654101],[-79.387955,43.653929],[-79.387881,43.653757],[-79.387807,43.653586],[-79.387733,43.653414],[-79.387659,43.653242],[-79.387585,43.653071],[-79.387511,43.652899],[-79.387437,43.652727],[-79.387363,43.652555],[-79.387289,43.652384],[-79.387215,43.652212],[-79.387141,43.65204],[-79.387067,43.651869],[-79.386993,43.651697],[-79.386919,43.651525],[-79.386845,43.651353],[-79.386771,43.651182],[-79.386697,43.65101],[-79.386623,43.650838],[-79.386579,43.650736],[-79.386549,43.650667],[-79.386475,43.650495],[-79.386401,43.650323],[-79.386327,43.650152],[-79.386316,43.650128],[-79.386249,43.649985],[-79.386239,43.649965],[-79.38616,43.649826],[-79.386091,43.649703],[-79.386067,43.649664],[-79.385966,43.6495],[-79.385865,43.649336],[-79.385763,43.649172],[-79.385662,43.649008],[-79.385627,43.648952],[-79.38556,43.648844],[-79.385458,43.648681],[-79.385355,43.648517],[-79.385332,43.64848],[-79.385256,43.648346],[-79.385162,43.64818],[-79.385068,43.648014],[-79.384973,43.647847],[-79.38496,43.647824],[-79.384879,43.647681],[-79.384784,43.647515],[-79.38469,43.647348],[-79.384596,43.647182],[-79.384501,43.647016],[-79.384407,43.64685],[-79.384313,43.646685],[-79.38422,43.64652],[-79.384141,43.646381],[-79.384126,43.646357],[-79.384028,43.646195],[-79.383931,43.646035],[-79.383848,43.645897],[-79.383834,43.645876],[-79.38377,43.645775],[-79.383711,43.645706],[-79.383689,43.645681],[-79.383581,43.645596],[-79.383474,43.645536],[-79.383421,43.645507],[-79.383236,43.645432],[-79.38319,43.645421],[-79.382959,43.645363],[-79.382905,43.64535],[-79.382707,43.645312],[-79.382618,43.645295],[-79.382451,43.645273],[-79.38238,43.645264],[-79.382185,43.645256],[-79.382169,43.645256],[-79.381979,43.64526],[-79.381884,43.645277],[-79.381644,43.645321],[-79.381403,43.645365],[-79.381243,43.645394],[-79.38116,43.64541],[-79.381039,43.645433],[-79.380914,43.64546],[-79.380676,43.645512],[-79.380438,43.645564],[-79.380217,43.645612],[-79.3802,43.645616],[-79.379961,43.645668],[-79.379724,43.64572],[-79.379486,43.645772],[-79.379358,43.6458],[-79.379236,43.645835],[-79.379006,43.6459],[-79.37883,43.64595],[-79.378448,43.646046],[-79.378663,43.646017],[-79.378846,43.645997],[-79.378858,43.645996],[-79.378584,43.646058],[-79.378468,43.646084],[-79.378353,43.646115],[-79.378332,43.646121],[-79.378239,43.646149],[-79.378126,43.646187],[-79.378085,43.646202],[-79.378014,43.646229],[-79.377905,43.646275],[-79.377841,43.646305],[-79.377799,43.646325],[-79.377698,43.646378],[-79.377602,43.646436],[-79.377577,43.646454],[-79.377513,43.646498],[-79.377431,43.646564],[-79.377357,43.646634],[-79.377327,43.646669],[-79.377292,43.646709],[-79.377237,43.646787],[-79.377192,43.64687],[-79.377159,43.646958],[-79.377148,43.647005],[-79.377138,43.647051],[-79.37713,43.647148],[-79.377137,43.647251],[-79.377149,43.647312],[-79.377158,43.647359],[-79.377196,43.647475],[-79.377219,43.64753],[-79.377284,43.647696],[-79.377352,43.647865],[-79.37742,43.648035],[-79.377488,43.648207],[-79.377556,43.648379],[-79.377625,43.648552],[-79.377694,43.648725],[-79.377762,43.648897],[-79.377779,43.648939],[-79.377832,43.649071],[-79.377901,43.649243],[-79.37797,43.649416],[-79.378039,43.649589],[-79.378052,43.649622],[-79.378115,43.649765],[-79.378176,43.649906],[-79.37819,43.649937],[-79.378265,43.650108],[-79.37834,43.65028],[-79.378415,43.650451],[-79.37849,43.650623],[-79.378565,43.650794],[-79.37864,43.650966],[-79.378715,43.651137],[-79.37879,43.651308],[-79.378865,43.65148],[-79.378927,43.65162],[-79.37894,43.651651],[-79.379015,43.651823],[-79.37909,43.651994],[-79.379165,43.652165],[-79.37924,43.652336],[-79.379315,43.652508],[-79.379337,43.652559],[-79.379389,43.652679],[-79.379463,43.652851],[-79.379502,43.652942],[-79.379536,43.653022],[-79.379609,43.653194],[-79.379682,43.653366],[-79.379755,43.653538],[-79.379828,43.65371],[-79.379901,43.653882],[-79.379974,43.654054],[-79.380047,43.654226],[-79.38012,43.654398],[-79.380193,43.654569],[-79.380266,43.654741],[-79.380339,43.654913],[-79.380412,43.655085],[-79.380485,43.655257],[-79.380557,43.655429],[-79.38063,43.655601],[-79.380703,43.655773],[-79.380776,43.655945],[-79.380779,43.655952],[-79.380855,43.656119],[-79.380933,43.65629],[-79.381011,43.65646],[-79.381051,43.656548],[-79.381087,43.65663],[-79.381161,43.656801],[-79.381235,43.656973],[-79.38131,43.657144],[-79.381384,43.657316],[-79.381458,43.657488],[-79.381533,43.657659],[-79.381607,43.657831],[-79.381681,43.658003],[-79.381756,43.658174],[-79.38183,43.658346],[-79.381904,43.658518],[-79.381979,43.658689],[-79.382053,43.658861],[-79.382127,43.659032],[-79.382202,43.659204],[-79.382267,43.659355],[-79.382276,43.659376],[-79.38235,43.659547],[-79.382388,43.659637],[-79.382424,43.659719],[-79.382498,43.659891],[-79.382572,43.660062],[-79.382646,43.660234],[-79.38272,43.660406],[-79.382794,43.660577],[-79.38283,43.660662],[-79.382868,43.660749],[-79.382942,43.660921],[-79.383016,43.661092],[-79.383081,43.661242],[-79.383088,43.661262],[-79.383158,43.661434],[-79.383213,43.661571],[-79.383225,43.661603],[-79.383286,43.661776],[-79.383316,43.66186],[-79.383341,43.661944],[-79.383389,43.662111],[-79.38339,43.662112],[-79.383426,43.662277],[-79.383438,43.662333],[-79.383455,43.662448],[-79.383466,43.662527],[-79.383473,43.662626],[-79.383477,43.662699],[-79.383476,43.66281],[-79.383475,43.662854],[-79.383463,43.662996],[-79.383463,43.663001],[-79.383447,43.663129],[-79.38344,43.663181],[-79.383429,43.66326],[-79.383415,43.663358],[-79.383411,43.66339],[-79.383392,43.663518],[-79.383389,43.663534],[-79.383373,43.663646],[-79.383366,43.663708],[-79.383358,43.663773],[-79.383349,43.663883],[-79.383348,43.663901],[-79.383345,43.664028],[-79.383347,43.664061],[-79.383352,43.664157],[-79.383363,43.664241],[-79.383369,43.664287],[-79.383401,43.66442],[-79.383402,43.664423],[-79.383447,43.664557],[-79.383464,43.664599],[-79.383534,43.664772],[-79.383603,43.664944],[-79.383673,43.665117],[-79.383714,43.665219],[-79.383746,43.665299],[-79.385397,43.669321],[-79.385425,43.6694],[-79.385443,43.669474],[-79.385535,43.669919],[-79.385571,43.670096],[-79.385608,43.670272],[-79.385644,43.670449],[-79.385676,43.670602],[-79.385681,43.670627],[-79.385719,43.670803],[-79.385756,43.67098],[-79.385794,43.671157],[-79.385813,43.671245],[-79.385831,43.671333],[-79.385869,43.67151],[-79.385906,43.671686],[-79.38594,43.671845],[-79.385943,43.671861],[-79.385978,43.672037],[-79.385996,43.672125],[-79.386024,43.672227],[-79.386072,43.672403],[-79.386107,43.672531],[-79.386133,43.672598],[-79.386184,43.672735],[-79.386205,43.672783],[-79.386278,43.672951],[-79.386292,43.672976],[-79.386358,43.673095],[-79.386391,43.673149],[-79.386437,43.673224],[-79.386505,43.673322],[-79.386601,43.673459],[-79.386625,43.673489],[-79.386746,43.673645],[-79.386799,43.673713],[-79.386877,43.673805],[-79.387005,43.673959],[-79.387133,43.674111],[-79.387262,43.674264],[-79.38739,43.674417],[-79.387516,43.674568],[-79.387558,43.674618],[-79.387635,43.674718],[-79.387673,43.674767],[-79.387747,43.674874],[-79.387787,43.674931],[-79.387851,43.675035],[-79.387864,43.675056],[-79.387946,43.6752],[-79.387959,43.675223],[-79.388029,43.675371],[-79.388109,43.675539],[-79.38811,43.675542],[-79.388179,43.675715],[-79.388248,43.675888],[-79.388274,43.675953],[-79.388315,43.676061],[-79.388383,43.676234],[-79.38845,43.676407],[-79.388518,43.67658],[-79.388585,43.676753],[-79.388653,43.676926],[-79.38872,43.677099],[-79.388731,43.677127],[-79.38887,43.677483],[-79.389281,43.678485],[-79.389572,43.679264],[-79.3905,43.681595],[-79.390742,43.682201],[-79.390753,43.682227],[-79.392255,43.685882],[-79.392385,43.686198],[-79.392496,43.68647],[-79.392576,43.686731],[-79.392677,43.687075],[-79.392785,43.687417],[-79.39294,43.687702],[-79.393367,43.688266],[-79.393396,43.688305],[-79.393485,43.68842],[-79.393602,43.688573],[-79.393718,43.688726],[-79.393835,43.688878],[-79.393839,43.688883],[-79.393956,43.689029],[-79.39408,43.689184],[-79.394082,43.689186],[-79.394184,43.689348],[-79.394286,43.689509],[-79.394389,43.68967],[-79.394392,43.689676],[-79.394488,43.689839],[-79.394584,43.690003],[-79.39468,43.690167],[-79.394776,43.690332],[-79.39487,43.690493],[-79.394893,43.690532],[-79.394943,43.690651],[-79.395003,43.690793],[-79.395071,43.690954],[-79.39514,43.69112],[-79.395211,43.69129],[-79.395284,43.691462],[-79.395333,43.69158],[-79.395488,43.691949],[-79.395677,43.692553],[-79.39578,43.692969],[-79.395825,43.693173],[-79.395911,43.693573],[-79.39619,43.694924],[-79.396314,43.695479],[-79.39638,43.695823],[-79.396424,43.696036],[-79.396514,43.696379],[-79.396529,43.696419],[-79.396592,43.696593],[-79.396599,43.696613],[-79.396681,43.696781],[-79.396695,43.69681],[-79.396775,43.696956],[-79.396867,43.697123],[-79.396958,43.697289],[-79.397049,43.697456],[-79.397141,43.697622],[-79.397232,43.697789],[-79.397288,43.697891],[-79.397323,43.697955],[-79.397415,43.698122],[-79.397506,43.698288],[-79.397595,43.698451],[-79.397663,43.698573],[-79.397683,43.698614],[-79.397768,43.69878],[-79.397802,43.698847],[-79.397853,43.698944],[-79.39794,43.699109],[-79.397948,43.699123],[-79.398012,43.69929],[-79.398045,43.699375],[-79.398072,43.699464],[-79.398076,43.699481],[-79.398112,43.699659],[-79.398122,43.699706],[-79.398139,43.699847],[-79.398146,43.699913],[-79.398155,43.700029],[-79.398169,43.700208],[-79.398177,43.7003],[-79.398182,43.700388],[-79.398191,43.700546],[-79.398193,43.700566],[-79.398205,43.700745],[-79.398217,43.700923],[-79.39823,43.701102],[-79.398238,43.701228],[-79.39824,43.701281],[-79.398246,43.70146],[-79.398247,43.701487],[-79.398259,43.70164],[-79.398271,43.701798],[-79.398272,43.701818],[-79.398283,43.701997],[-79.398294,43.702176],[-79.398304,43.702337],[-79.398305,43.702355],[-79.398316,43.702535],[-79.398328,43.702714],[-79.39834,43.702894],[-79.398351,43.703073],[-79.398363,43.703253],[-79.398367,43.703313],[-79.398373,43.703431],[-79.398383,43.703611],[-79.398383,43.703616],[-79.398393,43.703791],[-79.398403,43.70397],[-79.398414,43.704149],[-79.398424,43.704328],[-79.398434,43.704506],[-79.398444,43.704684],[-79.398453,43.70483],[-79.398455,43.704864],[-79.398466,43.705044],[-79.398468,43.705065],[-79.398496,43.705227],[-79.398526,43.705405],[-79.398541,43.705493],[-79.398548,43.705581],[-79.398561,43.705761],[-79.398575,43.705941],[-79.398588,43.706116],[-79.398588,43.70612],[-79.398602,43.7063],[-79.398615,43.706479],[-79.398628,43.706655],[-79.398636,43.706762],[-79.398639,43.70683],[-79.398646,43.707009],[-79.398654,43.707188],[-79.398661,43.707358],[-79.398661,43.707366],[-79.39867,43.707545],[-79.398677,43.707672],[-79.398679,43.707723],[-79.398687,43.707902],[-79.39869,43.707971],[-79.398707,43.708088],[-79.398733,43.708266],[-79.398735,43.708279],[-79.398766,43.708448],[-79.398796,43.708616],[-79.398799,43.708629],[-79.398837,43.708806],[-79.398876,43.708984],[-79.398914,43.709162],[-79.398952,43.70934],[-79.39899,43.709517],[-79.399028,43.709695],[-79.399067,43.709873],[-79.399105,43.71005],[-79.399143,43.710228],[-79.399181,43.710406],[-79.39922,43.710584],[-79.399258,43.710761],[-79.399296,43.710939],[-79.399334,43.711117],[-79.399372,43.711294],[-79.399411,43.711472],[-79.399449,43.71165],[-79.399487,43.711828],[-79.399525,43.712005],[-79.399563,43.712183],[-79.399602,43.712361],[-79.39964,43.712538],[-79.399678,43.712716],[-79.399716,43.712894],[-79.399755,43.713072],[-79.399793,43.713249],[-79.399831,43.713427],[-79.399869,43.713605],[-79.399907,43.713782],[-79.399946,43.71396],[-79.399984,43.714138],[-79.400022,43.714316],[-79.40006,43.714493],[-79.400098,43.714671],[-79.400137,43.714849],[-79.400175,43.715026],[-79.400213,43.715204],[-79.400251,43.715382],[-79.400289,43.71556],[-79.400328,43.715737],[-79.400366,43.715915],[-79.400404,43.716093],[-79.400442,43.71627],[-79.400481,43.716448],[-79.400519,43.716626],[-79.400557,43.716803],[-79.400595,43.716981],[-79.400633,43.717159],[-79.400672,43.717337],[-79.40071,43.717514],[-79.400748,43.717692],[-79.400786,43.71787],[-79.400824,43.718048],[-79.400863,43.718225],[-79.400901,43.718403],[-79.400939,43.718581],[-79.400977,43.718758],[-79.401016,43.718936],[-79.401054,43.719114],[-79.401092,43.719291],[-79.40113,43.719469],[-79.401168,43.719647],[-79.401206,43.719824],[-79.401245,43.720001],[-79.401276,43.720149],[-79.401282,43.720177],[-79.401316,43.720355],[-79.40135,43.720533],[-79.401385,43.720712],[-79.401419,43.72089],[-79.401454,43.721068],[-79.401488,43.721246],[-79.401522,43.721424],[-79.401557,43.721602],[-79.401591,43.72178],[-79.401625,43.721958],[-79.40166,43.722137],[-79.401694,43.722315],[-79.401728,43.722493],[-79.401763,43.722671],[-79.401797,43.722849],[-79.401831,43.723027],[-79.401866,43.723205],[-79.4019,43.723383],[-79.401934,43.723561],[-79.401968,43.723738],[-79.402003,43.723916],[-79.402037,43.724094],[-79.402048,43.724151],[-79.402074,43.724274],[-79.402111,43.724452],[-79.402148,43.72463],[-79.402157,43.724671],[-79.402189,43.724809],[-79.40223,43.724986],[-79.40227,43.725162],[-79.402311,43.72534],[-79.402352,43.725517],[-79.402393,43.725694],[-79.402434,43.725872],[-79.402475,43.726049],[-79.402516,43.726226],[-79.402542,43.726337],[-79.402558,43.726405],[-79.402601,43.726582],[-79.402644,43.726759],[-79.402686,43.726936],[-79.402729,43.727113],[-79.402772,43.72729],[-79.402815,43.727467],[-79.402857,43.727644],[-79.402891,43.727784],[-79.402905,43.727829],[-79.402958,43.728004],[-79.403011,43.72818],[-79.403065,43.728355],[-79.403118,43.728531],[-79.403171,43.728707],[-79.403181,43.728737],[-79.403219,43.728879],[-79.403265,43.729056],[-79.403312,43.729232],[-79.403359,43.729409],[-79.403406,43.729585],[-79.403453,43.729762],[-79.4035,43.729939],[-79.403547,43.730115],[-79.403594,43.730292],[-79.403641,43.730469],[-79.403688,43.730645],[-79.403735,43.730822],[-79.403782,43.730998],[-79.403829,43.731174],[-79.403876,43.731351],[-79.403923,43.731528],[-79.40397,43.731704],[-79.404017,43.731881],[-79.404064,43.732057],[-79.404111,43.732234],[-79.404158,43.732411],[-79.404184,43.73251],[-79.404202,43.732585],[-79.404245,43.732763],[-79.404287,43.73294],[-79.404329,43.733117],[-79.404372,43.733294],[-79.404414,43.733471],[-79.404457,43.733649],[-79.404499,43.733826],[-79.404541,43.734003],[-79.404555,43.734058],[-79.404583,43.734179],[-79.404623,43.734357],[-79.404664,43.734534],[-79.404705,43.734712],[-79.404746,43.734889],[-79.404787,43.735067],[-79.404828,43.735244],[-79.404869,43.735421],[-79.404909,43.735599],[-79.40495,43.735776],[-79.404991,43.735954],[-79.405005,43.736016],[-79.405029,43.73613],[-79.405066,43.736308],[-79.405103,43.736486],[-79.40514,43.736663],[-79.405177,43.736841],[-79.405214,43.737019],[-79.405251,43.737195],[-79.405288,43.737372],[-79.405323,43.737542],[-79.405358,43.737707],[-79.405392,43.737872],[-79.405429,43.738047],[-79.405465,43.738224],[-79.405502,43.738402],[-79.405539,43.738579],[-79.405555,43.738653],[-79.405981,43.740698],[-79.406041,43.74183],[-79.406051,43.742009],[-79.40606,43.742187],[-79.40607,43.742366],[-79.406079,43.742544],[-79.406089,43.742723],[-79.406098,43.742901],[-79.406108,43.74308],[-79.406116,43.743229],[-79.406117,43.743258],[-79.406123,43.743436],[-79.406125,43.743489],[-79.406133,43.743615],[-79.406145,43.743793],[-79.406156,43.74397],[-79.406161,43.744048],[-79.406173,43.744152],[-79.406182,43.74423],[-79.406205,43.744439],[-79.407044,43.746903],[-79.407104,43.747077],[-79.407163,43.74725],[-79.407219,43.747417],[-79.407276,43.747583],[-79.40733,43.74774],[-79.407382,43.747895],[-79.40744,43.748064],[-79.407499,43.748238],[-79.407559,43.748413],[-79.407618,43.748587],[-79.407678,43.748762],[-79.407737,43.748936],[-79.407797,43.749111],[-79.407856,43.749286],[-79.407916,43.74946],[-79.407975,43.749635],[-79.408035,43.749809],[-79.408094,43.749984],[-79.408153,43.750158],[-79.40816,43.750177],[-79.408192,43.750313],[-79.408234,43.75049],[-79.408276,43.750667],[-79.408318,43.750843],[-79.40836,43.751019],[-79.408402,43.751196],[-79.408444,43.75137],[-79.408481,43.751528],[-79.408487,43.751549],[-79.408534,43.751721],[-79.408582,43.751894],[-79.40863,43.752069],[-79.408678,43.752244],[-79.408726,43.752419],[-79.408775,43.752595],[-79.408823,43.752771],[-79.40883,43.752795],[-79.408866,43.752948],[-79.408909,43.753125],[-79.408951,43.753302],[-79.408993,43.753479],[-79.409035,43.753657],[-79.409078,43.753834],[-79.40912,43.754011],[-79.409162,43.754187],[-79.409204,43.754364],[-79.409247,43.754541],[-79.409289,43.754719],[-79.409331,43.754896],[-79.409373,43.755072],[-79.409415,43.755248],[-79.409457,43.755423],[-79.409499,43.7556],[-79.409541,43.755776],[-79.409584,43.755953],[-79.409624,43.756125],[-79.409626,43.756131],[-79.40967,43.756308],[-79.409714,43.756485],[-79.409758,43.756662],[-79.409802,43.756839],[-79.409846,43.757016],[-79.40989,43.757193],[-79.409934,43.75737],[-79.409978,43.757547],[-79.410022,43.757724],[-79.410066,43.757901],[-79.41011,43.758078],[-79.410154,43.758255],[-79.410199,43.758432],[-79.410243,43.758609],[-79.410287,43.758786],[-79.410331,43.758963],[-79.410375,43.75914],[-79.410419,43.759317],[-79.410443,43.759415],[-79.410463,43.759494],[-79.41048,43.759563],[-79.410508,43.759671],[-79.410523,43.75973],[-79.410554,43.759849],[-79.410599,43.760025],[-79.410645,43.760202],[-79.410691,43.760379],[-79.410737,43.760556],[-79.410783,43.760732],[-79.410797,43.760787],[-79.410831,43.760911],[-79.410881,43.761087],[-79.41093,43.761263],[-79.410942,43.761304],[-79.41098,43.761439],[-79.411029,43.761615],[-79.411079,43.761792],[-79.411128,43.761968],[-79.411144,43.762024],[-79.411166,43.762139],[-79.411199,43.762317],[-79.411201,43.762328],[-79.411228,43.762493],[-79.411241,43.762572],[-79.411265,43.762677],[-79.411306,43.762855],[-79.411347,43.763032],[-79.411388,43.763209],[-79.411429,43.763387],[-79.41147,43.763564],[-79.411511,43.763742],[-79.411552,43.763919],[-79.411593,43.764096],[-79.411634,43.764274],[-79.411675,43.764451],[-79.411716,43.764629],[-79.411757,43.764806],[-79.411798,43.764983],[-79.411838,43.765161],[-79.411879,43.765338],[-79.41192,43.765515],[-79.411961,43.765693],[-79.412002,43.76587],[-79.412043,43.766048],[-79.412084,43.766225],[-79.412125,43.766402],[-79.412166,43.76658],[-79.412207,43.766757],[-79.412248,43.766934],[-79.412289,43.767112],[-79.41233,43.767289],[-79.412371,43.767467],[-79.412412,43.767644],[-79.412452,43.767821],[-79.412493,43.767999],[-79.412505,43.768051],[-79.412538,43.768179],[-79.412582,43.768356],[-79.412627,43.768533],[-79.412663,43.768675],[-79.412671,43.76871],[-79.412716,43.768887],[-79.412761,43.769064],[-79.412805,43.769241],[-79.41282,43.769298],[-79.412851,43.769419],[-79.412898,43.769596],[-79.412944,43.769772],[-79.41299,43.769949],[-79.413036,43.770126],[-79.413083,43.770302],[-79.413129,43.770479],[-79.413175,43.770656],[-79.413221,43.770833],[-79.413268,43.771009],[-79.413314,43.771186],[-79.41336,43.771363],[-79.413407,43.771539],[-79.413453,43.771716],[-79.413499,43.771893],[-79.413545,43.77207],[-79.413592,43.772246],[-79.413638,43.772423],[-79.413684,43.7726],[-79.413731,43.772776],[-79.413777,43.772953],[-79.413823,43.77313],[-79.413869,43.773307],[-79.413916,43.773483],[-79.413962,43.77366],[-79.414008,43.773837],[-79.414054,43.774013],[-79.414101,43.77419],[-79.414147,43.774367],[-79.414193,43.774544],[-79.41424,43.77472],[-79.414286,43.774897],[-79.414332,43.775074],[-79.414378,43.775251],[-79.414425,43.775427],[-79.414471,43.775604],[-79.414517,43.775781],[-79.414564,43.775957],[-79.41461,43.776134],[-79.414656,43.776311],[-79.414702,43.776488],[-79.414749,43.776664],[-79.414795,43.776841],[-79.414841,43.777018],[-79.414888,43.777195],[-79.414934,43.777371],[-79.41498,43.777548],[-79.415026,43.777725],[-79.415073,43.777901],[-79.415119,43.778078],[-79.415165,43.778255],[-79.415211,43.778432],[-79.415258,43.778608],[-79.415304,43.778785],[-79.41535,43.778962],[-79.415369,43.779032],[-79.415395,43.779138],[-79.41544,43.779315],[-79.415485,43.779491],[-79.415512,43.7796],[-79.415529,43.779668],[-79.415574,43.779845],[-79.415592,43.779916],[-79.415623,43.780025],[-79.415672,43.780201],[-79.415722,43.780377],[-79.415729,43.7804],[-79.415779,43.780556],[-79.41581,43.780655],[-79.415827,43.780724],[-79.415839,43.780778]]},"properties":{"line":"1","dir":"1","headsign":"Finch Station","mode":"tram","color":"#D5C82B"}},{"type":"Feature","geometry":{"type":"LineString","coordinates":[[-79.535362,43.63778],[-79.535199,43.637916],[-79.535036,43.638051],[-79.534872,43.638187],[-79.53477,43.638272],[-79.534708,43.638315],[-79.534659,43.638348],[-79.534528,43.638436],[-79.534474,43.638473],[-79.534347,43.638559],[-79.534329,43.638571],[-79.534172,43.638698],[-79.534005,43.638831],[-79.533839,43.638965],[-79.533792,43.639003],[-79.533732,43.639053],[-79.533367,43.639359],[-79.532941,43.639692],[-79.53251,43.640024],[-79.532086,43.64036],[-79.531673,43.640705],[-79.531553,43.640806],[-79.531357,43.640971],[-79.531225,43.641082],[-79.53042,43.64176],[-79.529797,43.642287],[-79.529481,43.642553],[-79.529165,43.642823],[-79.529001,43.64296],[-79.528859,43.643079],[-79.528759,43.643172],[-79.528708,43.643223],[-79.528685,43.643246],[-79.528622,43.643319],[-79.528568,43.643387],[-79.528513,43.643465],[-79.528402,43.643619],[-79.528295,43.643769],[-79.528252,43.643828],[-79.5282,43.643894],[-79.52817,43.643933],[-79.528121,43.643996],[-79.528093,43.64403],[-79.528067,43.644061],[-79.527984,43.644158],[-79.527911,43.644226],[-79.527863,43.64427],[-79.527834,43.644297],[-79.527766,43.644356],[-79.527736,43.644379],[-79.527677,43.644425],[-79.527622,43.644466],[-79.527583,43.644493],[-79.527556,43.644512],[-79.527493,43.644553],[-79.527429,43.644597],[-79.527369,43.644631],[-79.527297,43.644672],[-79.527251,43.644695],[-79.527221,43.64471],[-79.527142,43.644746],[-79.52705,43.644784],[-79.526889,43.644852],[-79.526838,43.644871],[-79.526717,43.644917],[-79.526618,43.644952],[-79.526531,43.644983],[-79.526383,43.645024],[-79.526369,43.645027],[-79.526141,43.64508],[-79.525904,43.645134],[-79.525825,43.645152],[-79.525665,43.645187],[-79.525427,43.645239],[-79.525298,43.645267],[-79.525188,43.64529],[-79.52495,43.645342],[-79.524875,43.645358],[-79.524711,43.645393],[-79.524472,43.645444],[-79.524234,43.645495],[-79.523995,43.645546],[-79.523757,43.645597],[-79.523582,43.645635],[-79.523489,43.645634],[-79.523372,43.645633],[-79.523254,43.645635],[-79.523172,43.645637],[-79.523009,43.645672],[-79.522771,43.645722],[-79.522739,43.645729],[-79.522532,43.645775],[-79.522294,43.645828],[-79.522057,43.645881],[-79.521819,43.645934],[-79.521581,43.645987],[-79.521343,43.64604],[-79.521106,43.646093],[-79.520868,43.646146],[-79.520631,43.646199],[-79.520393,43.646252],[-79.520157,43.646304],[-79.520103,43.646316],[-79.519921,43.646358],[-79.519684,43.646412],[-79.51962,43.646426],[-79.51945,43.646466],[-79.519249,43.646514],[-79.519219,43.646521],[-79.51909,43.646555],[-79.518989,43.646582],[-79.518757,43.646644],[-79.518683,43.646664],[-79.518647,43.646673],[-79.518512,43.646704],[-79.518276,43.646758],[-79.51804,43.646813],[-79.517803,43.646868],[-79.517567,43.646922],[-79.517544,43.646928],[-79.517329,43.646977],[-79.517092,43.647031],[-79.516855,43.647085],[-79.516618,43.647139],[-79.51638,43.647194],[-79.516143,43.647248],[-79.515997,43.647281],[-79.515903,43.647302],[-79.515666,43.647355],[-79.515428,43.647408],[-79.51519,43.647461],[-79.514952,43.647514],[-79.514716,43.647567],[-79.514478,43.64762],[-79.514241,43.647673],[-79.514003,43.647726],[-79.513765,43.647779],[-79.513527,43.647832],[-79.513289,43.647885],[-79.513052,43.647938],[-79.512814,43.647991],[-79.512576,43.648044],[-79.512338,43.648097],[-79.512101,43.64815],[-79.512013,43.648169],[-79.511944,43.648183],[-79.511851,43.648197],[-79.511826,43.648201],[-79.511738,43.648213],[-79.511613,43.648229],[-79.51158,43.648233],[-79.511482,43.648245],[-79.511352,43.64826],[-79.511337,43.648262],[-79.511229,43.648274],[-79.51112,43.648287],[-79.511095,43.64829],[-79.511032,43.648297],[-79.51097,43.648303],[-79.510854,43.648317],[-79.51061,43.648347],[-79.510365,43.648377],[-79.51012,43.648407],[-79.510084,43.648411],[-79.509875,43.648436],[-79.50963,43.648466],[-79.509385,43.648496],[-79.509199,43.648519],[-79.509141,43.648527],[-79.508971,43.648551],[-79.508897,43.648562],[-79.508655,43.6486],[-79.508648,43.648601],[-79.508413,43.648641],[-79.508255,43.648667],[-79.508171,43.648681],[-79.50793,43.648723],[-79.507814,43.648743],[-79.507691,43.648764],[-79.507453,43.648806],[-79.507352,43.648824],[-79.507212,43.648849],[-79.506972,43.648892],[-79.506891,43.648907],[-79.506732,43.648936],[-79.506492,43.64898],[-79.506456,43.648987],[-79.506251,43.649025],[-79.506071,43.649059],[-79.506009,43.649071],[-79.505769,43.649117],[-79.505759,43.649119],[-79.505546,43.649163],[-79.505521,43.649169],[-79.505283,43.649221],[-79.505045,43.649274],[-79.504807,43.649326],[-79.504569,43.649378],[-79.504331,43.649431],[-79.504093,43.649483],[-79.503855,43.649536],[-79.503617,43.649588],[-79.503379,43.64964],[-79.503141,43.649693],[-79.502903,43.649745],[-79.502665,43.649798],[-79.502427,43.64985],[-79.502189,43.649902],[-79.502016,43.649941],[-79.501956,43.649953],[-79.501885,43.649968],[-79.501722,43.649998],[-79.501697,43.650003],[-79.501484,43.650042],[-79.501468,43.650045],[-79.501245,43.650084],[-79.501211,43.65009],[-79.501005,43.650125],[-79.500942,43.650136],[-79.500765,43.650166],[-79.500675,43.650181],[-79.500525,43.650206],[-79.500424,43.650222],[-79.500285,43.650245],[-79.500205,43.650258],[-79.500047,43.650282],[-79.500031,43.650284],[-79.499919,43.6503],[-79.499824,43.650311],[-79.499578,43.650339],[-79.499334,43.650368],[-79.49909,43.650396],[-79.49885,43.650424],[-79.498611,43.650452],[-79.498372,43.65048],[-79.498214,43.650499],[-79.498143,43.650504],[-79.498014,43.650514],[-79.497911,43.650515],[-79.497772,43.650518],[-79.497674,43.650516],[-79.497499,43.650513],[-79.497435,43.65051],[-79.497208,43.6505],[-79.497197,43.650499],[-79.496955,43.650482],[-79.496912,43.65048],[-79.49671,43.650461],[-79.496622,43.650454],[-79.496464,43.650436],[-79.49635,43.650423],[-79.496216,43.650404],[-79.49611,43.650389],[-79.495966,43.650362],[-79.495913,43.650352],[-79.495771,43.650314],[-79.495702,43.650291],[-79.495478,43.650213],[-79.495254,43.650136],[-79.495151,43.6501],[-79.495028,43.650056],[-79.494806,43.649975],[-79.494584,43.649894],[-79.494362,43.649813],[-79.49414,43.649732],[-79.493964,43.649668],[-79.493918,43.649651],[-79.493695,43.64957],[-79.493473,43.64949],[-79.49325,43.649409],[-79.493028,43.649328],[-79.492959,43.649304],[-79.492806,43.649247],[-79.492583,43.649166],[-79.492361,43.649085],[-79.492139,43.649004],[-79.491917,43.648923],[-79.491695,43.648842],[-79.491473,43.648761],[-79.49125,43.64868],[-79.491207,43.648665],[-79.491029,43.648601],[-79.491024,43.6486],[-79.49081,43.648532],[-79.490764,43.648517],[-79.49059,43.648469],[-79.490438,43.648426],[-79.490362,43.648409],[-79.490129,43.648355],[-79.490059,43.648339],[-79.489889,43.64831],[-79.489638,43.648266],[-79.489396,43.64824],[-79.489187,43.648218],[-79.489128,43.648216],[-79.488879,43.64821],[-79.488718,43.648205],[-79.488605,43.648213],[-79.488359,43.648231],[-79.488242,43.648239],[-79.488091,43.648271],[-79.487856,43.64832],[-79.487778,43.648337],[-79.487621,43.64839],[-79.4874,43.648465],[-79.487323,43.648491],[-79.487193,43.648554],[-79.486992,43.648651],[-79.486935,43.648679],[-79.486805,43.648749],[-79.486622,43.648848],[-79.486618,43.648851],[-79.486427,43.648966],[-79.486366,43.649003],[-79.486247,43.649079],[-79.486147,43.649143],[-79.48606,43.649198],[-79.485946,43.649271],[-79.485864,43.649318],[-79.485744,43.649388],[-79.485653,43.649432],[-79.485522,43.649496],[-79.485431,43.649531],[-79.48526,43.649598],[-79.485203,43.649615],[-79.484977,43.649683],[-79.484936,43.649695],[-79.484746,43.649749],[-79.484534,43.649808],[-79.484512,43.649813],[-79.484276,43.649871],[-79.484041,43.649929],[-79.483805,43.649987],[-79.483675,43.650019],[-79.48357,43.650045],[-79.483334,43.650103],[-79.483099,43.650161],[-79.482863,43.650219],[-79.482817,43.650231],[-79.482654,43.650289],[-79.482646,43.650291],[-79.482492,43.650346],[-79.482407,43.650365],[-79.482359,43.650376],[-79.482174,43.650417],[-79.482002,43.650455],[-79.481941,43.650468],[-79.481708,43.650519],[-79.481597,43.650544],[-79.481474,43.650571],[-79.481237,43.650622],[-79.48117,43.650637],[-79.480999,43.650674],[-79.480761,43.650726],[-79.480742,43.65073],[-79.480522,43.650777],[-79.48034,43.650817],[-79.480284,43.650829],[-79.480046,43.65088],[-79.479987,43.650893],[-79.479807,43.650932],[-79.479707,43.650953],[-79.479569,43.650983],[-79.479525,43.650992],[-79.47933,43.651034],[-79.479092,43.651085],[-79.478853,43.651136],[-79.478615,43.651187],[-79.478376,43.651239],[-79.478138,43.65129],[-79.477899,43.651341],[-79.477661,43.651392],[-79.477422,43.651443],[-79.477184,43.651494],[-79.476945,43.651545],[-79.476707,43.651596],[-79.476468,43.651647],[-79.476344,43.651674],[-79.476228,43.6517],[-79.47599,43.651753],[-79.475753,43.651807],[-79.475515,43.65186],[-79.475486,43.651867],[-79.475277,43.651915],[-79.47504,43.651969],[-79.474803,43.652023],[-79.474635,43.652061],[-79.474566,43.652077],[-79.474493,43.652094],[-79.474328,43.652131],[-79.474274,43.652143],[-79.474091,43.652185],[-79.473996,43.652206],[-79.473853,43.652239],[-79.473677,43.652279],[-79.473616,43.652293],[-79.473378,43.652347],[-79.473335,43.652357],[-79.473141,43.652402],[-79.472988,43.652437],[-79.472904,43.652456],[-79.472667,43.652511],[-79.472653,43.652515],[-79.472429,43.652567],[-79.47235,43.652586],[-79.472192,43.652623],[-79.472094,43.652647],[-79.471956,43.65268],[-79.471905,43.652693],[-79.471718,43.652741],[-79.471484,43.652801],[-79.47125,43.652861],[-79.471016,43.652922],[-79.470781,43.652982],[-79.470547,43.653043],[-79.470397,43.653081],[-79.470313,43.653102],[-79.470101,43.653154],[-79.470079,43.65316],[-79.469843,43.653217],[-79.469607,43.653275],[-79.469371,43.653332],[-79.469135,43.653389],[-79.4689,43.653446],[-79.468861,43.653456],[-79.468664,43.653504],[-79.468429,43.653561],[-79.468193,43.653619],[-79.467958,43.653677],[-79.467722,43.653734],[-79.467486,43.653792],[-79.467251,43.653849],[-79.467015,43.653907],[-79.466988,43.653914],[-79.466779,43.653963],[-79.466542,43.654019],[-79.466306,43.654075],[-79.46607,43.65413],[-79.465833,43.654186],[-79.465709,43.654216],[-79.465596,43.654242],[-79.465438,43.654279],[-79.465359,43.654298],[-79.465143,43.654348],[-79.465122,43.654353],[-79.464885,43.654407],[-79.464829,43.65442],[-79.464648,43.654462],[-79.464502,43.654495],[-79.464411,43.654516],[-79.464173,43.65457],[-79.464169,43.654571],[-79.463936,43.654624],[-79.463835,43.654647],[-79.463698,43.654678],[-79.463506,43.654721],[-79.463461,43.654731],[-79.463223,43.654785],[-79.463188,43.654793],[-79.462985,43.654838],[-79.462887,43.65486],[-79.462747,43.654892],[-79.462608,43.654923],[-79.46251,43.654945],[-79.462272,43.654998],[-79.462034,43.655051],[-79.461796,43.655103],[-79.461558,43.655156],[-79.461321,43.655209],[-79.461083,43.655262],[-79.460845,43.655315],[-79.460722,43.655343],[-79.460606,43.655368],[-79.460368,43.65542],[-79.46013,43.655472],[-79.459892,43.655524],[-79.459654,43.655576],[-79.459618,43.655584],[-79.459414,43.655627],[-79.459175,43.655677],[-79.458936,43.655727],[-79.458697,43.655777],[-79.458463,43.655826],[-79.45845,43.655828],[-79.458206,43.655859],[-79.45816,43.655865],[-79.457967,43.655899],[-79.457785,43.655931],[-79.457728,43.655944],[-79.45762,43.655967],[-79.457492,43.655997],[-79.457255,43.656053],[-79.457018,43.656108],[-79.456897,43.656137],[-79.45678,43.656163],[-79.456542,43.656215],[-79.456304,43.656267],[-79.456066,43.65632],[-79.455828,43.656372],[-79.455812,43.656376],[-79.455589,43.656423],[-79.455351,43.656474],[-79.455117,43.656524],[-79.455112,43.656525],[-79.454873,43.656575],[-79.454682,43.656614],[-79.454634,43.656625],[-79.454396,43.656678],[-79.454158,43.656731],[-79.453921,43.656784],[-79.453683,43.656837],[-79.453479,43.656883],[-79.453445,43.656891],[-79.453209,43.656947],[-79.452972,43.657002],[-79.452952,43.657007],[-79.452736,43.657059],[-79.4525,43.657116],[-79.452264,43.657173],[-79.452028,43.657231],[-79.451792,43.657288],[-79.451557,43.657345],[-79.451321,43.657402],[-79.451139,43.657446],[-79.451086,43.657458],[-79.450848,43.65751],[-79.45061,43.657563],[-79.450373,43.657616],[-79.450135,43.657668],[-79.450066,43.657683],[-79.449896,43.657723],[-79.44966,43.657779],[-79.449423,43.657835],[-79.449187,43.65789],[-79.44895,43.657946],[-79.448713,43.658002],[-79.448477,43.658058],[-79.44824,43.658113],[-79.448029,43.658163],[-79.448008,43.658167],[-79.447769,43.658217],[-79.44753,43.658267],[-79.447291,43.658317],[-79.447052,43.658368],[-79.446813,43.658418],[-79.446575,43.658468],[-79.446336,43.658518],[-79.446305,43.658524],[-79.446098,43.658565],[-79.446038,43.658578],[-79.445862,43.658611],[-79.445704,43.65864],[-79.445624,43.658655],[-79.445383,43.658698],[-79.445322,43.658709],[-79.445144,43.65874],[-79.444911,43.65878],[-79.444904,43.658782],[-79.444663,43.658823],[-79.444489,43.658853],[-79.444422,43.658864],[-79.44418,43.658904],[-79.444073,43.658922],[-79.44394,43.658944],[-79.443698,43.658983],[-79.443683,43.658986],[-79.443458,43.659022],[-79.443336,43.659041],[-79.443217,43.65906],[-79.44305,43.659086],[-79.442978,43.659096],[-79.442843,43.659116],[-79.442737,43.65913],[-79.442494,43.659164],[-79.442251,43.659198],[-79.442008,43.659231],[-79.441956,43.659238],[-79.441765,43.659265],[-79.441522,43.659299],[-79.441279,43.659332],[-79.441068,43.659362],[-79.441036,43.659366],[-79.440793,43.659398],[-79.44055,43.659431],[-79.440307,43.659463],[-79.440067,43.659495],[-79.439828,43.659527],[-79.439585,43.659559],[-79.43934,43.659592],[-79.439096,43.659624],[-79.438851,43.659657],[-79.438607,43.659689],[-79.438493,43.659704],[-79.438364,43.659722],[-79.438344,43.659725],[-79.438152,43.659751],[-79.438121,43.659755],[-79.437928,43.659782],[-79.437878,43.659789],[-79.437681,43.659817],[-79.437635,43.659823],[-79.437421,43.659854],[-79.437392,43.659859],[-79.437157,43.659894],[-79.437149,43.659895],[-79.436906,43.659933],[-79.436901,43.659934],[-79.436665,43.659973],[-79.436661,43.659974],[-79.436447,43.660012],[-79.436426,43.660016],[-79.436269,43.660049],[-79.436187,43.660067],[-79.435949,43.660119],[-79.435711,43.660171],[-79.435473,43.660223],[-79.435396,43.66024],[-79.435235,43.660275],[-79.434997,43.660327],[-79.434758,43.660379],[-79.434523,43.660431],[-79.434521,43.660431],[-79.434285,43.660486],[-79.434195,43.660507],[-79.43405,43.660542],[-79.433814,43.660598],[-79.433755,43.660613],[-79.433579,43.660656],[-79.433344,43.660713],[-79.433229,43.660742],[-79.433109,43.660771],[-79.432874,43.660829],[-79.432646,43.660886],[-79.432639,43.660888],[-79.432404,43.660946],[-79.432169,43.661005],[-79.432032,43.661039],[-79.431933,43.661063],[-79.431698,43.661122],[-79.431463,43.66118],[-79.431413,43.661192],[-79.431227,43.661238],[-79.430992,43.661297],[-79.430818,43.66134],[-79.430756,43.661355],[-79.43052,43.661413],[-79.430284,43.66147],[-79.430272,43.661473],[-79.430047,43.661527],[-79.429812,43.661583],[-79.429804,43.661585],[-79.429573,43.661638],[-79.42944,43.661669],[-79.429336,43.661692],[-79.429099,43.661744],[-79.428863,43.661796],[-79.428626,43.661848],[-79.428388,43.6619],[-79.42815,43.661952],[-79.427912,43.662004],[-79.427831,43.662022],[-79.427675,43.662057],[-79.427437,43.66211],[-79.427199,43.662164],[-79.426962,43.662217],[-79.42692,43.662226],[-79.426724,43.66227],[-79.426486,43.662323],[-79.426249,43.662376],[-79.426009,43.66243],[-79.42595,43.662442],[-79.425897,43.662452],[-79.425848,43.66246],[-79.425803,43.662467],[-79.425766,43.662472],[-79.42576,43.662473],[-79.425717,43.662479],[-79.425674,43.662485],[-79.42563,43.662492],[-79.425583,43.662501],[-79.425533,43.662511],[-79.425526,43.662513],[-79.425287,43.662565],[-79.425049,43.662617],[-79.424811,43.662669],[-79.424573,43.662722],[-79.424335,43.662774],[-79.424097,43.662826],[-79.423859,43.662878],[-79.423621,43.66293],[-79.423383,43.662983],[-79.423162,43.663031],[-79.423145,43.663035],[-79.423129,43.663039],[-79.423095,43.663047],[-79.423061,43.663057],[-79.423025,43.663067],[-79.422989,43.663078],[-79.422953,43.663088],[-79.422918,43.663098],[-79.422913,43.6631],[-79.422883,43.663108],[-79.422849,43.663117],[-79.422817,43.663124],[-79.422675,43.663156],[-79.422437,43.663208],[-79.422199,43.66326],[-79.421961,43.663313],[-79.421723,43.663365],[-79.421485,43.663418],[-79.421247,43.66347],[-79.421009,43.663523],[-79.420771,43.663575],[-79.420533,43.663627],[-79.420295,43.66368],[-79.420057,43.663732],[-79.419819,43.663785],[-79.419581,43.663837],[-79.419343,43.66389],[-79.41915,43.663932],[-79.419104,43.663942],[-79.418866,43.663994],[-79.418628,43.664046],[-79.41839,43.664097],[-79.418289,43.664119],[-79.418151,43.664149],[-79.417913,43.664201],[-79.417675,43.664253],[-79.417436,43.664305],[-79.417428,43.664307],[-79.417205,43.664364],[-79.416971,43.664425],[-79.416737,43.664485],[-79.416503,43.664545],[-79.416268,43.664606],[-79.416034,43.664666],[-79.4158,43.664727],[-79.415565,43.664787],[-79.415331,43.664847],[-79.415097,43.664908],[-79.414864,43.664968],[-79.41463,43.665028],[-79.414396,43.665088],[-79.414163,43.665149],[-79.413929,43.665209],[-79.413835,43.665233],[-79.413692,43.665264],[-79.413454,43.665317],[-79.413216,43.665369],[-79.412977,43.665421],[-79.412739,43.665473],[-79.412501,43.665525],[-79.412306,43.665568],[-79.412264,43.665578],[-79.412027,43.665632],[-79.41179,43.665687],[-79.411553,43.665742],[-79.411481,43.665758],[-79.411315,43.665796],[-79.411078,43.66585],[-79.410841,43.665903],[-79.410763,43.665921],[-79.410597,43.665951],[-79.410356,43.665994],[-79.410114,43.666037],[-79.409873,43.666081],[-79.409632,43.666124],[-79.40939,43.666167],[-79.409149,43.666211],[-79.409128,43.666215],[-79.408909,43.666258],[-79.408669,43.666306],[-79.408429,43.666353],[-79.408189,43.666401],[-79.407949,43.666449],[-79.407709,43.666497],[-79.407469,43.666544],[-79.40723,43.666592],[-79.40699,43.66664],[-79.40675,43.666688],[-79.40651,43.666735],[-79.40627,43.666783],[-79.40603,43.666831],[-79.40579,43.666878],[-79.405703,43.666896],[-79.405551,43.66693],[-79.405313,43.666982],[-79.405075,43.667035],[-79.404837,43.667088],[-79.404809,43.667095],[-79.4046,43.667141],[-79.404362,43.667194],[-79.404184,43.667233],[-79.404124,43.667247],[-79.403914,43.667293],[-79.403886,43.6673],[-79.403649,43.667354],[-79.403412,43.667409],[-79.403175,43.667464],[-79.402938,43.667519],[-79.402701,43.667573],[-79.402464,43.667628],[-79.402227,43.667683],[-79.402059,43.667722],[-79.401988,43.667736],[-79.401748,43.667783],[-79.401508,43.66783],[-79.401491,43.667834],[-79.401271,43.667884],[-79.401034,43.667937],[-79.400972,43.667951],[-79.400794,43.667989],[-79.400556,43.668039],[-79.400317,43.668089],[-79.400078,43.66814],[-79.399839,43.66819],[-79.399668,43.668226],[-79.3996,43.66824],[-79.399361,43.66829],[-79.399122,43.66834],[-79.398883,43.66839],[-79.398814,43.668405],[-79.398644,43.66844],[-79.398405,43.668491],[-79.398166,43.668541],[-79.397981,43.668579],[-79.397926,43.66859],[-79.397687,43.668639],[-79.397642,43.668648],[-79.39747,43.668709],[-79.397345,43.668752],[-79.39725,43.668786],[-79.397024,43.668865],[-79.397001,43.66887],[-79.396762,43.668919],[-79.396522,43.668967],[-79.396282,43.669016],[-79.396043,43.669064],[-79.395803,43.669113],[-79.395564,43.669162],[-79.395324,43.66921],[-79.395085,43.669259],[-79.394845,43.669307],[-79.394606,43.669356],[-79.394366,43.669404],[-79.394127,43.669453],[-79.393887,43.669502],[-79.393647,43.66955],[-79.393408,43.669599],[-79.393168,43.669647],[-79.392929,43.669696],[-79.392689,43.669745],[-79.392449,43.669793],[-79.39221,43.669842],[-79.39197,43.66989],[-79.391731,43.669939],[-79.391491,43.669988],[-79.391252,43.670036],[-79.391128,43.670061],[-79.391013,43.670085],[-79.390773,43.670134],[-79.390534,43.670183],[-79.39032,43.670227],[-79.390294,43.670232],[-79.390055,43.670281],[-79.389816,43.67033],[-79.389577,43.670379],[-79.389445,43.670406],[-79.389342,43.67043],[-79.389134,43.670477],[-79.389112,43.670483],[-79.388893,43.670541],[-79.388881,43.670544],[-79.388736,43.67058],[-79.388648,43.670595],[-79.388502,43.670621],[-79.388422,43.670629],[-79.388186,43.670655],[-79.38803,43.670672],[-79.387942,43.670683],[-79.387703,43.670715],[-79.387656,43.670721],[-79.387477,43.670735],[-79.38731,43.670748],[-79.387236,43.670753],[-79.387125,43.67076],[-79.386992,43.670767],[-79.386744,43.670781],[-79.386496,43.670795],[-79.386248,43.670808],[-79.386154,43.670814],[-79.385999,43.670822],[-79.385751,43.670837],[-79.385503,43.670851],[-79.38537,43.670859],[-79.385257,43.670864],[-79.385211,43.670867],[-79.385031,43.670874],[-79.385013,43.670875],[-79.384834,43.670882],[-79.384764,43.670885],[-79.384626,43.670891],[-79.384516,43.670897],[-79.384412,43.670902],[-79.384266,43.670911],[-79.384198,43.670915],[-79.384017,43.670929],[-79.383988,43.670931],[-79.383789,43.67095],[-79.38376,43.670954],[-79.383604,43.670974],[-79.383509,43.670991],[-79.38344,43.671003],[-79.383266,43.671039],[-79.383029,43.671088],[-79.382791,43.671137],[-79.382554,43.671186],[-79.382315,43.671236],[-79.382075,43.671285],[-79.381836,43.671335],[-79.381597,43.671385],[-79.381358,43.671434],[-79.381119,43.671484],[-79.38088,43.671533],[-79.380641,43.671583],[-79.380402,43.671632],[-79.380185,43.671677],[-79.380162,43.671682],[-79.379923,43.671731],[-79.379684,43.671779],[-79.379444,43.671828],[-79.379205,43.671877],[-79.378965,43.671926],[-79.378727,43.671974],[-79.378488,43.672023],[-79.378407,43.67204],[-79.378345,43.672052],[-79.378281,43.672064],[-79.378246,43.67207],[-79.378215,43.672076],[-79.378147,43.672089],[-79.378077,43.672102],[-79.378007,43.672114],[-79.378003,43.672115],[-79.377935,43.672127],[-79.377863,43.672139],[-79.37779,43.672151],[-79.377758,43.672156],[-79.377717,43.672163],[-79.377645,43.672174],[-79.377573,43.672185],[-79.37751,43.672193],[-79.377502,43.672194],[-79.377432,43.672203],[-79.377364,43.672211],[-79.377298,43.672218],[-79.377251,43.672222],[-79.377234,43.672223],[-79.377172,43.672227],[-79.377113,43.67223],[-79.377057,43.672232],[-79.376982,43.672232],[-79.376734,43.672235],[-79.376683,43.672235],[-79.376486,43.672237],[-79.376237,43.67224],[-79.375989,43.672243],[-79.375785,43.672246],[-79.37574,43.672246],[-79.375492,43.672249],[-79.375243,43.672252],[-79.374994,43.672255],[-79.374888,43.672256],[-79.374746,43.672257],[-79.374498,43.672259],[-79.37425,43.672261],[-79.374002,43.672263],[-79.373762,43.672265],[-79.373523,43.672267],[-79.373284,43.672269],[-79.373045,43.672271],[-79.372807,43.672272],[-79.372574,43.672274],[-79.372517,43.672275],[-79.372336,43.672276],[-79.372306,43.672278],[-79.372163,43.672287],[-79.372035,43.6723],[-79.371993,43.672304],[-79.371827,43.672328],[-79.37173,43.672346],[-79.371666,43.672359],[-79.37151,43.672394],[-79.371438,43.672412],[-79.371359,43.672433],[-79.371213,43.672476],[-79.37116,43.672494],[-79.371075,43.672522],[-79.370943,43.67257],[-79.370897,43.672588],[-79.370818,43.672618],[-79.370701,43.672667],[-79.370649,43.672691],[-79.370593,43.672716],[-79.370493,43.672762],[-79.370418,43.6728],[-79.370403,43.672807],[-79.370322,43.672849],[-79.370252,43.672886],[-79.370194,43.672918],[-79.370192,43.672919],[-79.370143,43.672946],[-79.370105,43.672968],[-79.369993,43.673032],[-79.369802,43.673142],[-79.369788,43.67315],[-79.36961,43.673253],[-79.36942,43.673364],[-79.369229,43.673474],[-79.369077,43.673563],[-79.369039,43.673585],[-79.368849,43.673696],[-79.368658,43.673806],[-79.368468,43.673917],[-79.368365,43.673977],[-79.368278,43.674027],[-79.368274,43.674029],[-79.368153,43.674098],[-79.368085,43.674135],[-79.368005,43.674179],[-79.367889,43.674241],[-79.367837,43.674268],[-79.367688,43.674344],[-79.367654,43.674361],[-79.367481,43.674444],[-79.367462,43.674453],[-79.367268,43.674538],[-79.367267,43.674539],[-79.367074,43.674615],[-79.367043,43.674625],[-79.366888,43.674677],[-79.366808,43.674697],[-79.366715,43.67472],[-79.366645,43.674734],[-79.361114,43.675819],[-79.360997,43.675842],[-79.360856,43.675871],[-79.360694,43.675905],[-79.360673,43.675909],[-79.36052,43.675943],[-79.360437,43.675962],[-79.360338,43.675986],[-79.360207,43.676019],[-79.360155,43.676032],[-79.359983,43.67608],[-79.359977,43.676082],[-79.35981,43.676135],[-79.359758,43.676154],[-79.35966,43.67619],[-79.359536,43.676246],[-79.359534,43.676247],[-79.359326,43.676354],[-79.359124,43.676458],[-79.358921,43.676561],[-79.358825,43.676611],[-79.358719,43.676665],[-79.358516,43.676769],[-79.358314,43.676873],[-79.358115,43.676975],[-79.357929,43.677065],[-79.357921,43.677068],[-79.357813,43.677116],[-79.357721,43.677153],[-79.357684,43.677169],[-79.357541,43.677223],[-79.357516,43.677231],[-79.357385,43.677277],[-79.357297,43.677305],[-79.357218,43.67733],[-79.357091,43.677365],[-79.357071,43.677371],[-79.35704,43.67738],[-79.356851,43.677427],[-79.356839,43.677429],[-79.356653,43.677469],[-79.3566,43.677479],[-79.35636,43.677525],[-79.356119,43.677572],[-79.355879,43.677618],[-79.355638,43.677665],[-79.355398,43.677711],[-79.355158,43.677758],[-79.354917,43.677804],[-79.354677,43.677851],[-79.354515,43.677882],[-79.354438,43.677889],[-79.354426,43.67789],[-79.354341,43.677894],[-79.354246,43.677905],[-79.354185,43.677917],[-79.353946,43.677966],[-79.353707,43.678015],[-79.353467,43.678065],[-79.353228,43.678114],[-79.352989,43.678163],[-79.352749,43.678212],[-79.352525,43.678258],[-79.35251,43.678261],[-79.35227,43.67831],[-79.352031,43.678358],[-79.351791,43.678407],[-79.351552,43.678456],[-79.351312,43.678505],[-79.351073,43.678554],[-79.350833,43.678603],[-79.350594,43.678651],[-79.350354,43.6787],[-79.350115,43.678749],[-79.349876,43.678798],[-79.349636,43.678847],[-79.349397,43.678895],[-79.349157,43.678944],[-79.348918,43.678993],[-79.348679,43.679042],[-79.348439,43.679091],[-79.3482,43.679139],[-79.34796,43.679188],[-79.347721,43.679237],[-79.347481,43.679286],[-79.347242,43.679335],[-79.347002,43.679384],[-79.346763,43.679432],[-79.346523,43.679481],[-79.346284,43.67953],[-79.346044,43.679579],[-79.345805,43.679628],[-79.345565,43.679676],[-79.345326,43.679725],[-79.345086,43.679774],[-79.344847,43.679823],[-79.344735,43.679846],[-79.344607,43.679871],[-79.344367,43.679919],[-79.344127,43.679967],[-79.343888,43.680015],[-79.343648,43.680063],[-79.343408,43.680111],[-79.343168,43.680159],[-79.342928,43.680207],[-79.342688,43.680255],[-79.342448,43.680303],[-79.342209,43.680351],[-79.342078,43.680377],[-79.341969,43.680399],[-79.341729,43.680447],[-79.341489,43.680495],[-79.34125,43.680543],[-79.34101,43.680591],[-79.34077,43.680639],[-79.34053,43.680687],[-79.34029,43.680735],[-79.340051,43.680783],[-79.339811,43.680831],[-79.339571,43.680879],[-79.339331,43.680928],[-79.339092,43.680976],[-79.338852,43.681024],[-79.338612,43.681072],[-79.338372,43.68112],[-79.338133,43.681168],[-79.337893,43.681216],[-79.337828,43.681229],[-79.337654,43.681265],[-79.337415,43.681315],[-79.337176,43.681364],[-79.337,43.681401],[-79.336937,43.681414],[-79.336698,43.681463],[-79.336459,43.681513],[-79.336219,43.681563],[-79.33598,43.681612],[-79.335741,43.681662],[-79.335502,43.681712],[-79.335263,43.681761],[-79.335023,43.681811],[-79.334784,43.68186],[-79.334545,43.68191],[-79.334306,43.68196],[-79.334067,43.682009],[-79.333828,43.682059],[-79.333588,43.682108],[-79.333349,43.682158],[-79.33311,43.682208],[-79.332871,43.682257],[-79.332632,43.682307],[-79.332392,43.682357],[-79.332153,43.682406],[-79.331914,43.682456],[-79.331705,43.682499],[-79.331675,43.682505],[-79.331494,43.682543],[-79.331436,43.682555],[-79.331197,43.682606],[-79.330959,43.682656],[-79.33072,43.682707],[-79.330481,43.682758],[-79.330351,43.682785],[-79.330242,43.682808],[-79.330003,43.682859],[-79.329765,43.68291],[-79.329526,43.68296],[-79.329287,43.683011],[-79.329048,43.683061],[-79.32881,43.683112],[-79.328571,43.683163],[-79.328332,43.683213],[-79.328093,43.683264],[-79.327855,43.683315],[-79.327616,43.683365],[-79.327377,43.683416],[-79.327138,43.683466],[-79.3269,43.683517],[-79.326661,43.683568],[-79.326422,43.683618],[-79.326183,43.683669],[-79.325945,43.683719],[-79.325706,43.68377],[-79.325467,43.683821],[-79.325228,43.683871],[-79.324989,43.683922],[-79.324751,43.683972],[-79.324512,43.684023],[-79.324273,43.684074],[-79.324182,43.684093],[-79.324035,43.684125],[-79.323796,43.684177],[-79.323558,43.684228],[-79.32332,43.68428],[-79.323113,43.684325],[-79.323081,43.684332],[-79.322843,43.684384],[-79.322605,43.684435],[-79.322366,43.684487],[-79.322128,43.684539],[-79.32189,43.68459],[-79.321652,43.684642],[-79.321414,43.684694],[-79.321176,43.684745],[-79.320937,43.684797],[-79.320699,43.684849],[-79.320461,43.6849],[-79.320222,43.684952],[-79.319984,43.685004],[-79.319746,43.685056],[-79.319507,43.685107],[-79.319269,43.685159],[-79.319031,43.685211],[-79.318793,43.685262],[-79.318554,43.685314],[-79.318316,43.685366],[-79.318078,43.685417],[-79.31784,43.685469],[-79.317601,43.685521],[-79.317363,43.685573],[-79.317125,43.685624],[-79.316886,43.685676],[-79.316648,43.685728],[-79.31641,43.685779],[-79.316171,43.685831],[-79.315933,43.685883],[-79.315695,43.685935],[-79.315457,43.685986],[-79.315218,43.686038],[-79.31498,43.68609],[-79.314742,43.686141],[-79.314546,43.686184],[-79.314504,43.686193],[-79.314266,43.686245],[-79.314198,43.686259],[-79.314068,43.686288],[-79.314028,43.686297],[-79.31379,43.686349],[-79.313552,43.686402],[-79.313314,43.686455],[-79.313294,43.68646],[-79.313077,43.686508],[-79.312915,43.686544],[-79.312839,43.686561],[-79.312601,43.686613],[-79.312363,43.686666],[-79.312245,43.686693],[-79.312126,43.686719],[-79.311888,43.686772],[-79.31165,43.686825],[-79.311413,43.686879],[-79.311175,43.686932],[-79.310938,43.686985],[-79.3107,43.687038],[-79.310462,43.687091],[-79.310225,43.687144],[-79.309987,43.687197],[-79.30975,43.68725],[-79.309512,43.687304],[-79.309274,43.687357],[-79.309037,43.68741],[-79.308799,43.687463],[-79.308561,43.687516],[-79.308323,43.687569],[-79.308086,43.687623],[-79.307848,43.687676],[-79.30761,43.687729],[-79.307373,43.687782],[-79.307135,43.687835],[-79.306897,43.687888],[-79.306659,43.687941],[-79.306422,43.687995],[-79.306184,43.688048],[-79.305946,43.688101],[-79.305709,43.688154],[-79.305471,43.688207],[-79.305233,43.68826],[-79.304995,43.688314],[-79.304758,43.688367],[-79.30452,43.68842],[-79.304282,43.688473],[-79.304044,43.688526],[-79.303807,43.688579],[-79.303569,43.688633],[-79.303331,43.688686],[-79.303094,43.688739],[-79.302856,43.688792],[-79.302618,43.688845],[-79.302381,43.688898],[-79.302144,43.688951],[-79.301906,43.689004],[-79.301669,43.689057],[-79.301604,43.689072],[-79.301432,43.689112],[-79.301195,43.689167],[-79.300959,43.689221],[-79.300722,43.689276],[-79.300619,43.6893],[-79.300487,43.689332],[-79.300252,43.689388],[-79.300043,43.689438],[-79.300016,43.689444],[-79.299961,43.689458],[-79.299841,43.689488],[-79.299779,43.689503],[-79.299694,43.689525],[-79.299545,43.689564],[-79.299527,43.689569],[-79.299474,43.689583],[-79.299348,43.689618],[-79.299163,43.68967],[-79.298981,43.689725],[-79.29881,43.689779],[-79.298656,43.689833],[-79.298528,43.689883],[-79.298399,43.689941],[-79.298244,43.690014],[-79.298069,43.690099],[-79.297881,43.690192],[-79.297686,43.69029],[-79.29749,43.69039],[-79.297298,43.690488],[-79.297118,43.690582],[-79.296954,43.690668],[-79.296813,43.690743],[-79.295114,43.69166],[-79.294841,43.691812],[-79.294646,43.691921],[-79.29445,43.69203],[-79.294254,43.692139],[-79.294059,43.692248],[-79.293863,43.692357],[-79.293667,43.692466],[-79.293472,43.692576],[-79.293276,43.692685],[-79.29308,43.692794],[-79.292885,43.692903],[-79.292689,43.693012],[-79.292493,43.693121],[-79.292298,43.693231],[-79.292103,43.693339],[-79.291908,43.693448],[-79.291714,43.693556],[-79.291519,43.693665],[-79.291324,43.693773],[-79.291173,43.693858],[-79.291129,43.693884],[-79.29094,43.693997],[-79.290939,43.693997],[-79.290771,43.694089],[-79.290745,43.694102],[-79.290657,43.694148],[-79.290542,43.694205],[-79.29054,43.694206],[-79.290376,43.694283],[-79.290332,43.694302],[-79.290257,43.694335],[-79.290123,43.694391],[-79.290115,43.694394],[-79.289932,43.694462],[-79.289894,43.694477],[-79.289675,43.694561],[-79.289491,43.694633],[-79.289456,43.694646],[-79.289236,43.694731],[-79.289016,43.694815],[-79.288897,43.694861],[-79.288796,43.694899],[-79.288576,43.694983],[-79.288519,43.695005],[-79.288356,43.695067],[-79.288136,43.695151],[-79.287916,43.695235],[-79.287718,43.695311],[-79.287696,43.695319],[-79.287476,43.695403],[-79.287256,43.695487],[-79.287041,43.695569],[-79.287031,43.695572],[-79.286803,43.695641],[-79.286743,43.695659],[-79.286592,43.695729],[-79.286472,43.695785],[-79.286376,43.695823],[-79.286252,43.695871],[-79.286156,43.695908],[-79.285936,43.695992],[-79.285716,43.696076],[-79.285496,43.69616],[-79.28537,43.696208],[-79.285276,43.696244],[-79.285249,43.696254],[-79.285056,43.696328],[-79.284912,43.696383],[-79.284837,43.696412],[-79.284665,43.696479],[-79.284617,43.696497],[-79.284418,43.696573],[-79.284399,43.696581],[-79.284183,43.69667],[-79.284174,43.696674],[-79.283971,43.696762],[-79.283936,43.696778],[-79.283764,43.69686],[-79.283702,43.696889],[-79.283562,43.696963],[-79.283475,43.697009],[-79.283365,43.697072],[-79.283257,43.697134],[-79.283174,43.697186],[-79.283045,43.697267],[-79.282988,43.697306],[-79.282838,43.697409],[-79.282809,43.697431],[-79.282645,43.697555],[-79.282636,43.697561],[-79.282472,43.697696],[-79.282458,43.697707],[-79.282312,43.697835],[-79.28228,43.697864],[-79.28216,43.69798],[-79.282112,43.698026],[-79.282016,43.698129],[-79.281954,43.698194],[-79.281879,43.698281],[-79.281806,43.698366],[-79.28175,43.698438],[-79.281665,43.698547],[-79.281629,43.698598],[-79.281535,43.698731],[-79.281516,43.698762],[-79.281416,43.698919],[-79.281411,43.698928],[-79.281317,43.699095],[-79.281308,43.699111],[-79.281231,43.699267],[-79.281212,43.699306],[-79.281153,43.699442],[-79.281127,43.699504],[-79.281084,43.699619],[-79.281053,43.699704],[-79.281025,43.699798],[-79.280992,43.699906],[-79.280974,43.699979],[-79.280942,43.70011],[-79.280933,43.70016],[-79.280904,43.700312],[-79.280899,43.70034],[-79.280869,43.700519],[-79.28084,43.700697],[-79.28081,43.700876],[-79.280781,43.701054],[-79.280751,43.701233],[-79.280721,43.701411],[-79.280704,43.701513],[-79.280692,43.70159],[-79.280662,43.701769],[-79.280633,43.701947],[-79.280603,43.702126],[-79.280574,43.702304],[-79.280548,43.702463],[-79.280544,43.702483],[-79.280516,43.702662],[-79.280487,43.702841],[-79.280458,43.703019],[-79.28043,43.703196],[-79.28043,43.703197],[-79.280399,43.703376],[-79.280394,43.703401],[-79.280391,43.703428],[-79.28037,43.703555],[-79.280341,43.703733],[-79.280311,43.703912],[-79.280282,43.704091],[-79.280252,43.704269],[-79.280223,43.704448],[-79.280221,43.704462],[-79.280194,43.704627],[-79.280165,43.704805],[-79.280136,43.704984],[-79.280107,43.705163],[-79.280078,43.705341],[-79.280054,43.705492],[-79.280049,43.70552],[-79.28002,43.705699],[-79.279991,43.705877],[-79.279962,43.706056],[-79.279933,43.706234],[-79.279904,43.706413],[-79.279874,43.706592],[-79.279845,43.70677],[-79.279838,43.706814],[-79.279814,43.706948],[-79.279783,43.707126],[-79.279751,43.707304],[-79.27972,43.707483],[-79.279688,43.707661],[-79.279656,43.70784],[-79.279625,43.708018],[-79.279604,43.708133],[-79.279592,43.708194],[-79.279557,43.708372],[-79.279522,43.708551],[-79.279486,43.708729],[-79.279467,43.708829],[-79.279452,43.708908],[-79.279419,43.709086],[-79.279386,43.709264],[-79.279376,43.709317],[-79.279352,43.709442],[-79.279319,43.70962],[-79.2793,43.70972],[-79.279294,43.70981],[-79.279284,43.709949],[-79.279283,43.709992],[-79.279279,43.710122],[-79.279273,43.710163],[-79.279247,43.710342],[-79.279221,43.710521],[-79.279203,43.710646],[-79.279194,43.710698],[-79.279188,43.710729],[-79.279164,43.710877],[-79.279135,43.711056],[-79.279106,43.711234],[-79.279077,43.711413],[-79.279076,43.711419],[-79.279048,43.711592],[-79.279018,43.71177],[-79.278989,43.711949],[-79.278962,43.712109],[-79.278959,43.712125],[-79.278924,43.712278],[-79.278919,43.712303],[-79.278902,43.712386],[-79.278881,43.71248],[-79.278841,43.712658],[-79.27883,43.712707],[-79.278799,43.712834],[-79.278756,43.713011],[-79.278752,43.713026],[-79.278719,43.713191],[-79.278689,43.713336],[-79.278683,43.713372],[-79.278655,43.71355],[-79.27864,43.71365],[-79.278628,43.713729],[-79.2786,43.713907],[-79.278587,43.713994],[-79.278574,43.714087],[-79.27855,43.714265],[-79.27854,43.714339],[-79.278529,43.714444],[-79.27851,43.714622],[-79.278492,43.7148],[-79.278474,43.714977],[-79.278473,43.71498],[-79.278447,43.715127],[-79.278438,43.715162],[-79.278392,43.715336],[-79.278391,43.715341],[-79.278339,43.715516],[-79.278316,43.715592],[-79.278283,43.715693],[-79.278226,43.715868],[-79.278222,43.71588],[-79.278166,43.716044],[-79.278117,43.716187],[-79.278105,43.71622],[-79.278042,43.716394],[-79.278004,43.7165],[-79.277978,43.716569],[-79.277912,43.716743],[-79.277888,43.716806],[-79.277845,43.716917],[-79.277776,43.717091],[-79.277775,43.717092],[-79.277703,43.717265],[-79.277672,43.717341],[-79.277627,43.717439],[-79.27758,43.717543],[-79.277546,43.717612],[-79.277465,43.717782],[-79.277383,43.717952],[-79.277301,43.718122],[-79.277219,43.718292],[-79.277137,43.718462],[-79.277056,43.718631],[-79.276974,43.718801],[-79.276892,43.718971],[-79.276864,43.719029],[-79.275453,43.721958],[-79.275371,43.722128],[-79.27529,43.722298],[-79.275208,43.722467],[-79.275182,43.722521],[-79.275135,43.722614],[-79.275123,43.722639],[-79.275077,43.722725],[-79.275033,43.722807],[-79.27501,43.72285],[-79.27494,43.722974],[-79.274935,43.722982],[-79.274856,43.723118],[-79.274842,43.723141],[-79.274775,43.723252],[-79.274741,43.723305],[-79.274693,43.72338],[-79.274633,43.723469],[-79.274614,43.723497],[-79.274539,43.723598],[-79.274512,43.72363],[-79.274471,43.723678],[-79.274375,43.723781],[-79.274237,43.72393],[-79.274098,43.724079],[-79.273959,43.724228],[-79.27382,43.724377],[-79.273681,43.724526],[-79.273541,43.724675],[-79.273402,43.724824],[-79.273263,43.724973],[-79.273124,43.725122],[-79.272985,43.725271],[-79.272846,43.725421],[-79.272707,43.72557],[-79.272568,43.725719],[-79.272429,43.725868],[-79.27229,43.726017],[-79.27215,43.726166],[-79.272011,43.726315],[-79.271872,43.726464],[-79.271733,43.726613],[-79.271594,43.726763],[-79.271455,43.726912],[-79.271316,43.727061],[-79.271177,43.72721],[-79.271038,43.727359],[-79.270899,43.727508],[-79.270759,43.727657],[-79.27062,43.727806],[-79.270481,43.727955],[-79.270342,43.728105],[-79.270203,43.728254],[-79.270064,43.728403],[-79.269925,43.728552],[-79.269786,43.728701],[-79.269647,43.72885],[-79.269508,43.728999],[-79.269369,43.729148],[-79.269229,43.729297],[-79.26909,43.729447],[-79.268951,43.729596],[-79.268812,43.729745],[-79.268673,43.729894],[-79.26855,43.730025],[-79.268534,43.730043],[-79.268512,43.730065],[-79.268465,43.730114],[-79.26841,43.730169],[-79.26839,43.730188],[-79.26835,43.730227],[-79.268288,43.730287],[-79.268241,43.730331],[-79.268225,43.730346],[-79.268164,43.730401],[-79.268107,43.73045],[-79.268087,43.730466],[-79.268057,43.730491],[-79.268015,43.730521],[-79.26792,43.730581],[-79.26774,43.730696],[-79.267557,43.730814],[-79.267371,43.730932],[-79.267185,43.731051],[-79.267057,43.731133],[-79.267003,43.731166],[-79.266889,43.731236],[-79.266824,43.731272],[-79.266705,43.731339],[-79.266636,43.731375],[-79.26651,43.731441],[-79.26644,43.731476],[-79.266311,43.73154],[-79.266239,43.731574],[-79.266113,43.731633],[-79.266033,43.731669],[-79.265919,43.731721],[-79.265823,43.731762],[-79.265737,43.731799],[-79.26561,43.731852],[-79.26557,43.731868],[-79.265425,43.731925],[-79.265393,43.731936],[-79.265306,43.731968],[-79.26517,43.732015],[-79.264952,43.732091],[-79.264946,43.732094],[-79.264924,43.732102],[-79.264893,43.732115],[-79.264859,43.73213],[-79.264823,43.732147],[-79.264786,43.732164],[-79.264749,43.732181],[-79.264735,43.732187],[-79.264713,43.732198],[-79.264678,43.732213],[-79.264645,43.732227],[-79.264615,43.732238],[-79.26455,43.73226]]},"properties":{"line":"2","dir":"0","headsign":"Kennedy Station","mode":"tram","color":"#008000"}},{"type":"Feature","geometry":{"type":"LineString","coordinates":[[-79.26455,43.73226],[-79.264615,43.732238],[-79.264645,43.732227],[-79.264678,43.732213],[-79.264713,43.732198],[-79.264749,43.732181],[-79.264769,43.732172],[-79.264786,43.732164],[-79.264823,43.732147],[-79.264859,43.73213],[-79.264893,43.732115],[-79.264924,43.732102],[-79.264952,43.732091],[-79.264983,43.732081],[-79.265207,43.732003],[-79.265306,43.731968],[-79.265425,43.731925],[-79.265429,43.731923],[-79.26557,43.731868],[-79.265645,43.731837],[-79.265737,43.731799],[-79.265858,43.731747],[-79.265919,43.731721],[-79.266067,43.731654],[-79.266113,43.731633],[-79.266272,43.731558],[-79.266311,43.73154],[-79.266473,43.73146],[-79.26651,43.731441],[-79.266668,43.731359],[-79.266705,43.731339],[-79.266855,43.731255],[-79.266889,43.731236],[-79.267034,43.731147],[-79.267057,43.731133],[-79.267215,43.731032],[-79.267401,43.730913],[-79.267587,43.730794],[-79.267769,43.730678],[-79.267949,43.730563],[-79.268015,43.730521],[-79.268057,43.730491],[-79.268107,43.73045],[-79.268112,43.730446],[-79.268164,43.730401],[-79.268225,43.730346],[-79.268266,43.730308],[-79.268288,43.730287],[-79.26835,43.730227],[-79.26841,43.730169],[-79.268414,43.730165],[-79.268465,43.730114],[-79.268512,43.730065],[-79.26855,43.730025],[-79.268557,43.730019],[-79.268696,43.72987],[-79.268835,43.72972],[-79.268974,43.729571],[-79.269113,43.729422],[-79.269252,43.729273],[-79.269391,43.729124],[-79.26953,43.728975],[-79.269669,43.728826],[-79.269808,43.728677],[-79.269947,43.728528],[-79.270087,43.728379],[-79.270226,43.728229],[-79.270365,43.72808],[-79.270504,43.727931],[-79.270643,43.727782],[-79.270782,43.727633],[-79.270921,43.727484],[-79.27106,43.727335],[-79.271199,43.727186],[-79.271338,43.727037],[-79.271478,43.726887],[-79.271617,43.726738],[-79.271756,43.726589],[-79.271895,43.72644],[-79.272034,43.726291],[-79.272173,43.726142],[-79.272312,43.725993],[-79.272451,43.725844],[-79.27259,43.725695],[-79.272729,43.725545],[-79.272869,43.725396],[-79.273008,43.725247],[-79.273147,43.725098],[-79.273286,43.724949],[-79.273425,43.7248],[-79.273564,43.724651],[-79.273703,43.724502],[-79.273842,43.724353],[-79.273981,43.724204],[-79.27412,43.724055],[-79.274259,43.723906],[-79.274398,43.723757],[-79.274471,43.723678],[-79.274533,43.723605],[-79.274539,43.723598],[-79.274614,43.723497],[-79.274651,43.723442],[-79.274693,43.72338],[-79.274758,43.723279],[-79.274775,43.723252],[-79.274856,43.723118],[-79.274859,43.723113],[-79.274935,43.722982],[-79.274955,43.722947],[-79.27501,43.72285],[-79.275048,43.72278],[-79.275077,43.722725],[-79.275135,43.722614],[-79.275138,43.72261],[-79.275182,43.722521],[-79.275221,43.72244],[-79.275303,43.72227],[-79.275385,43.7221],[-79.275453,43.721958],[-79.276864,43.719029],[-79.276946,43.718859],[-79.277028,43.718689],[-79.27711,43.718519],[-79.277191,43.71835],[-79.277273,43.71818],[-79.277355,43.71801],[-79.277437,43.71784],[-79.277519,43.71767],[-79.27758,43.717543],[-79.277601,43.717497],[-79.277672,43.717341],[-79.277679,43.717323],[-79.277751,43.717151],[-79.277776,43.717091],[-79.277821,43.716976],[-79.277888,43.716806],[-79.27789,43.716802],[-79.277956,43.716628],[-79.278004,43.7165],[-79.278021,43.716453],[-79.278083,43.716279],[-79.278117,43.716187],[-79.278145,43.716103],[-79.278205,43.715929],[-79.278222,43.71588],[-79.278264,43.715752],[-79.278316,43.715592],[-79.278321,43.715575],[-79.278373,43.7154],[-79.278392,43.715336],[-79.278422,43.715221],[-79.278447,43.715127],[-79.278462,43.71504],[-79.278474,43.714977],[-79.278486,43.71486],[-79.278504,43.714682],[-79.278523,43.714505],[-79.27854,43.714339],[-79.278541,43.714326],[-79.278566,43.714147],[-79.278587,43.713994],[-79.278591,43.713968],[-79.278618,43.71379],[-79.27864,43.71365],[-79.278646,43.713611],[-79.278674,43.713432],[-79.278689,43.713336],[-79.278706,43.713251],[-79.278743,43.713074],[-79.278752,43.713026],[-79.278785,43.712894],[-79.278828,43.712717],[-79.27883,43.712707],[-79.278867,43.712541],[-79.278902,43.712386],[-79.278906,43.712364],[-79.278924,43.712278],[-79.278945,43.712185],[-79.278962,43.712109],[-79.278979,43.712009],[-79.279008,43.711831],[-79.279038,43.711652],[-79.279067,43.711474],[-79.279076,43.711419],[-79.279096,43.711295],[-79.279125,43.711117],[-79.279154,43.710938],[-79.279183,43.710759],[-79.279188,43.710729],[-79.279203,43.710646],[-79.279212,43.710581],[-79.279238,43.710403],[-79.279265,43.710224],[-79.279279,43.710122],[-79.279281,43.710052],[-79.279284,43.709949],[-79.27929,43.709871],[-79.2793,43.70972],[-79.279307,43.709681],[-79.279341,43.709503],[-79.279375,43.709325],[-79.279376,43.709317],[-79.279408,43.709147],[-79.279441,43.708968],[-79.279467,43.708829],[-79.279475,43.708789],[-79.27951,43.708611],[-79.279545,43.708433],[-79.27958,43.708255],[-79.279604,43.708133],[-79.279614,43.708079],[-79.279646,43.7079],[-79.279677,43.707722],[-79.279709,43.707543],[-79.279741,43.707365],[-79.279772,43.707187],[-79.279804,43.707008],[-79.279835,43.70683],[-79.279838,43.706814],[-79.279865,43.706652],[-79.279894,43.706474],[-79.279923,43.706295],[-79.279952,43.706116],[-79.279981,43.705938],[-79.28001,43.705759],[-79.280039,43.705581],[-79.280054,43.705492],[-79.280068,43.705402],[-79.280097,43.705223],[-79.280126,43.705045],[-79.280155,43.704866],[-79.280184,43.704687],[-79.280213,43.704509],[-79.280221,43.704462],[-79.280242,43.70433],[-79.280272,43.704151],[-79.280301,43.703973],[-79.280331,43.703794],[-79.28036,43.703616],[-79.28039,43.703437],[-79.280391,43.703428],[-79.280394,43.703401],[-79.280419,43.703258],[-79.28043,43.703196],[-79.280448,43.70308],[-79.280477,43.702901],[-79.280506,43.702723],[-79.280535,43.702544],[-79.280548,43.702463],[-79.280564,43.702365],[-79.280593,43.702187],[-79.280623,43.702008],[-79.280652,43.701829],[-79.280682,43.701651],[-79.280704,43.701513],[-79.280711,43.701472],[-79.280741,43.701293],[-79.28077,43.701115],[-79.2808,43.700937],[-79.28083,43.700758],[-79.280859,43.700579],[-79.280889,43.700401],[-79.280904,43.700312],[-79.280921,43.700221],[-79.280942,43.70011],[-79.280959,43.700039],[-79.280992,43.699906],[-79.281006,43.699858],[-79.281053,43.699704],[-79.281063,43.699678],[-79.281127,43.699504],[-79.281128,43.699501],[-79.281202,43.699329],[-79.281212,43.699306],[-79.281286,43.699156],[-79.281308,43.699111],[-79.281379,43.698985],[-79.281416,43.698919],[-79.281481,43.698817],[-79.281535,43.698731],[-79.281591,43.698653],[-79.281665,43.698547],[-79.281709,43.698491],[-79.281806,43.698366],[-79.281835,43.698333],[-79.281954,43.698194],[-79.281968,43.698179],[-79.282108,43.698031],[-79.282112,43.698026],[-79.282258,43.697884],[-79.28228,43.697864],[-79.282416,43.697743],[-79.282458,43.697707],[-79.28258,43.697607],[-79.282645,43.697555],[-79.28275,43.697475],[-79.282838,43.697409],[-79.282927,43.697348],[-79.283045,43.697267],[-79.28311,43.697226],[-79.283257,43.697134],[-79.283299,43.69711],[-79.283475,43.697009],[-79.283493,43.696999],[-79.283695,43.696894],[-79.283702,43.696889],[-79.283901,43.696794],[-79.283936,43.696778],[-79.284111,43.696701],[-79.284174,43.696674],[-79.284326,43.696611],[-79.284418,43.696573],[-79.284543,43.696526],[-79.284665,43.696479],[-79.284762,43.696441],[-79.284912,43.696383],[-79.284982,43.696357],[-79.285201,43.696272],[-79.285249,43.696254],[-79.28537,43.696208],[-79.285422,43.696189],[-79.285641,43.696105],[-79.285861,43.69602],[-79.286081,43.695936],[-79.286252,43.695871],[-79.286301,43.695852],[-79.286472,43.695785],[-79.286521,43.695762],[-79.28673,43.695665],[-79.286743,43.695659],[-79.286954,43.695595],[-79.287041,43.695569],[-79.287181,43.695516],[-79.287401,43.695432],[-79.287621,43.695348],[-79.287718,43.695311],[-79.287841,43.695264],[-79.288061,43.69518],[-79.288281,43.695096],[-79.288501,43.695012],[-79.288519,43.695005],[-79.288721,43.694928],[-79.288897,43.694861],[-79.288942,43.694844],[-79.289161,43.694759],[-79.289381,43.694675],[-79.289491,43.694633],[-79.289601,43.69459],[-79.28982,43.694505],[-79.289932,43.694462],[-79.29004,43.694422],[-79.290123,43.694391],[-79.290257,43.694335],[-79.290259,43.694334],[-79.290376,43.694283],[-79.290471,43.694239],[-79.29054,43.694206],[-79.290657,43.694148],[-79.290676,43.694138],[-79.290771,43.694089],[-79.290875,43.694032],[-79.290939,43.693997],[-79.291064,43.693923],[-79.291173,43.693858],[-79.291258,43.69381],[-79.291453,43.693702],[-79.291647,43.693593],[-79.291842,43.693485],[-79.292037,43.693376],[-79.292231,43.693268],[-79.292427,43.693158],[-79.292622,43.693049],[-79.292818,43.69294],[-79.293014,43.692831],[-79.293209,43.692722],[-79.293405,43.692613],[-79.293601,43.692504],[-79.293797,43.692394],[-79.293992,43.692285],[-79.294188,43.692176],[-79.294384,43.692067],[-79.294579,43.691958],[-79.294775,43.691849],[-79.294841,43.691812],[-79.295114,43.69166],[-79.296813,43.690743],[-79.296954,43.690668],[-79.297118,43.690582],[-79.297298,43.690488],[-79.29749,43.69039],[-79.297686,43.69029],[-79.297881,43.690192],[-79.298069,43.690099],[-79.298244,43.690014],[-79.298399,43.689941],[-79.298528,43.689883],[-79.298656,43.689833],[-79.29881,43.689779],[-79.298981,43.689725],[-79.299163,43.68967],[-79.299348,43.689618],[-79.299474,43.689583],[-79.299527,43.689569],[-79.299694,43.689525],[-79.299711,43.689521],[-79.299841,43.689488],[-79.299946,43.689461],[-79.299961,43.689458],[-79.300043,43.689438],[-79.300183,43.689404],[-79.300418,43.689348],[-79.300619,43.6893],[-79.300653,43.689292],[-79.300889,43.689238],[-79.301126,43.689183],[-79.301363,43.689128],[-79.301599,43.689073],[-79.301604,43.689072],[-79.301837,43.68902],[-79.302074,43.688967],[-79.302311,43.688914],[-79.302549,43.688861],[-79.302786,43.688808],[-79.303024,43.688754],[-79.303262,43.688701],[-79.303499,43.688648],[-79.303737,43.688595],[-79.303975,43.688542],[-79.304212,43.688489],[-79.30445,43.688435],[-79.304688,43.688382],[-79.304926,43.688329],[-79.305163,43.688276],[-79.305401,43.688223],[-79.305639,43.68817],[-79.305877,43.688117],[-79.306114,43.688063],[-79.306352,43.68801],[-79.30659,43.687957],[-79.306827,43.687904],[-79.307065,43.687851],[-79.307303,43.687798],[-79.307541,43.687744],[-79.307778,43.687691],[-79.308016,43.687638],[-79.308254,43.687585],[-79.308492,43.687532],[-79.308729,43.687479],[-79.308967,43.687425],[-79.309205,43.687372],[-79.309442,43.687319],[-79.30968,43.687266],[-79.309918,43.687213],[-79.310155,43.68716],[-79.310393,43.687107],[-79.31063,43.687053],[-79.310868,43.687],[-79.311106,43.686947],[-79.311343,43.686894],[-79.311581,43.686841],[-79.311819,43.686788],[-79.312056,43.686735],[-79.312245,43.686693],[-79.312294,43.686682],[-79.312531,43.686629],[-79.312769,43.686576],[-79.312915,43.686544],[-79.313007,43.686523],[-79.313245,43.68647],[-79.313294,43.68646],[-79.313482,43.686418],[-79.31372,43.686365],[-79.313958,43.686312],[-79.314068,43.686288],[-79.314196,43.68626],[-79.314198,43.686259],[-79.314435,43.686208],[-79.314546,43.686184],[-79.314673,43.686156],[-79.314911,43.686105],[-79.315149,43.686053],[-79.315387,43.686001],[-79.315625,43.68595],[-79.315863,43.685898],[-79.316101,43.685846],[-79.31634,43.685795],[-79.316578,43.685743],[-79.316816,43.685691],[-79.317055,43.685639],[-79.317293,43.685588],[-79.317531,43.685536],[-79.31777,43.685484],[-79.318008,43.685433],[-79.318246,43.685381],[-79.318485,43.685329],[-79.318723,43.685278],[-79.318961,43.685226],[-79.319199,43.685174],[-79.319438,43.685122],[-79.319676,43.685071],[-79.319914,43.685019],[-79.320153,43.684967],[-79.320391,43.684916],[-79.320629,43.684864],[-79.320868,43.684812],[-79.321106,43.68476],[-79.321344,43.684709],[-79.321582,43.684657],[-79.32182,43.684606],[-79.322058,43.684554],[-79.322297,43.684502],[-79.322535,43.68445],[-79.322773,43.684399],[-79.323012,43.684347],[-79.323113,43.684325],[-79.32325,43.684295],[-79.323488,43.684244],[-79.323726,43.684192],[-79.323965,43.68414],[-79.324182,43.684093],[-79.324203,43.684089],[-79.324442,43.684038],[-79.324681,43.683987],[-79.324919,43.683937],[-79.325158,43.683886],[-79.325397,43.683835],[-79.325636,43.683785],[-79.325875,43.683734],[-79.326113,43.683684],[-79.326352,43.683633],[-79.326591,43.683582],[-79.32683,43.683532],[-79.327068,43.683481],[-79.327307,43.683431],[-79.327546,43.68338],[-79.327785,43.683329],[-79.328023,43.683279],[-79.328262,43.683228],[-79.328501,43.683177],[-79.32874,43.683127],[-79.328978,43.683076],[-79.329217,43.683026],[-79.329456,43.682975],[-79.329695,43.682924],[-79.329934,43.682874],[-79.330172,43.682823],[-79.330351,43.682785],[-79.330411,43.682773],[-79.33065,43.682722],[-79.330889,43.682671],[-79.331127,43.682621],[-79.331366,43.68257],[-79.331494,43.682543],[-79.331605,43.68252],[-79.331705,43.682499],[-79.331844,43.68247],[-79.332083,43.682421],[-79.332322,43.682371],[-79.332562,43.682321],[-79.332801,43.682272],[-79.33304,43.682222],[-79.333279,43.682173],[-79.333518,43.682123],[-79.333757,43.682073],[-79.333997,43.682024],[-79.334236,43.681974],[-79.334475,43.681925],[-79.334714,43.681875],[-79.334953,43.681825],[-79.335193,43.681776],[-79.335432,43.681726],[-79.335671,43.681676],[-79.33591,43.681627],[-79.336149,43.681577],[-79.336388,43.681528],[-79.336628,43.681478],[-79.336867,43.681428],[-79.337,43.681401],[-79.337106,43.681379],[-79.337345,43.681329],[-79.337584,43.68128],[-79.337823,43.68123],[-79.337828,43.681229],[-79.338062,43.681182],[-79.338302,43.681134],[-79.338542,43.681086],[-79.338782,43.681038],[-79.339021,43.68099],[-79.339261,43.680942],[-79.339501,43.680894],[-79.339741,43.680845],[-79.339981,43.680797],[-79.34022,43.680749],[-79.34046,43.680701],[-79.3407,43.680653],[-79.34094,43.680605],[-79.341179,43.680557],[-79.341419,43.680509],[-79.341659,43.680461],[-79.341899,43.680413],[-79.342078,43.680377],[-79.342138,43.680365],[-79.342378,43.680317],[-79.342618,43.680269],[-79.342858,43.680221],[-79.343098,43.680173],[-79.343338,43.680125],[-79.343577,43.680077],[-79.343817,43.680029],[-79.344057,43.679981],[-79.344297,43.679933],[-79.344537,43.679885],[-79.344735,43.679846],[-79.344777,43.679837],[-79.345016,43.679788],[-79.345256,43.67974],[-79.345495,43.679691],[-79.345735,43.679642],[-79.345974,43.679593],[-79.346214,43.679544],[-79.346453,43.679496],[-79.346693,43.679447],[-79.346932,43.679398],[-79.347172,43.679349],[-79.347411,43.6793],[-79.347651,43.679251],[-79.34789,43.679203],[-79.34813,43.679154],[-79.348369,43.679105],[-79.348609,43.679056],[-79.348848,43.679007],[-79.349087,43.678959],[-79.349326,43.67891],[-79.349566,43.678861],[-79.349805,43.678812],[-79.350045,43.678763],[-79.350284,43.678714],[-79.350524,43.678666],[-79.350763,43.678617],[-79.351003,43.678568],[-79.351242,43.678519],[-79.351482,43.67847],[-79.351721,43.678422],[-79.351961,43.678373],[-79.3522,43.678324],[-79.35244,43.678275],[-79.352525,43.678258],[-79.352679,43.678226],[-79.352919,43.678177],[-79.353158,43.678128],[-79.353397,43.678079],[-79.353636,43.67803],[-79.353876,43.677981],[-79.354115,43.677932],[-79.354246,43.677905],[-79.354341,43.677894],[-79.354369,43.677893],[-79.354426,43.67789],[-79.354515,43.677882],[-79.354607,43.677865],[-79.354847,43.677818],[-79.355087,43.677772],[-79.355328,43.677725],[-79.355568,43.677679],[-79.355808,43.677632],[-79.356049,43.677586],[-79.356289,43.677539],[-79.35653,43.677493],[-79.356653,43.677469],[-79.356769,43.677444],[-79.356851,43.677427],[-79.357004,43.677389],[-79.35704,43.67738],[-79.357091,43.677365],[-79.357218,43.67733],[-79.357231,43.677325],[-79.357385,43.677277],[-79.357451,43.677254],[-79.357541,43.677223],[-79.357664,43.677176],[-79.357684,43.677169],[-79.357813,43.677116],[-79.357861,43.677095],[-79.357929,43.677065],[-79.358057,43.677003],[-79.358115,43.676975],[-79.358255,43.676904],[-79.358457,43.6768],[-79.358659,43.676696],[-79.358825,43.676611],[-79.358862,43.676592],[-79.359064,43.676488],[-79.359267,43.676384],[-79.359469,43.67628],[-79.359534,43.676247],[-79.35966,43.67619],[-79.359695,43.676177],[-79.35981,43.676135],[-79.359917,43.676101],[-79.359977,43.676082],[-79.360141,43.676036],[-79.360155,43.676032],[-79.360338,43.675986],[-79.360369,43.675978],[-79.36052,43.675943],[-79.360603,43.675925],[-79.360673,43.675909],[-79.360694,43.675905],[-79.360856,43.675871],[-79.360997,43.675842],[-79.361114,43.675819],[-79.366645,43.674734],[-79.366715,43.67472],[-79.366888,43.674677],[-79.366892,43.674676],[-79.367074,43.674615],[-79.36712,43.674597],[-79.367267,43.674539],[-79.367338,43.674507],[-79.367462,43.674453],[-79.36755,43.674411],[-79.367654,43.674361],[-79.367755,43.67431],[-79.367837,43.674268],[-79.367954,43.674206],[-79.368005,43.674179],[-79.36815,43.674099],[-79.368153,43.674098],[-79.368274,43.674029],[-79.368341,43.673991],[-79.368365,43.673977],[-79.368531,43.67388],[-79.368721,43.67377],[-79.368911,43.673659],[-79.369077,43.673563],[-79.369102,43.673548],[-79.369292,43.673438],[-79.369483,43.673327],[-79.369673,43.673217],[-79.369788,43.67315],[-79.369865,43.673105],[-79.370056,43.672996],[-79.370105,43.672968],[-79.370143,43.672946],[-79.370192,43.672919],[-79.370252,43.672886],[-79.370266,43.672879],[-79.370322,43.672849],[-79.370403,43.672807],[-79.370485,43.672767],[-79.370493,43.672762],[-79.370593,43.672716],[-79.370701,43.672667],[-79.370735,43.672653],[-79.370818,43.672618],[-79.370943,43.67257],[-79.370989,43.672553],[-79.371075,43.672522],[-79.371213,43.672476],[-79.371259,43.672463],[-79.371359,43.672433],[-79.37151,43.672394],[-79.371542,43.672386],[-79.371666,43.672359],[-79.371809,43.672332],[-79.371827,43.672328],[-79.371993,43.672304],[-79.372114,43.672292],[-79.372163,43.672287],[-79.372336,43.672276],[-79.372417,43.672276],[-79.372517,43.672275],[-79.372651,43.672274],[-79.372885,43.672272],[-79.373124,43.67227],[-79.373363,43.672268],[-79.373602,43.672266],[-79.373841,43.672264],[-79.374084,43.672262],[-79.374332,43.672261],[-79.37458,43.672259],[-79.374828,43.672257],[-79.374888,43.672256],[-79.375076,43.672254],[-79.375325,43.672251],[-79.375574,43.672248],[-79.375785,43.672246],[-79.375822,43.672245],[-79.376071,43.672242],[-79.376319,43.672239],[-79.376568,43.672236],[-79.376683,43.672235],[-79.376816,43.672234],[-79.377057,43.672232],[-79.377068,43.672231],[-79.377113,43.67223],[-79.377172,43.672227],[-79.377234,43.672223],[-79.377298,43.672218],[-79.377336,43.672214],[-79.377364,43.672211],[-79.377432,43.672203],[-79.377502,43.672194],[-79.377573,43.672185],[-79.377593,43.672182],[-79.377645,43.672174],[-79.377717,43.672163],[-79.37779,43.672151],[-79.377839,43.672143],[-79.377863,43.672139],[-79.377935,43.672127],[-79.378007,43.672114],[-79.378077,43.672102],[-79.378084,43.6721],[-79.378147,43.672089],[-79.378215,43.672076],[-79.378281,43.672064],[-79.378325,43.672055],[-79.378345,43.672052],[-79.378407,43.67204],[-79.378567,43.672007],[-79.378806,43.671958],[-79.379044,43.67191],[-79.379284,43.671861],[-79.379523,43.671812],[-79.379763,43.671763],[-79.380002,43.671714],[-79.380185,43.671677],[-79.380242,43.671665],[-79.380481,43.671616],[-79.38072,43.671566],[-79.380959,43.671517],[-79.381198,43.671467],[-79.381437,43.671418],[-79.381676,43.671368],[-79.381915,43.671319],[-79.382154,43.671269],[-79.382394,43.67122],[-79.382632,43.67117],[-79.38287,43.671121],[-79.383107,43.671072],[-79.383344,43.671023],[-79.38344,43.671003],[-79.383588,43.670977],[-79.383604,43.670974],[-79.383789,43.67095],[-79.383847,43.670945],[-79.383988,43.670931],[-79.384098,43.670922],[-79.384198,43.670915],[-79.384348,43.670906],[-79.384412,43.670902],[-79.384597,43.670893],[-79.384626,43.670891],[-79.384834,43.670882],[-79.384847,43.670882],[-79.385031,43.670874],[-79.385094,43.670871],[-79.385211,43.670867],[-79.385339,43.67086],[-79.38537,43.670859],[-79.385585,43.670846],[-79.385833,43.670832],[-79.386081,43.670818],[-79.386154,43.670814],[-79.386329,43.670804],[-79.386578,43.67079],[-79.386826,43.670776],[-79.387074,43.670762],[-79.387125,43.67076],[-79.38731,43.670748],[-79.387311,43.670748],[-79.387558,43.670728],[-79.387656,43.670721],[-79.387782,43.670704],[-79.388021,43.670673],[-79.38803,43.670672],[-79.388265,43.670646],[-79.388498,43.670621],[-79.388502,43.670621],[-79.388725,43.670582],[-79.388736,43.67058],[-79.388893,43.670541],[-79.388958,43.670524],[-79.389134,43.670477],[-79.389184,43.670466],[-79.389421,43.670412],[-79.389445,43.670406],[-79.389656,43.670363],[-79.389895,43.670314],[-79.390134,43.670265],[-79.39032,43.670227],[-79.390373,43.670216],[-79.390613,43.670167],[-79.390852,43.670118],[-79.391092,43.670069],[-79.391128,43.670061],[-79.391331,43.67002],[-79.39157,43.669971],[-79.39181,43.669923],[-79.392049,43.669874],[-79.392289,43.669826],[-79.392529,43.669777],[-79.392768,43.669729],[-79.393008,43.66968],[-79.393247,43.669631],[-79.393487,43.669583],[-79.393727,43.669534],[-79.393966,43.669486],[-79.394206,43.669437],[-79.394445,43.669388],[-79.394685,43.66934],[-79.394924,43.669291],[-79.395164,43.669243],[-79.395403,43.669194],[-79.395643,43.669146],[-79.395882,43.669097],[-79.396122,43.669048],[-79.396361,43.669],[-79.396601,43.668951],[-79.396841,43.668903],[-79.397024,43.668865],[-79.397102,43.668838],[-79.397322,43.66876],[-79.397345,43.668752],[-79.397542,43.668683],[-79.397642,43.668648],[-79.397766,43.668623],[-79.397981,43.668579],[-79.398006,43.668574],[-79.398245,43.668524],[-79.398484,43.668474],[-79.398723,43.668424],[-79.398814,43.668405],[-79.398962,43.668374],[-79.399201,43.668324],[-79.39944,43.668274],[-79.399668,43.668226],[-79.399679,43.668224],[-79.399918,43.668173],[-79.400157,43.668123],[-79.400396,43.668073],[-79.400634,43.668022],[-79.400873,43.667972],[-79.400972,43.667951],[-79.401112,43.66792],[-79.40135,43.667866],[-79.401491,43.667834],[-79.401587,43.667815],[-79.401827,43.667767],[-79.402059,43.667722],[-79.402068,43.667719],[-79.402305,43.667665],[-79.402542,43.66761],[-79.402779,43.667555],[-79.403017,43.6675],[-79.403254,43.667446],[-79.40349,43.667391],[-79.403727,43.667336],[-79.403914,43.667293],[-79.403965,43.667282],[-79.404184,43.667233],[-79.404202,43.667229],[-79.40444,43.667176],[-79.404678,43.667124],[-79.404809,43.667095],[-79.404916,43.667071],[-79.405154,43.667018],[-79.405391,43.666965],[-79.405629,43.666912],[-79.405703,43.666896],[-79.40587,43.666863],[-79.406109,43.666815],[-79.406349,43.666767],[-79.406589,43.666719],[-79.406829,43.666672],[-79.407069,43.666624],[-79.407309,43.666576],[-79.407549,43.666529],[-79.407789,43.666481],[-79.408029,43.666433],[-79.408268,43.666385],[-79.408508,43.666338],[-79.408748,43.66629],[-79.408988,43.666242],[-79.409128,43.666215],[-79.409229,43.666196],[-79.40947,43.666153],[-79.409711,43.66611],[-79.409953,43.666066],[-79.410194,43.666023],[-79.410435,43.66598],[-79.410677,43.665936],[-79.410763,43.665921],[-79.410919,43.665886],[-79.411156,43.665832],[-79.411394,43.665778],[-79.411481,43.665758],[-79.411631,43.665724],[-79.411868,43.665669],[-79.412105,43.665614],[-79.412306,43.665568],[-79.412342,43.66556],[-79.41258,43.665508],[-79.412818,43.665456],[-79.413056,43.665404],[-79.413294,43.665352],[-79.413532,43.665299],[-79.41377,43.665247],[-79.413835,43.665233],[-79.414006,43.665189],[-79.41424,43.665129],[-79.414473,43.665068],[-79.414707,43.665008],[-79.414941,43.664948],[-79.415174,43.664888],[-79.415409,43.664827],[-79.415643,43.664767],[-79.415877,43.664707],[-79.416111,43.664646],[-79.416346,43.664586],[-79.41658,43.664525],[-79.416814,43.664465],[-79.417048,43.664405],[-79.417282,43.664344],[-79.417428,43.664307],[-79.417515,43.664288],[-79.417753,43.664236],[-79.417992,43.664184],[-79.41823,43.664132],[-79.418289,43.664119],[-79.418468,43.66408],[-79.418707,43.664028],[-79.418945,43.663977],[-79.41915,43.663932],[-79.419183,43.663925],[-79.419421,43.663872],[-79.419659,43.66382],[-79.419897,43.663767],[-79.420135,43.663715],[-79.420373,43.663662],[-79.420611,43.66361],[-79.420849,43.663558],[-79.421087,43.663505],[-79.421325,43.663453],[-79.421563,43.6634],[-79.421802,43.663348],[-79.42204,43.663295],[-79.422278,43.663243],[-79.422516,43.663191],[-79.422754,43.663138],[-79.422817,43.663124],[-79.422849,43.663117],[-79.422883,43.663108],[-79.422918,43.663098],[-79.422953,43.663088],[-79.422989,43.663078],[-79.423025,43.663067],[-79.423061,43.663057],[-79.423095,43.663047],[-79.423129,43.663039],[-79.423162,43.663031],[-79.423223,43.663018],[-79.423461,43.662965],[-79.423699,43.662913],[-79.423937,43.662861],[-79.424176,43.662809],[-79.424414,43.662757],[-79.424652,43.662704],[-79.42489,43.662652],[-79.425128,43.6626],[-79.425366,43.662548],[-79.425533,43.662511],[-79.425583,43.662501],[-79.425604,43.662497],[-79.42563,43.662492],[-79.425674,43.662485],[-79.425717,43.662479],[-79.42576,43.662473],[-79.425803,43.662467],[-79.425848,43.66246],[-79.425897,43.662452],[-79.42595,43.662442],[-79.426009,43.66243],[-79.426089,43.662412],[-79.426327,43.662359],[-79.426565,43.662305],[-79.426802,43.662252],[-79.42692,43.662226],[-79.42704,43.662199],[-79.427278,43.662146],[-79.427515,43.662093],[-79.427753,43.66204],[-79.427831,43.662022],[-79.427991,43.661987],[-79.428229,43.661935],[-79.428467,43.661883],[-79.428705,43.66183],[-79.428941,43.661778],[-79.429177,43.661727],[-79.429414,43.661675],[-79.42944,43.661669],[-79.429652,43.66162],[-79.429804,43.661585],[-79.429889,43.661565],[-79.430125,43.661508],[-79.430272,43.661473],[-79.430362,43.661451],[-79.430598,43.661394],[-79.430818,43.66134],[-79.430834,43.661336],[-79.431069,43.661277],[-79.431305,43.661219],[-79.431413,43.661192],[-79.43154,43.661161],[-79.431776,43.661102],[-79.432011,43.661044],[-79.432032,43.661039],[-79.432246,43.660985],[-79.432482,43.660927],[-79.432646,43.660886],[-79.432717,43.660868],[-79.432952,43.66081],[-79.433187,43.660752],[-79.433229,43.660742],[-79.433422,43.660694],[-79.433657,43.660637],[-79.433755,43.660613],[-79.433892,43.66058],[-79.434128,43.660523],[-79.434195,43.660507],[-79.434363,43.660468],[-79.434523,43.660431],[-79.434599,43.660414],[-79.434837,43.660362],[-79.435075,43.66031],[-79.435313,43.660258],[-79.435396,43.66024],[-79.435552,43.660206],[-79.43579,43.660154],[-79.436028,43.660101],[-79.436266,43.660049],[-79.436269,43.660049],[-79.436447,43.660012],[-79.436504,43.660002],[-79.436661,43.659974],[-79.436744,43.65996],[-79.436901,43.659934],[-79.436986,43.659921],[-79.437157,43.659894],[-79.437229,43.659883],[-79.437421,43.659854],[-79.437472,43.659847],[-79.437681,43.659817],[-79.437715,43.659812],[-79.437928,43.659782],[-79.437958,43.659778],[-79.438152,43.659751],[-79.438201,43.659744],[-79.438344,43.659725],[-79.438445,43.659711],[-79.438493,43.659704],[-79.438688,43.659678],[-79.438932,43.659646],[-79.439177,43.659613],[-79.439421,43.659581],[-79.439665,43.659548],[-79.439908,43.659516],[-79.440145,43.659484],[-79.440387,43.659452],[-79.44063,43.65942],[-79.440873,43.659388],[-79.441068,43.659362],[-79.441116,43.659355],[-79.441359,43.659321],[-79.441602,43.659287],[-79.441845,43.659254],[-79.441956,43.659238],[-79.442088,43.65922],[-79.442331,43.659186],[-79.442574,43.659153],[-79.442817,43.659119],[-79.442843,43.659116],[-79.44305,43.659086],[-79.443055,43.659085],[-79.443297,43.659047],[-79.443336,43.659041],[-79.443538,43.659009],[-79.443683,43.658986],[-79.443778,43.65897],[-79.444019,43.658931],[-79.444073,43.658922],[-79.44426,43.658891],[-79.444489,43.658853],[-79.444501,43.65885],[-79.444743,43.658809],[-79.444911,43.65878],[-79.444982,43.658768],[-79.445223,43.658726],[-79.445322,43.658709],[-79.445462,43.658683],[-79.445703,43.65864],[-79.445704,43.65864],[-79.445941,43.658596],[-79.446038,43.658578],[-79.446177,43.65855],[-79.446305,43.658524],[-79.446414,43.658501],[-79.446653,43.658451],[-79.446892,43.658401],[-79.447131,43.658351],[-79.44737,43.658301],[-79.447609,43.658251],[-79.447848,43.658201],[-79.448029,43.658163],[-79.448082,43.658151],[-79.448318,43.658095],[-79.448555,43.658039],[-79.448792,43.657983],[-79.449028,43.657928],[-79.449265,43.657872],[-79.449501,43.657816],[-79.449738,43.657761],[-79.449974,43.657705],[-79.450066,43.657683],[-79.450214,43.657651],[-79.450451,43.657598],[-79.450689,43.657546],[-79.450927,43.657493],[-79.451139,43.657446],[-79.451163,43.65744],[-79.451399,43.657383],[-79.451634,43.657326],[-79.45187,43.657269],[-79.452106,43.657212],[-79.452342,43.657155],[-79.452578,43.657097],[-79.452814,43.65704],[-79.452952,43.657007],[-79.45305,43.656984],[-79.453287,43.656928],[-79.453479,43.656883],[-79.453524,43.656873],[-79.453761,43.65682],[-79.453999,43.656767],[-79.454237,43.656714],[-79.454475,43.65666],[-79.454682,43.656614],[-79.454712,43.656608],[-79.454952,43.656558],[-79.455117,43.656524],[-79.455191,43.656509],[-79.455429,43.656457],[-79.455668,43.656406],[-79.455812,43.656376],[-79.455906,43.656355],[-79.456145,43.656302],[-79.456383,43.65625],[-79.456621,43.656198],[-79.456859,43.656145],[-79.456897,43.656137],[-79.457096,43.65609],[-79.457333,43.656035],[-79.45757,43.655979],[-79.45762,43.655967],[-79.457785,43.655931],[-79.457805,43.655927],[-79.458047,43.655885],[-79.45816,43.655865],[-79.458286,43.655849],[-79.458463,43.655826],[-79.458537,43.65581],[-79.458776,43.65576],[-79.459015,43.65571],[-79.459254,43.65566],[-79.459493,43.65561],[-79.459618,43.655584],[-79.459732,43.655559],[-79.459971,43.655507],[-79.460209,43.655455],[-79.460447,43.655403],[-79.460685,43.655351],[-79.460722,43.655343],[-79.460924,43.655298],[-79.461161,43.655245],[-79.461399,43.655192],[-79.461637,43.655139],[-79.461875,43.655086],[-79.462113,43.655033],[-79.46235,43.65498],[-79.462588,43.654927],[-79.462608,43.654923],[-79.462826,43.654874],[-79.462887,43.65486],[-79.463064,43.654821],[-79.463188,43.654793],[-79.463302,43.654767],[-79.463506,43.654721],[-79.463539,43.654714],[-79.463777,43.65466],[-79.463835,43.654647],[-79.464014,43.654606],[-79.464169,43.654571],[-79.464252,43.654552],[-79.464489,43.654498],[-79.464502,43.654495],[-79.464726,43.654444],[-79.464829,43.65442],[-79.464964,43.654389],[-79.465143,43.654348],[-79.465201,43.654334],[-79.465438,43.654279],[-79.465438,43.654279],[-79.465675,43.654224],[-79.465709,43.654216],[-79.465911,43.654168],[-79.466148,43.654112],[-79.466384,43.654056],[-79.46662,43.654],[-79.466857,43.653944],[-79.466988,43.653914],[-79.467093,43.653888],[-79.467329,43.65383],[-79.467564,43.653773],[-79.4678,43.653715],[-79.468035,43.653658],[-79.468271,43.6536],[-79.468506,43.653542],[-79.468742,43.653485],[-79.468861,43.653456],[-79.468978,43.653428],[-79.469213,43.65337],[-79.469449,43.653313],[-79.469685,43.653256],[-79.469921,43.653198],[-79.470101,43.653154],[-79.470156,43.653141],[-79.470391,43.653083],[-79.470397,43.653081],[-79.470624,43.653023],[-79.470859,43.652962],[-79.471093,43.652902],[-79.471327,43.652842],[-79.471562,43.652781],[-79.471796,43.652721],[-79.471905,43.652693],[-79.472033,43.652662],[-79.472094,43.652647],[-79.47227,43.652605],[-79.47235,43.652586],[-79.472508,43.652549],[-79.472653,43.652515],[-79.472745,43.652493],[-79.472982,43.652438],[-79.472988,43.652437],[-79.473219,43.652384],[-79.473335,43.652357],[-79.473457,43.652329],[-79.473677,43.652279],[-79.473694,43.652275],[-79.473932,43.652221],[-79.473996,43.652206],[-79.474169,43.652167],[-79.474274,43.652143],[-79.474407,43.652113],[-79.474493,43.652094],[-79.474635,43.652061],[-79.474644,43.652059],[-79.474881,43.652005],[-79.475118,43.651951],[-79.475355,43.651897],[-79.475486,43.651867],[-79.475594,43.651843],[-79.475831,43.651789],[-79.476069,43.651736],[-79.476306,43.651683],[-79.476344,43.651674],[-79.476547,43.65163],[-79.476786,43.651579],[-79.477024,43.651528],[-79.477263,43.651477],[-79.477501,43.651426],[-79.47774,43.651375],[-79.477978,43.651324],[-79.478217,43.651273],[-79.478455,43.651222],[-79.478694,43.651171],[-79.478932,43.651119],[-79.479171,43.651068],[-79.479409,43.651017],[-79.479525,43.650992],[-79.479648,43.650966],[-79.479707,43.650953],[-79.479886,43.650915],[-79.479987,43.650893],[-79.480124,43.650863],[-79.48034,43.650817],[-79.480363,43.650812],[-79.480601,43.65076],[-79.480742,43.65073],[-79.480839,43.650709],[-79.481077,43.650657],[-79.48117,43.650637],[-79.481315,43.650605],[-79.481552,43.650554],[-79.481597,43.650544],[-79.481785,43.650503],[-79.482002,43.650455],[-79.482018,43.650452],[-79.482251,43.6504],[-79.482359,43.650376],[-79.482492,43.650346],[-79.482654,43.650289],[-79.482719,43.650265],[-79.482817,43.650231],[-79.482941,43.6502],[-79.483176,43.650142],[-79.483412,43.650084],[-79.483647,43.650026],[-79.483675,43.650019],[-79.483883,43.649968],[-79.484118,43.64991],[-79.484354,43.649852],[-79.484534,43.649808],[-79.484591,43.649792],[-79.484822,43.649727],[-79.484936,43.649695],[-79.485053,43.64966],[-79.48526,43.649598],[-79.485285,43.649588],[-79.485501,43.649504],[-79.485522,43.649496],[-79.48572,43.649399],[-79.485744,43.649388],[-79.485928,43.649281],[-79.485946,43.649271],[-79.486122,43.649159],[-79.486147,43.649143],[-79.486309,43.649039],[-79.486366,43.649003],[-79.486491,43.648928],[-79.486622,43.648848],[-79.486674,43.64882],[-79.486868,43.648715],[-79.486935,43.648679],[-79.487059,43.648619],[-79.48726,43.648522],[-79.487323,43.648491],[-79.487473,43.64844],[-79.487694,43.648365],[-79.487778,43.648337],[-79.487934,43.648304],[-79.488168,43.648255],[-79.488242,43.648239],[-79.488441,43.648225],[-79.488686,43.648207],[-79.488718,43.648205],[-79.488962,43.648212],[-79.489187,43.648218],[-79.489232,43.648223],[-79.489476,43.648249],[-79.489638,43.648266],[-79.489731,43.648282],[-79.489967,43.648323],[-79.490059,43.648339],[-79.490206,43.648373],[-79.490438,43.648426],[-79.490439,43.648427],[-79.490665,43.648489],[-79.490764,43.648517],[-79.490883,43.648555],[-79.491024,43.6486],[-79.491103,43.648627],[-79.491207,43.648665],[-79.491324,43.648707],[-79.491546,43.648788],[-79.491768,43.648869],[-79.49199,43.64895],[-79.492212,43.649031],[-79.492435,43.649112],[-79.492657,43.649193],[-79.492879,43.649274],[-79.492959,43.649304],[-79.493101,43.649355],[-79.493324,43.649436],[-79.493546,43.649516],[-79.493769,43.649597],[-79.493964,43.649668],[-79.493991,43.649678],[-79.494213,43.649759],[-79.494435,43.64984],[-79.494657,43.64992],[-79.494879,43.650001],[-79.495101,43.650082],[-79.495151,43.6501],[-79.495328,43.650161],[-79.495552,43.650239],[-79.495771,43.650314],[-79.495791,43.65032],[-79.495913,43.650352],[-79.496045,43.650377],[-79.49611,43.650389],[-79.496296,43.650415],[-79.49635,43.650423],[-79.496544,43.650445],[-79.496622,43.650454],[-79.496791,43.650469],[-79.496912,43.65048],[-79.497035,43.650488],[-79.497208,43.6505],[-79.497275,43.650503],[-79.497499,43.650513],[-79.497511,43.650513],[-79.497755,43.650517],[-79.497772,43.650518],[-79.497993,43.650514],[-79.498014,43.650514],[-79.498214,43.650499],[-79.498451,43.650471],[-79.49869,43.650443],[-79.498929,43.650415],[-79.499171,43.650387],[-79.499414,43.650358],[-79.499659,43.65033],[-79.499904,43.650301],[-79.499919,43.6503],[-79.500031,43.650284],[-79.500127,43.65027],[-79.500205,43.650258],[-79.500365,43.650232],[-79.500424,43.650222],[-79.500605,43.650193],[-79.500675,43.650181],[-79.500845,43.650152],[-79.500942,43.650136],[-79.501085,43.650111],[-79.501211,43.65009],[-79.501324,43.65007],[-79.501468,43.650045],[-79.501563,43.650027],[-79.501697,43.650003],[-79.501801,43.649983],[-79.501885,43.649968],[-79.502016,43.649941],[-79.502029,43.649938],[-79.502268,43.649885],[-79.502506,43.649833],[-79.502744,43.64978],[-79.502982,43.649728],[-79.50322,43.649675],[-79.503458,43.649623],[-79.503696,43.649571],[-79.503934,43.649518],[-79.504172,43.649466],[-79.50441,43.649414],[-79.504648,43.649361],[-79.504886,43.649309],[-79.505124,43.649256],[-79.505362,43.649204],[-79.505546,43.649163],[-79.505604,43.649151],[-79.505759,43.649119],[-79.505848,43.649102],[-79.506071,43.649059],[-79.50609,43.649055],[-79.50633,43.64901],[-79.506456,43.648987],[-79.506571,43.648966],[-79.506811,43.648922],[-79.506891,43.648907],[-79.507052,43.648878],[-79.507292,43.648835],[-79.507352,43.648824],[-79.507531,43.648793],[-79.50777,43.648751],[-79.507814,43.648743],[-79.508009,43.648709],[-79.50825,43.648668],[-79.508255,43.648667],[-79.508493,43.648627],[-79.508648,43.648601],[-79.508735,43.648588],[-79.508971,43.648551],[-79.508977,43.64855],[-79.509199,43.648519],[-79.509221,43.648516],[-79.509466,43.648486],[-79.509711,43.648456],[-79.509956,43.648427],[-79.510084,43.648411],[-79.510201,43.648397],[-79.510446,43.648367],[-79.510691,43.648337],[-79.510934,43.648308],[-79.51097,43.648303],[-79.511032,43.648297],[-79.51112,43.648287],[-79.511175,43.64828],[-79.511229,43.648274],[-79.511352,43.64826],[-79.511417,43.648252],[-79.511482,43.648245],[-79.511613,43.648229],[-79.511662,43.648223],[-79.511738,43.648213],[-79.511851,43.648197],[-79.511913,43.648188],[-79.511944,43.648183],[-79.512013,43.648169],[-79.512179,43.648132],[-79.512417,43.648079],[-79.512655,43.648026],[-79.512892,43.647973],[-79.51313,43.64792],[-79.513368,43.647867],[-79.513606,43.647814],[-79.513844,43.647761],[-79.514081,43.647708],[-79.514319,43.647655],[-79.514557,43.647602],[-79.514794,43.647549],[-79.515031,43.647497],[-79.515269,43.647444],[-79.515506,43.647391],[-79.515744,43.647338],[-79.515982,43.647285],[-79.515997,43.647281],[-79.516222,43.64723],[-79.516459,43.647176],[-79.516696,43.647121],[-79.516933,43.647067],[-79.517171,43.647013],[-79.517408,43.646959],[-79.517544,43.646928],[-79.517645,43.646904],[-79.517881,43.64685],[-79.518118,43.646795],[-79.518354,43.64674],[-79.51859,43.646686],[-79.518647,43.646673],[-79.518683,43.646664],[-79.518834,43.646624],[-79.519065,43.646561],[-79.51909,43.646555],[-79.519249,43.646514],[-79.519292,43.646503],[-79.519528,43.646448],[-79.51962,43.646426],[-79.519762,43.646394],[-79.519999,43.64634],[-79.520103,43.646316],[-79.520235,43.646287],[-79.520472,43.646234],[-79.520709,43.646181],[-79.520947,43.646128],[-79.521184,43.646075],[-79.521422,43.646023],[-79.52166,43.64597],[-79.521897,43.645917],[-79.522135,43.645864],[-79.522373,43.645811],[-79.522611,43.645758],[-79.522739,43.645729],[-79.522849,43.645706],[-79.523088,43.645655],[-79.523172,43.645637],[-79.523333,43.645633],[-79.523372,43.645633],[-79.523582,43.645635],[-79.523597,43.645631],[-79.523835,43.64558],[-79.524074,43.645529],[-79.524312,43.645478],[-79.524551,43.645427],[-79.52479,43.645376],[-79.524875,43.645358],[-79.525028,43.645325],[-79.525267,43.645273],[-79.525298,43.645267],[-79.525505,43.645222],[-79.525744,43.64517],[-79.525825,43.645152],[-79.525983,43.645116],[-79.52622,43.645062],[-79.526369,43.645027],[-79.52646,43.645003],[-79.526531,43.644983],[-79.526691,43.644926],[-79.526717,43.644917],[-79.526889,43.644852],[-79.526909,43.644843],[-79.527119,43.644755],[-79.527142,43.644746],[-79.527221,43.64471],[-79.527297,43.644672],[-79.527309,43.644665],[-79.527369,43.644631],[-79.527429,43.644597],[-79.527474,43.644566],[-79.527493,43.644553],[-79.527556,43.644512],[-79.527622,43.644466],[-79.527635,43.644456],[-79.527677,43.644425],[-79.527766,43.644356],[-79.527776,43.644347],[-79.527834,43.644297],[-79.527909,43.644228],[-79.527911,43.644226],[-79.527984,43.644158],[-79.528014,43.644123],[-79.528067,43.644061],[-79.528121,43.643996],[-79.52817,43.643933],[-79.528238,43.643846],[-79.528252,43.643828],[-79.528329,43.643721],[-79.528438,43.643568],[-79.528568,43.643387],[-79.528569,43.643386],[-79.528622,43.643319],[-79.528685,43.643246],[-79.528708,43.643223],[-79.528759,43.643172],[-79.528859,43.643079],[-79.529001,43.64296],[-79.529165,43.642823],[-79.529481,43.642553],[-79.529797,43.642287],[-79.53042,43.64176],[-79.531225,43.641082],[-79.531357,43.640971],[-79.531553,43.640806],[-79.531673,43.640705],[-79.532086,43.64036],[-79.53251,43.640024],[-79.532941,43.639692],[-79.533367,43.639359],[-79.533732,43.639053],[-79.533792,43.639003],[-79.533899,43.638917],[-79.534065,43.638783],[-79.534231,43.638649],[-79.534329,43.638571],[-79.534412,43.638515],[-79.534474,43.638473],[-79.534593,43.638393],[-79.534659,43.638348],[-79.53477,43.638272],[-79.534931,43.638138],[-79.535094,43.638003],[-79.535258,43.637867],[-79.535362,43.63778]]},"properties":{"line":"2","dir":"1","headsign":"Kipling Station","mode":"tram","color":"#008000"}},{"type":"Feature","geometry":{"type":"LineString","coordinates":[[-79.409806,43.761746],[-79.409568,43.761798],[-79.409498,43.761813],[-79.40933,43.761849],[-79.409091,43.761901],[-79.408853,43.761952],[-79.408758,43.761973],[-79.408614,43.762004],[-79.408376,43.762055],[-79.408137,43.762106],[-79.407899,43.762158],[-79.407661,43.762209],[-79.407422,43.762261],[-79.407184,43.762312],[-79.406945,43.762364],[-79.406707,43.762415],[-79.406468,43.762467],[-79.40623,43.762518],[-79.405992,43.76257],[-79.405753,43.762621],[-79.405515,43.762673],[-79.405276,43.762724],[-79.405038,43.762776],[-79.4048,43.762827],[-79.404561,43.762879],[-79.404323,43.76293],[-79.404153,43.762967],[-79.404084,43.762982],[-79.403846,43.763035],[-79.403675,43.763073],[-79.403608,43.763088],[-79.403371,43.763143],[-79.403134,43.763197],[-79.402897,43.763252],[-79.40266,43.763306],[-79.402423,43.763361],[-79.402185,43.763415],[-79.401948,43.76347],[-79.401711,43.763524],[-79.401474,43.763579],[-79.401237,43.763633],[-79.401,43.763688],[-79.400763,43.763742],[-79.400526,43.763797],[-79.400289,43.763851],[-79.400051,43.763906],[-79.399814,43.76396],[-79.399577,43.764015],[-79.39934,43.764069],[-79.399103,43.764124],[-79.398866,43.764178],[-79.398629,43.764233],[-79.398391,43.764287],[-79.398154,43.764342],[-79.397917,43.764396],[-79.39768,43.764451],[-79.397662,43.764455],[-79.397443,43.764505],[-79.397206,43.76456],[-79.396969,43.764614],[-79.396731,43.764669],[-79.396494,43.764723],[-79.396257,43.764778],[-79.39602,43.764832],[-79.395783,43.764887],[-79.395546,43.764941],[-79.395309,43.764996],[-79.395072,43.76505],[-79.394834,43.765105],[-79.394597,43.765159],[-79.39436,43.765214],[-79.394123,43.765268],[-79.393886,43.765323],[-79.393649,43.765377],[-79.393412,43.765432],[-79.393174,43.765486],[-79.392937,43.765541],[-79.3927,43.765595],[-79.392463,43.76565],[-79.392226,43.765704],[-79.391989,43.765759],[-79.391752,43.765813],[-79.391514,43.765868],[-79.391277,43.765922],[-79.39104,43.765977],[-79.390803,43.766031],[-79.390566,43.766086],[-79.390329,43.76614],[-79.390092,43.766194],[-79.389855,43.766249],[-79.389618,43.766303],[-79.38938,43.766358],[-79.389143,43.766412],[-79.388906,43.766467],[-79.388669,43.766521],[-79.388432,43.766576],[-79.388221,43.766624],[-79.388198,43.76663],[-79.387964,43.76669],[-79.387729,43.766749],[-79.387494,43.766809],[-79.387306,43.766857],[-79.387259,43.766868],[-79.387024,43.766928],[-79.38679,43.766988],[-79.386567,43.767044],[-79.386559,43.767046],[-79.386327,43.767112],[-79.386096,43.767177],[-79.38608,43.767181],[-79.385852,43.767235],[-79.385615,43.767291],[-79.385485,43.767322],[-79.385355,43.767337],[-79.385112,43.767365],[-79.385043,43.767373],[-79.384896,43.76742],[-79.384669,43.767492],[-79.384635,43.767503],[-79.38442,43.767548],[-79.384181,43.767599],[-79.383943,43.76765],[-79.383704,43.7677],[-79.383466,43.767751],[-79.383227,43.767802],[-79.382988,43.767852],[-79.38275,43.767903],[-79.382511,43.767954],[-79.382347,43.767989],[-79.382272,43.768004],[-79.382033,43.768054],[-79.381794,43.768104],[-79.381555,43.768154],[-79.381316,43.768204],[-79.381077,43.768254],[-79.380838,43.768304],[-79.380599,43.768354],[-79.38036,43.768404],[-79.38012,43.768454],[-79.379881,43.768504],[-79.379784,43.768524],[-79.379643,43.768554],[-79.379404,43.768604],[-79.379165,43.768655],[-79.379044,43.768681],[-79.378926,43.768705],[-79.378687,43.768755],[-79.378448,43.768805],[-79.378208,43.768854],[-79.377969,43.768904],[-79.37773,43.768954],[-79.377491,43.769003],[-79.37743,43.769016],[-79.377251,43.76905],[-79.37701,43.769096],[-79.37677,43.769142],[-79.376622,43.76917],[-79.376529,43.769188],[-79.376289,43.769234],[-79.376048,43.76928],[-79.375808,43.769326],[-79.375724,43.769342],[-79.375567,43.76937],[-79.375326,43.769413],[-79.375085,43.769456],[-79.374843,43.769499],[-79.374602,43.769542],[-79.374361,43.769585],[-79.374119,43.769628],[-79.373878,43.769671],[-79.373636,43.769714],[-79.373395,43.769757],[-79.373154,43.7698],[-79.372912,43.769843],[-79.372671,43.769886],[-79.37243,43.769929],[-79.372189,43.769972],[-79.371948,43.770015],[-79.371707,43.770058],[-79.371466,43.770101],[-79.371224,43.770144],[-79.370983,43.770187],[-79.370742,43.77023],[-79.370501,43.770273],[-79.370259,43.770316],[-79.370018,43.770359],[-79.369777,43.770401],[-79.369536,43.770444],[-79.369295,43.770487],[-79.369053,43.77053],[-79.368812,43.770573],[-79.368571,43.770616],[-79.36833,43.770659],[-79.368088,43.770702],[-79.367847,43.770745],[-79.367606,43.770788],[-79.367367,43.770831],[-79.367127,43.770874],[-79.366887,43.770916],[-79.366647,43.770959],[-79.366618,43.770964],[-79.366505,43.770984],[-79.366415,43.770998],[-79.366172,43.771035],[-79.36593,43.771072],[-79.365799,43.771092],[-79.365687,43.771109],[-79.365444,43.771146],[-79.365201,43.771183],[-79.364958,43.77122],[-79.36479,43.771246],[-79.364717,43.771257],[-79.364473,43.771292],[-79.36423,43.771328],[-79.363987,43.771363],[-79.363942,43.77137],[-79.36374,43.771403],[-79.363498,43.771444],[-79.363257,43.771484],[-79.363014,43.771525],[-79.363007,43.771526],[-79.362767,43.771573],[-79.362743,43.771577],[-79.362521,43.771628],[-79.362284,43.771682],[-79.362049,43.771735],[-79.361813,43.771789],[-79.361577,43.771843],[-79.36134,43.771896],[-79.361104,43.77195],[-79.360866,43.772004],[-79.360629,43.772058],[-79.360392,43.772112],[-79.360154,43.772166],[-79.359917,43.77222],[-79.359679,43.772274],[-79.359442,43.772328],[-79.359205,43.772382],[-79.358967,43.772436],[-79.35873,43.77249],[-79.358493,43.772544],[-79.358255,43.772598],[-79.358018,43.772651],[-79.357781,43.772705],[-79.357543,43.772759],[-79.357306,43.772813],[-79.357069,43.772867],[-79.356831,43.772921],[-79.356594,43.772975],[-79.356357,43.773029],[-79.356119,43.773083],[-79.355882,43.773137],[-79.355644,43.773191],[-79.355407,43.773245],[-79.35517,43.773299],[-79.354932,43.773353],[-79.354695,43.773407],[-79.354458,43.773461],[-79.35422,43.773515],[-79.353983,43.773569],[-79.353745,43.773623],[-79.353508,43.773677],[-79.353271,43.773731],[-79.353033,43.773785],[-79.352796,43.773838],[-79.352559,43.773892],[-79.352321,43.773946],[-79.352084,43.774],[-79.351846,43.774054],[-79.351609,43.774108],[-79.351372,43.774162],[-79.351134,43.774216],[-79.350897,43.77427],[-79.35066,43.774324],[-79.350422,43.774378],[-79.350185,43.774432],[-79.349947,43.774486],[-79.34971,43.77454],[-79.349473,43.774594],[-79.349235,43.774648],[-79.348998,43.774702],[-79.348761,43.774756],[-79.348523,43.77481],[-79.348286,43.774864],[-79.348185,43.774887],[-79.348037,43.774904],[-79.347794,43.774932],[-79.347783,43.774933],[-79.34755,43.77496],[-79.347382,43.77498],[-79.347301,43.774998],[-79.347223,43.775016]]},"properties":{"line":"4","dir":"0","headsign":"Don Mills Station","mode":"tram","color":"#B300B3"}},{"type":"Feature","geometry":{"type":"LineString","coordinates":[[-79.347223,43.775016],[-79.347382,43.77498],[-79.34747,43.774969],[-79.347714,43.774941],[-79.347783,43.774933],[-79.347957,43.774913],[-79.348185,43.774887],[-79.348208,43.774881],[-79.348445,43.774827],[-79.348682,43.774773],[-79.34892,43.774719],[-79.349157,43.774666],[-79.349395,43.774612],[-79.349632,43.774558],[-79.349869,43.774504],[-79.350107,43.77445],[-79.350344,43.774396],[-79.350581,43.774342],[-79.350819,43.774288],[-79.351056,43.774234],[-79.351294,43.77418],[-79.351531,43.774126],[-79.351768,43.774072],[-79.352006,43.774018],[-79.352243,43.773964],[-79.35248,43.77391],[-79.352718,43.773856],[-79.352955,43.773802],[-79.353193,43.773748],[-79.35343,43.773694],[-79.353667,43.77364],[-79.353905,43.773586],[-79.354142,43.773532],[-79.354379,43.773479],[-79.354617,43.773425],[-79.354854,43.773371],[-79.355092,43.773317],[-79.355329,43.773263],[-79.355566,43.773209],[-79.355804,43.773155],[-79.356041,43.773101],[-79.356278,43.773047],[-79.356516,43.772993],[-79.356753,43.772939],[-79.35699,43.772885],[-79.357228,43.772831],[-79.357465,43.772777],[-79.357703,43.772723],[-79.35794,43.772669],[-79.358177,43.772615],[-79.358415,43.772561],[-79.358652,43.772507],[-79.358889,43.772453],[-79.359127,43.7724],[-79.359364,43.772346],[-79.359601,43.772292],[-79.359839,43.772238],[-79.360076,43.772184],[-79.360313,43.77213],[-79.360551,43.772076],[-79.360788,43.772022],[-79.361025,43.771968],[-79.361263,43.771914],[-79.361499,43.77186],[-79.361736,43.771806],[-79.361972,43.771753],[-79.362207,43.771699],[-79.362443,43.771646],[-79.36268,43.771592],[-79.362743,43.771577],[-79.362928,43.771541],[-79.363014,43.771525],[-79.363177,43.771497],[-79.363419,43.771457],[-79.36366,43.771417],[-79.363903,43.771376],[-79.363942,43.77137],[-79.36415,43.771339],[-79.364393,43.771304],[-79.364637,43.771268],[-79.36479,43.771246],[-79.364879,43.771232],[-79.365121,43.771195],[-79.365364,43.771158],[-79.365607,43.771121],[-79.365799,43.771092],[-79.36585,43.771084],[-79.366093,43.771047],[-79.366335,43.77101],[-79.366505,43.770984],[-79.366568,43.770973],[-79.366618,43.770964],[-79.366808,43.77093],[-79.367048,43.770888],[-79.367288,43.770845],[-79.367527,43.770802],[-79.367768,43.770759],[-79.368009,43.770716],[-79.36825,43.770673],[-79.368492,43.77063],[-79.368733,43.770587],[-79.368974,43.770545],[-79.369215,43.770502],[-79.369456,43.770459],[-79.369698,43.770416],[-79.369939,43.770373],[-79.37018,43.77033],[-79.370421,43.770287],[-79.370663,43.770244],[-79.370904,43.770201],[-79.371145,43.770158],[-79.371386,43.770115],[-79.371627,43.770072],[-79.371868,43.770029],[-79.37211,43.769986],[-79.372351,43.769943],[-79.372592,43.7699],[-79.372833,43.769857],[-79.373074,43.769814],[-79.373316,43.769771],[-79.373557,43.769728],[-79.373798,43.769685],[-79.37404,43.769642],[-79.374281,43.769599],[-79.374523,43.769556],[-79.374764,43.769513],[-79.375005,43.76947],[-79.375247,43.769427],[-79.375488,43.769384],[-79.375724,43.769342],[-79.375729,43.769341],[-79.375969,43.769295],[-79.37621,43.769249],[-79.37645,43.769203],[-79.376622,43.76917],[-79.376691,43.769157],[-79.376931,43.769111],[-79.377172,43.769065],[-79.377412,43.769019],[-79.37743,43.769016],[-79.377651,43.76897],[-79.377891,43.76892],[-79.37813,43.768871],[-79.378369,43.768821],[-79.378608,43.768771],[-79.378847,43.768721],[-79.379044,43.768681],[-79.379086,43.768672],[-79.379325,43.768621],[-79.379564,43.768571],[-79.379784,43.768524],[-79.379803,43.76852],[-79.380042,43.76847],[-79.380281,43.76842],[-79.38052,43.76837],[-79.380759,43.76832],[-79.380998,43.76827],[-79.381237,43.768221],[-79.381476,43.768171],[-79.381715,43.768121],[-79.381954,43.768071],[-79.382193,43.768021],[-79.382347,43.767989],[-79.382432,43.76797],[-79.382671,43.76792],[-79.38291,43.767869],[-79.383149,43.767818],[-79.383387,43.767768],[-79.383626,43.767717],[-79.383864,43.767666],[-79.384103,43.767616],[-79.384341,43.767565],[-79.38458,43.767514],[-79.384635,43.767503],[-79.384821,43.767443],[-79.385043,43.767373],[-79.385033,43.767374],[-79.385043,43.767373],[-79.385275,43.767346],[-79.385485,43.767322],[-79.385538,43.76731],[-79.385774,43.767254],[-79.386011,43.767198],[-79.38608,43.767181],[-79.386251,43.767133],[-79.386483,43.767068],[-79.386567,43.767044],[-79.386712,43.767007],[-79.386947,43.766948],[-79.387182,43.766888],[-79.387306,43.766857],[-79.387417,43.766828],[-79.387652,43.766769],[-79.387886,43.766709],[-79.388121,43.76665],[-79.388221,43.766624],[-79.388354,43.766594],[-79.388591,43.766539],[-79.388828,43.766485],[-79.389065,43.76643],[-79.389302,43.766376],[-79.38954,43.766321],[-79.389777,43.766267],[-79.390014,43.766212],[-79.390251,43.766158],[-79.390488,43.766103],[-79.390725,43.766049],[-79.390962,43.765994],[-79.391199,43.76594],[-79.391436,43.765885],[-79.391674,43.765831],[-79.391911,43.765777],[-79.392148,43.765722],[-79.392385,43.765668],[-79.392622,43.765613],[-79.392859,43.765559],[-79.393096,43.765504],[-79.393334,43.76545],[-79.393571,43.765395],[-79.393808,43.765341],[-79.394045,43.765286],[-79.394282,43.765232],[-79.394519,43.765177],[-79.394756,43.765123],[-79.394994,43.765068],[-79.395231,43.765014],[-79.395468,43.764959],[-79.395705,43.764905],[-79.395942,43.76485],[-79.396179,43.764796],[-79.396416,43.764741],[-79.396653,43.764687],[-79.396891,43.764632],[-79.397128,43.764578],[-79.397365,43.764523],[-79.397602,43.764469],[-79.397662,43.764455],[-79.397839,43.764414],[-79.398076,43.76436],[-79.398313,43.764305],[-79.398551,43.764251],[-79.398788,43.764196],[-79.399025,43.764142],[-79.399262,43.764087],[-79.399499,43.764033],[-79.399736,43.763978],[-79.399973,43.763924],[-79.400211,43.763869],[-79.400448,43.763815],[-79.400685,43.76376],[-79.400922,43.763706],[-79.401159,43.763651],[-79.401396,43.763597],[-79.401633,43.763542],[-79.40187,43.763488],[-79.402107,43.763433],[-79.402345,43.763379],[-79.402582,43.763324],[-79.402819,43.76327],[-79.403056,43.763215],[-79.403293,43.763161],[-79.40353,43.763106],[-79.403675,43.763073],[-79.403768,43.763052],[-79.404006,43.763],[-79.404153,43.762967],[-79.404244,43.762947],[-79.404483,43.762896],[-79.404721,43.762844],[-79.40496,43.762793],[-79.405198,43.762741],[-79.405436,43.76269],[-79.405675,43.762638],[-79.405913,43.762587],[-79.406152,43.762535],[-79.40639,43.762484],[-79.406628,43.762432],[-79.406867,43.762381],[-79.407105,43.762329],[-79.407344,43.762278],[-79.407582,43.762226],[-79.40782,43.762175],[-79.408059,43.762123],[-79.408297,43.762072],[-79.408536,43.76202],[-79.408758,43.761973],[-79.408774,43.761969],[-79.409013,43.761918],[-79.409251,43.761866],[-79.40949,43.761815],[-79.409498,43.761813],[-79.409728,43.761763],[-79.409806,43.761746]]},"properties":{"line":"4","dir":"1","headsign":"Sheppard-Yonge Station","mode":"tram","color":"#B300B3"}},{"type":"Feature","geometry":{"type":"LineString","coordinates":[[-79.48642,43.687844],[-79.486174,43.687897],[-79.486068,43.68792],[-79.485594,43.688023],[-79.485466,43.68805],[-79.48487,43.688177],[-79.484531,43.688247],[-79.48425,43.688308],[-79.483938,43.688375],[-79.483457,43.688483],[-79.482492,43.688696],[-79.482241,43.68875],[-79.482041,43.688789],[-79.481856,43.688822],[-79.481644,43.688854],[-79.481423,43.688884],[-79.481304,43.688898],[-79.481075,43.688921],[-79.480917,43.688938],[-79.480474,43.688981],[-79.479947,43.689039],[-79.47972,43.689083],[-79.479356,43.689146],[-79.478919,43.68923],[-79.478436,43.689328],[-79.477931,43.689434],[-79.477432,43.689542],[-79.476963,43.689644],[-79.476552,43.689736],[-79.476223,43.68981],[-79.476003,43.68986],[-79.475126,43.69006],[-79.474773,43.690141],[-79.474495,43.690204],[-79.468581,43.691594],[-79.466748,43.691972],[-79.465728,43.692192],[-79.465316,43.692281],[-79.464951,43.692359],[-79.463169,43.692751],[-79.4503,43.695648],[-79.450015,43.695712],[-79.449662,43.695791],[-79.44327,43.697154],[-79.442772,43.69726],[-79.43607,43.698759],[-79.43591,43.698793],[-79.435907,43.698794],[-79.434741,43.699046],[-79.434174,43.699169],[-79.433831,43.699242],[-79.425742,43.700957],[-79.425589,43.700989],[-79.425146,43.701082],[-79.424828,43.701143],[-79.417409,43.702731],[-79.416758,43.702871],[-79.408565,43.704625],[-79.408238,43.704693],[-79.407481,43.704849],[-79.405266,43.705307],[-79.398528,43.7067],[-79.398342,43.706739],[-79.398155,43.706778],[-79.396719,43.707071],[-79.395821,43.707255],[-79.390159,43.708413],[-79.390032,43.708439],[-79.389968,43.708452],[-79.385293,43.709402],[-79.384235,43.709614],[-79.378353,43.710813],[-79.377736,43.710941],[-79.377239,43.711048],[-79.37714,43.711069],[-79.366952,43.713107],[-79.36639,43.713223],[-79.365495,43.713407],[-79.364823,43.713546],[-79.364566,43.713599],[-79.363527,43.713813],[-79.362696,43.713984],[-79.361322,43.714267],[-79.360127,43.714513],[-79.357475,43.71506],[-79.355118,43.715506],[-79.354917,43.715556],[-79.354711,43.715611],[-79.354506,43.715666],[-79.354314,43.715719],[-79.35418,43.715757],[-79.354028,43.715801],[-79.353913,43.715835],[-79.353779,43.715872],[-79.353231,43.716029],[-79.352028,43.716366],[-79.351713,43.716454],[-79.351306,43.716573],[-79.350722,43.716764],[-79.35014,43.716955],[-79.350084,43.716974],[-79.349911,43.717033],[-79.34971,43.717091],[-79.349669,43.717105],[-79.349008,43.717316],[-79.348971,43.717327],[-79.348469,43.717485],[-79.348254,43.717552],[-79.348084,43.717606],[-79.34784,43.717682],[-79.347685,43.71773],[-79.347597,43.717758],[-79.347195,43.717883],[-79.346222,43.718188],[-79.345473,43.718418],[-79.345275,43.718482],[-79.344874,43.718607],[-79.343544,43.719025],[-79.343003,43.719196],[-79.342465,43.719365],[-79.341435,43.719692],[-79.340183,43.720049],[-79.338956,43.720435],[-79.338886,43.720457],[-79.335565,43.721493],[-79.334638,43.721784],[-79.334288,43.721891],[-79.332719,43.722376],[-79.332212,43.722533],[-79.332129,43.722558],[-79.332085,43.722572],[-79.332022,43.72259],[-79.331854,43.722642],[-79.331678,43.722696],[-79.330537,43.72303],[-79.329804,43.723235],[-79.328909,43.723469],[-79.328648,43.723535],[-79.328522,43.723567],[-79.328462,43.723582],[-79.328414,43.723595],[-79.327301,43.723881],[-79.326702,43.724035],[-79.326162,43.724174],[-79.32601,43.724213],[-79.325577,43.724324],[-79.324936,43.724491],[-79.323985,43.724744],[-79.3232,43.72494],[-79.323036,43.724982],[-79.321397,43.725407],[-79.320702,43.725586],[-79.320237,43.725707],[-79.319949,43.725781],[-79.319699,43.725843],[-79.319543,43.725879],[-79.319312,43.725929],[-79.31904,43.725983],[-79.318774,43.72603],[-79.318493,43.726086],[-79.318456,43.726091],[-79.318299,43.726114],[-79.318266,43.726118],[-79.318108,43.726132],[-79.31784,43.726164],[-79.317532,43.726194],[-79.317302,43.726214],[-79.31708,43.726228],[-79.316868,43.726239],[-79.316588,43.726251],[-79.316254,43.726257],[-79.315969,43.726257],[-79.315751,43.726254],[-79.315534,43.726245],[-79.315317,43.726233],[-79.315079,43.726215],[-79.314829,43.726192],[-79.314621,43.726167],[-79.314401,43.726137],[-79.313999,43.726077],[-79.313754,43.726038],[-79.313509,43.726],[-79.313323,43.725972],[-79.312578,43.725858],[-79.312018,43.725773],[-79.311404,43.725679],[-79.30881,43.725281],[-79.306967,43.725018],[-79.30663,43.72497],[-79.306005,43.724879],[-79.304998,43.724732],[-79.304772,43.724706],[-79.304506,43.72468],[-79.304198,43.72466],[-79.303891,43.724649],[-79.303689,43.724647],[-79.303485,43.724648],[-79.303246,43.724656],[-79.303003,43.72467],[-79.302963,43.724674],[-79.302766,43.724689],[-79.302583,43.724707],[-79.302421,43.724724],[-79.301651,43.724812],[-79.301084,43.724876],[-79.300968,43.724888],[-79.300755,43.72491],[-79.30059,43.724932],[-79.300437,43.724956],[-79.300292,43.724979],[-79.300146,43.725004],[-79.300009,43.725032],[-79.299869,43.725063],[-79.299725,43.725094],[-79.299568,43.725132],[-79.299397,43.725177],[-79.299014,43.725278],[-79.298814,43.725331],[-79.298712,43.725356],[-79.29859,43.725386],[-79.298367,43.72544],[-79.298259,43.725465],[-79.29816,43.725488],[-79.298018,43.72552],[-79.297777,43.725573],[-79.297609,43.72561],[-79.29748,43.725638],[-79.297304,43.725678],[-79.296607,43.725833],[-79.296052,43.725958],[-79.295547,43.726069],[-79.294637,43.726271],[-79.29444,43.726314],[-79.292469,43.726758],[-79.291805,43.726908],[-79.29155,43.726965],[-79.291335,43.727013],[-79.290056,43.727299],[-79.288556,43.727634],[-79.287878,43.727785],[-79.287723,43.72782],[-79.287612,43.727844],[-79.287573,43.727853],[-79.287352,43.727902],[-79.2861,43.728182],[-79.284367,43.72857],[-79.282433,43.728993],[-79.280883,43.729327],[-79.280707,43.729366],[-79.280567,43.729396],[-79.280169,43.729482],[-79.279293,43.72967],[-79.278117,43.729923],[-79.277951,43.729959],[-79.277817,43.729988],[-79.277686,43.730016],[-79.277639,43.730027],[-79.276937,43.730177],[-79.276377,43.730297],[-79.275766,43.730444],[-79.275417,43.730522],[-79.274031,43.730831],[-79.273996,43.730839],[-79.2739,43.730862],[-79.273781,43.73089],[-79.272183,43.73127],[-79.271635,43.7314],[-79.271523,43.731426],[-79.271398,43.731456],[-79.271224,43.731497],[-79.271132,43.731519],[-79.268791,43.732074],[-79.26827,43.732192],[-79.267755,43.732282],[-79.267387,43.732339],[-79.266894,43.732416],[-79.266608,43.732461],[-79.265708,43.732604],[-79.265675,43.732609],[-79.264482,43.732798]]},"properties":{"line":"5","dir":"0","headsign":"Kennedy Station","mode":"tram","color":"#FF8000"}},{"type":"Feature","geometry":{"type":"LineString","coordinates":[[-79.264482,43.732798],[-79.265675,43.732609],[-79.265708,43.732604],[-79.266608,43.732461],[-79.266894,43.732416],[-79.267387,43.732339],[-79.267755,43.732282],[-79.26827,43.732192],[-79.268791,43.732074],[-79.271132,43.731519],[-79.271224,43.731497],[-79.271398,43.731456],[-79.271523,43.731426],[-79.271635,43.7314],[-79.272183,43.73127],[-79.273781,43.73089],[-79.2739,43.730862],[-79.273996,43.730839],[-79.274031,43.730831],[-79.275417,43.730522],[-79.275766,43.730444],[-79.276377,43.730297],[-79.276937,43.730177],[-79.277639,43.730027],[-79.277686,43.730016],[-79.277817,43.729988],[-79.277951,43.729959],[-79.278117,43.729923],[-79.279293,43.72967],[-79.280169,43.729482],[-79.280567,43.729396],[-79.280707,43.729366],[-79.280883,43.729327],[-79.282433,43.728993],[-79.284367,43.72857],[-79.2861,43.728182],[-79.287352,43.727902],[-79.287573,43.727853],[-79.287612,43.727844],[-79.287723,43.72782],[-79.287878,43.727785],[-79.288556,43.727634],[-79.290056,43.727299],[-79.291335,43.727013],[-79.29155,43.726965],[-79.291805,43.726908],[-79.292469,43.726758],[-79.29444,43.726314],[-79.294637,43.726271],[-79.295547,43.726069],[-79.296052,43.725958],[-79.296607,43.725833],[-79.297304,43.725678],[-79.29748,43.725638],[-79.297609,43.72561],[-79.297777,43.725573],[-79.298018,43.72552],[-79.29816,43.725488],[-79.298259,43.725465],[-79.298367,43.72544],[-79.29859,43.725386],[-79.298712,43.725356],[-79.298814,43.725331],[-79.299014,43.725278],[-79.299397,43.725177],[-79.299568,43.725132],[-79.299725,43.725094],[-79.299869,43.725063],[-79.300009,43.725032],[-79.300146,43.725004],[-79.300292,43.724979],[-79.300437,43.724956],[-79.30059,43.724932],[-79.300755,43.72491],[-79.300968,43.724888],[-79.301084,43.724876],[-79.301651,43.724812],[-79.302421,43.724724],[-79.302583,43.724707],[-79.302766,43.724689],[-79.302963,43.724674],[-79.303003,43.72467],[-79.303246,43.724656],[-79.303485,43.724648],[-79.303689,43.724647],[-79.303891,43.724649],[-79.304198,43.72466],[-79.304506,43.72468],[-79.304772,43.724706],[-79.304998,43.724732],[-79.306005,43.724879],[-79.30663,43.72497],[-79.306967,43.725018],[-79.30881,43.725281],[-79.311404,43.725679],[-79.312018,43.725773],[-79.312578,43.725858],[-79.313323,43.725972],[-79.313509,43.726],[-79.313754,43.726038],[-79.313999,43.726077],[-79.314401,43.726137],[-79.314621,43.726167],[-79.314829,43.726192],[-79.315079,43.726215],[-79.315317,43.726233],[-79.315534,43.726245],[-79.315751,43.726254],[-79.315969,43.726257],[-79.316254,43.726257],[-79.316588,43.726251],[-79.316868,43.726239],[-79.31708,43.726228],[-79.317302,43.726214],[-79.317532,43.726194],[-79.31784,43.726164],[-79.318108,43.726132],[-79.318266,43.726118],[-79.318299,43.726114],[-79.318456,43.726091],[-79.318493,43.726086],[-79.318774,43.72603],[-79.31904,43.725983],[-79.319312,43.725929],[-79.319543,43.725879],[-79.319699,43.725843],[-79.319949,43.725781],[-79.320237,43.725707],[-79.320702,43.725586],[-79.321397,43.725407],[-79.323036,43.724982],[-79.3232,43.72494],[-79.323985,43.724744],[-79.324936,43.724491],[-79.325577,43.724324],[-79.32601,43.724213],[-79.326162,43.724174],[-79.326702,43.724035],[-79.327301,43.723881],[-79.328414,43.723595],[-79.328462,43.723582],[-79.328522,43.723567],[-79.328648,43.723535],[-79.328909,43.723469],[-79.329804,43.723235],[-79.330537,43.72303],[-79.331678,43.722696],[-79.331854,43.722642],[-79.332022,43.72259],[-79.332085,43.722572],[-79.332129,43.722558],[-79.332212,43.722533],[-79.332719,43.722376],[-79.334288,43.721891],[-79.334638,43.721784],[-79.335565,43.721493],[-79.338886,43.720457],[-79.338956,43.720435],[-79.340183,43.720049],[-79.341435,43.719692],[-79.342465,43.719365],[-79.343003,43.719196],[-79.343544,43.719025],[-79.344874,43.718607],[-79.345275,43.718482],[-79.345473,43.718418],[-79.346222,43.718188],[-79.347195,43.717883],[-79.347597,43.717758],[-79.347685,43.71773],[-79.34784,43.717682],[-79.348084,43.717606],[-79.348254,43.717552],[-79.348469,43.717485],[-79.348971,43.717327],[-79.349008,43.717316],[-79.349669,43.717105],[-79.34971,43.717091],[-79.349911,43.717033],[-79.350084,43.716974],[-79.35014,43.716955],[-79.350722,43.716764],[-79.351306,43.716573],[-79.351713,43.716454],[-79.352028,43.716366],[-79.353231,43.716029],[-79.353779,43.715872],[-79.353913,43.715835],[-79.354028,43.715801],[-79.35418,43.715757],[-79.354314,43.715719],[-79.354506,43.715666],[-79.354711,43.715611],[-79.354917,43.715556],[-79.355118,43.715506],[-79.357475,43.71506],[-79.360127,43.714513],[-79.361322,43.714267],[-79.362696,43.713984],[-79.363527,43.713813],[-79.364566,43.713599],[-79.364823,43.713546],[-79.365495,43.713407],[-79.36639,43.713223],[-79.366952,43.713107],[-79.37714,43.711069],[-79.377239,43.711048],[-79.377736,43.710941],[-79.378353,43.710813],[-79.384235,43.709614],[-79.385293,43.709402],[-79.389968,43.708452],[-79.390032,43.708439],[-79.390159,43.708413],[-79.395821,43.707255],[-79.396719,43.707071],[-79.398155,43.706778],[-79.398342,43.706739],[-79.398528,43.7067],[-79.405266,43.705307],[-79.407481,43.704849],[-79.408238,43.704693],[-79.408565,43.704625],[-79.416758,43.702871],[-79.417409,43.702731],[-79.424828,43.701143],[-79.425146,43.701082],[-79.425589,43.700989],[-79.425742,43.700957],[-79.433831,43.699242],[-79.434174,43.699169],[-79.434741,43.699046],[-79.435907,43.698794],[-79.43591,43.698793],[-79.43607,43.698759],[-79.442772,43.69726],[-79.44327,43.697154],[-79.449662,43.695791],[-79.450015,43.695712],[-79.4503,43.695648],[-79.463169,43.692751],[-79.464951,43.692359],[-79.465316,43.692281],[-79.465728,43.692192],[-79.466748,43.691972],[-79.468581,43.691594],[-79.474495,43.690204],[-79.474773,43.690141],[-79.475126,43.69006],[-79.476003,43.68986],[-79.476223,43.68981],[-79.476552,43.689736],[-79.476963,43.689644],[-79.477432,43.689542],[-79.477931,43.689434],[-79.478436,43.689328],[-79.478919,43.68923],[-79.479356,43.689146],[-79.47972,43.689083],[-79.479947,43.689039],[-79.480474,43.688981],[-79.480917,43.688938],[-79.481075,43.688921],[-79.481304,43.688898],[-79.481423,43.688884],[-79.481644,43.688854],[-79.481856,43.688822],[-79.482041,43.688789],[-79.482241,43.68875],[-79.482492,43.688696],[-79.483457,43.688483],[-79.483938,43.688375],[-79.48425,43.688308],[-79.484531,43.688247],[-79.48487,43.688177],[-79.485466,43.68805],[-79.485594,43.688023],[-79.486068,43.68792],[-79.486174,43.687897],[-79.48642,43.687844]]},"properties":{"line":"5","dir":"1","headsign":"Mount Dennis Station","mode":"tram","color":"#FF8000"}},{"type":"Feature","geometry":{"type":"LineString","coordinates":[[-79.601457,43.729915],[-79.601516,43.730048],[-79.601533,43.730086],[-79.601608,43.730258],[-79.601683,43.730429],[-79.601692,43.730451],[-79.601758,43.7306],[-79.601825,43.730741],[-79.602062,43.731206],[-79.602477,43.732107],[-79.602539,43.732239],[-79.602928,43.733109],[-79.603064,43.733416],[-79.603082,43.733458],[-79.603156,43.73363],[-79.603229,43.733802],[-79.603232,43.73381],[-79.603241,43.733864],[-79.603228,43.733933],[-79.603211,43.733976],[-79.603191,43.734022],[-79.603175,43.734055],[-79.603145,43.734093],[-79.603104,43.734127],[-79.60305,43.734155],[-79.602971,43.734187],[-79.602926,43.734198],[-79.6029,43.734205],[-79.602858,43.734216],[-79.602793,43.734231],[-79.602664,43.734261],[-79.602427,43.734316],[-79.60219,43.734371],[-79.601953,43.734426],[-79.601716,43.734481],[-79.601479,43.734535],[-79.601253,43.734588],[-79.601242,43.73459],[-79.601144,43.734613],[-79.601005,43.734646],[-79.600978,43.734652],[-79.600792,43.734697],[-79.600769,43.734702],[-79.600532,43.734757],[-79.600505,43.734763],[-79.600295,43.734812],[-79.600059,43.734868],[-79.600057,43.734868],[-79.599822,43.734923],[-79.599585,43.734979],[-79.599544,43.734989],[-79.599348,43.735034],[-79.599259,43.735054],[-79.599109,43.735086],[-79.59892,43.735126],[-79.59887,43.735136],[-79.59863,43.735183],[-79.59839,43.735231],[-79.598381,43.735232],[-79.59815,43.735278],[-79.59799,43.735309],[-79.59791,43.735326],[-79.597672,43.735378],[-79.597598,43.735394],[-79.597434,43.735432],[-79.597197,43.735487],[-79.596961,43.735542],[-79.596724,43.735598],[-79.596487,43.735653],[-79.59625,43.735708],[-79.596013,43.735763],[-79.595776,43.735819],[-79.59554,43.735874],[-79.595303,43.735929],[-79.595066,43.735984],[-79.595062,43.735985],[-79.594896,43.736023],[-79.594828,43.736038],[-79.594737,43.736058],[-79.594591,43.736091],[-79.594353,43.736144],[-79.594115,43.736197],[-79.593878,43.736251],[-79.59364,43.736304],[-79.593402,43.736357],[-79.593165,43.73641],[-79.592927,43.736464],[-79.592689,43.736517],[-79.592629,43.73653],[-79.592452,43.736571],[-79.592215,43.736626],[-79.592018,43.736672],[-79.591978,43.736682],[-79.59182,43.736719],[-79.591741,43.736737],[-79.591701,43.736747],[-79.591566,43.736779],[-79.591505,43.736793],[-79.591447,43.736807],[-79.591269,43.736849],[-79.591149,43.736876],[-79.591031,43.736909],[-79.590964,43.736927],[-79.590846,43.736965],[-79.590799,43.736982],[-79.59074,43.737004],[-79.590639,43.737047],[-79.59058,43.737074],[-79.590551,43.737087],[-79.590463,43.737138],[-79.590386,43.737189],[-79.590367,43.737201],[-79.590274,43.737275],[-79.590222,43.737327],[-79.590189,43.737359],[-79.590119,43.737448],[-79.590095,43.737482],[-79.590081,43.737502],[-79.590044,43.737566],[-79.590008,43.73764],[-79.590004,43.737653],[-79.589975,43.737748],[-79.589958,43.737832],[-79.589945,43.737897],[-79.589934,43.738004],[-79.589933,43.738014],[-79.589921,43.738119],[-79.589913,43.738193],[-79.589904,43.738279],[-79.589904,43.738338],[-79.58991,43.73838],[-79.589912,43.738394],[-79.589923,43.73848],[-79.589925,43.738558],[-79.589925,43.738555],[-79.589925,43.738558],[-79.589906,43.738734],[-79.589887,43.738913],[-79.589881,43.738967],[-79.589867,43.739093],[-79.589848,43.739272],[-79.589828,43.739451],[-79.589817,43.739554],[-79.589808,43.73963],[-79.589803,43.739672],[-79.589781,43.739792],[-79.589775,43.739811],[-79.589736,43.739953],[-79.589723,43.739988],[-79.589694,43.740063],[-79.589653,43.74016],[-79.589626,43.740222],[-79.58958,43.740332],[-79.589551,43.740401],[-79.589506,43.740504],[-79.589431,43.740675],[-79.589359,43.740841],[-79.589356,43.740847],[-79.589303,43.74097],[-79.589282,43.741019],[-79.589263,43.741063],[-79.589213,43.741179],[-79.589208,43.74119],[-79.589165,43.74129],[-79.589134,43.741362],[-79.58906,43.741534],[-79.588986,43.741705],[-79.588922,43.741855],[-79.588912,43.741877],[-79.588839,43.742049],[-79.588826,43.742078],[-79.588757,43.74222],[-79.588739,43.742257],[-79.588665,43.742383],[-79.588658,43.742393],[-79.588564,43.742513],[-79.588525,43.742552],[-79.588438,43.742641],[-79.588368,43.742699],[-79.58833,43.742731],[-79.588223,43.742808],[-79.588177,43.742834],[-79.588072,43.742892],[-79.587983,43.742939],[-79.587969,43.742945],[-79.587891,43.742979],[-79.587786,43.74302],[-79.587746,43.743034],[-79.587677,43.743059],[-79.587563,43.743091],[-79.587507,43.743104],[-79.587448,43.743118],[-79.587268,43.743155],[-79.587168,43.743176],[-79.587027,43.743203],[-79.586894,43.743228],[-79.586787,43.743249],[-79.586547,43.743296],[-79.586307,43.743344],[-79.586067,43.743391],[-79.586013,43.743402],[-79.585967,43.743411],[-79.585855,43.743432],[-79.585826,43.743435],[-79.58575,43.743445],[-79.585675,43.743454],[-79.585579,43.743462],[-79.585547,43.743464],[-79.585513,43.743467],[-79.585389,43.743471],[-79.585328,43.74347],[-79.585264,43.74347],[-79.585081,43.74346],[-79.585078,43.74346],[-79.584897,43.743444],[-79.584831,43.743433],[-79.584741,43.743418],[-79.584589,43.743391],[-79.584348,43.743347],[-79.584219,43.743324],[-79.584107,43.743303],[-79.583974,43.74328],[-79.583863,43.743265],[-79.583663,43.743238],[-79.583618,43.743234],[-79.583514,43.743225],[-79.583371,43.743215],[-79.583338,43.743213],[-79.583183,43.743209],[-79.583123,43.74321],[-79.582902,43.743212],[-79.582875,43.743213],[-79.582627,43.743226],[-79.582624,43.743226],[-79.582407,43.743249],[-79.582385,43.743252],[-79.582355,43.743257],[-79.582177,43.743284],[-79.582142,43.74329],[-79.582033,43.743307],[-79.581899,43.743327],[-79.581875,43.743331],[-79.581841,43.743336],[-79.581763,43.74335],[-79.581682,43.743362],[-79.581655,43.743365],[-79.581411,43.743401],[-79.581167,43.743436],[-79.581053,43.743453],[-79.580923,43.743471],[-79.58088,43.743477],[-79.580679,43.743507],[-79.580435,43.743543],[-79.580433,43.743543],[-79.580189,43.743574],[-79.579971,43.743601],[-79.579946,43.743605],[-79.579737,43.743638],[-79.579705,43.743644],[-79.579465,43.743691],[-79.57943,43.743698],[-79.579229,43.743742],[-79.578991,43.743796],[-79.578895,43.743817],[-79.578754,43.74385],[-79.578517,43.743905],[-79.57842,43.743927],[-79.577853,43.744059],[-79.57769,43.744096],[-79.576933,43.744279],[-79.573852,43.745014],[-79.573478,43.745099],[-79.573241,43.745153],[-79.573068,43.745192],[-79.573003,43.745206],[-79.572764,43.745256],[-79.572525,43.745306],[-79.572305,43.745352],[-79.572286,43.745356],[-79.572048,43.745407],[-79.571809,43.745458],[-79.571571,43.745509],[-79.571333,43.745559],[-79.571309,43.745564],[-79.571094,43.745612],[-79.570857,43.745665],[-79.570811,43.745676],[-79.570619,43.745722],[-79.570383,43.74578],[-79.570303,43.745799],[-79.570147,43.745839],[-79.569912,43.745899],[-79.569853,43.745915],[-79.569678,43.745959],[-79.569443,43.746018],[-79.569208,43.746077],[-79.569125,43.746098],[-79.568973,43.746136],[-79.568828,43.746173],[-79.568738,43.746195],[-79.568685,43.746208],[-79.568503,43.746254],[-79.568485,43.746259],[-79.568288,43.74631],[-79.568269,43.746315],[-79.568035,43.746375],[-79.567965,43.746393],[-79.567802,43.746435],[-79.567568,43.746495],[-79.567333,43.746555],[-79.567309,43.746561],[-79.5671,43.746617],[-79.567044,43.746632],[-79.566867,43.746678],[-79.566633,43.746739],[-79.56661,43.746745],[-79.566398,43.746798],[-79.566188,43.74685],[-79.566163,43.746857],[-79.56593,43.746919],[-79.565706,43.74698],[-79.565698,43.746982],[-79.565468,43.74705],[-79.565349,43.747086],[-79.565238,43.747119],[-79.565009,43.747189],[-79.56487,43.747232],[-79.56478,43.747259],[-79.564601,43.747312],[-79.56456,43.747324],[-79.564548,43.747327],[-79.564414,43.747365],[-79.564317,43.747393],[-79.564266,43.747407],[-79.564172,43.747433],[-79.56408,43.747455],[-79.56391,43.747497],[-79.563841,43.747512],[-79.563603,43.747565],[-79.563365,43.747618],[-79.56327,43.747639],[-79.563127,43.74767],[-79.562888,43.747722],[-79.562654,43.747774],[-79.56265,43.747774],[-79.562514,43.747804],[-79.562412,43.747826],[-79.562387,43.747832],[-79.562357,43.747838],[-79.562204,43.747871],[-79.562071,43.7479],[-79.560705,43.748173],[-79.560287,43.748262],[-79.559385,43.748458],[-79.558796,43.748585],[-79.558557,43.748636],[-79.55833,43.748685],[-79.558318,43.748688],[-79.55808,43.748739],[-79.557841,43.74879],[-79.55779,43.748801],[-79.557648,43.748831],[-79.557643,43.748832],[-79.557467,43.74887],[-79.557215,43.748925],[-79.556602,43.749058],[-79.554556,43.749499],[-79.554362,43.749541],[-79.554277,43.749554],[-79.554112,43.74957],[-79.554009,43.74958],[-79.552496,43.749907],[-79.552317,43.749946],[-79.552299,43.74995],[-79.55209,43.749995],[-79.552078,43.749997],[-79.55184,43.750049],[-79.551602,43.750101],[-79.551368,43.750151],[-79.551363,43.750152],[-79.551124,43.750203],[-79.550886,43.750253],[-79.550647,43.750304],[-79.550408,43.750355],[-79.550169,43.750406],[-79.549931,43.750456],[-79.549692,43.750507],[-79.549453,43.750558],[-79.54929,43.750592],[-79.549253,43.7506],[-79.549214,43.750608],[-79.549134,43.750626],[-79.549073,43.750639],[-79.548991,43.750657],[-79.548976,43.75066],[-79.548737,43.750711],[-79.548499,43.750762],[-79.54826,43.750814],[-79.548022,43.750865],[-79.547823,43.750908],[-79.547783,43.750916],[-79.547544,43.750964],[-79.547304,43.751013],[-79.547064,43.751061],[-79.546825,43.751109],[-79.546658,43.751143],[-79.546585,43.751158],[-79.546346,43.751209],[-79.546228,43.751234],[-79.546107,43.751261],[-79.54587,43.751315],[-79.545633,43.751369],[-79.545396,43.751423],[-79.545159,43.751477],[-79.545014,43.75151],[-79.544922,43.75153],[-79.544684,43.751583],[-79.544446,43.751635],[-79.544347,43.751657],[-79.544208,43.751683],[-79.543967,43.751728],[-79.543726,43.751773],[-79.543485,43.751818],[-79.543407,43.751832],[-79.543245,43.751863],[-79.543004,43.751908],[-79.542763,43.751953],[-79.542717,43.751961],[-79.54266,43.751973],[-79.542604,43.751983],[-79.542523,43.751998],[-79.542448,43.752012],[-79.542292,43.752041],[-79.542282,43.752042],[-79.542094,43.752076],[-79.542071,43.75208],[-79.542042,43.752086],[-79.541879,43.752115],[-79.541801,43.752129],[-79.541561,43.752174],[-79.54132,43.752219],[-79.541261,43.75223],[-79.541079,43.752263],[-79.540837,43.752307],[-79.540761,43.752322],[-79.540596,43.752352],[-79.540356,43.752397],[-79.540321,43.752404],[-79.540115,43.752443],[-79.539874,43.752489],[-79.539742,43.752514],[-79.539634,43.752537],[-79.539395,43.752588],[-79.539156,43.752638],[-79.538917,43.752689],[-79.538712,43.752732],[-79.538678,43.75274],[-79.538441,43.752793],[-79.538289,43.752827],[-79.538203,43.752847],[-79.537966,43.752902],[-79.537729,43.752957],[-79.537492,43.753013],[-79.537256,43.753068],[-79.537225,43.753075],[-79.537017,43.753119],[-79.536779,43.75317],[-79.53654,43.753222],[-79.536488,43.753233],[-79.536302,43.753275],[-79.536221,43.753293],[-79.536064,43.753325],[-79.535943,43.753351],[-79.535825,43.753376],[-79.535689,43.753405],[-79.535587,43.753426],[-79.535348,43.753477],[-79.535178,43.753514],[-79.535109,43.753528],[-79.53487,43.753577],[-79.53463,43.753626],[-79.534391,43.753675],[-79.534152,43.753724],[-79.533912,43.753773],[-79.533837,43.753788],[-79.533753,43.753808],[-79.533678,43.753832],[-79.533537,43.753878],[-79.533458,43.753901],[-79.533445,43.753903],[-79.533303,43.75393],[-79.533205,43.753948],[-79.532965,43.753995],[-79.532724,43.754041],[-79.532703,43.754045],[-79.532482,43.754082],[-79.532369,43.754101],[-79.532241,43.754127],[-79.532001,43.754174],[-79.53183,43.754209],[-79.531761,43.754223],[-79.531522,43.754273],[-79.531283,43.754323],[-79.531198,43.754341],[-79.531044,43.754375],[-79.531,43.754385],[-79.530807,43.754429],[-79.530569,43.754483],[-79.530332,43.754537],[-79.5303,43.754544],[-79.530095,43.754591],[-79.529897,43.754637],[-79.529857,43.754646],[-79.52962,43.754701],[-79.529383,43.754756],[-79.529146,43.75481],[-79.528909,43.754865],[-79.528673,43.75492],[-79.528571,43.754943],[-79.528435,43.754975],[-79.528198,43.755029],[-79.527961,43.755084],[-79.527724,43.755139],[-79.527487,43.755194],[-79.52725,43.755248],[-79.527081,43.755287],[-79.527014,43.755303],[-79.526777,43.755359],[-79.526541,43.755415],[-79.526304,43.755471],[-79.526067,43.755527],[-79.525831,43.755582],[-79.525594,43.755638],[-79.525358,43.755694],[-79.525283,43.755712],[-79.525121,43.75575],[-79.524885,43.755806],[-79.524648,43.755862],[-79.524497,43.755897],[-79.524411,43.755917],[-79.524267,43.755951],[-79.524175,43.755973],[-79.5241,43.755991],[-79.524003,43.756014],[-79.523939,43.756029],[-79.523702,43.756086],[-79.523466,43.756142],[-79.52323,43.756199],[-79.522994,43.756255],[-79.522757,43.756312],[-79.522521,43.756368],[-79.522285,43.756425],[-79.522049,43.756481],[-79.521813,43.756538],[-79.521577,43.756594],[-79.521341,43.756651],[-79.521166,43.756693],[-79.521102,43.756707],[-79.52089,43.756753],[-79.520864,43.756759],[-79.520849,43.756762],[-79.520679,43.756799],[-79.520626,43.756811],[-79.520512,43.756836],[-79.520388,43.756863],[-79.520383,43.756864],[-79.52024,43.756895],[-79.520149,43.756914],[-79.51991,43.756965],[-79.519701,43.757009],[-79.51967,43.757015],[-79.519534,43.757041],[-79.519426,43.757058],[-79.519374,43.757066],[-79.519184,43.757095],[-79.519177,43.757096],[-79.51894,43.757128],[-79.518932,43.757129],[-79.518712,43.757157],[-79.518696,43.757159],[-79.518451,43.757192],[-79.518207,43.757224],[-79.517965,43.757256],[-79.517962,43.757256],[-79.517784,43.757278],[-79.517719,43.757287],[-79.51762,43.757301],[-79.517473,43.757319],[-79.517418,43.757326],[-79.517288,43.757343],[-79.517227,43.75735],[-79.516981,43.757378],[-79.516736,43.757407],[-79.516569,43.757426],[-79.516493,43.757437],[-79.516251,43.75747],[-79.516008,43.757508],[-79.515965,43.757515],[-79.515769,43.757553],[-79.515666,43.757572],[-79.515532,43.757602],[-79.515294,43.757656],[-79.515206,43.757675],[-79.515056,43.757709],[-79.514865,43.757751],[-79.514818,43.757761],[-79.514581,43.757815],[-79.514368,43.757862],[-79.514343,43.757868],[-79.514105,43.757921],[-79.513868,43.757974],[-79.51363,43.758027],[-79.513582,43.758038],[-79.513449,43.758068],[-79.5134,43.758078],[-79.513221,43.758118],[-79.512445,43.758291],[-79.510991,43.75862],[-79.510764,43.758671],[-79.510686,43.758684],[-79.510583,43.758692],[-79.510477,43.758702],[-79.510399,43.758713],[-79.50955,43.758902],[-79.509313,43.758955],[-79.509075,43.759008],[-79.508998,43.759026],[-79.508837,43.759062],[-79.508599,43.759115],[-79.508362,43.759168],[-79.508124,43.759221],[-79.508064,43.759235],[-79.50792,43.759267],[-79.507886,43.759274],[-79.507775,43.759299],[-79.507648,43.759328],[-79.507411,43.75938],[-79.507173,43.759433],[-79.507006,43.75947],[-79.506935,43.759486],[-79.506697,43.759539],[-79.506459,43.759593],[-79.506222,43.759646],[-79.505984,43.759699],[-79.505746,43.759752],[-79.505509,43.759805],[-79.505271,43.759858],[-79.505033,43.759911],[-79.504795,43.759965],[-79.504558,43.760018],[-79.50432,43.760071],[-79.504082,43.760124],[-79.503844,43.760177],[-79.503607,43.76023],[-79.503475,43.76026],[-79.503369,43.760284],[-79.503131,43.760337],[-79.502894,43.760391],[-79.502656,43.760444],[-79.502419,43.760498],[-79.502181,43.760552],[-79.501944,43.760605],[-79.501706,43.760659],[-79.501516,43.760702],[-79.501469,43.760712],[-79.501231,43.760765],[-79.500993,43.760819],[-79.500755,43.760872],[-79.500518,43.760925],[-79.50028,43.760978],[-79.500228,43.76099],[-79.500056,43.761029],[-79.500042,43.761032],[-79.499938,43.761056],[-79.499805,43.761085],[-79.499781,43.76109],[-79.499567,43.761138],[-79.499329,43.761192],[-79.499092,43.761245],[-79.498951,43.761277],[-79.498854,43.761298],[-79.498616,43.761352],[-79.498379,43.761405],[-79.498141,43.761458],[-79.497903,43.761512],[-79.497666,43.761565],[-79.497428,43.761618],[-79.497357,43.761634],[-79.49719,43.761671],[-79.496952,43.761723],[-79.496714,43.761775],[-79.496476,43.761827],[-79.496238,43.76188],[-79.496,43.761932],[-79.495762,43.761984],[-79.495523,43.762036],[-79.495285,43.762089],[-79.495256,43.762095],[-79.495047,43.762141],[-79.494979,43.762156],[-79.494809,43.762192],[-79.494712,43.762213],[-79.494579,43.762243],[-79.49457,43.762245],[-79.494456,43.762276],[-79.494337,43.762311],[-79.494307,43.76232],[-79.494175,43.762363],[-79.494111,43.762388],[-79.494041,43.762415],[-79.493892,43.762474],[-79.49389,43.762475],[-79.493767,43.762526],[-79.493679,43.762567],[-79.493626,43.762591],[-79.49351,43.762644],[-79.493469,43.762663],[-79.49343,43.76268],[-79.493273,43.762776],[-79.493272,43.762777],[-79.493091,43.762833],[-79.493047,43.762853],[-79.492836,43.762947],[-79.492829,43.762951],[-79.492683,43.763014],[-79.492625,43.763037],[-79.492574,43.763057],[-79.492466,43.763094],[-79.49241,43.763108],[-79.492337,43.763127],[-79.492209,43.763155],[-79.492177,43.763163],[-79.491968,43.763211],[-79.49194,43.763217],[-79.491716,43.763268],[-79.491548,43.763306],[-79.4915,43.763317],[-79.491285,43.763368],[-79.491069,43.763418],[-79.490854,43.763469]]},"properties":{"line":"6","dir":"0","headsign":"Finch West Station","mode":"tram","color":"#808080"}},{"type":"Feature","geometry":{"type":"LineString","coordinates":[[-79.490828,43.763475],[-79.491044,43.763424],[-79.491259,43.763374],[-79.491474,43.763324],[-79.491548,43.763306],[-79.491691,43.763274],[-79.491912,43.763223],[-79.491968,43.763211],[-79.492149,43.763169],[-79.492209,43.763155],[-79.492337,43.763127],[-79.492382,43.763115],[-79.492466,43.763094],[-79.492574,43.763057],[-79.492599,43.763047],[-79.492683,43.763014],[-79.492812,43.762958],[-79.492829,43.762951],[-79.493022,43.762864],[-79.493091,43.762833],[-79.493249,43.762784],[-79.493272,43.762777],[-79.49343,43.76268],[-79.493444,43.762674],[-79.49351,43.762644],[-79.493626,43.762591],[-79.493653,43.762579],[-79.493767,43.762526],[-79.493866,43.762485],[-79.49389,43.762475],[-79.494041,43.762415],[-79.494085,43.762398],[-79.494175,43.762363],[-79.494307,43.76232],[-79.49431,43.762319],[-79.494456,43.762276],[-79.494542,43.762253],[-79.494579,43.762243],[-79.494712,43.762213],[-79.494781,43.762199],[-79.494979,43.762156],[-79.495019,43.762147],[-79.495256,43.762095],[-79.495257,43.762095],[-79.495495,43.762043],[-79.495733,43.76199],[-79.495971,43.761938],[-79.496209,43.761886],[-79.496447,43.761834],[-79.496686,43.761781],[-79.496924,43.761729],[-79.497162,43.761677],[-79.497357,43.761634],[-79.4974,43.761625],[-79.497637,43.761571],[-79.497875,43.761518],[-79.498113,43.761465],[-79.49835,43.761411],[-79.498588,43.761358],[-79.498826,43.761305],[-79.498951,43.761277],[-79.499063,43.761251],[-79.499301,43.761198],[-79.499539,43.761145],[-79.499776,43.761091],[-79.499781,43.76109],[-79.499938,43.761056],[-79.500014,43.761038],[-79.500056,43.761029],[-79.500228,43.76099],[-79.500252,43.760985],[-79.500489,43.760931],[-79.500727,43.760878],[-79.500965,43.760825],[-79.501202,43.760772],[-79.50144,43.760719],[-79.501516,43.760702],[-79.501678,43.760665],[-79.501915,43.760612],[-79.502153,43.760558],[-79.50239,43.760504],[-79.502628,43.760451],[-79.502865,43.760397],[-79.503103,43.760344],[-79.503341,43.76029],[-79.503475,43.76026],[-79.503578,43.760237],[-79.503816,43.760184],[-79.504054,43.76013],[-79.504291,43.760077],[-79.504529,43.760024],[-79.504767,43.759971],[-79.505005,43.759918],[-79.505242,43.759865],[-79.50548,43.759811],[-79.505718,43.759758],[-79.505956,43.759705],[-79.506193,43.759652],[-79.506431,43.759599],[-79.506669,43.759546],[-79.506907,43.759493],[-79.507006,43.75947],[-79.507144,43.75944],[-79.507382,43.759387],[-79.50762,43.759334],[-79.507775,43.759299],[-79.507858,43.759281],[-79.50792,43.759267],[-79.508064,43.759235],[-79.508096,43.759228],[-79.508333,43.759174],[-79.508571,43.759121],[-79.508809,43.759068],[-79.508998,43.759026],[-79.509046,43.759015],[-79.509284,43.758962],[-79.509522,43.758909],[-79.50955,43.758902],[-79.510399,43.758713],[-79.510477,43.758702],[-79.510583,43.758692],[-79.510686,43.758684],[-79.510764,43.758671],[-79.510991,43.75862],[-79.512445,43.758291],[-79.513221,43.758118],[-79.5134,43.758078],[-79.513449,43.758068],[-79.513582,43.758038],[-79.513686,43.758014],[-79.513924,43.757961],[-79.514162,43.757908],[-79.514368,43.757862],[-79.5144,43.757855],[-79.514637,43.757802],[-79.514865,43.757751],[-79.514875,43.757749],[-79.515113,43.757696],[-79.515206,43.757675],[-79.515351,43.757643],[-79.515588,43.75759],[-79.515666,43.757572],[-79.515826,43.757542],[-79.515965,43.757515],[-79.516066,43.757499],[-79.516251,43.75747],[-79.516307,43.757462],[-79.516551,43.757429],[-79.516569,43.757426],[-79.516794,43.7574],[-79.51704,43.757372],[-79.517285,43.757343],[-79.517288,43.757343],[-79.517418,43.757326],[-79.517531,43.757312],[-79.51762,43.757301],[-79.517777,43.757279],[-79.517784,43.757278],[-79.517965,43.757256],[-79.518021,43.757249],[-79.518265,43.757216],[-79.51851,43.757184],[-79.518712,43.757157],[-79.518754,43.757152],[-79.518932,43.757129],[-79.518998,43.75712],[-79.519177,43.757096],[-79.519241,43.757086],[-79.519374,43.757066],[-79.519484,43.757049],[-79.519534,43.757041],[-79.519701,43.757009],[-79.519728,43.757004],[-79.519967,43.756953],[-79.520205,43.756902],[-79.52024,43.756895],[-79.520383,43.756864],[-79.520444,43.75685],[-79.520512,43.756836],[-79.520679,43.756799],[-79.520682,43.756798],[-79.520849,43.756762],[-79.52089,43.756753],[-79.52092,43.756746],[-79.521159,43.756694],[-79.521166,43.756693],[-79.521397,43.756637],[-79.521633,43.756581],[-79.521869,43.756524],[-79.522105,43.756468],[-79.522341,43.756411],[-79.522577,43.756355],[-79.522814,43.756298],[-79.52305,43.756242],[-79.523286,43.756185],[-79.523522,43.756129],[-79.523759,43.756072],[-79.523995,43.756016],[-79.524003,43.756014],[-79.5241,43.755991],[-79.524231,43.75596],[-79.524267,43.755951],[-79.524468,43.755904],[-79.524497,43.755897],[-79.524704,43.755848],[-79.524941,43.755792],[-79.525178,43.755737],[-79.525283,43.755712],[-79.525414,43.755681],[-79.525651,43.755625],[-79.525887,43.755569],[-79.526124,43.755513],[-79.52636,43.755458],[-79.526597,43.755402],[-79.526833,43.755346],[-79.52707,43.75529],[-79.527081,43.755287],[-79.527307,43.755235],[-79.527544,43.755181],[-79.527781,43.755126],[-79.528018,43.755071],[-79.528255,43.755016],[-79.528492,43.754962],[-79.528571,43.754943],[-79.528729,43.754907],[-79.528966,43.754852],[-79.529203,43.754797],[-79.52944,43.754743],[-79.529677,43.754688],[-79.529897,43.754637],[-79.529914,43.754633],[-79.530151,43.754579],[-79.5303,43.754544],[-79.530388,43.754524],[-79.530626,43.75447],[-79.530863,43.754416],[-79.531,43.754385],[-79.531101,43.754363],[-79.531198,43.754341],[-79.53134,43.754311],[-79.531579,43.754261],[-79.531818,43.754211],[-79.53183,43.754209],[-79.532058,43.754163],[-79.532298,43.754115],[-79.532369,43.754101],[-79.53254,43.754072],[-79.532703,43.754045],[-79.532782,43.75403],[-79.533022,43.753984],[-79.533262,43.753937],[-79.533303,43.75393],[-79.533458,43.753901],[-79.533504,43.753887],[-79.533537,43.753878],[-79.533731,43.753815],[-79.533753,43.753808],[-79.533837,43.753788],[-79.533969,43.753761],[-79.534209,43.753712],[-79.534448,43.753663],[-79.534687,43.753614],[-79.534927,43.753565],[-79.535166,43.753516],[-79.535178,43.753514],[-79.535405,43.753465],[-79.535644,43.753414],[-79.535689,43.753405],[-79.535882,43.753364],[-79.535943,43.753351],[-79.536121,43.753314],[-79.536221,43.753293],[-79.536359,43.753262],[-79.536488,43.753233],[-79.536597,43.753209],[-79.536836,43.753158],[-79.537074,43.753107],[-79.537225,43.753075],[-79.537312,43.753054],[-79.537549,43.752999],[-79.537786,43.752944],[-79.538022,43.752889],[-79.538259,43.752834],[-79.538289,43.752827],[-79.538497,43.752781],[-79.538712,43.752732],[-79.538735,43.752727],[-79.538974,43.752677],[-79.539213,43.752626],[-79.539452,43.752576],[-79.539691,43.752525],[-79.539742,43.752514],[-79.539932,43.752478],[-79.540172,43.752432],[-79.540321,43.752404],[-79.540413,43.752387],[-79.540654,43.752342],[-79.540761,43.752322],[-79.540895,43.752297],[-79.541136,43.752253],[-79.541261,43.75223],[-79.541377,43.752208],[-79.541618,43.752163],[-79.541858,43.752119],[-79.541879,43.752115],[-79.542071,43.75208],[-79.542094,43.752076],[-79.542099,43.752075],[-79.542292,43.752041],[-79.542339,43.752032],[-79.542448,43.752012],[-79.54258,43.751988],[-79.542604,43.751983],[-79.54266,43.751973],[-79.542717,43.751961],[-79.54282,43.751942],[-79.543061,43.751897],[-79.543302,43.751852],[-79.543407,43.751832],[-79.543543,43.751807],[-79.543784,43.751762],[-79.544025,43.751717],[-79.544265,43.751672],[-79.544347,43.751657],[-79.544503,43.751623],[-79.544741,43.75157],[-79.544979,43.751518],[-79.545014,43.75151],[-79.545215,43.751464],[-79.545452,43.75141],[-79.545689,43.751356],[-79.545927,43.751302],[-79.546164,43.751248],[-79.546228,43.751234],[-79.546403,43.751197],[-79.546642,43.751146],[-79.546658,43.751143],[-79.546882,43.751098],[-79.547121,43.751049],[-79.547361,43.751001],[-79.547601,43.750953],[-79.547823,43.750908],[-79.54784,43.750904],[-79.548079,43.750853],[-79.548317,43.750802],[-79.548556,43.75075],[-79.548794,43.750699],[-79.548991,43.750657],[-79.549033,43.750648],[-79.549073,43.750639],[-79.549134,43.750626],[-79.549253,43.7506],[-79.549271,43.750596],[-79.54929,43.750592],[-79.54951,43.750546],[-79.549749,43.750495],[-79.549987,43.750444],[-79.550226,43.750393],[-79.550465,43.750343],[-79.550704,43.750292],[-79.550942,43.750241],[-79.551181,43.750191],[-79.551368,43.750151],[-79.55142,43.75014],[-79.551658,43.750088],[-79.551897,43.750037],[-79.55209,43.749995],[-79.552135,43.749985],[-79.552299,43.74995],[-79.552317,43.749946],[-79.552496,43.749907],[-79.554009,43.74958],[-79.554112,43.74957],[-79.554277,43.749554],[-79.554362,43.749541],[-79.554556,43.749499],[-79.556602,43.749058],[-79.557215,43.748925],[-79.557467,43.74887],[-79.557643,43.748832],[-79.557648,43.748831],[-79.55779,43.748801],[-79.557887,43.74878],[-79.558125,43.748729],[-79.55833,43.748685],[-79.558364,43.748678],[-79.558603,43.748627],[-79.558796,43.748585],[-79.559385,43.748458],[-79.560287,43.748262],[-79.560705,43.748173],[-79.562071,43.7479],[-79.562204,43.747871],[-79.562357,43.747838],[-79.562387,43.747832],[-79.562514,43.747804],[-79.562625,43.74778],[-79.562654,43.747774],[-79.562863,43.747728],[-79.563102,43.747675],[-79.56327,43.747639],[-79.56334,43.747623],[-79.563578,43.747571],[-79.563816,43.747518],[-79.56391,43.747497],[-79.564055,43.747461],[-79.564172,43.747433],[-79.564266,43.747407],[-79.564292,43.747399],[-79.564414,43.747365],[-79.564524,43.747334],[-79.56456,43.747324],[-79.564601,43.747312],[-79.564756,43.747266],[-79.56487,43.747232],[-79.564985,43.747197],[-79.565214,43.747127],[-79.565349,43.747086],[-79.565443,43.747058],[-79.565673,43.746989],[-79.565706,43.74698],[-79.565906,43.746926],[-79.566139,43.746863],[-79.566188,43.74685],[-79.566373,43.746804],[-79.566608,43.746745],[-79.56661,43.746745],[-79.566842,43.746684],[-79.567044,43.746632],[-79.567076,43.746623],[-79.567309,43.746561],[-79.567543,43.746501],[-79.567777,43.746441],[-79.567965,43.746393],[-79.568011,43.746381],[-79.568245,43.746322],[-79.568288,43.74631],[-79.568478,43.746261],[-79.568485,43.746259],[-79.568685,43.746208],[-79.568714,43.746201],[-79.568828,43.746173],[-79.568948,43.746143],[-79.569125,43.746098],[-79.569183,43.746083],[-79.569418,43.746024],[-79.569653,43.745965],[-79.569853,43.745915],[-79.569888,43.745906],[-79.570122,43.745846],[-79.570303,43.745799],[-79.570358,43.745786],[-79.570594,43.745728],[-79.570811,43.745676],[-79.570832,43.745671],[-79.571069,43.745618],[-79.571307,43.745565],[-79.571309,43.745564],[-79.571546,43.745514],[-79.571784,43.745463],[-79.572023,43.745412],[-79.572261,43.745361],[-79.572305,43.745352],[-79.5725,43.745311],[-79.572739,43.745261],[-79.572977,43.745211],[-79.573068,43.745192],[-79.573216,43.745159],[-79.573453,43.745104],[-79.573478,43.745099],[-79.573852,43.745014],[-79.576933,43.744279],[-79.57769,43.744096],[-79.577853,43.744059],[-79.57842,43.743927],[-79.578657,43.743872],[-79.578894,43.743817],[-79.578895,43.743817],[-79.579131,43.743764],[-79.579369,43.743711],[-79.57943,43.743698],[-79.579606,43.743663],[-79.579737,43.743638],[-79.579846,43.743621],[-79.579971,43.743601],[-79.580088,43.743586],[-79.580333,43.743555],[-79.580433,43.743543],[-79.580579,43.743522],[-79.580823,43.743486],[-79.58088,43.743477],[-79.581053,43.743453],[-79.581067,43.743451],[-79.581311,43.743415],[-79.581555,43.74338],[-79.581682,43.743362],[-79.581763,43.74335],[-79.5818,43.743343],[-79.581841,43.743336],[-79.581875,43.743331],[-79.582033,43.743307],[-79.582042,43.743305],[-79.582177,43.743284],[-79.582285,43.743267],[-79.582355,43.743257],[-79.582407,43.743249],[-79.582528,43.743236],[-79.582624,43.743226],[-79.582773,43.743219],[-79.582902,43.743212],[-79.583021,43.743211],[-79.583183,43.743209],[-79.583269,43.743211],[-79.583338,43.743213],[-79.583514,43.743225],[-79.583517,43.743225],[-79.583663,43.743238],[-79.583763,43.743251],[-79.583974,43.74328],[-79.584007,43.743285],[-79.584219,43.743324],[-79.584249,43.743329],[-79.58449,43.743373],[-79.584731,43.743416],[-79.584741,43.743418],[-79.584897,43.743444],[-79.584976,43.743451],[-79.585081,43.74346],[-79.585225,43.743468],[-79.585264,43.74347],[-79.585389,43.743471],[-79.585476,43.743468],[-79.585513,43.743467],[-79.585547,43.743464],[-79.585675,43.743454],[-79.585725,43.743448],[-79.58575,43.743445],[-79.585855,43.743432],[-79.585967,43.743411],[-79.585969,43.74341],[-79.586013,43.743402],[-79.586209,43.743363],[-79.586449,43.743316],[-79.586688,43.743268],[-79.586894,43.743228],[-79.586928,43.743221],[-79.587168,43.743176],[-79.587169,43.743175],[-79.587408,43.743126],[-79.587448,43.743118],[-79.587563,43.743091],[-79.587648,43.743067],[-79.587677,43.743059],[-79.587786,43.74302],[-79.587878,43.742984],[-79.587891,43.742979],[-79.587983,43.742939],[-79.588072,43.742892],[-79.588096,43.742879],[-79.588223,43.742808],[-79.588294,43.742757],[-79.58833,43.742731],[-79.588438,43.742641],[-79.588467,43.742612],[-79.588564,43.742513],[-79.588607,43.742457],[-79.588665,43.742383],[-79.588719,43.742291],[-79.588739,43.742257],[-79.588806,43.74212],[-79.588826,43.742078],[-79.588882,43.741948],[-79.588922,43.741855],[-79.588956,43.741776],[-79.58903,43.741604],[-79.589104,43.741433],[-79.589165,43.74129],[-79.589178,43.741261],[-79.589213,43.741179],[-79.589252,43.741089],[-79.589263,43.741063],[-79.589303,43.74097],[-79.589326,43.740918],[-79.589359,43.740841],[-79.5894,43.740746],[-79.589475,43.740574],[-79.58955,43.740403],[-79.589551,43.740401],[-79.589622,43.740231],[-79.589626,43.740222],[-79.589694,43.740063],[-79.589696,43.740059],[-79.589736,43.739953],[-79.589755,43.739884],[-79.589781,43.739792],[-79.589797,43.739705],[-79.589803,43.739672],[-79.589817,43.739554],[-79.58982,43.739525],[-79.58984,43.739346],[-79.589859,43.739166],[-79.589879,43.738987],[-79.589881,43.738967],[-79.589898,43.738808],[-79.589917,43.738629],[-79.589925,43.738558],[-79.589923,43.73848],[-79.589919,43.738452],[-79.589912,43.738394],[-79.589904,43.738338],[-79.589904,43.738279],[-79.589905,43.738267],[-79.589921,43.738119],[-79.589925,43.738088],[-79.589934,43.738004],[-79.589944,43.737909],[-79.589945,43.737897],[-79.589975,43.737748],[-79.589982,43.737726],[-79.590008,43.73764],[-79.590044,43.737566],[-79.590054,43.73755],[-79.590081,43.737502],[-79.590119,43.737448],[-79.590165,43.737389],[-79.590189,43.737359],[-79.590274,43.737275],[-79.590313,43.737244],[-79.590367,43.737201],[-79.590463,43.737138],[-79.590497,43.737119],[-79.590551,43.737087],[-79.590639,43.737047],[-79.590706,43.737018],[-79.59074,43.737004],[-79.590846,43.736965],[-79.590933,43.736937],[-79.590964,43.736927],[-79.591149,43.736876],[-79.591171,43.736871],[-79.591408,43.736816],[-79.591447,43.736807],[-79.591566,43.736779],[-79.591644,43.73676],[-79.591701,43.736747],[-79.59182,43.736719],[-79.591881,43.736705],[-79.592018,43.736672],[-79.592117,43.736649],[-79.592354,43.736594],[-79.592591,43.736539],[-79.592629,43.73653],[-79.592829,43.736485],[-79.593067,43.736432],[-79.593305,43.736379],[-79.593542,43.736326],[-79.59378,43.736273],[-79.594018,43.736219],[-79.594255,43.736166],[-79.594493,43.736113],[-79.594731,43.73606],[-79.594737,43.736058],[-79.594896,43.736023],[-79.594968,43.736006],[-79.595062,43.735985],[-79.595205,43.735952],[-79.595442,43.735897],[-79.595679,43.735841],[-79.595916,43.735786],[-79.596153,43.735731],[-79.596389,43.735676],[-79.596626,43.73562],[-79.596863,43.735565],[-79.5971,43.73551],[-79.597337,43.735455],[-79.597574,43.735399],[-79.597598,43.735394],[-79.597812,43.735348],[-79.59799,43.735309],[-79.598051,43.735297],[-79.598291,43.73525],[-79.598381,43.735232],[-79.598531,43.735203],[-79.598771,43.735156],[-79.59892,43.735126],[-79.599011,43.735107],[-79.59925,43.735056],[-79.599259,43.735054],[-79.599488,43.735002],[-79.599544,43.734989],[-79.599725,43.734946],[-79.599961,43.734891],[-79.600057,43.734868],[-79.600198,43.734835],[-79.600434,43.734779],[-79.600505,43.734763],[-79.600671,43.734724],[-79.600792,43.734697],[-79.600908,43.734669],[-79.600978,43.734652],[-79.601144,43.734613],[-79.601145,43.734613],[-79.601253,43.734588],[-79.601382,43.734558],[-79.601618,43.734503],[-79.601855,43.734448],[-79.602092,43.734393],[-79.602329,43.734338],[-79.602566,43.734283],[-79.602793,43.734231],[-79.602803,43.734228],[-79.602858,43.734216],[-79.602926,43.734198],[-79.602971,43.734187],[-79.60303,43.734163],[-79.60305,43.734155],[-79.603104,43.734127],[-79.603145,43.734093],[-79.603162,43.734072],[-79.603175,43.734055],[-79.603191,43.734022],[-79.603211,43.733976],[-79.603228,43.733933],[-79.603231,43.733919],[-79.603241,43.733864],[-79.603232,43.73381],[-79.603186,43.733701],[-79.603113,43.733529],[-79.603082,43.733458],[-79.603064,43.733416],[-79.602928,43.733109],[-79.602539,43.732239],[-79.602477,43.732107],[-79.602062,43.731206],[-79.601825,43.730741],[-79.601758,43.7306],[-79.601692,43.730451],[-79.601617,43.73028],[-79.601542,43.730108],[-79.601516,43.730048],[-79.601467,43.729937]]},"properties":{"line":"6","dir":"1","headsign":"Humber College","mode":"tram","color":"#808080"}}]}