{"type":"FeatureCollection","features":[{"type":"Feature","id":15,"geometry":{"type":"Polygon","coordinates":[[[-88.35505,42.24075],[-88.35461,42.19293],[-88.35442,42.154],[-88.33751,42.154],[-88.30853,42.15375],[-88.30445,42.15377],[-88.30359,42.15386],[-88.29892,42.15386],[-88.29702,42.15394],[-88.28649,42.15372],[-88.27728,42.15397],[-88.26515,42.15367],[-88.26086,42.15402],[-88.25773,42.15408],[-88.24784,42.15363],[-88.23958,42.15419],[-88.23707,42.15429],[-88.19958,42.15426],[-88.19945,42.16255],[-88.19976,42.16872],[-88.19976,42.17107],[-88.19957,42.17953],[-88.19938,42.20297],[-88.19881,42.20313],[-88.19755,42.20324],[-88.19592,42.20365],[-88.19499,42.20412],[-88.19444,42.20479],[-88.19441,42.20571],[-88.19465,42.20651],[-88.19493,42.20714],[-88.18389,42.20719],[-88.18322,42.2087],[-88.18271,42.20941],[-88.18194,42.21008],[-88.18084,42.21067],[-88.17983,42.21099],[-88.17893,42.21112],[-88.17422,42.21115],[-88.17297,42.21129],[-88.1721,42.21152],[-88.17125,42.21193],[-88.17057,42.21243],[-88.17017,42.21286],[-88.16957,42.21275],[-88.16858,42.2127],[-88.15979,42.21265],[-88.15486,42.21253],[-88.15262,42.21256],[-88.15135,42.21291],[-88.15114,42.2129],[-88.14987,42.21237],[-88.14941,42.2123],[-88.13999,42.21202],[-88.12657,42.21215],[-88.12118,42.21234],[-88.11816,42.21217],[-88.11166,42.21205],[-88.1081,42.21204],[-88.1081,42.21219],[-88.10747,42.21203],[-88.09688,42.212],[-88.09674,42.21217],[-88.09673,42.21361],[-88.09663,42.21375],[-88.09242,42.21379],[-88.09114,42.21457],[-88.08972,42.21507],[-88.0882,42.21554],[-88.08358,42.21667],[-88.08368,42.21551],[-88.08232,42.2155],[-88.08232,42.2156],[-88.07562,42.21559],[-88.07337,42.21471],[-88.06678,42.21982],[-88.06516,42.21929],[-88.06414,42.21916],[-88.05941,42.21911],[-88.05799,42.21887],[-88.05799,42.21248],[-88.05802,42.21164],[-88.05829,42.20992],[-88.05829,42.20934],[-88.05797,42.20463],[-88.06279,42.20467],[-88.0629,42.20382],[-88.06291,42.20135],[-88.0626,42.20129],[-88.06021,42.20132],[-88.0602,42.20238],[-88.05794,42.20236],[-88.05791,42.19738],[-88.01823,42.19715],[-88.00435,42.19726],[-88.00455,42.18279],[-87.98965,42.18272],[-87.98975,42.17665],[-87.98957,42.17607],[-87.98912,42.17545],[-87.99197,42.17545],[-87.9919,42.17505],[-87.99165,42.17462],[-87.99092,42.17406],[-87.99129,42.17383],[-87.99147,42.17346],[-87.99217,42.17346],[-87.99323,42.17267],[-87.99301,42.17265],[-87.99283,42.1725],[-87.99297,42.17237],[-87.99328,42.17226],[-87.99346,42.17208],[-87.99322,42.17202],[-87.99297,42.17182],[-87.99367,42.17182],[-87.99368,42.16818],[-87.98483,42.16818],[-87.98495,42.16324],[-87.98488,42.16059],[-87.98512,42.16063],[-87.98517,42.15373],[-87.98499,42.15363],[-87.98157,42.15362],[-87.9815,42.15327],[-87.98124,42.15311],[-87.9798,42.15306],[-87.97887,42.1528],[-87.97826,42.15239],[-87.97808,42.15203],[-87.97808,42.15078],[-87.97816,42.1504],[-87.97839,42.15005],[-87.97918,42.14944],[-87.97955,42.14901],[-87.97963,42.14865],[-87.97964,42.1478],[-87.98119,42.14779],[-87.98204,42.14763],[-87.98261,42.1474],[-87.98397,42.14657],[-87.98465,42.1464],[-87.98545,42.14638],[-87.98548,42.14602],[-87.98547,42.1453],[-87.98528,42.14398],[-87.98542,42.14396],[-87.98527,42.14226],[-87.98511,42.14212],[-87.98515,42.13911],[-87.98025,42.13908],[-87.98042,42.11262],[-87.97096,42.10623],[-87.97053,42.10653],[-87.97012,42.10637],[-87.96841,42.10636],[-87.96842,42.10583],[-87.96832,42.10566],[-87.96914,42.10499],[-87.95117,42.09292],[-87.94677,42.08935],[-87.94038,42.08398],[-87.93607,42.08075],[-87.90772,42.08064],[-87.90771,42.07983],[-87.90293,42.07977],[-87.90243,42.07859],[-87.90206,42.07859],[-87.90192,42.07832],[-87.90173,42.07831],[-87.90089,42.07627],[-87.89795,42.07628],[-87.89796,42.07479],[-87.89515,42.07476],[-87.89516,42.07423],[-87.89524,42.07405],[-87.89606,42.07332],[-87.89365,42.0733],[-87.89372,42.07268],[-87.89363,42.07189],[-87.89182,42.06602],[-87.86524,42.0659],[-87.86399,42.06727],[-87.86381,42.06726],[-87.86352,42.06757],[-87.86377,42.06762],[-87.86308,42.06829],[-87.86288,42.06853],[-87.86284,42.06871],[-87.86224,42.06937],[-87.86163,42.06989],[-87.85784,42.07371],[-87.8577,42.07361],[-87.85718,42.07414],[-87.85158,42.06861],[-87.8489,42.06583],[-87.83994,42.06579],[-87.84022,42.06435],[-87.84029,42.06313],[-87.84034,42.05409],[-87.84051,42.04363],[-87.83315,42.04377],[-87.83317,42.04289],[-87.83072,42.04295],[-87.83076,42.04022],[-87.84473,42.0399],[-87.86001,42.03934],[-87.86001,42.03569],[-87.85848,42.03573],[-87.85835,42.03461],[-87.85844,42.03306],[-87.85867,42.03235],[-87.85856,42.03227],[-87.85867,42.03208],[-87.85868,42.03026],[-87.85907,42.02991],[-87.85724,42.02866],[-87.85765,42.02852],[-87.86003,42.02845],[-87.86,42.0264],[-87.86015,42.02619],[-87.84311,42.01656],[-87.84313,42.01458],[-87.84252,42.0146],[-87.84252,42.01271],[-87.84192,42.01272],[-87.84193,42.01087],[-87.83586,42.01101],[-87.83586,42.01227],[-87.83571,42.0124],[-87.83338,42.01107],[-87.83048,42.01113],[-87.82926,42.01131],[-87.82566,42.01127],[-87.82125,42.01136],[-87.82132,42.00735],[-87.82112,42.00723],[-87.82155,42.00684],[-87.82132,42.0067],[-87.82132,42.00632],[-87.82149,42.00616],[-87.81725,42.00347],[-87.81648,42.00415],[-87.80672,42.00447],[-87.80675,42.0015],[-87.79981,42.00153],[-87.79948,41.99998],[-87.79713,42.0],[-87.79712,42.00139],[-87.79555,42.0014],[-87.79555,42.00095],[-87.79117,42.00098],[-87.79077,42.00053],[-87.7902,42.00075],[-87.78691,42.00249],[-87.78271,42.00423],[-87.78221,42.00464],[-87.78321,42.00554],[-87.78872,42.012],[-87.77906,42.01199],[-87.77912,42.01554],[-87.77692,42.01546],[-87.77694,42.01198],[-87.76162,42.01188],[-87.76166,42.00822],[-87.76186,42.00354],[-87.76195,42.00266],[-87.76227,42.00169],[-87.75291,41.9973],[-87.71861,41.99728],[-87.71748,41.99659],[-87.71781,41.99628],[-87.7178,41.99553],[-87.7184,41.99552],[-87.7183,41.99199],[-87.71891,41.99198],[-87.71886,41.99026],[-87.68991,41.9905],[-87.67504,41.99076],[-87.67484,41.98332],[-87.67928,41.98326],[-87.67951,41.98316],[-87.67957,41.98146],[-87.6794,41.97603],[-87.68915,41.97589],[-87.68897,41.97041],[-87.67626,41.97062],[-87.67632,41.97331],[-87.67431,41.97337],[-87.67417,41.96882],[-87.6662,41.96892],[-87.66508,41.96364],[-87.66493,41.96165],[-87.66595,41.96163],[-87.66447,41.95796],[-87.66225,41.95438],[-87.65679,41.95445],[-87.65685,41.95397],[-87.65681,41.95109],[-87.64962,41.9512],[-87.64785,41.95164],[-87.6479,41.95285],[-87.64655,41.95293],[-87.64665,41.95461],[-87.64419,41.95466],[-87.64108,41.95485],[-87.64139,41.95595],[-87.64172,41.95857],[-87.64167,41.95942],[-87.64154,41.96014],[-87.64158,41.96036],[-87.6421,41.96085],[-87.64232,41.9612],[-87.64223,41.96172],[-87.6418,41.96217],[-87.64141,41.96231],[-87.64043,41.96245],[-87.63648,41.96287],[-87.63583,41.96274],[-87.63553,41.96257],[-87.63542,41.96227],[-87.63579,41.96161],[-87.63614,41.96121],[-87.63648,41.9609],[-87.63733,41.96054],[-87.63887,41.96032],[-87.64039,41.96086],[-87.64079,41.9608],[-87.64089,41.96066],[-87.64093,41.96039],[-87.64088,41.96019],[-87.64076,41.96002],[-87.6403,41.9598],[-87.63852,41.95947],[-87.63753,41.95949],[-87.63618,41.9599],[-87.63559,41.96029],[-87.63442,41.96135],[-87.63183,41.96258],[-87.63147,41.96292],[-87.63139,41.96313],[-87.63175,41.96419],[-87.63197,41.96524],[-87.63497,41.96536],[-87.63644,41.96552],[-87.6392,41.96621],[-87.6405,41.96688],[-87.64173,41.96765],[-87.64299,41.9686],[-87.64416,41.96977],[-87.64484,41.97061],[-87.64575,41.97208],[-87.64612,41.97287],[-87.64631,41.97358],[-87.64632,41.97543],[-87.64649,41.97713],[-87.64678,41.97746],[-87.6497,41.97904],[-87.65037,41.9796],[-87.65023,41.97972],[-87.65054,41.98026],[-87.65068,41.98068],[-87.65072,41.98292],[-87.65048,41.98412],[-87.65012,41.98494],[-87.65412,41.98906],[-87.65423,41.98982],[-87.65438,41.9902],[-87.65438,41.99101],[-87.65422,41.99191],[-87.6543,41.99238],[-87.65424,41.99256],[-87.65437,41.99273],[-87.65475,41.99285],[-87.6548,41.99318],[-87.65459,41.99395],[-87.65443,41.99409],[-87.65448,41.99439],[-87.65456,41.99451],[-87.65474,41.99457],[-87.65478,41.99496],[-87.65468,41.99531],[-87.65484,41.99546],[-87.65472,41.99637],[-87.65446,41.99649],[-87.65451,41.99728],[-87.65472,41.99728],[-87.65473,41.99815],[-87.65512,41.99816],[-87.65513,41.9983],[-87.655,41.9983],[-87.65513,41.99873],[-87.65536,41.99902],[-87.65569,41.9992],[-87.65581,41.99939],[-87.65587,42.00003],[-87.65634,42.00104],[-87.65619,42.00127],[-87.65677,42.00237],[-87.6569,42.00306],[-87.65729,42.00418],[-87.65679,42.00423],[-87.65732,42.00524],[-87.65729,42.00628],[-87.65576,42.0063],[-87.65528,42.00673],[-87.65554,42.00675],[-87.65865,42.00966],[-87.6587,42.01001],[-87.66065,42.01174],[-87.661,42.01219],[-87.66115,42.01272],[-87.66144,42.01316],[-87.66155,42.01354],[-87.66209,42.01459],[-87.66247,42.01576],[-87.66267,42.01582],[-87.66281,42.01662],[-87.66314,42.01692],[-87.66308,42.01761],[-87.66329,42.01809],[-87.66323,42.01845],[-87.66358,42.01868],[-87.66375,42.01895],[-87.66384,42.01934],[-87.66368,42.0194],[-87.66371,42.01956],[-87.66386,42.01952],[-87.66408,42.02016],[-87.66384,42.02022],[-87.66379,42.02038],[-87.66406,42.02135],[-87.66426,42.02129],[-87.66475,42.02192],[-87.66464,42.02194],[-87.6651,42.02277],[-87.66508,42.02321],[-87.66517,42.0234],[-87.66668,42.02613],[-87.66723,42.02671],[-87.66698,42.02685],[-87.66745,42.0272],[-87.66843,42.02819],[-87.66868,42.02898],[-87.6686,42.02926],[-87.66879,42.02996],[-87.66901,42.0315],[-87.66896,42.03184],[-87.66929,42.03381],[-87.66959,42.03431],[-87.66959,42.03437],[-87.6694,42.03436],[-87.66951,42.03528],[-87.66962,42.03528],[-87.66965,42.03547],[-87.66908,42.03551],[-87.66915,42.0357],[-87.66986,42.03645],[-87.67004,42.03693],[-87.66987,42.0374],[-87.66957,42.03755],[-87.66953,42.03901],[-87.66911,42.03955],[-87.66937,42.04127],[-87.67024,42.04194],[-87.67057,42.04243],[-87.6712,42.04289],[-87.67196,42.04379],[-87.67214,42.04468],[-87.67216,42.04515],[-87.67208,42.04547],[-87.67225,42.0456],[-87.67219,42.04571],[-87.67271,42.04669],[-87.67317,42.04794],[-87.67221,42.04823],[-87.67227,42.04843],[-87.67252,42.04868],[-87.67265,42.04908],[-87.67262,42.04974],[-87.67229,42.05045],[-87.67207,42.0507],[-87.67121,42.05072],[-87.67123,42.05055],[-87.67113,42.05054],[-87.67104,42.05234],[-87.67038,42.05227],[-87.67016,42.05196],[-87.6695,42.05208],[-87.66938,42.05216],[-87.66932,42.05232],[-87.66986,42.05399],[-87.67008,42.05522],[-87.67011,42.05593],[-87.67,42.05787],[-87.66955,42.05972],[-87.66987,42.05994],[-87.67086,42.06008],[-87.67106,42.06],[-87.67128,42.05973],[-87.67154,42.05986],[-87.6726,42.06083],[-87.67306,42.06135],[-87.67338,42.06182],[-87.67377,42.06322],[-87.6742,42.06386],[-87.67399,42.06404],[-87.67541,42.06486],[-87.67549,42.06499],[-87.67548,42.06529],[-87.67572,42.06579],[-87.67563,42.06598],[-87.67573,42.06624],[-87.67587,42.06633],[-87.67591,42.06658],[-87.67634,42.06698],[-87.67663,42.06708],[-87.67724,42.06792],[-87.67715,42.06796],[-87.67842,42.06969],[-87.68002,42.07241],[-87.68105,42.07348],[-87.68134,42.07405],[-87.6819,42.07476],[-87.68218,42.07543],[-87.68201,42.07637],[-87.68188,42.07671],[-87.68146,42.07665],[-87.68009,42.07689],[-87.68011,42.07699],[-87.68143,42.07675],[-87.68215,42.07692],[-87.6821,42.07714],[-87.68223,42.07719],[-87.68127,42.07737],[-87.67985,42.07748],[-87.67946,42.07714],[-87.67934,42.0772],[-87.67984,42.07757],[-87.68083,42.07751],[-87.68087,42.07785],[-87.68222,42.07887],[-87.6864,42.08068],[-87.688,42.08128],[-87.68898,42.08179],[-87.68941,42.08188],[-87.69102,42.08267],[-87.69224,42.08133],[-87.6937,42.08006],[-87.6937,42.07873],[-87.77125,42.0797],[-87.77135,42.08069],[-87.77106,42.08574],[-87.77106,42.08692],[-87.77138,42.08762],[-87.77116,42.08799],[-87.77097,42.09294],[-87.77082,42.0932],[-87.77076,42.09354],[-87.77089,42.09388],[-87.77067,42.09414],[-87.77081,42.09497],[-87.7707,42.09594],[-87.77083,42.09992],[-87.77076,42.10033],[-87.7708,42.10604],[-87.77027,42.12335],[-87.77237,42.12332],[-87.77884,42.12353],[-87.78263,42.12354],[-87.78487,42.12344],[-87.78927,42.12346],[-87.78951,42.12339],[-87.78963,42.12325],[-87.79143,42.12322],[-87.7938,42.12347],[-87.79765,42.1235],[-87.79758,42.11906],[-87.80058,42.11906],[-87.80057,42.1182],[-87.80221,42.1182],[-87.80353,42.11604],[-87.80364,42.11446],[-87.80428,42.11353],[-87.80566,42.11511],[-87.80708,42.11642],[-87.80746,42.11634],[-87.84032,42.11654],[-87.8404,42.10964],[-87.83917,42.10963],[-87.83824,42.10937],[-87.8294,42.1093],[-87.82938,42.1075],[-87.83434,42.10751],[-87.83436,42.10564],[-87.857,42.10574],[-87.857,42.10641],[-87.85687,42.10641],[-87.85679,42.10755],[-87.85854,42.10757],[-87.85877,42.10756],[-87.85879,42.10574],[-87.86471,42.1058],[-87.86643,42.10609],[-87.86742,42.10638],[-87.87325,42.10874],[-87.87442,42.10904],[-87.87596,42.10923],[-87.88249,42.10934],[-87.88422,42.10951],[-87.88673,42.1094],[-87.90731,42.10972],[-87.90765,42.10973],[-87.90765,42.10952],[-87.91111,42.10954],[-87.91484,42.10971],[-87.93012,42.10976],[-87.93011,42.11096],[-87.93192,42.11097],[-87.93194,42.11338],[-87.93678,42.11341],[-87.93678,42.12067],[-87.94166,42.12068],[-87.94168,42.1243],[-87.94224,42.1243],[-87.94224,42.1253],[-87.94233,42.12551],[-87.94274,42.12568],[-87.94525,42.1257],[-87.94559,42.12582],[-87.94589,42.12571],[-87.94654,42.1257],[-87.94647,42.1388],[-87.95859,42.1389],[-87.95845,42.14621],[-87.95876,42.14958],[-87.95882,42.14986],[-87.95905,42.15026],[-87.96197,42.15355],[-87.96895,42.15359],[-87.96732,42.15441],[-87.96764,42.15476],[-87.9677,42.15546],[-87.96759,42.15627],[-87.96722,42.15748],[-87.96507,42.15709],[-87.96439,42.15704],[-87.96516,42.16232],[-87.96515,42.166],[-87.96539,42.16789],[-87.96535,42.17175],[-87.96917,42.17178],[-87.96914,42.17623],[-87.96862,42.17623],[-87.96862,42.1763],[-87.96531,42.1763],[-87.96527,42.17904],[-87.96543,42.181],[-87.96547,42.18268],[-87.96532,42.18267],[-87.96531,42.18543],[-87.96518,42.18542],[-87.96516,42.18989],[-87.96515,42.18999],[-87.96459,42.18999],[-87.96464,42.19063],[-87.96475,42.19094],[-87.96448,42.19137],[-87.96439,42.19186],[-87.96468,42.19212],[-87.96513,42.19218],[-87.96512,42.19429],[-87.9656,42.19462],[-87.96615,42.19535],[-87.96601,42.19572],[-87.96537,42.19612],[-87.96607,42.19633],[-87.96768,42.19699],[-87.96854,42.19718],[-87.97975,42.1972],[-87.97965,42.20409],[-87.98338,42.20376],[-87.98444,42.20384],[-87.98483,42.20397],[-87.9852,42.20425],[-87.98614,42.20593],[-87.98639,42.2062],[-87.98847,42.20639],[-87.98985,42.20628],[-87.99045,42.20739],[-87.99332,42.21138],[-87.99367,42.21196],[-87.99396,42.21277],[-87.99407,42.21341],[-87.99409,42.21545],[-87.99498,42.21656],[-87.99675,42.21658],[-87.99981,42.21562],[-88.00295,42.21563],[-88.00296,42.21538],[-88.00427,42.21538],[-88.00419,42.22889],[-88.00432,42.2389],[-88.00426,42.2407],[-88.04509,42.24087],[-88.03144,42.24607],[-88.02985,42.24699],[-88.02824,42.24837],[-88.02867,42.26352],[-88.03368,42.26913],[-88.0367,42.26762],[-88.03778,42.26718],[-88.03866,42.26698],[-88.04295,42.26643],[-88.04292,42.26264],[-88.04538,42.26264],[-88.04538,42.26308],[-88.04633,42.26308],[-88.04644,42.26264],[-88.05016,42.26264],[-88.04913,42.262],[-88.04886,42.26193],[-88.04917,42.26004],[-88.05157,42.25997],[-88.05256,42.25965],[-88.05292,42.25937],[-88.05291,42.25902],[-88.06439,42.25902],[-88.06968,42.26625],[-88.07773,42.26625],[-88.07906,42.26636],[-88.07997,42.26629],[-88.08354,42.2663],[-88.08466,42.26615],[-88.08581,42.26572],[-88.0865,42.26524],[-88.08865,42.26336],[-88.08963,42.26286],[-88.09074,42.26257],[-88.09157,42.26252],[-88.11982,42.26273],[-88.12007,42.2592],[-88.12993,42.25926],[-88.12997,42.25847],[-88.13222,42.25847],[-88.13222,42.25799],[-88.13433,42.25807],[-88.13589,42.25798],[-88.13611,42.25803],[-88.13629,42.25819],[-88.13633,42.25897],[-88.13755,42.25882],[-88.13883,42.2593],[-88.13949,42.25883],[-88.14066,42.25761],[-88.141,42.25736],[-88.14302,42.25874],[-88.14556,42.25669],[-88.14681,42.25679],[-88.14894,42.25705],[-88.1523,42.25766],[-88.15438,42.25816],[-88.1603,42.2599],[-88.16603,42.26141],[-88.17112,42.26254],[-88.17796,42.26381],[-88.17932,42.26417],[-88.18025,42.26457],[-88.18302,42.26635],[-88.18387,42.2668],[-88.18393,42.2745],[-88.18501,42.27431],[-88.18559,42.27437],[-88.18628,42.27416],[-88.18637,42.27407],[-88.187,42.27393],[-88.18833,42.27378],[-88.19122,42.27373],[-88.19128,42.27773],[-88.18884,42.27774],[-88.18895,42.28267],[-88.19079,42.28267],[-88.19078,42.28341],[-88.19152,42.28341],[-88.19155,42.28453],[-88.19855,42.28459],[-88.19848,42.27443],[-88.19759,42.27443],[-88.19753,42.27435],[-88.19697,42.27418],[-88.19704,42.27284],[-88.19816,42.27304],[-88.19848,42.27303],[-88.19843,42.26958],[-88.19848,42.26601],[-88.19836,42.26316],[-88.1984,42.25999],[-88.19833,42.25897],[-88.19825,42.24156],[-88.23711,42.2417],[-88.24181,42.24163],[-88.24717,42.24166],[-88.24751,42.24158],[-88.24861,42.24157],[-88.25277,42.24164],[-88.25277,42.24155],[-88.25404,42.24161],[-88.29742,42.24135],[-88.35505,42.24075]]]},"properties":{"AREALAND":434423828,"AREAWATER":11571998,"BASENAME":"9","CDSESSN":"120","CDTYP":"O","CENTLAT":"+42.1375303","CENTLON":"-087.9978041","FUNCSTAT":"N","GEOID":"1709","HU100":null,"INTPTLAT":"+42.2433994","INTPTLON":"-088.0899790","LSADC":"C2","MTFCC":"G5200","NAME":"Congressional District 9","OBJECTID":15,"OID":"2119042393277720","POP100":null,"STATE":"17","CD120":"09"}},{"type":"Feature","id":17,"geometry":{"type":"Polygon","coordinates":[[[-88.26355,42.05898],[-88.26339,42.04462],[-88.26346,42.03804],[-88.26329,42.02303],[-88.26322,42.02195],[-88.26332,42.01994],[-88.26292,41.99362],[-88.26288,41.97827],[-88.26273,41.96303],[-88.26269,41.93548],[-88.26242,41.90332],[-88.26255,41.8594],[-88.26271,41.83657],[-88.26284,41.82836],[-88.26279,41.81573],[-88.23121,41.82013],[-88.23124,41.82026],[-88.22433,41.82066],[-88.22435,41.82045],[-88.21824,41.82066],[-88.21364,41.82073],[-88.20385,41.82052],[-88.20295,41.82342],[-88.19584,41.82326],[-88.19578,41.82268],[-88.19402,41.82306],[-88.19442,41.82465],[-88.19323,41.82483],[-88.19322,41.82515],[-88.19276,41.82505],[-88.18774,41.8248],[-88.18483,41.8245],[-88.18466,41.82446],[-88.18477,41.82359],[-88.18463,41.82334],[-88.18121,41.82466],[-88.17853,41.82583],[-88.17647,41.82697],[-88.17396,41.82855],[-88.17251,41.82923],[-88.17094,41.82974],[-88.16946,41.83006],[-88.16766,41.83028],[-88.16594,41.83036],[-88.16604,41.82203],[-88.16199,41.82219],[-88.16199,41.81965],[-88.16207,41.81903],[-88.15951,41.81906],[-88.15953,41.81694],[-88.15824,41.81697],[-88.15822,41.81908],[-88.15383,41.81911],[-88.14848,41.81942],[-88.15065,41.81463],[-88.15086,41.81382],[-88.15112,41.81388],[-88.15126,41.81358],[-88.14659,41.81367],[-88.13058,41.81436],[-88.11828,41.81471],[-88.11729,41.81458],[-88.11705,41.81487],[-88.1158,41.81443],[-88.11564,41.8147],[-88.11378,41.81473],[-88.11243,41.81677],[-88.11072,41.81903],[-88.10988,41.82037],[-88.10741,41.82546],[-88.10261,41.83341],[-88.10216,41.83433],[-88.10187,41.83528],[-88.10174,41.83621],[-88.10167,41.84051],[-88.10175,41.85151],[-88.10257,41.8594],[-88.10306,41.86487],[-88.10304,41.86534],[-88.09379,41.86721],[-88.092,41.86769],[-88.092,41.87205],[-88.08565,41.87218],[-88.08548,41.87196],[-88.08269,41.87424],[-88.08192,41.87475],[-88.08039,41.87556],[-88.0786,41.87621],[-88.07685,41.87658],[-88.07491,41.87674],[-88.07235,41.87662],[-88.07245,41.8763],[-88.0693,41.87596],[-88.06775,41.87593],[-88.06573,41.87615],[-88.03973,41.88304],[-88.03832,41.88339],[-88.03648,41.8837],[-88.03651,41.8838],[-88.03624,41.88384],[-88.03613,41.88398],[-88.03457,41.88416],[-88.037,41.88802],[-88.03737,41.88894],[-88.03757,41.88979],[-88.03804,41.89932],[-88.03812,41.90427],[-88.02634,41.90464],[-88.02467,41.90467],[-88.02467,41.90447],[-88.00471,41.90488],[-88.00472,41.90428],[-88.00399,41.9043],[-88.004,41.90418],[-87.99823,41.90426],[-87.99833,41.90095],[-87.99841,41.90094],[-87.99847,41.89894],[-87.99838,41.89894],[-87.9984,41.8981],[-87.99759,41.89808],[-87.99756,41.89895],[-87.99568,41.89893],[-87.99383,41.89966],[-87.99344,41.89971],[-87.9934,41.90093],[-87.99279,41.90093],[-87.99266,41.90513],[-87.98835,41.90525],[-87.98828,41.90895],[-87.98836,41.91251],[-87.98784,41.91252],[-87.98753,41.91263],[-87.98357,41.91272],[-87.98359,41.91396],[-87.98301,41.91452],[-87.98293,41.91472],[-87.98311,41.92004],[-87.97469,41.92018],[-87.97426,41.91947],[-87.9698,41.91953],[-87.96982,41.92026],[-87.96932,41.92027],[-87.96929,41.92202],[-87.96904,41.92202],[-87.96905,41.92302],[-87.96807,41.92273],[-87.96759,41.92273],[-87.96759,41.92239],[-87.96633,41.92239],[-87.96636,41.92412],[-87.96655,41.92421],[-87.9666,41.92491],[-87.96679,41.93008],[-87.96506,41.93009],[-87.95025,41.93092],[-87.93389,41.93166],[-87.92029,41.9313],[-87.92024,41.94313],[-87.91467,41.94333],[-87.9149,41.94817],[-87.90832,41.94632],[-87.90589,41.94555],[-87.89235,41.94042],[-87.89107,41.9401],[-87.89004,41.94001],[-87.88778,41.94005],[-87.88792,41.94265],[-87.88649,41.94376],[-87.88527,41.94366],[-87.88521,41.94223],[-87.88251,41.94124],[-87.87534,41.93911],[-87.8753,41.93818],[-87.87037,41.93673],[-87.87041,41.93766],[-87.85881,41.93429],[-87.85972,41.9369],[-87.85411,41.93701],[-87.85155,41.93726],[-87.84959,41.93729],[-87.84861,41.93636],[-87.84834,41.9358],[-87.8479,41.93525],[-87.84744,41.93443],[-87.84744,41.93387],[-87.84793,41.93311],[-87.8478,41.93255],[-87.84615,41.93063],[-87.84439,41.9282],[-87.84358,41.92699],[-87.84294,41.92583],[-87.84112,41.9234],[-87.83737,41.92024],[-87.83537,41.91892],[-87.83409,41.91848],[-87.83371,41.91808],[-87.83328,41.91698],[-87.83316,41.9161],[-87.83329,41.91422],[-87.83368,41.91207],[-87.83365,41.91161],[-87.83353,41.91138],[-87.83304,41.9109],[-87.83237,41.91049],[-87.83197,41.91038],[-87.83115,41.91036],[-87.83022,41.91056],[-87.82987,41.9108],[-87.82906,41.91164],[-87.8282,41.91195],[-87.82757,41.91194],[-87.8268,41.91175],[-87.82606,41.91142],[-87.82546,41.91102],[-87.82544,41.9122],[-87.82421,41.91222],[-87.82414,41.91071],[-87.82368,41.91025],[-87.82293,41.91024],[-87.82299,41.91224],[-87.82054,41.91229],[-87.82048,41.91046],[-87.81682,41.91052],[-87.81688,41.91235],[-87.81627,41.91236],[-87.81621,41.91053],[-87.8156,41.91054],[-87.81566,41.91237],[-87.81444,41.91239],[-87.81438,41.91056],[-87.81376,41.91057],[-87.81383,41.9124],[-87.80833,41.91249],[-87.80827,41.91067],[-87.80726,41.91067],[-87.80706,41.91058],[-87.80684,41.91069],[-87.80583,41.91071],[-87.80601,41.91619],[-87.80143,41.91624],[-87.80148,41.91807],[-87.79873,41.91809],[-87.79866,41.91581],[-87.795,41.91585],[-87.79496,41.91448],[-87.78518,41.91459],[-87.78528,41.91823],[-87.7804,41.91829],[-87.78039,41.91792],[-87.78026,41.91785],[-87.7682,41.91805],[-87.76816,41.91686],[-87.76694,41.91687],[-87.76702,41.91898],[-87.76087,41.91785],[-87.76079,41.91626],[-87.75286,41.91533],[-87.75265,41.90954],[-87.75104,41.90956],[-87.75099,41.90774],[-87.74854,41.90776],[-87.7485,41.90596],[-87.74604,41.90599],[-87.74581,41.895],[-87.72608,41.89537],[-87.72614,41.8972],[-87.72492,41.89721],[-87.72497,41.89903],[-87.69556,41.89929],[-87.69547,41.89566],[-87.68684,41.89574],[-87.68764,41.9249],[-87.68771,41.92668],[-87.68786,41.92673],[-87.68771,41.92674],[-87.68777,41.92864],[-87.68425,41.93139],[-87.684,41.93168],[-87.68396,41.93222],[-87.68546,41.9322],[-87.68549,41.9331],[-87.68792,41.93308],[-87.68826,41.94673],[-87.69803,41.94668],[-87.69846,41.96118],[-87.69848,41.96125],[-87.70091,41.96123],[-87.70106,41.9662],[-87.69871,41.9662],[-87.70064,41.96802],[-87.70245,41.97003],[-87.70311,41.97089],[-87.70382,41.97245],[-87.70475,41.97578],[-87.71723,41.97565],[-87.71722,41.97519],[-87.71782,41.97519],[-87.71783,41.97564],[-87.73192,41.97549],[-87.73183,41.97185],[-87.73928,41.97177],[-87.73918,41.96812],[-87.74016,41.96811],[-87.72969,41.96093],[-87.72783,41.96095],[-87.72767,41.95548],[-87.72276,41.95552],[-87.72262,41.9497],[-87.72243,41.9488],[-87.72009,41.94772],[-87.71929,41.94713],[-87.71876,41.94649],[-87.72495,41.94641],[-87.7249,41.94459],[-87.72734,41.94456],[-87.7274,41.94637],[-87.73932,41.94622],[-87.74073,41.94894],[-87.74096,41.94953],[-87.74054,41.94927],[-87.74275,41.95347],[-87.74558,41.95344],[-87.74576,41.95881],[-87.74625,41.95982],[-87.74683,41.95982],[-87.74687,41.96073],[-87.74646,41.96074],[-87.74728,41.96238],[-87.74737,41.96243],[-87.74759,41.96224],[-87.74815,41.96254],[-87.75066,41.96251],[-87.7507,41.96398],[-87.75131,41.96398],[-87.75133,41.96429],[-87.75141,41.96433],[-87.75192,41.96432],[-87.75187,41.9625],[-87.75745,41.96247],[-87.75739,41.9606],[-87.76478,41.96051],[-87.76481,41.96142],[-87.76667,41.9614],[-87.76669,41.96236],[-87.7728,41.96228],[-87.77276,41.96086],[-87.77337,41.96086],[-87.77341,41.96227],[-87.77708,41.96222],[-87.77716,41.96478],[-87.78266,41.9647],[-87.78254,41.96073],[-87.78315,41.96072],[-87.78313,41.96027],[-87.78558,41.96024],[-87.78546,41.95659],[-87.7867,41.95657],[-87.78666,41.95571],[-87.7892,41.95567],[-87.78919,41.95547],[-87.79101,41.95559],[-87.79094,41.955],[-87.791,41.95494],[-87.79098,41.95437],[-87.79081,41.95406],[-87.79079,41.95356],[-87.79068,41.95355],[-87.79065,41.95285],[-87.79627,41.95274],[-87.80757,41.95277],[-87.80972,41.95271],[-87.81035,41.95239],[-87.81023,41.95065],[-87.81214,41.95061],[-87.81203,41.9488],[-87.8169,41.94871],[-87.81692,41.94916],[-87.82001,41.9476],[-87.82011,41.95246],[-87.82935,41.95223],[-87.82928,41.95041],[-87.83112,41.95036],[-87.83105,41.94854],[-87.83289,41.94849],[-87.83296,41.95031],[-87.83673,41.95022],[-87.83675,41.95205],[-87.84765,41.95269],[-87.84776,41.95168],[-87.85412,41.95133],[-87.85389,41.95201],[-87.85394,41.9524],[-87.85422,41.95307],[-87.85534,41.95317],[-87.85722,41.95363],[-87.86016,41.95406],[-87.88102,41.9568],[-87.88345,41.95729],[-87.88454,41.9576],[-87.88588,41.9581],[-87.88715,41.95828],[-87.88828,41.95822],[-87.88926,41.95797],[-87.89309,41.95809],[-87.89325,41.95471],[-87.89578,41.95221],[-87.8963,41.95183],[-87.8971,41.95143],[-87.89844,41.95106],[-87.89973,41.95096],[-87.90208,41.95104],[-87.90686,41.95522],[-87.90861,41.95569],[-87.91181,41.95635],[-87.91223,41.95675],[-87.91265,41.957],[-87.91341,41.95777],[-87.91473,41.95849],[-87.91573,41.95875],[-87.91668,41.96035],[-87.91849,41.96224],[-87.92002,41.96352],[-87.92007,41.96369],[-87.91971,41.96417],[-87.91971,41.9649],[-87.91962,41.96499],[-87.91881,41.9653],[-87.91595,41.96535],[-87.91535,41.96544],[-87.91505,41.96579],[-87.91497,41.96647],[-87.91503,41.96826],[-87.91695,41.9706],[-87.92023,41.97184],[-87.92048,41.99389],[-87.93897,41.99352],[-87.93865,41.99454],[-87.93747,41.99713],[-87.93602,41.99936],[-87.93373,42.00173],[-87.93374,42.00129],[-87.93054,42.00398],[-87.92907,42.00496],[-87.92152,42.00385],[-87.92089,42.00393],[-87.92082,42.00385],[-87.92048,42.0038],[-87.9205,42.00495],[-87.91511,42.00505],[-87.91457,42.00492],[-87.91336,42.00482],[-87.91091,42.00438],[-87.90889,42.00382],[-87.90886,42.00277],[-87.89879,42.00073],[-87.89596,42.0003],[-87.89604,42.00227],[-87.89412,42.00223],[-87.89013,42.00232],[-87.89001,42.00333],[-87.89187,42.0041],[-87.89313,42.00417],[-87.89313,42.00328],[-87.89347,42.00327],[-87.89349,42.0029],[-87.89412,42.00289],[-87.89408,42.00694],[-87.8931,42.00697],[-87.89211,42.00582],[-87.89182,42.0058],[-87.89182,42.00944],[-87.89997,42.00918],[-87.90003,42.01645],[-87.90042,42.01644],[-87.90048,42.02372],[-87.91734,42.02312],[-87.92279,42.02283],[-87.94048,42.02272],[-87.9407,42.03739],[-87.9636,42.03696],[-87.9637,42.0369],[-87.96698,42.03814],[-87.96697,42.03685],[-87.96989,42.0368],[-87.96985,42.03296],[-87.96441,42.02892],[-87.96417,42.02892],[-87.96269,42.02786],[-87.95994,42.02575],[-87.95992,42.02464],[-87.96135,42.02568],[-87.96138,42.02476],[-87.96199,42.02508],[-87.96296,42.02537],[-87.96397,42.02552],[-87.96424,42.02547],[-87.96456,42.02526],[-87.96515,42.02561],[-87.96575,42.0258],[-87.96747,42.02604],[-87.96747,42.02592],[-87.96897,42.02613],[-87.96895,42.02229],[-87.97382,42.02222],[-87.97381,42.02104],[-87.97363,42.0209],[-87.97279,42.02092],[-87.97257,42.02085],[-87.97243,42.02071],[-87.97227,42.02004],[-87.97241,42.01976],[-87.97339,42.01901],[-87.97393,42.01828],[-87.97398,42.01797],[-87.97389,42.01768],[-87.97374,42.01746],[-87.97339,42.01721],[-87.97406,42.01657],[-87.97424,42.0162],[-87.97427,42.01596],[-87.97404,42.01562],[-87.97365,42.01548],[-87.97225,42.01543],[-87.97223,42.01411],[-87.97247,42.01347],[-87.97467,42.01423],[-87.9792,42.01528],[-87.97918,42.0074],[-87.97867,41.99633],[-87.97885,41.99553],[-87.97687,41.99556],[-87.97668,41.99548],[-87.97659,41.99292],[-87.97035,41.993],[-87.97041,41.98397],[-87.96953,41.98388],[-87.96958,41.97809],[-87.97084,41.9781],[-87.97154,41.97795],[-87.97075,41.97691],[-87.96909,41.97163],[-87.96901,41.97163],[-87.96903,41.96922],[-87.9788,41.96906],[-87.97883,41.96375],[-87.97367,41.96206],[-87.97176,41.9616],[-87.96912,41.96117],[-87.96915,41.94955],[-87.97194,41.94956],[-87.97196,41.94946],[-87.9721,41.9494],[-87.97219,41.94956],[-87.98869,41.9492],[-87.98867,41.94253],[-87.99604,41.94582],[-87.99828,41.94696],[-87.99828,41.9468],[-88.00332,41.949],[-88.00333,41.94613],[-88.00763,41.94604],[-88.00764,41.9435],[-88.00751,41.9434],[-88.0075,41.94302],[-88.00826,41.943],[-88.00826,41.94122],[-88.00758,41.94123],[-88.0076,41.94021],[-88.01317,41.94256],[-88.0132,41.9377],[-88.01811,41.93758],[-88.01812,41.93556],[-88.02248,41.93544],[-88.02245,41.93383],[-88.03201,41.93357],[-88.03202,41.93149],[-88.03616,41.93215],[-88.04167,41.93277],[-88.04214,41.93275],[-88.04692,41.93337],[-88.05201,41.93428],[-88.05202,41.93058],[-88.05218,41.93057],[-88.05218,41.92874],[-88.05187,41.92875],[-88.05188,41.92833],[-88.05177,41.92833],[-88.05167,41.92803],[-88.05209,41.92743],[-88.05213,41.92099],[-88.06222,41.92232],[-88.06216,41.9219],[-88.06347,41.92187],[-88.06414,41.92202],[-88.0641,41.92173],[-88.07579,41.92132],[-88.07592,41.92138],[-88.07647,41.9213],[-88.07648,41.92135],[-88.08138,41.92121],[-88.08136,41.9248],[-88.09114,41.92451],[-88.09115,41.92205],[-88.09614,41.92193],[-88.09614,41.91822],[-88.09644,41.91821],[-88.09644,41.91784],[-88.09616,41.91785],[-88.09605,41.91664],[-88.0917,41.9167],[-88.09161,41.91632],[-88.09148,41.9161],[-88.09125,41.91589],[-88.0909,41.91619],[-88.0904,41.91577],[-88.09025,41.91532],[-88.09032,41.91505],[-88.09058,41.91472],[-88.09091,41.91453],[-88.09121,41.91484],[-88.09141,41.91474],[-88.09181,41.91441],[-88.09202,41.91398],[-88.09206,41.90821],[-88.09339,41.90821],[-88.09421,41.90756],[-88.0961,41.90751],[-88.09615,41.90249],[-88.08782,41.90276],[-88.08786,41.90349],[-88.08749,41.9035],[-88.08746,41.90277],[-88.08536,41.90284],[-88.08541,41.90357],[-88.08504,41.90358],[-88.085,41.90286],[-88.08198,41.90296],[-88.08211,41.9024],[-88.08218,41.90134],[-88.08223,41.88888],[-88.09235,41.88836],[-88.11186,41.88803],[-88.11183,41.8928],[-88.11668,41.89272],[-88.11668,41.89232],[-88.11967,41.89227],[-88.11967,41.89266],[-88.12158,41.89263],[-88.12158,41.89633],[-88.12143,41.89697],[-88.12071,41.89884],[-88.12054,41.8999],[-88.12056,41.90431],[-88.14801,41.90758],[-88.14802,41.90732],[-88.14868,41.9074],[-88.14869,41.90766],[-88.15051,41.90788],[-88.15038,41.91419],[-88.15055,41.91621],[-88.15054,41.91738],[-88.15133,41.91737],[-88.15177,41.91726],[-88.15293,41.91663],[-88.15353,41.91647],[-88.15543,41.91643],[-88.15538,41.91898],[-88.16942,41.91871],[-88.16947,41.91822],[-88.16975,41.91811],[-88.16991,41.91777],[-88.17218,41.91773],[-88.17216,41.917],[-88.17319,41.91701],[-88.17318,41.91771],[-88.17486,41.91768],[-88.17492,41.91296],[-88.1797,41.91285],[-88.1797,41.91292],[-88.17961,41.91292],[-88.17965,41.91314],[-88.17986,41.91369],[-88.18094,41.91414],[-88.18103,41.91437],[-88.18092,41.91456],[-88.18111,41.91472],[-88.18138,41.91486],[-88.18182,41.91487],[-88.18193,41.91497],[-88.18173,41.91547],[-88.18175,41.91561],[-88.18209,41.91578],[-88.18217,41.9159],[-88.18212,41.92213],[-88.17965,41.92213],[-88.17949,41.93585],[-88.17957,41.93599],[-88.1795,41.93684],[-88.17959,41.93687],[-88.18041,41.94218],[-88.18048,41.94224],[-88.18043,41.9423],[-88.18068,41.94389],[-88.18152,41.94389],[-88.18239,41.9479],[-88.18426,41.94788],[-88.18416,41.95616],[-88.1841,41.95619],[-88.18409,41.95693],[-88.1846,41.95703],[-88.18554,41.95922],[-88.18563,41.95981],[-88.18563,41.96082],[-88.18536,41.96203],[-88.18407,41.96455],[-88.18389,41.96535],[-88.18365,41.97727],[-88.18357,41.98599],[-88.18362,41.98637],[-88.18418,41.98732],[-88.18421,41.9876],[-88.1691,41.98773],[-88.1451,41.98824],[-88.1449,41.99121],[-88.1448,42.00543],[-88.1478,42.00664],[-88.14896,42.00702],[-88.15433,42.0083],[-88.1593,42.00902],[-88.15925,42.01117],[-88.15951,42.01359],[-88.16473,42.01365],[-88.16731,42.01406],[-88.1688,42.01398],[-88.16932,42.01414],[-88.17021,42.01537],[-88.17462,42.01392],[-88.17524,42.01357],[-88.17583,42.01391],[-88.17701,42.01237],[-88.18034,42.01305],[-88.18428,42.01361],[-88.1856,42.01397],[-88.18801,42.0149],[-88.1882,42.01465],[-88.1883,42.01435],[-88.18829,42.00976],[-88.18491,42.0098],[-88.18463,42.00973],[-88.18536,42.0084],[-88.18561,42.00725],[-88.18662,42.0059],[-88.18708,42.00589],[-88.18797,42.00603],[-88.1927,42.00607],[-88.19316,42.00578],[-88.19765,42.00651],[-88.20099,42.00836],[-88.2018,42.00861],[-88.20179,42.00866],[-88.20318,42.00891],[-88.20317,42.00988],[-88.2044,42.00985],[-88.20522,42.00936],[-88.20573,42.00925],[-88.20631,42.00928],[-88.20861,42.01005],[-88.20879,42.00988],[-88.20973,42.0099],[-88.20988,42.01006],[-88.20971,42.01042],[-88.21319,42.01175],[-88.21734,42.01288],[-88.21765,42.01302],[-88.21818,42.01335],[-88.2196,42.01451],[-88.22049,42.01488],[-88.22174,42.01506],[-88.22377,42.01499],[-88.22489,42.01504],[-88.22484,42.01569],[-88.22494,42.01571],[-88.2247,42.01648],[-88.22563,42.01692],[-88.22548,42.01718],[-88.22506,42.01747],[-88.22398,42.01777],[-88.22368,42.018],[-88.22339,42.01837],[-88.22317,42.0185],[-88.22205,42.01868],[-88.2252,42.02241],[-88.2245,42.0228],[-88.2236,42.024],[-88.22517,42.02389],[-88.22544,42.02403],[-88.22588,42.02445],[-88.22639,42.02426],[-88.2268,42.02395],[-88.22705,42.02353],[-88.22857,42.02371],[-88.22845,42.02414],[-88.22763,42.0247],[-88.22764,42.02506],[-88.22749,42.02528],[-88.22689,42.02571],[-88.2291,42.02822],[-88.22961,42.02841],[-88.2292,42.02921],[-88.22856,42.03015],[-88.22975,42.03027],[-88.22977,42.03066],[-88.23047,42.03204],[-88.23053,42.03244],[-88.23008,42.03828],[-88.22826,42.03832],[-88.22779,42.03842],[-88.22493,42.04069],[-88.225,42.04076],[-88.2276,42.03864],[-88.22795,42.03847],[-88.22826,42.03843],[-88.22837,42.03842],[-88.22838,42.04029],[-88.23284,42.04018],[-88.23304,42.04681],[-88.23765,42.04676],[-88.23766,42.04664],[-88.25154,42.04649],[-88.25157,42.04734],[-88.25184,42.04854],[-88.2543,42.04844],[-88.25476,42.04868],[-88.25389,42.0494],[-88.25361,42.04986],[-88.25361,42.05111],[-88.2537,42.05139],[-88.25396,42.05172],[-88.25461,42.0522],[-88.25393,42.05259],[-88.25373,42.05281],[-88.25362,42.05312],[-88.25367,42.05344],[-88.25383,42.05365],[-88.25456,42.05419],[-88.25472,42.0544],[-88.25482,42.05467],[-88.25484,42.05572],[-88.25465,42.05604],[-88.25379,42.05649],[-88.25371,42.05677],[-88.25284,42.05674],[-88.25192,42.05791],[-88.25228,42.05823],[-88.25245,42.05852],[-88.25251,42.05942],[-88.25798,42.05941],[-88.2582,42.05938],[-88.25882,42.0591],[-88.26239,42.05909],[-88.2628,42.05921],[-88.26355,42.05898]]]},"properties":{"AREALAND":398471456,"AREAWATER":7646718,"BASENAME":"3","CDSESSN":"120","CDTYP":"O","CENTLAT":"+41.9247506","CENTLON":"-088.0620758","FUNCSTAT":"N","GEOID":"1703","HU100":null,"INTPTLAT":"+41.9356980","INTPTLON":"-087.9747218","LSADC":"C2","MTFCC":"G5200","NAME":"Congressional District 3","OBJECTID":17,"OID":"2119042393277722","POP100":null,"STATE":"17","CD120":"03"}},{"type":"Feature","id":39,"geometry":{"type":"Polygon","coordinates":[[[-88.25222,41.46275],[-88.25136,41.43973],[-88.25085,41.42285],[-88.24982,41.39683],[-88.24949,41.38336],[-88.24898,41.36986],[-88.24886,41.36051],[-88.24804,41.33317],[-88.24797,41.32511],[-88.24784,41.32299],[-88.24699,41.2875],[-88.24588,41.25591],[-88.24414,41.20157],[-88.19912,41.20236],[-88.1289,41.20389],[-88.09921,41.20435],[-88.01181,41.20551],[-87.99215,41.20525],[-87.99125,41.20533],[-87.98893,41.20381],[-87.98676,41.20295],[-87.98594,41.20274],[-87.98299,41.20235],[-87.9813,41.20186],[-87.98005,41.20102],[-87.97875,41.19999],[-87.97742,41.19876],[-87.97515,41.19714],[-87.9725,41.19579],[-87.9717,41.19519],[-87.97059,41.19386],[-87.96708,41.189],[-87.96585,41.18707],[-87.96484,41.18606],[-87.96182,41.18339],[-87.96016,41.18168],[-87.95935,41.18036],[-87.95763,41.17789],[-87.95427,41.17352],[-87.9529,41.17154],[-87.94966,41.16656],[-87.94838,41.16509],[-87.94035,41.1602],[-87.93832,41.15868],[-87.93686,41.15779],[-87.93539,41.15742],[-87.93324,41.15753],[-87.93215,41.15743],[-87.93086,41.15753],[-87.92888,41.15746],[-87.92645,41.15717],[-87.92474,41.15676],[-87.92383,41.15644],[-87.9229,41.15592],[-87.92163,41.15557],[-87.91989,41.15573],[-87.91856,41.15575],[-87.91781,41.1556],[-87.91713,41.15531],[-87.91644,41.15489],[-87.91579,41.15425],[-87.91472,41.153],[-87.91266,41.1511],[-87.91232,41.15087],[-87.90904,41.14951],[-87.90831,41.14926],[-87.90635,41.14915],[-87.90437,41.14888],[-87.90297,41.14914],[-87.90166,41.14968],[-87.90079,41.14976],[-87.89996,41.1497],[-87.89814,41.14923],[-87.89561,41.14773],[-87.89483,41.14773],[-87.89453,41.14731],[-87.89454,41.14801],[-87.89257,41.14798],[-87.89253,41.14681],[-87.89195,41.14715],[-87.89135,41.14737],[-87.89079,41.14733],[-87.89033,41.14754],[-87.88982,41.14736],[-87.88971,41.14724],[-87.88951,41.14724],[-87.88925,41.14739],[-87.88887,41.14746],[-87.88865,41.1476],[-87.88837,41.14745],[-87.88814,41.14746],[-87.88728,41.14796],[-87.88068,41.14799],[-87.88069,41.15099],[-87.8803,41.15149],[-87.88025,41.1518],[-87.88051,41.15182],[-87.88129,41.15277],[-87.88263,41.15219],[-87.88335,41.15328],[-87.87968,41.1549],[-87.87914,41.15532],[-87.87829,41.15527],[-87.87822,41.15564],[-87.87795,41.15605],[-87.87629,41.15696],[-87.87547,41.1573],[-87.87528,41.15748],[-87.87515,41.15777],[-87.87315,41.15787],[-87.87197,41.15819],[-87.87209,41.15833],[-87.87026,41.15885],[-87.86949,41.15888],[-87.86949,41.15937],[-87.8683,41.15937],[-87.86829,41.15879],[-87.86814,41.15861],[-87.86797,41.15854],[-87.86643,41.15855],[-87.86638,41.15947],[-87.86669,41.15946],[-87.86668,41.16141],[-87.86602,41.16142],[-87.8663,41.16183],[-87.86629,41.16261],[-87.85765,41.16261],[-87.86048,41.14802],[-87.85513,41.14803],[-87.85511,41.14636],[-87.85127,41.14637],[-87.84132,41.14645],[-87.84135,41.14812],[-87.83485,41.14816],[-87.83494,41.14868],[-87.83643,41.14972],[-87.83661,41.15025],[-87.83683,41.16355],[-87.83752,41.19187],[-87.83741,41.19187],[-87.83741,41.19199],[-87.83768,41.20125],[-87.83783,41.20125],[-87.83803,41.20681],[-87.81873,41.20695],[-87.81907,41.22157],[-87.79952,41.22169],[-87.79943,41.20709],[-87.78011,41.20726],[-87.78166,41.29586],[-87.84254,41.2951],[-87.84271,41.30409],[-87.8424,41.30424],[-87.84215,41.30465],[-87.84188,41.30623],[-87.84165,41.30675],[-87.84108,41.30741],[-87.83859,41.30861],[-87.83822,41.30897],[-87.83795,41.3097],[-87.82534,41.30987],[-87.82481,41.30995],[-87.82424,41.31022],[-87.82382,41.31059],[-87.82362,41.311],[-87.82433,41.35347],[-87.78577,41.35399],[-87.7873,41.46984],[-87.7903,41.46985],[-87.79031,41.50625],[-87.79041,41.50801],[-87.79041,41.52804],[-87.77296,41.52809],[-87.7689,41.52817],[-87.75713,41.52808],[-87.75124,41.52795],[-87.74279,41.52796],[-87.7433,41.557],[-87.7434,41.56008],[-87.74353,41.56062],[-87.74339,41.56063],[-87.74339,41.56078],[-87.74357,41.5621],[-87.74447,41.56564],[-87.74459,41.56653],[-87.74452,41.56726],[-87.7431,41.57223],[-87.74262,41.57364],[-87.74194,41.57507],[-87.742,41.57513],[-87.74164,41.57596],[-87.74147,41.57587],[-87.74003,41.57777],[-87.73818,41.57958],[-87.73256,41.58396],[-87.72922,41.58645],[-87.72516,41.58645],[-87.72393,41.58623],[-87.7225,41.58617],[-87.71008,41.58621],[-87.709,41.58635],[-87.70737,41.58634],[-87.70659,41.58621],[-87.70664,41.59292],[-87.70659,41.59353],[-87.70181,41.59351],[-87.70182,41.59532],[-87.70061,41.59533],[-87.70063,41.59714],[-87.69942,41.59714],[-87.69944,41.59895],[-87.69822,41.59896],[-87.69824,41.60077],[-87.69946,41.60077],[-87.69955,41.60788],[-87.69947,41.60806],[-87.6995,41.60885],[-87.69615,41.61138],[-87.69632,41.61155],[-87.6932,41.614],[-87.6912,41.61553],[-87.69076,41.61556],[-87.68514,41.61986],[-87.68515,41.61915],[-87.68022,41.61923],[-87.68023,41.61894],[-87.67542,41.619],[-87.67528,41.62267],[-87.6657,41.62265],[-87.66572,41.62628],[-87.66331,41.62624],[-87.66243,41.62633],[-87.66087,41.62633],[-87.65602,41.62626],[-87.65602,41.62838],[-87.65634,41.6299],[-87.65616,41.63284],[-87.65619,41.63365],[-87.66093,41.63351],[-87.66424,41.6335],[-87.66654,41.63355],[-87.66674,41.6337],[-87.66445,41.63518],[-87.66348,41.63595],[-87.66232,41.63733],[-87.66162,41.63867],[-87.66133,41.63954],[-87.66121,41.64087],[-87.66148,41.64839],[-87.66971,41.64824],[-87.68068,41.64818],[-87.68117,41.65137],[-87.68098,41.65144],[-87.68001,41.65145],[-87.67999,41.65173],[-87.68118,41.65176],[-87.68027,41.65247],[-87.67993,41.65246],[-87.67985,41.65327],[-87.68003,41.65368],[-87.6801,41.6618],[-87.68012,41.6625],[-87.68021,41.6627],[-87.6773,41.66265],[-87.66575,41.66286],[-87.66552,41.65706],[-87.66238,41.65806],[-87.66192,41.65515],[-87.66062,41.65544],[-87.66061,41.65511],[-87.6566,41.6555],[-87.65056,41.65577],[-87.64685,41.65703],[-87.64122,41.65743],[-87.63513,41.65743],[-87.63514,41.65756],[-87.63284,41.65769],[-87.63152,41.65796],[-87.63128,41.65792],[-87.63097,41.6575],[-87.62471,41.66129],[-87.62175,41.66173],[-87.62195,41.66326],[-87.62209,41.66345],[-87.62244,41.67073],[-87.62352,41.70717],[-87.62592,41.70713],[-87.626,41.71078],[-87.6236,41.71081],[-87.62364,41.71401],[-87.62342,41.71468],[-87.62288,41.71574],[-87.62209,41.715],[-87.62073,41.71419],[-87.6195,41.71374],[-87.61813,41.71347],[-87.61724,41.71341],[-87.61385,41.71343],[-87.60512,41.71359],[-87.60652,41.70743],[-87.59632,41.70761],[-87.59514,41.70898],[-87.59434,41.71039],[-87.59441,41.71046],[-87.59421,41.71065],[-87.59225,41.7162],[-87.59208,41.71763],[-87.59213,41.72131],[-87.5921,41.72155],[-87.59187,41.722],[-87.59165,41.72225],[-87.58513,41.72234],[-87.58496,41.72057],[-87.57366,41.70797],[-87.56451,41.7081],[-87.56452,41.70854],[-87.56512,41.70853],[-87.56514,41.70989],[-87.56454,41.7099],[-87.56472,41.7226],[-87.5566,41.7227],[-87.55669,41.72635],[-87.55807,41.72633],[-87.55809,41.72684],[-87.55671,41.72686],[-87.55673,41.72768],[-87.55811,41.72766],[-87.55815,41.72948],[-87.561,41.73154],[-87.56098,41.73202],[-87.56104,41.73206],[-87.55986,41.73299],[-87.56019,41.73323],[-87.55965,41.73362],[-87.55549,41.73368],[-87.55554,41.73551],[-87.55692,41.73549],[-87.55697,41.73731],[-87.55689,41.73731],[-87.55692,41.73913],[-87.55571,41.73914],[-87.55574,41.74096],[-87.55513,41.74097],[-87.55519,41.74428],[-87.55577,41.7446],[-87.5552,41.74461],[-87.55522,41.74643],[-87.55401,41.74644],[-87.55404,41.74826],[-87.55526,41.74824],[-87.55532,41.75188],[-87.55593,41.75187],[-87.55592,41.75142],[-87.55714,41.7514],[-87.56501,41.7513],[-87.56502,41.75175],[-87.56623,41.75173],[-87.5663,41.75536],[-87.56691,41.75535],[-87.56697,41.75854],[-87.56759,41.75853],[-87.56759,41.75897],[-87.56637,41.75899],[-87.56645,41.76262],[-87.56767,41.76261],[-87.5677,41.76442],[-87.56649,41.76444],[-87.56651,41.76599],[-87.56697,41.76617],[-87.56737,41.76623],[-87.57385,41.76616],[-87.57383,41.76533],[-87.5737,41.76436],[-87.57626,41.76433],[-87.5763,41.76621],[-87.58633,41.76612],[-87.58639,41.76846],[-87.58624,41.7697],[-87.58132,41.76975],[-87.58141,41.77339],[-87.5863,41.77334],[-87.58635,41.77511],[-87.58627,41.77532],[-87.58641,41.77854],[-87.58671,41.79133],[-87.58664,41.79338],[-87.58794,41.79336],[-87.58751,41.79519],[-87.58727,41.79519],[-87.58705,41.79645],[-87.58696,41.79843],[-87.58702,41.79957],[-87.59179,41.79951],[-87.59188,41.80423],[-87.59674,41.80418],[-87.59683,41.80964],[-87.6039,41.80957],[-87.60406,41.81685],[-87.59728,41.81692],[-87.59665,41.81684],[-87.59643,41.81692],[-87.59526,41.81694],[-87.58338,41.81708],[-87.59468,41.83469],[-87.59747,41.83878],[-87.6047,41.83844],[-87.60619,41.83854],[-87.6062,41.83875],[-87.60701,41.83932],[-87.60721,41.83962],[-87.60757,41.84057],[-87.60813,41.84143],[-87.60812,41.84228],[-87.60866,41.84296],[-87.60912,41.84419],[-87.60909,41.84459],[-87.60877,41.84525],[-87.60164,41.8452],[-87.6043,41.85271],[-87.61055,41.85283],[-87.6136,41.85275],[-87.61383,41.85283],[-87.61454,41.85283],[-87.61673,41.85795],[-87.61765,41.85799],[-87.61888,41.85792],[-87.6204,41.86011],[-87.62083,41.86051],[-87.62086,41.86024],[-87.62247,41.86025],[-87.62224,41.85114],[-87.62376,41.85111],[-87.62367,41.84747],[-87.62358,41.84738],[-87.62339,41.84564],[-87.62214,41.84566],[-87.6221,41.84417],[-87.62221,41.84386],[-87.62208,41.84362],[-87.62208,41.84274],[-87.62198,41.84199],[-87.62269,41.84193],[-87.62268,41.84131],[-87.62328,41.84129],[-87.62323,41.83917],[-87.62331,41.83835],[-87.62344,41.83834],[-87.62333,41.8347],[-87.63057,41.83461],[-87.6303,41.82366],[-87.61673,41.82384],[-87.61658,41.81844],[-87.61376,41.81848],[-87.61394,41.81758],[-87.61656,41.81754],[-87.61648,41.81483],[-87.61571,41.81484],[-87.6157,41.81546],[-87.61487,41.81547],[-87.6148,41.81486],[-87.61403,41.81487],[-87.61394,41.81306],[-87.61459,41.81305],[-87.61456,41.81214],[-87.61389,41.81215],[-87.61381,41.81118],[-87.61387,41.80394],[-87.61402,41.80305],[-87.615,41.80303],[-87.61497,41.80212],[-87.61611,41.8021],[-87.61614,41.80191],[-87.61562,41.78024],[-87.6197,41.78017],[-87.62106,41.78005],[-87.62579,41.78005],[-87.64617,41.77973],[-87.64613,41.77793],[-87.64597,41.77784],[-87.64595,41.77773],[-87.64561,41.76473],[-87.64622,41.76472],[-87.64619,41.76336],[-87.64558,41.76336],[-87.64553,41.76154],[-87.64432,41.76156],[-87.64423,41.75799],[-87.65878,41.75773],[-87.66971,41.75765],[-87.67083,41.75762],[-87.6709,41.75756],[-87.67206,41.75762],[-87.67214,41.75755],[-87.67647,41.75746],[-87.68305,41.75738],[-87.68367,41.75754],[-87.68668,41.75748],[-87.68686,41.76281],[-87.68808,41.76279],[-87.68814,41.76462],[-87.70281,41.76439],[-87.70261,41.75722],[-87.71108,41.75704],[-87.71233,41.75719],[-87.71232,41.75691],[-87.72219,41.75684],[-87.72218,41.75493],[-87.72197,41.75136],[-87.72036,41.75138],[-87.72029,41.74953],[-87.72191,41.7495],[-87.72168,41.74218],[-87.7229,41.74216],[-87.72277,41.7385],[-87.72399,41.73847],[-87.72386,41.73483],[-87.70212,41.7352],[-87.70224,41.73416],[-87.70183,41.72073],[-87.69566,41.7208],[-87.69555,41.71718],[-87.69184,41.71721],[-87.69173,41.71357],[-87.68184,41.71367],[-87.68251,41.73552],[-87.67309,41.73565],[-87.66975,41.73191],[-87.66822,41.73018],[-87.66744,41.72845],[-87.66773,41.7284],[-87.66795,41.72861],[-87.66789,41.72842],[-87.66847,41.7284],[-87.66918,41.72823],[-87.66847,41.72722],[-87.66815,41.72649],[-87.668,41.7259],[-87.66818,41.72553],[-87.66834,41.72118],[-87.66915,41.72116],[-87.6689,41.71204],[-87.6692,41.7105],[-87.66952,41.71004],[-87.67001,41.70896],[-87.67023,41.70809],[-87.67064,41.70709],[-87.6709,41.70542],[-87.67083,41.70332],[-87.67105,41.70209],[-87.67103,41.69991],[-87.67115,41.69934],[-87.6712,41.69922],[-87.67436,41.69915],[-87.67433,41.69807],[-87.67402,41.69722],[-87.67408,41.69674],[-87.67883,41.69665],[-87.67903,41.69602],[-87.67908,41.69543],[-87.68127,41.69542],[-87.68093,41.6845],[-87.68586,41.68447],[-87.68566,41.67949],[-87.68576,41.67862],[-87.68636,41.6772],[-87.7099,41.67684],[-87.71002,41.68],[-87.71013,41.68048],[-87.71136,41.68044],[-87.71139,41.68127],[-87.71158,41.68136],[-87.7116,41.6818],[-87.71133,41.68181],[-87.71136,41.68227],[-87.71142,41.68227],[-87.71152,41.68409],[-87.71515,41.68404],[-87.71515,41.68481],[-87.71467,41.68487],[-87.71478,41.68772],[-87.71527,41.68777],[-87.71528,41.6885],[-87.71047,41.68862],[-87.71058,41.69142],[-87.72571,41.69124],[-87.73629,41.69103],[-87.73973,41.69089],[-87.73945,41.68363],[-87.72975,41.6838],[-87.72945,41.67651],[-87.71974,41.67667],[-87.71862,41.6475],[-87.72701,41.64731],[-87.7283,41.64765],[-87.72835,41.64733],[-87.73808,41.64716],[-87.73776,41.63837],[-87.7474,41.63678],[-87.74716,41.63241],[-87.757,41.63219],[-87.75691,41.62936],[-87.75398,41.62941],[-87.7539,41.62749],[-87.75319,41.62748],[-87.75304,41.62559],[-87.75383,41.62558],[-87.75382,41.62495],[-87.7525,41.62498],[-87.75232,41.6198],[-87.75231,41.61961],[-87.75265,41.61963],[-87.75345,41.61999],[-87.75393,41.62008],[-87.75535,41.62029],[-87.75658,41.62028],[-87.75556,41.59027],[-87.75795,41.58829],[-87.7603,41.58827],[-87.76028,41.5866],[-87.76215,41.58531],[-87.76346,41.58458],[-87.76512,41.58381],[-87.76512,41.5835],[-87.77475,41.57923],[-87.77443,41.56972],[-87.77565,41.56971],[-87.77551,41.56605],[-87.77878,41.56602],[-87.77875,41.56502],[-87.77864,41.56467],[-87.77757,41.56335],[-87.77744,41.56296],[-87.77742,41.56241],[-87.77697,41.56242],[-87.77697,41.56193],[-87.77718,41.56154],[-87.77714,41.56],[-87.77599,41.56002],[-87.77596,41.55881],[-87.83659,41.55797],[-87.85618,41.55761],[-87.85639,41.56486],[-87.85184,41.56494],[-87.85164,41.56591],[-87.85159,41.56657],[-87.8518,41.57223],[-87.87122,41.57187],[-87.87146,41.57908],[-87.88115,41.57901],[-87.8814,41.58627],[-87.89105,41.58616],[-87.89145,41.60067],[-87.89506,41.6006],[-87.89507,41.60083],[-87.90107,41.60067],[-87.90106,41.60048],[-87.90781,41.60036],[-87.90781,41.6005],[-87.91048,41.60044],[-87.91062,41.6016],[-87.9111,41.61815],[-87.91154,41.62941],[-87.91197,41.64515],[-87.91257,41.66198],[-87.91275,41.66214],[-87.91261,41.66316],[-87.91269,41.66574],[-87.95154,41.66497],[-87.95161,41.67194],[-87.95214,41.67231],[-87.9809,41.67155],[-87.98067,41.66483],[-87.9806,41.6644],[-87.9855,41.66418],[-87.99036,41.66409],[-87.99037,41.66419],[-87.99096,41.66414],[-87.99094,41.66403],[-87.9915,41.664],[-87.9915,41.6639],[-87.99272,41.66372],[-87.99312,41.66428],[-87.99422,41.66428],[-87.99422,41.66394],[-87.99464,41.66397],[-87.99451,41.6603],[-87.99018,41.66033],[-87.9901,41.65678],[-87.99578,41.65667],[-87.99577,41.65659],[-87.99674,41.65656],[-87.99705,41.65662],[-87.99705,41.65669],[-87.99765,41.65667],[-87.99765,41.65659],[-87.99906,41.65653],[-87.99906,41.65663],[-88.00465,41.65651],[-88.00475,41.66014],[-88.01004,41.66004],[-88.01164,41.66044],[-88.0173,41.66041],[-88.01743,41.66359],[-88.02487,41.66363],[-88.0253,41.66352],[-88.02546,41.66362],[-88.02835,41.66353],[-88.02769,41.64151],[-88.04666,41.64102],[-88.04653,41.6367],[-88.04903,41.63639],[-88.04896,41.6371],[-88.05284,41.63698],[-88.06035,41.63695],[-88.06306,41.6114],[-88.06365,41.61139],[-88.06453,41.60299],[-88.06475,41.60157],[-88.06515,41.59997],[-88.06546,41.59912],[-88.06649,41.59695],[-88.06637,41.59692],[-88.06641,41.59682],[-88.06631,41.59682],[-88.06626,41.59703],[-88.06556,41.59702],[-88.06558,41.59684],[-88.06462,41.59686],[-88.0646,41.59703],[-88.05831,41.59701],[-88.04065,41.59741],[-88.04065,41.59603],[-88.04053,41.59419],[-88.03967,41.59355],[-88.04707,41.58798],[-88.04807,41.58756],[-88.04938,41.58738],[-88.04983,41.5874],[-88.05149,41.58779],[-88.05295,41.58468],[-88.04975,41.58383],[-88.04819,41.58391],[-88.04814,41.58266],[-88.02579,41.5833],[-88.02544,41.57021],[-88.02395,41.52302],[-88.02478,41.52301],[-88.02477,41.52254],[-88.02548,41.52252],[-88.02549,41.52299],[-88.02581,41.52298],[-88.0258,41.52252],[-88.0261,41.52251],[-88.02605,41.5213],[-88.02456,41.52132],[-88.02458,41.52198],[-88.02391,41.52199],[-88.02233,41.47568],[-88.02167,41.45315],[-88.02051,41.42032],[-88.01899,41.38044],[-88.09616,41.37911],[-88.10072,41.37896],[-88.11298,41.37876],[-88.1349,41.37825],[-88.13727,41.43464],[-88.13835,41.4647],[-88.17691,41.46406],[-88.17708,41.46745],[-88.17244,41.47088],[-88.17251,41.47106],[-88.17279,41.47823],[-88.17762,41.47818],[-88.17739,41.47239],[-88.1775,41.47235],[-88.17779,41.47964],[-88.17829,41.48117],[-88.17829,41.48171],[-88.18289,41.48082],[-88.19209,41.47702],[-88.19208,41.47685],[-88.19639,41.47501],[-88.19972,41.47373],[-88.20163,41.47305],[-88.20376,41.47245],[-88.20592,41.47193],[-88.20773,41.4716],[-88.20808,41.47104],[-88.20822,41.47066],[-88.20778,41.46964],[-88.20763,41.4697],[-88.20752,41.46947],[-88.20768,41.46941],[-88.20757,41.46899],[-88.20757,41.46869],[-88.20766,41.46858],[-88.20839,41.46821],[-88.20922,41.46803],[-88.20917,41.46798],[-88.20929,41.46792],[-88.21063,41.46734],[-88.2143,41.46345],[-88.23486,41.46304],[-88.2369,41.4629],[-88.23811,41.46297],[-88.24047,41.46295],[-88.25222,41.46275]]]},"properties":{"AREALAND":1583965221,"AREAWATER":24921037,"BASENAME":"1","CDSESSN":"120","CDTYP":"O","CENTLAT":"+41.4145505","CENTLON":"-087.9524943","FUNCSTAT":"N","GEOID":"1701","HU100":null,"INTPTLAT":"+41.4175970","INTPTLON":"-087.9520463","LSADC":"C2","MTFCC":"G5200","NAME":"Congressional District 1","OBJECTID":39,"OID":"2119042393277728","POP100":null,"STATE":"17","CD120":"01"}},{"type":"Feature","id":40,"geometry":{"type":"Polygon","coordinates":[[[-88.47216,42.1326],[-88.4719,42.11589],[-88.47187,42.09314],[-88.47179,42.09308],[-88.47176,42.09064],[-88.47178,42.09049],[-88.47192,42.09054],[-88.47176,42.06695],[-88.43398,42.06682],[-88.42508,42.06672],[-88.41739,42.06693],[-88.41341,42.06694],[-88.40741,42.06673],[-88.4058,42.0668],[-88.40201,42.06674],[-88.39684,42.06682],[-88.39116,42.06678],[-88.37608,42.06692],[-88.37638,42.06649],[-88.37661,42.06597],[-88.37664,42.06407],[-88.37655,42.06231],[-88.37643,42.05344],[-88.37633,42.05002],[-88.37626,42.04991],[-88.37621,42.04584],[-88.37626,42.03984],[-88.37657,42.03245],[-88.37625,42.0288],[-88.37622,42.0184],[-88.37607,42.01392],[-88.37593,42.01285],[-88.37598,42.00654],[-88.37585,42.00447],[-88.37591,41.99931],[-88.37596,41.99906],[-88.3759,41.99321],[-88.37586,41.99178],[-88.37565,41.99178],[-88.37548,41.98602],[-88.37571,41.98092],[-88.3756,41.97779],[-88.37561,41.97456],[-88.37565,41.97289],[-88.3758,41.97254],[-88.37587,41.96251],[-88.37585,41.96006],[-88.37567,41.95631],[-88.37569,41.95472],[-88.3756,41.95389],[-88.37561,41.94595],[-88.37552,41.94513],[-88.37546,41.94188],[-88.37557,41.93747],[-88.37537,41.93539],[-88.37544,41.93084],[-88.3749,41.93062],[-88.37346,41.92981],[-88.37545,41.93012],[-88.37538,41.92629],[-88.37501,41.91989],[-88.37479,41.91787],[-88.37572,41.91784],[-88.37635,41.9142],[-88.35059,41.91318],[-88.34984,41.91316],[-88.3493,41.91331],[-88.34783,41.913],[-88.34217,41.91267],[-88.32021,41.91265],[-88.30778,41.91453],[-88.30169,41.91674],[-88.29924,41.91726],[-88.2939,41.91804],[-88.29261,41.91833],[-88.29215,41.91509],[-88.29177,41.9136],[-88.29204,41.91348],[-88.29224,41.91325],[-88.29238,41.91272],[-88.29233,41.91245],[-88.28967,41.90895],[-88.28893,41.90836],[-88.28777,41.90788],[-88.28791,41.9077],[-88.28797,41.90748],[-88.28795,41.90653],[-88.28676,41.90396],[-88.2867,41.90368],[-88.28675,41.9011],[-88.2869,41.90044],[-88.28691,41.89976],[-88.28717,41.89884],[-88.28784,41.89884],[-88.28817,41.89873],[-88.28891,41.8983],[-88.28957,41.89816],[-88.29132,41.89858],[-88.29227,41.89843],[-88.30292,41.89825],[-88.30232,41.89605],[-88.30194,41.89242],[-88.3019,41.89054],[-88.30294,41.88728],[-88.30385,41.88175],[-88.30492,41.87913],[-88.30671,41.87667],[-88.30735,41.87555],[-88.30804,41.87353],[-88.30885,41.86987],[-88.30974,41.86803],[-88.31032,41.86531],[-88.3102,41.86505],[-88.30977,41.8652],[-88.30971,41.86465],[-88.30994,41.86296],[-88.30962,41.86258],[-88.30945,41.86192],[-88.3066,41.86193],[-88.30662,41.8626],[-88.30497,41.86263],[-88.30497,41.86528],[-88.30488,41.86549],[-88.30466,41.86563],[-88.29869,41.86683],[-88.29731,41.86696],[-88.2976,41.86812],[-88.29583,41.86844],[-88.29394,41.86858],[-88.28797,41.86867],[-88.28797,41.86894],[-88.27327,41.86915],[-88.272,41.86933],[-88.27119,41.86978],[-88.26956,41.87097],[-88.26906,41.87118],[-88.26836,41.87126],[-88.26255,41.87115],[-88.26241,41.89923],[-88.26259,41.91962],[-88.26253,41.9222],[-88.26269,41.93548],[-88.26273,41.96303],[-88.26288,41.97827],[-88.26292,41.99362],[-88.26332,42.01994],[-88.26322,42.02195],[-88.26329,42.02303],[-88.26346,42.03804],[-88.26339,42.04462],[-88.26355,42.05898],[-88.2628,42.05921],[-88.26239,42.05909],[-88.25882,42.0591],[-88.25811,42.05941],[-88.25251,42.05942],[-88.25245,42.05852],[-88.25228,42.05823],[-88.25192,42.05791],[-88.25284,42.05674],[-88.25371,42.05677],[-88.25379,42.05649],[-88.25465,42.05604],[-88.25484,42.05572],[-88.25482,42.05467],[-88.25472,42.0544],[-88.25456,42.05419],[-88.25383,42.05365],[-88.25367,42.05344],[-88.25362,42.05312],[-88.25373,42.05281],[-88.25393,42.05259],[-88.25461,42.0522],[-88.25396,42.05172],[-88.2537,42.05139],[-88.25361,42.05111],[-88.25361,42.04986],[-88.25389,42.0494],[-88.25476,42.04868],[-88.2543,42.04844],[-88.25184,42.04854],[-88.25157,42.04734],[-88.25154,42.04649],[-88.23766,42.04664],[-88.23765,42.04676],[-88.23304,42.04681],[-88.23284,42.04018],[-88.22838,42.04029],[-88.22837,42.03842],[-88.22826,42.03843],[-88.22795,42.03847],[-88.2276,42.03864],[-88.225,42.04076],[-88.22493,42.04069],[-88.22779,42.03842],[-88.22826,42.03832],[-88.23008,42.03828],[-88.23053,42.03244],[-88.23047,42.03204],[-88.22977,42.03066],[-88.22975,42.03027],[-88.22856,42.03015],[-88.2292,42.02921],[-88.22961,42.02841],[-88.2291,42.02822],[-88.22689,42.02571],[-88.22749,42.02528],[-88.22764,42.02506],[-88.22763,42.0247],[-88.22845,42.02414],[-88.22857,42.02371],[-88.22705,42.02353],[-88.2268,42.02395],[-88.22639,42.02426],[-88.22588,42.02445],[-88.22544,42.02403],[-88.22517,42.02389],[-88.2236,42.024],[-88.2245,42.0228],[-88.2252,42.02241],[-88.22205,42.01868],[-88.22317,42.0185],[-88.22339,42.01837],[-88.22368,42.018],[-88.22398,42.01777],[-88.22506,42.01747],[-88.22548,42.01718],[-88.22563,42.01692],[-88.2247,42.01648],[-88.22494,42.01571],[-88.22484,42.01569],[-88.22489,42.01504],[-88.22377,42.01499],[-88.22174,42.01506],[-88.22049,42.01488],[-88.2196,42.01451],[-88.21818,42.01335],[-88.21765,42.01302],[-88.21734,42.01288],[-88.21319,42.01175],[-88.20971,42.01042],[-88.20988,42.01006],[-88.20973,42.0099],[-88.20879,42.00988],[-88.20861,42.01005],[-88.20631,42.00928],[-88.20573,42.00925],[-88.20522,42.00936],[-88.2044,42.00985],[-88.20317,42.00988],[-88.20318,42.00891],[-88.20179,42.00866],[-88.2018,42.00861],[-88.20099,42.00836],[-88.19765,42.00651],[-88.19316,42.00578],[-88.1927,42.00607],[-88.18797,42.00603],[-88.18708,42.00589],[-88.18662,42.0059],[-88.18561,42.00725],[-88.18536,42.0084],[-88.18463,42.00973],[-88.18491,42.0098],[-88.18829,42.00976],[-88.1883,42.01435],[-88.1882,42.01465],[-88.18801,42.0149],[-88.1856,42.01397],[-88.18428,42.01361],[-88.18034,42.01305],[-88.17701,42.01237],[-88.17583,42.01391],[-88.17524,42.01357],[-88.17462,42.01392],[-88.17021,42.01537],[-88.16932,42.01414],[-88.1688,42.01398],[-88.16731,42.01406],[-88.16473,42.01365],[-88.15951,42.01359],[-88.15925,42.01117],[-88.1593,42.00902],[-88.15433,42.0083],[-88.14896,42.00702],[-88.1478,42.00664],[-88.1448,42.00543],[-88.1449,41.99121],[-88.1451,41.98824],[-88.1691,41.98773],[-88.18421,41.9876],[-88.18418,41.98732],[-88.18362,41.98637],[-88.18357,41.98599],[-88.18365,41.97727],[-88.18389,41.96535],[-88.18407,41.96455],[-88.18536,41.96203],[-88.18563,41.96082],[-88.18563,41.95981],[-88.18554,41.95922],[-88.1846,41.95703],[-88.18409,41.95693],[-88.1841,41.95619],[-88.18416,41.95616],[-88.18426,41.94788],[-88.18239,41.9479],[-88.18152,41.94389],[-88.18068,41.94389],[-88.18043,41.9423],[-88.18048,41.94224],[-88.18041,41.94218],[-88.17959,41.93687],[-88.1795,41.93684],[-88.17957,41.93599],[-88.17949,41.93585],[-88.17965,41.92213],[-88.18212,41.92213],[-88.18217,41.9159],[-88.18209,41.91578],[-88.18175,41.91561],[-88.18173,41.91547],[-88.18193,41.91497],[-88.18182,41.91487],[-88.18138,41.91486],[-88.18111,41.91472],[-88.18092,41.91456],[-88.18103,41.91437],[-88.18094,41.91414],[-88.17986,41.91369],[-88.17965,41.91314],[-88.17961,41.91292],[-88.1797,41.91292],[-88.1797,41.91285],[-88.17492,41.91296],[-88.17486,41.91768],[-88.17318,41.91771],[-88.17319,41.91701],[-88.17216,41.917],[-88.17218,41.91773],[-88.16991,41.91777],[-88.16975,41.91811],[-88.16947,41.91822],[-88.16942,41.91871],[-88.15538,41.91898],[-88.15543,41.91643],[-88.15353,41.91647],[-88.15293,41.91663],[-88.15177,41.91726],[-88.15133,41.91737],[-88.15054,41.91738],[-88.15055,41.91621],[-88.15038,41.91419],[-88.15051,41.90788],[-88.14869,41.90766],[-88.14868,41.9074],[-88.14802,41.90732],[-88.14801,41.90758],[-88.12056,41.90431],[-88.12054,41.8999],[-88.12071,41.89884],[-88.12143,41.89697],[-88.12158,41.89633],[-88.12158,41.89263],[-88.11967,41.89266],[-88.11967,41.89227],[-88.11668,41.89232],[-88.11668,41.89272],[-88.11183,41.8928],[-88.11186,41.88803],[-88.09235,41.88836],[-88.08223,41.88888],[-88.08218,41.90134],[-88.08211,41.9024],[-88.08198,41.90296],[-88.085,41.90286],[-88.08504,41.90358],[-88.08541,41.90357],[-88.08536,41.90284],[-88.08746,41.90277],[-88.08749,41.9035],[-88.08786,41.90349],[-88.08782,41.90276],[-88.09615,41.90249],[-88.0961,41.90751],[-88.09421,41.90756],[-88.09339,41.90821],[-88.09206,41.90821],[-88.09202,41.91398],[-88.09181,41.91441],[-88.09141,41.91474],[-88.09121,41.91484],[-88.09091,41.91453],[-88.09058,41.91472],[-88.09032,41.91505],[-88.09025,41.91532],[-88.0904,41.91577],[-88.0909,41.91619],[-88.09125,41.91589],[-88.09148,41.9161],[-88.09161,41.91632],[-88.0917,41.9167],[-88.09605,41.91664],[-88.09616,41.91785],[-88.09644,41.91784],[-88.09644,41.91821],[-88.09614,41.91822],[-88.09614,41.92193],[-88.09115,41.92205],[-88.09114,41.92451],[-88.08136,41.9248],[-88.08138,41.92121],[-88.07648,41.92135],[-88.07647,41.9213],[-88.07592,41.92138],[-88.07579,41.92132],[-88.0641,41.92173],[-88.06414,41.92202],[-88.06347,41.92187],[-88.06216,41.9219],[-88.06222,41.92232],[-88.05213,41.92099],[-88.05209,41.92743],[-88.05167,41.92803],[-88.05177,41.92833],[-88.05188,41.92833],[-88.05187,41.92875],[-88.05218,41.92874],[-88.05218,41.93057],[-88.05202,41.93058],[-88.05201,41.93428],[-88.04692,41.93337],[-88.04214,41.93275],[-88.04167,41.93277],[-88.03616,41.93215],[-88.03202,41.93149],[-88.03201,41.93357],[-88.02245,41.93383],[-88.02248,41.93544],[-88.01812,41.93556],[-88.01811,41.93758],[-88.0132,41.9377],[-88.01317,41.94256],[-88.0076,41.94021],[-88.00758,41.94123],[-88.00826,41.94122],[-88.00826,41.943],[-88.0075,41.94302],[-88.00751,41.9434],[-88.00764,41.9435],[-88.00763,41.94604],[-88.00333,41.94613],[-88.00332,41.949],[-87.99828,41.9468],[-87.99828,41.94696],[-87.99604,41.94582],[-87.98867,41.94253],[-87.98869,41.9492],[-87.97219,41.94956],[-87.9721,41.9494],[-87.97196,41.94946],[-87.97194,41.94956],[-87.96915,41.94955],[-87.96912,41.96117],[-87.97176,41.9616],[-87.97367,41.96206],[-87.97883,41.96375],[-87.9788,41.96906],[-87.96903,41.96922],[-87.96901,41.97163],[-87.96909,41.97163],[-87.97075,41.97691],[-87.97154,41.97795],[-87.97084,41.9781],[-87.96958,41.97809],[-87.96953,41.98388],[-87.97041,41.98397],[-87.97035,41.993],[-87.97659,41.99292],[-87.97668,41.99548],[-87.97687,41.99556],[-87.97885,41.99553],[-87.97867,41.99633],[-87.97918,42.0074],[-87.9792,42.01528],[-87.97467,42.01423],[-87.97247,42.01347],[-87.97223,42.01411],[-87.97225,42.01543],[-87.97365,42.01548],[-87.97404,42.01562],[-87.97427,42.01596],[-87.97424,42.0162],[-87.97406,42.01657],[-87.97339,42.01721],[-87.97374,42.01746],[-87.97389,42.01768],[-87.97398,42.01797],[-87.97393,42.01828],[-87.97339,42.01901],[-87.97241,42.01976],[-87.97227,42.02004],[-87.97243,42.02071],[-87.97257,42.02085],[-87.97279,42.02092],[-87.97363,42.0209],[-87.97381,42.02104],[-87.97382,42.02222],[-87.96895,42.02229],[-87.96897,42.02613],[-87.96747,42.02592],[-87.96747,42.02604],[-87.96575,42.0258],[-87.96515,42.02561],[-87.96456,42.02526],[-87.96424,42.02547],[-87.96397,42.02552],[-87.96296,42.02537],[-87.96199,42.02508],[-87.96138,42.02476],[-87.96135,42.02568],[-87.95992,42.02464],[-87.95994,42.02575],[-87.96269,42.02786],[-87.96417,42.02892],[-87.96441,42.02892],[-87.96985,42.03296],[-87.96989,42.0368],[-87.96697,42.03685],[-87.96698,42.03814],[-87.9637,42.0369],[-87.9636,42.03696],[-87.9407,42.03739],[-87.94048,42.02272],[-87.92279,42.02283],[-87.91734,42.02312],[-87.90048,42.02372],[-87.90042,42.01644],[-87.90003,42.01645],[-87.89997,42.00918],[-87.89182,42.00944],[-87.89182,42.0058],[-87.89211,42.00582],[-87.8931,42.00697],[-87.89408,42.00694],[-87.89412,42.00289],[-87.89349,42.0029],[-87.89347,42.00327],[-87.89313,42.00328],[-87.89313,42.00417],[-87.89187,42.0041],[-87.89001,42.00333],[-87.89013,42.00232],[-87.89412,42.00223],[-87.89604,42.00227],[-87.89597,42.00003],[-87.89287,41.99986],[-87.8923,41.99971],[-87.88908,41.99924],[-87.88453,41.99822],[-87.88453,41.99513],[-87.8801,41.99524],[-87.87933,41.99535],[-87.87823,41.99529],[-87.87585,41.99537],[-87.87469,41.99569],[-87.87426,41.99558],[-87.8713,41.99268],[-87.8703,41.99199],[-87.86756,41.99049],[-87.86982,41.98417],[-87.87013,41.98284],[-87.87016,41.98122],[-87.86933,41.97576],[-87.86929,41.97511],[-87.86939,41.97415],[-87.86962,41.97313],[-87.86185,41.97336],[-87.86166,41.97299],[-87.86092,41.97233],[-87.85953,41.97157],[-87.85902,41.97147],[-87.85781,41.97166],[-87.85661,41.97229],[-87.85604,41.97249],[-87.85542,41.97254],[-87.85503,41.97239],[-87.85438,41.97182],[-87.85416,41.97147],[-87.8541,41.97115],[-87.85426,41.97049],[-87.85506,41.96867],[-87.85512,41.9681],[-87.85478,41.9667],[-87.85484,41.96614],[-87.8416,41.96651],[-87.84159,41.97014],[-87.83666,41.97023],[-87.83655,41.98257],[-87.83662,41.98636],[-87.84954,41.9883],[-87.85133,41.98849],[-87.85386,41.98862],[-87.85483,41.98876],[-87.85585,41.98906],[-87.85604,41.98934],[-87.85663,41.98986],[-87.85844,41.99071],[-87.85902,41.99114],[-87.85931,41.99146],[-87.85974,41.99221],[-87.85979,41.99261],[-87.85973,41.99289],[-87.85957,41.99318],[-87.85855,41.99422],[-87.85843,41.99474],[-87.85857,41.99512],[-87.85913,41.99561],[-87.86067,41.99659],[-87.86134,41.99715],[-87.86149,41.99755],[-87.86135,41.99785],[-87.86058,41.99833],[-87.85982,41.99907],[-87.85958,41.99957],[-87.85968,41.9998],[-87.86374,42.00291],[-87.86483,42.00284],[-87.869,42.00918],[-87.87424,42.01735],[-87.87477,42.01849],[-87.87529,42.02068],[-87.87647,42.02362],[-87.88052,42.03167],[-87.88234,42.03592],[-87.8836,42.04001],[-87.88501,42.04519],[-87.88577,42.04751],[-87.88998,42.04978],[-87.89776,42.04714],[-87.89985,42.05286],[-87.90386,42.05271],[-87.90892,42.0514],[-87.9092,42.0515],[-87.90944,42.05129],[-87.91135,42.05214],[-87.91144,42.05199],[-87.9213,42.05636],[-87.92129,42.05535],[-87.92507,42.05543],[-87.92503,42.05185],[-87.92861,42.0519],[-87.92958,42.05176],[-87.93125,42.05186],[-87.94001,42.05205],[-87.97005,42.05151],[-87.9701,42.05051],[-87.97092,42.05091],[-87.97163,42.05115],[-87.97259,42.05136],[-87.97345,42.05144],[-87.9939,42.05146],[-87.99733,42.05392],[-87.99617,42.05485],[-87.99593,42.05514],[-87.99584,42.05538],[-87.99585,42.05569],[-87.99612,42.05685],[-87.99642,42.05705],[-87.99737,42.05725],[-87.99931,42.05726],[-87.99958,42.05845],[-88.00072,42.0583],[-88.00117,42.06037],[-88.00383,42.06034],[-88.00324,42.05942],[-88.00307,42.05898],[-88.00303,42.05689],[-88.00706,42.05795],[-88.00705,42.06665],[-88.00497,42.06664],[-88.00489,42.07373],[-88.00478,42.07445],[-88.0049,42.07495],[-88.00467,42.09343],[-88.00462,42.10728],[-88.00447,42.10819],[-88.00437,42.11108],[-88.00439,42.11848],[-88.00449,42.12231],[-88.00443,42.12492],[-88.00469,42.13173],[-88.00458,42.13493],[-88.00457,42.14072],[-88.00448,42.14178],[-88.00447,42.15365],[-88.06283,42.15385],[-88.06292,42.15072],[-88.06299,42.13919],[-88.06317,42.13918],[-88.06314,42.13726],[-88.06299,42.13729],[-88.06299,42.13717],[-88.06213,42.13737],[-88.06214,42.13747],[-88.05844,42.13837],[-88.05847,42.13847],[-88.05646,42.13898],[-88.05464,42.13937],[-88.05382,42.13942],[-88.05032,42.13941],[-88.05031,42.13881],[-88.04976,42.13883],[-88.04977,42.1394],[-88.03756,42.13939],[-88.03387,42.13933],[-88.03383,42.13923],[-88.02179,42.13915],[-88.01602,42.13496],[-88.01506,42.13436],[-88.01423,42.13396],[-88.01427,42.13328],[-88.0169,42.13328],[-88.01714,42.13317],[-88.01746,42.13282],[-88.01748,42.13191],[-88.01868,42.13188],[-88.01871,42.13195],[-88.0195,42.13196],[-88.01952,42.12832],[-88.01915,42.12757],[-88.01922,42.11611],[-88.01915,42.11402],[-88.01944,42.11217],[-88.0191,42.11159],[-88.01922,42.11124],[-88.01932,42.10838],[-88.02417,42.10839],[-88.02417,42.10656],[-88.03071,42.10662],[-88.03075,42.10538],[-88.03248,42.10615],[-88.03375,42.10455],[-88.034,42.10405],[-88.03775,42.10407],[-88.03862,42.10435],[-88.03955,42.10438],[-88.03955,42.10174],[-88.04469,42.1018],[-88.04492,42.10206],[-88.04495,42.10359],[-88.04679,42.10359],[-88.04714,42.10351],[-88.04853,42.10179],[-88.05344,42.10181],[-88.05344,42.09587],[-88.0631,42.09592],[-88.06318,42.0881],[-88.06304,42.08748],[-88.0627,42.08692],[-88.06923,42.08532],[-88.07067,42.08505],[-88.07209,42.08498],[-88.07792,42.08499],[-88.07791,42.07885],[-88.07643,42.07824],[-88.07414,42.07744],[-88.06787,42.07568],[-88.0679,42.07554],[-88.06467,42.07472],[-88.06457,42.07446],[-88.06407,42.06808],[-88.06269,42.06798],[-88.06252,42.06707],[-88.07593,42.0671],[-88.0792,42.067],[-88.12168,42.06711],[-88.12174,42.07509],[-88.12172,42.08866],[-88.13125,42.08867],[-88.13137,42.09154],[-88.13074,42.09156],[-88.13078,42.09491],[-88.12962,42.09451],[-88.12893,42.09598],[-88.12894,42.0968],[-88.1266,42.09683],[-88.12657,42.10299],[-88.12811,42.10295],[-88.12802,42.10691],[-88.12155,42.10702],[-88.12155,42.1106],[-88.1472,42.11032],[-88.17357,42.11033],[-88.17494,42.11026],[-88.1757,42.1095],[-88.17661,42.10959],[-88.17641,42.10997],[-88.1796,42.10992],[-88.18133,42.10998],[-88.18894,42.0978],[-88.18934,42.09705],[-88.18962,42.09627],[-88.18976,42.09536],[-88.18975,42.08943],[-88.19463,42.0893],[-88.19465,42.09732],[-88.19978,42.09723],[-88.19978,42.09599],[-88.20117,42.09604],[-88.20219,42.09625],[-88.20222,42.09544],[-88.20192,42.0951],[-88.20182,42.09487],[-88.20425,42.09486],[-88.20428,42.0958],[-88.21877,42.09588],[-88.21878,42.09233],[-88.22852,42.09228],[-88.22852,42.09276],[-88.22888,42.09276],[-88.23014,42.09276],[-88.23055,42.09233],[-88.23826,42.09235],[-88.23834,42.10311],[-88.23829,42.14197],[-88.23845,42.15425],[-88.24784,42.15363],[-88.25773,42.15408],[-88.26086,42.15402],[-88.26515,42.15367],[-88.27728,42.15397],[-88.28649,42.15372],[-88.29702,42.15394],[-88.29892,42.15386],[-88.30359,42.15386],[-88.30445,42.15377],[-88.30853,42.15375],[-88.33916,42.154],[-88.36957,42.15402],[-88.39655,42.15389],[-88.41223,42.15394],[-88.43249,42.15382],[-88.4327,42.15305],[-88.43267,42.14844],[-88.43819,42.14847],[-88.4392,42.14871],[-88.4399,42.14902],[-88.44051,42.14855],[-88.44067,42.14828],[-88.44068,42.14744],[-88.4408,42.1471],[-88.44145,42.14647],[-88.44209,42.14545],[-88.44217,42.14501],[-88.44204,42.14426],[-88.44218,42.1439],[-88.44408,42.14193],[-88.44437,42.14142],[-88.44543,42.14155],[-88.44587,42.1415],[-88.44639,42.14123],[-88.44659,42.14097],[-88.44666,42.14064],[-88.44652,42.14026],[-88.44604,42.1399],[-88.44478,42.13969],[-88.44511,42.13867],[-88.44589,42.13725],[-88.44323,42.13659],[-88.44154,42.13632],[-88.43945,42.13632],[-88.43844,42.13642],[-88.43653,42.1368],[-88.43449,42.13744],[-88.43268,42.13751],[-88.43267,42.1256],[-88.43275,42.12488],[-88.43268,42.12206],[-88.43869,42.12499],[-88.44028,42.12569],[-88.44197,42.12632],[-88.44507,42.12715],[-88.45773,42.13028],[-88.45708,42.12473],[-88.45709,42.12116],[-88.46684,42.12123],[-88.46692,42.12757],[-88.46659,42.13195],[-88.47198,42.13196],[-88.47199,42.13259],[-88.47216,42.1326]]]},"properties":{"AREALAND":739588808,"AREAWATER":14937903,"BASENAME":"8","CDSESSN":"120","CDTYP":"O","CENTLAT":"+42.0298623","CENTLON":"-088.1989533","FUNCSTAT":"N","GEOID":"1708","HU100":null,"INTPTLAT":"+42.0276703","INTPTLON":"-088.1971781","LSADC":"C2","MTFCC":"G5200","NAME":"Congressional District 8","OBJECTID":40,"OID":"2119042393277729","POP100":null,"STATE":"17","CD120":"08"}},{"type":"Feature","id":42,"geometry":{"type":"Polygon","coordinates":[[[-88.23845,42.15425],[-88.23829,42.14197],[-88.23834,42.10311],[-88.23826,42.09235],[-88.23055,42.09233],[-88.23014,42.09276],[-88.22888,42.09276],[-88.22852,42.09276],[-88.22852,42.09228],[-88.21878,42.09233],[-88.21877,42.09588],[-88.20428,42.0958],[-88.20425,42.09486],[-88.20182,42.09487],[-88.20192,42.0951],[-88.20222,42.09544],[-88.20219,42.09625],[-88.20117,42.09604],[-88.19978,42.09599],[-88.19978,42.09723],[-88.19465,42.09732],[-88.19463,42.0893],[-88.18975,42.08943],[-88.18976,42.09536],[-88.18962,42.09627],[-88.18934,42.09705],[-88.18894,42.0978],[-88.18133,42.10998],[-88.1796,42.10992],[-88.17641,42.10997],[-88.17661,42.10959],[-88.1757,42.1095],[-88.17494,42.11026],[-88.17357,42.11033],[-88.1472,42.11032],[-88.12155,42.1106],[-88.12155,42.10702],[-88.12802,42.10691],[-88.12811,42.10295],[-88.12657,42.10299],[-88.1266,42.09683],[-88.12894,42.0968],[-88.12893,42.09598],[-88.12962,42.09451],[-88.13078,42.09491],[-88.13074,42.09156],[-88.13137,42.09154],[-88.13137,42.09073],[-88.13125,42.08867],[-88.12172,42.08866],[-88.12174,42.07509],[-88.12168,42.06711],[-88.11954,42.0671],[-88.0792,42.067],[-88.07593,42.0671],[-88.06252,42.06707],[-88.06269,42.06798],[-88.06407,42.06808],[-88.06457,42.07446],[-88.06467,42.07472],[-88.0679,42.07554],[-88.06787,42.07568],[-88.07414,42.07744],[-88.07643,42.07824],[-88.07791,42.07885],[-88.07792,42.08499],[-88.07209,42.08498],[-88.07067,42.08505],[-88.06923,42.08532],[-88.0627,42.08692],[-88.06304,42.08748],[-88.06318,42.0881],[-88.0631,42.09592],[-88.05344,42.09587],[-88.05344,42.10181],[-88.04853,42.10179],[-88.04714,42.10351],[-88.04679,42.10359],[-88.04495,42.10359],[-88.04492,42.10206],[-88.04469,42.1018],[-88.03955,42.10174],[-88.03955,42.10438],[-88.03862,42.10435],[-88.03775,42.10407],[-88.034,42.10405],[-88.03375,42.10455],[-88.03248,42.10615],[-88.03075,42.10538],[-88.03071,42.10662],[-88.02417,42.10656],[-88.02417,42.10839],[-88.01932,42.10838],[-88.01922,42.11124],[-88.0191,42.11159],[-88.01944,42.11217],[-88.01915,42.11402],[-88.01922,42.11611],[-88.01915,42.12757],[-88.01952,42.12832],[-88.0195,42.13196],[-88.01871,42.13195],[-88.01868,42.13188],[-88.01748,42.13191],[-88.01746,42.13282],[-88.01714,42.13317],[-88.0169,42.13328],[-88.01427,42.13328],[-88.01423,42.13396],[-88.01506,42.13436],[-88.01602,42.13496],[-88.02179,42.13915],[-88.03383,42.13923],[-88.03387,42.13933],[-88.03756,42.13939],[-88.04977,42.1394],[-88.04976,42.13883],[-88.05031,42.13881],[-88.05032,42.13941],[-88.05382,42.13942],[-88.05464,42.13937],[-88.05646,42.13898],[-88.05847,42.13847],[-88.05844,42.13837],[-88.06214,42.13747],[-88.06213,42.13737],[-88.06299,42.13717],[-88.06299,42.13729],[-88.06314,42.13726],[-88.06317,42.13918],[-88.06299,42.13919],[-88.06292,42.15072],[-88.06283,42.15385],[-88.00447,42.15365],[-88.00448,42.14178],[-88.00457,42.14072],[-88.00458,42.13493],[-88.00469,42.13173],[-88.00443,42.12492],[-88.00449,42.12231],[-88.00439,42.11848],[-88.00437,42.11108],[-88.00447,42.10819],[-88.00462,42.10728],[-88.00467,42.09343],[-88.0049,42.07495],[-88.00478,42.07445],[-88.00489,42.07373],[-88.00497,42.06664],[-88.00705,42.06665],[-88.00706,42.05795],[-88.00303,42.05689],[-88.00307,42.05898],[-88.00324,42.05942],[-88.00383,42.06034],[-88.00117,42.06037],[-88.00072,42.0583],[-87.99958,42.05845],[-87.99931,42.05726],[-87.99737,42.05725],[-87.99642,42.05705],[-87.99612,42.05685],[-87.99585,42.05569],[-87.99584,42.05538],[-87.99593,42.05514],[-87.99617,42.05485],[-87.99733,42.05392],[-87.9939,42.05146],[-87.97345,42.05144],[-87.97259,42.05136],[-87.97163,42.05115],[-87.97092,42.05091],[-87.9701,42.05051],[-87.97005,42.05151],[-87.94001,42.05205],[-87.93125,42.05186],[-87.92958,42.05176],[-87.92861,42.0519],[-87.92503,42.05185],[-87.92507,42.05543],[-87.92129,42.05535],[-87.9213,42.05636],[-87.91144,42.05199],[-87.91135,42.05214],[-87.90944,42.05129],[-87.9092,42.0515],[-87.90892,42.0514],[-87.90386,42.05271],[-87.89985,42.05286],[-87.89776,42.04714],[-87.88998,42.04978],[-87.88577,42.04751],[-87.88501,42.04519],[-87.8836,42.04001],[-87.88234,42.03592],[-87.88052,42.03167],[-87.87647,42.02362],[-87.87529,42.02068],[-87.87477,42.01849],[-87.87424,42.01735],[-87.869,42.00918],[-87.86483,42.00284],[-87.86374,42.00291],[-87.85968,41.9998],[-87.85958,41.99957],[-87.85982,41.99907],[-87.86058,41.99833],[-87.86135,41.99785],[-87.86149,41.99755],[-87.86134,41.99715],[-87.86067,41.99659],[-87.85913,41.99561],[-87.85857,41.99512],[-87.85843,41.99474],[-87.85855,41.99422],[-87.85957,41.99318],[-87.85973,41.99289],[-87.85979,41.99261],[-87.85974,41.99221],[-87.85931,41.99146],[-87.85902,41.99114],[-87.85844,41.99071],[-87.85663,41.98986],[-87.85604,41.98934],[-87.85585,41.98906],[-87.85483,41.98876],[-87.85386,41.98862],[-87.85133,41.98849],[-87.84954,41.9883],[-87.83662,41.98636],[-87.83655,41.98257],[-87.83666,41.97023],[-87.84159,41.97014],[-87.8416,41.96651],[-87.85484,41.96614],[-87.85478,41.9667],[-87.85512,41.9681],[-87.85506,41.96867],[-87.85426,41.97049],[-87.8541,41.97115],[-87.85416,41.97147],[-87.85438,41.97182],[-87.85503,41.97239],[-87.85542,41.97254],[-87.85604,41.97249],[-87.85661,41.97229],[-87.85781,41.97166],[-87.85902,41.97147],[-87.85953,41.97157],[-87.86092,41.97233],[-87.86166,41.97299],[-87.86185,41.97336],[-87.86962,41.97313],[-87.86939,41.97415],[-87.86929,41.97511],[-87.86933,41.97576],[-87.87016,41.98122],[-87.87013,41.98284],[-87.86982,41.98417],[-87.86756,41.99049],[-87.8703,41.99199],[-87.8713,41.99268],[-87.87426,41.99558],[-87.87469,41.99569],[-87.87585,41.99537],[-87.87823,41.99529],[-87.87933,41.99535],[-87.8801,41.99524],[-87.88453,41.99513],[-87.88453,41.99822],[-87.88908,41.99924],[-87.8923,41.99971],[-87.89287,41.99986],[-87.89597,42.00003],[-87.89596,42.0003],[-87.89879,42.00073],[-87.90886,42.00277],[-87.90889,42.00382],[-87.91091,42.00438],[-87.91286,42.00474],[-87.91457,42.00492],[-87.91511,42.00505],[-87.9205,42.00495],[-87.92048,42.0038],[-87.92082,42.00385],[-87.92089,42.00393],[-87.92152,42.00385],[-87.92907,42.00496],[-87.93054,42.00398],[-87.93374,42.00129],[-87.93373,42.00173],[-87.93602,41.99936],[-87.93747,41.99713],[-87.93865,41.99454],[-87.93897,41.99352],[-87.92048,41.99389],[-87.92023,41.97184],[-87.91695,41.9706],[-87.91503,41.96826],[-87.91497,41.96647],[-87.91505,41.96579],[-87.91535,41.96544],[-87.91595,41.96535],[-87.91881,41.9653],[-87.91962,41.96499],[-87.91971,41.9649],[-87.91971,41.96417],[-87.92007,41.96369],[-87.92002,41.96352],[-87.91849,41.96224],[-87.91668,41.96035],[-87.91573,41.95875],[-87.91473,41.95849],[-87.91341,41.95777],[-87.91265,41.957],[-87.91223,41.95675],[-87.91181,41.95635],[-87.90861,41.95569],[-87.90686,41.95522],[-87.90208,41.95104],[-87.89973,41.95096],[-87.89844,41.95106],[-87.8971,41.95143],[-87.8963,41.95183],[-87.89578,41.95221],[-87.89325,41.95471],[-87.89309,41.95809],[-87.88926,41.95797],[-87.88828,41.95822],[-87.88715,41.95828],[-87.88588,41.9581],[-87.88454,41.9576],[-87.88345,41.95729],[-87.88102,41.9568],[-87.86016,41.95406],[-87.85722,41.95363],[-87.85534,41.95317],[-87.85422,41.95307],[-87.85394,41.9524],[-87.85389,41.95201],[-87.85412,41.95133],[-87.84776,41.95168],[-87.84765,41.95269],[-87.83675,41.95205],[-87.83673,41.95022],[-87.83296,41.95031],[-87.83289,41.94849],[-87.83105,41.94854],[-87.83112,41.95036],[-87.82928,41.95041],[-87.82935,41.95223],[-87.82011,41.95246],[-87.82001,41.9476],[-87.81692,41.94916],[-87.8169,41.94871],[-87.81203,41.9488],[-87.81214,41.95061],[-87.81023,41.95065],[-87.81035,41.95239],[-87.80972,41.95271],[-87.80757,41.95277],[-87.79627,41.95274],[-87.79065,41.95285],[-87.79068,41.95355],[-87.79079,41.95356],[-87.79081,41.95406],[-87.79098,41.95437],[-87.791,41.95494],[-87.79094,41.955],[-87.79101,41.95559],[-87.78919,41.95547],[-87.7892,41.95567],[-87.78666,41.95571],[-87.7867,41.95657],[-87.78546,41.95659],[-87.78558,41.96024],[-87.78313,41.96027],[-87.78315,41.96072],[-87.78254,41.96073],[-87.78266,41.9647],[-87.77716,41.96478],[-87.77708,41.96222],[-87.77341,41.96227],[-87.77337,41.96086],[-87.77276,41.96086],[-87.7728,41.96228],[-87.76669,41.96236],[-87.76667,41.9614],[-87.76481,41.96142],[-87.76478,41.96051],[-87.75739,41.9606],[-87.75745,41.96247],[-87.75187,41.9625],[-87.75192,41.96432],[-87.75141,41.96433],[-87.75133,41.96429],[-87.75131,41.96398],[-87.7507,41.96398],[-87.75066,41.96251],[-87.74815,41.96254],[-87.74759,41.96224],[-87.74737,41.96243],[-87.74728,41.96238],[-87.74646,41.96074],[-87.74687,41.96073],[-87.74683,41.95982],[-87.74625,41.95982],[-87.74576,41.95881],[-87.74558,41.95344],[-87.74275,41.95347],[-87.74054,41.94927],[-87.74096,41.94953],[-87.74073,41.94894],[-87.73932,41.94622],[-87.7274,41.94637],[-87.72734,41.94456],[-87.7249,41.94459],[-87.72495,41.94641],[-87.71876,41.94649],[-87.71929,41.94713],[-87.72009,41.94772],[-87.72243,41.9488],[-87.72262,41.9497],[-87.72276,41.95552],[-87.72767,41.95548],[-87.72783,41.96095],[-87.72969,41.96093],[-87.74016,41.96811],[-87.73918,41.96812],[-87.73928,41.97177],[-87.73183,41.97185],[-87.73192,41.97549],[-87.71783,41.97564],[-87.71782,41.97519],[-87.71722,41.97519],[-87.71723,41.97565],[-87.70475,41.97578],[-87.70382,41.97245],[-87.70311,41.97089],[-87.70245,41.97003],[-87.70064,41.96802],[-87.69871,41.9662],[-87.70106,41.9662],[-87.70091,41.96123],[-87.69848,41.96125],[-87.69846,41.96118],[-87.69803,41.94668],[-87.68826,41.94673],[-87.68792,41.93308],[-87.68549,41.9331],[-87.68546,41.9322],[-87.68396,41.93222],[-87.684,41.93168],[-87.68425,41.93139],[-87.68777,41.92864],[-87.68771,41.92674],[-87.68786,41.92673],[-87.68771,41.92668],[-87.68722,41.91032],[-87.67746,41.91047],[-87.67726,41.90319],[-87.66383,41.90339],[-87.66384,41.90384],[-87.66262,41.90386],[-87.66263,41.90341],[-87.64809,41.90364],[-87.64836,41.91383],[-87.64352,41.9139],[-87.64355,41.91463],[-87.64113,41.91466],[-87.6411,41.91345],[-87.64115,41.91336],[-87.64109,41.91337],[-87.64108,41.91287],[-87.64116,41.91284],[-87.64033,41.91291],[-87.63864,41.91282],[-87.63672,41.91285],[-87.63666,41.9112],[-87.63859,41.91117],[-87.63859,41.91104],[-87.63762,41.91106],[-87.63762,41.91097],[-87.6376,41.91034],[-87.6379,41.91047],[-87.63857,41.91049],[-87.63848,41.9076],[-87.63719,41.90762],[-87.63715,41.90666],[-87.63458,41.90669],[-87.63454,41.90573],[-87.63306,41.90576],[-87.633,41.90388],[-87.63285,41.90388],[-87.63275,41.90054],[-87.63135,41.90055],[-87.6313,41.89873],[-87.62983,41.89875],[-87.62987,41.89991],[-87.62829,41.89994],[-87.62807,41.89167],[-87.62425,41.89173],[-87.62428,41.89242],[-87.6242,41.89289],[-87.62425,41.89494],[-87.62032,41.89502],[-87.62034,41.8958],[-87.61569,41.89588],[-87.61724,41.89807],[-87.61841,41.90002],[-87.61705,41.90013],[-87.62195,41.90423],[-87.62416,41.90458],[-87.62466,41.90656],[-87.62509,41.90909],[-87.62527,41.90959],[-87.62522,41.91],[-87.62472,41.91067],[-87.62461,41.91131],[-87.62362,41.91218],[-87.62296,41.91263],[-87.62254,41.91279],[-87.62113,41.91294],[-87.62087,41.91305],[-87.62031,41.91363],[-87.6202,41.91388],[-87.6202,41.91415],[-87.6204,41.91414],[-87.62162,41.91362],[-87.6226,41.91362],[-87.62307,41.91379],[-87.62446,41.91448],[-87.62648,41.91595],[-87.62679,41.91633],[-87.62671,41.91644],[-87.62765,41.91731],[-87.62775,41.9175],[-87.62773,41.9177],[-87.62747,41.91787],[-87.62851,41.91916],[-87.62806,41.9194],[-87.62896,41.92066],[-87.62896,41.92078],[-87.62855,41.921],[-87.6293,41.9221],[-87.62936,41.92228],[-87.62927,41.92255],[-87.62868,41.92294],[-87.62929,41.92374],[-87.62949,41.92416],[-87.62955,41.9244],[-87.6293,41.92462],[-87.62963,41.92519],[-87.62984,41.92603],[-87.62961,41.92613],[-87.6296,41.92665],[-87.62986,41.92715],[-87.6307,41.92816],[-87.63109,41.9292],[-87.63115,41.93037],[-87.63076,41.93199],[-87.63103,41.93223],[-87.6314,41.93284],[-87.63074,41.9331],[-87.63057,41.93326],[-87.63053,41.93351],[-87.63181,41.93541],[-87.63207,41.93598],[-87.63231,41.93705],[-87.63344,41.93874],[-87.63376,41.93948],[-87.63401,41.94035],[-87.63395,41.94128],[-87.63419,41.94152],[-87.6344,41.94156],[-87.63402,41.94248],[-87.6339,41.94233],[-87.63354,41.94216],[-87.6334,41.94218],[-87.6333,41.94238],[-87.63345,41.94278],[-87.63375,41.94314],[-87.63454,41.94378],[-87.63602,41.94523],[-87.63683,41.9461],[-87.63774,41.9473],[-87.63993,41.95177],[-87.64056,41.95328],[-87.64108,41.95485],[-87.64419,41.95466],[-87.64665,41.95461],[-87.64655,41.95293],[-87.6479,41.95285],[-87.64785,41.95164],[-87.64962,41.9512],[-87.65681,41.95109],[-87.65685,41.95397],[-87.65679,41.95445],[-87.66225,41.95438],[-87.66447,41.95796],[-87.66595,41.96163],[-87.66493,41.96165],[-87.66508,41.96364],[-87.6662,41.96892],[-87.67417,41.96882],[-87.67431,41.97337],[-87.67632,41.97331],[-87.67626,41.97062],[-87.68897,41.97041],[-87.68915,41.97589],[-87.6794,41.97603],[-87.67957,41.98146],[-87.67951,41.98316],[-87.67928,41.98326],[-87.67484,41.98332],[-87.67504,41.99076],[-87.68991,41.9905],[-87.71886,41.99026],[-87.71891,41.99198],[-87.7183,41.99199],[-87.7184,41.99552],[-87.7178,41.99553],[-87.71781,41.99628],[-87.71748,41.99659],[-87.71861,41.99728],[-87.75291,41.9973],[-87.76227,42.00169],[-87.76195,42.00266],[-87.76186,42.00354],[-87.76166,42.00822],[-87.76162,42.01188],[-87.77694,42.01198],[-87.77692,42.01546],[-87.77912,42.01554],[-87.77906,42.01199],[-87.78872,42.012],[-87.78321,42.00554],[-87.78221,42.00464],[-87.78271,42.00423],[-87.78691,42.00249],[-87.7902,42.00075],[-87.79077,42.00053],[-87.79117,42.00098],[-87.79555,42.00095],[-87.79555,42.0014],[-87.79712,42.00139],[-87.79713,42.0],[-87.79948,41.99998],[-87.79981,42.00153],[-87.80675,42.0015],[-87.80672,42.00447],[-87.81648,42.00415],[-87.81725,42.00347],[-87.82149,42.00616],[-87.82132,42.00632],[-87.82132,42.0067],[-87.82155,42.00684],[-87.82112,42.00723],[-87.82132,42.00735],[-87.82125,42.01136],[-87.82566,42.01127],[-87.82926,42.01131],[-87.83048,42.01113],[-87.83338,42.01107],[-87.83571,42.0124],[-87.83586,42.01227],[-87.83586,42.01101],[-87.84193,42.01087],[-87.84192,42.01272],[-87.84252,42.01271],[-87.84252,42.0146],[-87.84313,42.01458],[-87.84311,42.01656],[-87.86015,42.02619],[-87.86,42.0264],[-87.86003,42.02845],[-87.85765,42.02852],[-87.85724,42.02866],[-87.85907,42.02991],[-87.85868,42.03026],[-87.85867,42.03208],[-87.85856,42.03227],[-87.85867,42.03235],[-87.85844,42.03306],[-87.85835,42.03461],[-87.85848,42.03573],[-87.86001,42.03569],[-87.86001,42.03934],[-87.84473,42.0399],[-87.83076,42.04022],[-87.83072,42.04295],[-87.83317,42.04289],[-87.83315,42.04377],[-87.84051,42.04363],[-87.84034,42.05409],[-87.84029,42.06313],[-87.84022,42.06435],[-87.83994,42.06579],[-87.8489,42.06583],[-87.85158,42.06861],[-87.85718,42.07414],[-87.8577,42.07361],[-87.85784,42.07371],[-87.86163,42.06989],[-87.86224,42.06937],[-87.86284,42.06871],[-87.86288,42.06853],[-87.86308,42.06829],[-87.86377,42.06762],[-87.86352,42.06757],[-87.86381,42.06726],[-87.86399,42.06727],[-87.86524,42.0659],[-87.89182,42.06602],[-87.89363,42.07189],[-87.89372,42.07268],[-87.89365,42.0733],[-87.89606,42.07332],[-87.89524,42.07405],[-87.89516,42.07423],[-87.89515,42.07476],[-87.89796,42.07479],[-87.89795,42.07628],[-87.90089,42.07627],[-87.90173,42.07831],[-87.90192,42.07832],[-87.90206,42.07859],[-87.90243,42.07859],[-87.90293,42.07977],[-87.90771,42.07983],[-87.90772,42.08064],[-87.93607,42.08075],[-87.94038,42.08398],[-87.94677,42.08935],[-87.95117,42.09292],[-87.96914,42.10499],[-87.96832,42.10566],[-87.96842,42.10583],[-87.96841,42.10636],[-87.97012,42.10637],[-87.97053,42.10653],[-87.97096,42.10623],[-87.98042,42.11262],[-87.98025,42.13908],[-87.98515,42.13911],[-87.98511,42.14212],[-87.98527,42.14226],[-87.98542,42.14396],[-87.98528,42.14398],[-87.98547,42.1453],[-87.98548,42.14602],[-87.98545,42.14638],[-87.98465,42.1464],[-87.98397,42.14657],[-87.98261,42.1474],[-87.98204,42.14763],[-87.98119,42.14779],[-87.97964,42.1478],[-87.97963,42.14865],[-87.97955,42.14901],[-87.97918,42.14944],[-87.97839,42.15005],[-87.97816,42.1504],[-87.97808,42.15078],[-87.9781,42.15214],[-87.97837,42.1525],[-87.97915,42.15291],[-87.97999,42.15308],[-87.98124,42.15311],[-87.9815,42.15327],[-87.98157,42.15362],[-87.98499,42.15363],[-87.98517,42.15373],[-87.98512,42.16063],[-87.98488,42.16059],[-87.98495,42.16324],[-87.98483,42.16818],[-87.99368,42.16818],[-87.99367,42.17182],[-87.99297,42.17182],[-87.99322,42.17202],[-87.99346,42.17208],[-87.99328,42.17226],[-87.99297,42.17237],[-87.99283,42.1725],[-87.99301,42.17265],[-87.99323,42.17267],[-87.99217,42.17346],[-87.99147,42.17346],[-87.99129,42.17383],[-87.99092,42.17406],[-87.99165,42.17462],[-87.9919,42.17505],[-87.99197,42.17545],[-87.98912,42.17545],[-87.98957,42.17607],[-87.98975,42.17665],[-87.98965,42.18272],[-88.00455,42.18279],[-88.00435,42.19726],[-88.01823,42.19715],[-88.05791,42.19738],[-88.05794,42.20236],[-88.0602,42.20238],[-88.06021,42.20132],[-88.0626,42.20129],[-88.06291,42.20135],[-88.0629,42.20382],[-88.06279,42.20467],[-88.05797,42.20463],[-88.05829,42.20934],[-88.05829,42.20992],[-88.05802,42.21164],[-88.05799,42.21248],[-88.05799,42.21887],[-88.05941,42.21911],[-88.06414,42.21916],[-88.06516,42.21929],[-88.06678,42.21982],[-88.07337,42.21471],[-88.07562,42.21559],[-88.08232,42.2156],[-88.08232,42.2155],[-88.08368,42.21551],[-88.08358,42.21667],[-88.0882,42.21554],[-88.08972,42.21507],[-88.09114,42.21457],[-88.09242,42.21379],[-88.09663,42.21375],[-88.09673,42.21361],[-88.09674,42.21217],[-88.09688,42.212],[-88.10747,42.21203],[-88.1081,42.21219],[-88.1081,42.21204],[-88.11166,42.21205],[-88.11816,42.21217],[-88.12118,42.21234],[-88.12657,42.21215],[-88.13999,42.21202],[-88.14941,42.2123],[-88.14987,42.21237],[-88.15114,42.2129],[-88.15135,42.21291],[-88.15262,42.21256],[-88.15486,42.21253],[-88.15979,42.21265],[-88.16858,42.2127],[-88.16957,42.21275],[-88.17017,42.21286],[-88.17057,42.21243],[-88.17125,42.21193],[-88.1721,42.21152],[-88.17297,42.21129],[-88.17422,42.21115],[-88.17893,42.21112],[-88.17983,42.21099],[-88.18084,42.21067],[-88.18194,42.21008],[-88.18271,42.20941],[-88.18322,42.2087],[-88.18389,42.20719],[-88.19493,42.20714],[-88.19465,42.20651],[-88.19441,42.20571],[-88.19444,42.20479],[-88.19499,42.20412],[-88.19592,42.20365],[-88.19755,42.20324],[-88.19881,42.20313],[-88.19938,42.20297],[-88.19957,42.17953],[-88.19976,42.17107],[-88.19976,42.16872],[-88.19945,42.16255],[-88.19958,42.15426],[-88.23845,42.15425]]]},"properties":{"AREALAND":401710525,"AREAWATER":7890247,"BASENAME":"5","CDSESSN":"120","CDTYP":"O","CENTLAT":"+42.0825206","CENTLON":"-087.9843038","FUNCSTAT":"N","GEOID":"1705","HU100":null,"INTPTLAT":"+42.0819543","INTPTLON":"-087.9847548","LSADC":"C2","MTFCC":"G5200","NAME":"Congressional District 5","OBJECTID":42,"OID":"2119042393277737","POP100":null,"STATE":"17","CD120":"05"}},{"type":"Feature","id":43,"geometry":{"type":"Polygon","coordinates":[[[-88.11917,41.80585],[-88.1193,41.80562],[-88.11875,41.80562],[-88.11876,41.80556],[-88.11266,41.80555],[-88.11257,41.80603],[-88.11107,41.80599],[-88.11085,41.79962],[-88.1105,41.79723],[-88.1103,41.79683],[-88.11026,41.79644],[-88.10643,41.79668],[-88.10388,41.79716],[-88.1035,41.79353],[-88.10339,41.79357],[-88.10335,41.79344],[-88.10336,41.79279],[-88.10327,41.79242],[-88.10344,41.79236],[-88.10327,41.79154],[-88.10304,41.7915],[-88.10197,41.79186],[-88.10061,41.79215],[-88.10049,41.79209],[-88.10057,41.78959],[-88.10069,41.78954],[-88.10066,41.78909],[-88.10004,41.78922],[-88.10023,41.78665],[-88.09163,41.78678],[-88.09225,41.78579],[-88.0925,41.78505],[-88.09262,41.78216],[-88.09138,41.78234],[-88.09006,41.78267],[-88.08899,41.78307],[-88.08783,41.78365],[-88.08773,41.78354],[-88.08702,41.77894],[-88.0871,41.77894],[-88.08687,41.7769],[-88.08645,41.77687],[-88.08423,41.77716],[-88.08393,41.77733],[-88.0834,41.77803],[-88.08283,41.77822],[-88.08192,41.77799],[-88.08108,41.77749],[-88.08039,41.77731],[-88.07971,41.77744],[-88.07935,41.77761],[-88.07841,41.7777],[-88.07904,41.78108],[-88.07913,41.78128],[-88.07926,41.78259],[-88.07931,41.78537],[-88.07939,41.78582],[-88.07632,41.78627],[-88.07584,41.78448],[-88.07573,41.78449],[-88.07566,41.78422],[-88.07577,41.7842],[-88.07568,41.78384],[-88.07373,41.784],[-88.07376,41.78389],[-88.07351,41.78388],[-88.07252,41.7803],[-88.07241,41.78031],[-88.07066,41.77516],[-88.06713,41.77548],[-88.06702,41.77484],[-88.06426,41.77509],[-88.0642,41.77324],[-88.05614,41.77345],[-88.05644,41.77907],[-88.05241,41.77915],[-88.05139,41.77921],[-88.0514,41.77932],[-88.04685,41.77945],[-88.04249,41.77954],[-88.04245,41.77941],[-88.03945,41.77943],[-88.03908,41.77231],[-88.04541,41.77207],[-88.0389,41.76536],[-88.03153,41.76557],[-88.03126,41.75802],[-88.0275,41.75812],[-88.02727,41.75085],[-88.01271,41.75115],[-88.01212,41.73051],[-88.01185,41.72923],[-88.00802,41.72931],[-88.00501,41.72927],[-88.00218,41.72823],[-88.0023,41.72943],[-87.99259,41.72961],[-87.99246,41.72433],[-87.98876,41.72601],[-87.98647,41.72687],[-87.98227,41.72831],[-87.98226,41.72808],[-87.97312,41.73123],[-87.97254,41.7268],[-87.97241,41.72641],[-87.97055,41.72274],[-87.92442,41.72364],[-87.91461,41.72389],[-87.91427,41.71675],[-87.91427,41.71291],[-87.91436,41.71161],[-87.91373,41.69653],[-87.91377,41.69378],[-87.91365,41.69285],[-87.91346,41.6875],[-87.9133,41.68012],[-87.91317,41.67968],[-87.91295,41.67304],[-87.91282,41.67303],[-87.9128,41.67255],[-87.91292,41.67254],[-87.91261,41.66316],[-87.91275,41.66214],[-87.91257,41.66198],[-87.91197,41.64515],[-87.91154,41.62941],[-87.9111,41.61815],[-87.91062,41.6016],[-87.91048,41.60044],[-87.90781,41.6005],[-87.90781,41.60036],[-87.90106,41.60048],[-87.90107,41.60067],[-87.89507,41.60083],[-87.89506,41.6006],[-87.89145,41.60067],[-87.89105,41.58616],[-87.8814,41.58627],[-87.88115,41.57901],[-87.87146,41.57908],[-87.87122,41.57187],[-87.8518,41.57223],[-87.85159,41.56657],[-87.85164,41.56591],[-87.85184,41.56494],[-87.85639,41.56486],[-87.85618,41.55761],[-87.83659,41.55797],[-87.77596,41.55881],[-87.77599,41.56002],[-87.77714,41.56],[-87.77718,41.56154],[-87.77697,41.56193],[-87.77697,41.56242],[-87.77742,41.56241],[-87.77744,41.56296],[-87.77757,41.56335],[-87.77864,41.56467],[-87.77875,41.56502],[-87.77878,41.56602],[-87.77551,41.56605],[-87.77565,41.56971],[-87.77443,41.56972],[-87.77475,41.57923],[-87.76512,41.5835],[-87.76512,41.58381],[-87.76346,41.58458],[-87.76215,41.58531],[-87.76028,41.5866],[-87.7603,41.58827],[-87.75795,41.58829],[-87.75556,41.59027],[-87.75658,41.62028],[-87.75535,41.62029],[-87.75393,41.62008],[-87.75345,41.61999],[-87.75265,41.61963],[-87.75231,41.61961],[-87.75232,41.6198],[-87.7525,41.62498],[-87.75382,41.62495],[-87.75383,41.62558],[-87.75304,41.62559],[-87.75319,41.62748],[-87.7539,41.62749],[-87.75398,41.62941],[-87.75691,41.62936],[-87.757,41.63219],[-87.74716,41.63241],[-87.7474,41.63678],[-87.73776,41.63837],[-87.73808,41.64716],[-87.72835,41.64733],[-87.7283,41.64765],[-87.72701,41.64731],[-87.71862,41.6475],[-87.71974,41.67667],[-87.72945,41.67651],[-87.72975,41.6838],[-87.73945,41.68363],[-87.73973,41.69089],[-87.73629,41.69103],[-87.72571,41.69124],[-87.71058,41.69142],[-87.71047,41.68862],[-87.71528,41.6885],[-87.71527,41.68777],[-87.71478,41.68772],[-87.71467,41.68487],[-87.71515,41.68481],[-87.71515,41.68404],[-87.71152,41.68409],[-87.71142,41.68227],[-87.71136,41.68227],[-87.71133,41.68181],[-87.7116,41.6818],[-87.71158,41.68136],[-87.71139,41.68127],[-87.71136,41.68044],[-87.71013,41.68048],[-87.71002,41.68],[-87.7099,41.67684],[-87.68636,41.6772],[-87.68576,41.67862],[-87.68566,41.67949],[-87.68586,41.68447],[-87.68093,41.6845],[-87.68127,41.69542],[-87.67908,41.69543],[-87.67903,41.69602],[-87.67883,41.69665],[-87.67408,41.69674],[-87.67402,41.69722],[-87.67433,41.69807],[-87.67436,41.69915],[-87.6712,41.69922],[-87.67108,41.69963],[-87.67105,41.70209],[-87.67083,41.70332],[-87.6709,41.70542],[-87.67064,41.70709],[-87.67023,41.70809],[-87.67001,41.70896],[-87.66952,41.71004],[-87.6692,41.7105],[-87.6689,41.71204],[-87.66915,41.72116],[-87.66834,41.72118],[-87.66818,41.72553],[-87.668,41.7259],[-87.66815,41.72649],[-87.66847,41.72722],[-87.66918,41.72823],[-87.66847,41.7284],[-87.66789,41.72842],[-87.66795,41.72861],[-87.66773,41.7284],[-87.66744,41.72845],[-87.66822,41.73018],[-87.67309,41.73565],[-87.68251,41.73552],[-87.68184,41.71367],[-87.69173,41.71357],[-87.69184,41.71721],[-87.69555,41.71718],[-87.69566,41.7208],[-87.70183,41.72073],[-87.70224,41.73416],[-87.70212,41.7352],[-87.74107,41.73452],[-87.74121,41.73276],[-87.74104,41.72736],[-87.75099,41.72718],[-87.76055,41.72702],[-87.76067,41.73061],[-87.7631,41.73057],[-87.76323,41.73414],[-87.76812,41.73405],[-87.76811,41.73361],[-87.76851,41.7336],[-87.77056,41.73357],[-87.77056,41.73401],[-87.7991,41.7335],[-87.79974,41.74813],[-87.79485,41.74821],[-87.79488,41.75178],[-87.78035,41.75211],[-87.78075,41.75544],[-87.76145,41.7561],[-87.76098,41.75614],[-87.76099,41.75643],[-87.75135,41.75656],[-87.75134,41.75629],[-87.75116,41.75631],[-87.75124,41.75449],[-87.7492,41.75453],[-87.7464,41.75641],[-87.7416,41.75649],[-87.7419,41.7643],[-87.74202,41.76515],[-87.74217,41.76812],[-87.74214,41.77039],[-87.74206,41.77113],[-87.74217,41.77478],[-87.77135,41.7742],[-87.77207,41.79254],[-87.7623,41.79274],[-87.76254,41.80006],[-87.79282,41.79947],[-87.79604,41.79943],[-87.79663,41.79958],[-87.80209,41.79785],[-87.80201,41.79676],[-87.80173,41.79586],[-87.80161,41.79481],[-87.80089,41.77657],[-87.80104,41.77622],[-87.80436,41.77239],[-87.80453,41.77251],[-87.80575,41.77246],[-87.80585,41.77239],[-87.80569,41.77443],[-87.81204,41.77438],[-87.81225,41.77458],[-87.81194,41.77449],[-87.81291,41.77525],[-87.81445,41.77631],[-87.81472,41.77595],[-87.81672,41.77741],[-87.82068,41.77976],[-87.82197,41.7806],[-87.82217,41.78081],[-87.82718,41.78374],[-87.82953,41.78385],[-87.83065,41.78381],[-87.83106,41.78513],[-87.83456,41.78223],[-87.83555,41.78267],[-87.83875,41.78383],[-87.85611,41.78373],[-87.85613,41.78395],[-87.85696,41.78358],[-87.8586,41.78361],[-87.85932,41.80161],[-87.86422,41.80153],[-87.86415,41.7997],[-87.86538,41.79967],[-87.86545,41.8015],[-87.87062,41.8014],[-87.87054,41.79957],[-87.87888,41.7994],[-87.87905,41.80304],[-87.88394,41.80296],[-87.88398,41.80476],[-87.88879,41.80465],[-87.88943,41.81967],[-87.89981,41.82069],[-87.90074,41.82071],[-87.91363,41.81864],[-87.91347,41.81864],[-87.91319,41.81048],[-87.90873,41.79878],[-87.90837,41.79757],[-87.90815,41.79637],[-87.90806,41.7954],[-87.90791,41.78962],[-87.91002,41.78957],[-87.91006,41.78941],[-87.90992,41.78924],[-87.90878,41.78924],[-87.90862,41.78908],[-87.90861,41.78669],[-87.90872,41.78529],[-87.90893,41.78476],[-87.90947,41.78434],[-87.90952,41.78422],[-87.9094,41.78295],[-87.90843,41.7821],[-87.90841,41.78083],[-87.90923,41.78081],[-87.90926,41.78099],[-87.9119,41.78094],[-87.91193,41.78013],[-87.91353,41.78017],[-87.91426,41.78028],[-87.91666,41.78022],[-87.91672,41.78173],[-87.92156,41.78164],[-87.92157,41.78203],[-87.9465,41.78152],[-87.9465,41.78161],[-87.94667,41.78161],[-87.9469,41.78861],[-87.9562,41.78859],[-87.95632,41.7893],[-87.9563,41.78999],[-87.95591,41.79059],[-87.95547,41.79096],[-87.95531,41.79086],[-87.95493,41.79128],[-87.95486,41.79157],[-87.95499,41.79196],[-87.955,41.79231],[-87.95492,41.7926],[-87.95455,41.79295],[-87.95454,41.79327],[-87.95468,41.7938],[-87.95536,41.79496],[-87.9553,41.79535],[-87.9552,41.79561],[-87.95425,41.79578],[-87.95444,41.7962],[-87.95469,41.79734],[-87.95401,41.79743],[-87.95372,41.79812],[-87.95374,41.79903],[-87.95357,41.79931],[-87.95305,41.79983],[-87.9529,41.8003],[-87.9532,41.80092],[-87.95326,41.80125],[-87.95526,41.80122],[-87.95554,41.80313],[-87.95018,41.80324],[-87.95025,41.80497],[-87.95052,41.80563],[-87.95057,41.80681],[-87.9505,41.80705],[-87.95058,41.80727],[-87.95063,41.80881],[-87.95639,41.8074],[-87.95651,41.81043],[-87.94682,41.81073],[-87.94692,41.81191],[-87.94707,41.81224],[-87.94742,41.81244],[-87.94773,41.81299],[-87.94835,41.81374],[-87.95144,41.81636],[-87.952,41.81697],[-87.95257,41.81776],[-87.953,41.8191],[-87.95331,41.82505],[-87.95354,41.82505],[-87.95364,41.82711],[-87.95377,41.82822],[-87.95435,41.83029],[-87.95533,41.83228],[-87.95536,41.83233],[-87.95655,41.8323],[-87.95883,41.83211],[-87.95886,41.83249],[-87.9594,41.83255],[-87.95984,41.83273],[-87.96031,41.83319],[-87.96069,41.83423],[-87.96133,41.83545],[-87.96234,41.83689],[-87.96326,41.83768],[-87.96386,41.83798],[-87.96516,41.83841],[-87.9656,41.83869],[-87.96586,41.83897],[-87.96609,41.83953],[-87.9661,41.84072],[-87.96596,41.84101],[-87.96495,41.84217],[-87.96489,41.8425],[-87.96491,41.8438],[-87.96687,41.84378],[-87.96688,41.84447],[-87.9671,41.84447],[-87.96723,41.84624],[-87.96041,41.84643],[-87.95747,41.84658],[-87.9575,41.85311],[-87.95789,41.85311],[-87.95793,41.85615],[-87.95329,41.85632],[-87.9533,41.85754],[-87.94975,41.85767],[-87.94973,41.85807],[-87.94947,41.85892],[-87.94859,41.85895],[-87.94862,41.86103],[-87.93956,41.86128],[-87.93944,41.86152],[-87.93856,41.86154],[-87.93972,41.87441],[-87.94098,41.87437],[-87.94116,41.87619],[-87.93987,41.87623],[-87.93997,41.8821],[-87.93932,41.88188],[-87.93998,41.88353],[-87.94008,41.89085],[-87.94001,41.8996],[-87.93987,41.90626],[-87.92601,41.90661],[-87.92386,41.90656],[-87.92042,41.90684],[-87.92029,41.9313],[-87.93389,41.93166],[-87.95025,41.93092],[-87.96506,41.93009],[-87.96679,41.93008],[-87.9666,41.92491],[-87.96655,41.92421],[-87.96636,41.92412],[-87.96633,41.92239],[-87.96759,41.92239],[-87.96759,41.92273],[-87.96807,41.92273],[-87.96905,41.92302],[-87.96904,41.92202],[-87.96929,41.92202],[-87.96932,41.92027],[-87.96982,41.92026],[-87.9698,41.91953],[-87.97426,41.91947],[-87.97469,41.92018],[-87.98311,41.92004],[-87.98293,41.91472],[-87.98301,41.91452],[-87.98359,41.91396],[-87.98357,41.91272],[-87.98753,41.91263],[-87.98784,41.91252],[-87.98836,41.91251],[-87.98828,41.90895],[-87.98835,41.90525],[-87.99266,41.90513],[-87.99279,41.90093],[-87.9934,41.90093],[-87.99344,41.89971],[-87.99383,41.89966],[-87.99568,41.89893],[-87.99756,41.89895],[-87.99759,41.89808],[-87.9984,41.8981],[-87.99838,41.89894],[-87.99847,41.89894],[-87.99841,41.90094],[-87.99833,41.90095],[-87.99823,41.90426],[-88.004,41.90418],[-88.00399,41.9043],[-88.00472,41.90428],[-88.00471,41.90488],[-88.02467,41.90447],[-88.02467,41.90467],[-88.02634,41.90464],[-88.03812,41.90427],[-88.03804,41.89932],[-88.03757,41.88979],[-88.03737,41.88894],[-88.037,41.88802],[-88.03457,41.88416],[-88.03613,41.88398],[-88.03624,41.88384],[-88.03651,41.8838],[-88.03648,41.8837],[-88.03832,41.88339],[-88.03973,41.88304],[-88.06573,41.87615],[-88.06775,41.87593],[-88.0693,41.87596],[-88.07245,41.8763],[-88.07235,41.87662],[-88.07491,41.87674],[-88.07685,41.87658],[-88.0786,41.87621],[-88.08039,41.87556],[-88.08192,41.87475],[-88.08269,41.87424],[-88.08548,41.87196],[-88.08565,41.87218],[-88.092,41.87205],[-88.092,41.86769],[-88.09379,41.86721],[-88.10304,41.86534],[-88.10306,41.86487],[-88.10257,41.8594],[-88.10175,41.85151],[-88.10167,41.84132],[-88.10173,41.8366],[-88.10178,41.83579],[-88.10199,41.83479],[-88.10261,41.83341],[-88.10741,41.82546],[-88.10945,41.82118],[-88.11005,41.82007],[-88.11072,41.81903],[-88.11243,41.81677],[-88.11362,41.81499],[-88.11428,41.81389],[-88.11417,41.81385],[-88.11573,41.81123],[-88.11604,41.8108],[-88.11629,41.81088],[-88.11742,41.80894],[-88.11728,41.80894],[-88.11917,41.80585]]]},"properties":{"AREALAND":583313231,"AREAWATER":11807465,"BASENAME":"6","CDSESSN":"120","CDTYP":"O","CENTLAT":"+41.7373495","CENTLON":"-087.8916548","FUNCSTAT":"N","GEOID":"1706","HU100":null,"INTPTLAT":"+41.7369489","INTPTLON":"-087.8928848","LSADC":"C2","MTFCC":"G5200","NAME":"Congressional District 6","OBJECTID":43,"OID":"2119042393277738","POP100":null,"STATE":"17","CD120":"06"}},{"type":"Feature","id":46,"geometry":{"type":"Polygon","coordinates":[[[-88.67145,40.89767],[-88.6712,40.87341],[-88.64914,40.87367],[-88.6405,40.87364],[-88.64275,40.87001],[-88.64273,40.86817],[-88.64324,40.86816],[-88.64324,40.86841],[-88.64377,40.8686],[-88.64516,40.86635],[-88.64271,40.86636],[-88.64258,40.84524],[-88.64245,40.84449],[-88.62335,40.84466],[-88.62346,40.84558],[-88.62355,40.85191],[-88.58719,40.85235],[-88.58684,40.85229],[-88.58669,40.85218],[-88.5865,40.85161],[-88.58617,40.85107],[-88.58595,40.85086],[-88.58532,40.85049],[-88.58522,40.85031],[-88.58487,40.83186],[-88.58426,40.78516],[-88.58418,40.77181],[-88.58428,40.75803],[-88.58331,40.70785],[-88.58236,40.67079],[-88.58231,40.67066],[-88.58215,40.6706],[-88.57556,40.67074],[-88.57539,40.67074],[-88.57522,40.67062],[-88.57514,40.66411],[-88.57499,40.6605],[-88.57459,40.63852],[-88.57444,40.61746],[-88.5745,40.61655],[-88.55475,40.61658],[-88.53687,40.6169],[-88.51187,40.6171],[-88.49768,40.61712],[-88.47856,40.61737],[-88.45947,40.61735],[-88.45926,40.53004],[-88.44219,40.52987],[-88.37066,40.52976],[-88.3707,40.47145],[-88.37016,40.47145],[-88.37062,40.47101],[-88.37065,40.46498],[-88.34699,40.46497],[-88.34699,40.39842],[-88.37553,40.39856],[-88.4059,40.39848],[-88.42244,40.39853],[-88.42312,40.39863],[-88.44713,40.39872],[-88.45996,40.39885],[-88.46033,40.36315],[-88.46042,40.34053],[-88.46032,40.3401],[-88.4604,40.32683],[-88.46029,40.32469],[-88.4603,40.31873],[-88.46037,40.3181],[-88.46027,40.31099],[-88.34574,40.31078],[-88.23291,40.31157],[-88.23284,40.30668],[-88.23288,40.30267],[-88.23266,40.28655],[-88.23258,40.28292],[-88.23248,40.28232],[-88.22278,40.28245],[-88.19375,40.28263],[-88.18349,40.28256],[-88.17812,40.28271],[-88.17471,40.2827],[-88.17439,40.28276],[-88.17448,40.28262],[-88.17437,40.27622],[-88.17452,40.27568],[-88.17447,40.2755],[-88.17453,40.27539],[-88.17342,40.27541],[-88.17219,40.27832],[-88.17098,40.27832],[-88.17067,40.2791],[-88.16919,40.27909],[-88.1692,40.27992],[-88.17066,40.27991],[-88.17044,40.28046],[-88.17119,40.28045],[-88.17071,40.2817],[-88.16928,40.28171],[-88.16929,40.28275],[-88.15555,40.28289],[-88.14463,40.28287],[-88.12679,40.283],[-88.12669,40.27568],[-88.11706,40.27572],[-88.11717,40.28318],[-88.0979,40.2835],[-88.07856,40.2834],[-88.07889,40.31252],[-88.02105,40.3128],[-87.96589,40.31323],[-87.92999,40.31338],[-87.92973,40.2862],[-87.92942,40.27067],[-87.92911,40.24866],[-87.92887,40.23773],[-87.92876,40.22562],[-87.9421,40.22548],[-87.94163,40.19264],[-87.94144,40.18539],[-87.94135,40.17163],[-87.94097,40.14279],[-87.94093,40.1419],[-87.94042,40.14191],[-87.9404,40.14164],[-87.93984,40.09486],[-87.93963,40.08362],[-87.8941,40.08398],[-87.88319,40.08415],[-87.88319,40.08467],[-87.86348,40.08483],[-87.83744,40.08544],[-87.82683,40.08564],[-87.82648,40.08556],[-87.81549,40.08572],[-87.80648,40.08591],[-87.80661,40.08314],[-87.80652,40.07504],[-87.80638,40.07434],[-87.80649,40.07137],[-87.80639,40.06303],[-87.80639,40.04918],[-87.80621,40.04162],[-87.7869,40.04183],[-87.78662,40.02727],[-87.77162,40.02805],[-87.76526,40.02799],[-87.74422,40.02801],[-87.7247,40.02788],[-87.67621,40.02792],[-87.67615,40.04261],[-87.65874,40.04285],[-87.65723,40.04273],[-87.65707,40.02805],[-87.65615,40.02796],[-87.64808,40.02788],[-87.63805,40.02791],[-87.63785,40.02176],[-87.6379,40.02054],[-87.62384,40.02074],[-87.62446,40.04263],[-87.61972,40.04268],[-87.62011,40.05545],[-87.61978,40.05558],[-87.61489,40.0556],[-87.61481,40.05574],[-87.61487,40.05797],[-87.61081,40.05795],[-87.58687,40.05838],[-87.57377,40.05845],[-87.54879,40.05879],[-87.53217,40.0588],[-87.53154,40.13711],[-87.53153,40.14278],[-87.53176,40.14427],[-87.53145,40.14813],[-87.53132,40.15534],[-87.53079,40.19183],[-87.53086,40.19699],[-87.5307,40.19977],[-87.53059,40.20648],[-87.53037,40.23183],[-87.52997,40.25057],[-87.52971,40.26972],[-87.52963,40.282],[-87.52841,40.35513],[-87.52831,40.35955],[-87.52821,40.35968],[-87.52835,40.35989],[-87.52839,40.36033],[-87.52811,40.37079],[-87.52817,40.37504],[-87.52792,40.39606],[-87.52749,40.41088],[-87.52731,40.4327],[-87.52676,40.46228],[-87.52617,40.50576],[-87.52637,40.52064],[-87.52628,40.53173],[-87.52635,40.5404],[-87.52624,40.56422],[-87.52628,40.57088],[-87.526,40.6069],[-87.5261,40.61898],[-87.52605,40.621],[-87.52593,40.62151],[-87.52602,40.62162],[-87.52612,40.62233],[-87.5261,40.63101],[-87.52624,40.65142],[-87.52619,40.66544],[-87.5263,40.67867],[-87.52618,40.70456],[-87.52619,40.71926],[-87.52608,40.71986],[-87.52614,40.7229],[-87.52598,40.74961],[-87.526,40.77499],[-87.52584,40.78753],[-87.5259,40.80311],[-87.5257,40.81725],[-87.52566,40.83613],[-87.52574,40.8498],[-87.52583,40.8539],[-87.5259,40.85416],[-87.52598,40.86502],[-87.52592,40.87504],[-87.52611,40.8797],[-87.52599,40.87988],[-87.52591,40.88059],[-87.52644,40.89415],[-87.52605,40.89424],[-87.52596,40.8945],[-87.52598,40.90799],[-87.52604,40.90857],[-87.526,40.91184],[-87.52608,40.91184],[-87.52608,40.91191],[-87.52612,40.93759],[-87.526,40.95175],[-87.52598,40.97427],[-87.5261,40.97693],[-87.5262,40.98701],[-87.5263,41.00581],[-87.52621,41.01047],[-87.52643,41.02437],[-87.52642,41.03786],[-87.52633,41.04118],[-87.52632,41.04544],[-87.52646,41.05781],[-87.52641,41.05879],[-87.52648,41.05916],[-87.5265,41.06145],[-87.52656,41.07975],[-87.52651,41.08717],[-87.52659,41.09003],[-87.52657,41.10092],[-87.52667,41.11671],[-87.52661,41.12145],[-87.52667,41.13466],[-87.52657,41.13973],[-87.52664,41.13975],[-87.5267,41.14922],[-87.52647,41.15246],[-87.52656,41.1526],[-87.52666,41.15504],[-87.52663,41.16123],[-87.52653,41.16443],[-87.52659,41.16554],[-87.5265,41.22383],[-87.52674,41.28266],[-87.52676,41.30833],[-87.52655,41.34469],[-87.52607,41.40442],[-87.52617,41.40802],[-87.52582,41.43306],[-87.52585,41.44324],[-87.52595,41.44392],[-87.52589,41.45102],[-87.5258,41.45431],[-87.52563,41.45667],[-87.52559,41.46101],[-87.52567,41.46194],[-87.5257,41.47028],[-87.52554,41.47525],[-87.52561,41.52834],[-87.52542,41.54291],[-87.52543,41.55741],[-87.52533,41.55885],[-87.52532,41.56141],[-87.5253,41.58164],[-87.5252,41.59559],[-87.52525,41.60106],[-87.52511,41.61468],[-87.52508,41.63547],[-87.525,41.64464],[-87.52484,41.64729],[-87.52489,41.64728],[-87.52479,41.65012],[-87.52474,41.65674],[-87.52486,41.66758],[-87.52476,41.67353],[-87.52484,41.67544],[-87.52482,41.68095],[-87.52474,41.68173],[-87.52481,41.68694],[-87.52466,41.6918],[-87.52462,41.69724],[-87.52447,41.7033],[-87.52416,41.70831],[-87.52423,41.71727],[-87.52432,41.71832],[-87.5242,41.71951],[-87.52416,41.72185],[-87.52366,41.75991],[-87.52445,41.76004],[-87.54074,41.75744],[-87.54111,41.75777],[-87.54149,41.75777],[-87.54258,41.75875],[-87.54249,41.75903],[-87.54364,41.76013],[-87.54401,41.75988],[-87.54458,41.75973],[-87.54497,41.75974],[-87.54592,41.7593],[-87.54708,41.75895],[-87.5487,41.75904],[-87.55014,41.75943],[-87.55173,41.76001],[-87.55266,41.76043],[-87.55414,41.76125],[-87.55451,41.76196],[-87.55501,41.76173],[-87.5563,41.76203],[-87.55684,41.76257],[-87.55705,41.76254],[-87.55755,41.76285],[-87.5576,41.7632],[-87.55829,41.76386],[-87.55852,41.76404],[-87.55871,41.76393],[-87.55946,41.76443],[-87.55943,41.7648],[-87.55965,41.765],[-87.55992,41.76493],[-87.56021,41.76514],[-87.56063,41.76594],[-87.56046,41.76623],[-87.55942,41.76647],[-87.55934,41.76662],[-87.55937,41.76892],[-87.55944,41.76932],[-87.55959,41.76924],[-87.55992,41.76851],[-87.56004,41.76844],[-87.56156,41.7688],[-87.56229,41.76912],[-87.5626,41.76937],[-87.56346,41.77093],[-87.56329,41.77192],[-87.5634,41.77209],[-87.56438,41.77224],[-87.56602,41.7733],[-87.56615,41.77348],[-87.56605,41.7736],[-87.56609,41.77371],[-87.56628,41.7739],[-87.56669,41.77408],[-87.56736,41.77487],[-87.56783,41.77557],[-87.56871,41.77651],[-87.56945,41.777],[-87.57017,41.77733],[-87.57144,41.77832],[-87.57228,41.77927],[-87.57286,41.77934],[-87.57318,41.77923],[-87.57341,41.77976],[-87.57304,41.77991],[-87.57315,41.78027],[-87.56955,41.78121],[-87.56953,41.78143],[-87.56981,41.78152],[-87.57095,41.78154],[-87.57204,41.7818],[-87.57331,41.7822],[-87.57452,41.78281],[-87.57595,41.78376],[-87.57682,41.78544],[-87.57725,41.7866],[-87.57733,41.78802],[-87.57713,41.78815],[-87.57728,41.78826],[-87.57728,41.78846],[-87.57669,41.78853],[-87.57655,41.78868],[-87.57784,41.78958],[-87.57833,41.79005],[-87.57946,41.79216],[-87.5796,41.79284],[-87.5795,41.79345],[-87.57932,41.79381],[-87.57857,41.79454],[-87.57736,41.79492],[-87.57626,41.79503],[-87.57579,41.79534],[-87.57544,41.79545],[-87.57517,41.79605],[-87.57515,41.79632],[-87.57524,41.79655],[-87.57598,41.79703],[-87.57647,41.79705],[-87.57757,41.79681],[-87.57826,41.79702],[-87.57858,41.79719],[-87.57999,41.79842],[-87.58088,41.80043],[-87.58082,41.80177],[-87.58066,41.80255],[-87.58006,41.80354],[-87.58003,41.80386],[-87.58063,41.80424],[-87.58112,41.80421],[-87.58413,41.80652],[-87.58459,41.80669],[-87.58523,41.80729],[-87.58562,41.80788],[-87.58634,41.80933],[-87.58683,41.8099],[-87.58697,41.81021],[-87.58706,41.81144],[-87.58345,41.81243],[-87.58209,41.81508],[-87.58338,41.81708],[-87.59526,41.81694],[-87.59643,41.81692],[-87.59665,41.81684],[-87.59728,41.81692],[-87.60406,41.81685],[-87.6039,41.80957],[-87.59683,41.80964],[-87.59674,41.80418],[-87.59188,41.80423],[-87.59179,41.79951],[-87.58702,41.79957],[-87.58696,41.79843],[-87.58705,41.79645],[-87.58727,41.79519],[-87.58751,41.79519],[-87.58794,41.79336],[-87.58664,41.79338],[-87.58671,41.79133],[-87.58641,41.77854],[-87.58627,41.77532],[-87.58635,41.77511],[-87.5863,41.77334],[-87.58141,41.77339],[-87.58132,41.76975],[-87.58624,41.7697],[-87.58639,41.76846],[-87.58633,41.76612],[-87.5763,41.76621],[-87.57626,41.76433],[-87.5737,41.76436],[-87.57383,41.76533],[-87.57385,41.76616],[-87.56737,41.76623],[-87.56697,41.76617],[-87.56651,41.76599],[-87.56649,41.76444],[-87.5677,41.76442],[-87.56767,41.76261],[-87.56645,41.76262],[-87.56637,41.75899],[-87.56759,41.75897],[-87.56759,41.75853],[-87.56697,41.75854],[-87.56691,41.75535],[-87.5663,41.75536],[-87.56623,41.75173],[-87.56502,41.75175],[-87.56501,41.7513],[-87.55714,41.7514],[-87.55592,41.75142],[-87.55593,41.75187],[-87.55532,41.75188],[-87.55526,41.74824],[-87.55404,41.74826],[-87.55401,41.74644],[-87.55522,41.74643],[-87.5552,41.74461],[-87.55577,41.7446],[-87.55519,41.74428],[-87.55513,41.74097],[-87.55574,41.74096],[-87.55571,41.73914],[-87.55692,41.73913],[-87.55689,41.73731],[-87.55697,41.73731],[-87.55692,41.73549],[-87.55554,41.73551],[-87.55549,41.73368],[-87.55965,41.73362],[-87.56019,41.73323],[-87.55986,41.73299],[-87.56104,41.73206],[-87.56098,41.73202],[-87.561,41.73154],[-87.55815,41.72948],[-87.55811,41.72766],[-87.55673,41.72768],[-87.55671,41.72686],[-87.55809,41.72684],[-87.55807,41.72633],[-87.55669,41.72635],[-87.5566,41.7227],[-87.56472,41.7226],[-87.56454,41.7099],[-87.56514,41.70989],[-87.56512,41.70853],[-87.56452,41.70854],[-87.56451,41.7081],[-87.57366,41.70797],[-87.58496,41.72057],[-87.58513,41.72234],[-87.59165,41.72225],[-87.59187,41.722],[-87.5921,41.72155],[-87.59213,41.72131],[-87.59208,41.71763],[-87.59225,41.7162],[-87.59421,41.71065],[-87.59441,41.71046],[-87.59434,41.71039],[-87.59514,41.70898],[-87.59632,41.70761],[-87.60652,41.70743],[-87.60512,41.71359],[-87.61385,41.71343],[-87.61724,41.71341],[-87.61813,41.71347],[-87.6195,41.71374],[-87.62073,41.71419],[-87.62209,41.715],[-87.62288,41.71574],[-87.62342,41.71468],[-87.62364,41.71401],[-87.6236,41.71081],[-87.626,41.71078],[-87.62592,41.70713],[-87.62352,41.70717],[-87.62244,41.67073],[-87.62209,41.66345],[-87.62195,41.66326],[-87.62175,41.66173],[-87.62471,41.66129],[-87.63097,41.6575],[-87.63128,41.65792],[-87.63152,41.65796],[-87.63284,41.65769],[-87.63514,41.65756],[-87.63513,41.65743],[-87.64122,41.65743],[-87.64685,41.65703],[-87.65056,41.65577],[-87.6566,41.6555],[-87.66061,41.65511],[-87.66062,41.65544],[-87.66192,41.65515],[-87.66238,41.65806],[-87.66552,41.65706],[-87.66575,41.66286],[-87.6773,41.66265],[-87.68021,41.6627],[-87.68012,41.6625],[-87.6801,41.6618],[-87.68003,41.65368],[-87.67985,41.65327],[-87.67993,41.65246],[-87.68027,41.65247],[-87.68118,41.65176],[-87.67999,41.65173],[-87.68001,41.65145],[-87.68098,41.65144],[-87.68117,41.65137],[-87.68068,41.64818],[-87.66971,41.64824],[-87.66148,41.64839],[-87.66121,41.64087],[-87.66133,41.63954],[-87.66162,41.63867],[-87.66232,41.63733],[-87.66348,41.63595],[-87.66445,41.63518],[-87.66674,41.6337],[-87.66654,41.63355],[-87.66424,41.6335],[-87.66093,41.63351],[-87.65619,41.63365],[-87.65616,41.63284],[-87.65634,41.6299],[-87.65602,41.62838],[-87.65602,41.62626],[-87.66087,41.62633],[-87.66243,41.62633],[-87.66331,41.62624],[-87.66572,41.62628],[-87.6657,41.62265],[-87.67528,41.62267],[-87.67542,41.619],[-87.68023,41.61894],[-87.68022,41.61923],[-87.68515,41.61915],[-87.68514,41.61986],[-87.69076,41.61556],[-87.6912,41.61553],[-87.6932,41.614],[-87.69632,41.61155],[-87.69615,41.61138],[-87.6995,41.60885],[-87.69947,41.60806],[-87.69955,41.60788],[-87.69946,41.60077],[-87.69824,41.60077],[-87.69822,41.59896],[-87.69944,41.59895],[-87.69942,41.59714],[-87.70063,41.59714],[-87.70061,41.59533],[-87.70182,41.59532],[-87.70181,41.59351],[-87.70659,41.59353],[-87.70664,41.59292],[-87.70659,41.58621],[-87.70737,41.58634],[-87.709,41.58635],[-87.71008,41.58621],[-87.7225,41.58617],[-87.72393,41.58623],[-87.72516,41.58645],[-87.72922,41.58645],[-87.73256,41.58396],[-87.73818,41.57958],[-87.74003,41.57777],[-87.74147,41.57587],[-87.74164,41.57596],[-87.742,41.57513],[-87.74194,41.57507],[-87.74262,41.57364],[-87.7431,41.57223],[-87.74452,41.56726],[-87.74459,41.56653],[-87.74447,41.56564],[-87.74357,41.5621],[-87.74339,41.56078],[-87.74339,41.56063],[-87.74353,41.56062],[-87.7434,41.56008],[-87.7433,41.557],[-87.74279,41.52796],[-87.75124,41.52795],[-87.75713,41.52808],[-87.7689,41.52817],[-87.77296,41.52809],[-87.79041,41.52804],[-87.79041,41.50801],[-87.79031,41.50625],[-87.7903,41.46985],[-87.7873,41.46984],[-87.78577,41.35399],[-87.82433,41.35347],[-87.82362,41.311],[-87.82382,41.31059],[-87.82424,41.31022],[-87.82481,41.30995],[-87.82534,41.30987],[-87.83795,41.3097],[-87.83822,41.30897],[-87.83859,41.30861],[-87.84108,41.30741],[-87.84165,41.30675],[-87.84188,41.30623],[-87.84215,41.30465],[-87.8424,41.30424],[-87.84271,41.30409],[-87.84254,41.2951],[-87.78166,41.29586],[-87.78011,41.20726],[-87.79943,41.20709],[-87.79952,41.22169],[-87.81907,41.22157],[-87.81873,41.20695],[-87.83803,41.20681],[-87.83783,41.20125],[-87.83768,41.20125],[-87.83741,41.19199],[-87.83741,41.19187],[-87.83752,41.19187],[-87.83683,41.16355],[-87.83661,41.15025],[-87.83643,41.14972],[-87.83494,41.14868],[-87.83485,41.14816],[-87.84135,41.14812],[-87.84132,41.14645],[-87.85127,41.14637],[-87.85511,41.14636],[-87.85513,41.14803],[-87.86048,41.14802],[-87.85765,41.16261],[-87.86629,41.16261],[-87.8663,41.16183],[-87.86602,41.16142],[-87.86668,41.16141],[-87.86669,41.15946],[-87.86638,41.15947],[-87.86643,41.15855],[-87.86797,41.15854],[-87.86814,41.15861],[-87.86829,41.15879],[-87.8683,41.15937],[-87.86949,41.15937],[-87.86949,41.15888],[-87.87026,41.15885],[-87.87209,41.15833],[-87.87197,41.15819],[-87.87315,41.15787],[-87.87515,41.15777],[-87.87528,41.15748],[-87.87547,41.1573],[-87.87629,41.15696],[-87.87795,41.15605],[-87.87822,41.15564],[-87.87829,41.15527],[-87.87914,41.15532],[-87.87968,41.1549],[-87.88335,41.15328],[-87.88263,41.15219],[-87.88129,41.15277],[-87.88051,41.15182],[-87.88025,41.1518],[-87.8803,41.15149],[-87.88069,41.15099],[-87.88068,41.14799],[-87.88728,41.14796],[-87.88814,41.14746],[-87.88837,41.14745],[-87.88865,41.1476],[-87.88887,41.14746],[-87.88925,41.14739],[-87.88951,41.14724],[-87.88971,41.14724],[-87.88982,41.14736],[-87.89033,41.14754],[-87.89079,41.14733],[-87.89135,41.14737],[-87.89195,41.14715],[-87.89253,41.14681],[-87.89257,41.14798],[-87.89454,41.14801],[-87.89453,41.14731],[-87.89483,41.14773],[-87.89561,41.14773],[-87.89814,41.14923],[-87.89996,41.1497],[-87.90079,41.14976],[-87.90166,41.14968],[-87.90297,41.14914],[-87.90437,41.14888],[-87.90635,41.14915],[-87.90831,41.14926],[-87.90904,41.14951],[-87.91232,41.15087],[-87.91266,41.1511],[-87.91472,41.153],[-87.91579,41.15425],[-87.91644,41.15489],[-87.91713,41.15531],[-87.91781,41.1556],[-87.91856,41.15575],[-87.91989,41.15573],[-87.92163,41.15557],[-87.9229,41.15592],[-87.92383,41.15644],[-87.92474,41.15676],[-87.92645,41.15717],[-87.92888,41.15746],[-87.93086,41.15753],[-87.93215,41.15743],[-87.93324,41.15753],[-87.93539,41.15742],[-87.93686,41.15779],[-87.93832,41.15868],[-87.94035,41.1602],[-87.94838,41.16509],[-87.94966,41.16656],[-87.9529,41.17154],[-87.95427,41.17352],[-87.95763,41.17789],[-87.95935,41.18036],[-87.96016,41.18168],[-87.96182,41.18339],[-87.96484,41.18606],[-87.96585,41.18707],[-87.96708,41.189],[-87.97059,41.19386],[-87.9717,41.19519],[-87.9725,41.19579],[-87.97515,41.19714],[-87.97742,41.19876],[-87.97875,41.19999],[-87.98005,41.20102],[-87.9813,41.20186],[-87.98299,41.20235],[-87.98594,41.20274],[-87.98676,41.20295],[-87.98893,41.20381],[-87.99125,41.20533],[-87.99215,41.20525],[-88.01181,41.20551],[-88.09921,41.20435],[-88.1289,41.20389],[-88.19912,41.20236],[-88.24414,41.20157],[-88.24323,41.17554],[-88.24278,41.16505],[-88.24257,41.15798],[-88.24157,41.13346],[-88.24089,41.11438],[-88.25628,41.11414],[-88.28516,41.11353],[-88.40511,41.1105],[-88.40548,41.11058],[-88.40866,41.11043],[-88.4551,41.10927],[-88.48492,41.10865],[-88.5095,41.10838],[-88.58461,41.10831],[-88.58499,41.09217],[-88.58568,41.03659],[-88.58569,41.01997],[-88.58592,41.00221],[-88.58595,40.98926],[-88.58584,40.97478],[-88.58593,40.94485],[-88.60529,40.93584],[-88.58843,40.93606],[-88.58804,40.93599],[-88.59134,40.93243],[-88.60465,40.93226],[-88.60507,40.93067],[-88.60492,40.91856],[-88.60545,40.9179],[-88.60507,40.91773],[-88.61999,40.9017],[-88.62165,40.90026],[-88.62387,40.89865],[-88.63565,40.89206],[-88.63608,40.89239],[-88.63634,40.89244],[-88.64283,40.89238],[-88.64284,40.89277],[-88.64318,40.89288],[-88.64562,40.89459],[-88.64781,40.89457],[-88.64782,40.89528],[-88.64806,40.89605],[-88.64825,40.89618],[-88.64891,40.89643],[-88.65193,40.89671],[-88.65364,40.8975],[-88.65603,40.89803],[-88.65735,40.89884],[-88.65905,40.89948],[-88.65987,40.8999],[-88.66098,40.90125],[-88.66171,40.90173],[-88.66255,40.90214],[-88.66297,40.90261],[-88.6632,40.90266],[-88.66378,40.90327],[-88.66498,40.90406],[-88.666,40.90456],[-88.66604,40.90467],[-88.66597,40.90478],[-88.66634,40.90484],[-88.6674,40.90556],[-88.66777,40.90595],[-88.66926,40.90432],[-88.67047,40.90236],[-88.67125,40.90011],[-88.67141,40.8992],[-88.67145,40.89767]]]},"properties":{"AREALAND":10144496765,"AREAWATER":38931949,"BASENAME":"2","CDSESSN":"120","CDTYP":"O","CENTLAT":"+40.7730572","CENTLON":"-087.9517891","FUNCSTAT":"N","GEOID":"1702","HU100":null,"INTPTLAT":"+40.7714827","INTPTLON":"-087.9426525","LSADC":"C2","MTFCC":"G5200","NAME":"Congressional District 2","OBJECTID":46,"OID":"2119042393277772","POP100":null,"STATE":"17","CD120":"02"}},{"type":"Feature","id":48,"geometry":{"type":"Polygon","coordinates":[[[-87.96723,41.84624],[-87.9671,41.84447],[-87.96688,41.84447],[-87.96687,41.84378],[-87.96491,41.8438],[-87.96489,41.8425],[-87.96495,41.84217],[-87.96596,41.84101],[-87.9661,41.84072],[-87.96609,41.83953],[-87.96586,41.83897],[-87.9656,41.83869],[-87.96516,41.83841],[-87.96386,41.83798],[-87.96326,41.83768],[-87.96234,41.83689],[-87.96133,41.83545],[-87.96069,41.83423],[-87.96031,41.83319],[-87.95984,41.83273],[-87.9594,41.83255],[-87.95886,41.83249],[-87.95883,41.83211],[-87.95655,41.8323],[-87.95536,41.83233],[-87.95533,41.83228],[-87.95435,41.83029],[-87.95377,41.82822],[-87.95364,41.82711],[-87.95354,41.82505],[-87.95331,41.82505],[-87.953,41.8191],[-87.95257,41.81776],[-87.952,41.81697],[-87.95144,41.81636],[-87.94835,41.81374],[-87.94773,41.81299],[-87.94742,41.81244],[-87.94707,41.81224],[-87.94692,41.81191],[-87.94682,41.81073],[-87.95651,41.81043],[-87.95639,41.8074],[-87.95063,41.80881],[-87.95058,41.80727],[-87.9505,41.80705],[-87.95057,41.80681],[-87.95052,41.80563],[-87.95025,41.80497],[-87.95018,41.80324],[-87.95554,41.80313],[-87.95526,41.80122],[-87.95326,41.80125],[-87.9532,41.80092],[-87.9529,41.8003],[-87.95305,41.79983],[-87.95357,41.79931],[-87.95374,41.79903],[-87.95372,41.79812],[-87.95401,41.79743],[-87.95469,41.79734],[-87.95444,41.7962],[-87.95425,41.79578],[-87.9552,41.79561],[-87.95536,41.79496],[-87.95474,41.79391],[-87.95454,41.79327],[-87.95455,41.79295],[-87.95492,41.7926],[-87.955,41.79231],[-87.95487,41.79141],[-87.95531,41.79086],[-87.95547,41.79096],[-87.9561,41.79038],[-87.9563,41.78999],[-87.95633,41.78949],[-87.9562,41.78859],[-87.9469,41.78861],[-87.94667,41.78161],[-87.9465,41.78161],[-87.9465,41.78152],[-87.92157,41.78203],[-87.92156,41.78164],[-87.91672,41.78173],[-87.91666,41.78022],[-87.91426,41.78028],[-87.91353,41.78017],[-87.91193,41.78013],[-87.9119,41.78094],[-87.90926,41.78099],[-87.90923,41.78081],[-87.90841,41.78083],[-87.90843,41.7821],[-87.9094,41.78295],[-87.90952,41.78422],[-87.90947,41.78434],[-87.90893,41.78476],[-87.90872,41.78529],[-87.90861,41.78669],[-87.90862,41.78908],[-87.90878,41.78924],[-87.90992,41.78924],[-87.91006,41.78941],[-87.91002,41.78957],[-87.90791,41.78962],[-87.90806,41.7954],[-87.90815,41.79637],[-87.90837,41.79757],[-87.90873,41.79878],[-87.91319,41.81048],[-87.91347,41.81864],[-87.91363,41.81864],[-87.90096,41.82069],[-87.89981,41.82069],[-87.88943,41.81967],[-87.88879,41.80465],[-87.88398,41.80476],[-87.88394,41.80296],[-87.87905,41.80304],[-87.87888,41.7994],[-87.87054,41.79957],[-87.87062,41.8014],[-87.86545,41.8015],[-87.86538,41.79967],[-87.86415,41.7997],[-87.86422,41.80153],[-87.85932,41.80161],[-87.8586,41.78361],[-87.85696,41.78358],[-87.85613,41.78395],[-87.85611,41.78373],[-87.83875,41.78383],[-87.83555,41.78267],[-87.83456,41.78223],[-87.83106,41.78513],[-87.83065,41.78381],[-87.82953,41.78385],[-87.82718,41.78374],[-87.82217,41.78081],[-87.82197,41.7806],[-87.82068,41.77976],[-87.81672,41.77741],[-87.81472,41.77595],[-87.81445,41.77631],[-87.81291,41.77525],[-87.81194,41.77449],[-87.81225,41.77458],[-87.81204,41.77438],[-87.80569,41.77443],[-87.80585,41.77239],[-87.80575,41.77246],[-87.80453,41.77251],[-87.80436,41.77239],[-87.80104,41.77622],[-87.80089,41.77657],[-87.80161,41.79481],[-87.80173,41.79586],[-87.80201,41.79676],[-87.80209,41.79785],[-87.79663,41.79958],[-87.79604,41.79943],[-87.79282,41.79947],[-87.76254,41.80006],[-87.7623,41.79274],[-87.77207,41.79254],[-87.77135,41.7742],[-87.74217,41.77478],[-87.74206,41.77113],[-87.74214,41.77039],[-87.74217,41.76812],[-87.74202,41.76515],[-87.7419,41.7643],[-87.7416,41.75649],[-87.7464,41.75641],[-87.7492,41.75453],[-87.75124,41.75449],[-87.75116,41.75631],[-87.75134,41.75629],[-87.75135,41.75656],[-87.76099,41.75643],[-87.76098,41.75614],[-87.76145,41.7561],[-87.78075,41.75544],[-87.78035,41.75211],[-87.79488,41.75178],[-87.79485,41.74821],[-87.79974,41.74813],[-87.7991,41.7335],[-87.77056,41.73401],[-87.77056,41.73357],[-87.76851,41.7336],[-87.76811,41.73361],[-87.76812,41.73405],[-87.76323,41.73414],[-87.7631,41.73057],[-87.76067,41.73061],[-87.76055,41.72702],[-87.74104,41.72736],[-87.74121,41.73276],[-87.74107,41.73452],[-87.72386,41.73483],[-87.72399,41.73847],[-87.72277,41.7385],[-87.7229,41.74216],[-87.72168,41.74218],[-87.72191,41.7495],[-87.72029,41.74953],[-87.72036,41.75138],[-87.72197,41.75136],[-87.72218,41.75493],[-87.72219,41.75684],[-87.71232,41.75691],[-87.71233,41.75719],[-87.71108,41.75704],[-87.70261,41.75722],[-87.70281,41.76439],[-87.69303,41.76454],[-87.69321,41.77182],[-87.70781,41.7716],[-87.70794,41.77706],[-87.7031,41.77714],[-87.70314,41.77897],[-87.69096,41.77915],[-87.69116,41.78645],[-87.6875,41.7865],[-87.68755,41.78833],[-87.68633,41.78835],[-87.68638,41.79018],[-87.68517,41.79019],[-87.68524,41.79201],[-87.68399,41.79204],[-87.68404,41.79388],[-87.68229,41.79383],[-87.68231,41.79475],[-87.67995,41.79478],[-87.67995,41.79466],[-87.67916,41.79475],[-87.67958,41.79518],[-87.67964,41.80117],[-87.66964,41.80128],[-87.66969,41.8031],[-87.66361,41.80316],[-87.66366,41.80498],[-87.66001,41.80503],[-87.66,41.80475],[-87.65029,41.80493],[-87.65027,41.80426],[-87.64542,41.80431],[-87.64643,41.84451],[-87.64981,41.84441],[-87.65084,41.8455],[-87.64978,41.84565],[-87.64922,41.8459],[-87.64948,41.84626],[-87.64671,41.84766],[-87.64552,41.84812],[-87.6438,41.84849],[-87.64442,41.84941],[-87.64416,41.84944],[-87.6449,41.85084],[-87.6451,41.85152],[-87.64519,41.85226],[-87.64512,41.85311],[-87.64433,41.85586],[-87.64415,41.85676],[-87.64422,41.85996],[-87.67308,41.85951],[-87.67605,41.85958],[-87.67605,41.85952],[-87.67796,41.85948],[-87.67858,41.85939],[-87.68583,41.85937],[-87.68584,41.85764],[-87.68727,41.85713],[-87.69556,41.85524],[-87.69557,41.85555],[-87.69921,41.85551],[-87.69918,41.85446],[-87.70006,41.85427],[-87.70289,41.85418],[-87.70288,41.8538],[-87.70377,41.85361],[-87.70531,41.85359],[-87.70529,41.85311],[-87.71014,41.85201],[-87.71013,41.85171],[-87.71089,41.85165],[-87.71114,41.85199],[-87.71253,41.85169],[-87.71378,41.85168],[-87.71376,41.85118],[-87.7392,41.84547],[-87.73935,41.85043],[-87.73964,41.85503],[-87.73985,41.86031],[-87.73993,41.86596],[-87.77414,41.86546],[-87.77415,41.86592],[-87.7766,41.86588],[-87.77659,41.86543],[-87.8042,41.86498],[-87.80394,41.85773],[-87.80835,41.85767],[-87.80816,41.854],[-87.80808,41.85029],[-87.84271,41.84968],[-87.84234,41.84253],[-87.84243,41.84261],[-87.84637,41.84221],[-87.84892,41.8422],[-87.84867,41.84192],[-87.84902,41.84177],[-87.84966,41.84176],[-87.84968,41.8422],[-87.86466,41.84183],[-87.86525,41.84171],[-87.86526,41.84184],[-87.86613,41.84193],[-87.86686,41.84175],[-87.8669,41.84371],[-87.86626,41.84383],[-87.86628,41.84441],[-87.86855,41.84436],[-87.86805,41.83259],[-87.87376,41.83244],[-87.87423,41.83426],[-87.91895,41.83315],[-87.91908,41.83601],[-87.91976,41.83961],[-87.91979,41.84055],[-87.91923,41.84604],[-87.91921,41.84723],[-87.91932,41.84927],[-87.9194,41.85404],[-87.9203,41.8616],[-87.92042,41.86413],[-87.92052,41.87288],[-87.92046,41.87311],[-87.9205,41.88068],[-87.92061,41.88107],[-87.92061,41.8827],[-87.91142,41.88196],[-87.91142,41.88231],[-87.91076,41.88235],[-87.91069,41.88293],[-87.91073,41.88377],[-87.91023,41.88377],[-87.91022,41.88542],[-87.90814,41.8854],[-87.90813,41.88942],[-87.90325,41.88929],[-87.90327,41.89267],[-87.89934,41.89264],[-87.89847,41.89251],[-87.89551,41.89265],[-87.89429,41.89253],[-87.89407,41.89224],[-87.8884,41.89172],[-87.88828,41.8919],[-87.88826,41.89243],[-87.88352,41.89241],[-87.87849,41.89274],[-87.87222,41.89273],[-87.86401,41.89292],[-87.86395,41.89115],[-87.84046,41.88853],[-87.8406,41.89171],[-87.83938,41.89173],[-87.83949,41.89446],[-87.8407,41.89443],[-87.84077,41.89625],[-87.83591,41.89633],[-87.83595,41.89726],[-87.83465,41.89726],[-87.83424,41.8984],[-87.83395,41.89995],[-87.8335,41.90155],[-87.8328,41.90299],[-87.83237,41.90359],[-87.83151,41.90436],[-87.83076,41.9048],[-87.82785,41.90577],[-87.82602,41.9067],[-87.82546,41.90709],[-87.8248,41.9077],[-87.82454,41.90827],[-87.82451,41.90856],[-87.82545,41.90854],[-87.82546,41.91102],[-87.82606,41.91142],[-87.8268,41.91175],[-87.82771,41.91196],[-87.82852,41.91188],[-87.8292,41.91155],[-87.8301,41.91061],[-87.83058,41.91046],[-87.83148,41.91034],[-87.83237,41.91049],[-87.83304,41.9109],[-87.83353,41.91138],[-87.83365,41.91161],[-87.83368,41.912],[-87.83329,41.91422],[-87.83316,41.9161],[-87.83328,41.91698],[-87.83371,41.91808],[-87.83409,41.91848],[-87.83537,41.91892],[-87.83737,41.92024],[-87.84112,41.9234],[-87.84294,41.92583],[-87.84358,41.92699],[-87.84439,41.9282],[-87.84615,41.93063],[-87.8478,41.93255],[-87.84793,41.93311],[-87.84744,41.93387],[-87.84744,41.93443],[-87.8479,41.93525],[-87.84834,41.9358],[-87.84861,41.93636],[-87.84959,41.93729],[-87.85155,41.93726],[-87.85411,41.93701],[-87.85972,41.9369],[-87.85881,41.93429],[-87.87041,41.93766],[-87.87037,41.93673],[-87.8753,41.93818],[-87.87534,41.93911],[-87.88251,41.94124],[-87.88521,41.94223],[-87.88527,41.94366],[-87.88649,41.94376],[-87.88792,41.94265],[-87.88778,41.94005],[-87.89004,41.94001],[-87.89107,41.9401],[-87.89235,41.94042],[-87.90589,41.94555],[-87.90832,41.94632],[-87.9149,41.94817],[-87.91467,41.94333],[-87.92024,41.94313],[-87.92042,41.90684],[-87.92386,41.90656],[-87.92601,41.90661],[-87.93987,41.90626],[-87.94001,41.8996],[-87.94008,41.89085],[-87.93998,41.88353],[-87.93932,41.88188],[-87.93997,41.8821],[-87.93987,41.87623],[-87.94116,41.87619],[-87.94098,41.87437],[-87.93972,41.87441],[-87.93856,41.86154],[-87.93944,41.86152],[-87.93956,41.86128],[-87.94862,41.86103],[-87.94859,41.85895],[-87.94947,41.85892],[-87.94973,41.85807],[-87.94975,41.85767],[-87.9533,41.85754],[-87.95329,41.85632],[-87.95793,41.85615],[-87.95789,41.85311],[-87.9575,41.85311],[-87.95747,41.84658],[-87.96041,41.84643],[-87.96723,41.84624]]]},"properties":{"AREALAND":248008485,"AREAWATER":3103415,"BASENAME":"4","CDSESSN":"120","CDTYP":"O","CENTLAT":"+41.8304947","CENTLON":"-087.8059082","FUNCSTAT":"N","GEOID":"1704","HU100":null,"INTPTLAT":"+41.8293740","INTPTLON":"-087.8098974","LSADC":"C2","MTFCC":"G5200","NAME":"Congressional District 4","OBJECTID":48,"OID":"2119042393277777","POP100":null,"STATE":"17","CD120":"04"}},{"type":"Feature","id":52,"geometry":{"type":"Polygon","coordinates":[[[-87.92062,41.8816],[-87.92061,41.88107],[-87.9205,41.88068],[-87.92049,41.86836],[-87.92038,41.86308],[-87.9203,41.8616],[-87.9194,41.85404],[-87.91932,41.84927],[-87.91921,41.84723],[-87.91923,41.84604],[-87.91979,41.84055],[-87.91976,41.83961],[-87.91908,41.83601],[-87.91895,41.83315],[-87.87423,41.83426],[-87.87376,41.83244],[-87.86805,41.83259],[-87.86855,41.84436],[-87.86628,41.84441],[-87.86626,41.84383],[-87.8669,41.84371],[-87.86686,41.84175],[-87.86613,41.84193],[-87.86526,41.84184],[-87.86525,41.84171],[-87.86466,41.84183],[-87.84968,41.8422],[-87.84966,41.84176],[-87.84902,41.84177],[-87.84867,41.84192],[-87.84892,41.8422],[-87.84637,41.84221],[-87.84243,41.84261],[-87.84234,41.84253],[-87.84271,41.84968],[-87.80808,41.85029],[-87.80816,41.854],[-87.80835,41.85767],[-87.80394,41.85773],[-87.8042,41.86498],[-87.77659,41.86543],[-87.7766,41.86588],[-87.77415,41.86592],[-87.77414,41.86546],[-87.73993,41.86596],[-87.73985,41.86031],[-87.73964,41.85503],[-87.73935,41.85043],[-87.7392,41.84547],[-87.71376,41.85118],[-87.71378,41.85168],[-87.71253,41.85169],[-87.71114,41.85199],[-87.71089,41.85165],[-87.71013,41.85171],[-87.71014,41.85201],[-87.70529,41.85311],[-87.70531,41.85359],[-87.70377,41.85361],[-87.70288,41.8538],[-87.70289,41.85418],[-87.70006,41.85427],[-87.69918,41.85446],[-87.69921,41.85551],[-87.69557,41.85555],[-87.69556,41.85524],[-87.68727,41.85713],[-87.68584,41.85764],[-87.68583,41.85937],[-87.67858,41.85939],[-87.67796,41.85948],[-87.67605,41.85952],[-87.67605,41.85958],[-87.67308,41.85951],[-87.64422,41.85996],[-87.64415,41.85676],[-87.64433,41.85586],[-87.64512,41.85311],[-87.64519,41.85226],[-87.6451,41.85152],[-87.6449,41.85084],[-87.64416,41.84944],[-87.64442,41.84941],[-87.6438,41.84849],[-87.64552,41.84812],[-87.64671,41.84766],[-87.64948,41.84626],[-87.64922,41.8459],[-87.64978,41.84565],[-87.65084,41.8455],[-87.64981,41.84441],[-87.64643,41.84451],[-87.64542,41.80431],[-87.65027,41.80426],[-87.65029,41.80493],[-87.66,41.80475],[-87.66001,41.80503],[-87.66366,41.80498],[-87.66361,41.80316],[-87.66969,41.8031],[-87.66964,41.80128],[-87.67964,41.80117],[-87.67958,41.79518],[-87.67916,41.79475],[-87.67995,41.79466],[-87.67995,41.79478],[-87.68231,41.79475],[-87.68229,41.79383],[-87.68404,41.79388],[-87.68399,41.79204],[-87.68524,41.79201],[-87.68517,41.79019],[-87.68638,41.79018],[-87.68633,41.78835],[-87.68755,41.78833],[-87.6875,41.7865],[-87.69116,41.78645],[-87.69096,41.77915],[-87.70314,41.77897],[-87.7031,41.77714],[-87.70794,41.77706],[-87.70781,41.7716],[-87.69321,41.77182],[-87.69303,41.76454],[-87.68814,41.76462],[-87.68808,41.76279],[-87.68686,41.76281],[-87.68668,41.75748],[-87.68367,41.75754],[-87.68305,41.75738],[-87.67647,41.75746],[-87.67214,41.75755],[-87.67206,41.75762],[-87.6709,41.75756],[-87.67083,41.75762],[-87.66971,41.75765],[-87.65878,41.75773],[-87.64423,41.75799],[-87.64432,41.76156],[-87.64553,41.76154],[-87.64558,41.76336],[-87.64619,41.76336],[-87.64622,41.76472],[-87.64561,41.76473],[-87.64595,41.77773],[-87.64597,41.77784],[-87.64613,41.77793],[-87.64617,41.77973],[-87.62579,41.78005],[-87.62106,41.78005],[-87.6197,41.78017],[-87.61562,41.78024],[-87.61614,41.80191],[-87.61611,41.8021],[-87.61497,41.80212],[-87.615,41.80303],[-87.61402,41.80305],[-87.61387,41.80394],[-87.61381,41.81118],[-87.61389,41.81215],[-87.61456,41.81214],[-87.61459,41.81305],[-87.61394,41.81306],[-87.61403,41.81487],[-87.6148,41.81486],[-87.61487,41.81547],[-87.6157,41.81546],[-87.61571,41.81484],[-87.61648,41.81483],[-87.61656,41.81754],[-87.61394,41.81758],[-87.61376,41.81848],[-87.61658,41.81844],[-87.61673,41.82384],[-87.6303,41.82366],[-87.63057,41.83461],[-87.62333,41.8347],[-87.62344,41.83834],[-87.62331,41.83835],[-87.62323,41.83917],[-87.62328,41.84129],[-87.62268,41.84131],[-87.62269,41.84193],[-87.62198,41.84199],[-87.62208,41.84274],[-87.62208,41.84362],[-87.62221,41.84386],[-87.6221,41.84417],[-87.62214,41.84566],[-87.62339,41.84564],[-87.62358,41.84738],[-87.62367,41.84747],[-87.62376,41.85111],[-87.62224,41.85114],[-87.62247,41.86025],[-87.62086,41.86024],[-87.62083,41.86051],[-87.6204,41.86011],[-87.61888,41.85792],[-87.61765,41.85799],[-87.61673,41.85795],[-87.61454,41.85283],[-87.61383,41.85283],[-87.6136,41.85275],[-87.61055,41.85283],[-87.6043,41.85271],[-87.60484,41.85424],[-87.60525,41.86982],[-87.61467,41.86834],[-87.61478,41.86825],[-87.61536,41.86825],[-87.6157,41.86862],[-87.61626,41.8689],[-87.61634,41.87186],[-87.6162,41.87198],[-87.61618,41.87443],[-87.60535,41.87443],[-87.60925,41.88233],[-87.6161,41.88226],[-87.6157,41.88244],[-87.61402,41.88262],[-87.61333,41.88293],[-87.61292,41.8833],[-87.61275,41.88352],[-87.61271,41.88371],[-87.61272,41.88793],[-87.61344,41.88789],[-87.61391,41.88808],[-87.61391,41.88832],[-87.61273,41.88831],[-87.61274,41.88904],[-87.6125,41.88913],[-87.61129,41.88923],[-87.60951,41.88924],[-87.60952,41.89097],[-87.60093,41.89106],[-87.60091,41.89138],[-87.59857,41.89138],[-87.59851,41.89219],[-87.60237,41.89215],[-87.60234,41.89391],[-87.60228,41.89391],[-87.60237,41.89634],[-87.6051,41.89633],[-87.60528,41.89624],[-87.60565,41.89624],[-87.60584,41.89641],[-87.60679,41.89638],[-87.6069,41.89622],[-87.60796,41.89619],[-87.60797,41.89627],[-87.60856,41.89627],[-87.61025,41.89619],[-87.61141,41.89449],[-87.61204,41.89343],[-87.61254,41.89312],[-87.61371,41.89312],[-87.61569,41.89588],[-87.62034,41.8958],[-87.62032,41.89502],[-87.62425,41.89494],[-87.6242,41.89289],[-87.62428,41.89242],[-87.62425,41.89173],[-87.62807,41.89167],[-87.62829,41.89994],[-87.62987,41.89991],[-87.62983,41.89875],[-87.6313,41.89873],[-87.63135,41.90055],[-87.63275,41.90054],[-87.63285,41.90388],[-87.633,41.90388],[-87.63306,41.90576],[-87.63454,41.90573],[-87.63458,41.90669],[-87.63715,41.90666],[-87.63719,41.90762],[-87.63848,41.9076],[-87.63857,41.91049],[-87.6379,41.91047],[-87.6376,41.91034],[-87.63762,41.91097],[-87.63762,41.91106],[-87.63859,41.91104],[-87.63859,41.91117],[-87.63666,41.9112],[-87.63672,41.91285],[-87.63864,41.91282],[-87.64033,41.91291],[-87.64116,41.91284],[-87.64108,41.91287],[-87.64109,41.91337],[-87.64115,41.91336],[-87.6411,41.91345],[-87.64113,41.91466],[-87.64355,41.91463],[-87.64352,41.9139],[-87.64836,41.91383],[-87.64809,41.90364],[-87.66263,41.90341],[-87.66262,41.90386],[-87.66384,41.90384],[-87.66383,41.90339],[-87.67726,41.90319],[-87.67746,41.91047],[-87.68722,41.91032],[-87.68684,41.89574],[-87.69547,41.89566],[-87.69556,41.89929],[-87.72497,41.89903],[-87.72492,41.89721],[-87.72614,41.8972],[-87.72608,41.89537],[-87.74581,41.895],[-87.74604,41.90599],[-87.7485,41.90596],[-87.74854,41.90776],[-87.75099,41.90774],[-87.75104,41.90956],[-87.75265,41.90954],[-87.75286,41.91533],[-87.76079,41.91626],[-87.76087,41.91785],[-87.76702,41.91898],[-87.76694,41.91687],[-87.76816,41.91686],[-87.7682,41.91805],[-87.78026,41.91785],[-87.78039,41.91792],[-87.7804,41.91829],[-87.78528,41.91823],[-87.78518,41.91459],[-87.79496,41.91448],[-87.795,41.91585],[-87.79866,41.91581],[-87.79873,41.91809],[-87.80148,41.91807],[-87.80143,41.91624],[-87.80601,41.91619],[-87.80583,41.91071],[-87.80684,41.91069],[-87.80706,41.91058],[-87.80726,41.91067],[-87.80827,41.91067],[-87.80833,41.91249],[-87.81383,41.9124],[-87.81376,41.91057],[-87.81438,41.91056],[-87.81444,41.91239],[-87.81566,41.91237],[-87.8156,41.91054],[-87.81584,41.91054],[-87.81621,41.91053],[-87.81627,41.91236],[-87.81688,41.91235],[-87.81682,41.91052],[-87.81707,41.91052],[-87.82048,41.91046],[-87.82054,41.91229],[-87.82299,41.91224],[-87.82293,41.91024],[-87.82356,41.91023],[-87.82377,41.9103],[-87.82416,41.91077],[-87.82421,41.91222],[-87.82544,41.9122],[-87.82545,41.90854],[-87.82451,41.90856],[-87.82454,41.90827],[-87.82478,41.90773],[-87.82559,41.90698],[-87.82664,41.90636],[-87.82798,41.90572],[-87.83076,41.9048],[-87.83151,41.90436],[-87.83237,41.90359],[-87.8328,41.90299],[-87.8335,41.90155],[-87.83395,41.89995],[-87.83424,41.8984],[-87.83465,41.89726],[-87.83595,41.89726],[-87.83591,41.89633],[-87.84077,41.89625],[-87.8407,41.89443],[-87.83949,41.89446],[-87.83938,41.89173],[-87.8406,41.89171],[-87.84046,41.88853],[-87.86395,41.89115],[-87.86401,41.89292],[-87.87222,41.89273],[-87.87849,41.89274],[-87.88352,41.89241],[-87.88826,41.89243],[-87.88828,41.8919],[-87.8884,41.89172],[-87.89407,41.89224],[-87.89429,41.89253],[-87.89551,41.89265],[-87.89847,41.89251],[-87.89934,41.89264],[-87.90327,41.89267],[-87.90325,41.88929],[-87.90813,41.88942],[-87.90814,41.8854],[-87.91022,41.88542],[-87.91023,41.88377],[-87.91073,41.88377],[-87.91069,41.88293],[-87.91076,41.88235],[-87.91142,41.88231],[-87.91142,41.88196],[-87.92061,41.8827],[-87.92062,41.8816]]]},"properties":{"AREALAND":177223783,"AREAWATER":2189439,"BASENAME":"7","CDSESSN":"120","CDTYP":"O","CENTLAT":"+41.8602455","CENTLON":"-087.7460944","FUNCSTAT":"N","GEOID":"1707","HU100":null,"INTPTLAT":"+41.8784633","INTPTLON":"-087.8406513","LSADC":"C2","MTFCC":"G5200","NAME":"Congressional District 7","OBJECTID":52,"OID":"2119042393277778","POP100":null,"STATE":"17","CD120":"07"}},{"type":"Feature","id":53,"geometry":{"type":"Polygon","coordinates":[[[-87.83443,42.30095],[-87.83415,42.29951],[-87.83367,42.29832],[-87.83343,42.29804],[-87.83332,42.29716],[-87.83298,42.296],[-87.83298,42.29568],[-87.83315,42.29541],[-87.83303,42.29513],[-87.83378,42.29473],[-87.83383,42.29386],[-87.83339,42.29235],[-87.83269,42.29108],[-87.83248,42.29046],[-87.83249,42.29017],[-87.83265,42.2899],[-87.83253,42.28901],[-87.83261,42.28873],[-87.83237,42.28758],[-87.83207,42.28691],[-87.83211,42.28657],[-87.83198,42.28628],[-87.83176,42.28523],[-87.83164,42.28508],[-87.83163,42.28493],[-87.83151,42.28478],[-87.83137,42.28477],[-87.83163,42.28468],[-87.8315,42.28444],[-87.83132,42.28452],[-87.83134,42.28442],[-87.8315,42.28436],[-87.83137,42.28395],[-87.831,42.28327],[-87.83107,42.28324],[-87.8309,42.28275],[-87.83063,42.28226],[-87.83051,42.28182],[-87.82999,42.28091],[-87.82981,42.28027],[-87.82969,42.28014],[-87.82972,42.28004],[-87.82957,42.27962],[-87.82934,42.27942],[-87.82923,42.27952],[-87.82913,42.2795],[-87.82906,42.27916],[-87.82913,42.27912],[-87.82923,42.27921],[-87.82935,42.27906],[-87.82867,42.27749],[-87.82847,42.27735],[-87.82851,42.27706],[-87.82861,42.27704],[-87.82867,42.27721],[-87.8288,42.27719],[-87.82897,42.27706],[-87.82906,42.27683],[-87.82883,42.27629],[-87.82868,42.2762],[-87.82855,42.2763],[-87.82844,42.27612],[-87.82888,42.27609],[-87.82899,42.276],[-87.82902,42.27525],[-87.82869,42.27515],[-87.82862,42.27527],[-87.82852,42.27525],[-87.82861,42.27503],[-87.82876,42.27489],[-87.82888,42.27484],[-87.829,42.27491],[-87.829,42.27368],[-87.82862,42.27304],[-87.82855,42.27247],[-87.82839,42.27219],[-87.8286,42.2718],[-87.82831,42.27119],[-87.82851,42.27089],[-87.82846,42.27022],[-87.82826,42.26962],[-87.82822,42.26942],[-87.82829,42.26937],[-87.82794,42.26873],[-87.82803,42.26866],[-87.82801,42.26851],[-87.82785,42.26818],[-87.82722,42.26741],[-87.82702,42.26726],[-87.82675,42.26726],[-87.82637,42.26642],[-87.82639,42.26631],[-87.82662,42.26636],[-87.82681,42.26619],[-87.82676,42.2661],[-87.82697,42.26587],[-87.82682,42.26556],[-87.82688,42.26554],[-87.82672,42.2653],[-87.82647,42.2652],[-87.8264,42.26489],[-87.82608,42.26483],[-87.82607,42.26475],[-87.82628,42.26476],[-87.82626,42.26459],[-87.82613,42.26451],[-87.82601,42.26462],[-87.82595,42.26459],[-87.82597,42.26442],[-87.82621,42.26428],[-87.82587,42.26338],[-87.8249,42.26158],[-87.82448,42.2606],[-87.82395,42.25994],[-87.82302,42.25852],[-87.82218,42.25762],[-87.82145,42.25636],[-87.82066,42.25579],[-87.82074,42.25571],[-87.82092,42.2558],[-87.82097,42.25573],[-87.82096,42.25556],[-87.82079,42.25533],[-87.82053,42.25519],[-87.82021,42.25515],[-87.82009,42.25518],[-87.82023,42.25538],[-87.8201,42.25539],[-87.81963,42.25489],[-87.81962,42.25483],[-87.81972,42.25482],[-87.81996,42.25502],[-87.8201,42.25468],[-87.81999,42.25433],[-87.81972,42.25413],[-87.81926,42.25407],[-87.81934,42.25431],[-87.81925,42.25434],[-87.81893,42.25378],[-87.81894,42.2537],[-87.81904,42.25371],[-87.81922,42.25397],[-87.81943,42.25365],[-87.81947,42.25337],[-87.81911,42.25292],[-87.81888,42.25288],[-87.81879,42.25305],[-87.81867,42.25296],[-87.81866,42.25251],[-87.81878,42.25251],[-87.81886,42.25267],[-87.81903,42.25257],[-87.81914,42.25239],[-87.81915,42.25217],[-87.81904,42.25197],[-87.81871,42.25169],[-87.81856,42.25169],[-87.81858,42.25177],[-87.8185,42.25184],[-87.8184,42.25182],[-87.81765,42.25067],[-87.81769,42.25051],[-87.81784,42.25053],[-87.81793,42.25083],[-87.81824,42.25112],[-87.81884,42.25095],[-87.81864,42.25058],[-87.81851,42.25062],[-87.81744,42.24872],[-87.81743,42.24845],[-87.81781,42.24819],[-87.8177,42.2478],[-87.81776,42.24778],[-87.81734,42.24658],[-87.81714,42.24623],[-87.8169,42.24616],[-87.81678,42.2459],[-87.81683,42.24583],[-87.81698,42.24582],[-87.81698,42.24566],[-87.81685,42.24553],[-87.81666,42.24557],[-87.81657,42.24541],[-87.81658,42.24517],[-87.8168,42.24522],[-87.8169,42.24503],[-87.81667,42.24482],[-87.81655,42.24481],[-87.81658,42.24493],[-87.81646,42.24494],[-87.81641,42.24472],[-87.81672,42.24461],[-87.8167,42.24445],[-87.81648,42.24418],[-87.81651,42.24401],[-87.81641,42.24393],[-87.81632,42.24398],[-87.81624,42.24383],[-87.81627,42.24375],[-87.81638,42.24385],[-87.8165,42.24379],[-87.81639,42.24361],[-87.81643,42.24344],[-87.81619,42.24345],[-87.81618,42.2436],[-87.81607,42.24344],[-87.81608,42.24338],[-87.81618,42.24342],[-87.81651,42.24329],[-87.81642,42.24296],[-87.81622,42.24245],[-87.8158,42.24204],[-87.816,42.24197],[-87.81592,42.24171],[-87.81561,42.24123],[-87.81537,42.24105],[-87.81553,42.24094],[-87.8155,42.2408],[-87.81539,42.2407],[-87.81515,42.24078],[-87.81514,42.24069],[-87.81532,42.24057],[-87.8153,42.24044],[-87.81494,42.24002],[-87.81504,42.23997],[-87.81503,42.23963],[-87.81456,42.23908],[-87.81466,42.23878],[-87.81422,42.23814],[-87.81433,42.2381],[-87.81431,42.23792],[-87.81415,42.23716],[-87.81384,42.23657],[-87.81396,42.23652],[-87.81391,42.23632],[-87.81364,42.23595],[-87.81367,42.2358],[-87.81342,42.23541],[-87.81329,42.23526],[-87.81314,42.23525],[-87.81341,42.23509],[-87.81335,42.23485],[-87.813,42.23444],[-87.81284,42.23442],[-87.8131,42.23426],[-87.81309,42.23411],[-87.81272,42.23363],[-87.81245,42.23361],[-87.81282,42.23341],[-87.81254,42.23289],[-87.81239,42.23276],[-87.81222,42.23276],[-87.81249,42.23261],[-87.81247,42.23246],[-87.81198,42.23187],[-87.81195,42.23173],[-87.8115,42.23125],[-87.81204,42.23115],[-87.81199,42.23079],[-87.81191,42.23071],[-87.81211,42.23024],[-87.81198,42.22967],[-87.8115,42.22849],[-87.81093,42.22754],[-87.81026,42.22666],[-87.80961,42.22598],[-87.80952,42.22564],[-87.80865,42.22486],[-87.80869,42.22473],[-87.80857,42.22448],[-87.80762,42.2236],[-87.80654,42.22285],[-87.80683,42.22272],[-87.80675,42.22255],[-87.80692,42.22248],[-87.80687,42.22228],[-87.8061,42.22131],[-87.8063,42.22122],[-87.80622,42.22104],[-87.80605,42.22072],[-87.80575,42.2204],[-87.80577,42.22025],[-87.80538,42.21969],[-87.80529,42.21929],[-87.80485,42.21859],[-87.80497,42.21854],[-87.80491,42.21837],[-87.80453,42.21781],[-87.80467,42.21742],[-87.80385,42.21603],[-87.80383,42.21548],[-87.80359,42.21489],[-87.80359,42.21462],[-87.80286,42.21317],[-87.80285,42.2126],[-87.8024,42.21174],[-87.80245,42.21147],[-87.80227,42.21103],[-87.8019,42.21054],[-87.80165,42.21054],[-87.80143,42.21015],[-87.80117,42.21003],[-87.80103,42.21011],[-87.80095,42.21006],[-87.80086,42.20987],[-87.80108,42.20986],[-87.80113,42.20973],[-87.80109,42.20962],[-87.80082,42.20949],[-87.80067,42.2096],[-87.80049,42.20938],[-87.80081,42.20918],[-87.80077,42.20895],[-87.80063,42.20871],[-87.79972,42.20792],[-87.7998,42.20771],[-87.79891,42.20679],[-87.79877,42.20676],[-87.79853,42.20686],[-87.79908,42.20652],[-87.79856,42.20598],[-87.79796,42.20502],[-87.79715,42.20421],[-87.7965,42.20377],[-87.79659,42.2035],[-87.79648,42.20334],[-87.79667,42.20327],[-87.79665,42.20304],[-87.79631,42.2025],[-87.79643,42.20242],[-87.79641,42.20228],[-87.79599,42.20185],[-87.79614,42.20179],[-87.79606,42.20168],[-87.79561,42.20127],[-87.79569,42.20114],[-87.79531,42.2007],[-87.79529,42.20048],[-87.7947,42.19986],[-87.79462,42.19953],[-87.79413,42.19903],[-87.79406,42.1988],[-87.79349,42.19828],[-87.79343,42.19802],[-87.79285,42.19749],[-87.7929,42.19738],[-87.79283,42.19729],[-87.79216,42.19677],[-87.79235,42.19665],[-87.79233,42.19646],[-87.79156,42.19581],[-87.79175,42.19573],[-87.79174,42.19562],[-87.79106,42.19511],[-87.7912,42.19498],[-87.79056,42.19441],[-87.79062,42.19433],[-87.79042,42.19411],[-87.78994,42.19378],[-87.79006,42.19369],[-87.79003,42.1936],[-87.78935,42.19312],[-87.78944,42.19297],[-87.78927,42.19283],[-87.78818,42.19199],[-87.78756,42.19166],[-87.78664,42.19015],[-87.78676,42.1901],[-87.78691,42.19035],[-87.787,42.19034],[-87.78724,42.19011],[-87.78734,42.18981],[-87.7871,42.18924],[-87.78655,42.18873],[-87.78652,42.18867],[-87.78671,42.18857],[-87.78619,42.18812],[-87.78628,42.18798],[-87.78623,42.18789],[-87.78574,42.18752],[-87.78577,42.18742],[-87.78568,42.18727],[-87.78574,42.18723],[-87.78517,42.18676],[-87.78517,42.1866],[-87.78479,42.18635],[-87.78463,42.18606],[-87.78446,42.18598],[-87.78448,42.18588],[-87.78431,42.18565],[-87.784,42.18551],[-87.78409,42.18541],[-87.78405,42.18529],[-87.78359,42.18499],[-87.7837,42.1849],[-87.78358,42.18473],[-87.78313,42.18441],[-87.78322,42.1843],[-87.78209,42.18297],[-87.78187,42.18291],[-87.782,42.18284],[-87.78191,42.18267],[-87.78125,42.1822],[-87.78136,42.18209],[-87.78134,42.18197],[-87.781,42.18159],[-87.78064,42.18134],[-87.78084,42.18121],[-87.78083,42.1811],[-87.78022,42.1806],[-87.78032,42.18042],[-87.7801,42.18016],[-87.77968,42.17993],[-87.77975,42.17989],[-87.77953,42.17958],[-87.77962,42.17954],[-87.77959,42.17946],[-87.77899,42.17897],[-87.77913,42.17889],[-87.7791,42.1788],[-87.7786,42.1784],[-87.77867,42.17839],[-87.77852,42.17827],[-87.77846,42.1781],[-87.778,42.17766],[-87.77807,42.1776],[-87.77801,42.17741],[-87.77755,42.17707],[-87.77766,42.17701],[-87.77763,42.17692],[-87.77704,42.17649],[-87.77716,42.17635],[-87.77533,42.17435],[-87.77506,42.17419],[-87.7751,42.17404],[-87.77446,42.17329],[-87.77418,42.17314],[-87.77428,42.17308],[-87.77414,42.17291],[-87.77355,42.17256],[-87.77363,42.17248],[-87.77347,42.17229],[-87.77301,42.17198],[-87.77291,42.17168],[-87.77277,42.1717],[-87.77253,42.17146],[-87.77264,42.17142],[-87.77263,42.17136],[-87.7724,42.17137],[-87.77256,42.17128],[-87.7725,42.17115],[-87.77232,42.1711],[-87.77229,42.17082],[-87.7714,42.17009],[-87.77149,42.17001],[-87.77134,42.16987],[-87.77101,42.16966],[-87.77114,42.16958],[-87.7711,42.1695],[-87.77024,42.16891],[-87.77036,42.16884],[-87.76972,42.16845],[-87.76968,42.16829],[-87.76946,42.16815],[-87.76958,42.16809],[-87.76898,42.16757],[-87.76894,42.1675],[-87.76903,42.16744],[-87.76895,42.16728],[-87.76831,42.16683],[-87.7686,42.16666],[-87.76817,42.16613],[-87.76773,42.16537],[-87.76729,42.16477],[-87.76704,42.16462],[-87.76701,42.16441],[-87.76655,42.16397],[-87.7665,42.16373],[-87.76613,42.16339],[-87.76611,42.16322],[-87.76585,42.16283],[-87.76511,42.1621],[-87.76465,42.16177],[-87.76504,42.16157],[-87.76515,42.16142],[-87.76481,42.16083],[-87.7643,42.1602],[-87.76377,42.15982],[-87.76402,42.15968],[-87.764,42.15953],[-87.76348,42.15906],[-87.76344,42.15891],[-87.7628,42.15825],[-87.76245,42.15803],[-87.7625,42.15785],[-87.76222,42.15763],[-87.76227,42.15753],[-87.76208,42.1574],[-87.76207,42.15729],[-87.76162,42.157],[-87.76185,42.15689],[-87.76186,42.1568],[-87.7613,42.15607],[-87.76149,42.15597],[-87.76123,42.15541],[-87.76041,42.15453],[-87.75984,42.15371],[-87.75969,42.15366],[-87.75975,42.15356],[-87.75909,42.1525],[-87.75862,42.15214],[-87.75873,42.1521],[-87.75874,42.15195],[-87.75823,42.15161],[-87.75835,42.15155],[-87.75809,42.15129],[-87.7577,42.1506],[-87.75739,42.15024],[-87.75744,42.15004],[-87.75675,42.14926],[-87.75687,42.1492],[-87.75676,42.14886],[-87.75588,42.14764],[-87.75506,42.14667],[-87.75471,42.14616],[-87.75482,42.14611],[-87.75433,42.14558],[-87.75445,42.14554],[-87.75405,42.14512],[-87.75406,42.145],[-87.75381,42.14449],[-87.75345,42.1439],[-87.75273,42.14327],[-87.75287,42.14316],[-87.75179,42.14188],[-87.75114,42.14094],[-87.75022,42.13995],[-87.74791,42.13781],[-87.74864,42.13748],[-87.74825,42.13705],[-87.74774,42.1362],[-87.74717,42.13545],[-87.74599,42.13425],[-87.74551,42.13394],[-87.74568,42.13376],[-87.74435,42.13267],[-87.74448,42.13257],[-87.7437,42.13182],[-87.74376,42.13179],[-87.74366,42.13165],[-87.74305,42.13102],[-87.74312,42.13099],[-87.74274,42.13059],[-87.74295,42.13049],[-87.7424,42.12989],[-87.74257,42.12982],[-87.74211,42.1292],[-87.74177,42.1289],[-87.74192,42.12878],[-87.74145,42.12815],[-87.7413,42.12783],[-87.74133,42.12767],[-87.74071,42.12709],[-87.74089,42.12701],[-87.74029,42.1263],[-87.73951,42.12566],[-87.73969,42.12558],[-87.73809,42.12365],[-87.73828,42.12355],[-87.73797,42.12328],[-87.73774,42.12291],[-87.73755,42.12281],[-87.73745,42.12285],[-87.73735,42.12247],[-87.73668,42.12181],[-87.73678,42.1217],[-87.73668,42.12148],[-87.73599,42.12091],[-87.73622,42.12079],[-87.73561,42.12017],[-87.73445,42.11939],[-87.73454,42.1193],[-87.73347,42.1186],[-87.73289,42.11811],[-87.73192,42.11752],[-87.73091,42.11675],[-87.73055,42.11638],[-87.7302,42.11632],[-87.72974,42.11654],[-87.72946,42.1162],[-87.73036,42.11572],[-87.7305,42.11549],[-87.73023,42.11519],[-87.73001,42.11526],[-87.72997,42.11518],[-87.73015,42.11511],[-87.73009,42.11503],[-87.72989,42.11511],[-87.72982,42.11503],[-87.73056,42.11468],[-87.72938,42.11342],[-87.72955,42.11326],[-87.7282,42.11205],[-87.72777,42.11133],[-87.72696,42.11065],[-87.72701,42.11057],[-87.72692,42.11027],[-87.72635,42.10969],[-87.72615,42.10922],[-87.72552,42.10857],[-87.72458,42.10792],[-87.72463,42.10775],[-87.72445,42.10749],[-87.7233,42.10659],[-87.72307,42.10633],[-87.72266,42.10608],[-87.72228,42.10557],[-87.72154,42.10492],[-87.7212,42.10444],[-87.72033,42.10384],[-87.72011,42.1034],[-87.71962,42.10311],[-87.71952,42.10289],[-87.71925,42.10276],[-87.7188,42.10231],[-87.71784,42.10161],[-87.71695,42.10067],[-87.7157,42.09954],[-87.71445,42.0982],[-87.71354,42.09757],[-87.71254,42.09664],[-87.71145,42.09605],[-87.71123,42.0957],[-87.7099,42.09479],[-87.70824,42.09387],[-87.70813,42.09368],[-87.70707,42.09304],[-87.70681,42.09261],[-87.70593,42.09176],[-87.70497,42.09113],[-87.70386,42.09058],[-87.70389,42.09045],[-87.70327,42.08992],[-87.70316,42.08992],[-87.70258,42.08951],[-87.70218,42.08944],[-87.70162,42.08906],[-87.70023,42.08839],[-87.70022,42.08805],[-87.69884,42.08729],[-87.69845,42.08693],[-87.6982,42.08708],[-87.69752,42.08653],[-87.69774,42.0864],[-87.69735,42.08604],[-87.69668,42.08578],[-87.69453,42.08438],[-87.68941,42.08188],[-87.68898,42.08179],[-87.688,42.08128],[-87.6864,42.08068],[-87.68222,42.07887],[-87.68087,42.07785],[-87.68083,42.07751],[-87.67984,42.07757],[-87.67934,42.0772],[-87.67946,42.07714],[-87.67985,42.07748],[-87.68127,42.07737],[-87.68223,42.07719],[-87.6821,42.07714],[-87.68215,42.07692],[-87.68143,42.07675],[-87.68011,42.07699],[-87.68009,42.07689],[-87.68146,42.07665],[-87.68188,42.07671],[-87.68201,42.07637],[-87.68218,42.07543],[-87.6819,42.07476],[-87.68134,42.07405],[-87.68105,42.07348],[-87.68002,42.07241],[-87.67842,42.06969],[-87.67715,42.06796],[-87.67724,42.06792],[-87.67663,42.06708],[-87.67634,42.06698],[-87.67591,42.06658],[-87.67587,42.06633],[-87.67573,42.06624],[-87.67563,42.06598],[-87.67572,42.06579],[-87.67548,42.06529],[-87.67549,42.06499],[-87.67541,42.06486],[-87.67399,42.06404],[-87.6742,42.06386],[-87.67377,42.06322],[-87.67338,42.06182],[-87.67306,42.06135],[-87.6726,42.06083],[-87.67154,42.05986],[-87.67128,42.05973],[-87.67106,42.06],[-87.67086,42.06008],[-87.66987,42.05994],[-87.66955,42.05972],[-87.67,42.05787],[-87.67011,42.05593],[-87.67008,42.05522],[-87.66986,42.05399],[-87.66932,42.05232],[-87.66938,42.05216],[-87.6695,42.05208],[-87.67016,42.05196],[-87.67038,42.05227],[-87.67104,42.05234],[-87.67113,42.05054],[-87.67123,42.05055],[-87.67121,42.05072],[-87.67207,42.0507],[-87.67229,42.05045],[-87.67262,42.04974],[-87.67265,42.04908],[-87.67252,42.04868],[-87.67227,42.04843],[-87.67221,42.04823],[-87.67317,42.04794],[-87.67271,42.04669],[-87.67219,42.04571],[-87.67225,42.0456],[-87.67208,42.04547],[-87.67216,42.04515],[-87.67214,42.04468],[-87.67196,42.04379],[-87.6712,42.04289],[-87.67057,42.04243],[-87.67024,42.04194],[-87.66937,42.04127],[-87.66911,42.03955],[-87.66953,42.03901],[-87.66957,42.03755],[-87.66987,42.0374],[-87.67004,42.03693],[-87.66986,42.03645],[-87.66915,42.0357],[-87.66908,42.03551],[-87.66965,42.03547],[-87.66962,42.03528],[-87.66951,42.03528],[-87.6694,42.03436],[-87.66959,42.03437],[-87.66959,42.03431],[-87.66929,42.03381],[-87.66896,42.03184],[-87.66901,42.0315],[-87.66879,42.02996],[-87.6686,42.02926],[-87.66868,42.02898],[-87.66843,42.02819],[-87.66745,42.0272],[-87.66698,42.02685],[-87.66723,42.02671],[-87.66668,42.02613],[-87.66517,42.0234],[-87.66508,42.02321],[-87.6651,42.02277],[-87.66464,42.02194],[-87.66475,42.02192],[-87.66426,42.02129],[-87.66406,42.02135],[-87.66379,42.02038],[-87.66384,42.02022],[-87.66408,42.02016],[-87.66386,42.01952],[-87.66371,42.01956],[-87.66368,42.0194],[-87.66384,42.01934],[-87.66375,42.01895],[-87.66358,42.01868],[-87.66323,42.01845],[-87.66329,42.01809],[-87.66308,42.01761],[-87.66314,42.01692],[-87.66281,42.01662],[-87.66267,42.01582],[-87.66247,42.01576],[-87.66209,42.01459],[-87.66155,42.01354],[-87.66144,42.01316],[-87.66115,42.01272],[-87.661,42.01219],[-87.66065,42.01174],[-87.6587,42.01001],[-87.65865,42.00966],[-87.65554,42.00675],[-87.65528,42.00673],[-87.65576,42.0063],[-87.65729,42.00628],[-87.65732,42.00524],[-87.65679,42.00423],[-87.65729,42.00418],[-87.6569,42.00306],[-87.65677,42.00237],[-87.65619,42.00127],[-87.65634,42.00104],[-87.65587,42.00003],[-87.65581,41.99939],[-87.65569,41.9992],[-87.65536,41.99902],[-87.65513,41.99873],[-87.655,41.9983],[-87.65513,41.9983],[-87.65512,41.99816],[-87.65473,41.99815],[-87.65472,41.99728],[-87.65451,41.99728],[-87.65446,41.99649],[-87.65472,41.99637],[-87.65484,41.99546],[-87.65468,41.99531],[-87.65478,41.99496],[-87.65474,41.99457],[-87.65456,41.99451],[-87.65448,41.99439],[-87.65443,41.99409],[-87.65459,41.99395],[-87.6548,41.99318],[-87.65475,41.99285],[-87.65437,41.99273],[-87.65424,41.99256],[-87.6543,41.99238],[-87.65422,41.99191],[-87.65438,41.99101],[-87.65438,41.9902],[-87.65423,41.98982],[-87.65412,41.98906],[-87.65012,41.98494],[-87.65048,41.98412],[-87.65072,41.98292],[-87.65068,41.98068],[-87.65054,41.98026],[-87.65023,41.97972],[-87.65037,41.9796],[-87.6497,41.97904],[-87.64678,41.97746],[-87.64649,41.97713],[-87.64632,41.97543],[-87.64631,41.97358],[-87.64612,41.97287],[-87.64575,41.97208],[-87.64484,41.97061],[-87.64382,41.9694],[-87.64255,41.96825],[-87.6405,41.96688],[-87.6392,41.96621],[-87.63644,41.96552],[-87.63497,41.96536],[-87.63197,41.96524],[-87.63175,41.96419],[-87.63139,41.96313],[-87.63147,41.96292],[-87.63183,41.96258],[-87.63442,41.96135],[-87.63559,41.96029],[-87.63653,41.95975],[-87.63753,41.95949],[-87.63902,41.95953],[-87.64057,41.95991],[-87.64076,41.96002],[-87.64093,41.96039],[-87.64089,41.96066],[-87.64066,41.96085],[-87.64007,41.96079],[-87.63887,41.96032],[-87.63733,41.96054],[-87.63648,41.9609],[-87.63579,41.96161],[-87.63542,41.96227],[-87.63553,41.96257],[-87.63614,41.96283],[-87.63699,41.96283],[-87.64141,41.96231],[-87.6418,41.96217],[-87.64204,41.96199],[-87.64223,41.96172],[-87.64232,41.9612],[-87.6421,41.96085],[-87.64158,41.96036],[-87.64154,41.96014],[-87.64167,41.95942],[-87.64172,41.95857],[-87.64139,41.95595],[-87.64114,41.95503],[-87.64056,41.95328],[-87.63885,41.94948],[-87.63784,41.94746],[-87.63724,41.94664],[-87.63683,41.9461],[-87.63521,41.94441],[-87.63375,41.94314],[-87.63345,41.94278],[-87.6333,41.94238],[-87.6334,41.94218],[-87.63354,41.94216],[-87.6339,41.94233],[-87.63402,41.94248],[-87.6344,41.94156],[-87.63419,41.94152],[-87.63395,41.94128],[-87.63401,41.94035],[-87.63376,41.93948],[-87.63344,41.93874],[-87.63231,41.93705],[-87.63207,41.93598],[-87.63181,41.93541],[-87.63053,41.93351],[-87.63057,41.93326],[-87.63074,41.9331],[-87.6314,41.93284],[-87.63103,41.93223],[-87.63076,41.93199],[-87.63115,41.93037],[-87.63109,41.9292],[-87.6307,41.92816],[-87.62986,41.92715],[-87.6296,41.92665],[-87.62961,41.92613],[-87.62984,41.92603],[-87.62963,41.92519],[-87.6293,41.92462],[-87.62955,41.9244],[-87.62949,41.92416],[-87.62929,41.92374],[-87.62868,41.92294],[-87.62927,41.92255],[-87.62936,41.92228],[-87.6293,41.9221],[-87.62855,41.921],[-87.62896,41.92078],[-87.62896,41.92066],[-87.62806,41.9194],[-87.62851,41.91916],[-87.62747,41.91787],[-87.62773,41.9177],[-87.62775,41.9175],[-87.62765,41.91731],[-87.62671,41.91644],[-87.62679,41.91633],[-87.62648,41.91595],[-87.62446,41.91448],[-87.62307,41.91379],[-87.6226,41.91362],[-87.62162,41.91362],[-87.6204,41.91414],[-87.6202,41.91415],[-87.6202,41.91388],[-87.62031,41.91363],[-87.62087,41.91305],[-87.62113,41.91294],[-87.62254,41.91279],[-87.62296,41.91263],[-87.62362,41.91218],[-87.62461,41.91131],[-87.62472,41.91067],[-87.62522,41.91],[-87.62527,41.90959],[-87.62509,41.90909],[-87.62466,41.90656],[-87.62416,41.90458],[-87.62195,41.90423],[-87.61705,41.90013],[-87.61841,41.90002],[-87.61724,41.89807],[-87.6146,41.89427],[-87.61367,41.8931],[-87.61254,41.89312],[-87.61204,41.89343],[-87.61141,41.89449],[-87.61025,41.89619],[-87.60856,41.89627],[-87.60797,41.89627],[-87.60796,41.89619],[-87.6069,41.89622],[-87.60679,41.89638],[-87.60584,41.89641],[-87.60565,41.89624],[-87.60528,41.89624],[-87.6051,41.89633],[-87.60237,41.89634],[-87.60228,41.89391],[-87.60234,41.89391],[-87.60237,41.89215],[-87.59851,41.89219],[-87.59857,41.89138],[-87.60091,41.89138],[-87.60093,41.89106],[-87.60952,41.89097],[-87.60951,41.88924],[-87.61129,41.88923],[-87.6125,41.88913],[-87.61274,41.88904],[-87.61273,41.88831],[-87.61391,41.88832],[-87.61391,41.88808],[-87.61344,41.88789],[-87.61272,41.88793],[-87.61271,41.88371],[-87.61275,41.88352],[-87.61292,41.8833],[-87.61333,41.88293],[-87.61402,41.88262],[-87.6157,41.88244],[-87.6161,41.88226],[-87.60925,41.88233],[-87.60535,41.87443],[-87.61618,41.87443],[-87.6162,41.87198],[-87.61634,41.87186],[-87.61626,41.8689],[-87.6157,41.86862],[-87.61536,41.86825],[-87.61478,41.86825],[-87.61467,41.86834],[-87.60525,41.86982],[-87.60484,41.85424],[-87.60164,41.8452],[-87.60877,41.84525],[-87.60909,41.84459],[-87.60912,41.84419],[-87.60866,41.84296],[-87.60812,41.84228],[-87.60813,41.84143],[-87.60757,41.84057],[-87.60709,41.83943],[-87.6062,41.83875],[-87.60619,41.83854],[-87.6047,41.83844],[-87.59747,41.83878],[-87.59468,41.83469],[-87.58209,41.81508],[-87.58345,41.81243],[-87.58706,41.81144],[-87.58697,41.81021],[-87.58683,41.8099],[-87.58634,41.80933],[-87.58562,41.80788],[-87.58523,41.80729],[-87.58459,41.80669],[-87.58413,41.80652],[-87.58112,41.80421],[-87.58063,41.80424],[-87.58003,41.80386],[-87.58006,41.80354],[-87.58066,41.80255],[-87.58082,41.80177],[-87.58088,41.80043],[-87.57999,41.79842],[-87.57858,41.79719],[-87.57826,41.79702],[-87.57757,41.79681],[-87.57647,41.79705],[-87.57598,41.79703],[-87.57524,41.79655],[-87.57515,41.79632],[-87.57517,41.79605],[-87.57544,41.79545],[-87.57579,41.79534],[-87.57626,41.79503],[-87.57736,41.79492],[-87.57857,41.79454],[-87.57932,41.79381],[-87.5795,41.79345],[-87.5796,41.79284],[-87.57946,41.79216],[-87.57833,41.79005],[-87.57784,41.78958],[-87.57655,41.78868],[-87.57669,41.78853],[-87.57728,41.78846],[-87.57728,41.78826],[-87.57713,41.78815],[-87.57733,41.78802],[-87.57725,41.7866],[-87.57687,41.78555],[-87.57595,41.78376],[-87.57452,41.78281],[-87.57331,41.7822],[-87.57204,41.7818],[-87.57095,41.78154],[-87.56981,41.78152],[-87.56953,41.78143],[-87.56955,41.78121],[-87.57315,41.78027],[-87.57304,41.77991],[-87.57341,41.77976],[-87.57318,41.77923],[-87.57286,41.77934],[-87.57228,41.77927],[-87.57144,41.77832],[-87.57017,41.77733],[-87.56945,41.777],[-87.56871,41.77651],[-87.56783,41.77557],[-87.56736,41.77487],[-87.56669,41.77408],[-87.56628,41.7739],[-87.56609,41.77371],[-87.56605,41.7736],[-87.56615,41.77348],[-87.56602,41.7733],[-87.56438,41.77224],[-87.5634,41.77209],[-87.56329,41.77192],[-87.56346,41.77093],[-87.56254,41.7693],[-87.56164,41.76883],[-87.56014,41.76844],[-87.55992,41.76851],[-87.55971,41.76904],[-87.55959,41.76924],[-87.55944,41.76932],[-87.55937,41.76892],[-87.55934,41.76662],[-87.55942,41.76647],[-87.56046,41.76623],[-87.56063,41.76594],[-87.56038,41.76538],[-87.56012,41.76506],[-87.55992,41.76493],[-87.55965,41.765],[-87.55943,41.7648],[-87.55946,41.76443],[-87.55871,41.76393],[-87.55852,41.76404],[-87.5576,41.7632],[-87.55755,41.76285],[-87.55705,41.76254],[-87.55684,41.76257],[-87.5563,41.76203],[-87.55501,41.76173],[-87.55451,41.76196],[-87.55414,41.76125],[-87.55266,41.76043],[-87.55173,41.76001],[-87.55014,41.75943],[-87.54897,41.7591],[-87.54784,41.75894],[-87.54708,41.75895],[-87.54592,41.7593],[-87.54497,41.75974],[-87.54458,41.75973],[-87.54401,41.75988],[-87.54364,41.76013],[-87.54249,41.75903],[-87.54258,41.75875],[-87.54149,41.75777],[-87.54111,41.75777],[-87.54074,41.75744],[-87.52445,41.76004],[-87.52366,41.75991],[-87.50004,41.76014],[-87.50004,41.76042],[-87.37504,41.76025],[-87.25004,41.76062],[-87.20777,41.76096],[-87.17937,41.87503],[-87.14843,42.00001],[-87.15001,42.00003],[-87.12504,42.09512],[-87.12504,42.0971],[-87.11116,42.14941],[-87.10236,42.18219],[-87.08834,42.23533],[-87.08463,42.25003],[-87.06804,42.31435],[-87.05181,42.37503],[-87.04921,42.38456],[-87.04005,42.41699],[-87.01994,42.4935],[-87.12505,42.49368],[-87.25005,42.49357],[-87.37506,42.49382],[-87.50006,42.49352],[-87.62507,42.49295],[-87.75007,42.49269],[-87.79337,42.49172],[-87.79727,42.49192],[-87.80056,42.49192],[-87.80015,42.48964],[-87.79958,42.48939],[-87.79908,42.48907],[-87.79869,42.48864],[-87.7985,42.48828],[-87.79854,42.48819],[-87.79867,42.48823],[-87.79983,42.48789],[-87.79869,42.48515],[-87.79865,42.48364],[-87.79889,42.48116],[-87.79893,42.48101],[-87.79904,42.48094],[-87.79917,42.48018],[-87.79937,42.47987],[-87.80008,42.47958],[-87.79999,42.47791],[-87.8001,42.47742],[-87.79991,42.47648],[-87.79828,42.47276],[-87.79745,42.4712],[-87.79782,42.47076],[-87.7975,42.4699],[-87.79749,42.46953],[-87.79718,42.46909],[-87.79749,42.46904],[-87.79752,42.46831],[-87.79734,42.46789],[-87.79779,42.46786],[-87.798,42.46764],[-87.7982,42.4671],[-87.79874,42.46645],[-87.79898,42.46532],[-87.79902,42.46442],[-87.79895,42.46414],[-87.79791,42.46413],[-87.79776,42.46319],[-87.79756,42.46259],[-87.79784,42.46203],[-87.79787,42.46147],[-87.79777,42.46119],[-87.79799,42.46063],[-87.79807,42.45889],[-87.79792,42.45801],[-87.79815,42.45743],[-87.79821,42.45684],[-87.79839,42.45657],[-87.79841,42.45629],[-87.79823,42.45573],[-87.79828,42.45545],[-87.79823,42.45516],[-87.7986,42.45404],[-87.79852,42.45257],[-87.79889,42.45232],[-87.79881,42.45005],[-87.7997,42.44975],[-87.79994,42.44884],[-87.79995,42.44825],[-87.80022,42.44763],[-87.8003,42.44641],[-87.80044,42.44615],[-87.80029,42.44681],[-87.80035,42.44704],[-87.80038,42.44697],[-87.80034,42.44669],[-87.80048,42.44617],[-87.80058,42.44476],[-87.80072,42.44397],[-87.80119,42.44311],[-87.80127,42.4425],[-87.80185,42.44224],[-87.80241,42.44129],[-87.80262,42.43977],[-87.80263,42.4391],[-87.80274,42.43891],[-87.80278,42.43856],[-87.80293,42.43835],[-87.80299,42.43798],[-87.80318,42.43777],[-87.80387,42.43225],[-87.80413,42.43152],[-87.80443,42.43098],[-87.80448,42.43022],[-87.80425,42.42927],[-87.80422,42.42866],[-87.80445,42.42803],[-87.80441,42.42767],[-87.80392,42.42491],[-87.80402,42.42282],[-87.80418,42.42219],[-87.80416,42.42189],[-87.80308,42.41614],[-87.80297,42.41507],[-87.80283,42.41099],[-87.80258,42.40749],[-87.80303,42.40482],[-87.80289,42.40307],[-87.8029,42.40032],[-87.80262,42.39601],[-87.80237,42.39409],[-87.80168,42.39056],[-87.80192,42.39035],[-87.80276,42.39012],[-87.80326,42.38951],[-87.80348,42.38839],[-87.80382,42.38778],[-87.80397,42.38706],[-87.80437,42.38601],[-87.80487,42.38367],[-87.80503,42.38351],[-87.80546,42.38341],[-87.80625,42.38334],[-87.80667,42.38346],[-87.80714,42.38279],[-87.80743,42.38192],[-87.80748,42.38137],[-87.80743,42.3808],[-87.80708,42.38026],[-87.80708,42.37969],[-87.80808,42.37827],[-87.80856,42.37724],[-87.80907,42.37692],[-87.80978,42.37585],[-87.80998,42.37549],[-87.81021,42.37473],[-87.81059,42.3741],[-87.81083,42.37339],[-87.81115,42.37293],[-87.81163,42.37249],[-87.8118,42.37212],[-87.81203,42.37106],[-87.81229,42.37035],[-87.81252,42.36995],[-87.81247,42.37014],[-87.81256,42.37006],[-87.81265,42.36985],[-87.81295,42.36855],[-87.81305,42.36768],[-87.81278,42.36386],[-87.81063,42.36237],[-87.81063,42.36229],[-87.81076,42.36224],[-87.81301,42.36392],[-87.81485,42.36417],[-87.8162,42.36286],[-87.81649,42.36232],[-87.81653,42.36179],[-87.8165,42.36146],[-87.81465,42.36144],[-87.81463,42.36136],[-87.82012,42.36139],[-87.82095,42.36166],[-87.82208,42.36259],[-87.82208,42.36347],[-87.82264,42.36347],[-87.8236,42.3632],[-87.82361,42.36187],[-87.82411,42.36184],[-87.82407,42.3605],[-87.82429,42.36031],[-87.8243,42.36],[-87.82421,42.35978],[-87.82134,42.36078],[-87.81335,42.36071],[-87.8133,42.36064],[-87.81341,42.36059],[-87.81974,42.3607],[-87.81985,42.35623],[-87.81997,42.35608],[-87.82048,42.35576],[-87.82058,42.35584],[-87.81999,42.35625],[-87.81991,42.36067],[-87.8213,42.36071],[-87.82412,42.35976],[-87.82417,42.35835],[-87.82409,42.35832],[-87.82409,42.35799],[-87.82418,42.35793],[-87.82418,42.35706],[-87.82373,42.35694],[-87.82237,42.35689],[-87.82204,42.3568],[-87.82062,42.35679],[-87.8206,42.35669],[-87.82314,42.35658],[-87.82438,42.3567],[-87.82452,42.35677],[-87.82511,42.35633],[-87.82577,42.35553],[-87.82587,42.3545],[-87.82582,42.35388],[-87.82601,42.35297],[-87.82608,42.35142],[-87.82636,42.34936],[-87.82659,42.34859],[-87.8264,42.34799],[-87.8264,42.34749],[-87.82654,42.34708],[-87.82691,42.3468],[-87.82701,42.34627],[-87.82692,42.34449],[-87.82672,42.3436],[-87.82686,42.34126],[-87.82665,42.34041],[-87.82678,42.33982],[-87.82687,42.33891],[-87.8268,42.33828],[-87.82698,42.338],[-87.82699,42.33771],[-87.82736,42.33715],[-87.82736,42.33688],[-87.82746,42.33657],[-87.8284,42.33509],[-87.82855,42.33445],[-87.8287,42.33418],[-87.8297,42.333],[-87.83018,42.33209],[-87.83022,42.33181],[-87.83037,42.33153],[-87.83074,42.33131],[-87.83104,42.33073],[-87.83142,42.33053],[-87.83147,42.33025],[-87.83141,42.32996],[-87.83151,42.32966],[-87.83154,42.32881],[-87.83163,42.32853],[-87.83149,42.32824],[-87.83148,42.32796],[-87.83171,42.32767],[-87.83171,42.32678],[-87.83188,42.32649],[-87.83197,42.32574],[-87.83147,42.32425],[-87.83049,42.32215],[-87.83053,42.32188],[-87.83074,42.32157],[-87.83037,42.32085],[-87.83058,42.32042],[-87.83072,42.31973],[-87.8307,42.3194],[-87.83094,42.31914],[-87.83089,42.31873],[-87.83079,42.31866],[-87.83112,42.31848],[-87.83111,42.31828],[-87.8309,42.31797],[-87.83114,42.3178],[-87.8308,42.31719],[-87.83059,42.31723],[-87.83048,42.31711],[-87.83064,42.31691],[-87.83106,42.31681],[-87.83106,42.31652],[-87.83029,42.31478],[-87.82828,42.31134],[-87.82488,42.30995],[-87.82469,42.30978],[-87.82468,42.30725],[-87.82478,42.30719],[-87.8248,42.30738],[-87.82478,42.30967],[-87.8249,42.30984],[-87.82573,42.31019],[-87.82647,42.3104],[-87.82671,42.31057],[-87.82766,42.31093],[-87.82617,42.31013],[-87.82618,42.30985],[-87.82679,42.30967],[-87.82725,42.31008],[-87.8282,42.3107],[-87.829,42.31097],[-87.82954,42.31102],[-87.83052,42.31084],[-87.83172,42.31019],[-87.83198,42.30994],[-87.83224,42.30948],[-87.83215,42.30889],[-87.83077,42.30867],[-87.8308,42.30875],[-87.83072,42.30877],[-87.83052,42.30825],[-87.83059,42.30824],[-87.83075,42.30862],[-87.83292,42.30899],[-87.83304,42.30852],[-87.83312,42.30853],[-87.83321,42.3083],[-87.83314,42.30829],[-87.83317,42.30793],[-87.832,42.30771],[-87.83205,42.30766],[-87.832,42.3076],[-87.83251,42.30721],[-87.8327,42.3066],[-87.83318,42.30608],[-87.83279,42.3053],[-87.83237,42.30492],[-87.83059,42.30486],[-87.8305,42.30478],[-87.83069,42.30471],[-87.83264,42.30469],[-87.83307,42.30449],[-87.8338,42.30391],[-87.83419,42.30309],[-87.83437,42.30241],[-87.83437,42.30216],[-87.83425,42.30179],[-87.83443,42.30095]]]},"properties":{"AREALAND":0,"AREAWATER":4070576992,"BASENAME":"Congressional Districts not defined","CDSESSN":"120","CDTYP":"O","CENTLAT":"+42.1753010","CENTLON":"-087.4224236","FUNCSTAT":"F","GEOID":"17ZZ","HU100":null,"INTPTLAT":"+42.1753010","INTPTLON":"-087.4224236","LSADC":"00","MTFCC":"G5200","NAME":"Congressional Districts not defined","OBJECTID":53,"OID":"2119042393277781","POP100":null,"STATE":"17","CD120":"ZZ"}},{"type":"Feature","id":54,"geometry":{"type":"Polygon","coordinates":[[[-88.88558,42.27006],[-88.88571,42.27],[-88.88532,42.26912],[-88.87159,42.26924],[-88.87159,42.26861],[-88.87093,42.26862],[-88.8709,42.26794],[-88.86903,42.26767],[-88.86902,42.26753],[-88.86252,42.26753],[-88.86253,42.26114],[-88.86374,42.26114],[-88.86374,42.26077],[-88.86435,42.26076],[-88.86435,42.25956],[-88.86241,42.25958],[-88.86242,42.25749],[-88.86106,42.25746],[-88.86128,42.25298],[-88.86125,42.25068],[-88.86145,42.25044],[-88.86164,42.24988],[-88.86184,42.24696],[-88.86176,42.24047],[-88.86126,42.24047],[-88.86126,42.24025],[-88.86145,42.24025],[-88.86143,42.23878],[-88.86123,42.23558],[-88.86114,42.23562],[-88.86123,42.23354],[-88.86118,42.22574],[-88.86137,42.19931],[-88.86151,42.15305],[-88.82242,42.15339],[-88.82237,42.12882],[-88.82246,42.12543],[-88.82236,42.12393],[-88.82235,42.10654],[-88.8219,42.06615],[-88.803,42.0663],[-88.68386,42.06647],[-88.68435,42.06203],[-88.68433,42.04711],[-88.68416,42.04574],[-88.68375,42.0441],[-88.6813,42.03796],[-88.67387,42.03768],[-88.6736,42.03779],[-88.67317,42.03876],[-88.67306,42.03889],[-88.67283,42.03896],[-88.66094,42.03921],[-88.66068,42.03925],[-88.65974,42.03974],[-88.65847,42.03925],[-88.65657,42.0393],[-88.65567,42.03938],[-88.65562,42.03949],[-88.65479,42.03975],[-88.65355,42.04002],[-88.65354,42.03931],[-88.65346,42.03931],[-88.65345,42.03887],[-88.65057,42.03892],[-88.65056,42.03852],[-88.6503,42.03852],[-88.65092,42.03597],[-88.65105,42.03597],[-88.65175,42.03302],[-88.6538,42.033],[-88.65376,42.03194],[-88.65231,42.03197],[-88.65182,42.03231],[-88.65138,42.03249],[-88.65029,42.03262],[-88.64975,42.03256],[-88.64555,42.03153],[-88.64555,42.03169],[-88.63901,42.03007],[-88.63781,42.02986],[-88.63648,42.02982],[-88.63528,42.02992],[-88.63429,42.0301],[-88.63324,42.03044],[-88.6319,42.02895],[-88.6318,42.02134],[-88.63574,42.0213],[-88.6356,42.01401],[-88.64041,42.01394],[-88.64054,42.00332],[-88.6404,42.00309],[-88.63955,42.00303],[-88.61355,42.00316],[-88.61357,42.00659],[-88.61318,42.00679],[-88.61142,42.00679],[-88.61123,42.00688],[-88.61114,42.00708],[-88.61127,42.01782],[-88.60156,42.01792],[-88.60129,41.98147],[-88.60141,41.97449],[-88.60147,41.95948],[-88.6014,41.95229],[-88.60134,41.90817],[-88.60175,41.86494],[-88.60213,41.83732],[-88.60209,41.83582],[-88.60236,41.81411],[-88.60257,41.80685],[-88.58645,41.80699],[-88.5864,41.8069],[-88.58619,41.80685],[-88.52819,41.80775],[-88.48834,41.80848],[-88.48015,41.80883],[-88.4759,41.80866],[-88.4751,41.80869],[-88.47377,41.80889],[-88.46806,41.80913],[-88.46781,41.80907],[-88.46683,41.80913],[-88.45387,41.80913],[-88.42469,41.80949],[-88.40838,41.80983],[-88.40047,41.80991],[-88.3888,41.80964],[-88.3883,41.80977],[-88.38703,41.80971],[-88.38702,41.80977],[-88.37611,41.80989],[-88.37607,41.80697],[-88.37584,41.80198],[-88.37539,41.79734],[-88.37548,41.78092],[-88.37554,41.7792],[-88.37574,41.77708],[-88.3757,41.76528],[-88.3756,41.75783],[-88.37621,41.75623],[-88.37632,41.75543],[-88.37627,41.75467],[-88.37574,41.75287],[-88.37569,41.7444],[-88.37472,41.74454],[-88.35645,41.74473],[-88.33837,41.74503],[-88.33517,41.74365],[-88.33375,41.74536],[-88.33112,41.74424],[-88.33044,41.74514],[-88.32949,41.74523],[-88.32777,41.74454],[-88.32759,41.74484],[-88.32759,41.74504],[-88.32806,41.7459],[-88.32813,41.7462],[-88.32763,41.74703],[-88.32711,41.74741],[-88.32696,41.74774],[-88.32678,41.74824],[-88.32685,41.7491],[-88.32674,41.74958],[-88.32612,41.75086],[-88.32569,41.7512],[-88.32558,41.75139],[-88.32393,41.75272],[-88.3229,41.75329],[-88.32171,41.75448],[-88.32061,41.75535],[-88.31955,41.75606],[-88.31866,41.75684],[-88.31758,41.75631],[-88.3173,41.75644],[-88.31704,41.75639],[-88.31691,41.75625],[-88.31688,41.75607],[-88.31668,41.75596],[-88.31561,41.75659],[-88.31419,41.75771],[-88.315,41.75816],[-88.31414,41.75907],[-88.31473,41.75935],[-88.31427,41.75967],[-88.31362,41.76034],[-88.31185,41.75951],[-88.31273,41.75838],[-88.30591,41.75493],[-88.29601,41.75344],[-88.29429,41.75326],[-88.27454,41.75797],[-88.26787,41.76007],[-88.26637,41.76031],[-88.26364,41.76045],[-88.26212,41.76045],[-88.26192,41.74219],[-88.26188,41.73068],[-88.26199,41.73049],[-88.26195,41.72465],[-88.18729,41.72548],[-88.14819,41.72612],[-88.14663,41.68535],[-88.14657,41.68191],[-88.14605,41.66746],[-88.14573,41.66078],[-88.1457,41.65845],[-88.14553,41.65641],[-88.1453,41.64541],[-88.14481,41.63106],[-88.14263,41.6311],[-88.14201,41.63059],[-88.14115,41.63105],[-88.13945,41.63074],[-88.1388,41.6312],[-88.13679,41.63123],[-88.13717,41.63104],[-88.13672,41.63052],[-88.13565,41.63029],[-88.1354,41.63057],[-88.1352,41.63049],[-88.13457,41.63128],[-88.12636,41.63146],[-88.12675,41.63177],[-88.12587,41.63165],[-88.12401,41.63169],[-88.12412,41.63414],[-88.12444,41.63743],[-88.12471,41.64616],[-88.12481,41.65229],[-88.12224,41.65234],[-88.12142,41.65244],[-88.11788,41.65364],[-88.11772,41.65353],[-88.11572,41.6537],[-88.10474,41.65389],[-88.08027,41.65471],[-88.07805,41.65427],[-88.07651,41.65428],[-88.07003,41.65494],[-88.06811,41.65496],[-88.05857,41.65555],[-88.05527,41.65544],[-88.0533,41.65775],[-88.05132,41.65964],[-88.04843,41.66195],[-88.04623,41.66331],[-88.04312,41.66488],[-88.04038,41.66599],[-88.02856,41.66992],[-88.02835,41.66353],[-88.02546,41.66362],[-88.0253,41.66352],[-88.02487,41.66363],[-88.01743,41.66359],[-88.0173,41.66041],[-88.01164,41.66044],[-88.01004,41.66004],[-88.00475,41.66014],[-88.00465,41.65651],[-87.99906,41.65663],[-87.99906,41.65653],[-87.99765,41.65659],[-87.99765,41.65667],[-87.99705,41.65669],[-87.99705,41.65662],[-87.99674,41.65656],[-87.99577,41.65659],[-87.99578,41.65667],[-87.9901,41.65678],[-87.99018,41.66033],[-87.99451,41.6603],[-87.99464,41.66397],[-87.99422,41.66394],[-87.99422,41.66428],[-87.99312,41.66428],[-87.99272,41.66372],[-87.9915,41.6639],[-87.9915,41.664],[-87.99094,41.66403],[-87.99096,41.66414],[-87.99037,41.66419],[-87.99036,41.66409],[-87.9855,41.66418],[-87.9806,41.6644],[-87.98067,41.66483],[-87.9809,41.67155],[-87.95214,41.67231],[-87.95161,41.67194],[-87.95154,41.66497],[-87.91269,41.66574],[-87.91292,41.67254],[-87.9128,41.67255],[-87.91282,41.67303],[-87.91295,41.67304],[-87.91317,41.67968],[-87.9133,41.68012],[-87.91346,41.6875],[-87.91365,41.69285],[-87.91377,41.69378],[-87.91373,41.69653],[-87.91436,41.71161],[-87.91427,41.71291],[-87.91427,41.71675],[-87.91461,41.72389],[-87.92442,41.72364],[-87.97055,41.72274],[-87.97241,41.72641],[-87.97254,41.7268],[-87.97312,41.73123],[-87.98226,41.72808],[-87.98227,41.72831],[-87.98647,41.72687],[-87.98876,41.72601],[-87.99246,41.72433],[-87.99259,41.72961],[-88.0023,41.72943],[-88.00218,41.72823],[-88.00501,41.72927],[-88.00802,41.72931],[-88.01185,41.72923],[-88.01212,41.73051],[-88.01271,41.75115],[-88.02727,41.75085],[-88.0275,41.75812],[-88.03126,41.75802],[-88.03153,41.76557],[-88.0389,41.76536],[-88.04541,41.77207],[-88.03908,41.77231],[-88.03945,41.77943],[-88.04245,41.77941],[-88.04249,41.77954],[-88.04685,41.77945],[-88.0514,41.77932],[-88.05139,41.77921],[-88.05241,41.77915],[-88.05644,41.77907],[-88.05614,41.77345],[-88.0642,41.77324],[-88.06426,41.77509],[-88.06702,41.77484],[-88.06713,41.77548],[-88.07066,41.77516],[-88.07241,41.78031],[-88.07252,41.7803],[-88.07351,41.78388],[-88.07376,41.78389],[-88.07373,41.784],[-88.07568,41.78384],[-88.07577,41.7842],[-88.07566,41.78422],[-88.07573,41.78449],[-88.07584,41.78448],[-88.07632,41.78627],[-88.07939,41.78582],[-88.07931,41.78537],[-88.07926,41.78259],[-88.07913,41.78128],[-88.07904,41.78108],[-88.07841,41.7777],[-88.07935,41.77761],[-88.07971,41.77744],[-88.08039,41.77731],[-88.08108,41.77749],[-88.08192,41.77799],[-88.08283,41.77822],[-88.0834,41.77803],[-88.08393,41.77733],[-88.08423,41.77716],[-88.08645,41.77687],[-88.08687,41.7769],[-88.0871,41.77894],[-88.08702,41.77894],[-88.08773,41.78354],[-88.08783,41.78365],[-88.08899,41.78307],[-88.09006,41.78267],[-88.09138,41.78234],[-88.09262,41.78216],[-88.0925,41.78505],[-88.09225,41.78579],[-88.09163,41.78678],[-88.10023,41.78665],[-88.10004,41.78922],[-88.10066,41.78909],[-88.10069,41.78954],[-88.10057,41.78959],[-88.10049,41.79209],[-88.10061,41.79215],[-88.10197,41.79186],[-88.10304,41.7915],[-88.10327,41.79154],[-88.10344,41.79236],[-88.10327,41.79242],[-88.10336,41.79279],[-88.10335,41.79344],[-88.10339,41.79357],[-88.1035,41.79353],[-88.10388,41.79716],[-88.10643,41.79668],[-88.11026,41.79644],[-88.1103,41.79683],[-88.1105,41.79723],[-88.11085,41.79962],[-88.11107,41.80599],[-88.11257,41.80603],[-88.11266,41.80555],[-88.11876,41.80556],[-88.11875,41.80562],[-88.1193,41.80562],[-88.11728,41.80894],[-88.11742,41.80894],[-88.11629,41.81088],[-88.11604,41.8108],[-88.11573,41.81123],[-88.11417,41.81385],[-88.11428,41.81389],[-88.11378,41.81473],[-88.11564,41.8147],[-88.1158,41.81443],[-88.11705,41.81487],[-88.11729,41.81458],[-88.11828,41.81471],[-88.13058,41.81436],[-88.14659,41.81367],[-88.15126,41.81358],[-88.15112,41.81388],[-88.15086,41.81382],[-88.15065,41.81463],[-88.14848,41.81942],[-88.15383,41.81911],[-88.15822,41.81908],[-88.15824,41.81697],[-88.15953,41.81694],[-88.15951,41.81906],[-88.16207,41.81903],[-88.16199,41.81965],[-88.16199,41.82219],[-88.16604,41.82203],[-88.16594,41.83036],[-88.16766,41.83028],[-88.16946,41.83006],[-88.17094,41.82974],[-88.17251,41.82923],[-88.17396,41.82855],[-88.17647,41.82697],[-88.17853,41.82583],[-88.18121,41.82466],[-88.18463,41.82334],[-88.18477,41.82359],[-88.18466,41.82446],[-88.18483,41.8245],[-88.18774,41.8248],[-88.19276,41.82505],[-88.19322,41.82515],[-88.19323,41.82483],[-88.19442,41.82465],[-88.19402,41.82306],[-88.19578,41.82268],[-88.19584,41.82326],[-88.20295,41.82342],[-88.20385,41.82052],[-88.21364,41.82073],[-88.21824,41.82066],[-88.22435,41.82045],[-88.22433,41.82066],[-88.23124,41.82026],[-88.23121,41.82013],[-88.26279,41.81573],[-88.26284,41.82836],[-88.26271,41.83657],[-88.26255,41.8594],[-88.26255,41.87115],[-88.26836,41.87126],[-88.26906,41.87118],[-88.26956,41.87097],[-88.27119,41.86978],[-88.272,41.86933],[-88.27327,41.86915],[-88.28797,41.86894],[-88.28797,41.86867],[-88.29394,41.86858],[-88.29583,41.86844],[-88.2976,41.86812],[-88.29731,41.86696],[-88.29869,41.86683],[-88.30466,41.86563],[-88.30488,41.86549],[-88.30497,41.86528],[-88.30497,41.86263],[-88.30662,41.8626],[-88.3066,41.86193],[-88.30945,41.86192],[-88.30962,41.86258],[-88.30993,41.8629],[-88.30971,41.86465],[-88.30977,41.8652],[-88.3102,41.86505],[-88.31032,41.86531],[-88.30974,41.86803],[-88.30885,41.86987],[-88.30804,41.87353],[-88.30735,41.87555],[-88.30671,41.87667],[-88.30492,41.87913],[-88.30385,41.88175],[-88.30294,41.88728],[-88.3019,41.89054],[-88.30194,41.89242],[-88.30232,41.89605],[-88.30292,41.89825],[-88.29227,41.89843],[-88.29132,41.89858],[-88.28957,41.89816],[-88.28891,41.8983],[-88.28817,41.89873],[-88.28784,41.89884],[-88.28717,41.89884],[-88.28691,41.89976],[-88.2869,41.90044],[-88.28675,41.9011],[-88.2867,41.90368],[-88.28676,41.90396],[-88.28795,41.90653],[-88.28797,41.90748],[-88.28791,41.9077],[-88.28777,41.90788],[-88.28893,41.90836],[-88.28967,41.90895],[-88.29233,41.91245],[-88.29238,41.91272],[-88.29224,41.91325],[-88.29204,41.91348],[-88.29177,41.9136],[-88.29215,41.91509],[-88.29261,41.91833],[-88.2939,41.91804],[-88.29924,41.91726],[-88.30169,41.91674],[-88.30778,41.91453],[-88.32021,41.91265],[-88.34217,41.91267],[-88.34783,41.913],[-88.3493,41.91331],[-88.34984,41.91316],[-88.35059,41.91318],[-88.37635,41.9142],[-88.37572,41.91784],[-88.37479,41.91787],[-88.37501,41.91989],[-88.37538,41.92629],[-88.37545,41.93012],[-88.37346,41.92981],[-88.3749,41.93062],[-88.37544,41.93084],[-88.37537,41.93539],[-88.37557,41.93747],[-88.37546,41.94188],[-88.37552,41.94513],[-88.37561,41.94595],[-88.3756,41.95389],[-88.37569,41.95472],[-88.37567,41.95631],[-88.37585,41.96006],[-88.37587,41.96251],[-88.3758,41.97254],[-88.37565,41.97289],[-88.37561,41.97456],[-88.3756,41.97779],[-88.37571,41.98092],[-88.37548,41.98602],[-88.37565,41.99178],[-88.37586,41.99178],[-88.3759,41.99321],[-88.37596,41.99906],[-88.37591,41.99931],[-88.37585,42.00447],[-88.37598,42.00654],[-88.37593,42.01285],[-88.37607,42.01392],[-88.37622,42.0184],[-88.37625,42.0288],[-88.37657,42.03245],[-88.37626,42.03984],[-88.37621,42.04584],[-88.37626,42.04991],[-88.37633,42.05002],[-88.37643,42.05344],[-88.37655,42.06231],[-88.37664,42.06407],[-88.37661,42.06597],[-88.37638,42.06649],[-88.37608,42.06692],[-88.39116,42.06678],[-88.39684,42.06682],[-88.40201,42.06674],[-88.4058,42.0668],[-88.40741,42.06673],[-88.41341,42.06694],[-88.41739,42.06693],[-88.42508,42.06672],[-88.43398,42.06682],[-88.47176,42.06695],[-88.47192,42.09054],[-88.47178,42.09049],[-88.47176,42.09064],[-88.47179,42.09308],[-88.47187,42.09314],[-88.4719,42.11589],[-88.47216,42.1326],[-88.47199,42.13259],[-88.47198,42.13196],[-88.46659,42.13195],[-88.46692,42.12757],[-88.46684,42.12123],[-88.45709,42.12116],[-88.45708,42.12473],[-88.45773,42.13028],[-88.44507,42.12715],[-88.44197,42.12632],[-88.44028,42.12569],[-88.43869,42.12499],[-88.43268,42.12206],[-88.43275,42.12488],[-88.43267,42.1256],[-88.43268,42.13751],[-88.43449,42.13744],[-88.43653,42.1368],[-88.43844,42.13642],[-88.43945,42.13632],[-88.44154,42.13632],[-88.44323,42.13659],[-88.44589,42.13725],[-88.44511,42.13867],[-88.44478,42.13969],[-88.44604,42.1399],[-88.44652,42.14026],[-88.44666,42.14064],[-88.44659,42.14097],[-88.44639,42.14123],[-88.44587,42.1415],[-88.44543,42.14155],[-88.44437,42.14142],[-88.44408,42.14193],[-88.44218,42.1439],[-88.44204,42.14426],[-88.44217,42.14501],[-88.44209,42.14545],[-88.44145,42.14647],[-88.4408,42.1471],[-88.44068,42.14744],[-88.44067,42.14828],[-88.44051,42.14855],[-88.4399,42.14902],[-88.4392,42.14871],[-88.43819,42.14847],[-88.43267,42.14844],[-88.4327,42.15305],[-88.43249,42.15382],[-88.41223,42.15394],[-88.39655,42.15389],[-88.36957,42.15402],[-88.35442,42.154],[-88.35461,42.19293],[-88.35505,42.24075],[-88.29742,42.24135],[-88.25404,42.24161],[-88.25277,42.24155],[-88.25277,42.24164],[-88.24861,42.24157],[-88.24751,42.24158],[-88.24717,42.24166],[-88.24181,42.24163],[-88.23711,42.2417],[-88.19825,42.24156],[-88.19833,42.25897],[-88.1984,42.25999],[-88.19836,42.26316],[-88.19848,42.26601],[-88.19843,42.26958],[-88.19848,42.27303],[-88.19816,42.27304],[-88.19704,42.27284],[-88.19697,42.27418],[-88.19753,42.27435],[-88.19759,42.27443],[-88.19848,42.27443],[-88.19855,42.28459],[-88.19155,42.28453],[-88.19152,42.28341],[-88.19078,42.28341],[-88.19079,42.28267],[-88.18895,42.28267],[-88.18884,42.27774],[-88.19128,42.27773],[-88.19122,42.27373],[-88.18833,42.27378],[-88.187,42.27393],[-88.18637,42.27407],[-88.18628,42.27416],[-88.18559,42.27437],[-88.18501,42.27431],[-88.18393,42.2745],[-88.18387,42.2668],[-88.18302,42.26635],[-88.18081,42.26488],[-88.17992,42.2644],[-88.1787,42.26398],[-88.17112,42.26254],[-88.16603,42.26141],[-88.1603,42.2599],[-88.15438,42.25816],[-88.1523,42.25766],[-88.14894,42.25705],[-88.14556,42.25669],[-88.14302,42.25874],[-88.141,42.25736],[-88.14066,42.25761],[-88.13949,42.25883],[-88.13883,42.2593],[-88.13755,42.25882],[-88.13633,42.25897],[-88.13629,42.25819],[-88.13611,42.25803],[-88.13589,42.25798],[-88.13433,42.25807],[-88.13222,42.25799],[-88.13222,42.25847],[-88.12997,42.25847],[-88.12993,42.25926],[-88.12007,42.2592],[-88.11982,42.26273],[-88.10164,42.26259],[-88.10298,42.2647],[-88.10403,42.26602],[-88.10484,42.26758],[-88.1054,42.26848],[-88.10857,42.27213],[-88.10947,42.27356],[-88.10985,42.27478],[-88.11017,42.27711],[-88.11004,42.27711],[-88.11056,42.28068],[-88.11068,42.28083],[-88.11062,42.28139],[-88.11021,42.28221],[-88.10962,42.28278],[-88.10783,42.284],[-88.10729,42.28451],[-88.10683,42.28521],[-88.10663,42.28585],[-88.1065,42.28965],[-88.10668,42.2937],[-88.10656,42.29362],[-88.10639,42.29721],[-88.10631,42.30254],[-88.10644,42.30254],[-88.10644,42.30394],[-88.10659,42.3047],[-88.10689,42.30532],[-88.1073,42.30586],[-88.10895,42.30624],[-88.11277,42.30619],[-88.12055,42.30652],[-88.12071,42.31706],[-88.12071,42.32845],[-88.13012,42.32851],[-88.14,42.32847],[-88.14011,42.32847],[-88.14011,42.32859],[-88.14216,42.3286],[-88.14216,42.32849],[-88.14498,42.32852],[-88.156,42.32875],[-88.15972,42.32868],[-88.16555,42.3289],[-88.16763,42.3315],[-88.16836,42.33259],[-88.16888,42.33373],[-88.16923,42.33524],[-88.1692,42.35778],[-88.18417,42.35776],[-88.18467,42.35799],[-88.18855,42.35632],[-88.19845,42.35796],[-88.19849,42.34315],[-88.20343,42.34333],[-88.20343,42.34322],[-88.20838,42.34322],[-88.20836,42.34344],[-88.21849,42.34361],[-88.21869,42.33593],[-88.22484,42.33603],[-88.22627,42.33635],[-88.23242,42.33905],[-88.23666,42.34136],[-88.24008,42.34233],[-88.2417,42.34252],[-88.24896,42.34248],[-88.25025,42.34254],[-88.25147,42.34271],[-88.25746,42.34386],[-88.26082,42.34409],[-88.26091,42.34546],[-88.26084,42.34571],[-88.25993,42.34717],[-88.25932,42.34838],[-88.25879,42.34914],[-88.25823,42.34977],[-88.25591,42.35151],[-88.25366,42.35388],[-88.25753,42.35389],[-88.25746,42.36039],[-88.26026,42.3604],[-88.26027,42.35736],[-88.26314,42.35733],[-88.26459,42.35722],[-88.2673,42.35723],[-88.26731,42.3652],[-88.2675,42.3665],[-88.26802,42.36809],[-88.27659,42.36794],[-88.27698,42.36809],[-88.27698,42.36888],[-88.27935,42.36884],[-88.28133,42.36848],[-88.28145,42.36382],[-88.28232,42.36469],[-88.2822,42.36428],[-88.28249,42.36427],[-88.28271,42.36505],[-88.28325,42.36552],[-88.28364,42.36575],[-88.28568,42.3667],[-88.2887,42.36775],[-88.29641,42.37109],[-88.29641,42.37123],[-88.2967,42.37122],[-88.29693,42.37135],[-88.30238,42.37139],[-88.3023,42.36576],[-88.29934,42.3658],[-88.29934,42.36591],[-88.29892,42.36591],[-88.29892,42.3658],[-88.29664,42.36583],[-88.29664,42.36432],[-88.29706,42.36406],[-88.2966,42.36406],[-88.29665,42.36227],[-88.29677,42.36204],[-88.29667,42.35694],[-88.30633,42.35692],[-88.30638,42.35704],[-88.30799,42.357],[-88.30828,42.35691],[-88.30876,42.35694],[-88.30872,42.3605],[-88.31116,42.36052],[-88.31115,42.36159],[-88.30842,42.36158],[-88.30842,42.3632],[-88.31066,42.36321],[-88.31066,42.36408],[-88.3125,42.36408],[-88.31251,42.36363],[-88.31268,42.36331],[-88.31344,42.36283],[-88.31375,42.36252],[-88.31388,42.36218],[-88.31395,42.3616],[-88.31409,42.36136],[-88.31446,42.36123],[-88.31582,42.36119],[-88.31596,42.36111],[-88.31603,42.36094],[-88.31599,42.3518],[-88.3162,42.34966],[-88.31611,42.34873],[-88.31624,42.34629],[-88.31622,42.34341],[-88.31917,42.34018],[-88.31927,42.34001],[-88.31924,42.33969],[-88.31965,42.33949],[-88.32018,42.33909],[-88.32199,42.33717],[-88.32352,42.33605],[-88.32573,42.33491],[-88.3252,42.33425],[-88.325,42.33386],[-88.32487,42.33326],[-88.32488,42.33278],[-88.32514,42.33075],[-88.32531,42.33045],[-88.32605,42.32954],[-88.32625,42.32904],[-88.32697,42.32902],[-88.33053,42.32778],[-88.34569,42.32771],[-88.34556,42.3421],[-88.3472,42.3421],[-88.34716,42.34575],[-88.34992,42.34573],[-88.34996,42.34209],[-88.3553,42.34207],[-88.35543,42.35296],[-88.35019,42.35297],[-88.35017,42.35478],[-88.35066,42.35478],[-88.35064,42.35673],[-88.35485,42.35678],[-88.35484,42.35602],[-88.35544,42.35602],[-88.35544,42.35658],[-88.3561,42.35658],[-88.35656,42.35722],[-88.35657,42.36067],[-88.35667,42.36078],[-88.35668,42.36116],[-88.35661,42.36165],[-88.35834,42.36163],[-88.35835,42.36216],[-88.35639,42.36219],[-88.35571,42.36383],[-88.35543,42.36401],[-88.35544,42.36631],[-88.35911,42.36628],[-88.35911,42.3654],[-88.35885,42.3652],[-88.35885,42.36494],[-88.35932,42.36522],[-88.36032,42.36522],[-88.3603,42.36018],[-88.3652,42.36019],[-88.36519,42.35725],[-88.3626,42.35727],[-88.3629,42.35673],[-88.36323,42.35497],[-88.36356,42.35466],[-88.36341,42.35446],[-88.36437,42.35405],[-88.36571,42.35365],[-88.36711,42.35343],[-88.36713,42.3566],[-88.36826,42.35659],[-88.36798,42.35769],[-88.36996,42.35768],[-88.37002,42.36824],[-88.37149,42.36823],[-88.3715,42.36923],[-88.37501,42.36922],[-88.375,42.36623],[-88.38289,42.36618],[-88.3829,42.36736],[-88.38444,42.36735],[-88.38445,42.37096],[-88.39446,42.37088],[-88.39572,42.37103],[-88.42342,42.37075],[-88.42361,42.37067],[-88.44316,42.37072],[-88.47229,42.37048],[-88.4723,42.36471],[-88.47295,42.36498],[-88.47372,42.36545],[-88.47477,42.36509],[-88.47573,42.36505],[-88.4822,42.36626],[-88.4829,42.36629],[-88.48348,42.36619],[-88.48411,42.36596],[-88.48717,42.36391],[-88.48785,42.3636],[-88.4886,42.36343],[-88.49424,42.36335],[-88.50145,42.36345],[-88.50144,42.36589],[-88.50244,42.36621],[-88.50338,42.36639],[-88.50667,42.36651],[-88.50735,42.36657],[-88.50777,42.36674],[-88.51005,42.36642],[-88.51142,42.36558],[-88.51621,42.36564],[-88.51614,42.36017],[-88.51124,42.35997],[-88.51126,42.32747],[-88.58589,42.32776],[-88.65716,42.32778],[-88.73497,42.32793],[-88.76425,42.32792],[-88.76538,42.32785],[-88.79099,42.32779],[-88.82207,42.32789],[-88.82202,42.30667],[-88.82778,42.30672],[-88.83228,42.30607],[-88.83819,42.3059],[-88.83818,42.3066],[-88.84124,42.30656],[-88.84128,42.30686],[-88.84142,42.30712],[-88.84169,42.30734],[-88.84197,42.30743],[-88.84334,42.30741],[-88.84333,42.3058],[-88.84655,42.30576],[-88.84655,42.30566],[-88.84643,42.30567],[-88.84641,42.30367],[-88.84639,42.29128],[-88.86711,42.29109],[-88.86132,42.28249],[-88.86113,42.28201],[-88.86108,42.28126],[-88.86883,42.28118],[-88.86883,42.27751],[-88.869,42.27658],[-88.86931,42.27595],[-88.87093,42.2764],[-88.87224,42.27651],[-88.87858,42.27647],[-88.87906,42.27609],[-88.87951,42.27595],[-88.87998,42.27614],[-88.88072,42.27603],[-88.88101,42.27578],[-88.88104,42.27565],[-88.88095,42.27486],[-88.88053,42.27383],[-88.88066,42.27324],[-88.88058,42.27286],[-88.88096,42.27229],[-88.88088,42.27111],[-88.88101,42.27105],[-88.88278,42.27101],[-88.88314,42.27093],[-88.88333,42.27075],[-88.88329,42.27041],[-88.88364,42.27026],[-88.8838,42.27029],[-88.88395,42.26983],[-88.88485,42.2698],[-88.88494,42.26989],[-88.88488,42.27007],[-88.88558,42.27006]]]},"properties":{"AREALAND":2379550901,"AREAWATER":24327464,"BASENAME":"11","CDSESSN":"120","CDTYP":"O","CENTLAT":"+42.0680216","CENTLON":"-088.4630720","FUNCSTAT":"N","GEOID":"1711","HU100":null,"INTPTLAT":"+42.0007156","INTPTLON":"-088.3956464","LSADC":"C2","MTFCC":"G5200","NAME":"Congressional District 11","OBJECTID":54,"OID":"2119042393277784","POP100":null,"STATE":"17","CD120":"11"}}]}