{"type":"FeatureCollection","features":[{"type":"Feature","geometry":{"type":"Polygon","coordinates":[[[-87.62736,41.67424],[-87.62741,41.67615],[-87.62982,41.67612],[-87.62987,41.67795],[-87.64191,41.67781],[-87.64167,41.67054],[-87.64162,41.66926],[-87.6416,41.66871],[-87.64159,41.66844],[-87.64154,41.66689],[-87.63648,41.66696],[-87.6364,41.66692],[-87.63456,41.66327],[-87.63057,41.66333],[-87.63065,41.66522],[-87.63185,41.66521],[-87.63191,41.66702],[-87.63312,41.667],[-87.63319,41.66881],[-87.62958,41.66885],[-87.62976,41.67419],[-87.62736,41.67424]]]},"properties":{"level":"es","grades":"K–8","id":"609902","name":"Ralph H Metcalfe Elementary Community Academy","url":"https://www.cps.edu/schools/schoolprofiles/609902","x":-87.63431,"y":41.66944}},{"type":"Feature","geometry":{"type":"Polygon","coordinates":[[[-87.71443,41.82648],[-87.71443,41.82666],[-87.71443,41.82675],[-87.71444,41.82713],[-87.71454,41.82822],[-87.71454,41.82834],[-87.71454,41.82849],[-87.71455,41.82857],[-87.71456,41.82857],[-87.7152,41.82834],[-87.7156,41.82822],[-87.71927,41.82704],[-87.71946,41.82698],[-87.7207,41.8266],[-87.72127,41.8264],[-87.72165,41.82627],[-87.72175,41.82625],[-87.72412,41.8256],[-87.72511,41.82525],[-87.72896,41.82401],[-87.73136,41.82318],[-87.73364,41.8225],[-87.73631,41.82163],[-87.73884,41.82091],[-87.73889,41.81988],[-87.73889,41.81972],[-87.73888,41.81959],[-87.73868,41.81923],[-87.73867,41.81908],[-87.73867,41.81893],[-87.73867,41.81888],[-87.73869,41.81866],[-87.73873,41.81825],[-87.73878,41.81786],[-87.73877,41.81758],[-87.73876,41.81701],[-87.73875,41.81673],[-87.73875,41.81644],[-87.73873,41.81571],[-87.73871,41.81477],[-87.73871,41.81455],[-87.73869,41.81385],[-87.73867,41.81275],[-87.73864,41.81146],[-87.73863,41.81113],[-87.73863,41.81079],[-87.73862,41.81031],[-87.7386,41.8096],[-87.7386,41.80949],[-87.73857,41.80826],[-87.73837,41.80768],[-87.73833,41.80645],[-87.73831,41.80568],[-87.7383,41.80539],[-87.73829,41.80491],[-87.73828,41.80476],[-87.73827,41.80434],[-87.73827,41.8041],[-87.73826,41.80403],[-87.73826,41.80398],[-87.73826,41.80383],[-87.73824,41.80308],[-87.73823,41.80278],[-87.73818,41.80039],[-87.73818,41.80017],[-87.73816,41.79949],[-87.73816,41.79945],[-87.73814,41.7986],[-87.73809,41.7969],[-87.73806,41.79598],[-87.73806,41.79589],[-87.73806,41.79576],[-87.73804,41.79525],[-87.73804,41.79495],[-87.73802,41.79434],[-87.73802,41.79428],[-87.73801,41.79417],[-87.73801,41.79413],[-87.73801,41.79409],[-87.73801,41.79402],[-87.73801,41.79392],[-87.7379,41.79378],[-87.73788,41.79375],[-87.73788,41.79363],[-87.73786,41.79317],[-87.73785,41.79307],[-87.73774,41.79307],[-87.73774,41.79309],[-87.73774,41.7931],[-87.73774,41.79316],[-87.73774,41.79317],[-87.73765,41.79344],[-87.73758,41.79359],[-87.73755,41.79365],[-87.73753,41.79369],[-87.73749,41.79376],[-87.73743,41.79385],[-87.73739,41.79391],[-87.7373,41.79403],[-87.73722,41.79412],[-87.73717,41.79419],[-87.73704,41.79433],[-87.73681,41.79454],[-87.73674,41.79459],[-87.73659,41.79471],[-87.73645,41.7948],[-87.73632,41.79489],[-87.73625,41.79493],[-87.73597,41.79508],[-87.73579,41.79516],[-87.73547,41.79527],[-87.73437,41.7954],[-87.73425,41.79554],[-87.73452,41.79558],[-87.73475,41.79558],[-87.73444,41.7957],[-87.73378,41.79596],[-87.73346,41.79609],[-87.73335,41.79613],[-87.73315,41.79621],[-87.73311,41.79623],[-87.73305,41.79625],[-87.73181,41.79679],[-87.73172,41.79683],[-87.73137,41.79697],[-87.73092,41.79715],[-87.73075,41.79722],[-87.73038,41.79736],[-87.72991,41.79755],[-87.72968,41.79764],[-87.72953,41.79769],[-87.72929,41.79779],[-87.72898,41.79791],[-87.72871,41.79802],[-87.7285,41.7981],[-87.72841,41.79814],[-87.7282,41.7982],[-87.7279,41.7983],[-87.72713,41.79861],[-87.72679,41.79874],[-87.72648,41.79887],[-87.72546,41.79927],[-87.72508,41.79942],[-87.72475,41.79956],[-87.72397,41.79986],[-87.72364,41.79999],[-87.72306,41.80021],[-87.72269,41.80036],[-87.7225,41.80043],[-87.72216,41.80057],[-87.72161,41.80079],[-87.72113,41.80097],[-87.72066,41.80116],[-87.72013,41.80137],[-87.71971,41.80154],[-87.71915,41.80176],[-87.71856,41.80199],[-87.71607,41.80296],[-87.71588,41.803],[-87.71568,41.803],[-87.7156,41.80319],[-87.71547,41.80341],[-87.71546,41.80343],[-87.71533,41.80351],[-87.71521,41.80355],[-87.71501,41.80363],[-87.71494,41.80365],[-87.7148,41.8037],[-87.71454,41.80378],[-87.71444,41.80381],[-87.71436,41.80383],[-87.71425,41.80386],[-87.71414,41.80388],[-87.71383,41.80404],[-87.71378,41.804],[-87.71377,41.80565],[-87.71387,41.80799],[-87.71427,41.80808],[-87.71407,41.81523],[-87.71439,41.82244],[-87.71439,41.82246],[-87.71435,41.82372],[-87.71432,41.82449],[-87.71428,41.82568],[-87.71428,41.82571],[-87.71428,41.82575],[-87.71429,41.8258],[-87.71429,41.82596],[-87.71429,41.82606],[-87.7143,41.82628],[-87.7143,41.82632],[-87.7143,41.82634],[-87.71431,41.82647],[-87.71443,41.82648]]]},"properties":{"level":"es","grades":"K–8","id":"609903","name":"Richard Edwards Elementary School","url":"https://www.cps.edu/schools/schoolprofiles/609903","x":-87.72586,"y":41.80554}},{"type":"Feature","geometry":{"type":"Polygon","coordinates":[[[-87.76179,41.88728],[-87.76328,41.88725],[-87.76328,41.88757],[-87.76328,41.88762],[-87.7633,41.88802],[-87.76331,41.88822],[-87.76332,41.88857],[-87.76333,41.88888],[-87.76334,41.88912],[-87.76335,41.88949],[-87.76337,41.88978],[-87.76338,41.89009],[-87.76341,41.89096],[-87.76343,41.89152],[-87.76345,41.89187],[-87.76346,41.89226],[-87.76347,41.89243],[-87.76348,41.89277],[-87.76349,41.89294],[-87.77507,41.89281],[-87.77504,41.89188],[-87.77502,41.8913],[-87.77501,41.891],[-87.77498,41.89006],[-87.77497,41.89002],[-87.77495,41.88937],[-87.77491,41.88802],[-87.77489,41.88745],[-87.77489,41.88739],[-87.77489,41.88722],[-87.77488,41.8871],[-87.77486,41.88633],[-87.77483,41.88557],[-87.77478,41.88378],[-87.77475,41.88312],[-87.77474,41.88265],[-87.77472,41.8821],[-87.77421,41.88211],[-87.7736,41.88212],[-87.77039,41.88217],[-87.76932,41.88218],[-87.75973,41.88231],[-87.75636,41.88235],[-87.75653,41.88683],[-87.75653,41.88706],[-87.75653,41.88726],[-87.75679,41.88728],[-87.75921,41.88732],[-87.76019,41.8873],[-87.76125,41.88729],[-87.76179,41.88728]]]},"properties":{"level":"es","grades":"K–8","id":"609904","name":"Edward K Ellington Elementary School","url":"https://www.cps.edu/schools/schoolprofiles/609904","x":-87.76659,"y":41.88553}},{"type":"Feature","geometry":{"type":"Polygon","coordinates":[[[-87.6663,41.68473],[-87.66772,41.6847],[-87.66478,41.68987],[-87.66384,41.6914],[-87.65932,41.69784],[-87.65874,41.69944],[-87.6617,41.69941],[-87.66994,41.69925],[-87.67083,41.69195],[-87.6719,41.69193],[-87.67207,41.69112],[-87.67283,41.68644],[-87.6731,41.68548],[-87.67414,41.68278],[-87.67435,41.68209],[-87.67495,41.67933],[-87.67521,41.67742],[-87.67516,41.67729],[-87.67489,41.67729],[-87.67409,41.67731],[-87.67387,41.67731],[-87.67324,41.67732],[-87.67267,41.67733],[-87.67241,41.67733],[-87.67239,41.67733],[-87.67217,41.67734],[-87.67181,41.67734],[-87.67169,41.67735],[-87.67136,41.67735],[-87.67116,41.67736],[-87.67085,41.67737],[-87.67056,41.67737],[-87.67054,41.67737],[-87.6672,41.68327],[-87.66644,41.68467],[-87.6663,41.68473]]]},"properties":{"level":"es","grades":"K–8","id":"609908","name":"Esmond Elementary School","url":"https://www.cps.edu/schools/schoolprofiles/609908","x":-87.66916,"y":41.68942}},{"type":"Feature","geometry":{"type":"Polygon","coordinates":[[[-87.66588,41.84493],[-87.66722,41.8449],[-87.66833,41.84454],[-87.66997,41.84397],[-87.67286,41.84283],[-87.67312,41.84269],[-87.67488,41.84174],[-87.67549,41.84159],[-87.67706,41.84055],[-87.67802,41.84011],[-87.67808,41.84009],[-87.67932,41.83969],[-87.68055,41.83928],[-87.68213,41.83876],[-87.68502,41.83787],[-87.68554,41.83772],[-87.68778,41.83695],[-87.68777,41.83658],[-87.68786,41.8363],[-87.68776,41.8363],[-87.68776,41.83616],[-87.68783,41.83612],[-87.68795,41.83609],[-87.68799,41.83603],[-87.68813,41.83586],[-87.68818,41.83581],[-87.68821,41.83579],[-87.6882,41.83567],[-87.6882,41.83543],[-87.68819,41.83531],[-87.68791,41.83537],[-87.68788,41.83533],[-87.68788,41.83527],[-87.68776,41.83531],[-87.68773,41.83532],[-87.68773,41.83528],[-87.68783,41.83525],[-87.68788,41.83517],[-87.68787,41.83492],[-87.68782,41.83487],[-87.68772,41.83484],[-87.68772,41.83474],[-87.68771,41.83459],[-87.68771,41.83449],[-87.68771,41.83443],[-87.6877,41.8343],[-87.68769,41.83417],[-87.68769,41.83398],[-87.68768,41.8338],[-87.68768,41.83373],[-87.68768,41.83351],[-87.68767,41.83291],[-87.68766,41.83274],[-87.68766,41.83266],[-87.68766,41.83249],[-87.68765,41.83222],[-87.68765,41.83203],[-87.68764,41.83176],[-87.68764,41.83149],[-87.68763,41.8313],[-87.68763,41.8312],[-87.68763,41.83101],[-87.68762,41.8308],[-87.68762,41.83053],[-87.68762,41.83046],[-87.68732,41.83024],[-87.68683,41.83025],[-87.6863,41.83026],[-87.68572,41.83027],[-87.68503,41.83028],[-87.68498,41.82845],[-87.68494,41.82715],[-87.68494,41.82705],[-87.68494,41.82701],[-87.68493,41.82672],[-87.68492,41.82641],[-87.6849,41.82594],[-87.6849,41.82574],[-87.68487,41.82493],[-87.68486,41.82459],[-87.68488,41.82345],[-87.6849,41.82307],[-87.68488,41.823],[-87.68485,41.823],[-87.68484,41.82299],[-87.68422,41.82164],[-87.68404,41.82124],[-87.68405,41.82172],[-87.68407,41.82218],[-87.68408,41.8226],[-87.68363,41.82236],[-87.68355,41.82227],[-87.68343,41.82215],[-87.68312,41.8219],[-87.68303,41.82184],[-87.68291,41.82163],[-87.68277,41.82157],[-87.68269,41.82154],[-87.68251,41.82149],[-87.68251,41.82129],[-87.68235,41.82114],[-87.68125,41.82077],[-87.68091,41.82068],[-87.68008,41.82052],[-87.67966,41.82046],[-87.67923,41.82042],[-87.67862,41.8204],[-87.67837,41.82041],[-87.67782,41.82047],[-87.67755,41.82049],[-87.67624,41.82062],[-87.67594,41.82066],[-87.67474,41.82078],[-87.67416,41.82083],[-87.67375,41.82088],[-87.67285,41.82097],[-87.67265,41.82099],[-87.67244,41.82103],[-87.67194,41.82108],[-87.67161,41.82109],[-87.67124,41.82107],[-87.67053,41.82096],[-87.67032,41.82096],[-87.66961,41.82098],[-87.6689,41.82099],[-87.66848,41.821],[-87.66793,41.82101],[-87.66766,41.82098],[-87.66746,41.82085],[-87.66745,41.82062],[-87.66744,41.82038],[-87.66672,41.82039],[-87.66623,41.8204],[-87.6655,41.82041],[-87.66544,41.82005],[-87.66543,41.81996],[-87.66524,41.81998],[-87.66524,41.82002],[-87.66525,41.82026],[-87.66534,41.82204],[-87.66546,41.82315],[-87.66826,41.82319],[-87.67509,41.82311],[-87.67534,41.83291],[-87.67523,41.83307],[-87.67381,41.83396],[-87.6731,41.83415],[-87.67283,41.83468],[-87.67116,41.83583],[-87.67065,41.83584],[-87.67042,41.8363],[-87.66826,41.83782],[-87.66803,41.83782],[-87.66604,41.83918],[-87.66563,41.83904],[-87.66489,41.8394],[-87.66456,41.83984],[-87.66456,41.84001],[-87.66454,41.84066],[-87.66494,41.84152],[-87.66459,41.84232],[-87.66431,41.8428],[-87.66392,41.844],[-87.66435,41.84431],[-87.66491,41.84471],[-87.6656,41.84493],[-87.66588,41.84493]]]},"properties":{"level":"es","grades":"K–5","id":"609909","name":"Edward Everett Elementary School","url":"https://www.cps.edu/schools/schoolprofiles/609909","x":-87.68131,"y":41.83156}},{"type":"Feature","geometry":{"type":"Polygon","coordinates":[[[-87.74697,41.94274],[-87.74699,41.94352],[-87.74701,41.94421],[-87.74701,41.9443],[-87.74765,41.94429],[-87.74863,41.94428],[-87.74959,41.94427],[-87.75195,41.94424],[-87.75194,41.94383],[-87.75193,41.9434],[-87.75192,41.94333],[-87.75191,41.94271],[-87.7519,41.94241],[-87.75261,41.9424],[-87.75374,41.94239],[-87.75681,41.94235],[-87.7568,41.94205],[-87.75678,41.94144],[-87.75676,41.94098],[-87.75676,41.94072],[-87.75675,41.94053],[-87.75674,41.94007],[-87.75673,41.93975],[-87.75672,41.93961],[-87.75671,41.93917],[-87.75671,41.93916],[-87.7567,41.93896],[-87.75669,41.9387],[-87.75801,41.93868],[-87.75914,41.93867],[-87.75909,41.93776],[-87.75908,41.93729],[-87.75903,41.93593],[-87.75901,41.93551],[-87.75899,41.93502],[-87.75897,41.93427],[-87.75857,41.93411],[-87.75713,41.93413],[-87.75673,41.93413],[-87.75652,41.93401],[-87.75651,41.93368],[-87.75649,41.93323],[-87.75644,41.93186],[-87.75642,41.93151],[-87.75642,41.9314],[-87.75501,41.93142],[-87.75419,41.93143],[-87.7518,41.93146],[-87.75151,41.93147],[-87.75149,41.93101],[-87.75147,41.93056],[-87.75145,41.93011],[-87.75144,41.92982],[-87.75141,41.9292],[-87.7514,41.92875],[-87.75138,41.9283],[-87.75136,41.92785],[-87.75082,41.92785],[-87.74978,41.92787],[-87.74892,41.92788],[-87.7478,41.92789],[-87.74711,41.9279],[-87.74645,41.92791],[-87.74646,41.92833],[-87.74648,41.92882],[-87.74652,41.92965],[-87.74654,41.93032],[-87.74657,41.9308],[-87.74659,41.93153],[-87.7466,41.9317],[-87.74662,41.93215],[-87.74664,41.93265],[-87.74665,41.93299],[-87.74667,41.93335],[-87.74599,41.93337],[-87.7454,41.93337],[-87.74421,41.93339],[-87.7442,41.93309],[-87.74416,41.93209],[-87.74415,41.93157],[-87.74193,41.93159],[-87.74204,41.93168],[-87.74211,41.93355],[-87.74212,41.93384],[-87.74213,41.93411],[-87.74214,41.93437],[-87.74215,41.93467],[-87.74216,41.93497],[-87.74217,41.93527],[-87.74218,41.93553],[-87.74219,41.93585],[-87.7422,41.93599],[-87.74222,41.93644],[-87.74223,41.93671],[-87.74225,41.93726],[-87.74226,41.93757],[-87.74228,41.93806],[-87.74228,41.93822],[-87.74229,41.93845],[-87.7423,41.93859],[-87.7423,41.9388],[-87.74232,41.9388],[-87.74232,41.93889],[-87.74233,41.93889],[-87.74233,41.93917],[-87.74235,41.93971],[-87.74235,41.93995],[-87.74238,41.94092],[-87.74239,41.94125],[-87.7424,41.94138],[-87.74241,41.94183],[-87.74241,41.94199],[-87.74242,41.94232],[-87.74247,41.94253],[-87.74296,41.94253],[-87.74327,41.94253],[-87.74365,41.94253],[-87.744,41.94252],[-87.74416,41.94252],[-87.7446,41.94251],[-87.74492,41.94251],[-87.74562,41.9425],[-87.74611,41.94249],[-87.74696,41.94248],[-87.74697,41.94274]]]},"properties":{"level":"es","grades":"K–7","id":"609910","name":"Laughlin Falconer Elementary School","url":"https://www.cps.edu/schools/schoolprofiles/609910","x":-87.74933,"y":41.93579}},{"type":"Feature","geometry":{"type":"Polygon","coordinates":[[[-87.74946,41.98372],[-87.75057,41.9837],[-87.75146,41.98319],[-87.75226,41.98314],[-87.75327,41.98358],[-87.75406,41.98353],[-87.75467,41.98271],[-87.75576,41.98232],[-87.75627,41.98263],[-87.7564,41.98362],[-87.75727,41.98446],[-87.75738,41.98475],[-87.75682,41.98503],[-87.75677,41.98548],[-87.75743,41.98574],[-87.75777,41.9862],[-87.75819,41.98725],[-87.75928,41.98821],[-87.75967,41.9883],[-87.76114,41.98774],[-87.76183,41.98767],[-87.76232,41.98808],[-87.76169,41.98856],[-87.76159,41.9889],[-87.7621,41.99014],[-87.7626,41.99025],[-87.76304,41.98978],[-87.76377,41.98967],[-87.76431,41.98939],[-87.76493,41.98983],[-87.76596,41.99015],[-87.7669,41.99001],[-87.76758,41.98964],[-87.76762,41.98906],[-87.76793,41.98878],[-87.77048,41.98906],[-87.7714,41.98954],[-87.77173,41.99024],[-87.77299,41.9902],[-87.77342,41.98987],[-87.772,41.98912],[-87.77312,41.98656],[-87.77324,41.97999],[-87.77303,41.97986],[-87.7713,41.97795],[-87.77005,41.97724],[-87.77007,41.9761],[-87.76932,41.97568],[-87.76848,41.97568],[-87.76631,41.97571],[-87.7658,41.97513],[-87.76026,41.97519],[-87.76029,41.97606],[-87.75875,41.9768],[-87.75872,41.97882],[-87.75827,41.97925],[-87.75473,41.97709],[-87.75532,41.97839],[-87.75537,41.97888],[-87.74811,41.97898],[-87.74821,41.98234],[-87.74946,41.98372]]]},"properties":{"level":"es","grades":"K–8","id":"609912","name":"James B Farnsworth Elementary School","url":"https://www.cps.edu/schools/schoolprofiles/609912","x":-87.76607,"y":41.97979}},{"type":"Feature","geometry":{"type":"Polygon","coordinates":[[[-87.5863,41.77334],[-87.58632,41.77688],[-87.58646,41.78062],[-87.5962,41.78052],[-87.60289,41.78045],[-87.60281,41.77681],[-87.60342,41.7768],[-87.60337,41.77499],[-87.60581,41.77496],[-87.6058,41.77478],[-87.60579,41.77392],[-87.60577,41.77337],[-87.60577,41.77314],[-87.59238,41.77327],[-87.59338,41.7689],[-87.59115,41.76662],[-87.59099,41.76602],[-87.59087,41.76602],[-87.59042,41.76602],[-87.59015,41.76598],[-87.58958,41.76593],[-87.58957,41.76593],[-87.58881,41.76595],[-87.58856,41.76595],[-87.58792,41.76596],[-87.58719,41.76596],[-87.58695,41.76597],[-87.58632,41.76597],[-87.58638,41.76865],[-87.58623,41.76954],[-87.5863,41.77334]]]},"properties":{"level":"es","grades":"K–8","id":"610213","name":"James Wadsworth Elementary School","url":"https://www.cps.edu/schools/schoolprofiles/610213","x":-87.60102,"y":41.77348}},{"type":"Feature","geometry":{"type":"Polygon","coordinates":[[[-87.63339,41.71251],[-87.63813,41.71245],[-87.63817,41.71426],[-87.643,41.71421],[-87.64283,41.70692],[-87.64041,41.70695],[-87.64028,41.70276],[-87.63785,41.70279],[-87.63787,41.70334],[-87.63314,41.7034],[-87.63324,41.70704],[-87.63325,41.70735],[-87.63327,41.70817],[-87.63328,41.70851],[-87.63329,41.70888],[-87.63331,41.70945],[-87.63332,41.71001],[-87.63333,41.7103],[-87.63334,41.71069],[-87.63335,41.71097],[-87.63337,41.71157],[-87.63338,41.71223],[-87.63339,41.71245],[-87.63339,41.71251]]]},"properties":{"level":"es","grades":"K–8","id":"609917","name":"Fernwood Elementary School","url":"https://www.cps.edu/schools/schoolprofiles/609917","x":-87.64041,"y":41.71118}},{"type":"Feature","geometry":{"type":"Polygon","coordinates":[[[-87.5962,41.78052],[-87.59633,41.78601],[-87.59711,41.78597],[-87.59726,41.78597],[-87.59746,41.78597],[-87.59795,41.78596],[-87.59825,41.78596],[-87.59904,41.78595],[-87.59941,41.78595],[-87.59984,41.78594],[-87.60055,41.78593],[-87.6015,41.78593],[-87.60238,41.78592],[-87.60344,41.7859],[-87.60389,41.7859],[-87.60443,41.78589],[-87.60471,41.78589],[-87.60531,41.78588],[-87.60604,41.78587],[-87.60972,41.78581],[-87.61092,41.78579],[-87.61187,41.78577],[-87.61244,41.78576],[-87.613,41.78575],[-87.61446,41.78573],[-87.6147,41.78572],[-87.61557,41.7857],[-87.61576,41.7857],[-87.61575,41.78518],[-87.61574,41.78503],[-87.61574,41.78477],[-87.61572,41.78428],[-87.61571,41.78358],[-87.61569,41.78289],[-87.61568,41.78224],[-87.61566,41.78163],[-87.61564,41.78103],[-87.61564,41.78076],[-87.61563,41.78058],[-87.61563,41.78056],[-87.61563,41.78044],[-87.61562,41.78024],[-87.61321,41.78028],[-87.60694,41.7804],[-87.60289,41.78045],[-87.5962,41.78052]]]},"properties":{"level":"es","grades":"K–8","id":"609919","name":"John Fiske Elementary School","url":"https://www.cps.edu/schools/schoolprofiles/609919","x":-87.60863,"y":41.78518}},{"type":"Feature","geometry":{"type":"Polygon","coordinates":[[[-87.70258,41.84455],[-87.70281,41.8518],[-87.70525,41.85177],[-87.7089,41.85172],[-87.70869,41.84447],[-87.7084,41.84447],[-87.70808,41.84447],[-87.70788,41.84448],[-87.70687,41.84449],[-87.70626,41.8445],[-87.70578,41.84451],[-87.70549,41.84451],[-87.70518,41.84452],[-87.70475,41.84452],[-87.70443,41.84452],[-87.70405,41.84453],[-87.7034,41.84454],[-87.70319,41.84454],[-87.70267,41.84454],[-87.70258,41.84455]]]},"properties":{"level":"es","grades":"K–8","id":"609920","name":"Gerald Delgado Kanoon Elementary Magnet School","url":"https://www.cps.edu/schools/schoolprofiles/609920","x":-87.70511,"y":41.85077}},{"type":"Feature","geometry":{"type":"Polygon","coordinates":[[[-87.69527,41.84645],[-87.6954,41.85008],[-87.69904,41.85003],[-87.69898,41.84816],[-87.69856,41.84784],[-87.69779,41.84785],[-87.69775,41.84642],[-87.69527,41.84645]]]},"properties":{"level":"es","grades":"K–8","id":"609921","name":"Telpochcalli Elementary School","url":"https://www.cps.edu/schools/schoolprofiles/609921","x":-87.69601,"y":41.84795}},{"type":"Feature","geometry":{"type":"Polygon","coordinates":[[[-87.65299,41.72316],[-87.6531,41.72747],[-87.65312,41.72815],[-87.65313,41.72864],[-87.65313,41.72892],[-87.65323,41.73219],[-87.65809,41.7321],[-87.6582,41.73586],[-87.65986,41.73584],[-87.66063,41.73583],[-87.66185,41.73581],[-87.66258,41.7358],[-87.66307,41.73579],[-87.66296,41.73201],[-87.66453,41.73153],[-87.66548,41.73098],[-87.66603,41.73051],[-87.66669,41.72961],[-87.66702,41.72842],[-87.66675,41.72795],[-87.66631,41.72708],[-87.66618,41.72682],[-87.66567,41.72582],[-87.66538,41.72524],[-87.66475,41.72399],[-87.6647,41.7239],[-87.66274,41.72393],[-87.66268,41.72122],[-87.65781,41.72128],[-87.65786,41.7231],[-87.65299,41.72316]]]},"properties":{"level":"es","grades":"K–8","id":"609924","name":"Fort Dearborn Elementary School","url":"https://www.cps.edu/schools/schoolprofiles/609924","x":-87.65548,"y":41.72967}},{"type":"Feature","geometry":{"type":"Polygon","coordinates":[[[-87.66307,41.73579],[-87.66325,41.74308],[-87.67296,41.74294],[-87.68268,41.74282],[-87.68251,41.73553],[-87.68163,41.73554],[-87.6789,41.73558],[-87.67845,41.73558],[-87.67758,41.73559],[-87.6772,41.7356],[-87.67613,41.73561],[-87.67583,41.73562],[-87.67308,41.73566],[-87.67279,41.73565],[-87.67262,41.73554],[-87.67228,41.73513],[-87.67222,41.73505],[-87.67196,41.73474],[-87.67188,41.73464],[-87.67111,41.73376],[-87.67074,41.73334],[-87.67012,41.7326],[-87.66937,41.73171],[-87.66909,41.73138],[-87.6688,41.73106],[-87.66862,41.73084],[-87.66818,41.7303],[-87.66795,41.72861],[-87.66702,41.72842],[-87.66669,41.72961],[-87.66603,41.73051],[-87.66548,41.73098],[-87.66453,41.73153],[-87.66296,41.73201],[-87.66307,41.73579]]]},"properties":{"level":"es","grades":"K–8","id":"609927","name":"Foster Park Elementary School","url":"https://www.cps.edu/schools/schoolprofiles/609927","x":-87.6681,"y":41.73842}},{"type":"Feature","geometry":{"type":"Polygon","coordinates":[[[-87.59785,41.82645],[-87.5987,41.82706],[-87.59903,41.82728],[-87.59921,41.82739],[-87.59958,41.82766],[-87.59997,41.82793],[-87.60016,41.82816],[-87.6008,41.82891],[-87.60113,41.82933],[-87.60572,41.8289],[-87.60748,41.82813],[-87.60883,41.82772],[-87.60836,41.82682],[-87.61047,41.82663],[-87.61443,41.82657],[-87.61436,41.82387],[-87.617,41.82383],[-87.6169,41.82023],[-87.61989,41.82019],[-87.61984,41.81839],[-87.61684,41.81843],[-87.61683,41.81812],[-87.61681,41.81713],[-87.61679,41.81664],[-87.61409,41.81668],[-87.60885,41.81678],[-87.60406,41.81685],[-87.60416,41.81782],[-87.60421,41.81826],[-87.6043,41.81901],[-87.60437,41.81962],[-87.60442,41.82003],[-87.60443,41.82005],[-87.60444,41.82007],[-87.6045,41.82015],[-87.60487,41.82074],[-87.60533,41.82147],[-87.60591,41.82239],[-87.60687,41.82396],[-87.60575,41.82428],[-87.60571,41.82429],[-87.60565,41.8243],[-87.60563,41.82431],[-87.60556,41.82432],[-87.6055,41.82433],[-87.60507,41.82431],[-87.60461,41.82422],[-87.60431,41.82417],[-87.60425,41.82417],[-87.60418,41.82416],[-87.6041,41.82416],[-87.60406,41.82417],[-87.60398,41.82417],[-87.60247,41.82464],[-87.6018,41.82492],[-87.60092,41.8252],[-87.60076,41.8252],[-87.60028,41.82532],[-87.59985,41.82544],[-87.59963,41.8255],[-87.59757,41.82603],[-87.59758,41.82605],[-87.59764,41.82617],[-87.59785,41.82645]]]},"properties":{"level":"es","grades":"K–8","id":"609928","name":"James Farmer Jr Elementary School","url":"https://www.cps.edu/schools/schoolprofiles/609928","x":-87.61178,"y":41.818}},{"type":"Feature","geometry":{"type":"Polygon","coordinates":[[[-87.66477,41.80103],[-87.66478,41.80132],[-87.6654,41.80131],[-87.66621,41.8013],[-87.66656,41.8013],[-87.66721,41.8013],[-87.66758,41.80129],[-87.66826,41.80129],[-87.66872,41.80128],[-87.67045,41.80127],[-87.67107,41.80126],[-87.67162,41.80126],[-87.67208,41.80125],[-87.67261,41.80125],[-87.67269,41.80125],[-87.67329,41.80124],[-87.67368,41.80124],[-87.67392,41.80124],[-87.6751,41.80123],[-87.67557,41.80122],[-87.67582,41.80122],[-87.67633,41.80121],[-87.67671,41.80121],[-87.67694,41.8012],[-87.67757,41.8012],[-87.67907,41.80118],[-87.67956,41.80117],[-87.67978,41.80117],[-87.68367,41.80113],[-87.68348,41.79385],[-87.68291,41.79382],[-87.68229,41.79383],[-87.68155,41.79384],[-87.68102,41.79384],[-87.67983,41.79386],[-87.67952,41.79386],[-87.67943,41.79386],[-87.67926,41.79386],[-87.67919,41.79386],[-87.67891,41.79387],[-87.67831,41.79387],[-87.67737,41.79388],[-87.6754,41.79391],[-87.67281,41.79393],[-87.66458,41.79402],[-87.66463,41.79576],[-87.66468,41.79783],[-87.66473,41.79942],[-87.66474,41.79987],[-87.66474,41.80006],[-87.66476,41.8006],[-87.66477,41.80103]]]},"properties":{"level":"es","grades":"K–8","id":"609929","name":"Robert Fulton Elementary School","url":"https://www.cps.edu/schools/schoolprofiles/609929","x":-87.66844,"y":41.79758}},{"type":"Feature","geometry":{"type":"Polygon","coordinates":[[[-87.70697,41.9174],[-87.70703,41.91923],[-87.7103,41.91919],[-87.71036,41.92102],[-87.71179,41.92101],[-87.71199,41.921],[-87.7122,41.921],[-87.71362,41.92098],[-87.71356,41.91915],[-87.71927,41.91908],[-87.71916,41.91543],[-87.71906,41.91543],[-87.71794,41.91545],[-87.71685,41.91546],[-87.71658,41.91547],[-87.71522,41.91549],[-87.7151,41.91549],[-87.7144,41.91549],[-87.71358,41.9155],[-87.71334,41.91551],[-87.71186,41.91553],[-87.70861,41.91556],[-87.70867,41.91738],[-87.70697,41.9174]]]},"properties":{"level":"es","grades":"K–8","id":"609930","name":"Frederick Funston Elementary School","url":"https://www.cps.edu/schools/schoolprofiles/609930","x":-87.71689,"y":41.91762}},{"type":"Feature","geometry":{"type":"Polygon","coordinates":[[[-87.66491,42.0223],[-87.66514,42.02268],[-87.66512,42.02284],[-87.66517,42.02295],[-87.6654,42.02295],[-87.66543,42.02295],[-87.6672,42.02297],[-87.67231,42.02301],[-87.67697,42.02304],[-87.67705,42.02303],[-87.6769,42.02282],[-87.67677,42.02263],[-87.67671,42.02255],[-87.67653,42.02231],[-87.67607,42.02179],[-87.67572,42.0215],[-87.6755,42.02133],[-87.67507,42.02098],[-87.67456,42.02056],[-87.67452,42.02053],[-87.67376,42.01991],[-87.67318,42.01939],[-87.67347,42.01939],[-87.67353,42.01939],[-87.67373,42.01939],[-87.67372,42.01905],[-87.67304,42.01864],[-87.67306,42.01707],[-87.67254,42.01732],[-87.67252,42.01709],[-87.67246,42.01542],[-87.67245,42.01499],[-87.67244,42.01478],[-87.67243,42.01445],[-87.67241,42.01391],[-87.67241,42.0138],[-87.67138,42.01382],[-87.67011,42.01384],[-87.66825,42.01387],[-87.66807,42.01388],[-87.6673,42.01389],[-87.66675,42.0139],[-87.66644,42.01391],[-87.66548,42.01392],[-87.66463,42.01394],[-87.66363,42.01395],[-87.66241,42.01397],[-87.66162,42.01398],[-87.66171,42.01407],[-87.66176,42.01423],[-87.66179,42.01434],[-87.66194,42.01469],[-87.66207,42.01502],[-87.66209,42.0151],[-87.66212,42.01525],[-87.66212,42.01532],[-87.66213,42.01543],[-87.66218,42.01551],[-87.6622,42.01554],[-87.66225,42.0157],[-87.66231,42.01584],[-87.6623,42.01595],[-87.66229,42.01599],[-87.66222,42.0161],[-87.66204,42.0161],[-87.66198,42.01613],[-87.66197,42.01614],[-87.66199,42.01624],[-87.66212,42.01645],[-87.66221,42.01648],[-87.6623,42.0164],[-87.66235,42.01636],[-87.66247,42.0164],[-87.66259,42.0165],[-87.66262,42.01654],[-87.66272,42.01673],[-87.66279,42.01695],[-87.66282,42.01704],[-87.66294,42.01708],[-87.663,42.01708],[-87.66316,42.01716],[-87.66316,42.01722],[-87.66318,42.01728],[-87.66317,42.0173],[-87.66314,42.0175],[-87.66314,42.01756],[-87.66315,42.01772],[-87.66317,42.01773],[-87.66319,42.01777],[-87.66321,42.01778],[-87.66326,42.01781],[-87.66326,42.0179],[-87.66331,42.01799],[-87.66336,42.018],[-87.66341,42.01814],[-87.66342,42.01816],[-87.66334,42.01823],[-87.66327,42.0183],[-87.66324,42.01839],[-87.66326,42.01847],[-87.66328,42.01853],[-87.66337,42.01865],[-87.66349,42.01869],[-87.6636,42.01873],[-87.66371,42.01887],[-87.66385,42.0191],[-87.66386,42.01913],[-87.66387,42.0192],[-87.66387,42.01935],[-87.66377,42.01938],[-87.66365,42.01938],[-87.66388,42.01952],[-87.66389,42.01953],[-87.66393,42.01965],[-87.66398,42.02004],[-87.6639,42.02019],[-87.66379,42.02029],[-87.66381,42.02035],[-87.66379,42.02044],[-87.66384,42.02055],[-87.66386,42.02073],[-87.66405,42.02131],[-87.66419,42.02126],[-87.66461,42.02165],[-87.66461,42.0218],[-87.6646,42.02189],[-87.66461,42.02193],[-87.66474,42.02218],[-87.66476,42.02222],[-87.66491,42.0223]]]},"properties":{"level":"es","grades":"K–8","id":"609933","name":"Stephen F Gale Elementary Community Academy","url":"https://www.cps.edu/schools/schoolprofiles/609933","x":-87.67194,"y":42.02109}},{"type":"Feature","geometry":{"type":"Polygon","coordinates":[[[-87.5304,41.70824],[-87.53066,41.70853],[-87.53588,41.71337],[-87.53649,41.71388],[-87.54244,41.71382],[-87.5426,41.71288],[-87.54261,41.7114],[-87.54267,41.71095],[-87.54277,41.71072],[-87.54306,41.71026],[-87.54317,41.7101],[-87.54328,41.70985],[-87.5439,41.70919],[-87.54459,41.70868],[-87.54527,41.70814],[-87.54579,41.70747],[-87.54585,41.7064],[-87.54588,41.70558],[-87.54563,41.70464],[-87.54566,41.70338],[-87.5459,41.70277],[-87.54377,41.70276],[-87.54378,41.70095],[-87.53891,41.70094],[-87.53891,41.70458],[-87.53287,41.70456],[-87.53287,41.70822],[-87.5304,41.70824]]]},"properties":{"level":"es","grades":"K–8","id":"609935","name":"Matthew Gallistel Elementary Language Academy","url":"https://www.cps.edu/schools/schoolprofiles/609935","x":-87.53517,"y":41.7068}},{"type":"Feature","geometry":{"type":"Polygon","coordinates":[[[-87.78774,41.98262],[-87.79142,41.9826],[-87.79492,41.98255],[-87.80694,41.98247],[-87.80694,41.98191],[-87.80464,41.98193],[-87.80473,41.97551],[-87.80706,41.97549],[-87.80707,41.97454],[-87.80706,41.97434],[-87.80707,41.97386],[-87.80706,41.9732],[-87.80707,41.97288],[-87.80708,41.97268],[-87.80708,41.97236],[-87.80709,41.97212],[-87.80709,41.97178],[-87.80709,41.97152],[-87.80709,41.97138],[-87.8071,41.97091],[-87.8071,41.97077],[-87.80711,41.9705],[-87.80711,41.97037],[-87.80711,41.97007],[-87.80712,41.96985],[-87.80715,41.96918],[-87.80715,41.96889],[-87.80716,41.96827],[-87.80684,41.96827],[-87.80619,41.96828],[-87.80603,41.96828],[-87.80591,41.96828],[-87.80472,41.96828],[-87.80397,41.96829],[-87.80388,41.96829],[-87.80373,41.96829],[-87.80313,41.96829],[-87.80284,41.96829],[-87.8027,41.9683],[-87.80253,41.96848],[-87.80253,41.96866],[-87.80253,41.96872],[-87.8024,41.96878],[-87.80145,41.96878],[-87.80075,41.96878],[-87.80012,41.96879],[-87.79959,41.96879],[-87.79949,41.96879],[-87.79879,41.9688],[-87.79828,41.9688],[-87.79782,41.9688],[-87.79743,41.96881],[-87.79712,41.96881],[-87.79706,41.96881],[-87.79661,41.96881],[-87.79649,41.96881],[-87.7964,41.96881],[-87.79631,41.96881],[-87.79626,41.96882],[-87.79616,41.96882],[-87.79599,41.96882],[-87.79585,41.96882],[-87.79561,41.96882],[-87.79551,41.96882],[-87.79534,41.96882],[-87.79528,41.96882],[-87.7947,41.96883],[-87.79418,41.96883],[-87.79406,41.96883],[-87.79349,41.96884],[-87.79298,41.96884],[-87.79228,41.96885],[-87.79222,41.96885],[-87.79164,41.96886],[-87.79152,41.96886],[-87.79107,41.96886],[-87.79055,41.96887],[-87.79031,41.96887],[-87.78985,41.96887],[-87.78972,41.96887],[-87.78922,41.96888],[-87.78864,41.96888],[-87.78812,41.96889],[-87.78801,41.96858],[-87.78801,41.96841],[-87.78755,41.96841],[-87.78693,41.96843],[-87.78677,41.96843],[-87.78675,41.96833],[-87.78675,41.96822],[-87.78675,41.96795],[-87.78676,41.96778],[-87.78676,41.96763],[-87.78675,41.96749],[-87.78196,41.96755],[-87.78184,41.97434],[-87.7859,41.97566],[-87.78787,41.97565],[-87.78774,41.98262]]]},"properties":{"level":"es","grades":"K–8","id":"609937","name":"John W Garvy Elementary School","url":"https://www.cps.edu/schools/schoolprofiles/609937","x":-87.79623,"y":41.97635}},{"type":"Feature","geometry":{"type":"Polygon","coordinates":[[[-87.60949,41.72928],[-87.60995,41.72927],[-87.6111,41.72925],[-87.61192,41.72924],[-87.61292,41.72922],[-87.61349,41.72921],[-87.61434,41.7292],[-87.61436,41.72994],[-87.61436,41.73011],[-87.61438,41.73076],[-87.61439,41.73135],[-87.6144,41.73149],[-87.61442,41.73245],[-87.61444,41.73331],[-87.61446,41.7341],[-87.61448,41.73468],[-87.6145,41.7356],[-87.61451,41.73605],[-87.61451,41.73606],[-87.61453,41.7365],[-87.62182,41.7364],[-87.62416,41.7363],[-87.62499,41.73628],[-87.62489,41.73325],[-87.62479,41.72903],[-87.62567,41.72902],[-87.62647,41.72991],[-87.63385,41.72981],[-87.63393,41.72887],[-87.6337,41.72881],[-87.6335,41.72159],[-87.63372,41.72159],[-87.63364,41.71795],[-87.62858,41.71802],[-87.62853,41.71507],[-87.62694,41.71522],[-87.62571,41.71525],[-87.62415,41.71497],[-87.62341,41.71467],[-87.62327,41.71496],[-87.62388,41.71559],[-87.62459,41.71673],[-87.62492,41.71812],[-87.62491,41.71876],[-87.62467,41.72014],[-87.62459,41.72162],[-87.62261,41.72175],[-87.61414,41.72189],[-87.60505,41.72204],[-87.60369,41.72204],[-87.6035,41.72287],[-87.60557,41.72334],[-87.60669,41.72375],[-87.60973,41.72524],[-87.60919,41.72584],[-87.60941,41.72609],[-87.60949,41.72928]]]},"properties":{"level":"es","grades":"K–8","id":"609939","name":"Frank L Gillespie Elementary School","url":"https://www.cps.edu/schools/schoolprofiles/609939","x":-87.62372,"y":41.72533}},{"type":"Feature","geometry":{"type":"Polygon","coordinates":[[[-87.6636,41.75754],[-87.66375,41.76408],[-87.6639,41.76855],[-87.67872,41.76838],[-87.67871,41.76821],[-87.67871,41.76798],[-87.6787,41.76773],[-87.6787,41.76756],[-87.67869,41.76733],[-87.67868,41.76711],[-87.67868,41.76687],[-87.67867,41.76674],[-87.67867,41.76654],[-87.67867,41.7664],[-87.67866,41.7662],[-87.67865,41.76584],[-87.67865,41.7657],[-87.67864,41.76546],[-87.67864,41.76526],[-87.67863,41.76489],[-87.67863,41.76477],[-87.67863,41.76476],[-87.67863,41.76475],[-87.67862,41.76459],[-87.67861,41.76421],[-87.67859,41.76321],[-87.67857,41.7628],[-87.67857,41.76247],[-87.67855,41.76202],[-87.67855,41.76183],[-87.67851,41.76032],[-87.6785,41.75995],[-87.67849,41.75964],[-87.67847,41.75892],[-87.67846,41.75845],[-87.67844,41.75797],[-87.67844,41.75773],[-87.67843,41.75737],[-87.6777,41.75738],[-87.67726,41.75739],[-87.67701,41.75739],[-87.67659,41.75739],[-87.67563,41.7574],[-87.67506,41.75741],[-87.67474,41.75741],[-87.67399,41.75742],[-87.67352,41.75743],[-87.67342,41.75743],[-87.67331,41.75743],[-87.67323,41.75743],[-87.67293,41.75744],[-87.67259,41.75744],[-87.67173,41.75745],[-87.67059,41.75747],[-87.67007,41.75747],[-87.66877,41.75748],[-87.66836,41.75749],[-87.66793,41.75749],[-87.66731,41.7575],[-87.66607,41.75751],[-87.66454,41.75753],[-87.66387,41.75754],[-87.66371,41.75754],[-87.66363,41.75754],[-87.6636,41.75754]]]},"properties":{"level":"es","grades":"K–8","id":"609941","name":"Asa Philip Randolph Elementary School","url":"https://www.cps.edu/schools/schoolprofiles/609941","x":-87.67597,"y":41.76061}},{"type":"Feature","geometry":{"type":"Polygon","coordinates":[[[-87.68739,41.91681],[-87.68771,41.92672],[-87.69746,41.92663],[-87.69741,41.92481],[-87.7004,41.92478],[-87.69736,41.92291],[-87.68835,41.91741],[-87.68739,41.91681]]]},"properties":{"level":"es","grades":"K–8","id":"609942","name":"Johann W von Goethe Elementary School","url":"https://www.cps.edu/schools/schoolprofiles/609942","x":-87.6929,"y":41.92283}},{"type":"Feature","geometry":{"type":"Polygon","coordinates":[[[-87.54522,41.67358],[-87.54957,41.67359],[-87.55236,41.67366],[-87.55277,41.673],[-87.55381,41.67225],[-87.55486,41.67183],[-87.55756,41.67018],[-87.56144,41.66785],[-87.56396,41.66612],[-87.56521,41.66584],[-87.56571,41.66557],[-87.56709,41.66434],[-87.56774,41.66332],[-87.56926,41.66289],[-87.5712,41.66219],[-87.57185,41.66227],[-87.57198,41.66106],[-87.57254,41.65947],[-87.57256,41.6592],[-87.56085,41.65916],[-87.55807,41.6592],[-87.558,41.65814],[-87.55781,41.65787],[-87.55476,41.6553],[-87.55265,41.65363],[-87.55201,41.65369],[-87.55198,41.65918],[-87.54664,41.65915],[-87.54622,41.65934],[-87.54516,41.65925],[-87.54599,41.66032],[-87.54633,41.66101],[-87.5465,41.66209],[-87.54653,41.66963],[-87.54545,41.67226],[-87.54522,41.67358]]]},"properties":{"level":"es","grades":"K–8","id":"609944","name":"Virgil Grissom Elementary School","url":"https://www.cps.edu/schools/schoolprofiles/609944","x":-87.55331,"y":41.66248}},{"type":"Feature","geometry":{"type":"Polygon","coordinates":[[[-87.65061,41.98356],[-87.65058,41.9837],[-87.65054,41.98383],[-87.65239,41.98388],[-87.65499,41.98383],[-87.65599,41.98369],[-87.66007,41.98362],[-87.65987,41.97632],[-87.65974,41.97146],[-87.65946,41.97151],[-87.65628,41.97156],[-87.65633,41.97329],[-87.65493,41.97331],[-87.65496,41.9743],[-87.65137,41.97435],[-87.65215,41.97644],[-87.65082,41.97652],[-87.6494,41.97685],[-87.64865,41.97674],[-87.64836,41.97698],[-87.6471,41.97648],[-87.64628,41.97647],[-87.64636,41.97688],[-87.64638,41.97698],[-87.64639,41.97705],[-87.64646,41.9772],[-87.64666,41.97744],[-87.64613,41.97783],[-87.64657,41.97756],[-87.64676,41.97752],[-87.64704,41.97767],[-87.64707,41.97768],[-87.64734,41.97776],[-87.64746,41.97778],[-87.64754,41.97778],[-87.64808,41.97806],[-87.64825,41.97832],[-87.64857,41.97865],[-87.649,41.97919],[-87.64959,41.97988],[-87.65033,41.98118],[-87.65038,41.98135],[-87.65049,41.98159],[-87.65073,41.98214],[-87.65074,41.98231],[-87.65074,41.98232],[-87.65074,41.98248],[-87.65074,41.98269],[-87.65072,41.98286],[-87.65071,41.98303],[-87.65065,41.98338],[-87.65061,41.98356]]]},"properties":{"level":"es","grades":"K–8","id":"609945","name":"William C. Goudy Technology Academy","url":"https://www.cps.edu/schools/schoolprofiles/609945","x":-87.65791,"y":41.97582}},{"type":"Feature","geometry":{"type":"Polygon","coordinates":[[[-87.63087,41.80916],[-87.63083,41.80928],[-87.63067,41.80958],[-87.63046,41.80988],[-87.63039,41.81001],[-87.63019,41.81031],[-87.62994,41.81069],[-87.62978,41.81094],[-87.62963,41.81119],[-87.62957,41.8113],[-87.62937,41.81166],[-87.62934,41.81343],[-87.62935,41.81385],[-87.6294,41.81532],[-87.62944,41.81642],[-87.62944,41.81645],[-87.62986,41.81644],[-87.63046,41.81643],[-87.63119,41.81642],[-87.63117,41.81551],[-87.63469,41.81546],[-87.63472,41.81637],[-87.6351,41.81636],[-87.6359,41.81635],[-87.636,41.81635],[-87.63752,41.81632],[-87.63746,41.81451],[-87.64326,41.8144],[-87.64327,41.81485],[-87.64569,41.81482],[-87.64563,41.81249],[-87.65525,41.81237],[-87.6552,41.81071],[-87.65524,41.80873],[-87.6504,41.8088],[-87.64554,41.80886],[-87.64544,41.80522],[-87.64099,41.8053],[-87.6406,41.80543],[-87.64068,41.80895],[-87.6358,41.80905],[-87.63554,41.80905],[-87.63475,41.80907],[-87.63438,41.80908],[-87.63394,41.80908],[-87.63258,41.8091],[-87.63185,41.80913],[-87.63122,41.80915],[-87.63087,41.80916]]]},"properties":{"level":"es","grades":"K–8","id":"609947","name":"Alexander Graham Elementary School","url":"https://www.cps.edu/schools/schoolprofiles/609947","x":-87.64334,"y":41.8133}},{"type":"Feature","geometry":{"type":"Polygon","coordinates":[[[-87.74266,41.95056],[-87.74273,41.95311],[-87.74292,41.95347],[-87.7473,41.95342],[-87.74729,41.95247],[-87.76204,41.9523],[-87.76451,41.95232],[-87.76697,41.95224],[-87.767,41.95318],[-87.77189,41.95312],[-87.77182,41.95127],[-87.77671,41.95121],[-87.77657,41.94759],[-87.76682,41.9477],[-87.7668,41.94701],[-87.76678,41.94644],[-87.76676,41.94588],[-87.7664,41.94588],[-87.76592,41.94589],[-87.76491,41.9459],[-87.76407,41.94591],[-87.76272,41.94593],[-87.76184,41.94594],[-87.76182,41.94548],[-87.76178,41.94426],[-87.7612,41.94412],[-87.7603,41.94413],[-87.75958,41.94414],[-87.75764,41.94417],[-87.75686,41.94418],[-87.75685,41.94372],[-87.75684,41.94358],[-87.75684,41.94338],[-87.75682,41.94299],[-87.75681,41.94235],[-87.75374,41.94239],[-87.75261,41.9424],[-87.7519,41.94241],[-87.75191,41.94271],[-87.75192,41.94333],[-87.75193,41.9434],[-87.75194,41.94383],[-87.75195,41.94424],[-87.74959,41.94427],[-87.74863,41.94428],[-87.74765,41.94429],[-87.74701,41.9443],[-87.74706,41.94612],[-87.74253,41.94618],[-87.74266,41.95056]]]},"properties":{"level":"es","grades":"K–8","id":"609949","name":"William P Gray Elementary School","url":"https://www.cps.edu/schools/schoolprofiles/609949","x":-87.75712,"y":41.94876}},{"type":"Feature","geometry":{"type":"Polygon","coordinates":[[[-87.71098,41.83895],[-87.71099,41.8393],[-87.711,41.83969],[-87.71101,41.8401],[-87.71104,41.84109],[-87.71105,41.84148],[-87.71106,41.84169],[-87.71107,41.84208],[-87.71108,41.84272],[-87.71111,41.84361],[-87.71112,41.84391],[-87.71113,41.84443],[-87.71177,41.84442],[-87.71195,41.84442],[-87.71214,41.84442],[-87.71262,41.84441],[-87.71296,41.84441],[-87.71357,41.8444],[-87.71418,41.84439],[-87.71543,41.84438],[-87.71571,41.84437],[-87.71601,41.84437],[-87.71601,41.84424],[-87.71598,41.84353],[-87.71598,41.84334],[-87.71596,41.84253],[-87.71647,41.84253],[-87.71674,41.84252],[-87.71718,41.84252],[-87.71753,41.84251],[-87.71787,41.8425],[-87.71841,41.8425],[-87.71902,41.84249],[-87.71945,41.84248],[-87.72084,41.84246],[-87.72135,41.84245],[-87.72287,41.84243],[-87.72328,41.84243],[-87.72327,41.84186],[-87.72326,41.84158],[-87.72324,41.8408],[-87.72322,41.8404],[-87.72321,41.83989],[-87.7232,41.83942],[-87.72319,41.83926],[-87.72318,41.83885],[-87.72353,41.83874],[-87.72379,41.83873],[-87.72398,41.83873],[-87.7244,41.83872],[-87.72438,41.83814],[-87.72437,41.83777],[-87.72436,41.83731],[-87.72435,41.83702],[-87.72434,41.83645],[-87.72434,41.83642],[-87.72433,41.83611],[-87.72432,41.83572],[-87.72431,41.83521],[-87.72431,41.83488],[-87.72429,41.83402],[-87.72428,41.83359],[-87.72428,41.83348],[-87.72427,41.83313],[-87.72427,41.83293],[-87.72425,41.83226],[-87.72424,41.83171],[-87.72423,41.83122],[-87.72422,41.83096],[-87.72421,41.83062],[-87.72418,41.82925],[-87.72418,41.82886],[-87.72417,41.82866],[-87.72416,41.82778],[-87.72414,41.8272],[-87.72413,41.82662],[-87.72413,41.82659],[-87.72412,41.82595],[-87.72412,41.8256],[-87.72175,41.82625],[-87.72165,41.82627],[-87.72127,41.8264],[-87.7207,41.8266],[-87.71946,41.82698],[-87.71927,41.82704],[-87.7156,41.82822],[-87.7152,41.82834],[-87.71456,41.82857],[-87.71455,41.82857],[-87.71444,41.82861],[-87.70845,41.83046],[-87.7068,41.83097],[-87.70467,41.83164],[-87.70467,41.83181],[-87.70468,41.83219],[-87.70468,41.83224],[-87.70469,41.83259],[-87.70469,41.83287],[-87.70471,41.83338],[-87.70471,41.83348],[-87.70472,41.83368],[-87.70473,41.83402],[-87.70476,41.83527],[-87.70478,41.83569],[-87.7048,41.83623],[-87.70482,41.83723],[-87.70593,41.83721],[-87.70675,41.83719],[-87.70728,41.83718],[-87.70816,41.83717],[-87.70849,41.83717],[-87.70881,41.83716],[-87.70971,41.83715],[-87.70972,41.83768],[-87.70974,41.83821],[-87.70975,41.83869],[-87.70976,41.83897],[-87.71027,41.83896],[-87.71052,41.83896],[-87.71098,41.83895]]]},"properties":{"level":"es","grades":"K–2","id":"609950","name":"Josefa Ortiz De Dominguez Elementary School","url":"https://www.cps.edu/schools/schoolprofiles/609950","x":-87.71719,"y":41.83879}},{"type":"Feature","geometry":{"type":"Polygon","coordinates":[[[-87.66405,41.8387],[-87.66438,41.83925],[-87.66441,41.8393],[-87.66456,41.83984],[-87.66489,41.8394],[-87.66563,41.83904],[-87.66604,41.83918],[-87.66803,41.83782],[-87.66826,41.83782],[-87.67042,41.8363],[-87.67065,41.83584],[-87.67116,41.83583],[-87.67283,41.83468],[-87.6731,41.83415],[-87.67381,41.83396],[-87.67523,41.83307],[-87.67534,41.83291],[-87.67509,41.82311],[-87.66826,41.82319],[-87.66546,41.82315],[-87.66491,41.82316],[-87.66312,41.82318],[-87.66195,41.82319],[-87.66102,41.8232],[-87.66019,41.82321],[-87.65998,41.82321],[-87.65996,41.8236],[-87.65996,41.82363],[-87.65996,41.82366],[-87.65995,41.82369],[-87.65995,41.82372],[-87.65995,41.82373],[-87.65994,41.82376],[-87.65992,41.8238],[-87.6599,41.82386],[-87.65988,41.8239],[-87.65983,41.82397],[-87.65981,41.82401],[-87.65977,41.82408],[-87.65971,41.8242],[-87.65948,41.82502],[-87.65935,41.82603],[-87.65933,41.82651],[-87.65932,41.82731],[-87.65931,41.82866],[-87.65931,41.82922],[-87.6593,41.83058],[-87.65739,41.8306],[-87.6574,41.83108],[-87.65743,41.8312],[-87.65866,41.83256],[-87.65919,41.83312],[-87.66035,41.83437],[-87.66129,41.83486],[-87.66249,41.83614],[-87.66317,41.83698],[-87.66344,41.83781],[-87.66389,41.83846],[-87.66404,41.83869],[-87.66405,41.8387]]]},"properties":{"level":"es","grades":"K–5","id":"609952","name":"Nathanael Greene Elementary School","url":"https://www.cps.edu/schools/schoolprofiles/609952","x":-87.67149,"y":41.82967}},{"type":"Feature","geometry":{"type":"Polygon","coordinates":[[[-87.70573,41.86822],[-87.70584,41.87168],[-87.70592,41.87381],[-87.70592,41.87392],[-87.70592,41.87414],[-87.70593,41.87426],[-87.70606,41.87424],[-87.70624,41.87421],[-87.70638,41.87419],[-87.7069,41.87412],[-87.7086,41.87395],[-87.70892,41.87394],[-87.70985,41.87392],[-87.71068,41.87391],[-87.71198,41.87389],[-87.71293,41.87388],[-87.71417,41.87387],[-87.71494,41.87386],[-87.71556,41.87385],[-87.71584,41.87384],[-87.71607,41.87384],[-87.71613,41.87384],[-87.71801,41.87382],[-87.71839,41.87381],[-87.71978,41.87379],[-87.71987,41.87379],[-87.72016,41.87379],[-87.72037,41.87378],[-87.72037,41.8737],[-87.72037,41.87352],[-87.72298,41.87346],[-87.72295,41.87257],[-87.72285,41.86984],[-87.72531,41.86981],[-87.72527,41.86847],[-87.71549,41.86858],[-87.71062,41.86864],[-87.7106,41.86817],[-87.70573,41.86822]]]},"properties":{"level":"es","grades":"K–8","id":"609954","name":"John Milton Gregory Elementary School","url":"https://www.cps.edu/schools/schoolprofiles/609954","x":-87.71867,"y":41.87074}},{"type":"Feature","geometry":{"type":"Polygon","coordinates":[[[-87.64383,41.74336],[-87.64399,41.74882],[-87.64884,41.74875],[-87.64879,41.74693],[-87.65,41.74691],[-87.64995,41.74509],[-87.65116,41.74507],[-87.65101,41.73961],[-87.65344,41.73958],[-87.65339,41.73775],[-87.65334,41.73594],[-87.65278,41.73594],[-87.65092,41.73597],[-87.65001,41.73598],[-87.6497,41.73599],[-87.64887,41.736],[-87.64849,41.736],[-87.64764,41.73601],[-87.64691,41.73603],[-87.64624,41.73604],[-87.64517,41.73605],[-87.64497,41.73658],[-87.64365,41.73731],[-87.64383,41.74336]]]},"properties":{"level":"es","grades":"K–8","id":"609955","name":"Walter Q Gresham Elementary School","url":"https://www.cps.edu/schools/schoolprofiles/609955","x":-87.64503,"y":41.73892}},{"type":"Feature","geometry":{"type":"Polygon","coordinates":[[[-87.76128,41.77439],[-87.76083,41.7744],[-87.75816,41.77445],[-87.75673,41.77448],[-87.75494,41.77452],[-87.75441,41.77453],[-87.75186,41.77457],[-87.75068,41.7746],[-87.75064,41.7746],[-87.74889,41.77463],[-87.74704,41.77467],[-87.7465,41.77468],[-87.74583,41.77469],[-87.74541,41.7747],[-87.74503,41.77471],[-87.74418,41.77473],[-87.744,41.77473],[-87.74392,41.77473],[-87.74339,41.77474],[-87.74286,41.77475],[-87.74269,41.77476],[-87.74217,41.77478],[-87.74223,41.77661],[-87.73857,41.77665],[-87.73862,41.77847],[-87.74229,41.77843],[-87.74306,41.77842],[-87.74435,41.77839],[-87.74504,41.77838],[-87.74551,41.77837],[-87.74682,41.77834],[-87.7479,41.77832],[-87.74836,41.77831],[-87.74883,41.7783],[-87.74956,41.77829],[-87.74969,41.77829],[-87.75035,41.77827],[-87.75095,41.77826],[-87.7515,41.77825],[-87.75201,41.77824],[-87.75255,41.77823],[-87.75296,41.77822],[-87.75314,41.77822],[-87.75322,41.77822],[-87.75342,41.77821],[-87.75377,41.77821],[-87.75433,41.7782],[-87.75493,41.77818],[-87.75565,41.77817],[-87.7558,41.77817],[-87.75636,41.77816],[-87.75726,41.77814],[-87.75817,41.77812],[-87.75843,41.77812],[-87.75891,41.77811],[-87.76004,41.77809],[-87.76071,41.77807],[-87.76104,41.77807],[-87.76171,41.77805],[-87.76168,41.77694],[-87.76166,41.77634],[-87.76163,41.77547],[-87.76161,41.77517],[-87.76159,41.77456],[-87.76159,41.77448],[-87.76158,41.77439],[-87.76128,41.77439]]]},"properties":{"level":"es","grades":"K–8","id":"609956","name":"Robert L Grimes Elementary School","url":"https://www.cps.edu/schools/schoolprofiles/609956","x":-87.7588,"y":41.77546}},{"type":"Feature","geometry":{"type":"Polygon","coordinates":[[[-87.63088,41.84742],[-87.63033,41.84989],[-87.63049,41.85072],[-87.63101,41.85153],[-87.63104,41.85287],[-87.63006,41.85288],[-87.63013,41.85418],[-87.63095,41.85419],[-87.63107,41.85776],[-87.6341,41.85772],[-87.63468,41.85772],[-87.63494,41.85772],[-87.63516,41.85772],[-87.63532,41.85723],[-87.63616,41.85629],[-87.63695,41.85569],[-87.63716,41.85511],[-87.63746,41.85501],[-87.6375,41.85484],[-87.63722,41.8545],[-87.63717,41.85282],[-87.6371,41.8509],[-87.63699,41.84748],[-87.63699,41.84736],[-87.63685,41.84736],[-87.6366,41.84736],[-87.63623,41.84737],[-87.63431,41.84744],[-87.63192,41.84753],[-87.63088,41.84742]]]},"properties":{"level":"es","grades":"K–8","id":"609959","name":"John Charles Haines Elementary School","url":"https://www.cps.edu/schools/schoolprofiles/609959","x":-87.63381,"y":41.84996}},{"type":"Feature","geometry":{"type":"Polygon","coordinates":[[[-87.76171,41.77805],[-87.76172,41.77824],[-87.76175,41.77899],[-87.76178,41.77942],[-87.7618,41.78002],[-87.76182,41.78049],[-87.76183,41.7807],[-87.76187,41.78172],[-87.7619,41.78242],[-87.76193,41.78316],[-87.76194,41.78331],[-87.76196,41.78391],[-87.76197,41.7841],[-87.76201,41.78502],[-87.76202,41.78533],[-87.76203,41.78552],[-87.76206,41.78642],[-87.76207,41.78674],[-87.76209,41.78724],[-87.76209,41.78725],[-87.76423,41.7872],[-87.76432,41.78631],[-87.76481,41.7854],[-87.76551,41.78479],[-87.76685,41.78421],[-87.76788,41.78395],[-87.78149,41.7837],[-87.78112,41.77401],[-87.7804,41.77403],[-87.77901,41.77406],[-87.779,41.77406],[-87.7787,41.77406],[-87.77867,41.77406],[-87.77825,41.77407],[-87.77666,41.7741],[-87.77623,41.77411],[-87.7757,41.77412],[-87.77517,41.77413],[-87.77512,41.77413],[-87.77428,41.77415],[-87.77403,41.77416],[-87.77401,41.77416],[-87.77372,41.77416],[-87.77199,41.7742],[-87.77184,41.7742],[-87.77148,41.7742],[-87.77147,41.7742],[-87.77108,41.77421],[-87.77078,41.77422],[-87.76732,41.77429],[-87.76477,41.77434],[-87.76286,41.77438],[-87.76258,41.77438],[-87.76227,41.77438],[-87.76218,41.77439],[-87.76182,41.77439],[-87.76158,41.77439],[-87.76159,41.77448],[-87.76159,41.77456],[-87.76161,41.77517],[-87.76163,41.77547],[-87.76166,41.77634],[-87.76168,41.77694],[-87.76171,41.77805]]]},"properties":{"level":"es","grades":"K–8","id":"609960","name":"Nathan Hale Elementary School","url":"https://www.cps.edu/schools/schoolprofiles/609960","x":-87.77658,"y":41.78019}},{"type":"Feature","geometry":{"type":"Polygon","coordinates":[[[-87.54975,41.74104],[-87.55039,41.74174],[-87.55138,41.74256],[-87.5516,41.74356],[-87.55164,41.74457],[-87.5517,41.74718],[-87.55173,41.74872],[-87.55173,41.74912],[-87.55174,41.74962],[-87.55175,41.75002],[-87.55175,41.75011],[-87.55184,41.75011],[-87.55287,41.75009],[-87.55443,41.75007],[-87.55529,41.75006],[-87.55528,41.74957],[-87.55526,41.74824],[-87.55586,41.74823],[-87.55647,41.74822],[-87.55829,41.7482],[-87.55944,41.74819],[-87.5595,41.74818],[-87.56011,41.74818],[-87.5601,41.74763],[-87.56008,41.74636],[-87.55802,41.74639],[-87.55765,41.74639],[-87.55763,41.74545],[-87.55763,41.74501],[-87.55762,41.74457],[-87.55883,41.74456],[-87.55875,41.73911],[-87.55632,41.73914],[-87.55635,41.74096],[-87.54975,41.74104]]]},"properties":{"level":"es","grades":"K–8","id":"609961","name":"Ninos Heroes Elementary Academic Center","url":"https://www.cps.edu/schools/schoolprofiles/609961","x":-87.55186,"y":41.74375}},{"type":"Feature","geometry":{"type":"Polygon","coordinates":[[[-87.65912,41.94532],[-87.66397,41.94524],[-87.66402,41.94707],[-87.66765,41.94701],[-87.66769,41.94883],[-87.67134,41.94878],[-87.67143,41.95243],[-87.67416,41.9524],[-87.6775,41.95235],[-87.67498,41.94874],[-87.67618,41.94872],[-87.676,41.94233],[-87.67396,41.94236],[-87.67394,41.94145],[-87.65902,41.94166],[-87.65912,41.94532]]]},"properties":{"level":"es","grades":"K–8","id":"609963","name":"Alexander Hamilton Elementary School","url":"https://www.cps.edu/schools/schoolprofiles/609963","x":-87.67087,"y":41.94522}},{"type":"Feature","geometry":{"type":"Polygon","coordinates":[[[-87.6504,41.8088],[-87.65524,41.80873],[-87.6552,41.81071],[-87.65525,41.81237],[-87.65856,41.81236],[-87.65853,41.81055],[-87.66022,41.81049],[-87.66039,41.81226],[-87.66492,41.81221],[-87.66505,41.8118],[-87.66504,41.8113],[-87.66503,41.81071],[-87.66502,41.81018],[-87.66499,41.80936],[-87.66498,41.8091],[-87.66497,41.8086],[-87.66497,41.80843],[-87.66495,41.80774],[-87.66492,41.80689],[-87.66492,41.80662],[-87.6649,41.80592],[-87.66489,41.8057],[-87.66488,41.80515],[-87.66482,41.80314],[-87.65511,41.80327],[-87.65513,41.80418],[-87.65514,41.80458],[-87.65515,41.80482],[-87.65515,41.80509],[-87.65405,41.80511],[-87.65394,41.80537],[-87.65397,41.80693],[-87.65034,41.80697],[-87.6504,41.8088]]]},"properties":{"level":"es","grades":"K–8","id":"609964","name":"John H Hamline Elementary School","url":"https://www.cps.edu/schools/schoolprofiles/609964","x":-87.66118,"y":41.80724}},{"type":"Feature","geometry":{"type":"Polygon","coordinates":[[[-87.68815,41.85201],[-87.68821,41.85396],[-87.68833,41.8545],[-87.68839,41.85675],[-87.68849,41.85673],[-87.68867,41.85669],[-87.68879,41.85666],[-87.68904,41.8566],[-87.6893,41.85655],[-87.68943,41.85652],[-87.68966,41.85647],[-87.6901,41.85637],[-87.69023,41.85634],[-87.69067,41.85624],[-87.69555,41.85515],[-87.70287,41.85352],[-87.70281,41.8518],[-87.69909,41.85185],[-87.69904,41.85003],[-87.6954,41.85008],[-87.69545,41.8519],[-87.69054,41.85197],[-87.68815,41.85201]]]},"properties":{"level":"es","grades":"K–8","id":"609966","name":"Charles G Hammond Elementary School","url":"https://www.cps.edu/schools/schoolprofiles/609966","x":-87.69624,"y":41.85272}},{"type":"Feature","geometry":{"type":"Polygon","coordinates":[[[-87.69496,41.83477],[-87.69179,41.83573],[-87.6884,41.83682],[-87.68778,41.83695],[-87.68554,41.83772],[-87.68502,41.83787],[-87.68515,41.83839],[-87.68522,41.83907],[-87.68523,41.83938],[-87.68528,41.8412],[-87.68536,41.84342],[-87.68539,41.84387],[-87.68543,41.84453],[-87.68543,41.84457],[-87.68564,41.85203],[-87.68815,41.85201],[-87.69054,41.85197],[-87.69545,41.8519],[-87.6954,41.85008],[-87.69527,41.84645],[-87.69512,41.8415],[-87.69503,41.83741],[-87.69501,41.83668],[-87.69499,41.83611],[-87.69498,41.83548],[-87.69497,41.83516],[-87.69496,41.83477]]]},"properties":{"level":"es","grades":"K–8","id":"609967","name":"William F Finkl Elementary School","url":"https://www.cps.edu/schools/schoolprofiles/609967","x":-87.68567,"y":41.84922}},{"type":"Feature","geometry":{"type":"Polygon","coordinates":[[[-87.71927,41.91908],[-87.7193,41.92],[-87.72175,41.91997],[-87.72178,41.92088],[-87.723,41.92087],[-87.72294,41.91904],[-87.72417,41.91902],[-87.72422,41.92085],[-87.72667,41.92082],[-87.72664,41.91975],[-87.72662,41.91919],[-87.72661,41.91877],[-87.72659,41.91808],[-87.72656,41.91717],[-87.72682,41.91716],[-87.72746,41.91716],[-87.72807,41.91715],[-87.729,41.91713],[-87.73022,41.91712],[-87.73145,41.9171],[-87.73141,41.91634],[-87.7314,41.91585],[-87.73139,41.91568],[-87.73137,41.91517],[-87.73135,41.91421],[-87.73133,41.91364],[-87.73133,41.91345],[-87.73133,41.91338],[-87.72644,41.91344],[-87.72155,41.91348],[-87.72155,41.91359],[-87.71666,41.91364],[-87.71504,41.91357],[-87.7151,41.91549],[-87.71522,41.91549],[-87.71658,41.91547],[-87.71685,41.91546],[-87.71794,41.91545],[-87.71906,41.91543],[-87.71916,41.91543],[-87.71927,41.91908]]]},"properties":{"level":"es","grades":"K–8","id":"609968","name":"Sharon Christa McAuliffe Elementary School","url":"https://www.cps.edu/schools/schoolprofiles/609968","x":-87.72393,"y":41.91482}},{"type":"Feature","geometry":{"type":"Polygon","coordinates":[[[-87.57732,41.79686],[-87.57741,41.79686],[-87.57763,41.79687],[-87.57799,41.79694],[-87.57811,41.79698],[-87.57832,41.79707],[-87.57845,41.79716],[-87.57863,41.79728],[-87.57872,41.79734],[-87.57889,41.79746],[-87.57901,41.79754],[-87.57914,41.79763],[-87.57921,41.79769],[-87.57947,41.7979],[-87.57952,41.79795],[-87.57961,41.79803],[-87.5798,41.79823],[-87.57983,41.79826],[-87.57994,41.79837],[-87.57993,41.79874],[-87.58007,41.79904],[-87.58014,41.79921],[-87.58018,41.79933],[-87.58021,41.79941],[-87.58023,41.79947],[-87.58028,41.79963],[-87.58034,41.7999],[-87.58035,41.79995],[-87.58038,41.80016],[-87.58042,41.80038],[-87.58046,41.8007],[-87.58047,41.80086],[-87.5805,41.80127],[-87.5805,41.80148],[-87.58049,41.80174],[-87.58045,41.8021],[-87.5804,41.80244],[-87.58036,41.80258],[-87.58164,41.80258],[-87.58372,41.80258],[-87.58426,41.80252],[-87.58461,41.80252],[-87.58523,41.80251],[-87.58541,41.80251],[-87.58586,41.8025],[-87.58644,41.80249],[-87.58681,41.80249],[-87.58779,41.80248],[-87.58771,41.80198],[-87.58752,41.80114],[-87.58738,41.80029],[-87.5873,41.79956],[-87.58726,41.79723],[-87.58764,41.79467],[-87.58794,41.79336],[-87.58899,41.79335],[-87.58894,41.79157],[-87.58902,41.79132],[-87.58897,41.78872],[-87.58913,41.78788],[-87.58663,41.7879],[-87.58663,41.78766],[-87.58661,41.78715],[-87.58661,41.78669],[-87.5866,41.78628],[-87.5866,41.78614],[-87.58646,41.78062],[-87.58632,41.77688],[-87.5863,41.77334],[-87.58141,41.77339],[-87.56728,41.77355],[-87.56611,41.77357],[-87.56607,41.77369],[-87.56618,41.77384],[-87.56634,41.77396],[-87.5666,41.77405],[-87.56678,41.77421],[-87.5669,41.77433],[-87.56773,41.7754],[-87.56796,41.77572],[-87.56811,41.7759],[-87.56846,41.77626],[-87.56874,41.7765],[-87.5689,41.77663],[-87.56952,41.77703],[-87.56969,41.77711],[-87.57005,41.7773],[-87.57082,41.77788],[-87.57083,41.77788],[-87.57149,41.77844],[-87.57162,41.77856],[-87.5718,41.77875],[-87.57209,41.77916],[-87.57229,41.77932],[-87.57257,41.77936],[-87.5728,41.7793],[-87.57313,41.77922],[-87.57326,41.77914],[-87.57333,41.77899],[-87.57338,41.77882],[-87.57338,41.77872],[-87.57338,41.77865],[-87.57333,41.77844],[-87.57336,41.77831],[-87.57334,41.77826],[-87.57327,41.77814],[-87.57305,41.77791],[-87.57299,41.77786],[-87.5728,41.77766],[-87.57287,41.77763],[-87.57249,41.7774],[-87.57235,41.77738],[-87.57204,41.77702],[-87.57189,41.77679],[-87.57181,41.7766],[-87.57182,41.77643],[-87.57222,41.77581],[-87.57233,41.77576],[-87.5726,41.77569],[-87.57275,41.77564],[-87.57285,41.77562],[-87.57356,41.77555],[-87.57448,41.77566],[-87.5749,41.77581],[-87.57494,41.77603],[-87.5749,41.77604],[-87.57472,41.77602],[-87.57466,41.77603],[-87.57461,41.77609],[-87.57462,41.77617],[-87.57467,41.77624],[-87.57469,41.77628],[-87.57485,41.77646],[-87.57513,41.77689],[-87.57529,41.7773],[-87.57529,41.77771],[-87.57528,41.77787],[-87.57525,41.77796],[-87.5752,41.77815],[-87.57513,41.77835],[-87.57509,41.77848],[-87.57469,41.77861],[-87.5748,41.77867],[-87.57488,41.77871],[-87.57493,41.77884],[-87.57466,41.77919],[-87.57448,41.77934],[-87.57444,41.77937],[-87.57411,41.77953],[-87.57377,41.77962],[-87.5734,41.77971],[-87.57302,41.77979],[-87.57298,41.77981],[-87.57296,41.77982],[-87.57295,41.77983],[-87.57308,41.78025],[-87.57205,41.78058],[-87.57147,41.78078],[-87.57118,41.78087],[-87.57088,41.78094],[-87.57075,41.78096],[-87.57065,41.78099],[-87.57053,41.78101],[-87.57038,41.78105],[-87.57008,41.78112],[-87.56989,41.78117],[-87.56946,41.78127],[-87.56912,41.78136],[-87.56831,41.78154],[-87.56753,41.7846],[-87.56764,41.78462],[-87.56839,41.78165],[-87.56881,41.78159],[-87.57023,41.78171],[-87.57168,41.78203],[-87.57292,41.78249],[-87.57316,41.78259],[-87.57401,41.78301],[-87.57578,41.78406],[-87.57639,41.7845],[-87.57662,41.78476],[-87.57668,41.78491],[-87.57675,41.78505],[-87.57688,41.78539],[-87.577,41.78569],[-87.57706,41.78588],[-87.57708,41.78594],[-87.57714,41.78615],[-87.5772,41.78631],[-87.57721,41.78637],[-87.57729,41.78672],[-87.57734,41.78719],[-87.57733,41.78746],[-87.57733,41.78757],[-87.57732,41.7877],[-87.57731,41.78779],[-87.57729,41.78791],[-87.57728,41.78806],[-87.57727,41.78808],[-87.57724,41.78809],[-87.57723,41.78809],[-87.57715,41.78811],[-87.57714,41.78811],[-87.57715,41.78816],[-87.5773,41.78817],[-87.57755,41.78815],[-87.57764,41.78815],[-87.57768,41.78831],[-87.57767,41.78833],[-87.57768,41.78835],[-87.57769,41.78839],[-87.57733,41.78841],[-87.57719,41.78838],[-87.57718,41.78842],[-87.57668,41.78847],[-87.57657,41.7885],[-87.57624,41.78852],[-87.57632,41.78857],[-87.57667,41.78876],[-87.57688,41.7889],[-87.57697,41.78896],[-87.57756,41.78936],[-87.57784,41.78958],[-87.57788,41.78966],[-87.57786,41.78979],[-87.57795,41.79013],[-87.57819,41.79062],[-87.57847,41.79106],[-87.57884,41.79158],[-87.57901,41.79189],[-87.57907,41.79204],[-87.57917,41.79235],[-87.57917,41.79239],[-87.57908,41.79241],[-87.57899,41.79243],[-87.57922,41.79263],[-87.57923,41.79279],[-87.57929,41.79322],[-87.5793,41.79334],[-87.5793,41.79346],[-87.5793,41.79349],[-87.5793,41.79355],[-87.57928,41.79361],[-87.57922,41.79373],[-87.57916,41.79383],[-87.57913,41.79389],[-87.57908,41.79395],[-87.57905,41.79405],[-87.57901,41.79418],[-87.57901,41.7942],[-87.57896,41.79425],[-87.57883,41.79436],[-87.57881,41.79438],[-87.57857,41.79456],[-87.57799,41.79486],[-87.57788,41.7949],[-87.5777,41.79496],[-87.57708,41.79508],[-87.57678,41.79508],[-87.57665,41.79505],[-87.57662,41.79505],[-87.57657,41.79507],[-87.57646,41.7951],[-87.5764,41.79509],[-87.57635,41.79508],[-87.57626,41.79507],[-87.57622,41.79507],[-87.57616,41.79509],[-87.57607,41.79513],[-87.57604,41.79515],[-87.57595,41.79522],[-87.57587,41.79528],[-87.57578,41.79534],[-87.57575,41.79535],[-87.57574,41.79536],[-87.57564,41.79539],[-87.57558,41.7954],[-87.57544,41.79544],[-87.57541,41.7955],[-87.57539,41.79557],[-87.57538,41.79563],[-87.57533,41.79581],[-87.5752,41.79605],[-87.57517,41.79618],[-87.57522,41.7964],[-87.57522,41.79646],[-87.5754,41.79669],[-87.5755,41.79676],[-87.57558,41.79683],[-87.57587,41.79697],[-87.5759,41.79698],[-87.576,41.797],[-87.57648,41.79705],[-87.57659,41.79702],[-87.57676,41.79699],[-87.57684,41.79697],[-87.57732,41.79686]]]},"properties":{"level":"es","grades":"K–8","id":"609969","name":"Bret Harte Elementary School","url":"https://www.cps.edu/schools/schoolprofiles/609969","x":-87.58685,"y":41.79345}},{"type":"Feature","geometry":{"type":"Polygon","coordinates":[[[-87.62633,41.75636],[-87.62643,41.76003],[-87.62804,41.76],[-87.62808,41.76182],[-87.62965,41.7618],[-87.62724,41.76691],[-87.62669,41.76821],[-87.62667,41.76917],[-87.62795,41.76911],[-87.62826,41.7691],[-87.63278,41.76903],[-87.63347,41.76719],[-87.63719,41.76713],[-87.63706,41.76349],[-87.63961,41.76346],[-87.63957,41.76164],[-87.63949,41.76118],[-87.63981,41.75981],[-87.63941,41.75973],[-87.63936,41.758],[-87.63941,41.75709],[-87.6397,41.75615],[-87.63944,41.75615],[-87.63566,41.75624],[-87.63561,41.75441],[-87.63494,41.75442],[-87.63439,41.75443],[-87.6339,41.75444],[-87.63359,41.75444],[-87.63313,41.75445],[-87.63326,41.75417],[-87.63336,41.75397],[-87.63344,41.75377],[-87.63423,41.75078],[-87.62703,41.75091],[-87.62704,41.75102],[-87.62709,41.75353],[-87.62709,41.75375],[-87.6271,41.75422],[-87.62711,41.75435],[-87.62711,41.75455],[-87.62656,41.75456],[-87.62621,41.75457],[-87.62633,41.75636]]]},"properties":{"level":"es","grades":"K–8","id":"609971","name":"John Harvard Elementary School of Excellence","url":"https://www.cps.edu/schools/schoolprofiles/609971","x":-87.63274,"y":41.75734}},{"type":"Feature","geometry":{"type":"Polygon","coordinates":[[[-87.71332,41.967],[-87.71333,41.96719],[-87.71335,41.96788],[-87.71335,41.96795],[-87.71364,41.9684],[-87.71422,41.96839],[-87.71465,41.96839],[-87.71581,41.96838],[-87.72803,41.96824],[-87.72865,41.96823],[-87.72874,41.96823],[-87.73017,41.96822],[-87.73089,41.96821],[-87.73173,41.9682],[-87.7326,41.96819],[-87.73297,41.96819],[-87.73294,41.96708],[-87.73376,41.96621],[-87.73332,41.96591],[-87.73499,41.96458],[-87.73481,41.96444],[-87.73422,41.96404],[-87.73399,41.96389],[-87.73383,41.96377],[-87.73341,41.96349],[-87.73197,41.96249],[-87.72969,41.96093],[-87.72783,41.96095],[-87.72779,41.95961],[-87.72654,41.95875],[-87.72399,41.95699],[-87.72395,41.95697],[-87.72278,41.95618],[-87.72187,41.95556],[-87.72154,41.95556],[-87.72159,41.95738],[-87.72037,41.9574],[-87.72043,41.95922],[-87.7192,41.95924],[-87.71926,41.96105],[-87.71681,41.96108],[-87.71687,41.96291],[-87.71075,41.96298],[-87.7108,41.96468],[-87.71083,41.96556],[-87.71253,41.96555],[-87.71327,41.96554],[-87.71329,41.96611],[-87.71331,41.96658],[-87.71332,41.967]]]},"properties":{"level":"es","grades":"K–8","id":"609972","name":"Helge A Haugan Elementary School","url":"https://www.cps.edu/schools/schoolprofiles/609972","x":-87.72313,"y":41.96403}},{"type":"Feature","geometry":{"type":"Polygon","coordinates":[[[-87.73881,41.83673],[-87.72921,41.83683],[-87.72941,41.84419],[-87.7342,41.84411],[-87.73504,41.8441],[-87.73772,41.84407],[-87.73865,41.84405],[-87.7391,41.84405],[-87.73918,41.84405],[-87.73927,41.84405],[-87.73927,41.84404],[-87.73922,41.84224],[-87.73916,41.84038],[-87.73901,41.83855],[-87.73899,41.83855],[-87.73893,41.83672],[-87.73889,41.83672],[-87.73881,41.83673]]]},"properties":{"level":"es","grades":"K–8","id":"609973","name":"Emiliano Zapata Elementary Academy","url":"https://www.cps.edu/schools/schoolprofiles/609973","x":-87.73431,"y":41.84139}},{"type":"Feature","geometry":{"type":"Polygon","coordinates":[[[-87.75332,41.90227],[-87.75335,41.90318],[-87.761,41.9031],[-87.76094,41.90219],[-87.76383,41.90216],[-87.76381,41.9017],[-87.7638,41.90153],[-87.76378,41.90087],[-87.76376,41.90034],[-87.76374,41.89988],[-87.76373,41.89943],[-87.76371,41.89897],[-87.76369,41.89851],[-87.76331,41.89852],[-87.7619,41.89853],[-87.76077,41.89854],[-87.76074,41.89776],[-87.76072,41.89717],[-87.7607,41.89671],[-87.76004,41.89672],[-87.75971,41.89672],[-87.75898,41.89673],[-87.7581,41.89674],[-87.75805,41.89491],[-87.7556,41.89494],[-87.75565,41.89675],[-87.75442,41.89676],[-87.75455,41.90226],[-87.75332,41.90227]]]},"properties":{"level":"es","grades":"K–8","id":"609975","name":"John Hay Elementary Community Academy","url":"https://www.cps.edu/schools/schoolprofiles/609975","x":-87.75581,"y":41.89917}},{"type":"Feature","geometry":{"type":"Polygon","coordinates":[[[-87.63314,41.7034],[-87.63787,41.70334],[-87.63785,41.70279],[-87.64028,41.70276],[-87.64041,41.70695],[-87.64283,41.70692],[-87.64278,41.7051],[-87.64238,41.69236],[-87.64203,41.69236],[-87.64173,41.69236],[-87.6416,41.69236],[-87.64057,41.69238],[-87.64023,41.69238],[-87.63969,41.69239],[-87.63902,41.6924],[-87.63865,41.6924],[-87.63837,41.69241],[-87.6377,41.69241],[-87.63734,41.69242],[-87.63691,41.69242],[-87.63634,41.69243],[-87.63579,41.69244],[-87.63514,41.69244],[-87.63465,41.69245],[-87.63319,41.69247],[-87.63285,41.69247],[-87.63285,41.69248],[-87.63285,41.6926],[-87.63285,41.69273],[-87.63287,41.69355],[-87.63289,41.69423],[-87.63292,41.69429],[-87.63293,41.69451],[-87.63294,41.6949],[-87.63296,41.69589],[-87.63297,41.69611],[-87.63296,41.69611],[-87.63295,41.69623],[-87.63295,41.6964],[-87.63296,41.69671],[-87.63297,41.69706],[-87.63298,41.69725],[-87.633,41.69817],[-87.63302,41.69888],[-87.63303,41.69932],[-87.63304,41.69974],[-87.63304,41.69975],[-87.63309,41.70158],[-87.63314,41.7034]]]},"properties":{"level":"es","grades":"K–8","id":"610188","name":"Dunne Technology Academy","url":"https://www.cps.edu/schools/schoolprofiles/610188","x":-87.63997,"y":41.6965}},{"type":"Feature","geometry":{"type":"Polygon","coordinates":[[[-87.66595,41.96163],[-87.66097,41.9617],[-87.66102,41.96535],[-87.65747,41.9654],[-87.65937,41.96836],[-87.65967,41.96903],[-87.6675,41.9689],[-87.66712,41.96708],[-87.66595,41.96163]]]},"properties":{"level":"es","grades":"K–8","id":"610355","name":"Mary E Courtenay Elementary Language Arts Center","url":"https://www.cps.edu/schools/schoolprofiles/610355","x":-87.66385,"y":41.96231}},{"type":"Feature","geometry":{"type":"Polygon","coordinates":[[[-87.70696,41.91012],[-87.70677,41.91084],[-87.70692,41.91558],[-87.70861,41.91556],[-87.71186,41.91553],[-87.71334,41.91551],[-87.71358,41.9155],[-87.7144,41.91549],[-87.7151,41.91549],[-87.71504,41.91357],[-87.71666,41.91364],[-87.72155,41.91359],[-87.72155,41.91348],[-87.72644,41.91344],[-87.72633,41.90989],[-87.72568,41.9099],[-87.7253,41.9099],[-87.72511,41.9099],[-87.72288,41.90993],[-87.72155,41.90994],[-87.72131,41.90994],[-87.721,41.90994],[-87.72037,41.90995],[-87.7202,41.90995],[-87.71923,41.90996],[-87.7182,41.90997],[-87.71706,41.90999],[-87.7167,41.90999],[-87.71493,41.91001],[-87.71436,41.91002],[-87.71317,41.91004],[-87.71195,41.91005],[-87.71181,41.91005],[-87.71092,41.91006],[-87.70977,41.91008],[-87.70947,41.91008],[-87.70844,41.9101],[-87.70749,41.91011],[-87.70696,41.91012]]]},"properties":{"level":"es","grades":"K–8","id":"610192","name":"Harriet Beecher Stowe Elementary School","url":"https://www.cps.edu/schools/schoolprofiles/610192","x":-87.71332,"y":41.91194}},{"type":"Feature","geometry":{"type":"Polygon","coordinates":[[[-87.54243,41.75201],[-87.54306,41.75208],[-87.54431,41.75207],[-87.5444,41.75207],[-87.54458,41.75207],[-87.54517,41.75207],[-87.54572,41.75201],[-87.54604,41.75201],[-87.5463,41.752],[-87.54685,41.75199],[-87.54815,41.75198],[-87.54871,41.75197],[-87.54991,41.75195],[-87.55106,41.75194],[-87.55163,41.75193],[-87.55182,41.75193],[-87.55249,41.75192],[-87.55177,41.75102],[-87.55176,41.75045],[-87.55176,41.7502],[-87.55175,41.75011],[-87.55175,41.75002],[-87.55174,41.74962],[-87.55173,41.74912],[-87.55173,41.74872],[-87.5517,41.74718],[-87.55164,41.74457],[-87.5516,41.74356],[-87.55138,41.74256],[-87.55039,41.74174],[-87.54975,41.74104],[-87.54904,41.74002],[-87.54867,41.73923],[-87.54808,41.73743],[-87.5403,41.73751],[-87.53689,41.73759],[-87.53314,41.73787],[-87.52957,41.73829],[-87.52956,41.73832],[-87.52965,41.7389],[-87.52966,41.73895],[-87.52968,41.73916],[-87.52971,41.73933],[-87.52971,41.73936],[-87.52972,41.73939],[-87.52973,41.73945],[-87.52972,41.73948],[-87.52973,41.73952],[-87.52973,41.73954],[-87.52975,41.73965],[-87.52975,41.73966],[-87.52977,41.7398],[-87.52978,41.7398],[-87.5298,41.73981],[-87.52978,41.73985],[-87.52978,41.73988],[-87.52978,41.73991],[-87.52979,41.73994],[-87.52978,41.73996],[-87.52983,41.74035],[-87.52982,41.74035],[-87.52986,41.74061],[-87.53363,41.74057],[-87.53668,41.74053],[-87.5389,41.7405],[-87.53983,41.7405],[-87.53985,41.74074],[-87.53986,41.74101],[-87.53685,41.74105],[-87.53363,41.74108],[-87.53331,41.74108],[-87.53133,41.7411],[-87.53067,41.74112],[-87.53053,41.74116],[-87.53019,41.74126],[-87.53017,41.74124],[-87.53013,41.74123],[-87.53011,41.74124],[-87.52989,41.74133],[-87.52446,41.74139],[-87.52446,41.74147],[-87.52941,41.74142],[-87.5295,41.74148],[-87.52987,41.74165],[-87.52995,41.74176],[-87.52996,41.7419],[-87.52997,41.742],[-87.52999,41.74203],[-87.53,41.74222],[-87.53006,41.74233],[-87.53008,41.74238],[-87.53011,41.74263],[-87.53043,41.74492],[-87.53061,41.74622],[-87.53065,41.74645],[-87.53066,41.74658],[-87.53068,41.74666],[-87.5307,41.74672],[-87.53076,41.74718],[-87.53076,41.7472],[-87.53087,41.74792],[-87.53113,41.7482],[-87.53285,41.74893],[-87.53319,41.74908],[-87.53354,41.74922],[-87.5343,41.74947],[-87.53461,41.74959],[-87.53511,41.74979],[-87.53592,41.75015],[-87.53689,41.75054],[-87.53724,41.75068],[-87.53816,41.75104],[-87.53887,41.75135],[-87.53955,41.75158],[-87.53959,41.75159],[-87.53997,41.75173],[-87.54003,41.75175],[-87.54019,41.75181],[-87.54031,41.75185],[-87.54054,41.75191],[-87.54068,41.75193],[-87.54115,41.75198],[-87.54143,41.75198],[-87.54167,41.75198],[-87.54226,41.75198],[-87.54243,41.75201]]]},"properties":{"level":"es","grades":"K–8","id":"610193","name":"William K New Sullivan Elementary School","url":"https://www.cps.edu/schools/schoolprofiles/610193","x":-87.54293,"y":41.74383}},{"type":"Feature","geometry":{"type":"Polygon","coordinates":[[[-87.72295,41.87257],[-87.72298,41.87346],[-87.72037,41.87352],[-87.72037,41.8737],[-87.72037,41.87378],[-87.7205,41.87378],[-87.72085,41.87378],[-87.72256,41.87376],[-87.72301,41.87375],[-87.72474,41.87373],[-87.72524,41.87373],[-87.7253,41.87372],[-87.72588,41.87371],[-87.72633,41.87372],[-87.72985,41.87367],[-87.73098,41.87365],[-87.73186,41.87365],[-87.73278,41.87361],[-87.73369,41.87352],[-87.73521,41.87313],[-87.73757,41.8721],[-87.73864,41.87179],[-87.74018,41.87158],[-87.73998,41.86596],[-87.73006,41.8661],[-87.7302,41.86997],[-87.72898,41.86998],[-87.72905,41.87198],[-87.72541,41.873],[-87.7254,41.87253],[-87.72295,41.87257]]]},"properties":{"level":"es","grades":"K–8","id":"610194","name":"Charles Sumner  Math & Science Community Acad ES","url":"https://www.cps.edu/schools/schoolprofiles/610194","x":-87.73352,"y":41.87083}},{"type":"Feature","geometry":{"type":"Polygon","coordinates":[[[-87.66117,41.71708],[-87.66176,41.71824],[-87.66191,41.71854],[-87.66197,41.71866],[-87.6621,41.71892],[-87.66255,41.71982],[-87.66264,41.72006],[-87.66268,41.72099],[-87.66268,41.72122],[-87.66275,41.72121],[-87.66326,41.7212],[-87.66327,41.7212],[-87.66432,41.72119],[-87.66389,41.72033],[-87.66317,41.71835],[-87.66608,41.71786],[-87.66735,41.71784],[-87.66739,41.71938],[-87.66909,41.7193],[-87.66904,41.71749],[-87.68196,41.71728],[-87.68193,41.71662],[-87.68193,41.71645],[-87.68191,41.71584],[-87.68185,41.71392],[-87.68198,41.71367],[-87.6823,41.71367],[-87.68253,41.71367],[-87.68312,41.71366],[-87.68373,41.71365],[-87.68405,41.71365],[-87.68471,41.71364],[-87.68511,41.71364],[-87.68546,41.71363],[-87.68588,41.71363],[-87.68639,41.71362],[-87.68643,41.71362],[-87.68677,41.71362],[-87.68746,41.71361],[-87.68823,41.7136],[-87.68897,41.7136],[-87.68979,41.71359],[-87.69032,41.71358],[-87.69086,41.71358],[-87.69125,41.71357],[-87.69144,41.71357],[-87.69172,41.71323],[-87.69171,41.71289],[-87.69169,41.71231],[-87.69169,41.71212],[-87.69168,41.71189],[-87.69167,41.71155],[-87.69166,41.71142],[-87.69165,41.71104],[-87.69164,41.71074],[-87.69162,41.7102],[-87.69162,41.70993],[-87.69161,41.70986],[-87.69161,41.70981],[-87.6916,41.70957],[-87.69159,41.70919],[-87.69157,41.70868],[-87.69154,41.70774],[-87.69153,41.70731],[-87.69152,41.7072],[-87.69146,41.70609],[-87.69135,41.70096],[-87.69126,41.70078],[-87.68861,41.70084],[-87.68145,41.70091],[-87.68139,41.69908],[-87.67986,41.69906],[-87.67,41.69924],[-87.66966,41.70222],[-87.66881,41.70925],[-87.66859,41.71023],[-87.66722,41.71026],[-87.66724,41.71115],[-87.66269,41.71121],[-87.66248,41.71129],[-87.66051,41.71132],[-87.66159,41.71398],[-87.65964,41.71401],[-87.65997,41.71467],[-87.66007,41.71488],[-87.66071,41.71617],[-87.66091,41.71656],[-87.66097,41.71668],[-87.66117,41.71708]]]},"properties":{"level":"es","grades":"K–8","id":"610195","name":"Elizabeth H Sutherland Elementary School","url":"https://www.cps.edu/schools/schoolprofiles/610195","x":-87.67682,"y":41.71144}},{"type":"Feature","geometry":{"type":"Polygon","coordinates":[[[-87.65422,41.99597],[-87.65421,41.99607],[-87.65423,41.99624],[-87.65424,41.99628],[-87.65428,41.99659],[-87.65432,41.99686],[-87.65437,41.99717],[-87.65441,41.99774],[-87.65444,41.99791],[-87.65467,41.99838],[-87.65489,41.99866],[-87.65516,41.99906],[-87.65527,41.99917],[-87.65553,41.99951],[-87.65558,41.99961],[-87.65559,41.99964],[-87.65559,41.99971],[-87.65563,41.99976],[-87.65565,41.99982],[-87.65587,42.00045],[-87.65597,42.00074],[-87.65598,42.00079],[-87.65593,42.00086],[-87.65592,42.00092],[-87.65594,42.00111],[-87.65596,42.00119],[-87.65598,42.00122],[-87.65606,42.00139],[-87.65614,42.00155],[-87.65616,42.00158],[-87.65616,42.00159],[-87.65622,42.00159],[-87.65628,42.00159],[-87.65635,42.00159],[-87.65692,42.00158],[-87.65694,42.00158],[-87.65727,42.00158],[-87.65822,42.00157],[-87.65861,42.00156],[-87.65873,42.00156],[-87.65914,42.00155],[-87.65998,42.00154],[-87.66075,42.00153],[-87.66074,42.00141],[-87.66072,42.00107],[-87.66073,42.00097],[-87.66071,42.00044],[-87.66055,41.99819],[-87.66041,41.99455],[-87.66029,41.99092],[-87.66516,41.99086],[-87.66507,41.98773],[-87.66475,41.98767],[-87.66165,41.98577],[-87.66141,41.98574],[-87.66138,41.98443],[-87.66007,41.98362],[-87.65599,41.98369],[-87.65499,41.98383],[-87.65239,41.98388],[-87.65054,41.98383],[-87.65049,41.984],[-87.65043,41.98417],[-87.65039,41.98428],[-87.65034,41.98441],[-87.65021,41.9847],[-87.65002,41.98507],[-87.6499,41.9853],[-87.64964,41.98583],[-87.64935,41.98639],[-87.64938,41.9864],[-87.64973,41.98575],[-87.64998,41.98583],[-87.65041,41.98596],[-87.65074,41.98616],[-87.65105,41.98648],[-87.65122,41.98665],[-87.65126,41.98669],[-87.65143,41.98686],[-87.65179,41.98721],[-87.65308,41.98851],[-87.65317,41.9886],[-87.65342,41.98886],[-87.6537,41.98919],[-87.65371,41.9892],[-87.65391,41.98949],[-87.65397,41.98968],[-87.65397,41.98974],[-87.65388,41.98988],[-87.6538,41.98985],[-87.65368,41.98986],[-87.65368,41.99],[-87.65372,41.99013],[-87.65375,41.99017],[-87.6538,41.99025],[-87.65397,41.99029],[-87.65404,41.99022],[-87.65412,41.99026],[-87.65415,41.99074],[-87.65418,41.99091],[-87.65424,41.99093],[-87.65429,41.99092],[-87.65431,41.99098],[-87.65431,41.99105],[-87.65431,41.99135],[-87.65429,41.99178],[-87.65425,41.99207],[-87.65422,41.99228],[-87.65422,41.99229],[-87.65419,41.99232],[-87.65407,41.9925],[-87.65403,41.99269],[-87.65402,41.99287],[-87.65401,41.99292],[-87.65402,41.99307],[-87.65432,41.99312],[-87.65433,41.99312],[-87.65439,41.99314],[-87.65445,41.9932],[-87.65445,41.99321],[-87.65449,41.99331],[-87.65452,41.99338],[-87.6545,41.99344],[-87.65442,41.99345],[-87.65441,41.99351],[-87.65442,41.99368],[-87.65439,41.99386],[-87.65427,41.99387],[-87.65423,41.99389],[-87.65422,41.99403],[-87.65427,41.9943],[-87.65436,41.99433],[-87.65437,41.99433],[-87.65439,41.99453],[-87.65442,41.99454],[-87.65452,41.9947],[-87.65459,41.99567],[-87.65449,41.9959],[-87.65443,41.99596],[-87.65436,41.99594],[-87.65429,41.99593],[-87.65422,41.99597]]]},"properties":{"level":"es","grades":"K–8","id":"610196","name":"George B Swift Elementary Specialty School","url":"https://www.cps.edu/schools/schoolprofiles/610196","x":-87.6583,"y":41.98914}},{"type":"Feature","geometry":{"type":"Polygon","coordinates":[[[-87.52946,41.73231],[-87.52949,41.73237],[-87.52925,41.73301],[-87.52994,41.73273],[-87.53135,41.73215],[-87.53206,41.73185],[-87.53474,41.73071],[-87.53636,41.73002],[-87.53726,41.72962],[-87.53941,41.72879],[-87.54042,41.72828],[-87.5419,41.72714],[-87.54225,41.72658],[-87.54246,41.72588],[-87.543,41.72403],[-87.54318,41.72313],[-87.54314,41.72286],[-87.54302,41.72199],[-87.54269,41.72082],[-87.54289,41.72013],[-87.54302,41.71933],[-87.54316,41.71802],[-87.54313,41.7178],[-87.54303,41.71715],[-87.54242,41.71644],[-87.54232,41.71586],[-87.54219,41.71574],[-87.54218,41.71553],[-87.54218,41.71528],[-87.54229,41.71426],[-87.54244,41.71382],[-87.53649,41.71388],[-87.53588,41.71337],[-87.53066,41.70853],[-87.5304,41.70824],[-87.52731,41.70543],[-87.52647,41.70454],[-87.52453,41.70274],[-87.52453,41.70277],[-87.52453,41.70289],[-87.52453,41.703],[-87.52453,41.70306],[-87.52453,41.70342],[-87.52453,41.70389],[-87.52454,41.70432],[-87.52454,41.7046],[-87.52454,41.70482],[-87.52454,41.70556],[-87.52454,41.7057],[-87.52455,41.70703],[-87.52455,41.70715],[-87.52455,41.70756],[-87.52455,41.70766],[-87.52455,41.70791],[-87.52455,41.70795],[-87.52454,41.70831],[-87.52454,41.70848],[-87.52486,41.70865],[-87.52489,41.70867],[-87.52493,41.7087],[-87.52493,41.70871],[-87.52494,41.70873],[-87.52495,41.70876],[-87.52495,41.70878],[-87.52496,41.7088],[-87.52486,41.70915],[-87.52537,41.70883],[-87.5254,41.70883],[-87.52541,41.70883],[-87.52543,41.70885],[-87.52556,41.70898],[-87.52568,41.70909],[-87.52523,41.70937],[-87.52521,41.70936],[-87.52513,41.70934],[-87.52527,41.70946],[-87.52528,41.70947],[-87.52528,41.70948],[-87.52531,41.7095],[-87.52536,41.7095],[-87.52531,41.70946],[-87.52565,41.70923],[-87.52577,41.70916],[-87.52622,41.70954],[-87.52559,41.70994],[-87.52536,41.70979],[-87.52521,41.70974],[-87.52512,41.70974],[-87.52488,41.70941],[-87.52487,41.7094],[-87.5246,41.7093],[-87.52458,41.70929],[-87.52455,41.70927],[-87.5245,41.70926],[-87.52445,41.70925],[-87.52438,41.70926],[-87.52434,41.70928],[-87.52433,41.70928],[-87.52431,41.70928],[-87.5243,41.70928],[-87.52422,41.70929],[-87.52421,41.70931],[-87.5242,41.70932],[-87.52419,41.70931],[-87.52418,41.70931],[-87.52416,41.70931],[-87.52415,41.70931],[-87.52414,41.70932],[-87.52414,41.70933],[-87.52414,41.70934],[-87.52415,41.70939],[-87.52418,41.70942],[-87.52421,41.70944],[-87.52422,41.70944],[-87.52451,41.70955],[-87.52494,41.70988],[-87.52497,41.7099],[-87.52504,41.70995],[-87.52509,41.70995],[-87.52514,41.70998],[-87.52516,41.71],[-87.52528,41.71005],[-87.52536,41.7101],[-87.52537,41.71011],[-87.52542,41.7101],[-87.52549,41.71015],[-87.52551,41.71017],[-87.52552,41.7102],[-87.52554,41.71023],[-87.52555,41.71023],[-87.52558,41.71025],[-87.5256,41.71029],[-87.52561,41.71032],[-87.52568,41.71038],[-87.52578,41.71042],[-87.52582,41.71042],[-87.52591,41.7104],[-87.52595,41.71038],[-87.526,41.71035],[-87.52602,41.71025],[-87.5259,41.71014],[-87.52669,41.71],[-87.52755,41.7105],[-87.52811,41.71103],[-87.52685,41.712],[-87.52643,41.71231],[-87.52615,41.71254],[-87.52517,41.71333],[-87.52639,41.71243],[-87.52662,41.7126],[-87.52715,41.71296],[-87.52784,41.71391],[-87.52806,41.71456],[-87.52821,41.71515],[-87.52833,41.7156],[-87.52835,41.71596],[-87.52832,41.71611],[-87.52811,41.7163],[-87.5281,41.71631],[-87.5279,41.71645],[-87.52778,41.71653],[-87.52776,41.71655],[-87.52764,41.71662],[-87.52752,41.71669],[-87.52729,41.71681],[-87.5273,41.71682],[-87.527,41.71695],[-87.52698,41.71695],[-87.52692,41.71693],[-87.52691,41.71691],[-87.52688,41.71689],[-87.52686,41.71688],[-87.52685,41.71687],[-87.52682,41.71687],[-87.5268,41.71687],[-87.52677,41.71692],[-87.5268,41.71699],[-87.52652,41.71708],[-87.52661,41.71724],[-87.52652,41.71727],[-87.5258,41.71732],[-87.52581,41.71733],[-87.52447,41.7174],[-87.52448,41.7178],[-87.5245,41.71791],[-87.5245,41.71798],[-87.52436,41.71824],[-87.52436,41.71832],[-87.52449,41.71832],[-87.52518,41.71846],[-87.52542,41.7187],[-87.52555,41.71899],[-87.5256,41.71932],[-87.52561,41.71955],[-87.52557,41.72015],[-87.52553,41.72052],[-87.52551,41.72066],[-87.52545,41.7208],[-87.52529,41.72076],[-87.52514,41.72073],[-87.52508,41.72085],[-87.52534,41.72091],[-87.52541,41.72092],[-87.52533,41.72106],[-87.52524,41.72122],[-87.52518,41.7213],[-87.52515,41.72134],[-87.52509,41.72142],[-87.52482,41.72118],[-87.5247,41.72125],[-87.52471,41.72126],[-87.52476,41.72131],[-87.525,41.72152],[-87.52495,41.72158],[-87.52487,41.72166],[-87.52481,41.72171],[-87.52474,41.72177],[-87.5247,41.72179],[-87.52469,41.7218],[-87.52462,41.72179],[-87.52453,41.72179],[-87.52451,41.72179],[-87.52455,41.7232],[-87.52453,41.7235],[-87.52456,41.72448],[-87.52459,41.72619],[-87.52463,41.72801],[-87.52463,41.72817],[-87.52468,41.73068],[-87.52494,41.7314],[-87.52495,41.73141],[-87.52515,41.7315],[-87.52522,41.73152],[-87.52526,41.73153],[-87.52895,41.73205],[-87.52912,41.73208],[-87.52913,41.73209],[-87.52915,41.7321],[-87.52918,41.73213],[-87.52919,41.73215],[-87.52921,41.73219],[-87.52921,41.7322],[-87.52922,41.73223],[-87.52927,41.73228],[-87.52933,41.73231],[-87.52935,41.73231],[-87.52938,41.73232],[-87.52946,41.73231]]]},"properties":{"level":"es","grades":"K–8","id":"610198","name":"Douglas Taylor Elementary School","url":"https://www.cps.edu/schools/schoolprofiles/610198","x":-87.53297,"y":41.71547}},{"type":"Feature","geometry":{"type":"Polygon","coordinates":[[[-87.65965,41.67032],[-87.65642,41.67307],[-87.6565,41.67579],[-87.65519,41.6758],[-87.65526,41.67763],[-87.66137,41.67754],[-87.66134,41.67592],[-87.66132,41.67533],[-87.66131,41.67508],[-87.66129,41.67437],[-87.66127,41.67389],[-87.66126,41.67348],[-87.66123,41.6728],[-87.66123,41.67255],[-87.66121,41.67207],[-87.66119,41.67145],[-87.66117,41.671],[-87.66116,41.67053],[-87.66115,41.67034],[-87.6606,41.67033],[-87.65995,41.67032],[-87.65965,41.67032]]]},"properties":{"level":"es","grades":"K–8","id":"610199","name":"Johnnie Colemon Elementary Academy","url":"https://www.cps.edu/schools/schoolprofiles/610199","x":-87.65811,"y":41.6775}},{"type":"Feature","geometry":{"type":"Polygon","coordinates":[[[-87.52925,41.73301],[-87.52925,41.73302],[-87.52899,41.7337],[-87.529,41.73371],[-87.52897,41.73373],[-87.52898,41.7338],[-87.52901,41.73379],[-87.52902,41.73381],[-87.52902,41.73389],[-87.52902,41.73391],[-87.52903,41.73398],[-87.52904,41.73404],[-87.52905,41.73411],[-87.52908,41.73425],[-87.52907,41.73427],[-87.52906,41.7343],[-87.52906,41.73432],[-87.52907,41.73439],[-87.5291,41.73449],[-87.52911,41.73466],[-87.52912,41.73474],[-87.52912,41.73478],[-87.52912,41.73482],[-87.52913,41.73485],[-87.52914,41.73488],[-87.52913,41.73495],[-87.52913,41.73504],[-87.52922,41.73554],[-87.52922,41.73557],[-87.52923,41.73559],[-87.52923,41.73563],[-87.52923,41.73566],[-87.52924,41.73577],[-87.52927,41.73587],[-87.52928,41.7359],[-87.52928,41.73594],[-87.52926,41.73597],[-87.52924,41.73601],[-87.52925,41.73602],[-87.52928,41.73605],[-87.5293,41.73616],[-87.52932,41.73632],[-87.52934,41.73659],[-87.52936,41.7367],[-87.5294,41.737],[-87.52943,41.73716],[-87.52943,41.73726],[-87.52944,41.73735],[-87.52944,41.73736],[-87.52943,41.73755],[-87.52945,41.7376],[-87.52946,41.73762],[-87.52947,41.73763],[-87.52949,41.73778],[-87.52949,41.73783],[-87.52951,41.7379],[-87.52951,41.73793],[-87.52951,41.73796],[-87.52954,41.73805],[-87.52955,41.73817],[-87.52956,41.73821],[-87.52957,41.73829],[-87.53314,41.73787],[-87.53689,41.73759],[-87.5403,41.73751],[-87.54808,41.73743],[-87.54812,41.73715],[-87.54799,41.73183],[-87.54803,41.73],[-87.54779,41.72818],[-87.54789,41.72781],[-87.54778,41.72356],[-87.54688,41.72372],[-87.54568,41.72282],[-87.54314,41.72286],[-87.54318,41.72313],[-87.543,41.72403],[-87.54246,41.72588],[-87.54225,41.72658],[-87.5419,41.72714],[-87.54042,41.72828],[-87.53941,41.72879],[-87.53726,41.72962],[-87.53636,41.73002],[-87.53474,41.73071],[-87.53206,41.73185],[-87.53135,41.73215],[-87.52994,41.73273],[-87.52925,41.73301]]]},"properties":{"level":"es","grades":"K–8","id":"610200","name":"James N Thorp Elementary School","url":"https://www.cps.edu/schools/schoolprofiles/610200","x":-87.54428,"y":41.73332}},{"type":"Feature","geometry":{"type":"Polygon","coordinates":[[[-87.72587,41.88777],[-87.72734,41.88777],[-87.72832,41.88776],[-87.729,41.88775],[-87.7306,41.88773],[-87.73078,41.88773],[-87.73109,41.88772],[-87.73303,41.8877],[-87.73339,41.88769],[-87.73443,41.88768],[-87.73557,41.88766],[-87.73816,41.88763],[-87.74074,41.88767],[-87.74069,41.88632],[-87.74303,41.88646],[-87.74287,41.88185],[-87.73307,41.88196],[-87.73303,41.88064],[-87.73057,41.88067],[-87.73054,41.8797],[-87.72809,41.87973],[-87.72564,41.87976],[-87.72567,41.88073],[-87.72417,41.88075],[-87.72325,41.88076],[-87.72228,41.88077],[-87.72083,41.88079],[-87.72075,41.88079],[-87.72076,41.88093],[-87.72078,41.88136],[-87.72081,41.88168],[-87.72083,41.88209],[-87.72085,41.88282],[-87.72089,41.88395],[-87.7209,41.88464],[-87.72091,41.88498],[-87.72092,41.88516],[-87.72092,41.8852],[-87.7258,41.88547],[-87.72587,41.88777]]]},"properties":{"level":"es","grades":"K–8","id":"610202","name":"George W Tilton Elementary School","url":"https://www.cps.edu/schools/schoolprofiles/610202","x":-87.73057,"y":41.8841}},{"type":"Feature","geometry":{"type":"Polygon","coordinates":[[[-87.73762,41.78578],[-87.73789,41.78578],[-87.73862,41.78548],[-87.73892,41.78504],[-87.73951,41.7844],[-87.74002,41.78428],[-87.7414,41.78432],[-87.74219,41.78321],[-87.74242,41.78241],[-87.74241,41.78194],[-87.74237,41.78096],[-87.74236,41.7806],[-87.74235,41.78026],[-87.74234,41.77972],[-87.74231,41.77891],[-87.74229,41.77843],[-87.73862,41.77847],[-87.73857,41.77665],[-87.74223,41.77661],[-87.74217,41.77478],[-87.74214,41.77419],[-87.74212,41.77359],[-87.74209,41.77257],[-87.74208,41.7721],[-87.74207,41.77185],[-87.74207,41.77155],[-87.74206,41.77144],[-87.74206,41.77142],[-87.74204,41.77068],[-87.74201,41.76941],[-87.74199,41.76862],[-87.74199,41.76854],[-87.74197,41.76766],[-87.74195,41.7668],[-87.74195,41.76638],[-87.74193,41.76562],[-87.74192,41.7652],[-87.7419,41.76424],[-87.7419,41.76423],[-87.7419,41.76413],[-87.74188,41.76361],[-87.74187,41.76297],[-87.74184,41.76227],[-87.74178,41.76128],[-87.74178,41.76046],[-87.74162,41.75706],[-87.74159,41.75637],[-87.74155,41.75527],[-87.74153,41.7547],[-87.74152,41.75435],[-87.74049,41.75435],[-87.73965,41.75396],[-87.73829,41.75372],[-87.73758,41.75343],[-87.73648,41.75344],[-87.73553,41.75399],[-87.73438,41.75408],[-87.73382,41.75429],[-87.73316,41.75479],[-87.73267,41.75496],[-87.72936,41.75502],[-87.72741,41.755],[-87.72217,41.75508],[-87.72215,41.75552],[-87.72228,41.76105],[-87.72235,41.7641],[-87.72243,41.7652],[-87.72258,41.77137],[-87.72342,41.77136],[-87.72437,41.77135],[-87.72495,41.77135],[-87.7372,41.7712],[-87.73742,41.77849],[-87.73253,41.77854],[-87.73253,41.77879],[-87.73255,41.77953],[-87.73256,41.77992],[-87.73259,41.78074],[-87.7326,41.78102],[-87.73263,41.78219],[-87.73267,41.78333],[-87.73268,41.78366],[-87.73269,41.78401],[-87.73582,41.78398],[-87.73653,41.78397],[-87.73698,41.78397],[-87.73725,41.78396],[-87.73746,41.78396],[-87.73762,41.78578]]]},"properties":{"level":"es","grades":"K–8","id":"610544","name":"Mariano Azuela Elementary School","url":"https://www.cps.edu/schools/schoolprofiles/610544","x":-87.73992,"y":41.77108}},{"type":"Feature","geometry":{"type":"Polygon","coordinates":[[[-87.72785,41.78589],[-87.7282,41.7982],[-87.72841,41.79814],[-87.7285,41.7981],[-87.72871,41.79802],[-87.72898,41.79791],[-87.72929,41.79779],[-87.72953,41.79769],[-87.72968,41.79764],[-87.72991,41.79755],[-87.73038,41.79736],[-87.73075,41.79722],[-87.73092,41.79715],[-87.73137,41.79697],[-87.73172,41.79683],[-87.73181,41.79679],[-87.73305,41.79625],[-87.73311,41.79623],[-87.73315,41.79621],[-87.73335,41.79613],[-87.73346,41.79609],[-87.73378,41.79596],[-87.73444,41.7957],[-87.73475,41.79558],[-87.73452,41.79558],[-87.73425,41.79554],[-87.73437,41.7954],[-87.73547,41.79527],[-87.73579,41.79516],[-87.73597,41.79508],[-87.73625,41.79493],[-87.73632,41.79489],[-87.73645,41.7948],[-87.73659,41.79471],[-87.73674,41.79459],[-87.73681,41.79454],[-87.73704,41.79433],[-87.73717,41.79419],[-87.73722,41.79412],[-87.7373,41.79403],[-87.73739,41.79391],[-87.73743,41.79385],[-87.73749,41.79376],[-87.73753,41.79369],[-87.73755,41.79365],[-87.73758,41.79359],[-87.73765,41.79344],[-87.73774,41.79317],[-87.73774,41.79316],[-87.73774,41.7931],[-87.73774,41.79309],[-87.73774,41.79307],[-87.73785,41.79307],[-87.73795,41.79307],[-87.73798,41.79307],[-87.73804,41.79307],[-87.73832,41.79307],[-87.73837,41.79307],[-87.73849,41.79307],[-87.73921,41.79307],[-87.73982,41.79306],[-87.74032,41.79305],[-87.7407,41.79305],[-87.74146,41.79304],[-87.74198,41.79303],[-87.74266,41.79302],[-87.74397,41.79301],[-87.74446,41.793],[-87.74495,41.793],[-87.74545,41.79299],[-87.74591,41.79298],[-87.74656,41.79297],[-87.74772,41.79296],[-87.74786,41.79296],[-87.74874,41.79294],[-87.74943,41.79293],[-87.75011,41.79292],[-87.7505,41.79292],[-87.75112,41.79291],[-87.7515,41.7929],[-87.75218,41.79289],[-87.75288,41.79288],[-87.75303,41.79288],[-87.75394,41.79287],[-87.75454,41.79286],[-87.75486,41.79285],[-87.7553,41.79285],[-87.75588,41.79283],[-87.75635,41.79283],[-87.75683,41.79282],[-87.75703,41.79282],[-87.75715,41.79281],[-87.75769,41.79281],[-87.75815,41.7928],[-87.75831,41.7928],[-87.75864,41.79279],[-87.75926,41.79278],[-87.75987,41.79277],[-87.76002,41.79277],[-87.76054,41.79276],[-87.76133,41.79275],[-87.7617,41.79275],[-87.7623,41.79274],[-87.7623,41.79251],[-87.76228,41.79207],[-87.76224,41.7909],[-87.76221,41.79025],[-87.7622,41.78986],[-87.76214,41.78834],[-87.76212,41.78805],[-87.7621,41.78748],[-87.76209,41.78725],[-87.76209,41.78724],[-87.76207,41.78674],[-87.76206,41.78642],[-87.76203,41.78552],[-87.76202,41.78533],[-87.76201,41.78502],[-87.76197,41.7841],[-87.76196,41.78391],[-87.76194,41.78331],[-87.76193,41.78316],[-87.7619,41.78242],[-87.76187,41.78172],[-87.76183,41.7807],[-87.76182,41.78049],[-87.7618,41.78002],[-87.76178,41.77942],[-87.76175,41.77899],[-87.76172,41.77824],[-87.76171,41.77805],[-87.76104,41.77807],[-87.76071,41.77807],[-87.76004,41.77809],[-87.75891,41.77811],[-87.75843,41.77812],[-87.75817,41.77812],[-87.75726,41.77814],[-87.75636,41.77816],[-87.7558,41.77817],[-87.75565,41.77817],[-87.75493,41.77818],[-87.75433,41.7782],[-87.75377,41.77821],[-87.75342,41.77821],[-87.75322,41.77822],[-87.75314,41.77822],[-87.75296,41.77822],[-87.75255,41.77823],[-87.75201,41.77824],[-87.7515,41.77825],[-87.75095,41.77826],[-87.75035,41.77827],[-87.74969,41.77829],[-87.74956,41.77829],[-87.74883,41.7783],[-87.74836,41.77831],[-87.7479,41.77832],[-87.74682,41.77834],[-87.74551,41.77837],[-87.74504,41.77838],[-87.74435,41.77839],[-87.74306,41.77842],[-87.74229,41.77843],[-87.74231,41.77891],[-87.74234,41.77972],[-87.74235,41.78026],[-87.74236,41.7806],[-87.74237,41.78096],[-87.74241,41.78194],[-87.74242,41.78241],[-87.74219,41.78321],[-87.7414,41.78432],[-87.74002,41.78428],[-87.73951,41.7844],[-87.73892,41.78504],[-87.73862,41.78548],[-87.73789,41.78578],[-87.73762,41.78578],[-87.73746,41.78396],[-87.73725,41.78396],[-87.73698,41.78397],[-87.73653,41.78397],[-87.73582,41.78398],[-87.73269,41.78401],[-87.73268,41.78366],[-87.73267,41.78333],[-87.73263,41.78219],[-87.7326,41.78102],[-87.73259,41.78074],[-87.73256,41.77992],[-87.73255,41.77953],[-87.73253,41.77879],[-87.73253,41.77854],[-87.7313,41.77856],[-87.73073,41.77856],[-87.72928,41.77858],[-87.72868,41.77859],[-87.72764,41.7786],[-87.72666,41.77861],[-87.72598,41.77862],[-87.72564,41.77862],[-87.7252,41.77863],[-87.7253,41.78227],[-87.72775,41.78224],[-87.72785,41.78589]]]},"properties":{"level":"es","grades":"K–4","id":"610117","name":"Louis Pasteur Elementary School","url":"https://www.cps.edu/schools/schoolprofiles/610117","x":-87.73267,"y":41.7869}},{"type":"Feature","geometry":{"type":"Polygon","coordinates":[[[-87.73357,41.93535],[-87.73359,41.93538],[-87.73387,41.93538],[-87.7339,41.93537],[-87.73391,41.93535],[-87.73392,41.93536],[-87.73395,41.93538],[-87.73405,41.93538],[-87.73527,41.93536],[-87.7354,41.93536],[-87.73556,41.93535],[-87.73609,41.93535],[-87.73641,41.93535],[-87.73692,41.93533],[-87.73753,41.9353],[-87.73815,41.9353],[-87.7386,41.93529],[-87.73876,41.93529],[-87.73937,41.93528],[-87.74004,41.93527],[-87.7408,41.93526],[-87.74217,41.93527],[-87.74216,41.93497],[-87.74215,41.93467],[-87.74214,41.93437],[-87.74213,41.93411],[-87.74212,41.93384],[-87.74211,41.93355],[-87.74204,41.93168],[-87.74193,41.93159],[-87.74415,41.93157],[-87.74416,41.93209],[-87.7442,41.93309],[-87.74421,41.93339],[-87.7454,41.93337],[-87.74599,41.93337],[-87.74667,41.93335],[-87.74665,41.93299],[-87.74664,41.93265],[-87.74662,41.93215],[-87.7466,41.9317],[-87.74659,41.93153],[-87.74657,41.9308],[-87.74654,41.93032],[-87.74652,41.92965],[-87.74648,41.92882],[-87.74646,41.92833],[-87.74645,41.92791],[-87.74639,41.92653],[-87.74638,41.92623],[-87.74419,41.92626],[-87.74298,41.92627],[-87.74251,41.92628],[-87.7419,41.92596],[-87.74186,41.92494],[-87.74184,41.9243],[-87.74179,41.9243],[-87.74172,41.9243],[-87.74161,41.9243],[-87.74139,41.92431],[-87.74085,41.92431],[-87.739,41.92434],[-87.73779,41.92435],[-87.73412,41.9244],[-87.73423,41.92802],[-87.73276,41.92804],[-87.73084,41.92807],[-87.73011,41.92807],[-87.72972,41.92808],[-87.72971,41.92808],[-87.72973,41.92812],[-87.7298,41.92819],[-87.7299,41.92834],[-87.73026,41.92904],[-87.73042,41.92935],[-87.73048,41.92946],[-87.7306,41.9297],[-87.73091,41.93029],[-87.73107,41.9306],[-87.7313,41.93104],[-87.73141,41.93125],[-87.73152,41.93148],[-87.73162,41.93166],[-87.73165,41.93173],[-87.73191,41.93222],[-87.73196,41.93232],[-87.73209,41.93257],[-87.7322,41.93278],[-87.73224,41.93287],[-87.73235,41.93307],[-87.73273,41.93374],[-87.73277,41.93381],[-87.73283,41.93392],[-87.73283,41.93397],[-87.73283,41.934],[-87.73287,41.93408],[-87.73296,41.93418],[-87.73305,41.93434],[-87.73314,41.93453],[-87.73322,41.93467],[-87.73326,41.93475],[-87.73335,41.93493],[-87.73341,41.93504],[-87.73344,41.9351],[-87.73347,41.93515],[-87.73354,41.93529],[-87.73356,41.93532],[-87.73357,41.93535]]]},"properties":{"level":"es","grades":"K–6","id":"609789","name":"John Barry Elementary School","url":"https://www.cps.edu/schools/schoolprofiles/609789","x":-87.73939,"y":41.93251}},{"type":"Feature","geometry":{"type":"Polygon","coordinates":[[[-87.72751,41.95003],[-87.74052,41.94987],[-87.74011,41.94901],[-87.74266,41.95056],[-87.74253,41.94618],[-87.74706,41.94612],[-87.74701,41.9443],[-87.74701,41.94421],[-87.74699,41.94352],[-87.74697,41.94274],[-87.74696,41.94248],[-87.74611,41.94249],[-87.74562,41.9425],[-87.74492,41.94251],[-87.7446,41.94251],[-87.74416,41.94252],[-87.744,41.94252],[-87.74365,41.94253],[-87.74327,41.94253],[-87.74296,41.94253],[-87.74247,41.94253],[-87.74242,41.94232],[-87.74241,41.94199],[-87.74241,41.94183],[-87.7424,41.94138],[-87.74239,41.94125],[-87.74238,41.94092],[-87.74235,41.93995],[-87.74235,41.93971],[-87.74233,41.93917],[-87.74233,41.93889],[-87.74232,41.93889],[-87.74232,41.9388],[-87.7423,41.9388],[-87.7423,41.93859],[-87.74229,41.93845],[-87.74228,41.93822],[-87.74228,41.93806],[-87.74226,41.93757],[-87.74225,41.93726],[-87.74223,41.93671],[-87.74222,41.93644],[-87.7422,41.93599],[-87.74219,41.93585],[-87.74218,41.93553],[-87.74217,41.93527],[-87.7408,41.93526],[-87.74004,41.93527],[-87.73937,41.93528],[-87.73876,41.93529],[-87.7386,41.93529],[-87.73815,41.9353],[-87.73753,41.9353],[-87.73692,41.93533],[-87.73641,41.93535],[-87.73609,41.93535],[-87.73556,41.93535],[-87.7354,41.93536],[-87.73527,41.93536],[-87.73405,41.93538],[-87.73395,41.93538],[-87.73392,41.93536],[-87.73391,41.93535],[-87.7339,41.93537],[-87.73387,41.93538],[-87.73359,41.93538],[-87.73357,41.93535],[-87.72954,41.93541],[-87.7297,41.94086],[-87.72724,41.94088],[-87.72725,41.94117],[-87.72751,41.95003]]]},"properties":{"level":"es","grades":"K–8","id":"610159","name":"Jonathan Y Scammon Elementary School","url":"https://www.cps.edu/schools/schoolprofiles/610159","x":-87.73218,"y":41.94168}},{"type":"Feature","geometry":{"type":"Polygon","coordinates":[[[-87.71977,41.94647],[-87.727,41.95058],[-87.72753,41.95091],[-87.72751,41.95003],[-87.72725,41.94117],[-87.72684,41.94092],[-87.72235,41.94098],[-87.72229,41.93916],[-87.72187,41.93916],[-87.72185,41.93788],[-87.71728,41.93509],[-87.7153,41.93389],[-87.71241,41.93663],[-87.71243,41.93746],[-87.71,41.93749],[-87.71005,41.93931],[-87.70844,41.93932],[-87.7108,41.94057],[-87.71373,41.94132],[-87.71464,41.94163],[-87.71597,41.94237],[-87.71693,41.9432],[-87.7188,41.94592],[-87.71977,41.94647]]]},"properties":{"level":"es","grades":"K–8","id":"610144","name":"Frank W Reilly Elementary School","url":"https://www.cps.edu/schools/schoolprofiles/610144","x":-87.71954,"y":41.94109}},{"type":"Feature","geometry":{"type":"Polygon","coordinates":[[[-87.69016,42.00863],[-87.69497,42.00856],[-87.69497,42.00946],[-87.69976,42.00936],[-87.69983,42.00487],[-87.69964,41.99756],[-87.6944,41.99765],[-87.69276,41.99768],[-87.69142,41.99771],[-87.69032,41.99772],[-87.68988,41.99773],[-87.68989,41.99795],[-87.68991,41.99865],[-87.68993,41.99954],[-87.68994,42.00001],[-87.68998,42.00137],[-87.69,42.00232],[-87.69002,42.00291],[-87.69003,42.00338],[-87.69004,42.00389],[-87.69006,42.0045],[-87.69007,42.00481],[-87.69008,42.00553],[-87.69009,42.00593],[-87.6901,42.00613],[-87.6901,42.00625],[-87.6901,42.00649],[-87.69012,42.00703],[-87.69013,42.00726],[-87.69013,42.00747],[-87.69013,42.00763],[-87.69014,42.00774],[-87.69014,42.0079],[-87.69016,42.00863]]]},"properties":{"level":"es","grades":"K–8","id":"609804","name":"Mosaic School of Fine Arts","url":"https://www.cps.edu/schools/schoolprofiles/609804","x":-87.69746,"y":42.00341}},{"type":"Feature","geometry":{"type":"Polygon","coordinates":[[[-87.69976,42.00936],[-87.69975,42.01027],[-87.70449,42.01016],[-87.70445,42.01196],[-87.70906,42.01186],[-87.70907,42.01165],[-87.70909,42.01142],[-87.70911,42.01124],[-87.70914,42.01096],[-87.70917,42.0107],[-87.70918,42.01059],[-87.70919,42.01043],[-87.7092,42.01018],[-87.70921,42.00975],[-87.70922,42.00951],[-87.70922,42.00941],[-87.70923,42.009],[-87.70924,42.00868],[-87.70925,42.00818],[-87.70926,42.00794],[-87.70926,42.00778],[-87.70927,42.00739],[-87.70928,42.00723],[-87.70928,42.00687],[-87.7093,42.00617],[-87.70931,42.00585],[-87.70934,42.00492],[-87.70935,42.00416],[-87.70936,42.00379],[-87.70936,42.00361],[-87.70936,42.00338],[-87.70936,42.00316],[-87.70936,42.00291],[-87.70936,42.00248],[-87.70937,42.0018],[-87.70937,42.00171],[-87.70937,42.00151],[-87.70937,42.00144],[-87.70937,42.00103],[-87.70937,42.00075],[-87.70937,41.99988],[-87.70937,41.99979],[-87.70936,41.99869],[-87.70936,41.99818],[-87.70936,41.99806],[-87.70935,41.99783],[-87.70935,41.99752],[-87.70945,41.99739],[-87.70964,41.99738],[-87.70991,41.99738],[-87.71067,41.99737],[-87.71051,41.99583],[-87.71016,41.99402],[-87.70954,41.99172],[-87.709,41.99144],[-87.70919,41.99234],[-87.70924,41.99385],[-87.70447,41.99389],[-87.70194,41.99395],[-87.702,41.99574],[-87.69958,41.99577],[-87.69964,41.99756],[-87.69983,42.00487],[-87.69976,42.00936]]]},"properties":{"level":"es","grades":"K–8","id":"610542","name":"West Ridge Elementary School","url":"https://www.cps.edu/schools/schoolprofiles/610542","x":-87.70592,"y":42.00296}},{"type":"Feature","geometry":{"type":"Polygon","coordinates":[[[-87.77629,41.94028],[-87.7763,41.94074],[-87.77633,41.94138],[-87.77634,41.94161],[-87.77636,41.94211],[-87.77793,41.94209],[-87.77879,41.94208],[-87.77947,41.94207],[-87.78041,41.94206],[-87.78122,41.94205],[-87.7834,41.94203],[-87.78415,41.94202],[-87.78551,41.94201],[-87.7856,41.942],[-87.78621,41.94199],[-87.78613,41.94015],[-87.78606,41.93844],[-87.78591,41.93753],[-87.78558,41.92734],[-87.76976,41.92758],[-87.76978,41.92799],[-87.7698,41.92844],[-87.76981,41.92893],[-87.76984,41.92976],[-87.76988,41.93077],[-87.76989,41.93123],[-87.77232,41.93119],[-87.77257,41.9385],[-87.77403,41.93848],[-87.77532,41.93846],[-87.77621,41.93845],[-87.77622,41.93875],[-87.77623,41.93891],[-87.77624,41.9391],[-87.77626,41.9396],[-87.77627,41.93978],[-87.77629,41.94028]]]},"properties":{"level":"es","grades":"K–8","id":"610046","name":"Mary Lyon Elementary School","url":"https://www.cps.edu/schools/schoolprofiles/610046","x":-87.77717,"y":41.93419}},{"type":"Feature","geometry":{"type":"Polygon","coordinates":[[[-87.75914,41.93867],[-87.75801,41.93868],[-87.75669,41.9387],[-87.7567,41.93896],[-87.75671,41.93916],[-87.75671,41.93917],[-87.75672,41.93961],[-87.75673,41.93975],[-87.75674,41.94007],[-87.75675,41.94053],[-87.76656,41.9404],[-87.77337,41.94032],[-87.77436,41.94031],[-87.77515,41.9403],[-87.77572,41.94029],[-87.77592,41.94028],[-87.77629,41.94028],[-87.77627,41.93978],[-87.77626,41.9396],[-87.77624,41.9391],[-87.77623,41.93891],[-87.77622,41.93875],[-87.77621,41.93845],[-87.77532,41.93846],[-87.77403,41.93848],[-87.77257,41.9385],[-87.77232,41.93119],[-87.76989,41.93123],[-87.7699,41.93164],[-87.76997,41.93355],[-87.77,41.93433],[-87.77002,41.93488],[-87.76966,41.93488],[-87.7688,41.93489],[-87.76777,41.93491],[-87.76733,41.93492],[-87.76637,41.93493],[-87.76576,41.93494],[-87.76392,41.93496],[-87.76372,41.93496],[-87.7633,41.93497],[-87.76213,41.93498],[-87.76188,41.93498],[-87.761,41.935],[-87.76037,41.935],[-87.75936,41.93502],[-87.75899,41.93502],[-87.75901,41.93551],[-87.75903,41.93593],[-87.75908,41.93729],[-87.75909,41.93776],[-87.75914,41.93867]]]},"properties":{"level":"es","grades":"K–8","id":"610539","name":"Marvin Camras Elementary School","url":"https://www.cps.edu/schools/schoolprofiles/610539","x":-87.77013,"y":41.93493}},{"type":"Feature","geometry":{"type":"Polygon","coordinates":[[[-87.75897,41.93427],[-87.75899,41.93502],[-87.75936,41.93502],[-87.76037,41.935],[-87.761,41.935],[-87.76188,41.93498],[-87.76213,41.93498],[-87.7633,41.93497],[-87.76372,41.93496],[-87.76392,41.93496],[-87.76576,41.93494],[-87.76637,41.93493],[-87.76733,41.93492],[-87.76777,41.93491],[-87.7688,41.93489],[-87.76966,41.93488],[-87.77002,41.93488],[-87.77,41.93433],[-87.76997,41.93355],[-87.7699,41.93164],[-87.76989,41.93123],[-87.76988,41.93077],[-87.76984,41.92976],[-87.76981,41.92893],[-87.7698,41.92844],[-87.76978,41.92799],[-87.76976,41.92758],[-87.76972,41.92621],[-87.76971,41.92595],[-87.7697,41.92575],[-87.7687,41.92577],[-87.76781,41.92578],[-87.76727,41.92579],[-87.76666,41.9258],[-87.76623,41.9258],[-87.76605,41.9258],[-87.76566,41.92581],[-87.76543,41.92581],[-87.76359,41.92584],[-87.76244,41.92585],[-87.76133,41.92586],[-87.76113,41.92588],[-87.76101,41.92589],[-87.76051,41.92589],[-87.75967,41.9259],[-87.75897,41.92591],[-87.75754,41.92595],[-87.75591,41.92597],[-87.75428,41.92599],[-87.75375,41.926],[-87.75129,41.92603],[-87.75136,41.92785],[-87.75138,41.9283],[-87.7514,41.92875],[-87.75141,41.9292],[-87.75144,41.92982],[-87.75145,41.93011],[-87.75147,41.93056],[-87.75149,41.93101],[-87.75151,41.93147],[-87.7518,41.93146],[-87.75419,41.93143],[-87.75501,41.93142],[-87.75642,41.9314],[-87.75642,41.93151],[-87.75644,41.93186],[-87.75649,41.93323],[-87.75651,41.93368],[-87.75652,41.93401],[-87.75673,41.93413],[-87.75713,41.93413],[-87.75857,41.93411],[-87.75897,41.93427]]]},"properties":{"level":"es","grades":"K–5","id":"610165","name":"Franz Peter Schubert Elementary School","url":"https://www.cps.edu/schools/schoolprofiles/610165","x":-87.76119,"y":41.9304}},{"type":"Feature","geometry":{"type":"Polygon","coordinates":[[[-87.76592,41.94589],[-87.7664,41.94588],[-87.76676,41.94588],[-87.76678,41.94644],[-87.7668,41.94701],[-87.76682,41.9477],[-87.77657,41.94759],[-87.7765,41.94577],[-87.78631,41.94566],[-87.78635,41.94522],[-87.78633,41.94475],[-87.78631,41.94418],[-87.78623,41.94249],[-87.78621,41.94199],[-87.7856,41.942],[-87.78551,41.94201],[-87.78415,41.94202],[-87.7834,41.94203],[-87.78122,41.94205],[-87.78041,41.94206],[-87.77947,41.94207],[-87.77879,41.94208],[-87.77793,41.94209],[-87.77636,41.94211],[-87.77634,41.94161],[-87.77633,41.94138],[-87.7763,41.94074],[-87.77629,41.94028],[-87.77592,41.94028],[-87.77572,41.94029],[-87.77515,41.9403],[-87.77436,41.94031],[-87.77337,41.94032],[-87.76656,41.9404],[-87.75675,41.94053],[-87.75676,41.94072],[-87.75676,41.94098],[-87.75678,41.94144],[-87.7568,41.94205],[-87.75681,41.94235],[-87.75682,41.94299],[-87.75684,41.94338],[-87.75684,41.94358],[-87.75685,41.94372],[-87.75686,41.94418],[-87.75764,41.94417],[-87.75958,41.94414],[-87.7603,41.94413],[-87.7612,41.94412],[-87.76178,41.94426],[-87.76182,41.94548],[-87.76184,41.94594],[-87.76272,41.94593],[-87.76407,41.94591],[-87.76491,41.9459],[-87.76592,41.94589]]]},"properties":{"level":"es","grades":"K–8","id":"610145","name":"Peter A Reinberg Elementary School","url":"https://www.cps.edu/schools/schoolprofiles/610145","x":-87.76898,"y":41.94302}},{"type":"Feature","geometry":{"type":"Polygon","coordinates":[[[-87.69598,41.78433],[-87.69599,41.78499],[-87.696,41.78529],[-87.69601,41.78543],[-87.69601,41.78569],[-87.69603,41.78622],[-87.69603,41.78637],[-87.69605,41.78682],[-87.69605,41.78683],[-87.69606,41.78743],[-87.69608,41.78808],[-87.69609,41.78831],[-87.6961,41.78878],[-87.69612,41.78955],[-87.69614,41.79001],[-87.69677,41.79],[-87.69736,41.78999],[-87.7108,41.78977],[-87.71071,41.78642],[-87.71064,41.78604],[-87.71061,41.78568],[-87.7106,41.78532],[-87.7106,41.78502],[-87.71059,41.78491],[-87.71059,41.78464],[-87.71058,41.78458],[-87.71032,41.78432],[-87.71008,41.78432],[-87.70975,41.78433],[-87.70815,41.78435],[-87.70804,41.78072],[-87.70729,41.78074],[-87.70685,41.78074],[-87.70604,41.78076],[-87.70546,41.78076],[-87.70532,41.78077],[-87.70503,41.78077],[-87.70469,41.78078],[-87.70431,41.78078],[-87.70382,41.78079],[-87.70349,41.7808],[-87.70319,41.7808],[-87.70319,41.78104],[-87.7032,41.78122],[-87.7032,41.78125],[-87.7032,41.78136],[-87.70321,41.7816],[-87.70321,41.78167],[-87.70322,41.78181],[-87.70323,41.7821],[-87.70325,41.78261],[-87.70284,41.78261],[-87.70218,41.78262],[-87.70131,41.78264],[-87.70087,41.78265],[-87.70042,41.78265],[-87.70004,41.78266],[-87.69949,41.78266],[-87.69904,41.78267],[-87.69893,41.78267],[-87.69837,41.78268],[-87.69786,41.78269],[-87.69766,41.78269],[-87.6973,41.7827],[-87.69715,41.7827],[-87.69675,41.78271],[-87.69654,41.78271],[-87.69619,41.78272],[-87.69593,41.78272],[-87.69594,41.78295],[-87.69595,41.78319],[-87.69595,41.78346],[-87.69597,41.78405],[-87.69598,41.78433]]]},"properties":{"level":"es","grades":"K–5","id":"610203","name":"Monarcas Academy","url":"https://www.cps.edu/schools/schoolprofiles/610203","x":-87.70818,"y":41.78752}},{"type":"Feature","geometry":{"type":"Polygon","coordinates":[[[-87.73816,41.79949],[-87.73818,41.80017],[-87.73818,41.80039],[-87.73823,41.80278],[-87.73824,41.80308],[-87.73826,41.80383],[-87.73826,41.80398],[-87.73826,41.80403],[-87.75284,41.80384],[-87.75283,41.80346],[-87.75282,41.80329],[-87.75281,41.80295],[-87.75279,41.80234],[-87.75279,41.80212],[-87.75279,41.80211],[-87.75278,41.80194],[-87.75278,41.80185],[-87.75278,41.80168],[-87.75277,41.80162],[-87.75277,41.80143],[-87.75276,41.8011],[-87.75275,41.80093],[-87.75275,41.80082],[-87.75275,41.80064],[-87.75274,41.80057],[-87.75274,41.80044],[-87.75274,41.80019],[-87.75294,41.80018],[-87.75326,41.80018],[-87.75349,41.80017],[-87.75396,41.80017],[-87.75457,41.80016],[-87.75483,41.80016],[-87.75492,41.80015],[-87.7567,41.80013],[-87.75701,41.80012],[-87.75728,41.80012],[-87.75763,41.80011],[-87.75823,41.80011],[-87.75824,41.80011],[-87.75855,41.8001],[-87.7591,41.8001],[-87.75941,41.80009],[-87.75946,41.80009],[-87.76007,41.80008],[-87.76061,41.80008],[-87.76065,41.80008],[-87.76091,41.80007],[-87.76149,41.80006],[-87.76211,41.80005],[-87.76253,41.80006],[-87.76337,41.80006],[-87.76363,41.80005],[-87.76386,41.80005],[-87.76465,41.80004],[-87.76482,41.80004],[-87.76496,41.80003],[-87.76504,41.80003],[-87.76521,41.80003],[-87.76528,41.80003],[-87.76556,41.80002],[-87.76595,41.80001],[-87.76659,41.8],[-87.76678,41.8],[-87.76709,41.79999],[-87.7674,41.79998],[-87.76818,41.79997],[-87.76837,41.79996],[-87.76915,41.79995],[-87.76939,41.79994],[-87.7697,41.79994],[-87.77003,41.79993],[-87.77015,41.79993],[-87.77039,41.79992],[-87.77062,41.79992],[-87.77095,41.79991],[-87.77111,41.79991],[-87.77128,41.79991],[-87.77145,41.7999],[-87.77182,41.7999],[-87.7729,41.79986],[-87.77329,41.79985],[-87.77385,41.79983],[-87.77411,41.79983],[-87.77448,41.79982],[-87.77455,41.79982],[-87.7747,41.79981],[-87.77454,41.79384],[-87.7745,41.79249],[-87.76485,41.79269],[-87.76463,41.78719],[-87.76423,41.7872],[-87.76209,41.78725],[-87.7621,41.78748],[-87.76212,41.78805],[-87.76214,41.78834],[-87.7622,41.78986],[-87.76221,41.79025],[-87.76224,41.7909],[-87.76228,41.79207],[-87.7623,41.79251],[-87.7623,41.79274],[-87.7617,41.79275],[-87.76133,41.79275],[-87.76054,41.79276],[-87.76002,41.79277],[-87.75987,41.79277],[-87.75926,41.79278],[-87.75864,41.79279],[-87.75831,41.7928],[-87.75815,41.7928],[-87.75769,41.79281],[-87.75715,41.79281],[-87.75703,41.79282],[-87.75683,41.79282],[-87.75635,41.79283],[-87.75588,41.79283],[-87.7553,41.79285],[-87.75486,41.79285],[-87.75454,41.79286],[-87.75394,41.79287],[-87.75303,41.79288],[-87.75288,41.79288],[-87.75218,41.79289],[-87.7515,41.7929],[-87.75112,41.79291],[-87.7505,41.79292],[-87.75011,41.79292],[-87.74943,41.79293],[-87.74874,41.79294],[-87.74786,41.79296],[-87.74772,41.79296],[-87.74656,41.79297],[-87.74591,41.79298],[-87.74545,41.79299],[-87.74495,41.793],[-87.74446,41.793],[-87.74397,41.79301],[-87.74266,41.79302],[-87.74198,41.79303],[-87.74146,41.79304],[-87.7407,41.79305],[-87.74032,41.79305],[-87.73982,41.79306],[-87.73921,41.79307],[-87.73849,41.79307],[-87.73837,41.79307],[-87.73832,41.79307],[-87.73804,41.79307],[-87.73798,41.79307],[-87.73795,41.79307],[-87.73785,41.79307],[-87.73786,41.79317],[-87.73788,41.79363],[-87.73788,41.79375],[-87.7379,41.79378],[-87.73801,41.79392],[-87.73801,41.79402],[-87.73801,41.79409],[-87.73801,41.79413],[-87.73801,41.79417],[-87.73802,41.79428],[-87.73802,41.79434],[-87.73804,41.79495],[-87.73804,41.79525],[-87.73806,41.79576],[-87.73806,41.79589],[-87.73806,41.79598],[-87.73809,41.7969],[-87.73814,41.7986],[-87.73816,41.79945],[-87.73816,41.79949]]]},"properties":{"level":"es","grades":"K–8","id":"610206","name":"Mark Twain Elementary School","url":"https://www.cps.edu/schools/schoolprofiles/610206","x":-87.75893,"y":41.79905}},{"type":"Feature","geometry":{"type":"Polygon","coordinates":[[[-87.57782,41.69732],[-87.57927,41.69952],[-87.58008,41.7009],[-87.58406,41.7069],[-87.58419,41.70719],[-87.58447,41.7078],[-87.58605,41.70777],[-87.58532,41.70906],[-87.5849,41.71072],[-87.58488,41.71205],[-87.58494,41.714],[-87.58498,41.71485],[-87.58499,41.71507],[-87.58504,41.71578],[-87.58506,41.71741],[-87.58518,41.71603],[-87.58536,41.71533],[-87.58545,41.71511],[-87.58547,41.71506],[-87.5855,41.71503],[-87.58555,41.71494],[-87.58595,41.71451],[-87.58726,41.71383],[-87.58813,41.71367],[-87.5937,41.71356],[-87.59851,41.71349],[-87.60136,41.7136],[-87.60512,41.71359],[-87.60519,41.7133],[-87.60527,41.71292],[-87.60905,41.71286],[-87.60894,41.70921],[-87.61138,41.70917],[-87.61128,41.70553],[-87.60745,41.70558],[-87.60954,41.69644],[-87.60901,41.69644],[-87.60607,41.69653],[-87.59621,41.69681],[-87.5959,41.69681],[-87.5957,41.69682],[-87.59532,41.69683],[-87.57782,41.69732]]]},"properties":{"level":"es","grades":"K–8","id":"609978","name":"Wendell Smith Elementary School","url":"https://www.cps.edu/schools/schoolprofiles/609978","x":-87.60466,"y":41.70756}},{"type":"Feature","geometry":{"type":"Polygon","coordinates":[[[-87.63699,41.84748],[-87.6371,41.8509],[-87.63717,41.85282],[-87.63722,41.8545],[-87.6375,41.85484],[-87.63746,41.85501],[-87.63716,41.85511],[-87.63695,41.85569],[-87.63706,41.85562],[-87.63748,41.85533],[-87.63904,41.85457],[-87.63965,41.85395],[-87.64034,41.85299],[-87.64075,41.85237],[-87.64159,41.85122],[-87.64238,41.85027],[-87.64332,41.84969],[-87.64415,41.84949],[-87.64453,41.84945],[-87.64647,41.84927],[-87.6468,41.84921],[-87.64759,41.84894],[-87.64864,41.84861],[-87.64964,41.8484],[-87.651,41.84831],[-87.65144,41.84821],[-87.65189,41.84812],[-87.65312,41.84795],[-87.6563,41.84835],[-87.65655,41.84834],[-87.65673,41.8483],[-87.65759,41.84797],[-87.6589,41.84717],[-87.65933,41.84685],[-87.66077,41.84584],[-87.66013,41.84466],[-87.65703,41.84636],[-87.6565,41.84655],[-87.65405,41.84679],[-87.65369,41.8466],[-87.6531,41.84677],[-87.65251,41.84635],[-87.65184,41.84662],[-87.65059,41.84522],[-87.65236,41.84436],[-87.64996,41.84154],[-87.64637,41.84166],[-87.64624,41.83646],[-87.64619,41.8344],[-87.64035,41.83448],[-87.63738,41.83452],[-87.63688,41.83452],[-87.63666,41.83452],[-87.6366,41.83453],[-87.63661,41.83461],[-87.63703,41.83461],[-87.63704,41.83484],[-87.63706,41.83581],[-87.63706,41.83604],[-87.63686,41.83625],[-87.6367,41.83626],[-87.63686,41.83643],[-87.63707,41.83643],[-87.63708,41.8366],[-87.63706,41.83672],[-87.6369,41.83672],[-87.63669,41.83673],[-87.63675,41.83677],[-87.63708,41.83678],[-87.63708,41.83693],[-87.6371,41.83745],[-87.6371,41.83753],[-87.6371,41.83769],[-87.63701,41.83772],[-87.63668,41.83773],[-87.63668,41.83777],[-87.63685,41.83777],[-87.6371,41.83777],[-87.63711,41.83797],[-87.63711,41.83804],[-87.63684,41.83808],[-87.63677,41.83808],[-87.63669,41.83817],[-87.63693,41.84546],[-87.63695,41.84603],[-87.63698,41.84707],[-87.63698,41.8472],[-87.63699,41.84736],[-87.63699,41.84748]]]},"properties":{"level":"es","grades":"K–8","id":"609979","name":"Robert Healy Elementary School","url":"https://www.cps.edu/schools/schoolprofiles/609979","x":-87.64034,"y":41.8396}},{"type":"Feature","geometry":{"type":"Polygon","coordinates":[[[-87.73884,41.82091],[-87.73885,41.82152],[-87.73886,41.82185],[-87.73886,41.82211],[-87.739,41.82211],[-87.73931,41.82211],[-87.73979,41.8221],[-87.73991,41.8221],[-87.74076,41.82209],[-87.7411,41.82208],[-87.7414,41.82208],[-87.74145,41.82208],[-87.74175,41.82207],[-87.7422,41.82207],[-87.74271,41.82206],[-87.74278,41.82206],[-87.7435,41.82205],[-87.74353,41.82205],[-87.74397,41.82204],[-87.74443,41.82204],[-87.74476,41.82203],[-87.74476,41.82201],[-87.74475,41.82139],[-87.74474,41.82058],[-87.74474,41.8205],[-87.74474,41.82042],[-87.74473,41.82002],[-87.74472,41.81964],[-87.74472,41.81947],[-87.74472,41.81926],[-87.74471,41.81916],[-87.74471,41.81914],[-87.74471,41.81909],[-87.74471,41.81894],[-87.74471,41.81874],[-87.7447,41.81837],[-87.74469,41.818],[-87.74469,41.81781],[-87.74468,41.81732],[-87.74467,41.81696],[-87.74467,41.81686],[-87.74467,41.81667],[-87.74466,41.81634],[-87.74466,41.81607],[-87.74495,41.81587],[-87.74517,41.8158],[-87.74599,41.81554],[-87.74691,41.81525],[-87.74771,41.815],[-87.74788,41.81495],[-87.74816,41.81486],[-87.74825,41.81483],[-87.74836,41.8148],[-87.74837,41.81479],[-87.74901,41.81459],[-87.74927,41.81451],[-87.75088,41.814],[-87.75177,41.81372],[-87.75308,41.81331],[-87.75307,41.81297],[-87.75304,41.81176],[-87.75301,41.81054],[-87.75299,41.80959],[-87.75298,41.80932],[-87.75297,41.80878],[-87.75293,41.80748],[-87.75289,41.80585],[-87.75289,41.8058],[-87.75289,41.80567],[-87.75288,41.80524],[-87.75287,41.8051],[-87.75286,41.8047],[-87.75285,41.80445],[-87.75284,41.80384],[-87.73826,41.80403],[-87.73827,41.8041],[-87.73827,41.80434],[-87.73828,41.80476],[-87.73829,41.80491],[-87.7383,41.80539],[-87.73831,41.80568],[-87.73833,41.80645],[-87.73837,41.80768],[-87.73857,41.80826],[-87.7386,41.80949],[-87.7386,41.8096],[-87.73862,41.81031],[-87.73863,41.81079],[-87.73863,41.81113],[-87.73864,41.81146],[-87.73867,41.81275],[-87.73869,41.81385],[-87.73871,41.81455],[-87.73871,41.81477],[-87.73873,41.81571],[-87.73875,41.81644],[-87.73875,41.81673],[-87.73876,41.81701],[-87.73877,41.81758],[-87.73878,41.81786],[-87.73873,41.81825],[-87.73869,41.81866],[-87.73867,41.81888],[-87.73867,41.81893],[-87.73867,41.81908],[-87.73868,41.81923],[-87.73888,41.81959],[-87.73889,41.81972],[-87.73889,41.81988],[-87.73884,41.82091]]]},"properties":{"level":"es","grades":"K–8","id":"609981","name":"Phoebe Apperson Hearst Elementary School","url":"https://www.cps.edu/schools/schoolprofiles/609981","x":-87.74573,"y":41.80817}},{"type":"Feature","geometry":{"type":"Polygon","coordinates":[[[-87.66983,41.80856],[-87.67974,41.80846],[-87.67979,41.80846],[-87.68077,41.80845],[-87.68172,41.80844],[-87.68387,41.80842],[-87.68387,41.8083],[-87.68382,41.80711],[-87.68382,41.80692],[-87.68381,41.80643],[-87.68379,41.80599],[-87.68379,41.80582],[-87.68379,41.8058],[-87.68378,41.80569],[-87.68376,41.8048],[-87.68375,41.80454],[-87.68375,41.8045],[-87.68374,41.80438],[-87.68359,41.80437],[-87.68328,41.80438],[-87.68303,41.80438],[-87.68252,41.80438],[-87.68242,41.80439],[-87.68221,41.80439],[-87.68191,41.80439],[-87.68176,41.80442],[-87.68165,41.80444],[-87.68092,41.80445],[-87.68072,41.80445],[-87.68058,41.80445],[-87.6802,41.80445],[-87.67997,41.80445],[-87.67967,41.80446],[-87.67963,41.80443],[-87.67968,41.80441],[-87.67992,41.80433],[-87.67992,41.80421],[-87.67992,41.80413],[-87.67992,41.804],[-87.67991,41.80389],[-87.67991,41.80368],[-87.6799,41.80353],[-87.67961,41.80344],[-87.67982,41.80344],[-87.6799,41.80343],[-87.6799,41.8033],[-87.67989,41.80316],[-87.67989,41.80309],[-87.67974,41.80309],[-87.67965,41.80309],[-87.6796,41.80301],[-87.6796,41.803],[-87.67455,41.80305],[-87.67459,41.80487],[-87.67095,41.80491],[-87.67099,41.80672],[-87.66978,41.80674],[-87.66983,41.80856]]]},"properties":{"level":"es","grades":"K–8","id":"609983","name":"James Hedges Elementary School","url":"https://www.cps.edu/schools/schoolprofiles/609983","x":-87.67333,"y":41.80711}},{"type":"Feature","geometry":{"type":"Polygon","coordinates":[[[-87.72809,41.87973],[-87.73054,41.8797],[-87.73057,41.88067],[-87.73303,41.88064],[-87.73307,41.88196],[-87.74287,41.88185],[-87.74287,41.88168],[-87.74286,41.88134],[-87.74285,41.8812],[-87.74284,41.88072],[-87.74282,41.88029],[-87.74282,41.8802],[-87.74281,41.87988],[-87.7428,41.87967],[-87.74279,41.87954],[-87.74278,41.87928],[-87.74276,41.87855],[-87.74275,41.87845],[-87.74274,41.87807],[-87.74248,41.87807],[-87.74133,41.87809],[-87.74053,41.8781],[-87.74049,41.8769],[-87.74036,41.87691],[-87.74024,41.87691],[-87.73951,41.87691],[-87.73948,41.876],[-87.73777,41.87603],[-87.73767,41.87329],[-87.73656,41.87339],[-87.73523,41.87392],[-87.73521,41.87313],[-87.73369,41.87352],[-87.73278,41.87361],[-87.73287,41.87609],[-87.72552,41.87618],[-87.72552,41.87647],[-87.72553,41.87663],[-87.72554,41.87696],[-87.72555,41.87709],[-87.72558,41.87798],[-87.72803,41.87795],[-87.72809,41.87973]]]},"properties":{"level":"es","grades":"K–8","id":"609985","name":"Helen M Hefferan Elementary School","url":"https://www.cps.edu/schools/schoolprofiles/609985","x":-87.7358,"y":41.87866}},{"type":"Feature","geometry":{"type":"Polygon","coordinates":[[[-87.66457,41.79366],[-87.66458,41.79402],[-87.67281,41.79393],[-87.6754,41.79391],[-87.67737,41.79388],[-87.67831,41.79387],[-87.67891,41.79387],[-87.67919,41.79386],[-87.67926,41.79386],[-87.67943,41.79386],[-87.67952,41.79386],[-87.67983,41.79386],[-87.68102,41.79384],[-87.68155,41.79384],[-87.68229,41.79383],[-87.68291,41.79382],[-87.68348,41.79385],[-87.68358,41.79386],[-87.68386,41.79389],[-87.68404,41.79388],[-87.68394,41.79021],[-87.68383,41.78653],[-87.67897,41.78657],[-87.66924,41.78669],[-87.6693,41.78851],[-87.66687,41.78854],[-87.66697,41.79218],[-87.66454,41.79221],[-87.66457,41.79366]]]},"properties":{"level":"es","grades":"K–8","id":"609986","name":"Charles R Henderson Elementary School","url":"https://www.cps.edu/schools/schoolprofiles/609986","x":-87.67189,"y":41.79059}},{"type":"Feature","geometry":{"type":"Polygon","coordinates":[[[-87.62944,41.81645],[-87.62956,41.82178],[-87.62946,41.82196],[-87.62948,41.82367],[-87.62967,41.83097],[-87.62983,41.83097],[-87.6364,41.83088],[-87.63642,41.83079],[-87.63652,41.83079],[-87.63654,41.83079],[-87.63684,41.83078],[-87.63736,41.83078],[-87.63758,41.83077],[-87.63758,41.83065],[-87.63757,41.83046],[-87.63757,41.83027],[-87.63756,41.83009],[-87.63756,41.82999],[-87.63756,41.8298],[-87.63755,41.82955],[-87.63754,41.82932],[-87.63753,41.82859],[-87.63752,41.82819],[-87.63751,41.82768],[-87.6375,41.8274],[-87.63734,41.82731],[-87.6366,41.82732],[-87.63649,41.82732],[-87.6364,41.82727],[-87.6364,41.82719],[-87.6365,41.82714],[-87.63684,41.82703],[-87.63684,41.82679],[-87.63663,41.82679],[-87.63654,41.8268],[-87.63639,41.8268],[-87.63683,41.82655],[-87.63683,41.82641],[-87.63658,41.82641],[-87.63638,41.82641],[-87.63638,41.82634],[-87.63637,41.82623],[-87.63658,41.82623],[-87.63682,41.82613],[-87.63682,41.82598],[-87.63671,41.82588],[-87.6365,41.82589],[-87.63637,41.82589],[-87.63642,41.82584],[-87.63681,41.82584],[-87.63681,41.82572],[-87.63681,41.82561],[-87.6368,41.82549],[-87.63652,41.8255],[-87.63636,41.82545],[-87.63635,41.82537],[-87.63639,41.82532],[-87.63672,41.82531],[-87.6368,41.82531],[-87.6368,41.8252],[-87.63679,41.82497],[-87.63643,41.82497],[-87.63634,41.82496],[-87.63634,41.82493],[-87.63646,41.82493],[-87.6366,41.82493],[-87.63673,41.82493],[-87.63679,41.82493],[-87.63678,41.82467],[-87.63678,41.82458],[-87.63665,41.82458],[-87.63647,41.82459],[-87.63633,41.82459],[-87.63633,41.82449],[-87.63633,41.82441],[-87.63651,41.8244],[-87.63673,41.8244],[-87.63678,41.8244],[-87.63678,41.82429],[-87.63677,41.82419],[-87.63677,41.82414],[-87.63677,41.82406],[-87.63636,41.82406],[-87.63632,41.82406],[-87.63632,41.82402],[-87.63656,41.82402],[-87.63668,41.82401],[-87.63672,41.82401],[-87.63672,41.82389],[-87.63672,41.8238],[-87.63671,41.82376],[-87.63671,41.82367],[-87.63665,41.82367],[-87.63639,41.82368],[-87.63631,41.82364],[-87.63631,41.8236],[-87.63632,41.82358],[-87.63632,41.82352],[-87.63631,41.82307],[-87.63631,41.823],[-87.63629,41.82236],[-87.63628,41.82199],[-87.63627,41.82162],[-87.63625,41.82095],[-87.63625,41.8208],[-87.63624,41.8205],[-87.63623,41.82041],[-87.63623,41.82021],[-87.63623,41.82016],[-87.63622,41.81998],[-87.63622,41.8199],[-87.63621,41.81969],[-87.63621,41.81959],[-87.6362,41.81927],[-87.6362,41.8191],[-87.6362,41.81905],[-87.64412,41.81895],[-87.6458,41.81896],[-87.64593,41.82346],[-87.65271,41.82337],[-87.65333,41.82337],[-87.65473,41.82334],[-87.65598,41.82332],[-87.65593,41.8232],[-87.6555,41.82321],[-87.65554,41.82177],[-87.65578,41.82124],[-87.65587,41.82025],[-87.65576,41.81958],[-87.6554,41.81857],[-87.65525,41.81237],[-87.64563,41.81249],[-87.64569,41.81482],[-87.64327,41.81485],[-87.64326,41.8144],[-87.63746,41.81451],[-87.63752,41.81632],[-87.636,41.81635],[-87.6359,41.81635],[-87.6351,41.81636],[-87.63472,41.81637],[-87.63469,41.81546],[-87.63117,41.81551],[-87.63119,41.81642],[-87.63046,41.81643],[-87.62986,41.81644],[-87.62944,41.81645]]]},"properties":{"level":"es","grades":"K–8","id":"609987","name":"Thomas A Hendricks Elementary Community Academy","url":"https://www.cps.edu/schools/schoolprofiles/609987","x":-87.63366,"y":41.81579}},{"type":"Feature","geometry":{"type":"Polygon","coordinates":[[[-87.71047,41.95389],[-87.71049,41.95471],[-87.71051,41.95517],[-87.71054,41.95629],[-87.71064,41.95934],[-87.70941,41.95935],[-87.70947,41.96117],[-87.70825,41.96119],[-87.70836,41.9647],[-87.70907,41.96469],[-87.71015,41.96469],[-87.7108,41.96468],[-87.71075,41.96298],[-87.71687,41.96291],[-87.71681,41.96108],[-87.71926,41.96105],[-87.7192,41.95924],[-87.72043,41.95922],[-87.72037,41.9574],[-87.72159,41.95738],[-87.72154,41.95556],[-87.71309,41.95567],[-87.7129,41.95386],[-87.71168,41.95387],[-87.71047,41.95389]]]},"properties":{"level":"es","grades":"K–8","id":"609988","name":"Patrick Henry Elementary School","url":"https://www.cps.edu/schools/schoolprofiles/609988","x":-87.71563,"y":41.95899}},{"type":"Feature","geometry":{"type":"Polygon","coordinates":[[[-87.67578,41.88502],[-87.67617,41.885],[-87.67674,41.88498],[-87.67674,41.88501],[-87.67675,41.88536],[-87.67675,41.88541],[-87.67676,41.88551],[-87.67677,41.88586],[-87.67595,41.88588],[-87.67432,41.8859],[-87.67433,41.88629],[-87.67433,41.88636],[-87.67434,41.88646],[-87.67436,41.88722],[-87.67436,41.88745],[-87.67438,41.88809],[-87.67439,41.88822],[-87.6744,41.88873],[-87.6744,41.88876],[-87.67685,41.88872],[-87.67783,41.88871],[-87.67929,41.88869],[-87.68002,41.88867],[-87.68206,41.88864],[-87.68267,41.88863],[-87.68294,41.88862],[-87.68366,41.88861],[-87.68418,41.8886],[-87.68418,41.88848],[-87.68417,41.88824],[-87.68416,41.88781],[-87.68412,41.88666],[-87.68445,41.88665],[-87.68658,41.88663],[-87.68656,41.88571],[-87.68654,41.88499],[-87.68653,41.88466],[-87.68653,41.88463],[-87.68634,41.87779],[-87.68633,41.87686],[-87.68628,41.87634],[-87.68625,41.87554],[-87.68625,41.87531],[-87.686,41.87531],[-87.68394,41.87532],[-87.68368,41.87533],[-87.68299,41.87533],[-87.68218,41.87534],[-87.68149,41.87534],[-87.68126,41.87533],[-87.68052,41.87533],[-87.67741,41.87537],[-87.6765,41.87537],[-87.67652,41.87594],[-87.67653,41.87641],[-87.67654,41.87676],[-87.67654,41.87711],[-87.6766,41.8796],[-87.67662,41.88018],[-87.67663,41.88064],[-87.67664,41.88112],[-87.67664,41.88131],[-87.67665,41.88172],[-87.67665,41.88183],[-87.67666,41.88223],[-87.67668,41.88269],[-87.67668,41.88291],[-87.67619,41.88315],[-87.67424,41.88318],[-87.67425,41.88364],[-87.67425,41.88369],[-87.67427,41.88412],[-87.67428,41.88458],[-87.67429,41.88507],[-87.67518,41.88504],[-87.67578,41.88502]]]},"properties":{"level":"es","grades":"K–8","id":"610252","name":"Robert Nathaniel Dett Elementary School","url":"https://www.cps.edu/schools/schoolprofiles/610252","x":-87.68031,"y":41.87987}},{"type":"Feature","geometry":{"type":"Polygon","coordinates":[[[-87.62454,41.88678],[-87.63502,41.88679],[-87.6354,41.88671],[-87.63679,41.88573],[-87.63773,41.88572],[-87.6378,41.88526],[-87.6379,41.88457],[-87.63791,41.88445],[-87.63791,41.88435],[-87.63797,41.884],[-87.63803,41.88366],[-87.63807,41.88348],[-87.63814,41.88319],[-87.63815,41.88311],[-87.63818,41.88277],[-87.63822,41.88226],[-87.63822,41.8819],[-87.63827,41.88131],[-87.63829,41.8806],[-87.6382,41.87977],[-87.63811,41.87941],[-87.63811,41.87925],[-87.6381,41.87907],[-87.63798,41.87876],[-87.63778,41.87816],[-87.63777,41.87807],[-87.63772,41.87765],[-87.63766,41.87731],[-87.63752,41.87692],[-87.63747,41.8768],[-87.63743,41.8767],[-87.63707,41.87603],[-87.63664,41.87556],[-87.63657,41.87549],[-87.63635,41.87528],[-87.63612,41.8748],[-87.63607,41.87467],[-87.63587,41.87397],[-87.63547,41.87211],[-87.63526,41.87102],[-87.63507,41.86994],[-87.63496,41.86898],[-87.63473,41.86726],[-87.63468,41.86578],[-87.63466,41.86508],[-87.63462,41.86375],[-87.63457,41.8629],[-87.63456,41.86167],[-87.63451,41.86013],[-87.63451,41.85938],[-87.63509,41.8582],[-87.63513,41.85787],[-87.63516,41.85772],[-87.63494,41.85772],[-87.63468,41.85772],[-87.6341,41.85772],[-87.63107,41.85776],[-87.62776,41.85781],[-87.62561,41.85786],[-87.61982,41.85793],[-87.61755,41.85773],[-87.61605,41.85813],[-87.61493,41.85823],[-87.61455,41.8584],[-87.61269,41.85839],[-87.61254,41.85849],[-87.61234,41.8585],[-87.6122,41.85857],[-87.61219,41.85858],[-87.61217,41.85865],[-87.6122,41.85927],[-87.61224,41.8594],[-87.61234,41.85962],[-87.61237,41.85968],[-87.61244,41.85992],[-87.61244,41.85999],[-87.61218,41.86018],[-87.61218,41.86022],[-87.61215,41.86027],[-87.61215,41.86031],[-87.61215,41.86035],[-87.6122,41.86035],[-87.61239,41.8604],[-87.61234,41.86046],[-87.61221,41.86046],[-87.61234,41.86063],[-87.61244,41.86076],[-87.61249,41.86076],[-87.61252,41.86083],[-87.61255,41.86082],[-87.61256,41.8613],[-87.61256,41.86137],[-87.61258,41.86137],[-87.61268,41.86141],[-87.6127,41.86144],[-87.61277,41.86153],[-87.61287,41.86167],[-87.61292,41.86175],[-87.61296,41.86181],[-87.61302,41.86191],[-87.61308,41.86202],[-87.61312,41.86209],[-87.61317,41.86219],[-87.61335,41.8626],[-87.61339,41.86273],[-87.61343,41.86286],[-87.61345,41.86302],[-87.61346,41.86314],[-87.61345,41.86317],[-87.61344,41.86337],[-87.6134,41.86355],[-87.61339,41.86361],[-87.6133,41.86396],[-87.61329,41.864],[-87.61325,41.86414],[-87.61321,41.86425],[-87.61301,41.86473],[-87.61296,41.86485],[-87.61285,41.86508],[-87.61279,41.8652],[-87.61274,41.86529],[-87.61265,41.86528],[-87.61266,41.86568],[-87.61267,41.86584],[-87.61198,41.86585],[-87.61158,41.86586],[-87.61048,41.86586],[-87.61047,41.86575],[-87.61047,41.86559],[-87.61045,41.86535],[-87.61045,41.86532],[-87.61042,41.86532],[-87.61019,41.86505],[-87.6101,41.8649],[-87.61005,41.86482],[-87.60996,41.86463],[-87.60997,41.86463],[-87.60989,41.86446],[-87.60989,41.86447],[-87.60988,41.86445],[-87.60982,41.86431],[-87.60976,41.86417],[-87.60974,41.86409],[-87.6097,41.86386],[-87.60966,41.86365],[-87.60966,41.86363],[-87.60965,41.86355],[-87.60961,41.86351],[-87.60961,41.86344],[-87.60961,41.86341],[-87.60965,41.8634],[-87.60963,41.86337],[-87.60966,41.86328],[-87.60968,41.86317],[-87.60968,41.86313],[-87.6097,41.86296],[-87.60974,41.86275],[-87.60978,41.86248],[-87.60989,41.86213],[-87.60994,41.86201],[-87.60998,41.8619],[-87.61008,41.86172],[-87.61028,41.8614],[-87.61036,41.86118],[-87.61035,41.86085],[-87.61042,41.86085],[-87.61042,41.86084],[-87.61043,41.8608],[-87.61045,41.86077],[-87.61047,41.86073],[-87.61056,41.86067],[-87.6106,41.86066],[-87.61064,41.86065],[-87.61067,41.86027],[-87.61067,41.86021],[-87.61058,41.86019],[-87.61053,41.86018],[-87.6105,41.86016],[-87.61046,41.86013],[-87.61044,41.86011],[-87.61043,41.86008],[-87.61039,41.85998],[-87.61036,41.85987],[-87.61036,41.85981],[-87.61045,41.85946],[-87.61046,41.85943],[-87.61048,41.85935],[-87.61046,41.85925],[-87.61043,41.8592],[-87.61039,41.85916],[-87.61036,41.85914],[-87.61032,41.85912],[-87.61017,41.85903],[-87.61015,41.859],[-87.61007,41.85895],[-87.61005,41.85892],[-87.60992,41.85874],[-87.6099,41.85869],[-87.60989,41.85864],[-87.60988,41.85859],[-87.60988,41.85854],[-87.60989,41.85844],[-87.60994,41.85829],[-87.60998,41.85819],[-87.60999,41.85813],[-87.60999,41.85803],[-87.60997,41.85783],[-87.60997,41.85782],[-87.60992,41.85766],[-87.60986,41.85751],[-87.60982,41.85744],[-87.60979,41.85741],[-87.60966,41.85725],[-87.6096,41.85719],[-87.60944,41.85705],[-87.60941,41.857],[-87.60936,41.85691],[-87.60936,41.8569],[-87.60934,41.85684],[-87.60934,41.85682],[-87.60933,41.85677],[-87.60933,41.85672],[-87.60936,41.8566],[-87.6094,41.85653],[-87.60945,41.85641],[-87.60949,41.85618],[-87.60957,41.85577],[-87.60961,41.85558],[-87.60968,41.85524],[-87.6097,41.85512],[-87.60972,41.85503],[-87.60984,41.85443],[-87.60984,41.85442],[-87.6099,41.85412],[-87.60991,41.85405],[-87.60992,41.85403],[-87.60992,41.85398],[-87.60993,41.85393],[-87.60991,41.85383],[-87.60987,41.85372],[-87.60987,41.8537],[-87.60985,41.85366],[-87.60978,41.85356],[-87.60973,41.85351],[-87.60968,41.85347],[-87.60963,41.85342],[-87.60959,41.85339],[-87.60953,41.85335],[-87.60948,41.85333],[-87.60941,41.8533],[-87.60924,41.85323],[-87.609,41.85318],[-87.60854,41.85318],[-87.60784,41.85324],[-87.6075,41.85327],[-87.60651,41.85336],[-87.60651,41.85342],[-87.6066,41.85341],[-87.60662,41.85372],[-87.60665,41.85415],[-87.60668,41.85456],[-87.6067,41.85489],[-87.60671,41.85497],[-87.60675,41.85563],[-87.60676,41.85576],[-87.60681,41.85638],[-87.60683,41.85662],[-87.60686,41.85703],[-87.60688,41.8573],[-87.60692,41.85785],[-87.60695,41.85823],[-87.60698,41.85862],[-87.60698,41.85872],[-87.60701,41.85908],[-87.60707,41.85996],[-87.60596,41.86008],[-87.60597,41.86024],[-87.60598,41.86074],[-87.60599,41.86115],[-87.606,41.86144],[-87.60602,41.86201],[-87.60608,41.86206],[-87.60671,41.86218],[-87.60673,41.86219],[-87.60675,41.8622],[-87.60677,41.86221],[-87.60677,41.86222],[-87.60679,41.86227],[-87.60683,41.86232],[-87.60688,41.86233],[-87.60695,41.86237],[-87.60699,41.86245],[-87.607,41.8625],[-87.60719,41.86282],[-87.60751,41.86381],[-87.60753,41.86385],[-87.60755,41.86393],[-87.60756,41.86402],[-87.60758,41.86419],[-87.60755,41.86444],[-87.60754,41.86447],[-87.60749,41.8646],[-87.60746,41.86466],[-87.60743,41.86471],[-87.60736,41.86481],[-87.60733,41.86485],[-87.60718,41.86499],[-87.60711,41.86504],[-87.60704,41.86509],[-87.60687,41.86518],[-87.60683,41.86519],[-87.60674,41.86522],[-87.60664,41.86523],[-87.60661,41.86522],[-87.60656,41.8652],[-87.60652,41.86515],[-87.60651,41.86513],[-87.60647,41.8651],[-87.60639,41.86504],[-87.60635,41.86501],[-87.6063,41.86493],[-87.60629,41.86486],[-87.60605,41.86486],[-87.60605,41.86491],[-87.60605,41.86568],[-87.60589,41.86579],[-87.6058,41.86589],[-87.60575,41.86595],[-87.60566,41.86612],[-87.60565,41.86615],[-87.60561,41.86636],[-87.60564,41.86656],[-87.60579,41.86683],[-87.60589,41.86693],[-87.60594,41.86698],[-87.60603,41.86704],[-87.60613,41.8671],[-87.60635,41.86718],[-87.60651,41.86722],[-87.60659,41.86723],[-87.60691,41.86724],[-87.60701,41.86723],[-87.60724,41.86717],[-87.60739,41.86711],[-87.6074,41.86711],[-87.60753,41.86704],[-87.60759,41.867],[-87.60773,41.86688],[-87.60788,41.86686],[-87.61058,41.86682],[-87.61062,41.86681],[-87.61064,41.86681],[-87.61065,41.86679],[-87.61269,41.86675],[-87.61269,41.86697],[-87.61253,41.86711],[-87.61251,41.86714],[-87.6125,41.86715],[-87.61245,41.86722],[-87.6124,41.86733],[-87.61239,41.86733],[-87.61237,41.86738],[-87.61235,41.86745],[-87.61234,41.86751],[-87.61233,41.86757],[-87.61233,41.86764],[-87.61234,41.8677],[-87.61245,41.868],[-87.61253,41.8681],[-87.61256,41.86813],[-87.6126,41.86818],[-87.61265,41.86822],[-87.61271,41.86827],[-87.61298,41.86841],[-87.61306,41.86844],[-87.6131,41.86845],[-87.61321,41.86848],[-87.6133,41.86849],[-87.61364,41.86851],[-87.61378,41.86851],[-87.61385,41.86851],[-87.61397,41.8685],[-87.6142,41.86849],[-87.61422,41.86848],[-87.61435,41.86846],[-87.61458,41.86839],[-87.61465,41.86836],[-87.61466,41.86836],[-87.61535,41.8683],[-87.61553,41.86851],[-87.61555,41.86853],[-87.61563,41.8686],[-87.61578,41.8687],[-87.61586,41.86875],[-87.61594,41.86879],[-87.61621,41.8689],[-87.61621,41.86892],[-87.61622,41.86933],[-87.61625,41.87076],[-87.61625,41.87088],[-87.61627,41.87157],[-87.61625,41.8716],[-87.61623,41.87171],[-87.61625,41.87176],[-87.61628,41.87197],[-87.6162,41.87222],[-87.61624,41.87377],[-87.61625,41.87395],[-87.61622,41.87395],[-87.61622,41.87398],[-87.61621,41.87418],[-87.6162,41.87447],[-87.61619,41.87469],[-87.61618,41.8751],[-87.61618,41.87551],[-87.61618,41.87567],[-87.61619,41.87601],[-87.61621,41.87636],[-87.61622,41.87662],[-87.61623,41.87688],[-87.61628,41.87757],[-87.61631,41.87782],[-87.61632,41.87783],[-87.61634,41.87809],[-87.61635,41.8785],[-87.61635,41.8788],[-87.61637,41.87978],[-87.61646,41.88004],[-87.61637,41.88055],[-87.61572,41.88057],[-87.61574,41.88098],[-87.61701,41.88099],[-87.6172,41.88094],[-87.61749,41.88092],[-87.61825,41.88091],[-87.61972,41.88089],[-87.6214,41.88087],[-87.62255,41.88085],[-87.62297,41.88085],[-87.62434,41.88083],[-87.62435,41.88169],[-87.62439,41.88263],[-87.6244,41.88323],[-87.6245,41.88558],[-87.62452,41.88596],[-87.62453,41.88669],[-87.62454,41.88678]]]},"properties":{"level":"es","grades":"K–8","id":"609990","name":"South Loop Elementary School","url":"https://www.cps.edu/schools/schoolprofiles/609990","x":-87.62835,"y":41.85974}},{"type":"Feature","geometry":{"type":"Polygon","coordinates":[[[-87.7153,41.8624],[-87.71549,41.86858],[-87.72527,41.86847],[-87.72517,41.86617],[-87.72586,41.86616],[-87.72517,41.86614],[-87.72506,41.86252],[-87.72385,41.86253],[-87.72324,41.86254],[-87.72141,41.86256],[-87.72096,41.86257],[-87.72034,41.86258],[-87.72033,41.86246],[-87.72032,41.86223],[-87.72031,41.86217],[-87.72027,41.86215],[-87.72017,41.86212],[-87.72014,41.86075],[-87.71892,41.86076],[-87.71888,41.85893],[-87.71643,41.85896],[-87.71648,41.86079],[-87.71526,41.8608],[-87.7153,41.8624]]]},"properties":{"level":"es","grades":"K–8","id":"609991","name":"Theodore Herzl Elementary School","url":"https://www.cps.edu/schools/schoolprofiles/609991","x":-87.71899,"y":41.86208}},{"type":"Feature","geometry":{"type":"Polygon","coordinates":[[[-87.68008,41.82052],[-87.68091,41.82068],[-87.68125,41.82077],[-87.68235,41.82114],[-87.68251,41.82129],[-87.68251,41.82149],[-87.68269,41.82154],[-87.68277,41.82157],[-87.68291,41.82163],[-87.68303,41.82184],[-87.68312,41.8219],[-87.68343,41.82215],[-87.68355,41.82227],[-87.68363,41.82236],[-87.68408,41.8226],[-87.68407,41.82218],[-87.68405,41.82172],[-87.68404,41.82124],[-87.68402,41.82121],[-87.68382,41.82092],[-87.68367,41.82071],[-87.68319,41.8201],[-87.68278,41.8195],[-87.68252,41.81913],[-87.68227,41.81872],[-87.68223,41.81862],[-87.68212,41.81847],[-87.6819,41.81816],[-87.68155,41.81765],[-87.68133,41.81734],[-87.68125,41.81722],[-87.6811,41.81699],[-87.68104,41.81689],[-87.68085,41.81655],[-87.68061,41.81606],[-87.68052,41.81584],[-87.68048,41.81573],[-87.68047,41.81572],[-87.68042,41.81564],[-87.68038,41.81553],[-87.68033,41.81539],[-87.68029,41.81526],[-87.68028,41.81506],[-87.68027,41.81453],[-87.68026,41.81419],[-87.68024,41.81356],[-87.68024,41.81326],[-87.68023,41.81299],[-87.68022,41.81268],[-87.68021,41.81224],[-87.67995,41.8118],[-87.67994,41.81145],[-87.67993,41.81111],[-87.67991,41.81023],[-87.6799,41.80986],[-87.67989,41.80949],[-87.67988,41.80921],[-87.67987,41.80901],[-87.67987,41.80876],[-87.67974,41.80852],[-87.67974,41.80846],[-87.66983,41.80856],[-87.67002,41.81583],[-87.66515,41.81587],[-87.66516,41.81658],[-87.66518,41.81715],[-87.66519,41.81762],[-87.66519,41.81803],[-87.66521,41.81862],[-87.66523,41.81929],[-87.66523,41.81945],[-87.66523,41.81968],[-87.66524,41.81998],[-87.66543,41.81996],[-87.66544,41.82005],[-87.6655,41.82041],[-87.66623,41.8204],[-87.66672,41.82039],[-87.66744,41.82038],[-87.66745,41.82062],[-87.66746,41.82085],[-87.66766,41.82098],[-87.66793,41.82101],[-87.66848,41.821],[-87.6689,41.82099],[-87.66961,41.82098],[-87.67032,41.82096],[-87.67053,41.82096],[-87.67124,41.82107],[-87.67161,41.82109],[-87.67194,41.82108],[-87.67244,41.82103],[-87.67265,41.82099],[-87.67285,41.82097],[-87.67375,41.82088],[-87.67416,41.82083],[-87.67474,41.82078],[-87.67594,41.82066],[-87.67624,41.82062],[-87.67755,41.82049],[-87.67782,41.82047],[-87.67837,41.82041],[-87.67862,41.8204],[-87.67923,41.82042],[-87.67966,41.82046],[-87.68008,41.82052]]]},"properties":{"level":"es","grades":"K–8","id":"609993","name":"Agustin Lara Elementary Academy","url":"https://www.cps.edu/schools/schoolprofiles/609993","x":-87.67218,"y":41.80977}},{"type":"Feature","geometry":{"type":"Polygon","coordinates":[[[-87.70866,41.97479],[-87.70866,41.97503],[-87.70868,41.97575],[-87.70946,41.97574],[-87.71042,41.97573],[-87.71112,41.97572],[-87.71159,41.97571],[-87.71223,41.97571],[-87.71267,41.9757],[-87.71313,41.9757],[-87.71327,41.9757],[-87.7137,41.97569],[-87.71458,41.97568],[-87.71528,41.97567],[-87.71599,41.97566],[-87.71601,41.97553],[-87.716,41.97513],[-87.71598,41.97452],[-87.71595,41.97364],[-87.71594,41.97327],[-87.71591,41.97197],[-87.71582,41.96883],[-87.71581,41.96838],[-87.71465,41.96839],[-87.71422,41.96839],[-87.71364,41.9684],[-87.71335,41.96795],[-87.71335,41.96788],[-87.71333,41.96719],[-87.71332,41.967],[-87.71331,41.96658],[-87.71329,41.96611],[-87.71327,41.96554],[-87.71253,41.96555],[-87.71083,41.96556],[-87.7108,41.96468],[-87.71015,41.96469],[-87.70907,41.96469],[-87.70836,41.9647],[-87.70777,41.96471],[-87.70714,41.96471],[-87.70647,41.96471],[-87.70636,41.96471],[-87.70591,41.96472],[-87.70593,41.96519],[-87.70594,41.96542],[-87.70595,41.96605],[-87.70596,41.96639],[-87.70597,41.9665],[-87.70564,41.96665],[-87.70527,41.96665],[-87.7045,41.96666],[-87.70353,41.96667],[-87.70354,41.96702],[-87.70355,41.96746],[-87.70357,41.96811],[-87.70358,41.96836],[-87.70361,41.96849],[-87.70315,41.9685],[-87.70288,41.9685],[-87.70204,41.96851],[-87.70126,41.96851],[-87.70108,41.96851],[-87.70124,41.96872],[-87.70144,41.96894],[-87.70145,41.96902],[-87.70147,41.9691],[-87.70154,41.9692],[-87.70179,41.96946],[-87.70194,41.96959],[-87.70202,41.96962],[-87.70215,41.96977],[-87.70235,41.96999],[-87.70263,41.97032],[-87.70278,41.97053],[-87.70287,41.97068],[-87.70301,41.97089],[-87.70322,41.97124],[-87.70344,41.97169],[-87.70357,41.97195],[-87.70363,41.97219],[-87.70369,41.97243],[-87.70374,41.97259],[-87.70379,41.97286],[-87.70381,41.97298],[-87.70383,41.97307],[-87.70389,41.97321],[-87.70393,41.97328],[-87.704,41.97345],[-87.70404,41.97355],[-87.70478,41.97396],[-87.70513,41.97402],[-87.70529,41.97407],[-87.7054,41.9741],[-87.70554,41.97412],[-87.70565,41.97416],[-87.7057,41.97417],[-87.70577,41.97419],[-87.70608,41.97427],[-87.70619,41.9743],[-87.70623,41.97431],[-87.70633,41.97433],[-87.7065,41.97438],[-87.70697,41.97449],[-87.70722,41.97455],[-87.7076,41.97463],[-87.70809,41.9747],[-87.70826,41.9747],[-87.70858,41.97469],[-87.70866,41.97479]]]},"properties":{"level":"es","grades":"K–6","id":"609994","name":"William G Hibbard Elementary School","url":"https://www.cps.edu/schools/schoolprofiles/609994","x":-87.71036,"y":41.97033}},{"type":"Feature","geometry":{"type":"Polygon","coordinates":[[[-87.77173,41.99024],[-87.7714,41.9909],[-87.77084,41.99125],[-87.77119,41.99152],[-87.77263,41.99169],[-87.77342,41.99235],[-87.7737,41.99312],[-87.77349,41.99364],[-87.77262,41.99389],[-87.77157,41.99463],[-87.77118,41.99534],[-87.77125,41.99612],[-87.77169,41.99659],[-87.77245,41.99688],[-87.77349,41.99706],[-87.77438,41.99701],[-87.77513,41.99677],[-87.77605,41.99673],[-87.77661,41.99723],[-87.77731,41.99699],[-87.77826,41.99714],[-87.77888,41.99677],[-87.77962,41.99673],[-87.78002,41.99741],[-87.78285,41.9974],[-87.78287,41.99564],[-87.78035,41.99452],[-87.78035,41.99194],[-87.78114,41.99164],[-87.78285,41.99253],[-87.78275,41.99189],[-87.78278,41.98843],[-87.78763,41.98841],[-87.78768,41.98595],[-87.78774,41.98262],[-87.78787,41.97565],[-87.7859,41.97566],[-87.78184,41.97434],[-87.77845,41.97323],[-87.77702,41.97285],[-87.77696,41.97567],[-87.76932,41.97568],[-87.77007,41.9761],[-87.77005,41.97724],[-87.7713,41.97795],[-87.77303,41.97986],[-87.77324,41.97999],[-87.77312,41.98656],[-87.772,41.98912],[-87.77342,41.98987],[-87.77299,41.9902],[-87.77173,41.99024]]]},"properties":{"level":"es","grades":"K–8","id":"609995","name":"Rufus M Hitch Elementary School","url":"https://www.cps.edu/schools/schoolprofiles/609995","x":-87.77912,"y":41.98367}},{"type":"Feature","geometry":{"type":"Polygon","coordinates":[[[-87.64624,41.83646],[-87.64637,41.84166],[-87.64996,41.84154],[-87.65236,41.84436],[-87.65059,41.84522],[-87.65184,41.84662],[-87.65251,41.84635],[-87.6531,41.84677],[-87.65369,41.8466],[-87.65405,41.84679],[-87.6565,41.84655],[-87.65703,41.84636],[-87.66013,41.84466],[-87.66077,41.84584],[-87.66213,41.8451],[-87.66345,41.8445],[-87.66361,41.84441],[-87.66389,41.8441],[-87.66392,41.844],[-87.66431,41.8428],[-87.66459,41.84232],[-87.66494,41.84152],[-87.66454,41.84066],[-87.66456,41.84001],[-87.66456,41.83984],[-87.66441,41.8393],[-87.66438,41.83925],[-87.66405,41.8387],[-87.66404,41.83869],[-87.66302,41.83921],[-87.66191,41.8379],[-87.66085,41.83785],[-87.66081,41.83694],[-87.65841,41.83697],[-87.65839,41.83607],[-87.6511,41.83616],[-87.65111,41.83639],[-87.64624,41.83646]]]},"properties":{"level":"es","grades":"K–8","id":"609996","name":"Charles N Holden Elementary School","url":"https://www.cps.edu/schools/schoolprofiles/609996","x":-87.65379,"y":41.83803}},{"type":"Feature","geometry":{"type":"Polygon","coordinates":[[[-87.6452,41.79604],[-87.65006,41.79598],[-87.65007,41.79606],[-87.65491,41.79599],[-87.65486,41.7938],[-87.65486,41.79369],[-87.65486,41.79343],[-87.65478,41.79052],[-87.65235,41.79056],[-87.65231,41.78874],[-87.64502,41.78885],[-87.64515,41.79394],[-87.6452,41.79604]]]},"properties":{"level":"es","grades":"K–8","id":"609997","name":"Oliver Wendell Holmes Elementary School","url":"https://www.cps.edu/schools/schoolprofiles/609997","x":-87.64979,"y":41.79379}},{"type":"Feature","geometry":{"type":"Polygon","coordinates":[[[-87.75316,41.89496],[-87.75316,41.8951],[-87.75318,41.89604],[-87.7532,41.89677],[-87.75442,41.89676],[-87.75565,41.89675],[-87.7556,41.89494],[-87.75805,41.89491],[-87.7581,41.89674],[-87.75898,41.89673],[-87.75971,41.89672],[-87.76004,41.89672],[-87.7607,41.89671],[-87.76068,41.89598],[-87.76067,41.8958],[-87.76066,41.89542],[-87.76064,41.89489],[-87.76127,41.89489],[-87.76156,41.89488],[-87.76186,41.89488],[-87.7626,41.89488],[-87.76284,41.89487],[-87.76309,41.89487],[-87.76356,41.89465],[-87.76353,41.89394],[-87.76351,41.89351],[-87.76351,41.89336],[-87.76349,41.89294],[-87.76348,41.89277],[-87.76347,41.89243],[-87.76346,41.89226],[-87.76345,41.89187],[-87.76343,41.89152],[-87.76341,41.89096],[-87.76338,41.89009],[-87.76337,41.88978],[-87.76335,41.88949],[-87.76334,41.88912],[-87.76333,41.88888],[-87.76332,41.88857],[-87.76331,41.88822],[-87.7633,41.88802],[-87.76328,41.88762],[-87.76328,41.88757],[-87.76328,41.88725],[-87.76179,41.88728],[-87.76125,41.88729],[-87.76019,41.8873],[-87.75921,41.88732],[-87.75679,41.88728],[-87.75653,41.88726],[-87.75532,41.8872],[-87.75532,41.8875],[-87.75534,41.88781],[-87.7529,41.88784],[-87.75305,41.89213],[-87.75309,41.89322],[-87.75312,41.8939],[-87.75313,41.89416],[-87.75313,41.89438],[-87.75315,41.89479],[-87.75316,41.89496]]]},"properties":{"level":"es","grades":"K–8","id":"610000","name":"Julia Ward Howe Elementary School of Excellence","url":"https://www.cps.edu/schools/schoolprofiles/610000","x":-87.7594,"y":41.89361}},{"type":"Feature","geometry":{"type":"Polygon","coordinates":[[[-87.65339,41.73775],[-87.65344,41.73958],[-87.65101,41.73961],[-87.65116,41.74507],[-87.65966,41.74495],[-87.65961,41.74312],[-87.66325,41.74308],[-87.66307,41.73579],[-87.66258,41.7358],[-87.66185,41.73581],[-87.66063,41.73583],[-87.65986,41.73584],[-87.6582,41.73586],[-87.65825,41.73768],[-87.65339,41.73775]]]},"properties":{"level":"es","grades":"K–8","id":"610003","name":"Paul Cuffe Math-Science Technology Academy ES","url":"https://www.cps.edu/schools/schoolprofiles/610003","x":-87.65363,"y":41.74245}},{"type":"Feature","geometry":{"type":"Polygon","coordinates":[[[-87.69928,41.81365],[-87.70293,41.8136],[-87.70295,41.81424],[-87.70335,41.81464],[-87.70421,41.81411],[-87.70474,41.81379],[-87.70672,41.81257],[-87.70728,41.81223],[-87.70813,41.8117],[-87.70778,41.81138],[-87.70762,41.8099],[-87.70756,41.80808],[-87.71387,41.80799],[-87.71377,41.80565],[-87.71324,41.80497],[-87.71246,41.80444],[-87.70387,41.80456],[-87.70386,41.80416],[-87.70386,41.80411],[-87.70386,41.8041],[-87.70386,41.80408],[-87.69532,41.80425],[-87.69409,41.80418],[-87.6941,41.80447],[-87.6941,41.80451],[-87.69412,41.8054],[-87.69415,41.80641],[-87.69416,41.80668],[-87.69417,41.80705],[-87.6942,41.80797],[-87.69421,41.8084],[-87.69422,41.80862],[-87.69423,41.80888],[-87.69425,41.80972],[-87.69427,41.81033],[-87.69429,41.81103],[-87.69431,41.81191],[-87.69434,41.81274],[-87.69436,41.81321],[-87.69436,41.81341],[-87.69498,41.81372],[-87.6956,41.81371],[-87.69613,41.8137],[-87.697,41.81369],[-87.69744,41.81368],[-87.69805,41.81367],[-87.69858,41.81366],[-87.69909,41.81366],[-87.69928,41.81365]]]},"properties":{"level":"es","grades":"K–8","id":"610170","name":"Columbia Explorers Elementary Academy","url":"https://www.cps.edu/schools/schoolprofiles/610170","x":-87.7042,"y":41.81107}},{"type":"Feature","geometry":{"type":"Polygon","coordinates":[[[-87.54808,41.73743],[-87.54867,41.73923],[-87.54904,41.74002],[-87.54975,41.74104],[-87.55635,41.74096],[-87.55632,41.73914],[-87.55875,41.73911],[-87.55872,41.73729],[-87.56362,41.73723],[-87.5636,41.73569],[-87.56275,41.73508],[-87.55986,41.733],[-87.56062,41.7324],[-87.56063,41.73239],[-87.56073,41.73231],[-87.56111,41.732],[-87.56136,41.73181],[-87.56122,41.7317],[-87.561,41.73154],[-87.56096,41.73038],[-87.56094,41.72995],[-87.56087,41.72813],[-87.56086,41.72762],[-87.56083,41.72658],[-87.56081,41.72595],[-87.5608,41.72555],[-87.56078,41.72498],[-87.56077,41.72449],[-87.56076,41.72402],[-87.56074,41.72348],[-87.56074,41.72325],[-87.55676,41.7233],[-87.54778,41.72356],[-87.54789,41.72781],[-87.54779,41.72818],[-87.54803,41.73],[-87.54799,41.73183],[-87.54812,41.73715],[-87.54808,41.73743]]]},"properties":{"level":"es","grades":"K–8","id":"610171","name":"Arnold Mireles Elementary Academy","url":"https://www.cps.edu/schools/schoolprofiles/610171","x":-87.55279,"y":41.73172}},{"type":"Feature","geometry":{"type":"Polygon","coordinates":[[[-87.64544,41.80522],[-87.64554,41.80886],[-87.6504,41.8088],[-87.65034,41.80697],[-87.65397,41.80693],[-87.65394,41.80537],[-87.65405,41.80511],[-87.65515,41.80509],[-87.65515,41.80482],[-87.65514,41.80458],[-87.65513,41.80418],[-87.65511,41.80327],[-87.65507,41.8019],[-87.65506,41.80155],[-87.65491,41.79599],[-87.65007,41.79606],[-87.65006,41.79598],[-87.6452,41.79604],[-87.64544,41.80522]]]},"properties":{"level":"es","grades":"K–8","id":"610172","name":"William T Sherman Elementary School","url":"https://www.cps.edu/schools/schoolprofiles/610172","x":-87.65022,"y":41.79977}},{"type":"Feature","geometry":{"type":"Polygon","coordinates":[[[-87.63052,41.7942],[-87.63067,41.80106],[-87.6309,41.80869],[-87.63087,41.80916],[-87.63122,41.80915],[-87.63185,41.80913],[-87.63258,41.8091],[-87.63394,41.80908],[-87.63438,41.80908],[-87.63475,41.80907],[-87.63554,41.80905],[-87.6358,41.80905],[-87.6358,41.80904],[-87.63585,41.80904],[-87.63587,41.80904],[-87.6359,41.80904],[-87.63591,41.80903],[-87.63591,41.80884],[-87.63589,41.80817],[-87.63588,41.80783],[-87.63587,41.80749],[-87.63585,41.80664],[-87.63584,41.80643],[-87.63583,41.80604],[-87.63582,41.80561],[-87.63581,41.80544],[-87.63581,41.80541],[-87.63592,41.80539],[-87.63599,41.80539],[-87.64048,41.80158],[-87.64047,41.80152],[-87.64047,41.80148],[-87.64047,41.80125],[-87.64045,41.80067],[-87.64043,41.80004],[-87.64047,41.79952],[-87.64047,41.79941],[-87.64046,41.79923],[-87.64046,41.79914],[-87.64046,41.79895],[-87.64048,41.798],[-87.64047,41.79798],[-87.64047,41.79789],[-87.64044,41.79672],[-87.64035,41.79429],[-87.64035,41.79422],[-87.64035,41.79415],[-87.64035,41.79412],[-87.64034,41.79406],[-87.64034,41.79403],[-87.64024,41.79075],[-87.64023,41.78894],[-87.64017,41.78711],[-87.63375,41.78722],[-87.63128,41.78723],[-87.63074,41.78725],[-87.63047,41.78725],[-87.63032,41.78726],[-87.62963,41.78728],[-87.62876,41.78731],[-87.62847,41.78731],[-87.62847,41.78733],[-87.62847,41.78739],[-87.62848,41.78748],[-87.62848,41.78756],[-87.62848,41.7876],[-87.62848,41.78771],[-87.62849,41.78782],[-87.62849,41.78793],[-87.62849,41.78803],[-87.62849,41.78817],[-87.6285,41.78839],[-87.6285,41.78853],[-87.62851,41.78861],[-87.62851,41.78882],[-87.62852,41.78901],[-87.62852,41.78914],[-87.62853,41.78939],[-87.62853,41.78957],[-87.62854,41.78974],[-87.62854,41.78996],[-87.62854,41.78999],[-87.6286,41.79003],[-87.6286,41.7901],[-87.62861,41.79031],[-87.62861,41.79043],[-87.62862,41.79075],[-87.62857,41.79089],[-87.62857,41.79094],[-87.62857,41.79095],[-87.62859,41.79162],[-87.6286,41.79195],[-87.6286,41.79217],[-87.62867,41.79237],[-87.62868,41.79303],[-87.62869,41.79331],[-87.62868,41.79354],[-87.62864,41.79354],[-87.62865,41.79383],[-87.62865,41.79409],[-87.62866,41.79424],[-87.62912,41.79423],[-87.62975,41.79422],[-87.63052,41.7942]]]},"properties":{"level":"es","grades":"K–8","id":"610173","name":"Jesse Sherwood Elementary School","url":"https://www.cps.edu/schools/schoolprofiles/610173","x":-87.63228,"y":41.7908}},{"type":"Feature","geometry":{"type":"Polygon","coordinates":[[[-87.68404,41.82124],[-87.68422,41.82164],[-87.68484,41.82299],[-87.68485,41.823],[-87.68488,41.823],[-87.68484,41.82279],[-87.68477,41.8211],[-87.68545,41.82109],[-87.68587,41.82108],[-87.68605,41.82108],[-87.68665,41.82107],[-87.68719,41.82106],[-87.68724,41.82059],[-87.68723,41.81999],[-87.68721,41.81948],[-87.68719,41.81877],[-87.68717,41.81798],[-87.68741,41.81746],[-87.68837,41.81745],[-87.68859,41.81745],[-87.68897,41.81744],[-87.68951,41.81743],[-87.6896,41.81791],[-87.68961,41.81846],[-87.69014,41.81857],[-87.69089,41.81856],[-87.69123,41.81856],[-87.69127,41.81859],[-87.69133,41.81865],[-87.6918,41.81913],[-87.69226,41.81959],[-87.69261,41.81995],[-87.69293,41.82027],[-87.6934,41.82074],[-87.69403,41.82035],[-87.69457,41.82002],[-87.69455,41.8196],[-87.69455,41.81941],[-87.69454,41.81916],[-87.69453,41.81894],[-87.69452,41.81847],[-87.6945,41.81795],[-87.69449,41.81765],[-87.69448,41.81736],[-87.69482,41.81735],[-87.69512,41.81734],[-87.69538,41.81734],[-87.69601,41.81733],[-87.698,41.81729],[-87.69821,41.81733],[-87.69851,41.81761],[-87.69915,41.81722],[-87.6994,41.81706],[-87.69939,41.81681],[-87.69938,41.81664],[-87.69937,41.81629],[-87.69936,41.81593],[-87.69935,41.81571],[-87.69934,41.81532],[-87.69932,41.81483],[-87.6993,41.81436],[-87.69928,41.81365],[-87.69909,41.81366],[-87.69858,41.81366],[-87.69805,41.81367],[-87.69744,41.81368],[-87.697,41.81369],[-87.69613,41.8137],[-87.6956,41.81371],[-87.69498,41.81372],[-87.69436,41.81341],[-87.69436,41.81321],[-87.69434,41.81274],[-87.69431,41.81191],[-87.69429,41.81103],[-87.69427,41.81033],[-87.69425,41.80972],[-87.69423,41.80888],[-87.69422,41.80862],[-87.69421,41.8084],[-87.6942,41.80797],[-87.69417,41.80705],[-87.69416,41.80668],[-87.69415,41.80641],[-87.69412,41.8054],[-87.6941,41.80451],[-87.6941,41.80447],[-87.69409,41.80418],[-87.69397,41.80409],[-87.69374,41.80409],[-87.69294,41.80411],[-87.69244,41.80411],[-87.69209,41.80405],[-87.6919,41.804],[-87.69176,41.80405],[-87.69157,41.80409],[-87.69148,41.8041],[-87.69137,41.80412],[-87.6913,41.80412],[-87.69119,41.80416],[-87.69096,41.80422],[-87.69062,41.80426],[-87.69034,41.80428],[-87.68998,41.80428],[-87.68965,41.80429],[-87.6895,41.80429],[-87.68921,41.80432],[-87.68851,41.80435],[-87.68793,41.80436],[-87.68702,41.80437],[-87.68665,41.80439],[-87.6857,41.80441],[-87.68507,41.80442],[-87.68459,41.80443],[-87.68435,41.80432],[-87.68374,41.80438],[-87.68375,41.8045],[-87.68375,41.80454],[-87.68376,41.8048],[-87.68378,41.80569],[-87.68379,41.8058],[-87.68379,41.80582],[-87.68379,41.80599],[-87.68381,41.80643],[-87.68382,41.80692],[-87.68382,41.80711],[-87.68387,41.8083],[-87.68387,41.80842],[-87.68172,41.80844],[-87.68077,41.80845],[-87.67979,41.80846],[-87.67974,41.80846],[-87.67974,41.80852],[-87.67987,41.80876],[-87.67987,41.80901],[-87.67988,41.80921],[-87.67989,41.80949],[-87.6799,41.80986],[-87.67991,41.81023],[-87.67993,41.81111],[-87.67994,41.81145],[-87.67995,41.8118],[-87.68021,41.81224],[-87.68022,41.81268],[-87.68023,41.81299],[-87.68024,41.81326],[-87.68024,41.81356],[-87.68026,41.81419],[-87.68027,41.81453],[-87.68028,41.81506],[-87.68029,41.81526],[-87.68033,41.81539],[-87.68038,41.81553],[-87.68042,41.81564],[-87.68047,41.81572],[-87.68048,41.81573],[-87.68052,41.81584],[-87.68061,41.81606],[-87.68085,41.81655],[-87.68104,41.81689],[-87.6811,41.81699],[-87.68125,41.81722],[-87.68133,41.81734],[-87.68155,41.81765],[-87.6819,41.81816],[-87.68212,41.81847],[-87.68223,41.81862],[-87.68227,41.81872],[-87.68252,41.81913],[-87.68278,41.8195],[-87.68319,41.8201],[-87.68367,41.82071],[-87.68382,41.82092],[-87.68402,41.82121],[-87.68404,41.82124]]]},"properties":{"level":"es","grades":"K–4","id":"610174","name":"James Shields Elementary School","url":"https://www.cps.edu/schools/schoolprofiles/610174","x":-87.68965,"y":41.81591}},{"type":"Feature","geometry":{"type":"Polygon","coordinates":[[[-87.58697,41.81118],[-87.587,41.81121],[-87.5872,41.81155],[-87.58722,41.81158],[-87.58728,41.81155],[-87.58884,41.81093],[-87.58941,41.81071],[-87.58973,41.81058],[-87.59023,41.81038],[-87.59169,41.80981],[-87.59192,41.80974],[-87.5922,41.80969],[-87.59256,41.80969],[-87.59322,41.80968],[-87.59392,41.80967],[-87.59471,41.80967],[-87.59723,41.80964],[-87.59756,41.80963],[-87.59757,41.80963],[-87.59796,41.80963],[-87.59899,41.80962],[-87.59927,41.80961],[-87.59926,41.80949],[-87.59926,41.80911],[-87.59925,41.80888],[-87.59924,41.80815],[-87.59922,41.80731],[-87.59922,41.80682],[-87.5992,41.80598],[-87.59918,41.805],[-87.59917,41.80459],[-87.59917,41.80416],[-87.59915,41.80314],[-87.59914,41.80278],[-87.59913,41.80234],[-87.59705,41.80236],[-87.59671,41.80237],[-87.5967,41.80184],[-87.59669,41.80137],[-87.59668,41.80115],[-87.59667,41.80066],[-87.59666,41.80029],[-87.59664,41.79946],[-87.59588,41.79946],[-87.59503,41.79947],[-87.5945,41.79948],[-87.59266,41.7995],[-87.5923,41.79951],[-87.59126,41.79952],[-87.59069,41.79952],[-87.59044,41.79953],[-87.59014,41.79953],[-87.58996,41.79953],[-87.58861,41.79955],[-87.58822,41.79955],[-87.58803,41.79955],[-87.58779,41.79956],[-87.58738,41.79956],[-87.5873,41.79956],[-87.58738,41.80029],[-87.58752,41.80114],[-87.58771,41.80198],[-87.58779,41.80248],[-87.58681,41.80249],[-87.58644,41.80249],[-87.58586,41.8025],[-87.58541,41.80251],[-87.58523,41.80251],[-87.58461,41.80252],[-87.58426,41.80252],[-87.58372,41.80258],[-87.58164,41.80258],[-87.58036,41.80258],[-87.58045,41.80293],[-87.58011,41.80347],[-87.58006,41.8035],[-87.58002,41.80377],[-87.58007,41.80387],[-87.58015,41.80396],[-87.5802,41.80399],[-87.58033,41.80405],[-87.58034,41.80405],[-87.58067,41.80421],[-87.58079,41.8042],[-87.58085,41.80419],[-87.58111,41.80423],[-87.5812,41.80427],[-87.58148,41.80452],[-87.58157,41.8046],[-87.58163,41.80465],[-87.58166,41.80467],[-87.58178,41.80477],[-87.58237,41.8052],[-87.5824,41.80522],[-87.5825,41.80529],[-87.5826,41.80535],[-87.58267,41.8054],[-87.58282,41.80551],[-87.58288,41.80556],[-87.58296,41.80559],[-87.58298,41.80559],[-87.58308,41.80566],[-87.58369,41.80607],[-87.5838,41.80617],[-87.58391,41.8063],[-87.5842,41.80658],[-87.5843,41.80665],[-87.58448,41.80673],[-87.5846,41.80677],[-87.58473,41.80681],[-87.58487,41.80691],[-87.58517,41.80726],[-87.58524,41.80734],[-87.58542,41.80756],[-87.58549,41.80769],[-87.58552,41.80773],[-87.58559,41.80785],[-87.58564,41.80794],[-87.5857,41.80804],[-87.58583,41.80825],[-87.58595,41.80845],[-87.58608,41.80874],[-87.5861,41.80882],[-87.58611,41.80886],[-87.58612,41.80887],[-87.58618,41.809],[-87.58619,41.80901],[-87.58623,41.80909],[-87.58624,41.80911],[-87.5863,41.8092],[-87.58639,41.8093],[-87.58641,41.80932],[-87.58643,41.80941],[-87.58644,41.80947],[-87.58656,41.80963],[-87.58668,41.80973],[-87.5867,41.80975],[-87.58671,41.80977],[-87.58676,41.80982],[-87.58689,41.81005],[-87.58695,41.8102],[-87.58699,41.81031],[-87.58702,41.81047],[-87.58703,41.81054],[-87.58703,41.81057],[-87.58703,41.8107],[-87.58703,41.81074],[-87.58701,41.81084],[-87.58699,41.81093],[-87.58697,41.811],[-87.58695,41.8111],[-87.58694,41.81118],[-87.58697,41.81118]]]},"properties":{"level":"es","grades":"K–6","id":"610175","name":"Beulah Shoesmith Elementary School","url":"https://www.cps.edu/schools/schoolprofiles/610175","x":-87.59391,"y":41.80429}},{"type":"Feature","geometry":{"type":"Polygon","coordinates":[[[-87.64917,41.69227],[-87.64935,41.69264],[-87.64991,41.69374],[-87.65001,41.69394],[-87.65026,41.69443],[-87.65096,41.69582],[-87.65121,41.6963],[-87.65165,41.69717],[-87.65206,41.69798],[-87.65253,41.69892],[-87.65283,41.69953],[-87.65366,41.69952],[-87.65382,41.69952],[-87.65459,41.69951],[-87.65514,41.6995],[-87.65528,41.6995],[-87.65625,41.69948],[-87.65732,41.69947],[-87.65778,41.69946],[-87.65805,41.69945],[-87.65845,41.69945],[-87.65874,41.69944],[-87.65932,41.69784],[-87.66384,41.6914],[-87.66478,41.68987],[-87.66772,41.6847],[-87.6663,41.68473],[-87.66309,41.6848],[-87.66246,41.68481],[-87.66195,41.68481],[-87.66174,41.68482],[-87.6616,41.68482],[-87.66125,41.68483],[-87.66065,41.68483],[-87.66021,41.68484],[-87.65965,41.68485],[-87.65917,41.68485],[-87.65857,41.68486],[-87.65815,41.68487],[-87.65745,41.68488],[-87.65711,41.68488],[-87.65674,41.68489],[-87.65627,41.68489],[-87.65552,41.6849],[-87.65485,41.68491],[-87.65449,41.68492],[-87.65369,41.68493],[-87.65346,41.68493],[-87.65309,41.68493],[-87.65251,41.68494],[-87.65204,41.68495],[-87.65117,41.68496],[-87.65096,41.68496],[-87.65066,41.68497],[-87.65067,41.68508],[-87.65069,41.68587],[-87.64947,41.68589],[-87.64958,41.68943],[-87.64775,41.68946],[-87.64917,41.69227]]]},"properties":{"level":"es","grades":"K–8","id":"610176","name":"John D Shoop Math-Science Technical Academy ES","url":"https://www.cps.edu/schools/schoolprofiles/610176","x":-87.65867,"y":41.69092}},{"type":"Feature","geometry":{"type":"Polygon","coordinates":[[[-87.58688,41.72292],[-87.58708,41.72292],[-87.59022,41.72287],[-87.59442,41.72281],[-87.6011,41.72271],[-87.6035,41.72287],[-87.60369,41.72204],[-87.60505,41.72204],[-87.61414,41.72189],[-87.61397,41.71526],[-87.61394,41.71316],[-87.61392,41.7125],[-87.61241,41.7128],[-87.60905,41.71286],[-87.60527,41.71292],[-87.60519,41.7133],[-87.60512,41.71359],[-87.60136,41.7136],[-87.59851,41.71349],[-87.5937,41.71356],[-87.58813,41.71367],[-87.58726,41.71383],[-87.58595,41.71451],[-87.58555,41.71494],[-87.5855,41.71503],[-87.58547,41.71506],[-87.58545,41.71511],[-87.58536,41.71533],[-87.58518,41.71603],[-87.58506,41.71741],[-87.58515,41.7203],[-87.58532,41.72049],[-87.58688,41.72292]]]},"properties":{"level":"es","grades":"K–8","id":"610178","name":"Theophilus Schmid Elementary School","url":"https://www.cps.edu/schools/schoolprofiles/610178","x":-87.59693,"y":41.71699}},{"type":"Feature","geometry":{"type":"Polygon","coordinates":[[[-87.77213,41.96042],[-87.77702,41.96035],[-87.77708,41.96215],[-87.7783,41.96213],[-87.77838,41.96476],[-87.78201,41.96471],[-87.78196,41.96755],[-87.78675,41.96749],[-87.78674,41.96729],[-87.78674,41.96711],[-87.78674,41.96703],[-87.78674,41.96654],[-87.78675,41.96603],[-87.78675,41.96573],[-87.78675,41.96554],[-87.78675,41.96545],[-87.78676,41.96498],[-87.78676,41.96465],[-87.78676,41.96452],[-87.78677,41.96433],[-87.78677,41.96415],[-87.78677,41.96397],[-87.78677,41.96374],[-87.78677,41.96355],[-87.78678,41.96347],[-87.7868,41.96345],[-87.78681,41.96344],[-87.78702,41.96327],[-87.787,41.96322],[-87.78698,41.96318],[-87.78693,41.96293],[-87.78692,41.96288],[-87.78688,41.9625],[-87.78684,41.96137],[-87.78683,41.96096],[-87.78682,41.96061],[-87.78681,41.96022],[-87.7868,41.96006],[-87.7868,41.95986],[-87.78677,41.95862],[-87.78676,41.95831],[-87.78675,41.95795],[-87.78674,41.95753],[-87.78672,41.95704],[-87.7867,41.95657],[-87.78667,41.95589],[-87.78666,41.95568],[-87.78663,41.9551],[-87.78661,41.95459],[-87.78661,41.9545],[-87.78659,41.95383],[-87.78656,41.95292],[-87.78653,41.95232],[-87.78652,41.95195],[-87.78645,41.95043],[-87.78643,41.94989],[-87.78641,41.94958],[-87.78639,41.94895],[-87.78636,41.94839],[-87.78634,41.9478],[-87.78632,41.94748],[-87.78628,41.94578],[-87.78631,41.94566],[-87.7765,41.94577],[-87.77657,41.94759],[-87.77671,41.95121],[-87.77182,41.95127],[-87.77189,41.95312],[-87.7719,41.95336],[-87.77194,41.95471],[-87.77196,41.95506],[-87.77201,41.9566],[-87.77201,41.95686],[-87.77203,41.95722],[-87.77207,41.95859],[-87.77209,41.95905],[-87.7721,41.95951],[-87.77211,41.95975],[-87.77212,41.96014],[-87.77213,41.96042]]]},"properties":{"level":"es","grades":"K–8","id":"610179","name":"Washington D Smyser Elementary School","url":"https://www.cps.edu/schools/schoolprofiles/610179","x":-87.78198,"y":41.95887}},{"type":"Feature","geometry":{"type":"Polygon","coordinates":[[[-87.63657,41.87549],[-87.63664,41.87556],[-87.64729,41.87539],[-87.65136,41.8753],[-87.65585,41.87553],[-87.6577,41.87558],[-87.66081,41.87559],[-87.66664,41.87549],[-87.66682,41.87549],[-87.66744,41.87548],[-87.66911,41.87545],[-87.66911,41.87514],[-87.67159,41.8751],[-87.67135,41.86682],[-87.67625,41.86675],[-87.67625,41.86662],[-87.67623,41.86613],[-87.67622,41.86566],[-87.6762,41.86521],[-87.6762,41.86494],[-87.67619,41.86454],[-87.67618,41.86422],[-87.67617,41.86403],[-87.67616,41.8637],[-87.67615,41.86335],[-87.67614,41.86225],[-87.67613,41.86199],[-87.67612,41.86152],[-87.6761,41.86102],[-87.67609,41.86077],[-87.67607,41.86],[-87.67605,41.85952],[-87.67604,41.85931],[-87.67567,41.85936],[-87.67534,41.85941],[-87.67513,41.85944],[-87.67491,41.85947],[-87.67478,41.8595],[-87.67456,41.85954],[-87.67448,41.85956],[-87.67415,41.85961],[-87.67397,41.85963],[-87.67385,41.85965],[-87.67369,41.85966],[-87.6736,41.85965],[-87.6736,41.85962],[-87.6736,41.85956],[-87.6736,41.85954],[-87.6736,41.85953],[-87.67237,41.85952],[-87.67061,41.85955],[-87.66927,41.85957],[-87.66925,41.85957],[-87.66896,41.85958],[-87.66858,41.85958],[-87.66642,41.8596],[-87.6662,41.85961],[-87.66591,41.85961],[-87.664,41.85964],[-87.66189,41.85968],[-87.66036,41.8597],[-87.65957,41.85972],[-87.65893,41.85973],[-87.65648,41.85977],[-87.65303,41.85982],[-87.65264,41.85982],[-87.65145,41.85984],[-87.6514,41.85984],[-87.65082,41.85985],[-87.65036,41.85986],[-87.64939,41.85987],[-87.64879,41.85988],[-87.64713,41.8599],[-87.64671,41.85991],[-87.64619,41.85992],[-87.64552,41.85993],[-87.64522,41.85993],[-87.64469,41.85995],[-87.64465,41.85995],[-87.64459,41.85995],[-87.64447,41.85995],[-87.64422,41.85996],[-87.6441,41.85996],[-87.64401,41.85996],[-87.64386,41.85996],[-87.64298,41.85997],[-87.64253,41.85997],[-87.64194,41.85998],[-87.6415,41.85999],[-87.64125,41.85999],[-87.6388,41.86002],[-87.6378,41.86001],[-87.63777,41.85768],[-87.63602,41.85773],[-87.63516,41.85772],[-87.63513,41.85787],[-87.63509,41.8582],[-87.63451,41.85938],[-87.63451,41.86013],[-87.63456,41.86167],[-87.63457,41.8629],[-87.63462,41.86375],[-87.63466,41.86508],[-87.63468,41.86578],[-87.63473,41.86726],[-87.63496,41.86898],[-87.63507,41.86994],[-87.63526,41.87102],[-87.63547,41.87211],[-87.63587,41.87397],[-87.63607,41.87467],[-87.63612,41.8748],[-87.63635,41.87528],[-87.63657,41.87549]]]},"properties":{"level":"es","grades":"K–8","id":"610180","name":"John M Smyth Elementary School","url":"https://www.cps.edu/schools/schoolprofiles/610180","x":-87.65345,"y":41.86535}},{"type":"Feature","geometry":{"type":"Polygon","coordinates":[[[-87.5636,41.73569],[-87.56501,41.7367],[-87.5657,41.7372],[-87.56602,41.73719],[-87.56669,41.73718],[-87.56727,41.73718],[-87.56765,41.73717],[-87.56802,41.73717],[-87.56853,41.73716],[-87.56933,41.73715],[-87.57243,41.7371],[-87.57313,41.73709],[-87.5733,41.73709],[-87.57329,41.73664],[-87.57325,41.73527],[-87.5732,41.73344],[-87.57318,41.73266],[-87.57315,41.73162],[-87.57311,41.72979],[-87.57277,41.7298],[-87.5725,41.7298],[-87.5719,41.72981],[-87.57007,41.72984],[-87.56946,41.72984],[-87.56885,41.72985],[-87.56824,41.72986],[-87.56755,41.72987],[-87.56656,41.72988],[-87.56628,41.72989],[-87.56523,41.7299],[-87.56522,41.7299],[-87.5646,41.72991],[-87.56461,41.73031],[-87.56464,41.73144],[-87.56469,41.7331],[-87.56469,41.73349],[-87.56468,41.73354],[-87.56466,41.73359],[-87.56461,41.73363],[-87.56438,41.73381],[-87.5637,41.73434],[-87.56363,41.7344],[-87.56352,41.73448],[-87.56275,41.73508],[-87.5636,41.73569]]]},"properties":{"level":"es","grades":"K–6","id":"610002","name":"Thomas Hoyne Elementary School","url":"https://www.cps.edu/schools/schoolprofiles/610002","x":-87.56823,"y":41.73334}},{"type":"Feature","geometry":{"type":"Polygon","coordinates":[[[-87.74303,41.88646],[-87.7456,41.88664],[-87.75041,41.88691],[-87.75044,41.88787],[-87.7529,41.88784],[-87.75534,41.88781],[-87.75532,41.8875],[-87.75532,41.8872],[-87.75653,41.88726],[-87.75653,41.88706],[-87.75653,41.88683],[-87.75636,41.88235],[-87.75514,41.88236],[-87.75513,41.88216],[-87.75511,41.88167],[-87.75509,41.88121],[-87.75509,41.8812],[-87.75508,41.88078],[-87.75505,41.87983],[-87.75503,41.87952],[-87.75501,41.87894],[-87.755,41.87861],[-87.755,41.87847],[-87.75498,41.87811],[-87.75498,41.87798],[-87.75496,41.87757],[-87.74518,41.87769],[-87.74519,41.87804],[-87.7439,41.87806],[-87.74362,41.87806],[-87.74291,41.87807],[-87.74274,41.87807],[-87.74275,41.87845],[-87.74276,41.87855],[-87.74278,41.87928],[-87.74279,41.87954],[-87.7428,41.87967],[-87.74281,41.87988],[-87.74282,41.8802],[-87.74282,41.88029],[-87.74284,41.88072],[-87.74285,41.8812],[-87.74286,41.88134],[-87.74287,41.88168],[-87.74287,41.88185],[-87.74303,41.88646]]]},"properties":{"level":"es","grades":"K–8","id":"610183","name":"Spencer Technology Academy","url":"https://www.cps.edu/schools/schoolprofiles/610183","x":-87.75044,"y":41.88488}},{"type":"Feature","geometry":{"type":"Polygon","coordinates":[[[-87.69904,41.85003],[-87.69909,41.85185],[-87.70281,41.8518],[-87.70258,41.84455],[-87.70136,41.84459],[-87.7008,41.84459],[-87.70015,41.84461],[-87.70014,41.84423],[-87.70014,41.8442],[-87.70011,41.84351],[-87.7001,41.8433],[-87.70009,41.84276],[-87.70007,41.8424],[-87.70005,41.84172],[-87.70004,41.84132],[-87.70002,41.84045],[-87.70001,41.8402],[-87.7,41.83969],[-87.69998,41.83917],[-87.69995,41.83812],[-87.69994,41.83766],[-87.69992,41.83732],[-87.69915,41.83734],[-87.69843,41.83735],[-87.69621,41.8374],[-87.69541,41.83741],[-87.69503,41.83741],[-87.69512,41.8415],[-87.69527,41.84645],[-87.69775,41.84642],[-87.69779,41.84785],[-87.69856,41.84784],[-87.69898,41.84816],[-87.69904,41.85003]]]},"properties":{"level":"es","grades":"K–8","id":"610184","name":"John Spry Elementary Community School","url":"https://www.cps.edu/schools/schoolprofiles/610184","x":-87.70018,"y":41.84775}},{"type":"Feature","geometry":{"type":"Polygon","coordinates":[[[-87.72168,41.74218],[-87.72204,41.75346],[-87.72217,41.75508],[-87.72741,41.755],[-87.72936,41.75502],[-87.73267,41.75496],[-87.73316,41.75479],[-87.73382,41.75429],[-87.73438,41.75408],[-87.73553,41.75399],[-87.73648,41.75344],[-87.73758,41.75343],[-87.73829,41.75372],[-87.73965,41.75396],[-87.74049,41.75435],[-87.74152,41.75435],[-87.74151,41.75396],[-87.7415,41.75373],[-87.7415,41.75284],[-87.7415,41.75265],[-87.74147,41.75228],[-87.74143,41.75124],[-87.74141,41.75056],[-87.74139,41.74952],[-87.74132,41.74872],[-87.7413,41.74805],[-87.74127,41.74674],[-87.74125,41.74597],[-87.74123,41.74544],[-87.74121,41.74489],[-87.7412,41.74439],[-87.74114,41.74299],[-87.74112,41.74239],[-87.7411,41.7419],[-87.74058,41.74197],[-87.73553,41.74203],[-87.73498,41.74195],[-87.72168,41.74218]]]},"properties":{"level":"es","grades":"K–8","id":"610185","name":"Adlai E Stevenson Elementary School","url":"https://www.cps.edu/schools/schoolprofiles/610185","x":-87.73167,"y":41.74711}},{"type":"Feature","geometry":{"type":"Polygon","coordinates":[[[-87.61854,41.70354],[-87.62342,41.70346],[-87.62342,41.70352],[-87.62818,41.70346],[-87.62817,41.7033],[-87.62816,41.70269],[-87.62815,41.70233],[-87.62814,41.7018],[-87.62813,41.70164],[-87.63309,41.70158],[-87.63304,41.69975],[-87.63304,41.69974],[-87.63303,41.69932],[-87.63302,41.69888],[-87.633,41.69817],[-87.63298,41.69725],[-87.63297,41.69706],[-87.63296,41.69671],[-87.63295,41.6964],[-87.63295,41.69623],[-87.63296,41.69611],[-87.63297,41.69611],[-87.63296,41.69589],[-87.63294,41.6949],[-87.63293,41.69451],[-87.63292,41.69429],[-87.63289,41.69423],[-87.63287,41.69355],[-87.63285,41.69273],[-87.63285,41.6926],[-87.63285,41.69248],[-87.63285,41.69247],[-87.63271,41.69247],[-87.6322,41.69248],[-87.63002,41.6925],[-87.62931,41.69251],[-87.6285,41.69252],[-87.62791,41.69253],[-87.62745,41.69253],[-87.62583,41.69255],[-87.62516,41.69256],[-87.62479,41.69256],[-87.62396,41.69257],[-87.62336,41.69258],[-87.61964,41.69263],[-87.61826,41.69265],[-87.61834,41.69629],[-87.61712,41.69632],[-87.61717,41.69814],[-87.6184,41.69812],[-87.61854,41.70354]]]},"properties":{"level":"es","grades":"K–8","id":"610208","name":"Mildred I Lavizzo Elementary School","url":"https://www.cps.edu/schools/schoolprofiles/610208","x":-87.62715,"y":41.69626}},{"type":"Feature","geometry":{"type":"Polygon","coordinates":[[[-87.80655,42.01851],[-87.80655,42.01881],[-87.80678,42.01896],[-87.8073,42.01895],[-87.80777,42.01894],[-87.80885,42.01891],[-87.80922,42.0189],[-87.81008,42.01889],[-87.81039,42.01888],[-87.81144,42.01886],[-87.81496,42.01878],[-87.81527,42.01877],[-87.81633,42.01875],[-87.81741,42.01873],[-87.8177,42.01872],[-87.8186,42.0187],[-87.81885,42.0187],[-87.82121,42.01864],[-87.82121,42.01831],[-87.82121,42.01817],[-87.82121,42.01809],[-87.82121,42.01795],[-87.82122,42.01781],[-87.82122,42.01767],[-87.82122,42.01744],[-87.82122,42.01698],[-87.82122,42.01694],[-87.82122,42.01686],[-87.82122,42.01678],[-87.82122,42.01669],[-87.82122,42.0166],[-87.82122,42.01647],[-87.82123,42.01635],[-87.82123,42.0162],[-87.82123,42.01606],[-87.82123,42.01591],[-87.82123,42.01587],[-87.82123,42.01561],[-87.82123,42.01554],[-87.82105,42.01555],[-87.82066,42.01556],[-87.82042,42.01556],[-87.8202,42.01557],[-87.82009,42.01557],[-87.82007,42.0155],[-87.82007,42.01523],[-87.82007,42.01511],[-87.82007,42.01493],[-87.82008,42.01463],[-87.82008,42.01459],[-87.82008,42.01438],[-87.82008,42.0142],[-87.82008,42.0137],[-87.82009,42.01342],[-87.82009,42.0132],[-87.82009,42.01301],[-87.82009,42.0126],[-87.8201,42.01233],[-87.8201,42.01229],[-87.8201,42.01193],[-87.81973,42.01158],[-87.81978,42.01138],[-87.81998,42.01138],[-87.81999,42.01138],[-87.82004,42.01138],[-87.8204,42.01137],[-87.82072,42.01137],[-87.82082,42.01136],[-87.82107,42.01136],[-87.82125,42.01136],[-87.82126,42.0109],[-87.82126,42.01047],[-87.82126,42.01022],[-87.82127,42.00991],[-87.82127,42.00962],[-87.82128,42.00951],[-87.82128,42.00927],[-87.82129,42.00903],[-87.82129,42.00882],[-87.82129,42.00863],[-87.8213,42.00844],[-87.8213,42.00838],[-87.82131,42.00779],[-87.82131,42.00736],[-87.82131,42.00735],[-87.82131,42.00717],[-87.82131,42.00695],[-87.82131,42.00684],[-87.82132,42.00653],[-87.82132,42.00617],[-87.82132,42.006],[-87.82133,42.00527],[-87.82133,42.00506],[-87.82134,42.00472],[-87.82134,42.00455],[-87.82135,42.00412],[-87.82134,42.00403],[-87.82134,42.00392],[-87.82134,42.00374],[-87.82134,42.00366],[-87.82134,42.00359],[-87.82134,42.0034],[-87.82134,42.00331],[-87.82135,42.00307],[-87.82135,42.00301],[-87.82135,42.00278],[-87.82135,42.00274],[-87.82135,42.00269],[-87.82135,42.00252],[-87.82135,42.00245],[-87.82136,42.00219],[-87.82136,42.002],[-87.82136,42.00196],[-87.82136,42.00184],[-87.82136,42.00169],[-87.82137,42.00092],[-87.82137,42.00083],[-87.82137,42.00061],[-87.82138,42.00055],[-87.82138,42.00032],[-87.82138,42.00002],[-87.82138,41.99998],[-87.82139,41.99945],[-87.82139,41.99909],[-87.82139,41.99898],[-87.82139,41.99883],[-87.8214,41.99862],[-87.8214,41.99842],[-87.8214,41.99826],[-87.8214,41.99757],[-87.82141,41.99685],[-87.81094,41.99713],[-87.80928,41.99721],[-87.80754,41.99771],[-87.80679,41.99777],[-87.80677,41.99981],[-87.80676,42.00114],[-87.80675,42.0015],[-87.80675,42.00166],[-87.80675,42.00191],[-87.80674,42.00222],[-87.80674,42.00266],[-87.80673,42.00307],[-87.80672,42.00392],[-87.80672,42.00432],[-87.80672,42.00447],[-87.80671,42.00487],[-87.80671,42.00509],[-87.80671,42.00538],[-87.8067,42.00593],[-87.8067,42.00594],[-87.8067,42.0065],[-87.80669,42.00719],[-87.80668,42.00757],[-87.80668,42.00809],[-87.80667,42.00855],[-87.80667,42.00891],[-87.80666,42.00934],[-87.80666,42.00974],[-87.80666,42.00992],[-87.80665,42.01032],[-87.80665,42.01067],[-87.80664,42.01133],[-87.80663,42.0124],[-87.80663,42.01258],[-87.80662,42.01326],[-87.80662,42.01368],[-87.80659,42.01522],[-87.80659,42.01534],[-87.80658,42.01652],[-87.80657,42.01725],[-87.80657,42.01744],[-87.80656,42.01782],[-87.80655,42.01851]]]},"properties":{"level":"es","grades":"K–8","id":"609899","name":"Christian Ebinger Elementary School","url":"https://www.cps.edu/schools/schoolprofiles/609899","x":-87.81117,"y":42.00441}},{"type":"Feature","geometry":{"type":"Polygon","coordinates":[[[-87.82333,41.98451],[-87.82336,41.98423],[-87.81861,41.9836],[-87.81511,41.98277],[-87.81318,41.98248],[-87.81048,41.98243],[-87.80694,41.98247],[-87.8068,41.99698],[-87.80679,41.99777],[-87.80754,41.99771],[-87.80928,41.99721],[-87.81094,41.99713],[-87.82141,41.99685],[-87.82161,41.99613],[-87.82172,41.99566],[-87.82185,41.99498],[-87.82195,41.9944],[-87.82208,41.99361],[-87.82219,41.9929],[-87.82222,41.99267],[-87.82231,41.99204],[-87.82233,41.99188],[-87.82233,41.99187],[-87.82235,41.99175],[-87.82235,41.99172],[-87.82238,41.9915],[-87.82248,41.99083],[-87.82252,41.99049],[-87.82256,41.99022],[-87.82259,41.98994],[-87.82263,41.98968],[-87.82274,41.98884],[-87.82275,41.98877],[-87.82287,41.98792],[-87.82298,41.98711],[-87.823,41.98695],[-87.82303,41.98674],[-87.82306,41.98652],[-87.82309,41.98625],[-87.8231,41.9862],[-87.82315,41.9858],[-87.82319,41.98552],[-87.82322,41.98531],[-87.82328,41.98484],[-87.82331,41.98464],[-87.82333,41.98451]]]},"properties":{"level":"es","grades":"K–8","id":"610523","name":"Edison Park Elementary School","url":"https://www.cps.edu/schools/schoolprofiles/610523","x":-87.81377,"y":41.99424}},{"type":"Feature","geometry":{"type":"Polygon","coordinates":[[[-87.71581,41.96838],[-87.71582,41.96883],[-87.71591,41.97197],[-87.71594,41.97327],[-87.71595,41.97364],[-87.71598,41.97452],[-87.716,41.97513],[-87.71601,41.97553],[-87.71599,41.97566],[-87.71662,41.97566],[-87.7178,41.97565],[-87.71831,41.97564],[-87.71968,41.97562],[-87.72127,41.97561],[-87.72336,41.97558],[-87.72354,41.97558],[-87.72395,41.97558],[-87.72432,41.97557],[-87.72525,41.97556],[-87.72677,41.97555],[-87.72736,41.97554],[-87.72823,41.97553],[-87.72821,41.97475],[-87.72818,41.97379],[-87.72818,41.97375],[-87.72817,41.97319],[-87.72816,41.97283],[-87.72813,41.97188],[-87.7281,41.97072],[-87.72807,41.9696],[-87.72806,41.96932],[-87.72804,41.9687],[-87.72803,41.96824],[-87.71581,41.96838]]]},"properties":{"level":"es","grades":"K–8","id":"610209","name":"Alessandro Volta Elementary School","url":"https://www.cps.edu/schools/schoolprofiles/610209","x":-87.7246,"y":41.97163}},{"type":"Feature","geometry":{"type":"Polygon","coordinates":[[[-87.63516,41.85772],[-87.63602,41.85773],[-87.63777,41.85768],[-87.6378,41.86001],[-87.6388,41.86002],[-87.64125,41.85999],[-87.6415,41.85999],[-87.64194,41.85998],[-87.64253,41.85997],[-87.64298,41.85997],[-87.64386,41.85996],[-87.64401,41.85996],[-87.6441,41.85996],[-87.64422,41.85996],[-87.64447,41.85995],[-87.64459,41.85995],[-87.64465,41.85995],[-87.64469,41.85995],[-87.64522,41.85993],[-87.64552,41.85993],[-87.64619,41.85992],[-87.64671,41.85991],[-87.64661,41.85673],[-87.65153,41.85667],[-87.65149,41.85527],[-87.65313,41.85525],[-87.65305,41.85255],[-87.6465,41.85265],[-87.64643,41.85051],[-87.64647,41.84927],[-87.64453,41.84945],[-87.64415,41.84949],[-87.64332,41.84969],[-87.64238,41.85027],[-87.64159,41.85122],[-87.64075,41.85237],[-87.64034,41.85299],[-87.63965,41.85395],[-87.63904,41.85457],[-87.63748,41.85533],[-87.63706,41.85562],[-87.63695,41.85569],[-87.63616,41.85629],[-87.63532,41.85723],[-87.63516,41.85772]]]},"properties":{"level":"es","grades":"K–8","id":"610216","name":"John A Walsh Elementary School","url":"https://www.cps.edu/schools/schoolprofiles/610216","x":-87.64809,"y":41.85484}},{"type":"Feature","geometry":{"type":"Polygon","coordinates":[[[-87.63088,41.84742],[-87.63192,41.84753],[-87.63431,41.84744],[-87.63623,41.84737],[-87.6366,41.84736],[-87.63685,41.84736],[-87.63699,41.84736],[-87.63698,41.8472],[-87.63698,41.84707],[-87.63695,41.84603],[-87.63693,41.84546],[-87.63669,41.83817],[-87.63677,41.83808],[-87.63684,41.83808],[-87.63711,41.83804],[-87.63711,41.83797],[-87.6371,41.83777],[-87.63685,41.83777],[-87.63668,41.83777],[-87.63668,41.83773],[-87.63701,41.83772],[-87.6371,41.83769],[-87.6371,41.83753],[-87.6371,41.83745],[-87.63708,41.83693],[-87.63708,41.83678],[-87.63675,41.83677],[-87.63669,41.83673],[-87.6369,41.83672],[-87.63706,41.83672],[-87.63708,41.8366],[-87.63707,41.83643],[-87.63686,41.83643],[-87.6367,41.83626],[-87.63686,41.83625],[-87.63706,41.83604],[-87.63706,41.83581],[-87.63704,41.83484],[-87.63703,41.83461],[-87.63661,41.83461],[-87.6366,41.83453],[-87.6366,41.83443],[-87.63683,41.83443],[-87.63728,41.83442],[-87.63754,41.83442],[-87.63754,41.83422],[-87.63753,41.83397],[-87.63753,41.83384],[-87.63753,41.83361],[-87.63751,41.83283],[-87.6375,41.83234],[-87.63749,41.83178],[-87.63748,41.83145],[-87.63747,41.83132],[-87.63747,41.83102],[-87.63704,41.83096],[-87.63683,41.83096],[-87.63649,41.83097],[-87.6364,41.83097],[-87.6364,41.83088],[-87.62983,41.83097],[-87.63003,41.83826],[-87.63015,41.8434],[-87.63026,41.84371],[-87.63102,41.84432],[-87.63107,41.846],[-87.63088,41.84742]]]},"properties":{"level":"es","grades":"K–8","id":"610217","name":"James Ward Elementary School","url":"https://www.cps.edu/schools/schoolprofiles/610217","x":-87.63536,"y":41.84398}},{"type":"Feature","geometry":{"type":"Polygon","coordinates":[[[-87.57277,41.7298],[-87.57311,41.72979],[-87.57315,41.73162],[-87.57318,41.73266],[-87.5732,41.73344],[-87.57325,41.73527],[-87.57329,41.73664],[-87.5733,41.73709],[-87.57362,41.73709],[-87.57512,41.73706],[-87.57572,41.73706],[-87.57563,41.73341],[-87.57806,41.73338],[-87.57804,41.73247],[-87.57801,41.73155],[-87.578,41.73096],[-87.57799,41.73048],[-87.57798,41.72999],[-87.57797,41.7297],[-87.57795,41.72866],[-87.57793,41.72791],[-87.57789,41.72656],[-87.57788,41.72608],[-87.5778,41.72304],[-87.57745,41.72308],[-87.57397,41.72309],[-87.56932,41.72315],[-87.56932,41.72507],[-87.56934,41.72572],[-87.56936,41.72619],[-87.56936,41.72636],[-87.56937,41.72667],[-87.56938,41.72699],[-87.56941,41.72802],[-87.56943,41.7286],[-87.56944,41.72922],[-87.56946,41.72984],[-87.57007,41.72984],[-87.5719,41.72981],[-87.5725,41.7298],[-87.57277,41.7298]]]},"properties":{"level":"es","grades":"K–8","id":"610218","name":"Joseph Warren Elementary School","url":"https://www.cps.edu/schools/schoolprofiles/610218","x":-87.57535,"y":41.72676}},{"type":"Feature","geometry":{"type":"Polygon","coordinates":[[[-87.52483,41.6737],[-87.52483,41.67377],[-87.52483,41.67398],[-87.52483,41.67407],[-87.52482,41.67468],[-87.52481,41.67557],[-87.52481,41.67573],[-87.52481,41.67574],[-87.52481,41.67585],[-87.52479,41.67721],[-87.52478,41.67805],[-87.52477,41.67872],[-87.52477,41.6789],[-87.52476,41.67955],[-87.52474,41.68091],[-87.52472,41.68251],[-87.52472,41.68252],[-87.52471,41.68348],[-87.52467,41.6863],[-87.52466,41.68761],[-87.52465,41.68852],[-87.52462,41.6918],[-87.52465,41.69221],[-87.52466,41.69234],[-87.52465,41.69292],[-87.52464,41.69466],[-87.52464,41.69495],[-87.52464,41.6952],[-87.52461,41.69542],[-87.53046,41.69545],[-87.545,41.69552],[-87.55288,41.69541],[-87.55227,41.69394],[-87.55195,41.69205],[-87.55199,41.69054],[-87.55243,41.6851],[-87.55212,41.68199],[-87.55203,41.68066],[-87.55218,41.67905],[-87.55223,41.67699],[-87.55159,41.67558],[-87.55157,41.67516],[-87.55236,41.67366],[-87.54957,41.67359],[-87.54522,41.67358],[-87.54,41.67364],[-87.533,41.67367],[-87.53263,41.67451],[-87.53198,41.67492],[-87.531,41.67483],[-87.52752,41.67494],[-87.52607,41.67419],[-87.52552,41.67406],[-87.52527,41.6737],[-87.52483,41.6737]]]},"properties":{"level":"es","grades":"K–8","id":"610219","name":"George Washington Elementary School","url":"https://www.cps.edu/schools/schoolprofiles/610219","x":-87.53602,"y":41.68813}},{"type":"Feature","geometry":{"type":"Polygon","coordinates":[[[-87.68383,41.96139],[-87.685,41.96319],[-87.6839,41.9632],[-87.68396,41.96594],[-87.68612,41.96591],[-87.68664,41.9657],[-87.68858,41.96862],[-87.68891,41.96861],[-87.70108,41.96851],[-87.70126,41.96851],[-87.70204,41.96851],[-87.70288,41.9685],[-87.70315,41.9685],[-87.70361,41.96849],[-87.70358,41.96836],[-87.70357,41.96811],[-87.70355,41.96746],[-87.70354,41.96702],[-87.70353,41.96667],[-87.70336,41.96122],[-87.69475,41.96127],[-87.6947,41.9611],[-87.6947,41.96094],[-87.69469,41.96077],[-87.69467,41.96056],[-87.69467,41.96024],[-87.69462,41.95985],[-87.69459,41.95964],[-87.6946,41.95944],[-87.69458,41.9592],[-87.69455,41.95904],[-87.69452,41.95889],[-87.69448,41.95877],[-87.69446,41.95862],[-87.69442,41.95828],[-87.6944,41.95807],[-87.69439,41.95801],[-87.69435,41.95789],[-87.69435,41.95782],[-87.69434,41.95776],[-87.69434,41.95768],[-87.69435,41.95765],[-87.69435,41.95763],[-87.69387,41.95764],[-87.69365,41.95764],[-87.69194,41.95765],[-87.68857,41.95767],[-87.68868,41.96131],[-87.68383,41.96139]]]},"properties":{"level":"es","grades":"K–8","id":"610220","name":"Thomas J Waters Elementary School","url":"https://www.cps.edu/schools/schoolprofiles/610220","x":-87.69143,"y":41.96417}},{"type":"Feature","geometry":{"type":"Polygon","coordinates":[[[-87.72295,41.87257],[-87.7254,41.87253],[-87.72541,41.873],[-87.72905,41.87198],[-87.72898,41.86998],[-87.7302,41.86997],[-87.73006,41.8661],[-87.72586,41.86616],[-87.72517,41.86617],[-87.72527,41.86847],[-87.72531,41.86981],[-87.72285,41.86984],[-87.72295,41.87257]]]},"properties":{"level":"es","grades":"K–8","id":"610221","name":"Daniel Webster Elementary School","url":"https://www.cps.edu/schools/schoolprofiles/610221","x":-87.72752,"y":41.86992}},{"type":"Feature","geometry":{"type":"Polygon","coordinates":[[[-87.64451,41.76884],[-87.6446,41.77247],[-87.64823,41.77242],[-87.65188,41.77237],[-87.65183,41.77055],[-87.65911,41.77044],[-87.65917,41.77226],[-87.66402,41.77219],[-87.6639,41.76855],[-87.66375,41.76408],[-87.6636,41.75754],[-87.66349,41.75754],[-87.66339,41.75758],[-87.66339,41.75764],[-87.663,41.75765],[-87.66281,41.75765],[-87.66239,41.75766],[-87.66213,41.75766],[-87.66206,41.75756],[-87.662,41.75757],[-87.66175,41.75757],[-87.66121,41.75758],[-87.66008,41.7576],[-87.6597,41.75761],[-87.6594,41.75761],[-87.65927,41.75761],[-87.65895,41.75762],[-87.65877,41.75762],[-87.65878,41.75767],[-87.65879,41.75826],[-87.65881,41.75885],[-87.65882,41.75932],[-87.65884,41.75992],[-87.65885,41.76036],[-87.65885,41.76052],[-87.65887,41.76124],[-87.65865,41.76135],[-87.65792,41.76136],[-87.65764,41.76136],[-87.65726,41.76137],[-87.65735,41.765],[-87.65654,41.76502],[-87.65664,41.76866],[-87.65179,41.76873],[-87.65169,41.76509],[-87.64441,41.7652],[-87.64451,41.76884]]]},"properties":{"level":"es","grades":"K–8","id":"610223","name":"Daniel S Wentworth Elementary School","url":"https://www.cps.edu/schools/schoolprofiles/610223","x":-87.6582,"y":41.76508}},{"type":"Feature","geometry":{"type":"Polygon","coordinates":[[[-87.66224,41.67753],[-87.66176,41.67754],[-87.66156,41.67754],[-87.66153,41.67754],[-87.66137,41.67754],[-87.65526,41.67763],[-87.65164,41.67768],[-87.65176,41.68132],[-87.65054,41.68133],[-87.65059,41.6829],[-87.65063,41.68382],[-87.65064,41.6842],[-87.65065,41.68475],[-87.65066,41.68487],[-87.65066,41.68497],[-87.65096,41.68496],[-87.65117,41.68496],[-87.65204,41.68495],[-87.65251,41.68494],[-87.65309,41.68493],[-87.65346,41.68493],[-87.65369,41.68493],[-87.65449,41.68492],[-87.65485,41.68491],[-87.65552,41.6849],[-87.65627,41.68489],[-87.65674,41.68489],[-87.65711,41.68488],[-87.65745,41.68488],[-87.65815,41.68487],[-87.65857,41.68486],[-87.65917,41.68485],[-87.65965,41.68485],[-87.66021,41.68484],[-87.66065,41.68483],[-87.66125,41.68483],[-87.6616,41.68482],[-87.66174,41.68482],[-87.66195,41.68481],[-87.66246,41.68481],[-87.66309,41.6848],[-87.6663,41.68473],[-87.66644,41.68467],[-87.6672,41.68327],[-87.67054,41.67737],[-87.67017,41.67738],[-87.66946,41.67739],[-87.6687,41.6774],[-87.6685,41.67741],[-87.66803,41.67742],[-87.66798,41.67733],[-87.6684,41.67619],[-87.66743,41.67599],[-87.66719,41.67632],[-87.6668,41.67735],[-87.66657,41.67744],[-87.66624,41.67745],[-87.66479,41.67748],[-87.66434,41.67748],[-87.66404,41.67749],[-87.66299,41.67751],[-87.66253,41.67752],[-87.66241,41.67752],[-87.6624,41.67752],[-87.66225,41.67753],[-87.66224,41.67753]]]},"properties":{"level":"es","grades":"K–8","id":"610225","name":"John Whistler Elementary School","url":"https://www.cps.edu/schools/schoolprofiles/610225","x":-87.65538,"y":41.68391}},{"type":"Feature","geometry":{"type":"Polygon","coordinates":[[[-87.71363,41.8006],[-87.7135,41.80069],[-87.71371,41.80081],[-87.71373,41.80165],[-87.71373,41.80182],[-87.71375,41.80247],[-87.71377,41.80375],[-87.71378,41.804],[-87.71383,41.80404],[-87.71414,41.80388],[-87.71425,41.80386],[-87.71436,41.80383],[-87.71444,41.80381],[-87.71454,41.80378],[-87.7148,41.8037],[-87.71494,41.80365],[-87.71501,41.80363],[-87.71521,41.80355],[-87.71533,41.80351],[-87.71546,41.80343],[-87.71547,41.80341],[-87.7156,41.80319],[-87.71568,41.803],[-87.71588,41.803],[-87.71607,41.80296],[-87.71856,41.80199],[-87.71915,41.80176],[-87.71971,41.80154],[-87.72013,41.80137],[-87.72066,41.80116],[-87.72113,41.80097],[-87.72161,41.80079],[-87.72216,41.80057],[-87.72209,41.80057],[-87.72131,41.80058],[-87.72076,41.80059],[-87.72018,41.8006],[-87.7197,41.8006],[-87.71933,41.80061],[-87.71891,41.80061],[-87.71847,41.80062],[-87.71845,41.79995],[-87.71843,41.79961],[-87.71843,41.79944],[-87.71843,41.79915],[-87.71842,41.79904],[-87.71835,41.79667],[-87.71834,41.79627],[-87.71834,41.79612],[-87.71833,41.79583],[-87.71832,41.79565],[-87.71832,41.79551],[-87.7183,41.79484],[-87.71828,41.79422],[-87.71826,41.79341],[-87.71826,41.79328],[-87.71826,41.79327],[-87.71826,41.7932],[-87.71825,41.79288],[-87.71825,41.79275],[-87.71824,41.79241],[-87.71824,41.79236],[-87.71824,41.79233],[-87.71823,41.79232],[-87.71823,41.79231],[-87.71823,41.79226],[-87.71822,41.79192],[-87.71822,41.79191],[-87.71821,41.79157],[-87.71821,41.79134],[-87.7182,41.79108],[-87.7182,41.79101],[-87.71819,41.79088],[-87.71818,41.79056],[-87.71805,41.79056],[-87.7179,41.79056],[-87.71773,41.79057],[-87.71758,41.79057],[-87.7171,41.79058],[-87.71663,41.79058],[-87.71631,41.79059],[-87.71613,41.79059],[-87.71586,41.7906],[-87.71574,41.7906],[-87.71574,41.7905],[-87.71573,41.79037],[-87.71573,41.79023],[-87.71572,41.7898],[-87.71571,41.78969],[-87.7157,41.78945],[-87.7157,41.78937],[-87.71569,41.78901],[-87.71569,41.78878],[-87.71568,41.78868],[-87.71567,41.78837],[-87.71567,41.78821],[-87.71567,41.78808],[-87.71566,41.78787],[-87.71566,41.78777],[-87.71566,41.78773],[-87.71564,41.78713],[-87.71563,41.78696],[-87.71563,41.78691],[-87.71563,41.78667],[-87.71562,41.78653],[-87.71562,41.78632],[-87.71561,41.78616],[-87.7156,41.78605],[-87.7156,41.78596],[-87.7156,41.78579],[-87.7156,41.78574],[-87.71559,41.7856],[-87.71558,41.78514],[-87.71557,41.78473],[-87.71555,41.78404],[-87.71553,41.7835],[-87.71553,41.78332],[-87.71552,41.7829],[-87.71551,41.78266],[-87.7155,41.78224],[-87.71547,41.78131],[-87.71546,41.78105],[-87.71545,41.78059],[-87.71521,41.7806],[-87.71421,41.78062],[-87.71322,41.78064],[-87.71292,41.78064],[-87.7128,41.78065],[-87.71136,41.78067],[-87.71014,41.78069],[-87.70934,41.7807],[-87.70874,41.78071],[-87.70804,41.78072],[-87.70815,41.78435],[-87.70975,41.78433],[-87.71008,41.78432],[-87.71032,41.78432],[-87.71058,41.78458],[-87.71059,41.78464],[-87.71059,41.78491],[-87.7106,41.78502],[-87.7106,41.78532],[-87.71061,41.78568],[-87.71064,41.78604],[-87.71071,41.78642],[-87.7108,41.78977],[-87.69736,41.78999],[-87.69738,41.79096],[-87.6974,41.79161],[-87.69742,41.79213],[-87.69742,41.79241],[-87.69746,41.79363],[-87.698,41.79362],[-87.69857,41.79361],[-87.69871,41.7936],[-87.6988,41.7936],[-87.70013,41.79358],[-87.70098,41.79356],[-87.70219,41.79354],[-87.70286,41.79353],[-87.70294,41.79353],[-87.70355,41.79351],[-87.70417,41.7935],[-87.70468,41.7935],[-87.70502,41.79349],[-87.70591,41.79348],[-87.70613,41.79348],[-87.70683,41.79347],[-87.70717,41.79346],[-87.70723,41.79346],[-87.70724,41.79346],[-87.7078,41.79345],[-87.70858,41.79344],[-87.70905,41.79343],[-87.70945,41.79343],[-87.70968,41.79342],[-87.70987,41.79342],[-87.71004,41.79342],[-87.71036,41.79341],[-87.71103,41.7934],[-87.71177,41.79339],[-87.71203,41.79338],[-87.71225,41.79338],[-87.71299,41.79337],[-87.71311,41.79337],[-87.71338,41.79336],[-87.71342,41.79336],[-87.71342,41.79338],[-87.71345,41.79454],[-87.71346,41.79482],[-87.71346,41.79493],[-87.71347,41.79515],[-87.71348,41.7955],[-87.71348,41.79558],[-87.71349,41.79588],[-87.7135,41.79616],[-87.7135,41.79637],[-87.71352,41.79683],[-87.71352,41.79702],[-87.71352,41.79703],[-87.71353,41.79728],[-87.71354,41.79752],[-87.71354,41.79773],[-87.71355,41.79795],[-87.71356,41.79817],[-87.71356,41.79847],[-87.71357,41.7986],[-87.71357,41.79873],[-87.71358,41.79896],[-87.71358,41.7991],[-87.71358,41.79917],[-87.71359,41.79931],[-87.7136,41.79954],[-87.7136,41.7997],[-87.71361,41.8001],[-87.71362,41.80036],[-87.71362,41.80055],[-87.71363,41.80056],[-87.71363,41.8006]]]},"properties":{"level":"es","grades":"K–5","id":"610226","name":"Socorro Sandoval Elementary School","url":"https://www.cps.edu/schools/schoolprofiles/610226","x":-87.71099,"y":41.79235}},{"type":"Feature","geometry":{"type":"Polygon","coordinates":[[[-87.72328,41.84243],[-87.7245,41.84241],[-87.72455,41.84426],[-87.72941,41.84419],[-87.72921,41.83683],[-87.73881,41.83673],[-87.73876,41.83445],[-87.73874,41.83383],[-87.73873,41.83332],[-87.73872,41.83297],[-87.7387,41.83199],[-87.73868,41.83105],[-87.73867,41.83087],[-87.73866,41.83029],[-87.73865,41.8297],[-87.73864,41.82941],[-87.73859,41.82717],[-87.73859,41.82704],[-87.73859,41.827],[-87.73858,41.82676],[-87.73853,41.82415],[-87.73851,41.82346],[-87.73849,41.82225],[-87.73865,41.82212],[-87.73886,41.82211],[-87.73886,41.82185],[-87.73885,41.82152],[-87.73884,41.82091],[-87.73631,41.82163],[-87.73364,41.8225],[-87.73136,41.82318],[-87.72896,41.82401],[-87.72511,41.82525],[-87.72412,41.8256],[-87.72412,41.82595],[-87.72413,41.82659],[-87.72413,41.82662],[-87.72414,41.8272],[-87.72416,41.82778],[-87.72417,41.82866],[-87.72418,41.82886],[-87.72418,41.82925],[-87.72421,41.83062],[-87.72422,41.83096],[-87.72423,41.83122],[-87.72424,41.83171],[-87.72425,41.83226],[-87.72427,41.83293],[-87.72427,41.83313],[-87.72428,41.83348],[-87.72428,41.83359],[-87.72429,41.83402],[-87.72431,41.83488],[-87.72431,41.83521],[-87.72432,41.83572],[-87.72433,41.83611],[-87.72434,41.83642],[-87.72434,41.83645],[-87.72435,41.83702],[-87.72436,41.83731],[-87.72437,41.83777],[-87.72438,41.83814],[-87.7244,41.83872],[-87.72398,41.83873],[-87.72379,41.83873],[-87.72353,41.83874],[-87.72318,41.83885],[-87.72319,41.83926],[-87.7232,41.83942],[-87.72321,41.83989],[-87.72322,41.8404],[-87.72324,41.8408],[-87.72326,41.84158],[-87.72327,41.84186],[-87.72328,41.84243]]]},"properties":{"level":"es","grades":"K–8","id":"610227","name":"Eli Whitney Elementary School","url":"https://www.cps.edu/schools/schoolprofiles/610227","x":-87.72555,"y":41.84008}},{"type":"Feature","geometry":{"type":"Polygon","coordinates":[[[-87.66602,41.85233],[-87.66627,41.85216],[-87.66847,41.85134],[-87.66855,41.85411],[-87.67344,41.85405],[-87.6735,41.85587],[-87.67839,41.85581],[-87.67837,41.85489],[-87.67592,41.85493],[-87.6758,41.85067],[-87.67558,41.84229],[-87.67549,41.84159],[-87.67488,41.84174],[-87.67312,41.84269],[-87.67286,41.84283],[-87.66997,41.84397],[-87.66833,41.84454],[-87.66722,41.8449],[-87.66588,41.84493],[-87.66596,41.8478],[-87.66602,41.85233]]]},"properties":{"level":"es","grades":"K–8","id":"610228","name":"John Greenleaf Whittier Elementary School","url":"https://www.cps.edu/schools/schoolprofiles/610228","x":-87.67339,"y":41.85048}},{"type":"Feature","geometry":{"type":"Polygon","coordinates":[[[-87.66984,41.89967],[-87.66988,41.901],[-87.66743,41.90104],[-87.66751,41.90402],[-87.67249,41.90719],[-87.67341,41.90778],[-87.67428,41.90834],[-87.67481,41.90868],[-87.67492,41.90875],[-87.67537,41.90903],[-87.67702,41.91009],[-87.67759,41.91047],[-87.67792,41.91067],[-87.67846,41.91102],[-87.67921,41.9115],[-87.67972,41.91184],[-87.68036,41.91225],[-87.68109,41.91272],[-87.68239,41.91265],[-87.68235,41.91039],[-87.68214,41.90311],[-87.6797,41.90315],[-87.67726,41.90319],[-87.67724,41.90267],[-87.67722,41.90183],[-87.67721,41.90168],[-87.6772,41.90118],[-87.67719,41.90086],[-87.67717,41.90007],[-87.67717,41.89997],[-87.67716,41.89955],[-87.67471,41.89959],[-87.66984,41.89967]]]},"properties":{"level":"es","grades":"K–8","id":"610229","name":"A.N. Pritzker School","url":"https://www.cps.edu/schools/schoolprofiles/610229","x":-87.67776,"y":41.90705}},{"type":"Feature","geometry":{"type":"Polygon","coordinates":[[[-87.77628,42.01197],[-87.77699,42.01198],[-87.77705,42.0121],[-87.77704,42.01278],[-87.77703,42.01308],[-87.77703,42.01316],[-87.77702,42.01344],[-87.77701,42.01367],[-87.77701,42.01391],[-87.777,42.01406],[-87.777,42.01415],[-87.777,42.01426],[-87.777,42.01438],[-87.77699,42.01462],[-87.77699,42.01474],[-87.77698,42.01501],[-87.77698,42.01511],[-87.77735,42.0154],[-87.77783,42.01541],[-87.77841,42.01543],[-87.77866,42.01543],[-87.77911,42.01517],[-87.77911,42.01506],[-87.77912,42.01488],[-87.77912,42.01476],[-87.77912,42.01464],[-87.77912,42.01452],[-87.77913,42.01435],[-87.77913,42.01428],[-87.77914,42.01407],[-87.77914,42.01392],[-87.77914,42.01374],[-87.77915,42.01357],[-87.77917,42.01333],[-87.77918,42.01319],[-87.77919,42.01303],[-87.77921,42.01278],[-87.77922,42.01264],[-87.77926,42.01214],[-87.77927,42.01199],[-87.77934,42.01199],[-87.77979,42.01199],[-87.77997,42.01199],[-87.78037,42.01199],[-87.78044,42.012],[-87.78106,42.01201],[-87.78154,42.01201],[-87.78207,42.012],[-87.78246,42.012],[-87.78311,42.012],[-87.78374,42.012],[-87.78434,42.012],[-87.78513,42.012],[-87.78572,42.012],[-87.78607,42.012],[-87.78615,42.012],[-87.78872,42.012],[-87.78835,42.01156],[-87.78769,42.01079],[-87.78752,42.01059],[-87.7875,42.01056],[-87.78733,42.01037],[-87.78721,42.01023],[-87.78692,42.00989],[-87.78667,42.0096],[-87.78661,42.00952],[-87.78653,42.00943],[-87.7864,42.00928],[-87.78627,42.00913],[-87.78595,42.00875],[-87.78591,42.0087],[-87.78556,42.0083],[-87.78543,42.00814],[-87.78525,42.00794],[-87.78515,42.00782],[-87.78481,42.00741],[-87.78445,42.007],[-87.78436,42.00689],[-87.78413,42.00662],[-87.78407,42.00655],[-87.7839,42.00636],[-87.78376,42.00618],[-87.78338,42.00574],[-87.78302,42.00534],[-87.78297,42.00528],[-87.78291,42.00522],[-87.78273,42.00505],[-87.78262,42.00495],[-87.78245,42.00482],[-87.78224,42.00465],[-87.78223,42.00465],[-87.78218,42.00461],[-87.78209,42.00455],[-87.782,42.0045],[-87.78114,42.00403],[-87.7688,41.99827],[-87.76669,41.9973],[-87.76577,41.99735],[-87.77036,42.00619],[-87.77044,42.00634],[-87.77053,42.00652],[-87.77061,42.00668],[-87.77072,42.00688],[-87.77083,42.0071],[-87.77089,42.00721],[-87.771,42.00743],[-87.7712,42.0078],[-87.77132,42.00804],[-87.77155,42.00848],[-87.77167,42.00872],[-87.77178,42.00893],[-87.77182,42.00902],[-87.77189,42.00915],[-87.77197,42.0093],[-87.77213,42.00961],[-87.77225,42.00983],[-87.77233,42.01],[-87.77253,42.01038],[-87.77279,42.01088],[-87.77291,42.01111],[-87.77305,42.01137],[-87.77322,42.01169],[-87.77335,42.01196],[-87.77415,42.01196],[-87.77628,42.01197]]]},"properties":{"level":"es","grades":"K–8","id":"610230","name":"Wildwood IB World Magnet School","url":"https://www.cps.edu/schools/schoolprofiles/610230","x":-87.77835,"y":42.00749}},{"type":"Feature","geometry":{"type":"Polygon","coordinates":[[[-87.69866,41.91958],[-87.70157,41.91955],[-87.7016,41.92058],[-87.70219,41.9207],[-87.70391,41.92069],[-87.70386,41.91925],[-87.70527,41.91925],[-87.70521,41.91742],[-87.70697,41.9174],[-87.70867,41.91738],[-87.70861,41.91556],[-87.70692,41.91558],[-87.70677,41.91084],[-87.70696,41.91012],[-87.70187,41.91017],[-87.70198,41.91392],[-87.69812,41.91398],[-87.69818,41.91566],[-87.69715,41.91567],[-87.69723,41.91854],[-87.69863,41.91853],[-87.69866,41.91958]]]},"properties":{"level":"es","grades":"K–8","id":"610234","name":"Richard Yates Elementary School","url":"https://www.cps.edu/schools/schoolprofiles/610234","x":-87.70028,"y":41.91504}},{"type":"Feature","geometry":{"type":"Polygon","coordinates":[[[-87.75933,41.90946],[-87.75946,41.91311],[-87.76069,41.91309],[-87.76082,41.91619],[-87.76404,41.91654],[-87.76573,41.91662],[-87.76573,41.91659],[-87.76573,41.91657],[-87.76572,41.91587],[-87.76567,41.91436],[-87.76564,41.91285],[-87.76563,41.91267],[-87.77157,41.91259],[-87.77156,41.91219],[-87.77146,41.90931],[-87.77173,41.9093],[-87.77318,41.90928],[-87.77475,41.90926],[-87.77515,41.90926],[-87.7756,41.90925],[-87.7756,41.90921],[-87.77559,41.90886],[-87.77554,41.90744],[-87.77548,41.90563],[-87.77544,41.90443],[-87.77542,41.90381],[-87.7754,41.90328],[-87.77537,41.90235],[-87.77536,41.902],[-87.77513,41.902],[-87.77432,41.90201],[-87.77381,41.90202],[-87.77138,41.90206],[-87.77065,41.90207],[-87.76956,41.90209],[-87.76565,41.90214],[-87.76505,41.90215],[-87.76443,41.90216],[-87.76383,41.90216],[-87.76094,41.90219],[-87.761,41.9031],[-87.76102,41.904],[-87.75972,41.90402],[-87.75976,41.90583],[-87.75958,41.90583],[-87.75968,41.90945],[-87.75933,41.90946]]]},"properties":{"level":"es","grades":"K–8","id":"610235","name":"Ella Flagg Young Elementary School","url":"https://www.cps.edu/schools/schoolprofiles/610235","x":-87.76714,"y":41.90679}},{"type":"Feature","geometry":{"type":"Polygon","coordinates":[[[-87.61989,41.82019],[-87.62151,41.82017],[-87.62156,41.82202],[-87.6264,41.82195],[-87.62641,41.82495],[-87.62648,41.82736],[-87.62317,41.82739],[-87.62322,41.82961],[-87.62173,41.82962],[-87.62176,41.83106],[-87.62967,41.83097],[-87.62948,41.82367],[-87.62946,41.82196],[-87.62956,41.82178],[-87.62944,41.81645],[-87.62944,41.81642],[-87.6294,41.81532],[-87.62935,41.81385],[-87.62934,41.81343],[-87.62937,41.81166],[-87.62957,41.8113],[-87.62963,41.81119],[-87.62978,41.81094],[-87.62994,41.81069],[-87.63019,41.81031],[-87.63039,41.81001],[-87.63046,41.80988],[-87.63067,41.80958],[-87.63083,41.80928],[-87.63087,41.80916],[-87.6309,41.80869],[-87.63067,41.80106],[-87.63052,41.7942],[-87.62975,41.79422],[-87.62912,41.79423],[-87.62866,41.79424],[-87.62246,41.79437],[-87.62265,41.802],[-87.62427,41.80197],[-87.62436,41.80562],[-87.62598,41.80556],[-87.62603,41.80742],[-87.62618,41.81306],[-87.62132,41.81313],[-87.62141,41.81656],[-87.61979,41.81659],[-87.61984,41.81839],[-87.61989,41.82019]]]},"properties":{"level":"es","grades":"K–8","id":"610237","name":"Ludwig Van Beethoven Elementary School","url":"https://www.cps.edu/schools/schoolprofiles/610237","x":-87.62714,"y":41.80913}},{"type":"Feature","geometry":{"type":"Polygon","coordinates":[[[-87.64441,41.7652],[-87.65169,41.76509],[-87.65179,41.76873],[-87.65664,41.76866],[-87.65654,41.76502],[-87.65735,41.765],[-87.65726,41.76137],[-87.65712,41.76137],[-87.65594,41.76139],[-87.65499,41.7614],[-87.65463,41.76141],[-87.65415,41.76142],[-87.65402,41.76142],[-87.65407,41.76324],[-87.64437,41.76338],[-87.64441,41.7652]]]},"properties":{"level":"es","grades":"K–8","id":"610238","name":"Carrie Jacobs Bond Elementary School","url":"https://www.cps.edu/schools/schoolprofiles/610238","x":-87.65302,"y":41.76536}},{"type":"Feature","geometry":{"type":"Polygon","coordinates":[[[-87.66721,41.8013],[-87.66726,41.80312],[-87.66847,41.80311],[-87.66852,41.80493],[-87.67095,41.80491],[-87.67459,41.80487],[-87.67455,41.80305],[-87.6796,41.803],[-87.67959,41.8025],[-87.67957,41.80187],[-87.67957,41.80157],[-87.67956,41.80119],[-87.67956,41.80117],[-87.67907,41.80118],[-87.67757,41.8012],[-87.67694,41.8012],[-87.67671,41.80121],[-87.67633,41.80121],[-87.67582,41.80122],[-87.67557,41.80122],[-87.6751,41.80123],[-87.67392,41.80124],[-87.67368,41.80124],[-87.67329,41.80124],[-87.67269,41.80125],[-87.67261,41.80125],[-87.67208,41.80125],[-87.67162,41.80126],[-87.67107,41.80126],[-87.67045,41.80127],[-87.66872,41.80128],[-87.66826,41.80129],[-87.66758,41.80129],[-87.66721,41.8013]]]},"properties":{"level":"es","grades":"K–8","id":"610239","name":"Richard J Daley Elementary Academy","url":"https://www.cps.edu/schools/schoolprofiles/610239","x":-87.67221,"y":41.80234}},{"type":"Feature","geometry":{"type":"Polygon","coordinates":[[[-87.64153,41.95715],[-87.64163,41.95773],[-87.6417,41.95813],[-87.64173,41.95825],[-87.64174,41.95835],[-87.64174,41.95843],[-87.64173,41.95851],[-87.64168,41.95898],[-87.64167,41.95909],[-87.64163,41.95933],[-87.64103,41.9593],[-87.64102,41.95935],[-87.6412,41.95936],[-87.64161,41.9594],[-87.64155,41.95996],[-87.64156,41.96026],[-87.64163,41.96039],[-87.64172,41.96049],[-87.64212,41.96087],[-87.64222,41.96101],[-87.64228,41.96152],[-87.64222,41.96167],[-87.64217,41.96176],[-87.64206,41.96191],[-87.642,41.96197],[-87.64185,41.9621],[-87.64146,41.96229],[-87.64125,41.96234],[-87.64118,41.96235],[-87.641,41.96237],[-87.64065,41.96241],[-87.64032,41.96246],[-87.6392,41.96259],[-87.63838,41.9627],[-87.63791,41.96275],[-87.63779,41.96277],[-87.6373,41.96282],[-87.63695,41.96286],[-87.63676,41.96288],[-87.63639,41.96289],[-87.63613,41.96287],[-87.63563,41.96271],[-87.63551,41.96261],[-87.6355,41.9626],[-87.63539,41.96245],[-87.63537,41.96243],[-87.63533,41.96214],[-87.63533,41.96212],[-87.6354,41.96194],[-87.63552,41.96175],[-87.63583,41.96138],[-87.63598,41.96125],[-87.63639,41.96094],[-87.63677,41.96073],[-87.63786,41.96036],[-87.63817,41.96031],[-87.6384,41.96028],[-87.6385,41.96028],[-87.63852,41.96028],[-87.63864,41.96027],[-87.63871,41.96028],[-87.63882,41.96029],[-87.63898,41.96031],[-87.63921,41.96036],[-87.63927,41.96038],[-87.63953,41.96051],[-87.64012,41.96083],[-87.64026,41.96089],[-87.64038,41.9609],[-87.64047,41.96089],[-87.64051,41.96088],[-87.64052,41.96088],[-87.64057,41.96086],[-87.64086,41.96065],[-87.64095,41.96049],[-87.64096,41.9603],[-87.64086,41.96006],[-87.64026,41.95972],[-87.64024,41.9595],[-87.64029,41.95921],[-87.64009,41.95967],[-87.64005,41.95967],[-87.64002,41.95966],[-87.63984,41.95962],[-87.63933,41.9595],[-87.63895,41.95942],[-87.63854,41.95938],[-87.63746,41.95937],[-87.63653,41.95959],[-87.63632,41.9597],[-87.63609,41.95984],[-87.63588,41.95999],[-87.63567,41.96014],[-87.63549,41.96029],[-87.63522,41.96053],[-87.63485,41.96091],[-87.63476,41.96098],[-87.63448,41.96122],[-87.63432,41.96132],[-87.63422,41.96138],[-87.63385,41.96153],[-87.63356,41.96169],[-87.63346,41.96175],[-87.63322,41.96182],[-87.63301,41.96188],[-87.63278,41.96196],[-87.63173,41.96232],[-87.63153,41.96241],[-87.63107,41.96284],[-87.63101,41.96298],[-87.631,41.96306],[-87.631,41.96323],[-87.63102,41.96333],[-87.63107,41.96346],[-87.63128,41.96375],[-87.63141,41.96387],[-87.63166,41.96403],[-87.63173,41.96423],[-87.6318,41.96446],[-87.63187,41.9648],[-87.63191,41.9651],[-87.63193,41.96546],[-87.63193,41.96558],[-87.63193,41.96562],[-87.63191,41.96592],[-87.63187,41.96621],[-87.63176,41.96665],[-87.6317,41.96684],[-87.6317,41.96685],[-87.6315,41.96733],[-87.63143,41.96748],[-87.63135,41.96763],[-87.63132,41.96767],[-87.63117,41.96793],[-87.63091,41.96829],[-87.63088,41.96835],[-87.63087,41.96841],[-87.63087,41.96851],[-87.63089,41.96856],[-87.6309,41.96859],[-87.63095,41.96866],[-87.63098,41.96869],[-87.63101,41.96872],[-87.63106,41.96875],[-87.63108,41.96877],[-87.63132,41.96885],[-87.63146,41.96886],[-87.63156,41.96885],[-87.63161,41.96884],[-87.63168,41.96881],[-87.63177,41.96877],[-87.63182,41.96874],[-87.63186,41.96871],[-87.63191,41.96865],[-87.63195,41.96858],[-87.63198,41.96847],[-87.63198,41.96841],[-87.63196,41.96833],[-87.63192,41.96825],[-87.63189,41.96821],[-87.63182,41.96815],[-87.63175,41.96819],[-87.63179,41.96822],[-87.63184,41.96828],[-87.63187,41.96832],[-87.63189,41.96839],[-87.6319,41.96847],[-87.63188,41.96854],[-87.63187,41.96855],[-87.63186,41.96858],[-87.63183,41.96862],[-87.6318,41.96865],[-87.63176,41.96869],[-87.63172,41.96872],[-87.6317,41.96873],[-87.63163,41.96876],[-87.6315,41.96879],[-87.63144,41.96879],[-87.63129,41.96877],[-87.63123,41.96876],[-87.63112,41.9687],[-87.6311,41.96869],[-87.63106,41.96866],[-87.63103,41.96862],[-87.63099,41.96856],[-87.63097,41.9685],[-87.63096,41.96839],[-87.631,41.9683],[-87.63111,41.96816],[-87.63135,41.96779],[-87.63146,41.96759],[-87.63147,41.96757],[-87.63153,41.96745],[-87.63155,41.96741],[-87.63169,41.96711],[-87.63179,41.96685],[-87.63182,41.96677],[-87.63204,41.96661],[-87.63289,41.96645],[-87.63419,41.96642],[-87.63493,41.96646],[-87.6358,41.96667],[-87.63756,41.96733],[-87.63932,41.968],[-87.64126,41.96863],[-87.64231,41.96906],[-87.64271,41.96926],[-87.64308,41.96943],[-87.64398,41.96987],[-87.64984,41.96916],[-87.65967,41.96903],[-87.65937,41.96836],[-87.65747,41.9654],[-87.66102,41.96535],[-87.66097,41.9617],[-87.66595,41.96163],[-87.66579,41.96118],[-87.66567,41.96088],[-87.66561,41.96073],[-87.66545,41.9603],[-87.66531,41.95995],[-87.66519,41.95963],[-87.66508,41.95938],[-87.665,41.95918],[-87.66479,41.95867],[-87.66451,41.95803],[-87.66447,41.95796],[-87.66426,41.95762],[-87.6635,41.9564],[-87.66288,41.95538],[-87.66225,41.95438],[-87.65964,41.95442],[-87.65747,41.95445],[-87.65686,41.95445],[-87.65614,41.95446],[-87.65543,41.95448],[-87.65131,41.95454],[-87.65045,41.95442],[-87.65023,41.95409],[-87.64967,41.95319],[-87.64966,41.95295],[-87.64939,41.95276],[-87.6493,41.95276],[-87.64875,41.9528],[-87.64843,41.95282],[-87.64764,41.95287],[-87.64708,41.9529],[-87.64584,41.95298],[-87.64528,41.95304],[-87.64501,41.95306],[-87.64481,41.95308],[-87.64456,41.9531],[-87.64444,41.9531],[-87.64044,41.95347],[-87.64059,41.95361],[-87.64061,41.95368],[-87.64065,41.9538],[-87.64074,41.95406],[-87.64078,41.95418],[-87.64081,41.95422],[-87.64089,41.9544],[-87.64095,41.95459],[-87.6412,41.95549],[-87.64123,41.95564],[-87.64135,41.95629],[-87.64139,41.95642],[-87.64142,41.95659],[-87.6415,41.95699],[-87.64153,41.95715]]]},"properties":{"level":"es","grades":"K–8","id":"610242","name":"Joseph Brennemann Elementary School","url":"https://www.cps.edu/schools/schoolprofiles/610242","x":-87.64975,"y":41.95998}},{"type":"Feature","geometry":{"type":"Polygon","coordinates":[[[-87.69646,41.88769],[-87.69647,41.88785],[-87.69647,41.88793],[-87.69647,41.88812],[-87.69648,41.88822],[-87.69715,41.88822],[-87.69758,41.88821],[-87.69867,41.8882],[-87.69926,41.88819],[-87.70039,41.88817],[-87.70141,41.88816],[-87.70129,41.88408],[-87.70622,41.88435],[-87.70612,41.88097],[-87.70297,41.88101],[-87.70292,41.87923],[-87.70605,41.87837],[-87.70597,41.87554],[-87.70594,41.87455],[-87.70593,41.87426],[-87.70581,41.87427],[-87.70552,41.87432],[-87.70526,41.87436],[-87.70454,41.87446],[-87.70399,41.87454],[-87.7034,41.87462],[-87.70285,41.87471],[-87.70194,41.87484],[-87.70151,41.8749],[-87.70104,41.87495],[-87.69987,41.87507],[-87.69826,41.87516],[-87.69737,41.87518],[-87.69719,41.87519],[-87.69666,41.87519],[-87.69641,41.8752],[-87.69629,41.8752],[-87.6951,41.87521],[-87.69506,41.87521],[-87.69428,41.87522],[-87.69372,41.87523],[-87.69209,41.87525],[-87.69137,41.87526],[-87.69132,41.87526],[-87.69108,41.87526],[-87.69022,41.87527],[-87.6895,41.87528],[-87.68869,41.87528],[-87.68784,41.87529],[-87.68704,41.8753],[-87.68648,41.87531],[-87.68625,41.87531],[-87.68625,41.87554],[-87.68628,41.87634],[-87.68633,41.87686],[-87.68634,41.87779],[-87.68653,41.88463],[-87.68737,41.88461],[-87.68857,41.88456],[-87.68899,41.88454],[-87.68926,41.88453],[-87.69145,41.88443],[-87.69195,41.88442],[-87.6921,41.88658],[-87.69218,41.8867],[-87.69226,41.88683],[-87.69229,41.88688],[-87.69233,41.88693],[-87.69238,41.88699],[-87.69241,41.88703],[-87.69245,41.88708],[-87.6925,41.88713],[-87.69252,41.88716],[-87.69257,41.88721],[-87.69261,41.88725],[-87.69264,41.88728],[-87.69269,41.88732],[-87.69273,41.88735],[-87.69278,41.8874],[-87.69286,41.88746],[-87.69297,41.88755],[-87.693,41.88757],[-87.6931,41.8876],[-87.69327,41.88764],[-87.69358,41.88769],[-87.69377,41.88769],[-87.6942,41.88769],[-87.69435,41.88768],[-87.69478,41.88768],[-87.69542,41.88767],[-87.6957,41.88767],[-87.69585,41.88767],[-87.6962,41.88767],[-87.69646,41.88769]]]},"properties":{"level":"es","grades":"K–8","id":"610251","name":"Willa Cather Elementary School","url":"https://www.cps.edu/schools/schoolprofiles/610251","x":-87.69919,"y":41.88295}},{"type":"Feature","geometry":{"type":"Polygon","coordinates":[[[-87.71277,41.859],[-87.7128,41.86],[-87.71282,41.86086],[-87.71283,41.86117],[-87.71284,41.86132],[-87.71285,41.86176],[-87.71285,41.86189],[-87.71287,41.86243],[-87.71408,41.86241],[-87.7147,41.86241],[-87.7153,41.8624],[-87.71526,41.8608],[-87.71648,41.86079],[-87.71643,41.85896],[-87.71888,41.85893],[-87.71879,41.85505],[-87.71757,41.85507],[-87.71751,41.85368],[-87.71381,41.85501],[-87.71388,41.85517],[-87.71394,41.85716],[-87.71272,41.85717],[-87.71277,41.859]]]},"properties":{"level":"es","grades":"K–8","id":"610254","name":"Dvorak Technology Academy","url":"https://www.cps.edu/schools/schoolprofiles/610254","x":-87.71574,"y":41.85888}},{"type":"Feature","geometry":{"type":"Polygon","coordinates":[[[-87.5968,41.82365],[-87.59737,41.82345],[-87.5977,41.82457],[-87.59766,41.82477],[-87.59762,41.82493],[-87.59754,41.82521],[-87.59748,41.8255],[-87.59754,41.82591],[-87.59756,41.82598],[-87.59757,41.82603],[-87.59963,41.8255],[-87.59985,41.82544],[-87.60028,41.82532],[-87.60076,41.8252],[-87.60092,41.8252],[-87.6018,41.82492],[-87.60247,41.82464],[-87.60398,41.82417],[-87.60406,41.82417],[-87.6041,41.82416],[-87.60418,41.82416],[-87.60425,41.82417],[-87.60431,41.82417],[-87.60461,41.82422],[-87.60507,41.82431],[-87.6055,41.82433],[-87.60556,41.82432],[-87.60563,41.82431],[-87.60565,41.8243],[-87.60571,41.82429],[-87.60575,41.82428],[-87.60687,41.82396],[-87.60591,41.82239],[-87.60533,41.82147],[-87.60487,41.82074],[-87.6045,41.82015],[-87.60444,41.82007],[-87.60443,41.82005],[-87.60442,41.82003],[-87.60437,41.81962],[-87.6043,41.81901],[-87.60421,41.81826],[-87.60416,41.81782],[-87.60406,41.81685],[-87.60405,41.8166],[-87.60403,41.81571],[-87.60401,41.81502],[-87.60401,41.81477],[-87.604,41.81426],[-87.60398,41.81353],[-87.60396,41.81278],[-87.60395,41.81225],[-87.60395,41.81191],[-87.60393,41.81138],[-87.60393,41.81103],[-87.60391,41.8104],[-87.6039,41.80956],[-87.6031,41.80957],[-87.60234,41.80958],[-87.60201,41.80958],[-87.60137,41.80959],[-87.60041,41.8096],[-87.59983,41.80961],[-87.59927,41.80961],[-87.59899,41.80962],[-87.59796,41.80963],[-87.59757,41.80963],[-87.59756,41.80963],[-87.59723,41.80964],[-87.59471,41.80967],[-87.59392,41.80967],[-87.59322,41.80968],[-87.59256,41.80969],[-87.5922,41.80969],[-87.59192,41.80974],[-87.59169,41.80981],[-87.59023,41.81038],[-87.58973,41.81058],[-87.58941,41.81071],[-87.58884,41.81093],[-87.58728,41.81155],[-87.58722,41.81158],[-87.58723,41.8116],[-87.58725,41.81162],[-87.58728,41.81168],[-87.58737,41.81182],[-87.58742,41.81187],[-87.58753,41.81193],[-87.58759,41.81194],[-87.58773,41.812],[-87.58795,41.81203],[-87.58805,41.81203],[-87.58824,41.81206],[-87.5883,41.81206],[-87.5884,41.81212],[-87.58872,41.81231],[-87.58877,41.81237],[-87.58883,41.81248],[-87.58903,41.81276],[-87.58924,41.81293],[-87.5895,41.81303],[-87.58944,41.81309],[-87.58945,41.81314],[-87.5895,41.81319],[-87.5895,41.8132],[-87.58977,41.81342],[-87.58987,41.81353],[-87.59005,41.81374],[-87.59012,41.81391],[-87.59016,41.8141],[-87.59021,41.81442],[-87.59026,41.81456],[-87.5903,41.81462],[-87.59043,41.81477],[-87.59058,41.81488],[-87.59071,41.81498],[-87.59084,41.81514],[-87.591,41.81546],[-87.59134,41.81594],[-87.59154,41.81609],[-87.59159,41.81613],[-87.59177,41.81625],[-87.59195,41.81641],[-87.59206,41.81654],[-87.59211,41.81662],[-87.59215,41.81693],[-87.59217,41.81721],[-87.59218,41.8176],[-87.59229,41.81788],[-87.59239,41.81805],[-87.59245,41.81812],[-87.59287,41.81852],[-87.59306,41.81861],[-87.59342,41.81877],[-87.59355,41.81887],[-87.59364,41.81899],[-87.59391,41.81918],[-87.59414,41.81933],[-87.59433,41.81943],[-87.59462,41.8197],[-87.59477,41.81985],[-87.59487,41.81998],[-87.5949,41.82005],[-87.59491,41.8201],[-87.59488,41.82016],[-87.59414,41.82144],[-87.59413,41.82148],[-87.59414,41.8215],[-87.5942,41.82152],[-87.59423,41.82151],[-87.59427,41.82148],[-87.59426,41.82145],[-87.59443,41.82117],[-87.59531,41.82162],[-87.59574,41.8219],[-87.59615,41.82211],[-87.59679,41.82238],[-87.59701,41.82278],[-87.59713,41.82306],[-87.59731,41.82338],[-87.59671,41.82358],[-87.5967,41.82362],[-87.5968,41.82365]]]},"properties":{"level":"es","grades":"K–3","id":"610256","name":"Jackie Robinson Elementary School","url":"https://www.cps.edu/schools/schoolprofiles/610256","x":-87.59907,"y":41.81735}},{"type":"Feature","geometry":{"type":"Polygon","coordinates":[[[-87.70665,41.89831],[-87.70881,41.89917],[-87.71156,41.89915],[-87.71149,41.89733],[-87.71393,41.89731],[-87.71371,41.88999],[-87.71127,41.89002],[-87.71123,41.88836],[-87.71122,41.8883],[-87.71122,41.88818],[-87.7112,41.88804],[-87.71114,41.88804],[-87.71111,41.88804],[-87.71065,41.88805],[-87.70634,41.8881],[-87.70633,41.8881],[-87.70633,41.88824],[-87.70603,41.88824],[-87.70525,41.88825],[-87.70493,41.88825],[-87.70464,41.88826],[-87.70423,41.88826],[-87.70352,41.88827],[-87.70298,41.88828],[-87.7026,41.88828],[-87.70223,41.88829],[-87.70183,41.88829],[-87.70168,41.8883],[-87.70142,41.88816],[-87.70141,41.88816],[-87.70142,41.88844],[-87.70143,41.88877],[-87.70154,41.88979],[-87.70177,41.89033],[-87.70185,41.89049],[-87.70193,41.89076],[-87.702,41.89179],[-87.70201,41.89212],[-87.70202,41.89239],[-87.70206,41.89288],[-87.70213,41.89321],[-87.70215,41.89358],[-87.70216,41.89403],[-87.70217,41.89448],[-87.70217,41.89455],[-87.70218,41.89476],[-87.70218,41.89482],[-87.7022,41.89539],[-87.70223,41.89632],[-87.70223,41.89656],[-87.7025,41.89666],[-87.70259,41.8967],[-87.70279,41.89678],[-87.70363,41.89711],[-87.70665,41.89831]]]},"properties":{"level":"es","grades":"K–8","id":"610257","name":"Morton School of Excellence","url":"https://www.cps.edu/schools/schoolprofiles/610257","x":-87.70511,"y":41.88918}},{"type":"Feature","geometry":{"type":"Polygon","coordinates":[[[-87.61563,41.78044],[-87.61563,41.78056],[-87.61563,41.78058],[-87.61564,41.78076],[-87.61564,41.78103],[-87.61566,41.78163],[-87.61568,41.78224],[-87.61569,41.78289],[-87.61571,41.78358],[-87.61572,41.78428],[-87.61574,41.78477],[-87.61574,41.78503],[-87.61575,41.78518],[-87.61576,41.7857],[-87.61578,41.78671],[-87.6158,41.78752],[-87.62847,41.78731],[-87.62876,41.78731],[-87.62963,41.78728],[-87.63032,41.78726],[-87.63047,41.78725],[-87.63074,41.78725],[-87.63128,41.78723],[-87.63131,41.78678],[-87.63134,41.78543],[-87.63134,41.78495],[-87.63128,41.78259],[-87.63125,41.78144],[-87.63125,41.78134],[-87.63124,41.78107],[-87.6312,41.78],[-87.63086,41.77998],[-87.63079,41.77998],[-87.63075,41.77998],[-87.63054,41.77998],[-87.62908,41.77999],[-87.62886,41.78],[-87.62864,41.77986],[-87.62531,41.77775],[-87.62508,41.77761],[-87.62503,41.77758],[-87.62485,41.77748],[-87.6246,41.77736],[-87.624,41.77704],[-87.62362,41.77681],[-87.6225,41.77615],[-87.62176,41.77571],[-87.6215,41.77561],[-87.62083,41.77538],[-87.62051,41.77513],[-87.62038,41.77502],[-87.61991,41.77468],[-87.61976,41.77457],[-87.61941,41.77432],[-87.61926,41.77421],[-87.61927,41.77409],[-87.61895,41.77388],[-87.61829,41.77335],[-87.61775,41.77293],[-87.61634,41.77187],[-87.61567,41.77138],[-87.61555,41.77129],[-87.61541,41.77119],[-87.61541,41.77129],[-87.61542,41.77154],[-87.61542,41.77182],[-87.61543,41.77201],[-87.61543,41.77217],[-87.61544,41.77255],[-87.61549,41.77479],[-87.6131,41.77483],[-87.61313,41.77665],[-87.61321,41.78028],[-87.61562,41.78024],[-87.61563,41.78044]]]},"properties":{"level":"es","grades":"K–8","id":"610263","name":"John Foster Dulles Elementary School","url":"https://www.cps.edu/schools/schoolprofiles/610263","x":-87.61721,"y":41.7799}},{"type":"Feature","geometry":{"type":"Polygon","coordinates":[[[-87.59905,41.74404],[-87.59779,41.74953],[-87.6015,41.7495],[-87.60155,41.75133],[-87.60521,41.75129],[-87.60524,41.75112],[-87.60521,41.7502],[-87.6052,41.74969],[-87.60519,41.74934],[-87.60517,41.74878],[-87.60514,41.74763],[-87.60511,41.74687],[-87.6051,41.74624],[-87.60508,41.74563],[-87.60503,41.74397],[-87.60502,41.74364],[-87.60502,41.74347],[-87.60498,41.74211],[-87.60494,41.74065],[-87.60487,41.73846],[-87.60484,41.73739],[-87.60481,41.73619],[-87.60476,41.73391],[-87.60471,41.73209],[-87.60222,41.73213],[-87.60243,41.73121],[-87.6016,41.73122],[-87.60036,41.73662],[-87.60072,41.73671],[-87.60071,41.73671],[-87.60014,41.73921],[-87.59996,41.74],[-87.59972,41.74105],[-87.59952,41.74194],[-87.59932,41.74281],[-87.59913,41.74369],[-87.59905,41.74404]]]},"properties":{"level":"es","grades":"K–8","id":"610268","name":"Arthur R Ashe Elementary School","url":"https://www.cps.edu/schools/schoolprofiles/610268","x":-87.60117,"y":41.74018}},{"type":"Feature","geometry":{"type":"Polygon","coordinates":[[[-87.64628,41.97647],[-87.6471,41.97648],[-87.64836,41.97698],[-87.64865,41.97674],[-87.6494,41.97685],[-87.65082,41.97652],[-87.65215,41.97644],[-87.65137,41.97435],[-87.65496,41.9743],[-87.65493,41.97331],[-87.65633,41.97329],[-87.65628,41.97156],[-87.65946,41.97151],[-87.65974,41.97146],[-87.65987,41.97632],[-87.66842,41.97619],[-87.66811,41.97354],[-87.66793,41.97263],[-87.6675,41.9689],[-87.65967,41.96903],[-87.64984,41.96916],[-87.64398,41.96987],[-87.64458,41.97024],[-87.64465,41.97032],[-87.64481,41.97053],[-87.64502,41.97084],[-87.64563,41.97176],[-87.64574,41.97196],[-87.64588,41.97224],[-87.64598,41.97244],[-87.64606,41.97262],[-87.64618,41.97298],[-87.64619,41.97304],[-87.64623,41.97359],[-87.64624,41.97394],[-87.64625,41.97415],[-87.64628,41.97452],[-87.64624,41.97494],[-87.64612,41.97557],[-87.64613,41.97571],[-87.64616,41.97596],[-87.64627,41.97643],[-87.64628,41.97647]]]},"properties":{"level":"es","grades":"K–8","id":"610269","name":"John T McCutcheon Elementary School","url":"https://www.cps.edu/schools/schoolprofiles/610269","x":-87.65476,"y":41.97095}},{"type":"Feature","geometry":{"type":"Polygon","coordinates":[[[-87.70202,41.86644],[-87.70206,41.86826],[-87.70573,41.86822],[-87.70556,41.86251],[-87.71287,41.86243],[-87.71285,41.86189],[-87.71285,41.86176],[-87.71284,41.86132],[-87.71283,41.86117],[-87.71282,41.86086],[-87.7128,41.86],[-87.71277,41.859],[-87.71272,41.85717],[-87.71268,41.85558],[-87.71259,41.85544],[-87.70785,41.85711],[-87.70774,41.85357],[-87.70531,41.85359],[-87.70525,41.85177],[-87.70281,41.8518],[-87.70287,41.85352],[-87.69555,41.85515],[-87.69574,41.85556],[-87.70284,41.85545],[-87.70295,41.85911],[-87.70315,41.86625],[-87.70202,41.86644]]]},"properties":{"level":"es","grades":"K–8","id":"610274","name":"James Weldon Johnson STEAM Elementary School","url":"https://www.cps.edu/schools/schoolprofiles/610274","x":-87.70314,"y":41.86184}},{"type":"Feature","geometry":{"type":"Polygon","coordinates":[[[-87.61409,41.81668],[-87.61679,41.81664],[-87.61681,41.81713],[-87.61683,41.81812],[-87.61684,41.81843],[-87.61984,41.81839],[-87.61979,41.81659],[-87.62141,41.81656],[-87.62132,41.81313],[-87.62618,41.81306],[-87.62603,41.80742],[-87.61654,41.80756],[-87.61386,41.80761],[-87.61385,41.80943],[-87.61659,41.80938],[-87.6166,41.80988],[-87.61661,41.81015],[-87.61662,41.81029],[-87.61663,41.81068],[-87.61664,41.8112],[-87.61665,41.81168],[-87.61666,41.8119],[-87.61666,41.81211],[-87.6164,41.81211],[-87.61389,41.81215],[-87.61409,41.81668]]]},"properties":{"level":"es","grades":"K–8","id":"610276","name":"Irvin C Mollison Elementary School","url":"https://www.cps.edu/schools/schoolprofiles/610276","x":-87.61662,"y":41.81436}},{"type":"Feature","geometry":{"type":"Polygon","coordinates":[[[-87.60168,41.7568],[-87.60289,41.75679],[-87.60301,41.76156],[-87.60393,41.76225],[-87.60413,41.76225],[-87.60549,41.76223],[-87.60583,41.76222],[-87.60612,41.76222],[-87.60667,41.76221],[-87.60715,41.7622],[-87.60732,41.7622],[-87.60793,41.76219],[-87.60852,41.76218],[-87.60971,41.76216],[-87.61007,41.76215],[-87.61034,41.76215],[-87.61033,41.76168],[-87.61032,41.76121],[-87.61032,41.76096],[-87.61031,41.76056],[-87.6109,41.76031],[-87.61151,41.7603],[-87.61211,41.76029],[-87.61251,41.76028],[-87.61309,41.76027],[-87.61371,41.76026],[-87.61425,41.76025],[-87.61454,41.76024],[-87.61517,41.76023],[-87.61516,41.76008],[-87.61514,41.75929],[-87.61513,41.7588],[-87.61512,41.75841],[-87.61512,41.758],[-87.61511,41.7577],[-87.6151,41.75726],[-87.61508,41.75658],[-87.61021,41.75667],[-87.61008,41.7512],[-87.60887,41.75122],[-87.60832,41.75123],[-87.6068,41.75126],[-87.60584,41.75127],[-87.60552,41.75128],[-87.60521,41.75129],[-87.60155,41.75133],[-87.60167,41.75502],[-87.60168,41.7568]]]},"properties":{"level":"es","grades":"K–8","id":"610279","name":"Henry O Tanner Elementary School","url":"https://www.cps.edu/schools/schoolprofiles/610279","x":-87.60679,"y":41.76067}},{"type":"Feature","geometry":{"type":"Polygon","coordinates":[[[-87.67089,41.92238],[-87.67111,41.92241],[-87.67216,41.92281],[-87.67297,41.9234],[-87.67346,41.92378],[-87.67426,41.92439],[-87.67446,41.92484],[-87.67448,41.92507],[-87.67451,41.92574],[-87.67475,41.92643],[-87.67586,41.92724],[-87.67652,41.92759],[-87.6781,41.92809],[-87.6795,41.92841],[-87.67984,41.92861],[-87.68032,41.92964],[-87.68047,41.92993],[-87.68054,41.93007],[-87.68074,41.93051],[-87.68129,41.93093],[-87.68209,41.93137],[-87.68284,41.93223],[-87.68396,41.93222],[-87.68425,41.93139],[-87.68722,41.929],[-87.68777,41.92864],[-87.68771,41.92672],[-87.68739,41.91681],[-87.68732,41.91399],[-87.68722,41.91032],[-87.68235,41.91039],[-87.68239,41.91265],[-87.68109,41.91272],[-87.68036,41.91225],[-87.67972,41.91184],[-87.67921,41.9115],[-87.67846,41.91102],[-87.67792,41.91067],[-87.67759,41.91047],[-87.67747,41.91058],[-87.67758,41.91594],[-87.67007,41.91608],[-87.66765,41.91614],[-87.66602,41.91655],[-87.66426,41.91696],[-87.66447,41.9176],[-87.66453,41.9177],[-87.66467,41.9179],[-87.66496,41.91815],[-87.66524,41.91841],[-87.66543,41.91859],[-87.66606,41.91943],[-87.66631,41.9198],[-87.66646,41.92003],[-87.66718,41.92072],[-87.66754,41.92115],[-87.66808,41.92201],[-87.66823,41.9221],[-87.66893,41.92228],[-87.66928,41.92239],[-87.66951,41.92241],[-87.67015,41.92237],[-87.67063,41.92238],[-87.67089,41.92238]]]},"properties":{"level":"es","grades":"K–8","id":"610138","name":"Pulaski International School of Chicago","url":"https://www.cps.edu/schools/schoolprofiles/610138","x":-87.6838,"y":41.91849}},{"type":"Feature","geometry":{"type":"Polygon","coordinates":[[[-87.56002,41.7649],[-87.56004,41.76491],[-87.56006,41.76492],[-87.56008,41.76492],[-87.56012,41.76494],[-87.56017,41.76498],[-87.56022,41.76504],[-87.56014,41.76509],[-87.56023,41.76518],[-87.56032,41.76528],[-87.56038,41.76539],[-87.56057,41.7659],[-87.56053,41.76613],[-87.56032,41.76629],[-87.56028,41.76631],[-87.56037,41.76631],[-87.56083,41.7663],[-87.56114,41.7663],[-87.56146,41.7663],[-87.56176,41.76607],[-87.56487,41.76452],[-87.56516,41.76446],[-87.56352,41.76265],[-87.56645,41.76262],[-87.56637,41.75899],[-87.56021,41.75907],[-87.55249,41.75192],[-87.55182,41.75193],[-87.55163,41.75193],[-87.55106,41.75194],[-87.54991,41.75195],[-87.54871,41.75197],[-87.54815,41.75198],[-87.54685,41.75199],[-87.5463,41.752],[-87.54604,41.75201],[-87.54572,41.75201],[-87.54517,41.75207],[-87.54458,41.75207],[-87.5444,41.75207],[-87.54431,41.75207],[-87.54306,41.75208],[-87.54332,41.75224],[-87.54419,41.75425],[-87.54419,41.75445],[-87.54416,41.75454],[-87.54411,41.75476],[-87.54406,41.75487],[-87.544,41.75493],[-87.54389,41.75504],[-87.5438,41.75535],[-87.54363,41.75546],[-87.54348,41.75555],[-87.54348,41.75556],[-87.54344,41.75557],[-87.54337,41.75562],[-87.54334,41.75564],[-87.54317,41.75573],[-87.54312,41.75577],[-87.54306,41.7558],[-87.54303,41.75582],[-87.54297,41.75585],[-87.54281,41.75595],[-87.54265,41.75605],[-87.5425,41.75615],[-87.54237,41.75622],[-87.54232,41.75625],[-87.54228,41.75627],[-87.54226,41.75628],[-87.54224,41.75629],[-87.54219,41.75632],[-87.54203,41.75641],[-87.5417,41.75661],[-87.54157,41.75669],[-87.54135,41.75682],[-87.54126,41.75687],[-87.54122,41.7569],[-87.5412,41.75691],[-87.54114,41.75694],[-87.54105,41.75699],[-87.54105,41.757],[-87.54099,41.75703],[-87.54095,41.75703],[-87.54094,41.75703],[-87.54093,41.75703],[-87.54089,41.75706],[-87.54084,41.75709],[-87.54067,41.7572],[-87.5406,41.75727],[-87.5406,41.75728],[-87.5406,41.7573],[-87.54062,41.75732],[-87.54065,41.75735],[-87.54083,41.7575],[-87.54102,41.75768],[-87.54109,41.75775],[-87.54112,41.75778],[-87.54118,41.75781],[-87.5412,41.75781],[-87.54125,41.75782],[-87.54131,41.75783],[-87.54138,41.75784],[-87.54145,41.75784],[-87.54155,41.75783],[-87.54165,41.75782],[-87.54254,41.75866],[-87.54257,41.75869],[-87.54259,41.7587],[-87.54255,41.75882],[-87.5425,41.75893],[-87.54249,41.7591],[-87.5431,41.7597],[-87.54323,41.75974],[-87.54391,41.76032],[-87.5443,41.76067],[-87.54448,41.7607],[-87.54569,41.76069],[-87.5465,41.76067],[-87.54651,41.76065],[-87.54649,41.76063],[-87.54648,41.76062],[-87.54611,41.76062],[-87.54524,41.76062],[-87.54512,41.76055],[-87.5453,41.76031],[-87.54545,41.75999],[-87.54554,41.75983],[-87.54559,41.75977],[-87.54624,41.75921],[-87.54632,41.75918],[-87.54674,41.75901],[-87.54726,41.7589],[-87.54765,41.75887],[-87.548,41.75886],[-87.54863,41.75891],[-87.54921,41.75904],[-87.5498,41.75919],[-87.55073,41.75953],[-87.55149,41.75983],[-87.55259,41.76027],[-87.55285,41.76042],[-87.55306,41.76054],[-87.55355,41.76074],[-87.55402,41.76101],[-87.55415,41.76109],[-87.55458,41.76171],[-87.55456,41.76176],[-87.55455,41.76179],[-87.5544,41.76194],[-87.55369,41.76232],[-87.55365,41.76239],[-87.55368,41.76241],[-87.55467,41.76193],[-87.55506,41.76176],[-87.55516,41.76176],[-87.5553,41.76183],[-87.55603,41.76223],[-87.55617,41.76226],[-87.55647,41.76238],[-87.55659,41.76244],[-87.55683,41.7626],[-87.55711,41.76271],[-87.55736,41.76283],[-87.55749,41.76297],[-87.55757,41.76312],[-87.55846,41.76402],[-87.5586,41.76394],[-87.55874,41.76387],[-87.55882,41.76383],[-87.55898,41.76375],[-87.55909,41.76387],[-87.55934,41.76404],[-87.55942,41.76407],[-87.55944,41.76408],[-87.55951,41.76414],[-87.55963,41.76425],[-87.55966,41.76428],[-87.5597,41.76433],[-87.55955,41.76457],[-87.55957,41.76459],[-87.5596,41.76465],[-87.5596,41.76467],[-87.55959,41.76471],[-87.55961,41.76474],[-87.55964,41.76476],[-87.5597,41.76481],[-87.55976,41.76488],[-87.5598,41.76493],[-87.55987,41.76496],[-87.55992,41.76496],[-87.55997,41.76491],[-87.56002,41.7649]]]},"properties":{"level":"es","grades":"K–8","id":"610281","name":"Adam Clayton Powell Paideia Community Academy ES","url":"https://www.cps.edu/schools/schoolprofiles/610281","x":-87.55679,"y":41.76033}},{"type":"Feature","geometry":{"type":"Polygon","coordinates":[[[-87.74136,41.89509],[-87.74155,41.90243],[-87.74263,41.90241],[-87.7457,41.90236],[-87.75332,41.90227],[-87.75455,41.90226],[-87.75442,41.89676],[-87.7532,41.89677],[-87.75318,41.89604],[-87.75316,41.8951],[-87.75316,41.89496],[-87.75295,41.89495],[-87.75231,41.89495],[-87.75209,41.89495],[-87.75193,41.89495],[-87.75071,41.89496],[-87.74906,41.89498],[-87.74874,41.89498],[-87.74791,41.89499],[-87.74554,41.89501],[-87.74506,41.89502],[-87.74483,41.89502],[-87.74426,41.89503],[-87.74382,41.89504],[-87.74291,41.89506],[-87.74275,41.89506],[-87.74184,41.89508],[-87.74136,41.89509]]]},"properties":{"level":"es","grades":"K–8","id":"610282","name":"Ronald E McNair Elementary School","url":"https://www.cps.edu/schools/schoolprofiles/610282","x":-87.74673,"y":41.89782}},{"type":"Feature","geometry":{"type":"Polygon","coordinates":[[[-87.66143,42.01346],[-87.66145,42.01355],[-87.6615,42.01372],[-87.66158,42.01391],[-87.66161,42.01395],[-87.66162,42.01398],[-87.66241,42.01397],[-87.66363,42.01395],[-87.66463,42.01394],[-87.66548,42.01392],[-87.66644,42.01391],[-87.66675,42.0139],[-87.6673,42.01389],[-87.66807,42.01388],[-87.66825,42.01387],[-87.67011,42.01384],[-87.67138,42.01382],[-87.67241,42.0138],[-87.6726,42.0138],[-87.67482,42.01376],[-87.67481,42.01365],[-87.67474,42.01321],[-87.67464,42.01264],[-87.67546,42.01262],[-87.67563,42.01262],[-87.67566,42.01262],[-87.67578,42.01262],[-87.67578,42.01264],[-87.67579,42.01273],[-87.67579,42.01292],[-87.67579,42.01301],[-87.67579,42.01322],[-87.6758,42.01366],[-87.67581,42.01375],[-87.67741,42.01372],[-87.67804,42.01371],[-87.67838,42.0137],[-87.67976,42.01367],[-87.68028,42.01365],[-87.68039,42.0136],[-87.68139,42.01312],[-87.68232,42.01268],[-87.68303,42.01214],[-87.68284,42.01163],[-87.68244,42.01049],[-87.6824,42.01037],[-87.68202,42.0093],[-87.68152,42.00812],[-87.6813,42.00765],[-87.68122,42.00748],[-87.6811,42.00721],[-87.6809,42.00678],[-87.68054,42.00601],[-87.68042,42.00574],[-87.68017,42.00521],[-87.67975,42.00522],[-87.67938,42.00523],[-87.67874,42.00524],[-87.67853,42.00524],[-87.6781,42.00525],[-87.67772,42.00526],[-87.67569,42.0053],[-87.67546,42.0053],[-87.67523,42.0053],[-87.6745,42.00531],[-87.67392,42.00532],[-87.67372,42.00532],[-87.6731,42.00533],[-87.67315,42.00548],[-87.67326,42.00596],[-87.6734,42.00656],[-87.67309,42.00656],[-87.67203,42.00658],[-87.6706,42.00661],[-87.66999,42.00662],[-87.66916,42.00663],[-87.66829,42.00664],[-87.66826,42.00665],[-87.66699,42.00667],[-87.66581,42.00669],[-87.66516,42.00671],[-87.66476,42.00671],[-87.66384,42.00673],[-87.66369,42.00673],[-87.66304,42.00674],[-87.66203,42.00676],[-87.66161,42.00676],[-87.6613,42.00677],[-87.66065,42.00678],[-87.659,42.0068],[-87.65872,42.00681],[-87.65577,42.00686],[-87.65598,42.00707],[-87.65627,42.00732],[-87.65664,42.00773],[-87.65682,42.00798],[-87.657,42.00824],[-87.65715,42.00845],[-87.65727,42.0086],[-87.65741,42.0088],[-87.65757,42.00903],[-87.6577,42.00918],[-87.65776,42.00924],[-87.65785,42.00932],[-87.65807,42.00959],[-87.65827,42.00979],[-87.65841,42.00992],[-87.65849,42.01002],[-87.65882,42.01029],[-87.65891,42.0104],[-87.65893,42.01042],[-87.65917,42.01062],[-87.65941,42.01081],[-87.6596,42.01101],[-87.65966,42.0111],[-87.6597,42.01117],[-87.65971,42.01117],[-87.65977,42.01121],[-87.65996,42.01138],[-87.66031,42.01171],[-87.66053,42.01192],[-87.66067,42.01205],[-87.66078,42.01221],[-87.66079,42.01228],[-87.66105,42.01256],[-87.66108,42.01268],[-87.66108,42.01272],[-87.66094,42.01276],[-87.66117,42.01284],[-87.66119,42.01291],[-87.66125,42.01302],[-87.66129,42.01309],[-87.66136,42.01325],[-87.66137,42.01331],[-87.66137,42.0134],[-87.66143,42.01346]]]},"properties":{"level":"es","grades":"K–4","id":"610284","name":"New Field Elementary School","url":"https://www.cps.edu/schools/schoolprofiles/610284","x":-87.67317,"y":42.0077}},{"type":"Feature","geometry":{"type":"Polygon","coordinates":[[[-87.69531,41.75906],[-87.69654,41.75904],[-87.6967,41.76448],[-87.70281,41.76439],[-87.70439,41.76435],[-87.71872,41.76415],[-87.71866,41.76232],[-87.71989,41.76231],[-87.71981,41.75988],[-87.71464,41.75728],[-87.71463,41.75691],[-87.71256,41.75695],[-87.70249,41.75711],[-87.69302,41.75723],[-87.68802,41.75731],[-87.68799,41.75923],[-87.68859,41.75922],[-87.68904,41.75921],[-87.68988,41.7592],[-87.69066,41.75918],[-87.69084,41.75918],[-87.69124,41.75918],[-87.69151,41.75917],[-87.69177,41.75917],[-87.69227,41.75917],[-87.69252,41.75916],[-87.6928,41.75916],[-87.6941,41.75909],[-87.69531,41.75906]]]},"properties":{"level":"es","grades":"K–8","id":"610396","name":"Tarkington School of Excellence ES","url":"https://www.cps.edu/schools/schoolprofiles/610396","x":-87.70645,"y":41.76441}},{"type":"Feature","geometry":{"type":"Polygon","coordinates":[[[-87.72864,41.99014],[-87.71398,41.99032],[-87.71411,41.99439],[-87.71401,41.99462],[-87.7121,41.99636],[-87.71173,41.99735],[-87.71206,41.99734],[-87.71277,41.99733],[-87.71306,41.99733],[-87.71395,41.99731],[-87.71437,41.99731],[-87.71603,41.99729],[-87.71674,41.99729],[-87.71759,41.99729],[-87.71906,41.99728],[-87.72522,41.99725],[-87.72613,41.99725],[-87.72745,41.99724],[-87.728,41.99724],[-87.72818,41.99724],[-87.72879,41.99724],[-87.72891,41.99724],[-87.72891,41.99698],[-87.7289,41.99577],[-87.7289,41.99546],[-87.72889,41.99515],[-87.72889,41.99452],[-87.72889,41.99419],[-87.72888,41.99345],[-87.72888,41.99259],[-87.72887,41.99224],[-87.72887,41.9915],[-87.72886,41.9913],[-87.72867,41.9903],[-87.72864,41.99014]]]},"properties":{"level":"es","grades":"K–8","id":"610182","name":"Hannah G Solomon Elementary School","url":"https://www.cps.edu/schools/schoolprofiles/610182","x":-87.72404,"y":41.99394}},{"type":"Feature","geometry":{"type":"Polygon","coordinates":[[[-87.65164,41.67768],[-87.64191,41.67781],[-87.64191,41.67792],[-87.64551,41.68504],[-87.64775,41.68946],[-87.64958,41.68943],[-87.64947,41.68589],[-87.65069,41.68587],[-87.65067,41.68508],[-87.65066,41.68497],[-87.65066,41.68487],[-87.65065,41.68475],[-87.65064,41.6842],[-87.65063,41.68382],[-87.65059,41.6829],[-87.65054,41.68133],[-87.65176,41.68132],[-87.65164,41.67768]]]},"properties":{"level":"es","grades":"K–8","id":"610295","name":"Thomas J Higgins Elementary Community Academy","url":"https://www.cps.edu/schools/schoolprofiles/610295","x":-87.64699,"y":41.68103}},{"type":"Feature","geometry":{"type":"Polygon","coordinates":[[[-87.63719,41.76713],[-87.63966,41.7671],[-87.63971,41.76892],[-87.64451,41.76884],[-87.64441,41.7652],[-87.64437,41.76338],[-87.64432,41.76156],[-87.64424,41.75853],[-87.64424,41.75838],[-87.64423,41.75789],[-87.64196,41.75794],[-87.64068,41.75736],[-87.6399,41.75663],[-87.6397,41.75615],[-87.63941,41.75709],[-87.63936,41.758],[-87.63941,41.75973],[-87.63981,41.75981],[-87.63949,41.76118],[-87.63957,41.76164],[-87.63961,41.76346],[-87.63706,41.76349],[-87.63719,41.76713]]]},"properties":{"level":"es","grades":"K–8","id":"610299","name":"Dr. Martin Luther King Jr Academy of Social Justice","url":"https://www.cps.edu/schools/schoolprofiles/610299","x":-87.64133,"y":41.76534}},{"type":"Feature","geometry":{"type":"Polygon","coordinates":[[[-87.63561,41.75441],[-87.63566,41.75624],[-87.63944,41.75615],[-87.63932,41.75253],[-87.63938,41.75253],[-87.64013,41.75251],[-87.64409,41.75246],[-87.64409,41.75231],[-87.64407,41.75174],[-87.64405,41.75102],[-87.64404,41.75064],[-87.64399,41.74882],[-87.64383,41.74336],[-87.63769,41.74347],[-87.63734,41.74251],[-87.63765,41.74186],[-87.6373,41.74067],[-87.63661,41.73953],[-87.63555,41.73836],[-87.63498,41.7376],[-87.63493,41.73714],[-87.63447,41.7364],[-87.63262,41.73643],[-87.63271,41.73597],[-87.63272,41.73597],[-87.63097,41.7345],[-87.62904,41.73262],[-87.62647,41.72991],[-87.62567,41.72902],[-87.62479,41.72903],[-87.62489,41.73325],[-87.62499,41.73628],[-87.62416,41.7363],[-87.62419,41.7385],[-87.62428,41.74154],[-87.6243,41.74231],[-87.62432,41.74321],[-87.62433,41.74359],[-87.62433,41.74366],[-87.62434,41.74384],[-87.62437,41.74457],[-87.62438,41.74548],[-87.62455,41.75096],[-87.62473,41.75095],[-87.62497,41.75094],[-87.62539,41.75094],[-87.6254,41.75094],[-87.62582,41.75093],[-87.62652,41.75094],[-87.62703,41.75091],[-87.63423,41.75078],[-87.63344,41.75377],[-87.63336,41.75397],[-87.63326,41.75417],[-87.63313,41.75445],[-87.63359,41.75444],[-87.6339,41.75444],[-87.63439,41.75443],[-87.63494,41.75442],[-87.63561,41.75441]]]},"properties":{"level":"es","grades":"K–8","id":"610300","name":"Oliver S Westcott Elementary School","url":"https://www.cps.edu/schools/schoolprofiles/610300","x":-87.63475,"y":41.74887}},{"type":"Feature","geometry":{"type":"Polygon","coordinates":[[[-87.75496,41.87757],[-87.75498,41.87798],[-87.75498,41.87811],[-87.755,41.87847],[-87.76176,41.87838],[-87.76169,41.87657],[-87.76472,41.87654],[-87.76457,41.87186],[-87.7645,41.87129],[-87.76429,41.87054],[-87.76418,41.86761],[-87.76433,41.86623],[-87.76431,41.8656],[-87.76258,41.86563],[-87.76166,41.86564],[-87.76162,41.86564],[-87.76037,41.86566],[-87.75975,41.86567],[-87.75898,41.86568],[-87.75744,41.86571],[-87.75502,41.86574],[-87.75453,41.86575],[-87.75438,41.86575],[-87.75305,41.86577],[-87.75235,41.86578],[-87.75172,41.86579],[-87.75105,41.8658],[-87.75065,41.86581],[-87.74964,41.86582],[-87.7493,41.86583],[-87.74818,41.86585],[-87.74633,41.86587],[-87.74573,41.86588],[-87.74231,41.86593],[-87.74028,41.86596],[-87.73998,41.86596],[-87.74018,41.87158],[-87.73864,41.87179],[-87.73757,41.8721],[-87.73521,41.87313],[-87.73523,41.87392],[-87.73656,41.87339],[-87.73767,41.87329],[-87.73777,41.87603],[-87.73948,41.876],[-87.73951,41.87691],[-87.74024,41.87691],[-87.74036,41.87691],[-87.74049,41.8769],[-87.74053,41.8781],[-87.74133,41.87809],[-87.74248,41.87807],[-87.74274,41.87807],[-87.74291,41.87807],[-87.74362,41.87806],[-87.7439,41.87806],[-87.74519,41.87804],[-87.74518,41.87769],[-87.75496,41.87757]]]},"properties":{"level":"es","grades":"K–8","id":"610305","name":"George Leland Elementary School","url":"https://www.cps.edu/schools/schoolprofiles/610305","x":-87.74928,"y":41.87359}},{"type":"Feature","geometry":{"type":"Polygon","coordinates":[[[-87.58687,41.72292],[-87.58683,41.72292],[-87.58664,41.72293],[-87.58601,41.72294],[-87.58514,41.72295],[-87.58515,41.72368],[-87.585,41.72429],[-87.58497,41.72455],[-87.58497,41.72539],[-87.58497,41.72586],[-87.58497,41.72618],[-87.58498,41.72652],[-87.58499,41.72711],[-87.585,41.7273],[-87.58503,41.7277],[-87.58503,41.7286],[-87.58503,41.72888],[-87.58506,41.73011],[-87.58506,41.73042],[-87.5851,41.73117],[-87.5851,41.73145],[-87.5851,41.73219],[-87.58513,41.73334],[-87.58514,41.73402],[-87.58515,41.73436],[-87.58518,41.73496],[-87.58516,41.73525],[-87.58521,41.73627],[-87.58521,41.73692],[-87.58523,41.73811],[-87.58525,41.73874],[-87.58526,41.73928],[-87.5853,41.74029],[-87.58529,41.74098],[-87.58531,41.74177],[-87.58537,41.74347],[-87.58538,41.74421],[-87.5876,41.74417],[-87.58816,41.74417],[-87.58874,41.74416],[-87.58923,41.74416],[-87.58956,41.74415],[-87.59018,41.74414],[-87.59044,41.7437],[-87.59044,41.74351],[-87.59042,41.74291],[-87.59032,41.73868],[-87.59029,41.73727],[-87.59057,41.73685],[-87.5911,41.73684],[-87.59158,41.73683],[-87.59558,41.73678],[-87.58878,41.72595],[-87.58739,41.72374],[-87.58688,41.72292],[-87.58687,41.72292]]]},"properties":{"level":"es","grades":"K–5","id":"610312","name":"Mary E McDowell Elementary School","url":"https://www.cps.edu/schools/schoolprofiles/610312","x":-87.58959,"y":41.73313}},{"type":"Feature","geometry":{"type":"Polygon","coordinates":[[[-87.6797,41.90315],[-87.68214,41.90311],[-87.68235,41.91039],[-87.68722,41.91032],[-87.69454,41.91024],[-87.69448,41.9066],[-87.69697,41.90658],[-87.69688,41.90293],[-87.68949,41.90299],[-87.68944,41.90118],[-87.68453,41.90124],[-87.67965,41.90133],[-87.6797,41.90315]]]},"properties":{"level":"es","grades":"K–8","id":"610313","name":"Jose De Diego Elementary Community Academy","url":"https://www.cps.edu/schools/schoolprofiles/610313","x":-87.68576,"y":41.90529}},{"type":"Feature","geometry":{"type":"Polygon","coordinates":[[[-87.64167,41.67054],[-87.64191,41.67781],[-87.65164,41.67768],[-87.65526,41.67763],[-87.65519,41.6758],[-87.6565,41.67579],[-87.65642,41.67307],[-87.65965,41.67032],[-87.65936,41.67032],[-87.65879,41.67033],[-87.6585,41.67029],[-87.65829,41.67029],[-87.65807,41.67029],[-87.65725,41.6703],[-87.65712,41.67031],[-87.65656,41.67031],[-87.65566,41.67033],[-87.65524,41.67033],[-87.65485,41.67034],[-87.65461,41.67034],[-87.6546,41.67034],[-87.65407,41.67035],[-87.65356,41.67036],[-87.65274,41.67037],[-87.65263,41.67037],[-87.65242,41.67038],[-87.65203,41.67038],[-87.65177,41.67039],[-87.65152,41.67039],[-87.65132,41.67039],[-87.6508,41.6704],[-87.65042,41.67041],[-87.65,41.67041],[-87.64959,41.67042],[-87.64929,41.67042],[-87.64897,41.67043],[-87.64859,41.67044],[-87.64834,41.67044],[-87.64715,41.67046],[-87.64671,41.67046],[-87.64653,41.67047],[-87.64593,41.67048],[-87.64469,41.67049],[-87.6441,41.6705],[-87.64354,41.67051],[-87.64321,41.67052],[-87.64288,41.67052],[-87.64272,41.67052],[-87.64227,41.67053],[-87.64167,41.67054]]]},"properties":{"level":"es","grades":"K–8","id":"610315","name":"Edward White Elementary Career Academy","url":"https://www.cps.edu/schools/schoolprofiles/610315","x":-87.65054,"y":41.67231}},{"type":"Feature","geometry":{"type":"Polygon","coordinates":[[[-87.57806,41.73338],[-87.57867,41.73337],[-87.57869,41.73337],[-87.57928,41.73336],[-87.58164,41.7334],[-87.58224,41.73339],[-87.58337,41.73338],[-87.58451,41.73336],[-87.58504,41.73335],[-87.58513,41.73334],[-87.5851,41.73219],[-87.5851,41.73145],[-87.5851,41.73117],[-87.58506,41.73042],[-87.58506,41.73011],[-87.58503,41.72888],[-87.58503,41.7286],[-87.58503,41.7277],[-87.585,41.7273],[-87.58499,41.72711],[-87.58498,41.72652],[-87.58497,41.72618],[-87.58497,41.72586],[-87.58497,41.72539],[-87.58497,41.72455],[-87.585,41.72429],[-87.58515,41.72368],[-87.58514,41.72295],[-87.58476,41.72295],[-87.58366,41.72297],[-87.58341,41.72297],[-87.5828,41.72298],[-87.58214,41.72299],[-87.58136,41.723],[-87.58053,41.72301],[-87.57902,41.72303],[-87.57827,41.72304],[-87.5778,41.72304],[-87.57788,41.72608],[-87.57789,41.72656],[-87.57793,41.72791],[-87.57795,41.72866],[-87.57797,41.7297],[-87.57798,41.72999],[-87.57799,41.73048],[-87.578,41.73096],[-87.57801,41.73155],[-87.57804,41.73247],[-87.57806,41.73338]]]},"properties":{"level":"es","grades":"K–6","id":"610316","name":"Amelia Earhart Options for Knowledge ES","url":"https://www.cps.edu/schools/schoolprofiles/610316","x":-87.58218,"y":41.72611}},{"type":"Feature","geometry":{"type":"Polygon","coordinates":[[[-87.65132,41.75053],[-87.65141,41.75417],[-87.64899,41.75421],[-87.64903,41.75603],[-87.64782,41.75605],[-87.64786,41.75768],[-87.64516,41.75771],[-87.6447,41.75773],[-87.64423,41.75774],[-87.64423,41.75789],[-87.64424,41.75838],[-87.64424,41.75853],[-87.64432,41.76156],[-87.64437,41.76338],[-87.65407,41.76324],[-87.65402,41.76142],[-87.65415,41.76142],[-87.65463,41.76141],[-87.65499,41.7614],[-87.65594,41.76139],[-87.65712,41.76137],[-87.65726,41.76137],[-87.65764,41.76136],[-87.65792,41.76136],[-87.65865,41.76135],[-87.65887,41.76124],[-87.65885,41.76052],[-87.65885,41.76036],[-87.65884,41.75992],[-87.65882,41.75932],[-87.65881,41.75885],[-87.65879,41.75826],[-87.65878,41.75767],[-87.65877,41.75762],[-87.65868,41.75406],[-87.65383,41.75414],[-87.65374,41.7505],[-87.65273,41.75051],[-87.65253,41.75051],[-87.65223,41.75052],[-87.65155,41.75053],[-87.65132,41.75053]]]},"properties":{"level":"es","grades":"K–8","id":"610339","name":"Amos Alonzo Stagg Elementary School","url":"https://www.cps.edu/schools/schoolprofiles/610339","x":-87.64922,"y":41.75892}},{"type":"Feature","geometry":{"type":"Polygon","coordinates":[[[-87.70881,41.89917],[-87.71053,41.89985],[-87.71062,41.90279],[-87.70923,41.90281],[-87.70929,41.90464],[-87.71173,41.90461],[-87.71179,41.90642],[-87.71424,41.9064],[-87.71427,41.9073],[-87.71671,41.90727],[-87.71674,41.90818],[-87.7193,41.90815],[-87.7181,41.90645],[-87.71662,41.90456],[-87.71656,41.90275],[-87.71778,41.90275],[-87.71759,41.89727],[-87.71393,41.89731],[-87.71149,41.89733],[-87.71156,41.89915],[-87.70881,41.89917]]]},"properties":{"level":"es","grades":"K–8","id":"610021","name":"Pablo Casals Elementary School","url":"https://www.cps.edu/schools/schoolprofiles/610021","x":-87.71423,"y":41.9045}},{"type":"Feature","geometry":{"type":"Polygon","coordinates":[[[-87.65545,42.00662],[-87.65511,42.00693],[-87.65549,42.00664],[-87.65569,42.00679],[-87.65577,42.00686],[-87.65872,42.00681],[-87.659,42.0068],[-87.66065,42.00678],[-87.6613,42.00677],[-87.66161,42.00676],[-87.66203,42.00676],[-87.66304,42.00674],[-87.66369,42.00673],[-87.66384,42.00673],[-87.66476,42.00671],[-87.66516,42.00671],[-87.66581,42.00669],[-87.66699,42.00667],[-87.66826,42.00665],[-87.66829,42.00664],[-87.66916,42.00663],[-87.66999,42.00662],[-87.6706,42.00661],[-87.67203,42.00658],[-87.67309,42.00656],[-87.6734,42.00656],[-87.67326,42.00596],[-87.67315,42.00548],[-87.6731,42.00533],[-87.67372,42.00532],[-87.67392,42.00532],[-87.6745,42.00531],[-87.67523,42.0053],[-87.67546,42.0053],[-87.67569,42.0053],[-87.67772,42.00526],[-87.6781,42.00525],[-87.67853,42.00524],[-87.67874,42.00524],[-87.67938,42.00523],[-87.67975,42.00522],[-87.68017,42.00521],[-87.68009,42.00502],[-87.67999,42.00482],[-87.67987,42.00454],[-87.67942,42.00357],[-87.67852,42.00162],[-87.68026,42.00158],[-87.6802,41.99971],[-87.68141,41.99969],[-87.68136,41.99787],[-87.67086,41.99807],[-87.66055,41.99819],[-87.66071,42.00044],[-87.66073,42.00097],[-87.66072,42.00107],[-87.66074,42.00141],[-87.66075,42.00153],[-87.65998,42.00154],[-87.65914,42.00155],[-87.65873,42.00156],[-87.65861,42.00156],[-87.65822,42.00157],[-87.65727,42.00158],[-87.65694,42.00158],[-87.65692,42.00158],[-87.65635,42.00159],[-87.65628,42.00159],[-87.65622,42.00159],[-87.65616,42.00159],[-87.65617,42.00161],[-87.65621,42.00166],[-87.65622,42.00182],[-87.65624,42.00194],[-87.65625,42.00205],[-87.65629,42.00221],[-87.65635,42.00244],[-87.65641,42.00273],[-87.65645,42.00301],[-87.65651,42.00325],[-87.65656,42.00342],[-87.65664,42.00376],[-87.65672,42.00407],[-87.65672,42.00423],[-87.65671,42.0043],[-87.6567,42.00446],[-87.65677,42.00474],[-87.65695,42.00515],[-87.65702,42.00531],[-87.65706,42.00549],[-87.65707,42.00557],[-87.65707,42.00567],[-87.65706,42.0057],[-87.65706,42.0058],[-87.65708,42.00586],[-87.6571,42.00594],[-87.65713,42.00626],[-87.65712,42.00629],[-87.65631,42.0063],[-87.65585,42.00631],[-87.65545,42.00662]]]},"properties":{"level":"es","grades":"K–8","id":"610022","name":"Joyce Kilmer Elementary School","url":"https://www.cps.edu/schools/schoolprofiles/610022","x":-87.66822,"y":42.00364}},{"type":"Feature","geometry":{"type":"Polygon","coordinates":[[[-87.68604,41.86661],[-87.68626,41.87478],[-87.68625,41.87521],[-87.68625,41.87531],[-87.68648,41.87531],[-87.68704,41.8753],[-87.68784,41.87529],[-87.68869,41.87528],[-87.6895,41.87528],[-87.69022,41.87527],[-87.69108,41.87526],[-87.69132,41.87526],[-87.69137,41.87526],[-87.69209,41.87525],[-87.69372,41.87523],[-87.69428,41.87522],[-87.69506,41.87521],[-87.6951,41.87521],[-87.69629,41.8752],[-87.69641,41.8752],[-87.69666,41.87519],[-87.69719,41.87519],[-87.69737,41.87518],[-87.69826,41.87516],[-87.69987,41.87507],[-87.70104,41.87495],[-87.70151,41.8749],[-87.70194,41.87484],[-87.70285,41.87471],[-87.7034,41.87462],[-87.70399,41.87454],[-87.70454,41.87446],[-87.70526,41.87436],[-87.70552,41.87432],[-87.70581,41.87427],[-87.70593,41.87426],[-87.70592,41.87414],[-87.70592,41.87392],[-87.70592,41.87381],[-87.70584,41.87168],[-87.70573,41.86822],[-87.70206,41.86826],[-87.70202,41.86644],[-87.69835,41.86648],[-87.69843,41.86922],[-87.69351,41.86926],[-87.69343,41.86654],[-87.68604,41.86661]]]},"properties":{"level":"es","grades":"K–8","id":"610271","name":"Jensen Elementary Scholastic Academy","url":"https://www.cps.edu/schools/schoolprofiles/610271","x":-87.70224,"y":41.87382}},{"type":"Feature","geometry":{"type":"Polygon","coordinates":[[[-87.7089,41.85172],[-87.71089,41.85165],[-87.71114,41.85199],[-87.71256,41.85169],[-87.71878,41.85162],[-87.71972,41.85161],[-87.72087,41.8516],[-87.7211,41.8516],[-87.72111,41.8516],[-87.72127,41.85159],[-87.7235,41.85157],[-87.72476,41.85155],[-87.72465,41.84791],[-87.72425,41.84792],[-87.72232,41.84795],[-87.72208,41.84795],[-87.72109,41.84797],[-87.72099,41.84797],[-87.72085,41.84797],[-87.71978,41.84798],[-87.71973,41.84617],[-87.71606,41.8462],[-87.71601,41.84437],[-87.71571,41.84437],[-87.71543,41.84438],[-87.71418,41.84439],[-87.71357,41.8444],[-87.71296,41.84441],[-87.71262,41.84441],[-87.71214,41.84442],[-87.71195,41.84442],[-87.71177,41.84442],[-87.71113,41.84443],[-87.7109,41.84444],[-87.71063,41.84444],[-87.70991,41.84445],[-87.70904,41.84446],[-87.70869,41.84447],[-87.7089,41.85172]]]},"properties":{"level":"es","grades":"K–8","id":"610024","name":"Lazaro Cardenas Elementary School","url":"https://www.cps.edu/schools/schoolprofiles/610024","x":-87.71602,"y":41.84849}},{"type":"Feature","geometry":{"type":"Polygon","coordinates":[[[-87.76423,41.7872],[-87.76463,41.78719],[-87.76485,41.79269],[-87.7745,41.79249],[-87.77454,41.79384],[-87.77831,41.79327],[-87.78181,41.79235],[-87.78547,41.79227],[-87.78515,41.78362],[-87.78149,41.7837],[-87.76788,41.78395],[-87.76685,41.78421],[-87.76551,41.78479],[-87.76481,41.7854],[-87.76432,41.78631],[-87.76423,41.7872]]]},"properties":{"level":"es","grades":"K–8","id":"610026","name":"John H Kinzie Elementary School","url":"https://www.cps.edu/schools/schoolprofiles/610026","x":-87.77948,"y":41.78997}},{"type":"Feature","geometry":{"type":"Polygon","coordinates":[[[-87.63393,41.72887],[-87.63513,41.72888],[-87.64341,41.72877],[-87.64344,41.72968],[-87.64477,41.72967],[-87.64576,41.7295],[-87.64633,41.72926],[-87.64706,41.72872],[-87.64776,41.72871],[-87.64785,41.72846],[-87.64825,41.7274],[-87.64881,41.72588],[-87.64951,41.724],[-87.64977,41.72329],[-87.64993,41.72288],[-87.65019,41.72216],[-87.65034,41.72176],[-87.65049,41.72137],[-87.65027,41.72137],[-87.65011,41.72138],[-87.64969,41.72138],[-87.64935,41.72139],[-87.64815,41.7214],[-87.6475,41.72141],[-87.64678,41.72142],[-87.64321,41.72146],[-87.63372,41.72159],[-87.6335,41.72159],[-87.6337,41.72881],[-87.63393,41.72887]]]},"properties":{"level":"es","grades":"K–8","id":"610027","name":"Rudyard Kipling Elementary School","url":"https://www.cps.edu/schools/schoolprofiles/610027","x":-87.63952,"y":41.72363}},{"type":"Feature","geometry":{"type":"Polygon","coordinates":[[[-87.59664,41.79946],[-87.59666,41.80029],[-87.59667,41.80066],[-87.59668,41.80115],[-87.59669,41.80137],[-87.5967,41.80184],[-87.59671,41.80237],[-87.59705,41.80236],[-87.59913,41.80234],[-87.59981,41.80233],[-87.59977,41.80089],[-87.60395,41.80084],[-87.60394,41.80047],[-87.60635,41.80043],[-87.60634,41.7998],[-87.60632,41.79849],[-87.60631,41.79842],[-87.60628,41.7968],[-87.60627,41.79633],[-87.60626,41.79591],[-87.60624,41.79529],[-87.60622,41.79497],[-87.5981,41.79505],[-87.59815,41.79797],[-87.59661,41.79799],[-87.59664,41.79946]]]},"properties":{"level":"es","grades":"K–8","id":"610030","name":"Charles Kozminski Elementary Community Academy","url":"https://www.cps.edu/schools/schoolprofiles/610030","x":-87.60248,"y":41.798}},{"type":"Feature","geometry":{"type":"Polygon","coordinates":[[[-87.55879,41.70639],[-87.55901,41.72157],[-87.55918,41.72202],[-87.55974,41.72266],[-87.56072,41.72265],[-87.56074,41.72325],[-87.56109,41.72325],[-87.56145,41.72325],[-87.56225,41.72324],[-87.56397,41.72321],[-87.56469,41.72321],[-87.56531,41.7232],[-87.56559,41.72319],[-87.56561,41.72319],[-87.56594,41.72319],[-87.56725,41.72317],[-87.56817,41.72316],[-87.56902,41.72315],[-87.56932,41.72315],[-87.57397,41.72309],[-87.57745,41.72308],[-87.5778,41.72304],[-87.57827,41.72304],[-87.57902,41.72303],[-87.58053,41.72301],[-87.58136,41.723],[-87.58214,41.72299],[-87.5828,41.72298],[-87.58341,41.72297],[-87.58366,41.72297],[-87.58476,41.72295],[-87.58514,41.72295],[-87.58601,41.72294],[-87.58664,41.72293],[-87.58683,41.72292],[-87.58687,41.72292],[-87.58688,41.72292],[-87.58532,41.72049],[-87.58515,41.7203],[-87.58514,41.72029],[-87.58498,41.72011],[-87.58494,41.72007],[-87.58446,41.71953],[-87.5842,41.71924],[-87.58326,41.71818],[-87.58234,41.71715],[-87.5806,41.71521],[-87.57956,41.71405],[-87.57931,41.71377],[-87.57819,41.71252],[-87.57785,41.71214],[-87.57714,41.71134],[-87.57592,41.70998],[-87.57517,41.70913],[-87.57449,41.70837],[-87.57412,41.70796],[-87.57392,41.70774],[-87.57339,41.70716],[-87.57261,41.70631],[-87.5718,41.70542],[-87.57139,41.70497],[-87.57111,41.70466],[-87.57097,41.70451],[-87.57095,41.70449],[-87.56553,41.70457],[-87.56446,41.70458],[-87.56407,41.70458],[-87.56325,41.70458],[-87.56328,41.7064],[-87.56288,41.70639],[-87.56207,41.7064],[-87.56147,41.7064],[-87.56086,41.7064],[-87.56021,41.70641],[-87.55879,41.70639]]]},"properties":{"level":"es","grades":"K–8","id":"609821","name":"Burnham Elementary Inclusive Academy","url":"https://www.cps.edu/schools/schoolprofiles/609821","x":-87.56713,"y":41.7144}},{"type":"Feature","geometry":{"type":"Polygon","coordinates":[[[-87.6849,41.82594],[-87.68492,41.82641],[-87.68493,41.82672],[-87.68494,41.82701],[-87.68494,41.82705],[-87.68494,41.82715],[-87.68498,41.82845],[-87.68503,41.83028],[-87.68572,41.83027],[-87.6863,41.83026],[-87.68683,41.83025],[-87.68732,41.83024],[-87.68762,41.83046],[-87.68762,41.83053],[-87.68762,41.8308],[-87.68763,41.83101],[-87.68763,41.8312],[-87.68763,41.8313],[-87.68764,41.83149],[-87.68764,41.83176],[-87.68765,41.83203],[-87.68765,41.83222],[-87.68766,41.83249],[-87.68766,41.83266],[-87.68766,41.83274],[-87.68767,41.83291],[-87.68768,41.83351],[-87.68768,41.83373],[-87.68768,41.8338],[-87.68769,41.83398],[-87.68769,41.83417],[-87.6877,41.8343],[-87.68771,41.83443],[-87.68771,41.83449],[-87.68771,41.83459],[-87.68772,41.83474],[-87.68772,41.83484],[-87.68782,41.83487],[-87.68787,41.83492],[-87.68788,41.83517],[-87.68783,41.83525],[-87.68773,41.83528],[-87.68773,41.83532],[-87.68776,41.83531],[-87.68788,41.83527],[-87.68788,41.83533],[-87.68791,41.83537],[-87.68819,41.83531],[-87.6882,41.83543],[-87.6882,41.83567],[-87.68821,41.83579],[-87.68818,41.83581],[-87.68813,41.83586],[-87.68799,41.83603],[-87.68795,41.83609],[-87.68783,41.83612],[-87.68776,41.83616],[-87.68776,41.8363],[-87.68786,41.8363],[-87.68777,41.83658],[-87.68778,41.83695],[-87.6884,41.83682],[-87.69179,41.83573],[-87.69496,41.83477],[-87.69719,41.83408],[-87.69898,41.83353],[-87.69956,41.83335],[-87.70107,41.83282],[-87.70126,41.83275],[-87.70315,41.8321],[-87.70467,41.83164],[-87.70455,41.82858],[-87.70448,41.82532],[-87.70203,41.82537],[-87.70208,41.82721],[-87.69474,41.82734],[-87.69466,41.82461],[-87.68685,41.82477],[-87.6849,41.82594]]]},"properties":{"level":"es","grades":"K–8","id":"609829","name":"John C Burroughs Elementary School","url":"https://www.cps.edu/schools/schoolprofiles/609829","x":-87.69246,"y":41.82887}},{"type":"Feature","geometry":{"type":"Polygon","coordinates":[[[-87.76369,41.89851],[-87.76371,41.89897],[-87.76373,41.89943],[-87.76374,41.89988],[-87.76376,41.90034],[-87.76378,41.90087],[-87.7638,41.90153],[-87.76381,41.9017],[-87.76383,41.90216],[-87.76443,41.90216],[-87.76505,41.90215],[-87.76565,41.90214],[-87.76956,41.90209],[-87.77065,41.90207],[-87.77138,41.90206],[-87.77381,41.90202],[-87.77432,41.90201],[-87.77513,41.902],[-87.77536,41.902],[-87.77536,41.90183],[-87.77532,41.90076],[-87.7753,41.90017],[-87.7753,41.90003],[-87.77526,41.89889],[-87.77525,41.89816],[-87.77522,41.89722],[-87.77521,41.89699],[-87.77519,41.89653],[-87.77518,41.89608],[-87.77516,41.89562],[-87.77516,41.89559],[-87.77516,41.89549],[-87.77514,41.89494],[-87.7751,41.8938],[-87.77509,41.8935],[-87.77507,41.89281],[-87.76349,41.89294],[-87.76351,41.89336],[-87.76351,41.89351],[-87.76353,41.89394],[-87.76356,41.89465],[-87.76309,41.89487],[-87.76284,41.89487],[-87.7626,41.89488],[-87.76186,41.89488],[-87.76156,41.89488],[-87.76127,41.89489],[-87.76064,41.89489],[-87.76066,41.89542],[-87.76067,41.8958],[-87.76068,41.89598],[-87.7607,41.89671],[-87.76072,41.89717],[-87.76074,41.89776],[-87.76077,41.89854],[-87.7619,41.89853],[-87.76331,41.89852],[-87.76369,41.89851]]]},"properties":{"level":"es","grades":"K–8","id":"609830","name":"Milton Brunson Math & Science Specialty ES","url":"https://www.cps.edu/schools/schoolprofiles/609830","x":-87.76561,"y":41.89766}},{"type":"Feature","geometry":{"type":"Polygon","coordinates":[[[-87.77454,41.79384],[-87.7747,41.79981],[-87.775,41.7998],[-87.77566,41.79979],[-87.77614,41.79978],[-87.77632,41.79978],[-87.77653,41.79977],[-87.77655,41.79977],[-87.77689,41.79977],[-87.77715,41.79976],[-87.77745,41.79976],[-87.77778,41.79975],[-87.77795,41.79975],[-87.77816,41.79974],[-87.77855,41.79973],[-87.77884,41.79973],[-87.77904,41.79972],[-87.7794,41.79972],[-87.78015,41.7997],[-87.7802,41.7997],[-87.78049,41.7997],[-87.78065,41.79969],[-87.78101,41.79968],[-87.78111,41.79968],[-87.78131,41.79968],[-87.78146,41.79968],[-87.78179,41.79967],[-87.78203,41.79967],[-87.78243,41.79967],[-87.78264,41.79967],[-87.78292,41.79967],[-87.78325,41.79967],[-87.78354,41.79967],[-87.78375,41.79967],[-87.7839,41.79966],[-87.78426,41.79966],[-87.78464,41.79965],[-87.78509,41.79965],[-87.78588,41.79964],[-87.78619,41.79963],[-87.7863,41.79963],[-87.78656,41.79963],[-87.78679,41.79962],[-87.78728,41.79962],[-87.78747,41.79961],[-87.78752,41.79961],[-87.78769,41.79961],[-87.78813,41.7996],[-87.78857,41.79959],[-87.78874,41.79958],[-87.78891,41.79958],[-87.78913,41.79957],[-87.78962,41.79956],[-87.79666,41.79945],[-87.79704,41.79945],[-87.79734,41.79935],[-87.79785,41.79919],[-87.79822,41.79907],[-87.79904,41.79881],[-87.79924,41.79875],[-87.80005,41.7985],[-87.80035,41.7984],[-87.80066,41.7983],[-87.80085,41.79824],[-87.80102,41.79819],[-87.80163,41.798],[-87.80162,41.79763],[-87.80161,41.79576],[-87.80162,41.79481],[-87.8016,41.79434],[-87.80158,41.79361],[-87.80157,41.79323],[-87.80156,41.79306],[-87.80155,41.7927],[-87.80155,41.79265],[-87.80151,41.79145],[-87.80149,41.79094],[-87.80146,41.79033],[-87.80139,41.78872],[-87.80137,41.78831],[-87.80135,41.78785],[-87.80134,41.78755],[-87.80133,41.78733],[-87.8013,41.78664],[-87.80129,41.78647],[-87.80129,41.78645],[-87.80128,41.78618],[-87.80127,41.78599],[-87.80126,41.78567],[-87.80122,41.78469],[-87.80122,41.78467],[-87.8012,41.78439],[-87.80118,41.78391],[-87.80118,41.78387],[-87.80118,41.78374],[-87.80117,41.78366],[-87.79646,41.78375],[-87.79315,41.78381],[-87.79125,41.78351],[-87.78515,41.78362],[-87.78547,41.79227],[-87.78181,41.79235],[-87.77831,41.79327],[-87.77454,41.79384]]]},"properties":{"level":"es","grades":"K–8","id":"609832","name":"Michael M Byrne Elementary School","url":"https://www.cps.edu/schools/schoolprofiles/609832","x":-87.79154,"y":41.79503}},{"type":"Feature","geometry":{"type":"Polygon","coordinates":[[[-87.57806,41.73338],[-87.57563,41.73341],[-87.57572,41.73706],[-87.57512,41.73706],[-87.57362,41.73709],[-87.5733,41.73709],[-87.57313,41.73709],[-87.57243,41.7371],[-87.56933,41.73715],[-87.56853,41.73716],[-87.56802,41.73717],[-87.56765,41.73717],[-87.56727,41.73718],[-87.56669,41.73718],[-87.56602,41.73719],[-87.5657,41.7372],[-87.57563,41.74434],[-87.58475,41.7509],[-87.58566,41.7515],[-87.58562,41.74976],[-87.58558,41.74935],[-87.58546,41.74836],[-87.58543,41.74716],[-87.58541,41.74633],[-87.58539,41.74555],[-87.58538,41.74421],[-87.58537,41.74347],[-87.58531,41.74177],[-87.58529,41.74098],[-87.5853,41.74029],[-87.58526,41.73928],[-87.58525,41.73874],[-87.58523,41.73811],[-87.58521,41.73692],[-87.58521,41.73627],[-87.58516,41.73525],[-87.58518,41.73496],[-87.58515,41.73436],[-87.58514,41.73402],[-87.58513,41.73334],[-87.58504,41.73335],[-87.58451,41.73336],[-87.58337,41.73338],[-87.58224,41.73339],[-87.58164,41.7334],[-87.57928,41.73336],[-87.57869,41.73337],[-87.57867,41.73337],[-87.57806,41.73338]]]},"properties":{"level":"es","grades":"K–8","id":"609833","name":"Daisy Bates Academy of Social Justice","url":"https://www.cps.edu/schools/schoolprofiles/609833","x":-87.58073,"y":41.73923}},{"type":"Feature","geometry":{"type":"Polygon","coordinates":[[[-87.71601,41.84437],[-87.71606,41.8462],[-87.71973,41.84617],[-87.71978,41.84798],[-87.72085,41.84797],[-87.72099,41.84797],[-87.72109,41.84797],[-87.72208,41.84795],[-87.72232,41.84795],[-87.72425,41.84792],[-87.72465,41.84791],[-87.72455,41.84426],[-87.7245,41.84241],[-87.72328,41.84243],[-87.72287,41.84243],[-87.72135,41.84245],[-87.72084,41.84246],[-87.71945,41.84248],[-87.71902,41.84249],[-87.71841,41.8425],[-87.71787,41.8425],[-87.71753,41.84251],[-87.71718,41.84252],[-87.71674,41.84252],[-87.71647,41.84253],[-87.71596,41.84253],[-87.71598,41.84334],[-87.71598,41.84353],[-87.71601,41.84424],[-87.71601,41.84437]]]},"properties":{"level":"es","grades":"K–8","id":"609834","name":"Little Village Elementary School","url":"https://www.cps.edu/schools/schoolprofiles/609834","x":-87.71732,"y":41.8437}},{"type":"Feature","geometry":{"type":"Polygon","coordinates":[[[-87.7193,41.90815],[-87.72037,41.90995],[-87.721,41.90994],[-87.72131,41.90994],[-87.72155,41.90994],[-87.72288,41.90993],[-87.72511,41.9099],[-87.7253,41.9099],[-87.7253,41.90983],[-87.72529,41.90944],[-87.72525,41.90818],[-87.72518,41.90582],[-87.72517,41.90549],[-87.72508,41.90268],[-87.7263,41.90267],[-87.72614,41.8972],[-87.71759,41.89727],[-87.71778,41.90275],[-87.71656,41.90275],[-87.71662,41.90456],[-87.7181,41.90645],[-87.7193,41.90815]]]},"properties":{"level":"es","grades":"K–8","id":"609835","name":"Daniel R Cameron Elementary School","url":"https://www.cps.edu/schools/schoolprofiles/609835","x":-87.71793,"y":41.90379}},{"type":"Feature","geometry":{"type":"Polygon","coordinates":[[[-87.84271,41.95928],[-87.84369,41.95946],[-87.84455,41.95979],[-87.8452,41.96018],[-87.84569,41.96056],[-87.84624,41.96128],[-87.8465,41.962],[-87.84658,41.9627],[-87.84657,41.96641],[-87.85469,41.96614],[-87.85507,41.96518],[-87.85557,41.96462],[-87.85562,41.96404],[-87.85546,41.96304],[-87.8556,41.96255],[-87.85623,41.96156],[-87.85633,41.96137],[-87.85676,41.96045],[-87.85713,41.95983],[-87.85773,41.95882],[-87.85835,41.9578],[-87.85865,41.95723],[-87.85865,41.95652],[-87.85805,41.95558],[-87.85788,41.95545],[-87.85701,41.95547],[-87.85596,41.95549],[-87.8547,41.95552],[-87.85354,41.95554],[-87.85286,41.95555],[-87.85236,41.95557],[-87.85152,41.95558],[-87.84989,41.95562],[-87.84835,41.95565],[-87.84826,41.95565],[-87.84769,41.95566],[-87.84759,41.95567],[-87.8466,41.95569],[-87.84661,41.95489],[-87.84661,41.95355],[-87.84662,41.95263],[-87.84662,41.95187],[-87.84661,41.95165],[-87.84661,41.95164],[-87.84687,41.95163],[-87.8482,41.9516],[-87.8494,41.95157],[-87.8502,41.95155],[-87.85047,41.95154],[-87.85174,41.95151],[-87.85395,41.95145],[-87.85404,41.95126],[-87.85414,41.951],[-87.85428,41.95064],[-87.85437,41.95035],[-87.85439,41.95031],[-87.85476,41.94955],[-87.85498,41.94915],[-87.85514,41.94822],[-87.85503,41.94797],[-87.85481,41.94762],[-87.85424,41.94648],[-87.85396,41.94606],[-87.85362,41.94526],[-87.85347,41.94499],[-87.8533,41.94455],[-87.85301,41.94354],[-87.85268,41.9426],[-87.85264,41.94253],[-87.85226,41.94173],[-87.85203,41.94112],[-87.85177,41.9397],[-87.85174,41.93954],[-87.8514,41.93887],[-87.85102,41.93845],[-87.85024,41.93803],[-87.84953,41.93742],[-87.8494,41.93729],[-87.84662,41.93735],[-87.84619,41.93736],[-87.84576,41.93737],[-87.84491,41.93738],[-87.84385,41.9374],[-87.84343,41.93741],[-87.84298,41.93742],[-87.84218,41.93744],[-87.84182,41.93744],[-87.84118,41.93746],[-87.84096,41.93746],[-87.84037,41.93747],[-87.83968,41.93749],[-87.83937,41.93749],[-87.83891,41.9375],[-87.83814,41.93752],[-87.83746,41.93753],[-87.8372,41.93754],[-87.83666,41.93755],[-87.83641,41.93755],[-87.83582,41.93756],[-87.83542,41.93757],[-87.83481,41.93758],[-87.83458,41.93758],[-87.83434,41.93758],[-87.83427,41.93758],[-87.83414,41.93758],[-87.83375,41.93759],[-87.83293,41.93762],[-87.83283,41.93762],[-87.83257,41.93763],[-87.83244,41.93763],[-87.83226,41.93763],[-87.83191,41.93764],[-87.83137,41.93765],[-87.83104,41.93766],[-87.83069,41.93767],[-87.83001,41.93768],[-87.8294,41.93769],[-87.82904,41.9377],[-87.82876,41.9377],[-87.82811,41.93772],[-87.82773,41.93773],[-87.82753,41.93773],[-87.82688,41.93774],[-87.82594,41.93775],[-87.82558,41.93776],[-87.82519,41.93776],[-87.82516,41.93776],[-87.82507,41.93777],[-87.82437,41.93778],[-87.82403,41.93779],[-87.82401,41.93779],[-87.82385,41.93779],[-87.82399,41.94121],[-87.82276,41.94123],[-87.82284,41.94313],[-87.81916,41.9432],[-87.81924,41.94523],[-87.8196,41.94522],[-87.81967,41.94718],[-87.82001,41.9476],[-87.81839,41.94841],[-87.8185,41.95075],[-87.81827,41.95159],[-87.8183,41.9525],[-87.8188,41.95249],[-87.81901,41.95249],[-87.81952,41.95248],[-87.82026,41.95246],[-87.82066,41.95245],[-87.82081,41.95245],[-87.82086,41.95245],[-87.82118,41.95244],[-87.82152,41.95243],[-87.82198,41.95241],[-87.82229,41.9524],[-87.82264,41.95239],[-87.82271,41.95239],[-87.82298,41.95239],[-87.82525,41.95233],[-87.82572,41.95232],[-87.82669,41.95229],[-87.82723,41.95228],[-87.82739,41.95228],[-87.82777,41.95227],[-87.82847,41.95225],[-87.8287,41.95224],[-87.82894,41.95224],[-87.82917,41.95223],[-87.82963,41.95222],[-87.83006,41.95221],[-87.83035,41.9522],[-87.83057,41.95219],[-87.83104,41.95218],[-87.83122,41.95218],[-87.83179,41.95231],[-87.8318,41.95252],[-87.83181,41.95319],[-87.83181,41.95332],[-87.83181,41.95348],[-87.83182,41.9541],[-87.83182,41.95435],[-87.83182,41.95455],[-87.83183,41.95474],[-87.83183,41.95495],[-87.83183,41.95524],[-87.83183,41.95533],[-87.83182,41.95563],[-87.83182,41.95567],[-87.83186,41.95585],[-87.83187,41.95592],[-87.8319,41.95606],[-87.83194,41.95624],[-87.83194,41.95626],[-87.832,41.95661],[-87.83201,41.95667],[-87.83202,41.95672],[-87.83206,41.95689],[-87.83209,41.95707],[-87.83222,41.95754],[-87.83225,41.95766],[-87.83238,41.95816],[-87.83243,41.95836],[-87.83246,41.9585],[-87.83253,41.9588],[-87.83257,41.95894],[-87.83262,41.95917],[-87.83273,41.95944],[-87.83423,41.9594],[-87.83478,41.9594],[-87.83559,41.95938],[-87.83594,41.95937],[-87.83616,41.95937],[-87.83652,41.95936],[-87.8367,41.95936],[-87.83721,41.95935],[-87.83795,41.95934],[-87.83921,41.95932],[-87.83949,41.95932],[-87.8416,41.95927],[-87.84271,41.95928]]]},"properties":{"level":"es","grades":"K–8","id":"609836","name":"Arthur E Canty Elementary School","url":"https://www.cps.edu/schools/schoolprofiles/609836","x":-87.8293,"y":41.94801}},{"type":"Feature","geometry":{"type":"Polygon","coordinates":[[[-87.58646,41.78062],[-87.5866,41.78614],[-87.58732,41.78613],[-87.58797,41.78613],[-87.58844,41.78612],[-87.58945,41.78612],[-87.59095,41.7861],[-87.59147,41.7861],[-87.5918,41.78609],[-87.59263,41.78608],[-87.59346,41.78608],[-87.59522,41.78606],[-87.59564,41.78606],[-87.59623,41.78602],[-87.59633,41.78601],[-87.5962,41.78052],[-87.58646,41.78062]]]},"properties":{"level":"es","grades":"K–8","id":"609837","name":"Andrew Carnegie Elementary School","url":"https://www.cps.edu/schools/schoolprofiles/609837","x":-87.59079,"y":41.78337}},{"type":"Feature","geometry":{"type":"Polygon","coordinates":[[[-87.68047,41.75012],[-87.68285,41.7501],[-87.68305,41.75741],[-87.68305,41.7574],[-87.68316,41.75739],[-87.68394,41.75738],[-87.68417,41.75738],[-87.68524,41.75736],[-87.68606,41.75735],[-87.68672,41.75734],[-87.68701,41.75733],[-87.68857,41.75667],[-87.70233,41.75053],[-87.70371,41.74967],[-87.70892,41.74555],[-87.70957,41.74509],[-87.71216,41.74296],[-87.71199,41.73876],[-87.71189,41.73503],[-87.71171,41.73503],[-87.71154,41.73504],[-87.71003,41.73507],[-87.70916,41.73508],[-87.70889,41.73509],[-87.70887,41.73509],[-87.70769,41.7351],[-87.70737,41.73511],[-87.70698,41.73511],[-87.70691,41.73511],[-87.7061,41.73512],[-87.70463,41.73515],[-87.70368,41.73516],[-87.7028,41.73518],[-87.70215,41.73519],[-87.70185,41.7352],[-87.70184,41.7352],[-87.70144,41.73522],[-87.70104,41.73521],[-87.70093,41.73522],[-87.70059,41.73522],[-87.70054,41.73522],[-87.70021,41.73523],[-87.69953,41.73524],[-87.699,41.73525],[-87.69855,41.73526],[-87.69805,41.73526],[-87.69798,41.73526],[-87.69746,41.73527],[-87.69716,41.73528],[-87.69715,41.73528],[-87.69664,41.73529],[-87.69495,41.73531],[-87.69458,41.73532],[-87.69417,41.73533],[-87.69391,41.73534],[-87.69323,41.73535],[-87.69298,41.73535],[-87.69292,41.73535],[-87.69256,41.73536],[-87.69233,41.73536],[-87.69213,41.73536],[-87.69153,41.73537],[-87.69043,41.73539],[-87.68999,41.7354],[-87.68959,41.73541],[-87.68953,41.73541],[-87.68862,41.73542],[-87.68826,41.73543],[-87.68796,41.73544],[-87.68758,41.73544],[-87.68744,41.73545],[-87.68735,41.73545],[-87.6872,41.73545],[-87.6865,41.73546],[-87.68571,41.73547],[-87.6853,41.73548],[-87.68527,41.73548],[-87.68461,41.73549],[-87.68441,41.73549],[-87.68421,41.7355],[-87.68414,41.7355],[-87.68344,41.73551],[-87.6831,41.73552],[-87.68308,41.73552],[-87.68251,41.73553],[-87.68268,41.74282],[-87.68273,41.7451],[-87.68126,41.74518],[-87.68039,41.74549],[-87.68037,41.74593],[-87.68047,41.75012]]]},"properties":{"level":"es","grades":"K–8","id":"609839","name":"Carroll-Rosenwald Specialty Elementary School","url":"https://www.cps.edu/schools/schoolprofiles/609839","x":-87.69601,"y":41.74252}},{"type":"Feature","geometry":{"type":"Polygon","coordinates":[[[-87.68584,41.79384],[-87.68588,41.79521],[-87.68896,41.79515],[-87.68897,41.7956],[-87.69507,41.79549],[-87.69536,41.79549],[-87.69583,41.79548],[-87.69629,41.79547],[-87.69634,41.79547],[-87.69751,41.79545],[-87.69749,41.79475],[-87.69747,41.79408],[-87.69747,41.79384],[-87.69746,41.79363],[-87.69742,41.79241],[-87.69742,41.79213],[-87.6974,41.79161],[-87.69738,41.79096],[-87.69736,41.78999],[-87.69677,41.79],[-87.69614,41.79001],[-87.69612,41.78955],[-87.6961,41.78878],[-87.69609,41.78831],[-87.69608,41.78808],[-87.69606,41.78743],[-87.69605,41.78683],[-87.69605,41.78682],[-87.69603,41.78637],[-87.68994,41.78647],[-87.69004,41.79011],[-87.68394,41.79021],[-87.68404,41.79388],[-87.68432,41.79386],[-87.68584,41.79384]]]},"properties":{"level":"es","grades":"K–8","id":"609842","name":"Rachel Carson Elementary School","url":"https://www.cps.edu/schools/schoolprofiles/609842","x":-87.6878,"y":41.79327}},{"type":"Feature","geometry":{"type":"Polygon","coordinates":[[[-87.61594,41.793],[-87.6208,41.79292],[-87.62084,41.7944],[-87.62246,41.79437],[-87.62866,41.79424],[-87.62865,41.79409],[-87.62865,41.79383],[-87.62864,41.79354],[-87.62868,41.79354],[-87.62869,41.79331],[-87.62868,41.79303],[-87.62867,41.79237],[-87.6286,41.79217],[-87.6286,41.79195],[-87.62859,41.79162],[-87.62857,41.79095],[-87.62857,41.79094],[-87.62857,41.79089],[-87.62862,41.79075],[-87.62861,41.79043],[-87.62861,41.79031],[-87.6286,41.7901],[-87.6286,41.79003],[-87.62854,41.78999],[-87.62854,41.78996],[-87.62854,41.78974],[-87.62853,41.78957],[-87.62853,41.78939],[-87.62852,41.78914],[-87.62852,41.78901],[-87.62851,41.78882],[-87.62851,41.78861],[-87.6285,41.78853],[-87.6285,41.78839],[-87.62849,41.78817],[-87.62849,41.78803],[-87.62849,41.78793],[-87.62849,41.78782],[-87.62848,41.78771],[-87.62848,41.7876],[-87.62848,41.78756],[-87.62848,41.78748],[-87.62847,41.78739],[-87.62847,41.78733],[-87.62847,41.78731],[-87.6158,41.78752],[-87.61581,41.78765],[-87.61584,41.78889],[-87.61585,41.78935],[-87.61589,41.79094],[-87.61589,41.79117],[-87.6159,41.79169],[-87.61591,41.79215],[-87.61594,41.793]]]},"properties":{"level":"es","grades":"K–8","id":"609844","name":"William W Carter Elementary School","url":"https://www.cps.edu/schools/schoolprofiles/609844","x":-87.62245,"y":41.78983}},{"type":"Feature","geometry":{"type":"Polygon","coordinates":[[[-87.58243,41.65931],[-87.58334,41.65949],[-87.58537,41.66012],[-87.58663,41.66034],[-87.58852,41.66039],[-87.589,41.66039],[-87.58917,41.66039],[-87.58998,41.66039],[-87.5901,41.66039],[-87.59113,41.66038],[-87.59141,41.66036],[-87.59212,41.66029],[-87.59306,41.66019],[-87.59382,41.66007],[-87.59445,41.65995],[-87.59487,41.6599],[-87.59531,41.65983],[-87.5961,41.65969],[-87.59771,41.65945],[-87.59854,41.65934],[-87.59963,41.65926],[-87.60043,41.65921],[-87.60213,41.65916],[-87.60341,41.65915],[-87.60341,41.65723],[-87.60514,41.65732],[-87.60513,41.65534],[-87.60494,41.65371],[-87.6074,41.65374],[-87.60758,41.65361],[-87.60757,41.65186],[-87.61243,41.65184],[-87.61238,41.6495],[-87.61234,41.6446],[-87.6121,41.6446],[-87.61072,41.6446],[-87.61041,41.6446],[-87.60934,41.64461],[-87.60806,41.64461],[-87.60735,41.64461],[-87.60578,41.64461],[-87.60493,41.64461],[-87.60363,41.64461],[-87.60199,41.64461],[-87.60001,41.64461],[-87.59981,41.64461],[-87.59885,41.64461],[-87.59824,41.64461],[-87.59781,41.64461],[-87.59778,41.6446],[-87.59759,41.6446],[-87.59618,41.64459],[-87.59536,41.6446],[-87.59475,41.6446],[-87.59391,41.64461],[-87.59356,41.64462],[-87.59284,41.64464],[-87.59227,41.64464],[-87.59177,41.64464],[-87.59043,41.64464],[-87.59023,41.64465],[-87.58945,41.64465],[-87.58841,41.64467],[-87.58567,41.6447],[-87.58411,41.6447],[-87.57985,41.6447],[-87.57858,41.6447],[-87.57515,41.64468],[-87.57487,41.64468],[-87.57079,41.64468],[-87.5701,41.64468],[-87.56958,41.64468],[-87.56913,41.64468],[-87.56868,41.64467],[-87.56837,41.64467],[-87.56792,41.64467],[-87.56768,41.64467],[-87.56722,41.64467],[-87.56657,41.64467],[-87.56643,41.64467],[-87.56601,41.64467],[-87.56549,41.64467],[-87.56502,41.64467],[-87.5648,41.64467],[-87.56419,41.64467],[-87.56404,41.64467],[-87.56375,41.64467],[-87.56355,41.64467],[-87.56339,41.64467],[-87.56319,41.64467],[-87.56301,41.64466],[-87.5629,41.64466],[-87.56272,41.64466],[-87.56243,41.64466],[-87.56174,41.64465],[-87.56141,41.64465],[-87.56144,41.64496],[-87.56149,41.64556],[-87.56153,41.6461],[-87.56223,41.64736],[-87.56426,41.64952],[-87.56456,41.64983],[-87.56505,41.65035],[-87.56553,41.6508],[-87.56609,41.65133],[-87.56686,41.6521],[-87.56701,41.65226],[-87.56842,41.65377],[-87.56869,41.65405],[-87.56895,41.65431],[-87.56913,41.65448],[-87.56956,41.65488],[-87.5698,41.6551],[-87.5703,41.65557],[-87.57049,41.65571],[-87.57098,41.65604],[-87.57173,41.65655],[-87.57206,41.6569],[-87.57234,41.65735],[-87.57236,41.65743],[-87.57244,41.65767],[-87.57246,41.65804],[-87.57247,41.65827],[-87.57253,41.65852],[-87.57254,41.6586],[-87.57256,41.65883],[-87.57257,41.65894],[-87.57256,41.6592],[-87.5731,41.6592],[-87.57635,41.6592],[-87.57677,41.65919],[-87.57745,41.65919],[-87.57858,41.65919],[-87.57979,41.65919],[-87.58049,41.6592],[-87.58159,41.65922],[-87.58243,41.65931]]]},"properties":{"level":"es","grades":"K–8","id":"609845","name":"George Washington Carver Primary School","url":"https://www.cps.edu/schools/schoolprofiles/609845","x":-87.59952,"y":41.6537}},{"type":"Feature","geometry":{"type":"Polygon","coordinates":[[[-87.61243,41.65184],[-87.60757,41.65186],[-87.60758,41.65361],[-87.6074,41.65374],[-87.60494,41.65371],[-87.60513,41.65534],[-87.60514,41.65732],[-87.60341,41.65723],[-87.60341,41.65915],[-87.60546,41.65914],[-87.60621,41.65915],[-87.60754,41.65914],[-87.60759,41.65914],[-87.60808,41.65914],[-87.60839,41.65914],[-87.61004,41.65913],[-87.61073,41.65913],[-87.61259,41.65913],[-87.61243,41.65184]]]},"properties":{"level":"es","grades":"K–8","id":"609848","name":"Ira F Aldridge Elementary School","url":"https://www.cps.edu/schools/schoolprofiles/609848","x":-87.60647,"y":41.6574}},{"type":"Feature","geometry":{"type":"Polygon","coordinates":[[[-87.69605,41.68808],[-87.69616,41.69162],[-87.70251,41.69155],[-87.71275,41.69138],[-87.72032,41.69128],[-87.72067,41.69131],[-87.72143,41.69131],[-87.72221,41.69129],[-87.72362,41.69127],[-87.72443,41.69125],[-87.72472,41.69125],[-87.72607,41.69123],[-87.72628,41.69122],[-87.7265,41.69122],[-87.72675,41.69121],[-87.72707,41.69121],[-87.72757,41.6912],[-87.72879,41.69117],[-87.72948,41.69116],[-87.73112,41.69112],[-87.73159,41.69111],[-87.73205,41.69111],[-87.73229,41.6911],[-87.73283,41.69109],[-87.73371,41.69108],[-87.73437,41.69106],[-87.7352,41.69105],[-87.73607,41.69103],[-87.73893,41.6909],[-87.73974,41.69086],[-87.73971,41.6902],[-87.7397,41.69],[-87.73966,41.68913],[-87.73966,41.68905],[-87.73945,41.68363],[-87.73857,41.68365],[-87.73793,41.68366],[-87.73733,41.68367],[-87.73678,41.68367],[-87.73245,41.68376],[-87.73195,41.68377],[-87.73152,41.68377],[-87.73024,41.68379],[-87.7297,41.6838],[-87.72956,41.6838],[-87.72831,41.68383],[-87.72393,41.6839],[-87.72324,41.68391],[-87.72247,41.68393],[-87.72192,41.68394],[-87.72006,41.68397],[-87.71931,41.68398],[-87.71896,41.68398],[-87.71828,41.68399],[-87.71754,41.684],[-87.71694,41.68401],[-87.71655,41.68402],[-87.71548,41.68404],[-87.71515,41.68404],[-87.71371,41.68406],[-87.71335,41.68407],[-87.71249,41.68408],[-87.71212,41.68409],[-87.7115,41.68401],[-87.71149,41.68362],[-87.71147,41.6831],[-87.71143,41.68218],[-87.71141,41.68184],[-87.71148,41.68127],[-87.71137,41.68089],[-87.71136,41.68044],[-87.71104,41.68044],[-87.71049,41.68045],[-87.71043,41.68045],[-87.70997,41.68054],[-87.70977,41.68055],[-87.70968,41.68055],[-87.70908,41.68056],[-87.70885,41.68056],[-87.70881,41.68056],[-87.70771,41.68056],[-87.7054,41.68055],[-87.70528,41.68058],[-87.70528,41.68084],[-87.70531,41.68145],[-87.70532,41.68176],[-87.70533,41.68191],[-87.70534,41.68227],[-87.70539,41.68349],[-87.7054,41.68374],[-87.7054,41.68393],[-87.70504,41.68419],[-87.70328,41.68422],[-87.70265,41.68423],[-87.70179,41.68424],[-87.70124,41.68425],[-87.70055,41.68426],[-87.70057,41.68471],[-87.70059,41.6852],[-87.7006,41.68542],[-87.7006,41.68562],[-87.70062,41.68597],[-87.70062,41.68613],[-87.70022,41.68614],[-87.6994,41.68615],[-87.69941,41.68633],[-87.69943,41.68677],[-87.69944,41.68714],[-87.69945,41.6874],[-87.69946,41.68758],[-87.69947,41.68789],[-87.69947,41.68793],[-87.69917,41.68794],[-87.69891,41.68794],[-87.69882,41.68794],[-87.69799,41.68794],[-87.69709,41.68797],[-87.69661,41.68798],[-87.69651,41.688],[-87.6965,41.688],[-87.69621,41.68803],[-87.69615,41.68803],[-87.69605,41.68808]]]},"properties":{"level":"es","grades":"K–8","id":"609849","name":"George F Cassell Elementary School","url":"https://www.cps.edu/schools/schoolprofiles/609849","x":-87.70322,"y":41.68735}},{"type":"Feature","geometry":{"type":"Polygon","coordinates":[[[-87.64501,41.95306],[-87.64528,41.95304],[-87.64584,41.95298],[-87.64708,41.9529],[-87.64764,41.95287],[-87.64843,41.95282],[-87.64875,41.9528],[-87.6493,41.95276],[-87.64939,41.95276],[-87.64966,41.95295],[-87.64967,41.95319],[-87.65023,41.95409],[-87.65045,41.95442],[-87.65131,41.95454],[-87.65543,41.95448],[-87.65614,41.95446],[-87.65686,41.95445],[-87.65681,41.95109],[-87.65757,41.95107],[-87.65752,41.94899],[-87.65795,41.94899],[-87.65652,41.9472],[-87.64967,41.94732],[-87.64738,41.94732],[-87.64346,41.94864],[-87.63889,41.94999],[-87.63901,41.95023],[-87.63911,41.95044],[-87.63915,41.95052],[-87.63952,41.95134],[-87.63963,41.95156],[-87.63968,41.95166],[-87.63979,41.9519],[-87.63989,41.95211],[-87.63993,41.95222],[-87.64009,41.95259],[-87.64022,41.95289],[-87.64029,41.95307],[-87.64043,41.95344],[-87.64044,41.95347],[-87.64444,41.9531],[-87.64456,41.9531],[-87.64481,41.95308],[-87.64501,41.95306]]]},"properties":{"level":"es","grades":"K–8","id":"609850","name":"Horace Greeley Elementary School","url":"https://www.cps.edu/schools/schoolprofiles/609850","x":-87.65098,"y":41.95281}},{"type":"Feature","geometry":{"type":"Polygon","coordinates":[[[-87.68604,41.86661],[-87.69343,41.86654],[-87.69351,41.86926],[-87.69843,41.86922],[-87.69835,41.86648],[-87.69591,41.86651],[-87.69575,41.86132],[-87.68616,41.8647],[-87.68599,41.86479],[-87.68604,41.86661]]]},"properties":{"level":"es","grades":"K–8","id":"609851","name":"Thomas Chalmers STEAM Elementary School","url":"https://www.cps.edu/schools/schoolprofiles/609851","x":-87.69526,"y":41.86644}},{"type":"Feature","geometry":{"type":"Polygon","coordinates":[[[-87.67954,41.98193],[-87.67972,41.98194],[-87.68032,41.98164],[-87.68058,41.9815],[-87.68084,41.98137],[-87.68116,41.98121],[-87.68131,41.98113],[-87.68177,41.98089],[-87.68185,41.98085],[-87.68246,41.98053],[-87.68293,41.98028],[-87.68334,41.98006],[-87.68369,41.97988],[-87.68394,41.97975],[-87.68422,41.9796],[-87.68845,41.97772],[-87.68922,41.97771],[-87.68896,41.97041],[-87.68292,41.97052],[-87.68298,41.97234],[-87.6793,41.9724],[-87.67936,41.9747],[-87.67489,41.97477],[-87.67492,41.97609],[-87.66961,41.97617],[-87.66962,41.97631],[-87.66965,41.97754],[-87.66966,41.978],[-87.66969,41.97891],[-87.66971,41.97972],[-87.66974,41.98074],[-87.67035,41.98073],[-87.67109,41.98072],[-87.67186,41.9807],[-87.67219,41.9807],[-87.67453,41.98066],[-87.67446,41.97975],[-87.67951,41.97967],[-87.67954,41.98193]]]},"properties":{"level":"es","grades":"K–8","id":"609852","name":"Eliza Chappell Elementary School","url":"https://www.cps.edu/schools/schoolprofiles/609852","x":-87.68326,"y":41.97589}},{"type":"Feature","geometry":{"type":"Polygon","coordinates":[[[-87.68739,41.91681],[-87.68835,41.91741],[-87.69736,41.92291],[-87.69732,41.92169],[-87.69872,41.92168],[-87.69866,41.91958],[-87.69863,41.91853],[-87.69723,41.91854],[-87.69715,41.91567],[-87.69225,41.91572],[-87.6922,41.91395],[-87.68732,41.91399],[-87.68739,41.91681]]]},"properties":{"level":"es","grades":"K–8","id":"609853","name":"Salmon P Chase Elementary School","url":"https://www.cps.edu/schools/schoolprofiles/609853","x":-87.69456,"y":41.91799}},{"type":"Feature","geometry":{"type":"Polygon","coordinates":[[[-87.68453,41.90124],[-87.68944,41.90118],[-87.68949,41.90299],[-87.69688,41.90293],[-87.70227,41.90288],[-87.70228,41.90116],[-87.70247,41.89923],[-87.70302,41.89923],[-87.70324,41.89923],[-87.70398,41.89922],[-87.70465,41.89921],[-87.70596,41.8992],[-87.70613,41.8992],[-87.70667,41.8992],[-87.70665,41.89831],[-87.70363,41.89711],[-87.70279,41.89678],[-87.70259,41.8967],[-87.7025,41.89666],[-87.70223,41.89656],[-87.70223,41.89632],[-87.7022,41.89539],[-87.70218,41.89482],[-87.70218,41.89476],[-87.70217,41.89455],[-87.70217,41.89448],[-87.70216,41.89403],[-87.70215,41.89358],[-87.70213,41.89321],[-87.70206,41.89288],[-87.70202,41.89239],[-87.70201,41.89212],[-87.702,41.89179],[-87.70193,41.89076],[-87.70185,41.89049],[-87.70177,41.89033],[-87.70154,41.88979],[-87.70143,41.88877],[-87.70142,41.88844],[-87.70141,41.88816],[-87.70039,41.88817],[-87.69926,41.88819],[-87.69867,41.8882],[-87.69758,41.88821],[-87.69715,41.88822],[-87.69648,41.88822],[-87.69156,41.88829],[-87.69156,41.88842],[-87.68682,41.88848],[-87.68662,41.88891],[-87.68679,41.89393],[-87.68682,41.89502],[-87.68683,41.89527],[-87.68684,41.89574],[-87.68491,41.89578],[-87.68395,41.89579],[-87.68243,41.89582],[-87.68195,41.89583],[-87.682,41.89765],[-87.68444,41.89761],[-87.68453,41.90124]]]},"properties":{"level":"es","grades":"K–8","id":"609854","name":"Frederic Chopin Elementary School","url":"https://www.cps.edu/schools/schoolprofiles/609854","x":-87.68894,"y":41.89671}},{"type":"Feature","geometry":{"type":"Polygon","coordinates":[[[-87.52483,41.6737],[-87.52527,41.6737],[-87.52552,41.67406],[-87.52607,41.67419],[-87.52752,41.67494],[-87.531,41.67483],[-87.53198,41.67492],[-87.53263,41.67451],[-87.533,41.67367],[-87.54,41.67364],[-87.54522,41.67358],[-87.54545,41.67226],[-87.54653,41.66963],[-87.5465,41.66209],[-87.54633,41.66101],[-87.54599,41.66032],[-87.54516,41.65925],[-87.54622,41.65934],[-87.54664,41.65915],[-87.55198,41.65918],[-87.55201,41.65369],[-87.55265,41.65363],[-87.55476,41.6553],[-87.55781,41.65787],[-87.558,41.65814],[-87.55807,41.6592],[-87.56085,41.65916],[-87.57256,41.6592],[-87.57257,41.65894],[-87.57256,41.65883],[-87.57254,41.6586],[-87.57253,41.65852],[-87.57247,41.65827],[-87.57246,41.65804],[-87.57244,41.65767],[-87.57236,41.65743],[-87.57234,41.65735],[-87.57206,41.6569],[-87.57173,41.65655],[-87.57098,41.65604],[-87.57049,41.65571],[-87.5703,41.65557],[-87.5698,41.6551],[-87.56956,41.65488],[-87.56913,41.65448],[-87.56895,41.65431],[-87.56869,41.65405],[-87.56842,41.65377],[-87.56701,41.65226],[-87.56686,41.6521],[-87.56609,41.65133],[-87.56553,41.6508],[-87.56505,41.65035],[-87.56456,41.64983],[-87.56426,41.64952],[-87.56223,41.64736],[-87.56153,41.6461],[-87.56149,41.64556],[-87.56144,41.64496],[-87.56141,41.64465],[-87.56092,41.64465],[-87.55932,41.64464],[-87.55928,41.64464],[-87.552,41.64459],[-87.54109,41.64456],[-87.54068,41.64456],[-87.53974,41.64456],[-87.53798,41.64456],[-87.5302,41.64457],[-87.52535,41.64454],[-87.52516,41.64527],[-87.52515,41.6458],[-87.52514,41.64687],[-87.52513,41.64729],[-87.52513,41.64784],[-87.52512,41.64821],[-87.52511,41.64881],[-87.52511,41.64957],[-87.52508,41.65191],[-87.52507,41.65247],[-87.52507,41.65279],[-87.52506,41.65343],[-87.52505,41.65404],[-87.52504,41.65487],[-87.52503,41.65542],[-87.52503,41.65587],[-87.52501,41.65712],[-87.525,41.65796],[-87.52499,41.65906],[-87.52495,41.66275],[-87.52493,41.66439],[-87.52492,41.66613],[-87.52491,41.66672],[-87.5249,41.66773],[-87.52488,41.66938],[-87.52487,41.67046],[-87.52484,41.67337],[-87.52483,41.6737]]]},"properties":{"level":"es","grades":"K–8","id":"609856","name":"Henry Clay Elementary School","url":"https://www.cps.edu/schools/schoolprofiles/609856","x":-87.54461,"y":41.65456}},{"type":"Feature","geometry":{"type":"Polygon","coordinates":[[[-87.6962,41.9467],[-87.69621,41.94689],[-87.69622,41.94699],[-87.69624,41.94711],[-87.6963,41.94734],[-87.69635,41.94767],[-87.69647,41.94795],[-87.69653,41.94822],[-87.6966,41.94852],[-87.69664,41.94875],[-87.69671,41.94904],[-87.69675,41.94932],[-87.69678,41.94946],[-87.6968,41.9496],[-87.69685,41.94987],[-87.69686,41.95001],[-87.69683,41.95027],[-87.69681,41.95032],[-87.69663,41.95068],[-87.69657,41.95079],[-87.69644,41.95099],[-87.6964,41.95102],[-87.69625,41.95127],[-87.69621,41.95135],[-87.69618,41.95144],[-87.69615,41.95149],[-87.6961,41.95159],[-87.69607,41.95163],[-87.69602,41.95173],[-87.69595,41.95187],[-87.69588,41.95198],[-87.69581,41.95212],[-87.69578,41.95218],[-87.69566,41.95235],[-87.69552,41.95256],[-87.6954,41.95271],[-87.69458,41.95381],[-87.69455,41.95392],[-87.69454,41.95399],[-87.69539,41.95399],[-87.69596,41.95399],[-87.70313,41.95395],[-87.70557,41.95394],[-87.70679,41.95393],[-87.70927,41.95391],[-87.71047,41.95389],[-87.71168,41.95387],[-87.7129,41.95386],[-87.7129,41.9538],[-87.71289,41.95348],[-87.71286,41.95262],[-87.71285,41.95204],[-87.71283,41.95132],[-87.71282,41.95094],[-87.71281,41.95065],[-87.71281,41.95022],[-87.71279,41.94933],[-87.70884,41.94662],[-87.70197,41.94665],[-87.6962,41.9467]]]},"properties":{"level":"es","grades":"K–8","id":"609857","name":"Grover Cleveland Elementary School","url":"https://www.cps.edu/schools/schoolprofiles/609857","x":-87.70644,"y":41.95204}},{"type":"Feature","geometry":{"type":"Polygon","coordinates":[[[-87.67,41.69924],[-87.67986,41.69906],[-87.68139,41.69908],[-87.68145,41.70091],[-87.68861,41.70084],[-87.69126,41.70078],[-87.69094,41.69169],[-87.69616,41.69162],[-87.69605,41.68808],[-87.69576,41.68808],[-87.6957,41.68636],[-87.69567,41.68567],[-87.69564,41.68481],[-87.69563,41.68433],[-87.69519,41.68434],[-87.6944,41.68435],[-87.69406,41.68436],[-87.69184,41.68439],[-87.69053,41.68441],[-87.69005,41.68441],[-87.68992,41.68442],[-87.6899,41.68442],[-87.68927,41.68442],[-87.68868,41.68443],[-87.68857,41.68443],[-87.68829,41.68444],[-87.68793,41.68445],[-87.68761,41.68445],[-87.68725,41.68446],[-87.68682,41.68446],[-87.68647,41.68447],[-87.68595,41.68447],[-87.68572,41.68437],[-87.6857,41.6839],[-87.68569,41.68357],[-87.68568,41.68311],[-87.68566,41.68266],[-87.68558,41.67994],[-87.68557,41.67939],[-87.68559,41.67903],[-87.68565,41.67867],[-87.68571,41.67844],[-87.68581,41.67812],[-87.68621,41.67721],[-87.6856,41.67721],[-87.68498,41.67722],[-87.68472,41.67723],[-87.68293,41.67727],[-87.68254,41.67728],[-87.68193,41.6773],[-87.68137,41.67729],[-87.68113,41.67727],[-87.6807,41.67726],[-87.67956,41.67723],[-87.67936,41.67723],[-87.67876,41.67723],[-87.67836,41.67723],[-87.67784,41.67724],[-87.67723,41.67725],[-87.67689,41.67726],[-87.67669,41.67726],[-87.67545,41.67728],[-87.67516,41.67729],[-87.67521,41.67742],[-87.67495,41.67933],[-87.67435,41.68209],[-87.67414,41.68278],[-87.6731,41.68548],[-87.67283,41.68644],[-87.67207,41.69112],[-87.6719,41.69193],[-87.67083,41.69195],[-87.66994,41.69925],[-87.67,41.69924]]]},"properties":{"level":"es","grades":"K–8","id":"609861","name":"Henry R Clissold Elementary School","url":"https://www.cps.edu/schools/schoolprofiles/609861","x":-87.6809,"y":41.69303}},{"type":"Feature","geometry":{"type":"Polygon","coordinates":[[[-87.56058,41.74817],[-87.56375,41.74813],[-87.56381,41.75176],[-87.56623,41.75173],[-87.56615,41.74628],[-87.5698,41.74623],[-87.56977,41.74441],[-87.57055,41.7444],[-87.5722,41.74438],[-87.57563,41.74434],[-87.5657,41.7372],[-87.56501,41.7367],[-87.5636,41.73569],[-87.56362,41.73723],[-87.55872,41.73729],[-87.55875,41.73911],[-87.55883,41.74456],[-87.55762,41.74457],[-87.55763,41.74501],[-87.55763,41.74545],[-87.55765,41.74639],[-87.55802,41.74639],[-87.56008,41.74636],[-87.5601,41.74763],[-87.56011,41.74818],[-87.56058,41.74817]]]},"properties":{"level":"es","grades":"K–8","id":"609862","name":"Edward Coles Elementary Language Academy","url":"https://www.cps.edu/schools/schoolprofiles/609862","x":-87.56597,"y":41.74141}},{"type":"Feature","geometry":{"type":"Polygon","coordinates":[[[-87.67717,41.89997],[-87.67717,41.90007],[-87.67719,41.90086],[-87.6772,41.90118],[-87.67721,41.90168],[-87.67722,41.90183],[-87.67724,41.90267],[-87.67726,41.90319],[-87.6797,41.90315],[-87.67965,41.90133],[-87.68453,41.90124],[-87.68444,41.89761],[-87.682,41.89765],[-87.68195,41.89583],[-87.6812,41.89584],[-87.68062,41.89585],[-87.6801,41.89586],[-87.6795,41.89587],[-87.67919,41.89587],[-87.6782,41.89589],[-87.67774,41.8959],[-87.67461,41.89595],[-87.67471,41.89959],[-87.67716,41.89955],[-87.67717,41.89997]]]},"properties":{"level":"es","grades":"K–8","id":"609863","name":"Ruth Bader Ginsburg Elementary School","url":"https://www.cps.edu/schools/schoolprofiles/609863","x":-87.68194,"y":41.89957}},{"type":"Feature","geometry":{"type":"Polygon","coordinates":[[[-87.65374,41.7505],[-87.65383,41.75414],[-87.65868,41.75406],[-87.66029,41.75404],[-87.66028,41.7537],[-87.66023,41.75149],[-87.66021,41.7504],[-87.66041,41.7504],[-87.6617,41.75038],[-87.66242,41.75037],[-87.66283,41.75037],[-87.66314,41.75037],[-87.66344,41.75036],[-87.66343,41.7502],[-87.6634,41.74871],[-87.66339,41.74848],[-87.66325,41.74308],[-87.65961,41.74312],[-87.65966,41.74495],[-87.65116,41.74507],[-87.64995,41.74509],[-87.65,41.74691],[-87.65121,41.74689],[-87.65132,41.75053],[-87.65155,41.75053],[-87.65223,41.75052],[-87.65253,41.75051],[-87.65273,41.75051],[-87.65374,41.7505]]]},"properties":{"level":"es","grades":"K–8","id":"609864","name":"John W Cook Elementary School","url":"https://www.cps.edu/schools/schoolprofiles/609864","x":-87.65977,"y":41.74524}},{"type":"Feature","geometry":{"type":"Polygon","coordinates":[[[-87.67373,42.01939],[-87.67395,42.01939],[-87.67441,42.0194],[-87.675,42.0194],[-87.67568,42.0194],[-87.67631,42.0194],[-87.67676,42.01941],[-87.67688,42.01941],[-87.67691,42.01941],[-87.67694,42.01941],[-87.67703,42.01941],[-87.67728,42.01943],[-87.67735,42.01943],[-87.67751,42.01943],[-87.67763,42.01943],[-87.67816,42.01943],[-87.67904,42.01944],[-87.67938,42.01944],[-87.67974,42.01944],[-87.68163,42.01946],[-87.6829,42.01947],[-87.68326,42.01947],[-87.68465,42.01948],[-87.68418,42.01553],[-87.68408,42.01515],[-87.68048,42.01512],[-87.68049,42.01374],[-87.68046,42.01368],[-87.68039,42.0136],[-87.68028,42.01365],[-87.67976,42.01367],[-87.67838,42.0137],[-87.67804,42.01371],[-87.67741,42.01372],[-87.67581,42.01375],[-87.6758,42.01366],[-87.67579,42.01322],[-87.67579,42.01301],[-87.67579,42.01292],[-87.67579,42.01273],[-87.67578,42.01264],[-87.67578,42.01262],[-87.67566,42.01262],[-87.67563,42.01262],[-87.67546,42.01262],[-87.67464,42.01264],[-87.67474,42.01321],[-87.67481,42.01365],[-87.67482,42.01376],[-87.6726,42.0138],[-87.67241,42.0138],[-87.67241,42.01391],[-87.67243,42.01445],[-87.67244,42.01478],[-87.67245,42.01499],[-87.67246,42.01542],[-87.67252,42.01709],[-87.67254,42.01732],[-87.67306,42.01707],[-87.67304,42.01864],[-87.67372,42.01905],[-87.67373,42.01939]]]},"properties":{"level":"es","grades":"K–8","id":"609865","name":"Jordan Elementary Community School","url":"https://www.cps.edu/schools/schoolprofiles/609865","x":-87.67776,"y":42.01709}},{"type":"Feature","geometry":{"type":"Polygon","coordinates":[[[-87.67887,41.95816],[-87.6789,41.95909],[-87.67891,41.95941],[-87.67892,41.95963],[-87.67893,41.96006],[-87.67895,41.96081],[-87.67895,41.96092],[-87.67895,41.96122],[-87.67896,41.96146],[-87.68383,41.96139],[-87.68868,41.96131],[-87.68857,41.95767],[-87.69194,41.95765],[-87.69365,41.95764],[-87.69387,41.95764],[-87.69435,41.95763],[-87.69435,41.95762],[-87.69435,41.95756],[-87.69438,41.95706],[-87.69427,41.957],[-87.69427,41.95685],[-87.69437,41.95681],[-87.69437,41.95654],[-87.69439,41.95588],[-87.69441,41.95579],[-87.69441,41.95573],[-87.69442,41.95564],[-87.69443,41.95552],[-87.69447,41.95537],[-87.69446,41.95527],[-87.69447,41.95505],[-87.69444,41.95496],[-87.69444,41.95477],[-87.69444,41.95466],[-87.69446,41.95458],[-87.69449,41.95439],[-87.6945,41.95429],[-87.69454,41.95399],[-87.69091,41.954],[-87.6875,41.95403],[-87.68628,41.95405],[-87.68483,41.95407],[-87.67997,41.95414],[-87.67875,41.95416],[-87.6775,41.95235],[-87.67416,41.9524],[-87.67421,41.95422],[-87.67427,41.95605],[-87.67638,41.95602],[-87.67643,41.95784],[-87.67749,41.95782],[-87.67852,41.95781],[-87.67887,41.95781],[-87.67887,41.95816]]]},"properties":{"level":"es","grades":"K–8","id":"609866","name":"John C Coonley Elementary School","url":"https://www.cps.edu/schools/schoolprofiles/609866","x":-87.68376,"y":41.95555}},{"type":"Feature","geometry":{"type":"Polygon","coordinates":[[[-87.67237,41.85952],[-87.6736,41.85953],[-87.6736,41.85954],[-87.6736,41.85956],[-87.6736,41.85962],[-87.6736,41.85965],[-87.67369,41.85966],[-87.67385,41.85965],[-87.67397,41.85963],[-87.67415,41.85961],[-87.67448,41.85956],[-87.67456,41.85954],[-87.67478,41.8595],[-87.67491,41.85947],[-87.67513,41.85944],[-87.67534,41.85941],[-87.67567,41.85936],[-87.67604,41.85931],[-87.67848,41.85896],[-87.67839,41.85581],[-87.6735,41.85587],[-87.67344,41.85405],[-87.66855,41.85411],[-87.66847,41.85134],[-87.66627,41.85216],[-87.66602,41.85233],[-87.66361,41.85238],[-87.66367,41.85421],[-87.66376,41.85783],[-87.66614,41.85779],[-87.6662,41.85961],[-87.66642,41.8596],[-87.66858,41.85958],[-87.66896,41.85958],[-87.66925,41.85957],[-87.66927,41.85957],[-87.67061,41.85955],[-87.67237,41.85952]]]},"properties":{"level":"es","grades":"K–8","id":"609867","name":"Peter Cooper Elementary Dual Language Academy","url":"https://www.cps.edu/schools/schoolprofiles/609867","x":-87.66723,"y":41.85603}},{"type":"Feature","geometry":{"type":"Polygon","coordinates":[[[-87.6545,41.77961],[-87.65468,41.78689],[-87.65954,41.78682],[-87.65959,41.78864],[-87.66321,41.78859],[-87.66331,41.79222],[-87.66454,41.79221],[-87.66697,41.79218],[-87.66687,41.78854],[-87.6693,41.78851],[-87.66924,41.78669],[-87.66439,41.78675],[-87.66422,41.77946],[-87.6545,41.77961]]]},"properties":{"level":"es","grades":"K–8","id":"609869","name":"Anna R. Langford Community Academy","url":"https://www.cps.edu/schools/schoolprofiles/609869","x":-87.65717,"y":41.78468}},{"type":"Feature","geometry":{"type":"Polygon","coordinates":[[[-87.7248,41.85341],[-87.7248,41.8535],[-87.73456,41.85336],[-87.7345,41.8514],[-87.7395,41.85135],[-87.7395,41.85114],[-87.73947,41.8496],[-87.73934,41.84605],[-87.73933,41.84581],[-87.73932,41.84549],[-87.73932,41.84535],[-87.73931,41.84507],[-87.73928,41.84414],[-87.73927,41.84405],[-87.73918,41.84405],[-87.7391,41.84405],[-87.73865,41.84405],[-87.73772,41.84407],[-87.73504,41.8441],[-87.7342,41.84411],[-87.72941,41.84419],[-87.72455,41.84426],[-87.72465,41.84791],[-87.72476,41.85155],[-87.7248,41.85341]]]},"properties":{"level":"es","grades":"K–8","id":"609870","name":"Daniel J Corkery Elementary School","url":"https://www.cps.edu/schools/schoolprofiles/609870","x":-87.73119,"y":41.8456}},{"type":"Feature","geometry":{"type":"Polygon","coordinates":[[[-87.65305,41.85255],[-87.65626,41.85249],[-87.65643,41.85795],[-87.65887,41.85791],[-87.65885,41.85701],[-87.66129,41.85697],[-87.66122,41.85425],[-87.66367,41.85421],[-87.66361,41.85238],[-87.66602,41.85233],[-87.66596,41.8478],[-87.66588,41.84493],[-87.6656,41.84493],[-87.66491,41.84471],[-87.66435,41.84431],[-87.66392,41.844],[-87.66389,41.8441],[-87.66361,41.84441],[-87.66345,41.8445],[-87.66213,41.8451],[-87.66077,41.84584],[-87.65933,41.84685],[-87.6589,41.84717],[-87.65759,41.84797],[-87.65673,41.8483],[-87.65655,41.84834],[-87.6563,41.84835],[-87.65312,41.84795],[-87.65189,41.84812],[-87.65144,41.84821],[-87.651,41.84831],[-87.64964,41.8484],[-87.64864,41.84861],[-87.64759,41.84894],[-87.6468,41.84921],[-87.64647,41.84927],[-87.64643,41.85051],[-87.6465,41.85265],[-87.65305,41.85255]]]},"properties":{"level":"es","grades":"K–8","id":"609872","name":"Manuel Perez Elementary School","url":"https://www.cps.edu/schools/schoolprofiles/609872","x":-87.65798,"y":41.85603}},{"type":"Feature","geometry":{"type":"Polygon","coordinates":[[[-87.70525,41.85177],[-87.70531,41.85359],[-87.70774,41.85357],[-87.70785,41.85711],[-87.71259,41.85544],[-87.71268,41.85558],[-87.71272,41.85717],[-87.71394,41.85716],[-87.71388,41.85517],[-87.71381,41.85501],[-87.71751,41.85368],[-87.72104,41.85247],[-87.7235,41.85157],[-87.72127,41.85159],[-87.72111,41.8516],[-87.7211,41.8516],[-87.72087,41.8516],[-87.71972,41.85161],[-87.71878,41.85162],[-87.71256,41.85169],[-87.71114,41.85199],[-87.71089,41.85165],[-87.7089,41.85172],[-87.70525,41.85177]]]},"properties":{"level":"es","grades":"K–8","id":"609873","name":"Crown Community Academy of Fine Arts Center ES","url":"https://www.cps.edu/schools/schoolprofiles/609873","x":-87.71247,"y":41.85266}},{"type":"Feature","geometry":{"type":"Polygon","coordinates":[[[-87.70575,41.92806],[-87.70603,41.92797],[-87.70759,41.92797],[-87.70789,41.92837],[-87.7122,41.92832],[-87.71219,41.92768],[-87.71216,41.92658],[-87.71216,41.92648],[-87.7146,41.92644],[-87.71455,41.92463],[-87.71374,41.92464],[-87.71362,41.92098],[-87.7122,41.921],[-87.71199,41.921],[-87.71179,41.92101],[-87.71036,41.92102],[-87.7103,41.91919],[-87.70703,41.91923],[-87.70697,41.9174],[-87.70521,41.91742],[-87.70527,41.91925],[-87.70386,41.91925],[-87.70391,41.92069],[-87.70219,41.9207],[-87.7016,41.92058],[-87.70157,41.91955],[-87.69866,41.91958],[-87.69872,41.92168],[-87.69732,41.92169],[-87.69736,41.92291],[-87.7004,41.92478],[-87.70575,41.92806]]]},"properties":{"level":"es","grades":"K–8","id":"609875","name":"Charles R Darwin Elementary School","url":"https://www.cps.edu/schools/schoolprofiles/609875","x":-87.70541,"y":41.92332}},{"type":"Feature","geometry":{"type":"Polygon","coordinates":[[[-87.71981,41.75988],[-87.72171,41.76084],[-87.72228,41.76105],[-87.72215,41.75552],[-87.72217,41.75508],[-87.72204,41.75346],[-87.72168,41.74218],[-87.72144,41.73486],[-87.72058,41.73487],[-87.72039,41.73488],[-87.71862,41.73491],[-87.71861,41.73491],[-87.71712,41.73493],[-87.71711,41.73493],[-87.71686,41.73494],[-87.71657,41.73494],[-87.71562,41.73496],[-87.71531,41.73496],[-87.71508,41.73497],[-87.71414,41.73498],[-87.71265,41.73502],[-87.71196,41.73503],[-87.71195,41.73503],[-87.71189,41.73503],[-87.71199,41.73876],[-87.71216,41.74296],[-87.71213,41.74336],[-87.7123,41.74965],[-87.71217,41.74979],[-87.71239,41.75086],[-87.71256,41.75695],[-87.71463,41.75691],[-87.71464,41.75728],[-87.71981,41.75988]]]},"properties":{"level":"es","grades":"K–8","id":"609879","name":"Charles Gates Dawes Elementary School","url":"https://www.cps.edu/schools/schoolprofiles/609879","x":-87.71735,"y":41.74508}},{"type":"Feature","geometry":{"type":"Polygon","coordinates":[[[-87.72037,41.87378],[-87.72044,41.87502],[-87.72067,41.87595],[-87.72063,41.87715],[-87.72075,41.88079],[-87.72083,41.88079],[-87.72228,41.88077],[-87.72325,41.88076],[-87.72417,41.88075],[-87.72567,41.88073],[-87.72564,41.87976],[-87.72809,41.87973],[-87.72803,41.87795],[-87.72558,41.87798],[-87.72555,41.87709],[-87.72554,41.87696],[-87.72553,41.87663],[-87.72552,41.87647],[-87.72552,41.87618],[-87.73287,41.87609],[-87.73278,41.87361],[-87.73186,41.87365],[-87.73098,41.87365],[-87.72985,41.87367],[-87.72633,41.87372],[-87.72588,41.87371],[-87.7253,41.87372],[-87.72524,41.87373],[-87.72474,41.87373],[-87.72301,41.87375],[-87.72256,41.87376],[-87.72085,41.87378],[-87.7205,41.87378],[-87.72037,41.87378]]]},"properties":{"level":"es","grades":"K–8","id":"610293","name":"Genevieve Melody Elementary School","url":"https://www.cps.edu/schools/schoolprofiles/610293","x":-87.72466,"y":41.8788}},{"type":"Feature","geometry":{"type":"Polygon","coordinates":[[[-87.62491,41.76746],[-87.62491,41.76755],[-87.62491,41.76802],[-87.62492,41.76811],[-87.62492,41.76831],[-87.62492,41.76841],[-87.62493,41.76853],[-87.62495,41.76878],[-87.62494,41.76914],[-87.62511,41.76919],[-87.62564,41.76919],[-87.62602,41.76918],[-87.62643,41.76918],[-87.62667,41.76917],[-87.62669,41.76821],[-87.62724,41.76691],[-87.62965,41.7618],[-87.62808,41.76182],[-87.62804,41.76],[-87.62643,41.76003],[-87.62633,41.75636],[-87.61989,41.7565],[-87.61993,41.75832],[-87.61512,41.75841],[-87.61513,41.7588],[-87.61514,41.75929],[-87.61516,41.76008],[-87.61517,41.76023],[-87.61525,41.76388],[-87.61844,41.76382],[-87.61852,41.76747],[-87.61913,41.76746],[-87.61953,41.76745],[-87.62016,41.76743],[-87.62058,41.76742],[-87.62093,41.76741],[-87.62174,41.7674],[-87.62216,41.76739],[-87.62255,41.76738],[-87.62335,41.76736],[-87.62415,41.76735],[-87.62491,41.76746]]]},"properties":{"level":"es","grades":"K–8","id":"609883","name":"Charles S Deneen Elementary School","url":"https://www.cps.edu/schools/schoolprofiles/609883","x":-87.62335,"y":41.76249}},{"type":"Feature","geometry":{"type":"Polygon","coordinates":[[[-87.80681,41.93981],[-87.80701,41.94527],[-87.80942,41.94522],[-87.80947,41.9467],[-87.81191,41.94667],[-87.81225,41.95255],[-87.81223,41.95265],[-87.81235,41.95265],[-87.81283,41.95264],[-87.81304,41.95263],[-87.81343,41.95262],[-87.81353,41.95262],[-87.81389,41.95261],[-87.81417,41.9526],[-87.81463,41.95259],[-87.81475,41.95259],[-87.8154,41.95258],[-87.81562,41.95257],[-87.81585,41.95256],[-87.81654,41.95255],[-87.81673,41.95254],[-87.81775,41.95252],[-87.81815,41.95251],[-87.8183,41.9525],[-87.81827,41.95159],[-87.8185,41.95075],[-87.81839,41.94841],[-87.82001,41.9476],[-87.81967,41.94718],[-87.8196,41.94522],[-87.81924,41.94523],[-87.81916,41.9432],[-87.82284,41.94313],[-87.82276,41.94123],[-87.82399,41.94121],[-87.82385,41.93779],[-87.82363,41.9378],[-87.82311,41.93781],[-87.82284,41.93781],[-87.82237,41.93782],[-87.82188,41.93783],[-87.8207,41.93785],[-87.82002,41.93787],[-87.81984,41.93787],[-87.8196,41.93788],[-87.81947,41.93788],[-87.81917,41.93789],[-87.81915,41.93789],[-87.81878,41.93789],[-87.81839,41.9379],[-87.81809,41.93791],[-87.8179,41.93791],[-87.81774,41.93791],[-87.81711,41.93793],[-87.81652,41.93794],[-87.8165,41.93759],[-87.81648,41.93684],[-87.81646,41.93645],[-87.81645,41.93614],[-87.81643,41.93556],[-87.81643,41.93546],[-87.81642,41.93508],[-87.81641,41.93494],[-87.8164,41.93454],[-87.81639,41.93431],[-87.81605,41.93432],[-87.81512,41.93434],[-87.81442,41.93435],[-87.8144,41.93436],[-87.81418,41.93436],[-87.81395,41.93436],[-87.81334,41.93438],[-87.81213,41.9344],[-87.8109,41.93443],[-87.81003,41.93445],[-87.80968,41.93445],[-87.80907,41.93447],[-87.80854,41.93448],[-87.80821,41.93449],[-87.80723,41.93451],[-87.80686,41.93451],[-87.80662,41.93451],[-87.80681,41.93981]]]},"properties":{"level":"es","grades":"K–8","id":"609884","name":"William E Dever Elementary School","url":"https://www.cps.edu/schools/schoolprofiles/609884","x":-87.81313,"y":41.94255}},{"type":"Feature","geometry":{"type":"Polygon","coordinates":[[[-87.64023,41.78894],[-87.64024,41.79075],[-87.64034,41.79403],[-87.64034,41.79406],[-87.64035,41.79412],[-87.64035,41.79415],[-87.64035,41.79422],[-87.64035,41.79429],[-87.64044,41.79672],[-87.64047,41.79789],[-87.64047,41.79798],[-87.64048,41.798],[-87.64046,41.79895],[-87.64046,41.79914],[-87.64046,41.79923],[-87.64047,41.79941],[-87.64047,41.79952],[-87.64043,41.80004],[-87.64045,41.80067],[-87.64047,41.80125],[-87.64047,41.80148],[-87.64047,41.80152],[-87.64048,41.80158],[-87.63599,41.80539],[-87.63592,41.80539],[-87.63581,41.80541],[-87.63581,41.80544],[-87.63582,41.80561],[-87.63583,41.80604],[-87.63584,41.80643],[-87.63585,41.80664],[-87.63587,41.80749],[-87.63588,41.80783],[-87.63589,41.80817],[-87.63591,41.80884],[-87.63591,41.80903],[-87.6359,41.80904],[-87.63587,41.80904],[-87.63585,41.80904],[-87.6358,41.80904],[-87.6358,41.80905],[-87.64068,41.80895],[-87.6406,41.80543],[-87.64099,41.8053],[-87.64544,41.80522],[-87.6452,41.79604],[-87.64515,41.79394],[-87.64502,41.78885],[-87.64023,41.78894]]]},"properties":{"level":"es","grades":"K–8","id":"609885","name":"Dewey Elementary Academy of Fine Arts","url":"https://www.cps.edu/schools/schoolprofiles/609885","x":-87.64265,"y":41.79565}},{"type":"Feature","geometry":{"type":"Polygon","coordinates":[[[-87.60838,41.74391],[-87.60868,41.74429],[-87.60869,41.74474],[-87.60872,41.74574],[-87.60876,41.74711],[-87.60877,41.74757],[-87.6088,41.74847],[-87.60883,41.74964],[-87.60883,41.74984],[-87.60885,41.75072],[-87.60887,41.75122],[-87.61008,41.7512],[-87.6125,41.75116],[-87.6124,41.7475],[-87.61246,41.7475],[-87.61361,41.74748],[-87.61413,41.74748],[-87.61442,41.74747],[-87.61462,41.74747],[-87.61487,41.7473],[-87.61484,41.74656],[-87.61483,41.74585],[-87.61482,41.74564],[-87.61639,41.74561],[-87.61634,41.74379],[-87.61629,41.74196],[-87.61467,41.74198],[-87.61422,41.74199],[-87.61385,41.742],[-87.61369,41.742],[-87.61258,41.74202],[-87.61209,41.74203],[-87.61086,41.74205],[-87.60991,41.74206],[-87.60923,41.74203],[-87.60888,41.74203],[-87.60839,41.74204],[-87.60737,41.74206],[-87.60723,41.7429],[-87.60717,41.74298],[-87.60727,41.74347],[-87.60744,41.74393],[-87.60793,41.74392],[-87.60838,41.74391]]]},"properties":{"level":"es","grades":"K–8","id":"609887","name":"Arthur Dixon Elementary School","url":"https://www.cps.edu/schools/schoolprofiles/609887","x":-87.60998,"y":41.74367}},{"type":"Feature","geometry":{"type":"Polygon","coordinates":[[[-87.60113,41.82933],[-87.60123,41.82945],[-87.60164,41.82998],[-87.60172,41.83006],[-87.60224,41.83053],[-87.60239,41.83069],[-87.60259,41.83102],[-87.60268,41.83127],[-87.61063,41.83119],[-87.61416,41.8312],[-87.61686,41.83115],[-87.61697,41.8311],[-87.61712,41.82977],[-87.617,41.82383],[-87.61436,41.82387],[-87.61443,41.82657],[-87.61047,41.82663],[-87.60836,41.82682],[-87.60883,41.82772],[-87.60748,41.82813],[-87.60572,41.8289],[-87.60113,41.82933]]]},"properties":{"level":"es","grades":"K–8","id":"609891","name":"James R Doolittle Jr Elementary School","url":"https://www.cps.edu/schools/schoolprofiles/609891","x":-87.61227,"y":41.83112}},{"type":"Feature","geometry":{"type":"Polygon","coordinates":[[[-87.78515,41.78362],[-87.79125,41.78351],[-87.79315,41.78381],[-87.79646,41.78375],[-87.80117,41.78366],[-87.80115,41.78305],[-87.80113,41.78258],[-87.80111,41.78209],[-87.80107,41.78119],[-87.80101,41.77968],[-87.80096,41.77846],[-87.80095,41.77822],[-87.80094,41.77792],[-87.80091,41.77747],[-87.80087,41.7768],[-87.80085,41.77626],[-87.80083,41.77593],[-87.80082,41.7756],[-87.80083,41.77551],[-87.80081,41.77497],[-87.80078,41.77435],[-87.80078,41.77414],[-87.80082,41.77405],[-87.80081,41.7737],[-87.79897,41.77373],[-87.79743,41.77375],[-87.79657,41.77377],[-87.79588,41.77378],[-87.79582,41.77378],[-87.79418,41.77381],[-87.79286,41.77383],[-87.79223,41.77384],[-87.79134,41.77384],[-87.79055,41.77386],[-87.78829,41.7739],[-87.7882,41.7739],[-87.78576,41.77394],[-87.78523,41.77395],[-87.78392,41.77397],[-87.78288,41.77399],[-87.78251,41.77399],[-87.78223,41.774],[-87.78112,41.77401],[-87.78149,41.7837],[-87.78515,41.78362]]]},"properties":{"level":"es","grades":"K–8","id":"609893","name":"John C Dore Elementary School","url":"https://www.cps.edu/schools/schoolprofiles/609893","x":-87.79974,"y":41.77383}},{"type":"Feature","geometry":{"type":"Polygon","coordinates":[[[-87.60544,41.83868],[-87.60342,41.83915],[-87.60272,41.83873],[-87.60199,41.83809],[-87.60149,41.83715],[-87.60117,41.83611],[-87.6011,41.83529],[-87.60139,41.83405],[-87.60187,41.83308],[-87.60182,41.83295],[-87.60144,41.83334],[-87.60101,41.83425],[-87.60084,41.83495],[-87.60082,41.83567],[-87.60103,41.83677],[-87.60179,41.83822],[-87.60261,41.83894],[-87.60335,41.83937],[-87.60419,41.83968],[-87.60427,41.83983],[-87.60445,41.83933],[-87.60498,41.8389],[-87.60588,41.83924],[-87.60701,41.83989],[-87.60727,41.84038],[-87.60698,41.84067],[-87.60753,41.84056],[-87.60785,41.84103],[-87.60795,41.84127],[-87.60798,41.84179],[-87.60802,41.84231],[-87.60858,41.84307],[-87.60872,41.84331],[-87.60877,41.84336],[-87.60885,41.8437],[-87.6089,41.84387],[-87.60901,41.84411],[-87.60915,41.84424],[-87.60917,41.84446],[-87.60916,41.84459],[-87.60913,41.84473],[-87.60911,41.8448],[-87.60908,41.84487],[-87.60904,41.84494],[-87.609,41.84501],[-87.6088,41.84526],[-87.60878,41.84529],[-87.60873,41.84535],[-87.60861,41.8455],[-87.60854,41.84561],[-87.6085,41.84567],[-87.60845,41.84581],[-87.60843,41.84587],[-87.60842,41.84593],[-87.60842,41.84596],[-87.60841,41.84604],[-87.60841,41.84607],[-87.60841,41.84614],[-87.60842,41.84625],[-87.60845,41.84636],[-87.60846,41.84639],[-87.60849,41.84647],[-87.60852,41.84653],[-87.60858,41.84664],[-87.60872,41.84683],[-87.6093,41.8476],[-87.60933,41.84764],[-87.60937,41.84771],[-87.60941,41.8478],[-87.60945,41.84789],[-87.60948,41.848],[-87.60952,41.8487],[-87.60952,41.84873],[-87.60944,41.84925],[-87.60937,41.84958],[-87.60933,41.84981],[-87.60926,41.85016],[-87.60922,41.85036],[-87.60921,41.85037],[-87.6092,41.85042],[-87.60919,41.85053],[-87.60919,41.85061],[-87.60919,41.85069],[-87.60921,41.85083],[-87.60922,41.85091],[-87.60927,41.85106],[-87.60934,41.85121],[-87.60936,41.85124],[-87.60939,41.85128],[-87.60962,41.85157],[-87.61001,41.85205],[-87.61014,41.8522],[-87.61026,41.85235],[-87.61038,41.85251],[-87.6105,41.85268],[-87.61052,41.85272],[-87.61059,41.85284],[-87.6106,41.85286],[-87.61061,41.85287],[-87.61064,41.85293],[-87.61069,41.85302],[-87.61072,41.85308],[-87.61904,41.853],[-87.6196,41.85291],[-87.62381,41.85287],[-87.62368,41.84807],[-87.62542,41.84776],[-87.62738,41.84719],[-87.62836,41.84709],[-87.6296,41.84718],[-87.63088,41.84742],[-87.63107,41.846],[-87.63102,41.84432],[-87.63026,41.84371],[-87.63015,41.8434],[-87.63003,41.83826],[-87.61337,41.83847],[-87.60769,41.83858],[-87.60614,41.83852],[-87.60544,41.83868]]]},"properties":{"level":"es","grades":"K–8","id":"609894","name":"John B Drake Elementary School","url":"https://www.cps.edu/schools/schoolprofiles/609894","x":-87.62855,"y":41.84404}},{"type":"Feature","geometry":{"type":"Polygon","coordinates":[[[-87.67901,41.77924],[-87.66522,41.77944],[-87.66422,41.77946],[-87.66439,41.78675],[-87.66924,41.78669],[-87.67897,41.78657],[-87.68043,41.78646],[-87.6804,41.7854],[-87.68038,41.78476],[-87.68038,41.78468],[-87.68037,41.78412],[-87.68035,41.78349],[-87.68035,41.78324],[-87.68034,41.78272],[-87.68032,41.78203],[-87.6803,41.78137],[-87.68028,41.7806],[-87.68027,41.78005],[-87.68025,41.77934],[-87.67935,41.77935],[-87.67901,41.77924]]]},"properties":{"level":"es","grades":"K–8","id":"609897","name":"Charles W Earle Elementary School","url":"https://www.cps.edu/schools/schoolprofiles/609897","x":-87.67555,"y":41.78122}},{"type":"Feature","geometry":{"type":"Polygon","coordinates":[[[-87.70319,41.7808],[-87.70349,41.7808],[-87.70382,41.78079],[-87.70431,41.78078],[-87.70469,41.78078],[-87.70503,41.78077],[-87.70532,41.78077],[-87.70546,41.78076],[-87.70604,41.78076],[-87.70685,41.78074],[-87.70729,41.78074],[-87.70804,41.78072],[-87.70874,41.78071],[-87.70934,41.7807],[-87.71014,41.78069],[-87.71136,41.78067],[-87.7128,41.78065],[-87.71292,41.78064],[-87.71322,41.78064],[-87.71421,41.78062],[-87.71521,41.7806],[-87.71545,41.78059],[-87.71544,41.78026],[-87.71542,41.77968],[-87.71609,41.77967],[-87.71647,41.77967],[-87.71788,41.77964],[-87.71787,41.77944],[-87.71786,41.77909],[-87.71785,41.77873],[-87.71885,41.77872],[-87.72066,41.77869],[-87.72276,41.77866],[-87.72258,41.77137],[-87.72211,41.77138],[-87.72104,41.7714],[-87.72012,41.77141],[-87.71928,41.77143],[-87.71844,41.77144],[-87.71651,41.77147],[-87.71614,41.77147],[-87.71488,41.77149],[-87.71414,41.7715],[-87.71298,41.77152],[-87.71269,41.77152],[-87.71172,41.77153],[-87.70953,41.77157],[-87.7086,41.77158],[-87.70792,41.7716],[-87.70738,41.77161],[-87.70599,41.77163],[-87.70547,41.77164],[-87.70436,41.77165],[-87.70387,41.77166],[-87.70322,41.77167],[-87.70297,41.77167],[-87.70298,41.77204],[-87.70298,41.77215],[-87.70299,41.77251],[-87.70299,41.77278],[-87.703,41.77303],[-87.703,41.77311],[-87.70301,41.7733],[-87.70301,41.7735],[-87.70302,41.77369],[-87.70302,41.77387],[-87.70302,41.774],[-87.70303,41.7741],[-87.70303,41.77456],[-87.70304,41.77462],[-87.70304,41.77485],[-87.70305,41.77503],[-87.70305,41.77517],[-87.70306,41.77553],[-87.70306,41.77569],[-87.70307,41.77586],[-87.70307,41.77596],[-87.70307,41.77614],[-87.70307,41.77623],[-87.70308,41.77644],[-87.70309,41.77668],[-87.70309,41.77678],[-87.70309,41.77701],[-87.7031,41.77727],[-87.7031,41.77751],[-87.70311,41.77759],[-87.70311,41.77771],[-87.70311,41.77788],[-87.70312,41.77814],[-87.70312,41.7783],[-87.70312,41.77844],[-87.70312,41.77853],[-87.70314,41.77897],[-87.70315,41.77944],[-87.70316,41.77972],[-87.70316,41.7799],[-87.70317,41.78025],[-87.70317,41.78031],[-87.70318,41.78041],[-87.70319,41.7808]]]},"properties":{"level":"es","grades":"K–8","id":"609898","name":"John F Eberhart Elementary School","url":"https://www.cps.edu/schools/schoolprofiles/609898","x":-87.70795,"y":41.77442}},{"type":"Feature","geometry":{"type":"Polygon","coordinates":[[[-87.61444,41.67543],[-87.61369,41.67874],[-87.61501,41.67998],[-87.61607,41.6806],[-87.61653,41.68059],[-87.61679,41.68096],[-87.61792,41.68153],[-87.61797,41.68477],[-87.61807,41.686],[-87.61822,41.69083],[-87.61958,41.69081],[-87.61964,41.69263],[-87.62336,41.69258],[-87.62396,41.69257],[-87.62479,41.69256],[-87.62516,41.69256],[-87.62583,41.69255],[-87.62745,41.69253],[-87.62791,41.69253],[-87.62769,41.68526],[-87.63009,41.68523],[-87.62987,41.67795],[-87.62982,41.67612],[-87.62741,41.67615],[-87.62736,41.67424],[-87.62512,41.67426],[-87.6239,41.67429],[-87.62345,41.67429],[-87.62277,41.6743],[-87.62255,41.6743],[-87.6223,41.6743],[-87.61907,41.67434],[-87.61751,41.6743],[-87.61582,41.67462],[-87.61444,41.67543]]]},"properties":{"level":"es","grades":"K–8","id":"609900","name":"George W Curtis Elementary School","url":"https://www.cps.edu/schools/schoolprofiles/609900","x":-87.62165,"y":41.68542}},{"type":"Feature","geometry":{"type":"Polygon","coordinates":[[[-87.76651,42.00831],[-87.76709,42.00832],[-87.76715,42.00832],[-87.76719,42.00832],[-87.76747,42.00789],[-87.76748,42.00772],[-87.76748,42.00763],[-87.76748,42.00758],[-87.76748,42.00745],[-87.76748,42.00741],[-87.76748,42.00731],[-87.76749,42.00722],[-87.76749,42.0069],[-87.7675,42.00673],[-87.7675,42.00663],[-87.7675,42.00653],[-87.76751,42.0064],[-87.76751,42.00626],[-87.76751,42.00612],[-87.76751,42.00598],[-87.76752,42.00594],[-87.76752,42.00567],[-87.76752,42.00563],[-87.76752,42.00557],[-87.76753,42.00553],[-87.76753,42.00543],[-87.76753,42.00534],[-87.76753,42.00529],[-87.76754,42.00471],[-87.76747,42.00467],[-87.76719,42.00454],[-87.76686,42.00438],[-87.76679,42.00435],[-87.76673,42.00432],[-87.76667,42.0043],[-87.76657,42.00425],[-87.76642,42.00418],[-87.76638,42.00416],[-87.76614,42.00405],[-87.7661,42.00403],[-87.76603,42.004],[-87.76599,42.00398],[-87.76586,42.00392],[-87.76585,42.00392],[-87.76567,42.00383],[-87.76549,42.00374],[-87.76548,42.00372],[-87.7655,42.0037],[-87.76561,42.00357],[-87.76579,42.00333],[-87.76593,42.0034],[-87.76655,42.00368],[-87.76693,42.00386],[-87.76742,42.00409],[-87.76749,42.00413],[-87.76761,42.00418],[-87.76786,42.00429],[-87.7692,42.00491],[-87.76935,42.0052],[-87.76974,42.00597],[-87.76987,42.00622],[-87.77013,42.00629],[-87.77027,42.00623],[-87.77036,42.00619],[-87.76577,41.99735],[-87.76669,41.9973],[-87.76985,41.99714],[-87.77101,41.99715],[-87.77345,41.99735],[-87.77625,41.99745],[-87.78002,41.99741],[-87.77962,41.99673],[-87.77888,41.99677],[-87.77826,41.99714],[-87.77731,41.99699],[-87.77661,41.99723],[-87.77605,41.99673],[-87.77513,41.99677],[-87.77438,41.99701],[-87.77349,41.99706],[-87.77245,41.99688],[-87.77169,41.99659],[-87.77125,41.99612],[-87.77118,41.99534],[-87.77157,41.99463],[-87.77262,41.99389],[-87.77349,41.99364],[-87.7737,41.99312],[-87.77342,41.99235],[-87.77263,41.99169],[-87.77119,41.99152],[-87.77084,41.99125],[-87.7714,41.9909],[-87.77173,41.99024],[-87.7714,41.98954],[-87.77048,41.98906],[-87.76793,41.98878],[-87.76762,41.98906],[-87.76758,41.98964],[-87.7669,41.99001],[-87.76596,41.99015],[-87.76493,41.98983],[-87.76431,41.98939],[-87.76377,41.98967],[-87.76304,41.98978],[-87.7626,41.99025],[-87.7621,41.99014],[-87.76159,41.9889],[-87.76169,41.98856],[-87.76232,41.98808],[-87.76183,41.98767],[-87.76114,41.98774],[-87.75967,41.9883],[-87.75928,41.98821],[-87.75819,41.98725],[-87.75777,41.9862],[-87.75743,41.98574],[-87.75677,41.98548],[-87.75682,41.98503],[-87.75738,41.98475],[-87.75727,41.98446],[-87.7564,41.98362],[-87.75627,41.98263],[-87.75576,41.98232],[-87.75467,41.98271],[-87.75406,41.98353],[-87.75327,41.98358],[-87.75226,41.98314],[-87.75146,41.98319],[-87.75057,41.9837],[-87.74946,41.98372],[-87.75071,41.98515],[-87.75128,41.98617],[-87.75149,41.98691],[-87.75155,41.98801],[-87.75144,41.98886],[-87.75126,41.99136],[-87.75105,41.99312],[-87.75098,41.9943],[-87.75081,41.99536],[-87.75043,41.99674],[-87.75039,41.99684],[-87.75025,41.9972],[-87.75022,41.99729],[-87.75085,41.9973],[-87.75102,41.9973],[-87.75219,41.9973],[-87.75259,41.9973],[-87.7529,41.9973],[-87.75333,41.9975],[-87.75408,41.99785],[-87.75435,41.99798],[-87.75566,41.99862],[-87.75594,41.99874],[-87.75637,41.99894],[-87.7565,41.999],[-87.75676,41.99911],[-87.75707,41.99927],[-87.75726,41.99936],[-87.75738,41.99942],[-87.75753,41.99949],[-87.7576,41.99952],[-87.75771,41.99958],[-87.75798,41.9997],[-87.75811,41.99976],[-87.75842,41.9999],[-87.75865,42.00002],[-87.75889,42.00013],[-87.75907,42.00021],[-87.75913,42.00024],[-87.75926,42.0003],[-87.75934,42.00033],[-87.75959,42.00045],[-87.7597,42.00051],[-87.75982,42.00056],[-87.76007,42.00068],[-87.76032,42.00079],[-87.76032,42.0008],[-87.76062,42.00093],[-87.76119,42.0012],[-87.76202,42.00158],[-87.76223,42.00182],[-87.76218,42.00196],[-87.76204,42.00234],[-87.76199,42.00249],[-87.76195,42.00266],[-87.76193,42.0028],[-87.76189,42.00324],[-87.76186,42.00354],[-87.76184,42.00402],[-87.76184,42.00409],[-87.76184,42.00419],[-87.76183,42.00435],[-87.76182,42.00448],[-87.76181,42.00484],[-87.7618,42.00499],[-87.7618,42.00507],[-87.76179,42.00519],[-87.76175,42.00621],[-87.76174,42.00638],[-87.76173,42.00666],[-87.76172,42.00678],[-87.7617,42.00734],[-87.76169,42.00774],[-87.76184,42.00827],[-87.76241,42.00828],[-87.76261,42.00828],[-87.76311,42.00829],[-87.76326,42.00829],[-87.76339,42.00829],[-87.7634,42.00829],[-87.76355,42.00829],[-87.76381,42.00829],[-87.76387,42.00829],[-87.76395,42.00829],[-87.76398,42.00829],[-87.76429,42.0083],[-87.76446,42.0083],[-87.76473,42.0083],[-87.76502,42.0083],[-87.76514,42.0083],[-87.76532,42.0083],[-87.76546,42.00831],[-87.76565,42.00831],[-87.76576,42.00831],[-87.76582,42.00831],[-87.76588,42.00831],[-87.76599,42.00831],[-87.76627,42.00831],[-87.76632,42.00831],[-87.76649,42.00831],[-87.76651,42.00831]]]},"properties":{"level":"es","grades":"K–8","id":"609901","name":"Edgebrook Elementary School","url":"https://www.cps.edu/schools/schoolprofiles/609901","x":-87.76184,"y":41.99944}},{"type":"Feature","geometry":{"type":"Polygon","coordinates":[[[-87.60954,41.69644],[-87.60745,41.70558],[-87.61128,41.70553],[-87.61123,41.7037],[-87.61854,41.70359],[-87.61854,41.70354],[-87.6184,41.69812],[-87.61717,41.69814],[-87.61712,41.69632],[-87.61834,41.69629],[-87.61826,41.69265],[-87.61367,41.69274],[-87.61037,41.69276],[-87.60954,41.69644]]]},"properties":{"level":"es","grades":"K–8","id":"610004","name":"Countee Cullen Elementary School","url":"https://www.cps.edu/schools/schoolprofiles/610004","x":-87.61124,"y":41.70034}},{"type":"Feature","geometry":{"type":"Polygon","coordinates":[[[-87.73977,41.85865],[-87.73718,41.85869],[-87.73724,41.86052],[-87.73235,41.86059],[-87.73229,41.85876],[-87.72984,41.8588],[-87.7299,41.86063],[-87.72501,41.86069],[-87.72506,41.86252],[-87.72517,41.86614],[-87.72586,41.86616],[-87.73006,41.8661],[-87.73998,41.86596],[-87.73997,41.86549],[-87.73996,41.86513],[-87.73994,41.86461],[-87.73993,41.86404],[-87.73991,41.86366],[-87.73991,41.86331],[-87.73989,41.86278],[-87.73988,41.8624],[-87.73988,41.8623],[-87.73982,41.86048],[-87.73982,41.86031],[-87.73981,41.86004],[-87.7398,41.85966],[-87.73979,41.85948],[-87.73978,41.85911],[-87.73977,41.85865]]]},"properties":{"level":"es","grades":"K–8","id":"610005","name":"Charles Evans Hughes Elementary School","url":"https://www.cps.edu/schools/schoolprofiles/610005","x":-87.73178,"y":41.86052}},{"type":"Feature","geometry":{"type":"Polygon","coordinates":[[[-87.67394,41.94145],[-87.67396,41.94236],[-87.676,41.94233],[-87.67843,41.9423],[-87.67836,41.93957],[-87.68791,41.93946],[-87.68789,41.9373],[-87.68799,41.93672],[-87.68799,41.93651],[-87.68799,41.9364],[-87.68799,41.9361],[-87.68782,41.93601],[-87.6874,41.93562],[-87.68714,41.93538],[-87.68706,41.9353],[-87.68701,41.93525],[-87.68629,41.93435],[-87.68588,41.93401],[-87.68549,41.9338],[-87.68526,41.93379],[-87.68521,41.93376],[-87.6851,41.93371],[-87.68481,41.93367],[-87.68469,41.93367],[-87.6844,41.93362],[-87.68427,41.93362],[-87.68409,41.93356],[-87.68353,41.93344],[-87.68348,41.93342],[-87.68341,41.93338],[-87.68338,41.93329],[-87.68284,41.93233],[-87.68284,41.93223],[-87.68209,41.93137],[-87.68129,41.93093],[-87.68074,41.93051],[-87.68054,41.93007],[-87.68047,41.92993],[-87.68032,41.92964],[-87.67984,41.92861],[-87.6795,41.92841],[-87.6781,41.92809],[-87.67817,41.92858],[-87.67829,41.92921],[-87.6783,41.92978],[-87.67832,41.93028],[-87.67831,41.93064],[-87.6783,41.93072],[-87.67827,41.93093],[-87.67822,41.93123],[-87.67819,41.93144],[-87.67813,41.93188],[-87.67814,41.93228],[-87.67746,41.93229],[-87.67637,41.93231],[-87.67566,41.93232],[-87.67381,41.93234],[-87.67356,41.93234],[-87.67367,41.93598],[-87.67335,41.93599],[-87.67344,41.93963],[-87.67389,41.93963],[-87.67394,41.94145]]]},"properties":{"level":"es","grades":"K–8","id":"610010","name":"Friedrich L. Jahn Elementary of the Fine Arts","url":"https://www.cps.edu/schools/schoolprofiles/610010","x":-87.67581,"y":41.93925}},{"type":"Feature","geometry":{"type":"Polygon","coordinates":[[[-87.68954,41.98658],[-87.68957,41.98731],[-87.68958,41.98778],[-87.6896,41.98834],[-87.68961,41.98881],[-87.68964,41.9895],[-87.68966,41.98999],[-87.68967,41.9905],[-87.70909,41.99038],[-87.70816,41.98704],[-87.70751,41.98517],[-87.70751,41.98495],[-87.70674,41.98251],[-87.7067,41.98232],[-87.70668,41.98218],[-87.70666,41.98213],[-87.70662,41.98205],[-87.7066,41.98201],[-87.70657,41.98191],[-87.70655,41.98187],[-87.70651,41.98179],[-87.7065,41.98175],[-87.70649,41.98165],[-87.70643,41.98144],[-87.70642,41.9814],[-87.70639,41.9813],[-87.70638,41.98127],[-87.70636,41.98119],[-87.70632,41.98112],[-87.70625,41.98095],[-87.70624,41.98088],[-87.70623,41.98085],[-87.70621,41.98075],[-87.7062,41.98071],[-87.70617,41.98065],[-87.70613,41.98055],[-87.7061,41.98048],[-87.70607,41.98041],[-87.70606,41.98035],[-87.70603,41.98029],[-87.70601,41.98019],[-87.706,41.98017],[-87.70599,41.98012],[-87.70599,41.98011],[-87.70597,41.98001],[-87.70596,41.97992],[-87.70591,41.97983],[-87.7059,41.97977],[-87.70585,41.9796],[-87.70581,41.97951],[-87.70577,41.97938],[-87.70576,41.97933],[-87.70571,41.97921],[-87.70568,41.97911],[-87.70551,41.97865],[-87.70548,41.97858],[-87.70546,41.97849],[-87.70542,41.9784],[-87.70541,41.97833],[-87.70536,41.97818],[-87.70534,41.97805],[-87.70533,41.97801],[-87.70531,41.97793],[-87.70528,41.97782],[-87.70524,41.97769],[-87.70523,41.97762],[-87.70522,41.97761],[-87.69898,41.97764],[-87.69901,41.97856],[-87.69862,41.97856],[-87.69771,41.97857],[-87.69494,41.97859],[-87.69391,41.97859],[-87.69323,41.97859],[-87.6926,41.9784],[-87.69254,41.97768],[-87.69155,41.97768],[-87.69132,41.97769],[-87.6907,41.97769],[-87.68997,41.9777],[-87.68922,41.97771],[-87.68923,41.97794],[-87.68929,41.97952],[-87.68932,41.98032],[-87.68934,41.98076],[-87.68936,41.98126],[-87.68942,41.9826],[-87.68944,41.98283],[-87.68946,41.9836],[-87.68946,41.98388],[-87.68947,41.98423],[-87.68947,41.98441],[-87.68949,41.98499],[-87.68951,41.98551],[-87.68954,41.98658]]]},"properties":{"level":"es","grades":"K–8","id":"610011","name":"Minnie Mars Jamieson Elementary School","url":"https://www.cps.edu/schools/schoolprofiles/610011","x":-87.70053,"y":41.98464}},{"type":"Feature","geometry":{"type":"Polygon","coordinates":[[[-87.65643,41.85795],[-87.65648,41.85977],[-87.65893,41.85973],[-87.65957,41.85972],[-87.66036,41.8597],[-87.66189,41.85968],[-87.664,41.85964],[-87.66591,41.85961],[-87.6662,41.85961],[-87.66614,41.85779],[-87.66376,41.85783],[-87.66367,41.85421],[-87.66122,41.85425],[-87.66129,41.85697],[-87.65885,41.85701],[-87.65887,41.85791],[-87.65643,41.85795]]]},"properties":{"level":"es","grades":"K–8","id":"610013","name":"Pilsen Elementary Community Academy","url":"https://www.cps.edu/schools/schoolprofiles/610013","x":-87.66221,"y":41.85885}},{"type":"Feature","geometry":{"type":"Polygon","coordinates":[[[-87.65305,41.85255],[-87.65313,41.85525],[-87.65149,41.85527],[-87.65153,41.85667],[-87.64661,41.85673],[-87.64671,41.85991],[-87.64713,41.8599],[-87.64879,41.85988],[-87.64939,41.85987],[-87.65036,41.85986],[-87.65082,41.85985],[-87.6514,41.85984],[-87.65145,41.85984],[-87.65264,41.85982],[-87.65303,41.85982],[-87.65648,41.85977],[-87.65643,41.85795],[-87.65626,41.85249],[-87.65305,41.85255]]]},"properties":{"level":"es","grades":"K–8","id":"610015","name":"Joseph Jungman STEM Magnet Elementary School","url":"https://www.cps.edu/schools/schoolprofiles/610015","x":-87.6523,"y":41.85807}},{"type":"Feature","geometry":{"type":"Polygon","coordinates":[[[-87.66702,41.72842],[-87.66795,41.72861],[-87.66818,41.7303],[-87.66862,41.73084],[-87.6688,41.73106],[-87.66909,41.73138],[-87.66937,41.73171],[-87.67012,41.7326],[-87.67074,41.73334],[-87.67111,41.73376],[-87.67188,41.73464],[-87.67196,41.73474],[-87.67222,41.73505],[-87.67228,41.73513],[-87.67262,41.73554],[-87.67279,41.73565],[-87.67308,41.73566],[-87.67583,41.73562],[-87.67613,41.73561],[-87.6772,41.7356],[-87.67758,41.73559],[-87.67845,41.73558],[-87.6789,41.73558],[-87.68163,41.73554],[-87.68251,41.73553],[-87.68251,41.73547],[-87.68251,41.73546],[-87.6825,41.73506],[-87.68248,41.73433],[-87.68246,41.73354],[-87.68245,41.73325],[-87.68242,41.7326],[-87.68241,41.73209],[-87.6824,41.73187],[-87.68239,41.73148],[-87.68235,41.73034],[-87.68231,41.72875],[-87.68229,41.72824],[-87.68229,41.72813],[-87.68228,41.72786],[-87.68227,41.72744],[-87.68224,41.72639],[-87.68223,41.72634],[-87.6822,41.72532],[-87.6822,41.72527],[-87.68217,41.72436],[-87.68215,41.72365],[-87.68214,41.72348],[-87.68213,41.72306],[-87.68213,41.72305],[-87.68212,41.72278],[-87.6821,41.72211],[-87.68209,41.72183],[-87.68208,41.7213],[-87.68206,41.72094],[-87.68206,41.7209],[-87.68206,41.72089],[-87.68198,41.71812],[-87.68197,41.71769],[-87.68196,41.71728],[-87.66904,41.71749],[-87.66909,41.7193],[-87.66739,41.71938],[-87.66735,41.71784],[-87.66608,41.71786],[-87.66317,41.71835],[-87.66389,41.72033],[-87.66432,41.72119],[-87.66327,41.7212],[-87.66326,41.7212],[-87.66275,41.72121],[-87.66268,41.72122],[-87.66274,41.72393],[-87.6647,41.7239],[-87.66475,41.72399],[-87.66538,41.72524],[-87.66567,41.72582],[-87.66618,41.72682],[-87.66631,41.72708],[-87.66675,41.72795],[-87.66702,41.72842]]]},"properties":{"level":"es","grades":"K–8","id":"610016","name":"Kate S Kellogg Elementary School","url":"https://www.cps.edu/schools/schoolprofiles/610016","x":-87.67723,"y":41.72526}},{"type":"Feature","geometry":{"type":"Polygon","coordinates":[[[-87.6351,41.78177],[-87.63753,41.78173],[-87.6375,41.77987],[-87.64191,41.77979],[-87.64262,41.78029],[-87.64269,41.78157],[-87.64326,41.78212],[-87.64485,41.78216],[-87.64479,41.77975],[-87.64964,41.77967],[-87.64955,41.77604],[-87.64834,41.77606],[-87.64823,41.77242],[-87.6446,41.77247],[-87.64451,41.76884],[-87.63971,41.76892],[-87.63973,41.77073],[-87.63729,41.77077],[-87.63731,41.77141],[-87.63482,41.77146],[-87.6351,41.78177]]]},"properties":{"level":"es","grades":"K–8","id":"610290","name":"Benjamin E Mays Elementary Academy","url":"https://www.cps.edu/schools/schoolprofiles/610290","x":-87.63728,"y":41.77273}},{"type":"Feature","geometry":{"type":"Polygon","coordinates":[[[-87.73742,41.91331],[-87.73822,41.91335],[-87.7385,41.91337],[-87.73888,41.91341],[-87.73903,41.91343],[-87.73925,41.91346],[-87.7395,41.91349],[-87.73962,41.9135],[-87.73987,41.91353],[-87.74016,41.91357],[-87.74036,41.91359],[-87.74069,41.91363],[-87.74148,41.91364],[-87.74148,41.91341],[-87.74147,41.91326],[-87.74147,41.91318],[-87.74146,41.913],[-87.74146,41.91286],[-87.74145,41.91262],[-87.74144,41.91247],[-87.74143,41.91228],[-87.74143,41.91219],[-87.74143,41.91211],[-87.74144,41.91211],[-87.74271,41.91262],[-87.74292,41.9127],[-87.7433,41.91285],[-87.74357,41.91296],[-87.74354,41.91144],[-87.74342,41.90991],[-87.7436,41.90965],[-87.74198,41.90967],[-87.74244,41.90954],[-87.74242,41.90866],[-87.74275,41.90732],[-87.74263,41.90241],[-87.74155,41.90243],[-87.73123,41.90259],[-87.73131,41.90629],[-87.73142,41.90982],[-87.73121,41.90982],[-87.73133,41.91338],[-87.73153,41.91337],[-87.73195,41.91337],[-87.73222,41.91337],[-87.73245,41.91336],[-87.7325,41.91336],[-87.73254,41.91336],[-87.73275,41.91336],[-87.73312,41.91336],[-87.73339,41.91335],[-87.7336,41.91335],[-87.73478,41.91333],[-87.73518,41.91333],[-87.73532,41.91333],[-87.73576,41.91332],[-87.73622,41.91332],[-87.7365,41.91331],[-87.73674,41.91331],[-87.73714,41.91331],[-87.73742,41.91331]]]},"properties":{"level":"es","grades":"K–8","id":"610100","name":"West Park Elementary Academy","url":"https://www.cps.edu/schools/schoolprofiles/610100","x":-87.73244,"y":41.90691}},{"type":"Feature","geometry":{"type":"Polygon","coordinates":[[[-87.6397,41.75615],[-87.6399,41.75663],[-87.64068,41.75736],[-87.64196,41.75794],[-87.64423,41.75789],[-87.64423,41.75774],[-87.6447,41.75773],[-87.64516,41.75771],[-87.64786,41.75768],[-87.64782,41.75605],[-87.64903,41.75603],[-87.64899,41.75421],[-87.65141,41.75417],[-87.65132,41.75053],[-87.65121,41.74689],[-87.65,41.74691],[-87.64879,41.74693],[-87.64884,41.74875],[-87.64399,41.74882],[-87.64404,41.75064],[-87.64405,41.75102],[-87.64407,41.75174],[-87.64409,41.75231],[-87.64409,41.75246],[-87.64013,41.75251],[-87.63938,41.75253],[-87.63932,41.75253],[-87.63944,41.75615],[-87.6397,41.75615]]]},"properties":{"level":"es","grades":"K–8","id":"610102","name":"Richard J Oglesby Elementary School","url":"https://www.cps.edu/schools/schoolprofiles/610102","x":-87.64547,"y":41.75467}},{"type":"Feature","geometry":{"type":"Polygon","coordinates":[[[-87.56394,41.77211],[-87.56439,41.77233],[-87.5647,41.77252],[-87.56502,41.77271],[-87.56572,41.77308],[-87.56588,41.77316],[-87.56597,41.77323],[-87.56619,41.77349],[-87.56611,41.77357],[-87.56728,41.77355],[-87.58141,41.77339],[-87.5814,41.77265],[-87.58137,41.77172],[-87.58136,41.7712],[-87.58135,41.77089],[-87.58134,41.77055],[-87.58133,41.77032],[-87.58132,41.76975],[-87.58132,41.76961],[-87.5813,41.76907],[-87.58126,41.76754],[-87.58126,41.76745],[-87.58124,41.76662],[-87.58123,41.76619],[-87.58123,41.76603],[-87.56997,41.76614],[-87.56767,41.76614],[-87.56632,41.76573],[-87.56516,41.76446],[-87.56487,41.76452],[-87.56176,41.76607],[-87.56146,41.7663],[-87.56114,41.7663],[-87.56083,41.7663],[-87.56037,41.76631],[-87.56028,41.76631],[-87.56019,41.76634],[-87.55996,41.7664],[-87.55952,41.76654],[-87.55946,41.76658],[-87.55938,41.76678],[-87.5594,41.76687],[-87.5594,41.76689],[-87.55942,41.76713],[-87.55943,41.76719],[-87.55943,41.76725],[-87.55943,41.76731],[-87.55943,41.76748],[-87.55943,41.76781],[-87.55944,41.76807],[-87.55943,41.76818],[-87.55943,41.76823],[-87.55943,41.76831],[-87.55942,41.76848],[-87.55941,41.76862],[-87.55941,41.76916],[-87.5594,41.76925],[-87.55939,41.76935],[-87.5596,41.76931],[-87.55983,41.76904],[-87.56007,41.7688],[-87.56048,41.76871],[-87.56086,41.76881],[-87.56146,41.76904],[-87.56244,41.76958],[-87.56272,41.76993],[-87.56296,41.77019],[-87.56303,41.77026],[-87.56307,41.7703],[-87.56315,41.7704],[-87.56319,41.77054],[-87.5632,41.77062],[-87.56334,41.77106],[-87.56334,41.77114],[-87.56334,41.7712],[-87.56334,41.77123],[-87.56334,41.77143],[-87.56332,41.77148],[-87.56333,41.77165],[-87.56326,41.77174],[-87.56327,41.77176],[-87.56327,41.77181],[-87.56328,41.77193],[-87.56341,41.77209],[-87.56353,41.77211],[-87.56394,41.77211]]]},"properties":{"level":"es","grades":"K–8","id":"610103","name":"Isabelle C O'Keeffe Elementary School","url":"https://www.cps.edu/schools/schoolprofiles/610103","x":-87.57281,"y":41.7686}},{"type":"Feature","geometry":{"type":"Polygon","coordinates":[[[-87.76669,41.9973],[-87.7688,41.99827],[-87.78114,42.00403],[-87.782,42.0045],[-87.78216,42.00443],[-87.78247,42.00428],[-87.78686,42.0022],[-87.79015,42.00063],[-87.79027,42.00058],[-87.79064,42.0004],[-87.79068,42.00043],[-87.79075,42.00051],[-87.79076,42.00053],[-87.79091,42.00069],[-87.79104,42.00083],[-87.79117,42.00098],[-87.79174,42.00097],[-87.79195,42.00097],[-87.79246,42.00097],[-87.79282,42.00097],[-87.79332,42.00097],[-87.79394,42.00096],[-87.79447,42.00096],[-87.79485,42.00095],[-87.79529,42.00095],[-87.79555,42.00095],[-87.79594,42.00095],[-87.79612,42.00095],[-87.79656,42.00094],[-87.79683,42.00094],[-87.79711,42.00094],[-87.79712,42.00094],[-87.79717,42.00089],[-87.79717,42.00004],[-87.79828,42.00004],[-87.79945,42.00003],[-87.79963,42.00087],[-87.79966,42.00087],[-87.80109,42.00087],[-87.80108,42.00154],[-87.8025,42.00156],[-87.80279,42.00155],[-87.80392,42.00154],[-87.80535,42.00152],[-87.80536,42.00088],[-87.80584,42.00085],[-87.80676,42.00084],[-87.80676,42.00114],[-87.80677,41.99981],[-87.80679,41.99777],[-87.8068,41.99698],[-87.80194,41.99408],[-87.79698,41.99114],[-87.78768,41.98595],[-87.78763,41.98841],[-87.78278,41.98843],[-87.78275,41.99189],[-87.78285,41.99253],[-87.78114,41.99164],[-87.78035,41.99194],[-87.78035,41.99452],[-87.78287,41.99564],[-87.78285,41.9974],[-87.78002,41.99741],[-87.77625,41.99745],[-87.77345,41.99735],[-87.77101,41.99715],[-87.76985,41.99714],[-87.76669,41.9973]]]},"properties":{"level":"es","grades":"K–8","id":"610104","name":"William J Onahan Elementary School","url":"https://www.cps.edu/schools/schoolprofiles/610104","x":-87.79311,"y":41.99379}},{"type":"Feature","geometry":{"type":"Polygon","coordinates":[[[-87.72614,41.8972],[-87.7263,41.90267],[-87.73123,41.90259],[-87.74155,41.90243],[-87.74136,41.89509],[-87.74116,41.89509],[-87.7408,41.8951],[-87.74062,41.8951],[-87.74008,41.89511],[-87.73952,41.89512],[-87.73865,41.89514],[-87.7378,41.89515],[-87.73714,41.89517],[-87.73619,41.89518],[-87.73569,41.89519],[-87.73499,41.8952],[-87.73437,41.89521],[-87.73405,41.89522],[-87.73372,41.89522],[-87.73348,41.89523],[-87.73322,41.89524],[-87.73253,41.89525],[-87.73222,41.89526],[-87.7316,41.89527],[-87.73112,41.89527],[-87.72978,41.8953],[-87.72866,41.89532],[-87.72841,41.89532],[-87.72746,41.89534],[-87.72624,41.89537],[-87.72608,41.89537],[-87.72614,41.8972]]]},"properties":{"level":"es","grades":"K–8","id":"610106","name":"Brian Piccolo Elementary Specialty School","url":"https://www.cps.edu/schools/schoolprofiles/610106","x":-87.73126,"y":41.90014}},{"type":"Feature","geometry":{"type":"Polygon","coordinates":[[[-87.6639,41.76855],[-87.66402,41.77219],[-87.66422,41.77946],[-87.66522,41.77944],[-87.67901,41.77924],[-87.67899,41.7787],[-87.67898,41.77835],[-87.67897,41.77799],[-87.67895,41.77736],[-87.67895,41.77716],[-87.67894,41.7768],[-87.67894,41.77663],[-87.67892,41.77613],[-87.67891,41.77567],[-87.67891,41.77564],[-87.67891,41.77563],[-87.67891,41.77551],[-87.6789,41.77523],[-87.67889,41.77493],[-87.67886,41.77397],[-87.67886,41.77368],[-87.67885,41.77353],[-87.67884,41.77299],[-87.67883,41.77281],[-87.67883,41.77251],[-87.67881,41.77205],[-87.67881,41.77201],[-87.67883,41.77201],[-87.67915,41.77201],[-87.67945,41.77201],[-87.67988,41.772],[-87.68033,41.77199],[-87.68089,41.77199],[-87.68125,41.77198],[-87.68149,41.77198],[-87.68181,41.77198],[-87.68246,41.77198],[-87.68272,41.77198],[-87.68273,41.77198],[-87.68303,41.77198],[-87.68319,41.77198],[-87.68344,41.77178],[-87.68343,41.77151],[-87.68342,41.77116],[-87.6834,41.77059],[-87.68339,41.77015],[-87.68334,41.76833],[-87.67872,41.76838],[-87.6639,41.76855]]]},"properties":{"level":"es","grades":"K–8","id":"610108","name":"Luke O'Toole Elementary School","url":"https://www.cps.edu/schools/schoolprofiles/610108","x":-87.67486,"y":41.77457}},{"type":"Feature","geometry":{"type":"Polygon","coordinates":[[[-87.73499,41.96458],[-87.73332,41.96591],[-87.73376,41.96621],[-87.73294,41.96708],[-87.73297,41.96819],[-87.7326,41.96819],[-87.73173,41.9682],[-87.73089,41.96821],[-87.73017,41.96822],[-87.72874,41.96823],[-87.72865,41.96823],[-87.72803,41.96824],[-87.72804,41.9687],[-87.72806,41.96932],[-87.72807,41.9696],[-87.7281,41.97072],[-87.72813,41.97188],[-87.72816,41.97283],[-87.72817,41.97319],[-87.72818,41.97375],[-87.72818,41.97379],[-87.72821,41.97475],[-87.72823,41.97553],[-87.72825,41.97595],[-87.72825,41.97621],[-87.72826,41.97667],[-87.72829,41.97759],[-87.72833,41.97889],[-87.72833,41.9792],[-87.74678,41.979],[-87.74686,41.97854],[-87.7475,41.97672],[-87.74758,41.97498],[-87.74745,41.97085],[-87.74721,41.96813],[-87.7472,41.96584],[-87.74708,41.96438],[-87.74678,41.96438],[-87.74666,41.96439],[-87.74659,41.96439],[-87.74585,41.96439],[-87.74558,41.9644],[-87.74541,41.9644],[-87.74476,41.96441],[-87.74409,41.96441],[-87.74272,41.96443],[-87.74238,41.96443],[-87.74197,41.96444],[-87.74099,41.96445],[-87.74015,41.96446],[-87.73924,41.96447],[-87.73855,41.96448],[-87.73779,41.96448],[-87.73712,41.96449],[-87.73644,41.9645],[-87.73576,41.96451],[-87.73576,41.9646],[-87.73578,41.96511],[-87.73499,41.96458]]]},"properties":{"level":"es","grades":"K–8","id":"610111","name":"John Palmer Elementary School","url":"https://www.cps.edu/schools/schoolprofiles/610111","x":-87.73921,"y":41.97329}},{"type":"Feature","geometry":{"type":"Polygon","coordinates":[[[-87.60797,41.76583],[-87.60981,41.76715],[-87.61047,41.76764],[-87.61088,41.76793],[-87.61151,41.76838],[-87.61235,41.76898],[-87.61263,41.76918],[-87.61387,41.77008],[-87.61423,41.77034],[-87.61452,41.77055],[-87.61503,41.77091],[-87.61527,41.77108],[-87.61541,41.77119],[-87.6154,41.77097],[-87.61539,41.77071],[-87.61539,41.77046],[-87.61537,41.76992],[-87.61535,41.76934],[-87.61697,41.76931],[-87.61757,41.7693],[-87.61786,41.76929],[-87.61834,41.76929],[-87.61857,41.76907],[-87.61852,41.76747],[-87.61844,41.76382],[-87.61525,41.76388],[-87.61517,41.76023],[-87.61454,41.76024],[-87.61425,41.76025],[-87.61371,41.76026],[-87.61309,41.76027],[-87.61251,41.76028],[-87.61211,41.76029],[-87.61151,41.7603],[-87.6109,41.76031],[-87.61031,41.76056],[-87.61032,41.76096],[-87.61032,41.76121],[-87.61033,41.76168],[-87.61034,41.76215],[-87.61007,41.76215],[-87.60971,41.76216],[-87.60852,41.76218],[-87.60793,41.76219],[-87.60732,41.7622],[-87.60715,41.7622],[-87.60667,41.76221],[-87.60612,41.76222],[-87.60583,41.76222],[-87.60549,41.76223],[-87.60413,41.76225],[-87.60393,41.76225],[-87.60324,41.76225],[-87.60311,41.76226],[-87.60299,41.76226],[-87.60553,41.76407],[-87.60797,41.76583]]]},"properties":{"level":"es","grades":"K–8","id":"610115","name":"Park Manor Elementary School","url":"https://www.cps.edu/schools/schoolprofiles/610115","x":-87.61155,"y":41.76648}},{"type":"Feature","geometry":{"type":"Polygon","coordinates":[[[-87.58135,41.77089],[-87.58136,41.7712],[-87.58137,41.77172],[-87.5814,41.77265],[-87.58141,41.77339],[-87.5863,41.77334],[-87.58623,41.76954],[-87.58638,41.76865],[-87.58632,41.76597],[-87.58617,41.76597],[-87.58592,41.76598],[-87.58535,41.76598],[-87.58477,41.76599],[-87.58446,41.76599],[-87.58399,41.766],[-87.58383,41.766],[-87.58331,41.76601],[-87.58245,41.76602],[-87.58223,41.76602],[-87.58123,41.76603],[-87.58123,41.76619],[-87.58124,41.76662],[-87.58126,41.76745],[-87.58126,41.76754],[-87.5813,41.76907],[-87.58132,41.76961],[-87.58132,41.76975],[-87.58133,41.77032],[-87.58134,41.77055],[-87.58135,41.77089]]]},"properties":{"level":"es","grades":"K–8","id":"610116","name":"Parkside Elementary Community Academy","url":"https://www.cps.edu/schools/schoolprofiles/610116","x":-87.58295,"y":41.76855}},{"type":"Feature","geometry":{"type":"Polygon","coordinates":[[[-87.71818,41.79056],[-87.71819,41.79088],[-87.7182,41.79101],[-87.7182,41.79108],[-87.71821,41.79134],[-87.71821,41.79157],[-87.71822,41.79191],[-87.71822,41.79192],[-87.71823,41.79226],[-87.71823,41.79231],[-87.71823,41.79232],[-87.71824,41.79233],[-87.71824,41.79236],[-87.71824,41.79241],[-87.71825,41.79275],[-87.71825,41.79288],[-87.71826,41.7932],[-87.71826,41.79327],[-87.71826,41.79328],[-87.71826,41.79341],[-87.71828,41.79422],[-87.7183,41.79484],[-87.71832,41.79551],[-87.71832,41.79565],[-87.71833,41.79583],[-87.71834,41.79612],[-87.71834,41.79627],[-87.71835,41.79667],[-87.71842,41.79904],[-87.71843,41.79915],[-87.71843,41.79944],[-87.71843,41.79961],[-87.71845,41.79995],[-87.71847,41.80062],[-87.71891,41.80061],[-87.71933,41.80061],[-87.7197,41.8006],[-87.72018,41.8006],[-87.72076,41.80059],[-87.72131,41.80058],[-87.72209,41.80057],[-87.72216,41.80057],[-87.7225,41.80043],[-87.72269,41.80036],[-87.72306,41.80021],[-87.72364,41.79999],[-87.72397,41.79986],[-87.72475,41.79956],[-87.72508,41.79942],[-87.72546,41.79927],[-87.72648,41.79887],[-87.72679,41.79874],[-87.72713,41.79861],[-87.7279,41.7983],[-87.7282,41.7982],[-87.72785,41.78589],[-87.72775,41.78224],[-87.7253,41.78227],[-87.7252,41.77863],[-87.72398,41.77864],[-87.7234,41.77865],[-87.72276,41.77866],[-87.72066,41.77869],[-87.71885,41.77872],[-87.71785,41.77873],[-87.71786,41.77909],[-87.71787,41.77944],[-87.71788,41.77964],[-87.71647,41.77967],[-87.71609,41.77967],[-87.71542,41.77968],[-87.71544,41.78026],[-87.71545,41.78059],[-87.71546,41.78105],[-87.71547,41.78131],[-87.7155,41.78224],[-87.71551,41.78266],[-87.71552,41.7829],[-87.71553,41.78332],[-87.71553,41.7835],[-87.71555,41.78404],[-87.71557,41.78473],[-87.71558,41.78514],[-87.71559,41.7856],[-87.7156,41.78574],[-87.7156,41.78579],[-87.7156,41.78596],[-87.7156,41.78605],[-87.71561,41.78616],[-87.71562,41.78632],[-87.71562,41.78653],[-87.71563,41.78667],[-87.71563,41.78691],[-87.71563,41.78696],[-87.71564,41.78713],[-87.71566,41.78773],[-87.71566,41.78777],[-87.71566,41.78787],[-87.71567,41.78808],[-87.71567,41.78821],[-87.71567,41.78837],[-87.71568,41.78868],[-87.71569,41.78878],[-87.71569,41.78901],[-87.7157,41.78937],[-87.7157,41.78945],[-87.71571,41.78969],[-87.71572,41.7898],[-87.71573,41.79023],[-87.71573,41.79037],[-87.71574,41.7905],[-87.71574,41.7906],[-87.71586,41.7906],[-87.71613,41.79059],[-87.71631,41.79059],[-87.71663,41.79058],[-87.7171,41.79058],[-87.71758,41.79057],[-87.71773,41.79057],[-87.7179,41.79056],[-87.71805,41.79056],[-87.71818,41.79056]]]},"properties":{"level":"es","grades":"K–4","id":"610120","name":"Ferdinand Peck Elementary School","url":"https://www.cps.edu/schools/schoolprofiles/610120","x":-87.71922,"y":41.7879}},{"type":"Feature","geometry":{"type":"Polygon","coordinates":[[[-87.66911,41.87545],[-87.66944,41.87543],[-87.66964,41.87543],[-87.67068,41.87545],[-87.67152,41.87545],[-87.67584,41.87538],[-87.67632,41.87538],[-87.6765,41.87537],[-87.67741,41.87537],[-87.68052,41.87533],[-87.68126,41.87533],[-87.68149,41.87534],[-87.68218,41.87534],[-87.68299,41.87533],[-87.68368,41.87533],[-87.68394,41.87532],[-87.686,41.87531],[-87.68625,41.87531],[-87.68625,41.87521],[-87.68626,41.87478],[-87.68604,41.86661],[-87.68599,41.86479],[-87.68395,41.86644],[-87.68359,41.86665],[-87.68095,41.86668],[-87.67889,41.86672],[-87.67851,41.86672],[-87.67768,41.86673],[-87.67731,41.86674],[-87.67704,41.86674],[-87.67694,41.86674],[-87.67669,41.86675],[-87.67625,41.86675],[-87.67135,41.86682],[-87.67159,41.8751],[-87.66911,41.87514],[-87.66911,41.87545]]]},"properties":{"level":"es","grades":"K–8","id":"610121","name":"Washington Irving Elementary School","url":"https://www.cps.edu/schools/schoolprofiles/610121","x":-87.68362,"y":41.87159}},{"type":"Feature","geometry":{"type":"Polygon","coordinates":[[[-87.66007,41.98362],[-87.66138,41.98443],[-87.66141,41.98574],[-87.66165,41.98577],[-87.66475,41.98767],[-87.66507,41.98773],[-87.66516,41.99086],[-87.66029,41.99092],[-87.66041,41.99455],[-87.67015,41.99444],[-87.66998,41.9897],[-87.67215,41.99078],[-87.67471,41.99076],[-87.6746,41.98679],[-87.6747,41.98653],[-87.67461,41.98336],[-87.67472,41.98333],[-87.67493,41.98332],[-87.67609,41.9833],[-87.67725,41.98328],[-87.67772,41.98327],[-87.67837,41.98326],[-87.67884,41.98326],[-87.67896,41.98326],[-87.6792,41.98327],[-87.67944,41.98323],[-87.67946,41.98322],[-87.67951,41.98316],[-87.67952,41.98298],[-87.6795,41.98247],[-87.6795,41.98222],[-87.6795,41.98219],[-87.6795,41.9821],[-87.67954,41.98193],[-87.67951,41.97967],[-87.67446,41.97975],[-87.67453,41.98066],[-87.67219,41.9807],[-87.67186,41.9807],[-87.67109,41.98072],[-87.67035,41.98073],[-87.66974,41.98074],[-87.66971,41.97972],[-87.66969,41.97891],[-87.66966,41.978],[-87.66965,41.97754],[-87.66962,41.97631],[-87.66961,41.97617],[-87.66842,41.97619],[-87.65987,41.97632],[-87.66007,41.98362]]]},"properties":{"level":"es","grades":"K–8","id":"610122","name":"Helen Peirce International Studies ES","url":"https://www.cps.edu/schools/schoolprofiles/610122","x":-87.66585,"y":41.98346}},{"type":"Feature","geometry":{"type":"Polygon","coordinates":[[[-87.72027,41.86215],[-87.72031,41.86217],[-87.72032,41.86223],[-87.72033,41.86246],[-87.72034,41.86258],[-87.72096,41.86257],[-87.72141,41.86256],[-87.72324,41.86254],[-87.72385,41.86253],[-87.72506,41.86252],[-87.72501,41.86069],[-87.72491,41.85705],[-87.72241,41.85707],[-87.72235,41.85502],[-87.7236,41.85501],[-87.72355,41.85342],[-87.7248,41.85341],[-87.72476,41.85155],[-87.7235,41.85157],[-87.72104,41.85247],[-87.71751,41.85368],[-87.71757,41.85507],[-87.71879,41.85505],[-87.71888,41.85893],[-87.71892,41.86076],[-87.72014,41.86075],[-87.72017,41.86212],[-87.72027,41.86215]]]},"properties":{"level":"es","grades":"K–8","id":"610123","name":"William Penn Elementary School","url":"https://www.cps.edu/schools/schoolprofiles/610123","x":-87.72239,"y":41.85837}},{"type":"Feature","geometry":{"type":"Polygon","coordinates":[[[-87.58688,41.72292],[-87.58739,41.72374],[-87.58878,41.72595],[-87.59558,41.73678],[-87.59689,41.73676],[-87.5978,41.73675],[-87.59878,41.73673],[-87.59915,41.73673],[-87.60042,41.73671],[-87.60072,41.73671],[-87.60036,41.73662],[-87.6016,41.73122],[-87.60243,41.73121],[-87.60222,41.73213],[-87.60471,41.73209],[-87.60469,41.73118],[-87.60468,41.73064],[-87.60466,41.72988],[-87.6049,41.72935],[-87.60652,41.72933],[-87.60748,41.72931],[-87.60839,41.72929],[-87.60932,41.72928],[-87.60949,41.72928],[-87.60941,41.72609],[-87.60919,41.72584],[-87.60973,41.72524],[-87.60669,41.72375],[-87.60557,41.72334],[-87.6035,41.72287],[-87.6011,41.72271],[-87.59442,41.72281],[-87.59022,41.72287],[-87.58708,41.72292],[-87.58688,41.72292]]]},"properties":{"level":"es","grades":"K–8","id":"610124","name":"Harold Washington Elementary School","url":"https://www.cps.edu/schools/schoolprofiles/610124","x":-87.59626,"y":41.72853}},{"type":"Feature","geometry":{"type":"Polygon","coordinates":[[[-87.67549,41.84159],[-87.67558,41.84229],[-87.6758,41.85067],[-87.67592,41.85493],[-87.67837,41.85489],[-87.67834,41.85398],[-87.68079,41.85393],[-87.68074,41.8521],[-87.68564,41.85203],[-87.68543,41.84457],[-87.68543,41.84453],[-87.68539,41.84387],[-87.68536,41.84342],[-87.68528,41.8412],[-87.68523,41.83938],[-87.68522,41.83907],[-87.68515,41.83839],[-87.68502,41.83787],[-87.68213,41.83876],[-87.68055,41.83928],[-87.67932,41.83969],[-87.67808,41.84009],[-87.67802,41.84011],[-87.67706,41.84055],[-87.67549,41.84159]]]},"properties":{"level":"es","grades":"K–8","id":"610125","name":"Irma C Ruiz Elementary School","url":"https://www.cps.edu/schools/schoolprofiles/610125","x":-87.68075,"y":41.8481}},{"type":"Feature","geometry":{"type":"Polygon","coordinates":[[[-87.60614,41.83852],[-87.60769,41.83858],[-87.61337,41.83847],[-87.63003,41.83826],[-87.62983,41.83097],[-87.62967,41.83097],[-87.62176,41.83106],[-87.61697,41.8311],[-87.61686,41.83115],[-87.61416,41.8312],[-87.61063,41.83119],[-87.60268,41.83127],[-87.60271,41.83135],[-87.60273,41.83149],[-87.60277,41.83177],[-87.60273,41.83206],[-87.6027,41.83233],[-87.6028,41.83247],[-87.60292,41.83272],[-87.60224,41.83338],[-87.60313,41.83284],[-87.60323,41.83291],[-87.60349,41.83301],[-87.60375,41.83302],[-87.60435,41.8332],[-87.60444,41.83326],[-87.60475,41.8336],[-87.60503,41.83442],[-87.60504,41.83444],[-87.60499,41.83466],[-87.60477,41.83461],[-87.60457,41.8349],[-87.60464,41.83507],[-87.60482,41.83522],[-87.60572,41.83623],[-87.60585,41.83644],[-87.60591,41.83665],[-87.60597,41.83687],[-87.60608,41.83735],[-87.60609,41.83746],[-87.60607,41.83783],[-87.60608,41.83799],[-87.60613,41.83848],[-87.60614,41.83852]]]},"properties":{"level":"es","grades":"K–8","id":"610126","name":"John J Pershing STEAM Magnet Elementary School","url":"https://www.cps.edu/schools/schoolprofiles/610126","x":-87.61834,"y":41.83653}},{"type":"Feature","geometry":{"type":"Polygon","coordinates":[[[-87.70954,41.99172],[-87.71016,41.99402],[-87.71051,41.99583],[-87.71067,41.99737],[-87.71103,41.99736],[-87.71168,41.99735],[-87.71173,41.99735],[-87.7121,41.99636],[-87.71401,41.99462],[-87.71411,41.99439],[-87.71398,41.99032],[-87.72864,41.99014],[-87.72863,41.98987],[-87.7286,41.98915],[-87.72859,41.98884],[-87.72858,41.9884],[-87.72857,41.98806],[-87.72855,41.98733],[-87.72854,41.98689],[-87.72854,41.98668],[-87.72853,41.98649],[-87.72852,41.98621],[-87.72852,41.9859],[-87.7285,41.98521],[-87.72848,41.98444],[-87.72844,41.98306],[-87.72842,41.9823],[-87.72833,41.9792],[-87.72833,41.97889],[-87.72829,41.97759],[-87.72826,41.97667],[-87.72825,41.97621],[-87.72825,41.97595],[-87.72823,41.97553],[-87.72736,41.97554],[-87.72677,41.97555],[-87.72525,41.97556],[-87.72432,41.97557],[-87.72395,41.97558],[-87.72354,41.97558],[-87.72336,41.97558],[-87.72127,41.97561],[-87.71968,41.97562],[-87.71831,41.97564],[-87.7178,41.97565],[-87.71662,41.97566],[-87.71599,41.97566],[-87.71528,41.97567],[-87.71458,41.97568],[-87.7137,41.97569],[-87.71327,41.9757],[-87.71313,41.9757],[-87.71267,41.9757],[-87.71223,41.97571],[-87.71159,41.97571],[-87.71112,41.97572],[-87.71042,41.97573],[-87.70946,41.97574],[-87.70868,41.97575],[-87.70807,41.97575],[-87.70754,41.97576],[-87.70698,41.97576],[-87.70521,41.97577],[-87.70473,41.97577],[-87.70475,41.97591],[-87.70476,41.97596],[-87.70479,41.97605],[-87.70482,41.9761],[-87.70483,41.97611],[-87.70481,41.97617],[-87.70487,41.97645],[-87.70492,41.97653],[-87.70493,41.97657],[-87.70494,41.97666],[-87.70502,41.97693],[-87.70506,41.97706],[-87.70509,41.97715],[-87.70512,41.97723],[-87.70514,41.97733],[-87.70519,41.97744],[-87.70522,41.97759],[-87.70522,41.97761],[-87.70523,41.97762],[-87.70524,41.97769],[-87.70528,41.97782],[-87.70531,41.97793],[-87.70533,41.97801],[-87.70534,41.97805],[-87.70536,41.97818],[-87.70541,41.97833],[-87.70542,41.9784],[-87.70546,41.97849],[-87.70548,41.97858],[-87.70551,41.97865],[-87.70568,41.97911],[-87.70571,41.97921],[-87.70576,41.97933],[-87.70577,41.97938],[-87.70581,41.97951],[-87.70585,41.9796],[-87.7059,41.97977],[-87.70591,41.97983],[-87.70596,41.97992],[-87.70597,41.98001],[-87.70599,41.98011],[-87.70599,41.98012],[-87.706,41.98017],[-87.70601,41.98019],[-87.70603,41.98029],[-87.70606,41.98035],[-87.70607,41.98041],[-87.7061,41.98048],[-87.70613,41.98055],[-87.70617,41.98065],[-87.7062,41.98071],[-87.70621,41.98075],[-87.70623,41.98085],[-87.70624,41.98088],[-87.70625,41.98095],[-87.70632,41.98112],[-87.70636,41.98119],[-87.70638,41.98127],[-87.70639,41.9813],[-87.70642,41.9814],[-87.70643,41.98144],[-87.70649,41.98165],[-87.7065,41.98175],[-87.70651,41.98179],[-87.70655,41.98187],[-87.70657,41.98191],[-87.7066,41.98201],[-87.70662,41.98205],[-87.70666,41.98213],[-87.70668,41.98218],[-87.7067,41.98232],[-87.70674,41.98251],[-87.70751,41.98495],[-87.70751,41.98517],[-87.70816,41.98704],[-87.70909,41.99038],[-87.70954,41.99172]]]},"properties":{"level":"es","grades":"K–8","id":"610127","name":"Mary Gage Peterson Elementary School","url":"https://www.cps.edu/schools/schoolprofiles/610127","x":-87.71258,"y":41.98156}},{"type":"Feature","geometry":{"type":"Polygon","coordinates":[[[-87.67839,41.85581],[-87.67848,41.85896],[-87.6787,41.85893],[-87.679,41.85889],[-87.67937,41.85883],[-87.67972,41.85878],[-87.68032,41.8587],[-87.6805,41.85866],[-87.68096,41.85857],[-87.68113,41.85852],[-87.68149,41.85843],[-87.68259,41.85814],[-87.68304,41.85802],[-87.68374,41.85784],[-87.68418,41.85777],[-87.68437,41.85775],[-87.68484,41.85767],[-87.68498,41.85764],[-87.6852,41.85759],[-87.6858,41.85741],[-87.68581,41.85741],[-87.6858,41.85734],[-87.68581,41.85732],[-87.68597,41.85729],[-87.68609,41.85726],[-87.68641,41.85719],[-87.68672,41.85712],[-87.68688,41.85708],[-87.68716,41.85702],[-87.68726,41.857],[-87.68745,41.85696],[-87.68768,41.85691],[-87.68785,41.85687],[-87.68806,41.85682],[-87.68839,41.85675],[-87.68833,41.8545],[-87.68821,41.85396],[-87.68815,41.85201],[-87.68564,41.85203],[-87.68074,41.8521],[-87.68079,41.85393],[-87.67834,41.85398],[-87.67837,41.85489],[-87.67839,41.85581]]]},"properties":{"level":"es","grades":"K–8","id":"610129","name":"Josiah Pickard Elementary School","url":"https://www.cps.edu/schools/schoolprofiles/610129","x":-87.68329,"y":41.8529}},{"type":"Feature","geometry":{"type":"Polygon","coordinates":[[[-87.60503,41.74397],[-87.60508,41.74563],[-87.6051,41.74624],[-87.60511,41.74687],[-87.60514,41.74763],[-87.60517,41.74878],[-87.60519,41.74934],[-87.6052,41.74969],[-87.60521,41.7502],[-87.60524,41.75112],[-87.60521,41.75129],[-87.60552,41.75128],[-87.60584,41.75127],[-87.6068,41.75126],[-87.60832,41.75123],[-87.60887,41.75122],[-87.60885,41.75072],[-87.60883,41.74984],[-87.60883,41.74964],[-87.6088,41.74847],[-87.60877,41.74757],[-87.60876,41.74711],[-87.60872,41.74574],[-87.60869,41.74474],[-87.60868,41.74429],[-87.60838,41.74391],[-87.60793,41.74392],[-87.60744,41.74393],[-87.60727,41.74347],[-87.60717,41.74298],[-87.60723,41.7429],[-87.60737,41.74206],[-87.60839,41.74204],[-87.60888,41.74203],[-87.60923,41.74203],[-87.60991,41.74206],[-87.61086,41.74205],[-87.61209,41.74203],[-87.61258,41.74202],[-87.61369,41.742],[-87.61385,41.742],[-87.61422,41.74199],[-87.61467,41.74198],[-87.61466,41.74153],[-87.61462,41.74016],[-87.61459,41.73902],[-87.61456,41.73786],[-87.61454,41.73711],[-87.61454,41.7368],[-87.61453,41.7365],[-87.61451,41.73606],[-87.61451,41.73605],[-87.6145,41.7356],[-87.61448,41.73468],[-87.61446,41.7341],[-87.61444,41.73331],[-87.61442,41.73245],[-87.6144,41.73149],[-87.61439,41.73135],[-87.61438,41.73076],[-87.61436,41.73011],[-87.61436,41.72994],[-87.61434,41.7292],[-87.61349,41.72921],[-87.61292,41.72922],[-87.61192,41.72924],[-87.6111,41.72925],[-87.60995,41.72927],[-87.60949,41.72928],[-87.60932,41.72928],[-87.60839,41.72929],[-87.60748,41.72931],[-87.60652,41.72933],[-87.6049,41.72935],[-87.60466,41.72988],[-87.60468,41.73064],[-87.60469,41.73118],[-87.60471,41.73209],[-87.60476,41.73391],[-87.60481,41.73619],[-87.60484,41.73739],[-87.60487,41.73846],[-87.60494,41.74065],[-87.60498,41.74211],[-87.60502,41.74347],[-87.60502,41.74364],[-87.60503,41.74397]]]},"properties":{"level":"es","grades":"K–6","id":"610130","name":"John T Pirie Fine Arts & Academic Center ES","url":"https://www.cps.edu/schools/schoolprofiles/610130","x":-87.60789,"y":41.74034}},{"type":"Feature","geometry":{"type":"Polygon","coordinates":[[[-87.6761,41.86102],[-87.67612,41.86152],[-87.67613,41.86199],[-87.67614,41.86225],[-87.67615,41.86335],[-87.67616,41.8637],[-87.67617,41.86403],[-87.67618,41.86422],[-87.67619,41.86454],[-87.6762,41.86494],[-87.6762,41.86521],[-87.67622,41.86566],[-87.67623,41.86613],[-87.67625,41.86662],[-87.67625,41.86675],[-87.67669,41.86675],[-87.67694,41.86674],[-87.67704,41.86674],[-87.67731,41.86674],[-87.67768,41.86673],[-87.67851,41.86672],[-87.67889,41.86672],[-87.68095,41.86668],[-87.68359,41.86665],[-87.68395,41.86644],[-87.68599,41.86479],[-87.68616,41.8647],[-87.69575,41.86132],[-87.69591,41.86651],[-87.69835,41.86648],[-87.70202,41.86644],[-87.70315,41.86625],[-87.70295,41.85911],[-87.70284,41.85545],[-87.69574,41.85556],[-87.69555,41.85515],[-87.69067,41.85624],[-87.69023,41.85634],[-87.6901,41.85637],[-87.68966,41.85647],[-87.68943,41.85652],[-87.6893,41.85655],[-87.68904,41.8566],[-87.68879,41.85666],[-87.68867,41.85669],[-87.68849,41.85673],[-87.68839,41.85675],[-87.68806,41.85682],[-87.68785,41.85687],[-87.68768,41.85691],[-87.68745,41.85696],[-87.68726,41.857],[-87.68716,41.85702],[-87.68688,41.85708],[-87.68672,41.85712],[-87.68641,41.85719],[-87.68609,41.85726],[-87.68597,41.85729],[-87.68581,41.85732],[-87.6858,41.85734],[-87.68581,41.85741],[-87.6858,41.85741],[-87.6852,41.85759],[-87.68498,41.85764],[-87.68484,41.85767],[-87.68437,41.85775],[-87.68418,41.85777],[-87.68374,41.85784],[-87.68304,41.85802],[-87.68259,41.85814],[-87.68149,41.85843],[-87.68113,41.85852],[-87.68096,41.85857],[-87.6805,41.85866],[-87.68032,41.8587],[-87.67972,41.85878],[-87.67937,41.85883],[-87.679,41.85889],[-87.6787,41.85893],[-87.67848,41.85896],[-87.67604,41.85931],[-87.67605,41.85952],[-87.67607,41.86],[-87.67609,41.86077],[-87.6761,41.86102]]]},"properties":{"level":"es","grades":"K–8","id":"610131","name":"Ambrose Plamondon Elementary School","url":"https://www.cps.edu/schools/schoolprofiles/610131","x":-87.69253,"y":41.86026}},{"type":"Feature","geometry":{"type":"Polygon","coordinates":[[[-87.71123,41.88836],[-87.71127,41.89002],[-87.71371,41.88999],[-87.71393,41.89731],[-87.71759,41.89727],[-87.72614,41.8972],[-87.72608,41.89537],[-87.72624,41.89537],[-87.72746,41.89534],[-87.72841,41.89532],[-87.72866,41.89532],[-87.72978,41.8953],[-87.73112,41.89527],[-87.7316,41.89527],[-87.73222,41.89526],[-87.73253,41.89525],[-87.73322,41.89524],[-87.73348,41.89523],[-87.73372,41.89522],[-87.73405,41.89522],[-87.73437,41.89521],[-87.73499,41.8952],[-87.73569,41.89519],[-87.73619,41.89518],[-87.73714,41.89517],[-87.7378,41.89515],[-87.73865,41.89514],[-87.73952,41.89512],[-87.74008,41.89511],[-87.74062,41.8951],[-87.7408,41.8951],[-87.74116,41.89509],[-87.74136,41.89509],[-87.74124,41.89509],[-87.74111,41.89154],[-87.74086,41.89155],[-87.74074,41.88767],[-87.73816,41.88763],[-87.73557,41.88766],[-87.73443,41.88768],[-87.73339,41.88769],[-87.73303,41.8877],[-87.73109,41.88772],[-87.73078,41.88773],[-87.7306,41.88773],[-87.729,41.88775],[-87.72832,41.88776],[-87.72734,41.88777],[-87.72587,41.88777],[-87.7258,41.88547],[-87.72092,41.8852],[-87.72092,41.88516],[-87.72091,41.88498],[-87.7209,41.88464],[-87.72089,41.88395],[-87.72085,41.88282],[-87.72083,41.88209],[-87.72081,41.88168],[-87.72078,41.88136],[-87.72076,41.88093],[-87.72075,41.88079],[-87.71101,41.88092],[-87.71112,41.88464],[-87.71602,41.88492],[-87.71603,41.88546],[-87.71604,41.88564],[-87.71604,41.88587],[-87.71609,41.88739],[-87.71364,41.88743],[-87.71365,41.88797],[-87.71366,41.88817],[-87.71366,41.88832],[-87.71317,41.88833],[-87.71294,41.88833],[-87.7127,41.88834],[-87.71238,41.88834],[-87.71224,41.88834],[-87.71172,41.88835],[-87.71154,41.88835],[-87.71123,41.88836]]]},"properties":{"level":"es","grades":"K–8","id":"610133","name":"Laura S Ward Elementary School","url":"https://www.cps.edu/schools/schoolprofiles/610133","x":-87.7188,"y":41.89324}},{"type":"Feature","geometry":{"type":"Polygon","coordinates":[[[-87.7606,41.9677],[-87.76062,41.96773],[-87.76075,41.96788],[-87.76136,41.96759],[-87.76279,41.96768],[-87.76356,41.96772],[-87.76502,41.9678],[-87.76501,41.96735],[-87.765,41.9672],[-87.76499,41.96686],[-87.76497,41.96595],[-87.76495,41.9653],[-87.76492,41.9644],[-87.7649,41.96392],[-87.76489,41.96355],[-87.76488,41.96308],[-87.76485,41.96238],[-87.76558,41.96237],[-87.7673,41.96235],[-87.76726,41.96094],[-87.76759,41.96048],[-87.76847,41.96047],[-87.7694,41.96046],[-87.77017,41.96044],[-87.77185,41.96042],[-87.77213,41.96042],[-87.77212,41.96014],[-87.77211,41.95975],[-87.7721,41.95951],[-87.77209,41.95905],[-87.77207,41.95859],[-87.77203,41.95722],[-87.77201,41.95686],[-87.77201,41.9566],[-87.77196,41.95506],[-87.77194,41.95471],[-87.7719,41.95336],[-87.77189,41.95312],[-87.767,41.95318],[-87.76697,41.95224],[-87.76451,41.95232],[-87.76204,41.9523],[-87.74729,41.95247],[-87.7473,41.95342],[-87.74292,41.95347],[-87.74279,41.95398],[-87.74287,41.95713],[-87.74341,41.95906],[-87.74384,41.95971],[-87.74474,41.96076],[-87.74353,41.96077],[-87.74528,41.96177],[-87.74608,41.96237],[-87.74674,41.96326],[-87.74708,41.96438],[-87.74725,41.96438],[-87.7478,41.96436],[-87.7479,41.96437],[-87.74806,41.96437],[-87.74837,41.96437],[-87.74911,41.96436],[-87.74939,41.96435],[-87.7503,41.96434],[-87.75156,41.96433],[-87.75191,41.96432],[-87.75236,41.96432],[-87.75293,41.96431],[-87.75343,41.9643],[-87.75412,41.96429],[-87.75497,41.96428],[-87.75671,41.96426],[-87.75688,41.96425],[-87.7574,41.964],[-87.75759,41.96422],[-87.75805,41.96476],[-87.75842,41.96519],[-87.75874,41.96555],[-87.75904,41.96589],[-87.75937,41.96627],[-87.75968,41.96663],[-87.76009,41.96711],[-87.7606,41.9677]]]},"properties":{"level":"es","grades":"K–8","id":"610135","name":"Portage Park Elementary School","url":"https://www.cps.edu/schools/schoolprofiles/610135","x":-87.76101,"y":41.95699}},{"type":"Feature","geometry":{"type":"Polygon","coordinates":[[[-87.67448,41.92507],[-87.66457,41.9252],[-87.66464,41.92701],[-87.66217,41.92705],[-87.66223,41.92887],[-87.66104,41.92889],[-87.66116,41.93343],[-87.66117,41.93379],[-87.6612,41.93434],[-87.66181,41.93433],[-87.6627,41.93431],[-87.66362,41.9343],[-87.66359,41.93339],[-87.66395,41.93338],[-87.66428,41.93338],[-87.66602,41.93335],[-87.66707,41.93333],[-87.66773,41.93332],[-87.66843,41.93331],[-87.66903,41.9333],[-87.6698,41.93329],[-87.67086,41.93328],[-87.67085,41.93295],[-87.67084,41.93282],[-87.67083,41.93237],[-87.67131,41.93237],[-87.67238,41.93235],[-87.67299,41.93235],[-87.67327,41.93234],[-87.67336,41.93234],[-87.67356,41.93234],[-87.67381,41.93234],[-87.67566,41.93232],[-87.67637,41.93231],[-87.67746,41.93229],[-87.67814,41.93228],[-87.67813,41.93188],[-87.67819,41.93144],[-87.67822,41.93123],[-87.67827,41.93093],[-87.6783,41.93072],[-87.67831,41.93064],[-87.67832,41.93028],[-87.6783,41.92978],[-87.67829,41.92921],[-87.67817,41.92858],[-87.6781,41.92809],[-87.67652,41.92759],[-87.67586,41.92724],[-87.67475,41.92643],[-87.67451,41.92574],[-87.67448,41.92507]]]},"properties":{"level":"es","grades":"K–8","id":"610136","name":"William H Prescott Elementary School","url":"https://www.cps.edu/schools/schoolprofiles/610136","x":-87.66953,"y":41.92884}},{"type":"Feature","geometry":{"type":"Polygon","coordinates":[[[-87.76075,41.96788],[-87.76146,41.96871],[-87.76207,41.96884],[-87.76756,41.97033],[-87.7676,41.97145],[-87.76855,41.9717],[-87.76848,41.97568],[-87.76932,41.97568],[-87.77696,41.97567],[-87.77702,41.97285],[-87.77845,41.97323],[-87.78184,41.97434],[-87.78196,41.96755],[-87.78201,41.96471],[-87.77838,41.96476],[-87.7783,41.96213],[-87.77708,41.96215],[-87.77702,41.96035],[-87.77213,41.96042],[-87.77185,41.96042],[-87.77017,41.96044],[-87.7694,41.96046],[-87.76847,41.96047],[-87.76759,41.96048],[-87.76726,41.96094],[-87.7673,41.96235],[-87.76558,41.96237],[-87.76485,41.96238],[-87.76488,41.96308],[-87.76489,41.96355],[-87.7649,41.96392],[-87.76492,41.9644],[-87.76495,41.9653],[-87.76497,41.96595],[-87.76499,41.96686],[-87.765,41.9672],[-87.76501,41.96735],[-87.76502,41.9678],[-87.76356,41.96772],[-87.76279,41.96768],[-87.76136,41.96759],[-87.76075,41.96788]]]},"properties":{"level":"es","grades":"K–8","id":"610137","name":"Ernst Prussing Elementary School","url":"https://www.cps.edu/schools/schoolprofiles/610137","x":-87.77241,"y":41.96562}},{"type":"Feature","geometry":{"type":"Polygon","coordinates":[[[-87.57185,41.66227],[-87.57544,41.66284],[-87.57532,41.66918],[-87.57533,41.67251],[-87.57542,41.67788],[-87.57549,41.68079],[-87.57559,41.68142],[-87.57641,41.68445],[-87.57646,41.68521],[-87.57655,41.69321],[-87.5765,41.69494],[-87.57678,41.69575],[-87.57782,41.69732],[-87.59532,41.69683],[-87.5957,41.69682],[-87.5959,41.69681],[-87.59621,41.69681],[-87.60607,41.69653],[-87.60901,41.69644],[-87.60954,41.69644],[-87.61037,41.69276],[-87.61367,41.69274],[-87.61826,41.69265],[-87.61964,41.69263],[-87.61958,41.69081],[-87.61822,41.69083],[-87.61807,41.686],[-87.61797,41.68477],[-87.61792,41.68153],[-87.61679,41.68096],[-87.61653,41.68059],[-87.61607,41.6806],[-87.61501,41.67998],[-87.61369,41.67874],[-87.61444,41.67543],[-87.61567,41.67006],[-87.61573,41.66979],[-87.61596,41.66879],[-87.61606,41.66832],[-87.61632,41.6672],[-87.61652,41.66629],[-87.61675,41.66529],[-87.61687,41.66474],[-87.61713,41.66361],[-87.61772,41.661],[-87.61794,41.66003],[-87.61815,41.65911],[-87.6173,41.6591],[-87.61646,41.65911],[-87.61259,41.65913],[-87.61073,41.65913],[-87.61004,41.65913],[-87.60839,41.65914],[-87.60808,41.65914],[-87.60759,41.65914],[-87.60754,41.65914],[-87.60621,41.65915],[-87.60546,41.65914],[-87.60341,41.65915],[-87.60213,41.65916],[-87.60043,41.65921],[-87.59963,41.65926],[-87.59854,41.65934],[-87.59771,41.65945],[-87.5961,41.65969],[-87.59531,41.65983],[-87.59487,41.6599],[-87.59445,41.65995],[-87.59382,41.66007],[-87.59306,41.66019],[-87.59212,41.66029],[-87.59141,41.66036],[-87.59113,41.66038],[-87.5901,41.66039],[-87.58998,41.66039],[-87.58917,41.66039],[-87.589,41.66039],[-87.58852,41.66039],[-87.58663,41.66034],[-87.58537,41.66012],[-87.58334,41.65949],[-87.58243,41.65931],[-87.58159,41.65922],[-87.58049,41.6592],[-87.57979,41.65919],[-87.57858,41.65919],[-87.57745,41.65919],[-87.57677,41.65919],[-87.57635,41.6592],[-87.5731,41.6592],[-87.57256,41.6592],[-87.57254,41.65947],[-87.57198,41.66106],[-87.57185,41.66227]]]},"properties":{"level":"es","grades":"K–8","id":"610139","name":"George M Pullman Elementary School","url":"https://www.cps.edu/schools/schoolprofiles/610139","x":-87.60943,"y":41.68882}},{"type":"Feature","geometry":{"type":"Polygon","coordinates":[[[-87.66447,41.95796],[-87.66451,41.95803],[-87.66479,41.95867],[-87.665,41.95918],[-87.66508,41.95938],[-87.66519,41.95963],[-87.66531,41.95995],[-87.66545,41.9603],[-87.66561,41.96073],[-87.66567,41.96088],[-87.66579,41.96118],[-87.66595,41.96163],[-87.66712,41.96708],[-87.66922,41.96705],[-87.6694,41.96705],[-87.66959,41.96705],[-87.67255,41.96702],[-87.67251,41.96519],[-87.67462,41.96516],[-87.67452,41.96152],[-87.67465,41.96152],[-87.67585,41.9615],[-87.67618,41.96149],[-87.67795,41.96147],[-87.6783,41.96147],[-87.67861,41.96146],[-87.67896,41.96146],[-87.67895,41.96122],[-87.67895,41.96092],[-87.67895,41.96081],[-87.67893,41.96006],[-87.67892,41.95963],[-87.67891,41.95941],[-87.6789,41.95909],[-87.67887,41.95816],[-87.67887,41.95781],[-87.67852,41.95781],[-87.67749,41.95782],[-87.67643,41.95784],[-87.67638,41.95602],[-87.67427,41.95605],[-87.67421,41.95422],[-87.66905,41.95429],[-87.6691,41.95613],[-87.66415,41.95619],[-87.6635,41.9564],[-87.66426,41.95762],[-87.66447,41.95796]]]},"properties":{"level":"es","grades":"K–8","id":"610141","name":"Ravenswood Elementary School","url":"https://www.cps.edu/schools/schoolprofiles/610141","x":-87.67092,"y":41.96075}},{"type":"Feature","geometry":{"type":"Polygon","coordinates":[[[-87.58663,41.7879],[-87.58913,41.78788],[-87.58897,41.78872],[-87.58902,41.79132],[-87.58894,41.79157],[-87.58899,41.79335],[-87.58794,41.79336],[-87.58764,41.79467],[-87.58726,41.79723],[-87.5873,41.79956],[-87.58738,41.79956],[-87.58779,41.79956],[-87.58803,41.79955],[-87.58822,41.79955],[-87.58861,41.79955],[-87.58996,41.79953],[-87.59014,41.79953],[-87.59044,41.79953],[-87.59069,41.79952],[-87.59126,41.79952],[-87.5923,41.79951],[-87.59266,41.7995],[-87.5945,41.79948],[-87.59503,41.79947],[-87.59588,41.79946],[-87.59664,41.79946],[-87.59661,41.79799],[-87.59815,41.79797],[-87.5981,41.79505],[-87.60622,41.79497],[-87.60622,41.79443],[-87.60621,41.79413],[-87.6062,41.79376],[-87.60616,41.79163],[-87.60616,41.79162],[-87.60615,41.79133],[-87.60614,41.79064],[-87.60612,41.78945],[-87.60611,41.78929],[-87.60611,41.78887],[-87.60609,41.78842],[-87.60608,41.7877],[-87.60606,41.78733],[-87.60604,41.78587],[-87.60531,41.78588],[-87.60471,41.78589],[-87.60443,41.78589],[-87.60389,41.7859],[-87.60344,41.7859],[-87.60238,41.78592],[-87.6015,41.78593],[-87.60055,41.78593],[-87.59984,41.78594],[-87.59941,41.78595],[-87.59904,41.78595],[-87.59825,41.78596],[-87.59795,41.78596],[-87.59746,41.78597],[-87.59726,41.78597],[-87.59711,41.78597],[-87.59633,41.78601],[-87.59623,41.78602],[-87.59564,41.78606],[-87.59522,41.78606],[-87.59346,41.78608],[-87.59263,41.78608],[-87.5918,41.78609],[-87.59147,41.7861],[-87.59095,41.7861],[-87.58945,41.78612],[-87.58844,41.78612],[-87.58797,41.78613],[-87.58732,41.78613],[-87.5866,41.78614],[-87.5866,41.78628],[-87.58661,41.78669],[-87.58661,41.78715],[-87.58663,41.78766],[-87.58663,41.7879]]]},"properties":{"level":"es","grades":"K–8","id":"610142","name":"William H Ray Elementary School","url":"https://www.cps.edu/schools/schoolprofiles/610142","x":-87.59475,"y":41.79235}},{"type":"Feature","geometry":{"type":"Polygon","coordinates":[[[-87.60635,41.80043],[-87.60394,41.80047],[-87.60395,41.80084],[-87.59977,41.80089],[-87.59981,41.80233],[-87.59913,41.80234],[-87.59914,41.80278],[-87.59915,41.80314],[-87.59917,41.80416],[-87.59917,41.80459],[-87.59918,41.805],[-87.5992,41.80598],[-87.59922,41.80682],[-87.59922,41.80731],[-87.59924,41.80815],[-87.59925,41.80888],[-87.59926,41.80911],[-87.59926,41.80949],[-87.59927,41.80961],[-87.59983,41.80961],[-87.60041,41.8096],[-87.60137,41.80959],[-87.60201,41.80958],[-87.60234,41.80958],[-87.6031,41.80957],[-87.6039,41.80956],[-87.60437,41.80956],[-87.60525,41.80955],[-87.60546,41.80955],[-87.60596,41.80954],[-87.60614,41.80954],[-87.60657,41.80953],[-87.60695,41.80953],[-87.60723,41.80952],[-87.60899,41.8095],[-87.60891,41.80586],[-87.61137,41.80582],[-87.61129,41.80217],[-87.60677,41.80224],[-87.60641,41.80225],[-87.60639,41.8017],[-87.60638,41.80138],[-87.60636,41.80088],[-87.60635,41.80043]]]},"properties":{"level":"es","grades":"K–8","id":"610143","name":"William C Reavis Math & Science Specialty ES","url":"https://www.cps.edu/schools/schoolprofiles/610143","x":-87.60492,"y":41.80417}},{"type":"Feature","geometry":{"type":"Polygon","coordinates":[[[-87.59099,41.76602],[-87.59115,41.76662],[-87.59338,41.7689],[-87.59238,41.77327],[-87.60577,41.77314],[-87.60575,41.77228],[-87.60574,41.77174],[-87.60573,41.77132],[-87.60571,41.77053],[-87.6057,41.77004],[-87.60568,41.7695],[-87.60567,41.76885],[-87.60566,41.7685],[-87.60565,41.76802],[-87.60564,41.76758],[-87.60562,41.76685],[-87.6056,41.76639],[-87.60559,41.76587],[-87.60555,41.76515],[-87.60555,41.76513],[-87.60554,41.76471],[-87.60554,41.76467],[-87.60554,41.76453],[-87.60554,41.7644],[-87.60553,41.76419],[-87.60553,41.76407],[-87.60299,41.76226],[-87.60196,41.76151],[-87.60175,41.76136],[-87.60018,41.76024],[-87.59999,41.7601],[-87.59912,41.75947],[-87.59903,41.7594],[-87.59832,41.75888],[-87.598,41.75865],[-87.59793,41.7586],[-87.59741,41.75823],[-87.5961,41.7573],[-87.59603,41.75725],[-87.59445,41.76417],[-87.59094,41.7642],[-87.59099,41.76602]]]},"properties":{"level":"es","grades":"K–8","id":"610146","name":"Paul Revere Elementary School","url":"https://www.cps.edu/schools/schoolprofiles/610146","x":-87.60018,"y":41.7642}},{"type":"Feature","geometry":{"type":"Polygon","coordinates":[[[-87.69018,42.01913],[-87.69017,42.01953],[-87.69034,42.01953],[-87.69044,42.01952],[-87.69267,42.01948],[-87.69316,42.01947],[-87.69345,42.01946],[-87.69569,42.01941],[-87.69579,42.01941],[-87.69637,42.0194],[-87.69645,42.0194],[-87.69709,42.01938],[-87.69736,42.01938],[-87.6982,42.01936],[-87.69878,42.01935],[-87.69941,42.01933],[-87.6998,42.01932],[-87.70017,42.01931],[-87.70051,42.0193],[-87.70171,42.01928],[-87.70194,42.01928],[-87.70213,42.01927],[-87.70414,42.01923],[-87.70431,42.01923],[-87.7048,42.01923],[-87.70501,42.01922],[-87.70591,42.0192],[-87.70655,42.01919],[-87.7069,42.01918],[-87.7073,42.01917],[-87.70809,42.01916],[-87.70831,42.01915],[-87.70852,42.01915],[-87.70868,42.01847],[-87.70868,42.01822],[-87.7087,42.01754],[-87.70873,42.01622],[-87.70874,42.01571],[-87.70875,42.0155],[-87.70877,42.01471],[-87.70877,42.01451],[-87.70879,42.0144],[-87.7089,42.01392],[-87.709,42.01349],[-87.70903,42.01309],[-87.70904,42.01291],[-87.70904,42.01266],[-87.70906,42.01186],[-87.70445,42.01196],[-87.70449,42.01016],[-87.69975,42.01027],[-87.69976,42.00936],[-87.69497,42.00946],[-87.69498,42.01037],[-87.69021,42.01046],[-87.69022,42.01093],[-87.69022,42.01122],[-87.69023,42.01137],[-87.69025,42.01212],[-87.69024,42.01331],[-87.69023,42.0142],[-87.69022,42.01566],[-87.69022,42.0158],[-87.69021,42.01606],[-87.69018,42.01913]]]},"properties":{"level":"es","grades":"K–8","id":"610147","name":"Philip Rogers Elementary School","url":"https://www.cps.edu/schools/schoolprofiles/610147","x":-87.69719,"y":42.01526}},{"type":"Feature","geometry":{"type":"Polygon","coordinates":[[[-87.66482,41.80314],[-87.66488,41.80515],[-87.66489,41.8057],[-87.6649,41.80592],[-87.66492,41.80662],[-87.66492,41.80689],[-87.66495,41.80774],[-87.66497,41.80843],[-87.66497,41.8086],[-87.66983,41.80856],[-87.66978,41.80674],[-87.67099,41.80672],[-87.67095,41.80491],[-87.66852,41.80493],[-87.66847,41.80311],[-87.66726,41.80312],[-87.66721,41.8013],[-87.66656,41.8013],[-87.66621,41.8013],[-87.6654,41.80131],[-87.66478,41.80132],[-87.66482,41.80314]]]},"properties":{"level":"es","grades":"K–8","id":"610148","name":"Cesar E Chavez Multicultural Academic Center ES","url":"https://www.cps.edu/schools/schoolprofiles/610148","x":-87.66604,"y":41.80714}},{"type":"Feature","geometry":{"type":"Polygon","coordinates":[[[-87.61008,41.7512],[-87.61021,41.75667],[-87.61508,41.75658],[-87.6151,41.75726],[-87.61511,41.7577],[-87.61512,41.758],[-87.61512,41.75841],[-87.61993,41.75832],[-87.61989,41.7565],[-87.62633,41.75636],[-87.62621,41.75457],[-87.62656,41.75456],[-87.62711,41.75455],[-87.62711,41.75435],[-87.6271,41.75422],[-87.62709,41.75375],[-87.62709,41.75353],[-87.62704,41.75102],[-87.62703,41.75091],[-87.62652,41.75094],[-87.62582,41.75093],[-87.6254,41.75094],[-87.62539,41.75094],[-87.62497,41.75094],[-87.62473,41.75095],[-87.62455,41.75096],[-87.62438,41.74548],[-87.61639,41.74561],[-87.61482,41.74564],[-87.61483,41.74585],[-87.61484,41.74656],[-87.61487,41.7473],[-87.61462,41.74747],[-87.61442,41.74747],[-87.61413,41.74748],[-87.61361,41.74748],[-87.61246,41.7475],[-87.6124,41.7475],[-87.6125,41.75116],[-87.61008,41.7512]]]},"properties":{"level":"es","grades":"K–8","id":"610152","name":"Martha Ruggles Elementary School","url":"https://www.cps.edu/schools/schoolprofiles/610152","x":-87.61807,"y":41.75195}},{"type":"Feature","geometry":{"type":"Polygon","coordinates":[[[-87.63271,41.73597],[-87.63262,41.73643],[-87.63447,41.7364],[-87.63493,41.73714],[-87.63498,41.7376],[-87.63555,41.73836],[-87.63661,41.73953],[-87.6373,41.74067],[-87.63765,41.74186],[-87.63734,41.74251],[-87.63769,41.74347],[-87.64383,41.74336],[-87.64365,41.73731],[-87.64497,41.73658],[-87.64517,41.73605],[-87.64503,41.73605],[-87.64776,41.72871],[-87.64706,41.72872],[-87.64633,41.72926],[-87.64576,41.7295],[-87.64477,41.72967],[-87.64344,41.72968],[-87.64341,41.72877],[-87.63513,41.72888],[-87.63393,41.72887],[-87.63385,41.72981],[-87.62647,41.72991],[-87.62904,41.73262],[-87.63097,41.7345],[-87.63272,41.73597],[-87.63271,41.73597]]]},"properties":{"level":"es","grades":"K–8","id":"610153","name":"William H Ryder Math & Science Specialty ES","url":"https://www.cps.edu/schools/schoolprofiles/610153","x":-87.63884,"y":41.73538}},{"type":"Feature","geometry":{"type":"Polygon","coordinates":[[[-87.72891,41.99724],[-87.73,41.99724],[-87.73378,41.99724],[-87.7365,41.99725],[-87.73673,41.99725],[-87.73691,41.99725],[-87.73708,41.99725],[-87.73754,41.99725],[-87.73842,41.99725],[-87.73859,41.99725],[-87.73864,41.99725],[-87.73921,41.99725],[-87.73985,41.99725],[-87.74349,41.99727],[-87.74364,41.99727],[-87.74471,41.99727],[-87.74681,41.99728],[-87.74714,41.99728],[-87.74766,41.99729],[-87.74816,41.99729],[-87.74907,41.99729],[-87.75022,41.99729],[-87.75025,41.9972],[-87.75039,41.99684],[-87.75043,41.99674],[-87.75081,41.99536],[-87.75098,41.9943],[-87.75105,41.99312],[-87.75126,41.99136],[-87.75144,41.98886],[-87.75155,41.98801],[-87.75149,41.98691],[-87.75128,41.98617],[-87.75071,41.98515],[-87.74946,41.98372],[-87.74821,41.98234],[-87.74811,41.97898],[-87.74678,41.979],[-87.72833,41.9792],[-87.72842,41.9823],[-87.72844,41.98306],[-87.72848,41.98444],[-87.7285,41.98521],[-87.72852,41.9859],[-87.72852,41.98621],[-87.72853,41.98649],[-87.72854,41.98668],[-87.72854,41.98689],[-87.72855,41.98733],[-87.72857,41.98806],[-87.72858,41.9884],[-87.72859,41.98884],[-87.7286,41.98915],[-87.72863,41.98987],[-87.72864,41.99014],[-87.72867,41.9903],[-87.72886,41.9913],[-87.72887,41.9915],[-87.72887,41.99224],[-87.72888,41.99259],[-87.72888,41.99345],[-87.72889,41.99419],[-87.72889,41.99452],[-87.72889,41.99515],[-87.7289,41.99546],[-87.7289,41.99577],[-87.72891,41.99698],[-87.72891,41.99724]]]},"properties":{"level":"es","grades":"K–8","id":"610155","name":"Sauganash Elementary School","url":"https://www.cps.edu/schools/schoolprofiles/610155","x":-87.74595,"y":41.99117}},{"type":"Feature","geometry":{"type":"Polygon","coordinates":[[[-87.70387,41.80456],[-87.71246,41.80444],[-87.71324,41.80497],[-87.71377,41.80565],[-87.71378,41.804],[-87.71377,41.80375],[-87.71375,41.80247],[-87.71373,41.80182],[-87.71373,41.80165],[-87.71371,41.80081],[-87.7135,41.80069],[-87.71363,41.8006],[-87.71363,41.80056],[-87.71362,41.80055],[-87.71362,41.80036],[-87.71361,41.8001],[-87.7136,41.7997],[-87.7136,41.79954],[-87.71359,41.79931],[-87.71358,41.79917],[-87.71358,41.7991],[-87.71358,41.79896],[-87.71357,41.79873],[-87.71357,41.7986],[-87.71356,41.79847],[-87.71356,41.79817],[-87.71355,41.79795],[-87.71354,41.79773],[-87.71354,41.79752],[-87.71353,41.79728],[-87.71352,41.79703],[-87.71352,41.79702],[-87.71352,41.79683],[-87.7135,41.79637],[-87.7135,41.79616],[-87.71349,41.79588],[-87.71348,41.79558],[-87.71348,41.7955],[-87.71347,41.79515],[-87.71346,41.79493],[-87.71346,41.79482],[-87.71345,41.79454],[-87.71342,41.79338],[-87.71342,41.79336],[-87.71338,41.79336],[-87.71311,41.79337],[-87.71299,41.79337],[-87.71225,41.79338],[-87.71203,41.79338],[-87.71177,41.79339],[-87.71103,41.7934],[-87.71036,41.79341],[-87.71004,41.79342],[-87.70987,41.79342],[-87.70968,41.79342],[-87.70945,41.79343],[-87.70905,41.79343],[-87.70858,41.79344],[-87.7078,41.79345],[-87.70724,41.79346],[-87.70723,41.79346],[-87.70717,41.79346],[-87.70683,41.79347],[-87.70613,41.79348],[-87.70591,41.79348],[-87.70502,41.79349],[-87.70468,41.7935],[-87.70417,41.7935],[-87.70355,41.79351],[-87.70294,41.79353],[-87.70286,41.79353],[-87.70219,41.79354],[-87.70098,41.79356],[-87.70013,41.79358],[-87.6988,41.7936],[-87.69871,41.7936],[-87.69857,41.79361],[-87.698,41.79362],[-87.69746,41.79363],[-87.69747,41.79384],[-87.69747,41.79408],[-87.69749,41.79475],[-87.69751,41.79545],[-87.69634,41.79547],[-87.69629,41.79547],[-87.69644,41.80095],[-87.69522,41.80097],[-87.694,41.80099],[-87.69409,41.80418],[-87.69532,41.80425],[-87.70386,41.80408],[-87.70386,41.8041],[-87.70386,41.80411],[-87.70386,41.80416],[-87.70387,41.80456]]]},"properties":{"level":"es","grades":"K–8","id":"610157","name":"Sidney Sawyer Elementary School","url":"https://www.cps.edu/schools/schoolprofiles/610157","x":-87.70501,"y":41.7975}},{"type":"Feature","geometry":{"type":"Polygon","coordinates":[[[-87.79241,41.92362],[-87.80321,41.92354],[-87.80626,41.92401],[-87.80624,41.92359],[-87.80623,41.92346],[-87.80623,41.92337],[-87.80623,41.92309],[-87.80622,41.92282],[-87.80622,41.92274],[-87.8062,41.92229],[-87.80618,41.92157],[-87.80617,41.92129],[-87.80616,41.92094],[-87.80616,41.9209],[-87.80615,41.92075],[-87.80613,41.92022],[-87.80613,41.92007],[-87.80611,41.91959],[-87.80611,41.91937],[-87.80609,41.91875],[-87.80608,41.91837],[-87.80607,41.91816],[-87.80606,41.91778],[-87.80604,41.91721],[-87.80602,41.91665],[-87.80599,41.91553],[-87.80598,41.91537],[-87.80597,41.91492],[-87.80595,41.91445],[-87.80594,41.91421],[-87.80593,41.91387],[-87.80592,41.91344],[-87.80591,41.91311],[-87.8059,41.91275],[-87.80588,41.9122],[-87.80587,41.91187],[-87.80586,41.91156],[-87.80585,41.91126],[-87.80583,41.91071],[-87.8058,41.91023],[-87.8058,41.91015],[-87.80579,41.90991],[-87.80577,41.90942],[-87.80577,41.90935],[-87.80575,41.90884],[-87.80394,41.90889],[-87.80289,41.90892],[-87.80254,41.90893],[-87.80228,41.90893],[-87.80211,41.90893],[-87.80188,41.90894],[-87.80176,41.90894],[-87.80174,41.90894],[-87.80132,41.90894],[-87.80093,41.90894],[-87.80046,41.90895],[-87.80011,41.90895],[-87.79931,41.90897],[-87.7992,41.90897],[-87.79908,41.90897],[-87.79866,41.90897],[-87.79814,41.90898],[-87.79793,41.90898],[-87.79788,41.90899],[-87.79781,41.90899],[-87.79756,41.90899],[-87.79675,41.909],[-87.79655,41.909],[-87.79641,41.90901],[-87.7964,41.90901],[-87.79487,41.90903],[-87.79467,41.90903],[-87.79316,41.90905],[-87.79315,41.90905],[-87.79234,41.90906],[-87.79188,41.90907],[-87.79128,41.90907],[-87.79112,41.90908],[-87.7899,41.90909],[-87.79012,41.91626],[-87.79021,41.91637],[-87.79501,41.91631],[-87.79511,41.91928],[-87.79517,41.92117],[-87.79233,41.9212],[-87.79241,41.92362]]]},"properties":{"level":"es","grades":"K–8","id":"610158","name":"Harriet E Sayre Elementary Language Academy","url":"https://www.cps.edu/schools/schoolprofiles/610158","x":-87.79872,"y":41.91415}},{"type":"Feature","geometry":{"type":"Polygon","coordinates":[[[-87.65598,41.82332],[-87.6563,41.82331],[-87.65698,41.82329],[-87.65843,41.82324],[-87.65914,41.82322],[-87.65987,41.82321],[-87.65998,41.82321],[-87.66019,41.82321],[-87.66102,41.8232],[-87.66195,41.82319],[-87.66312,41.82318],[-87.66491,41.82316],[-87.66546,41.82315],[-87.66534,41.82204],[-87.66525,41.82026],[-87.66524,41.82002],[-87.66524,41.81998],[-87.66523,41.81968],[-87.66523,41.81945],[-87.66523,41.81929],[-87.66521,41.81862],[-87.66519,41.81803],[-87.66519,41.81762],[-87.66518,41.81715],[-87.66516,41.81658],[-87.66515,41.81587],[-87.67002,41.81583],[-87.66983,41.80856],[-87.66497,41.8086],[-87.66498,41.8091],[-87.66499,41.80936],[-87.66502,41.81018],[-87.66503,41.81071],[-87.66504,41.8113],[-87.66505,41.8118],[-87.66492,41.81221],[-87.66039,41.81226],[-87.66022,41.81049],[-87.65853,41.81055],[-87.65856,41.81236],[-87.65525,41.81237],[-87.6554,41.81857],[-87.65576,41.81958],[-87.65587,41.82025],[-87.65578,41.82124],[-87.65554,41.82177],[-87.6555,41.82321],[-87.65593,41.8232],[-87.65598,41.82332]]]},"properties":{"level":"es","grades":"K–8","id":"610167","name":"William H Seward Communication Arts Academy ES","url":"https://www.cps.edu/schools/schoolprofiles/610167","x":-87.66877,"y":41.81033}},{"type":"Feature","geometry":{"type":"Polygon","coordinates":[[[-87.66371,41.91563],[-87.66377,41.91568],[-87.66404,41.91628],[-87.66426,41.91696],[-87.66602,41.91655],[-87.66765,41.91614],[-87.67007,41.91608],[-87.67758,41.91594],[-87.67747,41.91058],[-87.67759,41.91047],[-87.67702,41.91009],[-87.67537,41.90903],[-87.67492,41.90875],[-87.67481,41.90868],[-87.67428,41.90834],[-87.67341,41.90778],[-87.67249,41.90719],[-87.67255,41.9098],[-87.66767,41.90987],[-87.66769,41.91063],[-87.65686,41.91078],[-87.65701,41.91127],[-87.65712,41.91157],[-87.65741,41.91236],[-87.65772,41.91343],[-87.65808,41.91411],[-87.65915,41.91508],[-87.65937,41.91521],[-87.65955,41.91531],[-87.65991,41.91547],[-87.66027,41.91571],[-87.66065,41.91593],[-87.66087,41.91607],[-87.66093,41.91612],[-87.66106,41.91616],[-87.66133,41.91618],[-87.66186,41.91599],[-87.66207,41.91592],[-87.66228,41.91581],[-87.66245,41.91569],[-87.66265,41.91559],[-87.66269,41.91558],[-87.66279,41.91557],[-87.66303,41.91549],[-87.66371,41.91563]]]},"properties":{"level":"es","grades":"K–8","id":"609828","name":"Jonathan Burr Elementary School","url":"https://www.cps.edu/schools/schoolprofiles/609828","x":-87.66866,"y":41.91236}},{"type":"Feature","geometry":{"type":"Polygon","coordinates":[[[-87.53891,41.70094],[-87.54378,41.70095],[-87.54377,41.70276],[-87.5459,41.70277],[-87.54711,41.70149],[-87.54803,41.70093],[-87.55116,41.6997],[-87.5517,41.69939],[-87.55246,41.69846],[-87.5533,41.69722],[-87.55332,41.6963],[-87.55288,41.69541],[-87.545,41.69552],[-87.53046,41.69545],[-87.53045,41.7009],[-87.53891,41.70094]]]},"properties":{"level":"es","grades":"K–8","id":"609772","name":"Jane Addams Elementary School","url":"https://www.cps.edu/schools/schoolprofiles/609772","x":-87.53298,"y":41.69874}},{"type":"Feature","geometry":{"type":"Polygon","coordinates":[[[-87.64782,41.93643],[-87.64828,41.93699],[-87.64896,41.93784],[-87.64922,41.93816],[-87.64924,41.93908],[-87.64927,41.93998],[-87.65008,41.93997],[-87.65151,41.93995],[-87.65183,41.93994],[-87.65248,41.93994],[-87.65324,41.93992],[-87.65352,41.93992],[-87.65411,41.93991],[-87.65471,41.9399],[-87.65532,41.93989],[-87.65594,41.93988],[-87.65654,41.93987],[-87.65683,41.93987],[-87.65775,41.93986],[-87.65809,41.93985],[-87.65841,41.93985],[-87.65897,41.93984],[-87.65896,41.93961],[-87.65895,41.93938],[-87.65894,41.93893],[-87.6589,41.93802],[-87.66096,41.93799],[-87.66128,41.93753],[-87.66127,41.93721],[-87.66126,41.93708],[-87.66123,41.93657],[-87.66126,41.93604],[-87.66125,41.93569],[-87.66122,41.93504],[-87.66121,41.93448],[-87.6612,41.93434],[-87.66117,41.93379],[-87.66116,41.93343],[-87.66104,41.92889],[-87.65373,41.92901],[-87.65386,41.93264],[-87.65144,41.93268],[-87.65157,41.93632],[-87.64782,41.93643]]]},"properties":{"level":"es","grades":"K–8","id":"609773","name":"Harriet Tubman Elementary School","url":"https://www.cps.edu/schools/schoolprofiles/609773","x":-87.65623,"y":41.93413}},{"type":"Feature","geometry":{"type":"Polygon","coordinates":[[[-87.64489,41.9328],[-87.64549,41.93355],[-87.64588,41.93403],[-87.64654,41.93484],[-87.6469,41.93528],[-87.64745,41.93596],[-87.64782,41.93643],[-87.65157,41.93632],[-87.65144,41.93268],[-87.65386,41.93264],[-87.65373,41.92901],[-87.64876,41.92545],[-87.64634,41.92549],[-87.64637,41.92669],[-87.64209,41.92677],[-87.64122,41.92681],[-87.63918,41.92748],[-87.63912,41.92561],[-87.63396,41.92572],[-87.63323,41.92579],[-87.6296,41.92644],[-87.6296,41.92652],[-87.6296,41.92658],[-87.62963,41.92675],[-87.62964,41.9268],[-87.6297,41.9269],[-87.62978,41.92706],[-87.62981,41.9271],[-87.62988,41.92718],[-87.63003,41.92734],[-87.63009,41.92739],[-87.63022,41.92752],[-87.63031,41.92761],[-87.63047,41.92779],[-87.63052,41.92786],[-87.63056,41.92792],[-87.6306,41.92797],[-87.63061,41.928],[-87.6304,41.92808],[-87.63049,41.92822],[-87.63075,41.92882],[-87.63091,41.92932],[-87.63093,41.92945],[-87.63096,41.92964],[-87.63098,41.92978],[-87.63099,41.92986],[-87.63101,41.9301],[-87.63101,41.93026],[-87.631,41.93045],[-87.63099,41.93048],[-87.63097,41.93069],[-87.63091,41.93094],[-87.63089,41.93104],[-87.63084,41.93121],[-87.63074,41.9315],[-87.6307,41.9316],[-87.63067,41.93177],[-87.63068,41.93181],[-87.63077,41.9321],[-87.63091,41.93225],[-87.63123,41.93241],[-87.63112,41.93254],[-87.63106,41.93257],[-87.63108,41.9326],[-87.63116,41.93258],[-87.63159,41.93246],[-87.6317,41.93254],[-87.6317,41.93259],[-87.63152,41.9326],[-87.63114,41.93295],[-87.63077,41.93259],[-87.63077,41.93258],[-87.63072,41.93253],[-87.63071,41.93252],[-87.63066,41.93253],[-87.63066,41.93254],[-87.63066,41.93255],[-87.63069,41.93258],[-87.63069,41.93264],[-87.6307,41.93269],[-87.63071,41.93277],[-87.63029,41.93309],[-87.63017,41.93333],[-87.63029,41.93333],[-87.6303,41.93333],[-87.63052,41.93333],[-87.63059,41.93333],[-87.63079,41.93333],[-87.63086,41.93333],[-87.63108,41.93333],[-87.63113,41.93333],[-87.63114,41.93333],[-87.63135,41.93332],[-87.63141,41.93332],[-87.63155,41.93332],[-87.6316,41.93332],[-87.6317,41.93332],[-87.63181,41.93332],[-87.63189,41.93332],[-87.63202,41.93332],[-87.63213,41.93332],[-87.63252,41.93332],[-87.63323,41.93333],[-87.63356,41.93333],[-87.63435,41.93334],[-87.63497,41.93335],[-87.63611,41.93316],[-87.63675,41.93289],[-87.63735,41.93293],[-87.63795,41.93293],[-87.63874,41.93292],[-87.64032,41.93289],[-87.64134,41.93287],[-87.64171,41.93286],[-87.64249,41.93285],[-87.64307,41.93284],[-87.64412,41.93282],[-87.64489,41.9328]]]},"properties":{"level":"es","grades":"K–8","id":"609774","name":"Louisa May Alcott College Preparatory ES","url":"https://www.cps.edu/schools/schoolprofiles/609774","x":-87.64641,"y":41.92985}},{"type":"Feature","geometry":{"type":"Polygon","coordinates":[[[-87.64624,41.83646],[-87.65111,41.83639],[-87.6511,41.83616],[-87.65839,41.83607],[-87.65841,41.83697],[-87.66081,41.83694],[-87.66085,41.83785],[-87.66191,41.8379],[-87.66302,41.83921],[-87.66404,41.83869],[-87.66389,41.83846],[-87.66344,41.83781],[-87.66317,41.83698],[-87.66249,41.83614],[-87.66129,41.83486],[-87.66035,41.83437],[-87.65919,41.83312],[-87.65866,41.83256],[-87.65743,41.8312],[-87.6574,41.83108],[-87.65739,41.8306],[-87.65635,41.83061],[-87.65573,41.83062],[-87.65507,41.83063],[-87.65403,41.83064],[-87.65165,41.83068],[-87.64611,41.83075],[-87.64619,41.8344],[-87.64624,41.83646]]]},"properties":{"level":"es","grades":"K–8","id":"609777","name":"Phillip D Armour Elementary School","url":"https://www.cps.edu/schools/schoolprofiles/609777","x":-87.65065,"y":41.83385}},{"type":"Feature","geometry":{"type":"Polygon","coordinates":[[[-87.676,41.94233],[-87.67618,41.94872],[-87.68346,41.94862],[-87.68341,41.9468],[-87.68462,41.94678],[-87.68456,41.94496],[-87.68821,41.94492],[-87.68821,41.94505],[-87.68823,41.94578],[-87.68826,41.94673],[-87.68886,41.94673],[-87.68947,41.94673],[-87.69024,41.94673],[-87.69103,41.94673],[-87.69251,41.94672],[-87.69318,41.94672],[-87.6962,41.9467],[-87.69528,41.94277],[-87.69363,41.94026],[-87.69257,41.93943],[-87.68805,41.93946],[-87.68791,41.93946],[-87.67836,41.93957],[-87.67843,41.9423],[-87.676,41.94233]]]},"properties":{"level":"es","grades":"K–8","id":"609782","name":"John J Audubon Elementary School","url":"https://www.cps.edu/schools/schoolprofiles/609782","x":-87.68104,"y":41.94506}},{"type":"Feature","geometry":{"type":"Polygon","coordinates":[[[-87.59549,41.75686],[-87.59736,41.75684],[-87.59806,41.75737],[-87.59908,41.75683],[-87.60168,41.7568],[-87.60167,41.75502],[-87.60155,41.75133],[-87.6015,41.7495],[-87.59779,41.74953],[-87.59905,41.74404],[-87.59913,41.74369],[-87.59932,41.74281],[-87.59952,41.74194],[-87.59972,41.74105],[-87.59996,41.74],[-87.60014,41.73921],[-87.60071,41.73671],[-87.60072,41.73671],[-87.60042,41.73671],[-87.59915,41.73673],[-87.59878,41.73673],[-87.5978,41.73675],[-87.59689,41.73676],[-87.59558,41.73678],[-87.59158,41.73683],[-87.5911,41.73684],[-87.59057,41.73685],[-87.59029,41.73727],[-87.59032,41.73868],[-87.59042,41.74291],[-87.59044,41.74351],[-87.59044,41.7437],[-87.59018,41.74414],[-87.58956,41.74415],[-87.58923,41.74416],[-87.58874,41.74416],[-87.58816,41.74417],[-87.5876,41.74417],[-87.58538,41.74421],[-87.58539,41.74555],[-87.58541,41.74633],[-87.58543,41.74716],[-87.58546,41.74836],[-87.58558,41.74935],[-87.58562,41.74976],[-87.58566,41.74979],[-87.58594,41.74999],[-87.58638,41.75031],[-87.58711,41.75083],[-87.58803,41.75147],[-87.5892,41.75233],[-87.59093,41.75358],[-87.59116,41.75373],[-87.59136,41.75388],[-87.59178,41.75417],[-87.59252,41.75471],[-87.59339,41.75535],[-87.5939,41.75572],[-87.59549,41.75686]]]},"properties":{"level":"es","grades":"K–8","id":"609786","name":"Avalon Park Elementary School","url":"https://www.cps.edu/schools/schoolprofiles/609786","x":-87.59165,"y":41.74825}},{"type":"Feature","geometry":{"type":"Polygon","coordinates":[[[-87.70488,41.9284],[-87.70498,41.93204],[-87.70252,41.93206],[-87.70257,41.93389],[-87.70262,41.93592],[-87.7055,41.93765],[-87.70844,41.93932],[-87.71005,41.93931],[-87.71,41.93749],[-87.71243,41.93746],[-87.71241,41.93663],[-87.7153,41.93389],[-87.71253,41.9322],[-87.71225,41.93198],[-87.71229,41.93145],[-87.71227,41.93077],[-87.71225,41.93016],[-87.71224,41.92994],[-87.71224,41.92972],[-87.71223,41.92947],[-87.71223,41.92942],[-87.71222,41.9291],[-87.7122,41.92832],[-87.70789,41.92837],[-87.70759,41.92797],[-87.70603,41.92797],[-87.70575,41.92806],[-87.70487,41.92814],[-87.70488,41.9284]]]},"properties":{"level":"es","grades":"K–8","id":"610325","name":"Avondale-Logandale Elementary School","url":"https://www.cps.edu/schools/schoolprofiles/610325","x":-87.70804,"y":41.93397}},{"type":"Feature","geometry":{"type":"Polygon","coordinates":[[[-87.65828,41.71135],[-87.65836,41.71152],[-87.6588,41.71238],[-87.65925,41.71326],[-87.65964,41.71401],[-87.66159,41.71398],[-87.66051,41.71132],[-87.66248,41.71129],[-87.66269,41.71121],[-87.66724,41.71115],[-87.66722,41.71026],[-87.66859,41.71023],[-87.66881,41.70925],[-87.66966,41.70222],[-87.67,41.69924],[-87.66994,41.69925],[-87.6617,41.69941],[-87.65874,41.69944],[-87.65857,41.69992],[-87.65822,41.70086],[-87.65765,41.70239],[-87.65744,41.70298],[-87.65726,41.70347],[-87.65706,41.70399],[-87.65671,41.70496],[-87.65645,41.70564],[-87.65611,41.70654],[-87.65602,41.70679],[-87.65607,41.707],[-87.65644,41.7077],[-87.65683,41.70848],[-87.65727,41.70935],[-87.65752,41.70985],[-87.65763,41.71006],[-87.65781,41.71042],[-87.65816,41.71113],[-87.65828,41.71135]]]},"properties":{"level":"es","grades":"K–8","id":"609788","name":"Alice L Barnard Computer Math & Science Ctr ES","url":"https://www.cps.edu/schools/schoolprofiles/609788","x":-87.65807,"y":41.70513}},{"type":"Feature","geometry":{"type":"Polygon","coordinates":[[[-87.66206,41.75756],[-87.66213,41.75766],[-87.66239,41.75766],[-87.66281,41.75765],[-87.663,41.75765],[-87.66339,41.75764],[-87.66339,41.75758],[-87.66349,41.75754],[-87.6636,41.75754],[-87.66363,41.75754],[-87.66371,41.75754],[-87.66387,41.75754],[-87.66454,41.75753],[-87.66607,41.75751],[-87.66731,41.7575],[-87.66793,41.75749],[-87.66836,41.75749],[-87.66877,41.75748],[-87.67007,41.75747],[-87.67059,41.75747],[-87.67173,41.75745],[-87.67259,41.75744],[-87.67293,41.75744],[-87.67323,41.75743],[-87.67331,41.75743],[-87.67342,41.75743],[-87.67352,41.75743],[-87.67399,41.75742],[-87.67474,41.75741],[-87.67506,41.75741],[-87.67563,41.7574],[-87.67659,41.75739],[-87.67701,41.75739],[-87.67726,41.75739],[-87.6777,41.75738],[-87.67843,41.75737],[-87.68012,41.75735],[-87.68029,41.75735],[-87.68058,41.75744],[-87.68083,41.75743],[-87.68165,41.75742],[-87.68213,41.75742],[-87.68251,41.75741],[-87.68305,41.75741],[-87.68285,41.7501],[-87.68047,41.75012],[-87.67313,41.75023],[-87.67211,41.75024],[-87.67094,41.75026],[-87.67071,41.75026],[-87.66975,41.75027],[-87.66929,41.75028],[-87.66829,41.75029],[-87.66734,41.75031],[-87.66586,41.75033],[-87.66564,41.75033],[-87.66465,41.75034],[-87.66445,41.75034],[-87.66405,41.75035],[-87.6637,41.75035],[-87.66344,41.75036],[-87.66314,41.75037],[-87.66283,41.75037],[-87.66242,41.75037],[-87.6617,41.75038],[-87.66041,41.7504],[-87.66021,41.7504],[-87.66023,41.75149],[-87.66028,41.7537],[-87.66029,41.75404],[-87.65868,41.75406],[-87.65877,41.75762],[-87.65895,41.75762],[-87.65927,41.75761],[-87.6594,41.75761],[-87.6597,41.75761],[-87.66008,41.7576],[-87.66121,41.75758],[-87.66175,41.75757],[-87.662,41.75757],[-87.66206,41.75756]]]},"properties":{"level":"es","grades":"K–8","id":"609790","name":"Clara Barton Elementary School","url":"https://www.cps.edu/schools/schoolprofiles/609790","x":-87.67093,"y":41.75419}},{"type":"Feature","geometry":{"type":"Polygon","coordinates":[[[-87.64823,41.77242],[-87.64834,41.77606],[-87.64955,41.77604],[-87.64964,41.77967],[-87.6545,41.77961],[-87.66422,41.77946],[-87.66402,41.77219],[-87.65917,41.77226],[-87.65911,41.77044],[-87.65183,41.77055],[-87.65188,41.77237],[-87.64823,41.77242]]]},"properties":{"level":"es","grades":"K–8","id":"609791","name":"Perkins Bass Elementary School","url":"https://www.cps.edu/schools/schoolprofiles/609791","x":-87.65353,"y":41.77425}},{"type":"Feature","geometry":{"type":"Polygon","coordinates":[[[-87.69475,41.96127],[-87.70336,41.96122],[-87.70353,41.96667],[-87.7045,41.96666],[-87.70527,41.96665],[-87.70564,41.96665],[-87.70597,41.9665],[-87.70596,41.96639],[-87.70595,41.96605],[-87.70594,41.96542],[-87.70593,41.96519],[-87.70591,41.96472],[-87.70636,41.96471],[-87.70647,41.96471],[-87.70714,41.96471],[-87.70777,41.96471],[-87.70836,41.9647],[-87.70825,41.96119],[-87.70947,41.96117],[-87.70941,41.95935],[-87.71064,41.95934],[-87.71054,41.95629],[-87.71051,41.95517],[-87.71049,41.95471],[-87.71047,41.95389],[-87.70927,41.95391],[-87.70679,41.95393],[-87.70557,41.95394],[-87.70313,41.95395],[-87.69596,41.95399],[-87.69539,41.95399],[-87.69454,41.95399],[-87.6945,41.95429],[-87.69449,41.95439],[-87.69446,41.95458],[-87.69444,41.95466],[-87.69444,41.95477],[-87.69444,41.95496],[-87.69447,41.95505],[-87.69446,41.95527],[-87.69447,41.95537],[-87.69443,41.95552],[-87.69442,41.95564],[-87.69441,41.95573],[-87.69441,41.95579],[-87.69439,41.95588],[-87.69437,41.95654],[-87.69437,41.95681],[-87.69427,41.95685],[-87.69427,41.957],[-87.69438,41.95706],[-87.69435,41.95756],[-87.69435,41.95762],[-87.69435,41.95763],[-87.69435,41.95765],[-87.69434,41.95768],[-87.69434,41.95776],[-87.69435,41.95782],[-87.69435,41.95789],[-87.69439,41.95801],[-87.6944,41.95807],[-87.69442,41.95828],[-87.69446,41.95862],[-87.69448,41.95877],[-87.69452,41.95889],[-87.69455,41.95904],[-87.69458,41.9592],[-87.6946,41.95944],[-87.69459,41.95964],[-87.69462,41.95985],[-87.69467,41.96024],[-87.69467,41.96056],[-87.69469,41.96077],[-87.6947,41.96094],[-87.6947,41.9611],[-87.69475,41.96127]]]},"properties":{"level":"es","grades":"K–8","id":"609792","name":"Newton Bateman Elementary School","url":"https://www.cps.edu/schools/schoolprofiles/609792","x":-87.70215,"y":41.95822}},{"type":"Feature","geometry":{"type":"Polygon","coordinates":[[[-87.64502,41.78885],[-87.65231,41.78874],[-87.65235,41.79056],[-87.65478,41.79052],[-87.65486,41.79343],[-87.65486,41.79369],[-87.65486,41.7938],[-87.65665,41.79377],[-87.65729,41.79376],[-87.65726,41.79231],[-87.66331,41.79222],[-87.66321,41.78859],[-87.65959,41.78864],[-87.65954,41.78682],[-87.65468,41.78689],[-87.6545,41.77961],[-87.64964,41.77967],[-87.64479,41.77975],[-87.64485,41.78216],[-87.64326,41.78212],[-87.64269,41.78157],[-87.64262,41.78029],[-87.64191,41.77979],[-87.6375,41.77987],[-87.63753,41.78173],[-87.6351,41.78177],[-87.63512,41.78254],[-87.63128,41.78259],[-87.63134,41.78495],[-87.63134,41.78543],[-87.63131,41.78678],[-87.63128,41.78723],[-87.63375,41.78722],[-87.64017,41.78711],[-87.64023,41.78894],[-87.64502,41.78885]]]},"properties":{"level":"es","grades":"K–8","id":"609793","name":"Lillian R. Nicholson STEM Academy","url":"https://www.cps.edu/schools/schoolprofiles/609793","x":-87.64745,"y":41.78494}},{"type":"Feature","geometry":{"type":"Polygon","coordinates":[[[-87.76431,41.8656],[-87.76433,41.86623],[-87.76418,41.86761],[-87.76429,41.87054],[-87.7645,41.87129],[-87.76623,41.87109],[-87.76801,41.87098],[-87.77147,41.87095],[-87.77432,41.87109],[-87.77431,41.87099],[-87.77428,41.87073],[-87.77428,41.87057],[-87.77427,41.86943],[-87.77426,41.86911],[-87.77424,41.86859],[-87.77423,41.86821],[-87.77423,41.86819],[-87.7742,41.86749],[-87.77417,41.86673],[-87.77415,41.86602],[-87.77415,41.86592],[-87.77414,41.86546],[-87.77396,41.86546],[-87.77367,41.86547],[-87.77314,41.86548],[-87.77275,41.86548],[-87.7726,41.86548],[-87.77187,41.86549],[-87.77146,41.8655],[-87.77071,41.86551],[-87.76899,41.86553],[-87.76799,41.86555],[-87.76676,41.86556],[-87.76658,41.86557],[-87.76566,41.86558],[-87.76553,41.86558],[-87.76457,41.86559],[-87.76447,41.8656],[-87.76431,41.8656]]]},"properties":{"level":"es","grades":"K–8","id":"609795","name":"George Rogers Clark Elementary School","url":"https://www.cps.edu/schools/schoolprofiles/609795","x":-87.77042,"y":41.86781}},{"type":"Feature","geometry":{"type":"Polygon","coordinates":[[[-87.74811,41.97898],[-87.75537,41.97888],[-87.75532,41.97839],[-87.75473,41.97709],[-87.75827,41.97925],[-87.75872,41.97882],[-87.75875,41.9768],[-87.76029,41.97606],[-87.76026,41.97519],[-87.7658,41.97513],[-87.76631,41.97571],[-87.76848,41.97568],[-87.76855,41.9717],[-87.7676,41.97145],[-87.76756,41.97033],[-87.76207,41.96884],[-87.76146,41.96871],[-87.76075,41.96788],[-87.76062,41.96773],[-87.7606,41.9677],[-87.76009,41.96711],[-87.75968,41.96663],[-87.75937,41.96627],[-87.75904,41.96589],[-87.75874,41.96555],[-87.75842,41.96519],[-87.75805,41.96476],[-87.75759,41.96422],[-87.7574,41.964],[-87.75688,41.96425],[-87.75671,41.96426],[-87.75497,41.96428],[-87.75412,41.96429],[-87.75343,41.9643],[-87.75293,41.96431],[-87.75236,41.96432],[-87.75191,41.96432],[-87.75156,41.96433],[-87.7503,41.96434],[-87.74939,41.96435],[-87.74911,41.96436],[-87.74837,41.96437],[-87.74806,41.96437],[-87.7479,41.96437],[-87.7478,41.96436],[-87.74725,41.96438],[-87.74708,41.96438],[-87.7472,41.96584],[-87.74721,41.96813],[-87.74745,41.97085],[-87.74758,41.97498],[-87.7475,41.97672],[-87.74686,41.97854],[-87.74678,41.979],[-87.74811,41.97898]]]},"properties":{"level":"es","grades":"K–8","id":"609796","name":"Jean Baptiste Beaubien Elementary School","url":"https://www.cps.edu/schools/schoolprofiles/609796","x":-87.75756,"y":41.97239}},{"type":"Feature","geometry":{"type":"Polygon","coordinates":[[[-87.71123,41.88836],[-87.71154,41.88835],[-87.71172,41.88835],[-87.71224,41.88834],[-87.71238,41.88834],[-87.7127,41.88834],[-87.71294,41.88833],[-87.71317,41.88833],[-87.71366,41.88832],[-87.71366,41.88817],[-87.71365,41.88797],[-87.71364,41.88743],[-87.71609,41.88739],[-87.71604,41.88587],[-87.71604,41.88564],[-87.71603,41.88546],[-87.71602,41.88492],[-87.71112,41.88464],[-87.71101,41.88092],[-87.70612,41.88097],[-87.70622,41.88435],[-87.70129,41.88408],[-87.70141,41.88816],[-87.70142,41.88816],[-87.70168,41.8883],[-87.70183,41.88829],[-87.70223,41.88829],[-87.7026,41.88828],[-87.70298,41.88828],[-87.70352,41.88827],[-87.70423,41.88826],[-87.70464,41.88826],[-87.70493,41.88825],[-87.70525,41.88825],[-87.70603,41.88824],[-87.70633,41.88824],[-87.70633,41.8881],[-87.70634,41.8881],[-87.71065,41.88805],[-87.71111,41.88804],[-87.71114,41.88804],[-87.7112,41.88804],[-87.71122,41.88818],[-87.71122,41.8883],[-87.71123,41.88836]]]},"properties":{"level":"es","grades":"K–8","id":"609797","name":"Jacob Beidler Elementary School","url":"https://www.cps.edu/schools/schoolprofiles/609797","x":-87.70585,"y":41.88532}},{"type":"Feature","geometry":{"type":"Polygon","coordinates":[[[-87.73481,41.96444],[-87.73499,41.96458],[-87.73578,41.96511],[-87.73576,41.9646],[-87.73576,41.96451],[-87.73644,41.9645],[-87.73712,41.96449],[-87.73779,41.96448],[-87.73855,41.96448],[-87.73924,41.96447],[-87.74015,41.96446],[-87.74099,41.96445],[-87.74197,41.96444],[-87.74238,41.96443],[-87.74272,41.96443],[-87.74409,41.96441],[-87.74476,41.96441],[-87.74541,41.9644],[-87.74558,41.9644],[-87.74585,41.96439],[-87.74659,41.96439],[-87.74666,41.96439],[-87.74678,41.96438],[-87.74708,41.96438],[-87.74674,41.96326],[-87.74608,41.96237],[-87.74528,41.96177],[-87.74353,41.96077],[-87.74474,41.96076],[-87.74384,41.95971],[-87.74341,41.95906],[-87.74287,41.95713],[-87.74279,41.95398],[-87.74292,41.95347],[-87.74273,41.95311],[-87.74266,41.95056],[-87.74011,41.94901],[-87.74052,41.94987],[-87.72751,41.95003],[-87.72753,41.95091],[-87.72762,41.95365],[-87.72514,41.95368],[-87.72522,41.95551],[-87.72285,41.95554],[-87.72278,41.95618],[-87.72395,41.95697],[-87.72399,41.95699],[-87.72654,41.95875],[-87.72779,41.95961],[-87.72783,41.96095],[-87.72969,41.96093],[-87.73197,41.96249],[-87.73341,41.96349],[-87.73383,41.96377],[-87.73399,41.96389],[-87.73422,41.96404],[-87.73481,41.96444]]]},"properties":{"level":"es","grades":"K–8","id":"609798","name":"Hiram H Belding Elementary School","url":"https://www.cps.edu/schools/schoolprofiles/609798","x":-87.73402,"y":41.95894}},{"type":"Feature","geometry":{"type":"Polygon","coordinates":[[[-87.6775,41.95235],[-87.67875,41.95416],[-87.67997,41.95414],[-87.68483,41.95407],[-87.68628,41.95405],[-87.6875,41.95403],[-87.69091,41.954],[-87.69454,41.95399],[-87.69455,41.95392],[-87.69458,41.95381],[-87.6954,41.95271],[-87.69552,41.95256],[-87.69566,41.95235],[-87.69578,41.95218],[-87.69581,41.95212],[-87.69588,41.95198],[-87.69595,41.95187],[-87.69602,41.95173],[-87.69607,41.95163],[-87.6961,41.95159],[-87.69615,41.95149],[-87.69618,41.95144],[-87.69621,41.95135],[-87.69625,41.95127],[-87.6964,41.95102],[-87.69644,41.95099],[-87.69657,41.95079],[-87.69663,41.95068],[-87.69681,41.95032],[-87.69683,41.95027],[-87.69686,41.95001],[-87.69685,41.94987],[-87.6968,41.9496],[-87.69678,41.94946],[-87.69675,41.94932],[-87.69671,41.94904],[-87.69664,41.94875],[-87.6966,41.94852],[-87.69653,41.94822],[-87.69647,41.94795],[-87.69635,41.94767],[-87.6963,41.94734],[-87.69624,41.94711],[-87.69622,41.94699],[-87.69621,41.94689],[-87.6962,41.9467],[-87.69318,41.94672],[-87.69251,41.94672],[-87.69103,41.94673],[-87.69024,41.94673],[-87.68947,41.94673],[-87.68886,41.94673],[-87.68826,41.94673],[-87.68823,41.94578],[-87.68821,41.94505],[-87.68821,41.94492],[-87.68456,41.94496],[-87.68462,41.94678],[-87.68341,41.9468],[-87.68346,41.94862],[-87.67618,41.94872],[-87.67498,41.94874],[-87.6775,41.95235]]]},"properties":{"level":"es","grades":"K–8","id":"609799","name":"Alexander Graham Bell Elementary School","url":"https://www.cps.edu/schools/schoolprofiles/609799","x":-87.68602,"y":41.94953}},{"type":"Feature","geometry":{"type":"Polygon","coordinates":[[[-87.61392,41.7125],[-87.61394,41.71316],[-87.61397,41.71526],[-87.61414,41.72189],[-87.62261,41.72175],[-87.62459,41.72162],[-87.62467,41.72014],[-87.62491,41.71876],[-87.62492,41.71812],[-87.62459,41.71673],[-87.62388,41.71559],[-87.62327,41.71496],[-87.62341,41.71467],[-87.62366,41.71369],[-87.62356,41.70898],[-87.61993,41.70904],[-87.62021,41.70721],[-87.6196,41.70722],[-87.61864,41.70724],[-87.61854,41.70359],[-87.61123,41.7037],[-87.61128,41.70553],[-87.61138,41.70917],[-87.60894,41.70921],[-87.60905,41.71286],[-87.61241,41.7128],[-87.61392,41.7125]]]},"properties":{"level":"es","grades":"K–8","id":"609800","name":"Frank I Bennett Elementary School","url":"https://www.cps.edu/schools/schoolprofiles/609800","x":-87.61739,"y":41.71043}},{"type":"Feature","geometry":{"type":"Polygon","coordinates":[[[-87.66288,41.95538],[-87.6635,41.9564],[-87.66415,41.95619],[-87.6691,41.95613],[-87.66905,41.95429],[-87.67421,41.95422],[-87.67416,41.9524],[-87.67143,41.95243],[-87.67134,41.94878],[-87.66769,41.94883],[-87.66765,41.94701],[-87.66402,41.94707],[-87.66397,41.94524],[-87.65912,41.94532],[-87.65917,41.94715],[-87.65652,41.9472],[-87.65795,41.94899],[-87.65752,41.94899],[-87.65757,41.95107],[-87.65681,41.95109],[-87.65686,41.95445],[-87.65747,41.95445],[-87.65964,41.95442],[-87.66225,41.95438],[-87.66288,41.95538]]]},"properties":{"level":"es","grades":"K–8","id":"609803","name":"James G Blaine Elementary School","url":"https://www.cps.edu/schools/schoolprofiles/609803","x":-87.66497,"y":41.95078}},{"type":"Feature","geometry":{"type":"Polygon","coordinates":[[[-87.68268,41.74282],[-87.67296,41.74294],[-87.66325,41.74308],[-87.66339,41.74848],[-87.6634,41.74871],[-87.66343,41.7502],[-87.66344,41.75036],[-87.6637,41.75035],[-87.66405,41.75035],[-87.66445,41.75034],[-87.66465,41.75034],[-87.66564,41.75033],[-87.66586,41.75033],[-87.66734,41.75031],[-87.66829,41.75029],[-87.66929,41.75028],[-87.66975,41.75027],[-87.67071,41.75026],[-87.67094,41.75026],[-87.67211,41.75024],[-87.67313,41.75023],[-87.68047,41.75012],[-87.68037,41.74593],[-87.68039,41.74549],[-87.68126,41.74518],[-87.68273,41.7451],[-87.68268,41.74282]]]},"properties":{"level":"es","grades":"K–8","id":"609805","name":"Scott Joplin Elementary School","url":"https://www.cps.edu/schools/schoolprofiles/609805","x":-87.66937,"y":41.74934}},{"type":"Feature","geometry":{"type":"Polygon","coordinates":[[[-87.55249,41.75192],[-87.56021,41.75907],[-87.56637,41.75899],[-87.56634,41.75716],[-87.56756,41.75716],[-87.56752,41.75535],[-87.56745,41.75171],[-87.56623,41.75173],[-87.56381,41.75176],[-87.56375,41.74813],[-87.56058,41.74817],[-87.56011,41.74818],[-87.5595,41.74818],[-87.55944,41.74819],[-87.55829,41.7482],[-87.55647,41.74822],[-87.55586,41.74823],[-87.55526,41.74824],[-87.55528,41.74957],[-87.55529,41.75006],[-87.55443,41.75007],[-87.55287,41.75009],[-87.55184,41.75011],[-87.55175,41.75011],[-87.55176,41.7502],[-87.55176,41.75045],[-87.55177,41.75102],[-87.55249,41.75192]]]},"properties":{"level":"es","grades":"K–8","id":"609806","name":"Myra Bradwell Communications Arts & Sciences ES","url":"https://www.cps.edu/schools/schoolprofiles/609806","x":-87.55714,"y":41.75436}},{"type":"Feature","geometry":{"type":"Polygon","coordinates":[[[-87.71216,41.74296],[-87.70957,41.74509],[-87.70892,41.74555],[-87.70371,41.74967],[-87.70233,41.75053],[-87.68857,41.75667],[-87.68701,41.75733],[-87.68742,41.75732],[-87.68801,41.75731],[-87.68802,41.75731],[-87.69302,41.75723],[-87.70249,41.75711],[-87.71256,41.75695],[-87.71239,41.75086],[-87.71217,41.74979],[-87.7123,41.74965],[-87.71213,41.74336],[-87.71216,41.74296]]]},"properties":{"level":"es","grades":"K–8","id":"609807","name":"Lionel Hampton Fine & Performing Arts ES","url":"https://www.cps.edu/schools/schoolprofiles/609807","x":-87.70873,"y":41.75346}},{"type":"Feature","geometry":{"type":"Polygon","coordinates":[[[-87.62987,41.67795],[-87.63009,41.68523],[-87.62769,41.68526],[-87.62791,41.69253],[-87.6285,41.69252],[-87.62931,41.69251],[-87.63002,41.6925],[-87.6322,41.69248],[-87.63271,41.69247],[-87.63285,41.69247],[-87.63319,41.69247],[-87.63465,41.69245],[-87.63514,41.69244],[-87.63579,41.69244],[-87.63634,41.69243],[-87.63691,41.69242],[-87.63734,41.69242],[-87.6377,41.69241],[-87.63837,41.69241],[-87.63865,41.6924],[-87.63902,41.6924],[-87.63969,41.69239],[-87.64023,41.69238],[-87.64057,41.69238],[-87.6416,41.69236],[-87.64173,41.69236],[-87.64203,41.69236],[-87.64238,41.69236],[-87.64302,41.69235],[-87.6436,41.69234],[-87.64384,41.69234],[-87.64419,41.69233],[-87.6446,41.69233],[-87.64573,41.69232],[-87.64687,41.6923],[-87.64724,41.6923],[-87.64794,41.69229],[-87.64838,41.69228],[-87.64915,41.69227],[-87.64917,41.69227],[-87.64775,41.68946],[-87.64551,41.68504],[-87.64191,41.67792],[-87.64191,41.67781],[-87.62987,41.67795]]]},"properties":{"level":"es","grades":"K–8","id":"609808","name":"Alex Haley Elementary Academy","url":"https://www.cps.edu/schools/schoolprofiles/609808","x":-87.63363,"y":41.68666}},{"type":"Feature","geometry":{"type":"Polygon","coordinates":[[[-87.68549,41.9338],[-87.68588,41.93401],[-87.68629,41.93435],[-87.68701,41.93525],[-87.68706,41.9353],[-87.68714,41.93538],[-87.6874,41.93562],[-87.68782,41.93601],[-87.68799,41.9361],[-87.68794,41.93399],[-87.69037,41.93397],[-87.6904,41.93576],[-87.69055,41.93581],[-87.70002,41.93573],[-87.70012,41.9339],[-87.70257,41.93389],[-87.70252,41.93206],[-87.70498,41.93204],[-87.70488,41.9284],[-87.70487,41.92814],[-87.70575,41.92806],[-87.7004,41.92478],[-87.69741,41.92481],[-87.69746,41.92663],[-87.68771,41.92672],[-87.68777,41.92864],[-87.68722,41.929],[-87.68425,41.93139],[-87.68396,41.93222],[-87.68284,41.93223],[-87.68284,41.93233],[-87.68338,41.93329],[-87.68341,41.93338],[-87.68348,41.93342],[-87.68353,41.93344],[-87.68409,41.93356],[-87.68427,41.93362],[-87.6844,41.93362],[-87.68469,41.93367],[-87.68481,41.93367],[-87.6851,41.93371],[-87.68521,41.93376],[-87.68526,41.93379],[-87.68549,41.9338]]]},"properties":{"level":"es","grades":"K–8","id":"609809","name":"Lorenz Brentano Math & Science Academy ES","url":"https://www.cps.edu/schools/schoolprofiles/609809","x":-87.69629,"y":41.93097}},{"type":"Feature","geometry":{"type":"Polygon","coordinates":[[[-87.78656,41.95292],[-87.78659,41.95383],[-87.78661,41.9545],[-87.78661,41.95459],[-87.78663,41.9551],[-87.78666,41.95568],[-87.78667,41.95589],[-87.7867,41.95657],[-87.78672,41.95704],[-87.78674,41.95753],[-87.78675,41.95795],[-87.78676,41.95831],[-87.78677,41.95862],[-87.7868,41.95986],[-87.7868,41.96006],[-87.78681,41.96022],[-87.78698,41.96021],[-87.78729,41.96021],[-87.78766,41.96019],[-87.78802,41.96018],[-87.7883,41.96017],[-87.78866,41.96017],[-87.78895,41.96016],[-87.78925,41.96016],[-87.78959,41.96015],[-87.79007,41.96014],[-87.79071,41.96013],[-87.79098,41.96013],[-87.79151,41.96013],[-87.7918,41.96012],[-87.79198,41.96011],[-87.79226,41.9601],[-87.79277,41.96009],[-87.79305,41.96008],[-87.79351,41.96007],[-87.7942,41.96006],[-87.79444,41.95999],[-87.79463,41.95991],[-87.79492,41.95978],[-87.79569,41.95941],[-87.79611,41.95921],[-87.79691,41.95882],[-87.79747,41.95856],[-87.798,41.9583],[-87.79822,41.9582],[-87.79861,41.95801],[-87.79962,41.95753],[-87.79993,41.95738],[-87.80013,41.95728],[-87.80146,41.95665],[-87.80287,41.95597],[-87.80361,41.95562],[-87.80562,41.95466],[-87.80616,41.9544],[-87.80653,41.95422],[-87.80681,41.95409],[-87.80701,41.954],[-87.8073,41.95368],[-87.8073,41.95358],[-87.80729,41.95325],[-87.80728,41.95295],[-87.80727,41.95276],[-87.80757,41.95277],[-87.80794,41.95276],[-87.80827,41.95275],[-87.80847,41.95274],[-87.80883,41.95274],[-87.81004,41.9527],[-87.8103,41.95269],[-87.81098,41.95268],[-87.81147,41.95267],[-87.81223,41.95265],[-87.81225,41.95255],[-87.81191,41.94667],[-87.80947,41.9467],[-87.80942,41.94522],[-87.80701,41.94527],[-87.80681,41.93981],[-87.79211,41.94005],[-87.79218,41.94188],[-87.78983,41.94192],[-87.78977,41.94009],[-87.78613,41.94015],[-87.78621,41.94199],[-87.78623,41.94249],[-87.78631,41.94418],[-87.78633,41.94475],[-87.78635,41.94522],[-87.78631,41.94566],[-87.78628,41.94578],[-87.78632,41.94748],[-87.78634,41.9478],[-87.78636,41.94839],[-87.78639,41.94895],[-87.78641,41.94958],[-87.78643,41.94989],[-87.78645,41.95043],[-87.78652,41.95195],[-87.78653,41.95232],[-87.78656,41.95292]]]},"properties":{"level":"es","grades":"K–8","id":"609810","name":"Norman A Bridge Elementary School","url":"https://www.cps.edu/schools/schoolprofiles/609810","x":-87.79867,"y":41.94911}},{"type":"Feature","geometry":{"type":"Polygon","coordinates":[[[-87.57392,41.70774],[-87.57412,41.70796],[-87.57449,41.70837],[-87.57517,41.70913],[-87.57592,41.70998],[-87.57714,41.71134],[-87.57785,41.71214],[-87.57819,41.71252],[-87.57931,41.71377],[-87.57956,41.71405],[-87.5806,41.71521],[-87.58234,41.71715],[-87.58326,41.71818],[-87.5842,41.71924],[-87.58446,41.71953],[-87.58494,41.72007],[-87.58498,41.72011],[-87.58514,41.72029],[-87.58515,41.7203],[-87.58506,41.71741],[-87.58504,41.71578],[-87.58499,41.71507],[-87.58498,41.71485],[-87.58494,41.714],[-87.58488,41.71205],[-87.5849,41.71072],[-87.58532,41.70906],[-87.58605,41.70777],[-87.58447,41.7078],[-87.58419,41.70719],[-87.58406,41.7069],[-87.58008,41.7009],[-87.57927,41.69952],[-87.57782,41.69732],[-87.57678,41.69575],[-87.5765,41.69494],[-87.57655,41.69321],[-87.57646,41.68521],[-87.57641,41.68445],[-87.57559,41.68142],[-87.57549,41.68079],[-87.57542,41.67788],[-87.57533,41.67251],[-87.57532,41.66918],[-87.57544,41.66284],[-87.57185,41.66227],[-87.5712,41.66219],[-87.56926,41.66289],[-87.56774,41.66332],[-87.56709,41.66434],[-87.56571,41.66557],[-87.56521,41.66584],[-87.56396,41.66612],[-87.56144,41.66785],[-87.55756,41.67018],[-87.55486,41.67183],[-87.55381,41.67225],[-87.55277,41.673],[-87.55236,41.67366],[-87.55157,41.67516],[-87.55159,41.67558],[-87.55223,41.67699],[-87.55218,41.67905],[-87.55203,41.68066],[-87.55212,41.68199],[-87.55243,41.6851],[-87.55199,41.69054],[-87.55195,41.69205],[-87.55227,41.69394],[-87.55288,41.69541],[-87.55332,41.6963],[-87.5533,41.69722],[-87.55246,41.69846],[-87.5517,41.69939],[-87.55116,41.6997],[-87.54803,41.70093],[-87.54711,41.70149],[-87.5459,41.70277],[-87.55491,41.70277],[-87.55499,41.70639],[-87.55575,41.7064],[-87.55644,41.7064],[-87.55767,41.7064],[-87.5584,41.70639],[-87.55879,41.70639],[-87.56021,41.70641],[-87.56086,41.7064],[-87.56147,41.7064],[-87.56207,41.7064],[-87.56288,41.70639],[-87.56328,41.7064],[-87.56325,41.70458],[-87.56407,41.70458],[-87.56446,41.70458],[-87.56553,41.70457],[-87.57095,41.70449],[-87.57097,41.70451],[-87.57111,41.70466],[-87.57139,41.70497],[-87.5718,41.70542],[-87.57261,41.70631],[-87.57339,41.70716],[-87.57392,41.70774]]]},"properties":{"level":"es","grades":"K–8","id":"609811","name":"Orville T Bright Elementary School","url":"https://www.cps.edu/schools/schoolprofiles/609811","x":-87.56208,"y":41.69973}},{"type":"Feature","geometry":{"type":"Polygon","coordinates":[[[-87.62508,41.77761],[-87.62531,41.77775],[-87.62864,41.77986],[-87.62886,41.78],[-87.62908,41.77999],[-87.63054,41.77998],[-87.63075,41.77998],[-87.63074,41.77991],[-87.63074,41.77984],[-87.63067,41.77914],[-87.6306,41.77887],[-87.63051,41.7786],[-87.63028,41.77815],[-87.63006,41.77729],[-87.63006,41.77709],[-87.62996,41.77693],[-87.62974,41.77675],[-87.6296,41.77664],[-87.62919,41.77628],[-87.62907,41.77618],[-87.62872,41.77588],[-87.62842,41.77567],[-87.62844,41.77542],[-87.62842,41.77495],[-87.62842,41.77491],[-87.62842,41.77468],[-87.62841,41.77459],[-87.62838,41.77325],[-87.62833,41.77137],[-87.62832,41.7711],[-87.6283,41.77039],[-87.62828,41.76981],[-87.62827,41.76953],[-87.62827,41.76929],[-87.62826,41.7691],[-87.62795,41.76911],[-87.62667,41.76917],[-87.62643,41.76918],[-87.62602,41.76918],[-87.62564,41.76919],[-87.62511,41.76919],[-87.62494,41.76914],[-87.62495,41.76878],[-87.62493,41.76853],[-87.62492,41.76841],[-87.62492,41.76831],[-87.62492,41.76811],[-87.62491,41.76802],[-87.62491,41.76755],[-87.62491,41.76746],[-87.62415,41.76735],[-87.62335,41.76736],[-87.62255,41.76738],[-87.62216,41.76739],[-87.62174,41.7674],[-87.62093,41.76741],[-87.62058,41.76742],[-87.62016,41.76743],[-87.61953,41.76745],[-87.61913,41.76746],[-87.61852,41.76747],[-87.61857,41.76907],[-87.61834,41.76929],[-87.61786,41.76929],[-87.61757,41.7693],[-87.61697,41.76931],[-87.61535,41.76934],[-87.61537,41.76992],[-87.61539,41.77046],[-87.61539,41.77071],[-87.6154,41.77097],[-87.61541,41.77119],[-87.61555,41.77129],[-87.61567,41.77138],[-87.61634,41.77187],[-87.61775,41.77293],[-87.61829,41.77335],[-87.61895,41.77388],[-87.61927,41.77409],[-87.61926,41.77421],[-87.61941,41.77432],[-87.61976,41.77457],[-87.61991,41.77468],[-87.62038,41.77502],[-87.62051,41.77513],[-87.62083,41.77538],[-87.6215,41.77561],[-87.62176,41.77571],[-87.6225,41.77615],[-87.62362,41.77681],[-87.624,41.77704],[-87.6246,41.77736],[-87.62485,41.77748],[-87.62503,41.77758],[-87.62508,41.77761]]]},"properties":{"level":"es","grades":"K–6","id":"609813","name":"Charles S Brownell Elementary School","url":"https://www.cps.edu/schools/schoolprofiles/609813","x":-87.62175,"y":41.77162}},{"type":"Feature","geometry":{"type":"Polygon","coordinates":[[[-87.56516,41.76446],[-87.56632,41.76573],[-87.56767,41.76614],[-87.56997,41.76614],[-87.58123,41.76603],[-87.58223,41.76602],[-87.58245,41.76602],[-87.58331,41.76601],[-87.58383,41.766],[-87.58399,41.766],[-87.58446,41.76599],[-87.58477,41.76599],[-87.58535,41.76598],[-87.58592,41.76598],[-87.58568,41.75604],[-87.58553,41.75513],[-87.56752,41.75535],[-87.56756,41.75716],[-87.56634,41.75716],[-87.56637,41.75899],[-87.56645,41.76262],[-87.56352,41.76265],[-87.56516,41.76446]]]},"properties":{"level":"es","grades":"K–8","id":"609815","name":"Edward A Bouchet Math & Science Academy ES","url":"https://www.cps.edu/schools/schoolprofiles/609815","x":-87.57608,"y":41.76085}},{"type":"Feature","geometry":{"type":"Polygon","coordinates":[[[-87.69254,41.97768],[-87.6926,41.9784],[-87.69323,41.97859],[-87.69391,41.97859],[-87.69494,41.97859],[-87.69771,41.97857],[-87.69862,41.97856],[-87.69901,41.97856],[-87.69898,41.97764],[-87.70522,41.97761],[-87.70522,41.97759],[-87.70519,41.97744],[-87.70514,41.97733],[-87.70512,41.97723],[-87.70509,41.97715],[-87.70506,41.97706],[-87.70502,41.97693],[-87.70494,41.97666],[-87.70493,41.97657],[-87.70492,41.97653],[-87.70487,41.97645],[-87.70481,41.97617],[-87.70483,41.97611],[-87.70482,41.9761],[-87.70479,41.97605],[-87.70476,41.97596],[-87.70475,41.97591],[-87.70473,41.97577],[-87.70521,41.97577],[-87.70698,41.97576],[-87.70754,41.97576],[-87.70807,41.97575],[-87.70868,41.97575],[-87.70866,41.97503],[-87.70866,41.97479],[-87.70858,41.97469],[-87.70826,41.9747],[-87.70809,41.9747],[-87.7076,41.97463],[-87.70722,41.97455],[-87.70697,41.97449],[-87.7065,41.97438],[-87.70633,41.97433],[-87.70623,41.97431],[-87.70619,41.9743],[-87.70608,41.97427],[-87.70577,41.97419],[-87.7057,41.97417],[-87.70565,41.97416],[-87.70554,41.97412],[-87.7054,41.9741],[-87.70529,41.97407],[-87.70513,41.97402],[-87.70478,41.97396],[-87.70404,41.97355],[-87.704,41.97345],[-87.70393,41.97328],[-87.70389,41.97321],[-87.70383,41.97307],[-87.70381,41.97298],[-87.70379,41.97286],[-87.70374,41.97259],[-87.70369,41.97243],[-87.70363,41.97219],[-87.70357,41.97195],[-87.70344,41.97169],[-87.70322,41.97124],[-87.70301,41.97089],[-87.70287,41.97068],[-87.70278,41.97053],[-87.70263,41.97032],[-87.70235,41.96999],[-87.70215,41.96977],[-87.70202,41.96962],[-87.70194,41.96959],[-87.70179,41.96946],[-87.70154,41.9692],[-87.70147,41.9691],[-87.70145,41.96902],[-87.70144,41.96894],[-87.70124,41.96872],[-87.70108,41.96851],[-87.68891,41.96861],[-87.68896,41.97041],[-87.68922,41.97771],[-87.68997,41.9777],[-87.6907,41.97769],[-87.69132,41.97769],[-87.69155,41.97768],[-87.69254,41.97768]]]},"properties":{"level":"es","grades":"K–8","id":"609817","name":"Lyman A Budlong Elementary School","url":"https://www.cps.edu/schools/schoolprofiles/609817","x":-87.69656,"y":41.97575}},{"type":"Feature","geometry":{"type":"Polygon","coordinates":[[[-87.77547,41.91654],[-87.77552,41.91791],[-87.77308,41.91795],[-87.77329,41.92387],[-87.78544,41.92368],[-87.79241,41.92362],[-87.79233,41.9212],[-87.79517,41.92117],[-87.79511,41.91928],[-87.7884,41.91684],[-87.78663,41.91639],[-87.78523,41.91629],[-87.77546,41.91641],[-87.77547,41.91654]]]},"properties":{"level":"es","grades":"K–8","id":"609818","name":"Luther Burbank Elementary School","url":"https://www.cps.edu/schools/schoolprofiles/609818","x":-87.7827,"y":41.9176}},{"type":"Feature","geometry":{"type":"Polygon","coordinates":[[[-87.61137,41.80582],[-87.61259,41.8058],[-87.61263,41.80762],[-87.61386,41.80761],[-87.61654,41.80756],[-87.62603,41.80742],[-87.62598,41.80556],[-87.62436,41.80562],[-87.62427,41.80197],[-87.62265,41.802],[-87.62246,41.79437],[-87.62084,41.7944],[-87.6208,41.79292],[-87.61594,41.793],[-87.61591,41.79215],[-87.6159,41.79169],[-87.61589,41.79117],[-87.61589,41.79094],[-87.61585,41.78935],[-87.61584,41.78889],[-87.61581,41.78765],[-87.6158,41.78752],[-87.61578,41.78671],[-87.61576,41.7857],[-87.61557,41.7857],[-87.6147,41.78572],[-87.61446,41.78573],[-87.613,41.78575],[-87.61244,41.78576],[-87.61187,41.78577],[-87.61092,41.78579],[-87.60972,41.78581],[-87.60604,41.78587],[-87.60606,41.78733],[-87.60608,41.7877],[-87.60609,41.78842],[-87.60611,41.78887],[-87.60611,41.78929],[-87.60612,41.78945],[-87.60614,41.79064],[-87.60615,41.79133],[-87.60616,41.79162],[-87.60616,41.79163],[-87.6062,41.79376],[-87.60621,41.79413],[-87.60622,41.79443],[-87.60622,41.79497],[-87.60624,41.79529],[-87.60626,41.79591],[-87.60627,41.79633],[-87.60628,41.7968],[-87.60631,41.79842],[-87.60632,41.79849],[-87.60634,41.7998],[-87.60635,41.80043],[-87.60636,41.80088],[-87.60638,41.80138],[-87.60639,41.8017],[-87.60641,41.80225],[-87.60677,41.80224],[-87.61129,41.80217],[-87.61137,41.80582]]]},"properties":{"level":"es","grades":"K–8","id":"609819","name":"Edmond Burke Elementary School","url":"https://www.cps.edu/schools/schoolprofiles/609819","x":-87.61614,"y":41.79676}},{"type":"Feature","geometry":{"type":"Polygon","coordinates":[[[-87.65897,41.93984],[-87.65902,41.94166],[-87.67394,41.94145],[-87.67389,41.93963],[-87.67344,41.93963],[-87.67335,41.93599],[-87.67367,41.93598],[-87.67356,41.93234],[-87.67336,41.93234],[-87.67327,41.93234],[-87.67299,41.93235],[-87.67238,41.93235],[-87.67131,41.93237],[-87.67083,41.93237],[-87.67084,41.93282],[-87.67085,41.93295],[-87.67086,41.93328],[-87.6698,41.93329],[-87.66903,41.9333],[-87.66843,41.93331],[-87.66773,41.93332],[-87.66707,41.93333],[-87.66602,41.93335],[-87.66428,41.93338],[-87.66395,41.93338],[-87.66359,41.93339],[-87.66362,41.9343],[-87.6627,41.93431],[-87.66181,41.93433],[-87.6612,41.93434],[-87.66121,41.93448],[-87.66122,41.93504],[-87.66125,41.93569],[-87.66126,41.93604],[-87.66123,41.93657],[-87.66126,41.93708],[-87.66127,41.93721],[-87.66128,41.93753],[-87.66096,41.93799],[-87.6589,41.93802],[-87.65894,41.93893],[-87.65895,41.93938],[-87.65896,41.93961],[-87.65897,41.93984]]]},"properties":{"level":"es","grades":"K–8","id":"609820","name":"Augustus H Burley Elementary School","url":"https://www.cps.edu/schools/schoolprofiles/609820","x":-87.66985,"y":41.93794}},{"type":"Feature","geometry":{"type":"Polygon","coordinates":[[[-87.6039,41.80956],[-87.60391,41.8104],[-87.60393,41.81103],[-87.60393,41.81138],[-87.60395,41.81191],[-87.60395,41.81225],[-87.60396,41.81278],[-87.60398,41.81353],[-87.604,41.81426],[-87.60401,41.81477],[-87.60401,41.81502],[-87.60403,41.81571],[-87.60405,41.8166],[-87.60406,41.81685],[-87.60885,41.81678],[-87.61409,41.81668],[-87.61389,41.81215],[-87.6164,41.81211],[-87.61666,41.81211],[-87.61666,41.8119],[-87.61665,41.81168],[-87.61664,41.8112],[-87.61663,41.81068],[-87.61662,41.81029],[-87.61661,41.81015],[-87.6166,41.80988],[-87.61659,41.80938],[-87.61385,41.80943],[-87.61386,41.80761],[-87.61263,41.80762],[-87.61259,41.8058],[-87.61137,41.80582],[-87.60891,41.80586],[-87.60899,41.8095],[-87.60723,41.80952],[-87.60695,41.80953],[-87.60657,41.80953],[-87.60614,41.80954],[-87.60596,41.80954],[-87.60546,41.80955],[-87.60525,41.80955],[-87.60437,41.80956],[-87.6039,41.80956]]]},"properties":{"level":"es","grades":"K–8","id":"610345","name":"Carter G Woodson South Elementary School","url":"https://www.cps.edu/schools/schoolprofiles/610345","x":-87.60842,"y":41.8145}},{"type":"Feature","geometry":{"type":"Polygon","coordinates":[[[-87.68316,41.78103],[-87.68388,41.78108],[-87.68405,41.78108],[-87.68431,41.78107],[-87.68442,41.78107],[-87.68474,41.78107],[-87.68614,41.78105],[-87.68613,41.7807],[-87.68611,41.78012],[-87.68611,41.77997],[-87.6861,41.7797],[-87.68609,41.77922],[-87.68607,41.77875],[-87.68606,41.77832],[-87.68605,41.77804],[-87.68604,41.77751],[-87.68628,41.7774],[-87.68717,41.77739],[-87.68725,41.77739],[-87.68725,41.77715],[-87.68724,41.77685],[-87.68723,41.77661],[-87.68722,41.77617],[-87.68721,41.77577],[-87.68719,41.77489],[-87.68718,41.77462],[-87.68717,41.7741],[-87.68716,41.77382],[-87.68715,41.77359],[-87.68714,41.77308],[-87.68713,41.77284],[-87.68713,41.7726],[-87.68712,41.77236],[-87.68711,41.77206],[-87.68711,41.77192],[-87.68606,41.77194],[-87.68588,41.77194],[-87.68583,41.77012],[-87.68523,41.77013],[-87.6839,41.77015],[-87.68339,41.77015],[-87.6834,41.77059],[-87.68342,41.77116],[-87.68343,41.77151],[-87.68344,41.77178],[-87.68319,41.77198],[-87.68303,41.77198],[-87.68273,41.77198],[-87.68272,41.77198],[-87.68246,41.77198],[-87.68181,41.77198],[-87.68149,41.77198],[-87.68125,41.77198],[-87.68089,41.77199],[-87.68033,41.77199],[-87.67988,41.772],[-87.67945,41.77201],[-87.67915,41.77201],[-87.67883,41.77201],[-87.67881,41.77201],[-87.67881,41.77205],[-87.67883,41.77251],[-87.67883,41.77281],[-87.67884,41.77299],[-87.67885,41.77353],[-87.67886,41.77368],[-87.67886,41.77397],[-87.67889,41.77493],[-87.6789,41.77523],[-87.67891,41.77551],[-87.67891,41.77563],[-87.67891,41.77564],[-87.67891,41.77567],[-87.67892,41.77613],[-87.67894,41.77663],[-87.67894,41.7768],[-87.67895,41.77716],[-87.67895,41.77736],[-87.67897,41.77799],[-87.67898,41.77835],[-87.67899,41.7787],[-87.67901,41.77924],[-87.67927,41.77924],[-87.67981,41.77923],[-87.68096,41.77921],[-87.68113,41.77952],[-87.68113,41.77969],[-87.68114,41.77995],[-87.68115,41.78026],[-87.68116,41.78106],[-87.68147,41.78106],[-87.68161,41.78105],[-87.68189,41.78105],[-87.68223,41.78105],[-87.68255,41.78104],[-87.68266,41.78104],[-87.683,41.78104],[-87.68316,41.78103]]]},"properties":{"level":"es","grades":"K–7","id":"610053","name":"Marquette Elementary School","url":"https://www.cps.edu/schools/schoolprofiles/610053","x":-87.69703,"y":41.77388}},{"type":"Feature","geometry":{"type":"Polygon","coordinates":[[[-87.72144,41.73486],[-87.72168,41.74218],[-87.73498,41.74195],[-87.73553,41.74203],[-87.74058,41.74197],[-87.7411,41.7419],[-87.74109,41.74164],[-87.74104,41.73998],[-87.74102,41.73937],[-87.741,41.73887],[-87.74099,41.73865],[-87.74097,41.73819],[-87.74097,41.73789],[-87.74094,41.73723],[-87.74093,41.73662],[-87.74093,41.73617],[-87.74094,41.73581],[-87.74099,41.73523],[-87.74103,41.73491],[-87.74107,41.73452],[-87.74016,41.73455],[-87.73988,41.73455],[-87.73964,41.73456],[-87.73959,41.73456],[-87.73953,41.73456],[-87.73895,41.73456],[-87.73894,41.73456],[-87.73871,41.73456],[-87.73864,41.73457],[-87.73861,41.73457],[-87.73857,41.73456],[-87.73848,41.73456],[-87.73846,41.73456],[-87.73841,41.73456],[-87.7384,41.73456],[-87.73775,41.73456],[-87.73757,41.73456],[-87.73721,41.73457],[-87.73655,41.73458],[-87.73529,41.7346],[-87.73478,41.73461],[-87.73356,41.73463],[-87.73295,41.73464],[-87.73235,41.73465],[-87.73234,41.73465],[-87.73139,41.73466],[-87.73113,41.73467],[-87.72996,41.73469],[-87.72992,41.73469],[-87.72871,41.73471],[-87.72771,41.73473],[-87.7277,41.73473],[-87.7275,41.73473],[-87.72628,41.73477],[-87.7259,41.73478],[-87.72507,41.73479],[-87.72432,41.73481],[-87.72359,41.73482],[-87.72252,41.73484],[-87.72234,41.73484],[-87.72144,41.73486]]]},"properties":{"level":"es","grades":"K–8","id":"610352","name":"Durkin Park Elementary School","url":"https://www.cps.edu/schools/schoolprofiles/610352","x":-87.72996,"y":41.73884}},{"type":"Feature","geometry":{"type":"Polygon","coordinates":[[[-87.62853,41.71507],[-87.62858,41.71802],[-87.63364,41.71795],[-87.63372,41.72159],[-87.64321,41.72146],[-87.64305,41.71541],[-87.64303,41.71489],[-87.64303,41.71481],[-87.64302,41.71452],[-87.64301,41.71443],[-87.643,41.71421],[-87.63817,41.71426],[-87.63813,41.71245],[-87.63339,41.71251],[-87.63339,41.71252],[-87.6334,41.71281],[-87.63343,41.71378],[-87.63344,41.71432],[-87.63356,41.71458],[-87.63356,41.71464],[-87.63028,41.71473],[-87.62853,41.71507]]]},"properties":{"level":"es","grades":"K–8","id":"610362","name":"Medgar Evers Elementary School","url":"https://www.cps.edu/schools/schoolprofiles/610362","x":-87.6393,"y":41.71567}},{"type":"Feature","geometry":{"type":"Polygon","coordinates":[[[-87.61243,41.65184],[-87.61259,41.65913],[-87.61646,41.65911],[-87.6173,41.6591],[-87.61815,41.65911],[-87.61886,41.65908],[-87.61893,41.65881],[-87.61911,41.65858],[-87.61913,41.65855],[-87.61911,41.65837],[-87.61918,41.65812],[-87.6192,41.65808],[-87.61943,41.6577],[-87.61943,41.65769],[-87.61955,41.65748],[-87.61965,41.65729],[-87.6197,41.65723],[-87.61988,41.65703],[-87.61997,41.65695],[-87.62054,41.65642],[-87.62066,41.65632],[-87.62098,41.65595],[-87.62111,41.65581],[-87.62164,41.65544],[-87.62172,41.65537],[-87.62178,41.65516],[-87.62185,41.65493],[-87.62189,41.65472],[-87.62192,41.65452],[-87.62206,41.65396],[-87.62209,41.65383],[-87.62209,41.65367],[-87.62196,41.65307],[-87.62178,41.65239],[-87.62174,41.65236],[-87.62168,41.65235],[-87.62163,41.65233],[-87.62132,41.65209],[-87.62127,41.65204],[-87.62102,41.65193],[-87.62089,41.65185],[-87.62065,41.65178],[-87.61995,41.65158],[-87.61961,41.65148],[-87.61866,41.65117],[-87.61828,41.65106],[-87.61793,41.65094],[-87.61771,41.65085],[-87.6176,41.65095],[-87.61757,41.65075],[-87.61734,41.65065],[-87.61723,41.65064],[-87.61723,41.65028],[-87.61723,41.64987],[-87.61723,41.64936],[-87.61722,41.64859],[-87.61723,41.64792],[-87.61723,41.64703],[-87.61723,41.64696],[-87.61722,41.64507],[-87.61704,41.64458],[-87.61554,41.64459],[-87.61473,41.64459],[-87.61383,41.64461],[-87.61359,41.64461],[-87.61329,41.64461],[-87.61234,41.6446],[-87.61238,41.6495],[-87.61243,41.65184]]]},"properties":{"level":"es","grades":"K–8","id":"610364","name":"William E B Dubois Elementary School","url":"https://www.cps.edu/schools/schoolprofiles/610364","x":-87.61432,"y":41.65373}},{"type":"Feature","geometry":{"type":"Polygon","coordinates":[[[-87.65178,41.71386],[-87.65095,41.71317],[-87.65021,41.71361],[-87.64934,41.71393],[-87.64807,41.71414],[-87.643,41.71421],[-87.64301,41.71443],[-87.64302,41.71452],[-87.64303,41.71481],[-87.64303,41.71489],[-87.64305,41.71541],[-87.64321,41.72146],[-87.64678,41.72142],[-87.6475,41.72141],[-87.64815,41.7214],[-87.64935,41.72139],[-87.64969,41.72138],[-87.65011,41.72138],[-87.65027,41.72137],[-87.65049,41.72137],[-87.65053,41.72125],[-87.65085,41.72042],[-87.65094,41.72016],[-87.65123,41.71939],[-87.65153,41.71858],[-87.65191,41.71754],[-87.65192,41.71752],[-87.65224,41.71665],[-87.65241,41.71619],[-87.65259,41.71571],[-87.65277,41.71524],[-87.65294,41.71476],[-87.65319,41.7141],[-87.65319,41.71409],[-87.653,41.71409],[-87.65203,41.71412],[-87.65178,41.71386]]]},"properties":{"level":"es","grades":"K–8","id":"610366","name":"Charles H Wacker Elementary School","url":"https://www.cps.edu/schools/schoolprofiles/610366","x":-87.64804,"y":41.71619}},{"type":"Feature","geometry":{"type":"Polygon","coordinates":[[[-87.7645,41.87129],[-87.76457,41.87186],[-87.76472,41.87654],[-87.76169,41.87657],[-87.76176,41.87838],[-87.755,41.87847],[-87.755,41.87861],[-87.75501,41.87894],[-87.75503,41.87952],[-87.75505,41.87983],[-87.75508,41.88078],[-87.75509,41.8812],[-87.75509,41.88121],[-87.75511,41.88167],[-87.75513,41.88216],[-87.75514,41.88236],[-87.75636,41.88235],[-87.75973,41.88231],[-87.76932,41.88218],[-87.77039,41.88217],[-87.7736,41.88212],[-87.77421,41.88211],[-87.77472,41.8821],[-87.77472,41.88198],[-87.77472,41.88197],[-87.77471,41.88163],[-87.77467,41.88058],[-87.77466,41.88034],[-87.77464,41.8796],[-87.77463,41.87941],[-87.77461,41.87886],[-87.77459,41.87833],[-87.77457,41.87782],[-87.77456,41.87741],[-87.77454,41.87697],[-87.77453,41.8766],[-87.77451,41.87606],[-87.7745,41.87579],[-87.7745,41.87559],[-87.77447,41.87469],[-87.77446,41.87449],[-87.77444,41.87378],[-87.77443,41.87356],[-87.7744,41.87257],[-87.7744,41.87256],[-87.77439,41.87231],[-87.77437,41.87213],[-87.77435,41.87163],[-87.77435,41.87141],[-87.77432,41.87109],[-87.77147,41.87095],[-87.76801,41.87098],[-87.76623,41.87109],[-87.7645,41.87129]]]},"properties":{"level":"es","grades":"K–8","id":"610367","name":"Oscar DePriest Elementary School","url":"https://www.cps.edu/schools/schoolprofiles/610367","x":-87.7663,"y":41.87798}},{"type":"Feature","geometry":{"type":"Polygon","coordinates":[[[-87.62341,41.71467],[-87.62415,41.71497],[-87.62571,41.71525],[-87.62694,41.71522],[-87.62853,41.71507],[-87.63028,41.71473],[-87.63356,41.71464],[-87.63356,41.71458],[-87.63344,41.71432],[-87.63343,41.71378],[-87.6334,41.71281],[-87.63339,41.71252],[-87.63339,41.71251],[-87.63339,41.71245],[-87.63338,41.71223],[-87.63337,41.71157],[-87.63335,41.71097],[-87.63334,41.71069],[-87.63333,41.7103],[-87.63332,41.71001],[-87.63331,41.70945],[-87.63329,41.70888],[-87.63328,41.70851],[-87.63327,41.70817],[-87.63325,41.70735],[-87.63324,41.70704],[-87.63314,41.7034],[-87.63309,41.70158],[-87.62813,41.70164],[-87.62814,41.7018],[-87.62815,41.70233],[-87.62816,41.70269],[-87.62817,41.7033],[-87.62818,41.70346],[-87.62342,41.70352],[-87.62342,41.70346],[-87.61854,41.70354],[-87.61854,41.70359],[-87.61864,41.70724],[-87.6196,41.70722],[-87.62021,41.70721],[-87.61993,41.70904],[-87.62356,41.70898],[-87.62366,41.71369],[-87.62341,41.71467]]]},"properties":{"level":"es","grades":"K–8","id":"610368","name":"Langston Hughes Elementary School","url":"https://www.cps.edu/schools/schoolprofiles/610368","x":-87.62987,"y":41.70534}},{"type":"Feature","geometry":{"type":"MultiPolygon","coordinates":[[[[-87.84657,41.96641],[-87.84658,41.9627],[-87.8465,41.962],[-87.84624,41.96128],[-87.84569,41.96056],[-87.8452,41.96018],[-87.84455,41.95979],[-87.84369,41.95946],[-87.84271,41.95928],[-87.8416,41.95927],[-87.83949,41.95932],[-87.83921,41.95932],[-87.83795,41.95934],[-87.83721,41.95935],[-87.8367,41.95936],[-87.8367,41.96009],[-87.8367,41.96019],[-87.8367,41.96026],[-87.8367,41.96062],[-87.8367,41.96091],[-87.8367,41.96112],[-87.8367,41.96131],[-87.8367,41.96136],[-87.83669,41.96203],[-87.83669,41.96226],[-87.83669,41.96235],[-87.83669,41.9628],[-87.83669,41.96296],[-87.83669,41.9632],[-87.83669,41.96377],[-87.83669,41.96488],[-87.83669,41.96517],[-87.83678,41.9666],[-87.83752,41.96658],[-87.83771,41.96658],[-87.83826,41.96657],[-87.83842,41.96656],[-87.84065,41.96653],[-87.84132,41.96651],[-87.84245,41.96649],[-87.84289,41.96648],[-87.84304,41.96648],[-87.84335,41.96647],[-87.84351,41.96647],[-87.84381,41.96647],[-87.84428,41.96646],[-87.84526,41.96644],[-87.84568,41.96643],[-87.84598,41.96642],[-87.84649,41.96641],[-87.84657,41.96641]]],[[[-87.84657,41.96641],[-87.84656,41.96695],[-87.84655,41.96757],[-87.84654,41.96797],[-87.84654,41.96846],[-87.84655,41.97023],[-87.84654,41.97119],[-87.84654,41.97158],[-87.84653,41.97189],[-87.84638,41.97189],[-87.84631,41.97189],[-87.84587,41.9719],[-87.84544,41.97191],[-87.8454,41.97191],[-87.84522,41.97191],[-87.84486,41.97192],[-87.8447,41.97192],[-87.84456,41.97192],[-87.84434,41.97193],[-87.84355,41.97194],[-87.84322,41.97195],[-87.84289,41.97195],[-87.84256,41.97196],[-87.84223,41.97196],[-87.84207,41.97197],[-87.8419,41.97197],[-87.84178,41.97197],[-87.84158,41.97198],[-87.84158,41.97197],[-87.84158,41.97173],[-87.84158,41.97161],[-87.84158,41.97144],[-87.84158,41.97109],[-87.84158,41.97095],[-87.84159,41.97073],[-87.84159,41.97061],[-87.84159,41.97049],[-87.84134,41.97015],[-87.84123,41.97015],[-87.84053,41.97017],[-87.84018,41.97017],[-87.83974,41.97018],[-87.83936,41.97018],[-87.83897,41.97019],[-87.83874,41.9702],[-87.83863,41.9702],[-87.83827,41.9702],[-87.83756,41.97022],[-87.83725,41.97022],[-87.83693,41.97023],[-87.8367,41.97023],[-87.83665,41.97137],[-87.83795,41.97135],[-87.83795,41.97162],[-87.83795,41.97177],[-87.83795,41.97179],[-87.83795,41.97207],[-87.83794,41.97235],[-87.83794,41.97249],[-87.83794,41.97263],[-87.83794,41.97276],[-87.83793,41.97374],[-87.8396,41.97382],[-87.84103,41.9738],[-87.84156,41.97394],[-87.84156,41.97439],[-87.84156,41.9746],[-87.84086,41.9747],[-87.84001,41.97472],[-87.83962,41.97472],[-87.8393,41.97473],[-87.83894,41.97473],[-87.83859,41.97474],[-87.83824,41.97475],[-87.83806,41.97475],[-87.83734,41.97476],[-87.83681,41.97477],[-87.83669,41.97477],[-87.83663,41.97494],[-87.83663,41.97509],[-87.83663,41.97522],[-87.83663,41.97531],[-87.83658,41.97954],[-87.83658,41.98251],[-87.83658,41.98497],[-87.83658,41.98613],[-87.83658,41.98628],[-87.83658,41.9864],[-87.83766,41.98652],[-87.83822,41.98661],[-87.83948,41.98681],[-87.84005,41.98689],[-87.84149,41.9871],[-87.84174,41.98714],[-87.8433,41.98738],[-87.84353,41.98741],[-87.84413,41.98749],[-87.8444,41.98752],[-87.84505,41.98763],[-87.84574,41.98774],[-87.8464,41.98783],[-87.84653,41.98785],[-87.84671,41.98788],[-87.84736,41.98798],[-87.84823,41.98811],[-87.84857,41.98816],[-87.84875,41.98818],[-87.84928,41.98826],[-87.8497,41.98832],[-87.8499,41.98835],[-87.85025,41.98839],[-87.85051,41.98842],[-87.85058,41.98843],[-87.85084,41.98845],[-87.85101,41.98847],[-87.85143,41.9885],[-87.85161,41.98851],[-87.85177,41.98852],[-87.85199,41.98853],[-87.85212,41.98854],[-87.85229,41.98854],[-87.85239,41.98855],[-87.85268,41.98856],[-87.85361,41.9886],[-87.85446,41.9887],[-87.85483,41.98876],[-87.8555,41.98894],[-87.85554,41.98885],[-87.8555,41.98845],[-87.8553,41.98792],[-87.85591,41.98669],[-87.85627,41.98567],[-87.85648,41.9852],[-87.85652,41.98511],[-87.85654,41.985],[-87.85653,41.98455],[-87.85649,41.98445],[-87.85626,41.98378],[-87.85614,41.98351],[-87.85599,41.98286],[-87.85595,41.98274],[-87.85562,41.98217],[-87.85556,41.98184],[-87.85596,41.98068],[-87.85632,41.98021],[-87.85642,41.98017],[-87.85737,41.97943],[-87.8578,41.97907],[-87.85838,41.97851],[-87.85866,41.97822],[-87.85954,41.97741],[-87.86042,41.97655],[-87.86102,41.97618],[-87.86149,41.9756],[-87.86186,41.97483],[-87.86193,41.97412],[-87.8619,41.97387],[-87.86178,41.97345],[-87.86132,41.97281],[-87.86002,41.97194],[-87.85943,41.97167],[-87.85878,41.97156],[-87.85748,41.97193],[-87.85632,41.97254],[-87.85612,41.9726],[-87.85538,41.97264],[-87.8548,41.97236],[-87.85426,41.97186],[-87.85395,41.97127],[-87.85405,41.9707],[-87.85445,41.96982],[-87.85473,41.96916],[-87.85497,41.96813],[-87.85469,41.96728],[-87.85462,41.9665],[-87.85463,41.96641],[-87.85469,41.96614],[-87.84657,41.96641]]]]},"properties":{"level":"es","grades":"K–8","id":"609874","name":"Everett McKinley Dirksen Elementary School","url":"https://www.cps.edu/schools/schoolprofiles/609874","x":-87.84104,"y":41.97371}},{"type":"Feature","geometry":{"type":"Polygon","coordinates":[[[-87.66041,41.99455],[-87.66055,41.99819],[-87.67086,41.99807],[-87.68136,41.99787],[-87.68501,41.99781],[-87.68493,41.996],[-87.68982,41.99591],[-87.68976,41.99409],[-87.68972,41.99278],[-87.6897,41.99227],[-87.68967,41.9905],[-87.68966,41.98999],[-87.68964,41.9895],[-87.68961,41.98881],[-87.6896,41.98834],[-87.68958,41.98778],[-87.68957,41.98731],[-87.68954,41.98658],[-87.68951,41.98551],[-87.68949,41.98499],[-87.68947,41.98441],[-87.68947,41.98423],[-87.68946,41.98388],[-87.68946,41.9836],[-87.68944,41.98283],[-87.68942,41.9826],[-87.68936,41.98126],[-87.68934,41.98076],[-87.68932,41.98032],[-87.68929,41.97952],[-87.68923,41.97794],[-87.68922,41.97771],[-87.68845,41.97772],[-87.68422,41.9796],[-87.68394,41.97975],[-87.68369,41.97988],[-87.68334,41.98006],[-87.68293,41.98028],[-87.68246,41.98053],[-87.68185,41.98085],[-87.68177,41.98089],[-87.68131,41.98113],[-87.68116,41.98121],[-87.68084,41.98137],[-87.68058,41.9815],[-87.68032,41.98164],[-87.67972,41.98194],[-87.67954,41.98193],[-87.6795,41.9821],[-87.6795,41.98219],[-87.6795,41.98222],[-87.6795,41.98247],[-87.67952,41.98298],[-87.67951,41.98316],[-87.67946,41.98322],[-87.67944,41.98323],[-87.6792,41.98327],[-87.67896,41.98326],[-87.67884,41.98326],[-87.67837,41.98326],[-87.67772,41.98327],[-87.67725,41.98328],[-87.67609,41.9833],[-87.67493,41.98332],[-87.67472,41.98333],[-87.67461,41.98336],[-87.6747,41.98653],[-87.6746,41.98679],[-87.67471,41.99076],[-87.67215,41.99078],[-87.66998,41.9897],[-87.67015,41.99444],[-87.66041,41.99455]]]},"properties":{"level":"es","grades":"K–8","id":"609976","name":"Stephen K Hayt Elementary School","url":"https://www.cps.edu/schools/schoolprofiles/609976","x":-87.6685,"y":41.99454}},{"type":"Feature","geometry":{"type":"Polygon","coordinates":[[[-87.7697,41.92575],[-87.76971,41.92595],[-87.76972,41.92621],[-87.76976,41.92758],[-87.78558,41.92734],[-87.78544,41.92368],[-87.77329,41.92387],[-87.77308,41.91795],[-87.77552,41.91791],[-87.77547,41.91654],[-87.77385,41.91649],[-87.76573,41.91657],[-87.76573,41.91659],[-87.76573,41.91662],[-87.76577,41.91818],[-87.76583,41.91965],[-87.76586,41.92041],[-87.76587,41.9209],[-87.7659,41.92151],[-87.76591,41.92188],[-87.76592,41.92216],[-87.76957,41.9221],[-87.7697,41.92575]]]},"properties":{"level":"es","grades":"K–8","id":"610533","name":"Dr Jorge Prieto Math and Science","url":"https://www.cps.edu/schools/schoolprofiles/610533","x":-87.76578,"y":41.92132}},{"type":"Feature","geometry":{"type":"Polygon","coordinates":[[[-87.75609,41.92228],[-87.7561,41.92274],[-87.75615,41.92411],[-87.75426,41.92413],[-87.75368,41.92414],[-87.7537,41.92476],[-87.75373,41.9255],[-87.75374,41.92554],[-87.75375,41.926],[-87.75428,41.92599],[-87.75591,41.92597],[-87.75754,41.92595],[-87.75897,41.92591],[-87.75967,41.9259],[-87.76051,41.92589],[-87.76101,41.92589],[-87.76113,41.92588],[-87.76133,41.92586],[-87.76244,41.92585],[-87.76359,41.92584],[-87.76543,41.92581],[-87.76566,41.92581],[-87.76605,41.9258],[-87.76623,41.9258],[-87.76666,41.9258],[-87.76727,41.92579],[-87.76781,41.92578],[-87.7687,41.92577],[-87.7697,41.92575],[-87.76957,41.9221],[-87.76592,41.92216],[-87.76591,41.92188],[-87.7659,41.92151],[-87.76587,41.9209],[-87.76586,41.92041],[-87.76583,41.91965],[-87.76577,41.91818],[-87.76573,41.91662],[-87.76404,41.91654],[-87.76082,41.91619],[-87.75589,41.91559],[-87.75589,41.91548],[-87.75285,41.91511],[-87.75285,41.91525],[-87.75286,41.91543],[-87.75288,41.91571],[-87.75288,41.91596],[-87.75291,41.91665],[-87.75338,41.91684],[-87.75421,41.91686],[-87.7546,41.91687],[-87.75461,41.91734],[-87.75461,41.91746],[-87.75463,41.91789],[-87.75463,41.91806],[-87.75469,41.91825],[-87.75474,41.91837],[-87.75476,41.91865],[-87.75477,41.91911],[-87.7548,41.91999],[-87.75481,41.92047],[-87.75483,41.92092],[-87.75484,41.92133],[-87.75484,41.92155],[-87.75486,41.9223],[-87.75508,41.92229],[-87.75609,41.92228]]]},"properties":{"level":"es","grades":"K–8","id":"610068","name":"Hanson Park Elementary School","url":"https://www.cps.edu/schools/schoolprofiles/610068","x":-87.76152,"y":41.92395}},{"type":"Feature","geometry":{"type":"Polygon","coordinates":[[[-87.63773,41.88572],[-87.64424,41.8857],[-87.64433,41.88903],[-87.64579,41.88907],[-87.64796,41.88905],[-87.65486,41.88898],[-87.66512,41.88886],[-87.66707,41.88885],[-87.66706,41.88828],[-87.66706,41.88805],[-87.66704,41.88738],[-87.667,41.88615],[-87.66698,41.8854],[-87.66691,41.88512],[-87.66687,41.8833],[-87.66681,41.88164],[-87.6668,41.88146],[-87.66679,41.88119],[-87.66679,41.88091],[-87.66679,41.88078],[-87.66675,41.87999],[-87.66675,41.8789],[-87.66669,41.87762],[-87.66666,41.87614],[-87.66664,41.87572],[-87.66664,41.87549],[-87.66081,41.87559],[-87.6577,41.87558],[-87.65585,41.87553],[-87.65136,41.8753],[-87.64729,41.87539],[-87.63664,41.87556],[-87.63707,41.87603],[-87.63743,41.8767],[-87.63747,41.8768],[-87.63752,41.87692],[-87.63766,41.87731],[-87.63772,41.87765],[-87.63777,41.87807],[-87.63778,41.87816],[-87.63798,41.87876],[-87.6381,41.87907],[-87.63811,41.87925],[-87.63811,41.87941],[-87.6382,41.87977],[-87.63829,41.8806],[-87.63827,41.88131],[-87.63822,41.8819],[-87.63822,41.88226],[-87.63818,41.88277],[-87.63815,41.88311],[-87.63814,41.88319],[-87.63807,41.88348],[-87.63803,41.88366],[-87.63797,41.884],[-87.63791,41.88435],[-87.63791,41.88445],[-87.6379,41.88457],[-87.6378,41.88526],[-87.63773,41.88572]]]},"properties":{"level":"es","grades":"K–8","id":"610177","name":"Mark Skinner Elementary School","url":"https://www.cps.edu/schools/schoolprofiles/610177","x":-87.65942,"y":41.8791}},{"type":"Feature","geometry":{"type":"Polygon","coordinates":[[[-87.66707,41.88885],[-87.66726,41.88886],[-87.66777,41.88885],[-87.66811,41.88885],[-87.66899,41.88885],[-87.66933,41.88884],[-87.66952,41.88884],[-87.66993,41.88883],[-87.67017,41.88883],[-87.67076,41.88883],[-87.67113,41.88881],[-87.67248,41.88879],[-87.67279,41.88878],[-87.67336,41.88877],[-87.67361,41.88877],[-87.67403,41.88877],[-87.67425,41.88876],[-87.6744,41.88876],[-87.6744,41.88873],[-87.67439,41.88822],[-87.67438,41.88809],[-87.67436,41.88745],[-87.67436,41.88722],[-87.67434,41.88646],[-87.67433,41.88636],[-87.67433,41.88629],[-87.67432,41.8859],[-87.67595,41.88588],[-87.67677,41.88586],[-87.67676,41.88551],[-87.67675,41.88541],[-87.67675,41.88536],[-87.67674,41.88501],[-87.67674,41.88498],[-87.67617,41.885],[-87.67578,41.88502],[-87.67518,41.88504],[-87.67429,41.88507],[-87.67428,41.88458],[-87.67427,41.88412],[-87.67425,41.88369],[-87.67425,41.88364],[-87.67424,41.88318],[-87.67619,41.88315],[-87.67668,41.88291],[-87.67668,41.88269],[-87.67666,41.88223],[-87.67665,41.88183],[-87.67665,41.88172],[-87.67664,41.88131],[-87.67664,41.88112],[-87.67663,41.88064],[-87.67662,41.88018],[-87.6766,41.8796],[-87.67654,41.87711],[-87.67654,41.87676],[-87.67653,41.87641],[-87.67652,41.87594],[-87.6765,41.87537],[-87.67632,41.87538],[-87.67584,41.87538],[-87.67152,41.87545],[-87.67068,41.87545],[-87.66964,41.87543],[-87.66944,41.87543],[-87.66911,41.87545],[-87.66744,41.87548],[-87.66682,41.87549],[-87.66664,41.87549],[-87.66664,41.87572],[-87.66666,41.87614],[-87.66669,41.87762],[-87.66675,41.8789],[-87.66675,41.87999],[-87.66679,41.88078],[-87.66679,41.88091],[-87.66679,41.88119],[-87.6668,41.88146],[-87.66681,41.88164],[-87.66687,41.8833],[-87.66691,41.88512],[-87.66698,41.8854],[-87.667,41.88615],[-87.66704,41.88738],[-87.66706,41.88805],[-87.66706,41.88828],[-87.66707,41.88885]]]},"properties":{"level":"es","grades":"K–7","id":"610252","name":"Robert Nathaniel Dett Elementary School","url":"https://www.cps.edu/schools/schoolprofiles/610252","x":-87.68031,"y":41.87987}},{"type":"Feature","geometry":{"type":"Polygon","coordinates":[[[-87.65742,41.90351],[-87.66429,41.90338],[-87.66649,41.90336],[-87.66751,41.90402],[-87.66743,41.90104],[-87.66988,41.901],[-87.66984,41.89967],[-87.66739,41.89971],[-87.66709,41.88917],[-87.66707,41.88885],[-87.66512,41.88886],[-87.65486,41.88898],[-87.64796,41.88905],[-87.64852,41.88955],[-87.6527,41.89245],[-87.65324,41.89261],[-87.65674,41.89501],[-87.65751,41.89561],[-87.65827,41.89635],[-87.65924,41.89763],[-87.65992,41.89915],[-87.65855,41.89827],[-87.65861,41.89985],[-87.65834,41.89985],[-87.65712,41.89914],[-87.65541,41.89855],[-87.65353,41.89812],[-87.65312,41.89816],[-87.65188,41.89739],[-87.65081,41.89634],[-87.64775,41.8964],[-87.64783,41.89796],[-87.64879,41.89809],[-87.6494,41.89831],[-87.65136,41.89974],[-87.65212,41.90008],[-87.65451,41.90053],[-87.65538,41.90081],[-87.65589,41.90117],[-87.65647,41.90262],[-87.65742,41.90351]]]},"properties":{"level":"es","grades":"K–8","id":"610107","name":"James Otis Elementary School","url":"https://www.cps.edu/schools/schoolprofiles/610107","x":-87.66543,"y":41.89181}},{"type":"Feature","geometry":{"type":"Polygon","coordinates":[[[-87.63124,41.78107],[-87.63125,41.78134],[-87.63125,41.78144],[-87.63128,41.78259],[-87.63512,41.78254],[-87.6351,41.78177],[-87.63482,41.77146],[-87.63731,41.77141],[-87.63729,41.77077],[-87.63973,41.77073],[-87.63971,41.76892],[-87.63966,41.7671],[-87.63719,41.76713],[-87.63347,41.76719],[-87.63278,41.76903],[-87.62826,41.7691],[-87.62827,41.76929],[-87.62827,41.76953],[-87.62828,41.76981],[-87.6283,41.77039],[-87.62832,41.7711],[-87.62833,41.77137],[-87.62838,41.77325],[-87.62841,41.77459],[-87.62842,41.77468],[-87.62842,41.77491],[-87.62842,41.77495],[-87.62844,41.77542],[-87.62842,41.77567],[-87.62872,41.77588],[-87.62907,41.77618],[-87.62919,41.77628],[-87.6296,41.77664],[-87.62974,41.77675],[-87.62996,41.77693],[-87.63006,41.77709],[-87.63006,41.77729],[-87.63028,41.77815],[-87.63051,41.7786],[-87.6306,41.77887],[-87.63067,41.77914],[-87.63074,41.77984],[-87.63074,41.77991],[-87.63075,41.77998],[-87.63079,41.77998],[-87.63086,41.77998],[-87.6312,41.78],[-87.63124,41.78107]]]},"properties":{"level":"es","grades":"K–8","id":"610112","name":"Francis W Parker Elementary Community Academy","url":"https://www.cps.edu/schools/schoolprofiles/610112","x":-87.63409,"y":41.77078}},{"type":"Feature","geometry":{"type":"Polygon","coordinates":[[[-87.65742,41.90351],[-87.65816,41.90453],[-87.65829,41.90504],[-87.65774,41.90844],[-87.65685,41.91074],[-87.65686,41.91078],[-87.66769,41.91063],[-87.66767,41.90987],[-87.67255,41.9098],[-87.67249,41.90719],[-87.66751,41.90402],[-87.66649,41.90336],[-87.66429,41.90338],[-87.65742,41.90351]]]},"properties":{"level":"es","grades":"K–8","id":"610029","name":"Rodolfo Lozano Bilingual & International Ctr ES","url":"https://www.cps.edu/schools/schoolprofiles/610029","x":-87.66509,"y":41.90889}},{"type":"Feature","geometry":{"type":"Polygon","coordinates":[[[-87.66707,41.88885],[-87.66709,41.88917],[-87.66739,41.89971],[-87.66984,41.89967],[-87.67471,41.89959],[-87.67461,41.89595],[-87.67774,41.8959],[-87.6782,41.89589],[-87.67919,41.89587],[-87.6795,41.89587],[-87.67929,41.88869],[-87.67783,41.88871],[-87.67685,41.88872],[-87.6744,41.88876],[-87.67425,41.88876],[-87.67403,41.88877],[-87.67361,41.88877],[-87.67336,41.88877],[-87.67279,41.88878],[-87.67248,41.88879],[-87.67113,41.88881],[-87.67076,41.88883],[-87.67017,41.88883],[-87.66993,41.88883],[-87.66952,41.88884],[-87.66933,41.88884],[-87.66899,41.88885],[-87.66811,41.88885],[-87.66777,41.88885],[-87.66726,41.88886],[-87.66707,41.88885]]]},"properties":{"level":"es","grades":"K–8","id":"610197","name":"Mancel Talcott Elementary School","url":"https://www.cps.edu/schools/schoolprofiles/610197","x":-87.67372,"y":41.8924}},{"type":"Feature","geometry":{"type":"Polygon","coordinates":[[[-87.72258,41.77137],[-87.72276,41.77866],[-87.7234,41.77865],[-87.72398,41.77864],[-87.7252,41.77863],[-87.72564,41.77862],[-87.72598,41.77862],[-87.72666,41.77861],[-87.72764,41.7786],[-87.72868,41.77859],[-87.72928,41.77858],[-87.73073,41.77856],[-87.7313,41.77856],[-87.73253,41.77854],[-87.73742,41.77849],[-87.7372,41.7712],[-87.72495,41.77135],[-87.72437,41.77135],[-87.72342,41.77136],[-87.72258,41.77137]]]},"properties":{"level":"es","grades":"K–8","id":"610291","name":"Richard Henry Lee Elementary School","url":"https://www.cps.edu/schools/schoolprofiles/610291","x":-87.72888,"y":41.77531}},{"type":"Feature","geometry":{"type":"Polygon","coordinates":[[[-87.70281,41.76439],[-87.70282,41.7647],[-87.70283,41.76516],[-87.70284,41.76541],[-87.70285,41.76616],[-87.70291,41.76921],[-87.70293,41.76994],[-87.70295,41.77064],[-87.70297,41.77162],[-87.70297,41.77167],[-87.70322,41.77167],[-87.70387,41.77166],[-87.70436,41.77165],[-87.70547,41.77164],[-87.70599,41.77163],[-87.70738,41.77161],[-87.70792,41.7716],[-87.7086,41.77158],[-87.70953,41.77157],[-87.71172,41.77153],[-87.71269,41.77152],[-87.71298,41.77152],[-87.71414,41.7715],[-87.71488,41.77149],[-87.71614,41.77147],[-87.71651,41.77147],[-87.71844,41.77144],[-87.71928,41.77143],[-87.72012,41.77141],[-87.72104,41.7714],[-87.72211,41.77138],[-87.72258,41.77137],[-87.72243,41.7652],[-87.72235,41.7641],[-87.72228,41.76105],[-87.72171,41.76084],[-87.71981,41.75988],[-87.71989,41.76231],[-87.71866,41.76232],[-87.71872,41.76415],[-87.70439,41.76435],[-87.70281,41.76439]]]},"properties":{"level":"es","grades":"K–8","id":"610006","name":"Edward N Hurley Elementary School","url":"https://www.cps.edu/schools/schoolprofiles/610006","x":-87.71954,"y":41.76678}},{"type":"Feature","geometry":{"type":"Polygon","coordinates":[[[-87.69466,41.82461],[-87.69474,41.82734],[-87.70208,41.82721],[-87.70203,41.82537],[-87.70448,41.82532],[-87.70455,41.82858],[-87.70467,41.83164],[-87.7068,41.83097],[-87.70845,41.83046],[-87.71444,41.82861],[-87.71455,41.82857],[-87.71454,41.82849],[-87.71454,41.82834],[-87.71454,41.82822],[-87.71444,41.82713],[-87.71443,41.82675],[-87.71443,41.82666],[-87.71443,41.82648],[-87.71431,41.82647],[-87.7143,41.82634],[-87.7143,41.82632],[-87.7143,41.82628],[-87.71429,41.82606],[-87.71429,41.82596],[-87.71429,41.8258],[-87.71428,41.82575],[-87.71428,41.82571],[-87.71428,41.82568],[-87.71432,41.82449],[-87.71435,41.82372],[-87.71439,41.82246],[-87.71439,41.82244],[-87.71426,41.82244],[-87.71383,41.82246],[-87.7048,41.82258],[-87.69709,41.82274],[-87.69463,41.82279],[-87.69466,41.82461]]]},"properties":{"level":"es","grades":"K–8","id":"610353","name":"Calmeca Academy of Fine Arts and Dual Language","url":"https://www.cps.edu/schools/schoolprofiles/610353","x":-87.71165,"y":41.82438}},{"type":"Feature","geometry":{"type":"Polygon","coordinates":[[[-87.68488,41.823],[-87.6849,41.82307],[-87.68488,41.82345],[-87.68486,41.82459],[-87.68487,41.82493],[-87.6849,41.82574],[-87.6849,41.82594],[-87.68685,41.82477],[-87.69466,41.82461],[-87.69463,41.82279],[-87.69709,41.82274],[-87.69712,41.82266],[-87.697,41.81882],[-87.69695,41.81856],[-87.69773,41.81808],[-87.69775,41.81807],[-87.69788,41.81799],[-87.69851,41.81761],[-87.69821,41.81733],[-87.698,41.81729],[-87.69601,41.81733],[-87.69538,41.81734],[-87.69512,41.81734],[-87.69482,41.81735],[-87.69448,41.81736],[-87.69449,41.81765],[-87.6945,41.81795],[-87.69452,41.81847],[-87.69453,41.81894],[-87.69454,41.81916],[-87.69455,41.81941],[-87.69455,41.8196],[-87.69457,41.82002],[-87.69403,41.82035],[-87.6934,41.82074],[-87.69293,41.82027],[-87.69261,41.81995],[-87.69226,41.81959],[-87.6918,41.81913],[-87.69133,41.81865],[-87.69127,41.81859],[-87.69123,41.81856],[-87.69089,41.81856],[-87.69014,41.81857],[-87.68961,41.81846],[-87.6896,41.81791],[-87.68951,41.81743],[-87.68897,41.81744],[-87.68859,41.81745],[-87.68837,41.81745],[-87.68741,41.81746],[-87.68717,41.81798],[-87.68719,41.81877],[-87.68721,41.81948],[-87.68723,41.81999],[-87.68724,41.82059],[-87.68719,41.82106],[-87.68665,41.82107],[-87.68605,41.82108],[-87.68587,41.82108],[-87.68545,41.82109],[-87.68477,41.8211],[-87.68484,41.82279],[-87.68488,41.823]]]},"properties":{"level":"es","grades":"K–8","id":"610317","name":"Brighton Park Elementary School","url":"https://www.cps.edu/schools/schoolprofiles/610317","x":-87.69208,"y":41.8239}},{"type":"Feature","geometry":{"type":"Polygon","coordinates":[[[-87.69932,41.81483],[-87.69934,41.81532],[-87.69935,41.81571],[-87.69936,41.81593],[-87.69937,41.81629],[-87.69938,41.81664],[-87.69939,41.81681],[-87.6994,41.81706],[-87.69915,41.81722],[-87.69851,41.81761],[-87.69788,41.81799],[-87.69775,41.81807],[-87.69773,41.81808],[-87.69695,41.81856],[-87.697,41.81882],[-87.69712,41.82266],[-87.69709,41.82274],[-87.7048,41.82258],[-87.71383,41.82246],[-87.71426,41.82244],[-87.71439,41.82244],[-87.71407,41.81523],[-87.71427,41.80808],[-87.71387,41.80799],[-87.70756,41.80808],[-87.70762,41.8099],[-87.70778,41.81138],[-87.70813,41.8117],[-87.70728,41.81223],[-87.70672,41.81257],[-87.70474,41.81379],[-87.70421,41.81411],[-87.70335,41.81464],[-87.70295,41.81424],[-87.70293,41.8136],[-87.69928,41.81365],[-87.6993,41.81436],[-87.69932,41.81483]]]},"properties":{"level":"es","grades":"K–8","id":"609876","name":"Nathan S Davis Elementary School","url":"https://www.cps.edu/schools/schoolprofiles/609876","x":-87.7002,"y":41.82185}},{"type":"Feature","geometry":{"type":"Polygon","coordinates":[[[-87.68982,41.99591],[-87.68987,41.99729],[-87.68988,41.99773],[-87.69032,41.99772],[-87.69142,41.99771],[-87.69276,41.99768],[-87.6944,41.99765],[-87.69964,41.99756],[-87.69958,41.99577],[-87.702,41.99574],[-87.70194,41.99395],[-87.70447,41.99389],[-87.70924,41.99385],[-87.70919,41.99234],[-87.709,41.99144],[-87.70954,41.99172],[-87.70909,41.99038],[-87.68967,41.9905],[-87.6897,41.99227],[-87.68972,41.99278],[-87.68976,41.99409],[-87.68982,41.99591]]]},"properties":{"level":"es","grades":"K–8","id":"609859","name":"DeWitt Clinton Elementary School","url":"https://www.cps.edu/schools/schoolprofiles/609859","x":-87.69836,"y":41.99254}},{"type":"Feature","geometry":{"type":"Polygon","coordinates":[[[-87.80694,41.98247],[-87.81048,41.98243],[-87.81318,41.98248],[-87.81511,41.98277],[-87.81861,41.9836],[-87.82336,41.98423],[-87.82333,41.98451],[-87.82352,41.98453],[-87.82551,41.98481],[-87.8268,41.985],[-87.83356,41.98596],[-87.83539,41.98623],[-87.83658,41.9864],[-87.83658,41.98628],[-87.83658,41.98613],[-87.83658,41.98497],[-87.83658,41.98251],[-87.83658,41.97954],[-87.83663,41.97531],[-87.83651,41.97532],[-87.83644,41.97532],[-87.83625,41.97532],[-87.83623,41.97532],[-87.83608,41.97533],[-87.83605,41.97533],[-87.836,41.97533],[-87.83583,41.97533],[-87.83576,41.97533],[-87.83572,41.97533],[-87.83563,41.97533],[-87.83555,41.97534],[-87.83485,41.97535],[-87.83463,41.97535],[-87.8345,41.97535],[-87.83381,41.97537],[-87.83363,41.97534],[-87.83363,41.97525],[-87.83363,41.97515],[-87.83363,41.97512],[-87.83363,41.97494],[-87.83363,41.97493],[-87.83358,41.97491],[-87.83353,41.97491],[-87.83346,41.97492],[-87.83342,41.97492],[-87.83341,41.97492],[-87.83342,41.97447],[-87.83342,41.97392],[-87.83288,41.97393],[-87.83272,41.97393],[-87.83249,41.97394],[-87.83236,41.97394],[-87.83174,41.97395],[-87.83172,41.97384],[-87.83173,41.97306],[-87.8312,41.97307],[-87.83081,41.97307],[-87.83012,41.97308],[-87.82992,41.97309],[-87.82933,41.9731],[-87.82905,41.9731],[-87.82878,41.97311],[-87.82829,41.97312],[-87.82815,41.97312],[-87.82798,41.97312],[-87.82771,41.97313],[-87.82679,41.97314],[-87.82674,41.97321],[-87.82674,41.97335],[-87.82674,41.97369],[-87.82674,41.97384],[-87.82614,41.97405],[-87.82581,41.97406],[-87.82563,41.97406],[-87.82542,41.97407],[-87.82502,41.97408],[-87.8248,41.97408],[-87.8235,41.97412],[-87.82305,41.97413],[-87.82294,41.97413],[-87.82205,41.97415],[-87.82151,41.97417],[-87.8208,41.97419],[-87.82027,41.9742],[-87.81967,41.97422],[-87.8194,41.97422],[-87.81943,41.97396],[-87.81943,41.97355],[-87.81943,41.97346],[-87.81943,41.97322],[-87.81897,41.97322],[-87.81897,41.97305],[-87.81897,41.97286],[-87.81897,41.97285],[-87.81897,41.97279],[-87.81897,41.97267],[-87.81897,41.97258],[-87.81897,41.97248],[-87.81897,41.97231],[-87.81898,41.97218],[-87.81898,41.97212],[-87.81898,41.97193],[-87.81898,41.97174],[-87.81898,41.97158],[-87.81898,41.97146],[-87.81898,41.97135],[-87.81898,41.97119],[-87.81898,41.9709],[-87.81898,41.97087],[-87.81899,41.97079],[-87.81899,41.97061],[-87.8187,41.97061],[-87.81841,41.97062],[-87.818,41.97063],[-87.81797,41.97063],[-87.81776,41.97064],[-87.81767,41.97064],[-87.81753,41.97064],[-87.81752,41.97064],[-87.81738,41.97065],[-87.81734,41.97065],[-87.81729,41.97065],[-87.81719,41.97065],[-87.81695,41.97066],[-87.81695,41.9711],[-87.81695,41.97127],[-87.81695,41.97144],[-87.81694,41.97168],[-87.81694,41.97213],[-87.81693,41.97258],[-87.81693,41.97289],[-87.81693,41.97338],[-87.81693,41.97369],[-87.81692,41.97391],[-87.81692,41.97399],[-87.81692,41.97429],[-87.81619,41.97431],[-87.81587,41.97432],[-87.81487,41.97434],[-87.81458,41.97435],[-87.81431,41.97436],[-87.81384,41.97437],[-87.81381,41.97437],[-87.81359,41.97437],[-87.81341,41.97438],[-87.81306,41.97439],[-87.81271,41.9744],[-87.81245,41.9744],[-87.81222,41.97441],[-87.81057,41.97445],[-87.81026,41.97446],[-87.81005,41.97447],[-87.80936,41.97448],[-87.80858,41.9745],[-87.80806,41.97452],[-87.80772,41.97453],[-87.80729,41.97454],[-87.80717,41.97454],[-87.80707,41.97454],[-87.80706,41.97549],[-87.80473,41.97551],[-87.80464,41.98193],[-87.80694,41.98191],[-87.80694,41.98247]],[[-87.83321,41.98361],[-87.83321,41.98366],[-87.8332,41.98369],[-87.83301,41.9837],[-87.83287,41.98371],[-87.83265,41.98371],[-87.83236,41.98372],[-87.83209,41.98372],[-87.83199,41.98372],[-87.8311,41.98374],[-87.83093,41.98374],[-87.83063,41.98374],[-87.82975,41.98375],[-87.82953,41.98376],[-87.82923,41.98376],[-87.82835,41.98378],[-87.82828,41.9838],[-87.82816,41.98373],[-87.82815,41.98339],[-87.82815,41.98314],[-87.82815,41.98282],[-87.82815,41.98257],[-87.82814,41.9822],[-87.82814,41.98192],[-87.82737,41.98193],[-87.82675,41.98194],[-87.82601,41.98195],[-87.82529,41.98196],[-87.82527,41.982],[-87.82527,41.98206],[-87.82528,41.98227],[-87.82529,41.98252],[-87.8253,41.983],[-87.82429,41.98301],[-87.82384,41.98302],[-87.82353,41.98303],[-87.82354,41.98292],[-87.82365,41.98202],[-87.82368,41.98181],[-87.82372,41.98152],[-87.82374,41.98137],[-87.82379,41.98094],[-87.82384,41.98059],[-87.82387,41.98032],[-87.82391,41.98006],[-87.82394,41.97983],[-87.82396,41.97966],[-87.82399,41.97944],[-87.82403,41.97916],[-87.82408,41.97875],[-87.82411,41.97851],[-87.82415,41.97818],[-87.82417,41.97804],[-87.82419,41.97789],[-87.82422,41.97766],[-87.82425,41.97745],[-87.8243,41.97706],[-87.82433,41.97682],[-87.8244,41.97625],[-87.82487,41.97607],[-87.82547,41.97606],[-87.8261,41.97605],[-87.82635,41.97604],[-87.82637,41.97604],[-87.8272,41.97603],[-87.82742,41.97603],[-87.82743,41.97603],[-87.82786,41.97602],[-87.82809,41.97601],[-87.82852,41.97601],[-87.82874,41.976],[-87.82896,41.976],[-87.82897,41.976],[-87.8294,41.97599],[-87.82984,41.97598],[-87.83006,41.97598],[-87.83028,41.97598],[-87.83051,41.97597],[-87.83073,41.97597],[-87.83116,41.97596],[-87.8314,41.97596],[-87.83186,41.97595],[-87.83252,41.97594],[-87.83296,41.97593],[-87.8334,41.97592],[-87.83362,41.97631],[-87.83362,41.97689],[-87.83337,41.97689],[-87.83296,41.9769],[-87.83285,41.9769],[-87.83268,41.97691],[-87.83246,41.97691],[-87.83228,41.97691],[-87.83227,41.97691],[-87.83207,41.97692],[-87.83161,41.97692],[-87.83139,41.97693],[-87.83117,41.97693],[-87.83113,41.97693],[-87.83095,41.97694],[-87.83088,41.97694],[-87.83062,41.97694],[-87.83029,41.97695],[-87.8301,41.97695],[-87.82985,41.97695],[-87.8296,41.97696],[-87.83002,41.97733],[-87.83004,41.97733],[-87.83004,41.97769],[-87.83005,41.97799],[-87.83002,41.97806],[-87.82972,41.97842],[-87.82887,41.97844],[-87.82864,41.97877],[-87.82868,41.97884],[-87.8287,41.97884],[-87.8287,41.97912],[-87.82808,41.97912],[-87.82808,41.97928],[-87.8287,41.97929],[-87.8287,41.97946],[-87.82869,41.9798],[-87.82869,41.98033],[-87.82919,41.98059],[-87.82976,41.98059],[-87.83007,41.98058],[-87.83042,41.98057],[-87.83051,41.98057],[-87.83074,41.98057],[-87.83076,41.98057],[-87.83097,41.98056],[-87.83107,41.98056],[-87.83135,41.98056],[-87.8314,41.98056],[-87.83162,41.98055],[-87.83172,41.98055],[-87.83191,41.98055],[-87.83205,41.98055],[-87.83224,41.98054],[-87.83266,41.98054],[-87.83281,41.98053],[-87.83325,41.98053],[-87.83424,41.98051],[-87.83448,41.98051],[-87.8351,41.9805],[-87.8351,41.98066],[-87.83436,41.98085],[-87.83452,41.98115],[-87.83483,41.98115],[-87.83509,41.98115],[-87.83509,41.98152],[-87.83508,41.98185],[-87.83508,41.98207],[-87.83507,41.98267],[-87.83457,41.98267],[-87.83428,41.98266],[-87.83402,41.98266],[-87.83388,41.98266],[-87.83359,41.98283],[-87.83359,41.98292],[-87.83359,41.98296],[-87.83359,41.98327],[-87.83359,41.98342],[-87.83358,41.98357],[-87.83326,41.98357],[-87.83321,41.98361]]]},"properties":{"level":"es","grades":"K–8","id":"610105","name":"Oriole Park Elementary School","url":"https://www.cps.edu/schools/schoolprofiles/610105","x":-87.81205,"y":41.9785}},{"type":"Feature","geometry":{"type":"Polygon","coordinates":[[[-87.65049,41.72137],[-87.65062,41.72137],[-87.65107,41.72136],[-87.65173,41.72135],[-87.65178,41.72318],[-87.65299,41.72316],[-87.65786,41.7231],[-87.65781,41.72128],[-87.66268,41.72122],[-87.66268,41.72099],[-87.66264,41.72006],[-87.66255,41.71982],[-87.6621,41.71892],[-87.66197,41.71866],[-87.66191,41.71854],[-87.66176,41.71824],[-87.66117,41.71708],[-87.66097,41.71668],[-87.66091,41.71656],[-87.66071,41.71617],[-87.66007,41.71488],[-87.65997,41.71467],[-87.65964,41.71401],[-87.65925,41.71326],[-87.6588,41.71238],[-87.65836,41.71152],[-87.65828,41.71135],[-87.65772,41.71136],[-87.65743,41.71136],[-87.65705,41.71136],[-87.65676,41.71137],[-87.6558,41.71138],[-87.65504,41.71139],[-87.65447,41.7114],[-87.65422,41.71167],[-87.65388,41.71255],[-87.65371,41.71302],[-87.65354,41.71348],[-87.65332,41.71408],[-87.65319,41.71409],[-87.65319,41.7141],[-87.65294,41.71476],[-87.65277,41.71524],[-87.65259,41.71571],[-87.65241,41.71619],[-87.65224,41.71665],[-87.65192,41.71752],[-87.65191,41.71754],[-87.65153,41.71858],[-87.65123,41.71939],[-87.65094,41.72016],[-87.65085,41.72042],[-87.65053,41.72125],[-87.65049,41.72137]]]},"properties":{"level":"es","grades":"K–8","id":"610032","name":"Wendell E Green Elementary School","url":"https://www.cps.edu/schools/schoolprofiles/610032","x":-87.6525,"y":41.71929}},{"type":"Feature","geometry":{"type":"Polygon","coordinates":[[[-87.70573,41.86822],[-87.7106,41.86817],[-87.71062,41.86864],[-87.71549,41.86858],[-87.7153,41.8624],[-87.7147,41.86241],[-87.71408,41.86241],[-87.71287,41.86243],[-87.70556,41.86251],[-87.70573,41.86822]]]},"properties":{"level":"es","grades":"K–8","id":"610034","name":"Lawndale Elementary Community Academy","url":"https://www.cps.edu/schools/schoolprofiles/610034","x":-87.71296,"y":41.86296}},{"type":"Feature","geometry":{"type":"Polygon","coordinates":[[[-87.7493,41.91324],[-87.7494,41.91469],[-87.74967,41.91472],[-87.75022,41.91479],[-87.7504,41.91481],[-87.75068,41.91485],[-87.75097,41.91488],[-87.75111,41.9149],[-87.7513,41.91492],[-87.75179,41.91498],[-87.75253,41.91507],[-87.75285,41.91511],[-87.75589,41.91548],[-87.75589,41.91559],[-87.76082,41.91619],[-87.76069,41.91309],[-87.75946,41.91311],[-87.75933,41.90946],[-87.75968,41.90945],[-87.75958,41.90583],[-87.75976,41.90583],[-87.75972,41.90402],[-87.76102,41.904],[-87.761,41.9031],[-87.75335,41.90318],[-87.75332,41.90227],[-87.7457,41.90236],[-87.74263,41.90241],[-87.74275,41.90732],[-87.74242,41.90866],[-87.74244,41.90954],[-87.74198,41.90967],[-87.7436,41.90965],[-87.74342,41.90991],[-87.74354,41.91144],[-87.7441,41.91148],[-87.74471,41.91147],[-87.74556,41.91146],[-87.74654,41.91145],[-87.74709,41.91144],[-87.74861,41.91142],[-87.74895,41.91142],[-87.74923,41.91142],[-87.74924,41.91162],[-87.74925,41.91175],[-87.74927,41.91233],[-87.74928,41.9126],[-87.7493,41.91324]]]},"properties":{"level":"es","grades":"K–8","id":"610036","name":"Leslie Lewis Elementary School","url":"https://www.cps.edu/schools/schoolprofiles/610036","x":-87.75455,"y":41.90683}},{"type":"Feature","geometry":{"type":"Polygon","coordinates":[[[-87.65486,41.7938],[-87.65491,41.79599],[-87.65506,41.80155],[-87.65507,41.8019],[-87.65511,41.80327],[-87.66482,41.80314],[-87.66478,41.80132],[-87.66477,41.80103],[-87.66476,41.8006],[-87.66474,41.80006],[-87.66474,41.79987],[-87.66473,41.79942],[-87.66468,41.79783],[-87.66463,41.79576],[-87.66458,41.79402],[-87.66457,41.79366],[-87.66454,41.79221],[-87.66331,41.79222],[-87.65726,41.79231],[-87.65729,41.79376],[-87.65665,41.79377],[-87.65486,41.7938]]]},"properties":{"level":"es","grades":"K–8","id":"610037","name":"Arthur A Libby Elementary School","url":"https://www.cps.edu/schools/schoolprofiles/610037","x":-87.65993,"y":41.79769}},{"type":"Feature","geometry":{"type":"Polygon","coordinates":[[[-87.6296,41.92644],[-87.63323,41.92579],[-87.63396,41.92572],[-87.63912,41.92561],[-87.63918,41.92748],[-87.64122,41.92681],[-87.64209,41.92677],[-87.64637,41.92669],[-87.64634,41.92549],[-87.64876,41.92545],[-87.64851,41.91818],[-87.64612,41.91821],[-87.64584,41.91096],[-87.64229,41.91106],[-87.63505,41.91116],[-87.63315,41.91116],[-87.62714,41.91125],[-87.62674,41.91147],[-87.62466,41.91142],[-87.62446,41.91157],[-87.62424,41.91173],[-87.62376,41.9121],[-87.62334,41.91243],[-87.62297,41.91266],[-87.62284,41.91272],[-87.62274,41.91275],[-87.62253,41.91282],[-87.62237,41.91285],[-87.622,41.9129],[-87.62181,41.91291],[-87.62116,41.91303],[-87.62114,41.91303],[-87.62103,41.91307],[-87.62078,41.91318],[-87.62063,41.91326],[-87.6205,41.91336],[-87.62044,41.91341],[-87.62039,41.91347],[-87.62029,41.91359],[-87.62021,41.91375],[-87.62019,41.91379],[-87.62015,41.91392],[-87.62014,41.91399],[-87.62013,41.91415],[-87.62014,41.91429],[-87.62022,41.91469],[-87.62026,41.91473],[-87.62038,41.91481],[-87.62043,41.91483],[-87.62048,41.91485],[-87.6205,41.91485],[-87.62057,41.91487],[-87.62072,41.91487],[-87.62077,41.91486],[-87.62082,41.91485],[-87.62084,41.91485],[-87.6209,41.91483],[-87.62098,41.91479],[-87.62099,41.91479],[-87.62083,41.9148],[-87.62079,41.91481],[-87.62069,41.91482],[-87.62064,41.91482],[-87.62056,41.91482],[-87.6205,41.9148],[-87.62042,41.91478],[-87.62036,41.91474],[-87.62031,41.9147],[-87.62027,41.91467],[-87.62021,41.91457],[-87.6202,41.91452],[-87.6202,41.9145],[-87.62019,41.91429],[-87.62022,41.91388],[-87.62025,41.9138],[-87.62032,41.91366],[-87.62034,41.91371],[-87.62028,41.91389],[-87.62029,41.91398],[-87.62031,41.91403],[-87.62031,41.91421],[-87.62029,41.91428],[-87.6203,41.91461],[-87.62052,41.91467],[-87.62055,41.91454],[-87.62067,41.91434],[-87.62074,41.91426],[-87.62168,41.91387],[-87.62209,41.91385],[-87.62296,41.91405],[-87.62391,41.91453],[-87.62429,41.91483],[-87.62451,41.91497],[-87.62577,41.91589],[-87.62607,41.91607],[-87.62655,41.91646],[-87.62649,41.9165],[-87.62614,41.91673],[-87.62605,41.91679],[-87.62609,41.91684],[-87.62633,41.91669],[-87.62652,41.91683],[-87.62669,41.91695],[-87.62694,41.91713],[-87.62743,41.91756],[-87.62763,41.91777],[-87.62763,41.91778],[-87.62741,41.9179],[-87.62683,41.9183],[-87.62688,41.91828],[-87.62713,41.91816],[-87.62767,41.9186],[-87.62772,41.91865],[-87.628,41.91894],[-87.62828,41.91928],[-87.62762,41.9196],[-87.62733,41.91975],[-87.62735,41.91979],[-87.62735,41.9198],[-87.62738,41.91979],[-87.62789,41.91965],[-87.62819,41.91997],[-87.62838,41.92021],[-87.62876,41.92072],[-87.62884,41.92082],[-87.62884,41.92086],[-87.62877,41.92087],[-87.62864,41.92092],[-87.6279,41.92127],[-87.6277,41.92136],[-87.6277,41.92137],[-87.62771,41.92138],[-87.62773,41.9214],[-87.6284,41.92127],[-87.62864,41.92154],[-87.62928,41.92229],[-87.62938,41.92243],[-87.62927,41.92253],[-87.62922,41.92255],[-87.6292,41.92256],[-87.62898,41.92269],[-87.6285,41.92297],[-87.62838,41.92312],[-87.62886,41.92285],[-87.62899,41.92292],[-87.62997,41.92416],[-87.62915,41.9247],[-87.63008,41.92416],[-87.63013,41.92435],[-87.63016,41.92448],[-87.63019,41.92466],[-87.63022,41.92487],[-87.63023,41.92499],[-87.63025,41.92516],[-87.63027,41.92543],[-87.63027,41.92569],[-87.63027,41.92577],[-87.63027,41.92578],[-87.63022,41.92584],[-87.63018,41.92589],[-87.63003,41.92603],[-87.62988,41.92616],[-87.62982,41.92613],[-87.62977,41.92611],[-87.62973,41.92609],[-87.62971,41.92609],[-87.6297,41.92611],[-87.62969,41.92612],[-87.62966,41.92615],[-87.62964,41.92619],[-87.62964,41.9262],[-87.62963,41.92622],[-87.62962,41.92625],[-87.62961,41.92631],[-87.6296,41.92635],[-87.6296,41.92638],[-87.6296,41.9264],[-87.6296,41.92643],[-87.6296,41.92644]]]},"properties":{"level":"es","grades":"K–8","id":"610038","name":"Abraham Lincoln Elementary School","url":"https://www.cps.edu/schools/schoolprofiles/610038","x":-87.6445,"y":41.92453}},{"type":"Feature","geometry":{"type":"Polygon","coordinates":[[[-87.68805,41.93946],[-87.69257,41.93943],[-87.69363,41.94026],[-87.69528,41.94277],[-87.6962,41.9467],[-87.70197,41.94665],[-87.70884,41.94662],[-87.71977,41.94647],[-87.7188,41.94592],[-87.71693,41.9432],[-87.71597,41.94237],[-87.71464,41.94163],[-87.71373,41.94132],[-87.7108,41.94057],[-87.70844,41.93932],[-87.7055,41.93765],[-87.70262,41.93592],[-87.70257,41.93389],[-87.70012,41.9339],[-87.70002,41.93573],[-87.69055,41.93581],[-87.6904,41.93576],[-87.69037,41.93397],[-87.68794,41.93399],[-87.68799,41.9361],[-87.68799,41.9364],[-87.68799,41.93651],[-87.68799,41.93672],[-87.68789,41.9373],[-87.68791,41.93946],[-87.68805,41.93946]]]},"properties":{"level":"es","grades":"K–8","id":"610039","name":"Carl von Linne Elementary School","url":"https://www.cps.edu/schools/schoolprofiles/610039","x":-87.70264,"y":41.94001}},{"type":"Feature","geometry":{"type":"Polygon","coordinates":[[[-87.74638,41.92623],[-87.74639,41.92653],[-87.74645,41.92791],[-87.74711,41.9279],[-87.7478,41.92789],[-87.74892,41.92788],[-87.74978,41.92787],[-87.75082,41.92785],[-87.75136,41.92785],[-87.75129,41.92603],[-87.75375,41.926],[-87.75374,41.92554],[-87.75373,41.9255],[-87.7537,41.92476],[-87.75368,41.92414],[-87.75426,41.92413],[-87.75615,41.92411],[-87.7561,41.92274],[-87.75609,41.92228],[-87.75508,41.92229],[-87.75486,41.9223],[-87.75484,41.92155],[-87.75484,41.92133],[-87.75483,41.92092],[-87.75481,41.92047],[-87.7548,41.91999],[-87.75477,41.91911],[-87.75476,41.91865],[-87.75474,41.91837],[-87.75469,41.91825],[-87.75463,41.91806],[-87.75463,41.91789],[-87.75461,41.91746],[-87.75461,41.91734],[-87.7546,41.91687],[-87.75421,41.91686],[-87.75338,41.91684],[-87.75291,41.91665],[-87.75288,41.91596],[-87.75288,41.91571],[-87.75286,41.91543],[-87.75285,41.91525],[-87.75285,41.91511],[-87.75253,41.91507],[-87.75179,41.91498],[-87.7513,41.91492],[-87.75111,41.9149],[-87.75097,41.91488],[-87.75068,41.91485],[-87.7504,41.91481],[-87.75022,41.91479],[-87.74967,41.91472],[-87.7494,41.91469],[-87.7493,41.91324],[-87.74928,41.9126],[-87.74927,41.91233],[-87.74925,41.91175],[-87.74924,41.91162],[-87.74923,41.91142],[-87.74895,41.91142],[-87.74861,41.91142],[-87.74709,41.91144],[-87.74654,41.91145],[-87.74556,41.91146],[-87.74471,41.91147],[-87.7441,41.91148],[-87.74354,41.91144],[-87.74357,41.91296],[-87.7433,41.91285],[-87.74292,41.9127],[-87.74271,41.91262],[-87.74144,41.91211],[-87.74143,41.91211],[-87.74143,41.91219],[-87.74143,41.91228],[-87.74144,41.91247],[-87.74145,41.91262],[-87.74146,41.91286],[-87.74146,41.913],[-87.74147,41.91318],[-87.74147,41.91326],[-87.74148,41.91341],[-87.74148,41.91364],[-87.74069,41.91363],[-87.74036,41.91359],[-87.74016,41.91357],[-87.73987,41.91353],[-87.73962,41.9135],[-87.7395,41.91349],[-87.73925,41.91346],[-87.73903,41.91343],[-87.73888,41.91341],[-87.7385,41.91337],[-87.73822,41.91335],[-87.73742,41.91331],[-87.73714,41.91331],[-87.73674,41.91331],[-87.7365,41.91331],[-87.73622,41.91332],[-87.73622,41.91338],[-87.73622,41.91347],[-87.73623,41.91385],[-87.73628,41.91523],[-87.73665,41.91523],[-87.7375,41.91521],[-87.73752,41.91575],[-87.73752,41.91588],[-87.73754,41.91664],[-87.73755,41.91703],[-87.73758,41.91769],[-87.7376,41.91841],[-87.73763,41.91936],[-87.73768,41.92116],[-87.73773,41.92252],[-87.73775,41.92324],[-87.73776,41.92358],[-87.73779,41.92435],[-87.739,41.92434],[-87.74085,41.92431],[-87.74139,41.92431],[-87.74161,41.9243],[-87.74172,41.9243],[-87.74179,41.9243],[-87.74184,41.9243],[-87.74186,41.92494],[-87.7419,41.92596],[-87.74251,41.92628],[-87.74298,41.92627],[-87.74419,41.92626],[-87.74638,41.92623]]]},"properties":{"level":"es","grades":"K–5","id":"610040","name":"Henry D Lloyd Elementary School","url":"https://www.cps.edu/schools/schoolprofiles/610040","x":-87.74851,"y":41.91881}},{"type":"Feature","geometry":{"type":"Polygon","coordinates":[[[-87.78613,41.94015],[-87.78977,41.94009],[-87.78983,41.94192],[-87.79218,41.94188],[-87.79211,41.94005],[-87.80681,41.93981],[-87.80662,41.93451],[-87.80661,41.93405],[-87.80659,41.93355],[-87.80657,41.93304],[-87.80656,41.9327],[-87.80653,41.9317],[-87.8065,41.931],[-87.80648,41.93041],[-87.80648,41.93031],[-87.80646,41.92994],[-87.80646,41.92984],[-87.80645,41.92952],[-87.80645,41.92951],[-87.80644,41.92912],[-87.80643,41.92894],[-87.80642,41.92869],[-87.80641,41.92837],[-87.80639,41.92775],[-87.80638,41.92762],[-87.80637,41.92742],[-87.80636,41.92713],[-87.80636,41.92686],[-87.80634,41.92653],[-87.80634,41.92642],[-87.80633,41.92615],[-87.80632,41.92593],[-87.80632,41.92564],[-87.80631,41.92555],[-87.8063,41.92513],[-87.80628,41.92479],[-87.80627,41.9245],[-87.80626,41.92418],[-87.80626,41.92401],[-87.80321,41.92354],[-87.79241,41.92362],[-87.78544,41.92368],[-87.78558,41.92734],[-87.78591,41.93753],[-87.78606,41.93844],[-87.78613,41.94015]]]},"properties":{"level":"es","grades":"K–8","id":"610041","name":"Josephine C Locke Elementary School","url":"https://www.cps.edu/schools/schoolprofiles/610041","x":-87.7956,"y":41.93176}},{"type":"Feature","geometry":{"type":"Polygon","coordinates":[[[-87.77547,41.91654],[-87.77546,41.91641],[-87.78523,41.91629],[-87.78663,41.91639],[-87.7884,41.91684],[-87.79511,41.91928],[-87.79501,41.91631],[-87.79021,41.91637],[-87.79012,41.91626],[-87.7899,41.90909],[-87.78872,41.9091],[-87.78826,41.90911],[-87.78787,41.90911],[-87.78735,41.90912],[-87.78697,41.90912],[-87.78663,41.90913],[-87.78632,41.90913],[-87.78585,41.90914],[-87.78566,41.90914],[-87.785,41.90915],[-87.78453,41.90915],[-87.78414,41.90916],[-87.78363,41.90917],[-87.78336,41.90917],[-87.78265,41.90918],[-87.78212,41.90918],[-87.78129,41.90918],[-87.78057,41.90919],[-87.78011,41.9092],[-87.77993,41.9092],[-87.77979,41.9092],[-87.77908,41.90921],[-87.77821,41.90922],[-87.77798,41.90922],[-87.77691,41.90924],[-87.77666,41.90924],[-87.77615,41.90925],[-87.7756,41.90925],[-87.77515,41.90926],[-87.77475,41.90926],[-87.77318,41.90928],[-87.77173,41.9093],[-87.77146,41.90931],[-87.77156,41.91219],[-87.77157,41.91259],[-87.76563,41.91267],[-87.76564,41.91285],[-87.76567,41.91436],[-87.76572,41.91587],[-87.76573,41.91657],[-87.77385,41.91649],[-87.77547,41.91654]]]},"properties":{"level":"es","grades":"K–8","id":"610043","name":"Joseph Lovett Elementary School","url":"https://www.cps.edu/schools/schoolprofiles/610043","x":-87.78392,"y":41.91272}},{"type":"Feature","geometry":{"type":"Polygon","coordinates":[[[-87.69697,41.90658],[-87.69703,41.91022],[-87.70187,41.91017],[-87.70696,41.91012],[-87.70749,41.91011],[-87.70844,41.9101],[-87.70947,41.91008],[-87.70977,41.91008],[-87.71092,41.91006],[-87.71181,41.91005],[-87.71195,41.91005],[-87.71317,41.91004],[-87.71436,41.91002],[-87.71493,41.91001],[-87.7167,41.90999],[-87.71706,41.90999],[-87.7182,41.90997],[-87.71923,41.90996],[-87.7202,41.90995],[-87.72037,41.90995],[-87.7193,41.90815],[-87.71674,41.90818],[-87.71671,41.90727],[-87.71427,41.9073],[-87.71424,41.9064],[-87.71179,41.90642],[-87.71173,41.90461],[-87.70929,41.90464],[-87.70923,41.90281],[-87.71062,41.90279],[-87.71053,41.89985],[-87.70881,41.89917],[-87.70665,41.89831],[-87.70667,41.8992],[-87.70613,41.8992],[-87.70596,41.8992],[-87.70465,41.89921],[-87.70398,41.89922],[-87.70324,41.89923],[-87.70302,41.89923],[-87.70247,41.89923],[-87.70228,41.90116],[-87.70227,41.90288],[-87.69688,41.90293],[-87.69697,41.90658]]]},"properties":{"level":"es","grades":"K–8","id":"610044","name":"James Russell Lowell Elementary School","url":"https://www.cps.edu/schools/schoolprofiles/610044","x":-87.71022,"y":41.90652}},{"type":"Feature","geometry":{"type":"Polygon","coordinates":[[[-87.58958,41.76593],[-87.59015,41.76598],[-87.59042,41.76602],[-87.59087,41.76602],[-87.59099,41.76602],[-87.59094,41.7642],[-87.59445,41.76417],[-87.59603,41.75725],[-87.5961,41.7573],[-87.59741,41.75823],[-87.59793,41.7586],[-87.598,41.75865],[-87.59832,41.75888],[-87.59903,41.7594],[-87.59912,41.75947],[-87.59999,41.7601],[-87.60018,41.76024],[-87.60175,41.76136],[-87.60196,41.76151],[-87.60299,41.76226],[-87.60311,41.76226],[-87.60324,41.76225],[-87.60393,41.76225],[-87.60301,41.76156],[-87.60289,41.75679],[-87.60168,41.7568],[-87.59908,41.75683],[-87.59806,41.75737],[-87.59736,41.75684],[-87.59549,41.75686],[-87.5939,41.75572],[-87.59339,41.75535],[-87.59252,41.75471],[-87.59178,41.75417],[-87.59136,41.75388],[-87.59116,41.75373],[-87.59093,41.75358],[-87.5892,41.75233],[-87.58803,41.75147],[-87.58711,41.75083],[-87.58638,41.75031],[-87.58594,41.74999],[-87.58566,41.74979],[-87.58562,41.74976],[-87.58566,41.7515],[-87.58548,41.75192],[-87.58553,41.75513],[-87.58568,41.75604],[-87.58592,41.76598],[-87.58617,41.76597],[-87.58632,41.76597],[-87.58695,41.76597],[-87.58719,41.76596],[-87.58792,41.76596],[-87.58856,41.76595],[-87.58881,41.76595],[-87.58957,41.76593],[-87.58958,41.76593]]]},"properties":{"level":"es","grades":"K–8","id":"610047","name":"James Madison Elementary School","url":"https://www.cps.edu/schools/schoolprofiles/610047","x":-87.59071,"y":41.75955}},{"type":"Feature","geometry":{"type":"Polygon","coordinates":[[[-87.56623,41.75173],[-87.56745,41.75171],[-87.56752,41.75535],[-87.58553,41.75513],[-87.58548,41.75192],[-87.58566,41.7515],[-87.58475,41.7509],[-87.57563,41.74434],[-87.5722,41.74438],[-87.57055,41.7444],[-87.56977,41.74441],[-87.5698,41.74623],[-87.56615,41.74628],[-87.56623,41.75173]]]},"properties":{"level":"es","grades":"K–8","id":"610052","name":"Horace Mann Elementary School","url":"https://www.cps.edu/schools/schoolprofiles/610052","x":-87.57482,"y":41.74827}},{"type":"Feature","geometry":{"type":"Polygon","coordinates":[[[-87.68725,41.77739],[-87.68856,41.7773],[-87.69329,41.77723],[-87.69339,41.77912],[-87.70314,41.77897],[-87.70312,41.77853],[-87.70312,41.77844],[-87.70312,41.7783],[-87.70312,41.77814],[-87.70311,41.77788],[-87.70311,41.77771],[-87.70311,41.77759],[-87.7031,41.77751],[-87.7031,41.77727],[-87.70309,41.77701],[-87.70309,41.77678],[-87.70309,41.77668],[-87.70308,41.77644],[-87.70307,41.77623],[-87.70307,41.77614],[-87.70307,41.77596],[-87.70307,41.77586],[-87.70306,41.77569],[-87.70306,41.77553],[-87.70305,41.77517],[-87.70305,41.77503],[-87.70304,41.77485],[-87.70304,41.77462],[-87.70303,41.77456],[-87.70303,41.7741],[-87.70302,41.774],[-87.70302,41.77387],[-87.70302,41.77369],[-87.70301,41.7735],[-87.70301,41.7733],[-87.703,41.77311],[-87.703,41.77303],[-87.70299,41.77278],[-87.70299,41.77251],[-87.70298,41.77215],[-87.70298,41.77204],[-87.70297,41.77167],[-87.68711,41.77192],[-87.68711,41.77206],[-87.68712,41.77236],[-87.68713,41.7726],[-87.68713,41.77284],[-87.68714,41.77308],[-87.68715,41.77359],[-87.68716,41.77382],[-87.68717,41.7741],[-87.68718,41.77462],[-87.68719,41.77489],[-87.68721,41.77577],[-87.68722,41.77617],[-87.68723,41.77661],[-87.68724,41.77685],[-87.68725,41.77715],[-87.68725,41.77739]]]},"properties":{"level":"es","grades":"K–8","id":"610053","name":"Marquette Elementary School","url":"https://www.cps.edu/schools/schoolprofiles/610053","x":-87.69703,"y":41.77388}},{"type":"Feature","geometry":{"type":"Polygon","coordinates":[[[-87.54314,41.72286],[-87.54568,41.72282],[-87.54688,41.72372],[-87.54778,41.72356],[-87.55676,41.7233],[-87.56074,41.72325],[-87.56072,41.72265],[-87.55974,41.72266],[-87.55918,41.72202],[-87.55901,41.72157],[-87.55879,41.70639],[-87.5584,41.70639],[-87.55767,41.7064],[-87.55644,41.7064],[-87.55575,41.7064],[-87.55499,41.70639],[-87.55491,41.70277],[-87.5459,41.70277],[-87.54566,41.70338],[-87.54563,41.70464],[-87.54588,41.70558],[-87.54585,41.7064],[-87.54579,41.70747],[-87.54527,41.70814],[-87.54459,41.70868],[-87.5439,41.70919],[-87.54328,41.70985],[-87.54317,41.7101],[-87.54306,41.71026],[-87.54277,41.71072],[-87.54267,41.71095],[-87.54261,41.7114],[-87.5426,41.71288],[-87.54244,41.71382],[-87.54229,41.71426],[-87.54218,41.71528],[-87.54218,41.71553],[-87.54219,41.71574],[-87.54232,41.71586],[-87.54242,41.71644],[-87.54303,41.71715],[-87.54313,41.7178],[-87.54316,41.71802],[-87.54302,41.71933],[-87.54289,41.72013],[-87.54269,41.72082],[-87.54302,41.72199],[-87.54314,41.72286]]]},"properties":{"level":"es","grades":"K–8","id":"610054","name":"John L Marsh Elementary School","url":"https://www.cps.edu/schools/schoolprofiles/610054","x":-87.55248,"y":41.71659}},{"type":"Feature","geometry":{"type":"Polygon","coordinates":[[[-87.70593,41.87426],[-87.70594,41.87455],[-87.70597,41.87554],[-87.70605,41.87837],[-87.70292,41.87923],[-87.70297,41.88101],[-87.70612,41.88097],[-87.71101,41.88092],[-87.72075,41.88079],[-87.72063,41.87715],[-87.72067,41.87595],[-87.72044,41.87502],[-87.72037,41.87378],[-87.72016,41.87379],[-87.71987,41.87379],[-87.71978,41.87379],[-87.71839,41.87381],[-87.71801,41.87382],[-87.71613,41.87384],[-87.71607,41.87384],[-87.71584,41.87384],[-87.71556,41.87385],[-87.71494,41.87386],[-87.71417,41.87387],[-87.71293,41.87388],[-87.71198,41.87389],[-87.71068,41.87391],[-87.70985,41.87392],[-87.70892,41.87394],[-87.7086,41.87395],[-87.7069,41.87412],[-87.70638,41.87419],[-87.70624,41.87421],[-87.70606,41.87424],[-87.70593,41.87426]]]},"properties":{"level":"es","grades":"K–8","id":"610055","name":"Michael Faraday Elementary School","url":"https://www.cps.edu/schools/schoolprofiles/610055","x":-87.70809,"y":41.87971}},{"type":"Feature","geometry":{"type":"Polygon","coordinates":[[[-87.7248,41.85341],[-87.72355,41.85342],[-87.7236,41.85501],[-87.72235,41.85502],[-87.72241,41.85707],[-87.72491,41.85705],[-87.72501,41.86069],[-87.7299,41.86063],[-87.72984,41.8588],[-87.73229,41.85876],[-87.73235,41.86059],[-87.73724,41.86052],[-87.73718,41.85869],[-87.73977,41.85865],[-87.73976,41.85822],[-87.73971,41.85692],[-87.7397,41.85674],[-87.73964,41.855],[-87.73962,41.85457],[-87.73962,41.85452],[-87.73959,41.85361],[-87.73957,41.85326],[-87.73956,41.85276],[-87.73955,41.85272],[-87.73952,41.85187],[-87.7395,41.85135],[-87.7345,41.8514],[-87.73456,41.85336],[-87.7248,41.8535],[-87.7248,41.85341]]]},"properties":{"level":"es","grades":"K–8","id":"610056","name":"Roswell B Mason Elementary School","url":"https://www.cps.edu/schools/schoolprofiles/610056","x":-87.73167,"y":41.85686}},{"type":"Feature","geometry":{"type":"Polygon","coordinates":[[[-87.68609,41.77922],[-87.69096,41.77915],[-87.69106,41.7828],[-87.69593,41.78272],[-87.69619,41.78272],[-87.69654,41.78271],[-87.69675,41.78271],[-87.69715,41.7827],[-87.6973,41.7827],[-87.69766,41.78269],[-87.69786,41.78269],[-87.69837,41.78268],[-87.69893,41.78267],[-87.69904,41.78267],[-87.69949,41.78266],[-87.70004,41.78266],[-87.70042,41.78265],[-87.70087,41.78265],[-87.70131,41.78264],[-87.70218,41.78262],[-87.70284,41.78261],[-87.70325,41.78261],[-87.70323,41.7821],[-87.70322,41.78181],[-87.70321,41.78167],[-87.70321,41.7816],[-87.7032,41.78136],[-87.7032,41.78125],[-87.7032,41.78122],[-87.70319,41.78104],[-87.70319,41.7808],[-87.70318,41.78041],[-87.70317,41.78031],[-87.70317,41.78025],[-87.70316,41.7799],[-87.70316,41.77972],[-87.70315,41.77944],[-87.70314,41.77897],[-87.69339,41.77912],[-87.69329,41.77723],[-87.68856,41.7773],[-87.68725,41.77739],[-87.68717,41.77739],[-87.68628,41.7774],[-87.68604,41.77751],[-87.68605,41.77804],[-87.68606,41.77832],[-87.68607,41.77875],[-87.68609,41.77922]]]},"properties":{"level":"es","grades":"K–8","id":"610057","name":"Fairfield Elementary Academy","url":"https://www.cps.edu/schools/schoolprofiles/610057","x":-87.69212,"y":41.7809}},{"type":"Feature","geometry":{"type":"Polygon","coordinates":[[[-87.64876,41.92545],[-87.65373,41.92901],[-87.66104,41.92889],[-87.66223,41.92887],[-87.66217,41.92705],[-87.66464,41.92701],[-87.66457,41.9252],[-87.67448,41.92507],[-87.67446,41.92484],[-87.67426,41.92439],[-87.67346,41.92378],[-87.67297,41.9234],[-87.67216,41.92281],[-87.67111,41.92241],[-87.67089,41.92238],[-87.67063,41.92238],[-87.67015,41.92237],[-87.66951,41.92241],[-87.66928,41.92239],[-87.66893,41.92228],[-87.66823,41.9221],[-87.66808,41.92201],[-87.66754,41.92115],[-87.66718,41.92072],[-87.66646,41.92003],[-87.66631,41.9198],[-87.66606,41.91943],[-87.66543,41.91859],[-87.66524,41.91841],[-87.66496,41.91815],[-87.66467,41.9179],[-87.66453,41.9177],[-87.66447,41.9176],[-87.66426,41.91696],[-87.66404,41.91628],[-87.66377,41.91568],[-87.66371,41.91563],[-87.66303,41.91549],[-87.66279,41.91557],[-87.66269,41.91558],[-87.66265,41.91559],[-87.66245,41.91569],[-87.66228,41.91581],[-87.66207,41.91592],[-87.66186,41.91599],[-87.66133,41.91618],[-87.66106,41.91616],[-87.66093,41.91612],[-87.66087,41.91607],[-87.66065,41.91593],[-87.66027,41.91571],[-87.65991,41.91547],[-87.65955,41.91531],[-87.65937,41.91521],[-87.65915,41.91508],[-87.65808,41.91411],[-87.65772,41.91343],[-87.65741,41.91236],[-87.65712,41.91157],[-87.65701,41.91127],[-87.65686,41.91078],[-87.64827,41.91092],[-87.64584,41.91096],[-87.64612,41.91821],[-87.64851,41.91818],[-87.64876,41.92545]]]},"properties":{"level":"es","grades":"K–8","id":"610059","name":"Oscar Mayer Magnet School","url":"https://www.cps.edu/schools/schoolprofiles/610059","x":-87.65729,"y":41.9232}},{"type":"Feature","geometry":{"type":"Polygon","coordinates":[[[-87.617,41.82383],[-87.61712,41.82977],[-87.61697,41.8311],[-87.62176,41.83106],[-87.62173,41.82962],[-87.62322,41.82961],[-87.62317,41.82739],[-87.62648,41.82736],[-87.62641,41.82495],[-87.6264,41.82195],[-87.62156,41.82202],[-87.62151,41.82017],[-87.61989,41.82019],[-87.6169,41.82023],[-87.617,41.82383]]]},"properties":{"level":"es","grades":"K–8","id":"610110","name":"Ida B Wells Preparatory Elementary Academy","url":"https://www.cps.edu/schools/schoolprofiles/610110","x":-87.61978,"y":41.82735}},{"type":"Feature","geometry":{"type":"Polygon","coordinates":[[[-87.63754,41.83442],[-87.63728,41.83442],[-87.63683,41.83443],[-87.6366,41.83443],[-87.6366,41.83453],[-87.63666,41.83452],[-87.63688,41.83452],[-87.63738,41.83452],[-87.64035,41.83448],[-87.64619,41.8344],[-87.64611,41.83075],[-87.65165,41.83068],[-87.65403,41.83064],[-87.65507,41.83063],[-87.65573,41.83062],[-87.65635,41.83061],[-87.65739,41.8306],[-87.6593,41.83058],[-87.65931,41.82922],[-87.65931,41.82866],[-87.65932,41.82731],[-87.65933,41.82651],[-87.65935,41.82603],[-87.65948,41.82502],[-87.65971,41.8242],[-87.65977,41.82408],[-87.65981,41.82401],[-87.65983,41.82397],[-87.65988,41.8239],[-87.6599,41.82386],[-87.65992,41.8238],[-87.65994,41.82376],[-87.65995,41.82373],[-87.65995,41.82372],[-87.65995,41.82369],[-87.65996,41.82366],[-87.65996,41.82363],[-87.65996,41.8236],[-87.65998,41.82321],[-87.65987,41.82321],[-87.65914,41.82322],[-87.65843,41.82324],[-87.65698,41.82329],[-87.6563,41.82331],[-87.65598,41.82332],[-87.65473,41.82334],[-87.65333,41.82337],[-87.65271,41.82337],[-87.64593,41.82346],[-87.6458,41.81896],[-87.64412,41.81895],[-87.6362,41.81905],[-87.6362,41.8191],[-87.6362,41.81927],[-87.63621,41.81959],[-87.63621,41.81969],[-87.63622,41.8199],[-87.63622,41.81998],[-87.63623,41.82016],[-87.63623,41.82021],[-87.63623,41.82041],[-87.63624,41.8205],[-87.63625,41.8208],[-87.63625,41.82095],[-87.63627,41.82162],[-87.63628,41.82199],[-87.63629,41.82236],[-87.63631,41.823],[-87.63631,41.82307],[-87.63632,41.82352],[-87.63632,41.82358],[-87.63631,41.8236],[-87.63631,41.82364],[-87.63639,41.82368],[-87.63665,41.82367],[-87.63671,41.82367],[-87.63671,41.82376],[-87.63672,41.8238],[-87.63672,41.82389],[-87.63672,41.82401],[-87.63668,41.82401],[-87.63656,41.82402],[-87.63632,41.82402],[-87.63632,41.82406],[-87.63636,41.82406],[-87.63677,41.82406],[-87.63677,41.82414],[-87.63677,41.82419],[-87.63678,41.82429],[-87.63678,41.8244],[-87.63673,41.8244],[-87.63651,41.8244],[-87.63633,41.82441],[-87.63633,41.82449],[-87.63633,41.82459],[-87.63647,41.82459],[-87.63665,41.82458],[-87.63678,41.82458],[-87.63678,41.82467],[-87.63679,41.82493],[-87.63673,41.82493],[-87.6366,41.82493],[-87.63646,41.82493],[-87.63634,41.82493],[-87.63634,41.82496],[-87.63643,41.82497],[-87.63679,41.82497],[-87.6368,41.8252],[-87.6368,41.82531],[-87.63672,41.82531],[-87.63639,41.82532],[-87.63635,41.82537],[-87.63636,41.82545],[-87.63652,41.8255],[-87.6368,41.82549],[-87.63681,41.82561],[-87.63681,41.82572],[-87.63681,41.82584],[-87.63642,41.82584],[-87.63637,41.82589],[-87.6365,41.82589],[-87.63671,41.82588],[-87.63682,41.82598],[-87.63682,41.82613],[-87.63658,41.82623],[-87.63637,41.82623],[-87.63638,41.82634],[-87.63638,41.82641],[-87.63658,41.82641],[-87.63683,41.82641],[-87.63683,41.82655],[-87.63639,41.8268],[-87.63654,41.8268],[-87.63663,41.82679],[-87.63684,41.82679],[-87.63684,41.82703],[-87.6365,41.82714],[-87.6364,41.82719],[-87.6364,41.82727],[-87.63649,41.82732],[-87.6366,41.82732],[-87.63734,41.82731],[-87.6375,41.8274],[-87.63751,41.82768],[-87.63752,41.82819],[-87.63753,41.82859],[-87.63754,41.82932],[-87.63755,41.82955],[-87.63756,41.8298],[-87.63756,41.82999],[-87.63756,41.83009],[-87.63757,41.83027],[-87.63757,41.83046],[-87.63758,41.83065],[-87.63758,41.83077],[-87.63736,41.83078],[-87.63684,41.83078],[-87.63654,41.83079],[-87.63652,41.83079],[-87.63642,41.83079],[-87.6364,41.83088],[-87.6364,41.83097],[-87.63649,41.83097],[-87.63683,41.83096],[-87.63704,41.83096],[-87.63747,41.83102],[-87.63747,41.83132],[-87.63748,41.83145],[-87.63749,41.83178],[-87.6375,41.83234],[-87.63751,41.83283],[-87.63753,41.83361],[-87.63753,41.83384],[-87.63753,41.83397],[-87.63754,41.83422],[-87.63754,41.83442]]]},"properties":{"level":"es","grades":"K–8","id":"610062","name":"Minnie Miñoso Academy","url":"https://www.cps.edu/schools/schoolprofiles/610062","x":-87.6411,"y":41.82999}},{"type":"Feature","geometry":{"type":"Polygon","coordinates":[[[-87.69995,41.83812],[-87.69998,41.83917],[-87.7,41.83969],[-87.70001,41.8402],[-87.70002,41.84045],[-87.70004,41.84132],[-87.70005,41.84172],[-87.70007,41.8424],[-87.70009,41.84276],[-87.7001,41.8433],[-87.70011,41.84351],[-87.70014,41.8442],[-87.70014,41.84423],[-87.70015,41.84461],[-87.7008,41.84459],[-87.70136,41.84459],[-87.70258,41.84455],[-87.70267,41.84454],[-87.70319,41.84454],[-87.7034,41.84454],[-87.70405,41.84453],[-87.70443,41.84452],[-87.70475,41.84452],[-87.70518,41.84452],[-87.70549,41.84451],[-87.70578,41.84451],[-87.70626,41.8445],[-87.70687,41.84449],[-87.70788,41.84448],[-87.70808,41.84447],[-87.7084,41.84447],[-87.70869,41.84447],[-87.70904,41.84446],[-87.70991,41.84445],[-87.71063,41.84444],[-87.7109,41.84444],[-87.71113,41.84443],[-87.71112,41.84391],[-87.71111,41.84361],[-87.71108,41.84272],[-87.71107,41.84208],[-87.71106,41.84169],[-87.71105,41.84148],[-87.71104,41.84109],[-87.71101,41.8401],[-87.711,41.83969],[-87.71099,41.8393],[-87.71098,41.83895],[-87.71052,41.83896],[-87.71027,41.83896],[-87.70976,41.83897],[-87.70975,41.83869],[-87.70974,41.83821],[-87.70972,41.83768],[-87.70971,41.83715],[-87.70881,41.83716],[-87.70849,41.83717],[-87.70816,41.83717],[-87.70728,41.83718],[-87.70675,41.83719],[-87.70593,41.83721],[-87.70482,41.83723],[-87.7048,41.83623],[-87.70478,41.83569],[-87.70476,41.83527],[-87.70473,41.83402],[-87.70472,41.83368],[-87.70471,41.83348],[-87.70471,41.83338],[-87.70469,41.83287],[-87.70469,41.83259],[-87.70468,41.83224],[-87.70468,41.83219],[-87.70467,41.83181],[-87.70467,41.83164],[-87.70315,41.8321],[-87.70126,41.83275],[-87.70107,41.83282],[-87.69956,41.83335],[-87.69898,41.83353],[-87.69719,41.83408],[-87.69496,41.83477],[-87.69497,41.83516],[-87.69498,41.83548],[-87.69499,41.83611],[-87.69501,41.83668],[-87.69503,41.83741],[-87.69541,41.83741],[-87.69621,41.8374],[-87.69843,41.83735],[-87.69915,41.83734],[-87.69992,41.83732],[-87.69994,41.83766],[-87.69995,41.83812]]]},"properties":{"level":"es","grades":"K–5","id":"610063","name":"Cyrus H McCormick Elementary School","url":"https://www.cps.edu/schools/schoolprofiles/610063","x":-87.7063,"y":41.84227}},{"type":"Feature","geometry":{"type":"Polygon","coordinates":[[[-87.60553,41.76407],[-87.60553,41.76419],[-87.60554,41.7644],[-87.60554,41.76453],[-87.60554,41.76467],[-87.60554,41.76471],[-87.60555,41.76513],[-87.60555,41.76515],[-87.60559,41.76587],[-87.6056,41.76639],[-87.60562,41.76685],[-87.60564,41.76758],[-87.60565,41.76802],[-87.60566,41.7685],[-87.60567,41.76885],[-87.60568,41.7695],[-87.6057,41.77004],[-87.60571,41.77053],[-87.60573,41.77132],[-87.60574,41.77174],[-87.60575,41.77228],[-87.60577,41.77314],[-87.60577,41.77337],[-87.60579,41.77392],[-87.6058,41.77478],[-87.60581,41.77496],[-87.60337,41.77499],[-87.60342,41.7768],[-87.60281,41.77681],[-87.60289,41.78045],[-87.60694,41.7804],[-87.61321,41.78028],[-87.61313,41.77665],[-87.6131,41.77483],[-87.61549,41.77479],[-87.61544,41.77255],[-87.61543,41.77217],[-87.61543,41.77201],[-87.61542,41.77182],[-87.61542,41.77154],[-87.61541,41.77129],[-87.61541,41.77119],[-87.61527,41.77108],[-87.61503,41.77091],[-87.61452,41.77055],[-87.61423,41.77034],[-87.61387,41.77008],[-87.61263,41.76918],[-87.61235,41.76898],[-87.61151,41.76838],[-87.61088,41.76793],[-87.61047,41.76764],[-87.60981,41.76715],[-87.60797,41.76583],[-87.60553,41.76407]]]},"properties":{"level":"es","grades":"K–8","id":"610065","name":"Emmett Louis Till Math and Science Academy","url":"https://www.cps.edu/schools/schoolprofiles/610065","x":-87.60936,"y":41.77542}},{"type":"Feature","geometry":{"type":"Polygon","coordinates":[[[-87.68339,41.77015],[-87.6839,41.77015],[-87.68523,41.77013],[-87.68583,41.77012],[-87.68588,41.77194],[-87.68606,41.77194],[-87.68711,41.77192],[-87.70297,41.77167],[-87.70297,41.77162],[-87.70295,41.77064],[-87.70293,41.76994],[-87.70291,41.76921],[-87.70285,41.76616],[-87.70284,41.76541],[-87.70283,41.76516],[-87.70282,41.7647],[-87.70281,41.76439],[-87.6967,41.76448],[-87.69654,41.75904],[-87.69531,41.75906],[-87.6941,41.75909],[-87.6928,41.75916],[-87.69252,41.75916],[-87.69227,41.75917],[-87.69177,41.75917],[-87.69151,41.75917],[-87.69124,41.75918],[-87.69084,41.75918],[-87.69066,41.75918],[-87.68988,41.7592],[-87.68904,41.75921],[-87.68859,41.75922],[-87.68799,41.75923],[-87.68802,41.75731],[-87.68801,41.75731],[-87.68742,41.75732],[-87.68701,41.75733],[-87.68672,41.75734],[-87.68606,41.75735],[-87.68524,41.75736],[-87.68417,41.75738],[-87.68394,41.75738],[-87.68316,41.75739],[-87.68305,41.7574],[-87.68305,41.75741],[-87.68251,41.75741],[-87.68213,41.75742],[-87.68165,41.75742],[-87.68083,41.75743],[-87.68058,41.75744],[-87.68029,41.75735],[-87.68012,41.75735],[-87.67843,41.75737],[-87.67844,41.75773],[-87.67844,41.75797],[-87.67846,41.75845],[-87.67847,41.75892],[-87.67849,41.75964],[-87.6785,41.75995],[-87.67851,41.76032],[-87.67855,41.76183],[-87.67855,41.76202],[-87.67857,41.76247],[-87.67857,41.7628],[-87.67859,41.76321],[-87.67861,41.76421],[-87.67862,41.76459],[-87.67863,41.76475],[-87.67863,41.76476],[-87.67863,41.76477],[-87.67863,41.76489],[-87.67864,41.76526],[-87.67864,41.76546],[-87.67865,41.7657],[-87.67865,41.76584],[-87.67866,41.7662],[-87.67867,41.7664],[-87.67867,41.76654],[-87.67867,41.76674],[-87.67868,41.76687],[-87.67868,41.76711],[-87.67869,41.76733],[-87.6787,41.76756],[-87.6787,41.76773],[-87.67871,41.76798],[-87.67871,41.76821],[-87.67872,41.76838],[-87.68334,41.76833],[-87.68339,41.77015]]]},"properties":{"level":"es","grades":"K–8","id":"610067","name":"Francis M McKay Elementary School","url":"https://www.cps.edu/schools/schoolprofiles/610067","x":-87.69179,"y":41.76814}},{"type":"Feature","geometry":{"type":"Polygon","coordinates":[[[-87.66712,41.96708],[-87.6675,41.9689],[-87.66793,41.97263],[-87.66811,41.97354],[-87.66842,41.97619],[-87.66961,41.97617],[-87.67492,41.97609],[-87.67489,41.97477],[-87.67936,41.9747],[-87.6793,41.9724],[-87.68298,41.97234],[-87.68292,41.97052],[-87.68896,41.97041],[-87.68891,41.96861],[-87.68858,41.96862],[-87.68664,41.9657],[-87.68612,41.96591],[-87.68396,41.96594],[-87.6839,41.9632],[-87.685,41.96319],[-87.68383,41.96139],[-87.67896,41.96146],[-87.67861,41.96146],[-87.6783,41.96147],[-87.67795,41.96147],[-87.67618,41.96149],[-87.67585,41.9615],[-87.67465,41.96152],[-87.67452,41.96152],[-87.67462,41.96516],[-87.67251,41.96519],[-87.67255,41.96702],[-87.66959,41.96705],[-87.6694,41.96705],[-87.66922,41.96705],[-87.66712,41.96708]]]},"properties":{"level":"es","grades":"K–8","id":"610070","name":"James B McPherson Elementary School","url":"https://www.cps.edu/schools/schoolprofiles/610070","x":-87.67629,"y":41.96785}},{"type":"Feature","geometry":{"type":"Polygon","coordinates":[[[-87.67929,41.88869],[-87.6795,41.89587],[-87.6801,41.89586],[-87.68062,41.89585],[-87.6812,41.89584],[-87.68195,41.89583],[-87.68243,41.89582],[-87.68395,41.89579],[-87.68491,41.89578],[-87.68684,41.89574],[-87.68683,41.89527],[-87.68682,41.89502],[-87.68679,41.89393],[-87.68662,41.88891],[-87.68682,41.88848],[-87.69156,41.88842],[-87.69156,41.88829],[-87.69648,41.88822],[-87.69647,41.88812],[-87.69647,41.88793],[-87.69647,41.88785],[-87.69646,41.88769],[-87.6962,41.88767],[-87.69585,41.88767],[-87.6957,41.88767],[-87.69542,41.88767],[-87.69478,41.88768],[-87.69435,41.88768],[-87.6942,41.88769],[-87.69377,41.88769],[-87.69358,41.88769],[-87.69327,41.88764],[-87.6931,41.8876],[-87.693,41.88757],[-87.69297,41.88755],[-87.69286,41.88746],[-87.69278,41.8874],[-87.69273,41.88735],[-87.69269,41.88732],[-87.69264,41.88728],[-87.69261,41.88725],[-87.69257,41.88721],[-87.69252,41.88716],[-87.6925,41.88713],[-87.69245,41.88708],[-87.69241,41.88703],[-87.69238,41.88699],[-87.69233,41.88693],[-87.69229,41.88688],[-87.69226,41.88683],[-87.69218,41.8867],[-87.6921,41.88658],[-87.69195,41.88442],[-87.69145,41.88443],[-87.68926,41.88453],[-87.68899,41.88454],[-87.68857,41.88456],[-87.68737,41.88461],[-87.68653,41.88463],[-87.68653,41.88466],[-87.68654,41.88499],[-87.68656,41.88571],[-87.68658,41.88663],[-87.68445,41.88665],[-87.68412,41.88666],[-87.68416,41.88781],[-87.68417,41.88824],[-87.68418,41.88848],[-87.68418,41.8886],[-87.68366,41.88861],[-87.68294,41.88862],[-87.68267,41.88863],[-87.68206,41.88864],[-87.68002,41.88867],[-87.67929,41.88869]]]},"properties":{"level":"es","grades":"K–8","id":"610073","name":"Ellen Mitchell Elementary School","url":"https://www.cps.edu/schools/schoolprofiles/610073","x":-87.68318,"y":41.89208}},{"type":"Feature","geometry":{"type":"Polygon","coordinates":[[[-87.68732,41.91399],[-87.6922,41.91395],[-87.69225,41.91572],[-87.69715,41.91567],[-87.69818,41.91566],[-87.69812,41.91398],[-87.70198,41.91392],[-87.70187,41.91017],[-87.69703,41.91022],[-87.69697,41.90658],[-87.69448,41.9066],[-87.69454,41.91024],[-87.68722,41.91032],[-87.68732,41.91399]]]},"properties":{"level":"es","grades":"K–8","id":"610076","name":"Bernhard Moos Elementary School","url":"https://www.cps.edu/schools/schoolprofiles/610076","x":-87.69694,"y":41.91251}},{"type":"Feature","geometry":{"type":"Polygon","coordinates":[[[-87.67897,41.78657],[-87.68383,41.78653],[-87.68394,41.79021],[-87.69004,41.79011],[-87.68994,41.78647],[-87.69603,41.78637],[-87.69603,41.78622],[-87.69601,41.78569],[-87.69601,41.78543],[-87.696,41.78529],[-87.69599,41.78499],[-87.69598,41.78433],[-87.69597,41.78405],[-87.69595,41.78346],[-87.69595,41.78319],[-87.69594,41.78295],[-87.69593,41.78272],[-87.69106,41.7828],[-87.69096,41.77915],[-87.68609,41.77922],[-87.6861,41.7797],[-87.68611,41.77997],[-87.68611,41.78012],[-87.68613,41.7807],[-87.68614,41.78105],[-87.68474,41.78107],[-87.68442,41.78107],[-87.68431,41.78107],[-87.68405,41.78108],[-87.68388,41.78108],[-87.68316,41.78103],[-87.683,41.78104],[-87.68266,41.78104],[-87.68255,41.78104],[-87.68223,41.78105],[-87.68189,41.78105],[-87.68161,41.78105],[-87.68147,41.78106],[-87.68116,41.78106],[-87.68115,41.78026],[-87.68114,41.77995],[-87.68113,41.77969],[-87.68113,41.77952],[-87.68096,41.77921],[-87.67981,41.77923],[-87.67927,41.77924],[-87.67901,41.77924],[-87.67935,41.77935],[-87.68025,41.77934],[-87.68027,41.78005],[-87.68028,41.7806],[-87.6803,41.78137],[-87.68032,41.78203],[-87.68034,41.78272],[-87.68035,41.78324],[-87.68035,41.78349],[-87.68037,41.78412],[-87.68038,41.78468],[-87.68038,41.78476],[-87.6804,41.7854],[-87.68043,41.78646],[-87.67897,41.78657]]]},"properties":{"level":"es","grades":"K–8","id":"610077","name":"Donald Morrill Math & Science Elementary School","url":"https://www.cps.edu/schools/schoolprofiles/610077","x":-87.68855,"y":41.78431}},{"type":"Feature","geometry":{"type":"Polygon","coordinates":[[[-87.71258,41.71319],[-87.71258,41.7133],[-87.71297,41.71329],[-87.71353,41.71328],[-87.71441,41.71327],[-87.71454,41.71327],[-87.71502,41.71326],[-87.71662,41.71324],[-87.71685,41.71324],[-87.71706,41.71323],[-87.7171,41.71323],[-87.71715,41.71323],[-87.71746,41.71323],[-87.71798,41.71322],[-87.71869,41.71321],[-87.71958,41.71319],[-87.72035,41.71318],[-87.72079,41.71318],[-87.72113,41.71317],[-87.7211,41.71253],[-87.7211,41.71205],[-87.72108,41.71117],[-87.72107,41.71069],[-87.72105,41.71001],[-87.72105,41.70997],[-87.72103,41.7095],[-87.72102,41.70907],[-87.72102,41.7089],[-87.72097,41.70752],[-87.72092,41.70612],[-87.72092,41.70594],[-87.72092,41.70591],[-87.72092,41.70587],[-87.72091,41.7057],[-87.7209,41.70551],[-87.72088,41.70499],[-87.72087,41.7048],[-87.72084,41.70428],[-87.72083,41.70406],[-87.7208,41.70325],[-87.72079,41.70319],[-87.72079,41.7031],[-87.72079,41.70297],[-87.72076,41.70245],[-87.72072,41.70131],[-87.7207,41.70069],[-87.72068,41.69997],[-87.72066,41.69928],[-87.72065,41.69888],[-87.72061,41.69801],[-87.72056,41.69693],[-87.72055,41.69679],[-87.72053,41.69615],[-87.72047,41.6946],[-87.72041,41.69306],[-87.72039,41.69256],[-87.72037,41.69221],[-87.72034,41.69176],[-87.72033,41.69168],[-87.72032,41.69128],[-87.71275,41.69138],[-87.70251,41.69155],[-87.69616,41.69162],[-87.69094,41.69169],[-87.69126,41.70078],[-87.69135,41.70096],[-87.69146,41.70609],[-87.69152,41.7072],[-87.69163,41.7072],[-87.69206,41.7072],[-87.69207,41.7072],[-87.69235,41.70719],[-87.69284,41.70719],[-87.69339,41.70718],[-87.69369,41.70718],[-87.69414,41.70717],[-87.69585,41.70715],[-87.69646,41.70714],[-87.69668,41.70714],[-87.697,41.70713],[-87.69717,41.70713],[-87.69729,41.70712],[-87.69741,41.70713],[-87.69801,41.70712],[-87.69844,41.70712],[-87.69856,41.70711],[-87.6987,41.70711],[-87.69902,41.70711],[-87.70137,41.70705],[-87.70135,41.70663],[-87.70132,41.70618],[-87.70255,41.70618],[-87.70274,41.70618],[-87.70325,41.70617],[-87.70379,41.70616],[-87.70381,41.70616],[-87.70434,41.70615],[-87.70492,41.70615],[-87.70502,41.70615],[-87.70542,41.70614],[-87.706,41.70613],[-87.70615,41.70613],[-87.70635,41.70613],[-87.70664,41.70612],[-87.70684,41.70612],[-87.70784,41.7061],[-87.70792,41.7061],[-87.70853,41.7061],[-87.70862,41.70609],[-87.70909,41.70609],[-87.7091,41.70609],[-87.70996,41.70609],[-87.71,41.70609],[-87.71112,41.70609],[-87.71114,41.70651],[-87.71119,41.70803],[-87.71121,41.70867],[-87.71121,41.70885],[-87.71123,41.70946],[-87.71125,41.70994],[-87.71127,41.71052],[-87.71145,41.71149],[-87.71253,41.71148],[-87.71258,41.71319]],[[-87.69576,41.69172],[-87.69602,41.69893],[-87.69553,41.69893],[-87.69124,41.69898],[-87.69101,41.69228],[-87.6921,41.6922],[-87.69209,41.69176],[-87.69576,41.69172]]]},"properties":{"level":"es","grades":"K–8","id":"610082","name":"Mount Greenwood Elementary School","url":"https://www.cps.edu/schools/schoolprofiles/610082","x":-87.70581,"y":41.69573}},{"type":"Feature","geometry":{"type":"Polygon","coordinates":[[[-87.64278,41.7051],[-87.6525,41.70501],[-87.65256,41.70683],[-87.65602,41.70679],[-87.65611,41.70654],[-87.65645,41.70564],[-87.65671,41.70496],[-87.65706,41.70399],[-87.65726,41.70347],[-87.65744,41.70298],[-87.65765,41.70239],[-87.65822,41.70086],[-87.65857,41.69992],[-87.65874,41.69944],[-87.65845,41.69945],[-87.65805,41.69945],[-87.65778,41.69946],[-87.65732,41.69947],[-87.65625,41.69948],[-87.65528,41.6995],[-87.65514,41.6995],[-87.65459,41.69951],[-87.65382,41.69952],[-87.65366,41.69952],[-87.65283,41.69953],[-87.65253,41.69892],[-87.65206,41.69798],[-87.65165,41.69717],[-87.65121,41.6963],[-87.65096,41.69582],[-87.65026,41.69443],[-87.65001,41.69394],[-87.64991,41.69374],[-87.64935,41.69264],[-87.64917,41.69227],[-87.64915,41.69227],[-87.64838,41.69228],[-87.64794,41.69229],[-87.64724,41.6923],[-87.64687,41.6923],[-87.64573,41.69232],[-87.6446,41.69233],[-87.64419,41.69233],[-87.64384,41.69234],[-87.6436,41.69234],[-87.64302,41.69235],[-87.64238,41.69236],[-87.64278,41.7051]]]},"properties":{"level":"es","grades":"K–8","id":"610086","name":"Mount Vernon Elementary School","url":"https://www.cps.edu/schools/schoolprofiles/610086","x":-87.64765,"y":41.70195}},{"type":"Feature","geometry":{"type":"Polygon","coordinates":[[[-87.56074,41.72348],[-87.56076,41.72402],[-87.56077,41.72449],[-87.56078,41.72498],[-87.5608,41.72555],[-87.56081,41.72595],[-87.56083,41.72658],[-87.56086,41.72762],[-87.56087,41.72813],[-87.56094,41.72995],[-87.56096,41.73038],[-87.561,41.73154],[-87.56122,41.7317],[-87.56136,41.73181],[-87.56111,41.732],[-87.56073,41.73231],[-87.56063,41.73239],[-87.56062,41.7324],[-87.55986,41.733],[-87.56275,41.73508],[-87.56352,41.73448],[-87.56363,41.7344],[-87.5637,41.73434],[-87.56438,41.73381],[-87.56461,41.73363],[-87.56466,41.73359],[-87.56468,41.73354],[-87.56469,41.73349],[-87.56469,41.7331],[-87.56464,41.73144],[-87.56461,41.73031],[-87.5646,41.72991],[-87.56522,41.7299],[-87.56523,41.7299],[-87.56628,41.72989],[-87.56656,41.72988],[-87.56755,41.72987],[-87.56824,41.72986],[-87.56885,41.72985],[-87.56946,41.72984],[-87.56944,41.72922],[-87.56943,41.7286],[-87.56941,41.72802],[-87.56938,41.72699],[-87.56937,41.72667],[-87.56936,41.72636],[-87.56936,41.72619],[-87.56934,41.72572],[-87.56932,41.72507],[-87.56932,41.72315],[-87.56902,41.72315],[-87.56817,41.72316],[-87.56725,41.72317],[-87.56594,41.72319],[-87.56561,41.72319],[-87.56559,41.72319],[-87.56531,41.7232],[-87.56469,41.72321],[-87.56397,41.72321],[-87.56225,41.72324],[-87.56145,41.72325],[-87.56109,41.72325],[-87.56074,41.72325],[-87.56074,41.72348]]]},"properties":{"level":"es","grades":"K–3","id":"610002","name":"Thomas Hoyne Elementary School","url":"https://www.cps.edu/schools/schoolprofiles/610002","x":-87.56823,"y":41.73334}},{"type":"Feature","geometry":{"type":"Polygon","coordinates":[[[-87.71455,41.92463],[-87.72188,41.92454],[-87.72199,41.9282],[-87.72658,41.92815],[-87.72971,41.92808],[-87.72968,41.92803],[-87.7297,41.92797],[-87.72963,41.92782],[-87.72948,41.92754],[-87.72944,41.92745],[-87.72931,41.92721],[-87.72918,41.92695],[-87.72902,41.92665],[-87.72875,41.92612],[-87.72865,41.92594],[-87.72844,41.92552],[-87.72833,41.92532],[-87.72814,41.92496],[-87.72805,41.92477],[-87.72795,41.92457],[-87.72789,41.92447],[-87.72788,41.92445],[-87.72786,41.92441],[-87.72784,41.92438],[-87.72782,41.92432],[-87.72776,41.92421],[-87.72771,41.92412],[-87.72768,41.92406],[-87.72764,41.92399],[-87.72743,41.92358],[-87.7274,41.92352],[-87.72735,41.92343],[-87.72731,41.92334],[-87.72723,41.92319],[-87.72707,41.92287],[-87.727,41.92274],[-87.72697,41.92268],[-87.72696,41.92267],[-87.72695,41.92265],[-87.72695,41.92264],[-87.72687,41.92224],[-87.7267,41.92188],[-87.72669,41.92172],[-87.72667,41.92102],[-87.72667,41.92082],[-87.72422,41.92085],[-87.72417,41.91902],[-87.72294,41.91904],[-87.723,41.92087],[-87.72178,41.92088],[-87.72175,41.91997],[-87.7193,41.92],[-87.71927,41.91908],[-87.71356,41.91915],[-87.71362,41.92098],[-87.71374,41.92464],[-87.71455,41.92463]]]},"properties":{"level":"es","grades":"K–8","id":"610088","name":"Wolfgang A Mozart Elementary School","url":"https://www.cps.edu/schools/schoolprofiles/610088","x":-87.72189,"y":41.92091}},{"type":"Feature","geometry":{"type":"Polygon","coordinates":[[[-87.72187,41.95556],[-87.72278,41.95618],[-87.72285,41.95554],[-87.72522,41.95551],[-87.72514,41.95368],[-87.72762,41.95365],[-87.72753,41.95091],[-87.727,41.95058],[-87.71977,41.94647],[-87.70884,41.94662],[-87.71279,41.94933],[-87.71281,41.95022],[-87.71281,41.95065],[-87.71282,41.95094],[-87.71283,41.95132],[-87.71285,41.95204],[-87.71286,41.95262],[-87.71289,41.95348],[-87.7129,41.9538],[-87.7129,41.95386],[-87.71309,41.95567],[-87.72154,41.95556],[-87.72187,41.95556]]]},"properties":{"level":"es","grades":"K–8","id":"610089","name":"John B Murphy Elementary School","url":"https://www.cps.edu/schools/schoolprofiles/610089","x":-87.71683,"y":41.95008}},{"type":"Feature","geometry":{"type":"Polygon","coordinates":[[[-87.63057,41.66333],[-87.63456,41.66327],[-87.6364,41.66692],[-87.63648,41.66696],[-87.64154,41.66689],[-87.64151,41.66581],[-87.64145,41.66416],[-87.64146,41.66324],[-87.64182,41.66324],[-87.64194,41.66324],[-87.64215,41.66324],[-87.64216,41.66324],[-87.64265,41.66323],[-87.64283,41.66322],[-87.64386,41.66321],[-87.64426,41.6632],[-87.64443,41.6632],[-87.6446,41.6632],[-87.64473,41.6632],[-87.64565,41.66318],[-87.64587,41.66318],[-87.64718,41.66316],[-87.64721,41.66301],[-87.64714,41.66115],[-87.64712,41.66082],[-87.64711,41.66061],[-87.64711,41.66054],[-87.6471,41.6602],[-87.64709,41.66006],[-87.64708,41.65993],[-87.64708,41.65978],[-87.64708,41.65975],[-87.64707,41.65963],[-87.64705,41.65905],[-87.64704,41.65889],[-87.64702,41.65836],[-87.64701,41.65818],[-87.64699,41.65773],[-87.64699,41.65766],[-87.64673,41.65778],[-87.64635,41.65781],[-87.6462,41.65779],[-87.64555,41.65786],[-87.64537,41.65784],[-87.64503,41.6578],[-87.64444,41.65776],[-87.64422,41.65778],[-87.64401,41.65779],[-87.64361,41.65784],[-87.64359,41.65784],[-87.64357,41.65777],[-87.64342,41.65778],[-87.64338,41.65782],[-87.6433,41.65782],[-87.64309,41.65784],[-87.64283,41.65783],[-87.64254,41.65783],[-87.64234,41.65783],[-87.64222,41.65784],[-87.64193,41.65784],[-87.64191,41.65787],[-87.64184,41.65788],[-87.64157,41.65788],[-87.64135,41.65782],[-87.64109,41.6578],[-87.64076,41.65784],[-87.64053,41.65784],[-87.64037,41.65786],[-87.64025,41.65784],[-87.64008,41.6578],[-87.63972,41.65784],[-87.63941,41.65781],[-87.63929,41.6578],[-87.63925,41.65785],[-87.63908,41.65784],[-87.63878,41.65783],[-87.63867,41.65777],[-87.63858,41.65772],[-87.63835,41.65771],[-87.63802,41.65769],[-87.63793,41.65769],[-87.63779,41.65773],[-87.63749,41.65764],[-87.63744,41.65765],[-87.63727,41.65766],[-87.63674,41.65757],[-87.63656,41.65754],[-87.63645,41.65751],[-87.6363,41.65748],[-87.63613,41.65749],[-87.63572,41.65748],[-87.63542,41.65748],[-87.63527,41.65748],[-87.63511,41.6575],[-87.63493,41.65752],[-87.6349,41.65754],[-87.63484,41.65751],[-87.63471,41.65754],[-87.63438,41.65757],[-87.63423,41.65756],[-87.63411,41.6576],[-87.6339,41.65761],[-87.63376,41.65758],[-87.63358,41.6576],[-87.63332,41.65763],[-87.63301,41.65764],[-87.63263,41.65773],[-87.63237,41.65777],[-87.632,41.6579],[-87.63192,41.65795],[-87.63187,41.65795],[-87.63166,41.65795],[-87.63157,41.65791],[-87.63151,41.65792],[-87.63138,41.65799],[-87.63132,41.65802],[-87.63121,41.65807],[-87.63119,41.65808],[-87.63116,41.6581],[-87.63112,41.65817],[-87.63102,41.65825],[-87.63096,41.6583],[-87.63023,41.6587],[-87.62994,41.65899],[-87.62976,41.65911],[-87.62928,41.65927],[-87.62926,41.65928],[-87.62938,41.66335],[-87.63057,41.66333]]]},"properties":{"level":"es","grades":"K–8","id":"610091","name":"Ronald Brown Elementary Community Academy","url":"https://www.cps.edu/schools/schoolprofiles/610091","x":-87.63896,"y":41.66487}},{"type":"Feature","geometry":{"type":"Polygon","coordinates":[[[-87.74074,41.88767],[-87.74086,41.89155],[-87.74111,41.89154],[-87.74124,41.89509],[-87.74136,41.89509],[-87.74184,41.89508],[-87.74275,41.89506],[-87.74291,41.89506],[-87.74382,41.89504],[-87.74426,41.89503],[-87.74483,41.89502],[-87.74506,41.89502],[-87.74554,41.89501],[-87.74791,41.89499],[-87.74874,41.89498],[-87.74906,41.89498],[-87.75071,41.89496],[-87.75193,41.89495],[-87.75209,41.89495],[-87.75231,41.89495],[-87.75295,41.89495],[-87.75316,41.89496],[-87.75315,41.89479],[-87.75313,41.89438],[-87.75313,41.89416],[-87.75312,41.8939],[-87.75309,41.89322],[-87.75305,41.89213],[-87.7529,41.88784],[-87.75044,41.88787],[-87.75041,41.88691],[-87.7456,41.88664],[-87.74303,41.88646],[-87.74069,41.88632],[-87.74074,41.88767]]]},"properties":{"level":"es","grades":"K–8","id":"610092","name":"Henry H Nash Elementary School","url":"https://www.cps.edu/schools/schoolprofiles/610092","x":-87.74794,"y":41.89181}},{"type":"Feature","geometry":{"type":"Polygon","coordinates":[[[-87.61467,41.74198],[-87.61629,41.74196],[-87.61634,41.74379],[-87.61639,41.74561],[-87.62438,41.74548],[-87.62437,41.74457],[-87.62434,41.74384],[-87.62433,41.74366],[-87.62433,41.74359],[-87.62432,41.74321],[-87.6243,41.74231],[-87.62428,41.74154],[-87.62419,41.7385],[-87.62416,41.7363],[-87.62182,41.7364],[-87.61453,41.7365],[-87.61454,41.7368],[-87.61454,41.73711],[-87.61456,41.73786],[-87.61459,41.73902],[-87.61462,41.74016],[-87.61466,41.74153],[-87.61467,41.74198]]]},"properties":{"level":"es","grades":"K–8","id":"610093","name":"Jane A Neil Elementary School","url":"https://www.cps.edu/schools/schoolprofiles/610093","x":-87.62093,"y":41.73841}},{"type":"Feature","geometry":{"type":"Polygon","coordinates":[[[-87.63791,41.94801],[-87.63808,41.94836],[-87.63822,41.94862],[-87.63839,41.94893],[-87.63857,41.94929],[-87.6387,41.94957],[-87.63884,41.94987],[-87.63889,41.94999],[-87.64346,41.94864],[-87.64738,41.94732],[-87.64967,41.94732],[-87.65652,41.9472],[-87.65917,41.94715],[-87.65912,41.94532],[-87.65902,41.94166],[-87.65897,41.93984],[-87.65841,41.93985],[-87.65809,41.93985],[-87.65775,41.93986],[-87.65683,41.93987],[-87.65654,41.93987],[-87.65594,41.93988],[-87.65532,41.93989],[-87.65471,41.9399],[-87.65411,41.93991],[-87.65352,41.93992],[-87.65324,41.93992],[-87.65248,41.93994],[-87.65183,41.93994],[-87.65151,41.93995],[-87.65008,41.93997],[-87.64927,41.93998],[-87.64924,41.93908],[-87.64922,41.93816],[-87.64896,41.93784],[-87.64828,41.93699],[-87.64782,41.93643],[-87.64745,41.93596],[-87.6469,41.93528],[-87.64654,41.93484],[-87.64588,41.93403],[-87.64549,41.93355],[-87.64489,41.9328],[-87.64412,41.93282],[-87.64307,41.93284],[-87.64249,41.93285],[-87.64171,41.93286],[-87.64134,41.93287],[-87.64032,41.93289],[-87.63874,41.93292],[-87.63795,41.93293],[-87.63735,41.93293],[-87.63675,41.93289],[-87.63611,41.93316],[-87.63497,41.93335],[-87.63435,41.93334],[-87.63356,41.93333],[-87.63323,41.93333],[-87.63252,41.93332],[-87.63213,41.93332],[-87.63202,41.93332],[-87.63189,41.93332],[-87.63181,41.93332],[-87.6317,41.93332],[-87.6316,41.93332],[-87.63155,41.93332],[-87.63141,41.93332],[-87.63135,41.93332],[-87.63114,41.93333],[-87.63113,41.93333],[-87.63108,41.93333],[-87.63086,41.93333],[-87.63079,41.93333],[-87.63059,41.93333],[-87.63052,41.93333],[-87.6303,41.93333],[-87.63029,41.93333],[-87.63017,41.93333],[-87.63017,41.93334],[-87.63017,41.93339],[-87.63016,41.93343],[-87.63019,41.93357],[-87.63036,41.9339],[-87.6311,41.93477],[-87.63143,41.93517],[-87.63161,41.9355],[-87.6318,41.93584],[-87.63187,41.936],[-87.63202,41.93645],[-87.63206,41.93666],[-87.63222,41.93707],[-87.63229,41.93724],[-87.63245,41.93748],[-87.63266,41.93772],[-87.63287,41.93795],[-87.63305,41.93819],[-87.63323,41.93859],[-87.63336,41.93889],[-87.63343,41.93904],[-87.63355,41.93936],[-87.63361,41.93957],[-87.6337,41.93985],[-87.63377,41.94013],[-87.63381,41.94025],[-87.63388,41.9406],[-87.63387,41.94084],[-87.63386,41.94127],[-87.63385,41.94134],[-87.6339,41.9415],[-87.63406,41.94166],[-87.63412,41.9417],[-87.63433,41.94173],[-87.63445,41.94159],[-87.63453,41.94157],[-87.63477,41.94073],[-87.6351,41.94085],[-87.63513,41.94087],[-87.63515,41.94086],[-87.63517,41.94071],[-87.63492,41.9407],[-87.6349,41.94065],[-87.6353,41.93999],[-87.63553,41.93986],[-87.63578,41.93979],[-87.63627,41.93974],[-87.63647,41.93974],[-87.63649,41.93974],[-87.63667,41.93974],[-87.63681,41.93976],[-87.63681,41.93979],[-87.6374,41.94017],[-87.63838,41.94136],[-87.63839,41.9414],[-87.6384,41.94149],[-87.6384,41.94158],[-87.63851,41.94251],[-87.63858,41.94268],[-87.63878,41.94302],[-87.63897,41.94325],[-87.63911,41.94337],[-87.63921,41.94345],[-87.63933,41.94352],[-87.63957,41.94359],[-87.64037,41.94471],[-87.64041,41.94475],[-87.64048,41.94488],[-87.6405,41.94496],[-87.6405,41.94506],[-87.64045,41.94519],[-87.64041,41.94524],[-87.6402,41.94529],[-87.64017,41.94531],[-87.64013,41.94544],[-87.64018,41.9455],[-87.64016,41.94558],[-87.64002,41.94583],[-87.64003,41.94592],[-87.64007,41.94598],[-87.64013,41.94603],[-87.64017,41.94606],[-87.64064,41.94646],[-87.64189,41.94753],[-87.64208,41.94777],[-87.64213,41.94786],[-87.64214,41.94793],[-87.64209,41.94798],[-87.64201,41.94801],[-87.64192,41.94801],[-87.64187,41.948],[-87.64179,41.94798],[-87.64166,41.94792],[-87.64143,41.94781],[-87.64132,41.94774],[-87.64089,41.94743],[-87.64078,41.9473],[-87.64047,41.94691],[-87.6403,41.94672],[-87.6401,41.94672],[-87.64026,41.94652],[-87.64002,41.9464],[-87.63974,41.94634],[-87.63942,41.94632],[-87.63921,41.94632],[-87.63889,41.94631],[-87.63869,41.94621],[-87.63864,41.94619],[-87.63742,41.94582],[-87.63731,41.94575],[-87.63682,41.94505],[-87.63696,41.9449],[-87.63658,41.94409],[-87.63615,41.94319],[-87.63607,41.9431],[-87.63592,41.94298],[-87.63585,41.94295],[-87.63561,41.9429],[-87.63542,41.94291],[-87.63531,41.94294],[-87.63516,41.94301],[-87.63502,41.94311],[-87.6349,41.94316],[-87.63478,41.9432],[-87.63469,41.94321],[-87.63449,41.94319],[-87.63431,41.94313],[-87.6341,41.94296],[-87.63406,41.94291],[-87.63398,41.9427],[-87.63371,41.94222],[-87.63367,41.9422],[-87.63364,41.94218],[-87.63354,41.94216],[-87.63325,41.94218],[-87.63309,41.94226],[-87.63303,41.94233],[-87.63301,41.94255],[-87.63316,41.94274],[-87.63319,41.94277],[-87.6334,41.94296],[-87.63351,41.94305],[-87.63391,41.94341],[-87.63423,41.94371],[-87.63448,41.94393],[-87.63471,41.94414],[-87.63506,41.94448],[-87.63525,41.94468],[-87.6355,41.94495],[-87.63575,41.94522],[-87.63604,41.94553],[-87.63631,41.94584],[-87.63638,41.94593],[-87.63728,41.94707],[-87.63746,41.94732],[-87.63772,41.94771],[-87.63791,41.94801]]]},"properties":{"level":"es","grades":"K–8","id":"610094","name":"Louis Nettelhorst Elementary School","url":"https://www.cps.edu/schools/schoolprofiles/610094","x":-87.64456,"y":41.94164}},{"type":"Feature","geometry":{"type":"Polygon","coordinates":[[[-87.67992,41.80433],[-87.67968,41.80441],[-87.67963,41.80443],[-87.67967,41.80446],[-87.67997,41.80445],[-87.6802,41.80445],[-87.68058,41.80445],[-87.68072,41.80445],[-87.68092,41.80445],[-87.68165,41.80444],[-87.68176,41.80442],[-87.68191,41.80439],[-87.68221,41.80439],[-87.68242,41.80439],[-87.68252,41.80438],[-87.68303,41.80438],[-87.68328,41.80438],[-87.68359,41.80437],[-87.68374,41.80438],[-87.68435,41.80432],[-87.68459,41.80443],[-87.68507,41.80442],[-87.6857,41.80441],[-87.68665,41.80439],[-87.68702,41.80437],[-87.68793,41.80436],[-87.68851,41.80435],[-87.68921,41.80432],[-87.6895,41.80429],[-87.68965,41.80429],[-87.68998,41.80428],[-87.69034,41.80428],[-87.69062,41.80426],[-87.69096,41.80422],[-87.69119,41.80416],[-87.6913,41.80412],[-87.69137,41.80412],[-87.69148,41.8041],[-87.69157,41.80409],[-87.69176,41.80405],[-87.6919,41.804],[-87.69209,41.80405],[-87.69244,41.80411],[-87.69294,41.80411],[-87.69374,41.80409],[-87.69397,41.80409],[-87.69409,41.80418],[-87.694,41.80099],[-87.69522,41.80097],[-87.69644,41.80095],[-87.69629,41.79547],[-87.69583,41.79548],[-87.69536,41.79549],[-87.69507,41.79549],[-87.68897,41.7956],[-87.68896,41.79515],[-87.68588,41.79521],[-87.68584,41.79384],[-87.68432,41.79386],[-87.68404,41.79388],[-87.68386,41.79389],[-87.68358,41.79386],[-87.68348,41.79385],[-87.68367,41.80113],[-87.67978,41.80117],[-87.67956,41.80117],[-87.67956,41.80119],[-87.67957,41.80157],[-87.67957,41.80187],[-87.67959,41.8025],[-87.6796,41.803],[-87.6796,41.80301],[-87.67965,41.80309],[-87.67974,41.80309],[-87.67989,41.80309],[-87.67989,41.80316],[-87.6799,41.8033],[-87.6799,41.80343],[-87.67982,41.80344],[-87.67961,41.80344],[-87.6799,41.80353],[-87.67991,41.80368],[-87.67991,41.80389],[-87.67992,41.804],[-87.67992,41.80413],[-87.67992,41.80421],[-87.67992,41.80433]]]},"properties":{"level":"es","grades":"K–8","id":"610096","name":"Florence Nightingale Elementary School","url":"https://www.cps.edu/schools/schoolprofiles/610096","x":-87.68914,"y":41.79771}},{"type":"Feature","geometry":{"type":"Polygon","coordinates":[[[-87.72695,41.92265],[-87.72696,41.92267],[-87.72697,41.92268],[-87.727,41.92274],[-87.72707,41.92287],[-87.72723,41.92319],[-87.72731,41.92334],[-87.72735,41.92343],[-87.7274,41.92352],[-87.72743,41.92358],[-87.72764,41.92399],[-87.72768,41.92406],[-87.72771,41.92412],[-87.72776,41.92421],[-87.72782,41.92432],[-87.72784,41.92438],[-87.72786,41.92441],[-87.72788,41.92445],[-87.72789,41.92447],[-87.72795,41.92457],[-87.72805,41.92477],[-87.72814,41.92496],[-87.72833,41.92532],[-87.72844,41.92552],[-87.72865,41.92594],[-87.72875,41.92612],[-87.72902,41.92665],[-87.72918,41.92695],[-87.72931,41.92721],[-87.72944,41.92745],[-87.72948,41.92754],[-87.72963,41.92782],[-87.7297,41.92797],[-87.72968,41.92803],[-87.72971,41.92808],[-87.72972,41.92808],[-87.73011,41.92807],[-87.73084,41.92807],[-87.73276,41.92804],[-87.73423,41.92802],[-87.73412,41.9244],[-87.73779,41.92435],[-87.73776,41.92358],[-87.73775,41.92324],[-87.73773,41.92252],[-87.73768,41.92116],[-87.73763,41.91936],[-87.7376,41.91841],[-87.73758,41.91769],[-87.73755,41.91703],[-87.73754,41.91664],[-87.73752,41.91588],[-87.73752,41.91575],[-87.7375,41.91521],[-87.73665,41.91523],[-87.73628,41.91523],[-87.73623,41.91385],[-87.73622,41.91347],[-87.73622,41.91338],[-87.73622,41.91332],[-87.73576,41.91332],[-87.73532,41.91333],[-87.73518,41.91333],[-87.73478,41.91333],[-87.7336,41.91335],[-87.73339,41.91335],[-87.73312,41.91336],[-87.73275,41.91336],[-87.73254,41.91336],[-87.7325,41.91336],[-87.73245,41.91336],[-87.73222,41.91337],[-87.73195,41.91337],[-87.73153,41.91337],[-87.73133,41.91338],[-87.73133,41.91345],[-87.73133,41.91364],[-87.73135,41.91421],[-87.73137,41.91517],[-87.73139,41.91568],[-87.7314,41.91585],[-87.73141,41.91634],[-87.73145,41.9171],[-87.73022,41.91712],[-87.729,41.91713],[-87.72807,41.91715],[-87.72746,41.91716],[-87.72682,41.91716],[-87.72656,41.91717],[-87.72659,41.91808],[-87.72661,41.91877],[-87.72662,41.91919],[-87.72664,41.91975],[-87.72667,41.92082],[-87.72667,41.92102],[-87.72669,41.92172],[-87.7267,41.92188],[-87.72687,41.92224],[-87.72695,41.92264],[-87.72695,41.92265]]]},"properties":{"level":"es","grades":"K–6","id":"610097","name":"William P Nixon Elementary School","url":"https://www.cps.edu/schools/schoolprofiles/610097","x":-87.73142,"y":41.91958}},{"type":"Feature","geometry":{"type":"Polygon","coordinates":[[[-87.72633,41.90989],[-87.72644,41.91344],[-87.73133,41.91338],[-87.73121,41.90982],[-87.73142,41.90982],[-87.73131,41.90629],[-87.73123,41.90259],[-87.7263,41.90267],[-87.72508,41.90268],[-87.72517,41.90549],[-87.72518,41.90582],[-87.72525,41.90818],[-87.72529,41.90944],[-87.7253,41.90983],[-87.7253,41.9099],[-87.72568,41.9099],[-87.72633,41.90989]]]},"properties":{"level":"es","grades":"K–8","id":"610098","name":"Alfred Nobel Elementary School","url":"https://www.cps.edu/schools/schoolprofiles/610098","x":-87.72996,"y":41.90615}},{"type":"Feature","geometry":{"type":"Polygon","coordinates":[[[-87.78768,41.98595],[-87.79698,41.99114],[-87.80194,41.99408],[-87.8068,41.99698],[-87.80694,41.98247],[-87.79492,41.98255],[-87.79142,41.9826],[-87.78774,41.98262],[-87.78768,41.98595]]]},"properties":{"level":"es","grades":"K–8","id":"610099","name":"Norwood Park Elementary School","url":"https://www.cps.edu/schools/schoolprofiles/610099","x":-87.80298,"y":41.98815}},{"type":"Feature","geometry":{"type":"Polygon","coordinates":[[[-87.7122,41.92832],[-87.71222,41.9291],[-87.71223,41.92942],[-87.71223,41.92947],[-87.71224,41.92972],[-87.71224,41.92994],[-87.71225,41.93016],[-87.71227,41.93077],[-87.71229,41.93145],[-87.71225,41.93198],[-87.71253,41.9322],[-87.7153,41.93389],[-87.71728,41.93509],[-87.71724,41.93374],[-87.72213,41.93368],[-87.72209,41.93207],[-87.72209,41.93185],[-87.72233,41.93185],[-87.72289,41.93184],[-87.72331,41.93184],[-87.72394,41.93183],[-87.72534,41.93181],[-87.72576,41.93181],[-87.72665,41.9318],[-87.72758,41.93178],[-87.72835,41.93177],[-87.73137,41.93174],[-87.73148,41.93173],[-87.73155,41.93173],[-87.73165,41.93173],[-87.73162,41.93166],[-87.73152,41.93148],[-87.73141,41.93125],[-87.7313,41.93104],[-87.73107,41.9306],[-87.73091,41.93029],[-87.7306,41.9297],[-87.73048,41.92946],[-87.73042,41.92935],[-87.73026,41.92904],[-87.7299,41.92834],[-87.7298,41.92819],[-87.72973,41.92812],[-87.72971,41.92808],[-87.72658,41.92815],[-87.72199,41.9282],[-87.72188,41.92454],[-87.71455,41.92463],[-87.7146,41.92644],[-87.71216,41.92648],[-87.71216,41.92658],[-87.71219,41.92768],[-87.7122,41.92832]]]},"properties":{"level":"es","grades":"K–8","id":"610074","name":"Logan Square Elementary School","url":"https://www.cps.edu/schools/schoolprofiles/610074","x":-87.71922,"y":41.92999}},{"type":"Feature","geometry":{"type":"Polygon","coordinates":[[[-87.71728,41.93509],[-87.72185,41.93788],[-87.72187,41.93916],[-87.72229,41.93916],[-87.72235,41.94098],[-87.72684,41.94092],[-87.72725,41.94117],[-87.72724,41.94088],[-87.7297,41.94086],[-87.72954,41.93541],[-87.73357,41.93535],[-87.73356,41.93532],[-87.73354,41.93529],[-87.73347,41.93515],[-87.73344,41.9351],[-87.73341,41.93504],[-87.73335,41.93493],[-87.73326,41.93475],[-87.73322,41.93467],[-87.73314,41.93453],[-87.73305,41.93434],[-87.73296,41.93418],[-87.73287,41.93408],[-87.73283,41.934],[-87.73283,41.93397],[-87.73283,41.93392],[-87.73277,41.93381],[-87.73273,41.93374],[-87.73235,41.93307],[-87.73224,41.93287],[-87.7322,41.93278],[-87.73209,41.93257],[-87.73196,41.93232],[-87.73191,41.93222],[-87.73165,41.93173],[-87.73155,41.93173],[-87.73148,41.93173],[-87.73137,41.93174],[-87.72835,41.93177],[-87.72758,41.93178],[-87.72665,41.9318],[-87.72576,41.93181],[-87.72534,41.93181],[-87.72394,41.93183],[-87.72331,41.93184],[-87.72289,41.93184],[-87.72233,41.93185],[-87.72209,41.93185],[-87.72209,41.93207],[-87.72213,41.93368],[-87.71724,41.93374],[-87.71728,41.93509]]]},"properties":{"level":"es","grades":"K–8","id":"610541","name":"Federico Garcia Lorca Elementary School","url":"https://www.cps.edu/schools/schoolprofiles/610541","x":-87.72478,"y":41.94003}},{"type":"Feature","geometry":{"type":"Polygon","coordinates":[[[-87.68785,42.01951],[-87.68861,42.01952],[-87.68895,42.01953],[-87.68912,42.01953],[-87.69017,42.01953],[-87.69018,42.01913],[-87.69021,42.01606],[-87.69022,42.0158],[-87.69022,42.01566],[-87.69023,42.0142],[-87.69024,42.01331],[-87.69025,42.01212],[-87.69023,42.01137],[-87.69022,42.01122],[-87.69022,42.01093],[-87.69021,42.01046],[-87.69498,42.01037],[-87.69497,42.00946],[-87.69497,42.00856],[-87.69016,42.00863],[-87.69014,42.0079],[-87.69014,42.00774],[-87.69013,42.00763],[-87.69013,42.00747],[-87.69013,42.00726],[-87.69012,42.00703],[-87.6901,42.00649],[-87.6901,42.00625],[-87.6901,42.00613],[-87.69009,42.00593],[-87.69008,42.00553],[-87.69007,42.00481],[-87.69006,42.0045],[-87.69004,42.00389],[-87.69003,42.00338],[-87.69002,42.00291],[-87.69,42.00232],[-87.68998,42.00137],[-87.68994,42.00001],[-87.68993,41.99954],[-87.68991,41.99865],[-87.68989,41.99795],[-87.68988,41.99773],[-87.68987,41.99729],[-87.68982,41.99591],[-87.68493,41.996],[-87.68501,41.99781],[-87.68136,41.99787],[-87.68141,41.99969],[-87.6802,41.99971],[-87.68026,42.00158],[-87.67852,42.00162],[-87.67942,42.00357],[-87.67987,42.00454],[-87.67999,42.00482],[-87.68009,42.00502],[-87.68017,42.00521],[-87.68042,42.00574],[-87.68054,42.00601],[-87.6809,42.00678],[-87.6811,42.00721],[-87.68122,42.00748],[-87.6813,42.00765],[-87.68152,42.00812],[-87.68202,42.0093],[-87.6824,42.01037],[-87.68244,42.01049],[-87.68284,42.01163],[-87.68303,42.01214],[-87.68232,42.01268],[-87.68139,42.01312],[-87.68039,42.0136],[-87.68046,42.01368],[-87.68049,42.01374],[-87.68048,42.01512],[-87.68408,42.01515],[-87.68418,42.01553],[-87.68465,42.01948],[-87.68485,42.01949],[-87.68588,42.0195],[-87.68629,42.01951],[-87.68651,42.01951],[-87.68653,42.01951],[-87.68668,42.01951],[-87.68758,42.01952],[-87.68785,42.01951]]]},"properties":{"level":"es","grades":"K–8","id":"609779","name":"George Armstrong International Studies ES","url":"https://www.cps.edu/schools/schoolprofiles/609779","x":-87.68444,"y":42.01015}},{"type":"Feature","geometry":{"type":"Polygon","coordinates":[[[-87.61567,41.67006],[-87.61444,41.67543],[-87.61582,41.67462],[-87.61751,41.6743],[-87.61907,41.67434],[-87.6223,41.6743],[-87.62255,41.6743],[-87.62277,41.6743],[-87.62345,41.67429],[-87.6239,41.67429],[-87.62512,41.67426],[-87.62736,41.67424],[-87.62976,41.67419],[-87.62958,41.66885],[-87.63319,41.66881],[-87.63312,41.667],[-87.63191,41.66702],[-87.63185,41.66521],[-87.63065,41.66522],[-87.63057,41.66333],[-87.62938,41.66335],[-87.62926,41.65928],[-87.62919,41.6593],[-87.62913,41.65936],[-87.62836,41.66006],[-87.62824,41.66015],[-87.62776,41.66054],[-87.62742,41.66072],[-87.62696,41.66103],[-87.62638,41.66144],[-87.6261,41.66165],[-87.62585,41.66185],[-87.62558,41.66207],[-87.62542,41.66217],[-87.62527,41.66225],[-87.62454,41.66264],[-87.62414,41.66282],[-87.62391,41.66292],[-87.62352,41.66312],[-87.62342,41.66317],[-87.62266,41.66319],[-87.6221,41.6632],[-87.62131,41.6632],[-87.62093,41.66322],[-87.62059,41.66321],[-87.62027,41.66309],[-87.61978,41.66287],[-87.61927,41.66264],[-87.6191,41.66246],[-87.61908,41.66228],[-87.61904,41.66221],[-87.61899,41.66206],[-87.61894,41.66189],[-87.61887,41.66159],[-87.61881,41.66136],[-87.61871,41.66104],[-87.61867,41.66092],[-87.61854,41.66059],[-87.61856,41.66016],[-87.61868,41.65976],[-87.61878,41.6594],[-87.61878,41.6593],[-87.61886,41.65908],[-87.61815,41.65911],[-87.61794,41.66003],[-87.61772,41.661],[-87.61713,41.66361],[-87.61687,41.66474],[-87.61675,41.66529],[-87.61652,41.66629],[-87.61632,41.6672],[-87.61606,41.66832],[-87.61596,41.66879],[-87.61573,41.66979],[-87.61567,41.67006]]]},"properties":{"level":"es","grades":"K–8","id":"609943","name":"Jesse Owens Elementary Community Academy","url":"https://www.cps.edu/schools/schoolprofiles/609943","x":-87.62255,"y":41.67062}},{"type":"Feature","geometry":{"type":"Polygon","coordinates":[[[-87.64283,41.70692],[-87.643,41.71421],[-87.64807,41.71414],[-87.64934,41.71393],[-87.65021,41.71361],[-87.65095,41.71317],[-87.65178,41.71386],[-87.65203,41.71412],[-87.653,41.71409],[-87.65319,41.71409],[-87.65332,41.71408],[-87.65354,41.71348],[-87.65371,41.71302],[-87.65388,41.71255],[-87.65422,41.71167],[-87.65447,41.7114],[-87.65504,41.71139],[-87.6558,41.71138],[-87.65676,41.71137],[-87.65705,41.71136],[-87.65743,41.71136],[-87.65772,41.71136],[-87.65828,41.71135],[-87.65816,41.71113],[-87.65781,41.71042],[-87.65763,41.71006],[-87.65752,41.70985],[-87.65727,41.70935],[-87.65683,41.70848],[-87.65644,41.7077],[-87.65607,41.707],[-87.65602,41.70679],[-87.65256,41.70683],[-87.6525,41.70501],[-87.64278,41.7051],[-87.64283,41.70692]]]},"properties":{"level":"es","grades":"K–8","id":"610128","name":"Marcus Moziah Garvey Elementary School","url":"https://www.cps.edu/schools/schoolprofiles/610128","x":-87.64758,"y":41.7066}},{"type":"Feature","geometry":{"type":"Polygon","coordinates":[[[-87.63451,41.90054],[-87.63435,41.90054],[-87.63448,41.90385],[-87.63292,41.90388],[-87.63315,41.91116],[-87.63505,41.91116],[-87.64229,41.91106],[-87.64584,41.91096],[-87.64827,41.91092],[-87.64816,41.90638],[-87.64421,41.9064],[-87.64412,41.90703],[-87.63977,41.90392],[-87.63964,41.90377],[-87.63744,41.9038],[-87.63732,41.90051],[-87.63667,41.90051],[-87.6364,41.90052],[-87.63599,41.90052],[-87.63558,41.90053],[-87.63451,41.90054]]]},"properties":{"level":"es","grades":"K–8","id":"610048","name":"George Manierre Elementary School","url":"https://www.cps.edu/schools/schoolprofiles/610048","x":-87.63983,"y":41.90825}},{"type":"Feature","geometry":{"type":"Polygon","coordinates":[[[-87.65334,41.73594],[-87.65339,41.73775],[-87.65825,41.73768],[-87.6582,41.73586],[-87.65809,41.7321],[-87.65323,41.73219],[-87.65313,41.72892],[-87.65313,41.72864],[-87.65312,41.72815],[-87.6531,41.72747],[-87.65299,41.72316],[-87.65178,41.72318],[-87.65173,41.72135],[-87.65107,41.72136],[-87.65062,41.72137],[-87.65049,41.72137],[-87.65034,41.72176],[-87.65019,41.72216],[-87.64993,41.72288],[-87.64977,41.72329],[-87.64951,41.724],[-87.64881,41.72588],[-87.64825,41.7274],[-87.64785,41.72846],[-87.64776,41.72871],[-87.64503,41.73605],[-87.64517,41.73605],[-87.64624,41.73604],[-87.64691,41.73603],[-87.64764,41.73601],[-87.64849,41.736],[-87.64887,41.736],[-87.6497,41.73599],[-87.65001,41.73598],[-87.65092,41.73597],[-87.65278,41.73594],[-87.65334,41.73594]]]},"properties":{"level":"es","grades":"K–8","id":"610369","name":"Mahalia Jackson Elementary School","url":"https://www.cps.edu/schools/schoolprofiles/610369","x":-87.64677,"y":41.73412}},{"type":"Feature","geometry":{"type":"Polygon","coordinates":[[[-87.62468,41.91104],[-87.62467,41.91124],[-87.62466,41.91142],[-87.62674,41.91147],[-87.62714,41.91125],[-87.63315,41.91116],[-87.63292,41.90388],[-87.63448,41.90385],[-87.63435,41.90054],[-87.63451,41.90054],[-87.63558,41.90053],[-87.63599,41.90052],[-87.6364,41.90052],[-87.63667,41.90051],[-87.63732,41.90051],[-87.63744,41.9038],[-87.63964,41.90377],[-87.63977,41.90392],[-87.64412,41.90703],[-87.64421,41.9064],[-87.64816,41.90638],[-87.64827,41.91092],[-87.65686,41.91078],[-87.65685,41.91074],[-87.65774,41.90844],[-87.65829,41.90504],[-87.65816,41.90453],[-87.65742,41.90351],[-87.65647,41.90262],[-87.65589,41.90117],[-87.65538,41.90081],[-87.65451,41.90053],[-87.65212,41.90008],[-87.65136,41.89974],[-87.6494,41.89831],[-87.64879,41.89809],[-87.64783,41.89796],[-87.64775,41.8964],[-87.65081,41.89634],[-87.65188,41.89739],[-87.65312,41.89816],[-87.65353,41.89812],[-87.65541,41.89855],[-87.65712,41.89914],[-87.65834,41.89985],[-87.65861,41.89985],[-87.65855,41.89827],[-87.65992,41.89915],[-87.65924,41.89763],[-87.65827,41.89635],[-87.65751,41.89561],[-87.65674,41.89501],[-87.65324,41.89261],[-87.6527,41.89245],[-87.64852,41.88955],[-87.64796,41.88905],[-87.64579,41.88907],[-87.64433,41.88903],[-87.64424,41.8857],[-87.63773,41.88572],[-87.63679,41.88573],[-87.6354,41.88671],[-87.63502,41.88679],[-87.62454,41.88678],[-87.62453,41.88669],[-87.62452,41.88596],[-87.6245,41.88558],[-87.6244,41.88323],[-87.62439,41.88263],[-87.62435,41.88169],[-87.62434,41.88083],[-87.62297,41.88085],[-87.62255,41.88085],[-87.6214,41.88087],[-87.61972,41.88089],[-87.61825,41.88091],[-87.61749,41.88092],[-87.6172,41.88094],[-87.61701,41.88099],[-87.61574,41.88098],[-87.61575,41.88142],[-87.6165,41.88141],[-87.61651,41.88173],[-87.61648,41.88184],[-87.61643,41.88196],[-87.61635,41.8821],[-87.61633,41.88211],[-87.61606,41.88233],[-87.61598,41.88237],[-87.61587,41.88241],[-87.61579,41.88244],[-87.61563,41.88247],[-87.61555,41.88248],[-87.615,41.8825],[-87.61467,41.88252],[-87.61449,41.88254],[-87.61446,41.88254],[-87.61422,41.88259],[-87.6141,41.88262],[-87.61392,41.88268],[-87.61379,41.88273],[-87.61364,41.88279],[-87.61344,41.8829],[-87.61325,41.88302],[-87.61302,41.88322],[-87.61294,41.88331],[-87.61285,41.88344],[-87.61279,41.88358],[-87.61275,41.88372],[-87.61274,41.88377],[-87.61274,41.88406],[-87.61068,41.88415],[-87.61275,41.88414],[-87.61274,41.88719],[-87.61013,41.88718],[-87.61022,41.88416],[-87.61031,41.88416],[-87.61012,41.88408],[-87.6101,41.8839],[-87.61009,41.88379],[-87.6102,41.8769],[-87.6101,41.8769],[-87.60997,41.88422],[-87.60998,41.88445],[-87.60997,41.88463],[-87.60997,41.88477],[-87.60998,41.8848],[-87.60997,41.88497],[-87.60997,41.88507],[-87.60997,41.88513],[-87.60996,41.88518],[-87.60996,41.88557],[-87.60996,41.88582],[-87.60995,41.88612],[-87.60994,41.88671],[-87.60994,41.88701],[-87.60991,41.88709],[-87.60961,41.88725],[-87.60953,41.88767],[-87.60947,41.88798],[-87.60781,41.88818],[-87.60756,41.88816],[-87.60599,41.88822],[-87.60541,41.88822],[-87.60541,41.88819],[-87.60518,41.88819],[-87.60384,41.88825],[-87.60252,41.88827],[-87.60252,41.88828],[-87.60248,41.88829],[-87.60252,41.88839],[-87.60289,41.88838],[-87.60374,41.88837],[-87.60513,41.88835],[-87.60491,41.88857],[-87.60471,41.88858],[-87.60467,41.88863],[-87.60524,41.88871],[-87.60544,41.88867],[-87.60567,41.88867],[-87.60765,41.88867],[-87.60771,41.88926],[-87.60766,41.88926],[-87.60765,41.88927],[-87.60764,41.88927],[-87.60764,41.88935],[-87.60766,41.88936],[-87.60949,41.88939],[-87.60949,41.88961],[-87.60951,41.89019],[-87.60953,41.8908],[-87.60953,41.89092],[-87.60954,41.89101],[-87.60746,41.89105],[-87.60521,41.89108],[-87.60491,41.89109],[-87.60452,41.89109],[-87.60326,41.89111],[-87.6017,41.89114],[-87.60089,41.89115],[-87.60089,41.89111],[-87.60085,41.89111],[-87.60079,41.89108],[-87.60075,41.89108],[-87.60069,41.89108],[-87.60065,41.89108],[-87.60061,41.8911],[-87.60057,41.89142],[-87.59933,41.89144],[-87.59853,41.89159],[-87.59855,41.89227],[-87.60058,41.89224],[-87.60059,41.89238],[-87.60064,41.89242],[-87.60082,41.89243],[-87.6009,41.89241],[-87.60091,41.89238],[-87.60091,41.89237],[-87.60478,41.8923],[-87.6052,41.89229],[-87.6098,41.89222],[-87.60981,41.8927],[-87.60982,41.89312],[-87.60982,41.89315],[-87.60783,41.89318],[-87.60519,41.89322],[-87.604,41.89324],[-87.60235,41.89326],[-87.60229,41.89331],[-87.60232,41.89418],[-87.60232,41.89482],[-87.60232,41.89489],[-87.60233,41.89527],[-87.60233,41.8956],[-87.60234,41.89581],[-87.60234,41.89606],[-87.60235,41.89628],[-87.60237,41.89634],[-87.60249,41.89637],[-87.60286,41.89636],[-87.60354,41.89635],[-87.60377,41.89634],[-87.60379,41.89634],[-87.6039,41.89634],[-87.60403,41.89633],[-87.60422,41.89633],[-87.60444,41.89633],[-87.60473,41.89633],[-87.60479,41.89633],[-87.60504,41.89632],[-87.6051,41.89631],[-87.60515,41.8963],[-87.60517,41.89629],[-87.6052,41.89629],[-87.60522,41.8963],[-87.60524,41.89629],[-87.60528,41.89629],[-87.6053,41.8963],[-87.60533,41.89629],[-87.60537,41.89629],[-87.60539,41.89629],[-87.60541,41.89628],[-87.60546,41.89629],[-87.60548,41.89628],[-87.60554,41.89629],[-87.60556,41.89628],[-87.60558,41.89629],[-87.60559,41.89629],[-87.60563,41.89628],[-87.60567,41.89629],[-87.60573,41.89625],[-87.60579,41.89625],[-87.6067,41.89625],[-87.60672,41.89626],[-87.60676,41.89627],[-87.60679,41.89626],[-87.6068,41.89627],[-87.60683,41.89627],[-87.60685,41.89627],[-87.60686,41.89626],[-87.6069,41.89627],[-87.60692,41.89627],[-87.60694,41.89626],[-87.60695,41.89626],[-87.60698,41.89627],[-87.60701,41.89626],[-87.60702,41.89626],[-87.60705,41.89627],[-87.60707,41.89626],[-87.60708,41.89626],[-87.6071,41.89626],[-87.60714,41.89626],[-87.60716,41.89626],[-87.60719,41.89626],[-87.60722,41.89626],[-87.60725,41.89626],[-87.60729,41.89626],[-87.60731,41.89625],[-87.60735,41.89626],[-87.60737,41.89626],[-87.6074,41.89625],[-87.60743,41.89626],[-87.60746,41.89625],[-87.60749,41.89626],[-87.60752,41.89625],[-87.60753,41.89625],[-87.60754,41.89625],[-87.60755,41.89625],[-87.60759,41.89625],[-87.60766,41.89625],[-87.60768,41.89625],[-87.60771,41.89625],[-87.60773,41.89625],[-87.60776,41.89625],[-87.6078,41.89626],[-87.60783,41.89625],[-87.60784,41.89625],[-87.60787,41.89625],[-87.60789,41.89625],[-87.6079,41.89624],[-87.60792,41.89625],[-87.60792,41.89626],[-87.60793,41.89627],[-87.60798,41.89627],[-87.60801,41.89627],[-87.60819,41.89628],[-87.60826,41.89628],[-87.60843,41.89627],[-87.60943,41.89626],[-87.60968,41.89625],[-87.6101,41.89624],[-87.61032,41.89602],[-87.61042,41.89587],[-87.61045,41.89581],[-87.61048,41.89577],[-87.61049,41.89574],[-87.61053,41.89569],[-87.61069,41.89543],[-87.61084,41.89518],[-87.61086,41.89516],[-87.61096,41.895],[-87.61098,41.89497],[-87.61108,41.89483],[-87.61113,41.89474],[-87.61119,41.89464],[-87.61123,41.89457],[-87.61135,41.89439],[-87.61137,41.89435],[-87.61138,41.89433],[-87.61149,41.89416],[-87.61155,41.89407],[-87.61159,41.894],[-87.61163,41.89394],[-87.6119,41.8938],[-87.61296,41.89376],[-87.61346,41.89371],[-87.61404,41.8936],[-87.6142,41.89377],[-87.61447,41.89411],[-87.61463,41.89431],[-87.61467,41.89437],[-87.61488,41.89464],[-87.61514,41.89502],[-87.61553,41.89561],[-87.61569,41.89585],[-87.61584,41.89609],[-87.61599,41.89631],[-87.61621,41.89665],[-87.61632,41.89682],[-87.61634,41.89684],[-87.61635,41.89687],[-87.61636,41.89688],[-87.61723,41.89816],[-87.61772,41.89888],[-87.61888,41.90061],[-87.61904,41.90086],[-87.61905,41.90088],[-87.61913,41.90098],[-87.61923,41.9011],[-87.61931,41.90117],[-87.61939,41.90125],[-87.61941,41.90126],[-87.61944,41.90129],[-87.61949,41.90132],[-87.6195,41.90133],[-87.61964,41.90141],[-87.61964,41.90142],[-87.61976,41.90149],[-87.6198,41.90151],[-87.6199,41.90156],[-87.62037,41.90169],[-87.62041,41.9017],[-87.62052,41.90174],[-87.621,41.90183],[-87.62114,41.90186],[-87.62115,41.90186],[-87.62127,41.90188],[-87.62152,41.90193],[-87.62164,41.90197],[-87.62174,41.90228],[-87.62192,41.90275],[-87.62234,41.90341],[-87.62328,41.9041],[-87.62344,41.90416],[-87.62361,41.90419],[-87.62386,41.9049],[-87.62398,41.90523],[-87.624,41.90531],[-87.62422,41.90591],[-87.6244,41.90643],[-87.62443,41.90653],[-87.62444,41.90654],[-87.6246,41.907],[-87.62469,41.90725],[-87.62481,41.90753],[-87.62484,41.90767],[-87.6249,41.90795],[-87.6249,41.90798],[-87.6249,41.90799],[-87.62492,41.90805],[-87.62496,41.90825],[-87.62502,41.90854],[-87.62509,41.90909],[-87.62512,41.90943],[-87.62513,41.90956],[-87.62514,41.90982],[-87.62514,41.90998],[-87.62512,41.91009],[-87.62512,41.91018],[-87.6251,41.91027],[-87.62504,41.91039],[-87.62499,41.91046],[-87.62493,41.91052],[-87.62492,41.91052],[-87.62486,41.91056],[-87.6248,41.91062],[-87.62474,41.91072],[-87.62468,41.91104]]]},"properties":{"level":"es","grades":"K–8","id":"610101","name":"William B Ogden Elementary School","url":"https://www.cps.edu/schools/schoolprofiles/610101","x":-87.6293,"y":41.89998}},{"type":"Feature","geometry":{"type":"Polygon","coordinates":[[[-87.52454,41.70087],[-87.52454,41.70122],[-87.52453,41.70178],[-87.52453,41.70206],[-87.52453,41.70225],[-87.52453,41.7026],[-87.52453,41.70261],[-87.52453,41.70274],[-87.52647,41.70454],[-87.52731,41.70543],[-87.5304,41.70824],[-87.53287,41.70822],[-87.53287,41.70456],[-87.53891,41.70458],[-87.53891,41.70094],[-87.53045,41.7009],[-87.53046,41.69545],[-87.52461,41.69542],[-87.52456,41.69898],[-87.52456,41.69911],[-87.52455,41.69932],[-87.52455,41.6998],[-87.52455,41.69997],[-87.52454,41.70066],[-87.52454,41.70087]]]},"properties":{"level":"es","grades":"K–8","id":"610586","name":"Edward E. Sadlowski Elementary School","url":"https://www.cps.edu/schools/schoolprofiles/610586","x":-87.52799,"y":41.70486}},{"type":"Feature","geometry":{"type":"Polygon","coordinates":[[[-87.62561,41.85786],[-87.62776,41.85781],[-87.63107,41.85776],[-87.63095,41.85419],[-87.63013,41.85418],[-87.63006,41.85288],[-87.63104,41.85287],[-87.63101,41.85153],[-87.63049,41.85072],[-87.63033,41.84989],[-87.63088,41.84742],[-87.6296,41.84718],[-87.62836,41.84709],[-87.62738,41.84719],[-87.62542,41.84776],[-87.62368,41.84807],[-87.62381,41.85287],[-87.6196,41.85291],[-87.61904,41.853],[-87.61072,41.85308],[-87.61081,41.8533],[-87.61084,41.85338],[-87.61086,41.85345],[-87.6109,41.85358],[-87.61093,41.85369],[-87.61096,41.85384],[-87.611,41.8541],[-87.61101,41.85419],[-87.61101,41.85429],[-87.61102,41.85451],[-87.61102,41.85452],[-87.61104,41.85458],[-87.61106,41.85466],[-87.61109,41.85473],[-87.6112,41.85493],[-87.61123,41.85496],[-87.61131,41.85504],[-87.61136,41.8551],[-87.61144,41.85516],[-87.61171,41.85533],[-87.61215,41.85561],[-87.61224,41.85566],[-87.61234,41.85574],[-87.61248,41.85584],[-87.61257,41.85593],[-87.61273,41.85613],[-87.61274,41.85614],[-87.61278,41.85621],[-87.61286,41.85642],[-87.61288,41.8565],[-87.6129,41.85658],[-87.61293,41.85666],[-87.61297,41.85676],[-87.61301,41.85686],[-87.61304,41.85696],[-87.61304,41.85697],[-87.61305,41.85703],[-87.61307,41.85718],[-87.61306,41.85737],[-87.61306,41.8575],[-87.61304,41.85761],[-87.61292,41.85798],[-87.61286,41.85813],[-87.61281,41.85823],[-87.61279,41.85827],[-87.61274,41.85834],[-87.61272,41.85836],[-87.61269,41.85839],[-87.61455,41.8584],[-87.61493,41.85823],[-87.61605,41.85813],[-87.61755,41.85773],[-87.61982,41.85793],[-87.62561,41.85786]]]},"properties":{"level":"es","grades":"K–8","id":"610231","name":"National Teachers Elementary Academy","url":"https://www.cps.edu/schools/schoolprofiles/610231","x":-87.62931,"y":41.8528}},{"type":"Feature","geometry":{"type":"Polygon","coordinates":[[[-87.62508,41.77761],[-87.62531,41.77775],[-87.62864,41.77986],[-87.62886,41.78],[-87.62908,41.77999],[-87.63054,41.77998],[-87.63075,41.77998],[-87.63074,41.77991],[-87.63074,41.77984],[-87.63067,41.77914],[-87.6306,41.77887],[-87.63051,41.7786],[-87.63028,41.77815],[-87.63006,41.77729],[-87.63006,41.77709],[-87.62996,41.77693],[-87.62974,41.77675],[-87.6296,41.77664],[-87.62919,41.77628],[-87.62907,41.77618],[-87.62872,41.77588],[-87.62842,41.77567],[-87.62844,41.77542],[-87.62842,41.77495],[-87.62842,41.77491],[-87.62842,41.77468],[-87.62841,41.77459],[-87.62838,41.77325],[-87.62833,41.77137],[-87.62832,41.7711],[-87.6283,41.77039],[-87.62828,41.76981],[-87.62827,41.76953],[-87.62827,41.76929],[-87.62826,41.7691],[-87.62795,41.76911],[-87.62667,41.76917],[-87.62643,41.76918],[-87.62602,41.76918],[-87.62564,41.76919],[-87.62511,41.76919],[-87.62494,41.76914],[-87.62495,41.76878],[-87.62493,41.76853],[-87.62492,41.76841],[-87.62492,41.76831],[-87.62492,41.76811],[-87.62491,41.76802],[-87.62491,41.76755],[-87.62491,41.76746],[-87.62415,41.76735],[-87.62335,41.76736],[-87.62255,41.76738],[-87.62216,41.76739],[-87.62174,41.7674],[-87.62093,41.76741],[-87.62058,41.76742],[-87.62016,41.76743],[-87.61953,41.76745],[-87.61913,41.76746],[-87.61852,41.76747],[-87.61857,41.76907],[-87.61834,41.76929],[-87.61786,41.76929],[-87.61757,41.7693],[-87.61697,41.76931],[-87.61535,41.76934],[-87.61537,41.76992],[-87.61539,41.77046],[-87.61539,41.77071],[-87.6154,41.77097],[-87.61541,41.77119],[-87.61555,41.77129],[-87.61567,41.77138],[-87.61634,41.77187],[-87.61775,41.77293],[-87.61829,41.77335],[-87.61895,41.77388],[-87.61927,41.77409],[-87.61926,41.77421],[-87.61941,41.77432],[-87.61976,41.77457],[-87.61991,41.77468],[-87.62038,41.77502],[-87.62051,41.77513],[-87.62083,41.77538],[-87.6215,41.77561],[-87.62176,41.77571],[-87.6225,41.77615],[-87.62362,41.77681],[-87.624,41.77704],[-87.6246,41.77736],[-87.62485,41.77748],[-87.62503,41.77758],[-87.62508,41.77761]]]},"properties":{"level":"ms","grades":"7–8","id":"609883","name":"Charles S Deneen Elementary School","url":"https://www.cps.edu/schools/schoolprofiles/609883","x":-87.62335,"y":41.76249}},{"type":"Feature","geometry":{"type":"Polygon","coordinates":[[[-87.67113,41.88881],[-87.67248,41.88879],[-87.67279,41.88878],[-87.67336,41.88877],[-87.67361,41.88877],[-87.67403,41.88877],[-87.67425,41.88876],[-87.6744,41.88873],[-87.67439,41.88822],[-87.67438,41.88809],[-87.67436,41.88745],[-87.67436,41.88722],[-87.67434,41.88646],[-87.67433,41.88636],[-87.67433,41.88629],[-87.67432,41.8859],[-87.67595,41.88588],[-87.67677,41.88586],[-87.67676,41.88551],[-87.67675,41.88541],[-87.67675,41.88536],[-87.67674,41.88501],[-87.67674,41.88498],[-87.67617,41.885],[-87.67578,41.88502],[-87.67518,41.88504],[-87.67429,41.88507],[-87.67428,41.88458],[-87.67427,41.88412],[-87.67425,41.88369],[-87.67425,41.88364],[-87.67424,41.88318],[-87.67619,41.88315],[-87.67669,41.88315],[-87.67668,41.88291],[-87.67668,41.88269],[-87.67666,41.88223],[-87.67665,41.88183],[-87.67665,41.88172],[-87.67664,41.88131],[-87.67664,41.88112],[-87.67663,41.88064],[-87.67662,41.88018],[-87.6766,41.8796],[-87.67654,41.87711],[-87.67654,41.87676],[-87.67653,41.87641],[-87.67652,41.87594],[-87.6765,41.87537],[-87.67632,41.87538],[-87.67584,41.87538],[-87.67152,41.87545],[-87.67068,41.87545],[-87.66964,41.87543],[-87.66944,41.87543],[-87.66911,41.87545],[-87.66744,41.87548],[-87.66682,41.87549],[-87.66664,41.87549],[-87.66664,41.87572],[-87.66666,41.87614],[-87.66669,41.87762],[-87.66675,41.8789],[-87.66675,41.87999],[-87.66679,41.88078],[-87.66679,41.88091],[-87.66679,41.88119],[-87.6668,41.88146],[-87.66681,41.88164],[-87.66687,41.8833],[-87.66691,41.88512],[-87.66698,41.8854],[-87.667,41.88615],[-87.66704,41.88738],[-87.66706,41.88805],[-87.66706,41.88828],[-87.66707,41.88885],[-87.66726,41.88886],[-87.66777,41.88885],[-87.66811,41.88885],[-87.66899,41.88885],[-87.66933,41.88884],[-87.66952,41.88884],[-87.66993,41.88883],[-87.67017,41.88883],[-87.67076,41.88883],[-87.67113,41.88881]]]},"properties":{"level":"ms","grades":"8","id":"609812","name":"William H Brown STEM Magnet Elementary School","url":"https://www.cps.edu/schools/schoolprofiles/609812","x":-87.67068,"y":41.883}},{"type":"Feature","geometry":{"type":"Polygon","coordinates":[[[-87.60503,41.74397],[-87.60508,41.74563],[-87.6051,41.74624],[-87.60511,41.74687],[-87.60514,41.74763],[-87.60517,41.74878],[-87.60519,41.74934],[-87.6052,41.74969],[-87.60521,41.7502],[-87.60524,41.75112],[-87.60521,41.75129],[-87.60552,41.75128],[-87.60584,41.75127],[-87.6068,41.75126],[-87.60832,41.75123],[-87.60887,41.75122],[-87.60885,41.75072],[-87.60883,41.74984],[-87.60883,41.74964],[-87.6088,41.74847],[-87.60877,41.74757],[-87.60876,41.74711],[-87.60872,41.74574],[-87.60869,41.74474],[-87.60868,41.74429],[-87.60838,41.74391],[-87.60793,41.74392],[-87.60744,41.74393],[-87.60727,41.74347],[-87.60717,41.74298],[-87.60723,41.7429],[-87.60737,41.74206],[-87.60839,41.74204],[-87.60888,41.74203],[-87.60923,41.74203],[-87.60991,41.74206],[-87.61086,41.74205],[-87.61209,41.74203],[-87.61258,41.74202],[-87.61369,41.742],[-87.61385,41.742],[-87.61422,41.74199],[-87.61467,41.74198],[-87.61466,41.74153],[-87.61462,41.74016],[-87.61459,41.73902],[-87.61456,41.73786],[-87.61454,41.73711],[-87.61454,41.7368],[-87.61453,41.7365],[-87.61451,41.73606],[-87.61451,41.73605],[-87.6145,41.7356],[-87.61448,41.73468],[-87.61446,41.7341],[-87.61444,41.73331],[-87.61442,41.73245],[-87.6144,41.73149],[-87.61439,41.73135],[-87.61438,41.73076],[-87.61436,41.73011],[-87.61436,41.72994],[-87.61434,41.7292],[-87.61349,41.72921],[-87.61292,41.72922],[-87.61192,41.72924],[-87.6111,41.72925],[-87.60995,41.72927],[-87.60949,41.72928],[-87.60932,41.72928],[-87.60839,41.72929],[-87.60748,41.72931],[-87.60652,41.72933],[-87.6049,41.72935],[-87.60466,41.72988],[-87.60468,41.73064],[-87.60469,41.73118],[-87.60476,41.73391],[-87.60481,41.73619],[-87.60484,41.73739],[-87.60487,41.73846],[-87.60494,41.74065],[-87.60498,41.74211],[-87.60502,41.74347],[-87.60502,41.74364],[-87.60503,41.74397]]]},"properties":{"level":"ms","grades":"7–8","id":"609887","name":"Arthur Dixon Elementary School","url":"https://www.cps.edu/schools/schoolprofiles/609887","x":-87.60998,"y":41.74367}},{"type":"Feature","geometry":{"type":"Polygon","coordinates":[[[-87.66143,42.01346],[-87.66145,42.01355],[-87.6615,42.01372],[-87.66158,42.01391],[-87.66161,42.01395],[-87.66162,42.01398],[-87.66241,42.01397],[-87.66363,42.01395],[-87.66463,42.01394],[-87.66548,42.01392],[-87.66644,42.01391],[-87.66675,42.0139],[-87.6673,42.01389],[-87.66807,42.01388],[-87.66825,42.01387],[-87.67011,42.01384],[-87.67138,42.01382],[-87.67228,42.0138],[-87.67241,42.0138],[-87.6726,42.0138],[-87.67482,42.01376],[-87.67481,42.01365],[-87.67474,42.01321],[-87.67464,42.01264],[-87.67546,42.01262],[-87.67563,42.01262],[-87.67566,42.01262],[-87.67578,42.01262],[-87.67576,42.01139],[-87.67541,42.01139],[-87.67523,42.0053],[-87.6745,42.00531],[-87.67392,42.00532],[-87.67372,42.00532],[-87.6731,42.00533],[-87.67315,42.00548],[-87.67326,42.00596],[-87.6734,42.00656],[-87.67309,42.00656],[-87.67203,42.00658],[-87.6706,42.00661],[-87.66999,42.00662],[-87.66916,42.00663],[-87.66829,42.00664],[-87.66826,42.00665],[-87.66699,42.00667],[-87.66581,42.00669],[-87.66516,42.00671],[-87.66476,42.00671],[-87.66384,42.00673],[-87.66369,42.00673],[-87.66304,42.00674],[-87.66203,42.00676],[-87.66161,42.00676],[-87.6613,42.00677],[-87.66065,42.00678],[-87.659,42.0068],[-87.65872,42.00681],[-87.65577,42.00686],[-87.65598,42.00707],[-87.65627,42.00732],[-87.65664,42.00773],[-87.65682,42.00798],[-87.657,42.00824],[-87.65715,42.00845],[-87.65727,42.0086],[-87.65741,42.0088],[-87.65757,42.00903],[-87.6577,42.00918],[-87.65776,42.00924],[-87.65785,42.00932],[-87.65807,42.00959],[-87.65827,42.00979],[-87.65841,42.00992],[-87.65849,42.01002],[-87.65882,42.01029],[-87.65891,42.0104],[-87.65893,42.01042],[-87.65917,42.01062],[-87.65941,42.01081],[-87.6596,42.01101],[-87.65966,42.0111],[-87.6597,42.01117],[-87.65971,42.01117],[-87.65977,42.01121],[-87.65996,42.01138],[-87.66031,42.01171],[-87.66053,42.01192],[-87.66067,42.01205],[-87.66078,42.01221],[-87.66079,42.01228],[-87.66105,42.01256],[-87.66108,42.01268],[-87.66108,42.01272],[-87.66094,42.01276],[-87.66117,42.01284],[-87.66119,42.01291],[-87.66125,42.01302],[-87.66129,42.01309],[-87.66136,42.01325],[-87.66137,42.01331],[-87.66137,42.0134],[-87.66143,42.01346]]]},"properties":{"level":"ms","grades":"5–8","id":"609918","name":"Eugene Field Elementary School","url":"https://www.cps.edu/schools/schoolprofiles/609918","x":-87.66998,"y":42.00966}},{"type":"Feature","geometry":{"type":"Polygon","coordinates":[[[-87.66035,41.83437],[-87.66129,41.83486],[-87.66249,41.83614],[-87.66317,41.83698],[-87.66344,41.83781],[-87.66389,41.83846],[-87.66404,41.83869],[-87.66405,41.8387],[-87.66438,41.83925],[-87.66441,41.8393],[-87.66456,41.84001],[-87.66454,41.84066],[-87.66494,41.84152],[-87.66459,41.84232],[-87.66431,41.8428],[-87.66392,41.844],[-87.66435,41.84431],[-87.66491,41.84471],[-87.6656,41.84493],[-87.66588,41.84493],[-87.66722,41.8449],[-87.66833,41.84454],[-87.66997,41.84397],[-87.67286,41.84283],[-87.67312,41.84269],[-87.67488,41.84174],[-87.67549,41.84159],[-87.67706,41.84055],[-87.67802,41.84011],[-87.67808,41.84009],[-87.67932,41.83969],[-87.68055,41.83928],[-87.68213,41.83876],[-87.68502,41.83787],[-87.68554,41.83772],[-87.68752,41.83701],[-87.68778,41.83695],[-87.68777,41.83658],[-87.68786,41.8363],[-87.68776,41.8363],[-87.68776,41.83616],[-87.68783,41.83612],[-87.68795,41.83609],[-87.68799,41.83603],[-87.68813,41.83586],[-87.68818,41.83581],[-87.68821,41.83579],[-87.6882,41.83567],[-87.6882,41.83543],[-87.68819,41.83531],[-87.68791,41.83537],[-87.68788,41.83533],[-87.68788,41.83527],[-87.68776,41.83531],[-87.68773,41.83532],[-87.68773,41.83528],[-87.68783,41.83525],[-87.68788,41.83517],[-87.68787,41.83492],[-87.68782,41.83487],[-87.68772,41.83484],[-87.68772,41.83474],[-87.68771,41.83459],[-87.68771,41.83449],[-87.68771,41.83443],[-87.6877,41.8343],[-87.68769,41.83417],[-87.68769,41.83398],[-87.68768,41.8338],[-87.68768,41.83373],[-87.68768,41.83351],[-87.68767,41.83291],[-87.68766,41.83274],[-87.68766,41.83266],[-87.68766,41.83249],[-87.68765,41.83222],[-87.68765,41.83203],[-87.68764,41.83176],[-87.68764,41.83149],[-87.68763,41.8313],[-87.68763,41.8312],[-87.68763,41.83101],[-87.68762,41.8308],[-87.68762,41.83053],[-87.68762,41.83046],[-87.68732,41.83024],[-87.68683,41.83025],[-87.6863,41.83026],[-87.68572,41.83027],[-87.68503,41.83028],[-87.68498,41.82845],[-87.68494,41.82715],[-87.68494,41.82705],[-87.68494,41.82701],[-87.68493,41.82672],[-87.68492,41.82641],[-87.6849,41.82574],[-87.68487,41.82493],[-87.68486,41.82459],[-87.68488,41.82345],[-87.6849,41.82307],[-87.68488,41.823],[-87.68485,41.823],[-87.68484,41.82299],[-87.68422,41.82164],[-87.68404,41.82124],[-87.68405,41.82172],[-87.68407,41.82218],[-87.68408,41.8226],[-87.68363,41.82236],[-87.68355,41.82227],[-87.68343,41.82215],[-87.68312,41.8219],[-87.68303,41.82184],[-87.68291,41.82163],[-87.68277,41.82157],[-87.68269,41.82154],[-87.68251,41.82149],[-87.68251,41.82129],[-87.68235,41.82114],[-87.68125,41.82077],[-87.68091,41.82068],[-87.68008,41.82052],[-87.67966,41.82046],[-87.67923,41.82042],[-87.67862,41.8204],[-87.67837,41.82041],[-87.67782,41.82047],[-87.67755,41.82049],[-87.67624,41.82062],[-87.67594,41.82066],[-87.67474,41.82078],[-87.67416,41.82083],[-87.67375,41.82088],[-87.67285,41.82097],[-87.67265,41.82099],[-87.67244,41.82103],[-87.67194,41.82108],[-87.67161,41.82109],[-87.67124,41.82107],[-87.67053,41.82096],[-87.67032,41.82096],[-87.66961,41.82098],[-87.6689,41.82099],[-87.66848,41.821],[-87.66793,41.82101],[-87.66766,41.82098],[-87.66746,41.82085],[-87.66745,41.82062],[-87.66744,41.82038],[-87.66672,41.82039],[-87.66623,41.8204],[-87.6655,41.82041],[-87.66544,41.82005],[-87.66543,41.81996],[-87.66524,41.81998],[-87.66524,41.82002],[-87.66525,41.82026],[-87.66534,41.82204],[-87.66546,41.82315],[-87.66491,41.82316],[-87.66312,41.82318],[-87.66195,41.82319],[-87.66102,41.8232],[-87.66019,41.82321],[-87.65998,41.82321],[-87.65996,41.82355],[-87.65996,41.8236],[-87.65996,41.82363],[-87.65996,41.82366],[-87.65995,41.82369],[-87.65995,41.82372],[-87.65995,41.82373],[-87.65994,41.82376],[-87.65992,41.8238],[-87.6599,41.82386],[-87.65988,41.8239],[-87.65983,41.82397],[-87.65981,41.82401],[-87.65977,41.82408],[-87.65971,41.8242],[-87.65948,41.82502],[-87.65935,41.82603],[-87.65933,41.82651],[-87.65932,41.82731],[-87.65931,41.82866],[-87.65931,41.82922],[-87.6593,41.83058],[-87.65739,41.8306],[-87.6574,41.83108],[-87.65743,41.8312],[-87.65866,41.83256],[-87.65919,41.83312],[-87.66035,41.83437]]]},"properties":{"level":"ms","grades":"6–8","id":"610319","name":"Evergreen Academy Middle School","url":"https://www.cps.edu/schools/schoolprofiles/610319","x":-87.66782,"y":41.82936}},{"type":"Feature","geometry":{"type":"MultiPolygon","coordinates":[[[[-87.57806,41.73338],[-87.57867,41.73337],[-87.57869,41.73337],[-87.57928,41.73336],[-87.58164,41.7334],[-87.58224,41.73339],[-87.58337,41.73338],[-87.58451,41.73336],[-87.58504,41.73335],[-87.58513,41.73334],[-87.5851,41.73219],[-87.5851,41.73145],[-87.5851,41.73117],[-87.58506,41.73042],[-87.58506,41.73011],[-87.58503,41.72888],[-87.58503,41.7286],[-87.58503,41.7277],[-87.585,41.7273],[-87.58499,41.72711],[-87.58498,41.72652],[-87.58497,41.72618],[-87.58497,41.72586],[-87.58497,41.72539],[-87.58497,41.72455],[-87.585,41.72429],[-87.58515,41.72368],[-87.58514,41.72295],[-87.58476,41.72295],[-87.58366,41.72297],[-87.58341,41.72297],[-87.5828,41.72298],[-87.58214,41.72299],[-87.58136,41.723],[-87.58053,41.72301],[-87.57902,41.72303],[-87.57827,41.72304],[-87.5778,41.72304],[-87.57788,41.72608],[-87.57789,41.72656],[-87.57793,41.72791],[-87.57795,41.72866],[-87.57797,41.7297],[-87.57798,41.72999],[-87.57799,41.73048],[-87.578,41.73096],[-87.57801,41.73155],[-87.57804,41.73247],[-87.57806,41.73338]]],[[[-87.5636,41.73569],[-87.56501,41.7367],[-87.5657,41.7372],[-87.56602,41.73719],[-87.56669,41.73718],[-87.56727,41.73718],[-87.56765,41.73717],[-87.56802,41.73717],[-87.56815,41.73716],[-87.56853,41.73716],[-87.56933,41.73715],[-87.57243,41.7371],[-87.57313,41.73709],[-87.5733,41.73709],[-87.57329,41.73664],[-87.57325,41.73527],[-87.5732,41.73344],[-87.57318,41.73266],[-87.57315,41.73162],[-87.57311,41.73014],[-87.57311,41.72979],[-87.57277,41.7298],[-87.5725,41.7298],[-87.5719,41.72981],[-87.57007,41.72984],[-87.56946,41.72984],[-87.56885,41.72985],[-87.56824,41.72986],[-87.56755,41.72987],[-87.56656,41.72988],[-87.56628,41.72989],[-87.56523,41.7299],[-87.56522,41.7299],[-87.5646,41.72991],[-87.56461,41.73031],[-87.56464,41.73144],[-87.56469,41.7331],[-87.56469,41.73349],[-87.56468,41.73354],[-87.56466,41.73359],[-87.56461,41.73363],[-87.56438,41.73381],[-87.5637,41.73434],[-87.56363,41.7344],[-87.56352,41.73448],[-87.56275,41.73508],[-87.5636,41.73569]]]]},"properties":{"level":"ms","grades":"7–8","id":"610218","name":"Joseph Warren Elementary School","url":"https://www.cps.edu/schools/schoolprofiles/610218","x":-87.57535,"y":41.72676}},{"type":"Feature","geometry":{"type":"Polygon","coordinates":[[[-87.70866,41.97479],[-87.70866,41.97503],[-87.70868,41.97575],[-87.70946,41.97574],[-87.71042,41.97573],[-87.71112,41.97572],[-87.71159,41.97571],[-87.71223,41.97571],[-87.71267,41.9757],[-87.71313,41.9757],[-87.71327,41.9757],[-87.7137,41.97569],[-87.71458,41.97568],[-87.71528,41.97567],[-87.71599,41.97566],[-87.71601,41.97553],[-87.716,41.97513],[-87.71598,41.97452],[-87.71595,41.97364],[-87.71594,41.97327],[-87.71591,41.97197],[-87.71582,41.96883],[-87.71581,41.96838],[-87.71465,41.96839],[-87.71422,41.96839],[-87.71364,41.9684],[-87.71335,41.96795],[-87.71335,41.96788],[-87.71333,41.96719],[-87.71332,41.967],[-87.71331,41.96658],[-87.71329,41.96611],[-87.71327,41.96554],[-87.71253,41.96555],[-87.71083,41.96556],[-87.7108,41.96468],[-87.71015,41.96469],[-87.70907,41.96469],[-87.70777,41.96471],[-87.70714,41.96471],[-87.70647,41.96471],[-87.70636,41.96471],[-87.70591,41.96472],[-87.70592,41.96491],[-87.70593,41.96519],[-87.70594,41.96542],[-87.70595,41.96605],[-87.70596,41.96639],[-87.70597,41.9665],[-87.70564,41.96665],[-87.70527,41.96665],[-87.7045,41.96666],[-87.70353,41.96667],[-87.70354,41.96702],[-87.70355,41.96746],[-87.70357,41.96811],[-87.70358,41.96836],[-87.70361,41.96849],[-87.70315,41.9685],[-87.70288,41.9685],[-87.70204,41.96851],[-87.70126,41.96851],[-87.70108,41.96851],[-87.70124,41.96872],[-87.70144,41.96894],[-87.70145,41.96902],[-87.70147,41.9691],[-87.70154,41.9692],[-87.70179,41.96946],[-87.70194,41.96959],[-87.70202,41.96962],[-87.70215,41.96977],[-87.70235,41.96999],[-87.70263,41.97032],[-87.70278,41.97053],[-87.70287,41.97068],[-87.70301,41.97089],[-87.70322,41.97124],[-87.70344,41.97169],[-87.70357,41.97195],[-87.70363,41.97219],[-87.70369,41.97243],[-87.70374,41.97259],[-87.70379,41.97286],[-87.70381,41.97298],[-87.70383,41.97307],[-87.70389,41.97321],[-87.70393,41.97328],[-87.704,41.97345],[-87.70404,41.97355],[-87.70478,41.97396],[-87.70513,41.97402],[-87.70529,41.97407],[-87.7054,41.9741],[-87.70554,41.97412],[-87.70565,41.97416],[-87.7057,41.97417],[-87.70577,41.97419],[-87.70608,41.97427],[-87.70619,41.9743],[-87.70623,41.97431],[-87.70633,41.97433],[-87.7065,41.97438],[-87.70697,41.97449],[-87.70722,41.97455],[-87.7076,41.97463],[-87.70809,41.9747],[-87.70826,41.9747],[-87.70858,41.97469],[-87.70866,41.97479]]]},"properties":{"level":"ms","grades":"7–8","id":"610212","name":"Albany Park Multicultural Academy","url":"https://www.cps.edu/schools/schoolprofiles/610212","x":-87.71061,"y":41.9715}},{"type":"Feature","geometry":{"type":"Polygon","coordinates":[[[-87.69995,41.83812],[-87.69998,41.83917],[-87.7,41.83969],[-87.70001,41.8402],[-87.70002,41.84045],[-87.70004,41.84132],[-87.70005,41.84172],[-87.70007,41.8424],[-87.70009,41.84276],[-87.7001,41.8433],[-87.70011,41.84351],[-87.70014,41.8442],[-87.70014,41.84423],[-87.70015,41.84461],[-87.7008,41.84459],[-87.70136,41.84459],[-87.70258,41.84455],[-87.70267,41.84454],[-87.70319,41.84454],[-87.7034,41.84454],[-87.70405,41.84453],[-87.70443,41.84452],[-87.70475,41.84452],[-87.70518,41.84452],[-87.70549,41.84451],[-87.70578,41.84451],[-87.70626,41.8445],[-87.70687,41.84449],[-87.70788,41.84448],[-87.70808,41.84447],[-87.7084,41.84447],[-87.70904,41.84446],[-87.70991,41.84445],[-87.71063,41.84444],[-87.7109,41.84444],[-87.71113,41.84443],[-87.71112,41.84391],[-87.71111,41.84361],[-87.71108,41.84272],[-87.71107,41.84208],[-87.71106,41.84169],[-87.71105,41.84148],[-87.71104,41.84109],[-87.71101,41.8401],[-87.711,41.83969],[-87.71099,41.8393],[-87.71098,41.83895],[-87.71052,41.83896],[-87.71027,41.83896],[-87.70976,41.83897],[-87.70975,41.83869],[-87.70974,41.83821],[-87.70972,41.83768],[-87.70971,41.83715],[-87.70881,41.83716],[-87.70849,41.83717],[-87.70816,41.83717],[-87.70728,41.83718],[-87.70675,41.83719],[-87.70593,41.83721],[-87.70482,41.83723],[-87.7048,41.83623],[-87.70478,41.83569],[-87.70476,41.83527],[-87.70473,41.83402],[-87.70472,41.83368],[-87.70471,41.83348],[-87.70471,41.83338],[-87.70469,41.83287],[-87.70469,41.83259],[-87.70468,41.83224],[-87.70468,41.83219],[-87.70467,41.83181],[-87.70467,41.83164],[-87.70315,41.8321],[-87.70126,41.83275],[-87.70107,41.83282],[-87.69956,41.83335],[-87.69898,41.83353],[-87.69719,41.83408],[-87.69496,41.83477],[-87.69497,41.83516],[-87.69498,41.83548],[-87.69499,41.83611],[-87.69501,41.83668],[-87.69503,41.83741],[-87.69541,41.83741],[-87.69621,41.8374],[-87.69843,41.83735],[-87.69915,41.83734],[-87.69992,41.83732],[-87.69994,41.83766],[-87.69995,41.83812]]]},"properties":{"level":"ms","grades":"6–8","id":"610215","name":"Francisco I Madero Middle School","url":"https://www.cps.edu/schools/schoolprofiles/610215","x":-87.70506,"y":41.84096}},{"type":"Feature","geometry":{"type":"Polygon","coordinates":[[[-87.71098,41.83895],[-87.71099,41.8393],[-87.711,41.83969],[-87.71101,41.8401],[-87.71104,41.84109],[-87.71105,41.84148],[-87.71106,41.84169],[-87.71107,41.84208],[-87.71108,41.84272],[-87.71111,41.84361],[-87.71112,41.84391],[-87.71113,41.84443],[-87.71177,41.84442],[-87.71195,41.84442],[-87.71214,41.84442],[-87.71262,41.84441],[-87.71296,41.84441],[-87.71357,41.8444],[-87.71418,41.84439],[-87.71543,41.84438],[-87.71571,41.84437],[-87.71601,41.84437],[-87.71601,41.84424],[-87.71598,41.84353],[-87.71598,41.84334],[-87.71596,41.84253],[-87.71647,41.84253],[-87.71674,41.84252],[-87.71718,41.84252],[-87.71753,41.84251],[-87.71787,41.8425],[-87.71841,41.8425],[-87.71902,41.84249],[-87.71945,41.84248],[-87.72084,41.84246],[-87.72135,41.84245],[-87.72287,41.84243],[-87.72328,41.84243],[-87.72327,41.84186],[-87.72326,41.84158],[-87.72324,41.8408],[-87.72322,41.8404],[-87.72321,41.83989],[-87.7232,41.83942],[-87.72319,41.83926],[-87.72318,41.83885],[-87.72353,41.83874],[-87.72379,41.83873],[-87.72398,41.83873],[-87.7244,41.83872],[-87.72438,41.83814],[-87.72437,41.83777],[-87.72436,41.83731],[-87.72435,41.83702],[-87.72434,41.83645],[-87.72434,41.83642],[-87.72433,41.83611],[-87.72432,41.83572],[-87.72431,41.83521],[-87.72431,41.83488],[-87.72429,41.83402],[-87.72428,41.83359],[-87.72428,41.83348],[-87.72427,41.83313],[-87.72427,41.83293],[-87.72425,41.83226],[-87.72424,41.83171],[-87.72423,41.83122],[-87.72422,41.83096],[-87.72421,41.83062],[-87.72418,41.82925],[-87.72418,41.82886],[-87.72417,41.82866],[-87.72416,41.82778],[-87.72414,41.8272],[-87.72413,41.82662],[-87.72413,41.82659],[-87.72412,41.82595],[-87.72412,41.8256],[-87.72175,41.82625],[-87.72165,41.82627],[-87.72127,41.8264],[-87.7207,41.8266],[-87.71946,41.82698],[-87.71927,41.82704],[-87.7156,41.82822],[-87.7152,41.82834],[-87.71456,41.82857],[-87.71455,41.82857],[-87.71444,41.82861],[-87.70845,41.83046],[-87.7068,41.83097],[-87.70467,41.83164],[-87.70467,41.83181],[-87.70468,41.83219],[-87.70468,41.83224],[-87.70469,41.83259],[-87.70469,41.83287],[-87.70471,41.83338],[-87.70471,41.83348],[-87.70472,41.83368],[-87.70473,41.83402],[-87.70476,41.83527],[-87.70478,41.83569],[-87.7048,41.83623],[-87.70482,41.83723],[-87.70593,41.83721],[-87.70675,41.83719],[-87.70728,41.83718],[-87.70816,41.83717],[-87.70849,41.83717],[-87.70881,41.83716],[-87.70971,41.83715],[-87.70972,41.83768],[-87.70974,41.83821],[-87.70975,41.83869],[-87.70976,41.83897],[-87.71027,41.83896],[-87.71052,41.83896],[-87.71098,41.83895]]]},"properties":{"level":"ms","grades":"3–8","id":"609938","name":"Joseph E Gary Elementary School","url":"https://www.cps.edu/schools/schoolprofiles/609938","x":-87.7187,"y":41.83707}},{"type":"Feature","geometry":{"type":"Polygon","coordinates":[[[-87.58687,41.72292],[-87.58683,41.72292],[-87.58664,41.72293],[-87.58601,41.72294],[-87.58514,41.72295],[-87.58515,41.72368],[-87.585,41.72429],[-87.58497,41.72455],[-87.58497,41.72539],[-87.58497,41.72586],[-87.58497,41.72618],[-87.58498,41.72652],[-87.58499,41.72711],[-87.585,41.7273],[-87.58503,41.7277],[-87.58503,41.7286],[-87.58503,41.72888],[-87.58506,41.73011],[-87.58506,41.73042],[-87.5851,41.73117],[-87.5851,41.73145],[-87.5851,41.73219],[-87.58513,41.73334],[-87.58514,41.73402],[-87.58515,41.73436],[-87.58518,41.73496],[-87.58516,41.73525],[-87.58521,41.73627],[-87.58521,41.73692],[-87.58523,41.73811],[-87.58525,41.73874],[-87.58526,41.73928],[-87.5853,41.74029],[-87.58529,41.74098],[-87.58531,41.74177],[-87.58537,41.74347],[-87.58538,41.74421],[-87.5876,41.74417],[-87.58816,41.74417],[-87.58874,41.74416],[-87.58923,41.74416],[-87.58956,41.74415],[-87.59018,41.74414],[-87.59045,41.74414],[-87.59044,41.7437],[-87.59044,41.74351],[-87.59042,41.74291],[-87.59032,41.73868],[-87.59029,41.73727],[-87.59028,41.73685],[-87.59057,41.73685],[-87.5911,41.73684],[-87.59158,41.73683],[-87.59558,41.73678],[-87.58878,41.72595],[-87.58739,41.72374],[-87.58688,41.72292],[-87.58687,41.72292]]]},"properties":{"level":"ms","grades":"6–8","id":"609833","name":"Daisy Bates Academy of Social Justice","url":"https://www.cps.edu/schools/schoolprofiles/609833","x":-87.58073,"y":41.73923}},{"type":"Feature","geometry":{"type":"Polygon","coordinates":[[[-87.71363,41.8006],[-87.7135,41.80069],[-87.71371,41.80081],[-87.71373,41.80165],[-87.71373,41.80182],[-87.71375,41.80247],[-87.71377,41.80375],[-87.71378,41.804],[-87.71383,41.80404],[-87.71414,41.80388],[-87.71425,41.80386],[-87.71436,41.80383],[-87.71444,41.80381],[-87.71454,41.80378],[-87.7148,41.8037],[-87.71494,41.80365],[-87.71501,41.80363],[-87.71521,41.80355],[-87.71533,41.80351],[-87.71546,41.80343],[-87.71547,41.80341],[-87.7156,41.80319],[-87.71568,41.803],[-87.71588,41.803],[-87.71607,41.80296],[-87.71856,41.80199],[-87.71915,41.80176],[-87.71971,41.80154],[-87.72013,41.80137],[-87.72066,41.80116],[-87.72113,41.80097],[-87.72161,41.80079],[-87.72216,41.80057],[-87.72209,41.80057],[-87.72131,41.80058],[-87.72076,41.80059],[-87.72018,41.8006],[-87.7197,41.8006],[-87.71933,41.80061],[-87.71891,41.80061],[-87.71847,41.80062],[-87.71845,41.79995],[-87.71843,41.79961],[-87.71843,41.79944],[-87.71843,41.79915],[-87.71842,41.79904],[-87.71835,41.79667],[-87.71834,41.79627],[-87.71834,41.79612],[-87.71833,41.79583],[-87.71832,41.79565],[-87.71832,41.79551],[-87.7183,41.79484],[-87.71828,41.79422],[-87.71826,41.79341],[-87.71826,41.79328],[-87.71826,41.7932],[-87.71825,41.79288],[-87.71825,41.79275],[-87.71824,41.79241],[-87.71824,41.79236],[-87.71824,41.79233],[-87.71823,41.79232],[-87.71823,41.79231],[-87.71823,41.79226],[-87.71822,41.79192],[-87.71822,41.79191],[-87.71821,41.79157],[-87.71821,41.79134],[-87.7182,41.79108],[-87.7182,41.79101],[-87.71819,41.79088],[-87.71818,41.79056],[-87.71805,41.79056],[-87.7179,41.79056],[-87.71773,41.79057],[-87.71758,41.79057],[-87.7171,41.79058],[-87.71663,41.79058],[-87.71631,41.79059],[-87.71613,41.79059],[-87.71586,41.7906],[-87.71574,41.7906],[-87.71574,41.7905],[-87.71573,41.79037],[-87.71573,41.79023],[-87.71572,41.7898],[-87.71571,41.78969],[-87.7157,41.78945],[-87.7157,41.78937],[-87.71569,41.78901],[-87.71569,41.78878],[-87.71568,41.78868],[-87.71567,41.78837],[-87.71567,41.78821],[-87.71567,41.78808],[-87.71566,41.78787],[-87.71566,41.78777],[-87.71566,41.78773],[-87.71564,41.78713],[-87.71563,41.78696],[-87.71563,41.78691],[-87.71563,41.78667],[-87.71562,41.78653],[-87.71562,41.78632],[-87.7156,41.78605],[-87.7156,41.78596],[-87.7156,41.78579],[-87.7156,41.78574],[-87.71559,41.7856],[-87.71558,41.78514],[-87.71557,41.78473],[-87.71555,41.78404],[-87.71553,41.7835],[-87.71553,41.78332],[-87.71552,41.7829],[-87.71551,41.78266],[-87.7155,41.78224],[-87.71547,41.78131],[-87.71546,41.78105],[-87.71545,41.78059],[-87.71521,41.7806],[-87.71421,41.78062],[-87.71322,41.78064],[-87.71292,41.78064],[-87.7128,41.78065],[-87.71136,41.78067],[-87.71014,41.78069],[-87.70934,41.7807],[-87.70874,41.78071],[-87.70804,41.78072],[-87.70729,41.78074],[-87.70685,41.78074],[-87.70604,41.78076],[-87.70546,41.78076],[-87.70532,41.78077],[-87.70503,41.78077],[-87.70469,41.78078],[-87.70431,41.78078],[-87.70382,41.78079],[-87.70349,41.7808],[-87.70319,41.7808],[-87.70319,41.78104],[-87.7032,41.78122],[-87.7032,41.78125],[-87.7032,41.78136],[-87.70321,41.7816],[-87.70321,41.78167],[-87.70322,41.78181],[-87.70323,41.7821],[-87.70325,41.78261],[-87.70284,41.78261],[-87.70218,41.78262],[-87.70131,41.78264],[-87.70087,41.78265],[-87.70081,41.78265],[-87.70042,41.78265],[-87.70004,41.78266],[-87.69949,41.78266],[-87.69904,41.78267],[-87.69893,41.78267],[-87.69837,41.78268],[-87.69786,41.78269],[-87.69766,41.78269],[-87.6973,41.7827],[-87.69715,41.7827],[-87.69675,41.78271],[-87.69654,41.78271],[-87.69619,41.78272],[-87.69594,41.78295],[-87.69595,41.78319],[-87.69595,41.78346],[-87.69597,41.78405],[-87.69598,41.78433],[-87.69599,41.78499],[-87.696,41.78529],[-87.69601,41.78543],[-87.69601,41.78569],[-87.69603,41.78622],[-87.69603,41.78637],[-87.69605,41.78682],[-87.69605,41.78683],[-87.69606,41.78743],[-87.69608,41.78808],[-87.69609,41.78831],[-87.6961,41.78878],[-87.69612,41.78955],[-87.69614,41.79001],[-87.69677,41.79],[-87.69736,41.78999],[-87.69738,41.79096],[-87.6974,41.79161],[-87.69742,41.79213],[-87.69742,41.79241],[-87.69746,41.79363],[-87.698,41.79362],[-87.69857,41.79361],[-87.69871,41.7936],[-87.6988,41.7936],[-87.70013,41.79358],[-87.70098,41.79356],[-87.70219,41.79354],[-87.70286,41.79353],[-87.70294,41.79353],[-87.70355,41.79351],[-87.70417,41.7935],[-87.70468,41.7935],[-87.70502,41.79349],[-87.70591,41.79348],[-87.70613,41.79348],[-87.70683,41.79347],[-87.70717,41.79346],[-87.70723,41.79346],[-87.70724,41.79346],[-87.7078,41.79345],[-87.70858,41.79344],[-87.70905,41.79343],[-87.70945,41.79343],[-87.70968,41.79342],[-87.70987,41.79342],[-87.71004,41.79342],[-87.71036,41.79341],[-87.71103,41.7934],[-87.71177,41.79339],[-87.71203,41.79338],[-87.71225,41.79338],[-87.71299,41.79337],[-87.71311,41.79337],[-87.71338,41.79336],[-87.71342,41.79336],[-87.71342,41.79338],[-87.71345,41.79454],[-87.71346,41.79482],[-87.71346,41.79493],[-87.71347,41.79515],[-87.71348,41.7955],[-87.71348,41.79558],[-87.71349,41.79588],[-87.7135,41.79616],[-87.7135,41.79637],[-87.71352,41.79683],[-87.71352,41.79702],[-87.71352,41.79703],[-87.71353,41.79728],[-87.71354,41.79752],[-87.71354,41.79773],[-87.71355,41.79795],[-87.71356,41.79817],[-87.71356,41.79847],[-87.71357,41.7986],[-87.71357,41.79873],[-87.71358,41.79896],[-87.71358,41.7991],[-87.71358,41.79917],[-87.71359,41.79931],[-87.7136,41.79954],[-87.7136,41.7997],[-87.71361,41.8001],[-87.71362,41.80036],[-87.71362,41.80055],[-87.71363,41.80056],[-87.71363,41.8006]]]},"properties":{"level":"ms","grades":"6–8","id":"610532","name":"Irene C. Hernandez Middle School for the Advancement of Science","url":"https://www.cps.edu/schools/schoolprofiles/610532","x":-87.71137,"y":41.79348}},{"type":"Feature","geometry":{"type":"Polygon","coordinates":[[[-87.56074,41.72348],[-87.56076,41.72402],[-87.56077,41.72449],[-87.56078,41.72498],[-87.5608,41.72555],[-87.56081,41.72595],[-87.56083,41.72658],[-87.56086,41.72762],[-87.56087,41.72813],[-87.56094,41.72995],[-87.56096,41.73038],[-87.561,41.73154],[-87.56122,41.7317],[-87.56136,41.73181],[-87.56111,41.732],[-87.56073,41.73231],[-87.56063,41.73239],[-87.56062,41.7324],[-87.55986,41.733],[-87.56275,41.73508],[-87.56352,41.73448],[-87.56363,41.7344],[-87.5637,41.73434],[-87.56438,41.73381],[-87.56461,41.73363],[-87.56466,41.73359],[-87.56468,41.73354],[-87.56469,41.73349],[-87.56469,41.7331],[-87.56464,41.73144],[-87.56461,41.73031],[-87.5646,41.72991],[-87.56522,41.7299],[-87.56523,41.7299],[-87.56628,41.72989],[-87.56656,41.72988],[-87.56755,41.72987],[-87.56824,41.72986],[-87.56885,41.72985],[-87.56946,41.72984],[-87.56944,41.72922],[-87.56943,41.7286],[-87.56941,41.72802],[-87.56938,41.72699],[-87.56937,41.72667],[-87.56936,41.72636],[-87.56936,41.72619],[-87.56934,41.72572],[-87.56932,41.72507],[-87.56932,41.72315],[-87.56902,41.72315],[-87.56817,41.72316],[-87.56725,41.72317],[-87.56594,41.72319],[-87.56561,41.72319],[-87.56559,41.72319],[-87.56531,41.7232],[-87.56469,41.72321],[-87.56397,41.72321],[-87.56225,41.72324],[-87.56145,41.72325],[-87.56109,41.72325],[-87.56074,41.72348]]]},"properties":{"level":"ms","grades":"4–8","id":"610218","name":"Joseph Warren Elementary School","url":"https://www.cps.edu/schools/schoolprofiles/610218","x":-87.57535,"y":41.72676}},{"type":"Feature","geometry":{"type":"Polygon","coordinates":[[[-87.74697,41.94274],[-87.74699,41.94352],[-87.74701,41.94421],[-87.74765,41.94429],[-87.74863,41.94428],[-87.74959,41.94427],[-87.75195,41.94424],[-87.75194,41.94383],[-87.75193,41.9434],[-87.75192,41.94333],[-87.75191,41.94271],[-87.7519,41.94241],[-87.75261,41.9424],[-87.75374,41.94239],[-87.75681,41.94235],[-87.7568,41.94205],[-87.75678,41.94144],[-87.75676,41.94098],[-87.75676,41.94072],[-87.75675,41.94053],[-87.75674,41.94007],[-87.75673,41.93975],[-87.75672,41.93961],[-87.75671,41.93917],[-87.75671,41.93916],[-87.7567,41.93896],[-87.75669,41.9387],[-87.75801,41.93868],[-87.75914,41.93867],[-87.75909,41.93776],[-87.75908,41.93729],[-87.75903,41.93593],[-87.75901,41.93551],[-87.75899,41.93502],[-87.75897,41.93427],[-87.75857,41.93411],[-87.75713,41.93413],[-87.75673,41.93413],[-87.75652,41.93401],[-87.75651,41.93368],[-87.75649,41.93323],[-87.75644,41.93186],[-87.75642,41.93151],[-87.75642,41.9314],[-87.75501,41.93142],[-87.75419,41.93143],[-87.7518,41.93146],[-87.75151,41.93147],[-87.75149,41.93101],[-87.75147,41.93056],[-87.75145,41.93011],[-87.75144,41.92982],[-87.75141,41.9292],[-87.7514,41.92875],[-87.75138,41.9283],[-87.75136,41.92785],[-87.75082,41.92785],[-87.74978,41.92787],[-87.74892,41.92788],[-87.7478,41.92789],[-87.74711,41.9279],[-87.74645,41.92791],[-87.74639,41.92653],[-87.74638,41.92623],[-87.74419,41.92626],[-87.74298,41.92627],[-87.74251,41.92628],[-87.74191,41.92629],[-87.7419,41.92596],[-87.74186,41.92494],[-87.74184,41.9243],[-87.74179,41.9243],[-87.74172,41.9243],[-87.74161,41.9243],[-87.74139,41.92431],[-87.74085,41.92431],[-87.739,41.92434],[-87.73779,41.92435],[-87.73776,41.92358],[-87.73775,41.92324],[-87.73773,41.92252],[-87.73768,41.92116],[-87.73763,41.91936],[-87.7376,41.91841],[-87.73755,41.91703],[-87.73754,41.91664],[-87.73752,41.91588],[-87.73752,41.91575],[-87.7375,41.91521],[-87.73665,41.91523],[-87.73628,41.91523],[-87.73623,41.91385],[-87.73622,41.91347],[-87.73622,41.91338],[-87.73622,41.91332],[-87.73576,41.91332],[-87.73532,41.91333],[-87.73518,41.91333],[-87.73478,41.91333],[-87.7336,41.91335],[-87.73339,41.91335],[-87.73312,41.91336],[-87.73275,41.91336],[-87.73254,41.91336],[-87.7325,41.91336],[-87.73245,41.91336],[-87.73222,41.91337],[-87.73195,41.91337],[-87.73153,41.91337],[-87.73133,41.91345],[-87.73133,41.91364],[-87.73135,41.91421],[-87.73137,41.91517],[-87.73139,41.91568],[-87.7314,41.91585],[-87.73141,41.91634],[-87.73145,41.9171],[-87.73022,41.91712],[-87.729,41.91713],[-87.72807,41.91715],[-87.72746,41.91716],[-87.72682,41.91716],[-87.72656,41.91717],[-87.72657,41.91732],[-87.72659,41.91808],[-87.72661,41.91877],[-87.72662,41.91919],[-87.72664,41.91975],[-87.72667,41.92082],[-87.72667,41.92102],[-87.72669,41.92172],[-87.7267,41.92188],[-87.72687,41.92224],[-87.72695,41.92264],[-87.72695,41.92265],[-87.72696,41.92267],[-87.72697,41.92268],[-87.727,41.92274],[-87.72707,41.92287],[-87.72723,41.92319],[-87.72731,41.92334],[-87.72735,41.92343],[-87.7274,41.92352],[-87.72743,41.92358],[-87.72764,41.92399],[-87.72768,41.92406],[-87.72771,41.92412],[-87.72776,41.92421],[-87.72782,41.92432],[-87.72784,41.92438],[-87.72786,41.92441],[-87.72788,41.92445],[-87.72789,41.92447],[-87.72795,41.92457],[-87.72805,41.92477],[-87.72814,41.92496],[-87.72833,41.92532],[-87.72844,41.92552],[-87.72865,41.92594],[-87.72875,41.92612],[-87.72902,41.92665],[-87.72918,41.92695],[-87.72931,41.92721],[-87.72944,41.92745],[-87.72948,41.92754],[-87.72963,41.92782],[-87.7297,41.92797],[-87.72968,41.92803],[-87.72971,41.92808],[-87.72973,41.92812],[-87.7298,41.92819],[-87.7299,41.92834],[-87.73026,41.92904],[-87.73042,41.92935],[-87.73048,41.92946],[-87.7306,41.9297],[-87.73091,41.93029],[-87.73107,41.9306],[-87.7313,41.93104],[-87.73141,41.93125],[-87.73152,41.93148],[-87.73162,41.93166],[-87.73165,41.93173],[-87.73196,41.93232],[-87.73209,41.93257],[-87.7322,41.93278],[-87.73224,41.93287],[-87.73235,41.93307],[-87.73273,41.93374],[-87.73277,41.93381],[-87.73283,41.93392],[-87.73283,41.93397],[-87.73283,41.934],[-87.73287,41.93408],[-87.73296,41.93418],[-87.73305,41.93434],[-87.73314,41.93453],[-87.73322,41.93467],[-87.73326,41.93475],[-87.73335,41.93493],[-87.73341,41.93504],[-87.73344,41.9351],[-87.73347,41.93515],[-87.73354,41.93529],[-87.73356,41.93532],[-87.73357,41.93535],[-87.73359,41.93538],[-87.73387,41.93538],[-87.7339,41.93537],[-87.73391,41.93535],[-87.73392,41.93536],[-87.73395,41.93538],[-87.73405,41.93538],[-87.73527,41.93536],[-87.7354,41.93536],[-87.73556,41.93535],[-87.73609,41.93535],[-87.73641,41.93535],[-87.73692,41.93533],[-87.73753,41.9353],[-87.73815,41.9353],[-87.7386,41.93529],[-87.73876,41.93529],[-87.73937,41.93528],[-87.74004,41.93527],[-87.7408,41.93526],[-87.74217,41.93527],[-87.74218,41.93553],[-87.74219,41.93585],[-87.7422,41.93599],[-87.74222,41.93644],[-87.74223,41.93671],[-87.74225,41.93726],[-87.74226,41.93757],[-87.74228,41.93806],[-87.74228,41.93822],[-87.74229,41.93845],[-87.7423,41.93859],[-87.7423,41.9388],[-87.74232,41.9388],[-87.74232,41.93889],[-87.74233,41.93889],[-87.74233,41.93917],[-87.74235,41.93971],[-87.74235,41.93995],[-87.74238,41.94092],[-87.74239,41.94125],[-87.7424,41.94138],[-87.74241,41.94183],[-87.74241,41.94199],[-87.74242,41.94232],[-87.74247,41.94253],[-87.74296,41.94253],[-87.74327,41.94253],[-87.74365,41.94253],[-87.744,41.94252],[-87.74416,41.94252],[-87.7446,41.94251],[-87.74492,41.94251],[-87.74562,41.9425],[-87.74611,41.94249],[-87.74696,41.94248],[-87.74697,41.94274]]]},"properties":{"level":"ms","grades":"7–8","id":"609716","name":"Kelvyn Park High School","url":"https://www.cps.edu/schools/schoolprofiles/609716","x":-87.736,"y":41.92792}},{"type":"Feature","geometry":{"type":"Polygon","coordinates":[[[-87.67578,42.01262],[-87.67578,42.01264],[-87.67579,42.01273],[-87.67579,42.01292],[-87.67579,42.01301],[-87.67579,42.01322],[-87.6758,42.01366],[-87.67581,42.01375],[-87.67741,42.01372],[-87.67804,42.01371],[-87.67838,42.0137],[-87.67976,42.01367],[-87.68028,42.01365],[-87.68055,42.01352],[-87.68139,42.01312],[-87.68232,42.01268],[-87.68303,42.01214],[-87.68284,42.01163],[-87.68244,42.01049],[-87.6824,42.01037],[-87.68202,42.0093],[-87.68152,42.00812],[-87.6813,42.00765],[-87.68122,42.00748],[-87.6811,42.00721],[-87.6809,42.00678],[-87.68054,42.00601],[-87.68042,42.00574],[-87.68017,42.00521],[-87.67975,42.00522],[-87.67938,42.00523],[-87.67874,42.00524],[-87.67853,42.00524],[-87.6781,42.00525],[-87.67772,42.00526],[-87.67569,42.0053],[-87.67546,42.0053],[-87.67523,42.0053],[-87.67541,42.01139],[-87.67576,42.01139],[-87.67578,42.01262]]]},"properties":{"level":"ms","grades":"5–8","id":"609779","name":"George Armstrong International Studies ES","url":"https://www.cps.edu/schools/schoolprofiles/609779","x":-87.68444,"y":42.01015}},{"type":"Feature","geometry":{"type":"Polygon","coordinates":[[[-87.5968,41.82365],[-87.59737,41.82345],[-87.5977,41.82457],[-87.59766,41.82477],[-87.59762,41.82493],[-87.59754,41.82521],[-87.59748,41.8255],[-87.59754,41.82591],[-87.59756,41.82598],[-87.59985,41.82544],[-87.60028,41.82532],[-87.60076,41.8252],[-87.60092,41.8252],[-87.6018,41.82492],[-87.60247,41.82464],[-87.60398,41.82417],[-87.60406,41.82417],[-87.6041,41.82416],[-87.60418,41.82416],[-87.60425,41.82417],[-87.60431,41.82417],[-87.60461,41.82422],[-87.60507,41.82431],[-87.6055,41.82433],[-87.60556,41.82432],[-87.60563,41.82431],[-87.60565,41.8243],[-87.60571,41.82429],[-87.60575,41.82428],[-87.60687,41.82396],[-87.60591,41.82239],[-87.60533,41.82147],[-87.60487,41.82074],[-87.6045,41.82015],[-87.60444,41.82007],[-87.60443,41.82005],[-87.60442,41.82003],[-87.60437,41.81962],[-87.6043,41.81901],[-87.60421,41.81826],[-87.60416,41.81782],[-87.60406,41.81685],[-87.5968,41.81693],[-87.59215,41.81693],[-87.59217,41.81721],[-87.59218,41.8176],[-87.59229,41.81788],[-87.59239,41.81805],[-87.59245,41.81812],[-87.59287,41.81852],[-87.59306,41.81861],[-87.59342,41.81877],[-87.59355,41.81887],[-87.59364,41.81899],[-87.59391,41.81918],[-87.59414,41.81933],[-87.59433,41.81943],[-87.59462,41.8197],[-87.59477,41.81985],[-87.59487,41.81998],[-87.5949,41.82005],[-87.59491,41.8201],[-87.59488,41.82016],[-87.59414,41.82144],[-87.59413,41.82148],[-87.59414,41.8215],[-87.5942,41.82152],[-87.59423,41.82151],[-87.59427,41.82148],[-87.59426,41.82145],[-87.59443,41.82117],[-87.59531,41.82162],[-87.59574,41.8219],[-87.59615,41.82211],[-87.59679,41.82238],[-87.59701,41.82278],[-87.59713,41.82306],[-87.59731,41.82338],[-87.59671,41.82358],[-87.5967,41.82362],[-87.5968,41.82365]]]},"properties":{"level":"ms","grades":"4–8","id":"609928","name":"James Farmer Jr Elementary School","url":"https://www.cps.edu/schools/schoolprofiles/609928","x":-87.61178,"y":41.818}},{"type":"Feature","geometry":{"type":"Polygon","coordinates":[[[-87.68404,41.82124],[-87.68422,41.82164],[-87.68484,41.82299],[-87.68485,41.823],[-87.68488,41.823],[-87.68484,41.82279],[-87.68477,41.8211],[-87.68545,41.82109],[-87.68587,41.82108],[-87.68605,41.82108],[-87.68665,41.82107],[-87.68719,41.82106],[-87.68724,41.82059],[-87.68723,41.81999],[-87.68721,41.81948],[-87.68719,41.81877],[-87.68717,41.81798],[-87.68741,41.81746],[-87.68837,41.81745],[-87.68859,41.81745],[-87.68897,41.81744],[-87.68951,41.81743],[-87.6896,41.81791],[-87.68961,41.81846],[-87.69014,41.81857],[-87.69089,41.81856],[-87.69123,41.81856],[-87.69127,41.81859],[-87.69133,41.81865],[-87.6918,41.81913],[-87.69226,41.81959],[-87.69261,41.81995],[-87.69293,41.82027],[-87.6934,41.82074],[-87.69403,41.82035],[-87.69457,41.82002],[-87.69455,41.8196],[-87.69455,41.81941],[-87.69454,41.81916],[-87.69453,41.81894],[-87.69452,41.81847],[-87.6945,41.81795],[-87.69449,41.81765],[-87.69448,41.81736],[-87.69482,41.81735],[-87.69512,41.81734],[-87.69538,41.81734],[-87.69601,41.81733],[-87.698,41.81729],[-87.69821,41.81733],[-87.69851,41.81761],[-87.69915,41.81722],[-87.6994,41.81706],[-87.69939,41.81681],[-87.69938,41.81664],[-87.69937,41.81629],[-87.69936,41.81593],[-87.69935,41.81571],[-87.69934,41.81532],[-87.69932,41.81483],[-87.6993,41.81436],[-87.69909,41.81366],[-87.69858,41.81366],[-87.69805,41.81367],[-87.69744,41.81368],[-87.697,41.81369],[-87.69613,41.8137],[-87.6956,41.81371],[-87.69498,41.81372],[-87.69436,41.81341],[-87.69436,41.81321],[-87.69434,41.81274],[-87.69431,41.81191],[-87.69429,41.81103],[-87.69427,41.81033],[-87.69425,41.80972],[-87.69423,41.80888],[-87.69422,41.80862],[-87.69421,41.8084],[-87.6942,41.80797],[-87.69417,41.80705],[-87.69416,41.80668],[-87.69415,41.80641],[-87.69412,41.8054],[-87.6941,41.80451],[-87.6941,41.80447],[-87.69397,41.80409],[-87.69374,41.80409],[-87.69294,41.80411],[-87.69244,41.80411],[-87.69209,41.80405],[-87.6919,41.804],[-87.69176,41.80405],[-87.69157,41.80409],[-87.69148,41.8041],[-87.69137,41.80412],[-87.6913,41.80412],[-87.69119,41.80416],[-87.69096,41.80422],[-87.69062,41.80426],[-87.69034,41.80428],[-87.68998,41.80428],[-87.68965,41.80429],[-87.6895,41.80429],[-87.68921,41.80432],[-87.68851,41.80435],[-87.68793,41.80436],[-87.68702,41.80437],[-87.68665,41.80439],[-87.6857,41.80441],[-87.68507,41.80442],[-87.68459,41.80443],[-87.68435,41.80432],[-87.68374,41.80438],[-87.68375,41.8045],[-87.68375,41.80454],[-87.68376,41.8048],[-87.68378,41.80569],[-87.68379,41.8058],[-87.68379,41.80582],[-87.68379,41.80599],[-87.68381,41.80643],[-87.68382,41.80692],[-87.68382,41.80711],[-87.68387,41.8083],[-87.68387,41.80842],[-87.68172,41.80844],[-87.68077,41.80845],[-87.67979,41.80846],[-87.67974,41.80846],[-87.67974,41.80852],[-87.67987,41.80876],[-87.67987,41.80901],[-87.67988,41.80921],[-87.67989,41.80949],[-87.6799,41.80986],[-87.67991,41.81023],[-87.67993,41.81111],[-87.67994,41.81145],[-87.67995,41.8118],[-87.68021,41.81224],[-87.68022,41.81268],[-87.68023,41.81299],[-87.68024,41.81326],[-87.68024,41.81356],[-87.68026,41.81419],[-87.68027,41.81453],[-87.68028,41.81506],[-87.68029,41.81526],[-87.68033,41.81539],[-87.68038,41.81553],[-87.68042,41.81564],[-87.68047,41.81572],[-87.68048,41.81573],[-87.68052,41.81584],[-87.68061,41.81606],[-87.68085,41.81655],[-87.68104,41.81689],[-87.6811,41.81699],[-87.68125,41.81722],[-87.68133,41.81734],[-87.68155,41.81765],[-87.6819,41.81816],[-87.68212,41.81847],[-87.68223,41.81862],[-87.68227,41.81872],[-87.68252,41.81913],[-87.68278,41.8195],[-87.68319,41.8201],[-87.68367,41.82071],[-87.68382,41.82092],[-87.68402,41.82121],[-87.68404,41.82124]]]},"properties":{"level":"ms","grades":"5–8","id":"610559","name":"James Shields Middle School","url":"https://www.cps.edu/schools/schoolprofiles/610559","x":-87.68978,"y":41.80649}},{"type":"Feature","geometry":{"type":"Polygon","coordinates":[[[-87.75897,41.93427],[-87.75899,41.93502],[-87.75936,41.93502],[-87.76037,41.935],[-87.761,41.935],[-87.76188,41.93498],[-87.76213,41.93498],[-87.7633,41.93497],[-87.76372,41.93496],[-87.76392,41.93496],[-87.76576,41.93494],[-87.76637,41.93493],[-87.76733,41.93492],[-87.76777,41.93491],[-87.7688,41.93489],[-87.76966,41.93488],[-87.77002,41.93488],[-87.77,41.93433],[-87.76997,41.93355],[-87.7699,41.93164],[-87.76989,41.93123],[-87.76988,41.93077],[-87.76984,41.92976],[-87.76981,41.92893],[-87.7698,41.92844],[-87.76978,41.92799],[-87.76976,41.92758],[-87.76972,41.92621],[-87.76971,41.92595],[-87.7697,41.92575],[-87.76932,41.92576],[-87.7687,41.92577],[-87.76781,41.92578],[-87.76727,41.92579],[-87.76666,41.9258],[-87.76623,41.9258],[-87.76605,41.9258],[-87.76566,41.92581],[-87.76543,41.92581],[-87.76359,41.92584],[-87.76244,41.92585],[-87.76133,41.92586],[-87.76113,41.92588],[-87.76101,41.92589],[-87.76051,41.92589],[-87.75967,41.9259],[-87.75897,41.92591],[-87.75754,41.92595],[-87.75591,41.92597],[-87.75428,41.92599],[-87.75375,41.926],[-87.75374,41.92554],[-87.75373,41.9255],[-87.7537,41.92476],[-87.75368,41.92414],[-87.75426,41.92413],[-87.75615,41.92411],[-87.7561,41.92274],[-87.75609,41.92228],[-87.75508,41.92229],[-87.75486,41.9223],[-87.75484,41.92155],[-87.75484,41.92133],[-87.75483,41.92092],[-87.75481,41.92047],[-87.7548,41.91999],[-87.75477,41.91911],[-87.75476,41.91865],[-87.75474,41.91837],[-87.75469,41.91825],[-87.75463,41.91806],[-87.75463,41.91789],[-87.75461,41.91746],[-87.75461,41.91734],[-87.7546,41.91687],[-87.75421,41.91686],[-87.75338,41.91684],[-87.75291,41.91665],[-87.75288,41.91596],[-87.75288,41.91571],[-87.75286,41.91543],[-87.75285,41.91525],[-87.75285,41.91511],[-87.75253,41.91507],[-87.75179,41.91498],[-87.7513,41.91492],[-87.75111,41.9149],[-87.75097,41.91488],[-87.75068,41.91485],[-87.7504,41.91481],[-87.75022,41.91479],[-87.74967,41.91472],[-87.7494,41.91469],[-87.7493,41.91324],[-87.74928,41.9126],[-87.74927,41.91233],[-87.74925,41.91175],[-87.74923,41.91142],[-87.74895,41.91142],[-87.74861,41.91142],[-87.74709,41.91144],[-87.74654,41.91145],[-87.74556,41.91146],[-87.74471,41.91147],[-87.7441,41.91148],[-87.74354,41.91144],[-87.74357,41.91296],[-87.7433,41.91285],[-87.74292,41.9127],[-87.74271,41.91262],[-87.74144,41.91211],[-87.74143,41.91211],[-87.74143,41.91219],[-87.74143,41.91228],[-87.74144,41.91247],[-87.74145,41.91262],[-87.74146,41.91286],[-87.74146,41.913],[-87.74147,41.91318],[-87.74147,41.91326],[-87.74148,41.91341],[-87.74148,41.91364],[-87.74149,41.91373],[-87.74069,41.91363],[-87.74036,41.91359],[-87.74016,41.91357],[-87.73987,41.91353],[-87.73962,41.9135],[-87.7395,41.91349],[-87.73925,41.91346],[-87.73903,41.91343],[-87.73888,41.91341],[-87.7385,41.91337],[-87.73822,41.91335],[-87.73742,41.91331],[-87.73714,41.91331],[-87.73674,41.91331],[-87.7365,41.91331],[-87.73622,41.91332],[-87.73622,41.91338],[-87.73622,41.91347],[-87.73623,41.91385],[-87.73628,41.91523],[-87.73665,41.91523],[-87.7375,41.91521],[-87.73752,41.91575],[-87.73752,41.91588],[-87.73754,41.91664],[-87.73755,41.91703],[-87.7376,41.91841],[-87.73763,41.91936],[-87.73768,41.92116],[-87.73773,41.92252],[-87.73775,41.92324],[-87.73776,41.92358],[-87.73779,41.92435],[-87.739,41.92434],[-87.74085,41.92431],[-87.74139,41.92431],[-87.74161,41.9243],[-87.74172,41.9243],[-87.74179,41.9243],[-87.74184,41.9243],[-87.74186,41.92494],[-87.7419,41.92596],[-87.74191,41.92629],[-87.74251,41.92628],[-87.74298,41.92627],[-87.74419,41.92626],[-87.74638,41.92623],[-87.74639,41.92653],[-87.74645,41.92791],[-87.74711,41.9279],[-87.7478,41.92789],[-87.74892,41.92788],[-87.74978,41.92787],[-87.75082,41.92785],[-87.75136,41.92785],[-87.75138,41.9283],[-87.7514,41.92875],[-87.75141,41.9292],[-87.75144,41.92982],[-87.75145,41.93011],[-87.75147,41.93056],[-87.75149,41.93101],[-87.75151,41.93147],[-87.7518,41.93146],[-87.75419,41.93143],[-87.75501,41.93142],[-87.75642,41.9314],[-87.75642,41.93151],[-87.75644,41.93186],[-87.75649,41.93323],[-87.75651,41.93368],[-87.75652,41.93401],[-87.75673,41.93413],[-87.75713,41.93413],[-87.75857,41.93411],[-87.75897,41.93427]]]},"properties":{"level":"ms","grades":"6–8","id":"610051","name":"Northwest Middle School","url":"https://www.cps.edu/schools/schoolprofiles/610051","x":-87.75785,"y":41.92056}},{"type":"Feature","geometry":{"type":"Polygon","coordinates":[[[-87.59215,41.81693],[-87.5968,41.81693],[-87.60406,41.81685],[-87.60405,41.8166],[-87.60403,41.81571],[-87.60401,41.81502],[-87.60401,41.81477],[-87.604,41.81426],[-87.60398,41.81353],[-87.60396,41.81278],[-87.60395,41.81225],[-87.60395,41.81191],[-87.60393,41.81138],[-87.60393,41.81103],[-87.60391,41.8104],[-87.6039,41.80956],[-87.6031,41.80957],[-87.60234,41.80958],[-87.60201,41.80958],[-87.60137,41.80959],[-87.60041,41.8096],[-87.59983,41.80961],[-87.59927,41.80961],[-87.59899,41.80962],[-87.59796,41.80963],[-87.59757,41.80963],[-87.59756,41.80963],[-87.59723,41.80964],[-87.59471,41.80967],[-87.59392,41.80967],[-87.59322,41.80968],[-87.59256,41.80969],[-87.5922,41.80969],[-87.59192,41.80974],[-87.59169,41.80981],[-87.59023,41.81038],[-87.58973,41.81058],[-87.58941,41.81071],[-87.58884,41.81093],[-87.58722,41.81158],[-87.58723,41.8116],[-87.58725,41.81162],[-87.58728,41.81168],[-87.58737,41.81182],[-87.58742,41.81187],[-87.58753,41.81193],[-87.58759,41.81194],[-87.58773,41.812],[-87.58795,41.81203],[-87.58805,41.81203],[-87.58824,41.81206],[-87.5883,41.81206],[-87.5884,41.81212],[-87.58872,41.81231],[-87.58877,41.81237],[-87.58883,41.81248],[-87.58903,41.81276],[-87.58924,41.81293],[-87.5895,41.81303],[-87.58944,41.81309],[-87.58945,41.81314],[-87.5895,41.81319],[-87.5895,41.8132],[-87.58977,41.81342],[-87.58987,41.81353],[-87.59005,41.81374],[-87.59012,41.81391],[-87.59016,41.8141],[-87.59021,41.81442],[-87.59026,41.81456],[-87.5903,41.81462],[-87.59043,41.81477],[-87.59058,41.81488],[-87.59071,41.81498],[-87.59084,41.81514],[-87.591,41.81546],[-87.59134,41.81594],[-87.59154,41.81609],[-87.59159,41.81613],[-87.59177,41.81625],[-87.59195,41.81641],[-87.59206,41.81654],[-87.59211,41.81662],[-87.59215,41.81693]]]},"properties":{"level":"ms","grades":"4–8","id":"610345","name":"Carter G Woodson South Elementary School","url":"https://www.cps.edu/schools/schoolprofiles/610345","x":-87.60842,"y":41.8145}},{"type":"Feature","geometry":{"type":"Polygon","coordinates":[[[-87.68405,41.78108],[-87.68431,41.78107],[-87.68442,41.78107],[-87.68474,41.78107],[-87.68614,41.78105],[-87.68613,41.7807],[-87.68611,41.78012],[-87.68611,41.77997],[-87.6861,41.7797],[-87.68609,41.77922],[-87.68607,41.77875],[-87.68606,41.77832],[-87.68605,41.77804],[-87.68604,41.77751],[-87.68628,41.7774],[-87.68717,41.77739],[-87.68725,41.77715],[-87.68724,41.77685],[-87.68723,41.77661],[-87.68722,41.77617],[-87.68721,41.77577],[-87.68719,41.77489],[-87.68718,41.77462],[-87.68717,41.7741],[-87.68716,41.77382],[-87.68715,41.77359],[-87.68714,41.77308],[-87.68713,41.77284],[-87.68713,41.7726],[-87.68712,41.77236],[-87.68711,41.77206],[-87.68711,41.77192],[-87.68606,41.77194],[-87.68588,41.77194],[-87.68583,41.77012],[-87.68523,41.77013],[-87.6839,41.77015],[-87.68339,41.77015],[-87.6834,41.77059],[-87.68342,41.77116],[-87.68343,41.77151],[-87.68344,41.77178],[-87.68319,41.77198],[-87.68303,41.77198],[-87.68273,41.77198],[-87.68272,41.77198],[-87.68246,41.77198],[-87.68181,41.77198],[-87.68149,41.77198],[-87.68125,41.77198],[-87.68089,41.77199],[-87.68033,41.77199],[-87.67988,41.772],[-87.67945,41.77201],[-87.67915,41.77201],[-87.67883,41.77201],[-87.67881,41.77201],[-87.67881,41.77205],[-87.67883,41.77251],[-87.67883,41.77281],[-87.67884,41.77299],[-87.67885,41.77353],[-87.67886,41.77368],[-87.67886,41.77397],[-87.67889,41.77493],[-87.6789,41.77523],[-87.67891,41.77551],[-87.67891,41.77563],[-87.67891,41.77564],[-87.67891,41.77567],[-87.67892,41.77613],[-87.67894,41.77663],[-87.67894,41.7768],[-87.67895,41.77716],[-87.67895,41.77736],[-87.67897,41.77799],[-87.67898,41.77835],[-87.67899,41.7787],[-87.67901,41.77924],[-87.67927,41.77924],[-87.67981,41.77923],[-87.68096,41.77921],[-87.68113,41.77952],[-87.68113,41.77969],[-87.68114,41.77995],[-87.68115,41.78026],[-87.68116,41.78106],[-87.68147,41.78106],[-87.68161,41.78105],[-87.68189,41.78105],[-87.68223,41.78105],[-87.68255,41.78104],[-87.68266,41.78104],[-87.683,41.78104],[-87.68316,41.78103],[-87.68388,41.78108],[-87.68405,41.78108]]]},"properties":{"level":"ms","grades":"8","id":"610347","name":"Claremont STEM Magnet Elementary School","url":"https://www.cps.edu/schools/schoolprofiles/610347","x":-87.68106,"y":41.77751}},{"type":"Feature","geometry":{"type":"Polygon","coordinates":[[[-87.58697,41.81118],[-87.587,41.81121],[-87.5872,41.81155],[-87.58722,41.81158],[-87.58884,41.81093],[-87.58941,41.81071],[-87.58973,41.81058],[-87.59023,41.81038],[-87.59169,41.80981],[-87.59192,41.80974],[-87.5922,41.80969],[-87.59256,41.80969],[-87.59322,41.80968],[-87.59392,41.80967],[-87.59471,41.80967],[-87.59723,41.80964],[-87.59756,41.80963],[-87.59757,41.80963],[-87.59796,41.80963],[-87.59899,41.80962],[-87.59927,41.80961],[-87.59926,41.80949],[-87.59926,41.80911],[-87.59925,41.80888],[-87.59924,41.80815],[-87.59922,41.80731],[-87.59922,41.80682],[-87.5992,41.80598],[-87.59918,41.805],[-87.59917,41.80459],[-87.59917,41.80416],[-87.59915,41.80314],[-87.59914,41.80278],[-87.59913,41.80234],[-87.59705,41.80236],[-87.59671,41.80237],[-87.5967,41.80184],[-87.59669,41.80137],[-87.59668,41.80115],[-87.59667,41.80066],[-87.59666,41.80029],[-87.59664,41.79946],[-87.59588,41.79946],[-87.59503,41.79947],[-87.5945,41.79948],[-87.59266,41.7995],[-87.5923,41.79951],[-87.59126,41.79952],[-87.59069,41.79952],[-87.59044,41.79953],[-87.59014,41.79953],[-87.58996,41.79953],[-87.58861,41.79955],[-87.58822,41.79955],[-87.58803,41.79955],[-87.58779,41.79956],[-87.58738,41.79956],[-87.5873,41.79956],[-87.58738,41.80029],[-87.58752,41.80114],[-87.58771,41.80198],[-87.58779,41.80248],[-87.58681,41.80249],[-87.58644,41.80249],[-87.58586,41.8025],[-87.58541,41.80251],[-87.58523,41.80251],[-87.58461,41.80252],[-87.58426,41.80252],[-87.58372,41.80258],[-87.58164,41.80258],[-87.58036,41.80258],[-87.58045,41.80293],[-87.58011,41.80347],[-87.58006,41.8035],[-87.58002,41.80377],[-87.58007,41.80387],[-87.58015,41.80396],[-87.5802,41.80399],[-87.58033,41.80405],[-87.58034,41.80405],[-87.58067,41.80421],[-87.58079,41.8042],[-87.58085,41.80419],[-87.58111,41.80423],[-87.5812,41.80427],[-87.58148,41.80452],[-87.58157,41.8046],[-87.58163,41.80465],[-87.58166,41.80467],[-87.58178,41.80477],[-87.58237,41.8052],[-87.5824,41.80522],[-87.5825,41.80529],[-87.5826,41.80535],[-87.58267,41.8054],[-87.58282,41.80551],[-87.58288,41.80556],[-87.58296,41.80559],[-87.58298,41.80559],[-87.58308,41.80566],[-87.58369,41.80607],[-87.5838,41.80617],[-87.58391,41.8063],[-87.5842,41.80658],[-87.5843,41.80665],[-87.58448,41.80673],[-87.5846,41.80677],[-87.58473,41.80681],[-87.58487,41.80691],[-87.58517,41.80726],[-87.58524,41.80734],[-87.58542,41.80756],[-87.58549,41.80769],[-87.58552,41.80773],[-87.58559,41.80785],[-87.58564,41.80794],[-87.5857,41.80804],[-87.58583,41.80825],[-87.58595,41.80845],[-87.58608,41.80874],[-87.5861,41.80882],[-87.58611,41.80886],[-87.58612,41.80887],[-87.58618,41.809],[-87.58619,41.80901],[-87.58623,41.80909],[-87.58624,41.80911],[-87.5863,41.8092],[-87.58639,41.8093],[-87.58641,41.80932],[-87.58643,41.80941],[-87.58644,41.80947],[-87.58656,41.80963],[-87.58668,41.80973],[-87.5867,41.80975],[-87.58671,41.80977],[-87.58676,41.80982],[-87.58689,41.81005],[-87.58695,41.8102],[-87.58699,41.81031],[-87.58702,41.81047],[-87.58703,41.81054],[-87.58703,41.81057],[-87.58703,41.8107],[-87.58703,41.81074],[-87.58701,41.81084],[-87.58699,41.81093],[-87.58697,41.811],[-87.58695,41.8111],[-87.58694,41.81118],[-87.58697,41.81118]]]},"properties":{"level":"ms","grades":"7–8","id":"610142","name":"William H Ray Elementary School","url":"https://www.cps.edu/schools/schoolprofiles/610142","x":-87.59475,"y":41.79235}},{"type":"Feature","geometry":{"type":"Polygon","coordinates":[[[-87.75831,41.7928],[-87.75864,41.79279],[-87.75926,41.79278],[-87.75987,41.79277],[-87.76002,41.79277],[-87.76054,41.79276],[-87.76133,41.79275],[-87.7617,41.79275],[-87.7623,41.79274],[-87.7623,41.79251],[-87.76228,41.79207],[-87.76224,41.7909],[-87.76221,41.79025],[-87.7622,41.78986],[-87.76214,41.78834],[-87.76212,41.78805],[-87.7621,41.78748],[-87.76209,41.78725],[-87.76209,41.78724],[-87.76207,41.78674],[-87.76206,41.78642],[-87.76203,41.78552],[-87.76202,41.78533],[-87.76201,41.78502],[-87.76197,41.7841],[-87.76196,41.78391],[-87.76194,41.78331],[-87.76193,41.78316],[-87.7619,41.78242],[-87.76187,41.78172],[-87.76183,41.7807],[-87.76182,41.78049],[-87.7618,41.78002],[-87.76178,41.77942],[-87.76175,41.77899],[-87.76172,41.77824],[-87.76104,41.77807],[-87.76071,41.77807],[-87.76004,41.77809],[-87.75891,41.77811],[-87.75843,41.77812],[-87.75817,41.77812],[-87.75726,41.77814],[-87.75636,41.77816],[-87.7558,41.77817],[-87.75565,41.77817],[-87.75493,41.77818],[-87.75433,41.7782],[-87.75377,41.77821],[-87.75342,41.77821],[-87.75322,41.77822],[-87.75314,41.77822],[-87.75296,41.77822],[-87.75255,41.77823],[-87.75201,41.77824],[-87.7515,41.77825],[-87.75095,41.77826],[-87.75035,41.77827],[-87.74969,41.77829],[-87.74956,41.77829],[-87.74883,41.7783],[-87.74836,41.77831],[-87.7479,41.77832],[-87.74682,41.77834],[-87.74551,41.77837],[-87.74504,41.77838],[-87.74435,41.77839],[-87.74306,41.77842],[-87.74229,41.77843],[-87.74231,41.77891],[-87.74234,41.77972],[-87.74235,41.78026],[-87.74236,41.7806],[-87.74237,41.78096],[-87.74241,41.78194],[-87.74242,41.78241],[-87.74219,41.78321],[-87.7414,41.78432],[-87.74002,41.78428],[-87.73951,41.7844],[-87.73892,41.78504],[-87.73862,41.78548],[-87.73789,41.78578],[-87.73762,41.78578],[-87.73746,41.78396],[-87.73725,41.78396],[-87.73698,41.78397],[-87.73653,41.78397],[-87.73582,41.78398],[-87.73269,41.78401],[-87.73268,41.78366],[-87.73267,41.78333],[-87.73263,41.78219],[-87.7326,41.78102],[-87.73259,41.78074],[-87.73256,41.77992],[-87.73255,41.77953],[-87.73253,41.77879],[-87.73253,41.77854],[-87.7313,41.77856],[-87.73073,41.77856],[-87.72928,41.77858],[-87.72868,41.77859],[-87.72764,41.7786],[-87.72666,41.77861],[-87.72598,41.77862],[-87.72564,41.77862],[-87.7252,41.77863],[-87.72398,41.77864],[-87.7234,41.77865],[-87.72276,41.77866],[-87.72066,41.77869],[-87.71885,41.77872],[-87.71785,41.77873],[-87.71786,41.77909],[-87.71787,41.77944],[-87.71788,41.77964],[-87.71647,41.77967],[-87.71609,41.77967],[-87.71542,41.77968],[-87.71544,41.78026],[-87.71545,41.78059],[-87.71546,41.78105],[-87.71547,41.78131],[-87.7155,41.78224],[-87.71551,41.78266],[-87.71552,41.7829],[-87.71553,41.78332],[-87.71553,41.7835],[-87.71555,41.78404],[-87.71557,41.78473],[-87.71558,41.78514],[-87.71559,41.7856],[-87.7156,41.78574],[-87.7156,41.78579],[-87.7156,41.78596],[-87.7156,41.78605],[-87.71562,41.78632],[-87.71562,41.78653],[-87.71563,41.78667],[-87.71563,41.78691],[-87.71563,41.78696],[-87.71564,41.78713],[-87.71566,41.78773],[-87.71566,41.78777],[-87.71566,41.78787],[-87.71567,41.78808],[-87.71567,41.78821],[-87.71567,41.78837],[-87.71568,41.78868],[-87.71569,41.78878],[-87.71569,41.78901],[-87.7157,41.78937],[-87.7157,41.78945],[-87.71571,41.78969],[-87.71572,41.7898],[-87.71573,41.79023],[-87.71573,41.79037],[-87.71574,41.7905],[-87.71574,41.7906],[-87.71586,41.7906],[-87.71613,41.79059],[-87.71631,41.79059],[-87.71663,41.79058],[-87.7171,41.79058],[-87.71758,41.79057],[-87.71773,41.79057],[-87.7179,41.79056],[-87.71805,41.79056],[-87.71818,41.79056],[-87.71819,41.79088],[-87.7182,41.79101],[-87.7182,41.79108],[-87.71821,41.79134],[-87.71821,41.79157],[-87.71822,41.79191],[-87.71822,41.79192],[-87.71823,41.79226],[-87.71823,41.79231],[-87.71823,41.79232],[-87.71824,41.79233],[-87.71824,41.79236],[-87.71824,41.79241],[-87.71825,41.79275],[-87.71825,41.79288],[-87.71826,41.7932],[-87.71826,41.79328],[-87.71826,41.79341],[-87.71828,41.79422],[-87.7183,41.79484],[-87.71832,41.79551],[-87.71832,41.79565],[-87.71833,41.79583],[-87.71834,41.79612],[-87.71834,41.79627],[-87.71835,41.79667],[-87.71842,41.79904],[-87.71843,41.79915],[-87.71843,41.79944],[-87.71843,41.79961],[-87.71845,41.79995],[-87.71847,41.80062],[-87.71891,41.80061],[-87.71933,41.80061],[-87.7197,41.8006],[-87.72018,41.8006],[-87.72076,41.80059],[-87.72131,41.80058],[-87.72209,41.80057],[-87.72216,41.80057],[-87.7225,41.80043],[-87.72269,41.80036],[-87.72306,41.80021],[-87.72364,41.79999],[-87.72397,41.79986],[-87.72475,41.79956],[-87.72508,41.79942],[-87.72546,41.79927],[-87.72648,41.79887],[-87.72679,41.79874],[-87.72713,41.79861],[-87.7279,41.7983],[-87.7282,41.7982],[-87.72841,41.79814],[-87.7285,41.7981],[-87.72871,41.79802],[-87.72898,41.79791],[-87.72929,41.79779],[-87.72953,41.79769],[-87.72968,41.79764],[-87.72991,41.79755],[-87.73038,41.79736],[-87.73075,41.79722],[-87.73092,41.79715],[-87.73137,41.79697],[-87.73172,41.79683],[-87.73181,41.79679],[-87.73305,41.79625],[-87.73311,41.79623],[-87.73315,41.79621],[-87.73335,41.79613],[-87.73346,41.79609],[-87.73378,41.79596],[-87.73444,41.7957],[-87.73475,41.79558],[-87.73452,41.79558],[-87.73425,41.79554],[-87.73437,41.7954],[-87.73547,41.79527],[-87.73579,41.79516],[-87.73597,41.79508],[-87.73625,41.79493],[-87.73632,41.79489],[-87.73645,41.7948],[-87.73659,41.79471],[-87.73674,41.79459],[-87.73681,41.79454],[-87.73704,41.79433],[-87.73717,41.79419],[-87.73722,41.79412],[-87.7373,41.79403],[-87.73739,41.79391],[-87.73743,41.79385],[-87.73749,41.79376],[-87.73753,41.79369],[-87.73755,41.79365],[-87.73758,41.79359],[-87.73765,41.79344],[-87.73774,41.79317],[-87.73774,41.79316],[-87.73774,41.7931],[-87.73774,41.79309],[-87.73774,41.79307],[-87.73785,41.79307],[-87.73798,41.79307],[-87.73804,41.79307],[-87.73832,41.79307],[-87.73837,41.79307],[-87.73849,41.79307],[-87.73921,41.79307],[-87.73982,41.79306],[-87.74032,41.79305],[-87.7407,41.79305],[-87.74146,41.79304],[-87.74198,41.79303],[-87.74266,41.79302],[-87.74397,41.79301],[-87.74446,41.793],[-87.74495,41.793],[-87.74545,41.79299],[-87.74591,41.79298],[-87.74656,41.79297],[-87.74772,41.79296],[-87.74786,41.79296],[-87.74874,41.79294],[-87.74943,41.79293],[-87.75011,41.79292],[-87.7505,41.79292],[-87.75112,41.79291],[-87.7515,41.7929],[-87.75218,41.79289],[-87.75288,41.79288],[-87.75303,41.79288],[-87.75394,41.79287],[-87.75454,41.79286],[-87.75486,41.79285],[-87.7553,41.79285],[-87.75588,41.79283],[-87.75635,41.79283],[-87.75683,41.79282],[-87.75703,41.79282],[-87.75831,41.7928]]]},"properties":{"level":"ms","grades":"5–8","id":"610588","name":"Robert J. Richardson Middle School","url":"https://www.cps.edu/schools/schoolprofiles/610588","x":-87.72542,"y":41.78383}},{"type":"Feature","geometry":{"type":"Polygon","coordinates":[[[-87.71916,41.91543],[-87.72651,41.91534],[-87.72656,41.91717],[-87.72682,41.91716],[-87.72746,41.91716],[-87.72807,41.91715],[-87.729,41.91713],[-87.73022,41.91712],[-87.73145,41.9171],[-87.73352,41.91707],[-87.73755,41.91703],[-87.73795,41.91703],[-87.73845,41.91702],[-87.7416,41.91698],[-87.74149,41.91373],[-87.74148,41.91364],[-87.74148,41.91341],[-87.74147,41.91326],[-87.74147,41.91318],[-87.74146,41.913],[-87.74146,41.91286],[-87.74145,41.91262],[-87.74144,41.91247],[-87.74143,41.91228],[-87.74143,41.91219],[-87.74143,41.91211],[-87.74143,41.91209],[-87.74143,41.91207],[-87.74143,41.91201],[-87.74149,41.90982],[-87.74161,41.90968],[-87.73142,41.90982],[-87.73121,41.90982],[-87.72633,41.90989],[-87.72568,41.9099],[-87.7253,41.9099],[-87.72511,41.9099],[-87.72288,41.90993],[-87.72155,41.90994],[-87.72131,41.90994],[-87.721,41.90994],[-87.7202,41.90995],[-87.71923,41.90996],[-87.7182,41.90997],[-87.71706,41.90999],[-87.7167,41.90999],[-87.71493,41.91001],[-87.71436,41.91002],[-87.71317,41.91004],[-87.71195,41.91005],[-87.71188,41.91005],[-87.7117,41.91065],[-87.71186,41.91553],[-87.71334,41.91551],[-87.71358,41.9155],[-87.7144,41.91549],[-87.7151,41.91549],[-87.71522,41.91549],[-87.71658,41.91547],[-87.71685,41.91546],[-87.71794,41.91545],[-87.71906,41.91543],[-87.71916,41.91543]]]},"properties":{"level":"hs","grades":"9–12","id":"609691","name":"North-Grand High School","url":"https://www.cps.edu/schools/schoolprofiles/609691","x":-87.73524,"y":41.91167}},{"type":"Feature","geometry":{"type":"Polygon","coordinates":[[[-87.70124,41.96872],[-87.70108,41.96851],[-87.69911,41.96673],[-87.69831,41.96589],[-87.69605,41.96368],[-87.69548,41.96293],[-87.69475,41.96127],[-87.6947,41.9611],[-87.6947,41.96094],[-87.69469,41.96077],[-87.69467,41.96056],[-87.69467,41.96024],[-87.69462,41.95985],[-87.69459,41.95964],[-87.6946,41.95944],[-87.69458,41.9592],[-87.69455,41.95904],[-87.69452,41.95889],[-87.69448,41.95877],[-87.69446,41.95862],[-87.69442,41.95828],[-87.6944,41.95807],[-87.69439,41.95801],[-87.69435,41.95789],[-87.69435,41.95782],[-87.69434,41.95776],[-87.69434,41.95768],[-87.69435,41.95765],[-87.69435,41.95763],[-87.69435,41.95762],[-87.69435,41.95756],[-87.69438,41.95706],[-87.69427,41.957],[-87.69427,41.95685],[-87.69437,41.95681],[-87.69437,41.95654],[-87.69439,41.95588],[-87.69441,41.95579],[-87.69441,41.95573],[-87.69442,41.95564],[-87.69443,41.95552],[-87.69447,41.95537],[-87.69446,41.95527],[-87.69447,41.95505],[-87.69444,41.95496],[-87.69444,41.95477],[-87.69444,41.95466],[-87.69446,41.95458],[-87.69449,41.95439],[-87.6945,41.95429],[-87.69454,41.95399],[-87.69091,41.954],[-87.6875,41.95403],[-87.68628,41.95405],[-87.68483,41.95407],[-87.67997,41.95414],[-87.67875,41.95416],[-87.67876,41.95422],[-87.67877,41.95457],[-87.67877,41.9546],[-87.67878,41.95491],[-87.67882,41.95617],[-87.67886,41.95762],[-87.67887,41.95781],[-87.67887,41.95816],[-87.6789,41.95909],[-87.67891,41.95941],[-87.67892,41.95963],[-87.67893,41.96006],[-87.67895,41.96081],[-87.67895,41.96092],[-87.67895,41.96122],[-87.67861,41.96146],[-87.6783,41.96147],[-87.67795,41.96147],[-87.67618,41.96149],[-87.67585,41.9615],[-87.67465,41.96152],[-87.67452,41.96152],[-87.66926,41.96159],[-87.66939,41.96688],[-87.6694,41.96705],[-87.6694,41.96726],[-87.66944,41.96874],[-87.66957,41.9736],[-87.66961,41.97617],[-87.66962,41.97631],[-87.66965,41.97754],[-87.66966,41.978],[-87.66969,41.97891],[-87.66971,41.97972],[-87.66974,41.98074],[-87.67035,41.98073],[-87.67109,41.98072],[-87.67186,41.9807],[-87.67219,41.9807],[-87.67222,41.98161],[-87.67456,41.98157],[-87.67461,41.98336],[-87.67472,41.98333],[-87.67493,41.98332],[-87.67609,41.9833],[-87.67725,41.98328],[-87.67772,41.98327],[-87.67837,41.98326],[-87.67884,41.98326],[-87.67896,41.98326],[-87.6792,41.98327],[-87.67944,41.98323],[-87.67946,41.98322],[-87.67951,41.98316],[-87.67952,41.98298],[-87.6795,41.98247],[-87.6795,41.98222],[-87.6795,41.98219],[-87.6795,41.9821],[-87.67972,41.98194],[-87.68032,41.98164],[-87.68058,41.9815],[-87.68084,41.98137],[-87.68116,41.98121],[-87.68131,41.98113],[-87.68177,41.98089],[-87.68185,41.98085],[-87.68246,41.98053],[-87.68293,41.98028],[-87.68334,41.98006],[-87.68369,41.97988],[-87.68394,41.97975],[-87.68422,41.9796],[-87.68929,41.97952],[-87.68923,41.97794],[-87.68922,41.97771],[-87.68997,41.9777],[-87.6907,41.97769],[-87.69132,41.97769],[-87.69155,41.97768],[-87.69254,41.97768],[-87.6926,41.9784],[-87.69323,41.97859],[-87.69391,41.97859],[-87.69494,41.97859],[-87.69771,41.97857],[-87.69862,41.97856],[-87.69901,41.97856],[-87.69916,41.98312],[-87.7069,41.98308],[-87.70674,41.98251],[-87.7067,41.98232],[-87.70668,41.98218],[-87.70666,41.98213],[-87.70662,41.98205],[-87.7066,41.98201],[-87.70657,41.98191],[-87.70655,41.98187],[-87.70651,41.98179],[-87.7065,41.98175],[-87.70649,41.98165],[-87.70643,41.98144],[-87.70642,41.9814],[-87.70639,41.9813],[-87.70638,41.98127],[-87.70636,41.98119],[-87.70632,41.98112],[-87.70625,41.98095],[-87.70624,41.98088],[-87.70623,41.98085],[-87.70621,41.98075],[-87.7062,41.98071],[-87.70617,41.98065],[-87.70613,41.98055],[-87.7061,41.98048],[-87.70607,41.98041],[-87.70606,41.98035],[-87.70603,41.98029],[-87.70601,41.98019],[-87.706,41.98017],[-87.70599,41.98012],[-87.70599,41.98011],[-87.70597,41.98001],[-87.70596,41.97992],[-87.70591,41.97983],[-87.7059,41.97977],[-87.70585,41.9796],[-87.70581,41.97951],[-87.70577,41.97938],[-87.70576,41.97933],[-87.70571,41.97921],[-87.70568,41.97911],[-87.70551,41.97865],[-87.70548,41.97858],[-87.70546,41.97849],[-87.70542,41.9784],[-87.70541,41.97833],[-87.70536,41.97818],[-87.70534,41.97805],[-87.70533,41.97801],[-87.70531,41.97793],[-87.70528,41.97782],[-87.70524,41.97769],[-87.70523,41.97762],[-87.70522,41.97759],[-87.70519,41.97744],[-87.70514,41.97733],[-87.70512,41.97723],[-87.70509,41.97715],[-87.70506,41.97706],[-87.70502,41.97693],[-87.70494,41.97666],[-87.70493,41.97657],[-87.70492,41.97653],[-87.70487,41.97645],[-87.70481,41.97617],[-87.70483,41.97611],[-87.70482,41.9761],[-87.70479,41.97605],[-87.70476,41.97596],[-87.70475,41.97591],[-87.70473,41.97577],[-87.70404,41.97355],[-87.704,41.97345],[-87.70393,41.97328],[-87.70389,41.97321],[-87.70383,41.97307],[-87.70381,41.97298],[-87.70379,41.97286],[-87.70374,41.97259],[-87.70369,41.97243],[-87.70363,41.97219],[-87.70357,41.97195],[-87.70344,41.97169],[-87.70322,41.97124],[-87.70301,41.97089],[-87.70287,41.97068],[-87.70278,41.97053],[-87.70263,41.97032],[-87.70235,41.96999],[-87.70215,41.96977],[-87.70202,41.96962],[-87.70194,41.96959],[-87.70179,41.96946],[-87.70154,41.9692],[-87.70147,41.9691],[-87.70145,41.96902],[-87.70144,41.96894],[-87.70124,41.96872]]]},"properties":{"level":"hs","grades":"9–12","id":"609695","name":"Roald Amundsen High School","url":"https://www.cps.edu/schools/schoolprofiles/609695","x":-87.67948,"y":41.97507}},{"type":"Feature","geometry":{"type":"Polygon","coordinates":[[[-87.69531,41.75906],[-87.70021,41.75898],[-87.70143,41.75897],[-87.70249,41.75905],[-87.70253,41.76066],[-87.70271,41.76076],[-87.70281,41.76439],[-87.70282,41.7647],[-87.70283,41.76516],[-87.70284,41.76541],[-87.70285,41.76616],[-87.70291,41.76921],[-87.70293,41.76994],[-87.70295,41.77064],[-87.70297,41.77162],[-87.70297,41.77167],[-87.70322,41.77167],[-87.70387,41.77166],[-87.70436,41.77165],[-87.70547,41.77164],[-87.70599,41.77163],[-87.70738,41.77161],[-87.70792,41.7716],[-87.7086,41.77158],[-87.70953,41.77157],[-87.71172,41.77153],[-87.71269,41.77152],[-87.71298,41.77152],[-87.71414,41.7715],[-87.71488,41.77149],[-87.71614,41.77147],[-87.71651,41.77147],[-87.71844,41.77144],[-87.71928,41.77143],[-87.72012,41.77141],[-87.72104,41.7714],[-87.72211,41.77138],[-87.72258,41.77137],[-87.72342,41.77136],[-87.72437,41.77135],[-87.72495,41.77135],[-87.72497,41.76952],[-87.73489,41.7694],[-87.74201,41.76928],[-87.74199,41.76862],[-87.74199,41.76854],[-87.74197,41.76766],[-87.74195,41.7668],[-87.74195,41.76638],[-87.74193,41.76562],[-87.74192,41.7652],[-87.7419,41.76424],[-87.7419,41.76423],[-87.7419,41.76413],[-87.74188,41.76361],[-87.74187,41.76297],[-87.74184,41.76227],[-87.74178,41.76128],[-87.74178,41.76046],[-87.74162,41.75706],[-87.74159,41.75637],[-87.74155,41.75527],[-87.74153,41.7547],[-87.74152,41.75435],[-87.74151,41.75396],[-87.7415,41.75373],[-87.7415,41.75284],[-87.7415,41.75265],[-87.74147,41.75228],[-87.74143,41.75124],[-87.74141,41.75056],[-87.74139,41.74952],[-87.74132,41.74872],[-87.7413,41.74805],[-87.74127,41.74674],[-87.74125,41.74597],[-87.74123,41.74544],[-87.74121,41.74489],[-87.7412,41.74439],[-87.74114,41.74299],[-87.74112,41.74239],[-87.7411,41.7419],[-87.74109,41.74164],[-87.74104,41.73998],[-87.74102,41.73937],[-87.741,41.73887],[-87.74099,41.73865],[-87.74097,41.73819],[-87.74097,41.73789],[-87.74094,41.73723],[-87.74093,41.73662],[-87.74093,41.73617],[-87.74094,41.73581],[-87.74099,41.73523],[-87.74103,41.73491],[-87.74107,41.73452],[-87.73988,41.73455],[-87.73964,41.73456],[-87.73959,41.73456],[-87.73953,41.73456],[-87.73895,41.73456],[-87.73894,41.73456],[-87.73871,41.73456],[-87.73864,41.73457],[-87.73861,41.73457],[-87.73857,41.73456],[-87.73848,41.73456],[-87.73846,41.73456],[-87.73841,41.73456],[-87.7384,41.73456],[-87.73775,41.73456],[-87.73757,41.73456],[-87.73721,41.73457],[-87.73655,41.73458],[-87.73529,41.7346],[-87.73478,41.73461],[-87.73356,41.73463],[-87.73295,41.73464],[-87.73235,41.73465],[-87.73234,41.73465],[-87.73139,41.73466],[-87.73113,41.73467],[-87.72996,41.73469],[-87.72992,41.73469],[-87.72871,41.73471],[-87.72771,41.73473],[-87.7277,41.73473],[-87.7275,41.73473],[-87.72628,41.73477],[-87.7259,41.73478],[-87.72507,41.73479],[-87.72432,41.73481],[-87.72359,41.73482],[-87.72252,41.73484],[-87.72234,41.73484],[-87.72144,41.73486],[-87.72058,41.73487],[-87.72039,41.73488],[-87.71862,41.73491],[-87.71861,41.73491],[-87.71712,41.73493],[-87.71711,41.73493],[-87.71686,41.73494],[-87.71657,41.73494],[-87.71562,41.73496],[-87.71531,41.73496],[-87.71508,41.73497],[-87.71414,41.73498],[-87.71265,41.73502],[-87.71196,41.73503],[-87.71195,41.73503],[-87.71189,41.73503],[-87.71171,41.73503],[-87.71154,41.73504],[-87.71003,41.73507],[-87.70916,41.73508],[-87.70889,41.73509],[-87.70887,41.73509],[-87.70769,41.7351],[-87.70737,41.73511],[-87.70698,41.73511],[-87.70691,41.73511],[-87.7061,41.73512],[-87.70463,41.73515],[-87.70368,41.73516],[-87.7028,41.73518],[-87.70215,41.73519],[-87.70185,41.7352],[-87.70184,41.7352],[-87.70144,41.73522],[-87.70104,41.73521],[-87.70093,41.73522],[-87.70059,41.73522],[-87.70054,41.73522],[-87.70021,41.73523],[-87.69953,41.73524],[-87.699,41.73525],[-87.69855,41.73526],[-87.69805,41.73526],[-87.69798,41.73526],[-87.69746,41.73527],[-87.69716,41.73528],[-87.69715,41.73528],[-87.69664,41.73529],[-87.69495,41.73531],[-87.69458,41.73532],[-87.69417,41.73533],[-87.69391,41.73534],[-87.69323,41.73535],[-87.69298,41.73535],[-87.69292,41.73535],[-87.69256,41.73536],[-87.69233,41.73536],[-87.69213,41.73536],[-87.69153,41.73537],[-87.69043,41.73539],[-87.68999,41.7354],[-87.68959,41.73541],[-87.68953,41.73541],[-87.68862,41.73542],[-87.68826,41.73543],[-87.68796,41.73544],[-87.68758,41.73544],[-87.68744,41.73545],[-87.68735,41.73545],[-87.6872,41.73545],[-87.6865,41.73546],[-87.68571,41.73547],[-87.6853,41.73548],[-87.68527,41.73548],[-87.68461,41.73549],[-87.68441,41.73549],[-87.68421,41.7355],[-87.68414,41.7355],[-87.68344,41.73551],[-87.6831,41.73552],[-87.68308,41.73552],[-87.68251,41.73553],[-87.68163,41.73554],[-87.6789,41.73558],[-87.67845,41.73558],[-87.67758,41.73559],[-87.6772,41.7356],[-87.67613,41.73561],[-87.67583,41.73562],[-87.67308,41.73566],[-87.67279,41.73565],[-87.67279,41.73567],[-87.6728,41.73616],[-87.67282,41.7369],[-87.67283,41.73738],[-87.67296,41.74294],[-87.67313,41.75023],[-87.67211,41.75024],[-87.67094,41.75026],[-87.67071,41.75026],[-87.66975,41.75027],[-87.66929,41.75028],[-87.66829,41.75029],[-87.66734,41.75031],[-87.66586,41.75033],[-87.66564,41.75033],[-87.66465,41.75034],[-87.66445,41.75034],[-87.66405,41.75035],[-87.6637,41.75035],[-87.66344,41.75036],[-87.66314,41.75037],[-87.66283,41.75037],[-87.66242,41.75037],[-87.6617,41.75038],[-87.66041,41.7504],[-87.66005,41.7504],[-87.65972,41.75041],[-87.65886,41.75042],[-87.65837,41.75043],[-87.65374,41.7505],[-87.65273,41.75051],[-87.65253,41.75051],[-87.65223,41.75052],[-87.65155,41.75053],[-87.65132,41.75053],[-87.64404,41.75064],[-87.64405,41.75102],[-87.64407,41.75174],[-87.64409,41.75231],[-87.64409,41.75246],[-87.64414,41.75427],[-87.64421,41.75706],[-87.64422,41.7574],[-87.64422,41.75761],[-87.64423,41.75774],[-87.64423,41.75789],[-87.64424,41.75838],[-87.64424,41.75853],[-87.64432,41.76156],[-87.65402,41.76142],[-87.65415,41.76142],[-87.65463,41.76141],[-87.65499,41.7614],[-87.65594,41.76139],[-87.65712,41.76137],[-87.65764,41.76136],[-87.65792,41.76136],[-87.65865,41.76135],[-87.65887,41.76124],[-87.65885,41.76052],[-87.65885,41.76036],[-87.65884,41.75992],[-87.65882,41.75932],[-87.65881,41.75885],[-87.65879,41.75826],[-87.65878,41.75767],[-87.65877,41.75762],[-87.65895,41.75762],[-87.65927,41.75761],[-87.6594,41.75761],[-87.6597,41.75761],[-87.66008,41.7576],[-87.66121,41.75758],[-87.66175,41.75757],[-87.662,41.75757],[-87.66206,41.75756],[-87.66213,41.75766],[-87.66239,41.75766],[-87.66281,41.75765],[-87.663,41.75765],[-87.66339,41.75764],[-87.66339,41.75758],[-87.66349,41.75754],[-87.6636,41.75754],[-87.66363,41.75754],[-87.66371,41.75754],[-87.66387,41.75754],[-87.66454,41.75753],[-87.66607,41.75751],[-87.66731,41.7575],[-87.66793,41.75749],[-87.66836,41.75749],[-87.66877,41.75748],[-87.67007,41.75747],[-87.67059,41.75747],[-87.67173,41.75745],[-87.67259,41.75744],[-87.67293,41.75744],[-87.67323,41.75743],[-87.67331,41.75743],[-87.67342,41.75743],[-87.67352,41.75743],[-87.67399,41.75742],[-87.67474,41.75741],[-87.67506,41.75741],[-87.67563,41.7574],[-87.67659,41.75739],[-87.67701,41.75739],[-87.67726,41.75739],[-87.6777,41.75738],[-87.67843,41.75737],[-87.68012,41.75735],[-87.68029,41.75735],[-87.68058,41.75744],[-87.68083,41.75743],[-87.68165,41.75742],[-87.68213,41.75742],[-87.68251,41.75741],[-87.68305,41.75741],[-87.68305,41.7574],[-87.68316,41.75739],[-87.68394,41.75738],[-87.68417,41.75738],[-87.68524,41.75736],[-87.68606,41.75735],[-87.68672,41.75734],[-87.68701,41.75733],[-87.68742,41.75732],[-87.68801,41.75731],[-87.68802,41.75731],[-87.68799,41.75923],[-87.68859,41.75922],[-87.68904,41.75921],[-87.68988,41.7592],[-87.69066,41.75918],[-87.69084,41.75918],[-87.69124,41.75918],[-87.69151,41.75917],[-87.69177,41.75917],[-87.69227,41.75917],[-87.69252,41.75916],[-87.6928,41.75916],[-87.6941,41.75909],[-87.69531,41.75906]]]},"properties":{"level":"hs","grades":"9–12","id":"609698","name":"William J Bogan High School","url":"https://www.cps.edu/schools/schoolprofiles/609698","x":-87.7211,"y":41.74938}},{"type":"Feature","geometry":{"type":"MultiPolygon","coordinates":[[[[-87.62519,41.74364],[-87.62477,41.74365],[-87.62438,41.74365],[-87.62433,41.74366],[-87.62344,41.74367],[-87.62226,41.74369],[-87.61928,41.74374],[-87.61634,41.74379],[-87.61475,41.74381],[-87.61482,41.74564],[-87.61483,41.74585],[-87.61484,41.74656],[-87.61487,41.7473],[-87.61487,41.74746],[-87.61504,41.75477],[-87.62567,41.75458],[-87.6254,41.75117],[-87.6254,41.75115],[-87.62539,41.75094],[-87.62539,41.75086],[-87.62539,41.7507],[-87.62538,41.75047],[-87.62537,41.75016],[-87.62536,41.74978],[-87.62535,41.74941],[-87.62533,41.74811],[-87.6253,41.74775],[-87.62519,41.74364]]],[[[-87.54243,41.75201],[-87.54306,41.75208],[-87.54431,41.75207],[-87.5444,41.75207],[-87.54458,41.75207],[-87.54517,41.75207],[-87.54572,41.75201],[-87.54604,41.75201],[-87.5463,41.752],[-87.54685,41.75199],[-87.54815,41.75198],[-87.54871,41.75197],[-87.54991,41.75195],[-87.55106,41.75194],[-87.55163,41.75193],[-87.55163,41.75165],[-87.55162,41.75145],[-87.55152,41.75117],[-87.5515,41.75011],[-87.55167,41.75011],[-87.55175,41.75011],[-87.55184,41.75011],[-87.55287,41.75009],[-87.55443,41.75007],[-87.55529,41.75006],[-87.55528,41.74957],[-87.55526,41.74824],[-87.55586,41.74823],[-87.55647,41.74822],[-87.55829,41.7482],[-87.55944,41.74819],[-87.5595,41.74818],[-87.56011,41.74818],[-87.56058,41.74817],[-87.5601,41.74763],[-87.55788,41.74639],[-87.55765,41.74639],[-87.55763,41.74545],[-87.55763,41.74501],[-87.55762,41.74457],[-87.55822,41.74457],[-87.55883,41.74456],[-87.56977,41.74441],[-87.57055,41.7444],[-87.5722,41.74438],[-87.57563,41.74434],[-87.578,41.7443],[-87.57515,41.74228],[-87.56859,41.73744],[-87.56815,41.73716],[-87.56853,41.73716],[-87.56933,41.73715],[-87.57243,41.7371],[-87.57313,41.73709],[-87.5733,41.73709],[-87.57362,41.73709],[-87.57512,41.73706],[-87.58521,41.73692],[-87.59028,41.73685],[-87.59057,41.73685],[-87.5911,41.73684],[-87.59158,41.73683],[-87.59558,41.73678],[-87.58878,41.72595],[-87.58739,41.72374],[-87.58688,41.72292],[-87.5865,41.72232],[-87.58543,41.72061],[-87.58532,41.72049],[-87.58515,41.7203],[-87.58514,41.72029],[-87.58498,41.72011],[-87.58494,41.72007],[-87.58446,41.71953],[-87.5842,41.71924],[-87.58326,41.71818],[-87.58234,41.71715],[-87.5806,41.71521],[-87.57956,41.71405],[-87.57931,41.71377],[-87.57819,41.71252],[-87.57785,41.71214],[-87.57714,41.71134],[-87.57592,41.70998],[-87.57517,41.70913],[-87.57449,41.70837],[-87.57412,41.70796],[-87.57392,41.70774],[-87.57339,41.70716],[-87.57261,41.70631],[-87.5718,41.70542],[-87.57139,41.70497],[-87.57111,41.70466],[-87.57097,41.70451],[-87.57095,41.70449],[-87.56553,41.70457],[-87.56446,41.70458],[-87.56407,41.70458],[-87.56325,41.70458],[-87.56328,41.7064],[-87.56288,41.70639],[-87.56207,41.7064],[-87.56147,41.7064],[-87.56086,41.7064],[-87.56021,41.70641],[-87.55879,41.70639],[-87.5584,41.70639],[-87.55767,41.7064],[-87.55644,41.7064],[-87.55575,41.7064],[-87.55499,41.70639],[-87.54585,41.7064],[-87.54579,41.70747],[-87.54527,41.70814],[-87.54459,41.70868],[-87.5439,41.70919],[-87.54328,41.70985],[-87.54317,41.7101],[-87.54306,41.71026],[-87.54277,41.71072],[-87.54267,41.71095],[-87.54261,41.7114],[-87.5426,41.71288],[-87.54244,41.71382],[-87.54229,41.71426],[-87.54218,41.71528],[-87.54218,41.71553],[-87.54219,41.71574],[-87.54232,41.71586],[-87.54242,41.71644],[-87.54303,41.71715],[-87.54313,41.7178],[-87.54316,41.71802],[-87.54302,41.71933],[-87.54289,41.72013],[-87.54269,41.72082],[-87.54302,41.72199],[-87.54318,41.72313],[-87.543,41.72403],[-87.54246,41.72588],[-87.54225,41.72658],[-87.5419,41.72714],[-87.54042,41.72828],[-87.53941,41.72879],[-87.53726,41.72962],[-87.53636,41.73002],[-87.53474,41.73071],[-87.53206,41.73185],[-87.53135,41.73215],[-87.52994,41.73273],[-87.52925,41.73301],[-87.52925,41.73302],[-87.52899,41.7337],[-87.529,41.73371],[-87.52897,41.73373],[-87.52898,41.7338],[-87.52901,41.73379],[-87.52902,41.73381],[-87.52902,41.73389],[-87.52902,41.73391],[-87.52903,41.73398],[-87.52904,41.73404],[-87.52905,41.73411],[-87.52908,41.73425],[-87.52907,41.73427],[-87.52906,41.7343],[-87.52906,41.73432],[-87.52907,41.73439],[-87.5291,41.73449],[-87.52911,41.73466],[-87.52912,41.73474],[-87.52912,41.73478],[-87.52912,41.73482],[-87.52913,41.73485],[-87.52914,41.73488],[-87.52913,41.73495],[-87.52913,41.73504],[-87.52922,41.73554],[-87.52922,41.73557],[-87.52923,41.73559],[-87.52923,41.73563],[-87.52923,41.73566],[-87.52924,41.73577],[-87.52927,41.73587],[-87.52928,41.7359],[-87.52928,41.73594],[-87.52926,41.73597],[-87.52924,41.73601],[-87.52925,41.73602],[-87.52928,41.73605],[-87.5293,41.73616],[-87.52932,41.73632],[-87.52934,41.73659],[-87.52936,41.7367],[-87.5294,41.737],[-87.52943,41.73716],[-87.52943,41.73726],[-87.52944,41.73735],[-87.52944,41.73736],[-87.52943,41.73755],[-87.52945,41.7376],[-87.52946,41.73762],[-87.52947,41.73763],[-87.52949,41.73778],[-87.52949,41.73783],[-87.52951,41.7379],[-87.52951,41.73793],[-87.52951,41.73796],[-87.52954,41.73805],[-87.52955,41.73817],[-87.52956,41.73821],[-87.52956,41.73832],[-87.52965,41.7389],[-87.52966,41.73895],[-87.52968,41.73916],[-87.52971,41.73933],[-87.52971,41.73936],[-87.52972,41.73939],[-87.52973,41.73945],[-87.52972,41.73948],[-87.52973,41.73952],[-87.52973,41.73954],[-87.52975,41.73965],[-87.52975,41.73966],[-87.52977,41.7398],[-87.52978,41.7398],[-87.5298,41.73981],[-87.52978,41.73985],[-87.52978,41.73988],[-87.52978,41.73991],[-87.52979,41.73994],[-87.52978,41.73996],[-87.52983,41.74035],[-87.52982,41.74035],[-87.52986,41.74061],[-87.53363,41.74057],[-87.53668,41.74053],[-87.5389,41.7405],[-87.53983,41.7405],[-87.53985,41.74074],[-87.53986,41.74101],[-87.53685,41.74105],[-87.53363,41.74108],[-87.53331,41.74108],[-87.53133,41.7411],[-87.53067,41.74112],[-87.53053,41.74116],[-87.53019,41.74126],[-87.53017,41.74124],[-87.53013,41.74123],[-87.53011,41.74124],[-87.52989,41.74133],[-87.52446,41.74139],[-87.52446,41.74147],[-87.52941,41.74142],[-87.5295,41.74148],[-87.52987,41.74165],[-87.52995,41.74176],[-87.52996,41.7419],[-87.52997,41.742],[-87.52999,41.74203],[-87.53,41.74222],[-87.53006,41.74233],[-87.53008,41.74238],[-87.53011,41.74263],[-87.53043,41.74492],[-87.53061,41.74622],[-87.53065,41.74645],[-87.53066,41.74658],[-87.53068,41.74666],[-87.5307,41.74672],[-87.53076,41.74718],[-87.53076,41.7472],[-87.53087,41.74792],[-87.53113,41.7482],[-87.53285,41.74893],[-87.53319,41.74908],[-87.53354,41.74922],[-87.5343,41.74947],[-87.53461,41.74959],[-87.53511,41.74979],[-87.53592,41.75015],[-87.53689,41.75054],[-87.53724,41.75068],[-87.53816,41.75104],[-87.53887,41.75135],[-87.53955,41.75158],[-87.53959,41.75159],[-87.53997,41.75173],[-87.54003,41.75175],[-87.54019,41.75181],[-87.54031,41.75185],[-87.54054,41.75191],[-87.54068,41.75193],[-87.54115,41.75198],[-87.54143,41.75198],[-87.54167,41.75198],[-87.54226,41.75198],[-87.54243,41.75201]]]]},"properties":{"level":"hs","grades":"9–12","id":"610323","name":"Bowen High School","url":"https://www.cps.edu/schools/schoolprofiles/610323","x":-87.55755,"y":41.73463}},{"type":"Feature","geometry":{"type":"Polygon","coordinates":[[[-87.76565,41.90214],[-87.76589,41.90886],[-87.76572,41.90938],[-87.76748,41.90935],[-87.77089,41.90931],[-87.77173,41.9093],[-87.77318,41.90928],[-87.77475,41.90926],[-87.77515,41.90926],[-87.7756,41.90925],[-87.77559,41.90886],[-87.77554,41.90744],[-87.77548,41.90563],[-87.77544,41.90443],[-87.77542,41.90381],[-87.7754,41.90328],[-87.77537,41.90235],[-87.77537,41.90224],[-87.77536,41.902],[-87.77536,41.90183],[-87.77532,41.90076],[-87.7753,41.90017],[-87.7753,41.90003],[-87.77526,41.89889],[-87.77525,41.89816],[-87.77522,41.89722],[-87.77521,41.89699],[-87.77519,41.89653],[-87.77518,41.89608],[-87.77516,41.89562],[-87.77516,41.89559],[-87.77516,41.89549],[-87.77514,41.89494],[-87.7751,41.8938],[-87.77509,41.8935],[-87.77507,41.89281],[-87.77504,41.89188],[-87.77502,41.8913],[-87.77501,41.891],[-87.77498,41.89006],[-87.77497,41.89002],[-87.77495,41.88937],[-87.77491,41.88802],[-87.77489,41.88745],[-87.77489,41.88739],[-87.77489,41.88722],[-87.77488,41.8871],[-87.77486,41.88633],[-87.77483,41.88557],[-87.77478,41.88378],[-87.77475,41.88312],[-87.77474,41.88265],[-87.77472,41.8821],[-87.77472,41.88198],[-87.77472,41.88197],[-87.77471,41.88163],[-87.77467,41.88058],[-87.77466,41.88034],[-87.77464,41.8796],[-87.77463,41.87941],[-87.77461,41.87886],[-87.77459,41.87833],[-87.77457,41.87782],[-87.77456,41.87741],[-87.77454,41.87697],[-87.77453,41.8766],[-87.77451,41.87606],[-87.7745,41.87579],[-87.7745,41.87559],[-87.77447,41.87469],[-87.77446,41.87449],[-87.77444,41.87378],[-87.77443,41.87356],[-87.7744,41.87257],[-87.7744,41.87256],[-87.77439,41.87231],[-87.77437,41.87213],[-87.77435,41.87163],[-87.77435,41.87141],[-87.77432,41.87109],[-87.77431,41.87099],[-87.77428,41.87073],[-87.77428,41.87057],[-87.77427,41.86943],[-87.77426,41.86911],[-87.77424,41.86859],[-87.77423,41.86821],[-87.77423,41.86819],[-87.7742,41.86749],[-87.77417,41.86673],[-87.77415,41.86602],[-87.77415,41.86592],[-87.77414,41.86546],[-87.77396,41.86546],[-87.77367,41.86547],[-87.77314,41.86548],[-87.77275,41.86548],[-87.7726,41.86548],[-87.77187,41.86549],[-87.77146,41.8655],[-87.77071,41.86551],[-87.76899,41.86553],[-87.76799,41.86555],[-87.76676,41.86556],[-87.76658,41.86557],[-87.76566,41.86558],[-87.76553,41.86558],[-87.76457,41.86559],[-87.76447,41.8656],[-87.76431,41.8656],[-87.76258,41.86563],[-87.76166,41.86564],[-87.76162,41.86564],[-87.76037,41.86566],[-87.75975,41.86567],[-87.75898,41.86568],[-87.75744,41.86571],[-87.75502,41.86574],[-87.75453,41.86575],[-87.75496,41.87757],[-87.75498,41.87798],[-87.75498,41.87811],[-87.755,41.87847],[-87.755,41.87861],[-87.75501,41.87894],[-87.75503,41.87952],[-87.75505,41.87983],[-87.75508,41.88078],[-87.75509,41.8812],[-87.75509,41.88121],[-87.75511,41.88167],[-87.75513,41.88216],[-87.75516,41.88312],[-87.75532,41.8872],[-87.75653,41.88726],[-87.75679,41.88728],[-87.75921,41.88732],[-87.76019,41.8873],[-87.76125,41.88729],[-87.76179,41.88728],[-87.76328,41.88725],[-87.76328,41.88757],[-87.76328,41.88762],[-87.7633,41.88802],[-87.76331,41.88822],[-87.76332,41.88857],[-87.76333,41.88888],[-87.76334,41.88912],[-87.76335,41.88949],[-87.76337,41.88978],[-87.76338,41.89009],[-87.76341,41.89096],[-87.76343,41.89152],[-87.76345,41.89187],[-87.76346,41.89226],[-87.76347,41.89243],[-87.76348,41.89277],[-87.76349,41.89294],[-87.76351,41.89336],[-87.76351,41.89351],[-87.76353,41.89394],[-87.76356,41.89465],[-87.76309,41.89487],[-87.76284,41.89487],[-87.7626,41.89488],[-87.76186,41.89488],[-87.76156,41.89488],[-87.76127,41.89489],[-87.76064,41.89489],[-87.76066,41.89542],[-87.76067,41.8958],[-87.76068,41.89598],[-87.7607,41.89657],[-87.7607,41.89671],[-87.76071,41.89698],[-87.76072,41.89717],[-87.76074,41.89776],[-87.76077,41.89854],[-87.7619,41.89853],[-87.76331,41.89852],[-87.76369,41.89851],[-87.76371,41.89897],[-87.76373,41.89943],[-87.76374,41.89988],[-87.76376,41.90034],[-87.76378,41.90087],[-87.7638,41.90153],[-87.76381,41.9017],[-87.76383,41.90216],[-87.76443,41.90216],[-87.76505,41.90215],[-87.76565,41.90214]]]},"properties":{"level":"hs","grades":"9–12","id":"610518","name":"Austin College and Career Academy High School","url":"https://www.cps.edu/schools/schoolprofiles/610518","x":-87.76192,"y":41.88599}},{"type":"Feature","geometry":{"type":"Polygon","coordinates":[[[-87.61567,41.67006],[-87.6155,41.67082],[-87.62244,41.67073],[-87.62249,41.67238],[-87.6225,41.67273],[-87.62252,41.67324],[-87.62254,41.67416],[-87.62255,41.6743],[-87.62255,41.67439],[-87.62256,41.67462],[-87.62257,41.67518],[-87.6226,41.67605],[-87.62264,41.67764],[-87.62288,41.68483],[-87.6231,41.69258],[-87.62336,41.69258],[-87.62396,41.69257],[-87.62479,41.69256],[-87.62516,41.69256],[-87.62583,41.69255],[-87.62745,41.69253],[-87.6285,41.69252],[-87.62931,41.69251],[-87.63002,41.6925],[-87.6322,41.69248],[-87.63271,41.69247],[-87.63285,41.69247],[-87.63319,41.69247],[-87.63465,41.69245],[-87.63514,41.69244],[-87.63579,41.69244],[-87.63634,41.69243],[-87.63691,41.69242],[-87.63734,41.69242],[-87.6377,41.69241],[-87.63837,41.69241],[-87.63865,41.6924],[-87.63902,41.6924],[-87.63969,41.69239],[-87.64023,41.69238],[-87.64057,41.69238],[-87.6416,41.69236],[-87.64173,41.69236],[-87.64203,41.69236],[-87.64238,41.69236],[-87.64302,41.69235],[-87.6436,41.69234],[-87.64384,41.69234],[-87.64419,41.69233],[-87.6446,41.69233],[-87.64573,41.69232],[-87.64687,41.6923],[-87.64724,41.6923],[-87.64794,41.69229],[-87.64838,41.69228],[-87.64915,41.69227],[-87.64917,41.69227],[-87.64775,41.68946],[-87.64551,41.68504],[-87.64967,41.68498],[-87.65043,41.68497],[-87.65066,41.68497],[-87.65096,41.68496],[-87.65117,41.68496],[-87.65204,41.68495],[-87.65251,41.68494],[-87.65309,41.68493],[-87.65346,41.68493],[-87.65369,41.68493],[-87.65449,41.68492],[-87.65485,41.68491],[-87.65552,41.6849],[-87.65627,41.68489],[-87.65674,41.68489],[-87.65711,41.68488],[-87.65745,41.68488],[-87.65815,41.68487],[-87.65857,41.68486],[-87.65917,41.68485],[-87.65965,41.68485],[-87.66021,41.68484],[-87.66065,41.68483],[-87.66125,41.68483],[-87.6616,41.68482],[-87.66158,41.68459],[-87.66158,41.68429],[-87.66155,41.68388],[-87.66152,41.68289],[-87.66137,41.67754],[-87.66134,41.67592],[-87.66132,41.67533],[-87.66131,41.67508],[-87.66129,41.67437],[-87.66127,41.67389],[-87.66126,41.67348],[-87.66123,41.6728],[-87.66123,41.67255],[-87.66121,41.67207],[-87.66119,41.67145],[-87.66117,41.671],[-87.66116,41.67053],[-87.66115,41.67034],[-87.65995,41.67032],[-87.65936,41.67032],[-87.65879,41.67033],[-87.6585,41.67029],[-87.65829,41.67029],[-87.65807,41.67029],[-87.65725,41.6703],[-87.65712,41.67031],[-87.65656,41.67031],[-87.65566,41.67033],[-87.65524,41.67033],[-87.65485,41.67034],[-87.65461,41.67034],[-87.6546,41.67034],[-87.65407,41.67035],[-87.65356,41.67036],[-87.65274,41.67037],[-87.65263,41.67037],[-87.65242,41.67038],[-87.65203,41.67038],[-87.65177,41.67039],[-87.65152,41.67039],[-87.65132,41.67039],[-87.6508,41.6704],[-87.65042,41.67041],[-87.65,41.67041],[-87.64959,41.67042],[-87.64929,41.67042],[-87.64897,41.67043],[-87.64859,41.67044],[-87.64834,41.67044],[-87.64715,41.67046],[-87.64671,41.67046],[-87.64653,41.67047],[-87.64593,41.67048],[-87.64469,41.67049],[-87.6441,41.6705],[-87.64354,41.67051],[-87.64321,41.67052],[-87.64288,41.67052],[-87.64272,41.67052],[-87.64227,41.67053],[-87.64167,41.67054],[-87.64162,41.66926],[-87.6416,41.66871],[-87.64159,41.66844],[-87.64154,41.66689],[-87.64151,41.66581],[-87.64145,41.66416],[-87.64146,41.66324],[-87.64182,41.66324],[-87.64194,41.66324],[-87.64215,41.66324],[-87.64216,41.66324],[-87.64265,41.66323],[-87.64283,41.66322],[-87.64386,41.66321],[-87.64426,41.6632],[-87.64443,41.6632],[-87.6446,41.6632],[-87.64473,41.6632],[-87.64565,41.66318],[-87.64587,41.66318],[-87.64718,41.66316],[-87.64721,41.66301],[-87.64714,41.66115],[-87.64712,41.66082],[-87.64711,41.66061],[-87.64711,41.66054],[-87.6471,41.6602],[-87.64709,41.66006],[-87.64708,41.65993],[-87.64708,41.65978],[-87.64708,41.65975],[-87.64707,41.65963],[-87.64705,41.65905],[-87.64704,41.65889],[-87.64702,41.65836],[-87.64701,41.65818],[-87.64699,41.65773],[-87.64699,41.65766],[-87.64673,41.65778],[-87.64635,41.65781],[-87.6462,41.65779],[-87.64555,41.65786],[-87.64537,41.65784],[-87.64503,41.6578],[-87.64444,41.65776],[-87.64422,41.65778],[-87.64401,41.65779],[-87.64361,41.65784],[-87.64359,41.65784],[-87.64357,41.65777],[-87.64342,41.65778],[-87.64338,41.65782],[-87.6433,41.65782],[-87.64309,41.65784],[-87.64283,41.65783],[-87.64254,41.65783],[-87.64234,41.65783],[-87.64222,41.65784],[-87.64193,41.65784],[-87.64191,41.65787],[-87.64184,41.65788],[-87.64157,41.65788],[-87.64135,41.65782],[-87.64109,41.6578],[-87.64076,41.65784],[-87.64053,41.65784],[-87.64037,41.65786],[-87.64025,41.65784],[-87.64008,41.6578],[-87.63972,41.65784],[-87.63941,41.65781],[-87.63929,41.6578],[-87.63925,41.65785],[-87.63908,41.65784],[-87.63878,41.65783],[-87.63867,41.65777],[-87.63858,41.65772],[-87.63835,41.65771],[-87.63802,41.65769],[-87.63793,41.65769],[-87.63779,41.65773],[-87.63749,41.65764],[-87.63744,41.65765],[-87.63727,41.65766],[-87.63674,41.65757],[-87.63656,41.65754],[-87.63645,41.65751],[-87.6363,41.65748],[-87.63613,41.65749],[-87.63572,41.65748],[-87.63542,41.65748],[-87.63527,41.65748],[-87.63511,41.6575],[-87.63493,41.65752],[-87.6349,41.65754],[-87.63484,41.65751],[-87.63471,41.65754],[-87.63438,41.65757],[-87.63423,41.65756],[-87.63411,41.6576],[-87.6339,41.65761],[-87.63376,41.65758],[-87.63358,41.6576],[-87.63332,41.65763],[-87.63301,41.65764],[-87.63263,41.65773],[-87.63237,41.65777],[-87.632,41.6579],[-87.63192,41.65795],[-87.63187,41.65795],[-87.63166,41.65795],[-87.63157,41.65791],[-87.63151,41.65792],[-87.63138,41.65799],[-87.63132,41.65802],[-87.63121,41.65807],[-87.63119,41.65808],[-87.63116,41.6581],[-87.63112,41.65817],[-87.63102,41.65825],[-87.63096,41.6583],[-87.63023,41.6587],[-87.62994,41.65899],[-87.62976,41.65911],[-87.62928,41.65927],[-87.62926,41.65928],[-87.62919,41.6593],[-87.62913,41.65936],[-87.62836,41.66006],[-87.62824,41.66015],[-87.62776,41.66054],[-87.62742,41.66072],[-87.62696,41.66103],[-87.62638,41.66144],[-87.6261,41.66165],[-87.62585,41.66185],[-87.62558,41.66207],[-87.62542,41.66217],[-87.62527,41.66225],[-87.62454,41.66264],[-87.62414,41.66282],[-87.62391,41.66292],[-87.62352,41.66312],[-87.62342,41.66317],[-87.62266,41.66319],[-87.6221,41.6632],[-87.62131,41.6632],[-87.62093,41.66322],[-87.62059,41.66321],[-87.62027,41.66309],[-87.61978,41.66287],[-87.61927,41.66264],[-87.6191,41.66246],[-87.61908,41.66228],[-87.61904,41.66221],[-87.61899,41.66206],[-87.61894,41.66189],[-87.61887,41.66159],[-87.61881,41.66136],[-87.61871,41.66104],[-87.61867,41.66092],[-87.61854,41.66059],[-87.61856,41.66016],[-87.61868,41.65976],[-87.61878,41.6594],[-87.61878,41.6593],[-87.61886,41.65908],[-87.61893,41.65881],[-87.61911,41.65858],[-87.61913,41.65855],[-87.61911,41.65837],[-87.61918,41.65812],[-87.6192,41.65808],[-87.61943,41.6577],[-87.61943,41.65769],[-87.61955,41.65748],[-87.61965,41.65729],[-87.6197,41.65723],[-87.61988,41.65703],[-87.61997,41.65695],[-87.62054,41.65642],[-87.62066,41.65632],[-87.62098,41.65595],[-87.62111,41.65581],[-87.62164,41.65544],[-87.62172,41.65537],[-87.62178,41.65516],[-87.62185,41.65493],[-87.62189,41.65472],[-87.62192,41.65452],[-87.62206,41.65396],[-87.62209,41.65383],[-87.62209,41.65367],[-87.62196,41.65307],[-87.62178,41.65239],[-87.62174,41.65236],[-87.62168,41.65235],[-87.62163,41.65233],[-87.62132,41.65209],[-87.62127,41.65204],[-87.62102,41.65193],[-87.62089,41.65185],[-87.62065,41.65178],[-87.61995,41.65158],[-87.61961,41.65148],[-87.61866,41.65117],[-87.61828,41.65106],[-87.61793,41.65094],[-87.61771,41.65085],[-87.6176,41.65095],[-87.61757,41.65075],[-87.61734,41.65065],[-87.61723,41.65064],[-87.61723,41.65028],[-87.61723,41.64987],[-87.61723,41.64936],[-87.61722,41.64859],[-87.61723,41.64792],[-87.61723,41.64703],[-87.61723,41.64696],[-87.61722,41.64507],[-87.61704,41.64458],[-87.61554,41.64459],[-87.61473,41.64459],[-87.61383,41.64461],[-87.61359,41.64461],[-87.61329,41.64461],[-87.61234,41.6446],[-87.6121,41.6446],[-87.61072,41.6446],[-87.61041,41.6446],[-87.60934,41.64461],[-87.60806,41.64461],[-87.60735,41.64461],[-87.60578,41.64461],[-87.60493,41.64461],[-87.60363,41.64461],[-87.60199,41.64461],[-87.60001,41.64461],[-87.59981,41.64461],[-87.59885,41.64461],[-87.59824,41.64461],[-87.59781,41.64461],[-87.59778,41.6446],[-87.59759,41.6446],[-87.59618,41.64459],[-87.59536,41.6446],[-87.59475,41.6446],[-87.59391,41.64461],[-87.59356,41.64462],[-87.59284,41.64464],[-87.59227,41.64464],[-87.59177,41.64464],[-87.59043,41.64464],[-87.59023,41.64465],[-87.58945,41.64465],[-87.58841,41.64467],[-87.58567,41.6447],[-87.58411,41.6447],[-87.57985,41.6447],[-87.57858,41.6447],[-87.57515,41.64468],[-87.57487,41.64468],[-87.57079,41.64468],[-87.5701,41.64468],[-87.56958,41.64468],[-87.56913,41.64468],[-87.56868,41.64467],[-87.56837,41.64467],[-87.56792,41.64467],[-87.56768,41.64467],[-87.56722,41.64467],[-87.56657,41.64467],[-87.56643,41.64467],[-87.56601,41.64467],[-87.56549,41.64467],[-87.56502,41.64467],[-87.5648,41.64467],[-87.56419,41.64467],[-87.56404,41.64467],[-87.56375,41.64467],[-87.56355,41.64467],[-87.56339,41.64467],[-87.56319,41.64467],[-87.56301,41.64466],[-87.5629,41.64466],[-87.56272,41.64466],[-87.56243,41.64466],[-87.56174,41.64465],[-87.56141,41.64465],[-87.56144,41.64496],[-87.56149,41.64556],[-87.56153,41.6461],[-87.56223,41.64736],[-87.56426,41.64952],[-87.56456,41.64983],[-87.56505,41.65035],[-87.56553,41.6508],[-87.56609,41.65133],[-87.56686,41.6521],[-87.56701,41.65226],[-87.56842,41.65377],[-87.56869,41.65405],[-87.56895,41.65431],[-87.56913,41.65448],[-87.56956,41.65488],[-87.5698,41.6551],[-87.5703,41.65557],[-87.57049,41.65571],[-87.57098,41.65604],[-87.57173,41.65655],[-87.57206,41.6569],[-87.57234,41.65735],[-87.57236,41.65743],[-87.57244,41.65767],[-87.57246,41.65804],[-87.57247,41.65827],[-87.57253,41.65852],[-87.57254,41.6586],[-87.57256,41.65883],[-87.57257,41.65894],[-87.5731,41.6592],[-87.57635,41.6592],[-87.57677,41.65919],[-87.57745,41.65919],[-87.57858,41.65919],[-87.57979,41.65919],[-87.58049,41.6592],[-87.58159,41.65922],[-87.58243,41.65931],[-87.58334,41.65949],[-87.58537,41.66012],[-87.58663,41.66034],[-87.58852,41.66039],[-87.589,41.66039],[-87.58917,41.66039],[-87.58998,41.66039],[-87.5901,41.66039],[-87.59113,41.66038],[-87.59141,41.66036],[-87.59212,41.66029],[-87.59306,41.66019],[-87.59382,41.66007],[-87.59445,41.65995],[-87.59487,41.6599],[-87.59531,41.65983],[-87.5961,41.65969],[-87.59771,41.65945],[-87.59854,41.65934],[-87.59963,41.65926],[-87.60043,41.65921],[-87.60213,41.65916],[-87.60341,41.65915],[-87.60546,41.65914],[-87.60621,41.65915],[-87.60754,41.65914],[-87.60759,41.65914],[-87.60808,41.65914],[-87.60839,41.65914],[-87.61004,41.65913],[-87.61073,41.65913],[-87.61259,41.65913],[-87.61646,41.65911],[-87.6173,41.6591],[-87.61815,41.65911],[-87.61794,41.66003],[-87.61772,41.661],[-87.61713,41.66361],[-87.61687,41.66474],[-87.61675,41.66529],[-87.61652,41.66629],[-87.61632,41.6672],[-87.61606,41.66832],[-87.61596,41.66879],[-87.61573,41.66979],[-87.61567,41.67006]]]},"properties":{"level":"hs","grades":"9–12","id":"609705","name":"Christian Fenger Academy High School","url":"https://www.cps.edu/schools/schoolprofiles/609705","x":-87.63757,"y":41.68995}},{"type":"Feature","geometry":{"type":"Polygon","coordinates":[[[-87.76178,41.94426],[-87.76182,41.94548],[-87.76184,41.94594],[-87.76272,41.94593],[-87.76407,41.94591],[-87.76491,41.9459],[-87.76592,41.94589],[-87.7664,41.94588],[-87.76676,41.94588],[-87.76656,41.9404],[-87.76637,41.93493],[-87.76617,41.92901],[-87.76614,41.92851],[-87.76612,41.92775],[-87.76608,41.92658],[-87.76607,41.92634],[-87.76607,41.92612],[-87.76605,41.9258],[-87.76604,41.92531],[-87.76601,41.92462],[-87.76596,41.92327],[-87.76591,41.92188],[-87.7659,41.92151],[-87.76587,41.9209],[-87.76586,41.92041],[-87.76583,41.91965],[-87.76577,41.91818],[-87.76573,41.91662],[-87.76573,41.91659],[-87.76572,41.91587],[-87.76567,41.91436],[-87.76564,41.91285],[-87.76555,41.91071],[-87.76553,41.91016],[-87.76572,41.90938],[-87.75933,41.90946],[-87.7436,41.90965],[-87.74198,41.90967],[-87.74161,41.90968],[-87.74149,41.90982],[-87.74143,41.91201],[-87.74143,41.91207],[-87.74143,41.91209],[-87.74143,41.91211],[-87.74143,41.91219],[-87.74143,41.91228],[-87.74144,41.91247],[-87.74145,41.91262],[-87.74146,41.91286],[-87.74146,41.913],[-87.74147,41.91318],[-87.74147,41.91326],[-87.74148,41.91341],[-87.74148,41.91364],[-87.74149,41.91373],[-87.7416,41.91698],[-87.74178,41.9241],[-87.74179,41.92422],[-87.74179,41.9243],[-87.74179,41.92431],[-87.7418,41.92442],[-87.7418,41.92451],[-87.74187,41.92629],[-87.74191,41.92629],[-87.74251,41.92628],[-87.74298,41.92627],[-87.74419,41.92626],[-87.74638,41.92623],[-87.74639,41.92653],[-87.74645,41.92791],[-87.74646,41.92833],[-87.74648,41.92882],[-87.74652,41.92965],[-87.74654,41.93032],[-87.74657,41.9308],[-87.74659,41.93153],[-87.7466,41.9317],[-87.74662,41.93215],[-87.74664,41.93265],[-87.74665,41.93299],[-87.74667,41.93335],[-87.74599,41.93337],[-87.7454,41.93337],[-87.74421,41.93339],[-87.74211,41.93342],[-87.74211,41.93355],[-87.74212,41.93384],[-87.74213,41.93411],[-87.74214,41.93437],[-87.74215,41.93467],[-87.74216,41.93497],[-87.74217,41.93527],[-87.74218,41.93553],[-87.74219,41.93585],[-87.7422,41.93599],[-87.74222,41.93644],[-87.74223,41.93671],[-87.74225,41.93726],[-87.74226,41.93757],[-87.74228,41.93806],[-87.74228,41.93822],[-87.74229,41.93845],[-87.7423,41.93859],[-87.7423,41.9388],[-87.74232,41.9388],[-87.74232,41.93889],[-87.74233,41.93889],[-87.74233,41.93917],[-87.74235,41.93971],[-87.74235,41.93995],[-87.74238,41.94092],[-87.74239,41.94125],[-87.7424,41.94138],[-87.74241,41.94183],[-87.74241,41.94199],[-87.74242,41.94232],[-87.74247,41.94253],[-87.74296,41.94253],[-87.74327,41.94253],[-87.74365,41.94253],[-87.744,41.94252],[-87.74416,41.94252],[-87.7446,41.94251],[-87.74492,41.94251],[-87.74562,41.9425],[-87.74611,41.94249],[-87.74696,41.94248],[-87.74697,41.94274],[-87.74699,41.94352],[-87.74701,41.94421],[-87.74765,41.94429],[-87.74863,41.94428],[-87.74959,41.94427],[-87.75195,41.94424],[-87.75194,41.94383],[-87.75193,41.9434],[-87.75192,41.94333],[-87.75191,41.94271],[-87.7519,41.94241],[-87.75261,41.9424],[-87.75374,41.94239],[-87.75681,41.94235],[-87.75682,41.94299],[-87.75684,41.94338],[-87.75684,41.94358],[-87.75685,41.94372],[-87.75686,41.94418],[-87.75764,41.94417],[-87.75958,41.94414],[-87.7603,41.94413],[-87.7612,41.94412],[-87.76178,41.94426]]]},"properties":{"level":"hs","grades":"9–12","id":"609708","name":"Edwin G. Foreman College and Career Academy","url":"https://www.cps.edu/schools/schoolprofiles/609708","x":-87.75417,"y":41.9398}},{"type":"Feature","geometry":{"type":"Polygon","coordinates":[[[-87.60503,41.74397],[-87.60508,41.74563],[-87.6051,41.74624],[-87.60511,41.74687],[-87.60514,41.74763],[-87.60877,41.74757],[-87.6124,41.7475],[-87.61246,41.7475],[-87.61361,41.74748],[-87.61413,41.74748],[-87.61442,41.74747],[-87.61462,41.74747],[-87.61487,41.74746],[-87.61487,41.7473],[-87.61484,41.74656],[-87.61483,41.74585],[-87.61482,41.74564],[-87.61475,41.74381],[-87.61634,41.74379],[-87.61928,41.74374],[-87.62226,41.74369],[-87.62344,41.74367],[-87.62433,41.74366],[-87.62438,41.74365],[-87.62477,41.74365],[-87.62519,41.74364],[-87.62513,41.74044],[-87.62499,41.73628],[-87.62754,41.73627],[-87.62872,41.73621],[-87.62997,41.73604],[-87.63271,41.73597],[-87.63272,41.73597],[-87.63444,41.73598],[-87.63551,41.73618],[-87.64265,41.73614],[-87.64517,41.73605],[-87.64624,41.73604],[-87.64691,41.73603],[-87.64764,41.73601],[-87.64849,41.736],[-87.64887,41.736],[-87.6497,41.73599],[-87.65001,41.73598],[-87.65092,41.73597],[-87.65278,41.73594],[-87.65334,41.73594],[-87.6582,41.73586],[-87.65986,41.73584],[-87.66063,41.73583],[-87.66185,41.73581],[-87.66258,41.7358],[-87.66307,41.73579],[-87.67157,41.73568],[-87.67262,41.73565],[-87.67279,41.73565],[-87.67228,41.73513],[-87.67222,41.73505],[-87.67196,41.73474],[-87.67188,41.73464],[-87.67111,41.73376],[-87.67074,41.73334],[-87.67012,41.7326],[-87.66937,41.73171],[-87.66909,41.73138],[-87.6688,41.73106],[-87.66862,41.73084],[-87.66818,41.7303],[-87.66702,41.72842],[-87.66698,41.72842],[-87.663,41.72845],[-87.66266,41.72852],[-87.65748,41.72859],[-87.6542,41.72863],[-87.65399,41.72863],[-87.65347,41.72864],[-87.65313,41.72864],[-87.65288,41.72865],[-87.65245,41.72865],[-87.65098,41.72867],[-87.64923,41.72869],[-87.64776,41.72871],[-87.64785,41.72846],[-87.64825,41.7274],[-87.64881,41.72588],[-87.64951,41.724],[-87.64977,41.72329],[-87.64993,41.72288],[-87.65019,41.72216],[-87.65034,41.72176],[-87.65049,41.72137],[-87.65053,41.72125],[-87.65085,41.72042],[-87.65094,41.72016],[-87.65123,41.71939],[-87.65153,41.71858],[-87.65191,41.71754],[-87.65192,41.71752],[-87.65224,41.71665],[-87.65241,41.71619],[-87.65259,41.71571],[-87.65277,41.71524],[-87.65294,41.71476],[-87.65319,41.7141],[-87.65319,41.71409],[-87.653,41.71409],[-87.65203,41.71412],[-87.65178,41.71386],[-87.65148,41.71361],[-87.65012,41.71432],[-87.64864,41.71472],[-87.64523,41.71478],[-87.64352,41.7148],[-87.64303,41.71481],[-87.64283,41.71481],[-87.64228,41.71482],[-87.6415,41.71483],[-87.64035,41.71484],[-87.63759,41.71488],[-87.63357,41.71492],[-87.63356,41.71464],[-87.63356,41.71458],[-87.63344,41.71432],[-87.63343,41.71378],[-87.6334,41.71281],[-87.63339,41.71252],[-87.63339,41.71251],[-87.63339,41.71245],[-87.63338,41.71223],[-87.63337,41.71157],[-87.63335,41.71097],[-87.63334,41.71069],[-87.63333,41.7103],[-87.63332,41.71001],[-87.63331,41.70945],[-87.63329,41.70888],[-87.63328,41.70851],[-87.63327,41.70817],[-87.63325,41.70735],[-87.63324,41.70704],[-87.6283,41.7071],[-87.62021,41.70721],[-87.6196,41.70722],[-87.61377,41.70732],[-87.61392,41.7125],[-87.61394,41.71316],[-87.60519,41.7133],[-87.60512,41.71359],[-87.60486,41.71476],[-87.5962,41.7149],[-87.59503,41.71492],[-87.59456,41.71493],[-87.59041,41.71499],[-87.58655,41.71505],[-87.58547,41.71506],[-87.58499,41.71507],[-87.58477,41.71507],[-87.58468,41.71361],[-87.58426,41.71267],[-87.58452,41.71033],[-87.58447,41.7078],[-87.58213,41.70786],[-87.57412,41.70796],[-87.57449,41.70837],[-87.57517,41.70913],[-87.57592,41.70998],[-87.57714,41.71134],[-87.57785,41.71214],[-87.57819,41.71252],[-87.57931,41.71377],[-87.57956,41.71405],[-87.5806,41.71521],[-87.58234,41.71715],[-87.58326,41.71818],[-87.5842,41.71924],[-87.58446,41.71953],[-87.58494,41.72007],[-87.58498,41.72011],[-87.58514,41.72029],[-87.58515,41.7203],[-87.58532,41.72049],[-87.58543,41.72061],[-87.5865,41.72232],[-87.58688,41.72292],[-87.58739,41.72374],[-87.58878,41.72595],[-87.59558,41.73678],[-87.59689,41.73676],[-87.5978,41.73675],[-87.59878,41.73673],[-87.59915,41.73673],[-87.60042,41.73671],[-87.60072,41.73671],[-87.60071,41.73671],[-87.60014,41.73921],[-87.59996,41.74],[-87.59972,41.74105],[-87.59952,41.74194],[-87.59932,41.74281],[-87.59913,41.74369],[-87.59905,41.74404],[-87.60503,41.74397]]]},"properties":{"level":"hs","grades":"9–12","id":"609710","name":"John M Harlan Community Academy High School","url":"https://www.cps.edu/schools/schoolprofiles/609710","x":-87.62062,"y":41.71837}},{"type":"Feature","geometry":{"type":"Polygon","coordinates":[[[-87.72587,41.88777],[-87.72608,41.89537],[-87.72624,41.89537],[-87.72746,41.89534],[-87.72841,41.89532],[-87.72866,41.89532],[-87.72978,41.8953],[-87.73112,41.89527],[-87.7316,41.89527],[-87.73222,41.89526],[-87.73253,41.89525],[-87.73322,41.89524],[-87.73348,41.89523],[-87.73372,41.89522],[-87.73405,41.89522],[-87.73437,41.89521],[-87.73499,41.8952],[-87.73569,41.89519],[-87.73619,41.89518],[-87.73714,41.89517],[-87.7378,41.89515],[-87.73865,41.89514],[-87.73952,41.89512],[-87.74008,41.89511],[-87.74062,41.8951],[-87.7408,41.8951],[-87.74116,41.89509],[-87.74136,41.89509],[-87.74184,41.89508],[-87.74275,41.89506],[-87.74291,41.89506],[-87.74382,41.89504],[-87.74426,41.89503],[-87.74483,41.89502],[-87.74506,41.89502],[-87.74554,41.89501],[-87.74791,41.89499],[-87.74874,41.89498],[-87.74906,41.89498],[-87.75071,41.89496],[-87.75193,41.89495],[-87.75209,41.89495],[-87.75231,41.89495],[-87.75295,41.89495],[-87.75316,41.89496],[-87.7533,41.89496],[-87.7556,41.89494],[-87.75534,41.88781],[-87.75532,41.8875],[-87.75532,41.88731],[-87.75532,41.8872],[-87.75516,41.88312],[-87.75513,41.88216],[-87.75511,41.88167],[-87.75368,41.88171],[-87.74287,41.88185],[-87.74287,41.88168],[-87.74286,41.88134],[-87.74285,41.8812],[-87.74284,41.88072],[-87.74282,41.88029],[-87.74282,41.8802],[-87.74281,41.87988],[-87.7428,41.87967],[-87.74279,41.87954],[-87.74278,41.87928],[-87.74276,41.87855],[-87.74275,41.87845],[-87.74275,41.87825],[-87.74274,41.87807],[-87.74273,41.87782],[-87.74272,41.87765],[-87.7427,41.87688],[-87.74049,41.8769],[-87.74036,41.87691],[-87.74024,41.87691],[-87.73951,41.87691],[-87.72555,41.87709],[-87.72554,41.87696],[-87.72553,41.87663],[-87.72552,41.87647],[-87.72548,41.87501],[-87.72545,41.87465],[-87.72545,41.8745],[-87.72544,41.8743],[-87.72542,41.87372],[-87.72524,41.87373],[-87.72474,41.87373],[-87.72301,41.87375],[-87.72256,41.87376],[-87.72085,41.87378],[-87.7205,41.87378],[-87.72037,41.87378],[-87.72016,41.87379],[-87.71987,41.87379],[-87.71978,41.87379],[-87.71839,41.87381],[-87.71801,41.87382],[-87.71613,41.87384],[-87.71607,41.87384],[-87.71584,41.87384],[-87.71556,41.87385],[-87.71494,41.87386],[-87.71417,41.87387],[-87.71293,41.87388],[-87.71198,41.87389],[-87.71068,41.87391],[-87.70985,41.87392],[-87.70892,41.87394],[-87.7086,41.87395],[-87.7069,41.87412],[-87.70638,41.87419],[-87.70624,41.87421],[-87.70606,41.87424],[-87.70593,41.87426],[-87.70581,41.87427],[-87.70552,41.87432],[-87.70526,41.87436],[-87.70454,41.87446],[-87.70399,41.87454],[-87.7034,41.87462],[-87.70285,41.87471],[-87.70194,41.87484],[-87.70151,41.8749],[-87.70104,41.87495],[-87.69987,41.87507],[-87.69826,41.87516],[-87.69737,41.87518],[-87.69719,41.87519],[-87.69666,41.87519],[-87.69641,41.8752],[-87.69629,41.8752],[-87.6951,41.87521],[-87.69506,41.87521],[-87.69428,41.87522],[-87.69372,41.87523],[-87.69209,41.87525],[-87.69137,41.87526],[-87.69132,41.87526],[-87.69108,41.87526],[-87.69022,41.87527],[-87.6895,41.87528],[-87.68869,41.87528],[-87.68784,41.87529],[-87.68704,41.8753],[-87.68648,41.87531],[-87.68625,41.87531],[-87.686,41.87531],[-87.68394,41.87532],[-87.68368,41.87533],[-87.68299,41.87533],[-87.68218,41.87534],[-87.68149,41.87534],[-87.68126,41.87533],[-87.68052,41.87533],[-87.67741,41.87537],[-87.6765,41.87537],[-87.67652,41.87594],[-87.67653,41.87641],[-87.67654,41.87676],[-87.67654,41.87711],[-87.6766,41.8796],[-87.67662,41.88018],[-87.67663,41.88064],[-87.67664,41.88112],[-87.67664,41.88131],[-87.67665,41.88172],[-87.67665,41.88183],[-87.67666,41.88223],[-87.67668,41.88269],[-87.67668,41.88291],[-87.67669,41.88315],[-87.67674,41.88498],[-87.67674,41.88501],[-87.67675,41.88536],[-87.67675,41.88541],[-87.67676,41.88551],[-87.67677,41.88586],[-87.67685,41.88872],[-87.67783,41.88871],[-87.67929,41.88869],[-87.68002,41.88867],[-87.68206,41.88864],[-87.68267,41.88863],[-87.68294,41.88862],[-87.68366,41.88861],[-87.68418,41.8886],[-87.68418,41.88848],[-87.68417,41.88824],[-87.68416,41.88781],[-87.68412,41.88666],[-87.68445,41.88665],[-87.68658,41.88663],[-87.68656,41.88571],[-87.68654,41.88499],[-87.68653,41.88466],[-87.68653,41.88463],[-87.68737,41.88461],[-87.68857,41.88456],[-87.68899,41.88454],[-87.68926,41.88453],[-87.69145,41.88443],[-87.69195,41.88442],[-87.6921,41.88658],[-87.69218,41.8867],[-87.69226,41.88683],[-87.69229,41.88688],[-87.69233,41.88693],[-87.69238,41.88699],[-87.69241,41.88703],[-87.69245,41.88708],[-87.6925,41.88713],[-87.69252,41.88716],[-87.69257,41.88721],[-87.69261,41.88725],[-87.69264,41.88728],[-87.69269,41.88732],[-87.69273,41.88735],[-87.69278,41.8874],[-87.69286,41.88746],[-87.69297,41.88755],[-87.693,41.88757],[-87.6931,41.8876],[-87.69327,41.88764],[-87.69358,41.88769],[-87.69377,41.88769],[-87.6942,41.88769],[-87.69435,41.88768],[-87.69478,41.88768],[-87.69542,41.88767],[-87.6957,41.88767],[-87.69585,41.88767],[-87.6962,41.88767],[-87.69646,41.88769],[-87.69647,41.88785],[-87.69647,41.88793],[-87.69647,41.88812],[-87.69648,41.88822],[-87.69715,41.88822],[-87.69758,41.88821],[-87.69867,41.8882],[-87.69926,41.88819],[-87.70039,41.88817],[-87.70141,41.88816],[-87.70142,41.88816],[-87.70168,41.8883],[-87.70183,41.88829],[-87.70223,41.88829],[-87.7026,41.88828],[-87.70298,41.88828],[-87.70352,41.88827],[-87.70423,41.88826],[-87.70464,41.88826],[-87.70493,41.88825],[-87.70525,41.88825],[-87.70603,41.88824],[-87.70633,41.88824],[-87.70633,41.8881],[-87.70634,41.8881],[-87.71065,41.88805],[-87.71111,41.88804],[-87.71114,41.88804],[-87.7112,41.88804],[-87.71122,41.88818],[-87.71122,41.8883],[-87.71154,41.88835],[-87.71172,41.88835],[-87.71224,41.88834],[-87.71238,41.88834],[-87.7127,41.88834],[-87.71294,41.88833],[-87.71317,41.88833],[-87.71366,41.88832],[-87.71366,41.88817],[-87.71365,41.88797],[-87.71364,41.88743],[-87.7136,41.88632],[-87.71605,41.88628],[-87.71604,41.88587],[-87.71604,41.88564],[-87.71603,41.88546],[-87.71602,41.88492],[-87.71716,41.88498],[-87.71875,41.88508],[-87.72009,41.88515],[-87.72067,41.88519],[-87.72092,41.8852],[-87.72091,41.88498],[-87.7209,41.88464],[-87.72089,41.88395],[-87.72085,41.88282],[-87.72083,41.88209],[-87.72081,41.88168],[-87.72078,41.88136],[-87.72076,41.88093],[-87.72083,41.88079],[-87.72228,41.88077],[-87.72325,41.88076],[-87.72417,41.88075],[-87.72567,41.88073],[-87.73057,41.88067],[-87.73072,41.88561],[-87.73073,41.88588],[-87.73076,41.88685],[-87.73076,41.88708],[-87.73077,41.88731],[-87.73078,41.88773],[-87.7306,41.88773],[-87.729,41.88775],[-87.72832,41.88776],[-87.72734,41.88777],[-87.72587,41.88777]]]},"properties":{"level":"hs","grades":"9–12","id":"609723","name":"John Marshall Metropolitan High School","url":"https://www.cps.edu/schools/schoolprofiles/609723","x":-87.70805,"y":41.87844}},{"type":"Feature","geometry":{"type":"MultiPolygon","coordinates":[[[[-87.62519,41.74364],[-87.6253,41.74775],[-87.62533,41.74811],[-87.62535,41.74941],[-87.62536,41.74978],[-87.62537,41.75016],[-87.62538,41.75047],[-87.62539,41.7507],[-87.62539,41.75086],[-87.62539,41.75094],[-87.6254,41.75115],[-87.6254,41.75117],[-87.62567,41.75458],[-87.62621,41.75457],[-87.62656,41.75456],[-87.62687,41.75456],[-87.62711,41.75455],[-87.62732,41.75455],[-87.62761,41.75454],[-87.62823,41.75453],[-87.6317,41.75447],[-87.63283,41.75446],[-87.63357,41.75444],[-87.63359,41.75444],[-87.6339,41.75444],[-87.63439,41.75443],[-87.63494,41.75442],[-87.63561,41.75441],[-87.63773,41.75437],[-87.63842,41.75254],[-87.63932,41.75253],[-87.63937,41.75347],[-87.63941,41.75432],[-87.63941,41.75434],[-87.64414,41.75427],[-87.64409,41.75246],[-87.64409,41.75231],[-87.64407,41.75174],[-87.64405,41.75102],[-87.64404,41.75064],[-87.65132,41.75053],[-87.65155,41.75053],[-87.65223,41.75052],[-87.65253,41.75051],[-87.65273,41.75051],[-87.65374,41.7505],[-87.65837,41.75043],[-87.65886,41.75042],[-87.65972,41.75041],[-87.66005,41.7504],[-87.66041,41.7504],[-87.6617,41.75038],[-87.66242,41.75037],[-87.66283,41.75037],[-87.66314,41.75037],[-87.66344,41.75036],[-87.6637,41.75035],[-87.66405,41.75035],[-87.66445,41.75034],[-87.66465,41.75034],[-87.66564,41.75033],[-87.66586,41.75033],[-87.66734,41.75031],[-87.66829,41.75029],[-87.66929,41.75028],[-87.66975,41.75027],[-87.67071,41.75026],[-87.67094,41.75026],[-87.67211,41.75024],[-87.67313,41.75023],[-87.67296,41.74294],[-87.67283,41.73738],[-87.67282,41.7369],[-87.6728,41.73616],[-87.67279,41.73567],[-87.67279,41.73565],[-87.67262,41.73565],[-87.67157,41.73568],[-87.66307,41.73579],[-87.66258,41.7358],[-87.66185,41.73581],[-87.66063,41.73583],[-87.65986,41.73584],[-87.6582,41.73586],[-87.65334,41.73594],[-87.65278,41.73594],[-87.65092,41.73597],[-87.65001,41.73598],[-87.6497,41.73599],[-87.64887,41.736],[-87.64849,41.736],[-87.64764,41.73601],[-87.64691,41.73603],[-87.64624,41.73604],[-87.64517,41.73605],[-87.64265,41.73614],[-87.63551,41.73618],[-87.63444,41.73598],[-87.63272,41.73597],[-87.63271,41.73597],[-87.62997,41.73604],[-87.62872,41.73621],[-87.62754,41.73627],[-87.62499,41.73628],[-87.62513,41.74044],[-87.62519,41.74364]]],[[[-87.60299,41.76226],[-87.60311,41.76226],[-87.60324,41.76225],[-87.60393,41.76225],[-87.60413,41.76225],[-87.60549,41.76223],[-87.60583,41.76222],[-87.60612,41.76222],[-87.60667,41.76221],[-87.60715,41.7622],[-87.60732,41.7622],[-87.60793,41.76219],[-87.60852,41.76218],[-87.60971,41.76216],[-87.61007,41.76215],[-87.61034,41.76215],[-87.61033,41.76168],[-87.61032,41.76121],[-87.61032,41.76096],[-87.61031,41.76056],[-87.6109,41.76031],[-87.61151,41.7603],[-87.61211,41.76029],[-87.61251,41.76028],[-87.61309,41.76027],[-87.61371,41.76026],[-87.61425,41.76025],[-87.61454,41.76024],[-87.61517,41.76023],[-87.61516,41.76008],[-87.61514,41.75929],[-87.61513,41.7588],[-87.61512,41.75841],[-87.61512,41.758],[-87.61511,41.7577],[-87.6151,41.75726],[-87.61504,41.75477],[-87.61487,41.74746],[-87.61462,41.74747],[-87.61442,41.74747],[-87.61413,41.74748],[-87.61361,41.74748],[-87.61246,41.7475],[-87.6124,41.7475],[-87.60877,41.74757],[-87.60514,41.74763],[-87.60511,41.74687],[-87.6051,41.74624],[-87.60508,41.74563],[-87.60503,41.74397],[-87.59905,41.74404],[-87.59045,41.74414],[-87.59018,41.74414],[-87.58956,41.74415],[-87.58923,41.74416],[-87.58874,41.74416],[-87.58816,41.74417],[-87.5876,41.74417],[-87.58538,41.74421],[-87.58539,41.74555],[-87.58541,41.74633],[-87.58543,41.74716],[-87.58546,41.74836],[-87.58558,41.74935],[-87.58566,41.74979],[-87.58594,41.74999],[-87.58638,41.75031],[-87.58711,41.75083],[-87.58803,41.75147],[-87.5892,41.75233],[-87.59093,41.75358],[-87.59116,41.75373],[-87.59136,41.75388],[-87.59178,41.75417],[-87.59252,41.75471],[-87.59339,41.75535],[-87.5939,41.75572],[-87.59549,41.75686],[-87.59603,41.75725],[-87.5961,41.7573],[-87.59741,41.75823],[-87.59793,41.7586],[-87.598,41.75865],[-87.59832,41.75888],[-87.59903,41.7594],[-87.59912,41.75947],[-87.59999,41.7601],[-87.60018,41.76024],[-87.60175,41.76136],[-87.60196,41.76151],[-87.60299,41.76226]]],[[[-87.60797,41.76583],[-87.60559,41.76587],[-87.6056,41.76639],[-87.60562,41.76685],[-87.60564,41.76758],[-87.60565,41.76802],[-87.60566,41.7685],[-87.60567,41.76885],[-87.60568,41.7695],[-87.6057,41.77004],[-87.60571,41.77053],[-87.60573,41.77132],[-87.60574,41.77174],[-87.60575,41.77228],[-87.60577,41.77314],[-87.60577,41.77337],[-87.60579,41.77392],[-87.6058,41.77478],[-87.60582,41.77524],[-87.60584,41.77633],[-87.60585,41.77678],[-87.61313,41.77665],[-87.61554,41.7766],[-87.61549,41.77479],[-87.61544,41.77255],[-87.61543,41.77217],[-87.61543,41.77201],[-87.61542,41.77182],[-87.61542,41.77154],[-87.61541,41.77129],[-87.61541,41.77119],[-87.61527,41.77108],[-87.61503,41.77091],[-87.61452,41.77055],[-87.61423,41.77034],[-87.61387,41.77008],[-87.61263,41.76918],[-87.61235,41.76898],[-87.61151,41.76838],[-87.61088,41.76793],[-87.61047,41.76764],[-87.60981,41.76715],[-87.60797,41.76583]]]]},"properties":{"level":"hs","grades":"9–12","id":"609712","name":"Emil G Hirsch Metropolitan High School","url":"https://www.cps.edu/schools/schoolprofiles/609712","x":-87.60173,"y":41.75375}},{"type":"Feature","geometry":{"type":"Polygon","coordinates":[[[-87.5793,41.79346],[-87.58664,41.79338],[-87.58671,41.79133],[-87.58663,41.7879],[-87.58663,41.78766],[-87.58661,41.78715],[-87.58661,41.78669],[-87.5866,41.78628],[-87.5866,41.78614],[-87.58732,41.78613],[-87.58797,41.78613],[-87.58844,41.78612],[-87.58945,41.78612],[-87.59095,41.7861],[-87.59147,41.7861],[-87.5918,41.78609],[-87.59263,41.78608],[-87.59346,41.78608],[-87.59522,41.78606],[-87.59564,41.78606],[-87.59623,41.78602],[-87.59711,41.78597],[-87.59726,41.78597],[-87.59746,41.78597],[-87.59795,41.78596],[-87.59825,41.78596],[-87.59904,41.78595],[-87.59941,41.78595],[-87.59984,41.78594],[-87.60055,41.78593],[-87.6015,41.78593],[-87.60238,41.78592],[-87.60344,41.7859],[-87.60389,41.7859],[-87.60443,41.78589],[-87.60471,41.78589],[-87.60531,41.78588],[-87.60604,41.78587],[-87.60972,41.78581],[-87.61092,41.78579],[-87.61187,41.78577],[-87.61244,41.78576],[-87.613,41.78575],[-87.61446,41.78573],[-87.6147,41.78572],[-87.61557,41.7857],[-87.61576,41.7857],[-87.61575,41.78518],[-87.61574,41.78503],[-87.61574,41.78477],[-87.61572,41.78428],[-87.61571,41.78358],[-87.61569,41.78289],[-87.61568,41.78224],[-87.61566,41.78163],[-87.61564,41.78103],[-87.61564,41.78076],[-87.61563,41.78058],[-87.61563,41.78056],[-87.61563,41.78044],[-87.61562,41.78024],[-87.61554,41.7766],[-87.61313,41.77665],[-87.60585,41.77678],[-87.60584,41.77633],[-87.60582,41.77524],[-87.6058,41.77478],[-87.60579,41.77392],[-87.60577,41.77337],[-87.60577,41.77314],[-87.60575,41.77228],[-87.60574,41.77174],[-87.60573,41.77132],[-87.60571,41.77053],[-87.6057,41.77004],[-87.60568,41.7695],[-87.60567,41.76885],[-87.60566,41.7685],[-87.60565,41.76802],[-87.60564,41.76758],[-87.60562,41.76685],[-87.6056,41.76639],[-87.60559,41.76587],[-87.60453,41.7658],[-87.59584,41.7659],[-87.59531,41.76599],[-87.59099,41.76602],[-87.59087,41.76602],[-87.59042,41.76602],[-87.59015,41.76598],[-87.58958,41.76593],[-87.58957,41.76593],[-87.58881,41.76595],[-87.58856,41.76595],[-87.58792,41.76596],[-87.58719,41.76596],[-87.58695,41.76597],[-87.58632,41.76597],[-87.58617,41.76597],[-87.58535,41.76598],[-87.58477,41.76599],[-87.58446,41.76599],[-87.58399,41.766],[-87.58383,41.766],[-87.58331,41.76601],[-87.58245,41.76602],[-87.58223,41.76602],[-87.58123,41.76603],[-87.58123,41.76619],[-87.58124,41.76662],[-87.58126,41.76745],[-87.58126,41.76754],[-87.5813,41.76907],[-87.58132,41.76961],[-87.58132,41.76975],[-87.58133,41.77032],[-87.58134,41.77055],[-87.58135,41.77089],[-87.58137,41.77157],[-87.58038,41.77158],[-87.57985,41.77159],[-87.57645,41.77163],[-87.57312,41.77167],[-87.56327,41.77176],[-87.56327,41.77181],[-87.56328,41.77193],[-87.56341,41.77209],[-87.56353,41.77211],[-87.56394,41.77211],[-87.56439,41.77233],[-87.5647,41.77252],[-87.56502,41.77271],[-87.56572,41.77308],[-87.56588,41.77316],[-87.56597,41.77323],[-87.56619,41.77349],[-87.56611,41.77357],[-87.56607,41.77369],[-87.56618,41.77384],[-87.56634,41.77396],[-87.5666,41.77405],[-87.56678,41.77421],[-87.5669,41.77433],[-87.56773,41.7754],[-87.56796,41.77572],[-87.56811,41.7759],[-87.56846,41.77626],[-87.56874,41.7765],[-87.5689,41.77663],[-87.56952,41.77703],[-87.56969,41.77711],[-87.57005,41.7773],[-87.57082,41.77788],[-87.57083,41.77788],[-87.57149,41.77844],[-87.57162,41.77856],[-87.5718,41.77875],[-87.57209,41.77916],[-87.57229,41.77932],[-87.57257,41.77936],[-87.5728,41.7793],[-87.57313,41.77922],[-87.57326,41.77914],[-87.57333,41.77899],[-87.57338,41.77882],[-87.57338,41.77872],[-87.57338,41.77865],[-87.57333,41.77844],[-87.57336,41.77831],[-87.57334,41.77826],[-87.57327,41.77814],[-87.57305,41.77791],[-87.57299,41.77786],[-87.5728,41.77766],[-87.57287,41.77763],[-87.57249,41.7774],[-87.57235,41.77738],[-87.57204,41.77702],[-87.57189,41.77679],[-87.57181,41.7766],[-87.57182,41.77643],[-87.57222,41.77581],[-87.57233,41.77576],[-87.5726,41.77569],[-87.57275,41.77564],[-87.57285,41.77562],[-87.57356,41.77555],[-87.57448,41.77566],[-87.5749,41.77581],[-87.57494,41.77603],[-87.5749,41.77604],[-87.57472,41.77602],[-87.57466,41.77603],[-87.57461,41.77609],[-87.57462,41.77617],[-87.57467,41.77624],[-87.57469,41.77628],[-87.57485,41.77646],[-87.57513,41.77689],[-87.57529,41.7773],[-87.57529,41.77771],[-87.57528,41.77787],[-87.57525,41.77796],[-87.5752,41.77815],[-87.57513,41.77835],[-87.57509,41.77848],[-87.57469,41.77861],[-87.5748,41.77867],[-87.57488,41.77871],[-87.57493,41.77884],[-87.57466,41.77919],[-87.57448,41.77934],[-87.57444,41.77937],[-87.57411,41.77953],[-87.57377,41.77962],[-87.5734,41.77971],[-87.57302,41.77979],[-87.57298,41.77981],[-87.57296,41.77982],[-87.57295,41.77983],[-87.57308,41.78025],[-87.57205,41.78058],[-87.57147,41.78078],[-87.57118,41.78087],[-87.57088,41.78094],[-87.57075,41.78096],[-87.57065,41.78099],[-87.57053,41.78101],[-87.57038,41.78105],[-87.57008,41.78112],[-87.56989,41.78117],[-87.56946,41.78127],[-87.56912,41.78136],[-87.56831,41.78154],[-87.56753,41.7846],[-87.56764,41.78462],[-87.56839,41.78165],[-87.56881,41.78159],[-87.57023,41.78171],[-87.57168,41.78203],[-87.57292,41.78249],[-87.57316,41.78259],[-87.57401,41.78301],[-87.57578,41.78406],[-87.57639,41.7845],[-87.57662,41.78476],[-87.57668,41.78491],[-87.57675,41.78505],[-87.57688,41.78539],[-87.577,41.78569],[-87.57706,41.78588],[-87.57708,41.78594],[-87.57714,41.78615],[-87.5772,41.78631],[-87.57721,41.78637],[-87.57729,41.78672],[-87.57734,41.78719],[-87.57733,41.78746],[-87.57733,41.78757],[-87.57732,41.7877],[-87.57731,41.78779],[-87.57729,41.78791],[-87.57728,41.78806],[-87.57727,41.78808],[-87.57724,41.78809],[-87.57723,41.78809],[-87.57715,41.78811],[-87.57714,41.78811],[-87.57715,41.78816],[-87.5773,41.78817],[-87.57755,41.78815],[-87.57764,41.78815],[-87.57768,41.78831],[-87.57767,41.78833],[-87.57768,41.78835],[-87.57769,41.78839],[-87.57733,41.78841],[-87.57719,41.78838],[-87.57718,41.78842],[-87.57668,41.78847],[-87.57657,41.7885],[-87.57624,41.78852],[-87.57632,41.78857],[-87.57667,41.78876],[-87.57688,41.7889],[-87.57697,41.78896],[-87.57756,41.78936],[-87.57784,41.78958],[-87.57788,41.78966],[-87.57786,41.78979],[-87.57795,41.79013],[-87.57819,41.79062],[-87.57847,41.79106],[-87.57884,41.79158],[-87.57901,41.79189],[-87.57907,41.79204],[-87.57917,41.79235],[-87.57917,41.79239],[-87.57908,41.79241],[-87.57899,41.79243],[-87.57922,41.79263],[-87.57923,41.79279],[-87.57929,41.79322],[-87.5793,41.79334],[-87.5793,41.79346]]]},"properties":{"level":"hs","grades":"9–12","id":"609713","name":"Hyde Park Academy High School","url":"https://www.cps.edu/schools/schoolprofiles/609713","x":-87.58661,"y":41.78226}},{"type":"Feature","geometry":{"type":"Polygon","coordinates":[[[-87.71186,41.91553],[-87.7119,41.91815],[-87.71193,41.91909],[-87.71197,41.92017],[-87.71199,41.92091],[-87.71199,41.921],[-87.712,41.92109],[-87.712,41.92123],[-87.71205,41.92292],[-87.71216,41.92658],[-87.71219,41.92768],[-87.7122,41.92832],[-87.71222,41.9291],[-87.71223,41.92942],[-87.71223,41.92947],[-87.71224,41.92972],[-87.71224,41.92994],[-87.71225,41.93016],[-87.71227,41.93077],[-87.71229,41.93145],[-87.71225,41.93198],[-87.71504,41.93193],[-87.71664,41.93192],[-87.71888,41.93189],[-87.72065,41.93187],[-87.72133,41.93186],[-87.72186,41.93185],[-87.72209,41.93185],[-87.72233,41.93185],[-87.72289,41.93184],[-87.72331,41.93184],[-87.72394,41.93183],[-87.72534,41.93181],[-87.72576,41.93181],[-87.72665,41.9318],[-87.72758,41.93178],[-87.72835,41.93177],[-87.73137,41.93174],[-87.73148,41.93173],[-87.73155,41.93173],[-87.73165,41.93173],[-87.74193,41.93159],[-87.74206,41.9315],[-87.74187,41.92629],[-87.7418,41.92451],[-87.7418,41.92442],[-87.74179,41.92431],[-87.74179,41.9243],[-87.74179,41.92422],[-87.74178,41.9241],[-87.7416,41.91698],[-87.73845,41.91702],[-87.73795,41.91703],[-87.73755,41.91703],[-87.73352,41.91707],[-87.73145,41.9171],[-87.73022,41.91712],[-87.729,41.91713],[-87.72807,41.91715],[-87.72746,41.91716],[-87.72682,41.91716],[-87.72656,41.91717],[-87.72651,41.91534],[-87.71916,41.91543],[-87.71906,41.91543],[-87.71794,41.91545],[-87.71685,41.91546],[-87.71658,41.91547],[-87.71522,41.91549],[-87.7151,41.91549],[-87.7144,41.91549],[-87.71358,41.9155],[-87.71334,41.91551],[-87.71186,41.91553]]]},"properties":{"level":"hs","grades":"9–12","id":"609716","name":"Kelvyn Park High School","url":"https://www.cps.edu/schools/schoolprofiles/609716","x":-87.736,"y":41.92792}},{"type":"Feature","geometry":{"type":"Polygon","coordinates":[[[-87.73837,41.80768],[-87.73857,41.80826],[-87.7386,41.80949],[-87.7386,41.8096],[-87.73862,41.81031],[-87.73863,41.81079],[-87.73863,41.81113],[-87.73864,41.81146],[-87.73867,41.81275],[-87.73869,41.81385],[-87.73871,41.81455],[-87.73871,41.81477],[-87.73873,41.81571],[-87.73875,41.81644],[-87.73875,41.81673],[-87.73876,41.81701],[-87.73877,41.81758],[-87.73878,41.81786],[-87.73873,41.81825],[-87.73869,41.81866],[-87.73867,41.81888],[-87.73867,41.81893],[-87.73867,41.81908],[-87.73868,41.81923],[-87.73888,41.81959],[-87.73889,41.81972],[-87.73889,41.81988],[-87.73884,41.82091],[-87.73885,41.82152],[-87.73886,41.82185],[-87.73886,41.82211],[-87.739,41.82211],[-87.73931,41.82211],[-87.73979,41.8221],[-87.73991,41.8221],[-87.74076,41.82209],[-87.7411,41.82208],[-87.7414,41.82208],[-87.74145,41.82208],[-87.74175,41.82207],[-87.7422,41.82207],[-87.74271,41.82206],[-87.74278,41.82206],[-87.7435,41.82205],[-87.74353,41.82205],[-87.74397,41.82204],[-87.74443,41.82204],[-87.74476,41.82203],[-87.74476,41.82201],[-87.74475,41.82139],[-87.74474,41.82058],[-87.74474,41.8205],[-87.74474,41.82042],[-87.74473,41.82002],[-87.74472,41.81964],[-87.74472,41.81947],[-87.74472,41.81926],[-87.74471,41.81916],[-87.74471,41.81914],[-87.74471,41.81909],[-87.74471,41.81894],[-87.74471,41.81874],[-87.7447,41.81837],[-87.74469,41.818],[-87.74469,41.81781],[-87.74468,41.81732],[-87.74467,41.81696],[-87.74467,41.81686],[-87.74467,41.81667],[-87.74466,41.81634],[-87.74466,41.81607],[-87.74495,41.81587],[-87.74517,41.8158],[-87.74599,41.81554],[-87.74691,41.81525],[-87.74771,41.815],[-87.74788,41.81495],[-87.74816,41.81486],[-87.74825,41.81483],[-87.74836,41.8148],[-87.74837,41.81479],[-87.74901,41.81459],[-87.74927,41.81451],[-87.75088,41.814],[-87.75177,41.81372],[-87.75308,41.81331],[-87.75307,41.81297],[-87.75304,41.81176],[-87.75301,41.81054],[-87.75299,41.80959],[-87.75298,41.80932],[-87.75297,41.80878],[-87.75293,41.80748],[-87.75289,41.80585],[-87.75289,41.8058],[-87.75289,41.80567],[-87.75288,41.80524],[-87.75287,41.8051],[-87.75286,41.8047],[-87.75285,41.80445],[-87.75284,41.80384],[-87.75283,41.80346],[-87.75282,41.80329],[-87.75281,41.80295],[-87.75279,41.80234],[-87.75279,41.80212],[-87.75279,41.80211],[-87.75278,41.80194],[-87.75278,41.80185],[-87.75278,41.80168],[-87.75277,41.80162],[-87.75277,41.80143],[-87.75276,41.8011],[-87.75275,41.80093],[-87.75275,41.80082],[-87.75275,41.80064],[-87.75274,41.80057],[-87.75274,41.80044],[-87.75274,41.80019],[-87.75294,41.80018],[-87.75326,41.80018],[-87.75349,41.80017],[-87.75396,41.80017],[-87.75457,41.80016],[-87.75483,41.80016],[-87.75492,41.80015],[-87.7567,41.80013],[-87.75701,41.80012],[-87.75728,41.80012],[-87.75763,41.80011],[-87.75823,41.80011],[-87.75824,41.80011],[-87.75855,41.8001],[-87.7591,41.8001],[-87.75941,41.80009],[-87.75946,41.80009],[-87.76007,41.80008],[-87.76061,41.80008],[-87.76065,41.80008],[-87.76091,41.80007],[-87.76149,41.80006],[-87.76211,41.80005],[-87.76253,41.80006],[-87.76337,41.80006],[-87.76363,41.80005],[-87.76386,41.80005],[-87.76465,41.80004],[-87.76482,41.80004],[-87.76496,41.80003],[-87.76504,41.80003],[-87.76521,41.80003],[-87.76528,41.80003],[-87.76556,41.80002],[-87.76595,41.80001],[-87.76659,41.8],[-87.76678,41.8],[-87.76709,41.79999],[-87.7674,41.79998],[-87.76818,41.79997],[-87.76837,41.79996],[-87.76915,41.79995],[-87.76939,41.79994],[-87.7697,41.79994],[-87.77003,41.79993],[-87.77015,41.79993],[-87.77039,41.79992],[-87.77062,41.79992],[-87.77095,41.79991],[-87.77111,41.79991],[-87.77128,41.79991],[-87.77145,41.7999],[-87.77182,41.7999],[-87.7729,41.79986],[-87.77329,41.79985],[-87.77385,41.79983],[-87.77411,41.79983],[-87.77448,41.79982],[-87.77455,41.79982],[-87.775,41.7998],[-87.77566,41.79979],[-87.77614,41.79978],[-87.77632,41.79978],[-87.77653,41.79977],[-87.77655,41.79977],[-87.77689,41.79977],[-87.77715,41.79976],[-87.77745,41.79976],[-87.77778,41.79975],[-87.77795,41.79975],[-87.77816,41.79974],[-87.77855,41.79973],[-87.77884,41.79973],[-87.77904,41.79972],[-87.7794,41.79972],[-87.78015,41.7997],[-87.7802,41.7997],[-87.78049,41.7997],[-87.78065,41.79969],[-87.78101,41.79968],[-87.78111,41.79968],[-87.78131,41.79968],[-87.78146,41.79968],[-87.78179,41.79967],[-87.78203,41.79967],[-87.78243,41.79967],[-87.78264,41.79967],[-87.78292,41.79967],[-87.78325,41.79967],[-87.78354,41.79967],[-87.78375,41.79967],[-87.7839,41.79966],[-87.78426,41.79966],[-87.78464,41.79965],[-87.78509,41.79965],[-87.78588,41.79964],[-87.78619,41.79963],[-87.7863,41.79963],[-87.78656,41.79963],[-87.78679,41.79962],[-87.78728,41.79962],[-87.78747,41.79961],[-87.78752,41.79961],[-87.78769,41.79961],[-87.78813,41.7996],[-87.78857,41.79959],[-87.78874,41.79958],[-87.78891,41.79958],[-87.78913,41.79957],[-87.78962,41.79956],[-87.79666,41.79945],[-87.79704,41.79945],[-87.79734,41.79935],[-87.79785,41.79919],[-87.79822,41.79907],[-87.79904,41.79881],[-87.79924,41.79875],[-87.80005,41.7985],[-87.80035,41.7984],[-87.80066,41.7983],[-87.80085,41.79824],[-87.80102,41.79819],[-87.80163,41.798],[-87.80162,41.79763],[-87.80161,41.79576],[-87.80162,41.79481],[-87.8016,41.79434],[-87.80158,41.79361],[-87.80157,41.79323],[-87.80156,41.79306],[-87.80155,41.7927],[-87.80155,41.79265],[-87.80151,41.79145],[-87.80149,41.79094],[-87.80146,41.79033],[-87.80139,41.78872],[-87.80137,41.78831],[-87.80135,41.78785],[-87.80134,41.78755],[-87.80133,41.78733],[-87.8013,41.78664],[-87.80129,41.78647],[-87.80129,41.78645],[-87.80128,41.78618],[-87.80127,41.78599],[-87.80126,41.78567],[-87.80122,41.78469],[-87.80122,41.78467],[-87.8012,41.78439],[-87.80118,41.78391],[-87.80118,41.78374],[-87.80117,41.78366],[-87.80115,41.78305],[-87.80113,41.78258],[-87.80111,41.78209],[-87.80107,41.78119],[-87.80101,41.77968],[-87.80096,41.77846],[-87.80095,41.77822],[-87.80094,41.77792],[-87.80091,41.77747],[-87.80087,41.7768],[-87.80085,41.77626],[-87.80083,41.77593],[-87.80082,41.7756],[-87.80083,41.77551],[-87.80081,41.77497],[-87.80078,41.77435],[-87.80078,41.77414],[-87.80082,41.77405],[-87.80081,41.7737],[-87.79897,41.77373],[-87.79743,41.77375],[-87.79657,41.77377],[-87.79588,41.77378],[-87.79582,41.77378],[-87.79418,41.77381],[-87.79286,41.77383],[-87.79223,41.77384],[-87.79134,41.77384],[-87.79055,41.77386],[-87.78829,41.7739],[-87.7882,41.7739],[-87.78576,41.77394],[-87.78523,41.77395],[-87.78392,41.77397],[-87.78288,41.77399],[-87.78251,41.77399],[-87.78223,41.774],[-87.78112,41.77401],[-87.7804,41.77403],[-87.77901,41.77406],[-87.779,41.77406],[-87.7787,41.77406],[-87.77867,41.77406],[-87.77825,41.77407],[-87.77666,41.7741],[-87.77623,41.77411],[-87.7757,41.77412],[-87.77517,41.77413],[-87.77512,41.77413],[-87.77428,41.77415],[-87.77403,41.77416],[-87.77401,41.77416],[-87.77372,41.77416],[-87.77199,41.7742],[-87.77184,41.7742],[-87.77148,41.7742],[-87.77147,41.7742],[-87.77108,41.77421],[-87.77078,41.77422],[-87.76732,41.77429],[-87.76477,41.77434],[-87.76286,41.77438],[-87.76258,41.77438],[-87.76227,41.77438],[-87.76218,41.77439],[-87.76182,41.77439],[-87.76158,41.77439],[-87.76128,41.77439],[-87.76083,41.7744],[-87.75816,41.77445],[-87.75673,41.77448],[-87.75494,41.77452],[-87.75441,41.77453],[-87.75426,41.7754],[-87.75445,41.77584],[-87.75449,41.77701],[-87.75401,41.77737],[-87.75319,41.77738],[-87.75321,41.77793],[-87.75322,41.77822],[-87.75342,41.77821],[-87.75377,41.77821],[-87.75433,41.7782],[-87.75493,41.77818],[-87.75565,41.77817],[-87.7558,41.77817],[-87.75636,41.77816],[-87.75726,41.77814],[-87.75817,41.77812],[-87.75843,41.77812],[-87.75891,41.77811],[-87.76004,41.77809],[-87.76071,41.77807],[-87.76104,41.77807],[-87.76172,41.77824],[-87.76175,41.77899],[-87.76178,41.77942],[-87.7618,41.78002],[-87.76182,41.78049],[-87.76183,41.7807],[-87.76187,41.78172],[-87.7619,41.78242],[-87.76193,41.78316],[-87.76194,41.78331],[-87.76196,41.78391],[-87.76197,41.7841],[-87.76201,41.78502],[-87.76202,41.78533],[-87.76203,41.78552],[-87.76206,41.78642],[-87.76207,41.78674],[-87.76209,41.78724],[-87.76209,41.78725],[-87.7621,41.78748],[-87.76212,41.78805],[-87.76214,41.78834],[-87.7622,41.78986],[-87.76221,41.79025],[-87.76224,41.7909],[-87.76228,41.79207],[-87.7623,41.79251],[-87.7623,41.79274],[-87.7617,41.79275],[-87.76133,41.79275],[-87.76054,41.79276],[-87.76002,41.79277],[-87.75987,41.79277],[-87.75926,41.79278],[-87.75864,41.79279],[-87.75831,41.7928],[-87.75815,41.7928],[-87.75797,41.7928],[-87.75769,41.79281],[-87.75715,41.79281],[-87.75703,41.79282],[-87.75683,41.79282],[-87.75635,41.79283],[-87.75588,41.79283],[-87.7553,41.79285],[-87.75486,41.79285],[-87.75454,41.79286],[-87.75394,41.79287],[-87.75303,41.79288],[-87.75288,41.79288],[-87.75218,41.79289],[-87.7515,41.7929],[-87.75112,41.79291],[-87.7505,41.79292],[-87.75011,41.79292],[-87.74943,41.79293],[-87.74874,41.79294],[-87.74786,41.79296],[-87.74772,41.79296],[-87.74656,41.79297],[-87.74591,41.79298],[-87.74545,41.79299],[-87.74495,41.793],[-87.74446,41.793],[-87.74397,41.79301],[-87.74266,41.79302],[-87.74198,41.79303],[-87.74146,41.79304],[-87.7407,41.79305],[-87.74032,41.79305],[-87.73982,41.79306],[-87.73921,41.79307],[-87.73849,41.79307],[-87.73837,41.79307],[-87.73832,41.79307],[-87.73804,41.79307],[-87.73798,41.79307],[-87.73785,41.79307],[-87.73786,41.79317],[-87.73788,41.79363],[-87.73788,41.79375],[-87.7379,41.79378],[-87.73801,41.79392],[-87.73801,41.79402],[-87.73801,41.79409],[-87.73801,41.79413],[-87.73801,41.79417],[-87.73802,41.79428],[-87.73802,41.79434],[-87.73804,41.79495],[-87.73804,41.79525],[-87.73806,41.79576],[-87.73806,41.79589],[-87.73806,41.79598],[-87.73809,41.7969],[-87.73814,41.7986],[-87.73816,41.79945],[-87.73816,41.79949],[-87.73818,41.80017],[-87.73818,41.80039],[-87.73823,41.80278],[-87.73824,41.80308],[-87.73826,41.80383],[-87.73826,41.80398],[-87.73827,41.8041],[-87.73827,41.80434],[-87.73828,41.80476],[-87.73829,41.80491],[-87.7383,41.80539],[-87.73831,41.80568],[-87.73833,41.80645],[-87.73837,41.80768]]]},"properties":{"level":"hs","grades":"9–12","id":"609718","name":"John F Kennedy High School","url":"https://www.cps.edu/schools/schoolprofiles/609718","x":-87.78084,"y":41.78996}},{"type":"Feature","geometry":{"type":"Polygon","coordinates":[[[-87.74287,41.88168],[-87.74287,41.88185],[-87.75368,41.88171],[-87.75511,41.88167],[-87.75509,41.88121],[-87.75509,41.8812],[-87.75508,41.88078],[-87.75505,41.87983],[-87.75503,41.87952],[-87.75501,41.87894],[-87.755,41.87861],[-87.755,41.87847],[-87.75498,41.87811],[-87.75498,41.87798],[-87.75496,41.87757],[-87.75453,41.86575],[-87.75438,41.86575],[-87.75305,41.86577],[-87.75235,41.86578],[-87.75172,41.86579],[-87.75105,41.8658],[-87.75065,41.86581],[-87.74964,41.86582],[-87.7493,41.86583],[-87.74818,41.86585],[-87.74633,41.86587],[-87.74573,41.86588],[-87.74231,41.86593],[-87.74028,41.86596],[-87.73998,41.86596],[-87.73997,41.86549],[-87.73996,41.86513],[-87.73994,41.86461],[-87.73993,41.86404],[-87.73991,41.86366],[-87.73991,41.86331],[-87.73989,41.86278],[-87.73988,41.8624],[-87.73988,41.8623],[-87.72506,41.86252],[-87.72385,41.86253],[-87.72324,41.86254],[-87.72141,41.86256],[-87.72096,41.86257],[-87.72034,41.86258],[-87.72032,41.86223],[-87.72031,41.86217],[-87.72027,41.86215],[-87.72017,41.86212],[-87.71895,41.86213],[-87.71896,41.86236],[-87.7153,41.8624],[-87.7147,41.86241],[-87.71408,41.86241],[-87.71287,41.86243],[-87.71285,41.86189],[-87.71285,41.86176],[-87.71284,41.86132],[-87.71283,41.86117],[-87.71282,41.86086],[-87.7128,41.86],[-87.71277,41.859],[-87.70295,41.85911],[-87.70274,41.85889],[-87.70078,41.85954],[-87.69575,41.86132],[-87.69569,41.85922],[-87.68583,41.85937],[-87.68581,41.85741],[-87.6858,41.85741],[-87.6852,41.85759],[-87.68498,41.85764],[-87.68484,41.85767],[-87.68437,41.85775],[-87.68418,41.85777],[-87.68374,41.85784],[-87.68304,41.85802],[-87.68259,41.85814],[-87.68149,41.85843],[-87.68113,41.85852],[-87.68096,41.85857],[-87.6805,41.85866],[-87.68032,41.8587],[-87.67972,41.85878],[-87.67937,41.85883],[-87.679,41.85889],[-87.6787,41.85893],[-87.67848,41.85896],[-87.67604,41.85931],[-87.67605,41.85952],[-87.67607,41.86],[-87.67609,41.86077],[-87.6761,41.86102],[-87.67612,41.86152],[-87.67613,41.86199],[-87.67614,41.86225],[-87.67615,41.86335],[-87.67616,41.8637],[-87.67617,41.86403],[-87.67618,41.86422],[-87.67619,41.86454],[-87.6762,41.86494],[-87.6762,41.86521],[-87.67622,41.86566],[-87.67623,41.86613],[-87.67625,41.86662],[-87.67625,41.86675],[-87.67625,41.86688],[-87.67626,41.86709],[-87.67627,41.86728],[-87.67627,41.86757],[-87.67628,41.8677],[-87.6763,41.86846],[-87.67632,41.86932],[-87.67636,41.87063],[-87.67637,41.87106],[-87.67646,41.87419],[-87.6765,41.87537],[-87.67741,41.87537],[-87.68052,41.87533],[-87.68126,41.87533],[-87.68149,41.87534],[-87.68218,41.87534],[-87.68299,41.87533],[-87.68368,41.87533],[-87.68394,41.87532],[-87.686,41.87531],[-87.68625,41.87531],[-87.68648,41.87531],[-87.68704,41.8753],[-87.68784,41.87529],[-87.68869,41.87528],[-87.6895,41.87528],[-87.69022,41.87527],[-87.69108,41.87526],[-87.69132,41.87526],[-87.69137,41.87526],[-87.69209,41.87525],[-87.69372,41.87523],[-87.69428,41.87522],[-87.69506,41.87521],[-87.6951,41.87521],[-87.69629,41.8752],[-87.69641,41.8752],[-87.69666,41.87519],[-87.69719,41.87519],[-87.69737,41.87518],[-87.69826,41.87516],[-87.69987,41.87507],[-87.70104,41.87495],[-87.70151,41.8749],[-87.70194,41.87484],[-87.70285,41.87471],[-87.7034,41.87462],[-87.70399,41.87454],[-87.70454,41.87446],[-87.70526,41.87436],[-87.70552,41.87432],[-87.70581,41.87427],[-87.70593,41.87426],[-87.70606,41.87424],[-87.70624,41.87421],[-87.70638,41.87419],[-87.7069,41.87412],[-87.7086,41.87395],[-87.70892,41.87394],[-87.70985,41.87392],[-87.71068,41.87391],[-87.71198,41.87389],[-87.71293,41.87388],[-87.71417,41.87387],[-87.71494,41.87386],[-87.71556,41.87385],[-87.71584,41.87384],[-87.71607,41.87384],[-87.71613,41.87384],[-87.71801,41.87382],[-87.71839,41.87381],[-87.71978,41.87379],[-87.71987,41.87379],[-87.72016,41.87379],[-87.72037,41.87378],[-87.7205,41.87378],[-87.72085,41.87378],[-87.72256,41.87376],[-87.72301,41.87375],[-87.72474,41.87373],[-87.72524,41.87373],[-87.72542,41.87372],[-87.72544,41.8743],[-87.72545,41.8745],[-87.72545,41.87465],[-87.72548,41.87501],[-87.72552,41.87647],[-87.72553,41.87663],[-87.72554,41.87696],[-87.72555,41.87709],[-87.73951,41.87691],[-87.74024,41.87691],[-87.74036,41.87691],[-87.74049,41.8769],[-87.7427,41.87688],[-87.74272,41.87765],[-87.74273,41.87782],[-87.74274,41.87807],[-87.74275,41.87825],[-87.74275,41.87845],[-87.74276,41.87855],[-87.74278,41.87928],[-87.74279,41.87954],[-87.7428,41.87967],[-87.74281,41.87988],[-87.74282,41.8802],[-87.74282,41.88029],[-87.74284,41.88072],[-87.74285,41.8812],[-87.74286,41.88134],[-87.74287,41.88168]]]},"properties":{"level":"hs","grades":"9–12","id":"609722","name":"Manley Career Academy High School","url":"https://www.cps.edu/schools/schoolprofiles/609722","x":-87.6999,"y":41.87094}},{"type":"Feature","geometry":{"type":"Polygon","coordinates":[[[-87.69018,42.01913],[-87.69017,42.01953],[-87.69034,42.01953],[-87.69044,42.01952],[-87.69267,42.01948],[-87.69316,42.01947],[-87.69345,42.01946],[-87.69569,42.01941],[-87.69579,42.01941],[-87.69637,42.0194],[-87.69645,42.0194],[-87.69709,42.01938],[-87.69736,42.01938],[-87.6982,42.01936],[-87.69878,42.01935],[-87.69941,42.01933],[-87.6998,42.01932],[-87.70017,42.01931],[-87.70051,42.0193],[-87.70171,42.01928],[-87.70194,42.01928],[-87.70213,42.01927],[-87.70414,42.01923],[-87.70431,42.01923],[-87.7048,42.01923],[-87.70501,42.01922],[-87.70591,42.0192],[-87.70655,42.01919],[-87.7069,42.01918],[-87.7073,42.01917],[-87.70809,42.01916],[-87.70831,42.01915],[-87.70852,42.01915],[-87.70868,42.01847],[-87.70868,42.01822],[-87.7087,42.01754],[-87.70873,42.01622],[-87.70874,42.01571],[-87.70875,42.0155],[-87.70877,42.01471],[-87.70877,42.01451],[-87.70879,42.0144],[-87.7089,42.01392],[-87.709,42.01349],[-87.70903,42.01309],[-87.70904,42.01291],[-87.70904,42.01266],[-87.70906,42.01186],[-87.70907,42.01165],[-87.70909,42.01142],[-87.70911,42.01124],[-87.70914,42.01096],[-87.70917,42.0107],[-87.70918,42.01059],[-87.70919,42.01043],[-87.7092,42.01018],[-87.70921,42.00975],[-87.70922,42.00951],[-87.70922,42.00941],[-87.70923,42.009],[-87.70924,42.00868],[-87.70925,42.00818],[-87.70926,42.00794],[-87.70926,42.00778],[-87.70927,42.00739],[-87.70928,42.00723],[-87.70928,42.00687],[-87.7093,42.00617],[-87.70931,42.00585],[-87.70934,42.00492],[-87.70935,42.00416],[-87.70936,42.00379],[-87.70936,42.00361],[-87.70936,42.00338],[-87.70936,42.00316],[-87.70936,42.00291],[-87.70936,42.00248],[-87.70937,42.0018],[-87.70937,42.00171],[-87.70937,42.00151],[-87.70937,42.00144],[-87.70937,42.00103],[-87.70937,42.00075],[-87.70937,41.99988],[-87.70937,41.99979],[-87.70936,41.99869],[-87.70936,41.99818],[-87.70936,41.99806],[-87.70935,41.99783],[-87.70935,41.99752],[-87.70945,41.99739],[-87.70964,41.99738],[-87.70991,41.99738],[-87.71103,41.99736],[-87.71168,41.99735],[-87.71173,41.99735],[-87.71206,41.99734],[-87.71277,41.99733],[-87.71306,41.99733],[-87.71395,41.99731],[-87.71437,41.99731],[-87.71603,41.99729],[-87.71674,41.99729],[-87.71759,41.99729],[-87.71906,41.99728],[-87.72522,41.99725],[-87.72613,41.99725],[-87.72745,41.99724],[-87.728,41.99724],[-87.72818,41.99724],[-87.72879,41.99724],[-87.72891,41.99724],[-87.72891,41.99698],[-87.7289,41.99577],[-87.7289,41.99546],[-87.72889,41.99515],[-87.72889,41.99452],[-87.72889,41.99419],[-87.72888,41.99345],[-87.72888,41.99259],[-87.72887,41.99224],[-87.72887,41.9915],[-87.72886,41.9913],[-87.72867,41.9903],[-87.72864,41.99014],[-87.72863,41.98987],[-87.7286,41.98915],[-87.72859,41.98884],[-87.72858,41.9884],[-87.72857,41.98806],[-87.72855,41.98733],[-87.72854,41.98689],[-87.72854,41.98668],[-87.72853,41.98649],[-87.72852,41.98621],[-87.72852,41.9859],[-87.7285,41.98521],[-87.72848,41.98444],[-87.72844,41.98306],[-87.72842,41.9823],[-87.72833,41.9792],[-87.72833,41.97889],[-87.72829,41.97759],[-87.72826,41.97667],[-87.72825,41.97621],[-87.72825,41.97595],[-87.72823,41.97553],[-87.72736,41.97554],[-87.72677,41.97555],[-87.72525,41.97556],[-87.72432,41.97557],[-87.72395,41.97558],[-87.72354,41.97558],[-87.72336,41.97558],[-87.72127,41.97561],[-87.71968,41.97562],[-87.71831,41.97564],[-87.7178,41.97565],[-87.71662,41.97566],[-87.71599,41.97566],[-87.71528,41.97567],[-87.71458,41.97568],[-87.7137,41.97569],[-87.71327,41.9757],[-87.71313,41.9757],[-87.71267,41.9757],[-87.71223,41.97571],[-87.71159,41.97571],[-87.71112,41.97572],[-87.71042,41.97573],[-87.70946,41.97574],[-87.70868,41.97575],[-87.70807,41.97575],[-87.70754,41.97576],[-87.70698,41.97576],[-87.70521,41.97577],[-87.70473,41.97577],[-87.70475,41.97591],[-87.70476,41.97596],[-87.70479,41.97605],[-87.70482,41.9761],[-87.70483,41.97611],[-87.70481,41.97617],[-87.70487,41.97645],[-87.70492,41.97653],[-87.70493,41.97657],[-87.70494,41.97666],[-87.70502,41.97693],[-87.70506,41.97706],[-87.70509,41.97715],[-87.70512,41.97723],[-87.70514,41.97733],[-87.70519,41.97744],[-87.70522,41.97759],[-87.70523,41.97762],[-87.70524,41.97769],[-87.70528,41.97782],[-87.70531,41.97793],[-87.70533,41.97801],[-87.70534,41.97805],[-87.70536,41.97818],[-87.70541,41.97833],[-87.70542,41.9784],[-87.70546,41.97849],[-87.70548,41.97858],[-87.70551,41.97865],[-87.70568,41.97911],[-87.70571,41.97921],[-87.70576,41.97933],[-87.70577,41.97938],[-87.70581,41.97951],[-87.70585,41.9796],[-87.7059,41.97977],[-87.70591,41.97983],[-87.70596,41.97992],[-87.70597,41.98001],[-87.70599,41.98011],[-87.70599,41.98012],[-87.706,41.98017],[-87.70601,41.98019],[-87.70603,41.98029],[-87.70606,41.98035],[-87.70607,41.98041],[-87.7061,41.98048],[-87.70613,41.98055],[-87.70617,41.98065],[-87.7062,41.98071],[-87.70621,41.98075],[-87.70623,41.98085],[-87.70624,41.98088],[-87.70625,41.98095],[-87.70632,41.98112],[-87.70636,41.98119],[-87.70638,41.98127],[-87.70639,41.9813],[-87.70642,41.9814],[-87.70643,41.98144],[-87.70649,41.98165],[-87.7065,41.98175],[-87.70651,41.98179],[-87.70655,41.98187],[-87.70657,41.98191],[-87.7066,41.98201],[-87.70662,41.98205],[-87.70666,41.98213],[-87.70668,41.98218],[-87.7067,41.98232],[-87.70674,41.98251],[-87.7069,41.98308],[-87.69916,41.98312],[-87.69901,41.97856],[-87.69862,41.97856],[-87.69771,41.97857],[-87.69494,41.97859],[-87.69391,41.97859],[-87.69323,41.97859],[-87.6926,41.9784],[-87.69254,41.97768],[-87.69155,41.97768],[-87.69132,41.97769],[-87.6907,41.97769],[-87.68997,41.9777],[-87.68922,41.97771],[-87.68923,41.97794],[-87.68929,41.97952],[-87.68932,41.98032],[-87.68934,41.98076],[-87.68936,41.98126],[-87.68942,41.9826],[-87.68944,41.98283],[-87.68946,41.9836],[-87.68946,41.98388],[-87.68947,41.98423],[-87.68947,41.98441],[-87.68949,41.98499],[-87.68951,41.98551],[-87.68954,41.98658],[-87.68957,41.98731],[-87.68958,41.98778],[-87.6896,41.98834],[-87.68961,41.98881],[-87.68964,41.9895],[-87.68966,41.98999],[-87.68967,41.9905],[-87.6897,41.99227],[-87.68972,41.99278],[-87.68976,41.99409],[-87.68982,41.99591],[-87.68987,41.99729],[-87.68988,41.99773],[-87.68989,41.99795],[-87.68991,41.99865],[-87.68993,41.99954],[-87.68994,42.00001],[-87.68998,42.00137],[-87.69,42.00232],[-87.69002,42.00291],[-87.69003,42.00338],[-87.69004,42.00389],[-87.69006,42.0045],[-87.69007,42.00481],[-87.69008,42.00553],[-87.69009,42.00593],[-87.6901,42.00613],[-87.6901,42.00625],[-87.6901,42.00649],[-87.69012,42.00703],[-87.69013,42.00726],[-87.69013,42.00747],[-87.69013,42.00763],[-87.69014,42.00774],[-87.69014,42.0079],[-87.69016,42.00863],[-87.69021,42.01046],[-87.69022,42.01093],[-87.69022,42.01122],[-87.69023,42.01137],[-87.69025,42.01212],[-87.69024,42.01331],[-87.69023,42.0142],[-87.69022,42.01566],[-87.69022,42.0158],[-87.69021,42.01606],[-87.69018,42.01913]]]},"properties":{"level":"hs","grades":"9–12","id":"609724","name":"Stephen T Mather High School","url":"https://www.cps.edu/schools/schoolprofiles/609724","x":-87.7025,"y":41.98759}},{"type":"Feature","geometry":{"type":"Polygon","coordinates":[[[-87.66327,41.7212],[-87.66475,41.72399],[-87.66538,41.72524],[-87.66567,41.72582],[-87.66618,41.72682],[-87.66631,41.72708],[-87.66675,41.72795],[-87.66698,41.72842],[-87.66702,41.72842],[-87.66818,41.7303],[-87.66862,41.73084],[-87.6688,41.73106],[-87.66909,41.73138],[-87.66937,41.73171],[-87.67012,41.7326],[-87.67074,41.73334],[-87.67111,41.73376],[-87.67188,41.73464],[-87.67196,41.73474],[-87.67222,41.73505],[-87.67228,41.73513],[-87.67279,41.73565],[-87.67308,41.73566],[-87.67583,41.73562],[-87.67613,41.73561],[-87.6772,41.7356],[-87.67758,41.73559],[-87.67845,41.73558],[-87.6789,41.73558],[-87.68163,41.73554],[-87.68251,41.73553],[-87.68251,41.73547],[-87.68251,41.73546],[-87.6825,41.73506],[-87.68248,41.73433],[-87.68246,41.73354],[-87.68245,41.73325],[-87.68242,41.7326],[-87.68241,41.73209],[-87.6824,41.73187],[-87.68239,41.73148],[-87.68235,41.73034],[-87.68231,41.72875],[-87.68229,41.72824],[-87.68229,41.72813],[-87.68228,41.72786],[-87.68227,41.72744],[-87.68224,41.72639],[-87.68223,41.72634],[-87.6822,41.72532],[-87.6822,41.72527],[-87.68217,41.72436],[-87.68215,41.72365],[-87.68214,41.72348],[-87.68213,41.72306],[-87.68213,41.72305],[-87.68212,41.72278],[-87.6821,41.72211],[-87.68209,41.72183],[-87.68208,41.7213],[-87.68206,41.72094],[-87.68206,41.7209],[-87.68206,41.72089],[-87.68198,41.71812],[-87.68197,41.71769],[-87.68196,41.71728],[-87.68193,41.71662],[-87.68193,41.71645],[-87.68191,41.71584],[-87.68185,41.71392],[-87.68198,41.71367],[-87.6823,41.71367],[-87.68253,41.71367],[-87.68312,41.71366],[-87.68373,41.71365],[-87.68405,41.71365],[-87.68471,41.71364],[-87.68511,41.71364],[-87.68546,41.71363],[-87.68588,41.71363],[-87.68639,41.71362],[-87.68643,41.71362],[-87.68677,41.71362],[-87.68746,41.71361],[-87.68823,41.7136],[-87.68897,41.7136],[-87.68979,41.71359],[-87.69032,41.71358],[-87.69086,41.71358],[-87.69125,41.71357],[-87.69144,41.71357],[-87.69172,41.71323],[-87.69171,41.71289],[-87.69169,41.71231],[-87.69169,41.71212],[-87.69168,41.71189],[-87.69167,41.71155],[-87.69166,41.71142],[-87.69165,41.71104],[-87.69164,41.71074],[-87.69162,41.7102],[-87.69162,41.70993],[-87.69161,41.70986],[-87.69161,41.70981],[-87.6916,41.70957],[-87.69159,41.70919],[-87.69157,41.70868],[-87.69154,41.70774],[-87.69153,41.70731],[-87.69152,41.7072],[-87.69163,41.7072],[-87.69206,41.7072],[-87.69207,41.7072],[-87.69235,41.70719],[-87.69284,41.70719],[-87.69339,41.70718],[-87.69369,41.70718],[-87.69414,41.70717],[-87.69585,41.70715],[-87.69646,41.70714],[-87.69668,41.70714],[-87.697,41.70713],[-87.69717,41.70713],[-87.69729,41.70712],[-87.69741,41.70713],[-87.69801,41.70712],[-87.69844,41.70712],[-87.69856,41.70711],[-87.6987,41.70711],[-87.69902,41.70711],[-87.70137,41.70705],[-87.70135,41.70663],[-87.70132,41.70618],[-87.70255,41.70618],[-87.70274,41.70618],[-87.70325,41.70617],[-87.70379,41.70616],[-87.70381,41.70616],[-87.70434,41.70615],[-87.70492,41.70615],[-87.70502,41.70615],[-87.70542,41.70614],[-87.706,41.70613],[-87.70615,41.70613],[-87.70635,41.70613],[-87.70664,41.70612],[-87.70684,41.70612],[-87.70784,41.7061],[-87.70792,41.7061],[-87.70853,41.7061],[-87.70862,41.70609],[-87.70909,41.70609],[-87.7091,41.70609],[-87.70996,41.70609],[-87.71,41.70609],[-87.71112,41.70609],[-87.71114,41.70651],[-87.71119,41.70803],[-87.71121,41.70867],[-87.71121,41.70885],[-87.71123,41.70946],[-87.71125,41.70994],[-87.71127,41.71052],[-87.71145,41.71149],[-87.71253,41.71148],[-87.71258,41.71319],[-87.71258,41.7133],[-87.71297,41.71329],[-87.71353,41.71328],[-87.71441,41.71327],[-87.71454,41.71327],[-87.71502,41.71326],[-87.71662,41.71324],[-87.71685,41.71324],[-87.71706,41.71323],[-87.7171,41.71323],[-87.71715,41.71323],[-87.71746,41.71323],[-87.71798,41.71322],[-87.71869,41.71321],[-87.71958,41.71319],[-87.72035,41.71318],[-87.72079,41.71318],[-87.72113,41.71317],[-87.7211,41.71253],[-87.7211,41.71205],[-87.72108,41.71117],[-87.72107,41.71069],[-87.72105,41.71001],[-87.72105,41.70997],[-87.72103,41.7095],[-87.72102,41.70907],[-87.72102,41.7089],[-87.72097,41.70752],[-87.72092,41.70612],[-87.72092,41.70594],[-87.72092,41.70591],[-87.72092,41.70587],[-87.72091,41.7057],[-87.7209,41.70551],[-87.72088,41.70499],[-87.72087,41.7048],[-87.72084,41.70428],[-87.72083,41.70406],[-87.7208,41.70325],[-87.72079,41.70319],[-87.72079,41.7031],[-87.72079,41.70297],[-87.72076,41.70245],[-87.72072,41.70131],[-87.7207,41.70069],[-87.72068,41.69997],[-87.72066,41.69928],[-87.72065,41.69888],[-87.72061,41.69801],[-87.72056,41.69693],[-87.72055,41.69679],[-87.72053,41.69615],[-87.72047,41.6946],[-87.72041,41.69306],[-87.72039,41.69256],[-87.72037,41.69221],[-87.72034,41.69176],[-87.72033,41.69168],[-87.72032,41.69128],[-87.72067,41.69131],[-87.72143,41.69131],[-87.72221,41.69129],[-87.72362,41.69127],[-87.72443,41.69125],[-87.72472,41.69125],[-87.72607,41.69123],[-87.72628,41.69122],[-87.7265,41.69122],[-87.72675,41.69121],[-87.72707,41.69121],[-87.72757,41.6912],[-87.72879,41.69117],[-87.72948,41.69116],[-87.73112,41.69112],[-87.73159,41.69111],[-87.73205,41.69111],[-87.73229,41.6911],[-87.73283,41.69109],[-87.73371,41.69108],[-87.73437,41.69106],[-87.7352,41.69105],[-87.73607,41.69103],[-87.73893,41.6909],[-87.73974,41.69086],[-87.73971,41.6902],[-87.7397,41.69],[-87.73966,41.68913],[-87.73966,41.68905],[-87.73945,41.68363],[-87.73857,41.68365],[-87.73793,41.68366],[-87.73733,41.68367],[-87.73678,41.68367],[-87.73245,41.68376],[-87.73195,41.68377],[-87.73152,41.68377],[-87.73024,41.68379],[-87.7297,41.6838],[-87.72956,41.6838],[-87.72831,41.68383],[-87.72393,41.6839],[-87.72324,41.68391],[-87.72247,41.68393],[-87.72192,41.68394],[-87.72006,41.68397],[-87.71931,41.68398],[-87.71896,41.68398],[-87.71828,41.68399],[-87.71754,41.684],[-87.71694,41.68401],[-87.71655,41.68402],[-87.71548,41.68404],[-87.71515,41.68404],[-87.71371,41.68406],[-87.71335,41.68407],[-87.71249,41.68408],[-87.71212,41.68409],[-87.7115,41.68401],[-87.71149,41.68362],[-87.71147,41.6831],[-87.71143,41.68218],[-87.71141,41.68184],[-87.71148,41.68127],[-87.71137,41.68089],[-87.71136,41.68044],[-87.71104,41.68044],[-87.71049,41.68045],[-87.71043,41.68045],[-87.70997,41.68054],[-87.70977,41.68055],[-87.70968,41.68055],[-87.70908,41.68056],[-87.70885,41.68056],[-87.70881,41.68056],[-87.70771,41.68056],[-87.7054,41.68055],[-87.70528,41.68058],[-87.70528,41.68084],[-87.70531,41.68145],[-87.70532,41.68176],[-87.70533,41.68191],[-87.70534,41.68227],[-87.70539,41.68349],[-87.7054,41.68374],[-87.7054,41.68393],[-87.70504,41.68419],[-87.70328,41.68422],[-87.70265,41.68423],[-87.70179,41.68424],[-87.70124,41.68425],[-87.70055,41.68426],[-87.70057,41.68471],[-87.70059,41.6852],[-87.7006,41.68542],[-87.7006,41.68562],[-87.70062,41.68597],[-87.70062,41.68613],[-87.70022,41.68614],[-87.6994,41.68615],[-87.69941,41.68633],[-87.69943,41.68677],[-87.69944,41.68714],[-87.69945,41.6874],[-87.69946,41.68758],[-87.69947,41.68789],[-87.69947,41.68793],[-87.69917,41.68794],[-87.69891,41.68794],[-87.69882,41.68794],[-87.69799,41.68794],[-87.69709,41.68797],[-87.69661,41.68798],[-87.69651,41.688],[-87.6965,41.688],[-87.69621,41.68803],[-87.69615,41.68803],[-87.69605,41.68808],[-87.69576,41.68808],[-87.6957,41.68636],[-87.69567,41.68567],[-87.69564,41.68481],[-87.69563,41.68433],[-87.69519,41.68434],[-87.6944,41.68435],[-87.69406,41.68436],[-87.69184,41.68439],[-87.69053,41.68441],[-87.69005,41.68441],[-87.68992,41.68442],[-87.6899,41.68442],[-87.68927,41.68442],[-87.68868,41.68443],[-87.68857,41.68443],[-87.68829,41.68444],[-87.68793,41.68445],[-87.68761,41.68445],[-87.68725,41.68446],[-87.68682,41.68446],[-87.68647,41.68447],[-87.68595,41.68447],[-87.68572,41.68437],[-87.6857,41.6839],[-87.68569,41.68357],[-87.68568,41.68311],[-87.68566,41.68266],[-87.68558,41.67994],[-87.68557,41.67939],[-87.68559,41.67903],[-87.68565,41.67867],[-87.68571,41.67844],[-87.68581,41.67812],[-87.68621,41.67721],[-87.6856,41.67721],[-87.68498,41.67722],[-87.68472,41.67723],[-87.68293,41.67727],[-87.68254,41.67728],[-87.68193,41.6773],[-87.68137,41.67729],[-87.68113,41.67727],[-87.6807,41.67726],[-87.67956,41.67723],[-87.67936,41.67723],[-87.67876,41.67723],[-87.67836,41.67723],[-87.67784,41.67724],[-87.67723,41.67725],[-87.67689,41.67726],[-87.67669,41.67726],[-87.67545,41.67728],[-87.67516,41.67729],[-87.67489,41.67729],[-87.67409,41.67731],[-87.67387,41.67731],[-87.67324,41.67732],[-87.67267,41.67733],[-87.67241,41.67733],[-87.67239,41.67733],[-87.67217,41.67734],[-87.67181,41.67734],[-87.67169,41.67735],[-87.67136,41.67735],[-87.67116,41.67736],[-87.67085,41.67737],[-87.67056,41.67737],[-87.67017,41.67738],[-87.66946,41.67739],[-87.6687,41.6774],[-87.6685,41.67741],[-87.66803,41.67742],[-87.66798,41.67733],[-87.6684,41.67619],[-87.66743,41.67599],[-87.66719,41.67632],[-87.6668,41.67735],[-87.66657,41.67744],[-87.66624,41.67745],[-87.66479,41.67748],[-87.66434,41.67748],[-87.66404,41.67749],[-87.66299,41.67751],[-87.66253,41.67752],[-87.66241,41.67752],[-87.6624,41.67752],[-87.66225,41.67753],[-87.66224,41.67753],[-87.66176,41.67754],[-87.66156,41.67754],[-87.66153,41.67754],[-87.66137,41.67754],[-87.66152,41.68289],[-87.66155,41.68388],[-87.66158,41.68429],[-87.66158,41.68459],[-87.6616,41.68482],[-87.66125,41.68483],[-87.66065,41.68483],[-87.66021,41.68484],[-87.65965,41.68485],[-87.65917,41.68485],[-87.65857,41.68486],[-87.65815,41.68487],[-87.65745,41.68488],[-87.65711,41.68488],[-87.65674,41.68489],[-87.65627,41.68489],[-87.65552,41.6849],[-87.65485,41.68491],[-87.65449,41.68492],[-87.65369,41.68493],[-87.65346,41.68493],[-87.65309,41.68493],[-87.65251,41.68494],[-87.65204,41.68495],[-87.65117,41.68496],[-87.65096,41.68496],[-87.65066,41.68497],[-87.65043,41.68497],[-87.64967,41.68498],[-87.64551,41.68504],[-87.64775,41.68946],[-87.64917,41.69227],[-87.64935,41.69264],[-87.64991,41.69374],[-87.65001,41.69394],[-87.65026,41.69443],[-87.65096,41.69582],[-87.65121,41.6963],[-87.65165,41.69717],[-87.65206,41.69798],[-87.65253,41.69892],[-87.65283,41.69953],[-87.65366,41.69952],[-87.65382,41.69952],[-87.65459,41.69951],[-87.65514,41.6995],[-87.65528,41.6995],[-87.65625,41.69948],[-87.65732,41.69947],[-87.65778,41.69946],[-87.65805,41.69945],[-87.65845,41.69945],[-87.65874,41.69944],[-87.65857,41.69992],[-87.65822,41.70086],[-87.65765,41.70239],[-87.65744,41.70298],[-87.65726,41.70347],[-87.65706,41.70399],[-87.65671,41.70496],[-87.65645,41.70564],[-87.65611,41.70654],[-87.65607,41.707],[-87.65644,41.7077],[-87.65683,41.70848],[-87.65727,41.70935],[-87.65752,41.70985],[-87.65763,41.71006],[-87.65781,41.71042],[-87.65816,41.71113],[-87.65828,41.71135],[-87.65836,41.71152],[-87.6588,41.71238],[-87.65925,41.71326],[-87.65964,41.71401],[-87.65997,41.71467],[-87.66007,41.71488],[-87.66071,41.71617],[-87.66091,41.71656],[-87.66097,41.71668],[-87.66117,41.71708],[-87.66176,41.71824],[-87.66191,41.71854],[-87.66197,41.71866],[-87.6621,41.71892],[-87.66255,41.71982],[-87.66264,41.72006],[-87.66268,41.72099],[-87.66268,41.72122],[-87.66275,41.72121],[-87.66326,41.7212],[-87.66327,41.7212]],[[-87.69576,41.69172],[-87.69602,41.69893],[-87.69553,41.69893],[-87.69124,41.69898],[-87.69101,41.69228],[-87.6921,41.6922],[-87.69209,41.69176],[-87.69576,41.69172]]]},"properties":{"level":"hs","grades":"9–12","id":"609725","name":"Morgan Park High School","url":"https://www.cps.edu/schools/schoolprofiles/609725","x":-87.66566,"y":41.69203}},{"type":"Feature","geometry":{"type":"Polygon","coordinates":[[[-87.69475,41.96127],[-87.69548,41.96293],[-87.69605,41.96368],[-87.69831,41.96589],[-87.69911,41.96673],[-87.70108,41.96851],[-87.70124,41.96872],[-87.70144,41.96894],[-87.70145,41.96902],[-87.70147,41.9691],[-87.70154,41.9692],[-87.70179,41.96946],[-87.70194,41.96959],[-87.70202,41.96962],[-87.70215,41.96977],[-87.70235,41.96999],[-87.70263,41.97032],[-87.70278,41.97053],[-87.70287,41.97068],[-87.70301,41.97089],[-87.70322,41.97124],[-87.70344,41.97169],[-87.70357,41.97195],[-87.70363,41.97219],[-87.70369,41.97243],[-87.70374,41.97259],[-87.70379,41.97286],[-87.70381,41.97298],[-87.70383,41.97307],[-87.70389,41.97321],[-87.70393,41.97328],[-87.704,41.97345],[-87.70404,41.97355],[-87.70473,41.97577],[-87.70521,41.97577],[-87.70698,41.97576],[-87.70754,41.97576],[-87.70807,41.97575],[-87.70868,41.97575],[-87.70946,41.97574],[-87.71042,41.97573],[-87.71112,41.97572],[-87.71159,41.97571],[-87.71223,41.97571],[-87.71267,41.9757],[-87.71313,41.9757],[-87.71327,41.9757],[-87.7137,41.97569],[-87.71458,41.97568],[-87.71528,41.97567],[-87.71599,41.97566],[-87.71662,41.97566],[-87.7178,41.97565],[-87.71831,41.97564],[-87.71968,41.97562],[-87.72127,41.97561],[-87.72336,41.97558],[-87.72354,41.97558],[-87.72395,41.97558],[-87.72432,41.97557],[-87.72525,41.97556],[-87.72677,41.97555],[-87.72736,41.97554],[-87.72823,41.97553],[-87.72821,41.97475],[-87.72818,41.97379],[-87.72818,41.97375],[-87.72817,41.97319],[-87.72816,41.97283],[-87.72813,41.97188],[-87.7281,41.97072],[-87.72807,41.9696],[-87.72806,41.96932],[-87.72804,41.9687],[-87.72803,41.96824],[-87.72865,41.96823],[-87.72874,41.96823],[-87.73017,41.96822],[-87.73089,41.96821],[-87.73173,41.9682],[-87.7326,41.96819],[-87.73297,41.96819],[-87.74016,41.96811],[-87.73578,41.96511],[-87.73499,41.96458],[-87.73481,41.96444],[-87.73422,41.96404],[-87.73399,41.96389],[-87.73383,41.96377],[-87.73341,41.96349],[-87.73197,41.96249],[-87.72969,41.96093],[-87.72779,41.95961],[-87.72654,41.95875],[-87.72399,41.95699],[-87.72395,41.95697],[-87.72278,41.95618],[-87.72187,41.95556],[-87.71433,41.95039],[-87.71403,41.9502],[-87.71281,41.95022],[-87.71281,41.95065],[-87.71282,41.95094],[-87.71283,41.95132],[-87.71285,41.95204],[-87.71286,41.95262],[-87.71289,41.95348],[-87.7129,41.9538],[-87.71168,41.95387],[-87.71127,41.95388],[-87.70927,41.95391],[-87.70679,41.95393],[-87.70557,41.95394],[-87.70313,41.95395],[-87.69596,41.95399],[-87.69539,41.95399],[-87.69454,41.95399],[-87.6945,41.95429],[-87.69449,41.95439],[-87.69446,41.95458],[-87.69444,41.95466],[-87.69444,41.95477],[-87.69444,41.95496],[-87.69447,41.95505],[-87.69446,41.95527],[-87.69447,41.95537],[-87.69443,41.95552],[-87.69442,41.95564],[-87.69441,41.95573],[-87.69441,41.95579],[-87.69439,41.95588],[-87.69437,41.95654],[-87.69437,41.95681],[-87.69427,41.95685],[-87.69427,41.957],[-87.69438,41.95706],[-87.69435,41.95756],[-87.69435,41.95762],[-87.69435,41.95763],[-87.69435,41.95765],[-87.69434,41.95768],[-87.69434,41.95776],[-87.69435,41.95782],[-87.69435,41.95789],[-87.69439,41.95801],[-87.6944,41.95807],[-87.69442,41.95828],[-87.69446,41.95862],[-87.69448,41.95877],[-87.69452,41.95889],[-87.69455,41.95904],[-87.69458,41.9592],[-87.6946,41.95944],[-87.69459,41.95964],[-87.69462,41.95985],[-87.69467,41.96024],[-87.69467,41.96056],[-87.69469,41.96077],[-87.6947,41.96094],[-87.6947,41.9611],[-87.69475,41.96127]]]},"properties":{"level":"hs","grades":"9–12","id":"609728","name":"Theodore Roosevelt High School","url":"https://www.cps.edu/schools/schoolprofiles/609728","x":-87.71482,"y":41.96483}},{"type":"Feature","geometry":{"type":"Polygon","coordinates":[[[-87.7606,41.9677],[-87.76062,41.96773],[-87.76136,41.96759],[-87.76279,41.96768],[-87.76356,41.96772],[-87.76502,41.9678],[-87.76501,41.96735],[-87.765,41.9672],[-87.76499,41.96686],[-87.76497,41.96595],[-87.76495,41.9653],[-87.76492,41.9644],[-87.7649,41.96392],[-87.76489,41.96355],[-87.76488,41.96308],[-87.76485,41.96238],[-87.76558,41.96237],[-87.7673,41.96235],[-87.76726,41.96094],[-87.76759,41.96048],[-87.76847,41.96047],[-87.7694,41.96046],[-87.77017,41.96044],[-87.77185,41.96042],[-87.77213,41.96042],[-87.77212,41.96014],[-87.77211,41.95975],[-87.7721,41.95951],[-87.77209,41.95905],[-87.77207,41.95859],[-87.77203,41.95722],[-87.77201,41.95686],[-87.77201,41.9566],[-87.77196,41.95506],[-87.77194,41.95471],[-87.7719,41.95336],[-87.77189,41.95312],[-87.78656,41.95292],[-87.78653,41.95232],[-87.78652,41.95195],[-87.78645,41.95043],[-87.78643,41.94989],[-87.78641,41.94958],[-87.78639,41.94895],[-87.78636,41.94839],[-87.78634,41.9478],[-87.78632,41.94748],[-87.78628,41.94578],[-87.78631,41.94566],[-87.78635,41.94522],[-87.78633,41.94475],[-87.78631,41.94418],[-87.78623,41.94249],[-87.78621,41.94199],[-87.7856,41.942],[-87.78551,41.94201],[-87.78415,41.94202],[-87.7834,41.94203],[-87.78122,41.94205],[-87.78041,41.94206],[-87.77947,41.94207],[-87.77879,41.94208],[-87.77793,41.94209],[-87.77636,41.94211],[-87.77634,41.94161],[-87.77633,41.94138],[-87.7763,41.94074],[-87.77629,41.94049],[-87.77627,41.93978],[-87.77626,41.9396],[-87.77624,41.9391],[-87.77623,41.93891],[-87.77622,41.93875],[-87.77621,41.93845],[-87.77581,41.93845],[-87.77532,41.93846],[-87.77403,41.93848],[-87.77257,41.9385],[-87.77136,41.93851],[-87.77129,41.93669],[-87.77008,41.9367],[-87.77002,41.93488],[-87.76966,41.93488],[-87.7688,41.93489],[-87.76777,41.93491],[-87.76733,41.93492],[-87.76637,41.93493],[-87.76656,41.9404],[-87.76676,41.94588],[-87.7664,41.94588],[-87.76592,41.94589],[-87.76491,41.9459],[-87.76407,41.94591],[-87.76272,41.94593],[-87.76184,41.94594],[-87.76182,41.94548],[-87.76178,41.94426],[-87.7612,41.94412],[-87.7603,41.94413],[-87.75958,41.94414],[-87.75764,41.94417],[-87.75686,41.94418],[-87.75685,41.94372],[-87.75684,41.94358],[-87.75684,41.94338],[-87.75682,41.94299],[-87.75681,41.94235],[-87.75374,41.94239],[-87.75261,41.9424],[-87.7519,41.94241],[-87.75191,41.94271],[-87.75192,41.94333],[-87.75193,41.9434],[-87.75194,41.94383],[-87.75195,41.94424],[-87.74959,41.94427],[-87.74863,41.94428],[-87.74765,41.94429],[-87.74701,41.94421],[-87.74699,41.94352],[-87.74697,41.94274],[-87.74696,41.94248],[-87.74611,41.94249],[-87.74562,41.9425],[-87.74492,41.94251],[-87.7446,41.94251],[-87.74416,41.94252],[-87.744,41.94252],[-87.74365,41.94253],[-87.74327,41.94253],[-87.74296,41.94253],[-87.74247,41.94253],[-87.74242,41.94232],[-87.74241,41.94199],[-87.74241,41.94183],[-87.7424,41.94138],[-87.74239,41.94125],[-87.74238,41.94092],[-87.74235,41.93995],[-87.74235,41.93971],[-87.74233,41.93917],[-87.74233,41.93889],[-87.74232,41.93889],[-87.74232,41.9388],[-87.7423,41.9388],[-87.7423,41.93859],[-87.74229,41.93845],[-87.74228,41.93822],[-87.74228,41.93806],[-87.74226,41.93757],[-87.74225,41.93726],[-87.74223,41.93671],[-87.74222,41.93644],[-87.7422,41.93599],[-87.74219,41.93585],[-87.74218,41.93553],[-87.74217,41.93527],[-87.74216,41.93497],[-87.74215,41.93467],[-87.74214,41.93437],[-87.74213,41.93411],[-87.74212,41.93384],[-87.74211,41.93355],[-87.74211,41.93342],[-87.74421,41.93339],[-87.7454,41.93337],[-87.74599,41.93337],[-87.74667,41.93335],[-87.74665,41.93299],[-87.74664,41.93265],[-87.74662,41.93215],[-87.7466,41.9317],[-87.74659,41.93153],[-87.74657,41.9308],[-87.74654,41.93032],[-87.74652,41.92965],[-87.74648,41.92882],[-87.74646,41.92833],[-87.74645,41.92791],[-87.74639,41.92653],[-87.74638,41.92623],[-87.74419,41.92626],[-87.74298,41.92627],[-87.74251,41.92628],[-87.74191,41.92629],[-87.74187,41.92629],[-87.74206,41.9315],[-87.74193,41.93159],[-87.73165,41.93173],[-87.73155,41.93173],[-87.73148,41.93173],[-87.73137,41.93174],[-87.72835,41.93177],[-87.72758,41.93178],[-87.72665,41.9318],[-87.72576,41.93181],[-87.72534,41.93181],[-87.72394,41.93183],[-87.72331,41.93184],[-87.72289,41.93184],[-87.72233,41.93185],[-87.72209,41.93185],[-87.72186,41.93185],[-87.72133,41.93186],[-87.72065,41.93187],[-87.71888,41.93189],[-87.71664,41.93192],[-87.71504,41.93193],[-87.71225,41.93198],[-87.71173,41.93171],[-87.70575,41.92806],[-87.70488,41.9284],[-87.69046,41.92853],[-87.68943,41.92837],[-87.68848,41.92844],[-87.68777,41.92864],[-87.68016,41.92929],[-87.68032,41.92964],[-87.68047,41.92993],[-87.68054,41.93007],[-87.68074,41.93051],[-87.68129,41.93093],[-87.68209,41.93137],[-87.68284,41.93223],[-87.68284,41.93233],[-87.68338,41.93329],[-87.68341,41.93338],[-87.68348,41.93342],[-87.68353,41.93344],[-87.68409,41.93356],[-87.68427,41.93362],[-87.6844,41.93362],[-87.68469,41.93367],[-87.68481,41.93367],[-87.6851,41.93371],[-87.68521,41.93376],[-87.68526,41.93379],[-87.68549,41.9338],[-87.68588,41.93401],[-87.68629,41.93435],[-87.68701,41.93525],[-87.68706,41.9353],[-87.68714,41.93538],[-87.6874,41.93562],[-87.68782,41.93601],[-87.68799,41.9361],[-87.68799,41.9364],[-87.68799,41.93651],[-87.68799,41.93672],[-87.68805,41.93946],[-87.68821,41.94492],[-87.68821,41.94505],[-87.68823,41.94578],[-87.68826,41.94673],[-87.68886,41.94673],[-87.68947,41.94673],[-87.69024,41.94673],[-87.69103,41.94673],[-87.69251,41.94672],[-87.69318,41.94672],[-87.6962,41.9467],[-87.69621,41.94689],[-87.69622,41.94699],[-87.69624,41.94711],[-87.6963,41.94734],[-87.69635,41.94767],[-87.69647,41.94795],[-87.69653,41.94822],[-87.6966,41.94852],[-87.69664,41.94875],[-87.69671,41.94904],[-87.69675,41.94932],[-87.69678,41.94946],[-87.6968,41.9496],[-87.69685,41.94987],[-87.69686,41.95001],[-87.69683,41.95027],[-87.69681,41.95032],[-87.69663,41.95068],[-87.69657,41.95079],[-87.69644,41.95099],[-87.6964,41.95102],[-87.69625,41.95127],[-87.69621,41.95135],[-87.69618,41.95144],[-87.69615,41.95149],[-87.6961,41.95159],[-87.69607,41.95163],[-87.69602,41.95173],[-87.69595,41.95187],[-87.69588,41.95198],[-87.69581,41.95212],[-87.69578,41.95218],[-87.69566,41.95235],[-87.69552,41.95256],[-87.6954,41.95271],[-87.69458,41.95381],[-87.69455,41.95392],[-87.69454,41.95399],[-87.69539,41.95399],[-87.69596,41.95399],[-87.70313,41.95395],[-87.70557,41.95394],[-87.70679,41.95393],[-87.70927,41.95391],[-87.71127,41.95388],[-87.71168,41.95387],[-87.7129,41.9538],[-87.71289,41.95348],[-87.71286,41.95262],[-87.71285,41.95204],[-87.71283,41.95132],[-87.71282,41.95094],[-87.71281,41.95065],[-87.71281,41.95022],[-87.71403,41.9502],[-87.71433,41.95039],[-87.72187,41.95556],[-87.72278,41.95618],[-87.72395,41.95697],[-87.72399,41.95699],[-87.72654,41.95875],[-87.72779,41.95961],[-87.72969,41.96093],[-87.73197,41.96249],[-87.73341,41.96349],[-87.73383,41.96377],[-87.73399,41.96389],[-87.73422,41.96404],[-87.73481,41.96444],[-87.73499,41.96458],[-87.73578,41.96511],[-87.73576,41.9646],[-87.73576,41.96451],[-87.73644,41.9645],[-87.73712,41.96449],[-87.73779,41.96448],[-87.73855,41.96448],[-87.73924,41.96447],[-87.74015,41.96446],[-87.74099,41.96445],[-87.74197,41.96444],[-87.74238,41.96443],[-87.74272,41.96443],[-87.74409,41.96441],[-87.74476,41.96441],[-87.74541,41.9644],[-87.74558,41.9644],[-87.74585,41.96439],[-87.74659,41.96439],[-87.74666,41.96439],[-87.74678,41.96438],[-87.74708,41.96438],[-87.74725,41.96438],[-87.7478,41.96436],[-87.7479,41.96437],[-87.74806,41.96437],[-87.74837,41.96437],[-87.74911,41.96436],[-87.74939,41.96435],[-87.7503,41.96434],[-87.75156,41.96433],[-87.75191,41.96432],[-87.75236,41.96432],[-87.75293,41.96431],[-87.75343,41.9643],[-87.75412,41.96429],[-87.75497,41.96428],[-87.75671,41.96426],[-87.75688,41.96425],[-87.7574,41.964],[-87.75759,41.96422],[-87.75805,41.96476],[-87.75842,41.96519],[-87.75874,41.96555],[-87.75904,41.96589],[-87.75937,41.96627],[-87.75968,41.96663],[-87.76009,41.96711],[-87.7606,41.9677]]]},"properties":{"level":"hs","grades":"9–12","id":"609729","name":"Carl Schurz High School","url":"https://www.cps.edu/schools/schoolprofiles/609729","x":-87.73561,"y":41.94637}},{"type":"Feature","geometry":{"type":"Polygon","coordinates":[[[-87.65565,41.99982],[-87.65587,42.00045],[-87.65597,42.00074],[-87.65598,42.00079],[-87.65593,42.00086],[-87.65592,42.00092],[-87.65594,42.00111],[-87.65596,42.00119],[-87.65598,42.00122],[-87.65606,42.00139],[-87.65614,42.00155],[-87.65616,42.00158],[-87.65616,42.00159],[-87.65622,42.00159],[-87.65628,42.00159],[-87.65635,42.00159],[-87.65692,42.00158],[-87.65694,42.00158],[-87.65727,42.00158],[-87.65822,42.00157],[-87.65861,42.00156],[-87.65873,42.00156],[-87.65914,42.00155],[-87.65998,42.00154],[-87.66075,42.00153],[-87.66074,42.00141],[-87.66072,42.00107],[-87.66073,42.00097],[-87.66071,42.00044],[-87.66558,42.00038],[-87.66557,41.99997],[-87.6703,41.99991],[-87.67123,41.99993],[-87.67146,42.00059],[-87.67509,42.00052],[-87.67512,42.00165],[-87.67852,42.00162],[-87.68026,42.00158],[-87.68148,42.00153],[-87.68214,42.00101],[-87.68325,42.00099],[-87.68325,42.00012],[-87.68994,42.00001],[-87.68993,41.99954],[-87.68991,41.99865],[-87.68989,41.99795],[-87.68988,41.99773],[-87.68987,41.99729],[-87.68982,41.99591],[-87.68976,41.99409],[-87.68972,41.99278],[-87.6897,41.99227],[-87.68967,41.9905],[-87.68966,41.98999],[-87.68964,41.9895],[-87.68961,41.98881],[-87.6896,41.98834],[-87.68958,41.98778],[-87.68957,41.98731],[-87.68954,41.98658],[-87.68951,41.98551],[-87.68949,41.98499],[-87.68947,41.98441],[-87.68947,41.98423],[-87.68946,41.98388],[-87.68946,41.9836],[-87.68944,41.98283],[-87.68942,41.9826],[-87.68936,41.98126],[-87.68934,41.98076],[-87.68932,41.98032],[-87.68929,41.97952],[-87.68422,41.9796],[-87.68394,41.97975],[-87.68369,41.97988],[-87.68334,41.98006],[-87.68293,41.98028],[-87.68246,41.98053],[-87.68185,41.98085],[-87.68177,41.98089],[-87.68131,41.98113],[-87.68116,41.98121],[-87.68084,41.98137],[-87.68058,41.9815],[-87.68032,41.98164],[-87.67972,41.98194],[-87.6795,41.9821],[-87.6795,41.98219],[-87.6795,41.98222],[-87.6795,41.98247],[-87.67952,41.98298],[-87.67951,41.98316],[-87.67946,41.98322],[-87.67944,41.98323],[-87.6792,41.98327],[-87.67896,41.98326],[-87.67884,41.98326],[-87.67837,41.98326],[-87.67772,41.98327],[-87.67725,41.98328],[-87.67609,41.9833],[-87.67493,41.98332],[-87.67472,41.98333],[-87.67461,41.98336],[-87.67456,41.98157],[-87.67222,41.98161],[-87.67219,41.9807],[-87.67186,41.9807],[-87.67109,41.98072],[-87.67035,41.98073],[-87.66974,41.98074],[-87.66971,41.97972],[-87.66969,41.97891],[-87.66966,41.978],[-87.66965,41.97754],[-87.66962,41.97631],[-87.66961,41.97617],[-87.66957,41.9736],[-87.66944,41.96874],[-87.6694,41.96726],[-87.6694,41.96705],[-87.66939,41.96688],[-87.66926,41.96159],[-87.66595,41.96163],[-87.66579,41.96118],[-87.66567,41.96088],[-87.66561,41.96073],[-87.66545,41.9603],[-87.66531,41.95995],[-87.66519,41.95963],[-87.66508,41.95938],[-87.665,41.95918],[-87.66479,41.95867],[-87.66451,41.95803],[-87.66447,41.95796],[-87.66426,41.95762],[-87.6635,41.9564],[-87.66288,41.95538],[-87.66225,41.95438],[-87.65964,41.95442],[-87.65747,41.95445],[-87.65686,41.95445],[-87.65614,41.95446],[-87.65543,41.95448],[-87.65131,41.95454],[-87.65045,41.95442],[-87.65023,41.95409],[-87.64967,41.95319],[-87.64966,41.95295],[-87.64939,41.95276],[-87.6493,41.95276],[-87.64875,41.9528],[-87.64843,41.95282],[-87.64764,41.95287],[-87.64708,41.9529],[-87.64584,41.95298],[-87.64528,41.95304],[-87.64501,41.95306],[-87.64481,41.95308],[-87.64456,41.9531],[-87.64444,41.9531],[-87.64044,41.95347],[-87.64059,41.95361],[-87.64061,41.95368],[-87.64065,41.9538],[-87.64074,41.95406],[-87.64078,41.95418],[-87.64081,41.95422],[-87.64089,41.9544],[-87.64095,41.95459],[-87.6412,41.95549],[-87.64123,41.95564],[-87.64135,41.95629],[-87.64139,41.95642],[-87.64142,41.95659],[-87.6415,41.95699],[-87.64153,41.95715],[-87.64163,41.95773],[-87.6417,41.95813],[-87.64173,41.95825],[-87.64174,41.95835],[-87.64174,41.95843],[-87.64173,41.95851],[-87.64168,41.95898],[-87.64167,41.95909],[-87.64163,41.95933],[-87.64103,41.9593],[-87.64102,41.95935],[-87.6412,41.95936],[-87.64161,41.9594],[-87.64155,41.95996],[-87.64156,41.96026],[-87.64163,41.96039],[-87.64172,41.96049],[-87.64212,41.96087],[-87.64222,41.96101],[-87.64228,41.96152],[-87.64222,41.96167],[-87.64217,41.96176],[-87.64206,41.96191],[-87.642,41.96197],[-87.64185,41.9621],[-87.64146,41.96229],[-87.64125,41.96234],[-87.64118,41.96235],[-87.641,41.96237],[-87.64065,41.96241],[-87.64032,41.96246],[-87.6392,41.96259],[-87.63838,41.9627],[-87.63791,41.96275],[-87.63779,41.96277],[-87.6373,41.96282],[-87.63695,41.96286],[-87.63676,41.96288],[-87.63639,41.96289],[-87.63613,41.96287],[-87.63563,41.96271],[-87.63551,41.96261],[-87.6355,41.9626],[-87.63539,41.96245],[-87.63537,41.96243],[-87.63533,41.96214],[-87.63533,41.96212],[-87.6354,41.96194],[-87.63552,41.96175],[-87.63583,41.96138],[-87.63598,41.96125],[-87.63639,41.96094],[-87.63677,41.96073],[-87.63786,41.96036],[-87.63817,41.96031],[-87.6384,41.96028],[-87.6385,41.96028],[-87.63852,41.96028],[-87.63864,41.96027],[-87.63871,41.96028],[-87.63882,41.96029],[-87.63898,41.96031],[-87.63921,41.96036],[-87.63927,41.96038],[-87.63953,41.96051],[-87.64012,41.96083],[-87.64026,41.96089],[-87.64038,41.9609],[-87.64047,41.96089],[-87.64051,41.96088],[-87.64052,41.96088],[-87.64057,41.96086],[-87.64086,41.96065],[-87.64095,41.96049],[-87.64096,41.9603],[-87.64086,41.96006],[-87.64026,41.95972],[-87.64024,41.9595],[-87.64029,41.95921],[-87.64009,41.95967],[-87.64005,41.95967],[-87.64002,41.95966],[-87.63984,41.95962],[-87.63933,41.9595],[-87.63895,41.95942],[-87.63854,41.95938],[-87.63746,41.95937],[-87.63653,41.95959],[-87.63632,41.9597],[-87.63609,41.95984],[-87.63588,41.95999],[-87.63567,41.96014],[-87.63549,41.96029],[-87.63522,41.96053],[-87.63485,41.96091],[-87.63476,41.96098],[-87.63448,41.96122],[-87.63432,41.96132],[-87.63422,41.96138],[-87.63385,41.96153],[-87.63356,41.96169],[-87.63346,41.96175],[-87.63322,41.96182],[-87.63301,41.96188],[-87.63278,41.96196],[-87.63173,41.96232],[-87.63153,41.96241],[-87.63107,41.96284],[-87.63101,41.96298],[-87.631,41.96306],[-87.631,41.96323],[-87.63102,41.96333],[-87.63107,41.96346],[-87.63128,41.96375],[-87.63141,41.96387],[-87.63166,41.96403],[-87.63173,41.96423],[-87.6318,41.96446],[-87.63187,41.9648],[-87.63191,41.9651],[-87.63193,41.96546],[-87.63193,41.96558],[-87.63193,41.96562],[-87.63191,41.96592],[-87.63187,41.96621],[-87.63176,41.96665],[-87.6317,41.96684],[-87.6317,41.96685],[-87.6315,41.96733],[-87.63143,41.96748],[-87.63135,41.96763],[-87.63132,41.96767],[-87.63117,41.96793],[-87.63091,41.96829],[-87.63088,41.96835],[-87.63087,41.96841],[-87.63087,41.96851],[-87.63089,41.96856],[-87.6309,41.96859],[-87.63095,41.96866],[-87.63098,41.96869],[-87.63101,41.96872],[-87.63106,41.96875],[-87.63108,41.96877],[-87.63132,41.96885],[-87.63146,41.96886],[-87.63156,41.96885],[-87.63161,41.96884],[-87.63168,41.96881],[-87.63177,41.96877],[-87.63182,41.96874],[-87.63186,41.96871],[-87.63191,41.96865],[-87.63195,41.96858],[-87.63198,41.96847],[-87.63198,41.96841],[-87.63196,41.96833],[-87.63192,41.96825],[-87.63189,41.96821],[-87.63182,41.96815],[-87.63175,41.96819],[-87.63179,41.96822],[-87.63184,41.96828],[-87.63187,41.96832],[-87.63189,41.96839],[-87.6319,41.96847],[-87.63188,41.96854],[-87.63187,41.96855],[-87.63186,41.96858],[-87.63183,41.96862],[-87.6318,41.96865],[-87.63176,41.96869],[-87.63172,41.96872],[-87.6317,41.96873],[-87.63163,41.96876],[-87.6315,41.96879],[-87.63144,41.96879],[-87.63129,41.96877],[-87.63123,41.96876],[-87.63112,41.9687],[-87.6311,41.96869],[-87.63106,41.96866],[-87.63103,41.96862],[-87.63099,41.96856],[-87.63097,41.9685],[-87.63096,41.96839],[-87.631,41.9683],[-87.63111,41.96816],[-87.63135,41.96779],[-87.63146,41.96759],[-87.63147,41.96757],[-87.63153,41.96745],[-87.63155,41.96741],[-87.63169,41.96711],[-87.63179,41.96685],[-87.63182,41.96677],[-87.63204,41.96661],[-87.63289,41.96645],[-87.63419,41.96642],[-87.63493,41.96646],[-87.6358,41.96667],[-87.63756,41.96733],[-87.63932,41.968],[-87.64126,41.96863],[-87.64231,41.96906],[-87.64271,41.96926],[-87.64308,41.96943],[-87.64398,41.96987],[-87.64458,41.97024],[-87.64465,41.97032],[-87.64481,41.97053],[-87.64502,41.97084],[-87.64563,41.97176],[-87.64574,41.97196],[-87.64588,41.97224],[-87.64598,41.97244],[-87.64606,41.97262],[-87.64618,41.97298],[-87.64619,41.97304],[-87.64623,41.97359],[-87.64624,41.97394],[-87.64625,41.97415],[-87.64628,41.97452],[-87.64624,41.97494],[-87.64612,41.97557],[-87.64613,41.97571],[-87.64616,41.97596],[-87.64627,41.97643],[-87.64628,41.97647],[-87.64636,41.97688],[-87.64638,41.97698],[-87.64639,41.97705],[-87.64646,41.9772],[-87.64666,41.97744],[-87.64613,41.97783],[-87.64657,41.97756],[-87.64676,41.97752],[-87.64704,41.97767],[-87.64707,41.97768],[-87.64734,41.97776],[-87.64746,41.97778],[-87.64754,41.97778],[-87.64808,41.97806],[-87.64825,41.97832],[-87.64857,41.97865],[-87.649,41.97919],[-87.64959,41.97988],[-87.65033,41.98118],[-87.65038,41.98135],[-87.65049,41.98159],[-87.65073,41.98214],[-87.65074,41.98231],[-87.65074,41.98232],[-87.65074,41.98248],[-87.65074,41.98269],[-87.65072,41.98286],[-87.65071,41.98303],[-87.65065,41.98338],[-87.65061,41.98356],[-87.65058,41.9837],[-87.65054,41.98383],[-87.65049,41.984],[-87.65043,41.98417],[-87.65039,41.98428],[-87.65034,41.98441],[-87.65021,41.9847],[-87.65002,41.98507],[-87.6499,41.9853],[-87.64964,41.98583],[-87.64935,41.98639],[-87.64938,41.9864],[-87.64973,41.98575],[-87.64998,41.98583],[-87.65041,41.98596],[-87.65074,41.98616],[-87.65105,41.98648],[-87.65122,41.98665],[-87.65126,41.98669],[-87.65143,41.98686],[-87.65179,41.98721],[-87.65308,41.98851],[-87.65317,41.9886],[-87.65342,41.98886],[-87.6537,41.98919],[-87.65371,41.9892],[-87.65391,41.98949],[-87.65397,41.98968],[-87.65397,41.98974],[-87.65388,41.98988],[-87.6538,41.98985],[-87.65368,41.98986],[-87.65368,41.99],[-87.65372,41.99013],[-87.65375,41.99017],[-87.6538,41.99025],[-87.65397,41.99029],[-87.65404,41.99022],[-87.65412,41.99026],[-87.65415,41.99074],[-87.65418,41.99091],[-87.65424,41.99093],[-87.65429,41.99092],[-87.65431,41.99098],[-87.65431,41.99105],[-87.65431,41.99135],[-87.65429,41.99178],[-87.65425,41.99207],[-87.65422,41.99228],[-87.65422,41.99229],[-87.65419,41.99232],[-87.65407,41.9925],[-87.65403,41.99269],[-87.65402,41.99287],[-87.65401,41.99292],[-87.65402,41.99307],[-87.65432,41.99312],[-87.65433,41.99312],[-87.65439,41.99314],[-87.65445,41.9932],[-87.65445,41.99321],[-87.65449,41.99331],[-87.65452,41.99338],[-87.6545,41.99344],[-87.65442,41.99345],[-87.65441,41.99351],[-87.65442,41.99368],[-87.65439,41.99386],[-87.65427,41.99387],[-87.65423,41.99389],[-87.65422,41.99403],[-87.65427,41.9943],[-87.65436,41.99433],[-87.65437,41.99433],[-87.65439,41.99453],[-87.65442,41.99454],[-87.65452,41.9947],[-87.65459,41.99567],[-87.65449,41.9959],[-87.65443,41.99596],[-87.65436,41.99594],[-87.65429,41.99593],[-87.65422,41.99597],[-87.65421,41.99607],[-87.65423,41.99624],[-87.65424,41.99628],[-87.65428,41.99659],[-87.65432,41.99686],[-87.65437,41.99717],[-87.65441,41.99774],[-87.65444,41.99791],[-87.65467,41.99838],[-87.65489,41.99866],[-87.65516,41.99906],[-87.65527,41.99917],[-87.65553,41.99951],[-87.65558,41.99961],[-87.65559,41.99964],[-87.65559,41.99971],[-87.65563,41.99976],[-87.65565,41.99982]]]},"properties":{"level":"hs","grades":"9–12","id":"609730","name":"Nicholas Senn High School","url":"https://www.cps.edu/schools/schoolprofiles/609730","x":-87.66714,"y":41.98903}},{"type":"Feature","geometry":{"type":"Polygon","coordinates":[[[-87.84271,41.95928],[-87.84369,41.95946],[-87.84455,41.95979],[-87.8452,41.96018],[-87.84569,41.96056],[-87.8458,41.96067],[-87.85676,41.96045],[-87.85713,41.95983],[-87.85773,41.95882],[-87.85835,41.9578],[-87.85865,41.95723],[-87.85865,41.95652],[-87.85805,41.95558],[-87.85788,41.95545],[-87.85701,41.95547],[-87.85596,41.95549],[-87.8547,41.95552],[-87.85354,41.95554],[-87.85286,41.95555],[-87.85236,41.95557],[-87.85152,41.95558],[-87.84989,41.95562],[-87.84835,41.95565],[-87.84826,41.95565],[-87.84769,41.95566],[-87.84759,41.95567],[-87.8466,41.95569],[-87.84661,41.95533],[-87.84661,41.95489],[-87.84661,41.95355],[-87.84662,41.95263],[-87.84662,41.95187],[-87.84661,41.95165],[-87.84661,41.95164],[-87.84687,41.95163],[-87.8482,41.9516],[-87.8494,41.95157],[-87.8502,41.95155],[-87.85047,41.95154],[-87.85174,41.95151],[-87.85395,41.95145],[-87.85404,41.95126],[-87.85414,41.951],[-87.85428,41.95064],[-87.85437,41.95035],[-87.85439,41.95031],[-87.85476,41.94955],[-87.85498,41.94915],[-87.85514,41.94822],[-87.85503,41.94797],[-87.85481,41.94762],[-87.85424,41.94648],[-87.85396,41.94606],[-87.85362,41.94526],[-87.85347,41.94499],[-87.8533,41.94455],[-87.85301,41.94354],[-87.85268,41.9426],[-87.85264,41.94253],[-87.85226,41.94173],[-87.85203,41.94112],[-87.85177,41.9397],[-87.85174,41.93954],[-87.8514,41.93887],[-87.85102,41.93845],[-87.85024,41.93803],[-87.84953,41.93742],[-87.8494,41.93729],[-87.84662,41.93735],[-87.84619,41.93736],[-87.84576,41.93737],[-87.84491,41.93738],[-87.84385,41.9374],[-87.84343,41.93741],[-87.84298,41.93742],[-87.84218,41.93744],[-87.84182,41.93744],[-87.84118,41.93746],[-87.84096,41.93746],[-87.84037,41.93747],[-87.83968,41.93749],[-87.83937,41.93749],[-87.83891,41.9375],[-87.83814,41.93752],[-87.83746,41.93753],[-87.8372,41.93754],[-87.83666,41.93755],[-87.83641,41.93755],[-87.83582,41.93756],[-87.83542,41.93757],[-87.83481,41.93758],[-87.83458,41.93758],[-87.83434,41.93758],[-87.83427,41.93758],[-87.83414,41.93758],[-87.83375,41.93759],[-87.83293,41.93762],[-87.83283,41.93762],[-87.83257,41.93763],[-87.83244,41.93763],[-87.83226,41.93763],[-87.83191,41.93764],[-87.83137,41.93765],[-87.83104,41.93766],[-87.83069,41.93767],[-87.83001,41.93768],[-87.8294,41.93769],[-87.82904,41.9377],[-87.82876,41.9377],[-87.82811,41.93772],[-87.82773,41.93773],[-87.82753,41.93773],[-87.82688,41.93774],[-87.82594,41.93775],[-87.82558,41.93776],[-87.82519,41.93776],[-87.82516,41.93776],[-87.82507,41.93777],[-87.82437,41.93778],[-87.82403,41.93779],[-87.82401,41.93779],[-87.82385,41.93779],[-87.82363,41.9378],[-87.82311,41.93781],[-87.82284,41.93781],[-87.82237,41.93782],[-87.82188,41.93783],[-87.8207,41.93785],[-87.82002,41.93787],[-87.81984,41.93787],[-87.8196,41.93788],[-87.81947,41.93788],[-87.81917,41.93789],[-87.81915,41.93789],[-87.81878,41.93789],[-87.81839,41.9379],[-87.81809,41.93791],[-87.8179,41.93791],[-87.81774,41.93791],[-87.81711,41.93793],[-87.81652,41.93794],[-87.8165,41.93759],[-87.81648,41.93684],[-87.81646,41.93645],[-87.81645,41.93614],[-87.81643,41.93556],[-87.81643,41.93546],[-87.81642,41.93508],[-87.81641,41.93494],[-87.8164,41.93454],[-87.81639,41.93431],[-87.81605,41.93432],[-87.81512,41.93434],[-87.81442,41.93435],[-87.8144,41.93436],[-87.81418,41.93436],[-87.81395,41.93436],[-87.81334,41.93438],[-87.81213,41.9344],[-87.8109,41.93443],[-87.81003,41.93445],[-87.80968,41.93445],[-87.80907,41.93447],[-87.80854,41.93448],[-87.80821,41.93449],[-87.80723,41.93451],[-87.80686,41.93451],[-87.80662,41.93451],[-87.80661,41.93405],[-87.80659,41.93355],[-87.80657,41.93304],[-87.80656,41.9327],[-87.80653,41.9317],[-87.8065,41.931],[-87.80648,41.93041],[-87.80648,41.93031],[-87.80646,41.92994],[-87.80646,41.92984],[-87.80645,41.92952],[-87.80645,41.92951],[-87.80644,41.92912],[-87.80643,41.92894],[-87.80642,41.92869],[-87.80641,41.92837],[-87.80639,41.92775],[-87.80638,41.92762],[-87.80637,41.92742],[-87.80636,41.92713],[-87.80636,41.92686],[-87.80634,41.92653],[-87.80634,41.92642],[-87.80633,41.92615],[-87.80632,41.92593],[-87.80632,41.92564],[-87.80631,41.92555],[-87.8063,41.92513],[-87.80628,41.92479],[-87.80627,41.9245],[-87.80626,41.92418],[-87.80626,41.92401],[-87.80624,41.92359],[-87.80623,41.92346],[-87.80623,41.92337],[-87.80623,41.92309],[-87.80622,41.92282],[-87.80622,41.92274],[-87.8062,41.92229],[-87.80618,41.92157],[-87.80617,41.92129],[-87.80616,41.92094],[-87.80616,41.9209],[-87.80615,41.92075],[-87.80613,41.92022],[-87.80613,41.92007],[-87.80611,41.91959],[-87.80611,41.91937],[-87.80609,41.91875],[-87.80608,41.91837],[-87.80607,41.91816],[-87.80606,41.91778],[-87.80604,41.91721],[-87.80602,41.91665],[-87.80599,41.91553],[-87.80598,41.91537],[-87.80597,41.91492],[-87.80595,41.91445],[-87.80594,41.91421],[-87.80593,41.91387],[-87.80592,41.91344],[-87.80591,41.91311],[-87.8059,41.91275],[-87.80588,41.9122],[-87.80587,41.91187],[-87.80586,41.91156],[-87.80585,41.91126],[-87.80583,41.91071],[-87.8058,41.91023],[-87.8058,41.91015],[-87.80579,41.90991],[-87.80577,41.90942],[-87.80577,41.90935],[-87.80575,41.90884],[-87.80394,41.90889],[-87.80289,41.90892],[-87.80254,41.90893],[-87.80228,41.90893],[-87.80211,41.90893],[-87.80188,41.90894],[-87.80176,41.90894],[-87.80174,41.90894],[-87.80132,41.90894],[-87.80093,41.90894],[-87.80046,41.90895],[-87.80011,41.90895],[-87.79931,41.90897],[-87.7992,41.90897],[-87.79908,41.90897],[-87.79866,41.90897],[-87.79814,41.90898],[-87.79793,41.90898],[-87.79788,41.90899],[-87.79781,41.90899],[-87.79756,41.90899],[-87.79675,41.909],[-87.79655,41.909],[-87.79641,41.90901],[-87.7964,41.90901],[-87.79487,41.90903],[-87.79467,41.90903],[-87.79316,41.90905],[-87.79315,41.90905],[-87.79234,41.90906],[-87.79188,41.90907],[-87.79128,41.90907],[-87.79112,41.90908],[-87.7899,41.90909],[-87.78872,41.9091],[-87.78826,41.90911],[-87.78787,41.90911],[-87.78735,41.90912],[-87.78697,41.90912],[-87.78663,41.90913],[-87.78632,41.90913],[-87.78585,41.90914],[-87.78566,41.90914],[-87.785,41.90915],[-87.78453,41.90915],[-87.78414,41.90916],[-87.78363,41.90917],[-87.78336,41.90917],[-87.78265,41.90918],[-87.78212,41.90918],[-87.78129,41.90918],[-87.78057,41.90919],[-87.78011,41.9092],[-87.77993,41.9092],[-87.77979,41.9092],[-87.77908,41.90921],[-87.77821,41.90922],[-87.77798,41.90922],[-87.77691,41.90924],[-87.77666,41.90924],[-87.77615,41.90925],[-87.7756,41.90925],[-87.77515,41.90926],[-87.77475,41.90926],[-87.77318,41.90928],[-87.77173,41.9093],[-87.77089,41.90931],[-87.76748,41.90935],[-87.76572,41.90938],[-87.76553,41.91016],[-87.76555,41.91071],[-87.76564,41.91285],[-87.76567,41.91436],[-87.76572,41.91587],[-87.76573,41.91659],[-87.76573,41.91662],[-87.76577,41.91818],[-87.76583,41.91965],[-87.76586,41.92041],[-87.76587,41.9209],[-87.7659,41.92151],[-87.76591,41.92188],[-87.76596,41.92327],[-87.76601,41.92462],[-87.76604,41.92531],[-87.76605,41.9258],[-87.76607,41.92612],[-87.76607,41.92634],[-87.76608,41.92658],[-87.76612,41.92775],[-87.76614,41.92851],[-87.76617,41.92901],[-87.76637,41.93493],[-87.76733,41.93492],[-87.76777,41.93491],[-87.7688,41.93489],[-87.76966,41.93488],[-87.77002,41.93488],[-87.77008,41.9367],[-87.77129,41.93669],[-87.77136,41.93851],[-87.77257,41.9385],[-87.77403,41.93848],[-87.77532,41.93846],[-87.77581,41.93845],[-87.77621,41.93845],[-87.77622,41.93875],[-87.77623,41.93891],[-87.77624,41.9391],[-87.77626,41.9396],[-87.77627,41.93978],[-87.77629,41.94049],[-87.7763,41.94074],[-87.77633,41.94138],[-87.77634,41.94161],[-87.77636,41.94211],[-87.77793,41.94209],[-87.77879,41.94208],[-87.77947,41.94207],[-87.78041,41.94206],[-87.78122,41.94205],[-87.7834,41.94203],[-87.78415,41.94202],[-87.78551,41.94201],[-87.7856,41.942],[-87.78621,41.94199],[-87.78623,41.94249],[-87.78631,41.94418],[-87.78633,41.94475],[-87.78635,41.94522],[-87.78631,41.94566],[-87.78628,41.94578],[-87.78632,41.94748],[-87.78634,41.9478],[-87.78636,41.94839],[-87.78639,41.94895],[-87.78641,41.94958],[-87.78643,41.94989],[-87.78645,41.95043],[-87.78652,41.95195],[-87.78653,41.95232],[-87.78656,41.95292],[-87.78659,41.95383],[-87.78661,41.9545],[-87.78661,41.95459],[-87.78663,41.9551],[-87.78666,41.95568],[-87.78667,41.95589],[-87.7867,41.95657],[-87.78672,41.95704],[-87.78674,41.95753],[-87.78675,41.95795],[-87.78676,41.95831],[-87.78677,41.95862],[-87.7868,41.95986],[-87.7868,41.96006],[-87.78681,41.96022],[-87.78729,41.96021],[-87.78766,41.96019],[-87.78802,41.96018],[-87.7883,41.96017],[-87.78866,41.96017],[-87.78895,41.96016],[-87.78925,41.96016],[-87.78959,41.96015],[-87.79007,41.96014],[-87.79071,41.96013],[-87.79098,41.96013],[-87.79151,41.96013],[-87.7918,41.96012],[-87.79198,41.96011],[-87.79226,41.9601],[-87.79277,41.96009],[-87.79305,41.96008],[-87.79351,41.96007],[-87.7942,41.96006],[-87.79444,41.95999],[-87.79463,41.95991],[-87.79492,41.95978],[-87.79569,41.95941],[-87.79611,41.95921],[-87.79691,41.95882],[-87.79747,41.95856],[-87.798,41.9583],[-87.79822,41.9582],[-87.79861,41.95801],[-87.79962,41.95753],[-87.79993,41.95738],[-87.80013,41.95728],[-87.80146,41.95665],[-87.80287,41.95597],[-87.80361,41.95562],[-87.80562,41.95466],[-87.80616,41.9544],[-87.80653,41.95422],[-87.80681,41.95409],[-87.80701,41.954],[-87.8073,41.95368],[-87.8073,41.95358],[-87.80729,41.95325],[-87.80728,41.95295],[-87.80727,41.95276],[-87.80757,41.95277],[-87.80794,41.95276],[-87.80827,41.95275],[-87.80847,41.95274],[-87.80883,41.95274],[-87.81004,41.9527],[-87.8103,41.95269],[-87.81098,41.95268],[-87.81147,41.95267],[-87.81223,41.95265],[-87.81235,41.95265],[-87.81283,41.95264],[-87.81304,41.95263],[-87.81343,41.95262],[-87.81353,41.95262],[-87.81389,41.95261],[-87.81417,41.9526],[-87.81463,41.95259],[-87.81475,41.95259],[-87.8154,41.95258],[-87.81562,41.95257],[-87.81585,41.95256],[-87.81654,41.95255],[-87.81673,41.95254],[-87.81775,41.95252],[-87.81815,41.95251],[-87.8183,41.9525],[-87.8188,41.95249],[-87.81901,41.95249],[-87.81952,41.95248],[-87.82026,41.95246],[-87.82066,41.95245],[-87.82081,41.95245],[-87.82086,41.95245],[-87.82118,41.95244],[-87.82152,41.95243],[-87.82198,41.95241],[-87.82229,41.9524],[-87.82264,41.95239],[-87.82271,41.95239],[-87.82298,41.95239],[-87.82525,41.95233],[-87.82572,41.95232],[-87.82669,41.95229],[-87.82723,41.95228],[-87.82739,41.95228],[-87.82777,41.95227],[-87.82847,41.95225],[-87.8287,41.95224],[-87.82894,41.95224],[-87.82917,41.95223],[-87.82963,41.95222],[-87.83006,41.95221],[-87.83035,41.9522],[-87.83057,41.95219],[-87.83104,41.95218],[-87.83122,41.95218],[-87.83179,41.95231],[-87.8318,41.95252],[-87.83181,41.95319],[-87.83181,41.95332],[-87.83181,41.95348],[-87.83182,41.9541],[-87.83182,41.95435],[-87.83182,41.95455],[-87.83183,41.95474],[-87.83183,41.95495],[-87.83183,41.95524],[-87.83183,41.95533],[-87.83182,41.95563],[-87.83182,41.95567],[-87.83186,41.95585],[-87.83187,41.95592],[-87.8319,41.95606],[-87.83194,41.95624],[-87.83194,41.95626],[-87.832,41.95661],[-87.83201,41.95667],[-87.83202,41.95672],[-87.83206,41.95689],[-87.83209,41.95707],[-87.83222,41.95754],[-87.83225,41.95766],[-87.83238,41.95816],[-87.83243,41.95836],[-87.83246,41.9585],[-87.83253,41.9588],[-87.83257,41.95894],[-87.83262,41.95917],[-87.83273,41.95944],[-87.83423,41.9594],[-87.83478,41.9594],[-87.83559,41.95938],[-87.83594,41.95937],[-87.83616,41.95937],[-87.83652,41.95936],[-87.8367,41.95936],[-87.83721,41.95935],[-87.83795,41.95934],[-87.83921,41.95932],[-87.83949,41.95932],[-87.8416,41.95927],[-87.84271,41.95928]]]},"properties":{"level":"hs","grades":"9–12","id":"609732","name":"Charles P Steinmetz College Preparatory HS","url":"https://www.cps.edu/schools/schoolprofiles/609732","x":-87.78351,"y":41.93563}},{"type":"Feature","geometry":{"type":"Polygon","coordinates":[[[-87.66491,42.0223],[-87.66514,42.02268],[-87.66512,42.02284],[-87.66517,42.02295],[-87.6654,42.02295],[-87.66543,42.02295],[-87.6672,42.02297],[-87.67231,42.02301],[-87.67697,42.02304],[-87.67705,42.02303],[-87.6769,42.02282],[-87.67677,42.02263],[-87.67671,42.02255],[-87.67653,42.02231],[-87.67607,42.02179],[-87.67572,42.0215],[-87.6755,42.02133],[-87.67507,42.02098],[-87.67456,42.02056],[-87.67452,42.02053],[-87.67376,42.01991],[-87.67318,42.01939],[-87.67347,42.01939],[-87.67353,42.01939],[-87.67373,42.01939],[-87.67395,42.01939],[-87.67441,42.0194],[-87.675,42.0194],[-87.67568,42.0194],[-87.67631,42.0194],[-87.67676,42.01941],[-87.67688,42.01941],[-87.67691,42.01941],[-87.67694,42.01941],[-87.67703,42.01941],[-87.67728,42.01943],[-87.67735,42.01943],[-87.67751,42.01943],[-87.67763,42.01943],[-87.67816,42.01943],[-87.67904,42.01944],[-87.67938,42.01944],[-87.67974,42.01944],[-87.68163,42.01946],[-87.6829,42.01947],[-87.68326,42.01947],[-87.68465,42.01948],[-87.68485,42.01949],[-87.68588,42.0195],[-87.68629,42.01951],[-87.68651,42.01951],[-87.68653,42.01951],[-87.68668,42.01951],[-87.68758,42.01952],[-87.68785,42.01951],[-87.68861,42.01952],[-87.68895,42.01953],[-87.68912,42.01953],[-87.69017,42.01953],[-87.69018,42.01913],[-87.69021,42.01606],[-87.69022,42.0158],[-87.69022,42.01566],[-87.69023,42.0142],[-87.69024,42.01331],[-87.69025,42.01212],[-87.69023,42.01137],[-87.69022,42.01122],[-87.69022,42.01093],[-87.69021,42.01046],[-87.69016,42.00863],[-87.69014,42.0079],[-87.69014,42.00774],[-87.69013,42.00763],[-87.69013,42.00747],[-87.69013,42.00726],[-87.69012,42.00703],[-87.6901,42.00649],[-87.6901,42.00625],[-87.6901,42.00613],[-87.69009,42.00593],[-87.69008,42.00553],[-87.69007,42.00481],[-87.69006,42.0045],[-87.69004,42.00389],[-87.69003,42.00338],[-87.69002,42.00291],[-87.69,42.00232],[-87.68998,42.00137],[-87.68994,42.00001],[-87.68325,42.00012],[-87.68325,42.00099],[-87.68214,42.00101],[-87.68148,42.00153],[-87.68026,42.00158],[-87.67852,42.00162],[-87.67512,42.00165],[-87.67509,42.00052],[-87.67146,42.00059],[-87.67123,41.99993],[-87.6703,41.99991],[-87.66557,41.99997],[-87.66558,42.00038],[-87.66071,42.00044],[-87.66073,42.00097],[-87.66072,42.00107],[-87.66074,42.00141],[-87.66075,42.00153],[-87.65998,42.00154],[-87.65914,42.00155],[-87.65873,42.00156],[-87.65861,42.00156],[-87.65822,42.00157],[-87.65727,42.00158],[-87.65694,42.00158],[-87.65692,42.00158],[-87.65635,42.00159],[-87.65628,42.00159],[-87.65622,42.00159],[-87.65616,42.00159],[-87.65621,42.00166],[-87.65622,42.00182],[-87.65624,42.00194],[-87.65625,42.00205],[-87.65629,42.00221],[-87.65635,42.00244],[-87.65641,42.00273],[-87.65645,42.00301],[-87.65651,42.00325],[-87.65656,42.00342],[-87.65664,42.00376],[-87.65672,42.00407],[-87.65672,42.00423],[-87.65671,42.0043],[-87.6567,42.00446],[-87.65677,42.00474],[-87.65695,42.00515],[-87.65702,42.00531],[-87.65706,42.00549],[-87.65707,42.00557],[-87.65707,42.00567],[-87.65706,42.0057],[-87.65706,42.0058],[-87.65708,42.00586],[-87.6571,42.00594],[-87.65713,42.00626],[-87.65712,42.00629],[-87.65631,42.0063],[-87.65585,42.00631],[-87.65545,42.00662],[-87.65511,42.00693],[-87.65549,42.00664],[-87.65569,42.00679],[-87.65577,42.00686],[-87.65598,42.00707],[-87.65627,42.00732],[-87.65664,42.00773],[-87.65682,42.00798],[-87.657,42.00824],[-87.65715,42.00845],[-87.65727,42.0086],[-87.65741,42.0088],[-87.65757,42.00903],[-87.6577,42.00918],[-87.65776,42.00924],[-87.65785,42.00932],[-87.65807,42.00959],[-87.65827,42.00979],[-87.65841,42.00992],[-87.65849,42.01002],[-87.65882,42.01029],[-87.65891,42.0104],[-87.65893,42.01042],[-87.65917,42.01062],[-87.65941,42.01081],[-87.6596,42.01101],[-87.65966,42.0111],[-87.6597,42.01117],[-87.65971,42.01117],[-87.65977,42.01121],[-87.65996,42.01138],[-87.66031,42.01171],[-87.66053,42.01192],[-87.66067,42.01205],[-87.66078,42.01221],[-87.66079,42.01228],[-87.66105,42.01256],[-87.66108,42.01268],[-87.66108,42.01272],[-87.66094,42.01276],[-87.66117,42.01284],[-87.66119,42.01291],[-87.66125,42.01302],[-87.66129,42.01309],[-87.66136,42.01325],[-87.66137,42.01331],[-87.66137,42.0134],[-87.66143,42.01346],[-87.66145,42.01355],[-87.6615,42.01372],[-87.66158,42.01391],[-87.66161,42.01395],[-87.66162,42.01398],[-87.66171,42.01407],[-87.66176,42.01423],[-87.66179,42.01434],[-87.66194,42.01469],[-87.66207,42.01502],[-87.66209,42.0151],[-87.66212,42.01525],[-87.66212,42.01532],[-87.66213,42.01543],[-87.66218,42.01551],[-87.6622,42.01554],[-87.66225,42.0157],[-87.66231,42.01584],[-87.6623,42.01595],[-87.66229,42.01599],[-87.66222,42.0161],[-87.66204,42.0161],[-87.66198,42.01613],[-87.66197,42.01614],[-87.66199,42.01624],[-87.66212,42.01645],[-87.66221,42.01648],[-87.6623,42.0164],[-87.66235,42.01636],[-87.66247,42.0164],[-87.66259,42.0165],[-87.66262,42.01654],[-87.66272,42.01673],[-87.66279,42.01695],[-87.66282,42.01704],[-87.66294,42.01708],[-87.663,42.01708],[-87.66316,42.01716],[-87.66316,42.01722],[-87.66318,42.01728],[-87.66317,42.0173],[-87.66314,42.0175],[-87.66314,42.01756],[-87.66315,42.01772],[-87.66317,42.01773],[-87.66319,42.01777],[-87.66321,42.01778],[-87.66326,42.01781],[-87.66326,42.0179],[-87.66331,42.01799],[-87.66336,42.018],[-87.66341,42.01814],[-87.66342,42.01816],[-87.66334,42.01823],[-87.66327,42.0183],[-87.66324,42.01839],[-87.66326,42.01847],[-87.66328,42.01853],[-87.66337,42.01865],[-87.66349,42.01869],[-87.6636,42.01873],[-87.66371,42.01887],[-87.66385,42.0191],[-87.66386,42.01913],[-87.66387,42.0192],[-87.66387,42.01935],[-87.66377,42.01938],[-87.66365,42.01938],[-87.66388,42.01952],[-87.66389,42.01953],[-87.66393,42.01965],[-87.66398,42.02004],[-87.6639,42.02019],[-87.66379,42.02029],[-87.66381,42.02035],[-87.66379,42.02044],[-87.66384,42.02055],[-87.66386,42.02073],[-87.66405,42.02131],[-87.66419,42.02126],[-87.66461,42.02165],[-87.66461,42.0218],[-87.6646,42.02189],[-87.66461,42.02193],[-87.66474,42.02218],[-87.66476,42.02222],[-87.66491,42.0223]]]},"properties":{"level":"hs","grades":"9–12","id":"609733","name":"Roger C Sullivan High School","url":"https://www.cps.edu/schools/schoolprofiles/609733","x":-87.66919,"y":42.00269}},{"type":"Feature","geometry":{"type":"Polygon","coordinates":[[[-87.80655,42.01851],[-87.80655,42.01881],[-87.80678,42.01896],[-87.8073,42.01895],[-87.80777,42.01894],[-87.80885,42.01891],[-87.80922,42.0189],[-87.81008,42.01889],[-87.81039,42.01888],[-87.81144,42.01886],[-87.81496,42.01878],[-87.81527,42.01877],[-87.81633,42.01875],[-87.81741,42.01873],[-87.8177,42.01872],[-87.8186,42.0187],[-87.81885,42.0187],[-87.82121,42.01864],[-87.82121,42.01831],[-87.82121,42.01817],[-87.82121,42.01809],[-87.82121,42.01795],[-87.82122,42.01781],[-87.82122,42.01767],[-87.82122,42.01744],[-87.82122,42.01698],[-87.82122,42.01694],[-87.82122,42.01686],[-87.82122,42.01678],[-87.82122,42.01669],[-87.82122,42.0166],[-87.82122,42.01647],[-87.82123,42.01635],[-87.82123,42.0162],[-87.82123,42.01606],[-87.82123,42.01591],[-87.82123,42.01587],[-87.82123,42.01561],[-87.82123,42.01554],[-87.82105,42.01555],[-87.82066,42.01556],[-87.82042,42.01556],[-87.8202,42.01557],[-87.82009,42.01557],[-87.82007,42.0155],[-87.82007,42.01523],[-87.82007,42.01511],[-87.82007,42.01493],[-87.82008,42.01463],[-87.82008,42.01459],[-87.82008,42.01438],[-87.82008,42.0142],[-87.82008,42.0137],[-87.82009,42.01342],[-87.82009,42.0132],[-87.82009,42.01301],[-87.82009,42.0126],[-87.8201,42.01233],[-87.8201,42.01229],[-87.8201,42.01193],[-87.81973,42.01158],[-87.81978,42.01138],[-87.81998,42.01138],[-87.81999,42.01138],[-87.82004,42.01138],[-87.8204,42.01137],[-87.82072,42.01137],[-87.82082,42.01136],[-87.82107,42.01136],[-87.82125,42.01136],[-87.82126,42.0109],[-87.82126,42.01047],[-87.82126,42.01022],[-87.82127,42.00991],[-87.82127,42.00962],[-87.82128,42.00951],[-87.82128,42.00927],[-87.82129,42.00903],[-87.82129,42.00882],[-87.82129,42.00863],[-87.8213,42.00844],[-87.8213,42.00838],[-87.82131,42.00779],[-87.82131,42.00736],[-87.82131,42.00735],[-87.82131,42.00717],[-87.82131,42.00695],[-87.82131,42.00684],[-87.82132,42.00653],[-87.82132,42.00617],[-87.82132,42.006],[-87.82133,42.00527],[-87.82133,42.00506],[-87.82134,42.00472],[-87.82134,42.00455],[-87.82135,42.00412],[-87.82134,42.00403],[-87.82134,42.00392],[-87.82134,42.00374],[-87.82134,42.00366],[-87.82134,42.00359],[-87.82134,42.0034],[-87.82134,42.00331],[-87.82135,42.00307],[-87.82135,42.00301],[-87.82135,42.00278],[-87.82135,42.00274],[-87.82135,42.00269],[-87.82135,42.00252],[-87.82135,42.00245],[-87.82136,42.00219],[-87.82136,42.002],[-87.82136,42.00196],[-87.82136,42.00184],[-87.82136,42.00169],[-87.82137,42.00092],[-87.82137,42.00083],[-87.82137,42.00061],[-87.82138,42.00055],[-87.82138,42.00032],[-87.82138,42.00002],[-87.82138,41.99998],[-87.82139,41.99945],[-87.82139,41.99909],[-87.82139,41.99898],[-87.82139,41.99883],[-87.8214,41.99862],[-87.8214,41.99842],[-87.8214,41.99826],[-87.8214,41.99757],[-87.82141,41.99685],[-87.82161,41.99613],[-87.82172,41.99566],[-87.82185,41.99498],[-87.82195,41.9944],[-87.82208,41.99361],[-87.82219,41.9929],[-87.82222,41.99267],[-87.82231,41.99204],[-87.82233,41.99188],[-87.82233,41.99187],[-87.82235,41.99175],[-87.82235,41.99172],[-87.82238,41.9915],[-87.82248,41.99083],[-87.82252,41.99049],[-87.82256,41.99022],[-87.82259,41.98994],[-87.82263,41.98968],[-87.82274,41.98884],[-87.82275,41.98877],[-87.82287,41.98792],[-87.82298,41.98711],[-87.823,41.98695],[-87.82303,41.98674],[-87.82306,41.98652],[-87.82309,41.98625],[-87.8231,41.9862],[-87.82315,41.9858],[-87.82319,41.98552],[-87.82322,41.98531],[-87.82328,41.98484],[-87.82331,41.98464],[-87.82333,41.98451],[-87.82352,41.98453],[-87.82551,41.98481],[-87.8268,41.985],[-87.83356,41.98596],[-87.83539,41.98623],[-87.83658,41.9864],[-87.83766,41.98652],[-87.83822,41.98661],[-87.83948,41.98681],[-87.84005,41.98689],[-87.84149,41.9871],[-87.84174,41.98714],[-87.8433,41.98738],[-87.84353,41.98741],[-87.84413,41.98749],[-87.8444,41.98752],[-87.84505,41.98763],[-87.84574,41.98774],[-87.8464,41.98783],[-87.84653,41.98785],[-87.84671,41.98788],[-87.84736,41.98798],[-87.84823,41.98811],[-87.84857,41.98816],[-87.84875,41.98818],[-87.84928,41.98826],[-87.8497,41.98832],[-87.8499,41.98835],[-87.85025,41.98839],[-87.85051,41.98842],[-87.85058,41.98843],[-87.85084,41.98845],[-87.85101,41.98847],[-87.85143,41.9885],[-87.85161,41.98851],[-87.85177,41.98852],[-87.85199,41.98853],[-87.85212,41.98854],[-87.85229,41.98854],[-87.85239,41.98855],[-87.85268,41.98856],[-87.85361,41.9886],[-87.85446,41.9887],[-87.85483,41.98876],[-87.8555,41.98894],[-87.85554,41.98885],[-87.8555,41.98845],[-87.8553,41.98792],[-87.85591,41.98669],[-87.85627,41.98567],[-87.85648,41.9852],[-87.85652,41.98511],[-87.85654,41.985],[-87.85653,41.98455],[-87.85649,41.98445],[-87.85626,41.98378],[-87.85614,41.98351],[-87.85599,41.98286],[-87.85595,41.98274],[-87.85562,41.98217],[-87.85556,41.98184],[-87.85596,41.98068],[-87.85632,41.98021],[-87.85642,41.98017],[-87.85737,41.97943],[-87.8578,41.97907],[-87.85838,41.97851],[-87.85866,41.97822],[-87.85954,41.97741],[-87.86042,41.97655],[-87.86102,41.97618],[-87.86149,41.9756],[-87.86186,41.97483],[-87.86193,41.97412],[-87.8619,41.97387],[-87.86178,41.97345],[-87.86132,41.97281],[-87.86002,41.97194],[-87.85943,41.97167],[-87.85878,41.97156],[-87.85748,41.97193],[-87.85632,41.97254],[-87.85612,41.9726],[-87.85538,41.97264],[-87.8548,41.97236],[-87.85426,41.97186],[-87.85395,41.97127],[-87.85405,41.9707],[-87.85445,41.96982],[-87.85473,41.96916],[-87.85497,41.96813],[-87.85469,41.96728],[-87.85462,41.9665],[-87.85463,41.96641],[-87.85469,41.96614],[-87.85507,41.96518],[-87.85557,41.96462],[-87.85562,41.96404],[-87.85546,41.96304],[-87.8556,41.96255],[-87.85623,41.96156],[-87.85633,41.96137],[-87.85676,41.96045],[-87.8458,41.96067],[-87.84569,41.96056],[-87.8452,41.96018],[-87.84455,41.95979],[-87.84369,41.95946],[-87.84271,41.95928],[-87.8416,41.95927],[-87.83949,41.95932],[-87.83921,41.95932],[-87.83795,41.95934],[-87.83721,41.95935],[-87.8367,41.95936],[-87.8367,41.96009],[-87.8367,41.96019],[-87.8367,41.96026],[-87.8367,41.96062],[-87.8367,41.96091],[-87.8367,41.96112],[-87.8367,41.96131],[-87.8367,41.96136],[-87.83669,41.96203],[-87.83669,41.96226],[-87.83669,41.96235],[-87.83669,41.9628],[-87.83669,41.96296],[-87.83669,41.9632],[-87.83669,41.96377],[-87.83669,41.96488],[-87.83669,41.96517],[-87.83678,41.9666],[-87.83752,41.96658],[-87.83771,41.96658],[-87.83826,41.96657],[-87.83842,41.96656],[-87.84065,41.96653],[-87.84132,41.96651],[-87.84245,41.96649],[-87.84289,41.96648],[-87.84304,41.96648],[-87.84335,41.96647],[-87.84351,41.96647],[-87.84381,41.96647],[-87.84428,41.96646],[-87.84526,41.96644],[-87.84568,41.96643],[-87.84598,41.96642],[-87.84649,41.96641],[-87.84656,41.96695],[-87.84655,41.96757],[-87.84654,41.96797],[-87.84654,41.96846],[-87.84655,41.97023],[-87.84654,41.97119],[-87.84654,41.97158],[-87.84653,41.97189],[-87.84638,41.97189],[-87.84631,41.97189],[-87.84587,41.9719],[-87.84544,41.97191],[-87.8454,41.97191],[-87.84522,41.97191],[-87.84486,41.97192],[-87.8447,41.97192],[-87.84456,41.97192],[-87.84434,41.97193],[-87.84355,41.97194],[-87.84322,41.97195],[-87.84289,41.97195],[-87.84256,41.97196],[-87.84223,41.97196],[-87.84207,41.97197],[-87.8419,41.97197],[-87.84178,41.97197],[-87.84158,41.97198],[-87.84158,41.97197],[-87.84158,41.97173],[-87.84158,41.97161],[-87.84158,41.97144],[-87.84158,41.97109],[-87.84158,41.97095],[-87.84159,41.97073],[-87.84159,41.97061],[-87.84159,41.97049],[-87.84134,41.97015],[-87.84123,41.97015],[-87.84053,41.97017],[-87.84018,41.97017],[-87.83974,41.97018],[-87.83936,41.97018],[-87.83897,41.97019],[-87.83874,41.9702],[-87.83863,41.9702],[-87.83827,41.9702],[-87.83756,41.97022],[-87.83725,41.97022],[-87.83693,41.97023],[-87.8367,41.97023],[-87.83665,41.97137],[-87.83795,41.97135],[-87.83795,41.97162],[-87.83795,41.97177],[-87.83795,41.97179],[-87.83795,41.97207],[-87.83794,41.97235],[-87.83794,41.97249],[-87.83794,41.97263],[-87.83794,41.97276],[-87.83793,41.97374],[-87.8396,41.97382],[-87.84103,41.9738],[-87.84156,41.97394],[-87.84156,41.97439],[-87.84156,41.9746],[-87.84086,41.9747],[-87.84001,41.97472],[-87.83962,41.97472],[-87.8393,41.97473],[-87.83894,41.97473],[-87.83859,41.97474],[-87.83824,41.97475],[-87.83806,41.97475],[-87.83734,41.97476],[-87.83681,41.97477],[-87.83669,41.97477],[-87.83663,41.97494],[-87.83663,41.97509],[-87.83663,41.97522],[-87.83663,41.97531],[-87.83651,41.97532],[-87.83644,41.97532],[-87.83625,41.97532],[-87.83623,41.97532],[-87.83608,41.97533],[-87.83605,41.97533],[-87.836,41.97533],[-87.83583,41.97533],[-87.83576,41.97533],[-87.83572,41.97533],[-87.83563,41.97533],[-87.83555,41.97534],[-87.83485,41.97535],[-87.83463,41.97535],[-87.8345,41.97535],[-87.83381,41.97537],[-87.83363,41.97534],[-87.83363,41.97525],[-87.83363,41.97515],[-87.83363,41.97512],[-87.83363,41.97494],[-87.83363,41.97493],[-87.83358,41.97491],[-87.83353,41.97491],[-87.83346,41.97492],[-87.83342,41.97492],[-87.83341,41.97492],[-87.83342,41.97447],[-87.83342,41.97392],[-87.83288,41.97393],[-87.83272,41.97393],[-87.83249,41.97394],[-87.83236,41.97394],[-87.83174,41.97395],[-87.83172,41.97384],[-87.83173,41.97306],[-87.8312,41.97307],[-87.83081,41.97307],[-87.83012,41.97308],[-87.82992,41.97309],[-87.82933,41.9731],[-87.82905,41.9731],[-87.82878,41.97311],[-87.82829,41.97312],[-87.82815,41.97312],[-87.82798,41.97312],[-87.82771,41.97313],[-87.82679,41.97314],[-87.82674,41.97321],[-87.82674,41.97335],[-87.82674,41.97369],[-87.82674,41.97384],[-87.82614,41.97405],[-87.82581,41.97406],[-87.82563,41.97406],[-87.82542,41.97407],[-87.82502,41.97408],[-87.8248,41.97408],[-87.8235,41.97412],[-87.82305,41.97413],[-87.82294,41.97413],[-87.82205,41.97415],[-87.82151,41.97417],[-87.8208,41.97419],[-87.82027,41.9742],[-87.81967,41.97422],[-87.8194,41.97422],[-87.81943,41.97396],[-87.81943,41.97355],[-87.81943,41.97346],[-87.81943,41.97322],[-87.81897,41.97322],[-87.81897,41.97305],[-87.81897,41.97286],[-87.81897,41.97285],[-87.81897,41.97279],[-87.81897,41.97267],[-87.81897,41.97258],[-87.81897,41.97248],[-87.81897,41.97231],[-87.81898,41.97218],[-87.81898,41.97212],[-87.81898,41.97193],[-87.81898,41.97174],[-87.81898,41.97158],[-87.81898,41.97146],[-87.81898,41.97135],[-87.81898,41.97119],[-87.81898,41.9709],[-87.81898,41.97087],[-87.81899,41.97079],[-87.81899,41.97061],[-87.8187,41.97061],[-87.81841,41.97062],[-87.818,41.97063],[-87.81797,41.97063],[-87.81776,41.97064],[-87.81767,41.97064],[-87.81753,41.97064],[-87.81752,41.97064],[-87.81738,41.97065],[-87.81734,41.97065],[-87.81729,41.97065],[-87.81719,41.97065],[-87.81695,41.97066],[-87.81695,41.9711],[-87.81695,41.97127],[-87.81695,41.97144],[-87.81694,41.97168],[-87.81694,41.97213],[-87.81693,41.97258],[-87.81693,41.97289],[-87.81693,41.97338],[-87.81693,41.97369],[-87.81692,41.97391],[-87.81692,41.97399],[-87.81692,41.97429],[-87.81619,41.97431],[-87.81587,41.97432],[-87.81487,41.97434],[-87.81458,41.97435],[-87.81431,41.97436],[-87.81384,41.97437],[-87.81381,41.97437],[-87.81359,41.97437],[-87.81341,41.97438],[-87.81306,41.97439],[-87.81271,41.9744],[-87.81245,41.9744],[-87.81222,41.97441],[-87.81057,41.97445],[-87.81026,41.97446],[-87.81005,41.97447],[-87.80936,41.97448],[-87.80858,41.9745],[-87.80806,41.97452],[-87.80772,41.97453],[-87.80729,41.97454],[-87.80717,41.97454],[-87.80706,41.97434],[-87.80707,41.97386],[-87.80706,41.9732],[-87.80707,41.97288],[-87.80708,41.97268],[-87.80708,41.97236],[-87.80709,41.97212],[-87.80709,41.97178],[-87.80709,41.97152],[-87.80709,41.97138],[-87.8071,41.97091],[-87.8071,41.97077],[-87.80711,41.9705],[-87.80711,41.97037],[-87.80711,41.97007],[-87.80712,41.96985],[-87.80715,41.96918],[-87.80715,41.96889],[-87.80716,41.96827],[-87.80684,41.96827],[-87.80619,41.96828],[-87.80603,41.96828],[-87.80591,41.96828],[-87.80472,41.96828],[-87.80397,41.96829],[-87.80388,41.96829],[-87.80373,41.96829],[-87.80313,41.96829],[-87.80284,41.96829],[-87.8027,41.9683],[-87.80253,41.96848],[-87.80253,41.96866],[-87.80253,41.96872],[-87.8024,41.96878],[-87.80145,41.96878],[-87.80075,41.96878],[-87.80012,41.96879],[-87.79959,41.96879],[-87.79949,41.96879],[-87.79879,41.9688],[-87.79828,41.9688],[-87.79782,41.9688],[-87.79743,41.96881],[-87.79712,41.96881],[-87.79706,41.96881],[-87.79661,41.96881],[-87.79649,41.96881],[-87.7964,41.96881],[-87.79631,41.96881],[-87.79626,41.96882],[-87.79616,41.96882],[-87.79599,41.96882],[-87.79585,41.96882],[-87.79561,41.96882],[-87.79551,41.96882],[-87.79534,41.96882],[-87.79528,41.96882],[-87.7947,41.96883],[-87.79418,41.96883],[-87.79406,41.96883],[-87.79349,41.96884],[-87.79298,41.96884],[-87.79228,41.96885],[-87.79222,41.96885],[-87.79164,41.96886],[-87.79152,41.96886],[-87.79107,41.96886],[-87.79055,41.96887],[-87.79031,41.96887],[-87.78985,41.96887],[-87.78972,41.96887],[-87.78922,41.96888],[-87.78864,41.96888],[-87.78812,41.96889],[-87.78801,41.96858],[-87.78801,41.96841],[-87.78755,41.96841],[-87.78693,41.96843],[-87.78677,41.96843],[-87.78675,41.96833],[-87.78675,41.96822],[-87.78675,41.96795],[-87.78676,41.96778],[-87.78676,41.96763],[-87.78674,41.96729],[-87.78674,41.96711],[-87.78674,41.96703],[-87.78674,41.96654],[-87.78675,41.96603],[-87.78675,41.96573],[-87.78675,41.96554],[-87.78675,41.96545],[-87.78676,41.96498],[-87.78676,41.96465],[-87.78676,41.96452],[-87.78677,41.96433],[-87.78677,41.96415],[-87.78677,41.96397],[-87.78677,41.96374],[-87.78677,41.96355],[-87.78678,41.96347],[-87.7868,41.96345],[-87.78681,41.96344],[-87.78702,41.96327],[-87.787,41.96322],[-87.78698,41.96318],[-87.78693,41.96293],[-87.78692,41.96288],[-87.78688,41.9625],[-87.78684,41.96137],[-87.78683,41.96096],[-87.78682,41.96061],[-87.78681,41.96034],[-87.78681,41.96022],[-87.7868,41.96006],[-87.7868,41.95986],[-87.78677,41.95862],[-87.78676,41.95831],[-87.78675,41.95795],[-87.78674,41.95753],[-87.78672,41.95704],[-87.7867,41.95657],[-87.78667,41.95589],[-87.78666,41.95568],[-87.78663,41.9551],[-87.78661,41.95459],[-87.78661,41.9545],[-87.78659,41.95383],[-87.78656,41.95292],[-87.77189,41.95312],[-87.7719,41.95336],[-87.77194,41.95471],[-87.77196,41.95506],[-87.77201,41.9566],[-87.77201,41.95686],[-87.77203,41.95722],[-87.77207,41.95859],[-87.77209,41.95905],[-87.7721,41.95951],[-87.77211,41.95975],[-87.77212,41.96014],[-87.77213,41.96042],[-87.77185,41.96042],[-87.77017,41.96044],[-87.7694,41.96046],[-87.76847,41.96047],[-87.76759,41.96048],[-87.76726,41.96094],[-87.7673,41.96235],[-87.76558,41.96237],[-87.76485,41.96238],[-87.76488,41.96308],[-87.76489,41.96355],[-87.7649,41.96392],[-87.76492,41.9644],[-87.76495,41.9653],[-87.76497,41.96595],[-87.76499,41.96686],[-87.765,41.9672],[-87.76501,41.96735],[-87.76502,41.9678],[-87.76356,41.96772],[-87.76279,41.96768],[-87.76136,41.96759],[-87.76062,41.96773],[-87.7606,41.9677],[-87.76009,41.96711],[-87.75968,41.96663],[-87.75937,41.96627],[-87.75904,41.96589],[-87.75874,41.96555],[-87.75842,41.96519],[-87.75805,41.96476],[-87.75759,41.96422],[-87.7574,41.964],[-87.75688,41.96425],[-87.75671,41.96426],[-87.75497,41.96428],[-87.75412,41.96429],[-87.75343,41.9643],[-87.75293,41.96431],[-87.75236,41.96432],[-87.75191,41.96432],[-87.75156,41.96433],[-87.7503,41.96434],[-87.74939,41.96435],[-87.74911,41.96436],[-87.74837,41.96437],[-87.74806,41.96437],[-87.7479,41.96437],[-87.7478,41.96436],[-87.74725,41.96438],[-87.74708,41.96438],[-87.74678,41.96438],[-87.74666,41.96439],[-87.74659,41.96439],[-87.74585,41.96439],[-87.74558,41.9644],[-87.74541,41.9644],[-87.74476,41.96441],[-87.74409,41.96441],[-87.74272,41.96443],[-87.74238,41.96443],[-87.74197,41.96444],[-87.74099,41.96445],[-87.74015,41.96446],[-87.73924,41.96447],[-87.73855,41.96448],[-87.73779,41.96448],[-87.73712,41.96449],[-87.73644,41.9645],[-87.73576,41.96451],[-87.73576,41.9646],[-87.73578,41.96511],[-87.74016,41.96811],[-87.73297,41.96819],[-87.7326,41.96819],[-87.73173,41.9682],[-87.73089,41.96821],[-87.73017,41.96822],[-87.72874,41.96823],[-87.72865,41.96823],[-87.72803,41.96824],[-87.72804,41.9687],[-87.72806,41.96932],[-87.72807,41.9696],[-87.7281,41.97072],[-87.72813,41.97188],[-87.72816,41.97283],[-87.72817,41.97319],[-87.72818,41.97375],[-87.72818,41.97379],[-87.72821,41.97475],[-87.72823,41.97553],[-87.72825,41.97595],[-87.72825,41.97621],[-87.72826,41.97667],[-87.72829,41.97759],[-87.72833,41.97889],[-87.72833,41.9792],[-87.72842,41.9823],[-87.72844,41.98306],[-87.72848,41.98444],[-87.7285,41.98521],[-87.72852,41.9859],[-87.72852,41.98621],[-87.72853,41.98649],[-87.72854,41.98668],[-87.72854,41.98689],[-87.72855,41.98733],[-87.72857,41.98806],[-87.72858,41.9884],[-87.72859,41.98884],[-87.7286,41.98915],[-87.72863,41.98987],[-87.72864,41.99014],[-87.72867,41.9903],[-87.72886,41.9913],[-87.72887,41.9915],[-87.72887,41.99224],[-87.72888,41.99259],[-87.72888,41.99345],[-87.72889,41.99419],[-87.72889,41.99452],[-87.72889,41.99515],[-87.7289,41.99546],[-87.7289,41.99577],[-87.72891,41.99698],[-87.72891,41.99724],[-87.73,41.99724],[-87.73378,41.99724],[-87.7365,41.99725],[-87.73673,41.99725],[-87.73691,41.99725],[-87.73708,41.99725],[-87.73754,41.99725],[-87.73842,41.99725],[-87.73859,41.99725],[-87.73864,41.99725],[-87.73921,41.99725],[-87.73985,41.99725],[-87.74349,41.99727],[-87.74364,41.99727],[-87.74471,41.99727],[-87.74681,41.99728],[-87.74714,41.99728],[-87.74766,41.99729],[-87.74816,41.99729],[-87.74907,41.99729],[-87.74998,41.99729],[-87.75085,41.9973],[-87.75102,41.9973],[-87.75219,41.9973],[-87.75259,41.9973],[-87.7529,41.9973],[-87.75333,41.9975],[-87.75408,41.99785],[-87.75435,41.99798],[-87.75566,41.99862],[-87.75594,41.99874],[-87.75637,41.99894],[-87.7565,41.999],[-87.75676,41.99911],[-87.75707,41.99927],[-87.75726,41.99936],[-87.75738,41.99942],[-87.75753,41.99949],[-87.7576,41.99952],[-87.75771,41.99958],[-87.75798,41.9997],[-87.75811,41.99976],[-87.75842,41.9999],[-87.75865,42.00002],[-87.75889,42.00013],[-87.75907,42.00021],[-87.75913,42.00024],[-87.75926,42.0003],[-87.75934,42.00033],[-87.75959,42.00045],[-87.7597,42.00051],[-87.75982,42.00056],[-87.76007,42.00068],[-87.76032,42.00079],[-87.76032,42.0008],[-87.76062,42.00093],[-87.76119,42.0012],[-87.76202,42.00158],[-87.76223,42.00182],[-87.76218,42.00196],[-87.76204,42.00234],[-87.76199,42.00249],[-87.76195,42.00266],[-87.76193,42.0028],[-87.76189,42.00324],[-87.76186,42.00354],[-87.76184,42.00402],[-87.76184,42.00409],[-87.76184,42.00419],[-87.76183,42.00435],[-87.76182,42.00448],[-87.76181,42.00484],[-87.7618,42.00499],[-87.7618,42.00507],[-87.76179,42.00519],[-87.76175,42.00621],[-87.76174,42.00638],[-87.76173,42.00666],[-87.76172,42.00678],[-87.7617,42.00734],[-87.76169,42.00774],[-87.76184,42.00827],[-87.76241,42.00828],[-87.76261,42.00828],[-87.76311,42.00829],[-87.76326,42.00829],[-87.76339,42.00829],[-87.7634,42.00829],[-87.76355,42.00829],[-87.76381,42.00829],[-87.76387,42.00829],[-87.76395,42.00829],[-87.76398,42.00829],[-87.76429,42.0083],[-87.76446,42.0083],[-87.76473,42.0083],[-87.76502,42.0083],[-87.76514,42.0083],[-87.76532,42.0083],[-87.76546,42.00831],[-87.76565,42.00831],[-87.76576,42.00831],[-87.76582,42.00831],[-87.76588,42.00831],[-87.76599,42.00831],[-87.76627,42.00831],[-87.76632,42.00831],[-87.76649,42.00831],[-87.76651,42.00831],[-87.76709,42.00832],[-87.76715,42.00832],[-87.76719,42.00832],[-87.76747,42.00789],[-87.76748,42.00772],[-87.76748,42.00763],[-87.76748,42.00758],[-87.76748,42.00745],[-87.76748,42.00741],[-87.76748,42.00731],[-87.76749,42.00722],[-87.76749,42.0069],[-87.7675,42.00673],[-87.7675,42.00663],[-87.7675,42.00653],[-87.76751,42.0064],[-87.76751,42.00626],[-87.76751,42.00612],[-87.76751,42.00598],[-87.76752,42.00594],[-87.76752,42.00567],[-87.76752,42.00563],[-87.76752,42.00557],[-87.76753,42.00553],[-87.76753,42.00543],[-87.76753,42.00534],[-87.76753,42.00529],[-87.76754,42.00471],[-87.76747,42.00467],[-87.76719,42.00454],[-87.76686,42.00438],[-87.76679,42.00435],[-87.76673,42.00432],[-87.76667,42.0043],[-87.76657,42.00425],[-87.76642,42.00418],[-87.76638,42.00416],[-87.76614,42.00405],[-87.7661,42.00403],[-87.76603,42.004],[-87.76599,42.00398],[-87.76586,42.00392],[-87.76585,42.00392],[-87.76567,42.00383],[-87.76549,42.00374],[-87.76548,42.00372],[-87.7655,42.0037],[-87.76561,42.00357],[-87.76579,42.00333],[-87.76593,42.0034],[-87.76655,42.00368],[-87.76693,42.00386],[-87.76742,42.00409],[-87.76749,42.00413],[-87.76761,42.00418],[-87.76786,42.00429],[-87.7692,42.00491],[-87.76935,42.0052],[-87.76974,42.00597],[-87.76987,42.00622],[-87.77013,42.00629],[-87.77027,42.00623],[-87.77036,42.00619],[-87.77044,42.00634],[-87.77053,42.00652],[-87.77061,42.00668],[-87.77072,42.00688],[-87.77083,42.0071],[-87.77089,42.00721],[-87.771,42.00743],[-87.7712,42.0078],[-87.77132,42.00804],[-87.77155,42.00848],[-87.77167,42.00872],[-87.77178,42.00893],[-87.77182,42.00902],[-87.77189,42.00915],[-87.77197,42.0093],[-87.77213,42.00961],[-87.77225,42.00983],[-87.77233,42.01],[-87.77253,42.01038],[-87.77279,42.01088],[-87.77291,42.01111],[-87.77305,42.01137],[-87.77322,42.01169],[-87.77335,42.01196],[-87.77415,42.01196],[-87.77628,42.01197],[-87.77699,42.01198],[-87.77705,42.0121],[-87.77704,42.01278],[-87.77703,42.01308],[-87.77703,42.01316],[-87.77702,42.01344],[-87.77701,42.01367],[-87.77701,42.01391],[-87.777,42.01406],[-87.777,42.01415],[-87.777,42.01426],[-87.777,42.01438],[-87.77699,42.01462],[-87.77699,42.01474],[-87.77698,42.01501],[-87.77698,42.01511],[-87.77735,42.0154],[-87.77783,42.01541],[-87.77841,42.01543],[-87.77866,42.01543],[-87.77911,42.01517],[-87.77911,42.01506],[-87.77912,42.01488],[-87.77912,42.01476],[-87.77912,42.01464],[-87.77912,42.01452],[-87.77913,42.01435],[-87.77913,42.01428],[-87.77914,42.01407],[-87.77914,42.01392],[-87.77914,42.01374],[-87.77915,42.01357],[-87.77917,42.01333],[-87.77918,42.01319],[-87.77919,42.01303],[-87.77921,42.01278],[-87.77922,42.01264],[-87.77926,42.01214],[-87.77927,42.01199],[-87.77934,42.01199],[-87.77979,42.01199],[-87.77997,42.01199],[-87.78037,42.01199],[-87.78044,42.012],[-87.78106,42.01201],[-87.78154,42.01201],[-87.78207,42.012],[-87.78246,42.012],[-87.78311,42.012],[-87.78374,42.012],[-87.78434,42.012],[-87.78513,42.012],[-87.78572,42.012],[-87.78607,42.012],[-87.78615,42.012],[-87.78872,42.012],[-87.78835,42.01156],[-87.78769,42.01079],[-87.78752,42.01059],[-87.7875,42.01056],[-87.78733,42.01037],[-87.78721,42.01023],[-87.78692,42.00989],[-87.78667,42.0096],[-87.78661,42.00952],[-87.78653,42.00943],[-87.7864,42.00928],[-87.78627,42.00913],[-87.78595,42.00875],[-87.78591,42.0087],[-87.78556,42.0083],[-87.78543,42.00814],[-87.78525,42.00794],[-87.78515,42.00782],[-87.78481,42.00741],[-87.78445,42.007],[-87.78436,42.00689],[-87.78413,42.00662],[-87.78407,42.00655],[-87.7839,42.00636],[-87.78376,42.00618],[-87.78338,42.00574],[-87.78302,42.00534],[-87.78297,42.00528],[-87.78291,42.00522],[-87.78273,42.00505],[-87.78262,42.00495],[-87.78245,42.00482],[-87.78224,42.00465],[-87.78223,42.00465],[-87.78218,42.00461],[-87.78209,42.00455],[-87.78216,42.00443],[-87.78247,42.00428],[-87.78686,42.0022],[-87.79015,42.00063],[-87.79027,42.00058],[-87.79064,42.0004],[-87.79068,42.00043],[-87.79075,42.00051],[-87.79076,42.00053],[-87.79091,42.00069],[-87.79104,42.00083],[-87.79117,42.00098],[-87.79174,42.00097],[-87.79195,42.00097],[-87.79246,42.00097],[-87.79282,42.00097],[-87.79332,42.00097],[-87.79394,42.00096],[-87.79447,42.00096],[-87.79485,42.00095],[-87.79529,42.00095],[-87.79555,42.00095],[-87.79594,42.00095],[-87.79612,42.00095],[-87.79656,42.00094],[-87.79683,42.00094],[-87.79711,42.00094],[-87.79712,42.00094],[-87.79717,42.00089],[-87.79717,42.00004],[-87.79828,42.00004],[-87.79945,42.00003],[-87.79963,42.00087],[-87.79966,42.00087],[-87.80109,42.00087],[-87.80108,42.00154],[-87.8025,42.00156],[-87.80279,42.00155],[-87.80392,42.00154],[-87.80535,42.00152],[-87.80536,42.00088],[-87.80584,42.00085],[-87.80676,42.00084],[-87.80676,42.00114],[-87.80675,42.0015],[-87.80675,42.00166],[-87.80675,42.00191],[-87.80674,42.00222],[-87.80674,42.00266],[-87.80673,42.00307],[-87.80672,42.00392],[-87.80672,42.00432],[-87.80672,42.00447],[-87.80671,42.00487],[-87.80671,42.00509],[-87.80671,42.00538],[-87.8067,42.00593],[-87.8067,42.00594],[-87.8067,42.0065],[-87.80669,42.00719],[-87.80668,42.00757],[-87.80668,42.00809],[-87.80667,42.00855],[-87.80667,42.00891],[-87.80666,42.00934],[-87.80666,42.00974],[-87.80666,42.00992],[-87.80665,42.01032],[-87.80665,42.01067],[-87.80664,42.01133],[-87.80663,42.0124],[-87.80663,42.01258],[-87.80662,42.01326],[-87.80662,42.01368],[-87.80659,42.01522],[-87.80659,42.01534],[-87.80658,42.01652],[-87.80657,42.01725],[-87.80657,42.01744],[-87.80656,42.01782],[-87.80655,42.01851]],[[-87.83321,41.98361],[-87.83321,41.98366],[-87.8332,41.98369],[-87.83301,41.9837],[-87.83287,41.98371],[-87.83265,41.98371],[-87.83236,41.98372],[-87.83209,41.98372],[-87.83199,41.98372],[-87.8311,41.98374],[-87.83093,41.98374],[-87.83063,41.98374],[-87.82975,41.98375],[-87.82953,41.98376],[-87.82923,41.98376],[-87.82835,41.98378],[-87.82828,41.9838],[-87.82816,41.98373],[-87.82815,41.98339],[-87.82815,41.98314],[-87.82815,41.98282],[-87.82815,41.98257],[-87.82814,41.9822],[-87.82814,41.98192],[-87.82737,41.98193],[-87.82675,41.98194],[-87.82601,41.98195],[-87.82529,41.98196],[-87.82527,41.982],[-87.82527,41.98206],[-87.82528,41.98227],[-87.82529,41.98252],[-87.8253,41.983],[-87.82429,41.98301],[-87.82384,41.98302],[-87.82353,41.98303],[-87.82354,41.98292],[-87.82365,41.98202],[-87.82368,41.98181],[-87.82372,41.98152],[-87.82374,41.98137],[-87.82379,41.98094],[-87.82384,41.98059],[-87.82387,41.98032],[-87.82391,41.98006],[-87.82394,41.97983],[-87.82396,41.97966],[-87.82399,41.97944],[-87.82403,41.97916],[-87.82408,41.97875],[-87.82411,41.97851],[-87.82415,41.97818],[-87.82417,41.97804],[-87.82419,41.97789],[-87.82422,41.97766],[-87.82425,41.97745],[-87.8243,41.97706],[-87.82433,41.97682],[-87.8244,41.97625],[-87.82487,41.97607],[-87.82547,41.97606],[-87.8261,41.97605],[-87.82635,41.97604],[-87.82637,41.97604],[-87.8272,41.97603],[-87.82742,41.97603],[-87.82743,41.97603],[-87.82786,41.97602],[-87.82809,41.97601],[-87.82852,41.97601],[-87.82874,41.976],[-87.82896,41.976],[-87.82897,41.976],[-87.8294,41.97599],[-87.82984,41.97598],[-87.83006,41.97598],[-87.83028,41.97598],[-87.83051,41.97597],[-87.83073,41.97597],[-87.83116,41.97596],[-87.8314,41.97596],[-87.83186,41.97595],[-87.83252,41.97594],[-87.83296,41.97593],[-87.8334,41.97592],[-87.83362,41.97631],[-87.83362,41.97689],[-87.83337,41.97689],[-87.83296,41.9769],[-87.83285,41.9769],[-87.83268,41.97691],[-87.83246,41.97691],[-87.83228,41.97691],[-87.83227,41.97691],[-87.83207,41.97692],[-87.83161,41.97692],[-87.83139,41.97693],[-87.83117,41.97693],[-87.83113,41.97693],[-87.83095,41.97694],[-87.83088,41.97694],[-87.83062,41.97694],[-87.83029,41.97695],[-87.8301,41.97695],[-87.82985,41.97695],[-87.8296,41.97696],[-87.83002,41.97733],[-87.83004,41.97733],[-87.83004,41.97769],[-87.83005,41.97799],[-87.83002,41.97806],[-87.82972,41.97842],[-87.82887,41.97844],[-87.82864,41.97877],[-87.82868,41.97884],[-87.8287,41.97884],[-87.8287,41.97912],[-87.82808,41.97912],[-87.82808,41.97928],[-87.8287,41.97929],[-87.8287,41.97946],[-87.82869,41.9798],[-87.82869,41.98033],[-87.82919,41.98059],[-87.82976,41.98059],[-87.83007,41.98058],[-87.83042,41.98057],[-87.83051,41.98057],[-87.83074,41.98057],[-87.83076,41.98057],[-87.83097,41.98056],[-87.83107,41.98056],[-87.83135,41.98056],[-87.8314,41.98056],[-87.83162,41.98055],[-87.83172,41.98055],[-87.83191,41.98055],[-87.83205,41.98055],[-87.83224,41.98054],[-87.83266,41.98054],[-87.83281,41.98053],[-87.83325,41.98053],[-87.83424,41.98051],[-87.83448,41.98051],[-87.8351,41.9805],[-87.8351,41.98066],[-87.83436,41.98085],[-87.83452,41.98115],[-87.83483,41.98115],[-87.83509,41.98115],[-87.83509,41.98152],[-87.83508,41.98185],[-87.83508,41.98207],[-87.83507,41.98267],[-87.83457,41.98267],[-87.83428,41.98266],[-87.83402,41.98266],[-87.83388,41.98266],[-87.83359,41.98283],[-87.83359,41.98292],[-87.83359,41.98296],[-87.83359,41.98327],[-87.83359,41.98342],[-87.83358,41.98357],[-87.83326,41.98357],[-87.83321,41.98361]]]},"properties":{"level":"hs","grades":"9–12","id":"609734","name":"William Howard Taft High School","url":"https://www.cps.edu/schools/schoolprofiles/609734","x":-87.79155,"y":41.98296}},{"type":"Feature","geometry":{"type":"Polygon","coordinates":[[[-87.64489,41.9328],[-87.64549,41.93355],[-87.64588,41.93403],[-87.64654,41.93484],[-87.6469,41.93528],[-87.64745,41.93596],[-87.64782,41.93643],[-87.64828,41.93699],[-87.64896,41.93784],[-87.64922,41.93816],[-87.64924,41.93908],[-87.64927,41.93998],[-87.65008,41.93997],[-87.65151,41.93995],[-87.65183,41.93994],[-87.65248,41.93994],[-87.65324,41.93992],[-87.65352,41.93992],[-87.65411,41.93991],[-87.65471,41.9399],[-87.65532,41.93989],[-87.65594,41.93988],[-87.65654,41.93987],[-87.65683,41.93987],[-87.65775,41.93986],[-87.65809,41.93985],[-87.65897,41.93984],[-87.65896,41.93961],[-87.65895,41.93938],[-87.65894,41.93893],[-87.6589,41.93802],[-87.66096,41.93799],[-87.66128,41.93753],[-87.66127,41.93721],[-87.66126,41.93708],[-87.66123,41.93657],[-87.66126,41.93604],[-87.66125,41.93569],[-87.66122,41.93504],[-87.66121,41.93448],[-87.6612,41.93434],[-87.66117,41.93379],[-87.66116,41.93343],[-87.66359,41.93339],[-87.66395,41.93338],[-87.66428,41.93338],[-87.66602,41.93335],[-87.66707,41.93333],[-87.66773,41.93332],[-87.66843,41.93331],[-87.66903,41.9333],[-87.6698,41.93329],[-87.67086,41.93328],[-87.67084,41.93282],[-87.67083,41.93237],[-87.67131,41.93237],[-87.67238,41.93235],[-87.67299,41.93235],[-87.67327,41.93234],[-87.67336,41.93234],[-87.67381,41.93234],[-87.67566,41.93232],[-87.67637,41.93231],[-87.67746,41.93229],[-87.67814,41.93228],[-87.67813,41.93188],[-87.67819,41.93144],[-87.67822,41.93123],[-87.67827,41.93093],[-87.6783,41.93072],[-87.67831,41.93064],[-87.67832,41.93028],[-87.6783,41.92978],[-87.67829,41.92921],[-87.67817,41.92858],[-87.6781,41.92809],[-87.67652,41.92759],[-87.67586,41.92724],[-87.67475,41.92643],[-87.67451,41.92574],[-87.67446,41.92484],[-87.67426,41.92439],[-87.67346,41.92378],[-87.67297,41.9234],[-87.67216,41.92281],[-87.67111,41.92241],[-87.67089,41.92238],[-87.67063,41.92238],[-87.67015,41.92237],[-87.66951,41.92241],[-87.66928,41.92239],[-87.66893,41.92228],[-87.66823,41.9221],[-87.66808,41.92201],[-87.66782,41.92158],[-87.66754,41.92115],[-87.66718,41.92072],[-87.66646,41.92003],[-87.66631,41.9198],[-87.66606,41.91943],[-87.66543,41.91859],[-87.66524,41.91841],[-87.66496,41.91815],[-87.66467,41.9179],[-87.66453,41.9177],[-87.66447,41.9176],[-87.6643,41.91712],[-87.66404,41.91628],[-87.66377,41.91568],[-87.66371,41.91563],[-87.66303,41.91549],[-87.66279,41.91557],[-87.66269,41.91558],[-87.66265,41.91559],[-87.66245,41.91569],[-87.66228,41.91581],[-87.66207,41.91592],[-87.66186,41.91599],[-87.66133,41.91618],[-87.66106,41.91616],[-87.66093,41.91612],[-87.66087,41.91607],[-87.66065,41.91593],[-87.66027,41.91571],[-87.65991,41.91547],[-87.65955,41.91531],[-87.65937,41.91521],[-87.65915,41.91508],[-87.65808,41.91411],[-87.65772,41.91343],[-87.65741,41.91236],[-87.65712,41.91157],[-87.65701,41.91127],[-87.65686,41.91078],[-87.65685,41.91074],[-87.65697,41.91042],[-87.65501,41.91017],[-87.65145,41.90591],[-87.65059,41.90506],[-87.64957,41.90382],[-87.64925,41.90324],[-87.64827,41.90217],[-87.64748,41.90152],[-87.64649,41.90051],[-87.64561,41.89885],[-87.64478,41.89754],[-87.64443,41.89724],[-87.64422,41.89645],[-87.64293,41.89648],[-87.64309,41.90041],[-87.64004,41.90047],[-87.63979,41.90043],[-87.63732,41.90051],[-87.63667,41.90051],[-87.6364,41.90052],[-87.63599,41.90052],[-87.63558,41.90053],[-87.63451,41.90054],[-87.63267,41.90054],[-87.62831,41.90059],[-87.62832,41.90074],[-87.62468,41.9008],[-87.61913,41.90098],[-87.61923,41.9011],[-87.61931,41.90117],[-87.61939,41.90125],[-87.61941,41.90126],[-87.61944,41.90129],[-87.61949,41.90132],[-87.6195,41.90133],[-87.61964,41.90141],[-87.61964,41.90142],[-87.61976,41.90149],[-87.6198,41.90151],[-87.6199,41.90156],[-87.62037,41.90169],[-87.62041,41.9017],[-87.62052,41.90174],[-87.621,41.90183],[-87.62114,41.90186],[-87.62115,41.90186],[-87.62127,41.90188],[-87.62152,41.90193],[-87.62164,41.90197],[-87.62174,41.90228],[-87.62192,41.90275],[-87.62234,41.90341],[-87.62328,41.9041],[-87.62344,41.90416],[-87.62361,41.90419],[-87.62386,41.9049],[-87.62398,41.90523],[-87.624,41.90531],[-87.62422,41.90591],[-87.6244,41.90643],[-87.62443,41.90653],[-87.62444,41.90654],[-87.6246,41.907],[-87.62469,41.90725],[-87.62481,41.90753],[-87.62484,41.90767],[-87.6249,41.90795],[-87.6249,41.90798],[-87.6249,41.90799],[-87.62492,41.90805],[-87.62496,41.90825],[-87.62502,41.90854],[-87.62509,41.90909],[-87.62512,41.90943],[-87.62513,41.90956],[-87.62514,41.90982],[-87.62514,41.90998],[-87.62512,41.91009],[-87.62512,41.91018],[-87.6251,41.91027],[-87.62504,41.91039],[-87.62499,41.91046],[-87.62493,41.91052],[-87.62492,41.91052],[-87.62486,41.91056],[-87.6248,41.91062],[-87.62474,41.91072],[-87.62468,41.91104],[-87.62467,41.91124],[-87.62466,41.91142],[-87.62446,41.91157],[-87.62424,41.91173],[-87.62376,41.9121],[-87.62334,41.91243],[-87.62297,41.91266],[-87.62284,41.91272],[-87.62274,41.91275],[-87.62253,41.91282],[-87.62237,41.91285],[-87.622,41.9129],[-87.62181,41.91291],[-87.62116,41.91303],[-87.62114,41.91303],[-87.62103,41.91307],[-87.62078,41.91318],[-87.62063,41.91326],[-87.6205,41.91336],[-87.62044,41.91341],[-87.62039,41.91347],[-87.62029,41.91359],[-87.62021,41.91375],[-87.62019,41.91379],[-87.62015,41.91392],[-87.62014,41.91399],[-87.62013,41.91415],[-87.62014,41.91429],[-87.62022,41.91469],[-87.62026,41.91473],[-87.62038,41.91481],[-87.62043,41.91483],[-87.62048,41.91485],[-87.6205,41.91485],[-87.62057,41.91487],[-87.62072,41.91487],[-87.62077,41.91486],[-87.62082,41.91485],[-87.62084,41.91485],[-87.6209,41.91483],[-87.62098,41.91479],[-87.62099,41.91479],[-87.62083,41.9148],[-87.62079,41.91481],[-87.62069,41.91482],[-87.62064,41.91482],[-87.62056,41.91482],[-87.6205,41.9148],[-87.62042,41.91478],[-87.62036,41.91474],[-87.62031,41.9147],[-87.62027,41.91467],[-87.62021,41.91457],[-87.6202,41.91452],[-87.6202,41.9145],[-87.62019,41.91429],[-87.62022,41.91388],[-87.62025,41.9138],[-87.62032,41.91366],[-87.62034,41.91371],[-87.62028,41.91389],[-87.62029,41.91398],[-87.62031,41.91403],[-87.62031,41.91421],[-87.62029,41.91428],[-87.6203,41.91461],[-87.62052,41.91467],[-87.62055,41.91454],[-87.62067,41.91434],[-87.62074,41.91426],[-87.62168,41.91387],[-87.62209,41.91385],[-87.62296,41.91405],[-87.62391,41.91453],[-87.62429,41.91483],[-87.62451,41.91497],[-87.62577,41.91589],[-87.62607,41.91607],[-87.62655,41.91646],[-87.62649,41.9165],[-87.62614,41.91673],[-87.62605,41.91679],[-87.62609,41.91684],[-87.62633,41.91669],[-87.62652,41.91683],[-87.62669,41.91695],[-87.62694,41.91713],[-87.62743,41.91756],[-87.62763,41.91777],[-87.62763,41.91778],[-87.62741,41.9179],[-87.62683,41.9183],[-87.62688,41.91828],[-87.62713,41.91816],[-87.62767,41.9186],[-87.62772,41.91865],[-87.628,41.91894],[-87.62828,41.91928],[-87.62762,41.9196],[-87.62733,41.91975],[-87.62735,41.91979],[-87.62735,41.9198],[-87.62738,41.91979],[-87.62789,41.91965],[-87.62819,41.91997],[-87.62838,41.92021],[-87.62876,41.92072],[-87.62884,41.92082],[-87.62884,41.92086],[-87.62877,41.92087],[-87.62864,41.92092],[-87.6279,41.92127],[-87.6277,41.92136],[-87.6277,41.92137],[-87.62771,41.92138],[-87.62773,41.9214],[-87.6284,41.92127],[-87.62864,41.92154],[-87.62928,41.92229],[-87.62938,41.92243],[-87.62927,41.92253],[-87.62922,41.92255],[-87.6292,41.92256],[-87.62898,41.92269],[-87.6285,41.92297],[-87.62838,41.92312],[-87.62886,41.92285],[-87.62899,41.92292],[-87.62997,41.92416],[-87.62915,41.9247],[-87.63008,41.92416],[-87.63013,41.92435],[-87.63016,41.92448],[-87.63019,41.92466],[-87.63022,41.92487],[-87.63023,41.92499],[-87.63025,41.92516],[-87.63027,41.92543],[-87.63027,41.92569],[-87.63027,41.92577],[-87.63027,41.92578],[-87.63022,41.92584],[-87.63018,41.92589],[-87.63003,41.92603],[-87.62988,41.92616],[-87.62982,41.92613],[-87.62977,41.92611],[-87.62973,41.92609],[-87.62971,41.92609],[-87.6297,41.92611],[-87.62969,41.92612],[-87.62966,41.92615],[-87.62964,41.92619],[-87.62964,41.9262],[-87.62963,41.92622],[-87.62962,41.92625],[-87.62961,41.92631],[-87.6296,41.92635],[-87.6296,41.92638],[-87.6296,41.9264],[-87.6296,41.92643],[-87.6296,41.92644],[-87.6296,41.92652],[-87.6296,41.92658],[-87.62963,41.92675],[-87.62964,41.9268],[-87.6297,41.9269],[-87.62978,41.92706],[-87.62981,41.9271],[-87.62988,41.92718],[-87.63003,41.92734],[-87.63009,41.92739],[-87.63022,41.92752],[-87.63031,41.92761],[-87.63047,41.92779],[-87.63052,41.92786],[-87.63056,41.92792],[-87.6306,41.92797],[-87.63061,41.928],[-87.6304,41.92808],[-87.63049,41.92822],[-87.63075,41.92882],[-87.63091,41.92932],[-87.63093,41.92945],[-87.63096,41.92964],[-87.63098,41.92978],[-87.63099,41.92986],[-87.63101,41.9301],[-87.63101,41.93026],[-87.631,41.93045],[-87.63099,41.93048],[-87.63097,41.93069],[-87.63091,41.93094],[-87.63089,41.93104],[-87.63084,41.93121],[-87.63074,41.9315],[-87.6307,41.9316],[-87.63067,41.93177],[-87.63068,41.93181],[-87.63077,41.9321],[-87.63091,41.93225],[-87.63123,41.93241],[-87.63112,41.93254],[-87.63106,41.93257],[-87.63108,41.9326],[-87.63116,41.93258],[-87.63159,41.93246],[-87.6317,41.93254],[-87.6317,41.93259],[-87.63152,41.9326],[-87.63114,41.93295],[-87.63077,41.93259],[-87.63077,41.93258],[-87.63072,41.93253],[-87.63071,41.93252],[-87.63066,41.93253],[-87.63066,41.93254],[-87.63066,41.93255],[-87.63069,41.93258],[-87.63069,41.93264],[-87.6307,41.93269],[-87.63071,41.93277],[-87.63029,41.93309],[-87.63017,41.93333],[-87.63029,41.93333],[-87.6303,41.93333],[-87.63052,41.93333],[-87.63059,41.93333],[-87.63079,41.93333],[-87.63086,41.93333],[-87.63108,41.93333],[-87.63113,41.93333],[-87.63114,41.93333],[-87.63135,41.93332],[-87.63141,41.93332],[-87.63155,41.93332],[-87.6316,41.93332],[-87.6317,41.93332],[-87.63181,41.93332],[-87.63189,41.93332],[-87.63202,41.93332],[-87.63213,41.93332],[-87.63252,41.93332],[-87.63323,41.93333],[-87.63356,41.93333],[-87.63435,41.93334],[-87.63497,41.93335],[-87.63611,41.93316],[-87.63675,41.93289],[-87.63735,41.93293],[-87.63795,41.93293],[-87.63874,41.93292],[-87.64032,41.93289],[-87.64134,41.93287],[-87.64171,41.93286],[-87.64249,41.93285],[-87.64307,41.93284],[-87.64412,41.93282],[-87.64489,41.9328]]]},"properties":{"level":"hs","grades":"9–12","id":"609738","name":"Lincoln Park High School","url":"https://www.cps.edu/schools/schoolprofiles/609738","x":-87.64601,"y":41.91827}},{"type":"Feature","geometry":{"type":"Polygon","coordinates":[[[-87.52946,41.73231],[-87.52949,41.73237],[-87.52931,41.73286],[-87.52925,41.73301],[-87.52994,41.73273],[-87.53135,41.73215],[-87.53206,41.73185],[-87.53474,41.73071],[-87.53636,41.73002],[-87.53726,41.72962],[-87.53941,41.72879],[-87.54042,41.72828],[-87.5419,41.72714],[-87.54225,41.72658],[-87.54246,41.72588],[-87.543,41.72403],[-87.54318,41.72313],[-87.54302,41.72199],[-87.54269,41.72082],[-87.54289,41.72013],[-87.54302,41.71933],[-87.54316,41.71802],[-87.54313,41.7178],[-87.54303,41.71715],[-87.54242,41.71644],[-87.54232,41.71586],[-87.54219,41.71574],[-87.54218,41.71553],[-87.54218,41.71528],[-87.54229,41.71426],[-87.54244,41.71382],[-87.5426,41.71288],[-87.54261,41.7114],[-87.54267,41.71095],[-87.54277,41.71072],[-87.54306,41.71026],[-87.54317,41.7101],[-87.54328,41.70985],[-87.5439,41.70919],[-87.54459,41.70868],[-87.54527,41.70814],[-87.54579,41.70747],[-87.54585,41.7064],[-87.55499,41.70639],[-87.55575,41.7064],[-87.55644,41.7064],[-87.55767,41.7064],[-87.5584,41.70639],[-87.55879,41.70639],[-87.56021,41.70641],[-87.56086,41.7064],[-87.56147,41.7064],[-87.56207,41.7064],[-87.56288,41.70639],[-87.56328,41.7064],[-87.56325,41.70458],[-87.56407,41.70458],[-87.56446,41.70458],[-87.56553,41.70457],[-87.57095,41.70449],[-87.57097,41.70451],[-87.57111,41.70466],[-87.57139,41.70497],[-87.5718,41.70542],[-87.57261,41.70631],[-87.57339,41.70716],[-87.57392,41.70774],[-87.57412,41.70796],[-87.58213,41.70786],[-87.58447,41.7078],[-87.58447,41.70774],[-87.58447,41.7075],[-87.58459,41.70717],[-87.58486,41.70688],[-87.5875,41.70556],[-87.58836,41.70496],[-87.58958,41.70388],[-87.59186,41.70175],[-87.59272,41.70088],[-87.59434,41.69897],[-87.5952,41.6977],[-87.59557,41.69706],[-87.5957,41.69682],[-87.59598,41.69631],[-87.59602,41.69624],[-87.59652,41.69524],[-87.59757,41.69235],[-87.598,41.69164],[-87.59904,41.69027],[-87.60031,41.6879],[-87.60102,41.68689],[-87.6015,41.68588],[-87.60175,41.68445],[-87.60152,41.67672],[-87.60132,41.67562],[-87.60071,41.67415],[-87.60003,41.67318],[-87.59239,41.66428],[-87.589,41.66039],[-87.58852,41.66039],[-87.58663,41.66034],[-87.58537,41.66012],[-87.58334,41.65949],[-87.58243,41.65931],[-87.58159,41.65922],[-87.58049,41.6592],[-87.57979,41.65919],[-87.57858,41.65919],[-87.57745,41.65919],[-87.57677,41.65919],[-87.57635,41.6592],[-87.5731,41.6592],[-87.57257,41.65894],[-87.57256,41.65883],[-87.57254,41.6586],[-87.57253,41.65852],[-87.57247,41.65827],[-87.57246,41.65804],[-87.57244,41.65767],[-87.57236,41.65743],[-87.57234,41.65735],[-87.57206,41.6569],[-87.57173,41.65655],[-87.57098,41.65604],[-87.57049,41.65571],[-87.5703,41.65557],[-87.5698,41.6551],[-87.56956,41.65488],[-87.56913,41.65448],[-87.56895,41.65431],[-87.56869,41.65405],[-87.56842,41.65377],[-87.56701,41.65226],[-87.56686,41.6521],[-87.56609,41.65133],[-87.56553,41.6508],[-87.56505,41.65035],[-87.56456,41.64983],[-87.56426,41.64952],[-87.56223,41.64736],[-87.56153,41.6461],[-87.56149,41.64556],[-87.56144,41.64496],[-87.56141,41.64465],[-87.56092,41.64465],[-87.55932,41.64464],[-87.55928,41.64464],[-87.552,41.64459],[-87.54109,41.64456],[-87.54068,41.64456],[-87.53974,41.64456],[-87.53798,41.64456],[-87.5302,41.64457],[-87.52535,41.64454],[-87.52516,41.64527],[-87.52515,41.6458],[-87.52514,41.64687],[-87.52513,41.64729],[-87.52513,41.64784],[-87.52512,41.64821],[-87.52511,41.64881],[-87.52511,41.64957],[-87.52508,41.65191],[-87.52507,41.65247],[-87.52507,41.65279],[-87.52506,41.65343],[-87.52505,41.65404],[-87.52504,41.65487],[-87.52503,41.65542],[-87.52503,41.65587],[-87.52501,41.65712],[-87.525,41.65796],[-87.52499,41.65906],[-87.52495,41.66275],[-87.52493,41.66439],[-87.52492,41.66613],[-87.52491,41.66672],[-87.5249,41.66773],[-87.52488,41.66938],[-87.52487,41.67046],[-87.52484,41.67337],[-87.52483,41.6737],[-87.52483,41.67377],[-87.52483,41.67398],[-87.52483,41.67407],[-87.52482,41.67468],[-87.52481,41.67557],[-87.52481,41.67573],[-87.52481,41.67574],[-87.52481,41.67585],[-87.52479,41.67721],[-87.52478,41.67805],[-87.52477,41.67872],[-87.52477,41.6789],[-87.52476,41.67955],[-87.52474,41.68091],[-87.52472,41.68251],[-87.52472,41.68252],[-87.52471,41.68348],[-87.52467,41.6863],[-87.52466,41.68761],[-87.52465,41.68852],[-87.52462,41.6918],[-87.52465,41.69221],[-87.52466,41.69234],[-87.52465,41.69292],[-87.52464,41.69466],[-87.52464,41.69495],[-87.52464,41.6952],[-87.52461,41.69542],[-87.52456,41.69898],[-87.52456,41.69911],[-87.52455,41.69932],[-87.52455,41.6998],[-87.52455,41.69997],[-87.52454,41.70066],[-87.52454,41.70087],[-87.52454,41.70122],[-87.52453,41.70178],[-87.52453,41.70206],[-87.52453,41.70225],[-87.52453,41.7026],[-87.52453,41.70261],[-87.52453,41.70274],[-87.52453,41.70277],[-87.52453,41.70289],[-87.52453,41.703],[-87.52453,41.70306],[-87.52453,41.70342],[-87.52453,41.70389],[-87.52454,41.70432],[-87.52454,41.7046],[-87.52454,41.70482],[-87.52454,41.70556],[-87.52454,41.7057],[-87.52455,41.70703],[-87.52455,41.70715],[-87.52455,41.70756],[-87.52455,41.70766],[-87.52455,41.70791],[-87.52455,41.70795],[-87.52454,41.70831],[-87.52454,41.70848],[-87.52486,41.70865],[-87.52489,41.70867],[-87.52493,41.7087],[-87.52493,41.70871],[-87.52494,41.70873],[-87.52495,41.70876],[-87.52495,41.70878],[-87.52496,41.7088],[-87.52486,41.70915],[-87.52537,41.70883],[-87.5254,41.70883],[-87.52541,41.70883],[-87.52543,41.70885],[-87.52556,41.70898],[-87.52568,41.70909],[-87.52523,41.70937],[-87.52521,41.70936],[-87.52513,41.70934],[-87.52527,41.70946],[-87.52528,41.70947],[-87.52528,41.70948],[-87.52531,41.7095],[-87.52536,41.7095],[-87.52531,41.70946],[-87.52565,41.70923],[-87.52577,41.70916],[-87.52622,41.70954],[-87.52559,41.70994],[-87.52536,41.70979],[-87.52521,41.70974],[-87.52512,41.70974],[-87.52488,41.70941],[-87.52487,41.7094],[-87.5246,41.7093],[-87.52458,41.70929],[-87.52455,41.70927],[-87.5245,41.70926],[-87.52445,41.70925],[-87.52438,41.70926],[-87.52434,41.70928],[-87.52433,41.70928],[-87.52431,41.70928],[-87.5243,41.70928],[-87.52422,41.70929],[-87.52421,41.70931],[-87.5242,41.70932],[-87.52419,41.70931],[-87.52418,41.70931],[-87.52416,41.70931],[-87.52415,41.70931],[-87.52414,41.70932],[-87.52414,41.70933],[-87.52414,41.70934],[-87.52415,41.70939],[-87.52418,41.70942],[-87.52421,41.70944],[-87.52422,41.70944],[-87.52451,41.70955],[-87.52494,41.70988],[-87.52497,41.7099],[-87.52504,41.70995],[-87.52509,41.70995],[-87.52514,41.70998],[-87.52516,41.71],[-87.52528,41.71005],[-87.52536,41.7101],[-87.52537,41.71011],[-87.52542,41.7101],[-87.52549,41.71015],[-87.52551,41.71017],[-87.52552,41.7102],[-87.52554,41.71023],[-87.52555,41.71023],[-87.52558,41.71025],[-87.5256,41.71029],[-87.52561,41.71032],[-87.52568,41.71038],[-87.52578,41.71042],[-87.52582,41.71042],[-87.52591,41.7104],[-87.52595,41.71038],[-87.526,41.71035],[-87.52602,41.71025],[-87.5259,41.71014],[-87.52669,41.71],[-87.52755,41.7105],[-87.52811,41.71103],[-87.52685,41.712],[-87.52643,41.71231],[-87.52615,41.71254],[-87.52517,41.71333],[-87.52639,41.71243],[-87.52662,41.7126],[-87.52715,41.71296],[-87.52784,41.71391],[-87.52806,41.71456],[-87.52821,41.71515],[-87.52833,41.7156],[-87.52835,41.71596],[-87.52832,41.71611],[-87.52811,41.7163],[-87.5281,41.71631],[-87.5279,41.71645],[-87.52778,41.71653],[-87.52776,41.71655],[-87.52764,41.71662],[-87.52752,41.71669],[-87.52729,41.71681],[-87.5273,41.71682],[-87.527,41.71695],[-87.52698,41.71695],[-87.52692,41.71693],[-87.52691,41.71691],[-87.52688,41.71689],[-87.52686,41.71688],[-87.52685,41.71687],[-87.52682,41.71687],[-87.5268,41.71687],[-87.52677,41.71692],[-87.5268,41.71699],[-87.52652,41.71708],[-87.52661,41.71724],[-87.52652,41.71727],[-87.5258,41.71732],[-87.52581,41.71733],[-87.52447,41.7174],[-87.52448,41.7178],[-87.5245,41.71791],[-87.5245,41.71798],[-87.52436,41.71824],[-87.52436,41.71832],[-87.52449,41.71832],[-87.52518,41.71846],[-87.52542,41.7187],[-87.52555,41.71899],[-87.5256,41.71932],[-87.52561,41.71955],[-87.52557,41.72015],[-87.52553,41.72052],[-87.52551,41.72066],[-87.52545,41.7208],[-87.52529,41.72076],[-87.52514,41.72073],[-87.52508,41.72085],[-87.52534,41.72091],[-87.52541,41.72092],[-87.52533,41.72106],[-87.52524,41.72122],[-87.52518,41.7213],[-87.52515,41.72134],[-87.52509,41.72142],[-87.52482,41.72118],[-87.5247,41.72125],[-87.52471,41.72126],[-87.52476,41.72131],[-87.525,41.72152],[-87.52495,41.72158],[-87.52487,41.72166],[-87.52481,41.72171],[-87.52474,41.72177],[-87.5247,41.72179],[-87.52469,41.7218],[-87.52462,41.72179],[-87.52453,41.72179],[-87.52451,41.72179],[-87.52455,41.7232],[-87.52453,41.7235],[-87.52456,41.72448],[-87.52459,41.72619],[-87.52463,41.72801],[-87.52463,41.72817],[-87.52468,41.73068],[-87.52494,41.7314],[-87.52495,41.73141],[-87.52515,41.7315],[-87.52522,41.73152],[-87.52526,41.73153],[-87.52895,41.73205],[-87.52912,41.73208],[-87.52913,41.73209],[-87.52915,41.7321],[-87.52918,41.73213],[-87.52919,41.73215],[-87.52921,41.73219],[-87.52921,41.7322],[-87.52922,41.73223],[-87.52927,41.73228],[-87.52933,41.73231],[-87.52935,41.73231],[-87.52938,41.73232],[-87.52946,41.73231]]]},"properties":{"level":"hs","grades":"9–12","id":"609739","name":"George Washington High School","url":"https://www.cps.edu/schools/schoolprofiles/609739","x":-87.53757,"y":41.68814}},{"type":"Feature","geometry":{"type":"Polygon","coordinates":[[[-87.66782,41.92158],[-87.67775,41.9214],[-87.6776,41.91699],[-87.68007,41.91694],[-87.67996,41.91226],[-87.68036,41.91225],[-87.67972,41.91184],[-87.67921,41.9115],[-87.67846,41.91102],[-87.67792,41.91067],[-87.67759,41.91047],[-87.67702,41.91009],[-87.67537,41.90903],[-87.67492,41.90875],[-87.67481,41.90868],[-87.67428,41.90834],[-87.67341,41.90778],[-87.67267,41.90731],[-87.67476,41.90549],[-87.67489,41.90504],[-87.67482,41.90323],[-87.67726,41.90319],[-87.67724,41.90267],[-87.67722,41.90183],[-87.67721,41.90168],[-87.6772,41.90118],[-87.67719,41.90086],[-87.67717,41.90007],[-87.67717,41.89997],[-87.67713,41.89846],[-87.6771,41.89748],[-87.67708,41.89712],[-87.67705,41.89591],[-87.67774,41.8959],[-87.6782,41.89589],[-87.67919,41.89587],[-87.6795,41.89587],[-87.6801,41.89586],[-87.68062,41.89585],[-87.6812,41.89584],[-87.68243,41.89582],[-87.68395,41.89579],[-87.68491,41.89578],[-87.68684,41.89574],[-87.68683,41.89527],[-87.68682,41.89502],[-87.68679,41.89393],[-87.69129,41.8939],[-87.69418,41.89384],[-87.69417,41.89333],[-87.70037,41.89581],[-87.70173,41.89636],[-87.70188,41.89642],[-87.70223,41.89656],[-87.70223,41.89632],[-87.7022,41.89539],[-87.70218,41.89482],[-87.70218,41.89476],[-87.70217,41.89455],[-87.70217,41.89448],[-87.70216,41.89403],[-87.70215,41.89358],[-87.70213,41.89321],[-87.70206,41.89288],[-87.70202,41.89239],[-87.70201,41.89212],[-87.702,41.89179],[-87.70193,41.89076],[-87.70185,41.89049],[-87.70177,41.89033],[-87.70154,41.88979],[-87.70143,41.88877],[-87.70142,41.88844],[-87.70141,41.88816],[-87.70039,41.88817],[-87.69926,41.88819],[-87.69867,41.8882],[-87.69758,41.88821],[-87.69715,41.88822],[-87.69648,41.88822],[-87.69647,41.88812],[-87.69647,41.88793],[-87.69647,41.88785],[-87.69646,41.88769],[-87.6962,41.88767],[-87.69585,41.88767],[-87.6957,41.88767],[-87.69542,41.88767],[-87.69478,41.88768],[-87.69435,41.88768],[-87.6942,41.88769],[-87.69377,41.88769],[-87.69358,41.88769],[-87.69327,41.88764],[-87.6931,41.8876],[-87.693,41.88757],[-87.69297,41.88755],[-87.69286,41.88746],[-87.69278,41.8874],[-87.69273,41.88735],[-87.69269,41.88732],[-87.69264,41.88728],[-87.69261,41.88725],[-87.69257,41.88721],[-87.69252,41.88716],[-87.6925,41.88713],[-87.69245,41.88708],[-87.69241,41.88703],[-87.69238,41.88699],[-87.69233,41.88693],[-87.69229,41.88688],[-87.69226,41.88683],[-87.69218,41.8867],[-87.6921,41.88658],[-87.69195,41.88442],[-87.69145,41.88443],[-87.68926,41.88453],[-87.68899,41.88454],[-87.68857,41.88456],[-87.68737,41.88461],[-87.68653,41.88463],[-87.68653,41.88466],[-87.68654,41.88499],[-87.68656,41.88571],[-87.68658,41.88663],[-87.68445,41.88665],[-87.68412,41.88666],[-87.68416,41.88781],[-87.68417,41.88824],[-87.68418,41.88848],[-87.68418,41.8886],[-87.68366,41.88861],[-87.68294,41.88862],[-87.68267,41.88863],[-87.68206,41.88864],[-87.68002,41.88867],[-87.67929,41.88869],[-87.67783,41.88871],[-87.67685,41.88872],[-87.67677,41.88586],[-87.67676,41.88551],[-87.67675,41.88541],[-87.67675,41.88536],[-87.67674,41.88501],[-87.67674,41.88498],[-87.67669,41.88315],[-87.67668,41.88291],[-87.67668,41.88269],[-87.67666,41.88223],[-87.67665,41.88183],[-87.67665,41.88172],[-87.67664,41.88131],[-87.67664,41.88112],[-87.67663,41.88064],[-87.67662,41.88018],[-87.6766,41.8796],[-87.67654,41.87711],[-87.67654,41.87676],[-87.67653,41.87641],[-87.67652,41.87594],[-87.6765,41.87537],[-87.67646,41.87419],[-87.67637,41.87106],[-87.67636,41.87063],[-87.67632,41.86932],[-87.6763,41.86846],[-87.67628,41.8677],[-87.67627,41.86757],[-87.67627,41.86728],[-87.67626,41.86709],[-87.67625,41.86688],[-87.67625,41.86675],[-87.67625,41.86662],[-87.67623,41.86613],[-87.67622,41.86566],[-87.6762,41.86521],[-87.6762,41.86494],[-87.67619,41.86454],[-87.67618,41.86422],[-87.67617,41.86403],[-87.67616,41.8637],[-87.67615,41.86335],[-87.67614,41.86225],[-87.67613,41.86199],[-87.67612,41.86152],[-87.6761,41.86102],[-87.67609,41.86077],[-87.67607,41.86],[-87.67605,41.85952],[-87.67604,41.85931],[-87.67567,41.85936],[-87.67534,41.85941],[-87.67513,41.85944],[-87.67491,41.85947],[-87.67478,41.8595],[-87.67456,41.85954],[-87.67448,41.85956],[-87.67415,41.85961],[-87.67397,41.85963],[-87.67385,41.85965],[-87.67369,41.85966],[-87.6736,41.85965],[-87.6736,41.85962],[-87.6736,41.85956],[-87.6736,41.85954],[-87.6736,41.85953],[-87.67237,41.85952],[-87.67061,41.85955],[-87.66927,41.85957],[-87.66925,41.85957],[-87.66896,41.85958],[-87.66858,41.85958],[-87.66642,41.8596],[-87.66591,41.85961],[-87.664,41.85964],[-87.66189,41.85968],[-87.66036,41.8597],[-87.65957,41.85972],[-87.65893,41.85973],[-87.65648,41.85977],[-87.65303,41.85982],[-87.65264,41.85982],[-87.65145,41.85984],[-87.6514,41.85984],[-87.65082,41.85985],[-87.65036,41.85986],[-87.64939,41.85987],[-87.64879,41.85988],[-87.64713,41.8599],[-87.64619,41.85992],[-87.64552,41.85993],[-87.64522,41.85993],[-87.64469,41.85995],[-87.64465,41.85995],[-87.64459,41.85995],[-87.64447,41.85995],[-87.64422,41.85996],[-87.6441,41.85996],[-87.64401,41.85996],[-87.64386,41.85996],[-87.64298,41.85997],[-87.64253,41.85997],[-87.64194,41.85998],[-87.6415,41.85999],[-87.64125,41.85999],[-87.6388,41.86002],[-87.6378,41.86001],[-87.63451,41.86007],[-87.63451,41.86013],[-87.63456,41.86167],[-87.63457,41.8629],[-87.63462,41.86375],[-87.63466,41.86508],[-87.63468,41.86578],[-87.63473,41.86726],[-87.63496,41.86898],[-87.63507,41.86994],[-87.63526,41.87102],[-87.63547,41.87211],[-87.63587,41.87397],[-87.63607,41.87467],[-87.63612,41.8748],[-87.63635,41.87528],[-87.63657,41.87549],[-87.63707,41.87603],[-87.63743,41.8767],[-87.63747,41.8768],[-87.63752,41.87692],[-87.63766,41.87731],[-87.63772,41.87765],[-87.63777,41.87807],[-87.63778,41.87816],[-87.63798,41.87876],[-87.6381,41.87907],[-87.63811,41.87925],[-87.63811,41.87941],[-87.6382,41.87977],[-87.63829,41.8806],[-87.63827,41.88131],[-87.63822,41.8819],[-87.63822,41.88226],[-87.63818,41.88277],[-87.63815,41.88311],[-87.63814,41.88319],[-87.63807,41.88348],[-87.63803,41.88366],[-87.63797,41.884],[-87.63791,41.88435],[-87.63791,41.88445],[-87.6379,41.88457],[-87.6378,41.88526],[-87.63773,41.88572],[-87.63727,41.88656],[-87.63598,41.88734],[-87.63562,41.88745],[-87.63377,41.88753],[-87.62928,41.88742],[-87.62762,41.88751],[-87.62566,41.88868],[-87.62509,41.88891],[-87.62437,41.88886],[-87.6246,41.88809],[-87.62454,41.88678],[-87.62453,41.88669],[-87.62452,41.88596],[-87.6245,41.88558],[-87.6244,41.88323],[-87.62439,41.88263],[-87.62435,41.88169],[-87.62434,41.88083],[-87.62297,41.88085],[-87.62255,41.88085],[-87.6214,41.88087],[-87.61972,41.88089],[-87.61825,41.88091],[-87.61749,41.88092],[-87.6172,41.88094],[-87.61701,41.88099],[-87.61574,41.88098],[-87.61575,41.88142],[-87.6165,41.88141],[-87.61651,41.88173],[-87.61648,41.88184],[-87.61643,41.88196],[-87.61635,41.8821],[-87.61633,41.88211],[-87.61606,41.88233],[-87.61598,41.88237],[-87.61587,41.88241],[-87.61579,41.88244],[-87.61563,41.88247],[-87.61555,41.88248],[-87.615,41.8825],[-87.61467,41.88252],[-87.61449,41.88254],[-87.61446,41.88254],[-87.61422,41.88259],[-87.6141,41.88262],[-87.61392,41.88268],[-87.61379,41.88273],[-87.61364,41.88279],[-87.61344,41.8829],[-87.61325,41.88302],[-87.61302,41.88322],[-87.61294,41.88331],[-87.61285,41.88344],[-87.61279,41.88358],[-87.61275,41.88372],[-87.61274,41.88377],[-87.61274,41.88406],[-87.61068,41.88415],[-87.61275,41.88414],[-87.61274,41.88719],[-87.61013,41.88718],[-87.61022,41.88416],[-87.61031,41.88416],[-87.61012,41.88408],[-87.6101,41.8839],[-87.6102,41.8769],[-87.6101,41.8769],[-87.60997,41.88422],[-87.60998,41.88445],[-87.60997,41.88463],[-87.60997,41.88477],[-87.60998,41.8848],[-87.60997,41.88497],[-87.60997,41.88507],[-87.60997,41.88513],[-87.60996,41.88518],[-87.60996,41.88557],[-87.60996,41.88582],[-87.60995,41.88612],[-87.60994,41.88671],[-87.60994,41.88701],[-87.60991,41.88709],[-87.60961,41.88725],[-87.60953,41.88767],[-87.60947,41.88798],[-87.60781,41.88818],[-87.60756,41.88816],[-87.60599,41.88822],[-87.60541,41.88822],[-87.60541,41.88819],[-87.60518,41.88819],[-87.60384,41.88825],[-87.60252,41.88827],[-87.60252,41.88828],[-87.60248,41.88829],[-87.60252,41.88839],[-87.60289,41.88838],[-87.60374,41.88837],[-87.60513,41.88835],[-87.60491,41.88857],[-87.60471,41.88858],[-87.60467,41.88863],[-87.60524,41.88871],[-87.60544,41.88867],[-87.60567,41.88867],[-87.60765,41.88867],[-87.60771,41.88926],[-87.60766,41.88926],[-87.60765,41.88927],[-87.60764,41.88927],[-87.60764,41.88935],[-87.60766,41.88936],[-87.60949,41.88939],[-87.60949,41.88961],[-87.60951,41.89019],[-87.60953,41.8908],[-87.60953,41.89092],[-87.60954,41.89101],[-87.60746,41.89105],[-87.60521,41.89108],[-87.60491,41.89109],[-87.60452,41.89109],[-87.60326,41.89111],[-87.6017,41.89114],[-87.60089,41.89115],[-87.60089,41.89111],[-87.60085,41.89111],[-87.60079,41.89108],[-87.60075,41.89108],[-87.60069,41.89108],[-87.60065,41.89108],[-87.60061,41.8911],[-87.60057,41.89142],[-87.59933,41.89144],[-87.59853,41.89159],[-87.59855,41.89227],[-87.60058,41.89224],[-87.60059,41.89238],[-87.60064,41.89242],[-87.60082,41.89243],[-87.6009,41.89241],[-87.60091,41.89238],[-87.60091,41.89237],[-87.60478,41.8923],[-87.6052,41.89229],[-87.6098,41.89222],[-87.60981,41.8927],[-87.60982,41.89312],[-87.60982,41.89315],[-87.60783,41.89318],[-87.60519,41.89322],[-87.604,41.89324],[-87.60235,41.89326],[-87.60229,41.89331],[-87.60232,41.89418],[-87.60232,41.89482],[-87.60232,41.89489],[-87.60233,41.89527],[-87.60233,41.8956],[-87.60234,41.89581],[-87.60234,41.89606],[-87.60235,41.89628],[-87.60237,41.89634],[-87.60249,41.89637],[-87.60286,41.89636],[-87.60354,41.89635],[-87.60377,41.89634],[-87.60379,41.89634],[-87.6039,41.89634],[-87.60403,41.89633],[-87.60422,41.89633],[-87.60444,41.89633],[-87.60473,41.89633],[-87.60479,41.89633],[-87.60504,41.89632],[-87.6051,41.89631],[-87.60515,41.8963],[-87.60517,41.89629],[-87.6052,41.89629],[-87.60522,41.8963],[-87.60524,41.89629],[-87.60528,41.89629],[-87.6053,41.8963],[-87.60533,41.89629],[-87.60537,41.89629],[-87.60539,41.89629],[-87.60541,41.89628],[-87.60546,41.89629],[-87.60548,41.89628],[-87.60554,41.89629],[-87.60556,41.89628],[-87.60558,41.89629],[-87.60559,41.89629],[-87.60563,41.89628],[-87.60567,41.89629],[-87.60573,41.89625],[-87.60579,41.89625],[-87.6067,41.89625],[-87.60672,41.89626],[-87.60676,41.89627],[-87.60679,41.89626],[-87.6068,41.89627],[-87.60683,41.89627],[-87.60685,41.89627],[-87.60686,41.89626],[-87.6069,41.89627],[-87.60692,41.89627],[-87.60694,41.89626],[-87.60695,41.89626],[-87.60698,41.89627],[-87.60701,41.89626],[-87.60702,41.89626],[-87.60705,41.89627],[-87.60707,41.89626],[-87.60708,41.89626],[-87.6071,41.89626],[-87.60714,41.89626],[-87.60716,41.89626],[-87.60719,41.89626],[-87.60722,41.89626],[-87.60725,41.89626],[-87.60729,41.89626],[-87.60731,41.89625],[-87.60735,41.89626],[-87.60737,41.89626],[-87.6074,41.89625],[-87.60743,41.89626],[-87.60746,41.89625],[-87.60749,41.89626],[-87.60752,41.89625],[-87.60753,41.89625],[-87.60754,41.89625],[-87.60755,41.89625],[-87.60759,41.89625],[-87.60766,41.89625],[-87.60768,41.89625],[-87.60771,41.89625],[-87.60773,41.89625],[-87.60776,41.89625],[-87.6078,41.89626],[-87.60783,41.89625],[-87.60784,41.89625],[-87.60787,41.89625],[-87.60789,41.89625],[-87.6079,41.89624],[-87.60792,41.89625],[-87.60792,41.89626],[-87.60793,41.89627],[-87.60798,41.89627],[-87.60801,41.89627],[-87.60819,41.89628],[-87.60826,41.89628],[-87.60843,41.89627],[-87.60943,41.89626],[-87.60968,41.89625],[-87.6101,41.89624],[-87.61032,41.89602],[-87.61042,41.89587],[-87.61045,41.89581],[-87.61048,41.89577],[-87.61049,41.89574],[-87.61053,41.89569],[-87.61069,41.89543],[-87.61084,41.89518],[-87.61086,41.89516],[-87.61096,41.895],[-87.61098,41.89497],[-87.61108,41.89483],[-87.61113,41.89474],[-87.61119,41.89464],[-87.61123,41.89457],[-87.61135,41.89439],[-87.61137,41.89435],[-87.61138,41.89433],[-87.61149,41.89416],[-87.61155,41.89407],[-87.61159,41.894],[-87.61163,41.89394],[-87.6119,41.8938],[-87.61296,41.89376],[-87.61346,41.89371],[-87.61404,41.8936],[-87.6142,41.89377],[-87.61447,41.89411],[-87.61463,41.89431],[-87.61467,41.89437],[-87.61488,41.89464],[-87.61514,41.89502],[-87.61553,41.89561],[-87.61569,41.89585],[-87.61584,41.89609],[-87.61599,41.89631],[-87.61621,41.89665],[-87.61632,41.89682],[-87.61634,41.89684],[-87.61635,41.89687],[-87.61636,41.89688],[-87.61723,41.89816],[-87.61772,41.89888],[-87.61888,41.90061],[-87.61904,41.90086],[-87.61905,41.90088],[-87.61913,41.90098],[-87.62468,41.9008],[-87.62832,41.90074],[-87.62831,41.90059],[-87.63267,41.90054],[-87.63451,41.90054],[-87.63558,41.90053],[-87.63599,41.90052],[-87.6364,41.90052],[-87.63667,41.90051],[-87.63732,41.90051],[-87.63979,41.90043],[-87.64004,41.90047],[-87.64309,41.90041],[-87.64293,41.89648],[-87.64422,41.89645],[-87.64443,41.89724],[-87.64478,41.89754],[-87.64561,41.89885],[-87.64649,41.90051],[-87.64748,41.90152],[-87.64827,41.90217],[-87.64925,41.90324],[-87.64957,41.90382],[-87.65059,41.90506],[-87.65145,41.90591],[-87.65501,41.91017],[-87.65697,41.91042],[-87.65685,41.91074],[-87.65686,41.91078],[-87.65701,41.91127],[-87.65712,41.91157],[-87.65741,41.91236],[-87.65772,41.91343],[-87.65808,41.91411],[-87.65915,41.91508],[-87.65937,41.91521],[-87.65955,41.91531],[-87.65991,41.91547],[-87.66027,41.91571],[-87.66065,41.91593],[-87.66087,41.91607],[-87.66093,41.91612],[-87.66106,41.91616],[-87.66133,41.91618],[-87.66186,41.91599],[-87.66207,41.91592],[-87.66228,41.91581],[-87.66245,41.91569],[-87.66265,41.91559],[-87.66269,41.91558],[-87.66279,41.91557],[-87.66303,41.91549],[-87.66371,41.91563],[-87.66377,41.91568],[-87.66404,41.91628],[-87.6643,41.91712],[-87.66447,41.9176],[-87.66453,41.9177],[-87.66467,41.9179],[-87.66496,41.91815],[-87.66524,41.91841],[-87.66543,41.91859],[-87.66606,41.91943],[-87.66631,41.9198],[-87.66646,41.92003],[-87.66718,41.92072],[-87.66754,41.92115],[-87.66782,41.92158]]]},"properties":{"level":"hs","grades":"9–12","id":"609740","name":"Wells Community Academy High School","url":"https://www.cps.edu/schools/schoolprofiles/609740","x":-87.66748,"y":41.89899}},{"type":"Feature","geometry":{"type":"Polygon","coordinates":[[[-87.58697,41.81118],[-87.587,41.81121],[-87.5872,41.81155],[-87.58722,41.81158],[-87.58884,41.81093],[-87.58941,41.81071],[-87.58973,41.81058],[-87.59023,41.81038],[-87.59169,41.80981],[-87.59192,41.80974],[-87.5922,41.80969],[-87.59256,41.80969],[-87.59322,41.80968],[-87.59392,41.80967],[-87.59471,41.80967],[-87.59723,41.80964],[-87.59756,41.80963],[-87.59757,41.80963],[-87.59796,41.80963],[-87.59899,41.80962],[-87.59927,41.80961],[-87.59983,41.80961],[-87.60041,41.8096],[-87.60137,41.80959],[-87.60201,41.80958],[-87.60234,41.80958],[-87.6031,41.80957],[-87.6039,41.80956],[-87.60437,41.80956],[-87.60525,41.80955],[-87.60546,41.80955],[-87.60596,41.80954],[-87.60657,41.80953],[-87.60656,41.8092],[-87.60655,41.80901],[-87.60653,41.80796],[-87.60652,41.80752],[-87.60648,41.80551],[-87.60642,41.80251],[-87.60641,41.80225],[-87.60639,41.8017],[-87.60638,41.80138],[-87.60636,41.80088],[-87.60635,41.80043],[-87.60634,41.7998],[-87.60632,41.79849],[-87.60631,41.79842],[-87.60628,41.7968],[-87.60627,41.79633],[-87.60626,41.79591],[-87.60624,41.79529],[-87.60622,41.79497],[-87.60622,41.79443],[-87.60621,41.79413],[-87.6062,41.79376],[-87.60616,41.79163],[-87.60616,41.79162],[-87.60615,41.79133],[-87.60614,41.79064],[-87.60612,41.78945],[-87.60611,41.78929],[-87.60611,41.78887],[-87.60609,41.78842],[-87.60608,41.7877],[-87.60606,41.78733],[-87.60604,41.78587],[-87.60531,41.78588],[-87.60471,41.78589],[-87.60443,41.78589],[-87.60389,41.7859],[-87.60344,41.7859],[-87.60238,41.78592],[-87.6015,41.78593],[-87.60055,41.78593],[-87.59984,41.78594],[-87.59941,41.78595],[-87.59904,41.78595],[-87.59825,41.78596],[-87.59795,41.78596],[-87.59746,41.78597],[-87.59726,41.78597],[-87.59711,41.78597],[-87.59623,41.78602],[-87.59564,41.78606],[-87.59522,41.78606],[-87.59346,41.78608],[-87.59263,41.78608],[-87.5918,41.78609],[-87.59147,41.7861],[-87.59095,41.7861],[-87.58945,41.78612],[-87.58844,41.78612],[-87.58797,41.78613],[-87.58732,41.78613],[-87.5866,41.78614],[-87.5866,41.78628],[-87.58661,41.78669],[-87.58661,41.78715],[-87.58663,41.78766],[-87.58663,41.7879],[-87.58671,41.79133],[-87.58664,41.79338],[-87.5793,41.79346],[-87.5793,41.79349],[-87.5793,41.79355],[-87.57928,41.79361],[-87.57922,41.79373],[-87.57916,41.79383],[-87.57913,41.79389],[-87.57908,41.79395],[-87.57905,41.79405],[-87.57901,41.79418],[-87.57901,41.7942],[-87.57896,41.79425],[-87.57883,41.79436],[-87.57881,41.79438],[-87.57857,41.79456],[-87.57799,41.79486],[-87.57788,41.7949],[-87.5777,41.79496],[-87.57708,41.79508],[-87.57678,41.79508],[-87.57665,41.79505],[-87.57662,41.79505],[-87.57657,41.79507],[-87.57646,41.7951],[-87.5764,41.79509],[-87.57635,41.79508],[-87.57626,41.79507],[-87.57622,41.79507],[-87.57616,41.79509],[-87.57607,41.79513],[-87.57604,41.79515],[-87.57595,41.79522],[-87.57587,41.79528],[-87.57578,41.79534],[-87.57575,41.79535],[-87.57574,41.79536],[-87.57564,41.79539],[-87.57558,41.7954],[-87.57544,41.79544],[-87.57541,41.7955],[-87.57539,41.79557],[-87.57538,41.79563],[-87.57533,41.79581],[-87.5752,41.79605],[-87.57517,41.79618],[-87.57522,41.7964],[-87.57522,41.79646],[-87.5754,41.79669],[-87.5755,41.79676],[-87.57558,41.79683],[-87.57587,41.79697],[-87.5759,41.79698],[-87.576,41.797],[-87.57648,41.79705],[-87.57659,41.79702],[-87.57676,41.79699],[-87.57684,41.79697],[-87.57732,41.79686],[-87.57741,41.79686],[-87.57763,41.79687],[-87.57799,41.79694],[-87.57811,41.79698],[-87.57832,41.79707],[-87.57845,41.79716],[-87.57863,41.79728],[-87.57872,41.79734],[-87.57889,41.79746],[-87.57901,41.79754],[-87.57914,41.79763],[-87.57921,41.79769],[-87.57947,41.7979],[-87.57952,41.79795],[-87.57961,41.79803],[-87.5798,41.79823],[-87.57983,41.79826],[-87.57994,41.79837],[-87.57993,41.79874],[-87.58007,41.79904],[-87.58014,41.79921],[-87.58018,41.79933],[-87.58021,41.79941],[-87.58023,41.79947],[-87.58028,41.79963],[-87.58034,41.7999],[-87.58035,41.79995],[-87.58038,41.80016],[-87.58042,41.80038],[-87.58046,41.8007],[-87.58047,41.80086],[-87.5805,41.80127],[-87.5805,41.80148],[-87.58049,41.80174],[-87.58045,41.8021],[-87.5804,41.80244],[-87.58036,41.80258],[-87.58045,41.80293],[-87.58011,41.80347],[-87.58006,41.8035],[-87.58002,41.80377],[-87.58007,41.80387],[-87.58015,41.80396],[-87.5802,41.80399],[-87.58033,41.80405],[-87.58034,41.80405],[-87.58067,41.80421],[-87.58079,41.8042],[-87.58085,41.80419],[-87.58111,41.80423],[-87.5812,41.80427],[-87.58148,41.80452],[-87.58157,41.8046],[-87.58163,41.80465],[-87.58166,41.80467],[-87.58178,41.80477],[-87.58237,41.8052],[-87.5824,41.80522],[-87.5825,41.80529],[-87.5826,41.80535],[-87.58267,41.8054],[-87.58282,41.80551],[-87.58288,41.80556],[-87.58296,41.80559],[-87.58298,41.80559],[-87.58308,41.80566],[-87.58369,41.80607],[-87.5838,41.80617],[-87.58391,41.8063],[-87.5842,41.80658],[-87.5843,41.80665],[-87.58448,41.80673],[-87.5846,41.80677],[-87.58473,41.80681],[-87.58487,41.80691],[-87.58517,41.80726],[-87.58524,41.80734],[-87.58542,41.80756],[-87.58549,41.80769],[-87.58552,41.80773],[-87.58559,41.80785],[-87.58564,41.80794],[-87.5857,41.80804],[-87.58583,41.80825],[-87.58595,41.80845],[-87.58608,41.80874],[-87.5861,41.80882],[-87.58611,41.80886],[-87.58612,41.80887],[-87.58618,41.809],[-87.58619,41.80901],[-87.58623,41.80909],[-87.58624,41.80911],[-87.5863,41.8092],[-87.58639,41.8093],[-87.58641,41.80932],[-87.58643,41.80941],[-87.58644,41.80947],[-87.58656,41.80963],[-87.58668,41.80973],[-87.5867,41.80975],[-87.58671,41.80977],[-87.58676,41.80982],[-87.58689,41.81005],[-87.58695,41.8102],[-87.58699,41.81031],[-87.58702,41.81047],[-87.58703,41.81054],[-87.58703,41.81057],[-87.58703,41.8107],[-87.58703,41.81074],[-87.58701,41.81084],[-87.58699,41.81093],[-87.58697,41.811],[-87.58695,41.8111],[-87.58694,41.81118],[-87.58697,41.81118]]]},"properties":{"level":"hs","grades":"9–12","id":"609746","name":"Kenwood Academy High School","url":"https://www.cps.edu/schools/schoolprofiles/609746","x":-87.59042,"y":41.80377}},{"type":"Feature","geometry":{"type":"Polygon","coordinates":[[[-87.70488,41.9284],[-87.70575,41.92806],[-87.71173,41.93171],[-87.71225,41.93198],[-87.71229,41.93145],[-87.71227,41.93077],[-87.71225,41.93016],[-87.71224,41.92994],[-87.71224,41.92972],[-87.71223,41.92947],[-87.71223,41.92942],[-87.71222,41.9291],[-87.7122,41.92832],[-87.71219,41.92768],[-87.71216,41.92658],[-87.71205,41.92292],[-87.712,41.92123],[-87.712,41.92109],[-87.71199,41.921],[-87.71199,41.92091],[-87.71197,41.92017],[-87.71193,41.91909],[-87.7119,41.91815],[-87.71186,41.91553],[-87.7117,41.91065],[-87.71188,41.91005],[-87.71181,41.91005],[-87.71092,41.91006],[-87.70977,41.91008],[-87.70947,41.91008],[-87.70844,41.9101],[-87.70749,41.91011],[-87.70696,41.91012],[-87.70699,41.91006],[-87.707,41.90957],[-87.70667,41.8992],[-87.70613,41.8992],[-87.70596,41.8992],[-87.70465,41.89921],[-87.70398,41.89922],[-87.70324,41.89923],[-87.70302,41.89923],[-87.70247,41.89923],[-87.70243,41.89789],[-87.70225,41.89701],[-87.70224,41.89675],[-87.70223,41.89656],[-87.70188,41.89642],[-87.70173,41.89636],[-87.70037,41.89581],[-87.69417,41.89333],[-87.69418,41.89384],[-87.69129,41.8939],[-87.68679,41.89393],[-87.68682,41.89502],[-87.68683,41.89527],[-87.68684,41.89574],[-87.68491,41.89578],[-87.68395,41.89579],[-87.68243,41.89582],[-87.6812,41.89584],[-87.68062,41.89585],[-87.6801,41.89586],[-87.6795,41.89587],[-87.67919,41.89587],[-87.6782,41.89589],[-87.67774,41.8959],[-87.67705,41.89591],[-87.67708,41.89712],[-87.6771,41.89748],[-87.67713,41.89846],[-87.67717,41.89997],[-87.67717,41.90007],[-87.67719,41.90086],[-87.6772,41.90118],[-87.67721,41.90168],[-87.67722,41.90183],[-87.67724,41.90267],[-87.67726,41.90319],[-87.67482,41.90323],[-87.67489,41.90504],[-87.67476,41.90549],[-87.67267,41.90731],[-87.67341,41.90778],[-87.67428,41.90834],[-87.67481,41.90868],[-87.67492,41.90875],[-87.67537,41.90903],[-87.67702,41.91009],[-87.67759,41.91047],[-87.67792,41.91067],[-87.67846,41.91102],[-87.67921,41.9115],[-87.67972,41.91184],[-87.68036,41.91225],[-87.67996,41.91226],[-87.68007,41.91694],[-87.6776,41.91699],[-87.67775,41.9214],[-87.66782,41.92158],[-87.66808,41.92201],[-87.66823,41.9221],[-87.66893,41.92228],[-87.66928,41.92239],[-87.66951,41.92241],[-87.67015,41.92237],[-87.67063,41.92238],[-87.67089,41.92238],[-87.67111,41.92241],[-87.67216,41.92281],[-87.67297,41.9234],[-87.67346,41.92378],[-87.67426,41.92439],[-87.67446,41.92484],[-87.67451,41.92574],[-87.67475,41.92643],[-87.67586,41.92724],[-87.67652,41.92759],[-87.6781,41.92809],[-87.6795,41.92841],[-87.67984,41.92861],[-87.68016,41.92929],[-87.68777,41.92864],[-87.68848,41.92844],[-87.68943,41.92837],[-87.69046,41.92853],[-87.70488,41.9284]]]},"properties":{"level":"hs","grades":"9–12","id":"609759","name":"Roberto Clemente Community Academy High School","url":"https://www.cps.edu/schools/schoolprofiles/609759","x":-87.68691,"y":41.90263}},{"type":"Feature","geometry":{"type":"MultiPolygon","coordinates":[[[[-87.64776,41.72871],[-87.64923,41.72869],[-87.65098,41.72867],[-87.65245,41.72865],[-87.65288,41.72865],[-87.65313,41.72864],[-87.65347,41.72864],[-87.65399,41.72863],[-87.6542,41.72863],[-87.65748,41.72859],[-87.66266,41.72852],[-87.663,41.72845],[-87.66698,41.72842],[-87.66675,41.72795],[-87.66631,41.72708],[-87.66618,41.72682],[-87.66567,41.72582],[-87.66538,41.72524],[-87.66475,41.72399],[-87.66327,41.7212],[-87.66326,41.7212],[-87.66275,41.72121],[-87.66268,41.72122],[-87.66268,41.72099],[-87.66264,41.72006],[-87.66255,41.71982],[-87.6621,41.71892],[-87.66197,41.71866],[-87.66191,41.71854],[-87.66176,41.71824],[-87.66117,41.71708],[-87.66097,41.71668],[-87.66091,41.71656],[-87.66071,41.71617],[-87.66007,41.71488],[-87.65997,41.71467],[-87.65964,41.71401],[-87.65925,41.71326],[-87.6588,41.71238],[-87.65836,41.71152],[-87.65828,41.71135],[-87.65772,41.71136],[-87.65743,41.71136],[-87.65705,41.71136],[-87.65676,41.71137],[-87.6558,41.71138],[-87.65504,41.71139],[-87.65447,41.7114],[-87.65422,41.71167],[-87.65388,41.71255],[-87.65371,41.71302],[-87.65354,41.71348],[-87.65332,41.71408],[-87.65319,41.71409],[-87.65319,41.7141],[-87.65294,41.71476],[-87.65277,41.71524],[-87.65259,41.71571],[-87.65241,41.71619],[-87.65224,41.71665],[-87.65192,41.71752],[-87.65191,41.71754],[-87.65153,41.71858],[-87.65123,41.71939],[-87.65094,41.72016],[-87.65085,41.72042],[-87.65053,41.72125],[-87.65049,41.72137],[-87.65034,41.72176],[-87.65019,41.72216],[-87.64993,41.72288],[-87.64977,41.72329],[-87.64951,41.724],[-87.64881,41.72588],[-87.64825,41.7274],[-87.64785,41.72846],[-87.64776,41.72871]]],[[[-87.589,41.66039],[-87.59239,41.66428],[-87.60003,41.67318],[-87.60071,41.67415],[-87.60132,41.67562],[-87.60152,41.67672],[-87.60175,41.68445],[-87.6015,41.68588],[-87.60102,41.68689],[-87.60031,41.6879],[-87.59904,41.69027],[-87.598,41.69164],[-87.59757,41.69235],[-87.59652,41.69524],[-87.59602,41.69624],[-87.59598,41.69631],[-87.5957,41.69682],[-87.59557,41.69706],[-87.5952,41.6977],[-87.59434,41.69897],[-87.59272,41.70088],[-87.59186,41.70175],[-87.58958,41.70388],[-87.58836,41.70496],[-87.5875,41.70556],[-87.58486,41.70688],[-87.58459,41.70717],[-87.58447,41.7075],[-87.58447,41.70774],[-87.58447,41.7078],[-87.58452,41.71033],[-87.58426,41.71267],[-87.58468,41.71361],[-87.58477,41.71507],[-87.58499,41.71507],[-87.58547,41.71506],[-87.58655,41.71505],[-87.59041,41.71499],[-87.59456,41.71493],[-87.59503,41.71492],[-87.5962,41.7149],[-87.60486,41.71476],[-87.60512,41.71359],[-87.60519,41.7133],[-87.61394,41.71316],[-87.61392,41.7125],[-87.61377,41.70732],[-87.6196,41.70722],[-87.62021,41.70721],[-87.6283,41.7071],[-87.62817,41.7033],[-87.62816,41.70269],[-87.62815,41.70233],[-87.62814,41.7018],[-87.62809,41.69981],[-87.63304,41.69975],[-87.63304,41.69974],[-87.63303,41.69932],[-87.63302,41.69888],[-87.633,41.69817],[-87.63298,41.69725],[-87.63297,41.69706],[-87.63296,41.69671],[-87.63295,41.6964],[-87.63295,41.69623],[-87.63296,41.69611],[-87.63297,41.69611],[-87.63296,41.69589],[-87.63294,41.6949],[-87.63293,41.69451],[-87.63292,41.69429],[-87.63289,41.69423],[-87.63287,41.69355],[-87.63285,41.69273],[-87.63285,41.6926],[-87.63285,41.69248],[-87.63285,41.69247],[-87.63271,41.69247],[-87.6322,41.69248],[-87.63002,41.6925],[-87.62931,41.69251],[-87.6285,41.69252],[-87.62745,41.69253],[-87.62583,41.69255],[-87.62516,41.69256],[-87.62479,41.69256],[-87.62396,41.69257],[-87.62336,41.69258],[-87.6231,41.69258],[-87.62288,41.68483],[-87.62264,41.67764],[-87.6226,41.67605],[-87.62257,41.67518],[-87.62256,41.67462],[-87.62255,41.67439],[-87.62255,41.6743],[-87.62254,41.67416],[-87.62252,41.67324],[-87.6225,41.67273],[-87.62249,41.67238],[-87.62244,41.67073],[-87.6155,41.67082],[-87.61567,41.67006],[-87.61573,41.66979],[-87.61596,41.66879],[-87.61606,41.66832],[-87.61632,41.6672],[-87.61652,41.66629],[-87.61675,41.66529],[-87.61687,41.66474],[-87.61713,41.66361],[-87.61772,41.661],[-87.61794,41.66003],[-87.61815,41.65911],[-87.6173,41.6591],[-87.61646,41.65911],[-87.61259,41.65913],[-87.61073,41.65913],[-87.61004,41.65913],[-87.60839,41.65914],[-87.60808,41.65914],[-87.60759,41.65914],[-87.60754,41.65914],[-87.60621,41.65915],[-87.60546,41.65914],[-87.60341,41.65915],[-87.60213,41.65916],[-87.60043,41.65921],[-87.59963,41.65926],[-87.59854,41.65934],[-87.59771,41.65945],[-87.5961,41.65969],[-87.59531,41.65983],[-87.59487,41.6599],[-87.59445,41.65995],[-87.59382,41.66007],[-87.59306,41.66019],[-87.59212,41.66029],[-87.59141,41.66036],[-87.59113,41.66038],[-87.5901,41.66039],[-87.58998,41.66039],[-87.58917,41.66039],[-87.589,41.66039]]]]},"properties":{"level":"hs","grades":"9–12","id":"609761","name":"George H Corliss High School","url":"https://www.cps.edu/schools/schoolprofiles/609761","x":-87.60122,"y":41.70666}},{"type":"Feature","geometry":{"type":"Polygon","coordinates":[[[-87.63344,41.71432],[-87.63356,41.71458],[-87.63356,41.71464],[-87.63357,41.71492],[-87.63759,41.71488],[-87.64035,41.71484],[-87.6415,41.71483],[-87.64228,41.71482],[-87.64283,41.71481],[-87.64303,41.71481],[-87.64352,41.7148],[-87.64523,41.71478],[-87.64864,41.71472],[-87.65012,41.71432],[-87.65148,41.71361],[-87.65178,41.71386],[-87.65203,41.71412],[-87.653,41.71409],[-87.65319,41.71409],[-87.65332,41.71408],[-87.65354,41.71348],[-87.65371,41.71302],[-87.65388,41.71255],[-87.65422,41.71167],[-87.65447,41.7114],[-87.65504,41.71139],[-87.6558,41.71138],[-87.65676,41.71137],[-87.65705,41.71136],[-87.65743,41.71136],[-87.65772,41.71136],[-87.65828,41.71135],[-87.65816,41.71113],[-87.65781,41.71042],[-87.65763,41.71006],[-87.65752,41.70985],[-87.65727,41.70935],[-87.65683,41.70848],[-87.65644,41.7077],[-87.65607,41.707],[-87.65611,41.70654],[-87.65645,41.70564],[-87.65671,41.70496],[-87.65706,41.70399],[-87.65726,41.70347],[-87.65744,41.70298],[-87.65765,41.70239],[-87.65822,41.70086],[-87.65857,41.69992],[-87.65874,41.69944],[-87.65845,41.69945],[-87.65805,41.69945],[-87.65778,41.69946],[-87.65732,41.69947],[-87.65625,41.69948],[-87.65528,41.6995],[-87.65514,41.6995],[-87.65459,41.69951],[-87.65382,41.69952],[-87.65366,41.69952],[-87.65283,41.69953],[-87.65253,41.69892],[-87.65206,41.69798],[-87.65165,41.69717],[-87.65121,41.6963],[-87.65096,41.69582],[-87.65026,41.69443],[-87.65001,41.69394],[-87.64991,41.69374],[-87.64935,41.69264],[-87.64917,41.69227],[-87.64915,41.69227],[-87.64838,41.69228],[-87.64794,41.69229],[-87.64724,41.6923],[-87.64687,41.6923],[-87.64573,41.69232],[-87.6446,41.69233],[-87.64419,41.69233],[-87.64384,41.69234],[-87.6436,41.69234],[-87.64302,41.69235],[-87.64238,41.69236],[-87.64203,41.69236],[-87.64173,41.69236],[-87.6416,41.69236],[-87.64057,41.69238],[-87.64023,41.69238],[-87.63969,41.69239],[-87.63902,41.6924],[-87.63865,41.6924],[-87.63837,41.69241],[-87.6377,41.69241],[-87.63734,41.69242],[-87.63691,41.69242],[-87.63634,41.69243],[-87.63579,41.69244],[-87.63514,41.69244],[-87.63465,41.69245],[-87.63319,41.69247],[-87.63285,41.69247],[-87.63285,41.69248],[-87.63285,41.6926],[-87.63285,41.69273],[-87.63287,41.69355],[-87.63289,41.69423],[-87.63292,41.69429],[-87.63293,41.69451],[-87.63294,41.6949],[-87.63296,41.69589],[-87.63297,41.69611],[-87.63296,41.69611],[-87.63295,41.69623],[-87.63295,41.6964],[-87.63296,41.69671],[-87.63297,41.69706],[-87.63298,41.69725],[-87.633,41.69817],[-87.63302,41.69888],[-87.63303,41.69932],[-87.63304,41.69974],[-87.63304,41.69975],[-87.62809,41.69981],[-87.62814,41.7018],[-87.62815,41.70233],[-87.62816,41.70269],[-87.62817,41.7033],[-87.6283,41.7071],[-87.63324,41.70704],[-87.63325,41.70735],[-87.63327,41.70817],[-87.63328,41.70851],[-87.63329,41.70888],[-87.63331,41.70945],[-87.63332,41.71001],[-87.63333,41.7103],[-87.63334,41.71069],[-87.63335,41.71097],[-87.63337,41.71157],[-87.63338,41.71223],[-87.63339,41.71245],[-87.63339,41.71251],[-87.63339,41.71252],[-87.6334,41.71281],[-87.63343,41.71378],[-87.63344,41.71432]]]},"properties":{"level":"hs","grades":"9–12","id":"609762","name":"Percy L Julian High School","url":"https://www.cps.edu/schools/schoolprofiles/609762","x":-87.65375,"y":41.70586}},{"type":"Feature","geometry":{"type":"Polygon","coordinates":[[[-87.63451,41.85938],[-87.63451,41.86007],[-87.6378,41.86001],[-87.6388,41.86002],[-87.64125,41.85999],[-87.6415,41.85999],[-87.64194,41.85998],[-87.64253,41.85997],[-87.64298,41.85997],[-87.64386,41.85996],[-87.64401,41.85996],[-87.6441,41.85996],[-87.64422,41.85996],[-87.64447,41.85995],[-87.64459,41.85995],[-87.64465,41.85995],[-87.64469,41.85995],[-87.64522,41.85993],[-87.64552,41.85993],[-87.64619,41.85992],[-87.64713,41.8599],[-87.64879,41.85988],[-87.64939,41.85987],[-87.65036,41.85986],[-87.65082,41.85985],[-87.6514,41.85984],[-87.65145,41.85984],[-87.65264,41.85982],[-87.65303,41.85982],[-87.65648,41.85977],[-87.65893,41.85973],[-87.65957,41.85972],[-87.66036,41.8597],[-87.66189,41.85968],[-87.664,41.85964],[-87.66591,41.85961],[-87.66642,41.8596],[-87.66858,41.85958],[-87.66896,41.85958],[-87.66925,41.85957],[-87.66927,41.85957],[-87.67061,41.85955],[-87.67237,41.85952],[-87.6736,41.85953],[-87.6736,41.85954],[-87.6736,41.85956],[-87.6736,41.85962],[-87.6736,41.85965],[-87.67369,41.85966],[-87.67385,41.85965],[-87.67397,41.85963],[-87.67415,41.85961],[-87.67448,41.85956],[-87.67456,41.85954],[-87.67478,41.8595],[-87.67491,41.85947],[-87.67513,41.85944],[-87.67534,41.85941],[-87.67567,41.85936],[-87.67604,41.85931],[-87.67848,41.85896],[-87.6787,41.85893],[-87.679,41.85889],[-87.67937,41.85883],[-87.67972,41.85878],[-87.68032,41.8587],[-87.6805,41.85866],[-87.68096,41.85857],[-87.68113,41.85852],[-87.68149,41.85843],[-87.68259,41.85814],[-87.68304,41.85802],[-87.68374,41.85784],[-87.68418,41.85777],[-87.68437,41.85775],[-87.68484,41.85767],[-87.68498,41.85764],[-87.6852,41.85759],[-87.6858,41.85741],[-87.68581,41.85741],[-87.6858,41.85734],[-87.68581,41.85732],[-87.68597,41.85729],[-87.68609,41.85726],[-87.68641,41.85719],[-87.68672,41.85712],[-87.68688,41.85708],[-87.68716,41.85702],[-87.68726,41.857],[-87.68745,41.85696],[-87.68768,41.85691],[-87.68785,41.85687],[-87.68806,41.85682],[-87.68839,41.85675],[-87.68849,41.85673],[-87.68867,41.85669],[-87.68879,41.85666],[-87.68904,41.8566],[-87.6893,41.85655],[-87.68943,41.85652],[-87.68966,41.85647],[-87.6901,41.85637],[-87.69023,41.85634],[-87.69067,41.85624],[-87.69054,41.85197],[-87.69034,41.84476],[-87.6856,41.84482],[-87.68543,41.84457],[-87.68543,41.84453],[-87.68539,41.84387],[-87.68536,41.84342],[-87.68528,41.8412],[-87.68523,41.83938],[-87.68522,41.83907],[-87.68515,41.83839],[-87.68502,41.83787],[-87.68213,41.83876],[-87.68055,41.83928],[-87.67932,41.83969],[-87.67808,41.84009],[-87.67802,41.84011],[-87.67706,41.84055],[-87.67549,41.84159],[-87.67488,41.84174],[-87.67312,41.84269],[-87.67286,41.84283],[-87.66997,41.84397],[-87.66833,41.84454],[-87.66722,41.8449],[-87.66588,41.84493],[-87.6656,41.84493],[-87.66491,41.84471],[-87.66435,41.84431],[-87.66392,41.844],[-87.66389,41.8441],[-87.66361,41.84441],[-87.66345,41.8445],[-87.66213,41.8451],[-87.66077,41.84584],[-87.65933,41.84685],[-87.6589,41.84717],[-87.65759,41.84797],[-87.65673,41.8483],[-87.65655,41.84834],[-87.6563,41.84835],[-87.65312,41.84795],[-87.65189,41.84812],[-87.65144,41.84821],[-87.651,41.84831],[-87.64964,41.8484],[-87.64864,41.84861],[-87.64759,41.84894],[-87.6468,41.84921],[-87.64647,41.84927],[-87.64453,41.84945],[-87.64415,41.84949],[-87.64332,41.84969],[-87.64238,41.85027],[-87.64159,41.85122],[-87.64075,41.85237],[-87.64034,41.85299],[-87.63965,41.85395],[-87.63904,41.85457],[-87.63748,41.85533],[-87.63706,41.85562],[-87.63695,41.85569],[-87.63616,41.85629],[-87.63532,41.85723],[-87.63516,41.85772],[-87.63513,41.85787],[-87.63509,41.8582],[-87.63451,41.85938]]]},"properties":{"level":"hs","grades":"9–12","id":"609764","name":"Benito Juarez Community Academy High School","url":"https://www.cps.edu/schools/schoolprofiles/609764","x":-87.66373,"y":41.85267}},{"type":"Feature","geometry":{"type":"Polygon","coordinates":[[[-87.65739,41.8306],[-87.6574,41.83108],[-87.65743,41.8312],[-87.65866,41.83256],[-87.65919,41.83312],[-87.66035,41.83437],[-87.66129,41.83486],[-87.66249,41.83614],[-87.66317,41.83698],[-87.66344,41.83781],[-87.66389,41.83846],[-87.66404,41.83869],[-87.66405,41.8387],[-87.66438,41.83925],[-87.66441,41.8393],[-87.66456,41.84001],[-87.66454,41.84066],[-87.66494,41.84152],[-87.66459,41.84232],[-87.66431,41.8428],[-87.66392,41.844],[-87.66435,41.84431],[-87.66491,41.84471],[-87.6656,41.84493],[-87.66588,41.84493],[-87.66722,41.8449],[-87.66833,41.84454],[-87.66997,41.84397],[-87.67286,41.84283],[-87.67312,41.84269],[-87.67488,41.84174],[-87.67549,41.84159],[-87.67706,41.84055],[-87.67802,41.84011],[-87.67808,41.84009],[-87.67932,41.83969],[-87.68055,41.83928],[-87.68213,41.83876],[-87.68502,41.83787],[-87.68554,41.83772],[-87.68752,41.83701],[-87.68778,41.83695],[-87.6884,41.83682],[-87.69179,41.83573],[-87.69496,41.83477],[-87.69719,41.83408],[-87.69898,41.83353],[-87.69956,41.83335],[-87.70107,41.83282],[-87.70126,41.83275],[-87.70315,41.8321],[-87.70467,41.83164],[-87.7068,41.83097],[-87.70845,41.83046],[-87.71444,41.82861],[-87.71455,41.82857],[-87.71454,41.82849],[-87.71454,41.82834],[-87.71454,41.82822],[-87.71444,41.82713],[-87.71443,41.82675],[-87.71443,41.82666],[-87.71443,41.82648],[-87.71431,41.82647],[-87.7143,41.82634],[-87.7143,41.82632],[-87.7143,41.82628],[-87.71429,41.82606],[-87.71429,41.82596],[-87.71429,41.8258],[-87.71428,41.82575],[-87.71428,41.82571],[-87.71428,41.82568],[-87.71432,41.82449],[-87.71435,41.82372],[-87.71439,41.82246],[-87.71439,41.82244],[-87.71439,41.82241],[-87.71439,41.82239],[-87.71439,41.82237],[-87.71435,41.82147],[-87.71424,41.81907],[-87.71407,41.81533],[-87.71407,41.81523],[-87.71412,41.81349],[-87.70664,41.81358],[-87.70662,41.81308],[-87.70633,41.81281],[-87.70421,41.81411],[-87.70396,41.80785],[-87.70387,41.80456],[-87.70386,41.80416],[-87.70386,41.80411],[-87.70386,41.8041],[-87.70386,41.80408],[-87.69532,41.80425],[-87.69522,41.80097],[-87.69507,41.79549],[-87.69536,41.79549],[-87.69583,41.79548],[-87.69634,41.79547],[-87.69751,41.79545],[-87.69749,41.79475],[-87.69747,41.79408],[-87.69747,41.79384],[-87.69746,41.79363],[-87.68584,41.79384],[-87.68432,41.79386],[-87.68404,41.79388],[-87.68386,41.79389],[-87.68358,41.79386],[-87.68348,41.79385],[-87.68291,41.79382],[-87.68229,41.79383],[-87.68155,41.79384],[-87.68102,41.79384],[-87.67983,41.79386],[-87.67952,41.79386],[-87.67943,41.79386],[-87.67926,41.79386],[-87.67919,41.79386],[-87.67919,41.79396],[-87.67959,41.79395],[-87.67963,41.79524],[-87.68,41.7959],[-87.68001,41.79797],[-87.67976,41.79832],[-87.67997,41.79896],[-87.67975,41.80025],[-87.67978,41.80117],[-87.67956,41.80117],[-87.67956,41.80119],[-87.67957,41.80157],[-87.67957,41.80187],[-87.67959,41.8025],[-87.6796,41.803],[-87.6796,41.80301],[-87.67965,41.80309],[-87.67974,41.80309],[-87.67989,41.80309],[-87.67989,41.80316],[-87.6799,41.8033],[-87.6799,41.80343],[-87.67982,41.80344],[-87.67961,41.80344],[-87.6799,41.80353],[-87.67991,41.80368],[-87.67991,41.80389],[-87.67992,41.804],[-87.67992,41.80413],[-87.67992,41.80421],[-87.67992,41.80433],[-87.67968,41.80441],[-87.67963,41.80443],[-87.67967,41.80446],[-87.67997,41.80445],[-87.6802,41.80445],[-87.68058,41.80445],[-87.68072,41.80445],[-87.68092,41.80445],[-87.68165,41.80444],[-87.68176,41.80442],[-87.68191,41.80439],[-87.68221,41.80439],[-87.68242,41.80439],[-87.68252,41.80438],[-87.68303,41.80438],[-87.68328,41.80438],[-87.68359,41.80437],[-87.6836,41.80469],[-87.67958,41.80474],[-87.67977,41.80492],[-87.67969,41.80656],[-87.67974,41.80846],[-87.67974,41.80852],[-87.67987,41.80876],[-87.67987,41.80901],[-87.67988,41.80921],[-87.67989,41.80949],[-87.6799,41.80986],[-87.67991,41.81023],[-87.67993,41.81111],[-87.67994,41.81145],[-87.67995,41.8118],[-87.68021,41.81224],[-87.68022,41.81268],[-87.68023,41.81299],[-87.68024,41.81326],[-87.68024,41.81356],[-87.68026,41.81419],[-87.68027,41.81453],[-87.68028,41.81506],[-87.68029,41.81526],[-87.68033,41.81539],[-87.68038,41.81553],[-87.68042,41.81564],[-87.68047,41.81572],[-87.68048,41.81573],[-87.68052,41.81584],[-87.68061,41.81606],[-87.68085,41.81655],[-87.68104,41.81689],[-87.6811,41.81699],[-87.68125,41.81722],[-87.68133,41.81734],[-87.68155,41.81765],[-87.6819,41.81816],[-87.68212,41.81847],[-87.68223,41.81862],[-87.68227,41.81872],[-87.68252,41.81913],[-87.68278,41.8195],[-87.68319,41.8201],[-87.68367,41.82071],[-87.68382,41.82092],[-87.68402,41.82121],[-87.68404,41.82124],[-87.68405,41.82172],[-87.68407,41.82218],[-87.68408,41.8226],[-87.68363,41.82236],[-87.68355,41.82227],[-87.68343,41.82215],[-87.68312,41.8219],[-87.68303,41.82184],[-87.68291,41.82163],[-87.68277,41.82157],[-87.68269,41.82154],[-87.68251,41.82149],[-87.68251,41.82129],[-87.68235,41.82114],[-87.68125,41.82077],[-87.68091,41.82068],[-87.68008,41.82052],[-87.67966,41.82046],[-87.67923,41.82042],[-87.67862,41.8204],[-87.67837,41.82041],[-87.67782,41.82047],[-87.67755,41.82049],[-87.67624,41.82062],[-87.67594,41.82066],[-87.67474,41.82078],[-87.67416,41.82083],[-87.67375,41.82088],[-87.67285,41.82097],[-87.67265,41.82099],[-87.67244,41.82103],[-87.67194,41.82108],[-87.67161,41.82109],[-87.67124,41.82107],[-87.67053,41.82096],[-87.67032,41.82096],[-87.66961,41.82098],[-87.6689,41.82099],[-87.66848,41.821],[-87.66793,41.82101],[-87.66766,41.82098],[-87.66746,41.82085],[-87.66745,41.82062],[-87.66744,41.82038],[-87.66672,41.82039],[-87.66623,41.8204],[-87.6655,41.82041],[-87.66544,41.82005],[-87.66543,41.81996],[-87.66524,41.81998],[-87.66524,41.82002],[-87.66525,41.82026],[-87.66534,41.82204],[-87.66546,41.82315],[-87.66491,41.82316],[-87.66312,41.82318],[-87.66195,41.82319],[-87.66102,41.8232],[-87.66019,41.82321],[-87.65998,41.82321],[-87.65987,41.82321],[-87.65914,41.82322],[-87.65843,41.82324],[-87.65598,41.82332],[-87.65597,41.82343],[-87.65627,41.82342],[-87.65623,41.82368],[-87.65578,41.82481],[-87.65594,41.83053],[-87.65594,41.83062],[-87.65635,41.83061],[-87.65739,41.8306]]]},"properties":{"level":"hs","grades":"9–12","id":"609715","name":"Thomas Kelly College Preparatory","url":"https://www.cps.edu/schools/schoolprofiles/609715","x":-87.69464,"y":41.81873}},{"type":"Feature","geometry":{"type":"Polygon","coordinates":[[[-87.68008,41.82052],[-87.68091,41.82068],[-87.68125,41.82077],[-87.68235,41.82114],[-87.68251,41.82129],[-87.68251,41.82149],[-87.68269,41.82154],[-87.68277,41.82157],[-87.68291,41.82163],[-87.68303,41.82184],[-87.68312,41.8219],[-87.68343,41.82215],[-87.68355,41.82227],[-87.68363,41.82236],[-87.68408,41.8226],[-87.68407,41.82218],[-87.68405,41.82172],[-87.68404,41.82124],[-87.68402,41.82121],[-87.68382,41.82092],[-87.68367,41.82071],[-87.68319,41.8201],[-87.68278,41.8195],[-87.68252,41.81913],[-87.68227,41.81872],[-87.68223,41.81862],[-87.68212,41.81847],[-87.6819,41.81816],[-87.68155,41.81765],[-87.68133,41.81734],[-87.68125,41.81722],[-87.6811,41.81699],[-87.68104,41.81689],[-87.68085,41.81655],[-87.68061,41.81606],[-87.68052,41.81584],[-87.68048,41.81573],[-87.68047,41.81572],[-87.68042,41.81564],[-87.68038,41.81553],[-87.68033,41.81539],[-87.68029,41.81526],[-87.68028,41.81506],[-87.68027,41.81453],[-87.68026,41.81419],[-87.68024,41.81356],[-87.68024,41.81326],[-87.68023,41.81299],[-87.68022,41.81268],[-87.68021,41.81224],[-87.67995,41.8118],[-87.67994,41.81145],[-87.67993,41.81111],[-87.67991,41.81023],[-87.6799,41.80986],[-87.67989,41.80949],[-87.67988,41.80921],[-87.67987,41.80901],[-87.67987,41.80876],[-87.67974,41.80852],[-87.67974,41.80846],[-87.67969,41.80656],[-87.67977,41.80492],[-87.67958,41.80474],[-87.6836,41.80469],[-87.68359,41.80437],[-87.68328,41.80438],[-87.68303,41.80438],[-87.68252,41.80438],[-87.68242,41.80439],[-87.68221,41.80439],[-87.68191,41.80439],[-87.68176,41.80442],[-87.68165,41.80444],[-87.68092,41.80445],[-87.68072,41.80445],[-87.68058,41.80445],[-87.6802,41.80445],[-87.67997,41.80445],[-87.67967,41.80446],[-87.67963,41.80443],[-87.67968,41.80441],[-87.67992,41.80433],[-87.67992,41.80421],[-87.67992,41.80413],[-87.67992,41.804],[-87.67991,41.80389],[-87.67991,41.80368],[-87.6799,41.80353],[-87.67961,41.80344],[-87.67982,41.80344],[-87.6799,41.80343],[-87.6799,41.8033],[-87.67989,41.80316],[-87.67989,41.80309],[-87.67974,41.80309],[-87.67965,41.80309],[-87.6796,41.80301],[-87.6796,41.803],[-87.67959,41.8025],[-87.67957,41.80187],[-87.67957,41.80157],[-87.67956,41.80119],[-87.67956,41.80117],[-87.67907,41.80118],[-87.67757,41.8012],[-87.67694,41.8012],[-87.67671,41.80121],[-87.67633,41.80121],[-87.67582,41.80122],[-87.67557,41.80122],[-87.6751,41.80123],[-87.67392,41.80124],[-87.67368,41.80124],[-87.67329,41.80124],[-87.67269,41.80125],[-87.67261,41.80125],[-87.67208,41.80125],[-87.67162,41.80126],[-87.67107,41.80126],[-87.67045,41.80127],[-87.66872,41.80128],[-87.66826,41.80129],[-87.66758,41.80129],[-87.66721,41.8013],[-87.66656,41.8013],[-87.66621,41.8013],[-87.6654,41.80131],[-87.66478,41.80132],[-87.66477,41.80103],[-87.66476,41.8006],[-87.66474,41.80006],[-87.66474,41.79987],[-87.66473,41.79949],[-87.65866,41.79958],[-87.6587,41.8014],[-87.65506,41.80145],[-87.65506,41.80155],[-87.65507,41.8019],[-87.65511,41.80327],[-87.65513,41.80418],[-87.65514,41.80458],[-87.65515,41.80482],[-87.65515,41.80509],[-87.66487,41.80496],[-87.66488,41.80515],[-87.66489,41.8057],[-87.6649,41.80592],[-87.66492,41.80662],[-87.66492,41.80689],[-87.66495,41.80774],[-87.66497,41.80843],[-87.66498,41.8091],[-87.66499,41.80936],[-87.66502,41.81018],[-87.66503,41.81071],[-87.66504,41.8113],[-87.66505,41.8118],[-87.66515,41.81587],[-87.66516,41.81658],[-87.66518,41.81715],[-87.66519,41.81762],[-87.66519,41.81803],[-87.66521,41.81862],[-87.66523,41.81929],[-87.66523,41.81945],[-87.66523,41.81968],[-87.66524,41.81998],[-87.66543,41.81996],[-87.66544,41.82005],[-87.6655,41.82041],[-87.66623,41.8204],[-87.66672,41.82039],[-87.66744,41.82038],[-87.66745,41.82062],[-87.66746,41.82085],[-87.66766,41.82098],[-87.66793,41.82101],[-87.66848,41.821],[-87.6689,41.82099],[-87.66961,41.82098],[-87.67032,41.82096],[-87.67053,41.82096],[-87.67124,41.82107],[-87.67161,41.82109],[-87.67194,41.82108],[-87.67244,41.82103],[-87.67265,41.82099],[-87.67285,41.82097],[-87.67375,41.82088],[-87.67416,41.82083],[-87.67474,41.82078],[-87.67594,41.82066],[-87.67624,41.82062],[-87.67755,41.82049],[-87.67782,41.82047],[-87.67837,41.82041],[-87.67862,41.8204],[-87.67923,41.82042],[-87.67966,41.82046],[-87.68008,41.82052]]]},"properties":{"level":"hs","grades":"9–12","id":"609682","name":"Ellen H Richards Career Academy High School","url":"https://www.cps.edu/schools/schoolprofiles/609682","x":-87.66228,"y":41.80288}},{"type":"Feature","geometry":{"type":"Polygon","coordinates":[[[-87.70667,41.8992],[-87.707,41.90957],[-87.70699,41.91006],[-87.70696,41.91012],[-87.70749,41.91011],[-87.70844,41.9101],[-87.70947,41.91008],[-87.70977,41.91008],[-87.71092,41.91006],[-87.71181,41.91005],[-87.71188,41.91005],[-87.71195,41.91005],[-87.71317,41.91004],[-87.71436,41.91002],[-87.71493,41.91001],[-87.7167,41.90999],[-87.71706,41.90999],[-87.7182,41.90997],[-87.71923,41.90996],[-87.7202,41.90995],[-87.721,41.90994],[-87.72131,41.90994],[-87.72155,41.90994],[-87.72288,41.90993],[-87.72511,41.9099],[-87.7253,41.9099],[-87.72568,41.9099],[-87.72633,41.90989],[-87.73121,41.90982],[-87.73142,41.90982],[-87.74161,41.90968],[-87.74198,41.90967],[-87.7436,41.90965],[-87.75933,41.90946],[-87.76572,41.90938],[-87.76589,41.90886],[-87.76565,41.90214],[-87.76505,41.90215],[-87.76443,41.90216],[-87.76383,41.90216],[-87.76381,41.9017],[-87.7638,41.90153],[-87.76378,41.90087],[-87.76376,41.90034],[-87.76374,41.89988],[-87.76373,41.89943],[-87.76371,41.89897],[-87.76369,41.89851],[-87.76331,41.89852],[-87.7619,41.89853],[-87.76077,41.89854],[-87.76074,41.89776],[-87.76072,41.89717],[-87.76071,41.89698],[-87.7607,41.89671],[-87.7607,41.89657],[-87.76068,41.89598],[-87.76067,41.8958],[-87.76066,41.89542],[-87.76064,41.89489],[-87.76127,41.89489],[-87.76156,41.89488],[-87.76186,41.89488],[-87.7626,41.89488],[-87.76284,41.89487],[-87.76309,41.89487],[-87.76356,41.89465],[-87.76353,41.89394],[-87.76351,41.89351],[-87.76351,41.89336],[-87.76349,41.89294],[-87.76348,41.89277],[-87.76347,41.89243],[-87.76346,41.89226],[-87.76345,41.89187],[-87.76343,41.89152],[-87.76341,41.89096],[-87.76338,41.89009],[-87.76337,41.88978],[-87.76335,41.88949],[-87.76334,41.88912],[-87.76333,41.88888],[-87.76332,41.88857],[-87.76331,41.88822],[-87.7633,41.88802],[-87.76328,41.88762],[-87.76328,41.88757],[-87.76328,41.88725],[-87.76179,41.88728],[-87.76125,41.88729],[-87.76019,41.8873],[-87.75921,41.88732],[-87.75679,41.88728],[-87.75653,41.88726],[-87.75532,41.8872],[-87.75532,41.88731],[-87.75532,41.8875],[-87.75534,41.88781],[-87.7556,41.89494],[-87.7533,41.89496],[-87.75316,41.89496],[-87.75295,41.89495],[-87.75231,41.89495],[-87.75209,41.89495],[-87.75193,41.89495],[-87.75071,41.89496],[-87.74906,41.89498],[-87.74874,41.89498],[-87.74791,41.89499],[-87.74554,41.89501],[-87.74506,41.89502],[-87.74483,41.89502],[-87.74426,41.89503],[-87.74382,41.89504],[-87.74291,41.89506],[-87.74275,41.89506],[-87.74184,41.89508],[-87.74136,41.89509],[-87.74116,41.89509],[-87.7408,41.8951],[-87.74062,41.8951],[-87.74008,41.89511],[-87.73952,41.89512],[-87.73865,41.89514],[-87.7378,41.89515],[-87.73714,41.89517],[-87.73619,41.89518],[-87.73569,41.89519],[-87.73499,41.8952],[-87.73437,41.89521],[-87.73405,41.89522],[-87.73372,41.89522],[-87.73348,41.89523],[-87.73322,41.89524],[-87.73253,41.89525],[-87.73222,41.89526],[-87.7316,41.89527],[-87.73112,41.89527],[-87.72978,41.8953],[-87.72866,41.89532],[-87.72841,41.89532],[-87.72746,41.89534],[-87.72624,41.89537],[-87.72608,41.89537],[-87.72587,41.88777],[-87.72734,41.88777],[-87.72832,41.88776],[-87.729,41.88775],[-87.7306,41.88773],[-87.73078,41.88773],[-87.73077,41.88731],[-87.73076,41.88708],[-87.73076,41.88685],[-87.73073,41.88588],[-87.73072,41.88561],[-87.73057,41.88067],[-87.72567,41.88073],[-87.72417,41.88075],[-87.72325,41.88076],[-87.72228,41.88077],[-87.72083,41.88079],[-87.72076,41.88093],[-87.72078,41.88136],[-87.72081,41.88168],[-87.72083,41.88209],[-87.72085,41.88282],[-87.72089,41.88395],[-87.7209,41.88464],[-87.72091,41.88498],[-87.72092,41.8852],[-87.72067,41.88519],[-87.72009,41.88515],[-87.71875,41.88508],[-87.71716,41.88498],[-87.71602,41.88492],[-87.71603,41.88546],[-87.71604,41.88564],[-87.71604,41.88587],[-87.71605,41.88628],[-87.7136,41.88632],[-87.71364,41.88743],[-87.71365,41.88797],[-87.71366,41.88817],[-87.71366,41.88832],[-87.71317,41.88833],[-87.71294,41.88833],[-87.7127,41.88834],[-87.71238,41.88834],[-87.71224,41.88834],[-87.71172,41.88835],[-87.71154,41.88835],[-87.71122,41.8883],[-87.71122,41.88818],[-87.7112,41.88804],[-87.71114,41.88804],[-87.71111,41.88804],[-87.71065,41.88805],[-87.70634,41.8881],[-87.70633,41.8881],[-87.70633,41.88824],[-87.70603,41.88824],[-87.70525,41.88825],[-87.70493,41.88825],[-87.70464,41.88826],[-87.70423,41.88826],[-87.70352,41.88827],[-87.70298,41.88828],[-87.7026,41.88828],[-87.70223,41.88829],[-87.70183,41.88829],[-87.70168,41.8883],[-87.70142,41.88816],[-87.70141,41.88816],[-87.70142,41.88844],[-87.70143,41.88877],[-87.70154,41.88979],[-87.70177,41.89033],[-87.70185,41.89049],[-87.70193,41.89076],[-87.702,41.89179],[-87.70201,41.89212],[-87.70202,41.89239],[-87.70206,41.89288],[-87.70213,41.89321],[-87.70215,41.89358],[-87.70216,41.89403],[-87.70217,41.89448],[-87.70217,41.89455],[-87.70218,41.89476],[-87.70218,41.89482],[-87.7022,41.89539],[-87.70223,41.89632],[-87.70223,41.89656],[-87.70224,41.89675],[-87.70225,41.89701],[-87.70243,41.89789],[-87.70247,41.89923],[-87.70302,41.89923],[-87.70324,41.89923],[-87.70398,41.89922],[-87.70465,41.89921],[-87.70596,41.8992],[-87.70613,41.8992],[-87.70667,41.8992]]]},"properties":{"level":"hs","grades":"9–12","id":"610389","name":"Orr Academy High School","url":"https://www.cps.edu/schools/schoolprofiles/610389","x":-87.72617,"y":41.89445}},{"type":"Feature","geometry":{"type":"Polygon","coordinates":[[[-87.72027,41.86215],[-87.72031,41.86217],[-87.72032,41.86223],[-87.72034,41.86258],[-87.72096,41.86257],[-87.72141,41.86256],[-87.72131,41.85897],[-87.7212,41.85884],[-87.72104,41.85247],[-87.7211,41.8516],[-87.72109,41.85152],[-87.72103,41.84919],[-87.721,41.84806],[-87.72099,41.84797],[-87.72099,41.84789],[-87.72093,41.84579],[-87.72084,41.84246],[-87.72061,41.83334],[-87.7207,41.8266],[-87.71946,41.82698],[-87.71753,41.82761],[-87.716,41.8281],[-87.7152,41.82834],[-87.71456,41.82857],[-87.71455,41.82857],[-87.71444,41.82861],[-87.70845,41.83046],[-87.7068,41.83097],[-87.70467,41.83164],[-87.70315,41.8321],[-87.70126,41.83275],[-87.70107,41.83282],[-87.69956,41.83335],[-87.69898,41.83353],[-87.69719,41.83408],[-87.69496,41.83477],[-87.69179,41.83573],[-87.6884,41.83682],[-87.68778,41.83695],[-87.68752,41.83701],[-87.68554,41.83772],[-87.68502,41.83787],[-87.68515,41.83839],[-87.68522,41.83907],[-87.68523,41.83938],[-87.68528,41.8412],[-87.68536,41.84342],[-87.68539,41.84387],[-87.68543,41.84453],[-87.68543,41.84457],[-87.6856,41.84482],[-87.69034,41.84476],[-87.69054,41.85197],[-87.69067,41.85624],[-87.69023,41.85634],[-87.6901,41.85637],[-87.68966,41.85647],[-87.68943,41.85652],[-87.6893,41.85655],[-87.68904,41.8566],[-87.68879,41.85666],[-87.68867,41.85669],[-87.68849,41.85673],[-87.68839,41.85675],[-87.68806,41.85682],[-87.68785,41.85687],[-87.68768,41.85691],[-87.68745,41.85696],[-87.68726,41.857],[-87.68716,41.85702],[-87.68688,41.85708],[-87.68672,41.85712],[-87.68641,41.85719],[-87.68609,41.85726],[-87.68597,41.85729],[-87.68581,41.85732],[-87.6858,41.85734],[-87.68581,41.85741],[-87.68583,41.85937],[-87.69569,41.85922],[-87.69575,41.86132],[-87.70078,41.85954],[-87.70274,41.85889],[-87.70295,41.85911],[-87.71277,41.859],[-87.7128,41.86],[-87.71282,41.86086],[-87.71283,41.86117],[-87.71284,41.86132],[-87.71285,41.86176],[-87.71285,41.86189],[-87.71287,41.86243],[-87.71408,41.86241],[-87.7147,41.86241],[-87.7153,41.8624],[-87.71896,41.86236],[-87.71895,41.86213],[-87.72017,41.86212],[-87.72027,41.86215]]]},"properties":{"level":"hs","grades":"9–12","id":"609704","name":"David G Farragut Career Academy High School","url":"https://www.cps.edu/schools/schoolprofiles/609704","x":-87.70871,"y":41.84856}},{"type":"Feature","geometry":{"type":"Polygon","coordinates":[[[-87.72141,41.86256],[-87.72324,41.86254],[-87.72385,41.86253],[-87.72506,41.86252],[-87.73988,41.8623],[-87.73982,41.86048],[-87.73982,41.86031],[-87.73981,41.86004],[-87.7398,41.85966],[-87.73979,41.85948],[-87.73978,41.85911],[-87.73977,41.85865],[-87.73976,41.85822],[-87.73971,41.85692],[-87.7397,41.85674],[-87.73964,41.855],[-87.73962,41.85457],[-87.73962,41.85452],[-87.73959,41.85361],[-87.73957,41.85326],[-87.73956,41.85276],[-87.73955,41.85272],[-87.73952,41.85187],[-87.7395,41.85114],[-87.73947,41.8496],[-87.73934,41.84605],[-87.73933,41.84581],[-87.73932,41.84549],[-87.73932,41.84535],[-87.73931,41.84507],[-87.73928,41.84414],[-87.73927,41.84405],[-87.73927,41.84404],[-87.73922,41.84224],[-87.73916,41.84038],[-87.73901,41.83855],[-87.73899,41.83855],[-87.73893,41.83672],[-87.73889,41.83672],[-87.73876,41.83445],[-87.73874,41.83383],[-87.73873,41.83332],[-87.73872,41.83297],[-87.7387,41.83199],[-87.73868,41.83105],[-87.73867,41.83087],[-87.73866,41.83029],[-87.73865,41.8297],[-87.73864,41.82941],[-87.73859,41.82717],[-87.73859,41.82704],[-87.73859,41.827],[-87.73858,41.82676],[-87.73853,41.82415],[-87.73851,41.82346],[-87.73849,41.82225],[-87.73865,41.82212],[-87.73886,41.82211],[-87.73886,41.82185],[-87.73885,41.82152],[-87.73884,41.82091],[-87.73631,41.82163],[-87.73364,41.8225],[-87.73136,41.82318],[-87.72896,41.82401],[-87.72511,41.82525],[-87.72412,41.8256],[-87.72309,41.8259],[-87.72165,41.82627],[-87.7207,41.8266],[-87.72061,41.83334],[-87.72084,41.84246],[-87.72093,41.84579],[-87.72099,41.84789],[-87.72099,41.84797],[-87.721,41.84806],[-87.72103,41.84919],[-87.72109,41.85152],[-87.7211,41.8516],[-87.72104,41.85247],[-87.7212,41.85884],[-87.72131,41.85897],[-87.72141,41.86256]]]},"properties":{"level":"hs","grades":"9–12","id":"610384","name":"Infinity Math Science and Technology High School","url":"https://www.cps.edu/schools/schoolprofiles/610384","x":-87.73528,"y":41.83617}},{"type":"Feature","geometry":{"type":"Polygon","coordinates":[[[-87.67919,41.79386],[-87.67926,41.79386],[-87.67943,41.79386],[-87.67952,41.79386],[-87.67983,41.79386],[-87.68102,41.79384],[-87.68155,41.79384],[-87.68229,41.79383],[-87.68291,41.79382],[-87.68348,41.79385],[-87.68358,41.79386],[-87.68386,41.79389],[-87.68404,41.79388],[-87.68432,41.79386],[-87.68584,41.79384],[-87.69746,41.79363],[-87.69742,41.79241],[-87.69742,41.79213],[-87.6974,41.79161],[-87.69738,41.79096],[-87.69736,41.78999],[-87.69677,41.79],[-87.69614,41.79001],[-87.69612,41.78955],[-87.6961,41.78878],[-87.69609,41.78831],[-87.69608,41.78808],[-87.69606,41.78743],[-87.69605,41.78683],[-87.69605,41.78682],[-87.69603,41.78637],[-87.69603,41.78622],[-87.69601,41.78569],[-87.69601,41.78543],[-87.696,41.78529],[-87.69599,41.78499],[-87.69598,41.78433],[-87.69597,41.78405],[-87.69595,41.78346],[-87.69595,41.78319],[-87.69594,41.78295],[-87.69619,41.78272],[-87.69654,41.78271],[-87.69675,41.78271],[-87.69715,41.7827],[-87.6973,41.7827],[-87.69766,41.78269],[-87.69786,41.78269],[-87.69837,41.78268],[-87.69893,41.78267],[-87.69904,41.78267],[-87.69949,41.78266],[-87.70004,41.78266],[-87.70042,41.78265],[-87.70081,41.78265],[-87.70087,41.78265],[-87.70131,41.78264],[-87.70218,41.78262],[-87.70284,41.78261],[-87.70325,41.78261],[-87.70323,41.7821],[-87.70322,41.78181],[-87.70321,41.78167],[-87.70321,41.7816],[-87.7032,41.78136],[-87.7032,41.78125],[-87.7032,41.78122],[-87.70319,41.78104],[-87.70319,41.7808],[-87.70318,41.78041],[-87.70317,41.78031],[-87.70317,41.78025],[-87.70316,41.7799],[-87.70316,41.77972],[-87.70315,41.77944],[-87.70314,41.77897],[-87.70312,41.77853],[-87.70312,41.77844],[-87.70312,41.7783],[-87.70312,41.77814],[-87.70311,41.77788],[-87.70311,41.77771],[-87.70311,41.77759],[-87.7031,41.77751],[-87.7031,41.77727],[-87.70309,41.77701],[-87.70309,41.77678],[-87.70309,41.77668],[-87.70308,41.77644],[-87.70307,41.77623],[-87.70307,41.77614],[-87.70307,41.77596],[-87.70307,41.77586],[-87.70306,41.77569],[-87.70306,41.77553],[-87.70305,41.77517],[-87.70305,41.77503],[-87.70304,41.77485],[-87.70304,41.77462],[-87.70303,41.77456],[-87.70303,41.7741],[-87.70302,41.774],[-87.70302,41.77387],[-87.70302,41.77369],[-87.70301,41.7735],[-87.70301,41.7733],[-87.703,41.77311],[-87.703,41.77303],[-87.70299,41.77278],[-87.70299,41.77251],[-87.70298,41.77215],[-87.70298,41.77204],[-87.70297,41.77167],[-87.70297,41.77162],[-87.70295,41.77064],[-87.70293,41.76994],[-87.70291,41.76921],[-87.70285,41.76616],[-87.70284,41.76541],[-87.70283,41.76516],[-87.70282,41.7647],[-87.70281,41.76439],[-87.70271,41.76076],[-87.70253,41.76066],[-87.70249,41.75905],[-87.70143,41.75897],[-87.70021,41.75898],[-87.69531,41.75906],[-87.6941,41.75909],[-87.6928,41.75916],[-87.69252,41.75916],[-87.69227,41.75917],[-87.69177,41.75917],[-87.69151,41.75917],[-87.69124,41.75918],[-87.69084,41.75918],[-87.69066,41.75918],[-87.68988,41.7592],[-87.68904,41.75921],[-87.68859,41.75922],[-87.68799,41.75923],[-87.68802,41.75731],[-87.68801,41.75731],[-87.68742,41.75732],[-87.68701,41.75733],[-87.68672,41.75734],[-87.68606,41.75735],[-87.68524,41.75736],[-87.68417,41.75738],[-87.68394,41.75738],[-87.68316,41.75739],[-87.68305,41.7574],[-87.68305,41.75741],[-87.68251,41.75741],[-87.68213,41.75742],[-87.68165,41.75742],[-87.68083,41.75743],[-87.68058,41.75744],[-87.68029,41.75735],[-87.68012,41.75735],[-87.67843,41.75737],[-87.67844,41.75773],[-87.67844,41.75797],[-87.67846,41.75845],[-87.67847,41.75892],[-87.67849,41.75964],[-87.6785,41.75995],[-87.67851,41.76032],[-87.67855,41.76183],[-87.67855,41.76202],[-87.67857,41.76247],[-87.67857,41.7628],[-87.67859,41.76321],[-87.67861,41.76421],[-87.67862,41.76459],[-87.67863,41.76475],[-87.67863,41.76476],[-87.67863,41.76477],[-87.67863,41.76489],[-87.67864,41.76526],[-87.67864,41.76546],[-87.67865,41.7657],[-87.67865,41.76584],[-87.67866,41.7662],[-87.67867,41.7664],[-87.67867,41.76654],[-87.67867,41.76674],[-87.67868,41.76687],[-87.67868,41.76711],[-87.67869,41.76733],[-87.6787,41.76756],[-87.6787,41.76773],[-87.67871,41.76798],[-87.67871,41.76821],[-87.67872,41.76838],[-87.67881,41.77201],[-87.67881,41.77205],[-87.67883,41.77251],[-87.67883,41.77281],[-87.67884,41.77299],[-87.67885,41.77353],[-87.67886,41.77368],[-87.67886,41.77397],[-87.67889,41.77493],[-87.6789,41.77523],[-87.67891,41.77551],[-87.67891,41.77563],[-87.67891,41.77564],[-87.67891,41.77567],[-87.67892,41.77613],[-87.67894,41.77663],[-87.67894,41.7768],[-87.67895,41.77716],[-87.67895,41.77736],[-87.67897,41.77799],[-87.67898,41.77835],[-87.67899,41.7787],[-87.67901,41.77924],[-87.67935,41.77935],[-87.68025,41.77934],[-87.68027,41.78005],[-87.68028,41.7806],[-87.6803,41.78137],[-87.68032,41.78203],[-87.68034,41.78272],[-87.68035,41.78324],[-87.68035,41.78349],[-87.68037,41.78412],[-87.68038,41.78468],[-87.68038,41.78476],[-87.6804,41.7854],[-87.68043,41.78646],[-87.67897,41.78657],[-87.67916,41.7935],[-87.67919,41.79386]]]},"properties":{"level":"hs","grades":"9–12","id":"609709","name":"Gage Park High School","url":"https://www.cps.edu/schools/schoolprofiles/609709","x":-87.68895,"y":41.79101}},{"type":"Feature","geometry":{"type":"Polygon","coordinates":[[[-87.73762,41.78578],[-87.7376,41.7876],[-87.73773,41.79051],[-87.73785,41.79303],[-87.73785,41.79307],[-87.73798,41.79307],[-87.73804,41.79307],[-87.73832,41.79307],[-87.73837,41.79307],[-87.73849,41.79307],[-87.73921,41.79307],[-87.73982,41.79306],[-87.74032,41.79305],[-87.7407,41.79305],[-87.74146,41.79304],[-87.74198,41.79303],[-87.74266,41.79302],[-87.74397,41.79301],[-87.74446,41.793],[-87.74495,41.793],[-87.74545,41.79299],[-87.74591,41.79298],[-87.74656,41.79297],[-87.74772,41.79296],[-87.74786,41.79296],[-87.74874,41.79294],[-87.74943,41.79293],[-87.75011,41.79292],[-87.7505,41.79292],[-87.75112,41.79291],[-87.7515,41.7929],[-87.75218,41.79289],[-87.75288,41.79288],[-87.75303,41.79288],[-87.75394,41.79287],[-87.75454,41.79286],[-87.75486,41.79285],[-87.7553,41.79285],[-87.75588,41.79283],[-87.75635,41.79283],[-87.75683,41.79282],[-87.75703,41.79282],[-87.75715,41.79281],[-87.75769,41.79281],[-87.75797,41.7928],[-87.75815,41.7928],[-87.75831,41.7928],[-87.75864,41.79279],[-87.75926,41.79278],[-87.75987,41.79277],[-87.76002,41.79277],[-87.76054,41.79276],[-87.76133,41.79275],[-87.7617,41.79275],[-87.7623,41.79274],[-87.7623,41.79251],[-87.76228,41.79207],[-87.76224,41.7909],[-87.76221,41.79025],[-87.7622,41.78986],[-87.76214,41.78834],[-87.76212,41.78805],[-87.7621,41.78748],[-87.76209,41.78725],[-87.76209,41.78724],[-87.76207,41.78674],[-87.76206,41.78642],[-87.76203,41.78552],[-87.76202,41.78533],[-87.76201,41.78502],[-87.76197,41.7841],[-87.76196,41.78391],[-87.76194,41.78331],[-87.76193,41.78316],[-87.7619,41.78242],[-87.76187,41.78172],[-87.76183,41.7807],[-87.76182,41.78049],[-87.7618,41.78002],[-87.76178,41.77942],[-87.76175,41.77899],[-87.76172,41.77824],[-87.76104,41.77807],[-87.76071,41.77807],[-87.76004,41.77809],[-87.75891,41.77811],[-87.75843,41.77812],[-87.75817,41.77812],[-87.75726,41.77814],[-87.75636,41.77816],[-87.7558,41.77817],[-87.75565,41.77817],[-87.75493,41.77818],[-87.75433,41.7782],[-87.75377,41.77821],[-87.75342,41.77821],[-87.75322,41.77822],[-87.75321,41.77793],[-87.75319,41.77738],[-87.75401,41.77737],[-87.75449,41.77701],[-87.75445,41.77584],[-87.75426,41.7754],[-87.75441,41.77453],[-87.75186,41.77457],[-87.75068,41.7746],[-87.75064,41.7746],[-87.74889,41.77463],[-87.74704,41.77467],[-87.7465,41.77468],[-87.74583,41.77469],[-87.74541,41.7747],[-87.74503,41.77471],[-87.74418,41.77473],[-87.744,41.77473],[-87.74392,41.77473],[-87.74339,41.77474],[-87.74286,41.77475],[-87.74269,41.77476],[-87.74217,41.77478],[-87.74214,41.77419],[-87.74212,41.77359],[-87.74209,41.77257],[-87.74208,41.7721],[-87.74207,41.77185],[-87.74207,41.77155],[-87.74206,41.77144],[-87.74206,41.77142],[-87.74204,41.77068],[-87.74201,41.76941],[-87.74201,41.76928],[-87.73489,41.7694],[-87.72497,41.76952],[-87.72495,41.77135],[-87.72437,41.77135],[-87.72342,41.77136],[-87.72258,41.77137],[-87.72211,41.77138],[-87.72104,41.7714],[-87.72012,41.77141],[-87.71928,41.77143],[-87.71844,41.77144],[-87.71651,41.77147],[-87.71614,41.77147],[-87.71488,41.77149],[-87.71414,41.7715],[-87.71298,41.77152],[-87.71269,41.77152],[-87.71172,41.77153],[-87.70953,41.77157],[-87.7086,41.77158],[-87.70792,41.7716],[-87.70738,41.77161],[-87.70599,41.77163],[-87.70547,41.77164],[-87.70436,41.77165],[-87.70387,41.77166],[-87.70322,41.77167],[-87.70297,41.77167],[-87.70298,41.77204],[-87.70298,41.77215],[-87.70299,41.77251],[-87.70299,41.77278],[-87.703,41.77303],[-87.703,41.77311],[-87.70301,41.7733],[-87.70301,41.7735],[-87.70302,41.77369],[-87.70302,41.77387],[-87.70302,41.774],[-87.70303,41.7741],[-87.70303,41.77456],[-87.70304,41.77462],[-87.70304,41.77485],[-87.70305,41.77503],[-87.70305,41.77517],[-87.70306,41.77553],[-87.70306,41.77569],[-87.70307,41.77586],[-87.70307,41.77596],[-87.70307,41.77614],[-87.70307,41.77623],[-87.70308,41.77644],[-87.70309,41.77668],[-87.70309,41.77678],[-87.70309,41.77701],[-87.7031,41.77727],[-87.7031,41.77751],[-87.70311,41.77759],[-87.70311,41.77771],[-87.70311,41.77788],[-87.70312,41.77814],[-87.70312,41.7783],[-87.70312,41.77844],[-87.70312,41.77853],[-87.70314,41.77897],[-87.70315,41.77944],[-87.70316,41.77972],[-87.70316,41.7799],[-87.70317,41.78025],[-87.70317,41.78031],[-87.70318,41.78041],[-87.70319,41.7808],[-87.70319,41.78104],[-87.7032,41.78122],[-87.7032,41.78125],[-87.7032,41.78136],[-87.70321,41.7816],[-87.70321,41.78167],[-87.70322,41.78181],[-87.70323,41.7821],[-87.70325,41.78261],[-87.70284,41.78261],[-87.70218,41.78262],[-87.70131,41.78264],[-87.70087,41.78265],[-87.70081,41.78265],[-87.70086,41.78447],[-87.70815,41.78435],[-87.70975,41.78433],[-87.71008,41.78432],[-87.71032,41.78432],[-87.71058,41.78458],[-87.71059,41.78464],[-87.71059,41.78491],[-87.7106,41.78502],[-87.7106,41.78523],[-87.71292,41.78519],[-87.71558,41.78514],[-87.71559,41.7856],[-87.7156,41.78574],[-87.7156,41.78579],[-87.7156,41.78596],[-87.7156,41.78605],[-87.7179,41.78602],[-87.7204,41.78598],[-87.72323,41.78593],[-87.72785,41.78589],[-87.73762,41.78578]]]},"properties":{"level":"hs","grades":"9–12","id":"609741","name":"Gurdon S Hubbard High School","url":"https://www.cps.edu/schools/schoolprofiles/609741","x":-87.71801,"y":41.78053}},{"type":"Feature","geometry":{"type":"Polygon","coordinates":[[[-87.70723,41.79346],[-87.70724,41.7936],[-87.70725,41.79419],[-87.70734,41.79712],[-87.71352,41.79702],[-87.71591,41.79699],[-87.71581,41.79331],[-87.71739,41.79329],[-87.71783,41.79328],[-87.71816,41.79328],[-87.71826,41.79328],[-87.71826,41.7932],[-87.71825,41.79288],[-87.71825,41.79275],[-87.71824,41.79241],[-87.71824,41.79236],[-87.71824,41.79233],[-87.71823,41.79232],[-87.71823,41.79231],[-87.71823,41.79226],[-87.71822,41.79192],[-87.71822,41.79191],[-87.71821,41.79157],[-87.71821,41.79134],[-87.7182,41.79108],[-87.7182,41.79101],[-87.71819,41.79088],[-87.71818,41.79056],[-87.71805,41.79056],[-87.7171,41.79058],[-87.71613,41.79059],[-87.71589,41.7906],[-87.71574,41.7906],[-87.71574,41.7905],[-87.71573,41.79037],[-87.71573,41.79023],[-87.71572,41.7898],[-87.71571,41.78969],[-87.7157,41.78945],[-87.7157,41.78937],[-87.71569,41.78901],[-87.71569,41.78878],[-87.71568,41.78868],[-87.71567,41.78837],[-87.71567,41.78821],[-87.71567,41.78808],[-87.71566,41.78787],[-87.71566,41.78777],[-87.71566,41.78773],[-87.71564,41.78713],[-87.71563,41.78696],[-87.71563,41.78691],[-87.71563,41.78667],[-87.71562,41.78653],[-87.71562,41.78632],[-87.7156,41.78605],[-87.7156,41.78596],[-87.7156,41.78579],[-87.7156,41.78574],[-87.71559,41.7856],[-87.71558,41.78514],[-87.71292,41.78519],[-87.7106,41.78523],[-87.7106,41.78502],[-87.71059,41.78491],[-87.71059,41.78464],[-87.71058,41.78458],[-87.71032,41.78432],[-87.71008,41.78432],[-87.70975,41.78433],[-87.70815,41.78435],[-87.70086,41.78447],[-87.70081,41.78265],[-87.70042,41.78265],[-87.70004,41.78266],[-87.69949,41.78266],[-87.69904,41.78267],[-87.69893,41.78267],[-87.69837,41.78268],[-87.69786,41.78269],[-87.69766,41.78269],[-87.6973,41.7827],[-87.69715,41.7827],[-87.69675,41.78271],[-87.69654,41.78271],[-87.69619,41.78272],[-87.69594,41.78295],[-87.69595,41.78319],[-87.69595,41.78346],[-87.69597,41.78405],[-87.69598,41.78433],[-87.69599,41.78499],[-87.696,41.78529],[-87.69601,41.78543],[-87.69601,41.78569],[-87.69603,41.78622],[-87.69603,41.78637],[-87.69605,41.78682],[-87.69605,41.78683],[-87.69606,41.78743],[-87.69608,41.78808],[-87.69609,41.78831],[-87.6961,41.78878],[-87.69612,41.78955],[-87.69614,41.79001],[-87.69677,41.79],[-87.69736,41.78999],[-87.69738,41.79096],[-87.6974,41.79161],[-87.69742,41.79213],[-87.69742,41.79241],[-87.69746,41.79363],[-87.698,41.79362],[-87.69857,41.79361],[-87.69871,41.7936],[-87.6988,41.7936],[-87.70013,41.79358],[-87.70098,41.79356],[-87.70219,41.79354],[-87.70286,41.79353],[-87.70294,41.79353],[-87.70355,41.79351],[-87.70417,41.7935],[-87.70468,41.7935],[-87.70502,41.79349],[-87.70591,41.79348],[-87.70613,41.79348],[-87.70683,41.79347],[-87.70717,41.79346],[-87.70723,41.79346]]]},"properties":{"level":"hs","grades":"9–12","id":"610543","name":"Eric Solorio Academy High School","url":"https://www.cps.edu/schools/schoolprofiles/610543","x":-87.71106,"y":41.7952}},{"type":"Feature","geometry":{"type":"Polygon","coordinates":[[[-87.56007,41.7688],[-87.56048,41.76871],[-87.56086,41.76881],[-87.56146,41.76904],[-87.56244,41.76958],[-87.56272,41.76993],[-87.56296,41.77019],[-87.56303,41.77026],[-87.56307,41.7703],[-87.56315,41.7704],[-87.56319,41.77054],[-87.5632,41.77062],[-87.56334,41.77106],[-87.56334,41.77114],[-87.56334,41.7712],[-87.56334,41.77123],[-87.56334,41.77143],[-87.56332,41.77148],[-87.56333,41.77165],[-87.56326,41.77174],[-87.56327,41.77176],[-87.57312,41.77167],[-87.57645,41.77163],[-87.57985,41.77159],[-87.58038,41.77158],[-87.58137,41.77157],[-87.58135,41.77089],[-87.58134,41.77055],[-87.58133,41.77032],[-87.58132,41.76975],[-87.58132,41.76961],[-87.5813,41.76907],[-87.58126,41.76754],[-87.58126,41.76745],[-87.58124,41.76662],[-87.58123,41.76619],[-87.58123,41.76603],[-87.58223,41.76602],[-87.58245,41.76602],[-87.58331,41.76601],[-87.58383,41.766],[-87.58399,41.766],[-87.58446,41.76599],[-87.58477,41.76599],[-87.58535,41.76598],[-87.58617,41.76597],[-87.58632,41.76597],[-87.58695,41.76597],[-87.58719,41.76596],[-87.58792,41.76596],[-87.58856,41.76595],[-87.58881,41.76595],[-87.58957,41.76593],[-87.58958,41.76593],[-87.59015,41.76598],[-87.59042,41.76602],[-87.59087,41.76602],[-87.59099,41.76602],[-87.59531,41.76599],[-87.59584,41.7659],[-87.60453,41.7658],[-87.60559,41.76587],[-87.60555,41.76515],[-87.60555,41.76513],[-87.60554,41.76471],[-87.60554,41.76467],[-87.60554,41.76453],[-87.60554,41.7644],[-87.60553,41.76419],[-87.60553,41.76407],[-87.60299,41.76226],[-87.60196,41.76151],[-87.60175,41.76136],[-87.60018,41.76024],[-87.59999,41.7601],[-87.59912,41.75947],[-87.59903,41.7594],[-87.59832,41.75888],[-87.598,41.75865],[-87.59793,41.7586],[-87.59741,41.75823],[-87.5961,41.7573],[-87.59603,41.75725],[-87.59549,41.75686],[-87.5939,41.75572],[-87.59339,41.75535],[-87.59252,41.75471],[-87.59178,41.75417],[-87.59136,41.75388],[-87.59116,41.75373],[-87.59093,41.75358],[-87.5892,41.75233],[-87.58803,41.75147],[-87.58711,41.75083],[-87.58638,41.75031],[-87.58594,41.74999],[-87.58566,41.74979],[-87.58558,41.74935],[-87.58546,41.74836],[-87.58543,41.74716],[-87.58541,41.74633],[-87.58539,41.74555],[-87.58538,41.74421],[-87.5876,41.74417],[-87.58816,41.74417],[-87.58874,41.74416],[-87.58923,41.74416],[-87.58956,41.74415],[-87.59018,41.74414],[-87.59045,41.74414],[-87.59905,41.74404],[-87.59913,41.74369],[-87.59932,41.74281],[-87.59952,41.74194],[-87.59972,41.74105],[-87.59996,41.74],[-87.60014,41.73921],[-87.60071,41.73671],[-87.60072,41.73671],[-87.60042,41.73671],[-87.59915,41.73673],[-87.59878,41.73673],[-87.5978,41.73675],[-87.59689,41.73676],[-87.59558,41.73678],[-87.59158,41.73683],[-87.5911,41.73684],[-87.59057,41.73685],[-87.59028,41.73685],[-87.58521,41.73692],[-87.57512,41.73706],[-87.57362,41.73709],[-87.5733,41.73709],[-87.57313,41.73709],[-87.57243,41.7371],[-87.56933,41.73715],[-87.56853,41.73716],[-87.56815,41.73716],[-87.56859,41.73744],[-87.57515,41.74228],[-87.578,41.7443],[-87.57563,41.74434],[-87.5722,41.74438],[-87.57055,41.7444],[-87.56977,41.74441],[-87.55883,41.74456],[-87.55822,41.74457],[-87.55762,41.74457],[-87.55763,41.74501],[-87.55763,41.74545],[-87.55765,41.74639],[-87.55788,41.74639],[-87.5601,41.74763],[-87.56058,41.74817],[-87.56011,41.74818],[-87.5595,41.74818],[-87.55944,41.74819],[-87.55829,41.7482],[-87.55647,41.74822],[-87.55586,41.74823],[-87.55526,41.74824],[-87.55528,41.74957],[-87.55529,41.75006],[-87.55443,41.75007],[-87.55287,41.75009],[-87.55184,41.75011],[-87.55175,41.75011],[-87.55167,41.75011],[-87.5515,41.75011],[-87.55152,41.75117],[-87.55162,41.75145],[-87.55163,41.75165],[-87.55163,41.75193],[-87.55106,41.75194],[-87.54991,41.75195],[-87.54871,41.75197],[-87.54815,41.75198],[-87.54685,41.75199],[-87.5463,41.752],[-87.54604,41.75201],[-87.54572,41.75201],[-87.54517,41.75207],[-87.54458,41.75207],[-87.5444,41.75207],[-87.54431,41.75207],[-87.54306,41.75208],[-87.54332,41.75224],[-87.54419,41.75425],[-87.54419,41.75445],[-87.54416,41.75454],[-87.54411,41.75476],[-87.54406,41.75487],[-87.544,41.75493],[-87.54389,41.75504],[-87.5438,41.75535],[-87.54363,41.75546],[-87.54348,41.75555],[-87.54348,41.75556],[-87.54344,41.75557],[-87.54337,41.75562],[-87.54334,41.75564],[-87.54317,41.75573],[-87.54312,41.75577],[-87.54306,41.7558],[-87.54303,41.75582],[-87.54297,41.75585],[-87.54281,41.75595],[-87.54265,41.75605],[-87.5425,41.75615],[-87.54237,41.75622],[-87.54232,41.75625],[-87.54228,41.75627],[-87.54226,41.75628],[-87.54224,41.75629],[-87.54219,41.75632],[-87.54203,41.75641],[-87.5417,41.75661],[-87.54157,41.75669],[-87.54135,41.75682],[-87.54126,41.75687],[-87.54122,41.7569],[-87.5412,41.75691],[-87.54114,41.75694],[-87.54105,41.75699],[-87.54105,41.757],[-87.54099,41.75703],[-87.54095,41.75703],[-87.54094,41.75703],[-87.54093,41.75703],[-87.54089,41.75706],[-87.54084,41.75709],[-87.54067,41.7572],[-87.5406,41.75727],[-87.5406,41.75728],[-87.5406,41.7573],[-87.54062,41.75732],[-87.54065,41.75735],[-87.54083,41.7575],[-87.54102,41.75768],[-87.54109,41.75775],[-87.54112,41.75778],[-87.54118,41.75781],[-87.5412,41.75781],[-87.54125,41.75782],[-87.54131,41.75783],[-87.54138,41.75784],[-87.54145,41.75784],[-87.54155,41.75783],[-87.54165,41.75782],[-87.54254,41.75866],[-87.54257,41.75869],[-87.54259,41.7587],[-87.54255,41.75882],[-87.5425,41.75893],[-87.54249,41.7591],[-87.5431,41.7597],[-87.54323,41.75974],[-87.54391,41.76032],[-87.5443,41.76067],[-87.54448,41.7607],[-87.54569,41.76069],[-87.5465,41.76067],[-87.54651,41.76065],[-87.54649,41.76063],[-87.54648,41.76062],[-87.54611,41.76062],[-87.54524,41.76062],[-87.54512,41.76055],[-87.5453,41.76031],[-87.54545,41.75999],[-87.54554,41.75983],[-87.54559,41.75977],[-87.54624,41.75921],[-87.54632,41.75918],[-87.54674,41.75901],[-87.54726,41.7589],[-87.54765,41.75887],[-87.548,41.75886],[-87.54863,41.75891],[-87.54921,41.75904],[-87.5498,41.75919],[-87.55073,41.75953],[-87.55149,41.75983],[-87.55259,41.76027],[-87.55285,41.76042],[-87.55306,41.76054],[-87.55355,41.76074],[-87.55402,41.76101],[-87.55415,41.76109],[-87.55458,41.76171],[-87.55456,41.76176],[-87.55455,41.76179],[-87.5544,41.76194],[-87.55369,41.76232],[-87.55365,41.76239],[-87.55368,41.76241],[-87.55467,41.76193],[-87.55506,41.76176],[-87.55516,41.76176],[-87.5553,41.76183],[-87.55603,41.76223],[-87.55617,41.76226],[-87.55647,41.76238],[-87.55659,41.76244],[-87.55683,41.7626],[-87.55711,41.76271],[-87.55736,41.76283],[-87.55749,41.76297],[-87.55757,41.76312],[-87.55846,41.76402],[-87.5586,41.76394],[-87.55874,41.76387],[-87.55882,41.76383],[-87.55898,41.76375],[-87.55909,41.76387],[-87.55934,41.76404],[-87.55942,41.76407],[-87.55944,41.76408],[-87.55951,41.76414],[-87.55963,41.76425],[-87.55966,41.76428],[-87.5597,41.76433],[-87.55955,41.76457],[-87.55957,41.76459],[-87.5596,41.76465],[-87.5596,41.76467],[-87.55959,41.76471],[-87.55961,41.76474],[-87.55964,41.76476],[-87.5597,41.76481],[-87.55976,41.76488],[-87.5598,41.76493],[-87.55987,41.76496],[-87.55992,41.76496],[-87.55997,41.76491],[-87.56002,41.7649],[-87.56004,41.76491],[-87.56006,41.76492],[-87.56008,41.76492],[-87.56012,41.76494],[-87.56017,41.76498],[-87.56022,41.76504],[-87.56014,41.76509],[-87.56023,41.76518],[-87.56032,41.76528],[-87.56038,41.76539],[-87.56057,41.7659],[-87.56053,41.76613],[-87.56032,41.76629],[-87.56028,41.76631],[-87.56019,41.76634],[-87.55996,41.7664],[-87.55952,41.76654],[-87.55946,41.76658],[-87.55938,41.76678],[-87.5594,41.76687],[-87.5594,41.76689],[-87.55942,41.76713],[-87.55943,41.76719],[-87.55943,41.76725],[-87.55943,41.76731],[-87.55943,41.76748],[-87.55943,41.76781],[-87.55944,41.76807],[-87.55943,41.76818],[-87.55943,41.76823],[-87.55943,41.76831],[-87.55942,41.76848],[-87.55941,41.76862],[-87.55941,41.76916],[-87.5594,41.76925],[-87.55939,41.76935],[-87.5596,41.76931],[-87.55983,41.76904],[-87.56007,41.7688]]]},"properties":{"level":"hs","grades":"9–12","id":"609674","name":"Chicago Vocational Career Academy High School","url":"https://www.cps.edu/schools/schoolprofiles/609674","x":-87.57327,"y":41.73717}},{"type":"Feature","geometry":{"type":"Polygon","coordinates":[[[-87.66288,41.95538],[-87.6635,41.9564],[-87.66426,41.95762],[-87.66447,41.95796],[-87.66451,41.95803],[-87.66479,41.95867],[-87.665,41.95918],[-87.66508,41.95938],[-87.66519,41.95963],[-87.66531,41.95995],[-87.66545,41.9603],[-87.66561,41.96073],[-87.66567,41.96088],[-87.66579,41.96118],[-87.66595,41.96163],[-87.66926,41.96159],[-87.67452,41.96152],[-87.67465,41.96152],[-87.67585,41.9615],[-87.67618,41.96149],[-87.67795,41.96147],[-87.6783,41.96147],[-87.67861,41.96146],[-87.67895,41.96122],[-87.67895,41.96092],[-87.67895,41.96081],[-87.67893,41.96006],[-87.67892,41.95963],[-87.67891,41.95941],[-87.6789,41.95909],[-87.67887,41.95816],[-87.67887,41.95781],[-87.67886,41.95762],[-87.67882,41.95617],[-87.67878,41.95491],[-87.67877,41.9546],[-87.67877,41.95457],[-87.67876,41.95422],[-87.67875,41.95416],[-87.67997,41.95414],[-87.68483,41.95407],[-87.68628,41.95405],[-87.6875,41.95403],[-87.69091,41.954],[-87.69454,41.95399],[-87.69455,41.95392],[-87.69458,41.95381],[-87.6954,41.95271],[-87.69552,41.95256],[-87.69566,41.95235],[-87.69578,41.95218],[-87.69581,41.95212],[-87.69588,41.95198],[-87.69595,41.95187],[-87.69602,41.95173],[-87.69607,41.95163],[-87.6961,41.95159],[-87.69615,41.95149],[-87.69618,41.95144],[-87.69621,41.95135],[-87.69625,41.95127],[-87.6964,41.95102],[-87.69644,41.95099],[-87.69657,41.95079],[-87.69663,41.95068],[-87.69681,41.95032],[-87.69683,41.95027],[-87.69686,41.95001],[-87.69685,41.94987],[-87.6968,41.9496],[-87.69678,41.94946],[-87.69675,41.94932],[-87.69671,41.94904],[-87.69664,41.94875],[-87.6966,41.94852],[-87.69653,41.94822],[-87.69647,41.94795],[-87.69635,41.94767],[-87.6963,41.94734],[-87.69624,41.94711],[-87.69622,41.94699],[-87.69621,41.94689],[-87.6962,41.9467],[-87.69318,41.94672],[-87.69251,41.94672],[-87.69103,41.94673],[-87.69024,41.94673],[-87.68947,41.94673],[-87.68886,41.94673],[-87.68826,41.94673],[-87.68823,41.94578],[-87.68821,41.94505],[-87.68821,41.94492],[-87.68805,41.93946],[-87.68799,41.93672],[-87.68799,41.93651],[-87.68799,41.9364],[-87.68799,41.9361],[-87.68782,41.93601],[-87.6874,41.93562],[-87.68714,41.93538],[-87.68706,41.9353],[-87.68701,41.93525],[-87.68629,41.93435],[-87.68588,41.93401],[-87.68549,41.9338],[-87.68526,41.93379],[-87.68521,41.93376],[-87.6851,41.93371],[-87.68481,41.93367],[-87.68469,41.93367],[-87.6844,41.93362],[-87.68427,41.93362],[-87.68409,41.93356],[-87.68353,41.93344],[-87.68348,41.93342],[-87.68341,41.93338],[-87.68338,41.93329],[-87.68284,41.93233],[-87.68284,41.93223],[-87.68209,41.93137],[-87.68129,41.93093],[-87.68074,41.93051],[-87.68054,41.93007],[-87.68047,41.92993],[-87.68032,41.92964],[-87.68016,41.92929],[-87.67984,41.92861],[-87.6795,41.92841],[-87.6781,41.92809],[-87.67817,41.92858],[-87.67829,41.92921],[-87.6783,41.92978],[-87.67832,41.93028],[-87.67831,41.93064],[-87.6783,41.93072],[-87.67827,41.93093],[-87.67822,41.93123],[-87.67819,41.93144],[-87.67813,41.93188],[-87.67814,41.93228],[-87.67746,41.93229],[-87.67637,41.93231],[-87.67566,41.93232],[-87.67381,41.93234],[-87.67336,41.93234],[-87.67327,41.93234],[-87.67299,41.93235],[-87.67238,41.93235],[-87.67131,41.93237],[-87.67083,41.93237],[-87.67084,41.93282],[-87.67086,41.93328],[-87.6698,41.93329],[-87.66903,41.9333],[-87.66843,41.93331],[-87.66773,41.93332],[-87.66707,41.93333],[-87.66602,41.93335],[-87.66428,41.93338],[-87.66395,41.93338],[-87.66359,41.93339],[-87.66116,41.93343],[-87.66117,41.93379],[-87.6612,41.93434],[-87.66121,41.93448],[-87.66122,41.93504],[-87.66125,41.93569],[-87.66126,41.93604],[-87.66123,41.93657],[-87.66126,41.93708],[-87.66127,41.93721],[-87.66128,41.93753],[-87.66096,41.93799],[-87.6589,41.93802],[-87.65894,41.93893],[-87.65895,41.93938],[-87.65896,41.93961],[-87.65897,41.93984],[-87.65809,41.93985],[-87.65775,41.93986],[-87.65683,41.93987],[-87.65654,41.93987],[-87.65594,41.93988],[-87.65532,41.93989],[-87.65471,41.9399],[-87.65411,41.93991],[-87.65352,41.93992],[-87.65324,41.93992],[-87.65248,41.93994],[-87.65183,41.93994],[-87.65151,41.93995],[-87.65008,41.93997],[-87.64927,41.93998],[-87.64924,41.93908],[-87.64922,41.93816],[-87.64896,41.93784],[-87.64828,41.93699],[-87.64782,41.93643],[-87.64745,41.93596],[-87.6469,41.93528],[-87.64654,41.93484],[-87.64588,41.93403],[-87.64549,41.93355],[-87.64489,41.9328],[-87.64412,41.93282],[-87.64307,41.93284],[-87.64249,41.93285],[-87.64171,41.93286],[-87.64134,41.93287],[-87.64032,41.93289],[-87.63874,41.93292],[-87.63795,41.93293],[-87.63735,41.93293],[-87.63675,41.93289],[-87.63611,41.93316],[-87.63497,41.93335],[-87.63435,41.93334],[-87.63356,41.93333],[-87.63323,41.93333],[-87.63252,41.93332],[-87.63213,41.93332],[-87.63202,41.93332],[-87.63189,41.93332],[-87.63181,41.93332],[-87.6317,41.93332],[-87.6316,41.93332],[-87.63155,41.93332],[-87.63141,41.93332],[-87.63135,41.93332],[-87.63114,41.93333],[-87.63113,41.93333],[-87.63108,41.93333],[-87.63086,41.93333],[-87.63079,41.93333],[-87.63059,41.93333],[-87.63052,41.93333],[-87.6303,41.93333],[-87.63029,41.93333],[-87.63017,41.93333],[-87.63017,41.93334],[-87.63017,41.93339],[-87.63016,41.93343],[-87.63019,41.93357],[-87.63036,41.9339],[-87.6311,41.93477],[-87.63143,41.93517],[-87.63161,41.9355],[-87.6318,41.93584],[-87.63187,41.936],[-87.63202,41.93645],[-87.63206,41.93666],[-87.63222,41.93707],[-87.63229,41.93724],[-87.63245,41.93748],[-87.63266,41.93772],[-87.63287,41.93795],[-87.63305,41.93819],[-87.63323,41.93859],[-87.63336,41.93889],[-87.63343,41.93904],[-87.63355,41.93936],[-87.63361,41.93957],[-87.6337,41.93985],[-87.63377,41.94013],[-87.63381,41.94025],[-87.63388,41.9406],[-87.63387,41.94084],[-87.63386,41.94127],[-87.63385,41.94134],[-87.6339,41.9415],[-87.63406,41.94166],[-87.63412,41.9417],[-87.63433,41.94173],[-87.63445,41.94159],[-87.63453,41.94157],[-87.63477,41.94073],[-87.6351,41.94085],[-87.63513,41.94087],[-87.63515,41.94086],[-87.63517,41.94071],[-87.63492,41.9407],[-87.6349,41.94065],[-87.6353,41.93999],[-87.63553,41.93986],[-87.63578,41.93979],[-87.63627,41.93974],[-87.63647,41.93974],[-87.63649,41.93974],[-87.63667,41.93974],[-87.63681,41.93976],[-87.63681,41.93979],[-87.6374,41.94017],[-87.63838,41.94136],[-87.63839,41.9414],[-87.6384,41.94149],[-87.6384,41.94158],[-87.63851,41.94251],[-87.63858,41.94268],[-87.63878,41.94302],[-87.63897,41.94325],[-87.63911,41.94337],[-87.63921,41.94345],[-87.63933,41.94352],[-87.63957,41.94359],[-87.64037,41.94471],[-87.64041,41.94475],[-87.64048,41.94488],[-87.6405,41.94496],[-87.6405,41.94506],[-87.64045,41.94519],[-87.64041,41.94524],[-87.6402,41.94529],[-87.64017,41.94531],[-87.64013,41.94544],[-87.64018,41.9455],[-87.64016,41.94558],[-87.64002,41.94583],[-87.64003,41.94592],[-87.64007,41.94598],[-87.64013,41.94603],[-87.64017,41.94606],[-87.64064,41.94646],[-87.64189,41.94753],[-87.64208,41.94777],[-87.64213,41.94786],[-87.64214,41.94793],[-87.64209,41.94798],[-87.64201,41.94801],[-87.64192,41.94801],[-87.64187,41.948],[-87.64179,41.94798],[-87.64166,41.94792],[-87.64143,41.94781],[-87.64132,41.94774],[-87.64089,41.94743],[-87.64078,41.9473],[-87.64047,41.94691],[-87.6403,41.94672],[-87.6401,41.94672],[-87.64026,41.94652],[-87.64002,41.9464],[-87.63974,41.94634],[-87.63942,41.94632],[-87.63921,41.94632],[-87.63889,41.94631],[-87.63869,41.94621],[-87.63864,41.94619],[-87.63742,41.94582],[-87.63731,41.94575],[-87.63682,41.94505],[-87.63696,41.9449],[-87.63658,41.94409],[-87.63615,41.94319],[-87.63607,41.9431],[-87.63592,41.94298],[-87.63585,41.94295],[-87.63561,41.9429],[-87.63542,41.94291],[-87.63531,41.94294],[-87.63516,41.94301],[-87.63502,41.94311],[-87.6349,41.94316],[-87.63478,41.9432],[-87.63469,41.94321],[-87.63449,41.94319],[-87.63431,41.94313],[-87.6341,41.94296],[-87.63406,41.94291],[-87.63398,41.9427],[-87.63371,41.94222],[-87.63367,41.9422],[-87.63364,41.94218],[-87.63354,41.94216],[-87.63325,41.94218],[-87.63309,41.94226],[-87.63303,41.94233],[-87.63301,41.94255],[-87.63316,41.94274],[-87.63319,41.94277],[-87.6334,41.94296],[-87.63351,41.94305],[-87.63391,41.94341],[-87.63423,41.94371],[-87.63448,41.94393],[-87.63471,41.94414],[-87.63506,41.94448],[-87.63525,41.94468],[-87.6355,41.94495],[-87.63575,41.94522],[-87.63604,41.94553],[-87.63631,41.94584],[-87.63638,41.94593],[-87.63728,41.94707],[-87.63746,41.94732],[-87.63772,41.94771],[-87.63791,41.94801],[-87.63808,41.94836],[-87.63822,41.94862],[-87.63839,41.94893],[-87.63857,41.94929],[-87.6387,41.94957],[-87.63884,41.94987],[-87.63889,41.94999],[-87.63901,41.95023],[-87.63911,41.95044],[-87.63915,41.95052],[-87.63952,41.95134],[-87.63963,41.95156],[-87.63968,41.95166],[-87.63979,41.9519],[-87.63989,41.95211],[-87.63993,41.95222],[-87.64009,41.95259],[-87.64022,41.95289],[-87.64029,41.95307],[-87.64043,41.95344],[-87.64044,41.95347],[-87.64444,41.9531],[-87.64456,41.9531],[-87.64481,41.95308],[-87.64501,41.95306],[-87.64528,41.95304],[-87.64584,41.95298],[-87.64708,41.9529],[-87.64764,41.95287],[-87.64843,41.95282],[-87.64875,41.9528],[-87.6493,41.95276],[-87.64939,41.95276],[-87.64966,41.95295],[-87.64967,41.95319],[-87.65023,41.95409],[-87.65045,41.95442],[-87.65131,41.95454],[-87.65543,41.95448],[-87.65614,41.95446],[-87.65686,41.95445],[-87.65747,41.95445],[-87.65964,41.95442],[-87.66225,41.95438],[-87.66288,41.95538]]]},"properties":{"level":"hs","grades":"9–12","id":"609719","name":"Lake View High School","url":"https://www.cps.edu/schools/schoolprofiles/609719","x":-87.66895,"y":41.95476}},{"type":"Feature","geometry":{"type":"Polygon","coordinates":[[[-87.62454,41.88678],[-87.6246,41.88809],[-87.62437,41.88886],[-87.62509,41.88891],[-87.62566,41.88868],[-87.62762,41.88751],[-87.62928,41.88742],[-87.63377,41.88753],[-87.63562,41.88745],[-87.63598,41.88734],[-87.63727,41.88656],[-87.63773,41.88572],[-87.6378,41.88526],[-87.6379,41.88457],[-87.63791,41.88445],[-87.63791,41.88435],[-87.63797,41.884],[-87.63803,41.88366],[-87.63807,41.88348],[-87.63814,41.88319],[-87.63815,41.88311],[-87.63818,41.88277],[-87.63822,41.88226],[-87.63822,41.8819],[-87.63827,41.88131],[-87.63829,41.8806],[-87.6382,41.87977],[-87.63811,41.87941],[-87.63811,41.87925],[-87.6381,41.87907],[-87.63798,41.87876],[-87.63778,41.87816],[-87.63777,41.87807],[-87.63772,41.87765],[-87.63766,41.87731],[-87.63752,41.87692],[-87.63747,41.8768],[-87.63743,41.8767],[-87.63707,41.87603],[-87.63657,41.87549],[-87.63635,41.87528],[-87.63612,41.8748],[-87.63607,41.87467],[-87.63587,41.87397],[-87.63547,41.87211],[-87.63526,41.87102],[-87.63507,41.86994],[-87.63496,41.86898],[-87.63473,41.86726],[-87.63468,41.86578],[-87.63466,41.86508],[-87.63462,41.86375],[-87.63457,41.8629],[-87.63456,41.86167],[-87.63451,41.86013],[-87.63451,41.86007],[-87.63451,41.85938],[-87.63509,41.8582],[-87.63513,41.85787],[-87.63516,41.85772],[-87.63532,41.85723],[-87.63616,41.85629],[-87.63695,41.85569],[-87.63716,41.85511],[-87.63746,41.85501],[-87.6375,41.85484],[-87.63722,41.8545],[-87.63717,41.85282],[-87.6371,41.8509],[-87.63699,41.84748],[-87.63699,41.84736],[-87.63698,41.8472],[-87.63698,41.84707],[-87.63695,41.84603],[-87.63693,41.84546],[-87.63669,41.83817],[-87.63677,41.83808],[-87.63684,41.83808],[-87.63711,41.83804],[-87.63711,41.83797],[-87.6371,41.83777],[-87.63685,41.83777],[-87.63668,41.83777],[-87.63668,41.83773],[-87.63701,41.83772],[-87.6371,41.83769],[-87.6371,41.83753],[-87.6371,41.83745],[-87.63708,41.83693],[-87.63708,41.83678],[-87.63675,41.83677],[-87.63669,41.83673],[-87.6369,41.83672],[-87.63706,41.83672],[-87.63708,41.8366],[-87.63707,41.83643],[-87.63686,41.83643],[-87.6367,41.83626],[-87.63686,41.83625],[-87.63706,41.83604],[-87.63706,41.83581],[-87.63704,41.83484],[-87.63703,41.83461],[-87.63661,41.83461],[-87.6366,41.83453],[-87.6366,41.83443],[-87.63683,41.83443],[-87.63728,41.83442],[-87.63754,41.83442],[-87.63754,41.83422],[-87.63753,41.83397],[-87.63753,41.83384],[-87.63753,41.83361],[-87.63751,41.83283],[-87.6375,41.83234],[-87.63749,41.83178],[-87.63748,41.83145],[-87.63747,41.83132],[-87.63747,41.83102],[-87.63704,41.83096],[-87.63683,41.83096],[-87.63649,41.83097],[-87.6364,41.83097],[-87.6364,41.83088],[-87.63642,41.83079],[-87.63652,41.83079],[-87.63654,41.83079],[-87.63684,41.83078],[-87.63736,41.83078],[-87.63758,41.83077],[-87.63758,41.83065],[-87.63757,41.83046],[-87.63757,41.83027],[-87.63756,41.83009],[-87.63756,41.82999],[-87.63756,41.8298],[-87.63755,41.82955],[-87.63754,41.82932],[-87.63753,41.82859],[-87.63752,41.82819],[-87.63751,41.82768],[-87.6375,41.8274],[-87.63734,41.82731],[-87.6366,41.82732],[-87.63649,41.82732],[-87.6364,41.82727],[-87.6364,41.82719],[-87.6365,41.82714],[-87.63684,41.82703],[-87.63684,41.82679],[-87.63663,41.82679],[-87.63654,41.8268],[-87.63639,41.8268],[-87.63683,41.82655],[-87.63683,41.82641],[-87.63658,41.82641],[-87.63638,41.82641],[-87.63638,41.82634],[-87.63637,41.82623],[-87.63658,41.82623],[-87.63682,41.82613],[-87.63682,41.82598],[-87.63671,41.82588],[-87.6365,41.82589],[-87.63637,41.82589],[-87.63642,41.82584],[-87.63681,41.82584],[-87.63681,41.82572],[-87.63681,41.82561],[-87.6368,41.82549],[-87.63652,41.8255],[-87.63636,41.82545],[-87.63635,41.82537],[-87.63639,41.82532],[-87.63672,41.82531],[-87.6368,41.82531],[-87.6368,41.8252],[-87.63679,41.82497],[-87.63643,41.82497],[-87.63634,41.82496],[-87.63634,41.82493],[-87.63646,41.82493],[-87.6366,41.82493],[-87.63673,41.82493],[-87.63679,41.82493],[-87.63678,41.82467],[-87.63678,41.82458],[-87.63665,41.82458],[-87.63647,41.82459],[-87.63633,41.82459],[-87.63633,41.82449],[-87.63633,41.82441],[-87.63651,41.8244],[-87.63673,41.8244],[-87.63678,41.8244],[-87.63678,41.82429],[-87.63677,41.82419],[-87.63677,41.82414],[-87.63677,41.82406],[-87.63636,41.82406],[-87.63632,41.82406],[-87.63632,41.82402],[-87.63656,41.82402],[-87.63668,41.82401],[-87.63672,41.82401],[-87.63672,41.82389],[-87.63672,41.8238],[-87.63671,41.82376],[-87.63671,41.82367],[-87.63665,41.82367],[-87.63639,41.82368],[-87.63631,41.82364],[-87.63631,41.8236],[-87.63632,41.82358],[-87.63632,41.82352],[-87.63631,41.82307],[-87.63631,41.823],[-87.63629,41.82236],[-87.63628,41.82199],[-87.63627,41.82162],[-87.63625,41.82095],[-87.63625,41.8208],[-87.63624,41.8205],[-87.63623,41.82041],[-87.63623,41.82021],[-87.63623,41.82016],[-87.63622,41.81998],[-87.63622,41.8199],[-87.63621,41.81969],[-87.63621,41.81959],[-87.6362,41.81927],[-87.6362,41.8191],[-87.63612,41.81647],[-87.636,41.81635],[-87.6359,41.81635],[-87.6351,41.81636],[-87.63472,41.81637],[-87.63119,41.81642],[-87.63046,41.81643],[-87.62986,41.81644],[-87.62944,41.81645],[-87.62944,41.81642],[-87.6294,41.81532],[-87.62935,41.81385],[-87.62934,41.81343],[-87.62937,41.81166],[-87.62957,41.8113],[-87.62963,41.81119],[-87.62978,41.81094],[-87.62994,41.81069],[-87.63019,41.81031],[-87.63039,41.81001],[-87.63046,41.80988],[-87.63067,41.80958],[-87.63083,41.80928],[-87.63087,41.80916],[-87.63122,41.80915],[-87.63185,41.80913],[-87.63258,41.8091],[-87.63394,41.80908],[-87.63438,41.80908],[-87.63475,41.80907],[-87.63554,41.80905],[-87.6358,41.80904],[-87.63585,41.80904],[-87.63587,41.80904],[-87.6359,41.80904],[-87.63591,41.80903],[-87.63591,41.80884],[-87.63589,41.80817],[-87.63588,41.80783],[-87.63587,41.80749],[-87.63585,41.80664],[-87.63584,41.80643],[-87.63583,41.80604],[-87.63582,41.80561],[-87.63581,41.80544],[-87.63581,41.80541],[-87.63592,41.80539],[-87.63599,41.80539],[-87.64048,41.80158],[-87.64047,41.80152],[-87.64047,41.80148],[-87.64047,41.80125],[-87.64045,41.80067],[-87.64043,41.80004],[-87.64047,41.79952],[-87.64047,41.79941],[-87.64046,41.79923],[-87.64046,41.79914],[-87.64046,41.79895],[-87.64048,41.798],[-87.64047,41.79798],[-87.64047,41.79789],[-87.64044,41.79672],[-87.64035,41.79429],[-87.64035,41.79422],[-87.64035,41.79415],[-87.64035,41.79412],[-87.64034,41.79406],[-87.64034,41.79403],[-87.63052,41.7942],[-87.62975,41.79422],[-87.62912,41.79423],[-87.62866,41.79424],[-87.62865,41.79409],[-87.62865,41.79383],[-87.62864,41.79354],[-87.62868,41.79354],[-87.62869,41.79331],[-87.62868,41.79303],[-87.62867,41.79237],[-87.6286,41.79217],[-87.6286,41.79195],[-87.62859,41.79162],[-87.62857,41.79095],[-87.62857,41.79094],[-87.62857,41.79089],[-87.62862,41.79075],[-87.62861,41.79043],[-87.62861,41.79031],[-87.6286,41.7901],[-87.6286,41.79003],[-87.62854,41.78999],[-87.62854,41.78996],[-87.62854,41.78974],[-87.62853,41.78957],[-87.62853,41.78939],[-87.62852,41.78914],[-87.62852,41.78901],[-87.62851,41.78882],[-87.62851,41.78861],[-87.6285,41.78853],[-87.6285,41.78839],[-87.62849,41.78817],[-87.62849,41.78803],[-87.62849,41.78793],[-87.62849,41.78782],[-87.62848,41.78771],[-87.62848,41.7876],[-87.62848,41.78756],[-87.62848,41.78748],[-87.62847,41.78739],[-87.62847,41.78733],[-87.62847,41.78731],[-87.62876,41.78731],[-87.62963,41.78728],[-87.63032,41.78726],[-87.63047,41.78725],[-87.63074,41.78725],[-87.63128,41.78723],[-87.63131,41.78678],[-87.63134,41.78543],[-87.63134,41.78495],[-87.63128,41.78259],[-87.63125,41.78144],[-87.63125,41.78134],[-87.63124,41.78107],[-87.6312,41.78],[-87.63086,41.77998],[-87.63075,41.77998],[-87.63074,41.77991],[-87.63074,41.77984],[-87.63067,41.77914],[-87.6306,41.77887],[-87.63051,41.7786],[-87.63028,41.77815],[-87.63006,41.77729],[-87.63006,41.77709],[-87.62996,41.77693],[-87.62974,41.77675],[-87.6296,41.77664],[-87.62919,41.77628],[-87.62907,41.77618],[-87.62872,41.77588],[-87.62842,41.77567],[-87.62731,41.77516],[-87.62614,41.77493],[-87.6242,41.77503],[-87.62174,41.775],[-87.62083,41.77482],[-87.61927,41.77409],[-87.61895,41.77388],[-87.61829,41.77335],[-87.61775,41.77293],[-87.61634,41.77187],[-87.61567,41.77138],[-87.61555,41.77129],[-87.61541,41.77119],[-87.61541,41.77129],[-87.61542,41.77154],[-87.61542,41.77182],[-87.61543,41.77201],[-87.61543,41.77217],[-87.61544,41.77255],[-87.61549,41.77479],[-87.61554,41.7766],[-87.61562,41.78024],[-87.61563,41.78044],[-87.61563,41.78056],[-87.61563,41.78058],[-87.61564,41.78076],[-87.61564,41.78103],[-87.61566,41.78163],[-87.61568,41.78224],[-87.61569,41.78289],[-87.61571,41.78358],[-87.61572,41.78428],[-87.61574,41.78477],[-87.61574,41.78503],[-87.61575,41.78518],[-87.61576,41.7857],[-87.61578,41.78671],[-87.6158,41.78752],[-87.61581,41.78765],[-87.61584,41.78889],[-87.61585,41.78935],[-87.61589,41.79094],[-87.61589,41.79117],[-87.6159,41.79169],[-87.61591,41.79215],[-87.61594,41.793],[-87.61613,41.8009],[-87.61611,41.8021],[-87.61641,41.80319],[-87.61654,41.80756],[-87.61659,41.80938],[-87.6166,41.80988],[-87.61661,41.81015],[-87.61662,41.81029],[-87.61663,41.81068],[-87.61664,41.8112],[-87.61665,41.81168],[-87.61666,41.8119],[-87.61667,41.81232],[-87.61673,41.81455],[-87.61677,41.81583],[-87.61679,41.81664],[-87.61681,41.81713],[-87.61683,41.81812],[-87.6169,41.82023],[-87.60681,41.82038],[-87.60524,41.8205],[-87.6049,41.81998],[-87.60443,41.82005],[-87.60088,41.82008],[-87.5994,41.82054],[-87.59531,41.82162],[-87.59574,41.8219],[-87.59615,41.82211],[-87.59679,41.82238],[-87.59701,41.82278],[-87.59713,41.82306],[-87.59731,41.82338],[-87.59671,41.82358],[-87.5967,41.82362],[-87.5968,41.82365],[-87.59737,41.82345],[-87.5977,41.82457],[-87.59766,41.82477],[-87.59762,41.82493],[-87.59754,41.82521],[-87.59748,41.8255],[-87.59754,41.82591],[-87.59756,41.82598],[-87.59757,41.82603],[-87.59758,41.82605],[-87.59764,41.82617],[-87.59785,41.82645],[-87.5987,41.82706],[-87.59903,41.82728],[-87.59921,41.82739],[-87.59958,41.82766],[-87.59997,41.82793],[-87.60016,41.82816],[-87.6008,41.82891],[-87.60123,41.82945],[-87.60164,41.82998],[-87.60172,41.83006],[-87.60224,41.83053],[-87.60239,41.83069],[-87.60259,41.83102],[-87.60268,41.83127],[-87.60271,41.83135],[-87.60273,41.83149],[-87.60277,41.83177],[-87.60273,41.83206],[-87.6027,41.83233],[-87.6028,41.83247],[-87.60292,41.83272],[-87.60224,41.83338],[-87.60313,41.83284],[-87.60323,41.83291],[-87.60349,41.83301],[-87.60375,41.83302],[-87.60435,41.8332],[-87.60444,41.83326],[-87.60475,41.8336],[-87.60503,41.83442],[-87.60504,41.83444],[-87.60499,41.83466],[-87.60477,41.83461],[-87.60457,41.8349],[-87.60464,41.83507],[-87.60482,41.83522],[-87.60572,41.83623],[-87.60585,41.83644],[-87.60591,41.83665],[-87.60597,41.83687],[-87.60608,41.83735],[-87.60609,41.83746],[-87.60607,41.83783],[-87.60608,41.83799],[-87.60613,41.83848],[-87.60614,41.83852],[-87.60544,41.83868],[-87.60342,41.83915],[-87.60272,41.83873],[-87.60199,41.83809],[-87.60149,41.83715],[-87.60117,41.83611],[-87.6011,41.83529],[-87.60139,41.83405],[-87.60187,41.83308],[-87.60182,41.83295],[-87.60144,41.83334],[-87.60101,41.83425],[-87.60084,41.83495],[-87.60082,41.83567],[-87.60103,41.83677],[-87.60179,41.83822],[-87.60261,41.83894],[-87.60335,41.83937],[-87.60419,41.83968],[-87.60427,41.83983],[-87.60445,41.83933],[-87.60498,41.8389],[-87.60588,41.83924],[-87.60701,41.83989],[-87.60727,41.84038],[-87.60698,41.84067],[-87.60753,41.84056],[-87.60785,41.84103],[-87.60795,41.84127],[-87.60798,41.84179],[-87.60802,41.84231],[-87.60858,41.84307],[-87.60872,41.84331],[-87.60877,41.84336],[-87.60885,41.8437],[-87.6089,41.84387],[-87.60901,41.84411],[-87.60915,41.84424],[-87.60917,41.84446],[-87.60916,41.84459],[-87.60913,41.84473],[-87.60911,41.8448],[-87.60908,41.84487],[-87.60904,41.84494],[-87.609,41.84501],[-87.6088,41.84526],[-87.60878,41.84529],[-87.60873,41.84535],[-87.60861,41.8455],[-87.60854,41.84561],[-87.6085,41.84567],[-87.60845,41.84581],[-87.60843,41.84587],[-87.60842,41.84593],[-87.60842,41.84596],[-87.60841,41.84604],[-87.60841,41.84607],[-87.60841,41.84614],[-87.60842,41.84625],[-87.60845,41.84636],[-87.60846,41.84639],[-87.60849,41.84647],[-87.60852,41.84653],[-87.60858,41.84664],[-87.60872,41.84683],[-87.6093,41.8476],[-87.60933,41.84764],[-87.60937,41.84771],[-87.60941,41.8478],[-87.60945,41.84789],[-87.60948,41.848],[-87.60952,41.8487],[-87.60952,41.84873],[-87.60944,41.84925],[-87.60937,41.84958],[-87.60933,41.84981],[-87.60926,41.85016],[-87.60922,41.85036],[-87.60921,41.85037],[-87.6092,41.85042],[-87.60919,41.85053],[-87.60919,41.85061],[-87.60919,41.85069],[-87.60921,41.85083],[-87.60922,41.85091],[-87.60927,41.85106],[-87.60934,41.85121],[-87.60936,41.85124],[-87.60939,41.85128],[-87.60962,41.85157],[-87.61001,41.85205],[-87.61014,41.8522],[-87.61026,41.85235],[-87.61038,41.85251],[-87.6105,41.85268],[-87.61052,41.85272],[-87.61059,41.85284],[-87.6106,41.85286],[-87.61061,41.85287],[-87.61064,41.85293],[-87.61069,41.85302],[-87.61072,41.85308],[-87.61081,41.8533],[-87.61084,41.85338],[-87.61086,41.85345],[-87.6109,41.85358],[-87.61093,41.85369],[-87.61096,41.85384],[-87.611,41.8541],[-87.61101,41.85419],[-87.61101,41.85429],[-87.61102,41.85451],[-87.61102,41.85452],[-87.61104,41.85458],[-87.61106,41.85466],[-87.61109,41.85473],[-87.6112,41.85493],[-87.61123,41.85496],[-87.61131,41.85504],[-87.61136,41.8551],[-87.61144,41.85516],[-87.61171,41.85533],[-87.61215,41.85561],[-87.61224,41.85566],[-87.61234,41.85574],[-87.61248,41.85584],[-87.61257,41.85593],[-87.61273,41.85613],[-87.61274,41.85614],[-87.61278,41.85621],[-87.61286,41.85642],[-87.61288,41.8565],[-87.6129,41.85658],[-87.61293,41.85666],[-87.61297,41.85676],[-87.61301,41.85686],[-87.61304,41.85696],[-87.61304,41.85697],[-87.61305,41.85703],[-87.61307,41.85718],[-87.61306,41.85737],[-87.61306,41.8575],[-87.61304,41.85761],[-87.61292,41.85798],[-87.61286,41.85813],[-87.61281,41.85823],[-87.61279,41.85827],[-87.61274,41.85834],[-87.61272,41.85836],[-87.61269,41.85839],[-87.61254,41.85849],[-87.61234,41.8585],[-87.6122,41.85857],[-87.61219,41.85858],[-87.61217,41.85865],[-87.6122,41.85927],[-87.61224,41.8594],[-87.61234,41.85962],[-87.61237,41.85968],[-87.61244,41.85992],[-87.61244,41.85999],[-87.61218,41.86018],[-87.61218,41.86022],[-87.61215,41.86027],[-87.61215,41.86031],[-87.61215,41.86035],[-87.6122,41.86035],[-87.61239,41.8604],[-87.61234,41.86046],[-87.61221,41.86046],[-87.61234,41.86063],[-87.61244,41.86076],[-87.61249,41.86076],[-87.61252,41.86083],[-87.61255,41.86082],[-87.61256,41.8613],[-87.61256,41.86137],[-87.61258,41.86137],[-87.61268,41.86141],[-87.6127,41.86144],[-87.61277,41.86153],[-87.61287,41.86167],[-87.61292,41.86175],[-87.61296,41.86181],[-87.61302,41.86191],[-87.61308,41.86202],[-87.61312,41.86209],[-87.61317,41.86219],[-87.61335,41.8626],[-87.61339,41.86273],[-87.61343,41.86286],[-87.61345,41.86302],[-87.61346,41.86314],[-87.61345,41.86317],[-87.61344,41.86337],[-87.6134,41.86355],[-87.61339,41.86361],[-87.6133,41.86396],[-87.61329,41.864],[-87.61325,41.86414],[-87.61321,41.86425],[-87.61301,41.86473],[-87.61296,41.86485],[-87.61285,41.86508],[-87.61279,41.8652],[-87.61274,41.86529],[-87.61265,41.86528],[-87.61266,41.86568],[-87.61267,41.86584],[-87.61198,41.86585],[-87.61158,41.86586],[-87.61048,41.86586],[-87.61047,41.86575],[-87.61047,41.86559],[-87.61045,41.86535],[-87.61045,41.86532],[-87.61042,41.86532],[-87.61019,41.86505],[-87.6101,41.8649],[-87.61005,41.86482],[-87.60996,41.86463],[-87.60997,41.86463],[-87.60989,41.86446],[-87.60989,41.86447],[-87.60988,41.86445],[-87.60982,41.86431],[-87.60976,41.86417],[-87.60974,41.86409],[-87.6097,41.86386],[-87.60966,41.86365],[-87.60966,41.86363],[-87.60965,41.86355],[-87.60961,41.86351],[-87.60961,41.86344],[-87.60961,41.86341],[-87.60965,41.8634],[-87.60963,41.86337],[-87.60966,41.86328],[-87.60968,41.86317],[-87.60968,41.86313],[-87.6097,41.86296],[-87.60974,41.86275],[-87.60978,41.86248],[-87.60989,41.86213],[-87.60994,41.86201],[-87.60998,41.8619],[-87.61008,41.86172],[-87.61028,41.8614],[-87.61036,41.86118],[-87.61035,41.86085],[-87.61042,41.86085],[-87.61042,41.86084],[-87.61043,41.8608],[-87.61045,41.86077],[-87.61047,41.86073],[-87.61056,41.86067],[-87.6106,41.86066],[-87.61064,41.86065],[-87.61067,41.86027],[-87.61067,41.86021],[-87.61058,41.86019],[-87.61053,41.86018],[-87.6105,41.86016],[-87.61046,41.86013],[-87.61044,41.86011],[-87.61043,41.86008],[-87.61039,41.85998],[-87.61036,41.85987],[-87.61036,41.85981],[-87.61045,41.85946],[-87.61046,41.85943],[-87.61048,41.85935],[-87.61046,41.85925],[-87.61043,41.8592],[-87.61039,41.85916],[-87.61036,41.85914],[-87.61032,41.85912],[-87.61017,41.85903],[-87.61015,41.859],[-87.61007,41.85895],[-87.61005,41.85892],[-87.60992,41.85874],[-87.6099,41.85869],[-87.60989,41.85864],[-87.60988,41.85859],[-87.60988,41.85854],[-87.60989,41.85844],[-87.60994,41.85829],[-87.60998,41.85819],[-87.60999,41.85813],[-87.60999,41.85803],[-87.60997,41.85783],[-87.60997,41.85782],[-87.60992,41.85766],[-87.60986,41.85751],[-87.60982,41.85744],[-87.60979,41.85741],[-87.60966,41.85725],[-87.6096,41.85719],[-87.60944,41.85705],[-87.60941,41.857],[-87.60936,41.85691],[-87.60936,41.8569],[-87.60934,41.85684],[-87.60934,41.85682],[-87.60933,41.85677],[-87.60933,41.85672],[-87.60936,41.8566],[-87.6094,41.85653],[-87.60945,41.85641],[-87.60949,41.85618],[-87.60957,41.85577],[-87.60961,41.85558],[-87.60968,41.85524],[-87.6097,41.85512],[-87.60972,41.85503],[-87.60984,41.85443],[-87.60984,41.85442],[-87.6099,41.85412],[-87.60991,41.85405],[-87.60992,41.85403],[-87.60992,41.85398],[-87.60993,41.85393],[-87.60991,41.85383],[-87.60987,41.85372],[-87.60987,41.8537],[-87.60985,41.85366],[-87.60978,41.85356],[-87.60973,41.85351],[-87.60968,41.85347],[-87.60963,41.85342],[-87.60959,41.85339],[-87.60953,41.85335],[-87.60948,41.85333],[-87.60941,41.8533],[-87.60924,41.85323],[-87.609,41.85318],[-87.60854,41.85318],[-87.60784,41.85324],[-87.6075,41.85327],[-87.60651,41.85336],[-87.60651,41.85342],[-87.6066,41.85341],[-87.60662,41.85372],[-87.60665,41.85415],[-87.60668,41.85456],[-87.6067,41.85489],[-87.60671,41.85497],[-87.60675,41.85563],[-87.60676,41.85576],[-87.60681,41.85638],[-87.60683,41.85662],[-87.60686,41.85703],[-87.60688,41.8573],[-87.60692,41.85785],[-87.60695,41.85823],[-87.60698,41.85862],[-87.60698,41.85872],[-87.60701,41.85908],[-87.60707,41.85996],[-87.60596,41.86008],[-87.60597,41.86024],[-87.60598,41.86074],[-87.60599,41.86115],[-87.606,41.86144],[-87.60602,41.86201],[-87.60608,41.86206],[-87.60671,41.86218],[-87.60673,41.86219],[-87.60675,41.8622],[-87.60677,41.86221],[-87.60677,41.86222],[-87.60679,41.86227],[-87.60683,41.86232],[-87.60688,41.86233],[-87.60695,41.86237],[-87.60699,41.86245],[-87.607,41.8625],[-87.60719,41.86282],[-87.60751,41.86381],[-87.60753,41.86385],[-87.60755,41.86393],[-87.60756,41.86402],[-87.60758,41.86419],[-87.60755,41.86444],[-87.60754,41.86447],[-87.60749,41.8646],[-87.60746,41.86466],[-87.60743,41.86471],[-87.60736,41.86481],[-87.60733,41.86485],[-87.60718,41.86499],[-87.60711,41.86504],[-87.60704,41.86509],[-87.60687,41.86518],[-87.60683,41.86519],[-87.60674,41.86522],[-87.60664,41.86523],[-87.60661,41.86522],[-87.60656,41.8652],[-87.60652,41.86515],[-87.60651,41.86513],[-87.60647,41.8651],[-87.60639,41.86504],[-87.60635,41.86501],[-87.6063,41.86493],[-87.60629,41.86486],[-87.60605,41.86486],[-87.60605,41.86491],[-87.60605,41.86568],[-87.60589,41.86579],[-87.6058,41.86589],[-87.60575,41.86595],[-87.60566,41.86612],[-87.60565,41.86615],[-87.60561,41.86636],[-87.60564,41.86656],[-87.60579,41.86683],[-87.60589,41.86693],[-87.60594,41.86698],[-87.60603,41.86704],[-87.60613,41.8671],[-87.60635,41.86718],[-87.60651,41.86722],[-87.60659,41.86723],[-87.60691,41.86724],[-87.60701,41.86723],[-87.60724,41.86717],[-87.60739,41.86711],[-87.6074,41.86711],[-87.60753,41.86704],[-87.60759,41.867],[-87.60773,41.86688],[-87.60788,41.86686],[-87.61058,41.86682],[-87.61062,41.86681],[-87.61064,41.86681],[-87.61065,41.86679],[-87.61269,41.86675],[-87.61269,41.86697],[-87.61253,41.86711],[-87.61251,41.86714],[-87.6125,41.86715],[-87.61245,41.86722],[-87.6124,41.86733],[-87.61239,41.86733],[-87.61237,41.86738],[-87.61235,41.86745],[-87.61234,41.86751],[-87.61233,41.86757],[-87.61233,41.86764],[-87.61234,41.8677],[-87.61245,41.868],[-87.61253,41.8681],[-87.61256,41.86813],[-87.6126,41.86818],[-87.61265,41.86822],[-87.61271,41.86827],[-87.61298,41.86841],[-87.61306,41.86844],[-87.6131,41.86845],[-87.61321,41.86848],[-87.6133,41.86849],[-87.61364,41.86851],[-87.61378,41.86851],[-87.61385,41.86851],[-87.61397,41.8685],[-87.6142,41.86849],[-87.61422,41.86848],[-87.61435,41.86846],[-87.61458,41.86839],[-87.61465,41.86836],[-87.61466,41.86836],[-87.61535,41.8683],[-87.61553,41.86851],[-87.61555,41.86853],[-87.61563,41.8686],[-87.61578,41.8687],[-87.61586,41.86875],[-87.61594,41.86879],[-87.61621,41.8689],[-87.61621,41.86892],[-87.61622,41.86933],[-87.61625,41.87076],[-87.61625,41.87088],[-87.61627,41.87157],[-87.61625,41.8716],[-87.61623,41.87171],[-87.61625,41.87176],[-87.61628,41.87197],[-87.6162,41.87222],[-87.61624,41.87377],[-87.61625,41.87395],[-87.61622,41.87395],[-87.61622,41.87398],[-87.61621,41.87418],[-87.6162,41.87447],[-87.61619,41.87469],[-87.61618,41.8751],[-87.61618,41.87551],[-87.61618,41.87567],[-87.61619,41.87601],[-87.61621,41.87636],[-87.61622,41.87662],[-87.61623,41.87688],[-87.61628,41.87757],[-87.61631,41.87782],[-87.61632,41.87783],[-87.61634,41.87809],[-87.61635,41.8785],[-87.61635,41.8788],[-87.61637,41.87978],[-87.61646,41.88004],[-87.61637,41.88055],[-87.61572,41.88057],[-87.61574,41.88098],[-87.61701,41.88099],[-87.6172,41.88094],[-87.61749,41.88092],[-87.61825,41.88091],[-87.61972,41.88089],[-87.6214,41.88087],[-87.62255,41.88085],[-87.62297,41.88085],[-87.62434,41.88083],[-87.62435,41.88169],[-87.62439,41.88263],[-87.6244,41.88323],[-87.6245,41.88558],[-87.62452,41.88596],[-87.62453,41.88669],[-87.62454,41.88678]]]},"properties":{"level":"hs","grades":"9–12","id":"609727","name":"Wendell Phillips Academy High School","url":"https://www.cps.edu/schools/schoolprofiles/609727","x":-87.6198,"y":41.82388}},{"type":"Feature","geometry":{"type":"Polygon","coordinates":[[[-87.59426,41.82145],[-87.59443,41.82117],[-87.59531,41.82162],[-87.5994,41.82054],[-87.60088,41.82008],[-87.60443,41.82005],[-87.6049,41.81998],[-87.60524,41.8205],[-87.60681,41.82038],[-87.6169,41.82023],[-87.61683,41.81812],[-87.61681,41.81713],[-87.61679,41.81664],[-87.61677,41.81583],[-87.61673,41.81455],[-87.61667,41.81232],[-87.61666,41.8119],[-87.61665,41.81168],[-87.61664,41.8112],[-87.61663,41.81068],[-87.61662,41.81029],[-87.61661,41.81015],[-87.6166,41.80988],[-87.61659,41.80938],[-87.61654,41.80756],[-87.61641,41.80319],[-87.61611,41.8021],[-87.61613,41.8009],[-87.61594,41.793],[-87.61591,41.79215],[-87.6159,41.79169],[-87.61589,41.79117],[-87.61589,41.79094],[-87.61585,41.78935],[-87.61584,41.78889],[-87.61581,41.78765],[-87.6158,41.78752],[-87.61578,41.78671],[-87.61576,41.7857],[-87.61557,41.7857],[-87.6147,41.78572],[-87.61446,41.78573],[-87.613,41.78575],[-87.61244,41.78576],[-87.61187,41.78577],[-87.61092,41.78579],[-87.60972,41.78581],[-87.60604,41.78587],[-87.60606,41.78733],[-87.60608,41.7877],[-87.60609,41.78842],[-87.60611,41.78887],[-87.60611,41.78929],[-87.60612,41.78945],[-87.60614,41.79064],[-87.60615,41.79133],[-87.60616,41.79162],[-87.60616,41.79163],[-87.6062,41.79376],[-87.60621,41.79413],[-87.60622,41.79443],[-87.60622,41.79497],[-87.60624,41.79529],[-87.60626,41.79591],[-87.60627,41.79633],[-87.60628,41.7968],[-87.60631,41.79842],[-87.60632,41.79849],[-87.60634,41.7998],[-87.60635,41.80043],[-87.60636,41.80088],[-87.60638,41.80138],[-87.60639,41.8017],[-87.60641,41.80225],[-87.60642,41.80251],[-87.60648,41.80551],[-87.60652,41.80752],[-87.60653,41.80796],[-87.60655,41.80901],[-87.60656,41.8092],[-87.60657,41.80953],[-87.60596,41.80954],[-87.60546,41.80955],[-87.60525,41.80955],[-87.60437,41.80956],[-87.6039,41.80956],[-87.6031,41.80957],[-87.60234,41.80958],[-87.60201,41.80958],[-87.60137,41.80959],[-87.60041,41.8096],[-87.59983,41.80961],[-87.59927,41.80961],[-87.59899,41.80962],[-87.59796,41.80963],[-87.59757,41.80963],[-87.59756,41.80963],[-87.59723,41.80964],[-87.59471,41.80967],[-87.59392,41.80967],[-87.59322,41.80968],[-87.59256,41.80969],[-87.5922,41.80969],[-87.59192,41.80974],[-87.59169,41.80981],[-87.59023,41.81038],[-87.58973,41.81058],[-87.58941,41.81071],[-87.58884,41.81093],[-87.58722,41.81158],[-87.58723,41.8116],[-87.58725,41.81162],[-87.58728,41.81168],[-87.58737,41.81182],[-87.58742,41.81187],[-87.58753,41.81193],[-87.58759,41.81194],[-87.58773,41.812],[-87.58795,41.81203],[-87.58805,41.81203],[-87.58824,41.81206],[-87.5883,41.81206],[-87.5884,41.81212],[-87.58872,41.81231],[-87.58877,41.81237],[-87.58883,41.81248],[-87.58903,41.81276],[-87.58924,41.81293],[-87.5895,41.81303],[-87.58944,41.81309],[-87.58945,41.81314],[-87.5895,41.81319],[-87.5895,41.8132],[-87.58977,41.81342],[-87.58987,41.81353],[-87.59005,41.81374],[-87.59012,41.81391],[-87.59016,41.8141],[-87.59021,41.81442],[-87.59026,41.81456],[-87.5903,41.81462],[-87.59043,41.81477],[-87.59058,41.81488],[-87.59071,41.81498],[-87.59084,41.81514],[-87.591,41.81546],[-87.59134,41.81594],[-87.59154,41.81609],[-87.59159,41.81613],[-87.59177,41.81625],[-87.59195,41.81641],[-87.59206,41.81654],[-87.59211,41.81662],[-87.59215,41.81693],[-87.59217,41.81721],[-87.59218,41.8176],[-87.59229,41.81788],[-87.59239,41.81805],[-87.59245,41.81812],[-87.59287,41.81852],[-87.59306,41.81861],[-87.59342,41.81877],[-87.59355,41.81887],[-87.59364,41.81899],[-87.59391,41.81918],[-87.59414,41.81933],[-87.59433,41.81943],[-87.59462,41.8197],[-87.59477,41.81985],[-87.59487,41.81998],[-87.5949,41.82005],[-87.59491,41.8201],[-87.59488,41.82016],[-87.59414,41.82144],[-87.59413,41.82148],[-87.59414,41.8215],[-87.5942,41.82152],[-87.59423,41.82151],[-87.59427,41.82148],[-87.59426,41.82145]]]},"properties":{"level":"hs","grades":"9–12","id":"610587","name":"Walter Henri Dyett High School for the Arts","url":"https://www.cps.edu/schools/schoolprofiles/610587","x":-87.61224,"y":41.8012}},{"type":"Feature","geometry":{"type":"Polygon","coordinates":[[[-87.71443,41.82648],[-87.71443,41.82666],[-87.71443,41.82675],[-87.71444,41.82713],[-87.71454,41.82822],[-87.71454,41.82834],[-87.71454,41.82849],[-87.71455,41.82857],[-87.71456,41.82857],[-87.7152,41.82834],[-87.716,41.8281],[-87.71753,41.82761],[-87.71946,41.82698],[-87.7207,41.8266],[-87.72165,41.82627],[-87.72309,41.8259],[-87.72412,41.8256],[-87.72511,41.82525],[-87.72896,41.82401],[-87.73136,41.82318],[-87.73364,41.8225],[-87.73631,41.82163],[-87.73884,41.82091],[-87.73889,41.81988],[-87.73889,41.81972],[-87.73888,41.81959],[-87.73868,41.81923],[-87.73867,41.81908],[-87.73867,41.81893],[-87.73867,41.81888],[-87.73869,41.81866],[-87.73873,41.81825],[-87.73878,41.81786],[-87.73877,41.81758],[-87.73876,41.81701],[-87.73875,41.81673],[-87.73875,41.81644],[-87.73873,41.81571],[-87.73871,41.81477],[-87.73871,41.81455],[-87.73869,41.81385],[-87.73867,41.81275],[-87.73864,41.81146],[-87.73863,41.81113],[-87.73863,41.81079],[-87.73862,41.81031],[-87.7386,41.8096],[-87.7386,41.80949],[-87.73857,41.80826],[-87.73837,41.80768],[-87.73833,41.80645],[-87.73831,41.80568],[-87.7383,41.80539],[-87.73829,41.80491],[-87.73828,41.80476],[-87.73827,41.80434],[-87.73827,41.8041],[-87.73826,41.80398],[-87.73826,41.80383],[-87.73824,41.80308],[-87.73823,41.80278],[-87.73818,41.80039],[-87.73818,41.80017],[-87.73816,41.79949],[-87.73816,41.79945],[-87.73814,41.7986],[-87.73809,41.7969],[-87.73806,41.79598],[-87.73806,41.79589],[-87.73806,41.79576],[-87.73804,41.79525],[-87.73804,41.79495],[-87.73802,41.79434],[-87.73802,41.79428],[-87.73801,41.79417],[-87.73801,41.79413],[-87.73801,41.79409],[-87.73801,41.79402],[-87.73801,41.79392],[-87.7379,41.79378],[-87.73788,41.79375],[-87.73788,41.79363],[-87.73786,41.79317],[-87.73785,41.79307],[-87.73785,41.79303],[-87.73773,41.79051],[-87.7376,41.7876],[-87.73762,41.78578],[-87.72785,41.78589],[-87.72323,41.78593],[-87.7204,41.78598],[-87.7179,41.78602],[-87.7156,41.78605],[-87.71562,41.78632],[-87.71562,41.78653],[-87.71563,41.78667],[-87.71563,41.78691],[-87.71563,41.78696],[-87.71564,41.78713],[-87.71566,41.78773],[-87.71566,41.78777],[-87.71566,41.78787],[-87.71567,41.78808],[-87.71567,41.78821],[-87.71567,41.78837],[-87.71568,41.78868],[-87.71569,41.78878],[-87.71569,41.78901],[-87.7157,41.78937],[-87.7157,41.78945],[-87.71571,41.78969],[-87.71572,41.7898],[-87.71573,41.79023],[-87.71573,41.79037],[-87.71574,41.7905],[-87.71574,41.7906],[-87.71589,41.7906],[-87.71613,41.79059],[-87.7171,41.79058],[-87.71805,41.79056],[-87.71818,41.79056],[-87.71819,41.79088],[-87.7182,41.79101],[-87.7182,41.79108],[-87.71821,41.79134],[-87.71821,41.79157],[-87.71822,41.79191],[-87.71822,41.79192],[-87.71823,41.79226],[-87.71823,41.79231],[-87.71823,41.79232],[-87.71824,41.79233],[-87.71824,41.79236],[-87.71824,41.79241],[-87.71825,41.79275],[-87.71825,41.79288],[-87.71826,41.7932],[-87.71826,41.79328],[-87.71816,41.79328],[-87.71783,41.79328],[-87.71739,41.79329],[-87.71581,41.79331],[-87.71591,41.79699],[-87.71352,41.79702],[-87.70734,41.79712],[-87.70725,41.79419],[-87.70724,41.7936],[-87.70723,41.79346],[-87.70717,41.79346],[-87.70683,41.79347],[-87.70613,41.79348],[-87.70591,41.79348],[-87.70502,41.79349],[-87.70468,41.7935],[-87.70417,41.7935],[-87.70355,41.79351],[-87.70294,41.79353],[-87.70286,41.79353],[-87.70219,41.79354],[-87.70098,41.79356],[-87.70013,41.79358],[-87.6988,41.7936],[-87.69871,41.7936],[-87.69857,41.79361],[-87.698,41.79362],[-87.69746,41.79363],[-87.69747,41.79384],[-87.69747,41.79408],[-87.69749,41.79475],[-87.69751,41.79545],[-87.69634,41.79547],[-87.69583,41.79548],[-87.69536,41.79549],[-87.69507,41.79549],[-87.69522,41.80097],[-87.69532,41.80425],[-87.70386,41.80408],[-87.70386,41.8041],[-87.70386,41.80411],[-87.70386,41.80416],[-87.70387,41.80456],[-87.70396,41.80785],[-87.70421,41.81411],[-87.70633,41.81281],[-87.70662,41.81308],[-87.70664,41.81358],[-87.71412,41.81349],[-87.71407,41.81523],[-87.71407,41.81533],[-87.71424,41.81907],[-87.71435,41.82147],[-87.71439,41.82237],[-87.71439,41.82239],[-87.71439,41.82241],[-87.71439,41.82244],[-87.71439,41.82246],[-87.71435,41.82372],[-87.71432,41.82449],[-87.71428,41.82568],[-87.71428,41.82571],[-87.71428,41.82575],[-87.71429,41.8258],[-87.71429,41.82596],[-87.71429,41.82606],[-87.7143,41.82628],[-87.7143,41.82632],[-87.7143,41.82634],[-87.71431,41.82647],[-87.71443,41.82648]]]},"properties":{"level":"hs","grades":"9–12","id":"609756","name":"Marie Sklodowska Curie Metropolitan High School","url":"https://www.cps.edu/schools/schoolprofiles/609756","x":-87.72204,"y":41.80306}},{"type":"Feature","geometry":{"type":"Polygon","coordinates":[[[-87.63699,41.84748],[-87.6371,41.8509],[-87.63717,41.85282],[-87.63722,41.8545],[-87.6375,41.85484],[-87.63746,41.85501],[-87.63716,41.85511],[-87.63695,41.85569],[-87.63706,41.85562],[-87.63748,41.85533],[-87.63904,41.85457],[-87.63965,41.85395],[-87.64034,41.85299],[-87.64075,41.85237],[-87.64159,41.85122],[-87.64238,41.85027],[-87.64332,41.84969],[-87.64415,41.84949],[-87.64453,41.84945],[-87.64647,41.84927],[-87.6468,41.84921],[-87.64759,41.84894],[-87.64864,41.84861],[-87.64964,41.8484],[-87.651,41.84831],[-87.65144,41.84821],[-87.65189,41.84812],[-87.65312,41.84795],[-87.6563,41.84835],[-87.65655,41.84834],[-87.65673,41.8483],[-87.65759,41.84797],[-87.6589,41.84717],[-87.65933,41.84685],[-87.66077,41.84584],[-87.66213,41.8451],[-87.66345,41.8445],[-87.66361,41.84441],[-87.66389,41.8441],[-87.66392,41.844],[-87.66431,41.8428],[-87.66459,41.84232],[-87.66494,41.84152],[-87.66454,41.84066],[-87.66456,41.84001],[-87.66441,41.8393],[-87.66438,41.83925],[-87.66405,41.8387],[-87.66404,41.83869],[-87.66389,41.83846],[-87.66344,41.83781],[-87.66317,41.83698],[-87.66249,41.83614],[-87.66129,41.83486],[-87.66035,41.83437],[-87.65919,41.83312],[-87.65866,41.83256],[-87.65743,41.8312],[-87.6574,41.83108],[-87.65739,41.8306],[-87.65635,41.83061],[-87.65594,41.83062],[-87.65594,41.83053],[-87.65578,41.82481],[-87.65623,41.82368],[-87.65627,41.82342],[-87.65597,41.82343],[-87.65598,41.82332],[-87.65843,41.82324],[-87.65914,41.82322],[-87.65987,41.82321],[-87.65998,41.82321],[-87.66019,41.82321],[-87.66102,41.8232],[-87.66195,41.82319],[-87.66312,41.82318],[-87.66491,41.82316],[-87.66546,41.82315],[-87.66534,41.82204],[-87.66525,41.82026],[-87.66524,41.82002],[-87.66524,41.81998],[-87.66523,41.81968],[-87.66523,41.81945],[-87.66523,41.81929],[-87.66521,41.81862],[-87.66519,41.81803],[-87.66519,41.81762],[-87.66518,41.81715],[-87.66516,41.81658],[-87.66515,41.81587],[-87.66505,41.8118],[-87.66504,41.8113],[-87.66503,41.81071],[-87.66502,41.81018],[-87.66499,41.80936],[-87.66498,41.8091],[-87.66497,41.80843],[-87.66495,41.80774],[-87.66492,41.80689],[-87.66492,41.80662],[-87.6649,41.80592],[-87.66489,41.8057],[-87.66488,41.80515],[-87.66487,41.80496],[-87.65515,41.80509],[-87.65515,41.80482],[-87.65514,41.80458],[-87.65513,41.80418],[-87.65511,41.80327],[-87.65507,41.8019],[-87.65506,41.80155],[-87.65506,41.80145],[-87.6587,41.8014],[-87.65866,41.79958],[-87.66473,41.79949],[-87.66474,41.79987],[-87.66474,41.80006],[-87.66476,41.8006],[-87.66477,41.80103],[-87.66478,41.80132],[-87.6654,41.80131],[-87.66621,41.8013],[-87.66656,41.8013],[-87.66721,41.8013],[-87.66758,41.80129],[-87.66826,41.80129],[-87.66872,41.80128],[-87.67045,41.80127],[-87.67107,41.80126],[-87.67162,41.80126],[-87.67208,41.80125],[-87.67261,41.80125],[-87.67269,41.80125],[-87.67329,41.80124],[-87.67368,41.80124],[-87.67392,41.80124],[-87.6751,41.80123],[-87.67557,41.80122],[-87.67582,41.80122],[-87.67633,41.80121],[-87.67671,41.80121],[-87.67694,41.8012],[-87.67757,41.8012],[-87.67907,41.80118],[-87.67956,41.80117],[-87.67978,41.80117],[-87.67975,41.80025],[-87.67997,41.79896],[-87.67976,41.79832],[-87.68001,41.79797],[-87.68,41.7959],[-87.67963,41.79524],[-87.67959,41.79395],[-87.67919,41.79396],[-87.67919,41.79386],[-87.67916,41.7935],[-87.66457,41.79366],[-87.65729,41.79376],[-87.65665,41.79377],[-87.65486,41.7938],[-87.65466,41.7938],[-87.65438,41.7938],[-87.65413,41.79381],[-87.653,41.79382],[-87.6524,41.79383],[-87.64622,41.79392],[-87.64515,41.79394],[-87.64034,41.79403],[-87.64034,41.79406],[-87.64035,41.79412],[-87.64035,41.79415],[-87.64035,41.79422],[-87.64035,41.79429],[-87.64044,41.79672],[-87.64047,41.79789],[-87.64047,41.79798],[-87.64048,41.798],[-87.64046,41.79895],[-87.64046,41.79914],[-87.64046,41.79923],[-87.64047,41.79941],[-87.64047,41.79952],[-87.64043,41.80004],[-87.64045,41.80067],[-87.64047,41.80125],[-87.64047,41.80148],[-87.64047,41.80152],[-87.64048,41.80158],[-87.63599,41.80539],[-87.63592,41.80539],[-87.63581,41.80541],[-87.63581,41.80544],[-87.63582,41.80561],[-87.63583,41.80604],[-87.63584,41.80643],[-87.63585,41.80664],[-87.63587,41.80749],[-87.63588,41.80783],[-87.63589,41.80817],[-87.63591,41.80884],[-87.63591,41.80903],[-87.6359,41.80904],[-87.63587,41.80904],[-87.63585,41.80904],[-87.6358,41.80904],[-87.63554,41.80905],[-87.63475,41.80907],[-87.63438,41.80908],[-87.63394,41.80908],[-87.63258,41.8091],[-87.63185,41.80913],[-87.63122,41.80915],[-87.63087,41.80916],[-87.63083,41.80928],[-87.63067,41.80958],[-87.63046,41.80988],[-87.63039,41.81001],[-87.63019,41.81031],[-87.62994,41.81069],[-87.62978,41.81094],[-87.62963,41.81119],[-87.62957,41.8113],[-87.62937,41.81166],[-87.62934,41.81343],[-87.62935,41.81385],[-87.6294,41.81532],[-87.62944,41.81642],[-87.62944,41.81645],[-87.62986,41.81644],[-87.63046,41.81643],[-87.63119,41.81642],[-87.63472,41.81637],[-87.6351,41.81636],[-87.6359,41.81635],[-87.636,41.81635],[-87.63612,41.81647],[-87.6362,41.8191],[-87.6362,41.81927],[-87.63621,41.81959],[-87.63621,41.81969],[-87.63622,41.8199],[-87.63622,41.81998],[-87.63623,41.82016],[-87.63623,41.82021],[-87.63623,41.82041],[-87.63624,41.8205],[-87.63625,41.8208],[-87.63625,41.82095],[-87.63627,41.82162],[-87.63628,41.82199],[-87.63629,41.82236],[-87.63631,41.823],[-87.63631,41.82307],[-87.63632,41.82352],[-87.63632,41.82358],[-87.63631,41.8236],[-87.63631,41.82364],[-87.63639,41.82368],[-87.63665,41.82367],[-87.63671,41.82367],[-87.63671,41.82376],[-87.63672,41.8238],[-87.63672,41.82389],[-87.63672,41.82401],[-87.63668,41.82401],[-87.63656,41.82402],[-87.63632,41.82402],[-87.63632,41.82406],[-87.63636,41.82406],[-87.63677,41.82406],[-87.63677,41.82414],[-87.63677,41.82419],[-87.63678,41.82429],[-87.63678,41.8244],[-87.63673,41.8244],[-87.63651,41.8244],[-87.63633,41.82441],[-87.63633,41.82449],[-87.63633,41.82459],[-87.63647,41.82459],[-87.63665,41.82458],[-87.63678,41.82458],[-87.63678,41.82467],[-87.63679,41.82493],[-87.63673,41.82493],[-87.6366,41.82493],[-87.63646,41.82493],[-87.63634,41.82493],[-87.63634,41.82496],[-87.63643,41.82497],[-87.63679,41.82497],[-87.6368,41.8252],[-87.6368,41.82531],[-87.63672,41.82531],[-87.63639,41.82532],[-87.63635,41.82537],[-87.63636,41.82545],[-87.63652,41.8255],[-87.6368,41.82549],[-87.63681,41.82561],[-87.63681,41.82572],[-87.63681,41.82584],[-87.63642,41.82584],[-87.63637,41.82589],[-87.6365,41.82589],[-87.63671,41.82588],[-87.63682,41.82598],[-87.63682,41.82613],[-87.63658,41.82623],[-87.63637,41.82623],[-87.63638,41.82634],[-87.63638,41.82641],[-87.63658,41.82641],[-87.63683,41.82641],[-87.63683,41.82655],[-87.63639,41.8268],[-87.63654,41.8268],[-87.63663,41.82679],[-87.63684,41.82679],[-87.63684,41.82703],[-87.6365,41.82714],[-87.6364,41.82719],[-87.6364,41.82727],[-87.63649,41.82732],[-87.6366,41.82732],[-87.63734,41.82731],[-87.6375,41.8274],[-87.63751,41.82768],[-87.63752,41.82819],[-87.63753,41.82859],[-87.63754,41.82932],[-87.63755,41.82955],[-87.63756,41.8298],[-87.63756,41.82999],[-87.63756,41.83009],[-87.63757,41.83027],[-87.63757,41.83046],[-87.63758,41.83065],[-87.63758,41.83077],[-87.63736,41.83078],[-87.63684,41.83078],[-87.63654,41.83079],[-87.63652,41.83079],[-87.63642,41.83079],[-87.6364,41.83088],[-87.6364,41.83097],[-87.63649,41.83097],[-87.63683,41.83096],[-87.63704,41.83096],[-87.63747,41.83102],[-87.63747,41.83132],[-87.63748,41.83145],[-87.63749,41.83178],[-87.6375,41.83234],[-87.63751,41.83283],[-87.63753,41.83361],[-87.63753,41.83384],[-87.63753,41.83397],[-87.63754,41.83422],[-87.63754,41.83442],[-87.63728,41.83442],[-87.63683,41.83443],[-87.6366,41.83443],[-87.6366,41.83453],[-87.63661,41.83461],[-87.63703,41.83461],[-87.63704,41.83484],[-87.63706,41.83581],[-87.63706,41.83604],[-87.63686,41.83625],[-87.6367,41.83626],[-87.63686,41.83643],[-87.63707,41.83643],[-87.63708,41.8366],[-87.63706,41.83672],[-87.6369,41.83672],[-87.63669,41.83673],[-87.63675,41.83677],[-87.63708,41.83678],[-87.63708,41.83693],[-87.6371,41.83745],[-87.6371,41.83753],[-87.6371,41.83769],[-87.63701,41.83772],[-87.63668,41.83773],[-87.63668,41.83777],[-87.63685,41.83777],[-87.6371,41.83777],[-87.63711,41.83797],[-87.63711,41.83804],[-87.63684,41.83808],[-87.63677,41.83808],[-87.63669,41.83817],[-87.63693,41.84546],[-87.63695,41.84603],[-87.63698,41.84707],[-87.63698,41.8472],[-87.63699,41.84736],[-87.63699,41.84748]]]},"properties":{"level":"hs","grades":"9–12","id":"609735","name":"Edward Tilden Career Community Academy HS","url":"https://www.cps.edu/schools/schoolprofiles/609735","x":-87.64297,"y":41.80751}},{"type":"Feature","geometry":{"type":"Polygon","coordinates":[[[-87.67857,41.76247],[-87.67855,41.76202],[-87.67855,41.76183],[-87.67851,41.76032],[-87.6785,41.75995],[-87.67849,41.75964],[-87.67847,41.75892],[-87.67846,41.75845],[-87.67844,41.75797],[-87.67844,41.75773],[-87.67843,41.75737],[-87.6777,41.75738],[-87.67726,41.75739],[-87.67701,41.75739],[-87.67659,41.75739],[-87.67563,41.7574],[-87.67506,41.75741],[-87.67474,41.75741],[-87.67399,41.75742],[-87.67352,41.75743],[-87.67342,41.75743],[-87.67331,41.75743],[-87.67323,41.75743],[-87.67293,41.75744],[-87.67259,41.75744],[-87.67173,41.75745],[-87.67059,41.75747],[-87.67007,41.75747],[-87.66877,41.75748],[-87.66836,41.75749],[-87.66793,41.75749],[-87.66731,41.7575],[-87.66607,41.75751],[-87.66454,41.75753],[-87.66387,41.75754],[-87.66371,41.75754],[-87.66363,41.75754],[-87.6636,41.75754],[-87.66349,41.75754],[-87.66339,41.75758],[-87.66339,41.75764],[-87.663,41.75765],[-87.66281,41.75765],[-87.66239,41.75766],[-87.66213,41.75766],[-87.66206,41.75756],[-87.662,41.75757],[-87.66175,41.75757],[-87.66121,41.75758],[-87.66008,41.7576],[-87.6597,41.75761],[-87.6594,41.75761],[-87.65927,41.75761],[-87.65895,41.75762],[-87.65877,41.75762],[-87.65878,41.75767],[-87.65879,41.75826],[-87.65881,41.75885],[-87.65882,41.75932],[-87.65884,41.75992],[-87.65885,41.76036],[-87.65885,41.76052],[-87.65887,41.76124],[-87.65865,41.76135],[-87.65792,41.76136],[-87.65764,41.76136],[-87.65712,41.76137],[-87.65594,41.76139],[-87.65499,41.7614],[-87.65463,41.76141],[-87.65415,41.76142],[-87.65402,41.76142],[-87.64432,41.76156],[-87.64424,41.75853],[-87.64424,41.75838],[-87.64423,41.75789],[-87.64423,41.75774],[-87.64422,41.75761],[-87.64422,41.7574],[-87.64421,41.75706],[-87.64414,41.75427],[-87.63941,41.75434],[-87.63941,41.75432],[-87.63937,41.75347],[-87.63932,41.75253],[-87.63842,41.75254],[-87.63773,41.75437],[-87.63561,41.75441],[-87.63494,41.75442],[-87.63439,41.75443],[-87.6339,41.75444],[-87.63359,41.75444],[-87.63357,41.75444],[-87.63283,41.75446],[-87.6317,41.75447],[-87.62823,41.75453],[-87.62761,41.75454],[-87.62732,41.75455],[-87.62711,41.75455],[-87.62687,41.75456],[-87.62656,41.75456],[-87.62621,41.75457],[-87.62567,41.75458],[-87.61504,41.75477],[-87.6151,41.75726],[-87.61511,41.7577],[-87.61512,41.758],[-87.61512,41.75841],[-87.61513,41.7588],[-87.61514,41.75929],[-87.61516,41.76008],[-87.61517,41.76023],[-87.61454,41.76024],[-87.61425,41.76025],[-87.61371,41.76026],[-87.61309,41.76027],[-87.61251,41.76028],[-87.61211,41.76029],[-87.61151,41.7603],[-87.6109,41.76031],[-87.61031,41.76056],[-87.61032,41.76096],[-87.61032,41.76121],[-87.61033,41.76168],[-87.61034,41.76215],[-87.61007,41.76215],[-87.60971,41.76216],[-87.60852,41.76218],[-87.60793,41.76219],[-87.60732,41.7622],[-87.60715,41.7622],[-87.60667,41.76221],[-87.60612,41.76222],[-87.60583,41.76222],[-87.60549,41.76223],[-87.60413,41.76225],[-87.60393,41.76225],[-87.60324,41.76225],[-87.60311,41.76226],[-87.60299,41.76226],[-87.60553,41.76407],[-87.60553,41.76419],[-87.60554,41.7644],[-87.60554,41.76453],[-87.60554,41.76467],[-87.60554,41.76471],[-87.60555,41.76513],[-87.60555,41.76515],[-87.60559,41.76587],[-87.60797,41.76583],[-87.60981,41.76715],[-87.61047,41.76764],[-87.61088,41.76793],[-87.61151,41.76838],[-87.61235,41.76898],[-87.61263,41.76918],[-87.61387,41.77008],[-87.61423,41.77034],[-87.61452,41.77055],[-87.61503,41.77091],[-87.61527,41.77108],[-87.61541,41.77119],[-87.61555,41.77129],[-87.61567,41.77138],[-87.61634,41.77187],[-87.61775,41.77293],[-87.61829,41.77335],[-87.61895,41.77388],[-87.61927,41.77409],[-87.62083,41.77482],[-87.62174,41.775],[-87.6242,41.77503],[-87.62614,41.77493],[-87.62731,41.77516],[-87.62842,41.77567],[-87.62872,41.77588],[-87.62907,41.77618],[-87.62919,41.77628],[-87.6296,41.77664],[-87.62974,41.77675],[-87.62996,41.77693],[-87.63006,41.77709],[-87.63006,41.77729],[-87.63028,41.77815],[-87.63051,41.7786],[-87.6306,41.77887],[-87.63067,41.77914],[-87.63074,41.77984],[-87.63074,41.77991],[-87.63075,41.77998],[-87.63086,41.77998],[-87.6312,41.78],[-87.63124,41.78107],[-87.63125,41.78134],[-87.63125,41.78144],[-87.63128,41.78259],[-87.63134,41.78495],[-87.63134,41.78543],[-87.63131,41.78678],[-87.63128,41.78723],[-87.63074,41.78725],[-87.63047,41.78725],[-87.63032,41.78726],[-87.62963,41.78728],[-87.62876,41.78731],[-87.62847,41.78731],[-87.62847,41.78733],[-87.62847,41.78739],[-87.62848,41.78748],[-87.62848,41.78756],[-87.62848,41.7876],[-87.62848,41.78771],[-87.62849,41.78782],[-87.62849,41.78793],[-87.62849,41.78803],[-87.62849,41.78817],[-87.6285,41.78839],[-87.6285,41.78853],[-87.62851,41.78861],[-87.62851,41.78882],[-87.62852,41.78901],[-87.62852,41.78914],[-87.62853,41.78939],[-87.62853,41.78957],[-87.62854,41.78974],[-87.62854,41.78996],[-87.62854,41.78999],[-87.6286,41.79003],[-87.6286,41.7901],[-87.62861,41.79031],[-87.62861,41.79043],[-87.62862,41.79075],[-87.62857,41.79089],[-87.62857,41.79094],[-87.62857,41.79095],[-87.62859,41.79162],[-87.6286,41.79195],[-87.6286,41.79217],[-87.62867,41.79237],[-87.62868,41.79303],[-87.62869,41.79331],[-87.62868,41.79354],[-87.62864,41.79354],[-87.62865,41.79383],[-87.62865,41.79409],[-87.62866,41.79424],[-87.62912,41.79423],[-87.62975,41.79422],[-87.63052,41.7942],[-87.64034,41.79403],[-87.64515,41.79394],[-87.64622,41.79392],[-87.6524,41.79383],[-87.653,41.79382],[-87.65413,41.79381],[-87.65438,41.7938],[-87.65466,41.7938],[-87.65486,41.7938],[-87.65665,41.79377],[-87.65729,41.79376],[-87.66457,41.79366],[-87.67916,41.7935],[-87.67897,41.78657],[-87.68043,41.78646],[-87.6804,41.7854],[-87.68038,41.78476],[-87.68038,41.78468],[-87.68037,41.78412],[-87.68035,41.78349],[-87.68035,41.78324],[-87.68034,41.78272],[-87.68032,41.78203],[-87.6803,41.78137],[-87.68028,41.7806],[-87.68027,41.78005],[-87.68025,41.77934],[-87.67935,41.77935],[-87.67901,41.77924],[-87.67899,41.7787],[-87.67898,41.77835],[-87.67897,41.77799],[-87.67895,41.77736],[-87.67895,41.77716],[-87.67894,41.7768],[-87.67894,41.77663],[-87.67892,41.77613],[-87.67891,41.77567],[-87.67891,41.77564],[-87.67891,41.77563],[-87.67891,41.77551],[-87.6789,41.77523],[-87.67889,41.77493],[-87.67886,41.77397],[-87.67886,41.77368],[-87.67885,41.77353],[-87.67884,41.77299],[-87.67883,41.77281],[-87.67883,41.77251],[-87.67881,41.77205],[-87.67881,41.77201],[-87.67872,41.76838],[-87.67871,41.76821],[-87.67871,41.76798],[-87.6787,41.76773],[-87.6787,41.76756],[-87.67869,41.76733],[-87.67868,41.76711],[-87.67868,41.76687],[-87.67867,41.76674],[-87.67867,41.76654],[-87.67867,41.7664],[-87.67866,41.7662],[-87.67865,41.76584],[-87.67865,41.7657],[-87.67864,41.76546],[-87.67864,41.76526],[-87.67863,41.76489],[-87.67863,41.76477],[-87.67863,41.76476],[-87.67863,41.76475],[-87.67862,41.76459],[-87.67861,41.76421],[-87.67859,41.76321],[-87.67857,41.7628],[-87.67857,41.76247]]]},"properties":{"level":"hs","grades":"9–12","id":"610592","name":"Englewood STEM High School","url":"https://www.cps.edu/schools/schoolprofiles/610592","x":-87.63906,"y":41.77025}}],"year":"2025–26"}