{"type":"FeatureCollection", "features": [
{"type":"Feature","geometry":{"type":"Polygon","coordinates":[[[-84,39.5],[-84,44.5],[-86.2619,44.5],[-86.2637,44.4956],[-86.264,44.4638],[-86.26855,44.45],[-86.25415,44.4176],[-86.26755,44.3746],[-86.29165,44.33545],[-86.3373,44.2757],[-86.38115,44.1983],[-86.41265,44.1618],[-86.48875,44.11265],[-86.5183,44.0832],[-86.52185,44.04525],[-86.5114,44.02905],[-86.48095,43.999],[-86.46945,43.97725],[-86.45945,43.9681],[-86.4527,43.9581],[-86.4615,43.93515],[-86.4599,43.92365],[-86.45355,43.90805],[-86.4368,43.8221],[-86.44195,43.785],[-86.46725,43.75115],[-86.522,43.69905],[-86.53965,43.6667],[-86.5429,43.62755],[-86.5357,43.60575],[-86.51345,43.57015],[-86.50495,43.5395],[-86.35625,43.2581],[-86.33745,43.2434],[-86.3248,43.25425],[-86.25545,43.27045],[-86.2612,43.2569],[-86.2768,43.2434],[-86.2961,43.2331],[-86.313,43.22895],[-86.32715,43.2228],[-86.32405,43.2072],[-86.2727,43.10325],[-86.264,43.06355],[-86.25295,43.0391],[-86.23955,43.01645],[-86.22765,43.00375],[-86.2272,42.99965],[-86.2281,42.997],[-86.2309,42.99555],[-86.2335,42.99555],[-86.23485,42.99435],[-86.2344,42.98995],[-86.22235,42.9643],[-86.21995,42.76745],[-86.2092,42.76755],[-86.2083,42.7643],[-86.2081,42.7567],[-86.2084,42.7518],[-86.2071,42.74715],[-86.2074,42.7413],[-86.20705,42.7387],[-86.2072,42.7323],[-86.2067,42.72505],[-86.2068,42.7154],[-86.2066,42.70955],[-86.2071,42.7059],[-86.20715,42.70155],[-86.2079,42.69835],[-86.2085,42.69215],[-86.20945,42.68785],[-86.21135,42.6817],[-86.21365,42.67755],[-86.2136,42.67245],[-86.2161,42.66375],[-86.2179,42.65945],[-86.22335,42.65105],[-86.2278,42.642],[-86.22915,42.6358],[-86.22915,42.6315],[-86.2281,42.62425],[-86.2282,42.6196],[-86.2278,42.61275],[-86.2261,42.60345],[-86.22565,42.59655],[-86.2261,42.59095],[-86.22915,42.57955],[-86.2344,42.56845],[-86.237,42.5567],[-86.23775,42.551],[-86.2388,42.5475],[-86.24105,42.53675],[-86.24115,42.5343],[-86.2428,42.52365],[-86.24465,42.5177],[-86.24475,42.50885],[-86.2455,42.5033],[-86.24645,42.49945],[-86.2471,42.49095],[-86.2511,42.47525],[-86.25405,42.46615],[-86.25735,42.4547],[-86.25925,42.44945],[-86.26125,42.4451],[-86.26225,42.44175],[-86.26435,42.43845],[-86.26555,42.43505],[-86.26955,42.42765],[-86.27125,42.42505],[-86.2768,42.41285],[-86.2809,42.4068],[-86.2849,42.4018],[-86.28385,42.3975],[-86.2843,42.395],[-86.28765,42.38515],[-86.28975,42.3822],[-86.2931,42.3729],[-86.2933,42.3706],[-86.296,42.36285],[-86.296,42.3613],[-86.29745,42.35725],[-86.29895,42.35465],[-86.30665,42.33945],[-86.30835,42.3368],[-86.3159,42.32325],[-86.32205,42.31005],[-86.3282,42.2996],[-86.32945,42.29825],[-86.3359,42.2866],[-86.34245,42.2768],[-86.3497,42.26415],[-86.35455,42.25665],[-86.35925,42.25],[-86.3678,42.23915],[-86.37295,42.2321],[-86.3758,42.229],[-86.3787,42.2251],[-86.38315,42.2201],[-86.38815,42.21375],[-86.39465,42.2069],[-86.39585,42.2053],[-86.40195,42.1989],[-86.4053,42.19495],[-86.41015,42.1902],[-86.41855,42.1811],[-86.42205,42.17795],[-86.4268,42.17285],[-86.4354,42.1651],[-86.4397,42.161],[-86.44355,42.1566],[-86.45875,42.14135],[-86.4664,42.1345],[-86.4683,42.1324],[-86.4805,42.12165],[-86.4854,42.1182],[-86.48845,42.1167],[-86.48945,42.11515],[-86.4879,42.11375],[-86.48815,42.11065],[-86.4903,42.1051],[-86.4929,42.1006],[-86.4943,42.0993],[-86.49615,42.09445],[-86.4996,42.08885],[-86.50005,42.0865],[-86.50235,42.08305],[-86.50595,42.0767],[-86.5112,42.0689],[-86.5131,42.06485],[-86.51575,42.06145],[-86.5169,42.0591],[-86.51955,42.05575],[-86.52145,42.05255],[-86.5243,42.0493],[-86.52445,42.0483],[-86.53355,42.03535],[-86.5357,42.03165],[-86.53935,42.02665],[-86.5451,42.01735],[-86.5467,42.01535],[-86.54925,42.011],[-86.5531,42.00615],[-86.5562,42.00105],[-86.5572,41.9972],[-86.55875,41.9937],[-86.56195,41.988],[-86.56445,41.9821],[-86.56715,41.97465],[-86.5688,41.9718],[-86.56935,41.96885],[-86.57185,41.96425],[-86.57285,41.96095],[-86.57445,41.95835],[-86.5759,41.95475],[-86.57855,41.95015],[-86.5798,41.94695],[-86.5842,41.9388],[-86.5872,41.935],[-86.59165,41.9272],[-86.59425,41.92335],[-86.6011,41.9144],[-86.6035,41.9119],[-86.61455,41.899],[-86.61915,41.89475],[-86.6218,41.89185],[-86.6253,41.88875],[-86.62975,41.88545],[-86.63245,41.88275],[-86.6373,41.8791],[-86.64445,41.8732],[-86.6467,41.87195],[-86.64835,41.87],[-86.6565,41.86455],[-86.6598,41.86175],[-86.669,41.8557],[-86.67385,41.85165],[-86.67685,41.84865],[-86.6808,41.84315],[-86.68445,41.8402],[-86.68785,41.83795],[-86.69675,41.8328],[-86.69975,41.8317],[-86.70445,41.8289],[-86.7104,41.82475],[-86.7118,41.8231],[-86.71665,41.8195],[-86.72685,41.8134],[-86.74,41.80635],[-86.7493,41.8019],[-86.75325,41.79805],[-86.76325,41.7926],[-86.76845,41.78915],[-86.77275,41.7873],[-86.7777,41.78425],[-86.78105,41.78435],[-86.78635,41.7813],[-86.7931,41.7781],[-86.79345,41.7764],[-86.80285,41.7712],[-86.8082,41.76875],[-86.8188,41.76305],[-86.8332,41.7566],[-86.83685,41.7547],[-86.84765,41.75005],[-86.85245,41.7476],[-86.86495,41.74215],[-86.87145,41.7396],[-86.87945,41.73615],[-86.88765,41.733],[-86.89485,41.7307],[-86.90445,41.72825],[-86.90555,41.72725],[-86.9053,41.72525],[-86.90695,41.7242],[-86.9076,41.7216],[-86.9099,41.7242],[-86.91335,41.72255],[-86.91585,41.71745],[-86.9171,41.7163],[-86.92185,41.7148],[-86.9229,41.71355],[-86.93245,41.71025],[-86.93175,41.6173],[-86.93025,41.5464],[-86.92935,41.53605],[-86.92885,41.48495],[-86.9303,41.3397],[-86.92905,41.2491],[-86.9296,41.2368],[-86.9372,41.22995],[-86.9555,41.22445],[-86.96795,41.2192],[-86.97735,41.22115],[-86.9845,41.22745],[-87.0113,41.2405],[-87.0599,41.26905],[-87.1222,41.28585],[-87.13155,41.28565],[-87.1921,41.26485],[-87.21855,41.24165],[-87.22615,41.23505],[-87.28535,41.2148],[-87.3239,41.186],[-87.33085,41.18265],[-87.3331,41.18235],[-87.3465,41.1818],[-87.36375,41.1763],[-87.3805,41.1722],[-87.3938,41.1623],[-87.4146,41.1618],[-87.4411,41.17245],[-87.44675,41.17385],[-87.458,41.1701],[-87.48475,41.1694],[-87.52655,41.1656],[-87.5271,41.1661],[-87.52715,41.29755],[-87.80095,41.29515],[-88.0134,41.29195],[-88.0113,41.2055],[-88.0118,41.205],[-88.24415,41.20105],[-88.24465,41.20155],[-88.2503,41.3968],[-88.25285,41.46255],[-88.3653,41.46],[-88.48165,41.4574],[-88.59595,41.45665],[-88.59645,41.4571],[-88.5998,41.55555],[-88.60115,41.57025],[-88.6007,41.57525],[-88.60275,41.6314],[-88.6041,41.71955],[-88.60245,41.72005],[-88.60305,41.80685],[-88.6018,41.98145],[-88.60245,42.06645],[-88.60195,42.06695],[-88.58885,42.06695],[-88.58915,42.1532],[-88.7056,42.15305],[-88.7061,42.15355],[-88.70625,42.3963],[-88.7079,42.4936],[-88.70745,42.4941],[-88.629,42.49555],[-88.42225,42.495],[-88.1994,42.49565],[-88.08105,42.49615],[-87.898,42.4944],[-87.80505,42.4931],[-87.8023,42.4929],[-87.8032,42.4954],[-87.8056,42.4993],[-87.8056,42.50255],[-87.8065,42.50525],[-87.80795,42.5069],[-87.80835,42.5089],[-87.81055,42.5146],[-87.8117,42.51875],[-87.81165,42.52205],[-87.81235,42.5251],[-87.81345,42.5327],[-87.8128,42.5354],[-87.81335,42.5367],[-87.8137,42.5435],[-87.81225,42.5489],[-87.814,42.55605],[-87.81275,42.55845],[-87.81225,42.56615],[-87.813,42.5761],[-87.81385,42.57865],[-87.81195,42.57985],[-87.81185,42.58185],[-87.8136,42.58185],[-87.81355,42.5842],[-87.8113,42.58505],[-87.8076,42.58505],[-87.80765,42.58805],[-87.81145,42.5887],[-87.8151,42.59295],[-87.81605,42.59505],[-87.8152,42.59615],[-87.8166,42.6025],[-87.81745,42.6027],[-87.8191,42.60745],[-87.8198,42.6148],[-87.8199,42.62095],[-87.8182,42.62835],[-87.81745,42.6303],[-87.8174,42.63515],[-87.81625,42.638],[-87.81585,42.6428],[-87.8142,42.64745],[-87.81275,42.6491],[-87.8114,42.6527],[-87.81095,42.65575],[-87.8099,42.6574],[-87.8079,42.6639],[-87.80615,42.66555],[-87.8056,42.66815],[-87.80325,42.66835],[-87.80145,42.672],[-87.7804,42.7041],[-87.7701,42.7715],[-87.7713,42.78975],[-87.78305,42.81185],[-87.82455,42.85275],[-87.8344,42.8669],[-87.83825,42.8772],[-87.8412,42.95845],[-87.8493,42.9817],[-87.86565,43.00375],[-87.893,43.00935],[-87.9005,43.0226],[-87.89565,43.04025],[-87.8752,43.0759],[-87.8727,43.08385],[-87.8718,43.0962],[-87.8762,43.1021],[-87.89535,43.11415],[-87.89975,43.12385],[-87.8958,43.14655],[-87.88845,43.16215],[-87.88505,43.17805],[-87.89285,43.20245],[-87.902,43.22015],[-87.9061,43.2316],[-87.9073,43.26725],[-87.87875,43.3429],[-87.8718,43.3735],[-87.80795,43.4662],[-87.79335,43.50595],[-87.8035,43.53805],[-87.7985,43.5619],[-87.7876,43.5816],[-87.72595,43.66255],[-87.7005,43.70935],[-87.708,43.71615],[-87.70225,43.72675],[-87.70345,43.72965],[-87.708,43.73735],[-87.6993,43.74765],[-87.6962,43.75675],[-87.69695,43.76675],[-87.7005,43.77825],[-87.7227,43.8071],[-87.72475,43.8118],[-87.73215,43.8233],[-87.733,43.8489],[-87.72435,43.9254],[-87.72095,43.93545],[-87.7033,43.9572],[-87.7005,43.96635],[-87.6977,43.99135],[-87.6902,44.01225],[-87.63765,44.1003],[-87.62235,44.11735],[-87.60745,44.12645],[-87.5502,44.14825],[-87.5311,44.1618],[-87.51355,44.17915],[-87.5006,44.1989],[-87.49575,44.2204],[-87.50195,44.23625],[-87.54285,44.27805],[-87.5502,44.3128],[-87.548,44.3243],[-87.53875,44.344],[-87.53345,44.3593],[-87.51945,44.3805],[-87.51605,44.3908],[-87.51385,44.41375],[-87.4921,44.5],[-91.5,44.5],[-91.5,39.5],[-84,39.5]]]},"properties":{"kind":"outside","name":""}},
{"type":"Feature","geometry":{"type":"MultiPolygon","coordinates":[[[[-87.93515,42.0009],[-87.9401,42.0008],[-87.94,41.9981],[-87.9371,41.9986],[-87.93515,42.0009]]],[[[-87.93515,42.0009],[-87.93815,41.9958],[-87.93995,41.9935],[-87.9397,41.97865],[-87.9397,41.9643],[-87.93935,41.9643],[-87.93945,41.9568],[-87.92555,41.9546],[-87.91595,41.95225],[-87.91475,41.9529],[-87.9038,41.9506],[-87.8929,41.9508],[-87.8929,41.95805],[-87.89025,41.9581],[-87.8808,41.9572],[-87.88075,41.97285],[-87.8619,41.9733],[-87.8587,41.97145],[-87.85585,41.9726],[-87.85415,41.97115],[-87.85505,41.9687],[-87.85475,41.9669],[-87.8557,41.96285],[-87.8587,41.9576],[-87.8581,41.95545],[-87.8466,41.9557],[-87.8466,41.95165],[-87.85405,41.95145],[-87.855,41.9482],[-87.8541,41.94655],[-87.8531,41.9426],[-87.8514,41.9387],[-87.8496,41.9373],[-87.8165,41.93795],[-87.8164,41.9343],[-87.8066,41.9345],[-87.80575,41.90885],[-87.7756,41.90925],[-87.77415,41.86545],[-87.74,41.86595],[-87.7391,41.83855],[-87.7388,41.83675],[-87.7385,41.8221],[-87.74475,41.82205],[-87.74465,41.81595],[-87.7531,41.8133],[-87.75275,41.8002],[-87.79705,41.79945],[-87.80165,41.798],[-87.80155,41.7922],[-87.8008,41.7738],[-87.7811,41.7741],[-87.74715,41.77475],[-87.74215,41.7748],[-87.7419,41.7643],[-87.74095,41.73685],[-87.74105,41.7345],[-87.6825,41.73555],[-87.68185,41.71365],[-87.69175,41.71355],[-87.6915,41.7072],[-87.7012,41.7071],[-87.7013,41.7062],[-87.7111,41.70605],[-87.7113,41.7115],[-87.7126,41.7133],[-87.72115,41.71315],[-87.7203,41.69125],[-87.72515,41.69105],[-87.73975,41.6908],[-87.73925,41.68375],[-87.7249,41.684],[-87.7115,41.6841],[-87.71135,41.68055],[-87.7053,41.68055],[-87.7054,41.6842],[-87.70055,41.68425],[-87.7006,41.68615],[-87.69945,41.68795],[-87.69575,41.6881],[-87.69565,41.68435],[-87.6857,41.6845],[-87.68555,41.6796],[-87.6862,41.6772],[-87.6785,41.67725],[-87.66135,41.67755],[-87.66115,41.67035],[-87.64165,41.67055],[-87.6414,41.66325],[-87.6472,41.66315],[-87.647,41.65775],[-87.6404,41.6578],[-87.6363,41.6574],[-87.63125,41.6578],[-87.62625,41.66165],[-87.622,41.66215],[-87.6195,41.6608],[-87.6197,41.65905],[-87.6177,41.6591],[-87.61905,41.6536],[-87.6203,41.6509],[-87.61725,41.6503],[-87.6172,41.6446],[-87.59785,41.6446],[-87.5979,41.64805],[-87.5921,41.6489],[-87.59045,41.6483],[-87.58685,41.6447],[-87.5498,41.64455],[-87.52515,41.64455],[-87.52465,41.6882],[-87.52455,41.7084],[-87.5284,41.7108],[-87.52645,41.7123],[-87.5285,41.71475],[-87.52765,41.7166],[-87.52445,41.7174],[-87.52555,41.72035],[-87.52445,41.7219],[-87.5247,41.7311],[-87.52895,41.73205],[-87.52995,41.7406],[-87.53985,41.7405],[-87.53985,41.741],[-87.5307,41.7411],[-87.52985,41.74145],[-87.5309,41.74795],[-87.5404,41.75185],[-87.5432,41.752],[-87.5444,41.75415],[-87.54395,41.75525],[-87.5406,41.7573],[-87.5437,41.7601],[-87.5466,41.7589],[-87.5487,41.75875],[-87.55225,41.76],[-87.55765,41.76285],[-87.5606,41.76565],[-87.5594,41.7668],[-87.56055,41.7684],[-87.56235,41.769],[-87.56365,41.7721],[-87.56565,41.7729],[-87.5688,41.7764],[-87.5718,41.7786],[-87.572,41.7758],[-87.5748,41.77575],[-87.5753,41.77785],[-87.57315,41.78025],[-87.5731,41.7821],[-87.5761,41.78365],[-87.5773,41.7868],[-87.57655,41.7887],[-87.57965,41.79205],[-87.5783,41.79475],[-87.57545,41.79545],[-87.57525,41.79655],[-87.5786,41.7972],[-87.5809,41.80045],[-87.5801,41.8039],[-87.58525,41.8073],[-87.58705,41.8114],[-87.5903,41.8138],[-87.5928,41.81835],[-87.59445,41.81915],[-87.5985,41.82445],[-87.59905,41.82635],[-87.60175,41.82875],[-87.6028,41.83235],[-87.60505,41.83375],[-87.60465,41.8349],[-87.6061,41.8369],[-87.6062,41.8387],[-87.60815,41.84145],[-87.6091,41.8448],[-87.6085,41.8458],[-87.60955,41.8487],[-87.60925,41.85095],[-87.6111,41.8548],[-87.61285,41.85635],[-87.61215,41.86035],[-87.61345,41.86285],[-87.61265,41.86585],[-87.6105,41.86585],[-87.60965,41.8635],[-87.61065,41.8602],[-87.60935,41.85685],[-87.6099,41.854],[-87.6066,41.8534],[-87.6071,41.85995],[-87.607,41.8624],[-87.60775,41.86675],[-87.6124,41.8667],[-87.61295,41.8684],[-87.61625,41.8689],[-87.6162,41.8753],[-87.6165,41.88055],[-87.616,41.88235],[-87.61275,41.8837],[-87.61265,41.89015],[-87.6095,41.88925],[-87.60955,41.891],[-87.6009,41.89115],[-87.59855,41.8922],[-87.6098,41.89205],[-87.6098,41.89315],[-87.60235,41.8933],[-87.60235,41.89635],[-87.6102,41.8962],[-87.61205,41.89335],[-87.61365,41.8931],[-87.61905,41.90085],[-87.6226,41.90185],[-87.62405,41.90405],[-87.62525,41.9096],[-87.62465,41.9114],[-87.62265,41.9128],[-87.62325,41.9138],[-87.6279,41.9176],[-87.6299,41.9235],[-87.6296,41.92635],[-87.6311,41.9292],[-87.6306,41.93365],[-87.6321,41.93585],[-87.634,41.94035],[-87.6371,41.93985],[-87.6385,41.9425],[-87.64045,41.94485],[-87.64025,41.9467],[-87.6374,41.9458],[-87.6362,41.94325],[-87.63455,41.9438],[-87.63775,41.9473],[-87.6411,41.95485],[-87.6422,41.96095],[-87.6412,41.96235],[-87.63685,41.9629],[-87.6342,41.9614],[-87.63105,41.96285],[-87.632,41.96505],[-87.6405,41.9669],[-87.643,41.9685],[-87.64505,41.9708],[-87.6463,41.9736],[-87.6465,41.97715],[-87.6505,41.97945],[-87.6507,41.9829],[-87.6501,41.98495],[-87.6543,41.9884],[-87.65425,41.99255],[-87.6548,41.9932],[-87.65475,41.99815],[-87.6558,41.9994],[-87.6573,42.0042],[-87.65645,42.0074],[-87.6608,42.01175],[-87.6621,42.0146],[-87.66405,42.0213],[-87.66515,42.02295],[-87.67705,42.02305],[-87.67625,42.02195],[-87.6731,42.0194],[-87.69,42.01955],[-87.709,42.01915],[-87.7095,42.0045],[-87.70945,41.9974],[-87.72905,41.99725],[-87.7529,41.9973],[-87.76225,42.0017],[-87.76185,42.00355],[-87.76165,42.00825],[-87.76745,42.0083],[-87.76755,42.0047],[-87.76545,42.00375],[-87.7658,42.00335],[-87.7692,42.0049],[-87.77035,42.0062],[-87.77335,42.01195],[-87.77705,42.012],[-87.77695,42.0154],[-87.7791,42.01545],[-87.77925,42.012],[-87.7888,42.012],[-87.782,42.0045],[-87.79065,42.0004],[-87.79115,42.001],[-87.7971,42.00095],[-87.79945,42.00005],[-87.8011,42.00155],[-87.80535,42.0015],[-87.80675,42.00085],[-87.80655,42.01895],[-87.8212,42.01865],[-87.82125,42.01555],[-87.82005,42.01555],[-87.8201,42.01195],[-87.82125,42.01135],[-87.8214,41.9969],[-87.82215,41.9931],[-87.82335,41.98435],[-87.83505,41.98605],[-87.85075,41.98855],[-87.85575,41.98895],[-87.85665,41.9843],[-87.8558,41.98215],[-87.85625,41.98045],[-87.8617,41.97535],[-87.862,41.97385],[-87.8686,41.97405],[-87.8759,41.9739],[-87.8759,41.9766],[-87.87375,41.97665],[-87.87585,41.98295],[-87.88035,41.99525],[-87.88455,41.9951],[-87.88455,41.9982],[-87.8894,41.9994],[-87.89745,42.00055],[-87.89745,42.00155],[-87.89435,42.00205],[-87.8904,42.0023],[-87.89325,42.00395],[-87.8943,42.0057],[-87.90575,42.009],[-87.9077,42.0089],[-87.90765,42.00525],[-87.9206,42.00495],[-87.92545,42.0077],[-87.92925,42.005],[-87.9335,42.0054],[-87.9336,42.00815],[-87.9353,42.00815],[-87.93515,42.0009]],[[-87.6921,41.69175],[-87.69575,41.6917],[-87.696,41.69895],[-87.69125,41.699],[-87.691,41.6923],[-87.6921,41.69175]],[[-87.83795,41.9731],[-87.84155,41.9738],[-87.84155,41.9747],[-87.83665,41.97475],[-87.83665,41.9753],[-87.83365,41.97535],[-87.8334,41.9739],[-87.83175,41.97305],[-87.82675,41.97315],[-87.82675,41.97405],[-87.8194,41.9742],[-87.819,41.9706],[-87.81695,41.97065],[-87.8169,41.9743],[-87.80705,41.97455],[-87.80715,41.96825],[-87.8025,41.96875],[-87.788,41.9689],[-87.78675,41.96845],[-87.7868,41.9602],[-87.7942,41.96005],[-87.8073,41.9537],[-87.80755,41.95275],[-87.8318,41.95215],[-87.8318,41.95565],[-87.8327,41.95945],[-87.8367,41.95935],[-87.8367,41.9666],[-87.84655,41.9664],[-87.8465,41.9719],[-87.8416,41.972],[-87.8416,41.97015],[-87.83795,41.97135],[-87.83795,41.9731]],[[-87.8241,41.9785],[-87.82445,41.97605],[-87.8336,41.9759],[-87.8336,41.9769],[-87.83005,41.97735],[-87.82865,41.97845],[-87.82885,41.9806],[-87.8351,41.9805],[-87.83505,41.98265],[-87.83305,41.9838],[-87.8281,41.98385],[-87.82815,41.9819],[-87.82525,41.98195],[-87.82355,41.98305],[-87.8241,41.9785]]]]},"properties":{"kind":"city","name":"City of Chicago"}},
{"type":"Feature","geometry":{"type":"Polygon","coordinates":[[[-88.056,41.32945],[-88.0558,41.3248],[-88.0552,41.32115],[-88.05125,41.3212],[-88.0504,41.3222],[-88.0504,41.3307],[-88.05145,41.3296],[-88.056,41.32945]]]},"properties":{"kind":"neighbour","name":"Symerton","region":"Will County","lp":[-88.05313,41.32661]}},
{"type":"Feature","geometry":{"type":"Polygon","coordinates":[[[-87.97945,42.2288],[-87.97945,42.2335],[-87.9843,42.23345],[-87.9843,42.2262],[-87.9794,42.22625],[-87.9795,42.2226],[-87.96975,42.22265],[-87.97065,42.2263],[-87.9746,42.22625],[-87.97945,42.2288]]]},"properties":{"kind":"neighbour","name":"Indian Creek","region":"Lake County","lp":[-87.98193,42.22976]}},
{"type":"Feature","geometry":{"type":"Polygon","coordinates":[[[-88.52685,41.8343],[-88.52805,41.8296],[-88.5146,41.82965],[-88.51655,41.8311],[-88.5155,41.8315],[-88.51775,41.83305],[-88.51775,41.8364],[-88.51425,41.8372],[-88.51445,41.8383],[-88.519,41.8389],[-88.51885,41.8373],[-88.5211,41.83745],[-88.52395,41.8355],[-88.52685,41.8343]]]},"properties":{"kind":"neighbour","name":"Kaneville","region":"Kane County","lp":[-88.5216,41.83295]}},
{"type":"Feature","geometry":{"type":"Polygon","coordinates":[[[-87.8857,41.9075],[-87.88555,41.9069],[-87.885,41.9068],[-87.885,41.9033],[-87.8862,41.9033],[-87.88625,41.9002],[-87.8876,41.9002],[-87.88745,41.8984],[-87.88505,41.8974],[-87.87995,41.8971],[-87.8799,41.9],[-87.87875,41.9],[-87.8788,41.90345],[-87.87395,41.90355],[-87.87395,41.90475],[-87.87045,41.9078],[-87.8857,41.9075]]]},"properties":{"kind":"neighbour","name":"Stone Park","region":"Cook County","lp":[-87.88305,41.90051]}},
{"type":"Feature","geometry":{"type":"Polygon","coordinates":[[[-88.29695,42.37135],[-88.30375,42.3714],[-88.30375,42.36865],[-88.3013,42.36865],[-88.3013,42.3669],[-88.30625,42.36685],[-88.30625,42.3641],[-88.3038,42.36535],[-88.29935,42.36535],[-88.29705,42.36405],[-88.294,42.3656],[-88.2919,42.3657],[-88.2919,42.36415],[-88.28665,42.3642],[-88.28535,42.36655],[-88.2964,42.3711],[-88.2964,42.37435],[-88.2989,42.37525],[-88.3007,42.37365],[-88.29695,42.37135]]]},"properties":{"kind":"neighbour","name":"McCullom Lake","region":"McHenry County","lp":[-88.29653,42.36778]}},
{"type":"Feature","geometry":{"type":"Polygon","coordinates":[[[-88.2501,42.20055],[-88.25175,42.20085],[-88.2526,42.2039],[-88.25715,42.20335],[-88.2585,42.2042],[-88.26205,42.1999],[-88.2606,42.1978],[-88.25895,42.1971],[-88.25595,42.19265],[-88.2541,42.19305],[-88.25375,42.1919],[-88.24785,42.19135],[-88.2476,42.20125],[-88.2501,42.20055]]]},"properties":{"kind":"neighbour","name":"Trout Valley","region":"McHenry County","lp":[-88.2519,42.19664]}},
{"type":"Feature","geometry":{"type":"Polygon","coordinates":[[[-87.69535,41.67705],[-87.6956,41.68405],[-87.69595,41.6843],[-87.69605,41.68775],[-87.69915,41.68765],[-87.70055,41.68395],[-87.7051,41.6839],[-87.7053,41.68025],[-87.7101,41.68025],[-87.7099,41.67685],[-87.69535,41.67705]]]},"properties":{"kind":"neighbour","name":"Merrionette Park","region":"Cook County","lp":[-87.69939,41.68056]}},
{"type":"Feature","geometry":{"type":"Polygon","coordinates":[[[-87.72165,41.7278],[-87.72145,41.73455],[-87.7411,41.7342],[-87.7411,41.72915],[-87.73865,41.7292],[-87.7386,41.7274],[-87.72165,41.7278]]]},"properties":{"kind":"neighbour","name":"Hometown","region":"Cook County","lp":[-87.73136,41.73097]}},
{"type":"Feature","geometry":{"type":"Polygon","coordinates":[[[-87.7912,42.06255],[-87.7911,42.0607],[-87.7895,42.05895],[-87.79745,42.0589],[-87.79555,42.05525],[-87.77575,42.0553],[-87.77575,42.06225],[-87.7912,42.06255]]]},"properties":{"kind":"neighbour","name":"Golf","region":"Cook County","lp":[-87.78585,42.05881]}},
{"type":"Feature","geometry":{"type":"Polygon","coordinates":[[[-87.6316,41.6154],[-87.63165,41.6193],[-87.63665,41.61905],[-87.6365,41.6075],[-87.6358,41.6076],[-87.63075,41.6042],[-87.6318,41.6062],[-87.62435,41.6066],[-87.62415,41.6154],[-87.6316,41.6154]]]},"properties":{"kind":"neighbour","name":"Phoenix","region":"Cook County","lp":[-87.63133,41.61081]}},
{"type":"Feature","geometry":{"type":"Polygon","coordinates":[[[-87.7108,42.09545],[-87.7131,42.09345],[-87.7175,42.0935],[-87.7175,42.0917],[-87.726,42.0918],[-87.7226,42.0827],[-87.7176,42.0826],[-87.7176,42.0849],[-87.7127,42.08485],[-87.71265,42.08615],[-87.7028,42.08595],[-87.70275,42.08965],[-87.70705,42.09305],[-87.7108,42.09545]]]},"properties":{"kind":"neighbour","name":"Kenilworth","region":"Cook County","lp":[-87.71048,42.09019]}},
{"type":"Feature","geometry":{"type":"Polygon","coordinates":[[[-88.102,42.3937],[-88.102,42.39135],[-88.10685,42.39135],[-88.1101,42.3898],[-88.1101,42.3874],[-88.1111,42.385],[-88.1093,42.38495],[-88.1093,42.38285],[-88.11285,42.3826],[-88.11145,42.3809],[-88.11115,42.37915],[-88.10445,42.37915],[-88.09705,42.37905],[-88.0971,42.39365],[-88.102,42.3937]]]},"properties":{"kind":"neighbour","name":"Round Lake Heights","region":"Lake County","lp":[-88.10364,42.38573]}},
{"type":"Feature","geometry":{"type":"MultiPolygon","coordinates":[[[[-88.0031,42.37515],[-88.0043,42.37445],[-88.00925,42.37445],[-88.0111,42.37505],[-88.01105,42.37675],[-88.01835,42.37675],[-88.0202,42.3751],[-88.0202,42.37285],[-88.0182,42.37145],[-88.01415,42.37145],[-88.0143,42.3636],[-88.00815,42.36355],[-88.0082,42.36055],[-88.0044,42.36045],[-88.003,42.358],[-88.00035,42.35785],[-88.00085,42.3606],[-87.9979,42.3664],[-88.00155,42.3664],[-88.00135,42.36835],[-88.0035,42.37155],[-88.0031,42.37515]]],[[[-88.0387,42.38395],[-88.03285,42.385],[-88.03175,42.3859],[-88.0317,42.3897],[-88.0386,42.3897],[-88.0387,42.38395]]]]},"properties":{"kind":"neighbour","name":"Third Lake","region":"Lake County","lp":[-88.00923,42.36919]}},
{"type":"Feature","geometry":{"type":"MultiPolygon","coordinates":[[[[-87.2823,41.551],[-87.27835,41.5488],[-87.2783,41.551],[-87.2794,41.551],[-87.2823,41.551]]],[[[-87.2604,41.56535],[-87.2649,41.56495],[-87.2689,41.5628],[-87.27005,41.5654],[-87.27865,41.5655],[-87.2783,41.55105],[-87.26735,41.55085],[-87.26745,41.55445],[-87.2698,41.55445],[-87.26985,41.5575],[-87.26165,41.5604],[-87.2603,41.56085],[-87.2604,41.56535]]]]},"properties":{"kind":"neighbour","name":"New Chicago","region":"Lake County, Indiana","lp":[-87.27385,41.55997]}},
{"type":"Feature","geometry":{"type":"Polygon","coordinates":[[[-87.63595,41.58235],[-87.63685,41.5823],[-87.63695,41.581],[-87.63765,41.58],[-87.6397,41.57915],[-87.66555,41.579],[-87.6655,41.5718],[-87.64125,41.57185],[-87.64125,41.5737],[-87.6358,41.5736],[-87.63595,41.5759],[-87.63485,41.57715],[-87.63355,41.5781],[-87.6306,41.57875],[-87.63085,41.57925],[-87.63355,41.57925],[-87.63555,41.58035],[-87.63595,41.58095],[-87.63595,41.58235]]]},"properties":{"kind":"neighbour","name":"East Hazel Crest","region":"Cook County","lp":[-87.66062,41.5754]}},
{"type":"Feature","geometry":{"type":"Polygon","coordinates":[[[-87.20285,41.627],[-87.20275,41.6172],[-87.19315,41.61715],[-87.19315,41.61415],[-87.18825,41.615],[-87.18835,41.62295],[-87.18355,41.62295],[-87.18345,41.6304],[-87.18805,41.62945],[-87.20285,41.627]]]},"properties":{"kind":"neighbour","name":"Ogden Dunes","region":"Porter County, Indiana","lp":[-87.19398,41.62282]}},
{"type":"Feature","geometry":{"type":"Polygon","coordinates":[[[-87.8097,42.21575],[-87.81525,42.2147],[-87.8169,42.2174],[-87.81925,42.2165],[-87.82025,42.21775],[-87.82145,42.21775],[-87.81625,42.2106],[-87.81785,42.21065],[-87.81795,42.19615],[-87.80835,42.1961],[-87.80795,42.19915],[-87.8083,42.2035],[-87.80435,42.20345],[-87.8074,42.2095],[-87.80675,42.20975],[-87.80935,42.21155],[-87.81035,42.21415],[-87.80865,42.21545],[-87.8097,42.21575]]]},"properties":{"kind":"neighbour","name":"Highwood","region":"Lake County","lp":[-87.81264,42.20634]}},
{"type":"Feature","geometry":{"type":"Polygon","coordinates":[[[-88.5503,42.2356],[-88.55295,42.23635],[-88.55295,42.23335],[-88.5504,42.23315],[-88.5504,42.21865],[-88.54295,42.2186],[-88.543,42.2313],[-88.54055,42.23125],[-88.5405,42.2329],[-88.53555,42.2316],[-88.53555,42.2407],[-88.5503,42.2407],[-88.5503,42.2356]]]},"properties":{"kind":"neighbour","name":"Union","region":"McHenry County","lp":[-88.54504,42.23578]}},
{"type":"Feature","geometry":{"type":"Polygon","coordinates":[[[-87.81845,41.967],[-87.81945,41.96695],[-87.81945,41.9636],[-87.81945,41.96335],[-87.81715,41.9634],[-87.817,41.96705],[-87.8157,41.96705],[-87.81575,41.96345],[-87.8141,41.96245],[-87.8072,41.96285],[-87.8072,41.96465],[-87.80255,41.96465],[-87.80255,41.95905],[-87.8013,41.9569],[-87.7942,41.96035],[-87.7871,41.9605],[-87.78705,41.9681],[-87.7883,41.9686],[-87.80225,41.9685],[-87.80255,41.968],[-87.80745,41.96825],[-87.80735,41.97425],[-87.8166,41.974],[-87.81665,41.97065],[-87.8184,41.9703],[-87.81845,41.967]],[[-87.795,41.9613],[-87.79735,41.96245],[-87.79755,41.96815],[-87.78935,41.96825],[-87.78805,41.96735],[-87.78815,41.96285],[-87.79195,41.9613],[-87.795,41.9613]]]},"properties":{"kind":"neighbour","name":"Harwood Heights","region":"Cook County","lp":[-87.812,41.96948]}},
{"type":"Feature","geometry":{"type":"Polygon","coordinates":[[[-87.90065,41.7781],[-87.9009,41.77865],[-87.9038,41.77645],[-87.907,41.77495],[-87.90545,41.77145],[-87.90615,41.77065],[-87.90295,41.76625],[-87.90045,41.76385],[-87.9016,41.7645],[-87.9041,41.76655],[-87.90385,41.76305],[-87.90645,41.7611],[-87.9033,41.76045],[-87.8973,41.76045],[-87.89655,41.758],[-87.9014,41.7579],[-87.90135,41.757],[-87.8965,41.7571],[-87.8927,41.75635],[-87.89265,41.7589],[-87.8902,41.75895],[-87.89155,41.75965],[-87.8913,41.7615],[-87.89675,41.764],[-87.89525,41.76455],[-87.895,41.767],[-87.8873,41.77],[-87.88735,41.77195],[-87.8892,41.772],[-87.8891,41.77555],[-87.89235,41.7755],[-87.8925,41.77895],[-87.8961,41.77885],[-87.90065,41.7781]]]},"properties":{"kind":"neighbour","name":"Indian Head Park","region":"Cook County","lp":[-87.89896,41.77193]}},
{"type":"Feature","geometry":{"type":"Polygon","coordinates":[[[-88.1592,42.24135],[-88.1593,42.23655],[-88.16175,42.23685],[-88.16175,42.2346],[-88.16425,42.2346],[-88.1644,42.22365],[-88.15945,42.22365],[-88.1595,42.2209],[-88.15,42.22675],[-88.1448,42.2293],[-88.143,42.2267],[-88.1367,42.22655],[-88.13575,42.22845],[-88.13975,42.23085],[-88.14345,42.2319],[-88.1443,42.23275],[-88.14495,42.234],[-88.14775,42.23415],[-88.14975,42.2413],[-88.1592,42.24135]]]},"properties":{"kind":"neighbour","name":"Tower Lakes","region":"Lake County","lp":[-88.15421,42.23214]}},
{"type":"Feature","geometry":{"type":"Polygon","coordinates":[[[-87.45445,41.19095],[-87.45305,41.18865],[-87.4672,41.18865],[-87.4672,41.1884],[-87.454,41.18825],[-87.4516,41.18425],[-87.448,41.1809],[-87.44275,41.18105],[-87.44275,41.1881],[-87.4386,41.18805],[-87.43875,41.2026],[-87.4495,41.2027],[-87.44935,41.1909],[-87.45445,41.19095]]]},"properties":{"kind":"neighbour","name":"Schneider","region":"Lake County, Indiana","lp":[-87.44406,41.19676]}},
{"type":"Feature","geometry":{"type":"MultiPolygon","coordinates":[[[[-88.2206,42.30325],[-88.22065,42.30635],[-88.23275,42.30635],[-88.2373,42.29545],[-88.23365,42.29335],[-88.22865,42.2856],[-88.22315,42.2873],[-88.2232,42.29345],[-88.2185,42.2935],[-88.2185,42.2939],[-88.2175,42.29405],[-88.22,42.29685],[-88.2212,42.29625],[-88.22185,42.2969],[-88.22065,42.29755],[-88.22345,42.30045],[-88.22465,42.30325],[-88.2206,42.30325]]],[[[-88.23325,42.30685],[-88.2384,42.30685],[-88.23835,42.29965],[-88.2406,42.2983],[-88.238,42.29555],[-88.23325,42.30685]]]]},"properties":{"kind":"neighbour","name":"Holiday Hills","region":"McHenry County","lp":[-88.22933,42.29793]}},
{"type":"Feature","geometry":{"type":"Polygon","coordinates":[[[-88.5862,41.54775],[-88.5837,41.54435],[-88.5901,41.5443],[-88.58985,41.52965],[-88.58515,41.5297],[-88.58485,41.5266],[-88.58,41.5266],[-88.5801,41.5297],[-88.57345,41.52985],[-88.5704,41.5288],[-88.57075,41.5446],[-88.57875,41.5444],[-88.58275,41.5451],[-88.58475,41.5482],[-88.5862,41.54775]]]},"properties":{"kind":"neighbour","name":"Newark","region":"Kendall County","lp":[-88.58229,41.53689]}},
{"type":"Feature","geometry":{"type":"Polygon","coordinates":[[[-87.66635,41.6758],[-87.66625,41.67215],[-87.66275,41.67225],[-87.66305,41.6703],[-87.66935,41.67005],[-87.6708,41.66615],[-87.6706,41.66275],[-87.66575,41.66285],[-87.6656,41.65925],[-87.66315,41.6594],[-87.66075,41.6586],[-87.6606,41.65545],[-87.6512,41.65685],[-87.6473,41.6577],[-87.6475,41.66315],[-87.6512,41.6631],[-87.6513,41.66675],[-87.6453,41.66685],[-87.6434,41.6681],[-87.64195,41.67025],[-87.65775,41.67],[-87.66145,41.67035],[-87.6617,41.67725],[-87.66655,41.67715],[-87.66705,41.67585],[-87.66635,41.6758]]]},"properties":{"kind":"neighbour","name":"Calumet Park","region":"Cook County","lp":[-87.65745,41.66385]}},
{"type":"Feature","geometry":{"type":"MultiPolygon","coordinates":[[[[-88.24555,42.25465],[-88.24555,42.2525],[-88.25325,42.25245],[-88.25335,42.2417],[-88.25055,42.24125],[-88.2489,42.24335],[-88.2476,42.2416],[-88.24365,42.2411],[-88.2419,42.24165],[-88.23585,42.2417],[-88.23585,42.24325],[-88.2327,42.24295],[-88.23275,42.2417],[-88.2259,42.2417],[-88.2227,42.24215],[-88.2227,42.2447],[-88.2261,42.2447],[-88.2276,42.2464],[-88.2271,42.2521],[-88.22805,42.25275],[-88.2326,42.25325],[-88.2379,42.25255],[-88.23775,42.2562],[-88.2448,42.25615],[-88.24555,42.25465]]],[[[-88.25735,42.25245],[-88.2551,42.25245],[-88.2556,42.25605],[-88.2574,42.256],[-88.25735,42.25245]]]]},"properties":{"kind":"neighbour","name":"Oakwood Hills","region":"McHenry County","lp":[-88.24172,42.24772]}},
{"type":"Feature","geometry":{"type":"Polygon","coordinates":[[[-87.75385,41.81495],[-87.75945,41.81485],[-87.78215,41.80765],[-87.78235,41.8108],[-87.8021,41.8103],[-87.80175,41.79855],[-87.7909,41.80185],[-87.7908,41.7999],[-87.78205,41.79995],[-87.7818,41.80265],[-87.78465,41.80125],[-87.78945,41.8003],[-87.7895,41.8023],[-87.7628,41.8106],[-87.7651,41.809],[-87.7706,41.80715],[-87.7698,41.806],[-87.7677,41.80725],[-87.7674,41.8042],[-87.76475,41.80365],[-87.7643,41.80035],[-87.76255,41.80035],[-87.7627,41.80655],[-87.7532,41.80705],[-87.7534,41.8133],[-87.75295,41.8147],[-87.75385,41.81495]]]},"properties":{"kind":"neighbour","name":"Forest View","region":"Cook County","lp":[-87.79654,41.8054]}},
{"type":"Feature","geometry":{"type":"Polygon","coordinates":[[[-88.20815,42.2561],[-88.20825,42.25105],[-88.20965,42.2497],[-88.20805,42.24875],[-88.20805,42.2416],[-88.20855,42.23895],[-88.2066,42.2381],[-88.20375,42.2381],[-88.20175,42.2371],[-88.19985,42.23685],[-88.1988,42.237],[-88.19825,42.24155],[-88.19825,42.24555],[-88.19645,42.24575],[-88.19645,42.2418],[-88.1936,42.2415],[-88.1938,42.2373],[-88.1902,42.2373],[-88.18665,42.2388],[-88.18485,42.23695],[-88.18215,42.2358],[-88.18195,42.23395],[-88.17975,42.2329],[-88.1768,42.23295],[-88.1767,42.231],[-88.1794,42.231],[-88.17755,42.22885],[-88.1776,42.2273],[-88.1741,42.22735],[-88.1741,42.238],[-88.17935,42.238],[-88.18395,42.23875],[-88.18385,42.24145],[-88.189,42.24225],[-88.1911,42.2432],[-88.1924,42.24495],[-88.18865,42.2441],[-88.18815,42.2451],[-88.18605,42.24505],[-88.1861,42.2487],[-88.18575,42.2512],[-88.1887,42.25275],[-88.1914,42.2524],[-88.1913,42.24875],[-88.18855,42.24825],[-88.18855,42.2452],[-88.19345,42.24525],[-88.196,42.2488],[-88.1934,42.24875],[-88.19345,42.2561],[-88.1983,42.25615],[-88.19875,42.25245],[-88.2023,42.25245],[-88.2031,42.2536],[-88.2032,42.25245],[-88.2032,42.25605],[-88.20815,42.2561]]]},"properties":{"kind":"neighbour","name":"Port Barrington","region":"Lake County","lp":[-88.20293,42.24747]}},
{"type":"Feature","geometry":{"type":"MultiPolygon","coordinates":[[[[-87.8572,41.58665],[-87.8573,41.59],[-87.8596,41.58995],[-87.86185,41.5909],[-87.8606,41.58995],[-87.86025,41.5866],[-87.8572,41.58665]]],[[[-87.8333,41.60375],[-87.83575,41.6037],[-87.8357,41.60165],[-87.84665,41.6015],[-87.84785,41.59895],[-87.84735,41.5868],[-87.85235,41.58675],[-87.8523,41.5855],[-87.84735,41.5856],[-87.8471,41.57955],[-87.83245,41.57985],[-87.8327,41.5878],[-87.836,41.58775],[-87.83615,41.5891],[-87.83275,41.58915],[-87.83265,41.59065],[-87.83765,41.59065],[-87.83785,41.59425],[-87.83295,41.59435],[-87.8331,41.6017],[-87.83365,41.60295],[-87.8333,41.60375]]]]},"properties":{"kind":"neighbour","name":"Orland Hills","region":"Cook County","lp":[-87.84137,41.58552]}},
{"type":"Feature","geometry":{"type":"Polygon","coordinates":[[[-87.88825,42.36335],[-87.88825,42.3596],[-87.8868,42.3596],[-87.8862,42.35605],[-87.89065,42.35615],[-87.8906,42.3596],[-87.89795,42.35965],[-87.89795,42.35825],[-87.89535,42.3562],[-87.90725,42.3564],[-87.9061,42.3472],[-87.90515,42.3473],[-87.9052,42.34775],[-87.90285,42.348],[-87.89645,42.348],[-87.89565,42.34705],[-87.89105,42.345],[-87.88825,42.3416],[-87.88675,42.34155],[-87.88745,42.3451],[-87.885,42.3452],[-87.885,42.34345],[-87.88035,42.3434],[-87.88035,42.34515],[-87.87785,42.34515],[-87.87785,42.349],[-87.88255,42.34865],[-87.8825,42.35235],[-87.8802,42.35235],[-87.88015,42.35955],[-87.88445,42.3596],[-87.885,42.36045],[-87.88495,42.36325],[-87.88825,42.36335]]]},"properties":{"kind":"neighbour","name":"Park City","region":"Lake County","lp":[-87.89312,42.35256]}},
{"type":"Feature","geometry":{"type":"Polygon","coordinates":[[[-87.6892,41.6407],[-87.68885,41.63095],[-87.6985,41.63085],[-87.6982,41.62225],[-87.6933,41.62235],[-87.6932,41.62055],[-87.6845,41.6207],[-87.68515,41.61915],[-87.6802,41.61925],[-87.6803,41.62285],[-87.67465,41.62265],[-87.67535,41.62505],[-87.6753,41.6277],[-87.67595,41.6272],[-87.6795,41.64085],[-87.6892,41.6407]]]},"properties":{"kind":"neighbour","name":"Posen","region":"Cook County","lp":[-87.68293,41.62861]}},
{"type":"Feature","geometry":{"type":"Polygon","coordinates":[[[-87.66325,41.64055],[-87.66505,41.64115],[-87.6795,41.64085],[-87.67595,41.6272],[-87.6753,41.6277],[-87.67535,41.62505],[-87.67465,41.62265],[-87.6657,41.62265],[-87.6657,41.6263],[-87.656,41.62625],[-87.65635,41.6299],[-87.65605,41.6335],[-87.65665,41.6424],[-87.6576,41.6411],[-87.66325,41.64055]]]},"properties":{"kind":"neighbour","name":"Dixmoor","region":"Cook County","lp":[-87.66932,41.63318]}},
{"type":"Feature","geometry":{"type":"Polygon","coordinates":[[[-87.03975,41.3197],[-87.04075,41.31835],[-87.04075,41.31605],[-87.03555,41.31605],[-87.0356,41.31105],[-87.0383,41.31105],[-87.0384,41.30935],[-87.03235,41.30925],[-87.0324,41.30745],[-87.03045,41.30745],[-87.03055,41.30925],[-87.0161,41.3091],[-87.01625,41.32545],[-87.03545,41.3255],[-87.03545,41.31835],[-87.038,41.31835],[-87.03975,41.3197]]]},"properties":{"kind":"neighbour","name":"Kouts","region":"Porter County, Indiana","lp":[-87.02449,41.31734]}},
{"type":"Feature","geometry":{"type":"Polygon","coordinates":[[[-87.9779,41.86045],[-87.9778,41.85815],[-87.97435,41.85825],[-87.9743,41.85695],[-87.97605,41.8569],[-87.97595,41.855],[-87.97765,41.85495],[-87.97735,41.8491],[-87.9807,41.8476],[-87.9808,41.8498],[-87.98315,41.84925],[-87.98635,41.8499],[-87.9864,41.8524],[-87.98495,41.85325],[-87.9851,41.855],[-87.98695,41.855],[-87.98745,41.85195],[-87.9899,41.85325],[-87.9925,41.85325],[-87.9919,41.84575],[-87.98935,41.84565],[-87.9872,41.84625],[-87.9871,41.84465],[-87.98225,41.84675],[-87.9822,41.846],[-87.97325,41.84635],[-87.97255,41.8471],[-87.9727,41.8511],[-87.9713,41.8517],[-87.9714,41.8556],[-87.97225,41.85935],[-87.96805,41.85965],[-87.968,41.85305],[-87.9712,41.8517],[-87.97095,41.84615],[-87.95745,41.8466],[-87.9575,41.8531],[-87.95975,41.8537],[-87.9599,41.8554],[-87.95795,41.85615],[-87.9533,41.8563],[-87.9533,41.85755],[-87.94975,41.85765],[-87.9486,41.85895],[-87.9486,41.86105],[-87.95835,41.86115],[-87.96105,41.86825],[-87.96365,41.86815],[-87.96335,41.8625],[-87.96485,41.8609],[-87.9779,41.86045]]]},"properties":{"kind":"neighbour","name":"Oakbrook Terrace","region":"DuPage County","lp":[-87.96376,41.85105]}},
{"type":"Feature","geometry":{"type":"Polygon","coordinates":[[[-87.71875,41.65015],[-87.72835,41.65105],[-87.72835,41.64735],[-87.7237,41.6474],[-87.7232,41.64075],[-87.7184,41.6418],[-87.7186,41.6475],[-87.71375,41.6476],[-87.71365,41.64575],[-87.71625,41.64565],[-87.7158,41.63845],[-87.71465,41.63755],[-87.7156,41.63595],[-87.71315,41.6343],[-87.7096,41.63335],[-87.7072,41.6332],[-87.7093,41.6329],[-87.70755,41.6327],[-87.7043,41.63275],[-87.7036,41.6333],[-87.6986,41.63325],[-87.69875,41.63715],[-87.6941,41.64065],[-87.6943,41.6479],[-87.6919,41.64795],[-87.69195,41.6508],[-87.6991,41.6507],[-87.7041,41.65005],[-87.71875,41.65015]]]},"properties":{"kind":"neighbour","name":"Robbins","region":"Cook County","lp":[-87.70572,41.64175]}},
{"type":"Feature","geometry":{"type":"Polygon","coordinates":[[[-88.14285,41.5077],[-88.14005,41.50605],[-88.1398,41.5011],[-88.1415,41.50075],[-88.14135,41.498],[-88.13965,41.49705],[-88.1396,41.4952],[-88.12965,41.49775],[-88.1081,41.5038],[-88.10035,41.5071],[-88.10025,41.5088],[-88.101,41.5097],[-88.1044,41.5096],[-88.1053,41.5087],[-88.112,41.5087],[-88.1147,41.51055],[-88.1147,41.51145],[-88.13145,41.5107],[-88.1355,41.51045],[-88.1396,41.50965],[-88.1402,41.50935],[-88.1401,41.5078],[-88.14285,41.5077]]]},"properties":{"kind":"neighbour","name":"Rockdale","region":"Will County","lp":[-88.13244,41.50396]}},
{"type":"Feature","geometry":{"type":"Polygon","coordinates":[[[-87.90335,41.89985],[-87.92055,41.8997],[-87.92065,41.8863],[-87.92045,41.8731],[-87.913,41.87495],[-87.913,41.8821],[-87.91075,41.88235],[-87.91065,41.8854],[-87.90325,41.8854],[-87.90325,41.88485],[-87.8974,41.8849],[-87.8968,41.88535],[-87.8956,41.8864],[-87.89575,41.8891],[-87.89855,41.88915],[-87.89845,41.8925],[-87.9031,41.8934],[-87.90335,41.89985]]]},"properties":{"kind":"neighbour","name":"Berkeley","region":"Cook County","lp":[-87.91298,41.89242]}},
{"type":"Feature","geometry":{"type":"Polygon","coordinates":[[[-87.63055,41.48425],[-87.6348,41.48425],[-87.63505,41.4916],[-87.65505,41.4915],[-87.65475,41.48605],[-87.65475,41.47695],[-87.62075,41.4771],[-87.61605,41.4771],[-87.61605,41.4807],[-87.6112,41.48075],[-87.61125,41.48235],[-87.60635,41.48235],[-87.60635,41.48445],[-87.6089,41.48445],[-87.6113,41.48385],[-87.61165,41.4845],[-87.62665,41.48455],[-87.6256,41.48195],[-87.6305,41.4815],[-87.63055,41.48425]]]},"properties":{"kind":"neighbour","name":"South Chicago Heights","region":"Cook County","lp":[-87.64222,41.48431]}},
{"type":"Feature","geometry":{"type":"Polygon","coordinates":[[[-88.1895,42.1979],[-88.2013,42.19775],[-88.2012,42.1994],[-88.20235,42.2],[-88.2042,42.2023],[-88.204,42.204],[-88.20755,42.20485],[-88.2143,42.20505],[-88.21885,42.20355],[-88.22175,42.2034],[-88.2242,42.20195],[-88.2255,42.1993],[-88.22665,42.19795],[-88.2328,42.19625],[-88.23445,42.19415],[-88.23815,42.1937],[-88.2382,42.1905],[-88.229,42.19055],[-88.2287,42.1877],[-88.22555,42.1868],[-88.22035,42.18435],[-88.2204,42.18675],[-88.2142,42.18685],[-88.21405,42.19375],[-88.2134,42.1942],[-88.20915,42.19225],[-88.20915,42.19275],[-88.1995,42.18805],[-88.1995,42.19045],[-88.2003,42.19045],[-88.20025,42.19135],[-88.20085,42.19135],[-88.20085,42.19045],[-88.20325,42.1905],[-88.2038,42.19205],[-88.2026,42.1934],[-88.19945,42.1934],[-88.1995,42.1919],[-88.19695,42.1919],[-88.1969,42.19],[-88.19455,42.18975],[-88.19445,42.1942],[-88.18955,42.1942],[-88.1895,42.1979]]]},"properties":{"kind":"neighbour","name":"Fox River Grove","region":"McHenry County","lp":[-88.22118,42.19366]}},
{"type":"Feature","geometry":{"type":"Polygon","coordinates":[[[-87.8427,41.8497],[-87.8549,41.8494],[-87.855,41.84655],[-87.8499,41.84495],[-87.84485,41.84495],[-87.8422,41.8424],[-87.83265,41.8426],[-87.83215,41.8353],[-87.82255,41.8355],[-87.82285,41.84285],[-87.8035,41.8431],[-87.80395,41.85775],[-87.80835,41.85765],[-87.8081,41.8503],[-87.82945,41.8499],[-87.84105,41.8533],[-87.84105,41.8507],[-87.8427,41.8497]]]},"properties":{"kind":"neighbour","name":"North Riverside","region":"Cook County","lp":[-87.82784,41.84459]}},
{"type":"Feature","geometry":{"type":"Polygon","coordinates":[[[-87.46225,41.67855],[-87.463,41.6782],[-87.46775,41.6731],[-87.4745,41.67445],[-87.4763,41.67555],[-87.4756,41.67695],[-87.47905,41.6799],[-87.48025,41.6787],[-87.4824,41.6793],[-87.48545,41.6812],[-87.4841,41.6827],[-87.49215,41.68505],[-87.5003,41.6892],[-87.5002,41.67565],[-87.4953,41.6757],[-87.4936,41.6741],[-87.49055,41.67435],[-87.4905,41.6649],[-87.49045,41.65765],[-87.48095,41.6575],[-87.48105,41.6648],[-87.47645,41.66475],[-87.47645,41.6684],[-87.46215,41.6683],[-87.46225,41.67855]]]},"properties":{"kind":"neighbour","name":"Whiting","region":"Lake County, Indiana","lp":[-87.48323,41.6718]}},
{"type":"Feature","geometry":{"type":"Polygon","coordinates":[[[-87.81845,41.967],[-87.8184,41.9703],[-87.8193,41.9706],[-87.81975,41.9739],[-87.82645,41.97375],[-87.82675,41.97285],[-87.8317,41.97275],[-87.8334,41.9736],[-87.83395,41.97505],[-87.83635,41.975],[-87.83765,41.97375],[-87.83765,41.97165],[-87.83665,41.96995],[-87.84165,41.96985],[-87.8419,41.97165],[-87.84625,41.9716],[-87.84625,41.9667],[-87.8367,41.9669],[-87.8364,41.9666],[-87.8364,41.95965],[-87.8327,41.95975],[-87.83235,41.9594],[-87.82225,41.9595],[-87.82225,41.95285],[-87.8076,41.95305],[-87.8074,41.95395],[-87.8013,41.9569],[-87.80255,41.95905],[-87.80255,41.96465],[-87.8072,41.96465],[-87.8072,41.96285],[-87.8141,41.96245],[-87.81575,41.96345],[-87.8157,41.96705],[-87.817,41.96705],[-87.81715,41.9634],[-87.81945,41.96335],[-87.81945,41.96685],[-87.81845,41.967]]]},"properties":{"kind":"neighbour","name":"Norridge","region":"Cook County","lp":[-87.82642,41.96616]}},
{"type":"Feature","geometry":{"type":"MultiPolygon","coordinates":[[[[-87.859,41.99115],[-87.86025,41.99205],[-87.86175,41.9958],[-87.87335,41.99535],[-87.88425,41.99815],[-87.88425,41.9954],[-87.88005,41.99535],[-87.8766,41.986],[-87.87555,41.9857],[-87.87555,41.983],[-87.87345,41.97675],[-87.8737,41.97635],[-87.8756,41.9763],[-87.8756,41.9742],[-87.8686,41.97435],[-87.8623,41.97415],[-87.8615,41.97615],[-87.8565,41.98065],[-87.8561,41.9821],[-87.85695,41.98425],[-87.85665,41.98985],[-87.859,41.99115]]],[[[-87.88585,42.0096],[-87.8927,42.0094],[-87.8925,42.006],[-87.8933,42.00425],[-87.8899,42.0035],[-87.8904,42.002],[-87.896,42.0017],[-87.896,42.00065],[-87.88935,41.9997],[-87.88455,41.9985],[-87.8846,42.0051],[-87.88585,42.0096]]]]},"properties":{"kind":"neighbour","name":"Rosemont","region":"Cook County","lp":[-87.8662,41.98477]}},
{"type":"Feature","geometry":{"type":"Polygon","coordinates":[[[-87.9662,41.81025],[-87.9659,41.80295],[-87.97075,41.80285],[-87.9705,41.79565],[-87.9656,41.79565],[-87.9652,41.78385],[-87.9626,41.78325],[-87.9591,41.78315],[-87.95915,41.7844],[-87.96155,41.78485],[-87.9615,41.7884],[-87.9569,41.78845],[-87.95415,41.7868],[-87.9508,41.7869],[-87.9507,41.7847],[-87.94885,41.7835],[-87.9488,41.7822],[-87.9495,41.78215],[-87.94945,41.78155],[-87.94665,41.7816],[-87.9469,41.7928],[-87.94645,41.80155],[-87.94685,41.81075],[-87.9662,41.81025]]]},"properties":{"kind":"neighbour","name":"Clarendon Hills","region":"DuPage County","lp":[-87.95641,41.80013]}},
{"type":"Feature","geometry":{"type":"Polygon","coordinates":[[[-87.8481,41.8642],[-87.8484,41.87145],[-87.85335,41.87135],[-87.8532,41.86785],[-87.863,41.8676],[-87.86315,41.8712],[-87.8681,41.87105],[-87.86705,41.84905],[-87.86555,41.8491],[-87.86435,41.8463],[-87.86205,41.8457],[-87.85595,41.8458],[-87.8559,41.84935],[-87.8427,41.8497],[-87.8432,41.8643],[-87.8481,41.8642]]]},"properties":{"kind":"neighbour","name":"Broadview","region":"Cook County","lp":[-87.85815,41.8584]}},
{"type":"Feature","geometry":{"type":"Polygon","coordinates":[[[-87.82545,41.90855],[-87.80605,41.9089],[-87.80605,41.9093],[-87.80605,41.9096],[-87.8061,41.91055],[-87.8062,41.91235],[-87.80655,41.92465],[-87.8069,41.9342],[-87.8164,41.934],[-87.8168,41.93765],[-87.82625,41.93745],[-87.82545,41.90855]]]},"properties":{"kind":"neighbour","name":"Elmwood Park","region":"Cook County","lp":[-87.81619,41.92308]}},
{"type":"Feature","geometry":{"type":"Polygon","coordinates":[[[-88.2662,41.2859],[-88.26955,41.285],[-88.2694,41.2819],[-88.2682,41.28015],[-88.26615,41.28015],[-88.26605,41.27725],[-88.2583,41.27735],[-88.2583,41.27405],[-88.2552,41.2741],[-88.24655,41.2741],[-88.2466,41.27685],[-88.24315,41.2743],[-88.24185,41.2741],[-88.23845,41.28015],[-88.2341,41.28605],[-88.23375,41.2902],[-88.23085,41.29085],[-88.22675,41.29405],[-88.22835,41.2946],[-88.2294,41.2954],[-88.23635,41.2937],[-88.2364,41.29005],[-88.2425,41.29195],[-88.2471,41.29195],[-88.2472,41.29585],[-88.25655,41.29565],[-88.2565,41.2927],[-88.2622,41.2924],[-88.2663,41.2926],[-88.2662,41.2889],[-88.26935,41.2888],[-88.2662,41.2859]],[[-88.2515,41.2805],[-88.2533,41.28055],[-88.25885,41.28425],[-88.25915,41.28605],[-88.25205,41.2861],[-88.25155,41.28075],[-88.24675,41.28085],[-88.24665,41.2778],[-88.24895,41.2777],[-88.2515,41.27935],[-88.2515,41.2805]]]},"properties":{"kind":"neighbour","name":"Diamond","region":"Will County","lp":[-88.24153,41.28552]}},
{"type":"Feature","geometry":{"type":"Polygon","coordinates":[[[-87.74355,41.82235],[-87.7436,41.8293],[-87.7535,41.82915],[-87.7534,41.8219],[-87.8026,41.82115],[-87.8021,41.8103],[-87.78235,41.8108],[-87.7825,41.81435],[-87.75385,41.81495],[-87.75295,41.8147],[-87.74955,41.81475],[-87.74495,41.8162],[-87.74505,41.82205],[-87.74355,41.82235]]]},"properties":{"kind":"neighbour","name":"Stickney","region":"Cook County","lp":[-87.79407,41.8159]}},
{"type":"Feature","geometry":{"type":"MultiPolygon","coordinates":[[[[-88.5599,41.60745],[-88.56105,41.6076],[-88.56175,41.6051],[-88.5632,41.6027],[-88.56015,41.60245],[-88.5611,41.60005],[-88.5573,41.5994],[-88.55505,41.6011],[-88.55485,41.59935],[-88.55925,41.59595],[-88.5574,41.5946],[-88.5561,41.59565],[-88.555,41.5898],[-88.55405,41.58875],[-88.54195,41.59105],[-88.54195,41.5924],[-88.5377,41.5921],[-88.5379,41.59455],[-88.53625,41.5946],[-88.53625,41.5951],[-88.53795,41.59505],[-88.53895,41.5959],[-88.54255,41.59615],[-88.5431,41.59755],[-88.5456,41.5972],[-88.5467,41.5981],[-88.54765,41.5971],[-88.55605,41.59565],[-88.55395,41.59655],[-88.5519,41.5983],[-88.5503,41.5986],[-88.54845,41.59785],[-88.54745,41.59865],[-88.5503,41.6001],[-88.54855,41.60155],[-88.54835,41.60295],[-88.5424,41.6054],[-88.54245,41.6101],[-88.538,41.61015],[-88.5379,41.60725],[-88.5249,41.6126],[-88.5251,41.61745],[-88.5361,41.6174],[-88.5364,41.623],[-88.5431,41.62295],[-88.5447,41.62085],[-88.54975,41.6208],[-88.55135,41.62145],[-88.55405,41.61865],[-88.54875,41.61605],[-88.54945,41.6151],[-88.55085,41.6158],[-88.5507,41.61445],[-88.5496,41.6145],[-88.5495,41.61305],[-88.55415,41.61275],[-88.55385,41.6066],[-88.55785,41.6048],[-88.55965,41.60595],[-88.5599,41.60745]],[[-88.54355,41.6146],[-88.5437,41.6126],[-88.54935,41.6129],[-88.54925,41.61515],[-88.54715,41.61785],[-88.54535,41.6188],[-88.5415,41.6168],[-88.54355,41.6146]]],[[[-88.56145,41.6152],[-88.5633,41.615],[-88.56425,41.6124],[-88.56225,41.61265],[-88.56145,41.6152]]]]},"properties":{"kind":"neighbour","name":"Millbrook","region":"Kendall County","lp":[-88.53471,41.61315]}},
{"type":"Feature","geometry":{"type":"Polygon","coordinates":[[[-87.52505,41.6302],[-87.52515,41.64425],[-87.5498,41.64425],[-87.56405,41.64435],[-87.56375,41.63795],[-87.564,41.63005],[-87.54805,41.62995],[-87.54445,41.63025],[-87.54435,41.63355],[-87.54245,41.63365],[-87.53925,41.6315],[-87.53375,41.63075],[-87.53255,41.63015],[-87.52505,41.6302]]]},"properties":{"kind":"neighbour","name":"Burnham","region":"Cook County","lp":[-87.55071,41.63707]}},
{"type":"Feature","geometry":{"type":"Polygon","coordinates":[[[-88.0729,42.3498],[-88.0778,42.3498],[-88.07785,42.34325],[-88.07995,42.34275],[-88.08005,42.32805],[-88.05845,42.32785],[-88.0584,42.3347],[-88.06335,42.3347],[-88.0633,42.33885],[-88.0607,42.3388],[-88.06055,42.3401],[-88.0603,42.34245],[-88.05835,42.34245],[-88.0583,42.357],[-88.07095,42.357],[-88.07095,42.35555],[-88.0729,42.3553],[-88.0729,42.3498]]]},"properties":{"kind":"neighbour","name":"Hainesville","region":"Lake County","lp":[-88.07168,42.33672]}},
{"type":"Feature","geometry":{"type":"Polygon","coordinates":[[[-87.5823,41.5178],[-87.5875,41.51775],[-87.58755,41.5209],[-87.5996,41.5208],[-87.5996,41.51715],[-87.59705,41.5172],[-87.59685,41.499],[-87.58695,41.49895],[-87.58685,41.50025],[-87.58725,41.50195],[-87.58515,41.50205],[-87.5829,41.5043],[-87.58225,41.50625],[-87.5784,41.5044],[-87.57655,41.50415],[-87.5738,41.5062],[-87.5628,41.50645],[-87.5621,41.5073],[-87.5582,41.5073],[-87.5583,41.5138],[-87.55335,41.51385],[-87.5534,41.51485],[-87.5583,41.51485],[-87.5583,41.51585],[-87.5631,41.5158],[-87.5632,41.51385],[-87.5707,41.51355],[-87.57075,41.5209],[-87.57285,41.52085],[-87.5729,41.5241],[-87.5778,41.524],[-87.57775,41.51735],[-87.58,41.5197],[-87.5799,41.51355],[-87.5822,41.51355],[-87.5823,41.5178]]]},"properties":{"kind":"neighbour","name":"Ford Heights","region":"Cook County","lp":[-87.5894,41.50928]}},
{"type":"Feature","geometry":{"type":"Polygon","coordinates":[[[-87.21235,41.33335],[-87.21225,41.3282],[-87.21525,41.32975],[-87.21625,41.32865],[-87.21615,41.326],[-87.2176,41.32605],[-87.2175,41.32235],[-87.21495,41.32235],[-87.2149,41.3187],[-87.21115,41.3187],[-87.20985,41.315],[-87.20475,41.31515],[-87.2048,41.30955],[-87.1998,41.3088],[-87.1979,41.3095],[-87.19825,41.31265],[-87.1922,41.3124],[-87.1911,41.31515],[-87.1882,41.316],[-87.1873,41.3161],[-87.1811,41.31605],[-87.18115,41.31715],[-87.1902,41.3177],[-87.1893,41.3219],[-87.1906,41.32195],[-87.19065,41.32945],[-87.1923,41.3294],[-87.1924,41.32825],[-87.194,41.3283],[-87.1955,41.32945],[-87.2003,41.3296],[-87.2004,41.3339],[-87.1977,41.3338],[-87.1956,41.33315],[-87.1956,41.3368],[-87.19075,41.33665],[-87.19075,41.34025],[-87.1942,41.3404],[-87.1942,41.3397],[-87.1961,41.3398],[-87.19605,41.3405],[-87.20045,41.34055],[-87.20045,41.3394],[-87.21025,41.33925],[-87.21035,41.33335],[-87.21235,41.33335]]]},"properties":{"kind":"neighbour","name":"Hebron","region":"Porter County, Indiana","lp":[-87.19908,41.32128]}},
{"type":"Feature","geometry":{"type":"Polygon","coordinates":[[[-87.81915,41.32915],[-87.8194,41.3281],[-87.8239,41.328],[-87.82375,41.3208],[-87.80925,41.321],[-87.80935,41.32425],[-87.80445,41.3224],[-87.80315,41.3247],[-87.7914,41.32485],[-87.7926,41.32395],[-87.79015,41.32195],[-87.78975,41.32485],[-87.78515,41.3249],[-87.7853,41.33205],[-87.76595,41.33225],[-87.76605,41.338],[-87.7682,41.338],[-87.7682,41.3396],[-87.78735,41.33945],[-87.7932,41.34005],[-87.7932,41.3394],[-87.80465,41.33925],[-87.80455,41.33195],[-87.8086,41.3319],[-87.8104,41.32825],[-87.8161,41.3282],[-87.81605,41.32755],[-87.81915,41.32915]],[[-87.77545,41.3323],[-87.7778,41.3323],[-87.77785,41.33585],[-87.77545,41.3359],[-87.77545,41.3323]]]},"properties":{"kind":"neighbour","name":"Peotone","region":"Will County","lp":[-87.79312,41.33209]}},
{"type":"Feature","geometry":{"type":"Polygon","coordinates":[[[-87.8577,42.18915],[-87.85205,42.1891],[-87.8519,42.1964],[-87.8582,42.19645],[-87.85825,42.19995],[-87.8614,42.19995],[-87.86175,42.20065],[-87.8618,42.2037],[-87.8898,42.20375],[-87.8893,42.20275],[-87.8867,42.2007],[-87.8864,42.19755],[-87.8813,42.19105],[-87.88135,42.19005],[-87.87855,42.18635],[-87.87615,42.182],[-87.8551,42.18185],[-87.8543,42.18185],[-87.8577,42.18915]]]},"properties":{"kind":"neighbour","name":"Bannockburn","region":"Lake County","lp":[-87.86994,42.19282]}},
{"type":"Feature","geometry":{"type":"Polygon","coordinates":[[[-87.8035,41.8431],[-87.82285,41.84285],[-87.82255,41.8355],[-87.83215,41.8353],[-87.8322,41.8314],[-87.8317,41.8206],[-87.83025,41.8207],[-87.832,41.81835],[-87.8306,41.81735],[-87.8286,41.81665],[-87.82645,41.81685],[-87.82545,41.81925],[-87.82275,41.8204],[-87.82025,41.82235],[-87.8187,41.8258],[-87.8157,41.82505],[-87.81565,41.82285],[-87.8125,41.82105],[-87.81035,41.821],[-87.8027,41.8237],[-87.8035,41.8431]]]},"properties":{"kind":"neighbour","name":"Riverside","region":"Cook County","lp":[-87.81248,41.83367]}},
{"type":"Feature","geometry":{"type":"Polygon","coordinates":[[[-88.4438,42.472],[-88.4498,42.472],[-88.44995,42.46495],[-88.4451,42.4649],[-88.44525,42.45765],[-88.4428,42.45765],[-88.4428,42.45045],[-88.42075,42.4505],[-88.4207,42.45775],[-88.43115,42.45775],[-88.4312,42.4563],[-88.4329,42.4563],[-88.4329,42.4577],[-88.43785,42.4577],[-88.4378,42.4649],[-88.4304,42.46495],[-88.4304,42.46285],[-88.42505,42.4629],[-88.425,42.465],[-88.42305,42.46505],[-88.423,42.46865],[-88.42045,42.46865],[-88.42105,42.4704],[-88.421,42.47225],[-88.41915,42.47225],[-88.4191,42.47405],[-88.42295,42.4758],[-88.4327,42.4758],[-88.43255,42.4801],[-88.42775,42.48],[-88.42765,42.4828],[-88.4325,42.4829],[-88.43255,42.4804],[-88.43715,42.4804],[-88.44005,42.47825],[-88.44245,42.4797],[-88.44255,42.47405],[-88.4438,42.472]]]},"properties":{"kind":"neighbour","name":"Hebron","region":"McHenry County","lp":[-88.43593,42.47085]}},
{"type":"Feature","geometry":{"type":"Polygon","coordinates":[[[-88.3154,42.10265],[-88.31565,42.0959],[-88.33515,42.09625],[-88.33535,42.0856],[-88.3354,42.0841],[-88.32385,42.0842],[-88.3165,42.08525],[-88.30815,42.0872],[-88.307,42.0837],[-88.30185,42.0856],[-88.3017,42.0812],[-88.3065,42.0804],[-88.3065,42.0785],[-88.2968,42.08135],[-88.2968,42.0892],[-88.2919,42.0892],[-88.2915,42.09085],[-88.2934,42.0923],[-88.2969,42.0935],[-88.29675,42.09915],[-88.30645,42.1008],[-88.31235,42.1013],[-88.3154,42.10265]]]},"properties":{"kind":"neighbour","name":"Sleepy Hollow","region":"Kane County","lp":[-88.30429,42.09318]}},
{"type":"Feature","geometry":{"type":"Polygon","coordinates":[[[-87.07465,41.6545],[-87.07715,41.6545],[-87.0771,41.65855],[-87.09905,41.65175],[-87.1125,41.648],[-87.12045,41.64665],[-87.12035,41.6405],[-87.11085,41.6405],[-87.1108,41.6441],[-87.106,41.6441],[-87.10605,41.63755],[-87.1054,41.63575],[-87.10585,41.63075],[-87.08135,41.6382],[-87.0813,41.6511],[-87.07475,41.6511],[-87.07465,41.6545]]]},"properties":{"kind":"neighbour","name":"Dune Acres","region":"Porter County, Indiana","lp":[-87.09449,41.64375]}},
{"type":"Feature","geometry":{"type":"MultiPolygon","coordinates":[[[[-88.4846,41.47605],[-88.4834,41.4761],[-88.4833,41.4724],[-88.49175,41.47245],[-88.49175,41.4716],[-88.4808,41.47165],[-88.48105,41.4791],[-88.478,41.478],[-88.47795,41.4797],[-88.4687,41.47985],[-88.46875,41.4811],[-88.45815,41.4812],[-88.4581,41.47995],[-88.46255,41.4799],[-88.46235,41.4729],[-88.45275,41.47315],[-88.45255,41.4659],[-88.4381,41.4663],[-88.43825,41.47355],[-88.447,41.47335],[-88.44805,41.47555],[-88.44455,41.47565],[-88.4447,41.48055],[-88.44975,41.4801],[-88.45005,41.4951],[-88.45865,41.4948],[-88.45815,41.48205],[-88.47165,41.48195],[-88.4778,41.483],[-88.4824,41.4847],[-88.4826,41.4906],[-88.4874,41.4906],[-88.4873,41.48695],[-88.48555,41.48695],[-88.4858,41.48045],[-88.48465,41.47915],[-88.4846,41.47605]]],[[[-88.4327,41.4812],[-88.4334,41.4829],[-88.4336,41.4919],[-88.4436,41.49165],[-88.44335,41.4818],[-88.44295,41.4806],[-88.43365,41.48085],[-88.4327,41.4812]]]]},"properties":{"kind":"neighbour","name":"Lisbon","region":"Kendall County","lp":[-88.45392,41.47787]}},
{"type":"Feature","geometry":{"type":"Polygon","coordinates":[[[-87.82975,41.7951],[-87.82965,41.7916],[-87.8325,41.7916],[-87.83405,41.7895],[-87.8316,41.7875],[-87.82975,41.78885],[-87.82945,41.78645],[-87.83105,41.78515],[-87.83065,41.7838],[-87.8272,41.78375],[-87.82585,41.78295],[-87.82955,41.77875],[-87.82815,41.778],[-87.8245,41.78215],[-87.8203,41.77955],[-87.8203,41.77685],[-87.8164,41.77695],[-87.81205,41.7744],[-87.8057,41.77445],[-87.80435,41.7724],[-87.80115,41.7762],[-87.80185,41.7922],[-87.8019,41.79675],[-87.8021,41.79795],[-87.80175,41.79845],[-87.80175,41.8008],[-87.8054,41.7993],[-87.82655,41.79865],[-87.82975,41.7951]]]},"properties":{"kind":"neighbour","name":"Summit","region":"Cook County","lp":[-87.81284,41.78774]}},
{"type":"Feature","geometry":{"type":"Polygon","coordinates":[[[-88.08265,42.35705],[-88.08745,42.35715],[-88.08755,42.341],[-88.08405,42.3418],[-88.08405,42.3353],[-88.08275,42.33525],[-88.0825,42.3206],[-88.0805,42.32065],[-88.0805,42.31695],[-88.0824,42.3156],[-88.0823,42.3134],[-88.07745,42.3134],[-88.07745,42.3129],[-88.0823,42.3129],[-88.0823,42.30735],[-88.0771,42.304],[-88.07635,42.303],[-88.0722,42.3059],[-88.0688,42.30625],[-88.0688,42.30995],[-88.058,42.30995],[-88.058,42.31285],[-88.07255,42.31285],[-88.07255,42.3134],[-88.058,42.31335],[-88.058,42.31515],[-88.0534,42.31515],[-88.05305,42.31585],[-88.05595,42.31585],[-88.056,42.3181],[-88.0534,42.3181],[-88.0543,42.3206],[-88.0584,42.3206],[-88.05835,42.3188],[-88.06295,42.3188],[-88.06295,42.3206],[-88.07695,42.32065],[-88.07705,42.3227],[-88.07985,42.3227],[-88.07995,42.34275],[-88.07785,42.34325],[-88.0778,42.3498],[-88.0729,42.3498],[-88.0729,42.35595],[-88.07095,42.35555],[-88.0714,42.357],[-88.068,42.35785],[-88.06795,42.36475],[-88.0728,42.3647],[-88.07285,42.3613],[-88.0769,42.35925],[-88.07935,42.35895],[-88.08265,42.3599],[-88.08265,42.35705]]]},"properties":{"kind":"neighbour","name":"Round Lake Park","region":"Lake County","lp":[-88.0825,42.35162]}},
{"type":"Feature","geometry":{"type":"Polygon","coordinates":[[[-88.37595,41.5478],[-88.37585,41.54045],[-88.40485,41.53975],[-88.40485,41.5325],[-88.4041,41.53255],[-88.40405,41.52515],[-88.3659,41.5261],[-88.3663,41.54805],[-88.37595,41.5478]]]},"properties":{"kind":"neighbour","name":"Plattville","region":"Kendall County","lp":[-88.37374,41.53333]}},
{"type":"Feature","geometry":{"type":"Polygon","coordinates":[[[-87.8518,41.83485],[-87.85215,41.84215],[-87.8637,41.8418],[-87.8635,41.8438],[-87.8663,41.8444],[-87.87145,41.84445],[-87.87155,41.84315],[-87.8782,41.8427],[-87.87425,41.83425],[-87.8909,41.83385],[-87.89025,41.82685],[-87.8902,41.81975],[-87.88945,41.81965],[-87.88945,41.81925],[-87.861,41.82005],[-87.8616,41.8346],[-87.8518,41.83485]]]},"properties":{"kind":"neighbour","name":"La Grange Park","region":"Cook County","lp":[-87.86929,41.82789]}},
{"type":"Feature","geometry":{"type":"Polygon","coordinates":[[[-87.832,41.81835],[-87.83025,41.8207],[-87.8406,41.8205],[-87.83995,41.80565],[-87.82535,41.8059],[-87.82495,41.80435],[-87.82115,41.80425],[-87.8205,41.806],[-87.81205,41.80615],[-87.8122,41.80225],[-87.81725,41.79895],[-87.8054,41.7993],[-87.80175,41.8008],[-87.8027,41.8237],[-87.81035,41.821],[-87.8217,41.82105],[-87.82545,41.81925],[-87.82645,41.81685],[-87.82845,41.8166],[-87.83045,41.8173],[-87.832,41.81835]]]},"properties":{"kind":"neighbour","name":"Lyons","region":"Cook County","lp":[-87.80995,41.81345]}},
{"type":"Feature","geometry":{"type":"Polygon","coordinates":[[[-86.9582,41.6933],[-86.96175,41.69135],[-86.96725,41.69125],[-86.97135,41.6893],[-86.9711,41.67295],[-86.9651,41.6736],[-86.95645,41.67695],[-86.9564,41.68185],[-86.9509,41.68285],[-86.94455,41.6816],[-86.9385,41.68435],[-86.9324,41.68825],[-86.93265,41.7047],[-86.9582,41.6933]]]},"properties":{"kind":"neighbour","name":"Town of Pines","region":"Porter County, Indiana","lp":[-86.94488,41.69033]}},
{"type":"Feature","geometry":{"type":"Polygon","coordinates":[[[-88.53745,41.9713],[-88.53735,41.96045],[-88.5429,41.9604],[-88.54215,41.94215],[-88.53715,41.94225],[-88.53715,41.94045],[-88.5323,41.94055],[-88.53225,41.946],[-88.50315,41.9463],[-88.5032,41.95005],[-88.51765,41.9499],[-88.51765,41.95525],[-88.5227,41.95605],[-88.52285,41.9676],[-88.51795,41.96765],[-88.51795,41.9716],[-88.53745,41.9713]]]},"properties":{"kind":"neighbour","name":"Virgil","region":"Kane County","lp":[-88.53119,41.95455]}},
{"type":"Feature","geometry":{"type":"Polygon","coordinates":[[[-87.77885,41.6904],[-87.7791,41.6977],[-87.7895,41.69745],[-87.78975,41.703],[-87.79715,41.6986],[-87.79715,41.7002],[-87.8105,41.69465],[-87.8104,41.694],[-87.80725,41.69375],[-87.80715,41.68785],[-87.80945,41.68775],[-87.8094,41.6843],[-87.80685,41.68445],[-87.8066,41.68255],[-87.809,41.6803],[-87.7782,41.67445],[-87.77855,41.68295],[-87.77315,41.68305],[-87.77345,41.69035],[-87.77885,41.6904]]]},"properties":{"kind":"neighbour","name":"Worth","region":"Cook County","lp":[-87.79482,41.68835]}},
{"type":"Feature","geometry":{"type":"Polygon","coordinates":[[[-87.63275,41.56825],[-87.62655,41.56835],[-87.62635,41.56425],[-87.63145,41.5647],[-87.6354,41.56315],[-87.63445,41.56075],[-87.62665,41.5607],[-87.62665,41.55745],[-87.60685,41.55755],[-87.6071,41.56465],[-87.60245,41.56465],[-87.60215,41.56695],[-87.60405,41.56675],[-87.60725,41.56785],[-87.6071,41.5737],[-87.6021,41.57375],[-87.59885,41.5773],[-87.6008,41.57755],[-87.60225,41.57905],[-87.61205,41.57935],[-87.6121,41.581],[-87.61485,41.58105],[-87.61515,41.58365],[-87.617,41.5864],[-87.6275,41.5864],[-87.6275,41.57965],[-87.62675,41.5793],[-87.63295,41.57825],[-87.63455,41.57745],[-87.63485,41.57715],[-87.6349,41.57235],[-87.6328,41.57225],[-87.63275,41.56825]]]},"properties":{"kind":"neighbour","name":"Thornton","region":"Cook County","lp":[-87.61699,41.57064]}},
{"type":"Feature","geometry":{"type":"MultiPolygon","coordinates":[[[[-88.61795,41.905],[-88.6208,41.90555],[-88.62085,41.90255],[-88.61595,41.9026],[-88.61595,41.8937],[-88.6111,41.8938],[-88.6111,41.8901],[-88.60245,41.89025],[-88.60245,41.89115],[-88.60145,41.89115],[-88.6014,41.8984],[-88.59975,41.89835],[-88.59965,41.9016],[-88.59315,41.9017],[-88.5912,41.907],[-88.5951,41.90755],[-88.59515,41.9086],[-88.59035,41.90865],[-88.5904,41.9112],[-88.58495,41.9112],[-88.5855,41.91235],[-88.5856,41.91605],[-88.59045,41.916],[-88.59035,41.9123],[-88.5954,41.9123],[-88.5953,41.91085],[-88.59875,41.91085],[-88.59885,41.9137],[-88.60135,41.91375],[-88.60135,41.92305],[-88.61385,41.92285],[-88.61585,41.92645],[-88.6159,41.9108],[-88.60245,41.90875],[-88.6019,41.9089],[-88.60135,41.9094],[-88.60135,41.90635],[-88.6027,41.90635],[-88.60265,41.90565],[-88.60865,41.9056],[-88.60865,41.9094],[-88.6159,41.91045],[-88.6159,41.9083],[-88.6123,41.9084],[-88.6123,41.9029],[-88.61795,41.905]]],[[[-88.61685,41.91095],[-88.61685,41.93],[-88.6256,41.9305],[-88.62565,41.9265],[-88.6207,41.9264],[-88.6208,41.9115],[-88.61685,41.91095]]]]},"properties":{"kind":"neighbour","name":"Maple Park","region":"Kane County","lp":[-88.60814,41.91637]}},
{"type":"Feature","geometry":{"type":"Polygon","coordinates":[[[-87.75965,41.70155],[-87.769,41.7014],[-87.7696,41.70505],[-87.76705,41.7051],[-87.7673,41.71235],[-87.77415,41.7087],[-87.77935,41.70865],[-87.78,41.72035],[-87.7848,41.71905],[-87.78465,41.714],[-87.78515,41.71295],[-87.78945,41.71265],[-87.78955,41.71575],[-87.794,41.71565],[-87.79455,41.71515],[-87.7985,41.71725],[-87.79785,41.69995],[-87.79715,41.7002],[-87.79715,41.6986],[-87.78975,41.703],[-87.7895,41.69745],[-87.7791,41.6977],[-87.77885,41.6904],[-87.7592,41.6904],[-87.75965,41.70155]]]},"properties":{"kind":"neighbour","name":"Chicago Ridge","region":"Cook County","lp":[-87.78346,41.70383]}},
{"type":"Feature","geometry":{"type":"Polygon","coordinates":[[[-87.83235,41.9036],[-87.83365,41.9011],[-87.83475,41.8965],[-87.83465,41.8953],[-87.8339,41.89405],[-87.833,41.8932],[-87.8315,41.8926],[-87.83015,41.89155],[-87.82965,41.89025],[-87.8329,41.88805],[-87.83365,41.88655],[-87.8325,41.8843],[-87.8273,41.88055],[-87.8273,41.87915],[-87.81445,41.87945],[-87.8147,41.88685],[-87.805,41.887],[-87.80575,41.90855],[-87.80595,41.9086],[-87.806,41.9087],[-87.80605,41.9089],[-87.8245,41.90855],[-87.8248,41.9077],[-87.826,41.9067],[-87.83075,41.9048],[-87.83235,41.9036]]]},"properties":{"kind":"neighbour","name":"River Forest","region":"Cook County","lp":[-87.81975,41.89717]}},
{"type":"Feature","geometry":{"type":"Polygon","coordinates":[[[-87.85155,41.93725],[-87.85125,41.9292],[-87.85225,41.9292],[-87.85205,41.92305],[-87.8526,41.9225],[-87.8519,41.91905],[-87.85215,41.91905],[-87.84,41.91005],[-87.84005,41.9114],[-87.8351,41.9113],[-87.835,41.90845],[-87.82545,41.90855],[-87.82625,41.93745],[-87.8496,41.937],[-87.85155,41.93725]]]},"properties":{"kind":"neighbour","name":"River Grove","region":"Cook County","lp":[-87.83846,41.92464]}},
{"type":"Feature","geometry":{"type":"Polygon","coordinates":[[[-87.825,41.8746],[-87.82545,41.87215],[-87.8337,41.8717],[-87.8334,41.86445],[-87.8273,41.86455],[-87.8263,41.86315],[-87.82175,41.8594],[-87.8206,41.8574],[-87.81365,41.8575],[-87.8136,41.856],[-87.8206,41.85585],[-87.82335,41.8522],[-87.8232,41.85],[-87.8081,41.8503],[-87.8083,41.8561],[-87.81185,41.85605],[-87.812,41.85765],[-87.80395,41.85775],[-87.805,41.887],[-87.8147,41.88685],[-87.81445,41.87945],[-87.8273,41.87915],[-87.82875,41.876],[-87.8262,41.8755],[-87.825,41.8746]]]},"properties":{"kind":"neighbour","name":"Forest Park","region":"Cook County","lp":[-87.81521,41.86836]}},
{"type":"Feature","geometry":{"type":"Polygon","coordinates":[[[-87.89845,41.8925],[-87.89855,41.88915],[-87.89575,41.8891],[-87.8956,41.8864],[-87.8968,41.88535],[-87.89935,41.88315],[-87.89915,41.88095],[-87.89175,41.8804],[-87.8833,41.8825],[-87.88285,41.8709],[-87.8779,41.8707],[-87.8589,41.8713],[-87.85975,41.8907],[-87.86395,41.89115],[-87.864,41.8929],[-87.8785,41.89275],[-87.8835,41.8924],[-87.89845,41.8925]]]},"properties":{"kind":"neighbour","name":"Bellwood","region":"Cook County","lp":[-87.87035,41.88189]}},
{"type":"Feature","geometry":{"type":"Polygon","coordinates":[[[-87.81205,41.80615],[-87.8205,41.806],[-87.82115,41.80425],[-87.82495,41.80435],[-87.82535,41.8059],[-87.85945,41.8053],[-87.8586,41.7836],[-87.85695,41.7836],[-87.8561,41.78375],[-87.83875,41.78385],[-87.83455,41.78225],[-87.8302,41.78585],[-87.82975,41.78885],[-87.8316,41.7875],[-87.83405,41.7895],[-87.8325,41.7916],[-87.82965,41.7916],[-87.82975,41.7951],[-87.82675,41.7985],[-87.81725,41.79895],[-87.8122,41.80225],[-87.81205,41.80615]]]},"properties":{"kind":"neighbour","name":"McCook","region":"Cook County","lp":[-87.84529,41.79466]}},
{"type":"Feature","geometry":{"type":"Polygon","coordinates":[[[-87.8592,41.7984],[-87.86005,41.82005],[-87.88945,41.81925],[-87.88835,41.7943],[-87.8867,41.79435],[-87.8867,41.7951],[-87.8855,41.7951],[-87.88545,41.7946],[-87.88355,41.79465],[-87.88395,41.80295],[-87.87905,41.80305],[-87.87855,41.7921],[-87.8834,41.79205],[-87.8833,41.79015],[-87.8748,41.79035],[-87.87365,41.7919],[-87.87375,41.79405],[-87.86965,41.79435],[-87.868,41.7935],[-87.8641,41.7954],[-87.8642,41.7979],[-87.8592,41.7984]]]},"properties":{"kind":"neighbour","name":"La Grange","region":"Cook County","lp":[-87.87029,41.80913]}},
{"type":"Feature","geometry":{"type":"Polygon","coordinates":[[[-87.9638,41.78025],[-87.9635,41.778],[-87.96145,41.77805],[-87.96125,41.7746],[-87.9633,41.774],[-87.9636,41.7721],[-87.96105,41.77125],[-87.96105,41.7694],[-87.9551,41.7686],[-87.9548,41.7667],[-87.94525,41.76695],[-87.9451,41.7635],[-87.94675,41.76295],[-87.94655,41.76075],[-87.94515,41.7605],[-87.9449,41.75325],[-87.94835,41.75235],[-87.9593,41.75215],[-87.95905,41.7448],[-87.95325,41.7449],[-87.9513,41.7443],[-87.94935,41.7449],[-87.9457,41.745],[-87.9416,41.74295],[-87.93485,41.74775],[-87.9349,41.7494],[-87.93425,41.74945],[-87.93495,41.75],[-87.9341,41.75055],[-87.93415,41.75115],[-87.93495,41.75115],[-87.93495,41.7526],[-87.93505,41.75445],[-87.9352,41.75845],[-87.93395,41.7585],[-87.93395,41.75875],[-87.9352,41.75875],[-87.9354,41.76435],[-87.9272,41.7679],[-87.9235,41.76905],[-87.92365,41.7734],[-87.92605,41.7728],[-87.92615,41.7747],[-87.9359,41.77445],[-87.941,41.77445],[-87.94175,41.7725],[-87.9432,41.77245],[-87.944,41.7744],[-87.94645,41.77435],[-87.9465,41.7816],[-87.95045,41.78175],[-87.9505,41.78325],[-87.95295,41.7832],[-87.95545,41.78225],[-87.9591,41.78315],[-87.961,41.78305],[-87.9618,41.7812],[-87.96325,41.78105],[-87.9638,41.78025]]]},"properties":{"kind":"neighbour","name":"Willowbrook","region":"DuPage County","lp":[-87.95287,41.77468]}},
{"type":"Feature","geometry":{"type":"Polygon","coordinates":[[[-87.88945,41.81965],[-87.90075,41.8207],[-87.91365,41.81865],[-87.91315,41.8096],[-87.90875,41.79785],[-87.90835,41.79555],[-87.90815,41.786],[-87.90635,41.784],[-87.9073,41.7819],[-87.907,41.77495],[-87.9038,41.77645],[-87.9009,41.77865],[-87.90065,41.7781],[-87.89695,41.77915],[-87.8968,41.78105],[-87.89885,41.78105],[-87.8992,41.7825],[-87.89655,41.7826],[-87.8975,41.78645],[-87.8976,41.7898],[-87.89295,41.78995],[-87.8931,41.79265],[-87.88825,41.7928],[-87.88945,41.81965]]]},"properties":{"kind":"neighbour","name":"Western Springs","region":"Cook County","lp":[-87.90059,41.80892]}},
{"type":"Feature","geometry":{"type":"Polygon","coordinates":[[[-87.8542,41.946],[-87.8553,41.9482],[-87.8541,41.95175],[-87.84775,41.9519],[-87.84745,41.95535],[-87.85805,41.95515],[-87.8589,41.9578],[-87.85595,41.9629],[-87.8551,41.96715],[-87.8553,41.9688],[-87.85445,41.97115],[-87.85585,41.9723],[-87.85875,41.97115],[-87.8621,41.973],[-87.88045,41.97255],[-87.8805,41.9572],[-87.88165,41.9568],[-87.89075,41.9578],[-87.89065,41.95345],[-87.8857,41.9533],[-87.8854,41.94555],[-87.8805,41.94555],[-87.88055,41.94645],[-87.87565,41.94565],[-87.86335,41.946],[-87.8634,41.9475],[-87.8588,41.94795],[-87.85885,41.9459],[-87.8542,41.946]]]},"properties":{"kind":"neighbour","name":"Schiller Park","region":"Cook County","lp":[-87.8701,41.95616]}},
{"type":"Feature","geometry":{"type":"Polygon","coordinates":[[[-87.85975,41.8907],[-87.8589,41.8713],[-87.86315,41.8712],[-87.863,41.8676],[-87.8532,41.86785],[-87.85335,41.87135],[-87.8484,41.87145],[-87.8481,41.8642],[-87.8334,41.86445],[-87.8337,41.87175],[-87.82545,41.87215],[-87.825,41.8746],[-87.82875,41.876],[-87.8273,41.87915],[-87.834,41.87905],[-87.8343,41.88675],[-87.83245,41.8885],[-87.82965,41.8901],[-87.83015,41.89155],[-87.8315,41.8926],[-87.83315,41.89335],[-87.8345,41.8949],[-87.83475,41.89675],[-87.8342,41.8986],[-87.8446,41.8984],[-87.84425,41.88895],[-87.85975,41.8907]]]},"properties":{"kind":"neighbour","name":"Maywood","region":"Cook County","lp":[-87.84341,41.8796]}},
{"type":"Feature","geometry":{"type":"Polygon","coordinates":[[[-88.47785,41.96795],[-88.47785,41.96825],[-88.4886,41.96825],[-88.4883,41.939],[-88.4527,41.9396],[-88.4529,41.947],[-88.46145,41.9469],[-88.4618,41.9496],[-88.46185,41.9612],[-88.46805,41.9611],[-88.46805,41.9647],[-88.47785,41.96465],[-88.47785,41.96795]]]},"properties":{"kind":"neighbour","name":"Lily Lake","region":"Kane County","lp":[-88.47599,41.95167]}},
{"type":"Feature","geometry":{"type":"MultiPolygon","coordinates":[[[[-87.6311,41.36045],[-87.6308,41.3586],[-87.6306,41.34795],[-87.6408,41.34785],[-87.6408,41.34595],[-87.63575,41.34595],[-87.6357,41.34255],[-87.6374,41.34255],[-87.6374,41.3406],[-87.63465,41.34065],[-87.6346,41.3388],[-87.62935,41.33885],[-87.629,41.3352],[-87.625,41.33525],[-87.6267,41.33705],[-87.6233,41.33795],[-87.6189,41.338],[-87.61655,41.33895],[-87.61655,41.34075],[-87.5973,41.34095],[-87.59735,41.3555],[-87.6095,41.35535],[-87.6097,41.3626],[-87.6119,41.3626],[-87.6119,41.3683],[-87.6103,41.36985],[-87.61675,41.3698],[-87.61665,41.3636],[-87.6216,41.3636],[-87.62155,41.3607],[-87.62625,41.3607],[-87.62625,41.35525],[-87.62865,41.3552],[-87.6287,41.35885],[-87.6299,41.36045],[-87.6311,41.36045]]],[[[-87.6319,41.36225],[-87.6325,41.36225],[-87.63245,41.35525],[-87.63355,41.35515],[-87.63355,41.35155],[-87.63125,41.35155],[-87.6313,41.3583],[-87.6319,41.36225]]]]},"properties":{"kind":"neighbour","name":"Beecher","region":"Will County","lp":[-87.6182,41.35032]}},
{"type":"Feature","geometry":{"type":"Polygon","coordinates":[[[-87.85855,41.78285],[-87.86815,41.77855],[-87.86745,41.75985],[-87.867,41.7581],[-87.8694,41.75535],[-87.8712,41.7569],[-87.87285,41.7541],[-87.87805,41.7538],[-87.8781,41.7553],[-87.8787,41.7556],[-87.8787,41.7538],[-87.88665,41.7536],[-87.88585,41.74015],[-87.88395,41.7402],[-87.88425,41.7397],[-87.88305,41.73975],[-87.8771,41.74755],[-87.87535,41.74695],[-87.8805,41.73915],[-87.8672,41.75155],[-87.86555,41.75075],[-87.86135,41.75425],[-87.86045,41.75435],[-87.85775,41.757],[-87.844,41.77345],[-87.836,41.7806],[-87.83275,41.78375],[-87.83455,41.78225],[-87.83875,41.78385],[-87.8561,41.78375],[-87.85695,41.7836],[-87.8586,41.7836],[-87.85855,41.78285]]]},"properties":{"kind":"neighbour","name":"Hodgkins","region":"Cook County","lp":[-87.85793,41.77219]}},
{"type":"Feature","geometry":{"type":"MultiPolygon","coordinates":[[[[-88.36015,42.41445],[-88.36285,42.41335],[-88.36315,42.41085],[-88.36505,42.41085],[-88.3652,42.40355],[-88.3701,42.40355],[-88.37,42.40715],[-88.3749,42.40715],[-88.375,42.40215],[-88.38965,42.40195],[-88.39455,42.40155],[-88.3946,42.3997],[-88.3994,42.39965],[-88.3994,42.3904],[-88.4013,42.39285],[-88.4066,42.3941],[-88.4066,42.39625],[-88.4091,42.39765],[-88.4091,42.39965],[-88.41395,42.3996],[-88.414,42.39065],[-88.4008,42.3907],[-88.3994,42.3893],[-88.3994,42.38585],[-88.3959,42.38585],[-88.3956,42.38075],[-88.39455,42.38075],[-88.3945,42.3781],[-88.3896,42.3781],[-88.3888,42.3802],[-88.38475,42.3802],[-88.38485,42.38535],[-88.37775,42.38545],[-88.376,42.3845],[-88.3722,42.38695],[-88.3722,42.3851],[-88.3701,42.3848],[-88.3695,42.386],[-88.3695,42.39275],[-88.37265,42.3927],[-88.3726,42.3963],[-88.37995,42.39625],[-88.37995,42.3968],[-88.38735,42.3967],[-88.386,42.39975],[-88.3603,42.4],[-88.3603,42.39815],[-88.3554,42.3982],[-88.3554,42.39995],[-88.3529,42.39995],[-88.35285,42.40365],[-88.36025,42.4036],[-88.3602,42.4091],[-88.3551,42.40905],[-88.3553,42.41445],[-88.36015,42.41445]],[[-88.3602,42.41265],[-88.3566,42.41275],[-88.3566,42.4109],[-88.3602,42.41095],[-88.3602,42.41265]]],[[[-88.42365,42.3996],[-88.42125,42.3996],[-88.42115,42.4069],[-88.4236,42.4069],[-88.42365,42.3996]]],[[[-88.36015,42.41445],[-88.3601,42.4181],[-88.365,42.4181],[-88.36505,42.41455],[-88.36015,42.41445]]]]},"properties":{"kind":"neighbour","name":"Greenwood","region":"McHenry County","lp":[-88.3902,42.39007]}},
{"type":"Feature","geometry":{"type":"Polygon","coordinates":[[[-87.7095,42.01185],[-87.72375,42.01175],[-87.72365,42.0154],[-87.75025,42.0154],[-87.75055,42.00455],[-87.7615,42.00465],[-87.7619,42.00185],[-87.75285,41.9976],[-87.72905,41.99755],[-87.70975,41.9977],[-87.7098,42.0045],[-87.7095,42.01185]]]},"properties":{"kind":"neighbour","name":"Lincolnwood","region":"Cook County","lp":[-87.73569,42.00648]}},
{"type":"Feature","geometry":{"type":"Polygon","coordinates":[[[-87.7133,41.52795],[-87.71345,41.5276],[-87.71315,41.5061],[-87.6792,41.5062],[-87.6792,41.504],[-87.67435,41.50405],[-87.6744,41.51785],[-87.67065,41.51785],[-87.6696,41.52055],[-87.66475,41.52055],[-87.66475,41.52785],[-87.67825,41.52805],[-87.67835,41.5243],[-87.67935,41.52215],[-87.68195,41.52015],[-87.68255,41.5171],[-87.68635,41.51665],[-87.68545,41.51355],[-87.69375,41.5135],[-87.69385,41.51415],[-87.68635,41.528],[-87.7133,41.52795]]]},"properties":{"kind":"neighbour","name":"Olympia Fields","region":"Cook County","lp":[-87.70317,41.51772]}},
{"type":"Feature","geometry":{"type":"Polygon","coordinates":[[[-87.8873,41.77],[-87.895,41.767],[-87.89525,41.76455],[-87.89675,41.764],[-87.8933,41.76285],[-87.8913,41.7615],[-87.89155,41.75965],[-87.8902,41.75895],[-87.88845,41.75895],[-87.88685,41.7584],[-87.88665,41.7536],[-87.8787,41.7538],[-87.8787,41.7556],[-87.8781,41.7553],[-87.87805,41.7538],[-87.87285,41.7541],[-87.8712,41.7569],[-87.8694,41.75535],[-87.867,41.7581],[-87.86745,41.75985],[-87.86815,41.77855],[-87.85855,41.78285],[-87.8592,41.7984],[-87.8642,41.7979],[-87.8641,41.7954],[-87.868,41.7935],[-87.86965,41.79435],[-87.87375,41.79405],[-87.87365,41.7919],[-87.8748,41.79035],[-87.88815,41.79005],[-87.88785,41.78365],[-87.8797,41.7877],[-87.8783,41.78715],[-87.87775,41.77425],[-87.87745,41.77165],[-87.87985,41.7715],[-87.8798,41.7733],[-87.8825,41.7721],[-87.8844,41.7725],[-87.8874,41.77245],[-87.8873,41.77]]]},"properties":{"kind":"neighbour","name":"Countryside","region":"Cook County","lp":[-87.8761,41.76357]}},
{"type":"Feature","geometry":{"type":"Polygon","coordinates":[[[-88.2261,41.25265],[-88.2358,41.24495],[-88.2354,41.2308],[-88.2523,41.23045],[-88.25465,41.2307],[-88.2549,41.2357],[-88.25875,41.2357],[-88.25825,41.2304],[-88.28365,41.2298],[-88.2834,41.2226],[-88.2732,41.22265],[-88.27315,41.21555],[-88.254,41.2159],[-88.2542,41.2232],[-88.2499,41.2232],[-88.2474,41.22045],[-88.24535,41.2196],[-88.22535,41.2197],[-88.2259,41.23555],[-88.2198,41.23565],[-88.2201,41.2457],[-88.22145,41.2457],[-88.22165,41.25295],[-88.22605,41.25125],[-88.2261,41.25265]],[[-88.2244,41.23765],[-88.2327,41.2375],[-88.2327,41.24155],[-88.232,41.2455],[-88.2262,41.2456],[-88.22465,41.24655],[-88.2244,41.23765]],[[-88.2449,41.2197],[-88.2471,41.2205],[-88.2495,41.2232],[-88.24485,41.2233],[-88.2449,41.2197]],[[-88.2452,41.2272],[-88.24975,41.22715],[-88.24975,41.22955],[-88.24525,41.2296],[-88.2452,41.2272]],[[-88.25305,41.22675],[-88.25005,41.22335],[-88.2543,41.2233],[-88.25445,41.22675],[-88.25305,41.22675]]]},"properties":{"kind":"neighbour","name":"Braceville","region":"Will County","lp":[-88.26245,41.22302]}},
{"type":"Feature","geometry":{"type":"Polygon","coordinates":[[[-87.8462,41.76195],[-87.85415,41.76135],[-87.85775,41.757],[-87.86045,41.75435],[-87.84785,41.75445],[-87.84745,41.74715],[-87.84835,41.74705],[-87.84805,41.7398],[-87.84305,41.73985],[-87.8428,41.7346],[-87.83815,41.73465],[-87.83815,41.73275],[-87.8331,41.73285],[-87.8332,41.7402],[-87.8261,41.7403],[-87.82355,41.73695],[-87.8182,41.7331],[-87.81435,41.7332],[-87.81475,41.7405],[-87.8189,41.7411],[-87.819,41.74395],[-87.8211,41.74395],[-87.8215,41.74585],[-87.8191,41.7468],[-87.81975,41.7623],[-87.8462,41.76195]]]},"properties":{"kind":"neighbour","name":"Justice","region":"Cook County","lp":[-87.83649,41.75094]}},
{"type":"Feature","geometry":{"type":"Polygon","coordinates":[[[-87.83815,41.73275],[-87.83815,41.73465],[-87.8428,41.7346],[-87.84305,41.73985],[-87.84805,41.7398],[-87.84685,41.71795],[-87.83725,41.7182],[-87.8372,41.71685],[-87.83475,41.7163],[-87.83225,41.71625],[-87.832,41.7183],[-87.83015,41.7183],[-87.82835,41.7171],[-87.82845,41.7149],[-87.83225,41.7147],[-87.83215,41.711],[-87.8224,41.71115],[-87.82245,41.7148],[-87.81775,41.7149],[-87.8176,41.71125],[-87.8128,41.71135],[-87.8111,41.7093],[-87.8085,41.7111],[-87.8087,41.71695],[-87.808,41.71745],[-87.80845,41.72225],[-87.8104,41.7262],[-87.8116,41.7279],[-87.8133,41.72955],[-87.818,41.73295],[-87.8287,41.74035],[-87.8332,41.7402],[-87.8331,41.73285],[-87.83815,41.73275]]]},"properties":{"kind":"neighbour","name":"Hickory Hills","region":"Cook County","lp":[-87.82567,41.72684]}},
{"type":"Feature","geometry":{"type":"Polygon","coordinates":[[[-87.7521,41.6346],[-87.75225,41.63295],[-87.757,41.6322],[-87.7569,41.62935],[-87.754,41.6294],[-87.75305,41.6256],[-87.7538,41.62495],[-87.7458,41.625],[-87.74575,41.62325],[-87.7469,41.6218],[-87.7446,41.62185],[-87.7445,41.62275],[-87.7433,41.6233],[-87.7397,41.62515],[-87.7393,41.62335],[-87.73715,41.62155],[-87.73595,41.6216],[-87.73525,41.61975],[-87.73335,41.6198],[-87.73325,41.61795],[-87.7321,41.61795],[-87.73205,41.61615],[-87.7282,41.6157],[-87.72715,41.6139],[-87.72215,41.618],[-87.7174,41.6182],[-87.7171,41.61095],[-87.70745,41.6111],[-87.70785,41.62205],[-87.6982,41.62225],[-87.6986,41.63325],[-87.7036,41.6333],[-87.7043,41.63275],[-87.70595,41.6327],[-87.70975,41.633],[-87.73675,41.6326],[-87.7375,41.6316],[-87.73995,41.63155],[-87.74315,41.6324],[-87.74335,41.63745],[-87.7474,41.6368],[-87.74725,41.634],[-87.74965,41.63475],[-87.7521,41.6346]]]},"properties":{"kind":"neighbour","name":"Midlothian","region":"Cook County","lp":[-87.72679,41.62454]}},
{"type":"Feature","geometry":{"type":"Polygon","coordinates":[[[-87.83265,41.8426],[-87.85215,41.84215],[-87.8518,41.83485],[-87.8616,41.8346],[-87.861,41.82005],[-87.86005,41.82005],[-87.85945,41.8053],[-87.83995,41.80565],[-87.8406,41.8205],[-87.8317,41.8206],[-87.8322,41.8307],[-87.83215,41.83755],[-87.83265,41.8426]]]},"properties":{"kind":"neighbour","name":"Brookfield","region":"Cook County","lp":[-87.85043,41.82424]}},
{"type":"Feature","geometry":{"type":"Polygon","coordinates":[[[-87.7581,41.6614],[-87.7629,41.6613],[-87.763,41.6541],[-87.75795,41.65415],[-87.75765,41.64685],[-87.7565,41.64365],[-87.75675,41.6402],[-87.7536,41.63925],[-87.7535,41.6365],[-87.75285,41.63655],[-87.7521,41.6346],[-87.74965,41.63475],[-87.74725,41.634],[-87.7474,41.6368],[-87.74335,41.63745],[-87.74315,41.6324],[-87.73995,41.63155],[-87.7375,41.6316],[-87.73675,41.6326],[-87.7107,41.6328],[-87.7072,41.63315],[-87.7096,41.63335],[-87.71315,41.6343],[-87.7156,41.63595],[-87.71465,41.63755],[-87.7158,41.63845],[-87.71625,41.64565],[-87.71365,41.64575],[-87.71375,41.6476],[-87.7186,41.6475],[-87.7184,41.6418],[-87.7232,41.64075],[-87.7237,41.6474],[-87.72835,41.64735],[-87.72835,41.65105],[-87.71875,41.65015],[-87.71955,41.65095],[-87.72395,41.6512],[-87.7313,41.65255],[-87.739,41.65515],[-87.7421,41.6566],[-87.7508,41.6615],[-87.7581,41.6614]],[[-87.74905,41.647],[-87.7509,41.64695],[-87.75105,41.6506],[-87.7492,41.6506],[-87.74905,41.647]]]},"properties":{"kind":"neighbour","name":"Crestwood","region":"Cook County","lp":[-87.73053,41.64038]}},
{"type":"Feature","geometry":{"type":"Polygon","coordinates":[[[-87.7827,42.1189],[-87.785,42.1174],[-87.78785,42.11745],[-87.79005,42.1184],[-87.7999,42.11855],[-87.8,42.11035],[-87.80155,42.11015],[-87.79915,42.1069],[-87.7981,42.0945],[-87.7894,42.0944],[-87.78685,42.09255],[-87.7807,42.09285],[-87.778,42.0933],[-87.77825,42.0907],[-87.77605,42.09065],[-87.77595,42.09425],[-87.7701,42.09415],[-87.76905,42.0908],[-87.76725,42.08695],[-87.7663,42.08695],[-87.7651,42.08905],[-87.7616,42.08985],[-87.75685,42.08985],[-87.7574,42.08665],[-87.7584,42.0867],[-87.7573,42.0849],[-87.75165,42.0849],[-87.7514,42.09395],[-87.75645,42.094],[-87.7564,42.1013],[-87.76575,42.1014],[-87.76595,42.10875],[-87.773,42.1087],[-87.7755,42.11265],[-87.7756,42.11605],[-87.7801,42.11615],[-87.7827,42.1189]]]},"properties":{"kind":"neighbour","name":"Northfield","region":"Cook County","lp":[-87.78207,42.10332]}},
{"type":"Feature","geometry":{"type":"Polygon","coordinates":[[[-87.91985,41.9246],[-87.92035,41.9241],[-87.92055,41.90025],[-87.92055,41.8997],[-87.8984,41.9],[-87.8984,41.9018],[-87.89355,41.90185],[-87.89355,41.90285],[-87.8887,41.90285],[-87.8887,41.90115],[-87.8873,41.90015],[-87.88625,41.9002],[-87.8862,41.9033],[-87.885,41.9033],[-87.885,41.9068],[-87.88555,41.9069],[-87.8857,41.9075],[-87.88945,41.90745],[-87.8898,41.9119],[-87.88895,41.91465],[-87.88405,41.9147],[-87.8851,41.9165],[-87.8886,41.91645],[-87.88905,41.91705],[-87.88925,41.9212],[-87.8935,41.9222],[-87.894,41.9254],[-87.90395,41.9251],[-87.9041,41.92885],[-87.9067,41.92925],[-87.90675,41.9304],[-87.9063,41.9309],[-87.90905,41.931],[-87.9103,41.92935],[-87.9141,41.92905],[-87.91435,41.9367],[-87.9141,41.93705],[-87.91495,41.93665],[-87.91705,41.93535],[-87.91825,41.9341],[-87.91905,41.9329],[-87.91975,41.9309],[-87.91985,41.9246]]]},"properties":{"kind":"neighbour","name":"Northlake","region":"Cook County","lp":[-87.90731,41.91278]}},
{"type":"Feature","geometry":{"type":"Polygon","coordinates":[[[-87.90325,41.88485],[-87.90325,41.8854],[-87.91065,41.8854],[-87.91075,41.88235],[-87.913,41.8821],[-87.913,41.87495],[-87.9181,41.8737],[-87.9168,41.87125],[-87.91575,41.8707],[-87.9133,41.87145],[-87.9132,41.87025],[-87.91555,41.86845],[-87.91705,41.86445],[-87.91705,41.86225],[-87.91555,41.86225],[-87.9153,41.8554],[-87.91755,41.8551],[-87.9174,41.84785],[-87.9014,41.84815],[-87.9012,41.84455],[-87.8963,41.84465],[-87.8965,41.84825],[-87.9002,41.8482],[-87.90105,41.85265],[-87.90135,41.8627],[-87.8948,41.8629],[-87.88445,41.8632],[-87.88245,41.8619],[-87.8833,41.8825],[-87.89175,41.8804],[-87.89915,41.88095],[-87.89935,41.8831],[-87.8974,41.8849],[-87.90325,41.88485]]]},"properties":{"kind":"neighbour","name":"Hillside","region":"Cook County","lp":[-87.90299,41.87216]}},
{"type":"Feature","geometry":{"type":"Polygon","coordinates":[[[-88.1555,41.9082],[-88.16035,41.9088],[-88.16035,41.90635],[-88.15695,41.90545],[-88.15695,41.9026],[-88.15555,41.9007],[-88.15065,41.9008],[-88.1507,41.899],[-88.14575,41.8991],[-88.14585,41.89435],[-88.14725,41.8937],[-88.1507,41.89365],[-88.1515,41.88945],[-88.1511,41.88815],[-88.15165,41.88815],[-88.15675,41.89065],[-88.15685,41.8881],[-88.1573,41.88795],[-88.15675,41.88385],[-88.1567,41.87895],[-88.16745,41.8788],[-88.16755,41.8732],[-88.1656,41.8725],[-88.16785,41.87075],[-88.16785,41.86875],[-88.16565,41.8688],[-88.16415,41.8695],[-88.16435,41.86725],[-88.16675,41.86655],[-88.16695,41.86365],[-88.1679,41.8606],[-88.1662,41.8606],[-88.16575,41.85395],[-88.164,41.85495],[-88.1618,41.85495],[-88.1609,41.857],[-88.1463,41.8573],[-88.14615,41.8698],[-88.1462,41.87395],[-88.1368,41.8773],[-88.1378,41.8812],[-88.14745,41.8863],[-88.14715,41.888],[-88.1459,41.88905],[-88.14585,41.8915],[-88.1442,41.89115],[-88.14415,41.8937],[-88.141,41.89415],[-88.1412,41.8905],[-88.13765,41.8908],[-88.13615,41.8933],[-88.1313,41.89335],[-88.1313,41.89175],[-88.1275,41.89185],[-88.12745,41.8876],[-88.1255,41.88765],[-88.1264,41.89015],[-88.1264,41.89505],[-88.12965,41.89505],[-88.12965,41.90105],[-88.13615,41.90185],[-88.13615,41.9009],[-88.1525,41.90225],[-88.1525,41.90355],[-88.15585,41.90355],[-88.1555,41.90605],[-88.1555,41.9082]],[[-88.1617,41.8768],[-88.1632,41.8742],[-88.16475,41.87685],[-88.1617,41.8768]]]},"properties":{"kind":"neighbour","name":"Winfield","region":"DuPage County","lp":[-88.15506,41.87024]}},
{"type":"Feature","geometry":{"type":"Polygon","coordinates":[[[-87.72115,41.71345],[-87.7126,41.7136],[-87.711,41.7115],[-87.71085,41.7064],[-87.70165,41.70645],[-87.7012,41.7074],[-87.69185,41.7075],[-87.69175,41.71385],[-87.68215,41.71395],[-87.6826,41.72825],[-87.6872,41.7282],[-87.6874,41.73515],[-87.712,41.73475],[-87.7118,41.7279],[-87.72165,41.7278],[-87.72115,41.71345]]]},"properties":{"kind":"neighbour","name":"Evergreen Park","region":"Cook County","lp":[-87.70074,41.72238]}},
{"type":"Feature","geometry":{"type":"Polygon","coordinates":[[[-87.62075,41.4771],[-87.64485,41.477],[-87.645,41.46975],[-87.65435,41.46975],[-87.6532,41.4686],[-87.65465,41.46735],[-87.6546,41.46535],[-87.65215,41.46325],[-87.64535,41.46185],[-87.6465,41.45865],[-87.641,41.45885],[-87.64105,41.45985],[-87.6386,41.45985],[-87.6385,41.4608],[-87.63735,41.4606],[-87.6307,41.461],[-87.6229,41.4602],[-87.62295,41.46425],[-87.6184,41.4643],[-87.6202,41.46985],[-87.5776,41.47005],[-87.5775,41.4772],[-87.58695,41.4772],[-87.5904,41.4753],[-87.5945,41.481],[-87.5917,41.48105],[-87.5917,41.48305],[-87.58975,41.48465],[-87.587,41.48475],[-87.5871,41.48645],[-87.6026,41.48545],[-87.60495,41.4858],[-87.6064,41.48555],[-87.60635,41.48235],[-87.61125,41.48235],[-87.6112,41.48075],[-87.61605,41.4807],[-87.61605,41.4771],[-87.62075,41.4771]]]},"properties":{"kind":"neighbour","name":"Steger","region":"Cook County","lp":[-87.63664,41.46886]}},
{"type":"Feature","geometry":{"type":"Polygon","coordinates":[[[-88.20355,42.2944],[-88.20585,42.2934],[-88.20555,42.293],[-88.2074,42.2923],[-88.20845,42.29245],[-88.20835,42.28865],[-88.2042,42.28865],[-88.20345,42.2881],[-88.2034,42.28505],[-88.2108,42.28505],[-88.211,42.28235],[-88.2217,42.2818],[-88.22425,42.2811],[-88.2265,42.2799],[-88.22525,42.27895],[-88.22285,42.2757],[-88.2224,42.2714],[-88.22025,42.26785],[-88.2185,42.2678],[-88.2166,42.2636],[-88.20975,42.2632],[-88.2098,42.26055],[-88.20805,42.2603],[-88.20815,42.2561],[-88.2032,42.25605],[-88.20325,42.25965],[-88.2048,42.2597],[-88.2048,42.26125],[-88.20325,42.2612],[-88.20325,42.26325],[-88.20815,42.2633],[-88.20815,42.26755],[-88.20405,42.26875],[-88.19845,42.2687],[-88.19845,42.26915],[-88.196,42.2691],[-88.196,42.2682],[-88.1935,42.2682],[-88.1935,42.2705],[-88.19175,42.2703],[-88.1917,42.26695],[-88.1887,42.26695],[-88.18865,42.26315],[-88.18385,42.26315],[-88.18385,42.2602],[-88.17915,42.26015],[-88.17895,42.2615],[-88.17715,42.2623],[-88.174,42.26215],[-88.1741,42.26665],[-88.179,42.2662],[-88.17895,42.26405],[-88.18385,42.2668],[-88.18395,42.2777],[-88.1791,42.27765],[-88.17925,42.2812],[-88.18885,42.28135],[-88.18885,42.2836],[-88.18735,42.2841],[-88.17975,42.28405],[-88.1792,42.28815],[-88.17925,42.29225],[-88.1841,42.29225],[-88.18405,42.28855],[-88.1865,42.28855],[-88.1864,42.2849],[-88.19435,42.285],[-88.1949,42.2891],[-88.1965,42.2902],[-88.1967,42.29225],[-88.1986,42.29225],[-88.1987,42.29555],[-88.2015,42.29615],[-88.2015,42.30115],[-88.195,42.301],[-88.1936,42.2995],[-88.18905,42.2994],[-88.18885,42.3063],[-88.19885,42.30635],[-88.1988,42.3032],[-88.2036,42.30325],[-88.20355,42.2944]]]},"properties":{"kind":"neighbour","name":"Island Lake","region":"McHenry County","lp":[-88.19885,42.27772]}},
{"type":"Feature","geometry":{"type":"Polygon","coordinates":[[[-88.2821,42.10505],[-88.2821,42.1048],[-88.28455,42.10355],[-88.2769,42.09895],[-88.27535,42.0958],[-88.27325,42.0936],[-88.27265,42.0918],[-88.26765,42.09195],[-88.26755,42.09445],[-88.26155,42.0937],[-88.2613,42.0887],[-88.25785,42.08695],[-88.25795,42.08335],[-88.2573,42.08],[-88.25565,42.0797],[-88.2557,42.0829],[-88.2552,42.0877],[-88.25195,42.0873],[-88.2516,42.0889],[-88.2486,42.08755],[-88.24735,42.0891],[-88.2411,42.08635],[-88.24135,42.08395],[-88.2466,42.08445],[-88.2467,42.0819],[-88.2431,42.08155],[-88.24305,42.07145],[-88.2382,42.07155],[-88.2383,42.0851],[-88.23755,42.0848],[-88.23765,42.0749],[-88.23695,42.07555],[-88.23605,42.0756],[-88.2354,42.07445],[-88.234,42.0734],[-88.23155,42.0726],[-88.2298,42.07475],[-88.22845,42.0747],[-88.2285,42.0819],[-88.23555,42.08405],[-88.2335,42.08885],[-88.23015,42.09275],[-88.23825,42.09285],[-88.2383,42.114],[-88.24275,42.11405],[-88.2428,42.1057],[-88.2527,42.10505],[-88.2528,42.11445],[-88.25795,42.1144],[-88.2579,42.1046],[-88.2677,42.10375],[-88.26765,42.10685],[-88.2638,42.10715],[-88.2627,42.11045],[-88.26035,42.1106],[-88.2604,42.1138],[-88.26745,42.1139],[-88.26745,42.11015],[-88.2725,42.11025],[-88.27255,42.10665],[-88.27395,42.1047],[-88.2766,42.10525],[-88.2821,42.10505]]]},"properties":{"kind":"neighbour","name":"East Dundee","region":"Kane County","lp":[-88.24689,42.09725]}},
{"type":"Feature","geometry":{"type":"MultiPolygon","coordinates":[[[[-87.58755,41.5207],[-87.5828,41.52075],[-87.5822,41.524],[-87.59175,41.524],[-87.5917,41.52175],[-87.58895,41.52175],[-87.58895,41.5209],[-87.58755,41.5207]]],[[[-87.6361,41.56025],[-87.6361,41.5574],[-87.64095,41.55735],[-87.641,41.54965],[-87.63605,41.54965],[-87.63595,41.5388],[-87.63595,41.53795],[-87.6298,41.53795],[-87.6309,41.53525],[-87.62305,41.53535],[-87.62385,41.54245],[-87.6118,41.54255],[-87.6122,41.5389],[-87.61305,41.5371],[-87.6167,41.5315],[-87.61665,41.52975],[-87.6117,41.52975],[-87.6117,41.52805],[-87.6067,41.52805],[-87.60675,41.52475],[-87.6019,41.5247],[-87.60195,41.52805],[-87.5973,41.52795],[-87.597,41.52575],[-87.5904,41.52575],[-87.591,41.52475],[-87.58235,41.52465],[-87.5829,41.527],[-87.58305,41.53045],[-87.58395,41.5324],[-87.58455,41.5342],[-87.5831,41.5363],[-87.5832,41.5426],[-87.5854,41.54215],[-87.58765,41.5426],[-87.5973,41.54265],[-87.5974,41.5499],[-87.62645,41.54975],[-87.62665,41.5603],[-87.6361,41.56025]],[[-87.59515,41.52805],[-87.597,41.52715],[-87.59715,41.5379],[-87.59385,41.53695],[-87.59385,41.53535],[-87.59005,41.5354],[-87.5863,41.53465],[-87.58635,41.52805],[-87.59515,41.52805]],[[-87.60135,41.53935],[-87.60455,41.54055],[-87.60455,41.54165],[-87.60195,41.5421],[-87.60135,41.53935]],[[-87.6061,41.54265],[-87.60455,41.5404],[-87.60455,41.5383],[-87.60695,41.53825],[-87.60705,41.54245],[-87.6061,41.54265]]]]},"properties":{"kind":"neighbour","name":"Glenwood","region":"Cook County","lp":[-87.63022,41.54536]}},
{"type":"Feature","geometry":{"type":"Polygon","coordinates":[[[-86.9582,41.6933],[-86.9326,41.7047],[-86.93275,41.71015],[-86.94535,41.70635],[-86.953,41.7037],[-86.9559,41.70235],[-86.9629,41.6999],[-86.96975,41.69705],[-86.98125,41.6927],[-86.9862,41.69055],[-87.00405,41.6839],[-87.0098,41.68165],[-87.0096,41.6623],[-86.994,41.6685],[-86.99095,41.67025],[-86.97115,41.67875],[-86.97135,41.6893],[-86.96725,41.69125],[-86.96175,41.69135],[-86.9582,41.6933]]]},"properties":{"kind":"neighbour","name":"Beverly Shores","region":"Porter County, Indiana","lp":[-87.00052,41.67562]}},
{"type":"Feature","geometry":{"type":"Polygon","coordinates":[[[-87.65155,41.65545],[-87.6513,41.6486],[-87.6472,41.64865],[-87.64915,41.64715],[-87.6577,41.64705],[-87.66035,41.6484],[-87.6696,41.64825],[-87.6697,41.64775],[-87.66895,41.64575],[-87.66665,41.64435],[-87.66505,41.64225],[-87.6628,41.64075],[-87.6576,41.6411],[-87.65665,41.6424],[-87.6564,41.6407],[-87.65145,41.64065],[-87.65105,41.63295],[-87.6495,41.63125],[-87.64915,41.62985],[-87.6172,41.6299],[-87.6172,41.64415],[-87.6178,41.6446],[-87.6175,41.6446],[-87.61755,41.65],[-87.62135,41.6504],[-87.61935,41.65465],[-87.6184,41.6588],[-87.6197,41.65875],[-87.61995,41.6592],[-87.6198,41.66065],[-87.62185,41.6617],[-87.6247,41.6613],[-87.63095,41.6575],[-87.63635,41.6571],[-87.6412,41.65745],[-87.64685,41.65705],[-87.65155,41.65545]]]},"properties":{"kind":"neighbour","name":"Riverdale","region":"Cook County","lp":[-87.6334,41.64352]}},
{"type":"Feature","geometry":{"type":"Polygon","coordinates":[[[-87.70185,41.56465],[-87.70645,41.5645],[-87.70645,41.56405],[-87.7039,41.56385],[-87.70385,41.56355],[-87.70645,41.56345],[-87.70645,41.56285],[-87.7036,41.5628],[-87.7039,41.55715],[-87.7136,41.55715],[-87.71345,41.54975],[-87.69855,41.54985],[-87.699,41.55715],[-87.6942,41.55715],[-87.6943,41.56195],[-87.6901,41.56195],[-87.69025,41.5644],[-87.6844,41.5644],[-87.68445,41.56805],[-87.68005,41.5681],[-87.67985,41.57175],[-87.6655,41.5718],[-87.66555,41.579],[-87.65595,41.57905],[-87.6559,41.58635],[-87.6848,41.5863],[-87.68485,41.5828],[-87.68835,41.5827],[-87.68845,41.5863],[-87.7066,41.5862],[-87.70655,41.5766],[-87.7102,41.57655],[-87.71015,41.5728],[-87.70825,41.5717],[-87.70405,41.5717],[-87.70405,41.56805],[-87.70175,41.56805],[-87.70185,41.56465]]]},"properties":{"kind":"neighbour","name":"Hazel Crest","region":"Cook County","lp":[-87.69343,41.57402]}},
{"type":"Feature","geometry":{"type":"Polygon","coordinates":[[[-88.4836,41.885],[-88.48625,41.885],[-88.4871,41.88245],[-88.4839,41.88245],[-88.4839,41.8814],[-88.47255,41.8814],[-88.4725,41.8848],[-88.4712,41.88555],[-88.4675,41.8855],[-88.4675,41.88635],[-88.4613,41.8865],[-88.4613,41.8816],[-88.46625,41.8816],[-88.46625,41.87995],[-88.46765,41.8791],[-88.47255,41.879],[-88.47255,41.87815],[-88.46755,41.87825],[-88.4678,41.87395],[-88.46315,41.8739],[-88.4614,41.872],[-88.4614,41.8673],[-88.45345,41.86735],[-88.45585,41.86345],[-88.4533,41.8635],[-88.4533,41.8615],[-88.4567,41.86165],[-88.45725,41.86335],[-88.46065,41.8646],[-88.46525,41.86445],[-88.46525,41.86315],[-88.4578,41.8631],[-88.4577,41.85975],[-88.44865,41.8597],[-88.4484,41.86455],[-88.4461,41.8627],[-88.44585,41.8664],[-88.44895,41.86565],[-88.44935,41.8665],[-88.4445,41.869],[-88.44245,41.86955],[-88.4433,41.88015],[-88.44425,41.88175],[-88.4483,41.8817],[-88.44825,41.88955],[-88.44325,41.88915],[-88.44315,41.8935],[-88.45295,41.8934],[-88.4529,41.90525],[-88.4675,41.90355],[-88.46765,41.91395],[-88.47255,41.9139],[-88.47245,41.90305],[-88.47535,41.90285],[-88.47535,41.8957],[-88.4792,41.89555],[-88.4804,41.89335],[-88.4775,41.89335],[-88.47835,41.8904],[-88.4753,41.8904],[-88.4753,41.88985],[-88.482,41.88985],[-88.4837,41.8889],[-88.4836,41.885]]]},"properties":{"kind":"neighbour","name":"Elburn","region":"Kane County","lp":[-88.45396,41.87559]}},
{"type":"Feature","geometry":{"type":"Polygon","coordinates":[[[-87.75885,42.15225],[-87.7794,42.1524],[-87.77975,42.14985],[-87.78425,42.15],[-87.78475,42.1379],[-87.77985,42.13785],[-87.78,42.13425],[-87.7776,42.1342],[-87.7776,42.1325],[-87.77565,42.13245],[-87.7755,42.12705],[-87.77025,42.12685],[-87.77025,42.12335],[-87.78485,42.12345],[-87.78255,42.1198],[-87.7801,42.11615],[-87.77555,42.11605],[-87.77535,42.1197],[-87.7513,42.11965],[-87.7463,42.11955],[-87.74155,42.11935],[-87.74175,42.1289],[-87.74435,42.13265],[-87.74865,42.1375],[-87.75345,42.1439],[-87.75885,42.15225]]]},"properties":{"kind":"neighbour","name":"Glencoe","region":"Cook County","lp":[-87.76481,42.13855]}},
{"type":"Feature","geometry":{"type":"Polygon","coordinates":[[[-87.9014,41.84815],[-87.9168,41.8478],[-87.9187,41.84635],[-87.9187,41.83755],[-87.91795,41.8332],[-87.87855,41.83415],[-87.8786,41.83715],[-87.8811,41.83715],[-87.88105,41.8394],[-87.88385,41.8394],[-87.88305,41.8416],[-87.8805,41.8427],[-87.88155,41.8451],[-87.88165,41.84945],[-87.87815,41.84875],[-87.86705,41.84905],[-87.8681,41.87105],[-87.8779,41.8707],[-87.88285,41.8709],[-87.8822,41.85745],[-87.8853,41.8572],[-87.8854,41.859],[-87.88745,41.8593],[-87.88725,41.85575],[-87.8945,41.8556],[-87.8948,41.8629],[-87.90135,41.8627],[-87.90105,41.85265],[-87.9002,41.8482],[-87.8965,41.84825],[-87.8963,41.84465],[-87.9012,41.84455],[-87.9014,41.84815]],[[-87.90575,41.83805],[-87.9057,41.83625],[-87.9106,41.83625],[-87.91065,41.83775],[-87.90575,41.83805]]]},"properties":{"kind":"neighbour","name":"Westchester","region":"Cook County","lp":[-87.88906,41.84816]}},
{"type":"Feature","geometry":{"type":"Polygon","coordinates":[[[-87.6651,41.5497],[-87.6743,41.54995],[-87.6748,41.55175],[-87.69405,41.5515],[-87.69405,41.54985],[-87.71345,41.54975],[-87.7134,41.54165],[-87.7115,41.5425],[-87.69635,41.5425],[-87.6962,41.53875],[-87.697,41.53705],[-87.69855,41.53705],[-87.70005,41.53525],[-87.70005,41.53345],[-87.6981,41.53345],[-87.6981,41.5315],[-87.6989,41.53025],[-87.7008,41.5291],[-87.7036,41.5291],[-87.70415,41.53925],[-87.7134,41.5393],[-87.7133,41.52795],[-87.6738,41.52785],[-87.67365,41.53915],[-87.67235,41.53925],[-87.67145,41.54205],[-87.66715,41.54205],[-87.66715,41.5322],[-87.66955,41.53215],[-87.66965,41.52785],[-87.65505,41.52775],[-87.65505,41.53895],[-87.6627,41.539],[-87.66485,41.5424],[-87.6651,41.5497]]]},"properties":{"kind":"neighbour","name":"Flossmoor","region":"Cook County","lp":[-87.68368,41.54121]}},
{"type":"Feature","geometry":{"type":"MultiPolygon","coordinates":[[[[-88.11625,42.1687],[-88.11775,42.1687],[-88.1213,42.1664],[-88.1213,42.1653],[-88.1163,42.1653],[-88.11625,42.1687]]],[[[-88.1163,42.1825],[-88.1164,42.18045],[-88.11385,42.18045],[-88.11385,42.1786],[-88.1163,42.1795],[-88.12105,42.1795],[-88.12115,42.17595],[-88.12845,42.17595],[-88.1285,42.17375],[-88.12385,42.17345],[-88.1221,42.174],[-88.12075,42.17195],[-88.126,42.172],[-88.12605,42.1687],[-88.12125,42.16865],[-88.1213,42.1667],[-88.11785,42.169],[-88.1136,42.1732],[-88.1017,42.1731],[-88.1019,42.15405],[-88.08995,42.154],[-88.08995,42.1549],[-88.0892,42.1549],[-88.0892,42.15395],[-88.0826,42.15395],[-88.08265,42.1528],[-88.08145,42.1528],[-88.08145,42.1539],[-88.06285,42.15385],[-88.0629,42.1521],[-88.06225,42.15215],[-88.06225,42.1526],[-88.0592,42.15255],[-88.0604,42.1532],[-88.0604,42.15385],[-88.0504,42.1538],[-88.0502,42.15325],[-88.05015,42.1538],[-88.03855,42.15375],[-88.04335,42.15735],[-88.0482,42.16005],[-88.05555,42.16355],[-88.06135,42.1658],[-88.0628,42.16625],[-88.0628,42.1629],[-88.06765,42.1629],[-88.06765,42.16475],[-88.0696,42.16565],[-88.07255,42.1656],[-88.0725,42.1684],[-88.0847,42.1684],[-88.0847,42.17025],[-88.08235,42.1702],[-88.08235,42.17205],[-88.08715,42.1721],[-88.08715,42.1757],[-88.092,42.17575],[-88.09205,42.183],[-88.10165,42.18305],[-88.10165,42.17515],[-88.11165,42.17525],[-88.10395,42.18305],[-88.1114,42.1831],[-88.1114,42.18495],[-88.11385,42.18495],[-88.11385,42.18175],[-88.1163,42.1825]],[[-88.08965,42.1612],[-88.09205,42.16125],[-88.092,42.1685],[-88.0882,42.16845],[-88.08825,42.1612],[-88.08965,42.1612]]],[[[-88.0725,42.1684],[-88.06855,42.16835],[-88.06855,42.16745],[-88.06765,42.16745],[-88.06765,42.16835],[-88.06945,42.16965],[-88.07145,42.172],[-88.0725,42.172],[-88.0725,42.1684]]]]},"properties":{"kind":"neighbour","name":"Deer Park","region":"Lake County","lp":[-88.07826,42.16115]}},
{"type":"Feature","geometry":{"type":"Polygon","coordinates":[[[-88.28655,42.38225],[-88.286,42.39135],[-88.2892,42.39175],[-88.2897,42.39305],[-88.2817,42.39315],[-88.28155,42.40035],[-88.28,42.40035],[-88.28145,42.404],[-88.28475,42.404],[-88.2863,42.40515],[-88.28635,42.4076],[-88.2876,42.4099],[-88.2839,42.40995],[-88.28515,42.41295],[-88.2876,42.4129],[-88.286,42.41485],[-88.3055,42.41475],[-88.30545,42.40695],[-88.301,42.4067],[-88.30105,42.40585],[-88.3054,42.40605],[-88.30475,42.40305],[-88.3115,42.4031],[-88.3114,42.4056],[-88.31445,42.4056],[-88.31445,42.4003],[-88.3157,42.4003],[-88.3157,42.41115],[-88.317,42.4128],[-88.33195,42.4127],[-88.33195,42.4074],[-88.3354,42.4074],[-88.3354,42.40535],[-88.33255,42.4038],[-88.33275,42.4016],[-88.33545,42.4016],[-88.33545,42.3947],[-88.3306,42.39465],[-88.33055,42.40015],[-88.3281,42.4002],[-88.3305,42.40275],[-88.3308,42.41185],[-88.31815,42.41195],[-88.3206,42.4111],[-88.3206,42.3985],[-88.3231,42.3994],[-88.3232,42.39025],[-88.3207,42.3903],[-88.32075,42.38575],[-88.3005,42.38575],[-88.3023,42.38215],[-88.311,42.3822],[-88.311,42.3808],[-88.31975,42.3851],[-88.3219,42.3865],[-88.3236,42.38815],[-88.32435,42.3875],[-88.3215,42.3851],[-88.30825,42.37855],[-88.30545,42.37755],[-88.30455,42.37855],[-88.29635,42.3785],[-88.29635,42.38215],[-88.28655,42.38225]],[[-88.2987,42.40945],[-88.2987,42.4075],[-88.301,42.4075],[-88.301,42.40945],[-88.2987,42.40945]]]},"properties":{"kind":"neighbour","name":"Ringwood","region":"McHenry County","lp":[-88.29897,42.39544]}},
{"type":"Feature","geometry":{"type":"MultiPolygon","coordinates":[[[[-87.58695,41.4772],[-87.5851,41.4772],[-87.58525,41.48445],[-87.5858,41.48445],[-87.5859,41.4909],[-87.59725,41.49085],[-87.59675,41.4858],[-87.5871,41.48645],[-87.587,41.48475],[-87.58975,41.48465],[-87.5917,41.48305],[-87.5917,41.48105],[-87.5945,41.481],[-87.5908,41.4794],[-87.58985,41.4782],[-87.58695,41.4772]]],[[[-87.58685,41.50025],[-87.58695,41.49855],[-87.59685,41.49855],[-87.5972,41.49185],[-87.5849,41.49185],[-87.58445,41.4772],[-87.5775,41.4772],[-87.5776,41.47],[-87.575,41.47],[-87.57495,41.4703],[-87.57205,41.47025],[-87.57215,41.47735],[-87.5653,41.48085],[-87.5628,41.48085],[-87.56285,41.484],[-87.56025,41.48185],[-87.55795,41.48175],[-87.558,41.48465],[-87.5548,41.4846],[-87.55475,41.4806],[-87.55305,41.47885],[-87.553,41.4769],[-87.5482,41.4774],[-87.5482,41.48045],[-87.54335,41.4805],[-87.54325,41.47815],[-87.53855,41.47805],[-87.53865,41.48325],[-87.54015,41.4847],[-87.5483,41.48465],[-87.54835,41.48825],[-87.55245,41.48805],[-87.55335,41.5029],[-87.5582,41.50285],[-87.55825,41.5065],[-87.5532,41.5065],[-87.55335,41.51385],[-87.5583,41.5138],[-87.5582,41.5073],[-87.5621,41.5073],[-87.5628,41.50645],[-87.57265,41.5063],[-87.57435,41.50595],[-87.57665,41.50405],[-87.5775,41.50275],[-87.5784,41.50265],[-87.57835,41.49865],[-87.58235,41.49865],[-87.5829,41.5043],[-87.58515,41.50205],[-87.58725,41.50195],[-87.58685,41.50025]],[[-87.56295,41.4928],[-87.5631,41.49615],[-87.5654,41.49625],[-87.5654,41.4986],[-87.55815,41.4985],[-87.55805,41.4929],[-87.56295,41.4928]],[[-87.57025,41.4846],[-87.5702,41.48235],[-87.5738,41.48235],[-87.57255,41.4846],[-87.57025,41.4846]]]]},"properties":{"kind":"neighbour","name":"Sauk Village","region":"Cook County","lp":[-87.5728,41.49295]}},
{"type":"Feature","geometry":{"type":"Polygon","coordinates":[[[-87.9209,42.17385],[-87.9216,42.1718],[-87.9232,42.17185],[-87.92145,42.16615],[-87.91655,42.16605],[-87.91345,42.16545],[-87.9138,42.1628],[-87.92035,42.16285],[-87.91825,42.1608],[-87.914,42.1609],[-87.91095,42.15905],[-87.90495,42.1591],[-87.9049,42.15675],[-87.89955,42.15695],[-87.89715,42.156],[-87.89725,42.15305],[-87.8835,42.15295],[-87.88405,42.1575],[-87.88375,42.16125],[-87.8829,42.1666],[-87.8816,42.16735],[-87.87655,42.16775],[-87.8745,42.1691],[-87.8745,42.1737],[-87.87615,42.182],[-87.8793,42.18745],[-87.88135,42.19005],[-87.8824,42.1904],[-87.8843,42.19295],[-87.8868,42.19295],[-87.88685,42.191],[-87.8917,42.19105],[-87.89655,42.19195],[-87.8985,42.19105],[-87.90615,42.19115],[-87.9064,42.18705],[-87.90155,42.187],[-87.90155,42.18565],[-87.8991,42.18565],[-87.8992,42.182],[-87.90315,42.18205],[-87.9032,42.1788],[-87.90165,42.17775],[-87.9017,42.1748],[-87.91635,42.175],[-87.9164,42.17295],[-87.91845,42.17385],[-87.9209,42.17385]]]},"properties":{"kind":"neighbour","name":"Riverwoods","region":"Lake County","lp":[-87.88837,42.17733]}},
{"type":"Feature","geometry":{"type":"MultiPolygon","coordinates":[[[[-87.90305,42.26375],[-87.89485,42.2637],[-87.89485,42.2664],[-87.8981,42.26645],[-87.89805,42.26915],[-87.9069,42.2692],[-87.9073,42.27135],[-87.91115,42.27245],[-87.9061,42.26555],[-87.90415,42.2634],[-87.90305,42.26375]]],[[[-87.93185,42.3201],[-87.9319,42.31465],[-87.93315,42.31465],[-87.93435,42.3129],[-87.93175,42.31285],[-87.93175,42.31125],[-87.9295,42.31125],[-87.92955,42.3056],[-87.92465,42.30555],[-87.9247,42.3018],[-87.92195,42.3018],[-87.9248,42.2941],[-87.92475,42.28555],[-87.9271,42.2857],[-87.92715,42.28405],[-87.9284,42.2826],[-87.9273,42.2826],[-87.928,42.28115],[-87.9249,42.2801],[-87.9249,42.27785],[-87.92595,42.2763],[-87.9198,42.27645],[-87.9205,42.2787],[-87.9183,42.27925],[-87.91715,42.27645],[-87.9151,42.27645],[-87.9151,42.27985],[-87.91125,42.27985],[-87.91255,42.2763],[-87.91135,42.2727],[-87.90985,42.2737],[-87.9007,42.2774],[-87.90065,42.27975],[-87.89355,42.27995],[-87.8937,42.2764],[-87.8857,42.2763],[-87.88565,42.28355],[-87.89055,42.2836],[-87.89165,42.28485],[-87.89055,42.2872],[-87.8835,42.28705],[-87.8869,42.2908],[-87.89125,42.29085],[-87.89125,42.2871],[-87.89235,42.2871],[-87.8924,42.2836],[-87.89815,42.2837],[-87.8995,42.2879],[-87.89995,42.29095],[-87.90435,42.291],[-87.9098,42.28215],[-87.9092,42.28015],[-87.91425,42.28015],[-87.9132,42.2817],[-87.91135,42.2819],[-87.90475,42.29195],[-87.9033,42.29615],[-87.90325,42.2991],[-87.90485,42.3087],[-87.90655,42.31135],[-87.9059,42.31165],[-87.9032,42.31155],[-87.9051,42.31545],[-87.90495,42.3164],[-87.9049,42.32005],[-87.9066,42.32005],[-87.9072,42.3237],[-87.91465,42.3237],[-87.9147,42.3209],[-87.9196,42.3209],[-87.91955,42.32375],[-87.9246,42.32375],[-87.9247,42.31815],[-87.92945,42.3182],[-87.9294,42.32005],[-87.93185,42.3201]],[[-87.91975,42.3055],[-87.9228,42.3059],[-87.929,42.30595],[-87.9289,42.3128],[-87.91475,42.31275],[-87.91475,42.3094],[-87.91975,42.30655],[-87.91975,42.3055]]]]},"properties":{"kind":"neighbour","name":"Green Oaks","region":"Lake County","lp":[-87.91322,42.29712]}},
{"type":"Feature","geometry":{"type":"Polygon","coordinates":[[[-87.7778,41.82155],[-87.77905,41.8654],[-87.8042,41.865],[-87.8026,41.82115],[-87.7778,41.82155]]]},"properties":{"kind":"neighbour","name":"Berwyn","region":"Cook County","lp":[-87.79122,41.85266]}},
{"type":"Feature","geometry":{"type":"Polygon","coordinates":[[[-87.7463,42.11955],[-87.7704,42.11975],[-87.7707,42.1088],[-87.76105,42.10865],[-87.76105,42.10505],[-87.75635,42.10485],[-87.75635,42.09755],[-87.7529,42.09745],[-87.7515,42.09945],[-87.75155,42.09395],[-87.74175,42.0938],[-87.74185,42.09005],[-87.7397,42.0889],[-87.73705,42.08875],[-87.7362,42.08835],[-87.7363,42.0915],[-87.7357,42.09265],[-87.7296,42.09375],[-87.7266,42.0934],[-87.726,42.0918],[-87.7175,42.0917],[-87.7175,42.0935],[-87.7131,42.09345],[-87.7108,42.09545],[-87.71465,42.0984],[-87.72615,42.1092],[-87.73055,42.1147],[-87.73055,42.1164],[-87.7356,42.12015],[-87.7417,42.12845],[-87.74155,42.11935],[-87.7463,42.11955]]]},"properties":{"kind":"neighbour","name":"Winnetka","region":"Cook County","lp":[-87.74064,42.10664]}},
{"type":"Feature","geometry":{"type":"MultiPolygon","coordinates":[[[[-87.8155,41.6572],[-87.8131,41.6568],[-87.813,41.65495],[-87.8154,41.6538],[-87.81505,41.64825],[-87.8185,41.65025],[-87.82015,41.64985],[-87.81985,41.64565],[-87.80535,41.646],[-87.8057,41.6533],[-87.7822,41.65375],[-87.7819,41.64645],[-87.77215,41.6466],[-87.7725,41.6539],[-87.7717,41.6563],[-87.7759,41.65625],[-87.7774,41.65665],[-87.77765,41.66105],[-87.77315,41.66115],[-87.77265,41.66405],[-87.77285,41.66855],[-87.76855,41.6685],[-87.77805,41.67185],[-87.77815,41.67365],[-87.8116,41.68005],[-87.81205,41.6793],[-87.81645,41.68095],[-87.8161,41.675],[-87.81375,41.67495],[-87.8138,41.6713],[-87.81605,41.6706],[-87.8159,41.6676],[-87.8116,41.66775],[-87.81255,41.66615],[-87.8109,41.6639],[-87.8111,41.66265],[-87.8104,41.6572],[-87.8155,41.6572]]],[[[-87.809,41.6803],[-87.8066,41.68255],[-87.80685,41.68445],[-87.8094,41.6843],[-87.80985,41.683],[-87.8112,41.6807],[-87.809,41.6803]]]]},"properties":{"kind":"neighbour","name":"Palos Heights","region":"Cook County","lp":[-87.7989,41.66543]}},
{"type":"Feature","geometry":{"type":"Polygon","coordinates":[[[-87.9513,42.11655],[-87.9465,42.11655],[-87.94645,42.1096],[-87.9499,42.10965],[-87.9499,42.1071],[-87.9513,42.10695],[-87.9519,42.1026],[-87.96105,42.1027],[-87.96395,42.10155],[-87.9677,42.10405],[-87.96865,42.1033],[-87.96905,42.10275],[-87.96695,42.1027],[-87.9659,42.10105],[-87.9654,42.096],[-87.96165,42.0955],[-87.95875,42.097],[-87.9562,42.0963],[-87.95615,42.099],[-87.9513,42.09895],[-87.9513,42.0954],[-87.93675,42.09525],[-87.9368,42.08805],[-87.9149,42.0878],[-87.91485,42.09155],[-87.90765,42.09155],[-87.9079,42.0947],[-87.905,42.09515],[-87.90495,42.1024],[-87.88455,42.10205],[-87.8832,42.10055],[-87.88325,42.0984],[-87.88055,42.09835],[-87.8807,42.10215],[-87.87825,42.1022],[-87.8783,42.10545],[-87.88745,42.10545],[-87.88795,42.1051],[-87.89375,42.11475],[-87.90765,42.1146],[-87.9077,42.1],[-87.90805,42.09515],[-87.91305,42.0952],[-87.9157,42.09975],[-87.9174,42.10065],[-87.9174,42.10245],[-87.92225,42.10245],[-87.92225,42.1043],[-87.9271,42.10435],[-87.9271,42.10905],[-87.9301,42.10975],[-87.9319,42.11095],[-87.93195,42.1134],[-87.9368,42.1134],[-87.93675,42.11885],[-87.93355,42.1186],[-87.93355,42.1161],[-87.93195,42.1161],[-87.9319,42.12295],[-87.93275,42.1236],[-87.93745,42.12365],[-87.93745,42.12305],[-87.9368,42.12065],[-87.94165,42.1207],[-87.9417,42.1243],[-87.9514,42.12435],[-87.9513,42.11655]]]},"properties":{"kind":"neighbour","name":"Prospect Heights","region":"Cook County","lp":[-87.93874,42.10449]}},
{"type":"Feature","geometry":{"type":"Polygon","coordinates":[[[-87.83475,41.7163],[-87.8372,41.71685],[-87.83725,41.7182],[-87.84685,41.71795],[-87.8459,41.69355],[-87.84555,41.6889],[-87.8463,41.6853],[-87.82865,41.68345],[-87.81725,41.68185],[-87.8112,41.6807],[-87.8095,41.68395],[-87.80945,41.68775],[-87.80715,41.68785],[-87.80725,41.69375],[-87.8104,41.694],[-87.8105,41.69465],[-87.79785,41.69995],[-87.79805,41.7044],[-87.81145,41.70415],[-87.8116,41.70885],[-87.8111,41.7093],[-87.8128,41.71135],[-87.8176,41.71125],[-87.81775,41.7149],[-87.82245,41.7148],[-87.8224,41.71115],[-87.83215,41.711],[-87.83225,41.71625],[-87.83475,41.7163]],[[-87.8365,41.69635],[-87.84135,41.69625],[-87.84145,41.69865],[-87.8389,41.69865],[-87.8389,41.6972],[-87.8365,41.69635]],[[-87.8414,41.6999],[-87.8439,41.69985],[-87.844,41.70165],[-87.84135,41.70175],[-87.8414,41.6999]]]},"properties":{"kind":"neighbour","name":"Palos Hills","region":"Cook County","lp":[-87.8235,41.69831]}},
{"type":"Feature","geometry":{"type":"MultiPolygon","coordinates":[[[[-88.3463,42.11785],[-88.3463,42.11565],[-88.34985,42.11515],[-88.3498,42.11065],[-88.3547,42.11055],[-88.3547,42.107],[-88.3522,42.10705],[-88.3522,42.10345],[-88.33995,42.1035],[-88.33995,42.1051],[-88.33685,42.10545],[-88.33515,42.1062],[-88.3352,42.1034],[-88.33015,42.1033],[-88.33025,42.10695],[-88.3275,42.1069],[-88.32555,42.1061],[-88.32545,42.1105],[-88.3157,42.11025],[-88.3154,42.10265],[-88.31235,42.1013],[-88.30645,42.1008],[-88.29675,42.09915],[-88.2969,42.0935],[-88.2934,42.0923],[-88.2915,42.09085],[-88.2919,42.0892],[-88.2968,42.0892],[-88.2968,42.08135],[-88.2932,42.08095],[-88.2893,42.082],[-88.2891,42.07915],[-88.2913,42.0785],[-88.29175,42.07665],[-88.2967,42.07735],[-88.2966,42.0742],[-88.2919,42.0742],[-88.28915,42.07415],[-88.2862,42.0751],[-88.2797,42.07425],[-88.27735,42.07425],[-88.2772,42.067],[-88.2736,42.067],[-88.2732,42.0695],[-88.27455,42.0729],[-88.27345,42.0741],[-88.2783,42.08215],[-88.2801,42.08445],[-88.2801,42.08585],[-88.2761,42.0876],[-88.2753,42.0901],[-88.2735,42.0919],[-88.27325,42.0936],[-88.27535,42.0958],[-88.2769,42.09895],[-88.2847,42.10345],[-88.2869,42.1032],[-88.2972,42.1031],[-88.2973,42.10795],[-88.3057,42.10815],[-88.3109,42.1117],[-88.3207,42.11655],[-88.3226,42.1177],[-88.32265,42.11405],[-88.3255,42.1141],[-88.3255,42.11775],[-88.3463,42.11785]]],[[[-88.3154,42.10265],[-88.31685,42.10305],[-88.3254,42.10325],[-88.32565,42.09975],[-88.3352,42.10005],[-88.33515,42.09625],[-88.31565,42.0959],[-88.3154,42.10265]]]]},"properties":{"kind":"neighbour","name":"West Dundee","region":"Kane County","lp":[-88.2843,42.09401]}},
{"type":"Feature","geometry":{"type":"Polygon","coordinates":[[[-87.79485,41.7477],[-87.7979,41.749],[-87.7998,41.7505],[-87.79955,41.74445],[-87.79895,41.7412],[-87.79455,41.7409],[-87.7945,41.74015],[-87.79855,41.7395],[-87.7984,41.73665],[-87.79545,41.73355],[-87.74135,41.7345],[-87.74125,41.73685],[-87.7419,41.7565],[-87.7464,41.7564],[-87.7492,41.75455],[-87.75125,41.7545],[-87.75135,41.75655],[-87.761,41.75645],[-87.76145,41.7561],[-87.78075,41.75545],[-87.78035,41.7521],[-87.7946,41.7518],[-87.79485,41.7477]]]},"properties":{"kind":"neighbour","name":"Burbank","region":"Cook County","lp":[-87.75759,41.74539]}},
{"type":"Feature","geometry":{"type":"MultiPolygon","coordinates":[[[[-87.9147,41.7259],[-87.9145,41.7223],[-87.90505,41.7271],[-87.90805,41.727],[-87.90995,41.72815],[-87.9121,41.7281],[-87.9122,41.7259],[-87.9147,41.7259]]],[[[-87.9249,41.713],[-87.92715,41.71265],[-87.92845,41.7116],[-87.92895,41.71115],[-87.92955,41.7091],[-87.9313,41.70905],[-87.9351,41.7072],[-87.93595,41.70595],[-87.93695,41.7052],[-87.94065,41.7036],[-87.93945,41.70195],[-87.94215,41.7006],[-87.94225,41.69985],[-87.94165,41.69895],[-87.92375,41.7081],[-87.9238,41.7091],[-87.9143,41.71405],[-87.90895,41.71635],[-87.8933,41.72155],[-87.88955,41.72435],[-87.87615,41.7246],[-87.8765,41.73185],[-87.8575,41.73235],[-87.85775,41.7396],[-87.84805,41.7398],[-87.84835,41.74705],[-87.85435,41.74695],[-87.8567,41.749],[-87.8531,41.75155],[-87.85025,41.7544],[-87.86135,41.75425],[-87.86555,41.75075],[-87.8672,41.75155],[-87.8805,41.73915],[-87.87535,41.74695],[-87.8771,41.74755],[-87.88355,41.7392],[-87.88425,41.7397],[-87.88395,41.7402],[-87.88605,41.74015],[-87.8863,41.7464],[-87.8924,41.74625],[-87.89255,41.75115],[-87.89435,41.75025],[-87.89425,41.7474],[-87.89505,41.7461],[-87.89605,41.7461],[-87.8959,41.7425],[-87.9056,41.74235],[-87.9055,41.7399],[-87.90245,41.73875],[-87.90055,41.7388],[-87.9004,41.7325],[-87.90125,41.73145],[-87.8968,41.7315],[-87.89735,41.734],[-87.89555,41.734],[-87.89525,41.7282],[-87.90175,41.7241],[-87.90695,41.72405],[-87.9072,41.7255],[-87.91445,41.7218],[-87.91425,41.7166],[-87.92155,41.71625],[-87.9249,41.713]]]]},"properties":{"kind":"neighbour","name":"Willow Springs","region":"Cook County","lp":[-87.86643,41.74066]}},
{"type":"Feature","geometry":{"type":"Polygon","coordinates":[[[-88.4103,42.08515],[-88.41305,42.08515],[-88.41315,42.08875],[-88.4159,42.0887],[-88.42055,42.0828],[-88.42295,42.08505],[-88.4283,42.0879],[-88.4285,42.0887],[-88.42635,42.08905],[-88.423,42.0887],[-88.42295,42.0959],[-88.4278,42.0959],[-88.42785,42.10875],[-88.4286,42.1101],[-88.43055,42.11035],[-88.4305,42.1065],[-88.4327,42.1049],[-88.4365,42.1049],[-88.43655,42.10675],[-88.4327,42.10675],[-88.4327,42.1104],[-88.4425,42.11035],[-88.4425,42.10785],[-88.4505,42.1077],[-88.4538,42.1055],[-88.45475,42.10375],[-88.45465,42.09585],[-88.46195,42.09585],[-88.462,42.0886],[-88.46505,42.08865],[-88.46565,42.08745],[-88.4622,42.0852],[-88.4632,42.0819],[-88.4561,42.0792],[-88.45205,42.0834],[-88.4504,42.0828],[-88.4506,42.07925],[-88.44735,42.07765],[-88.4473,42.0742],[-88.437,42.0742],[-88.4371,42.0812],[-88.43245,42.0811],[-88.4324,42.07635],[-88.4237,42.072],[-88.42305,42.0668],[-88.423,42.0614],[-88.42145,42.0614],[-88.42145,42.0642],[-88.4146,42.0657],[-88.41445,42.065],[-88.41135,42.0658],[-88.41065,42.06705],[-88.4113,42.06755],[-88.4151,42.0713],[-88.41695,42.0756],[-88.40995,42.07645],[-88.4103,42.08515]],[[-88.44015,42.09585],[-88.44015,42.09975],[-88.4376,42.0997],[-88.4338,42.0959],[-88.44015,42.09585]],[[-88.44625,42.09665],[-88.4474,42.0967],[-88.4474,42.1067],[-88.4425,42.1067],[-88.4425,42.1043],[-88.4439,42.1043],[-88.4439,42.09955],[-88.4425,42.09955],[-88.4425,42.09585],[-88.44625,42.09665]],[[-88.44735,42.08865],[-88.45675,42.0886],[-88.4567,42.0915],[-88.4549,42.09405],[-88.4545,42.09585],[-88.4474,42.09585],[-88.44735,42.08865]]]},"properties":{"kind":"neighbour","name":"Pingree Grove","region":"Kane County","lp":[-88.4396,42.08831]}},
{"type":"Feature","geometry":{"type":"MultiPolygon","coordinates":[[[[-87.65155,41.65545],[-87.65525,41.65545],[-87.66065,41.65465],[-87.67365,41.6517],[-87.6896,41.6517],[-87.69195,41.65085],[-87.6919,41.64795],[-87.6943,41.6479],[-87.6941,41.64065],[-87.69875,41.63715],[-87.6986,41.6328],[-87.6889,41.63295],[-87.6892,41.6407],[-87.66505,41.64115],[-87.66325,41.64055],[-87.6628,41.64075],[-87.66505,41.64225],[-87.66665,41.64435],[-87.66895,41.64575],[-87.6697,41.6474],[-87.66925,41.6488],[-87.6678,41.6496],[-87.6639,41.6504],[-87.65995,41.65205],[-87.6547,41.6532],[-87.65155,41.65545]]],[[[-87.6949,41.66335],[-87.6998,41.66345],[-87.70175,41.66235],[-87.70465,41.66305],[-87.70955,41.6657],[-87.7095,41.6629],[-87.7081,41.66225],[-87.7046,41.6623],[-87.7045,41.65955],[-87.7023,41.6597],[-87.69455,41.65635],[-87.69455,41.6551],[-87.6907,41.6552],[-87.6898,41.6525],[-87.6743,41.6525],[-87.6695,41.65325],[-87.6606,41.65545],[-87.66075,41.6586],[-87.66315,41.6594],[-87.6656,41.65925],[-87.66575,41.66285],[-87.6706,41.66275],[-87.6708,41.66615],[-87.66935,41.67005],[-87.66305,41.6703],[-87.66275,41.67225],[-87.66625,41.67215],[-87.66635,41.6758],[-87.66705,41.67585],[-87.6684,41.6771],[-87.6862,41.6769],[-87.6865,41.67715],[-87.69535,41.67705],[-87.69495,41.66655],[-87.69375,41.66385],[-87.6949,41.66335]]]]},"properties":{"kind":"neighbour","name":"Blue Island","region":"Cook County","lp":[-87.68222,41.66423]}},
{"type":"Feature","geometry":{"type":"Polygon","coordinates":[[[-87.8701,42.28895],[-87.8737,42.28775],[-87.87585,42.29055],[-87.8761,42.29425],[-87.88555,42.2943],[-87.8856,42.2911],[-87.8871,42.2911],[-87.88675,42.2906],[-87.87685,42.29055],[-87.876,42.28965],[-87.87595,42.2867],[-87.87055,42.2885],[-87.86765,42.27965],[-87.87855,42.2797],[-87.87605,42.27635],[-87.87225,42.2689],[-87.828,42.2687],[-87.829,42.2737],[-87.82865,42.2775],[-87.8316,42.2846],[-87.83255,42.28845],[-87.8325,42.29045],[-87.8338,42.29475],[-87.8332,42.29675],[-87.84185,42.2965],[-87.84185,42.29415],[-87.84455,42.29415],[-87.8446,42.29905],[-87.8418,42.29845],[-87.83645,42.29845],[-87.83665,42.30025],[-87.83445,42.3006],[-87.83335,42.30485],[-87.84735,42.30485],[-87.8473,42.29405],[-87.84875,42.2927],[-87.8553,42.2928],[-87.8588,42.29245],[-87.8701,42.28895]]]},"properties":{"kind":"neighbour","name":"Lake Bluff","region":"Lake County","lp":[-87.84355,42.28136]}},
{"type":"Feature","geometry":{"type":"Polygon","coordinates":[[[-87.8003,41.7627],[-87.80065,41.76635],[-87.80455,41.7692],[-87.8102,41.7695],[-87.81865,41.76925],[-87.8253,41.7622],[-87.81975,41.7623],[-87.8191,41.7468],[-87.8215,41.74585],[-87.8211,41.74395],[-87.819,41.74395],[-87.8189,41.7411],[-87.81475,41.7405],[-87.81435,41.7332],[-87.8182,41.7331],[-87.81185,41.7282],[-87.81065,41.7266],[-87.80845,41.72225],[-87.808,41.71745],[-87.8087,41.71695],[-87.8085,41.7111],[-87.8116,41.70885],[-87.81145,41.70415],[-87.79805,41.7044],[-87.79875,41.723],[-87.78995,41.72315],[-87.79025,41.73135],[-87.79455,41.73125],[-87.79465,41.73355],[-87.79545,41.73355],[-87.7984,41.73665],[-87.79855,41.7395],[-87.7945,41.74015],[-87.79455,41.7409],[-87.79895,41.7412],[-87.79955,41.74445],[-87.7998,41.7505],[-87.7979,41.749],[-87.79485,41.7477],[-87.79495,41.75395],[-87.7975,41.75395],[-87.79755,41.75545],[-87.7996,41.75585],[-87.8003,41.7627]]]},"properties":{"kind":"neighbour","name":"Bridgeview","region":"Cook County","lp":[-87.80953,41.75303]}},
{"type":"Feature","geometry":{"type":"Polygon","coordinates":[[[-88.1842,42.3254],[-88.18475,42.32135],[-88.1796,42.32135],[-88.1795,42.31395],[-88.16495,42.31385],[-88.1695,42.31315],[-88.16955,42.30595],[-88.16495,42.30555],[-88.15985,42.30555],[-88.15985,42.30395],[-88.16495,42.30395],[-88.1649,42.30045],[-88.1639,42.2994],[-88.1599,42.29945],[-88.15985,42.30315],[-88.1549,42.3031],[-88.1549,42.30625],[-88.1484,42.30665],[-88.1484,42.30945],[-88.15,42.3106],[-88.15,42.31375],[-88.14505,42.31405],[-88.14505,42.31735],[-88.14015,42.3173],[-88.139,42.31845],[-88.13905,42.32035],[-88.13525,42.31955],[-88.13525,42.32865],[-88.1401,42.32725],[-88.145,42.32755],[-88.1449,42.3361],[-88.14075,42.3361],[-88.14115,42.34115],[-88.13895,42.34115],[-88.14035,42.3431],[-88.1409,42.3448],[-88.1399,42.35045],[-88.14475,42.35045],[-88.1448,42.3452],[-88.1426,42.3452],[-88.1427,42.33935],[-88.14485,42.33935],[-88.1449,42.33775],[-88.1471,42.33775],[-88.1471,42.3323],[-88.15585,42.33235],[-88.15585,42.3355],[-88.16295,42.3324],[-88.16435,42.3324],[-88.16435,42.34325],[-88.15945,42.34325],[-88.1595,42.35025],[-88.15465,42.34895],[-88.1546,42.35415],[-88.1595,42.35415],[-88.15945,42.36285],[-88.1611,42.36415],[-88.1624,42.3632],[-88.1652,42.36505],[-88.166,42.36765],[-88.1669,42.36765],[-88.1674,42.3651],[-88.16875,42.3651],[-88.16895,42.36145],[-88.1643,42.36145],[-88.16435,42.3578],[-88.16985,42.3578],[-88.1697,42.35515],[-88.1734,42.35475],[-88.1789,42.35615],[-88.17895,42.35055],[-88.17405,42.35055],[-88.1741,42.3374],[-88.1757,42.33605],[-88.16925,42.33605],[-88.172,42.33035],[-88.17265,42.3263],[-88.17075,42.325],[-88.16675,42.32495],[-88.1666,42.32535],[-88.1654,42.32465],[-88.1658,42.32435],[-88.1634,42.32495],[-88.16125,42.32445],[-88.16225,42.3218],[-88.16115,42.32],[-88.1644,42.32],[-88.1644,42.31765],[-88.1695,42.31765],[-88.1695,42.314],[-88.17935,42.3141],[-88.17925,42.32515],[-88.17985,42.32515],[-88.17985,42.326],[-88.18075,42.326],[-88.18075,42.32515],[-88.1842,42.3254]]]},"properties":{"kind":"neighbour","name":"Volo","region":"Lake County","lp":[-88.15239,42.32248]}},
{"type":"Feature","geometry":{"type":"Polygon","coordinates":[[[-87.73225,41.49145],[-87.73205,41.49195],[-87.7903,41.49215],[-87.7902,41.4917],[-87.7443,41.49155],[-87.7445,41.49085],[-87.7514,41.4906],[-87.7576,41.49105],[-87.7577,41.48445],[-87.76585,41.4844],[-87.76585,41.4878],[-87.77095,41.48775],[-87.77095,41.48435],[-87.78075,41.48435],[-87.7806,41.4698],[-87.77095,41.4698],[-87.77095,41.47615],[-87.77215,41.47665],[-87.75605,41.4767],[-87.7562,41.4804],[-87.75155,41.4804],[-87.75195,41.4772],[-87.74965,41.4763],[-87.75225,41.46975],[-87.7493,41.46975],[-87.7493,41.4715],[-87.74775,41.46975],[-87.7423,41.4697],[-87.74235,41.47735],[-87.7422,41.477],[-87.7377,41.477],[-87.7373,41.4716],[-87.739,41.4716],[-87.73905,41.4697],[-87.73205,41.4697],[-87.7321,41.47275],[-87.72215,41.4728],[-87.7224,41.48365],[-87.72005,41.48345],[-87.7201,41.47805],[-87.7155,41.47805],[-87.7154,41.47695],[-87.7122,41.47695],[-87.71235,41.4759],[-87.708,41.4759],[-87.708,41.4752],[-87.71285,41.4751],[-87.71275,41.46975],[-87.70305,41.46985],[-87.70315,41.47535],[-87.7029,41.47775],[-87.70325,41.4824],[-87.7033,41.49165],[-87.73225,41.49145]]]},"properties":{"kind":"neighbour","name":"Richton Park","region":"Cook County","lp":[-87.73114,41.48272]}},
{"type":"Feature","geometry":{"type":"Polygon","coordinates":[[[-88.0579,42.17815],[-88.0628,42.1766],[-88.0628,42.1786],[-88.0645,42.1786],[-88.0645,42.1829],[-88.0725,42.1829],[-88.0733,42.1809],[-88.07675,42.18215],[-88.0767,42.17925],[-88.07535,42.1769],[-88.06955,42.1698],[-88.06775,42.16835],[-88.06675,42.16835],[-88.06675,42.1676],[-88.0676,42.16785],[-88.0676,42.16655],[-88.0725,42.16655],[-88.07255,42.1656],[-88.0696,42.16565],[-88.06765,42.16475],[-88.06765,42.1629],[-88.0628,42.1629],[-88.0628,42.16625],[-88.06035,42.16545],[-88.06015,42.16535],[-88.0502,42.16105],[-88.042,42.1564],[-88.0414,42.15805],[-88.0433,42.15995],[-88.0455,42.16095],[-88.0455,42.16345],[-88.0433,42.16345],[-88.0433,42.16105],[-88.0349,42.161],[-88.03485,42.16715],[-88.0373,42.16655],[-88.03725,42.1719],[-88.03355,42.1719],[-88.03355,42.18275],[-88.0433,42.1828],[-88.04335,42.1876],[-88.03355,42.1876],[-88.0336,42.1936],[-88.02685,42.1936],[-88.0263,42.1972],[-88.0263,42.1994],[-88.03035,42.1994],[-88.03035,42.1972],[-88.0331,42.1972],[-88.0329,42.199],[-88.031,42.2005],[-88.03025,42.20315],[-88.0306,42.20685],[-88.03175,42.2078],[-88.0337,42.2088],[-88.0452,42.21375],[-88.0484,42.215],[-88.0484,42.20365],[-88.0531,42.2037],[-88.0531,42.1973],[-88.0579,42.1974],[-88.0579,42.17815]],[[-88.0355,42.19725],[-88.04815,42.1973],[-88.0456,42.19825],[-88.04345,42.2035],[-88.03915,42.2059],[-88.0343,42.20465],[-88.03415,42.20205],[-88.03615,42.20005],[-88.03975,42.1987],[-88.03975,42.19745],[-88.0355,42.19725]]]},"properties":{"kind":"neighbour","name":"Kildeer","region":"Lake County","lp":[-88.04846,42.17359]}},
{"type":"Feature","geometry":{"type":"Polygon","coordinates":[[[-88.30365,42.49025],[-88.3033,42.4924],[-88.30425,42.4924],[-88.303,42.49425],[-88.309,42.4942],[-88.31105,42.4931],[-88.31245,42.49415],[-88.3159,42.4946],[-88.3225,42.4946],[-88.3097,42.4834],[-88.3109,42.4834],[-88.31105,42.47645],[-88.31255,42.4768],[-88.31305,42.4783],[-88.31295,42.4797],[-88.3184,42.47965],[-88.31855,42.4783],[-88.31575,42.4776],[-88.31575,42.47525],[-88.3243,42.47515],[-88.32465,42.4737],[-88.3246,42.4661],[-88.3102,42.4589],[-88.30895,42.46155],[-88.3065,42.4615],[-88.3067,42.4583],[-88.3102,42.45805],[-88.3244,42.4655],[-88.3245,42.4558],[-88.3255,42.4533],[-88.3255,42.45075],[-88.3269,42.45075],[-88.32925,42.44645],[-88.32885,42.4435],[-88.3304,42.4435],[-88.33045,42.43985],[-88.31575,42.44],[-88.31575,42.44365],[-88.2962,42.44365],[-88.2962,42.44725],[-88.29375,42.4473],[-88.2938,42.4496],[-88.288,42.44705],[-88.2865,42.4492],[-88.28775,42.45095],[-88.2817,42.45105],[-88.28175,42.4538],[-88.27685,42.45385],[-88.27685,42.4551],[-88.2817,42.45505],[-88.2817,42.4583],[-88.28655,42.4582],[-88.2866,42.46185],[-88.28175,42.4619],[-88.28175,42.4637],[-88.28535,42.46365],[-88.28665,42.46545],[-88.28905,42.46545],[-88.2899,42.46255],[-88.28955,42.46135],[-88.2895,42.4574],[-88.2914,42.45735],[-88.2914,42.45095],[-88.2957,42.45085],[-88.29985,42.45295],[-88.29985,42.45085],[-88.3036,42.45085],[-88.3038,42.4581],[-88.30495,42.4581],[-88.30545,42.46395],[-88.30475,42.46495],[-88.30475,42.46745],[-88.3042,42.46965],[-88.29855,42.46945],[-88.29855,42.47125],[-88.29635,42.4726],[-88.29645,42.47975],[-88.29505,42.47975],[-88.295,42.48275],[-88.29645,42.48355],[-88.2965,42.48695],[-88.3013,42.487],[-88.3013,42.4903],[-88.30365,42.49025]],[[-88.29645,42.47985],[-88.30035,42.4798],[-88.3004,42.4817],[-88.29645,42.48175],[-88.29645,42.47985]],[[-88.29695,42.4506],[-88.29695,42.44725],[-88.30135,42.44725],[-88.30015,42.4492],[-88.3004,42.45075],[-88.29695,42.4506]],[[-88.3105,42.47055],[-88.31115,42.47225],[-88.3075,42.4721],[-88.30715,42.47015],[-88.3105,42.47055]],[[-88.3084,42.4655],[-88.3116,42.4655],[-88.3117,42.4666],[-88.3085,42.4666],[-88.3084,42.4655]]]},"properties":{"kind":"neighbour","name":"Richmond","region":"McHenry County","lp":[-88.317,42.45195]}},
{"type":"Feature","geometry":{"type":"Polygon","coordinates":[[[-87.8984,41.9],[-87.90335,41.89985],[-87.9031,41.8934],[-87.8925,41.89245],[-87.8835,41.8924],[-87.8785,41.89275],[-87.864,41.8929],[-87.86395,41.89115],[-87.84425,41.88895],[-87.8446,41.8984],[-87.8342,41.8986],[-87.83235,41.9036],[-87.83075,41.9048],[-87.8279,41.90575],[-87.82785,41.9085],[-87.835,41.90845],[-87.8351,41.9113],[-87.84005,41.9114],[-87.84,41.91005],[-87.85215,41.91905],[-87.85495,41.919],[-87.85485,41.9153],[-87.85995,41.91505],[-87.86455,41.9116],[-87.8647,41.91595],[-87.86625,41.91505],[-87.88405,41.9147],[-87.88895,41.91465],[-87.8898,41.9119],[-87.88945,41.90745],[-87.87045,41.9077],[-87.87395,41.90475],[-87.87395,41.90355],[-87.8788,41.90345],[-87.87875,41.9],[-87.8799,41.9],[-87.87995,41.8971],[-87.88505,41.8974],[-87.88745,41.8984],[-87.8876,41.9002],[-87.8873,41.90015],[-87.8887,41.90115],[-87.8887,41.9028],[-87.8935,41.90275],[-87.89355,41.90185],[-87.8984,41.9018],[-87.8984,41.9]]]},"properties":{"kind":"neighbour","name":"Melrose Park","region":"Cook County","lp":[-87.85611,41.9026]}},
{"type":"Feature","geometry":{"type":"MultiPolygon","coordinates":[[[[-88.52395,41.73405],[-88.52645,41.73405],[-88.5277,41.73175],[-88.52445,41.73165],[-88.52395,41.73405]]],[[[-88.49155,41.7367],[-88.48875,41.7367],[-88.4888,41.7431],[-88.5032,41.7431],[-88.50345,41.73395],[-88.49905,41.7339],[-88.49905,41.7369],[-88.4931,41.73885],[-88.4916,41.73885],[-88.49155,41.7367]]],[[[-88.5084,41.76125],[-88.5084,41.76455],[-88.50405,41.7649],[-88.5041,41.7861],[-88.49905,41.78605],[-88.49915,41.79375],[-88.4914,41.79375],[-88.49145,41.795],[-88.4953,41.79555],[-88.4953,41.79735],[-88.4894,41.79605],[-88.4894,41.80045],[-88.4907,41.8012],[-88.4991,41.80105],[-88.49905,41.79815],[-88.50915,41.80035],[-88.50915,41.786],[-88.5079,41.78595],[-88.5079,41.77915],[-88.5071,41.77915],[-88.50715,41.7723],[-88.5235,41.77235],[-88.5235,41.7756],[-88.5278,41.7756],[-88.52775,41.779],[-88.53105,41.7791],[-88.53125,41.7722],[-88.5281,41.7722],[-88.5281,41.7685],[-88.55665,41.7685],[-88.55665,41.76985],[-88.567,41.76985],[-88.567,41.7715],[-88.5763,41.7715],[-88.57635,41.76375],[-88.5569,41.764],[-88.55685,41.75335],[-88.53725,41.7535],[-88.5376,41.76255],[-88.5198,41.7627],[-88.51935,41.7616],[-88.5231,41.7608],[-88.5214,41.7577],[-88.5274,41.7559],[-88.5262,41.75335],[-88.5223,41.75335],[-88.52225,41.7517],[-88.51335,41.7517],[-88.51325,41.75735],[-88.50835,41.75745],[-88.50755,41.75865],[-88.5084,41.76125]],[[-88.51845,41.7695],[-88.50935,41.7695],[-88.5094,41.7666],[-88.51845,41.76685],[-88.51845,41.7695]]]]},"properties":{"kind":"neighbour","name":"Big Rock","region":"Kane County","lp":[-88.54765,41.76099]}},
{"type":"Feature","geometry":{"type":"Polygon","coordinates":[[[-88.42325,42.24655],[-88.42325,42.2551],[-88.44645,42.25505],[-88.4464,42.2503],[-88.4438,42.25025],[-88.4438,42.25245],[-88.44155,42.2517],[-88.4379,42.25255],[-88.43575,42.25105],[-88.43305,42.2505],[-88.43305,42.24055],[-88.43235,42.2386],[-88.4233,42.23855],[-88.42255,42.23695],[-88.41775,42.23695],[-88.4177,42.2334],[-88.4225,42.2334],[-88.4225,42.23285],[-88.41685,42.23285],[-88.4168,42.23165],[-88.414,42.23165],[-88.414,42.2298],[-88.4223,42.2298],[-88.4223,42.22855],[-88.41305,42.2285],[-88.41305,42.22615],[-88.408,42.22615],[-88.40805,42.2297],[-88.40545,42.22815],[-88.3984,42.2252],[-88.39925,42.22175],[-88.3985,42.2183],[-88.3938,42.21565],[-88.39195,42.21545],[-88.39195,42.2118],[-88.3984,42.2118],[-88.3983,42.20455],[-88.3705,42.20445],[-88.3705,42.2069],[-88.3676,42.2069],[-88.36735,42.21095],[-88.3692,42.21185],[-88.3694,42.22585],[-88.3645,42.2263],[-88.3547,42.2261],[-88.35475,42.229],[-88.34755,42.22955],[-88.34785,42.2353],[-88.36885,42.2353],[-88.36935,42.2299],[-88.3644,42.2299],[-88.3645,42.22705],[-88.3694,42.2271],[-88.3694,42.2263],[-88.37405,42.2263],[-88.3742,42.22995],[-88.37905,42.2299],[-88.379,42.2263],[-88.3888,42.22625],[-88.3888,42.2308],[-88.3937,42.2308],[-88.3926,42.2335],[-88.3926,42.2372],[-88.384,42.23715],[-88.384,42.2407],[-88.38905,42.2407],[-88.3891,42.24445],[-88.39395,42.24515],[-88.39355,42.23535],[-88.3984,42.23525],[-88.3986,42.24065],[-88.41825,42.24065],[-88.41825,42.2463],[-88.42325,42.24655]]]},"properties":{"kind":"neighbour","name":"Lakewood","region":"McHenry County","lp":[-88.38492,42.22002]}},
{"type":"Feature","geometry":{"type":"Polygon","coordinates":[[[-87.915,41.9504],[-87.91465,41.94335],[-87.92025,41.94315],[-87.92035,41.9242],[-87.91985,41.9246],[-87.9198,41.93],[-87.91925,41.93245],[-87.9179,41.93455],[-87.9155,41.9364],[-87.9141,41.93705],[-87.91375,41.93585],[-87.8959,41.9362],[-87.89465,41.93485],[-87.89445,41.9306],[-87.88625,41.93035],[-87.88465,41.92915],[-87.88445,41.9244],[-87.88335,41.9244],[-87.88325,41.92195],[-87.8686,41.92225],[-87.86865,41.92315],[-87.865,41.9236],[-87.8647,41.91595],[-87.86455,41.9116],[-87.85995,41.91505],[-87.85485,41.9153],[-87.85495,41.919],[-87.8519,41.91905],[-87.8526,41.9225],[-87.85205,41.92305],[-87.85225,41.9292],[-87.85125,41.9292],[-87.85155,41.93725],[-87.8542,41.946],[-87.85885,41.9459],[-87.8588,41.94795],[-87.8634,41.9475],[-87.86335,41.946],[-87.87565,41.94565],[-87.88055,41.94645],[-87.8805,41.94555],[-87.8854,41.94555],[-87.8857,41.9533],[-87.89065,41.95345],[-87.89075,41.9578],[-87.8926,41.95775],[-87.89285,41.9505],[-87.90375,41.9503],[-87.8942,41.9476],[-87.8945,41.9468],[-87.9144,41.952],[-87.9155,41.95035],[-87.915,41.9504]],[[-87.9047,41.9453],[-87.91435,41.94855],[-87.9144,41.95175],[-87.89285,41.9454],[-87.88805,41.94345],[-87.8878,41.94005],[-87.8919,41.9403],[-87.9047,41.9453]]]},"properties":{"kind":"neighbour","name":"Franklin Park","region":"Cook County","lp":[-87.87381,41.934]}},
{"type":"Feature","geometry":{"type":"Polygon","coordinates":[[[-87.8042,41.865],[-87.77445,41.86545],[-87.77445,41.8657],[-87.77445,41.8667],[-87.77455,41.86925],[-87.7746,41.8707],[-87.7747,41.873],[-87.7759,41.90895],[-87.80575,41.90855],[-87.8042,41.865]]]},"properties":{"kind":"neighbour","name":"Oak Park","region":"Cook County","lp":[-87.79026,41.89229]}},
{"type":"Feature","geometry":{"type":"Polygon","coordinates":[[[-87.7586,41.4342],[-87.77245,41.4341],[-87.77245,41.4314],[-87.77495,41.43135],[-87.77505,41.4358],[-87.77675,41.4358],[-87.7766,41.4284],[-87.7753,41.4284],[-87.7753,41.4268],[-87.7766,41.4268],[-87.7765,41.41725],[-87.7668,41.4182],[-87.76675,41.4134],[-87.76535,41.41345],[-87.76535,41.4123],[-87.7765,41.41225],[-87.7764,41.40495],[-87.78365,41.4049],[-87.7836,41.4013],[-87.7812,41.4013],[-87.78115,41.39765],[-87.77635,41.3977],[-87.7764,41.4013],[-87.7715,41.40135],[-87.7716,41.405],[-87.76675,41.40505],[-87.7667,41.40135],[-87.76695,41.4001],[-87.7667,41.3996],[-87.7623,41.40505],[-87.761,41.40295],[-87.7525,41.4031],[-87.75165,41.4047],[-87.74915,41.40465],[-87.74915,41.40815],[-87.7372,41.40825],[-87.7372,41.409],[-87.7281,41.40905],[-87.72815,41.4125],[-87.73295,41.4126],[-87.73035,41.41445],[-87.7282,41.41515],[-87.72825,41.4198],[-87.71885,41.41985],[-87.7188,41.41295],[-87.71325,41.41365],[-87.70915,41.4166],[-87.70915,41.42005],[-87.71395,41.42],[-87.71405,41.4273],[-87.71885,41.42725],[-87.7189,41.42975],[-87.7285,41.42965],[-87.72845,41.4272],[-87.7519,41.427],[-87.7519,41.4288],[-87.7554,41.42875],[-87.75595,41.4278],[-87.7594,41.4278],[-87.7586,41.4342]],[[-87.76215,41.4069],[-87.76215,41.4084],[-87.76675,41.40835],[-87.76675,41.41035],[-87.7644,41.41035],[-87.76445,41.4123],[-87.762,41.41235],[-87.7609,41.41075],[-87.76215,41.4069]]]},"properties":{"kind":"neighbour","name":"Monee","region":"Will County","lp":[-87.7536,41.41856]}},
{"type":"Feature","geometry":{"type":"Polygon","coordinates":[[[-88.154,42.20315],[-88.15425,42.1989],[-88.1555,42.19915],[-88.15535,42.19435],[-88.1541,42.1927],[-88.1541,42.1906],[-88.14915,42.1905],[-88.14915,42.1947],[-88.15005,42.1962],[-88.1471,42.1961],[-88.1471,42.19465],[-88.14465,42.1946],[-88.14465,42.19225],[-88.14035,42.19305],[-88.1403,42.19545],[-88.1359,42.19575],[-88.13295,42.1949],[-88.13305,42.1904],[-88.14035,42.19035],[-88.1405,42.18425],[-88.1392,42.18325],[-88.1464,42.18325],[-88.14645,42.181],[-88.15035,42.1811],[-88.15055,42.1791],[-88.1425,42.1793],[-88.14055,42.18055],[-88.1405,42.18215],[-88.1381,42.18215],[-88.13835,42.18585],[-88.13635,42.18585],[-88.1381,42.18125],[-88.13565,42.18125],[-88.1356,42.1831],[-88.13075,42.18305],[-88.1307,42.1868],[-88.1258,42.1868],[-88.1259,42.18115],[-88.1163,42.18115],[-88.1163,42.1825],[-88.11385,42.18175],[-88.11385,42.1845],[-88.1173,42.18455],[-88.11625,42.18595],[-88.1163,42.19045],[-88.12085,42.1905],[-88.12055,42.2049],[-88.1141,42.20485],[-88.11405,42.2098],[-88.1165,42.20985],[-88.1165,42.21215],[-88.1204,42.21225],[-88.12035,42.2158],[-88.1131,42.21525],[-88.1114,42.21415],[-88.1114,42.23085],[-88.1108,42.23085],[-88.11135,42.2373],[-88.1161,42.23745],[-88.1183,42.2367],[-88.1188,42.2379],[-88.1186,42.2393],[-88.1178,42.2393],[-88.1178,42.241],[-88.1202,42.2416],[-88.12025,42.2303],[-88.12515,42.23025],[-88.12515,42.22665],[-88.13015,42.22665],[-88.13085,42.225],[-88.13495,42.225],[-88.1351,42.21335],[-88.13765,42.2148],[-88.14085,42.21425],[-88.1413,42.2121],[-88.15965,42.21265],[-88.1598,42.2054],[-88.15485,42.2062],[-88.154,42.20315]]]},"properties":{"kind":"neighbour","name":"North Barrington","region":"Lake County","lp":[-88.13041,42.20466]}},
{"type":"Feature","geometry":{"type":"Polygon","coordinates":[[[-88.0041,41.90495],[-88.00465,41.90495],[-88.0047,41.9044],[-88.004,41.9042],[-87.99825,41.90425],[-87.9985,41.89245],[-87.9936,41.89395],[-87.9937,41.8898],[-87.98965,41.8898],[-87.98885,41.889],[-87.98845,41.87145],[-87.9872,41.87145],[-87.9866,41.8605],[-87.9853,41.8583],[-87.9778,41.85825],[-87.9779,41.86045],[-87.96485,41.8609],[-87.96335,41.8625],[-87.96365,41.86815],[-87.96085,41.86825],[-87.9611,41.87365],[-87.9592,41.87565],[-87.95945,41.8797],[-87.96135,41.87995],[-87.9614,41.88345],[-87.9603,41.88345],[-87.9595,41.8858],[-87.9598,41.8867],[-87.96065,41.8874],[-87.96125,41.8888],[-87.96355,41.88955],[-87.96385,41.8902],[-87.9692,41.89005],[-87.96905,41.89745],[-87.96575,41.89785],[-87.9689,41.89965],[-87.96835,41.90575],[-87.9689,41.90575],[-87.96905,41.90615],[-87.9682,41.90615],[-87.96805,41.90665],[-87.96695,41.90705],[-87.96675,41.90795],[-87.96705,41.9091],[-87.96635,41.9118],[-87.9689,41.91175],[-87.9691,41.917],[-87.97045,41.91695],[-87.97045,41.9173],[-87.97305,41.91725],[-87.972,41.91435],[-87.97385,41.9129],[-87.9736,41.90745],[-87.9771,41.90795],[-87.9772,41.91055],[-87.9787,41.9128],[-87.98355,41.9127],[-87.9834,41.9081],[-87.9883,41.908],[-87.9883,41.9073],[-87.9931,41.90715],[-87.993,41.9051],[-88.00185,41.90495],[-88.0019,41.9057],[-88.00415,41.9058],[-88.0041,41.90495]],[[-87.97745,41.86415],[-87.9782,41.86555],[-87.97575,41.86595],[-87.9734,41.8673],[-87.96965,41.86655],[-87.9695,41.86295],[-87.97185,41.8618],[-87.97675,41.86175],[-87.97745,41.86415]],[[-87.9731,41.90375],[-87.97015,41.90445],[-87.9698,41.90205],[-87.9724,41.90135],[-87.9731,41.90375]]]},"properties":{"kind":"neighbour","name":"Villa Park","region":"DuPage County","lp":[-87.97628,41.88006]}},
{"type":"Feature","geometry":{"type":"Polygon","coordinates":[[[-87.79765,42.4715],[-87.7999,42.4765],[-87.8001,42.4796],[-87.79915,42.4802],[-87.7987,42.48515],[-87.80015,42.48965],[-87.8025,42.48995],[-87.8032,42.49255],[-87.8446,42.49305],[-87.84525,42.4896],[-87.84665,42.4896],[-87.8467,42.49215],[-87.84785,42.4931],[-87.84795,42.48695],[-87.8502,42.4862],[-87.85545,42.4862],[-87.8554,42.48975],[-87.85795,42.49175],[-87.86275,42.4918],[-87.86315,42.47895],[-87.8632,42.47805],[-87.86065,42.4788],[-87.8605,42.48175],[-87.8581,42.4825],[-87.8533,42.48245],[-87.85395,42.479],[-87.8569,42.479],[-87.85925,42.47815],[-87.85825,42.4767],[-87.85435,42.47665],[-87.8545,42.468],[-87.8363,42.46805],[-87.8363,42.46705],[-87.8302,42.46705],[-87.82705,42.46625],[-87.82535,42.46705],[-87.8165,42.46685],[-87.8159,42.47155],[-87.79765,42.4715]]]},"properties":{"kind":"neighbour","name":"Winthrop Harbor","region":"Lake County","lp":[-87.82797,42.47988]}},
{"type":"Feature","geometry":{"type":"Polygon","coordinates":[[[-87.9234,41.82575],[-87.9233,41.8223],[-87.9266,41.8222],[-87.9269,41.8212],[-87.925,41.8194],[-87.92555,41.81835],[-87.94245,41.818],[-87.94215,41.813],[-87.9445,41.8143],[-87.947,41.81425],[-87.94715,41.8179],[-87.95255,41.8178],[-87.95145,41.81635],[-87.94835,41.81375],[-87.9469,41.8119],[-87.94645,41.80155],[-87.9469,41.7886],[-87.94415,41.78875],[-87.9442,41.78935],[-87.9436,41.78935],[-87.94355,41.7888],[-87.94065,41.7889],[-87.9394,41.7893],[-87.93855,41.78895],[-87.9363,41.78775],[-87.93605,41.7808],[-87.93365,41.7818],[-87.92155,41.78205],[-87.9167,41.78175],[-87.91665,41.7802],[-87.91195,41.78015],[-87.91175,41.7851],[-87.913,41.7851],[-87.91295,41.7895],[-87.90875,41.7892],[-87.90895,41.78475],[-87.9095,41.78425],[-87.9094,41.783],[-87.90845,41.7821],[-87.90835,41.7745],[-87.90645,41.77015],[-87.90565,41.7684],[-87.9033,41.7657],[-87.90045,41.76385],[-87.90295,41.76625],[-87.90615,41.77065],[-87.90545,41.77145],[-87.907,41.7749],[-87.9073,41.7819],[-87.90635,41.784],[-87.90815,41.786],[-87.90835,41.7951],[-87.90865,41.79755],[-87.91315,41.8096],[-87.91345,41.81865],[-87.91825,41.81785],[-87.91865,41.82585],[-87.9234,41.82575]]]},"properties":{"kind":"neighbour","name":"Hinsdale","region":"DuPage County","lp":[-87.92798,41.80188]}},
{"type":"Feature","geometry":{"type":"Polygon","coordinates":[[[-87.9455,42.1962],[-87.94345,42.1952],[-87.94285,42.1899],[-87.95125,42.18995],[-87.94695,42.18165],[-87.9439,42.17535],[-87.9433,42.17535],[-87.94315,42.18265],[-87.9405,42.18265],[-87.9326,42.1816],[-87.93315,42.17885],[-87.9311,42.1779],[-87.92485,42.1778],[-87.92435,42.17635],[-87.92225,42.1756],[-87.92215,42.1778],[-87.9204,42.1812],[-87.92055,42.1842],[-87.91975,42.1859],[-87.91585,42.1845],[-87.9133,42.18565],[-87.9136,42.1871],[-87.90845,42.187],[-87.9064,42.18585],[-87.9061,42.1811],[-87.9032,42.1788],[-87.90315,42.18205],[-87.8992,42.182],[-87.8991,42.18565],[-87.90155,42.18565],[-87.90155,42.187],[-87.9064,42.18705],[-87.90615,42.19115],[-87.8985,42.19105],[-87.89655,42.19195],[-87.8917,42.19105],[-87.88685,42.191],[-87.8868,42.19295],[-87.88385,42.19295],[-87.8878,42.1979],[-87.89105,42.2001],[-87.8906,42.20245],[-87.8915,42.20375],[-87.89635,42.20375],[-87.8964,42.2003],[-87.9021,42.20035],[-87.9006,42.20195],[-87.9012,42.20615],[-87.89995,42.20615],[-87.89425,42.2105],[-87.89555,42.2127],[-87.8956,42.21415],[-87.89905,42.22185],[-87.9059,42.22185],[-87.90595,42.2194],[-87.89985,42.21925],[-87.899,42.21465],[-87.90435,42.21545],[-87.9043,42.21735],[-87.9058,42.2182],[-87.91085,42.2183],[-87.9109,42.21035],[-87.9115,42.2093],[-87.9158,42.20935],[-87.9158,42.20755],[-87.9134,42.2075],[-87.9134,42.20385],[-87.91265,42.20255],[-87.9172,42.2027],[-87.91915,42.2012],[-87.91845,42.2005],[-87.92185,42.2006],[-87.9274,42.20145],[-87.92755,42.20715],[-87.93345,42.20725],[-87.93335,42.20095],[-87.93585,42.19955],[-87.93955,42.20005],[-87.9408,42.19905],[-87.94305,42.1991],[-87.9431,42.20165],[-87.9419,42.20295],[-87.9398,42.2031],[-87.94045,42.2041],[-87.9411,42.20445],[-87.94855,42.20455],[-87.94785,42.20365],[-87.94795,42.1972],[-87.9455,42.1962]]]},"properties":{"kind":"neighbour","name":"Lincolnshire","region":"Lake County","lp":[-87.92849,42.19111]}},
{"type":"Feature","geometry":{"type":"Polygon","coordinates":[[[-87.6172,41.6299],[-87.6323,41.62985],[-87.63395,41.6267],[-87.6316,41.6253],[-87.6318,41.6226],[-87.60985,41.6226],[-87.60955,41.61905],[-87.6081,41.61715],[-87.6082,41.6154],[-87.5977,41.6153],[-87.59765,41.60725],[-87.5932,41.6069],[-87.58875,41.608],[-87.5887,41.6154],[-87.59675,41.6153],[-87.5971,41.62185],[-87.59485,41.6226],[-87.578,41.6067],[-87.57335,41.60715],[-87.5751,41.60885],[-87.5751,41.61205],[-87.5759,41.61315],[-87.5751,41.61345],[-87.5751,41.61455],[-87.5735,41.61455],[-87.57355,41.62095],[-87.5784,41.62085],[-87.5785,41.6444],[-87.58685,41.6444],[-87.5872,41.6447],[-87.59755,41.64465],[-87.59785,41.6443],[-87.61725,41.6443],[-87.6172,41.6299]]]},"properties":{"kind":"neighbour","name":"Dolton","region":"Cook County","lp":[-87.60307,41.63244]}},
{"type":"Feature","geometry":{"type":"Polygon","coordinates":[[[-88.12125,42.16865],[-88.1408,42.1687],[-88.1408,42.1669],[-88.1433,42.1651],[-88.14805,42.1652],[-88.1481,42.16875],[-88.15065,42.1688],[-88.1507,42.16695],[-88.15565,42.16695],[-88.15565,42.1688],[-88.15935,42.1688],[-88.15945,42.16735],[-88.15415,42.1641],[-88.15435,42.1615],[-88.151,42.1614],[-88.15075,42.16025],[-88.15075,42.15705],[-88.1521,42.1559],[-88.15525,42.156],[-88.1554,42.15425],[-88.15075,42.1542],[-88.1507,42.14245],[-88.1485,42.14375],[-88.1462,42.14165],[-88.141,42.14165],[-88.1375,42.14275],[-88.13535,42.1428],[-88.1329,42.1416],[-88.1313,42.14295],[-88.12655,42.14305],[-88.12655,42.13585],[-88.13615,42.1356],[-88.1386,42.13665],[-88.13865,42.13195],[-88.14115,42.1319],[-88.14105,42.12825],[-88.1252,42.1287],[-88.1234,42.1292],[-88.12165,42.13015],[-88.1217,42.1394],[-88.12535,42.1397],[-88.1255,42.1427],[-88.12015,42.1426],[-88.1198,42.1394],[-88.10655,42.13965],[-88.0973,42.1349],[-88.0976,42.1375],[-88.0988,42.1399],[-88.10035,42.1458],[-88.101,42.14685],[-88.1119,42.14685],[-88.11155,42.1518],[-88.1119,42.15415],[-88.10795,42.1541],[-88.10835,42.15065],[-88.10195,42.1505],[-88.10185,42.15695],[-88.10305,42.157],[-88.103,42.1577],[-88.10185,42.1577],[-88.1018,42.1613],[-88.10905,42.16135],[-88.109,42.165],[-88.11515,42.1653],[-88.1152,42.1614],[-88.12135,42.16145],[-88.1213,42.16505],[-88.1245,42.16505],[-88.1213,42.1667],[-88.12125,42.16865]],[[-88.1087,42.1444],[-88.1117,42.1439],[-88.1121,42.1452],[-88.1078,42.14585],[-88.1066,42.14495],[-88.10315,42.14515],[-88.1022,42.14385],[-88.10445,42.1424],[-88.1076,42.1448],[-88.1087,42.1444]]]},"properties":{"kind":"neighbour","name":"Barrington","region":"Cook County","lp":[-88.13077,42.15465]}},
{"type":"Feature","geometry":{"type":"MultiPolygon","coordinates":[[[[-88.0287,42.397],[-88.0288,42.39335],[-88.0239,42.39335],[-88.0238,42.39605],[-88.0189,42.39605],[-88.0193,42.398],[-88.0238,42.398],[-88.0238,42.39695],[-88.0287,42.397]]],[[[-88.0069,42.43105],[-88.0081,42.4329],[-88.00905,42.437],[-88.01835,42.4371],[-88.01835,42.43665],[-88.0233,42.43665],[-88.0233,42.4371],[-88.0331,42.43715],[-88.0331,42.4408],[-88.0456,42.44085],[-88.04545,42.43715],[-88.05275,42.43715],[-88.0528,42.43075],[-88.0517,42.4283],[-88.0528,42.4274],[-88.05285,42.425],[-88.05895,42.425],[-88.0579,42.4225],[-88.05795,42.4173],[-88.05755,42.4145],[-88.05795,42.40915],[-88.053,42.40915],[-88.0529,42.4153],[-88.0421,42.4152],[-88.0386,42.41225],[-88.0363,42.41125],[-88.03565,42.40945],[-88.031,42.4078],[-88.03115,42.39695],[-88.0287,42.397],[-88.0286,42.4006],[-88.0188,42.4007],[-88.0188,42.40335],[-88.01635,42.40335],[-88.01635,42.4006],[-88.0139,42.4006],[-88.014,42.39335],[-88.0134,42.39245],[-88.0084,42.3892],[-88.00915,42.38845],[-88.00915,42.38605],[-88.00415,42.386],[-88.00775,42.38865],[-88.00775,42.3892],[-88.0041,42.3892],[-88.006,42.39055],[-88.006,42.3924],[-88.0041,42.3924],[-88.00395,42.4056],[-88.0041,42.40795],[-88.00385,42.4177],[-88.00655,42.4185],[-88.01365,42.4185],[-88.01375,42.4124],[-88.01865,42.41245],[-88.0186,42.4153],[-88.0235,42.4153],[-88.0234,42.42105],[-88.0186,42.42105],[-88.0185,42.4259],[-88.017,42.4259],[-88.01655,42.42825],[-88.01355,42.4264],[-88.0136,42.4221],[-88.0058,42.42245],[-88.0058,42.4228],[-88.00395,42.4241],[-88.0084,42.42415],[-88.0076,42.426],[-88.0069,42.43105]],[[-88.0467,42.4204],[-88.04795,42.419],[-88.05285,42.419],[-88.05285,42.42265],[-88.05175,42.42265],[-88.0517,42.4263],[-88.05035,42.42625],[-88.05035,42.4311],[-88.04785,42.43345],[-88.04065,42.4334],[-88.04295,42.43485],[-88.0429,42.43715],[-88.04,42.4357],[-88.0356,42.43175],[-88.03315,42.43245],[-88.0332,42.4303],[-88.03365,42.4289],[-88.035,42.4262],[-88.0332,42.4262],[-88.03325,42.4232],[-88.03815,42.4226],[-88.0451,42.4226],[-88.0451,42.4246],[-88.0478,42.4241],[-88.0467,42.4222],[-88.0467,42.4204]]]]},"properties":{"kind":"neighbour","name":"Lindenhurst","region":"Lake County","lp":[-88.02549,42.4293]}},
{"type":"Feature","geometry":{"type":"Polygon","coordinates":[[[-87.742,41.57515],[-87.74005,41.5739],[-87.74015,41.57165],[-87.73835,41.571],[-87.7378,41.57005],[-87.7387,41.5688],[-87.7422,41.5697],[-87.74735,41.56445],[-87.74735,41.5629],[-87.7446,41.5619],[-87.74355,41.5606],[-87.7378,41.56075],[-87.73795,41.5571],[-87.7433,41.55705],[-87.74305,41.54255],[-87.71895,41.54255],[-87.71875,41.5351],[-87.71535,41.5351],[-87.71535,41.5361],[-87.71335,41.53605],[-87.7136,41.55715],[-87.71375,41.56435],[-87.70885,41.56425],[-87.70185,41.56465],[-87.70175,41.56805],[-87.70405,41.56805],[-87.70405,41.5717],[-87.70825,41.5717],[-87.71015,41.5728],[-87.7102,41.57655],[-87.70655,41.5766],[-87.7066,41.5862],[-87.7225,41.58615],[-87.7292,41.58645],[-87.7346,41.58235],[-87.734,41.5813],[-87.73475,41.58125],[-87.7356,41.5803],[-87.73525,41.58005],[-87.7379,41.57885],[-87.73955,41.5765],[-87.74165,41.57595],[-87.742,41.57515]]]},"properties":{"kind":"neighbour","name":"Country Club Hills","region":"Cook County","lp":[-87.72588,41.55476]}},
{"type":"Feature","geometry":{"type":"Polygon","coordinates":[[[-88.04825,41.9919],[-88.0465,41.9915],[-88.04855,41.98935],[-88.0513,41.98825],[-88.0513,41.9864],[-88.0497,41.9854],[-88.04935,41.9846],[-88.0436,41.9848],[-88.0413,41.98305],[-88.0416,41.9762],[-88.04295,41.9765],[-88.04355,41.97525],[-88.03705,41.97395],[-88.03405,41.97345],[-88.03155,41.9719],[-88.0316,41.96765],[-88.03265,41.9668],[-88.0367,41.9667],[-88.038,41.9651],[-88.0316,41.96435],[-88.0316,41.9633],[-88.0397,41.96305],[-88.0413,41.96155],[-88.0413,41.95675],[-88.03905,41.95735],[-88.03315,41.95825],[-88.0332,41.9566],[-88.02735,41.961],[-88.0232,41.96325],[-88.0199,41.9632],[-88.0199,41.9622],[-88.01,41.9625],[-88.0088,41.9616],[-88.00325,41.9617],[-88.00325,41.96355],[-87.9984,41.96365],[-87.99835,41.96655],[-87.9944,41.9659],[-87.99455,41.96895],[-87.9858,41.96635],[-87.98565,41.9688],[-87.9892,41.971],[-87.99215,41.97165],[-87.99135,41.97405],[-87.99235,41.9754],[-87.99125,41.9769],[-87.99055,41.98185],[-87.991,41.9835],[-87.98995,41.9859],[-87.9917,41.98685],[-87.99335,41.98735],[-87.9934,41.98385],[-87.99845,41.98375],[-87.9981,41.98075],[-88.0006,41.9819],[-88.0048,41.9814],[-88.0034,41.9855],[-87.9981,41.9856],[-87.99815,41.9927],[-88.03145,41.99255],[-88.04825,41.9919]]]},"properties":{"kind":"neighbour","name":"Itasca","region":"DuPage County","lp":[-88.01866,41.97806]}},
{"type":"Feature","geometry":{"type":"MultiPolygon","coordinates":[[[[-88.38485,42.38535],[-88.3847,42.37455],[-88.38955,42.37455],[-88.38955,42.372],[-88.39445,42.372],[-88.39445,42.3709],[-88.38085,42.371],[-88.38075,42.3744],[-88.37505,42.37455],[-88.37505,42.37995],[-88.37015,42.38],[-88.37015,42.3783],[-88.3594,42.37825],[-88.3596,42.37625],[-88.3613,42.37385],[-88.37005,42.3739],[-88.36995,42.3577],[-88.36715,42.3566],[-88.3671,42.35345],[-88.3634,42.35445],[-88.3626,42.35725],[-88.3652,42.35725],[-88.3652,42.3602],[-88.3603,42.3602],[-88.3603,42.3652],[-88.3591,42.3663],[-88.3576,42.3667],[-88.3553,42.3663],[-88.3552,42.3684],[-88.3574,42.36875],[-88.35495,42.37105],[-88.3463,42.3711],[-88.3453,42.3702],[-88.3454,42.3593],[-88.3434,42.35935],[-88.34335,42.36385],[-88.3326,42.3639],[-88.3326,42.35665],[-88.32675,42.3567],[-88.32675,42.35785],[-88.3246,42.3579],[-88.3245,42.3591],[-88.32215,42.35915],[-88.32085,42.3568],[-88.32085,42.36035],[-88.31605,42.3604],[-88.3162,42.3634],[-88.32085,42.364],[-88.3208,42.3713],[-88.3062,42.3714],[-88.3061,42.37685],[-88.3096,42.37855],[-88.3184,42.37855],[-88.31835,42.3828],[-88.32635,42.38545],[-88.33025,42.38565],[-88.33055,42.3784],[-88.33545,42.37835],[-88.3355,42.3831],[-88.3389,42.3856],[-88.34425,42.38655],[-88.348,42.3865],[-88.34815,42.3853],[-88.34885,42.38555],[-88.3487,42.3867],[-88.3465,42.3904],[-88.34655,42.39615],[-88.3458,42.39645],[-88.34285,42.39645],[-88.3429,42.3985],[-88.34485,42.3991],[-88.34525,42.4019],[-88.3434,42.404],[-88.3403,42.40395],[-88.33995,42.4056],[-88.3367,42.40775],[-88.33725,42.4109],[-88.34025,42.41095],[-88.34025,42.40915],[-88.34405,42.4091],[-88.3459,42.4079],[-88.3458,42.40615],[-88.34905,42.4031],[-88.34975,42.40085],[-88.3512,42.3999],[-88.3541,42.39995],[-88.35415,42.3964],[-88.3603,42.39675],[-88.3603,42.4],[-88.386,42.39975],[-88.38735,42.3967],[-88.37995,42.3968],[-88.37995,42.39625],[-88.3726,42.3963],[-88.37265,42.3927],[-88.3695,42.39275],[-88.36955,42.3857],[-88.3701,42.3848],[-88.3722,42.3851],[-88.3722,42.38695],[-88.376,42.3845],[-88.37775,42.38545],[-88.38485,42.38535]],[[-88.34975,42.38175],[-88.3502,42.38395],[-88.3492,42.38495],[-88.3454,42.385],[-88.34435,42.38425],[-88.3404,42.38435],[-88.3404,42.3711],[-88.34475,42.37135],[-88.34515,42.37375],[-88.3451,42.38205],[-88.34975,42.38175]]],[[[-88.33055,42.40015],[-88.3306,42.3929],[-88.32945,42.3921],[-88.3294,42.39935],[-88.327,42.39935],[-88.32665,42.40085],[-88.3264,42.40745],[-88.32775,42.40745],[-88.3281,42.4002],[-88.33055,42.40015]]]]},"properties":{"kind":"neighbour","name":"Wonder Lake","region":"McHenry County","lp":[-88.35882,42.38745]}},
{"type":"Feature","geometry":{"type":"Polygon","coordinates":[[[-87.7029,41.47775],[-87.70315,41.4698],[-87.70125,41.46975],[-87.7011,41.4644],[-87.707,41.46375],[-87.7072,41.4644],[-87.70985,41.46445],[-87.7097,41.4564],[-87.7037,41.4564],[-87.7036,41.45285],[-87.70955,41.4528],[-87.7095,41.4491],[-87.7048,41.4492],[-87.7049,41.4505],[-87.70005,41.45055],[-87.69965,41.45105],[-87.69965,41.45285],[-87.7018,41.45285],[-87.70345,41.45465],[-87.70345,41.45745],[-87.7049,41.45745],[-87.70495,41.4601],[-87.7012,41.46015],[-87.7009,41.46295],[-87.6966,41.46285],[-87.69965,41.4587],[-87.6966,41.4587],[-87.69525,41.45785],[-87.69345,41.45785],[-87.6935,41.45995],[-87.6906,41.45995],[-87.6905,41.4602],[-87.69055,41.46595],[-87.68775,41.4664],[-87.6876,41.46565],[-87.687,41.46585],[-87.68605,41.4639],[-87.6833,41.4639],[-87.68325,41.4624],[-87.68085,41.46235],[-87.68095,41.4692],[-87.67985,41.46975],[-87.67615,41.4698],[-87.67605,41.46785],[-87.6783,41.46785],[-87.67825,41.46375],[-87.67585,41.46375],[-87.67585,41.46335],[-87.67115,41.46335],[-87.6695,41.46215],[-87.6664,41.4622],[-87.6664,41.464],[-87.66415,41.464],[-87.6642,41.46605],[-87.66645,41.46605],[-87.66655,41.46765],[-87.6712,41.4677],[-87.67165,41.46895],[-87.67415,41.46975],[-87.6742,41.47705],[-87.66935,41.47705],[-87.66945,41.49155],[-87.65605,41.4915],[-87.65605,41.4949],[-87.67425,41.49495],[-87.67435,41.50405],[-87.6792,41.504],[-87.6792,41.5062],[-87.6983,41.50615],[-87.70055,41.50215],[-87.6984,41.50215],[-87.69835,41.4988],[-87.69075,41.49895],[-87.69085,41.49505],[-87.6984,41.4951],[-87.6985,41.49145],[-87.7033,41.49165],[-87.70325,41.4824],[-87.7029,41.47775]]]},"properties":{"kind":"neighbour","name":"Park Forest","region":"Cook County","lp":[-87.68864,41.48109]}},
{"type":"Feature","geometry":{"type":"Polygon","coordinates":[[[-87.98715,41.78795],[-87.98705,41.78435],[-87.9943,41.7842],[-87.99385,41.76965],[-87.989,41.7697],[-87.98885,41.7661],[-87.98475,41.7662],[-87.9847,41.7648],[-87.9743,41.765],[-87.97435,41.7665],[-87.9708,41.76825],[-87.9671,41.76835],[-87.9669,41.7701],[-87.9663,41.76925],[-87.9635,41.76935],[-87.9636,41.7721],[-87.9633,41.774],[-87.96125,41.7746],[-87.96145,41.77805],[-87.9635,41.778],[-87.9638,41.78025],[-87.96325,41.78105],[-87.9618,41.7812],[-87.961,41.78305],[-87.9626,41.78325],[-87.9652,41.78385],[-87.9656,41.79565],[-87.9705,41.79565],[-87.97075,41.80285],[-87.9659,41.80295],[-87.9662,41.81025],[-87.9468,41.81075],[-87.94705,41.81225],[-87.95255,41.81775],[-87.953,41.8191],[-87.9533,41.82505],[-87.97625,41.82425],[-87.9765,41.8229],[-87.98125,41.82285],[-87.981,41.8172],[-87.9769,41.81725],[-87.97665,41.8106],[-87.97805,41.81235],[-87.98045,41.81075],[-87.983,41.81225],[-87.98305,41.8104],[-87.98565,41.8103],[-87.98525,41.8007],[-87.9895,41.79955],[-87.9899,41.79585],[-87.98505,41.79585],[-87.98475,41.78815],[-87.98715,41.78795]]]},"properties":{"kind":"neighbour","name":"Westmont","region":"DuPage County","lp":[-87.97632,41.77928]}},
{"type":"Feature","geometry":{"type":"Polygon","coordinates":[[[-87.67985,41.57175],[-87.68005,41.5681],[-87.68445,41.56805],[-87.6844,41.5644],[-87.69025,41.5644],[-87.6901,41.56195],[-87.6943,41.56195],[-87.6942,41.55715],[-87.699,41.55715],[-87.69855,41.54985],[-87.69405,41.54985],[-87.69405,41.5515],[-87.6748,41.55175],[-87.6743,41.54995],[-87.6651,41.5497],[-87.665,41.5461],[-87.65525,41.5461],[-87.65505,41.5442],[-87.6515,41.54435],[-87.6502,41.5427],[-87.64925,41.53875],[-87.63595,41.5388],[-87.63605,41.54965],[-87.641,41.54965],[-87.64095,41.55735],[-87.6361,41.5574],[-87.6361,41.56025],[-87.63445,41.56075],[-87.6354,41.56315],[-87.63145,41.5647],[-87.63145,41.56825],[-87.63275,41.56825],[-87.6328,41.57225],[-87.6349,41.57235],[-87.63485,41.57715],[-87.63595,41.5759],[-87.6358,41.5736],[-87.64125,41.5737],[-87.64125,41.57185],[-87.67985,41.57175]]]},"properties":{"kind":"neighbour","name":"Homewood","region":"Cook County","lp":[-87.65374,41.55888]}},
{"type":"Feature","geometry":{"type":"Polygon","coordinates":[[[-88.10445,42.37915],[-88.1095,42.3792],[-88.10935,42.37805],[-88.11065,42.37725],[-88.11005,42.3737],[-88.11075,42.3722],[-88.11,42.3719],[-88.1165,42.3719],[-88.11655,42.37555],[-88.1201,42.37555],[-88.12015,42.36615],[-88.1134,42.36465],[-88.09825,42.36445],[-88.09705,42.36455],[-88.0822,42.3643],[-88.0822,42.36795],[-88.0739,42.36795],[-88.0728,42.3669],[-88.0728,42.3647],[-88.06795,42.36475],[-88.06165,42.36435],[-88.06215,42.36975],[-88.06195,42.3753],[-88.0613,42.37525],[-88.0598,42.3717],[-88.05775,42.3715],[-88.05525,42.37415],[-88.05515,42.37885],[-88.0556,42.38185],[-88.0532,42.38255],[-88.05315,42.38605],[-88.0495,42.38605],[-88.0498,42.3896],[-88.0473,42.3897],[-88.0474,42.39245],[-88.05095,42.3924],[-88.05095,42.3934],[-88.05775,42.3935],[-88.05775,42.39225],[-88.06415,42.3923],[-88.0665,42.39835],[-88.07085,42.3984],[-88.06985,42.39605],[-88.072,42.39615],[-88.0769,42.39785],[-88.08085,42.39795],[-88.08085,42.39345],[-88.08275,42.39425],[-88.0827,42.39795],[-88.08715,42.3979],[-88.08725,42.38985],[-88.09215,42.38995],[-88.09215,42.3863],[-88.0971,42.3864],[-88.09705,42.37905],[-88.10445,42.37915]]]},"properties":{"kind":"neighbour","name":"Round Lake Beach","region":"Lake County","lp":[-88.0778,42.38089]}},
{"type":"Feature","geometry":{"type":"Polygon","coordinates":[[[-87.9984,41.96365],[-88.00325,41.9634],[-88.0033,41.9563],[-87.9984,41.9564],[-87.9984,41.95575],[-88.0033,41.95565],[-88.0033,41.949],[-87.98865,41.94255],[-87.9887,41.9492],[-87.97285,41.94955],[-87.9728,41.9532],[-87.97045,41.95325],[-87.9707,41.94495],[-87.9667,41.9452],[-87.96375,41.94535],[-87.96295,41.94655],[-87.96075,41.94665],[-87.96035,41.9498],[-87.96235,41.95125],[-87.9593,41.95155],[-87.95925,41.95315],[-87.96045,41.9531],[-87.96045,41.9539],[-87.95925,41.954],[-87.95925,41.95945],[-87.9642,41.9602],[-87.96415,41.96555],[-87.9623,41.96725],[-87.96155,41.97045],[-87.9613,41.97305],[-87.95935,41.97305],[-87.95945,41.98215],[-87.96,41.9828],[-87.965,41.98365],[-87.97555,41.98405],[-87.9748,41.9854],[-87.9748,41.9883],[-87.9774,41.9883],[-87.97725,41.991],[-87.97965,41.99095],[-87.97955,41.99285],[-87.9934,41.99275],[-87.99345,41.98965],[-87.9942,41.9901],[-87.99665,41.99005],[-87.99805,41.99125],[-87.9981,41.98555],[-87.99845,41.98375],[-87.9934,41.98385],[-87.99335,41.98735],[-87.9917,41.98685],[-87.9897,41.9863],[-87.991,41.9835],[-87.99055,41.98185],[-87.99125,41.9769],[-87.99235,41.97535],[-87.99135,41.97405],[-87.99215,41.97165],[-87.9892,41.971],[-87.98565,41.9688],[-87.9858,41.96635],[-87.99455,41.96895],[-87.9944,41.9659],[-87.99835,41.96655],[-87.9984,41.96365]],[[-87.97685,41.97255],[-87.9794,41.97355],[-87.9697,41.97365],[-87.9699,41.9692],[-87.97785,41.96905],[-87.97885,41.97125],[-87.97685,41.97255]],[[-87.97405,41.95215],[-87.974,41.95005],[-87.9777,41.9502],[-87.97755,41.9521],[-87.97405,41.95215]],[[-87.98735,41.954],[-87.98805,41.9562],[-87.9812,41.95675],[-87.9806,41.9524],[-87.98655,41.95225],[-87.98735,41.954]]]},"properties":{"kind":"neighbour","name":"Wood Dale","region":"DuPage County","lp":[-87.97433,41.96111]}},
{"type":"Feature","geometry":{"type":"Polygon","coordinates":[[[-88.238,42.35765],[-88.23805,42.35105],[-88.2372,42.35105],[-88.2372,42.3504],[-88.2381,42.3504],[-88.2381,42.34845],[-88.23485,42.3485],[-88.23315,42.3468],[-88.228,42.3468],[-88.228,42.3489],[-88.22965,42.3489],[-88.22995,42.35275],[-88.22795,42.3528],[-88.22795,42.3554],[-88.2231,42.35525],[-88.2222,42.3541],[-88.2182,42.3555],[-88.21825,42.34685],[-88.2202,42.34685],[-88.2202,42.3446],[-88.22315,42.3441],[-88.228,42.3441],[-88.23115,42.3432],[-88.23435,42.3401],[-88.22955,42.3378],[-88.23,42.32975],[-88.2267,42.32975],[-88.226,42.3269],[-88.22315,42.3269],[-88.22315,42.3287],[-88.2182,42.3287],[-88.2182,42.33475],[-88.21665,42.33585],[-88.2124,42.33445],[-88.2087,42.3355],[-88.2088,42.33405],[-88.21055,42.3317],[-88.20925,42.3312],[-88.2084,42.3327],[-88.20835,42.3287],[-88.2065,42.32875],[-88.20735,42.32695],[-88.20855,42.3246],[-88.21085,42.32545],[-88.21355,42.32385],[-88.2119,42.32305],[-88.2086,42.32315],[-88.2086,42.32135],[-88.20515,42.32135],[-88.2037,42.3201],[-88.2037,42.31775],[-88.199,42.31775],[-88.19885,42.32105],[-88.1957,42.32105],[-88.19585,42.32135],[-88.18905,42.32135],[-88.1888,42.3324],[-88.1839,42.3324],[-88.1842,42.3254],[-88.18075,42.32515],[-88.18075,42.326],[-88.1793,42.326],[-88.1781,42.3264],[-88.17815,42.32515],[-88.17505,42.325],[-88.1744,42.3236],[-88.17445,42.316],[-88.17195,42.316],[-88.172,42.31405],[-88.1695,42.314],[-88.1695,42.31765],[-88.1644,42.31765],[-88.1644,42.32],[-88.16115,42.32],[-88.16225,42.3218],[-88.16125,42.32445],[-88.1634,42.32495],[-88.1658,42.32435],[-88.166,42.32415],[-88.167,42.325],[-88.17075,42.325],[-88.17265,42.3263],[-88.172,42.33035],[-88.16925,42.33605],[-88.1766,42.33605],[-88.17655,42.3397],[-88.179,42.3397],[-88.17895,42.34335],[-88.1866,42.3434],[-88.1906,42.347],[-88.1966,42.3505],[-88.198,42.34875],[-88.1996,42.34875],[-88.20035,42.34685],[-88.2034,42.34685],[-88.20345,42.3432],[-88.2084,42.3432],[-88.2083,42.3518],[-88.20945,42.3538],[-88.21335,42.35495],[-88.2133,42.35775],[-88.20455,42.35775],[-88.2049,42.36185],[-88.20595,42.36495],[-88.2126,42.365],[-88.2134,42.36425],[-88.2133,42.3593],[-88.2182,42.3593],[-88.2182,42.3629],[-88.21895,42.36515],[-88.22115,42.36635],[-88.22435,42.37125],[-88.2281,42.37215],[-88.228,42.36495],[-88.2277,42.3641],[-88.22795,42.3577],[-88.238,42.35765]]]},"properties":{"kind":"neighbour","name":"Lakemoor","region":"McHenry County","lp":[-88.19804,42.33234]}},
{"type":"Feature","geometry":{"type":"Polygon","coordinates":[[[-88.1897,41.2898],[-88.214,41.2892],[-88.2139,41.28515],[-88.2117,41.2848],[-88.2116,41.2822],[-88.20845,41.28225],[-88.2082,41.27555],[-88.2111,41.2755],[-88.21295,41.2769],[-88.2132,41.2823],[-88.216,41.28225],[-88.21645,41.28285],[-88.21655,41.28565],[-88.21585,41.2856],[-88.216,41.28925],[-88.2254,41.289],[-88.2254,41.28615],[-88.2181,41.28605],[-88.2175,41.28225],[-88.2273,41.28215],[-88.2278,41.29225],[-88.2322,41.28785],[-88.23715,41.28085],[-88.2415,41.27415],[-88.25135,41.27405],[-88.25125,41.27245],[-88.2465,41.2726],[-88.2462,41.26315],[-88.247,41.26165],[-88.2513,41.25945],[-88.25535,41.25945],[-88.2552,41.2522],[-88.26515,41.2522],[-88.26505,41.2486],[-88.2552,41.24875],[-88.25505,41.2457],[-88.25325,41.24535],[-88.2506,41.2488],[-88.24565,41.24885],[-88.24575,41.25635],[-88.2428,41.2596],[-88.23495,41.25995],[-88.23455,41.2576],[-88.2362,41.2576],[-88.23605,41.25235],[-88.2332,41.25235],[-88.2331,41.2486],[-88.231,41.24875],[-88.2261,41.25265],[-88.22605,41.25125],[-88.22165,41.25295],[-88.22255,41.2551],[-88.2179,41.25865],[-88.2166,41.2603],[-88.21275,41.26035],[-88.2137,41.25805],[-88.21355,41.2544],[-88.20675,41.25445],[-88.2067,41.25315],[-88.20275,41.2532],[-88.2028,41.2551],[-88.2004,41.25515],[-88.20055,41.2606],[-88.20645,41.2605],[-88.20625,41.26405],[-88.20785,41.26415],[-88.20795,41.26775],[-88.19105,41.28135],[-88.1895,41.284],[-88.1897,41.2898]]]},"properties":{"kind":"neighbour","name":"Braidwood","region":"Will County","lp":[-88.22599,41.26717]}},
{"type":"Feature","geometry":{"type":"Polygon","coordinates":[[[-87.5822,41.524],[-87.5801,41.52075],[-87.58755,41.5207],[-87.5875,41.51875],[-87.5851,41.5178],[-87.5823,41.5178],[-87.5822,41.51355],[-87.5799,41.51355],[-87.58,41.5197],[-87.57775,41.51735],[-87.5778,41.52435],[-87.5729,41.5241],[-87.5729,41.52225],[-87.57075,41.5209],[-87.5707,41.51355],[-87.5632,41.51385],[-87.5631,41.5158],[-87.5583,41.51585],[-87.5583,41.51485],[-87.5534,41.51485],[-87.55335,41.51385],[-87.5534,41.51735],[-87.55105,41.5173],[-87.551,41.51385],[-87.54855,41.51385],[-87.5486,41.5169],[-87.5472,41.51885],[-87.5489,41.5196],[-87.5474,41.521],[-87.54635,41.52455],[-87.539,41.5245],[-87.53895,41.51915],[-87.5426,41.5192],[-87.5432,41.51675],[-87.54315,41.51105],[-87.54375,41.511],[-87.5437,41.5026],[-87.54895,41.50255],[-87.54875,41.49905],[-87.5293,41.4992],[-87.53035,41.49795],[-87.5293,41.49655],[-87.52905,41.492],[-87.52645,41.492],[-87.5258,41.49175],[-87.52595,41.49105],[-87.52555,41.49105],[-87.52555,41.49465],[-87.52625,41.49475],[-87.52625,41.4954],[-87.52555,41.4953],[-87.5256,41.51745],[-87.52935,41.5174],[-87.5294,41.52105],[-87.5312,41.52465],[-87.52925,41.52475],[-87.5293,41.5283],[-87.53685,41.5283],[-87.537,41.53755],[-87.53915,41.53755],[-87.5392,41.54135],[-87.54395,41.541],[-87.5438,41.5428],[-87.56945,41.54275],[-87.5694,41.53765],[-87.57315,41.53765],[-87.57315,41.53895],[-87.58315,41.5389],[-87.5831,41.5363],[-87.58455,41.5342],[-87.58395,41.5324],[-87.58335,41.53105],[-87.5803,41.53095],[-87.58075,41.5311],[-87.57975,41.53255],[-87.5788,41.53115],[-87.5777,41.53145],[-87.5776,41.53315],[-87.57295,41.5331],[-87.573,41.5272],[-87.57785,41.52705],[-87.5795,41.5281],[-87.583,41.52855],[-87.58235,41.52465],[-87.5873,41.5247],[-87.5873,41.524],[-87.5822,41.524]],[[-87.56935,41.52805],[-87.57255,41.52935],[-87.5726,41.53175],[-87.5687,41.53205],[-87.56935,41.52805]]]},"properties":{"kind":"neighbour","name":"Lynwood","region":"Cook County","lp":[-87.55738,41.53157]}},
{"type":"Feature","geometry":{"type":"Polygon","coordinates":[[[-88.1592,42.2486],[-88.15915,42.2522],[-88.15445,42.25215],[-88.1544,42.24855],[-88.15175,42.24855],[-88.14955,42.24775],[-88.1475,42.2485],[-88.14635,42.2498],[-88.14525,42.2493],[-88.14465,42.2506],[-88.14375,42.2503],[-88.1428,42.25135],[-88.143,42.2521],[-88.13975,42.2521],[-88.13975,42.24925],[-88.13485,42.24765],[-88.1349,42.25045],[-88.1368,42.2521],[-88.1359,42.2517],[-88.13565,42.25265],[-88.1347,42.253],[-88.1355,42.254],[-88.1348,42.25425],[-88.135,42.25615],[-88.13445,42.25665],[-88.135,42.2576],[-88.1327,42.2576],[-88.1322,42.25845],[-88.12995,42.25925],[-88.12005,42.2592],[-88.1199,42.26155],[-88.11825,42.26265],[-88.11155,42.26255],[-88.11155,42.2701],[-88.1164,42.2701],[-88.11625,42.26795],[-88.12035,42.268],[-88.12055,42.27035],[-88.1163,42.274],[-88.11625,42.27715],[-88.11005,42.2771],[-88.11055,42.2807],[-88.11145,42.2821],[-88.1114,42.2847],[-88.1163,42.28455],[-88.11615,42.29825],[-88.11375,42.2982],[-88.11375,42.29855],[-88.11085,42.29695],[-88.10665,42.29355],[-88.1063,42.30255],[-88.1162,42.3028],[-88.11615,42.3051],[-88.1179,42.30515],[-88.1179,42.30645],[-88.12035,42.30595],[-88.13045,42.306],[-88.1305,42.3033],[-88.1347,42.3031],[-88.1344,42.30165],[-88.1353,42.2993],[-88.13525,42.29655],[-88.14015,42.29655],[-88.14015,42.29205],[-88.1304,42.292],[-88.13035,42.29585],[-88.1255,42.29445],[-88.1255,42.292],[-88.12225,42.29115],[-88.11805,42.2911],[-88.11805,42.2893],[-88.1226,42.28915],[-88.1255,42.2908],[-88.1255,42.28775],[-88.1304,42.2872],[-88.13035,42.28475],[-88.12305,42.2847],[-88.1231,42.27745],[-88.1318,42.2776],[-88.1318,42.2811],[-88.13505,42.28115],[-88.1351,42.28475],[-88.14735,42.2848],[-88.1474,42.28815],[-88.1508,42.28715],[-88.15155,42.2893],[-88.15215,42.2894],[-88.15215,42.2868],[-88.15325,42.2869],[-88.1554,42.28565],[-88.1579,42.29215],[-88.15485,42.29215],[-88.1549,42.2943],[-88.1587,42.29435],[-88.1609,42.2934],[-88.159,42.29045],[-88.1558,42.28145],[-88.1551,42.27775],[-88.1579,42.27775],[-88.1579,42.27495],[-88.15955,42.2746],[-88.15945,42.2631],[-88.16255,42.2631],[-88.16235,42.25815],[-88.1594,42.25735],[-88.15815,42.2558],[-88.1545,42.2558],[-88.1545,42.2549],[-88.1595,42.2549],[-88.15945,42.2533],[-88.16425,42.2533],[-88.16415,42.2486],[-88.1592,42.2486]],[[-88.1231,42.2944],[-88.1206,42.29565],[-88.1206,42.292],[-88.12205,42.292],[-88.1231,42.2944]],[[-88.14495,42.2727],[-88.1479,42.27575],[-88.14495,42.27575],[-88.1445,42.27745],[-88.13535,42.2774],[-88.13515,42.2742],[-88.13305,42.27455],[-88.13275,42.2666],[-88.14005,42.2667],[-88.14015,42.27275],[-88.1436,42.2734],[-88.14495,42.2727]],[[-88.13285,42.29565],[-88.13285,42.29385],[-88.13515,42.29385],[-88.13515,42.29565],[-88.13285,42.29565]]]},"properties":{"kind":"neighbour","name":"Wauconda","region":"Lake County","lp":[-88.14917,42.26387]}},
{"type":"Feature","geometry":{"type":"Polygon","coordinates":[[[-87.80605,42.0552],[-87.8256,42.0549],[-87.8258,42.04395],[-87.81985,42.044],[-87.82045,42.04045],[-87.8007,42.04085],[-87.8008,42.0336],[-87.796,42.03365],[-87.7959,42.0264],[-87.79175,42.02645],[-87.78955,42.0237],[-87.7794,42.0236],[-87.7809,42.02645],[-87.7671,42.02645],[-87.7677,42.02495],[-87.767,42.0229],[-87.76225,42.02275],[-87.76195,42.03365],[-87.7644,42.03365],[-87.7643,42.03565],[-87.7659,42.0371],[-87.76425,42.0386],[-87.76375,42.0532],[-87.7639,42.0554],[-87.79955,42.0552],[-87.7996,42.0565],[-87.806,42.05655],[-87.80605,42.0552]]]},"properties":{"kind":"neighbour","name":"Morton Grove","region":"Cook County","lp":[-87.78327,42.04077]}},
{"type":"Feature","geometry":{"type":"MultiPolygon","coordinates":[[[[-88.2181,41.947],[-88.2253,41.94805],[-88.22555,41.94975],[-88.2268,41.94965],[-88.2268,41.9483],[-88.23465,41.9495],[-88.23435,41.95135],[-88.2381,41.9507],[-88.23805,41.955],[-88.2517,41.9547],[-88.25425,41.95995],[-88.26245,41.96085],[-88.26245,41.9628],[-88.26405,41.96315],[-88.26335,41.9669],[-88.2711,41.97325],[-88.2749,41.9733],[-88.27425,41.975],[-88.2787,41.97545],[-88.28025,41.97595],[-88.28085,41.97465],[-88.27935,41.97375],[-88.28005,41.9727],[-88.27925,41.9716],[-88.27555,41.9716],[-88.2761,41.969],[-88.2782,41.9681],[-88.2776,41.964],[-88.27595,41.9641],[-88.2755,41.9612],[-88.2797,41.9612],[-88.281,41.95675],[-88.2825,41.9568],[-88.28255,41.95445],[-88.28645,41.9544],[-88.2871,41.9557],[-88.2901,41.9555],[-88.2918,41.95685],[-88.2916,41.95975],[-88.2931,41.9596],[-88.2933,41.95655],[-88.2988,41.95575],[-88.2991,41.9518],[-88.30545,41.9524],[-88.3099,41.9532],[-88.3121,41.95435],[-88.31245,41.95075],[-88.3119,41.94985],[-88.3057,41.95025],[-88.305,41.95015],[-88.29885,41.95005],[-88.29885,41.94815],[-88.29385,41.9485],[-88.2936,41.95055],[-88.29185,41.95065],[-88.2917,41.94225],[-88.2984,41.94215],[-88.2987,41.93775],[-88.297,41.93785],[-88.29705,41.9349],[-88.2948,41.9349],[-88.2948,41.93785],[-88.28965,41.9383],[-88.28795,41.9373],[-88.2848,41.9398],[-88.28195,41.93895],[-88.27855,41.9387],[-88.27705,41.94025],[-88.2792,41.9417],[-88.28255,41.94115],[-88.28355,41.94205],[-88.28845,41.9417],[-88.2885,41.94355],[-88.28645,41.9446],[-88.2836,41.9443],[-88.27835,41.9452],[-88.27675,41.94325],[-88.2755,41.9436],[-88.27515,41.9462],[-88.2721,41.94765],[-88.27025,41.947],[-88.26935,41.94815],[-88.26445,41.94795],[-88.26465,41.94165],[-88.26555,41.9418],[-88.26585,41.93695],[-88.2628,41.9372],[-88.24315,41.9372],[-88.2426,41.93595],[-88.23755,41.936],[-88.2374,41.9473],[-88.23145,41.94185],[-88.2328,41.9418],[-88.23295,41.9325],[-88.23015,41.9325],[-88.2302,41.92885],[-88.22565,41.9289],[-88.22445,41.9357],[-88.22315,41.93655],[-88.22075,41.93555],[-88.20865,41.9357],[-88.20855,41.9385],[-88.20125,41.93865],[-88.20125,41.93985],[-88.2144,41.93945],[-88.21435,41.94055],[-88.20855,41.94065],[-88.2084,41.94385],[-88.21245,41.9438],[-88.21325,41.947],[-88.2132,41.9507],[-88.2181,41.95065],[-88.2181,41.947]],[[-88.223,41.9436],[-88.21815,41.9437],[-88.2182,41.94005],[-88.22335,41.93995],[-88.223,41.9436]]],[[[-88.2628,41.9705],[-88.2628,41.97275],[-88.26585,41.973],[-88.26825,41.9752],[-88.27415,41.976],[-88.26315,41.96775],[-88.2632,41.9689],[-88.26125,41.9689],[-88.2628,41.9705]]]]},"properties":{"kind":"neighbour","name":"Wayne","region":"Kane County","lp":[-88.25406,41.94608]}},
{"type":"Feature","geometry":{"type":"Polygon","coordinates":[[[-88.19695,42.1919],[-88.1995,42.1919],[-88.1995,42.18805],[-88.1946,42.1854],[-88.19465,42.18375],[-88.19385,42.18435],[-88.18495,42.1797],[-88.1801,42.17975],[-88.1801,42.17775],[-88.173,42.17405],[-88.1726,42.1762],[-88.17525,42.17605],[-88.17515,42.1798],[-88.17925,42.17975],[-88.17495,42.18525],[-88.16615,42.1853],[-88.16615,42.18715],[-88.15905,42.18715],[-88.1583,42.1908],[-88.16005,42.19085],[-88.15995,42.2001],[-88.15785,42.2017],[-88.15405,42.2016],[-88.154,42.20315],[-88.15485,42.2062],[-88.1598,42.2054],[-88.15965,42.21265],[-88.1413,42.2121],[-88.14085,42.21425],[-88.13765,42.2148],[-88.1351,42.21335],[-88.13495,42.225],[-88.13085,42.225],[-88.13575,42.22845],[-88.1367,42.22655],[-88.13985,42.2265],[-88.13985,42.2229],[-88.13795,42.2229],[-88.13795,42.2191],[-88.14085,42.2192],[-88.1411,42.22365],[-88.1448,42.2293],[-88.15,42.22675],[-88.15745,42.22215],[-88.1575,42.2199],[-88.1595,42.21995],[-88.1596,42.2163],[-88.162,42.2163],[-88.16445,42.21715],[-88.16425,42.2346],[-88.16175,42.2346],[-88.16175,42.23685],[-88.1593,42.23655],[-88.1592,42.24135],[-88.15435,42.2413],[-88.1544,42.24585],[-88.15925,42.25105],[-88.1592,42.2486],[-88.17875,42.24865],[-88.1787,42.24405],[-88.1761,42.24405],[-88.17605,42.2401],[-88.17425,42.2396],[-88.1741,42.22735],[-88.1776,42.2273],[-88.17615,42.2243],[-88.17625,42.2226],[-88.1794,42.22],[-88.17425,42.22005],[-88.17435,42.2134],[-88.17655,42.2134],[-88.1766,42.21115],[-88.1794,42.21105],[-88.17945,42.215],[-88.1902,42.215],[-88.19185,42.2135],[-88.1946,42.2095],[-88.19505,42.20715],[-88.18645,42.2072],[-88.1864,42.20505],[-88.18285,42.2054],[-88.18285,42.2034],[-88.1853,42.20335],[-88.1859,42.19795],[-88.1895,42.1979],[-88.18955,42.1942],[-88.19445,42.1942],[-88.18945,42.19405],[-88.19045,42.1918],[-88.1922,42.1911],[-88.19355,42.1881],[-88.1967,42.18855],[-88.19785,42.1897],[-88.1969,42.19],[-88.19695,42.1919]],[[-88.16445,42.24515],[-88.1652,42.2432],[-88.16905,42.2432],[-88.16905,42.245],[-88.16445,42.24515]],[[-88.17025,42.19275],[-88.18435,42.19385],[-88.18425,42.198],[-88.17965,42.1981],[-88.17875,42.1997],[-88.1747,42.19965],[-88.17465,42.20175],[-88.1697,42.20175],[-88.1698,42.19805],[-88.17165,42.1972],[-88.17165,42.195],[-88.1698,42.19505],[-88.17025,42.19275]]]},"properties":{"kind":"neighbour","name":"Lake Barrington","region":"Lake County","lp":[-88.16766,42.20931]}},
{"type":"Feature","geometry":{"type":"Polygon","coordinates":[[[-88.0396,42.094],[-88.04015,42.0923],[-88.0438,42.0923],[-88.045,42.0915],[-88.045,42.08895],[-88.0463,42.08675],[-88.04995,42.0869],[-88.0533,42.086],[-88.05355,42.084],[-88.05705,42.084],[-88.05725,42.08495],[-88.06225,42.08485],[-88.06225,42.0857],[-88.06805,42.08535],[-88.06805,42.08355],[-88.06795,42.0832],[-88.06535,42.0827],[-88.0653,42.08185],[-88.0663,42.0788],[-88.0658,42.07805],[-88.0623,42.0781],[-88.062,42.0773],[-88.05375,42.07715],[-88.05345,42.07525],[-88.04555,42.0759],[-88.0461,42.07415],[-88.04375,42.0741],[-88.04025,42.0746],[-88.039,42.0761],[-88.0358,42.07605],[-88.03575,42.07405],[-88.0293,42.07405],[-88.0285,42.0724],[-88.02955,42.07235],[-88.02925,42.07135],[-88.02945,42.0706],[-88.03055,42.07],[-88.0299,42.06765],[-88.0284,42.067],[-88.02865,42.0627],[-88.03295,42.0638],[-88.03285,42.06145],[-88.0353,42.0612],[-88.0353,42.05785],[-88.03145,42.0558],[-88.029,42.05545],[-88.02935,42.05085],[-88.007,42.051],[-88.007,42.05125],[-87.9957,42.04605],[-87.9931,42.0509],[-88.00035,42.05595],[-88.00705,42.05795],[-88.00705,42.06665],[-88.004,42.06665],[-88.00325,42.0701],[-88.0033,42.07255],[-88.0049,42.07495],[-88.00475,42.08845],[-88.0266,42.0885],[-88.02675,42.09555],[-88.0242,42.09575],[-88.02425,42.09755],[-88.01945,42.09975],[-88.0144,42.0977],[-88.02905,42.1045],[-88.0291,42.103],[-88.03405,42.10305],[-88.0341,42.09485],[-88.0365,42.0954],[-88.03765,42.09535],[-88.0377,42.09485],[-88.0396,42.094]],[[-88.04265,42.078],[-88.04475,42.0789],[-88.04385,42.08255],[-88.03895,42.0819],[-88.03795,42.08355],[-88.0339,42.0835],[-88.03395,42.07985],[-88.0358,42.0786],[-88.03905,42.078],[-88.04265,42.078]]]},"properties":{"kind":"neighbour","name":"Rolling Meadows","region":"Cook County","lp":[-88.01682,42.07616]}},
{"type":"Feature","geometry":{"type":"Polygon","coordinates":[[[-88.1511,41.8139],[-88.1485,41.8194],[-88.1495,41.8209],[-88.15185,41.82085],[-88.1517,41.8244],[-88.1534,41.8236],[-88.15635,41.82355],[-88.15635,41.8191],[-88.16205,41.81905],[-88.162,41.8222],[-88.16605,41.82205],[-88.166,41.82785],[-88.16095,41.8279],[-88.1609,41.83025],[-88.1684,41.8302],[-88.16845,41.82785],[-88.1806,41.8277],[-88.1806,41.8313],[-88.1855,41.83125],[-88.1855,41.8285],[-88.18755,41.82835],[-88.1894,41.82935],[-88.18925,41.83125],[-88.18635,41.8321],[-88.1855,41.83395],[-88.1945,41.8338],[-88.19275,41.83475],[-88.1927,41.83835],[-88.1951,41.83935],[-88.20225,41.83925],[-88.20265,41.8424],[-88.1975,41.84245],[-88.19745,41.84465],[-88.20295,41.8446],[-88.2036,41.8506],[-88.2114,41.8504],[-88.21325,41.82405],[-88.21435,41.8216],[-88.2136,41.82095],[-88.2143,41.8165],[-88.205,41.81595],[-88.205,41.81555],[-88.20825,41.8159],[-88.2085,41.8104],[-88.2097,41.8104],[-88.2096,41.813],[-88.21375,41.8135],[-88.2139,41.8104],[-88.21075,41.8104],[-88.21085,41.8079],[-88.20775,41.8104],[-88.2035,41.80985],[-88.20405,41.8128],[-88.19055,41.81295],[-88.186,41.8112],[-88.18705,41.80665],[-88.18765,41.8056],[-88.1762,41.8059],[-88.17225,41.80665],[-88.16575,41.80675],[-88.16575,41.80585],[-88.1763,41.8054],[-88.18115,41.8022],[-88.18115,41.8],[-88.17225,41.79995],[-88.17135,41.7992],[-88.1571,41.7992],[-88.15705,41.8058],[-88.1643,41.80585],[-88.16375,41.80675],[-88.15705,41.80675],[-88.1571,41.81145],[-88.1558,41.8132],[-88.15185,41.81235],[-88.1511,41.8139]],[[-88.153,41.81915],[-88.15305,41.8172],[-88.1554,41.8172],[-88.1554,41.8191],[-88.153,41.81915]],[[-88.20165,41.82165],[-88.20155,41.8246],[-88.19925,41.82425],[-88.19935,41.8216],[-88.19675,41.81825],[-88.2005,41.8173],[-88.20065,41.8195],[-88.20165,41.82165]]]},"properties":{"kind":"neighbour","name":"Warrenville","region":"DuPage County","lp":[-88.1764,41.81705]}},
{"type":"Feature","geometry":{"type":"Polygon","coordinates":[[[-88.10105,41.93345],[-88.1012,41.9076],[-88.1018,41.90225],[-88.0941,41.90255],[-88.094,41.90055],[-88.089,41.9001],[-88.08765,41.9025],[-88.0877,41.89865],[-88.08335,41.8988],[-88.0838,41.8973],[-88.0822,41.897],[-88.07385,41.89605],[-88.0741,41.8981],[-88.0757,41.8981],[-88.0756,41.90225],[-88.0725,41.9022],[-88.07255,41.8984],[-88.0706,41.8984],[-88.0706,41.8958],[-88.06845,41.8956],[-88.06845,41.8988],[-88.065,41.89885],[-88.0634,41.9001],[-88.06325,41.90165],[-88.0624,41.90275],[-88.0602,41.9028],[-88.06035,41.9058],[-88.05475,41.9055],[-88.0547,41.9038],[-88.05015,41.903],[-88.04955,41.9057],[-88.04735,41.90575],[-88.04725,41.904],[-88.0434,41.90415],[-88.04355,41.90585],[-88.04675,41.90575],[-88.0468,41.9077],[-88.0521,41.90745],[-88.05215,41.9213],[-88.06225,41.9226],[-88.06275,41.9255],[-88.0607,41.92565],[-88.0528,41.92505],[-88.05185,41.92875],[-88.05695,41.9286],[-88.0569,41.93035],[-88.0635,41.93015],[-88.0639,41.9327],[-88.06175,41.9328],[-88.06395,41.9334],[-88.0641,41.93515],[-88.0715,41.936],[-88.07145,41.93975],[-88.0803,41.9395],[-88.0805,41.94315],[-88.08615,41.94295],[-88.08615,41.93765],[-88.09535,41.9385],[-88.10075,41.939],[-88.10105,41.93345]],[[-88.08785,41.9035],[-88.0878,41.90275],[-88.09125,41.90265],[-88.09125,41.90505],[-88.08965,41.90605],[-88.08195,41.9063],[-88.07975,41.91025],[-88.08145,41.9102],[-88.08145,41.91325],[-88.0798,41.9153],[-88.0733,41.9155],[-88.07085,41.9138],[-88.06515,41.9144],[-88.06415,41.91355],[-88.06415,41.9122],[-88.0623,41.91205],[-88.06275,41.90745],[-88.07,41.9069],[-88.07165,41.90725],[-88.07165,41.9048],[-88.0723,41.90325],[-88.08745,41.90275],[-88.08785,41.9035]]]},"properties":{"kind":"neighbour","name":"Glendale Heights","region":"DuPage County","lp":[-88.09051,41.91973]}},
{"type":"Feature","geometry":{"type":"Polygon","coordinates":[[[-87.77705,42.0847],[-87.77805,42.08205],[-87.77775,42.0798],[-87.76465,42.0796],[-87.76235,42.07225],[-87.75885,42.07235],[-87.75875,42.065],[-87.7324,42.06465],[-87.73235,42.0689],[-87.7291,42.0691],[-87.6891,42.06875],[-87.6892,42.06965],[-87.68285,42.0695],[-87.68275,42.0717],[-87.6796,42.0717],[-87.6822,42.07545],[-87.681,42.07795],[-87.6822,42.07885],[-87.6894,42.0819],[-87.69455,42.0844],[-87.70275,42.08965],[-87.7028,42.08595],[-87.71265,42.08615],[-87.7127,42.08485],[-87.7176,42.0849],[-87.7176,42.0826],[-87.7226,42.0827],[-87.7245,42.08785],[-87.7262,42.08815],[-87.7271,42.0888],[-87.728,42.0883],[-87.73205,42.0882],[-87.7332,42.0873],[-87.74,42.0873],[-87.74185,42.08765],[-87.7419,42.0852],[-87.74535,42.08545],[-87.75165,42.0849],[-87.7573,42.0849],[-87.7584,42.0867],[-87.7663,42.08695],[-87.7731,42.08695],[-87.77465,42.0849],[-87.77705,42.0847]]]},"properties":{"kind":"neighbour","name":"Wilmette","region":"Cook County","lp":[-87.74515,42.07513]}},
{"type":"Feature","geometry":{"type":"Polygon","coordinates":[[[-87.9401,41.9867],[-87.9471,41.98655],[-87.94715,41.9934],[-87.9529,41.9933],[-87.9529,41.9902],[-87.95435,41.9902],[-87.95435,41.98465],[-87.9592,41.98455],[-87.95925,41.99315],[-87.96875,41.99305],[-87.96875,41.9894],[-87.9625,41.9895],[-87.96255,41.98325],[-87.96,41.9828],[-87.95945,41.98215],[-87.95935,41.97305],[-87.9613,41.97305],[-87.96155,41.97045],[-87.9623,41.96725],[-87.96415,41.96555],[-87.9642,41.9602],[-87.95925,41.95945],[-87.9593,41.95185],[-87.9577,41.9519],[-87.9577,41.9503],[-87.9593,41.95025],[-87.9595,41.9483],[-87.95785,41.94725],[-87.95275,41.94805],[-87.9536,41.9467],[-87.95305,41.9459],[-87.95325,41.9443],[-87.9537,41.93885],[-87.95375,41.93075],[-87.9338,41.93165],[-87.9342,41.93905],[-87.92685,41.9392],[-87.92535,41.9361],[-87.9262,41.9357],[-87.9254,41.93145],[-87.9203,41.9313],[-87.92025,41.94315],[-87.91465,41.94335],[-87.915,41.9504],[-87.9155,41.95035],[-87.91925,41.9507],[-87.9202,41.95305],[-87.9264,41.95435],[-87.9395,41.9565],[-87.93975,41.9568],[-87.93965,41.964],[-87.94,41.9643],[-87.9401,41.9867]]]},"properties":{"kind":"neighbour","name":"Bensenville","region":"DuPage County","lp":[-87.95065,41.9656]}},
{"type":"Feature","geometry":{"type":"Polygon","coordinates":[[[-87.7171,41.61095],[-87.7168,41.5959],[-87.71585,41.59555],[-87.7155,41.59215],[-87.71715,41.5914],[-87.71545,41.5914],[-87.71595,41.5862],[-87.68845,41.5863],[-87.68835,41.5827],[-87.68485,41.5828],[-87.6848,41.5863],[-87.6559,41.58635],[-87.6502,41.59695],[-87.65305,41.5973],[-87.65975,41.5969],[-87.6668,41.59695],[-87.66955,41.60535],[-87.67525,41.60535],[-87.67525,41.6012],[-87.68,41.60145],[-87.6805,41.6045],[-87.6808,41.61545],[-87.6851,41.61575],[-87.69075,41.61555],[-87.68655,41.61875],[-87.6932,41.6187],[-87.6933,41.62235],[-87.70785,41.62205],[-87.70745,41.6111],[-87.7171,41.61095]]]},"properties":{"kind":"neighbour","name":"Markham","region":"Cook County","lp":[-87.69579,41.60131]}},
{"type":"Feature","geometry":{"type":"MultiPolygon","coordinates":[[[[-87.876,42.15295],[-87.8749,42.1558],[-87.88405,42.1575],[-87.8835,42.15295],[-87.876,42.15295]]],[[[-87.8816,42.16735],[-87.8829,42.1666],[-87.88365,42.1617],[-87.87545,42.16185],[-87.8735,42.1635],[-87.87365,42.1584],[-87.87165,42.15455],[-87.8716,42.15295],[-87.8712,42.15295],[-87.87175,42.15145],[-87.8724,42.15075],[-87.8707,42.15],[-87.84385,42.1499],[-87.84385,42.1501],[-87.8396,42.1492],[-87.84145,42.15215],[-87.84105,42.15215],[-87.83905,42.1489],[-87.83185,42.14565],[-87.8308,42.1458],[-87.8336,42.14995],[-87.8335,42.15275],[-87.8211,42.15255],[-87.82145,42.15445],[-87.8221,42.15565],[-87.8221,42.1565],[-87.82345,42.1587],[-87.82325,42.1687],[-87.82485,42.16875],[-87.82745,42.16715],[-87.82905,42.1675],[-87.82995,42.1719],[-87.8311,42.1732],[-87.8351,42.17445],[-87.83645,42.17805],[-87.8433,42.1813],[-87.84595,42.18495],[-87.8472,42.18495],[-87.84715,42.18905],[-87.8577,42.18915],[-87.8543,42.18185],[-87.8551,42.18185],[-87.8683,42.18195],[-87.8683,42.1807],[-87.8701,42.17835],[-87.8743,42.17835],[-87.8736,42.17405],[-87.87365,42.16775],[-87.8816,42.16735]]]]},"properties":{"kind":"neighbour","name":"Deerfield","region":"Lake County","lp":[-87.84955,42.16606]}},
{"type":"Feature","geometry":{"type":"Polygon","coordinates":[[[-88.09135,41.98745],[-88.0927,41.9865],[-88.10245,41.9875],[-88.1049,41.98715],[-88.10485,41.98895],[-88.1102,41.9894],[-88.12485,41.98885],[-88.12505,41.9822],[-88.1188,41.98245],[-88.11895,41.9738],[-88.1199,41.972],[-88.1147,41.9696],[-88.11425,41.96815],[-88.1143,41.9661],[-88.1131,41.9661],[-88.1129,41.96755],[-88.1116,41.9683],[-88.1063,41.96595],[-88.1027,41.96515],[-88.10265,41.96695],[-88.1044,41.96755],[-88.1043,41.96945],[-88.10075,41.9695],[-88.1008,41.9649],[-88.09925,41.96445],[-88.091,41.96025],[-88.09105,41.9623],[-88.09225,41.9623],[-88.09185,41.96535],[-88.08835,41.96525],[-88.08745,41.96435],[-88.0872,41.96555],[-88.08915,41.9666],[-88.0858,41.9678],[-88.08445,41.96535],[-88.0836,41.9673],[-88.0807,41.96765],[-88.08015,41.9689],[-88.0756,41.96905],[-88.07885,41.96835],[-88.08035,41.9669],[-88.07325,41.967],[-88.0714,41.96765],[-88.06705,41.96935],[-88.0635,41.96945],[-88.0634,41.97415],[-88.0589,41.9743],[-88.06115,41.9702],[-88.06015,41.9696],[-88.057,41.97095],[-88.0516,41.9714],[-88.05155,41.97455],[-88.05815,41.9743],[-88.0583,41.97695],[-88.06145,41.97685],[-88.0612,41.98435],[-88.0598,41.98515],[-88.0613,41.98705],[-88.06105,41.9914],[-88.05655,41.99165],[-88.0566,41.9905],[-88.056,41.9904],[-88.0563,41.9844],[-88.0513,41.98455],[-88.0511,41.98585],[-88.0513,41.98825],[-88.04855,41.98935],[-88.0465,41.9915],[-88.04825,41.9919],[-88.05575,41.9917],[-88.0557,41.99895],[-88.0594,41.9988],[-88.0594,42.00065],[-88.06055,42.0006],[-88.0606,41.99875],[-88.0741,41.99825],[-88.0741,41.99635],[-88.0753,41.99485],[-88.0779,41.9945],[-88.077,41.9977],[-88.08015,41.9999],[-88.08035,41.9943],[-88.08875,41.994],[-88.0886,41.99575],[-88.08685,41.9964],[-88.08805,41.99675],[-88.09005,41.9971],[-88.0902,41.9903],[-88.0906,41.98895],[-88.0896,41.98785],[-88.09135,41.98745]],[[-88.08975,41.97455],[-88.09085,41.97655],[-88.0885,41.97665],[-88.08745,41.97905],[-88.0813,41.97915],[-88.0811,41.97695],[-88.08205,41.97535],[-88.08455,41.9754],[-88.08475,41.97415],[-88.08255,41.9725],[-88.08965,41.97345],[-88.08975,41.97455]]]},"properties":{"kind":"neighbour","name":"Roselle","region":"DuPage County","lp":[-88.07158,41.98406]}},
{"type":"Feature","geometry":{"type":"Polygon","coordinates":[[[-88.3547,42.107],[-88.3546,42.11425],[-88.36195,42.1142],[-88.3686,42.11455],[-88.3694,42.1178],[-88.3641,42.11775],[-88.36415,42.1279],[-88.36885,42.12785],[-88.36885,42.1252],[-88.37405,42.1251],[-88.37405,42.1299],[-88.3716,42.12985],[-88.3716,42.13275],[-88.3734,42.1328],[-88.374,42.13035],[-88.3739,42.1433],[-88.3837,42.14335],[-88.3836,42.1509],[-88.38875,42.1539],[-88.3935,42.1539],[-88.3935,42.13635],[-88.38825,42.1363],[-88.3881,42.13225],[-88.39265,42.13225],[-88.388,42.12505],[-88.38075,42.1251],[-88.37925,42.12315],[-88.37945,42.11715],[-88.3836,42.118],[-88.3835,42.11335],[-88.38055,42.11325],[-88.3794,42.11065],[-88.3827,42.11065],[-88.3828,42.10525],[-88.38375,42.10335],[-88.3887,42.10325],[-88.37905,42.09995],[-88.3791,42.09825],[-88.37675,42.0982],[-88.3768,42.09245],[-88.36935,42.0925],[-88.37,42.09625],[-88.35965,42.0962],[-88.35965,42.0889],[-88.3792,42.08895],[-88.37955,42.07915],[-88.3581,42.0726],[-88.35525,42.0724],[-88.35515,42.0793],[-88.34995,42.0797],[-88.34995,42.08165],[-88.35485,42.08155],[-88.3548,42.0891],[-88.3498,42.0869],[-88.3494,42.0963],[-88.3523,42.09635],[-88.3522,42.10705],[-88.3547,42.107]]]},"properties":{"kind":"neighbour","name":"Gilberts","region":"Kane County","lp":[-88.3646,42.10536]}},
{"type":"Feature","geometry":{"type":"Polygon","coordinates":[[[-87.9407,42.24615],[-87.9404,42.24555],[-87.9406,42.24425],[-87.9396,42.2423],[-87.93935,42.24015],[-87.9372,42.2387],[-87.93605,42.23625],[-87.93565,42.23285],[-87.93395,42.2302],[-87.93445,42.2281],[-87.9387,42.22655],[-87.93785,42.2261],[-87.93555,42.22155],[-87.92545,42.2211],[-87.92545,42.22235],[-87.8986,42.22185],[-87.9008,42.22695],[-87.90145,42.23015],[-87.90135,42.251],[-87.89975,42.2527],[-87.9011,42.2583],[-87.89575,42.25825],[-87.89565,42.2637],[-87.90305,42.26375],[-87.90415,42.2634],[-87.90575,42.26425],[-87.91165,42.272],[-87.9152,42.26815],[-87.92005,42.26715],[-87.9244,42.26715],[-87.9243,42.2751],[-87.92595,42.2763],[-87.92505,42.2733],[-87.9249,42.2672],[-87.9303,42.2672],[-87.9303,42.2664],[-87.93875,42.26715],[-87.93915,42.26385],[-87.9387,42.26245],[-87.9355,42.25955],[-87.93535,42.25755],[-87.936,42.2547],[-87.93935,42.25455],[-87.93845,42.2529],[-87.9402,42.2503],[-87.9407,42.24615]],[[-87.9154,42.24745],[-87.91535,42.25105],[-87.9251,42.2511],[-87.92505,42.25475],[-87.92085,42.2543],[-87.9159,42.2543],[-87.9153,42.25835],[-87.90565,42.2583],[-87.90575,42.2491],[-87.91295,42.24945],[-87.91295,42.24745],[-87.9154,42.24745]],[[-87.9058,42.2474],[-87.9058,42.2438],[-87.91055,42.2438],[-87.91055,42.246],[-87.9075,42.24565],[-87.9058,42.2474]]]},"properties":{"kind":"neighbour","name":"Mettawa","region":"Lake County","lp":[-87.92169,42.2357]}},
{"type":"Feature","geometry":{"type":"MultiPolygon","coordinates":[[[[-88.0914,42.3117],[-88.09175,42.3097],[-88.09175,42.30355],[-88.0899,42.3032],[-88.0823,42.3054],[-88.0823,42.30745],[-88.08705,42.30985],[-88.08705,42.31285],[-88.0914,42.3117]]],[[[-88.09825,42.36445],[-88.11575,42.36465],[-88.13005,42.368],[-88.1301,42.35775],[-88.13855,42.35775],[-88.1399,42.35895],[-88.1399,42.36295],[-88.14455,42.36295],[-88.14455,42.3618],[-88.14725,42.3614],[-88.14725,42.35775],[-88.1399,42.35775],[-88.1399,42.3517],[-88.1334,42.3516],[-88.135,42.3505],[-88.135,42.3468],[-88.14065,42.34685],[-88.14085,42.346],[-88.14075,42.3441],[-88.13995,42.3424],[-88.13775,42.3398],[-88.1351,42.3382],[-88.135,42.34315],[-88.1252,42.34305],[-88.12515,42.35025],[-88.1236,42.35025],[-88.1236,42.343],[-88.12235,42.343],[-88.12255,42.33485],[-88.1269,42.3349],[-88.12825,42.3356],[-88.12895,42.3349],[-88.1238,42.33215],[-88.1301,42.3302],[-88.1301,42.3285],[-88.1207,42.32845],[-88.1205,42.33025],[-88.12025,42.34935],[-88.11975,42.34615],[-88.11795,42.34615],[-88.1178,42.3518],[-88.11935,42.3518],[-88.11935,42.3502],[-88.12025,42.3502],[-88.1202,42.35745],[-88.11185,42.35745],[-88.11175,42.3621],[-88.1088,42.3628],[-88.1053,42.36435],[-88.10465,42.36415],[-88.10465,42.3609],[-88.09905,42.35725],[-88.09965,42.35725],[-88.10435,42.3604],[-88.1057,42.361],[-88.1068,42.361],[-88.10685,42.35855],[-88.10795,42.35855],[-88.10785,42.3574],[-88.10685,42.35735],[-88.10685,42.3515],[-88.10785,42.3515],[-88.1078,42.3562],[-88.1189,42.35625],[-88.1197,42.3538],[-88.11135,42.35375],[-88.1099,42.3549],[-88.1093,42.35095],[-88.1081,42.3502],[-88.10815,42.3478],[-88.11045,42.3478],[-88.11075,42.35025],[-88.11245,42.3502],[-88.11315,42.34715],[-88.10815,42.3469],[-88.1082,42.34465],[-88.1111,42.3451],[-88.11165,42.3434],[-88.1082,42.3434],[-88.10835,42.3369],[-88.10735,42.3362],[-88.09755,42.3384],[-88.0975,42.3303],[-88.0996,42.3303],[-88.09965,42.3282],[-88.1024,42.3282],[-88.10155,42.32445],[-88.0988,42.3202],[-88.09865,42.31355],[-88.1015,42.31395],[-88.1015,42.30965],[-88.08705,42.3133],[-88.0873,42.3206],[-88.0825,42.3206],[-88.08275,42.33525],[-88.08405,42.3353],[-88.08405,42.3406],[-88.08755,42.341],[-88.08745,42.35715],[-88.08265,42.35705],[-88.0826,42.3643],[-88.09705,42.36455],[-88.09825,42.36445]],[[-88.1276,42.3648],[-88.12595,42.3648],[-88.12595,42.3626],[-88.1276,42.36265],[-88.1276,42.3648]]]]},"properties":{"kind":"neighbour","name":"Round Lake","region":"Lake County","lp":[-88.09604,42.34926]}},
{"type":"Feature","geometry":{"type":"MultiPolygon","coordinates":[[[[-88.228,42.26695],[-88.228,42.27055],[-88.2366,42.2706],[-88.23765,42.2697],[-88.23725,42.267],[-88.228,42.26695]]],[[[-88.2664,42.2995],[-88.28665,42.29935],[-88.28705,42.2957],[-88.29675,42.2956],[-88.2967,42.29925],[-88.2993,42.2992],[-88.30125,42.28725],[-88.29855,42.2873],[-88.2986,42.29195],[-88.2943,42.292],[-88.2942,42.28475],[-88.29005,42.28475],[-88.29175,42.2829],[-88.2917,42.2764],[-88.29655,42.27635],[-88.3001,42.27705],[-88.30095,42.27415],[-88.2968,42.2726],[-88.2956,42.27155],[-88.2932,42.27235],[-88.2925,42.27025],[-88.2819,42.2704],[-88.2819,42.27105],[-88.27705,42.27205],[-88.2753,42.27285],[-88.2722,42.27295],[-88.2721,42.2645],[-88.2738,42.2632],[-88.2763,42.2632],[-88.2763,42.25865],[-88.2733,42.2575],[-88.2751,42.2553],[-88.2784,42.25525],[-88.27835,42.25395],[-88.2818,42.25275],[-88.28375,42.25445],[-88.28655,42.25445],[-88.2866,42.25045],[-88.28405,42.25055],[-88.28195,42.2506],[-88.2795,42.2528],[-88.2733,42.25235],[-88.2733,42.24875],[-88.25825,42.24875],[-88.2573,42.2495],[-88.25745,42.26035],[-88.24975,42.2615],[-88.24835,42.2597],[-88.2428,42.2601],[-88.2429,42.26475],[-88.2398,42.2648],[-88.23815,42.2661],[-88.2382,42.2743],[-88.2401,42.2729],[-88.24145,42.27235],[-88.24205,42.2731],[-88.24615,42.27055],[-88.2479,42.27065],[-88.24775,42.2747],[-88.2384,42.2771],[-88.2373,42.2778],[-88.2479,42.27785],[-88.24735,42.28145],[-88.24305,42.2815],[-88.2431,42.28595],[-88.24795,42.28595],[-88.24805,42.2937],[-88.24945,42.2923],[-88.24945,42.2887],[-88.25285,42.2887],[-88.2528,42.2858],[-88.2599,42.28575],[-88.26005,42.2886],[-88.26135,42.29155],[-88.2577,42.29225],[-88.259,42.29515],[-88.2642,42.29525],[-88.2664,42.2995]],[[-88.2528,42.26335],[-88.2527,42.26195],[-88.25625,42.2615],[-88.2565,42.2688],[-88.25525,42.2705],[-88.2518,42.2704],[-88.2501,42.26915],[-88.24785,42.2691],[-88.2477,42.26335],[-88.2528,42.26335]],[[-88.2771,42.2829],[-88.27715,42.28485],[-88.282,42.28485],[-88.28205,42.2919],[-88.27715,42.2921],[-88.27715,42.2885],[-88.27225,42.28855],[-88.2722,42.28125],[-88.27465,42.28125],[-88.2747,42.2829],[-88.2771,42.2829]]]]},"properties":{"kind":"neighbour","name":"Prairie Grove","region":"McHenry County","lp":[-88.26297,42.27654]}},
{"type":"Feature","geometry":{"type":"Polygon","coordinates":[[[-88.0124,41.7466],[-88.01265,41.7451],[-88.01225,41.74025],[-88.0124,41.73665],[-88.03055,41.7361],[-88.03045,41.73305],[-88.02895,41.733],[-88.02615,41.7319],[-88.02605,41.72825],[-88.0235,41.729],[-88.01815,41.72905],[-88.0181,41.72735],[-88.0123,41.7273],[-88.01115,41.72775],[-88.00825,41.72365],[-88.0077,41.72205],[-88.0074,41.72025],[-88.00765,41.7192],[-88.00995,41.71745],[-88.01065,41.71465],[-88.0074,41.71395],[-88.0072,41.71305],[-88.0075,41.7112],[-88.00585,41.71125],[-88.00625,41.7125],[-88.00625,41.7143],[-88.004,41.7158],[-88.0036,41.71745],[-87.99715,41.71765],[-87.99735,41.7262],[-87.9955,41.7244],[-87.9941,41.7239],[-87.99255,41.72235],[-87.9903,41.7224],[-87.99035,41.7247],[-87.98845,41.72565],[-87.97785,41.7293],[-87.97215,41.7288],[-87.9708,41.73],[-87.9674,41.7301],[-87.9672,41.7346],[-87.9657,41.7348],[-87.96585,41.7399],[-87.9677,41.73985],[-87.9695,41.741],[-87.9695,41.7421],[-87.9715,41.74365],[-87.9707,41.7446],[-87.9639,41.7447],[-87.96365,41.7367],[-87.9628,41.7344],[-87.9602,41.7353],[-87.96,41.7301],[-87.95855,41.7301],[-87.9593,41.75215],[-87.94835,41.75235],[-87.9449,41.75325],[-87.94515,41.7605],[-87.94655,41.76075],[-87.94675,41.76295],[-87.9451,41.7635],[-87.94525,41.76695],[-87.9548,41.7667],[-87.9551,41.7686],[-87.96105,41.7685],[-87.9611,41.7679],[-87.9647,41.7684],[-87.9708,41.76825],[-87.97435,41.7665],[-87.9742,41.7617],[-87.9852,41.7619],[-87.98615,41.7642],[-87.9895,41.7645],[-87.9901,41.766],[-87.99355,41.76595],[-87.9935,41.76445],[-87.99125,41.7645],[-87.9923,41.7624],[-87.9936,41.76235],[-87.99325,41.7515],[-87.98355,41.75165],[-87.98335,41.74565],[-87.98665,41.7453],[-87.9874,41.74385],[-87.9894,41.74445],[-87.9895,41.7477],[-87.993,41.7478],[-87.9931,41.75035],[-87.9943,41.75145],[-88.01135,41.75115],[-88.0113,41.7494],[-88.01265,41.74935],[-88.0124,41.7466]],[[-87.98225,41.75985],[-87.98335,41.76075],[-87.97415,41.76095],[-87.9739,41.7538],[-87.98125,41.75505],[-87.98105,41.7585],[-87.98225,41.75985]],[[-88.0055,41.72945],[-88.0117,41.72935],[-88.01205,41.7351],[-88.0081,41.73515],[-88.0074,41.7366],[-88.0076,41.74395],[-87.9964,41.7441],[-87.99275,41.7429],[-87.99125,41.74335],[-87.9881,41.7425],[-87.98795,41.73695],[-87.9904,41.73695],[-87.99035,41.73495],[-87.99275,41.73455],[-87.9926,41.7296],[-88.0055,41.72945]]]},"properties":{"kind":"neighbour","name":"Darien","region":"DuPage County","lp":[-87.97896,41.73798]}},
{"type":"Feature","geometry":{"type":"Polygon","coordinates":[[[-87.6803,41.62285],[-87.6802,41.61925],[-87.68515,41.61915],[-87.6851,41.61575],[-87.6808,41.61545],[-87.6805,41.6045],[-87.68,41.60145],[-87.67525,41.6012],[-87.67525,41.60535],[-87.66955,41.60535],[-87.6668,41.59695],[-87.65975,41.5969],[-87.65305,41.5973],[-87.6502,41.59695],[-87.6559,41.58635],[-87.65595,41.57905],[-87.63895,41.5793],[-87.63735,41.5803],[-87.6369,41.58115],[-87.6369,41.58225],[-87.6364,41.58235],[-87.63545,41.5846],[-87.63365,41.5846],[-87.63175,41.5864],[-87.6317,41.5901],[-87.6331,41.5901],[-87.63305,41.59365],[-87.628,41.59365],[-87.62805,41.5971],[-87.63155,41.5971],[-87.63155,41.60105],[-87.6299,41.60275],[-87.63075,41.6042],[-87.6358,41.6076],[-87.6365,41.6075],[-87.63665,41.61905],[-87.63165,41.6193],[-87.63165,41.6211],[-87.62905,41.62225],[-87.62695,41.62225],[-87.6268,41.6188],[-87.62545,41.61715],[-87.6215,41.61715],[-87.6233,41.61985],[-87.6244,41.62265],[-87.6318,41.6226],[-87.6316,41.6253],[-87.63395,41.6267],[-87.6323,41.62985],[-87.63295,41.62985],[-87.65635,41.6299],[-87.656,41.62625],[-87.6657,41.6263],[-87.6657,41.62265],[-87.6803,41.62285]]]},"properties":{"kind":"neighbour","name":"Harvey","region":"Cook County","lp":[-87.65147,41.61206]}},
{"type":"Feature","geometry":{"type":"Polygon","coordinates":[[[-87.07465,41.6545],[-87.07515,41.6406],[-87.0783,41.63915],[-87.10585,41.63075],[-87.1061,41.6124],[-87.106,41.6068],[-87.1056,41.6068],[-87.10535,41.59705],[-87.0912,41.6031],[-87.09115,41.601],[-87.0814,41.60085],[-87.08165,41.6101],[-87.07695,41.6103],[-87.077,41.61235],[-87.0737,41.6138],[-87.06795,41.61705],[-87.0672,41.6167],[-87.0528,41.61685],[-87.05285,41.6204],[-87.06145,41.62065],[-87.06445,41.62135],[-87.06485,41.6224],[-87.06495,41.6278],[-87.0625,41.6278],[-87.06255,41.6296],[-87.05085,41.62965],[-87.05115,41.6319],[-87.04815,41.6323],[-87.04395,41.63235],[-87.04385,41.63325],[-87.04205,41.63325],[-87.04205,41.63685],[-87.0438,41.63685],[-87.04375,41.6394],[-87.0554,41.63925],[-87.0554,41.64055],[-87.06255,41.64055],[-87.06265,41.65135],[-87.06745,41.65135],[-87.0675,41.6616],[-87.0771,41.65855],[-87.07715,41.6545],[-87.07465,41.6545]]]},"properties":{"kind":"neighbour","name":"Porter","region":"Porter County, Indiana","lp":[-87.09183,41.62012]}},
{"type":"Feature","geometry":{"type":"Polygon","coordinates":[[[-87.79025,41.6171],[-87.79245,41.61575],[-87.7922,41.61405],[-87.79455,41.61385],[-87.7945,41.61155],[-87.79005,41.61165],[-87.78985,41.60655],[-87.7854,41.6066],[-87.78555,41.60995],[-87.78385,41.60975],[-87.7836,41.60705],[-87.7854,41.606],[-87.7853,41.6024],[-87.756,41.6029],[-87.75575,41.59565],[-87.74605,41.5957],[-87.74605,41.5885],[-87.74565,41.5854],[-87.74815,41.58545],[-87.74805,41.58305],[-87.7506,41.58305],[-87.75075,41.5811],[-87.7553,41.58105],[-87.75515,41.5755],[-87.7503,41.57555],[-87.7503,41.575],[-87.74585,41.5754],[-87.74535,41.5761],[-87.74395,41.5751],[-87.7427,41.57605],[-87.742,41.57515],[-87.74165,41.57595],[-87.7411,41.5795],[-87.74395,41.57945],[-87.744,41.58085],[-87.7403,41.5806],[-87.7404,41.579],[-87.738,41.579],[-87.7361,41.5805],[-87.7347,41.5813],[-87.7346,41.58235],[-87.7292,41.58645],[-87.71595,41.5862],[-87.71545,41.5914],[-87.71715,41.5914],[-87.71715,41.59285],[-87.71925,41.59335],[-87.7168,41.5959],[-87.73225,41.59595],[-87.7322,41.5922],[-87.7361,41.59215],[-87.7365,41.60325],[-87.73145,41.60335],[-87.7319,41.61195],[-87.7306,41.61225],[-87.73065,41.61465],[-87.7282,41.6157],[-87.73205,41.6157],[-87.7321,41.61795],[-87.73325,41.61795],[-87.73585,41.6186],[-87.7371,41.61975],[-87.73595,41.6216],[-87.73715,41.62155],[-87.7391,41.6215],[-87.73945,41.62335],[-87.7433,41.6233],[-87.7445,41.62185],[-87.7469,41.6218],[-87.74575,41.62325],[-87.7458,41.6243],[-87.74625,41.62425],[-87.74625,41.62505],[-87.7538,41.62495],[-87.7539,41.62785],[-87.7558,41.62785],[-87.75735,41.62515],[-87.76885,41.62485],[-87.78135,41.62475],[-87.782,41.62695],[-87.7849,41.62615],[-87.78485,41.62435],[-87.7761,41.6244],[-87.77605,41.6172],[-87.79025,41.6171]]]},"properties":{"kind":"neighbour","name":"Oak Forest","region":"Cook County","lp":[-87.75878,41.61398]}},
{"type":"Feature","geometry":{"type":"MultiPolygon","coordinates":[[[[-87.94625,41.65415],[-87.94615,41.6505],[-87.94125,41.65065],[-87.9414,41.65425],[-87.94625,41.65415]]],[[[-87.8539,41.6523],[-87.85225,41.6523],[-87.8523,41.65435],[-87.85005,41.6544],[-87.84925,41.65945],[-87.8545,41.6595],[-87.8546,41.6636],[-87.8666,41.6634],[-87.8665,41.6594],[-87.85685,41.65965],[-87.85675,41.65575],[-87.8558,41.65435],[-87.85865,41.65405],[-87.8591,41.6528],[-87.85525,41.65225],[-87.8539,41.6523]]],[[[-87.88365,41.6663],[-87.8932,41.6662],[-87.89335,41.67005],[-87.89805,41.6727],[-87.89805,41.66615],[-87.90295,41.6659],[-87.9025,41.65525],[-87.89305,41.655],[-87.89305,41.65365],[-87.88815,41.6537],[-87.8884,41.65895],[-87.88345,41.65905],[-87.88365,41.6663]]],[[[-87.93195,41.6631],[-87.92955,41.66315],[-87.92945,41.66095],[-87.93185,41.6601],[-87.9359,41.66],[-87.93575,41.65515],[-87.9317,41.65495],[-87.9318,41.6581],[-87.9222,41.65825],[-87.9224,41.6642],[-87.9085,41.6644],[-87.90855,41.6658],[-87.9126,41.66575],[-87.9128,41.67305],[-87.9275,41.67285],[-87.92725,41.66545],[-87.93195,41.66535],[-87.93195,41.6631]]],[[[-87.8161,41.675],[-87.81655,41.68095],[-87.831,41.683],[-87.8309,41.67995],[-87.8272,41.6801],[-87.8272,41.6784],[-87.83085,41.67835],[-87.8307,41.6746],[-87.85005,41.6742],[-87.8499,41.67055],[-87.8548,41.67055],[-87.8547,41.66685],[-87.8499,41.6669],[-87.8498,41.66325],[-87.8447,41.6634],[-87.8444,41.65975],[-87.84005,41.65985],[-87.8398,41.6556],[-87.8409,41.65255],[-87.83955,41.6526],[-87.8395,41.64975],[-87.83685,41.65255],[-87.8346,41.6527],[-87.8349,41.65555],[-87.8331,41.65655],[-87.8155,41.65665],[-87.8155,41.6572],[-87.8281,41.65675],[-87.83385,41.657],[-87.83505,41.66005],[-87.8188,41.6603],[-87.81865,41.6598],[-87.8173,41.65985],[-87.8173,41.6603],[-87.81075,41.66045],[-87.8111,41.66265],[-87.8109,41.6639],[-87.81255,41.66615],[-87.8116,41.66775],[-87.8159,41.6676],[-87.81605,41.6706],[-87.8138,41.6713],[-87.81375,41.67495],[-87.8161,41.675]]],[[[-87.95115,41.6545],[-87.9414,41.65475],[-87.94155,41.6579],[-87.9368,41.658],[-87.9374,41.6798],[-87.94225,41.67975],[-87.9423,41.6807],[-87.93975,41.682],[-87.93985,41.6828],[-87.9375,41.6829],[-87.93765,41.687],[-87.93925,41.68695],[-87.93925,41.6884],[-87.94785,41.688],[-87.95295,41.6871],[-87.9582,41.6853],[-87.95715,41.6845],[-87.9568,41.6794],[-87.96165,41.6793],[-87.96155,41.676],[-87.9665,41.6755],[-87.96615,41.66555],[-87.96215,41.66565],[-87.95665,41.6697],[-87.95675,41.6721],[-87.942,41.67245],[-87.9419,41.6688],[-87.9467,41.6687],[-87.9466,41.66605],[-87.9457,41.6651],[-87.9429,41.66515],[-87.94285,41.66435],[-87.93805,41.66445],[-87.9379,41.6588],[-87.94265,41.6587],[-87.94265,41.65785],[-87.9513,41.65765],[-87.95115,41.6545]],[[-87.94435,41.67965],[-87.94425,41.67535],[-87.947,41.6755],[-87.9455,41.67965],[-87.94435,41.67965]]],[[[-87.93235,41.67375],[-87.9363,41.6737],[-87.9362,41.6707],[-87.93225,41.6708],[-87.93235,41.67375]]]]},"properties":{"kind":"neighbour","name":"Palos Park","region":"Cook County","lp":[-87.82458,41.66872]}},
{"type":"Feature","geometry":{"type":"Polygon","coordinates":[[[-87.52555,41.52265],[-87.52555,41.4755],[-87.52405,41.4755],[-87.52405,41.47185],[-87.52565,41.4718],[-87.52565,41.4646],[-87.52315,41.4646],[-87.52315,41.4637],[-87.51835,41.4637],[-87.51695,41.46465],[-87.51355,41.46465],[-87.51355,41.46735],[-87.50875,41.46735],[-87.50875,41.46825],[-87.51355,41.46825],[-87.517,41.4678],[-87.51835,41.46685],[-87.5184,41.47185],[-87.51,41.4719],[-87.51005,41.47555],[-87.51125,41.47735],[-87.5113,41.47915],[-87.49,41.479],[-87.49045,41.508],[-87.48695,41.508],[-87.48695,41.5111],[-87.4912,41.5122],[-87.4915,41.5144],[-87.4903,41.515],[-87.49095,41.5173],[-87.49295,41.51925],[-87.493,41.5221],[-87.492,41.52255],[-87.4907,41.5226],[-87.491,41.52315],[-87.50915,41.52265],[-87.52555,41.52265]]]},"properties":{"kind":"neighbour","name":"Dyer","region":"Lake County, Indiana","lp":[-87.50793,41.49875]}},
{"type":"Feature","geometry":{"type":"Polygon","coordinates":[[[-87.83275,41.78375],[-87.836,41.7806],[-87.844,41.77345],[-87.8541,41.7614],[-87.8462,41.76195],[-87.8253,41.76215],[-87.81865,41.76925],[-87.8102,41.7695],[-87.80455,41.7692],[-87.80065,41.76635],[-87.8003,41.7627],[-87.7954,41.76275],[-87.7946,41.7518],[-87.78035,41.7521],[-87.78075,41.75545],[-87.76145,41.7561],[-87.761,41.75645],[-87.75135,41.75655],[-87.75125,41.7545],[-87.7492,41.75455],[-87.7464,41.7564],[-87.7419,41.7565],[-87.74245,41.77445],[-87.74725,41.77445],[-87.7811,41.7738],[-87.8008,41.7735],[-87.80115,41.77615],[-87.80435,41.7724],[-87.8057,41.77445],[-87.81205,41.7744],[-87.8164,41.77695],[-87.8203,41.77685],[-87.8203,41.77955],[-87.8245,41.78215],[-87.82815,41.778],[-87.82955,41.77875],[-87.82585,41.78295],[-87.8272,41.78375],[-87.83065,41.7838],[-87.83105,41.78515],[-87.83275,41.78375]]]},"properties":{"kind":"neighbour","name":"Bedford Park","region":"Cook County","lp":[-87.78562,41.76393]}},
{"type":"Feature","geometry":{"type":"Polygon","coordinates":[[[-87.8403,42.0565],[-87.84035,42.0552],[-87.84375,42.05525],[-87.84495,42.05455],[-87.8495,42.0543],[-87.84975,42.05875],[-87.855,42.0585],[-87.855,42.0541],[-87.8503,42.0543],[-87.8502,42.05135],[-87.8458,42.05165],[-87.84535,42.0501],[-87.8404,42.0502],[-87.8405,42.0462],[-87.8386,42.04625],[-87.83865,42.04365],[-87.84295,42.04355],[-87.84315,42.04135],[-87.8466,42.0412],[-87.8468,42.03985],[-87.84055,42.04],[-87.8406,42.03625],[-87.84545,42.03625],[-87.84555,42.029],[-87.84065,42.0291],[-87.83945,42.0281],[-87.8358,42.02825],[-87.8358,42.0256],[-87.81625,42.026],[-87.81635,42.01905],[-87.80655,42.01925],[-87.80625,42.01895],[-87.80645,42.0015],[-87.8011,42.00185],[-87.7992,42.00035],[-87.79715,42.00125],[-87.79115,42.0013],[-87.79055,42.00075],[-87.7826,42.00455],[-87.78905,42.0118],[-87.78885,42.0123],[-87.77955,42.0123],[-87.7794,42.01545],[-87.77905,42.01575],[-87.77665,42.0154],[-87.77675,42.0123],[-87.7731,42.0121],[-87.7702,42.0066],[-87.769,42.00515],[-87.76785,42.0046],[-87.76775,42.00835],[-87.76745,42.00905],[-87.76715,42.01915],[-87.77715,42.0192],[-87.7794,42.0236],[-87.78955,42.0237],[-87.79175,42.02645],[-87.7959,42.0264],[-87.796,42.03365],[-87.8008,42.0336],[-87.8007,42.04085],[-87.82045,42.04045],[-87.81985,42.044],[-87.8258,42.04395],[-87.8256,42.0549],[-87.8297,42.0548],[-87.8306,42.0555],[-87.83045,42.06055],[-87.8322,42.06065],[-87.8322,42.062],[-87.83535,42.06195],[-87.8354,42.0594],[-87.8403,42.0593],[-87.8403,42.0565]],[[-87.83455,42.0318],[-87.83575,42.0318],[-87.8357,42.0369],[-87.835,42.0396],[-87.8285,42.03985],[-87.82585,42.03955],[-87.82035,42.0332],[-87.826,42.03305],[-87.82605,42.02945],[-87.83455,42.0292],[-87.83455,42.0318]],[[-87.8445,42.0508],[-87.84535,42.05165],[-87.84535,42.05425],[-87.84165,42.0543],[-87.8404,42.0509],[-87.8445,42.0508]]]},"properties":{"kind":"neighbour","name":"Niles","region":"Cook County","lp":[-87.797,42.0171]}},
{"type":"Feature","geometry":{"type":"Polygon","coordinates":[[[-87.7534,41.8219],[-87.7535,41.82915],[-87.7436,41.8293],[-87.74355,41.82235],[-87.7388,41.8224],[-87.7391,41.8365],[-87.7394,41.83855],[-87.74025,41.86565],[-87.77415,41.86515],[-87.7744,41.8653],[-87.7744,41.86535],[-87.77445,41.8654],[-87.77445,41.86545],[-87.77905,41.8654],[-87.7778,41.82155],[-87.7534,41.8219]]]},"properties":{"kind":"neighbour","name":"Cicero","region":"Cook County","lp":[-87.75996,41.8467]}},
{"type":"Feature","geometry":{"type":"Polygon","coordinates":[[[-88.28655,42.20405],[-88.284,42.2053],[-88.2768,42.2053],[-88.2768,42.20095],[-88.2864,42.20095],[-88.2865,42.19735],[-88.29105,42.19735],[-88.29105,42.19625],[-88.2865,42.19625],[-88.2865,42.1937],[-88.2847,42.19195],[-88.2809,42.19195],[-88.27925,42.19075],[-88.27625,42.19095],[-88.27535,42.19015],[-88.27315,42.1902],[-88.2719,42.19215],[-88.26865,42.1914],[-88.2693,42.1902],[-88.2627,42.1903],[-88.2616,42.1912],[-88.25845,42.19125],[-88.2587,42.1923],[-88.25595,42.19265],[-88.25895,42.1971],[-88.2606,42.1978],[-88.26205,42.1999],[-88.2585,42.2042],[-88.25715,42.20335],[-88.2526,42.2039],[-88.25175,42.20085],[-88.2501,42.20055],[-88.2476,42.2013],[-88.2429,42.20145],[-88.24295,42.20485],[-88.2417,42.20485],[-88.24235,42.2013],[-88.24185,42.19905],[-88.2404,42.19685],[-88.23685,42.1974],[-88.23175,42.1973],[-88.2269,42.1987],[-88.2253,42.2],[-88.2238,42.20315],[-88.2238,42.20595],[-88.2278,42.206],[-88.22865,42.2088],[-88.2238,42.2088],[-88.22375,42.21245],[-88.2218,42.2124],[-88.2218,42.21605],[-88.21115,42.21605],[-88.21105,42.2197],[-88.2139,42.21965],[-88.2151,42.2215],[-88.2135,42.2231],[-88.21695,42.2233],[-88.21675,42.21965],[-88.2188,42.21965],[-88.21875,42.22185],[-88.22,42.2233],[-88.2237,42.22335],[-88.2237,42.2197],[-88.22795,42.21975],[-88.22785,42.22285],[-88.23035,42.2229],[-88.23135,42.2198],[-88.2339,42.21985],[-88.23375,42.22795],[-88.2379,42.228],[-88.2382,42.2333],[-88.23745,42.23325],[-88.2372,42.2285],[-88.23305,42.22845],[-88.23305,42.2271],[-88.21875,42.22695],[-88.2187,42.22935],[-88.21675,42.23055],[-88.2148,42.23055],[-88.2148,42.2323],[-88.21855,42.23225],[-88.2185,42.2342],[-88.22215,42.23425],[-88.22195,42.2379],[-88.2244,42.2379],[-88.22475,42.2343],[-88.2402,42.2345],[-88.24015,42.2361],[-88.23815,42.23605],[-88.2379,42.24045],[-88.2404,42.2389],[-88.24055,42.2368],[-88.24295,42.2361],[-88.24285,42.23085],[-88.24775,42.2303],[-88.25725,42.2299],[-88.25575,42.2263],[-88.25725,42.2257],[-88.25945,42.2257],[-88.26215,42.22265],[-88.2621,42.21915],[-88.26715,42.2211],[-88.26705,42.21905],[-88.2719,42.219],[-88.27195,42.2226],[-88.27495,42.2226],[-88.27495,42.219],[-88.27685,42.219],[-88.2768,42.21005],[-88.2816,42.21005],[-88.2816,42.2082],[-88.28655,42.20815],[-88.28655,42.20405]]]},"properties":{"kind":"neighbour","name":"Cary","region":"McHenry County","lp":[-88.24654,42.21734]}},
{"type":"Feature","geometry":{"type":"MultiPolygon","coordinates":[[[[-87.77805,41.67185],[-87.76815,41.66835],[-87.7679,41.6612],[-87.763,41.6613],[-87.7631,41.6675],[-87.7582,41.665],[-87.7581,41.6614],[-87.7508,41.6615],[-87.76125,41.66755],[-87.7683,41.67095],[-87.77275,41.67245],[-87.77815,41.67365],[-87.77805,41.67185]]],[[[-87.7099,41.67685],[-87.71105,41.6775],[-87.7149,41.67675],[-87.7185,41.6767],[-87.71865,41.68035],[-87.71745,41.68035],[-87.7176,41.68365],[-87.725,41.6837],[-87.73925,41.68345],[-87.74,41.6909],[-87.7443,41.69075],[-87.75225,41.6904],[-87.74945,41.68775],[-87.7494,41.68595],[-87.7526,41.6853],[-87.75415,41.6853],[-87.75405,41.6835],[-87.77855,41.68295],[-87.7784,41.6795],[-87.77635,41.67955],[-87.77355,41.6769],[-87.77825,41.67685],[-87.77815,41.67445],[-87.7702,41.67245],[-87.7622,41.669],[-87.74435,41.6587],[-87.74015,41.6565],[-87.73195,41.65345],[-87.72585,41.6522],[-87.721,41.6518],[-87.70415,41.65195],[-87.7043,41.65495],[-87.69945,41.65505],[-87.6996,41.6586],[-87.7023,41.6597],[-87.7045,41.65955],[-87.70455,41.6607],[-87.7081,41.66225],[-87.70955,41.66225],[-87.70955,41.6657],[-87.70465,41.66305],[-87.70175,41.66235],[-87.6998,41.66345],[-87.6949,41.66335],[-87.6951,41.66975],[-87.70005,41.66965],[-87.69995,41.66755],[-87.7048,41.66745],[-87.7049,41.6696],[-87.70975,41.6695],[-87.7102,41.67505],[-87.7099,41.67685]]]]},"properties":{"kind":"neighbour","name":"Alsip","region":"Cook County","lp":[-87.7311,41.66882]}},
{"type":"Feature","geometry":{"type":"Polygon","coordinates":[[[-88.1382,42.1104],[-88.1411,42.1104],[-88.1411,42.1024],[-88.13115,42.1024],[-88.1324,42.10325],[-88.1324,42.1105],[-88.12155,42.1106],[-88.12165,42.11785],[-88.10685,42.11785],[-88.1068,42.1143],[-88.10315,42.11425],[-88.103,42.1106],[-88.107,42.1106],[-88.10695,42.1034],[-88.0973,42.10335],[-88.0974,42.08875],[-88.0876,42.08865],[-88.0878,42.0833],[-88.0855,42.08255],[-88.0853,42.08515],[-88.0875,42.08515],[-88.0875,42.0877],[-88.08635,42.0888],[-88.0828,42.0888],[-88.08285,42.0834],[-88.08075,42.08285],[-88.08045,42.08155],[-88.07795,42.0815],[-88.07785,42.11045],[-88.0761,42.1121],[-88.0731,42.1131],[-88.07275,42.11765],[-88.06805,42.11765],[-88.06785,42.12135],[-88.0949,42.1334],[-88.09555,42.13315],[-88.0979,42.13465],[-88.09765,42.1351],[-88.10655,42.13965],[-88.112,42.13965],[-88.1121,42.13585],[-88.11655,42.1359],[-88.11655,42.13215],[-88.1194,42.1313],[-88.12465,42.1288],[-88.13635,42.1284],[-88.138,42.12335],[-88.141,42.1177],[-88.1411,42.11385],[-88.1379,42.1139],[-88.1382,42.1104]]]},"properties":{"kind":"neighbour","name":"Inverness","region":"Cook County","lp":[-88.08982,42.11637]}},
{"type":"Feature","geometry":{"type":"MultiPolygon","coordinates":[[[[-88.05795,42.4173],[-88.0579,42.42215],[-88.05855,42.4228],[-88.06755,42.4227],[-88.06755,42.42635],[-88.0624,42.42995],[-88.06245,42.4372],[-88.05765,42.4372],[-88.05765,42.4475],[-88.06265,42.4475],[-88.0627,42.4445],[-88.0675,42.44455],[-88.06745,42.4479],[-88.0724,42.4482],[-88.0725,42.4434],[-88.08235,42.4452],[-88.08235,42.4373],[-88.08725,42.4373],[-88.08885,42.44025],[-88.08515,42.44075],[-88.0843,42.44555],[-88.08835,42.4463],[-88.0897,42.44455],[-88.09345,42.44455],[-88.09345,42.44225],[-88.0914,42.4422],[-88.09135,42.4399],[-88.0892,42.4402],[-88.08725,42.43565],[-88.08725,42.43365],[-88.09215,42.4335],[-88.0909,42.43545],[-88.0911,42.4392],[-88.1035,42.43885],[-88.1035,42.43265],[-88.1054,42.43265],[-88.10535,42.43],[-88.0872,42.43005],[-88.0872,42.4264],[-88.09705,42.42635],[-88.09705,42.42],[-88.1017,42.42],[-88.10165,42.41545],[-88.097,42.41545],[-88.097,42.41425],[-88.09225,42.41425],[-88.09225,42.40815],[-88.1223,42.4082],[-88.12225,42.40095],[-88.097,42.4009],[-88.097,42.39815],[-88.1019,42.3984],[-88.102,42.3937],[-88.0971,42.39365],[-88.0971,42.3864],[-88.09215,42.3863],[-88.09215,42.38995],[-88.08725,42.38985],[-88.08715,42.3979],[-88.0827,42.39795],[-88.08275,42.39425],[-88.08085,42.39345],[-88.08085,42.39795],[-88.0769,42.39785],[-88.072,42.39615],[-88.06985,42.39605],[-88.0716,42.40015],[-88.07095,42.402],[-88.058,42.40195],[-88.05795,42.4062],[-88.05305,42.4062],[-88.053,42.40915],[-88.05795,42.40915],[-88.05755,42.4145],[-88.05795,42.4173]],[[-88.0726,42.40625],[-88.06795,42.40625],[-88.067,42.40335],[-88.073,42.4034],[-88.0726,42.40625]]],[[[-88.1157,42.42855],[-88.1172,42.42465],[-88.11725,42.42205],[-88.114,42.42205],[-88.11395,42.4204],[-88.11705,42.4204],[-88.118,42.418],[-88.11575,42.4168],[-88.11325,42.4168],[-88.1132,42.41545],[-88.10685,42.41545],[-88.10685,42.4218],[-88.11175,42.4218],[-88.113,42.4227],[-88.113,42.4263],[-88.1118,42.4263],[-88.11205,42.42935],[-88.1157,42.42855]]]]},"properties":{"kind":"neighbour","name":"Lake Villa","region":"Lake County","lp":[-88.07872,42.41711]}},
{"type":"Feature","geometry":{"type":"Polygon","coordinates":[[[-88.14475,42.0105],[-88.1496,42.0104],[-88.151,42.0075],[-88.15915,42.009],[-88.15915,42.0008],[-88.1642,42.00065],[-88.1644,41.99865],[-88.16985,41.99895],[-88.1662,41.9954],[-88.1598,41.99175],[-88.1599,41.98935],[-88.1595,41.9893],[-88.1595,41.98855],[-88.1596,41.98725],[-88.16025,41.98725],[-88.1603,41.9804],[-88.15195,41.9803],[-88.15015,41.9793],[-88.1502,41.97545],[-88.1489,41.97365],[-88.158,41.97375],[-88.1581,41.96635],[-88.15485,41.96635],[-88.15495,41.9591],[-88.161,41.9591],[-88.16105,41.95175],[-88.1647,41.9518],[-88.16485,41.9443],[-88.16745,41.94425],[-88.1673,41.94185],[-88.1454,41.9403],[-88.14545,41.9379],[-88.1403,41.93815],[-88.14015,41.94415],[-88.14135,41.9445],[-88.14125,41.95215],[-88.146,41.95185],[-88.1465,41.95275],[-88.14645,41.95905],[-88.1501,41.95905],[-88.15005,41.96325],[-88.1518,41.96325],[-88.1518,41.9591],[-88.1535,41.95905],[-88.15345,41.9643],[-88.15005,41.9636],[-88.15,41.9664],[-88.15165,41.96635],[-88.15155,41.96965],[-88.1475,41.96965],[-88.1451,41.97055],[-88.1399,41.97085],[-88.13995,41.96725],[-88.13235,41.96775],[-88.13235,41.9694],[-88.1301,41.97035],[-88.1251,41.97055],[-88.125,41.9745],[-88.1231,41.97365],[-88.12375,41.9729],[-88.1234,41.97275],[-88.1228,41.9735],[-88.1198,41.97215],[-88.11895,41.9738],[-88.1188,41.98245],[-88.12505,41.9822],[-88.12485,41.98885],[-88.1451,41.98825],[-88.1449,41.9921],[-88.1385,41.9921],[-88.1386,41.9957],[-88.12935,41.9961],[-88.129,42.00345],[-88.1253,42.0036],[-88.12505,42.011],[-88.12895,42.0108],[-88.1289,42.0181],[-88.1447,42.0174],[-88.14475,42.0105]]]},"properties":{"kind":"neighbour","name":"Hanover Park","region":"DuPage County","lp":[-88.13459,41.97895]}},
{"type":"Feature","geometry":{"type":"Polygon","coordinates":[[[-87.10605,41.63755],[-87.10605,41.6373],[-87.12585,41.6374],[-87.1264,41.63805],[-87.1264,41.64375],[-87.131,41.64965],[-87.14185,41.64695],[-87.1422,41.64555],[-87.14455,41.64565],[-87.14505,41.6312],[-87.14475,41.6068],[-87.1442,41.60525],[-87.1413,41.6053],[-87.14075,41.6029],[-87.1413,41.60115],[-87.1442,41.60115],[-87.1441,41.59635],[-87.1318,41.59895],[-87.1318,41.59375],[-87.1053,41.5938],[-87.1056,41.6068],[-87.106,41.6068],[-87.10605,41.61035],[-87.10585,41.6305],[-87.1109,41.6286],[-87.12705,41.61945],[-87.129,41.6195],[-87.11865,41.6248],[-87.1119,41.6288],[-87.1057,41.63115],[-87.1054,41.63575],[-87.10605,41.63755]]]},"properties":{"kind":"neighbour","name":"Burns Harbor","region":"Porter County, Indiana","lp":[-87.11982,41.60764]}},
{"type":"Feature","geometry":{"type":"Polygon","coordinates":[[[-87.8664,42.0364],[-87.86685,42.03545],[-87.86975,42.03545],[-87.86975,42.0316],[-87.86565,42.0293],[-87.86575,42.021],[-87.8651,42.01835],[-87.8665,42.01725],[-87.8648,42.0128],[-87.86085,42.00995],[-87.8599,42.0087],[-87.8604,42.0069],[-87.864,42.0052],[-87.8637,42.00285],[-87.8596,41.99955],[-87.8615,41.99755],[-87.85855,41.9951],[-87.8598,41.9926],[-87.859,41.99115],[-87.85665,41.98985],[-87.85355,41.989],[-87.8507,41.98885],[-87.83485,41.9863],[-87.8236,41.9847],[-87.82245,41.99315],[-87.8217,41.9969],[-87.82155,42.01135],[-87.8204,42.01195],[-87.82035,42.01525],[-87.82155,42.01555],[-87.8212,42.01895],[-87.81635,42.01905],[-87.81625,42.026],[-87.8358,42.0256],[-87.8358,42.02825],[-87.83945,42.0281],[-87.84065,42.0291],[-87.84555,42.029],[-87.84545,42.03625],[-87.8406,42.03625],[-87.84055,42.04],[-87.8468,42.03985],[-87.84665,42.04415],[-87.8454,42.04425],[-87.84535,42.04715],[-87.84985,42.0465],[-87.84995,42.0442],[-87.8493,42.04345],[-87.85245,42.0434],[-87.8525,42.0396],[-87.8652,42.03915],[-87.8678,42.03785],[-87.8664,42.0364]]]},"properties":{"kind":"neighbour","name":"Park Ridge","region":"Cook County","lp":[-87.84073,42.00703]}},
{"type":"Feature","geometry":{"type":"Polygon","coordinates":[[[-88.0381,41.86545],[-88.04165,41.86545],[-88.04135,41.87235],[-88.03855,41.8742],[-88.04805,41.8741],[-88.04805,41.87535],[-88.046,41.87775],[-88.04615,41.8797],[-88.0447,41.88025],[-88.03545,41.88135],[-88.0361,41.882],[-88.03655,41.8833],[-88.0388,41.88125],[-88.04795,41.88035],[-88.0477,41.8811],[-88.04265,41.88235],[-88.04205,41.88455],[-88.04935,41.88525],[-88.0525,41.8888],[-88.05155,41.8903],[-88.05115,41.89385],[-88.06025,41.8946],[-88.0602,41.89],[-88.0634,41.8918],[-88.0662,41.891],[-88.0686,41.89215],[-88.0725,41.89295],[-88.07245,41.8953],[-88.0746,41.89545],[-88.0753,41.89365],[-88.0822,41.8931],[-88.0822,41.8922],[-88.08955,41.8921],[-88.0896,41.88935],[-88.0909,41.88845],[-88.0806,41.88895],[-88.0805,41.885],[-88.0823,41.88385],[-88.08225,41.8805],[-88.0805,41.8812],[-88.08045,41.87385],[-88.0795,41.87285],[-88.08085,41.87025],[-88.08385,41.86925],[-88.08335,41.86645],[-88.0789,41.86655],[-88.0789,41.8597],[-88.081,41.85735],[-88.081,41.8513],[-88.08225,41.8502],[-88.0817,41.8502],[-88.0814,41.8465],[-88.08145,41.84555],[-88.08065,41.84495],[-88.079,41.845],[-88.07905,41.8446],[-88.08225,41.8445],[-88.08225,41.8371],[-88.0726,41.83725],[-88.0726,41.8383],[-88.06615,41.8384],[-88.0673,41.83395],[-88.06865,41.83145],[-88.06685,41.8316],[-88.06635,41.8333],[-88.0649,41.833],[-88.06525,41.83165],[-88.06135,41.83195],[-88.0612,41.83065],[-88.05685,41.831],[-88.05755,41.83235],[-88.057,41.836],[-88.06245,41.83595],[-88.0626,41.83475],[-88.0653,41.83595],[-88.06365,41.8412],[-88.0578,41.8411],[-88.0578,41.84475],[-88.0596,41.84675],[-88.05595,41.84645],[-88.05445,41.84605],[-88.052,41.84615],[-88.053,41.84575],[-88.0531,41.8448],[-88.04285,41.8449],[-88.0431,41.84555],[-88.04305,41.84925],[-88.0424,41.8502],[-88.04555,41.85],[-88.048,41.8504],[-88.048,41.84945],[-88.0529,41.8484],[-88.05725,41.8484],[-88.05775,41.85005],[-88.05605,41.8509],[-88.04555,41.851],[-88.04545,41.8521],[-88.04245,41.8521],[-88.0431,41.8569],[-88.0438,41.8589],[-88.0438,41.86285],[-88.03965,41.8632],[-88.0397,41.85965],[-88.03855,41.85945],[-88.027,41.8598],[-88.0272,41.86425],[-88.0381,41.86405],[-88.0381,41.86545]],[[-88.04625,41.8475],[-88.048,41.8492],[-88.0431,41.8495],[-88.04315,41.84755],[-88.04625,41.8475]]]},"properties":{"kind":"neighbour","name":"Glen Ellyn","region":"DuPage County","lp":[-88.06237,41.86598]}},
{"type":"Feature","geometry":{"type":"MultiPolygon","coordinates":[[[[-88.35845,41.99],[-88.36035,41.99005],[-88.3603,41.9921],[-88.36485,41.99205],[-88.3648,41.9886],[-88.36025,41.9886],[-88.35815,41.99005],[-88.356,41.9889],[-88.3558,41.98525],[-88.3599,41.983],[-88.3601,41.9797],[-88.35965,41.97015],[-88.35375,41.9702],[-88.35375,41.99215],[-88.35855,41.99195],[-88.35845,41.99]]],[[[-88.3345,41.98755],[-88.34475,41.9927],[-88.34465,41.98875],[-88.34875,41.9886],[-88.34875,41.99205],[-88.35335,41.9922],[-88.35345,41.9795],[-88.35335,41.97025],[-88.3435,41.97035],[-88.34275,41.96755],[-88.3489,41.96745],[-88.3476,41.96515],[-88.34635,41.96455],[-88.34565,41.96305],[-88.34365,41.96395],[-88.34315,41.96035],[-88.3406,41.96035],[-88.34055,41.96465],[-88.3346,41.9646],[-88.33465,41.9691],[-88.33835,41.9691],[-88.3406,41.96975],[-88.34065,41.9778],[-88.3285,41.97755],[-88.321,41.97475],[-88.3153,41.97595],[-88.31145,41.9754],[-88.30725,41.97425],[-88.30735,41.9759],[-88.3003,41.9764],[-88.3002,41.97775],[-88.30575,41.9779],[-88.3057,41.9789],[-88.2974,41.97865],[-88.2969,41.9822],[-88.2978,41.986],[-88.29415,41.98605],[-88.29075,41.9855],[-88.2887,41.98275],[-88.28735,41.9846],[-88.2855,41.98545],[-88.2859,41.98605],[-88.2823,41.98595],[-88.2823,41.98835],[-88.27795,41.98895],[-88.2778,41.98605],[-88.2681,41.9863],[-88.2681,41.9868],[-88.2676,41.98705],[-88.26845,41.99775],[-88.273,41.9977],[-88.27435,41.9964],[-88.27435,41.9941],[-88.27685,41.9941],[-88.27735,41.98975],[-88.2809,41.9898],[-88.28085,41.99355],[-88.28215,41.99335],[-88.2821,41.9989],[-88.27975,42.00055],[-88.28025,42.00435],[-88.2688,42.0045],[-88.2688,42.00735],[-88.2738,42.00795],[-88.2746,42.01255],[-88.2802,42.01225],[-88.2852,42.01195],[-88.28635,42.0102],[-88.28845,42.01025],[-88.29,42.01255],[-88.302,42.0127],[-88.3021,42.00625],[-88.3117,42.0061],[-88.3151,42.00695],[-88.3214,42.00675],[-88.3263,42.0072],[-88.3263,42.0003],[-88.3276,42.0001],[-88.32735,41.99245],[-88.33095,41.9924],[-88.33105,41.98585],[-88.3306,41.98575],[-88.32955,41.98495],[-88.3273,41.985],[-88.3273,41.9829],[-88.32515,41.9815],[-88.3229,41.98155],[-88.3229,41.9854],[-88.32105,41.9854],[-88.3211,41.98215],[-88.3171,41.98225],[-88.3164,41.9796],[-88.3076,41.9795],[-88.30755,41.97895],[-88.3202,41.97935],[-88.32335,41.9801],[-88.32575,41.98135],[-88.3345,41.98755]],[[-88.3189,41.995],[-88.3163,41.9949],[-88.31665,41.99205],[-88.3193,41.99225],[-88.3189,41.995]]]]},"properties":{"kind":"neighbour","name":"South Elgin","region":"Kane County","lp":[-88.29469,41.99749]}},
{"type":"Feature","geometry":{"type":"Polygon","coordinates":[[[-87.56405,41.64435],[-87.5785,41.6444],[-87.57835,41.6316],[-87.57855,41.6288],[-87.5784,41.62085],[-87.57355,41.62095],[-87.57345,41.6155],[-87.5678,41.6155],[-87.55905,41.61195],[-87.559,41.6032],[-87.5622,41.601],[-87.5687,41.601],[-87.5687,41.6059],[-87.5756,41.6055],[-87.57785,41.60475],[-87.57805,41.60095],[-87.57725,41.59525],[-87.5744,41.59385],[-87.573,41.5942],[-87.5707,41.5931],[-87.5688,41.5936],[-87.5697,41.59475],[-87.56985,41.59565],[-87.56895,41.59655],[-87.56805,41.59645],[-87.567,41.59445],[-87.5662,41.59405],[-87.56615,41.5865],[-87.5637,41.5865],[-87.5637,41.58765],[-87.5617,41.5865],[-87.5589,41.5865],[-87.5587,41.59445],[-87.55845,41.5946],[-87.55645,41.5946],[-87.55315,41.59525],[-87.55175,41.5932],[-87.5496,41.59415],[-87.54725,41.5933],[-87.54445,41.59375],[-87.5409,41.59285],[-87.5424,41.58945],[-87.53965,41.5869],[-87.53675,41.58875],[-87.53505,41.58725],[-87.53115,41.58795],[-87.5302,41.5854],[-87.5271,41.5849],[-87.52775,41.58225],[-87.5253,41.58135],[-87.52505,41.6302],[-87.53255,41.63015],[-87.53375,41.63075],[-87.53925,41.6315],[-87.54245,41.63365],[-87.54435,41.63355],[-87.54445,41.63025],[-87.54805,41.62995],[-87.564,41.63005],[-87.56375,41.63795],[-87.56405,41.64435]],[[-87.54945,41.61185],[-87.554,41.6118],[-87.55405,41.61545],[-87.54945,41.61545],[-87.54945,41.61185]],[[-87.55525,41.60805],[-87.55515,41.60635],[-87.55735,41.60645],[-87.55745,41.60805],[-87.55525,41.60805]]]},"properties":{"kind":"neighbour","name":"Calumet City","region":"Cook County","lp":[-87.5374,41.61867]}},
{"type":"Feature","geometry":{"type":"Polygon","coordinates":[[[-87.6299,41.60275],[-87.63155,41.60105],[-87.63155,41.5971],[-87.62805,41.5971],[-87.628,41.59365],[-87.63305,41.59365],[-87.6331,41.5901],[-87.6317,41.5901],[-87.63175,41.5864],[-87.63365,41.5846],[-87.63545,41.5846],[-87.6364,41.58235],[-87.63595,41.58235],[-87.6358,41.58065],[-87.6337,41.5793],[-87.63085,41.57925],[-87.6306,41.57875],[-87.62675,41.5793],[-87.6275,41.57965],[-87.6275,41.5864],[-87.617,41.5864],[-87.61515,41.58365],[-87.61485,41.58105],[-87.6121,41.581],[-87.61205,41.57935],[-87.60225,41.57905],[-87.6008,41.57755],[-87.59885,41.5773],[-87.5973,41.5781],[-87.59695,41.58265],[-87.59355,41.58045],[-87.59225,41.58085],[-87.5881,41.5797],[-87.58635,41.5813],[-87.58545,41.58175],[-87.58195,41.5825],[-87.57955,41.58145],[-87.5784,41.5823],[-87.5784,41.58075],[-87.577,41.58105],[-87.5763,41.57925],[-87.5647,41.57925],[-87.56335,41.58115],[-87.5637,41.585],[-87.5637,41.5865],[-87.56615,41.5865],[-87.5662,41.59405],[-87.5679,41.5963],[-87.56865,41.59665],[-87.56955,41.59615],[-87.56995,41.59525],[-87.5688,41.5936],[-87.5707,41.5931],[-87.573,41.5942],[-87.5744,41.59385],[-87.57725,41.59525],[-87.57805,41.60095],[-87.578,41.6067],[-87.59485,41.6226],[-87.5971,41.62185],[-87.59675,41.6153],[-87.5887,41.6154],[-87.58875,41.608],[-87.5932,41.6069],[-87.59765,41.60725],[-87.5977,41.6153],[-87.6082,41.6154],[-87.6081,41.61715],[-87.60955,41.61905],[-87.60985,41.6226],[-87.6244,41.62265],[-87.6233,41.61985],[-87.6215,41.61715],[-87.62545,41.61715],[-87.6268,41.6188],[-87.62695,41.62225],[-87.62905,41.62225],[-87.63165,41.6211],[-87.6316,41.6154],[-87.62415,41.6154],[-87.62435,41.6066],[-87.6318,41.6062],[-87.6299,41.60275]]]},"properties":{"kind":"neighbour","name":"South Holland","region":"Cook County","lp":[-87.61084,41.60047]}},
{"type":"Feature","geometry":{"type":"Polygon","coordinates":[[[-88.30455,42.37855],[-88.3048,42.37825],[-88.30615,42.37665],[-88.3062,42.3714],[-88.29695,42.37135],[-88.3016,42.3742],[-88.3,42.37565],[-88.2964,42.37435],[-88.2964,42.3711],[-88.2875,42.3673],[-88.2875,42.3708],[-88.28495,42.3701],[-88.28365,42.36835],[-88.2823,42.3647],[-88.28135,42.3685],[-88.277,42.3689],[-88.2766,42.36795],[-88.26235,42.36815],[-88.26235,42.36455],[-88.25745,42.3646],[-88.25745,42.36825],[-88.2565,42.36915],[-88.25255,42.3691],[-88.25255,42.3719],[-88.23785,42.37205],[-88.2379,42.36805],[-88.23955,42.36795],[-88.24105,42.36475],[-88.24395,42.3623],[-88.2464,42.3581],[-88.2393,42.3581],[-88.238,42.35765],[-88.2379,42.3649],[-88.228,42.36495],[-88.2281,42.37215],[-88.22435,42.37125],[-88.22095,42.36615],[-88.2198,42.36545],[-88.2182,42.365],[-88.21835,42.37225],[-88.20855,42.37245],[-88.20855,42.3831],[-88.2036,42.3831],[-88.2036,42.3866],[-88.20855,42.38665],[-88.2086,42.3941],[-88.2112,42.39225],[-88.2138,42.39165],[-88.21845,42.38785],[-88.2227,42.38585],[-88.2225,42.38935],[-88.22345,42.39035],[-88.22725,42.39025],[-88.2269,42.3913],[-88.2233,42.3913],[-88.22335,42.39395],[-88.2185,42.394],[-88.21935,42.3955],[-88.22485,42.39545],[-88.22385,42.3999],[-88.2185,42.39995],[-88.2185,42.4034],[-88.21605,42.4034],[-88.216,42.40615],[-88.21845,42.40615],[-88.219,42.40845],[-88.222,42.40845],[-88.2215,42.41225],[-88.2282,42.41215],[-88.2282,42.4155],[-88.2376,42.41545],[-88.2376,42.4146],[-88.24235,42.4141],[-88.24365,42.41175],[-88.24735,42.41175],[-88.2474,42.4054],[-88.2425,42.40545],[-88.2425,42.40815],[-88.23965,42.4082],[-88.2396,42.4017],[-88.24255,42.402],[-88.2425,42.3982],[-88.23765,42.39825],[-88.23765,42.39375],[-88.22825,42.3939],[-88.22815,42.39025],[-88.2301,42.3896],[-88.23065,42.3919],[-88.23765,42.39185],[-88.2377,42.388],[-88.24395,42.38795],[-88.2475,42.38735],[-88.24745,42.396],[-88.25835,42.39595],[-88.2584,42.39535],[-88.267,42.39515],[-88.26705,42.38935],[-88.26435,42.3894],[-88.2644,42.38615],[-88.27325,42.386],[-88.27685,42.38535],[-88.2769,42.37875],[-88.28175,42.3787],[-88.28175,42.3814],[-88.2866,42.38135],[-88.28655,42.38225],[-88.29635,42.38215],[-88.29635,42.3785],[-88.30455,42.37855]],[[-88.22105,42.40485],[-88.22105,42.40125],[-88.23315,42.40115],[-88.233,42.4119],[-88.2282,42.41195],[-88.22825,42.4057],[-88.2243,42.4057],[-88.22475,42.40335],[-88.22305,42.40335],[-88.22105,42.40485]]]},"properties":{"kind":"neighbour","name":"Johnsburg","region":"McHenry County","lp":[-88.25561,42.38146]}},
{"type":"Feature","geometry":{"type":"MultiPolygon","coordinates":[[[[-87.4081,41.257],[-87.4081,41.25495],[-87.41025,41.25495],[-87.41025,41.25335],[-87.40525,41.2534],[-87.4053,41.2504],[-87.4004,41.25035],[-87.40045,41.24975],[-87.3955,41.24975],[-87.39555,41.24615],[-87.38965,41.24615],[-87.3892,41.24755],[-87.3934,41.2534],[-87.40045,41.2534],[-87.40045,41.25695],[-87.4081,41.257]]],[[[-87.4147,41.26065],[-87.41495,41.267],[-87.41715,41.2669],[-87.42075,41.2658],[-87.42065,41.26075],[-87.4147,41.26065]]],[[[-87.42075,41.30445],[-87.42355,41.30445],[-87.423,41.3088],[-87.4237,41.31175],[-87.43055,41.31175],[-87.43065,41.31545],[-87.4403,41.3155],[-87.4401,41.30455],[-87.4449,41.30455],[-87.44445,41.29],[-87.4583,41.29],[-87.4585,41.2864],[-87.4684,41.28635],[-87.4682,41.2791],[-87.4537,41.2791],[-87.4539,41.2827],[-87.44905,41.2827],[-87.44915,41.28635],[-87.44435,41.2863],[-87.4441,41.27905],[-87.43925,41.27905],[-87.43915,41.27545],[-87.43435,41.27545],[-87.43455,41.2791],[-87.42965,41.27905],[-87.4297,41.2808],[-87.4318,41.28075],[-87.43185,41.2826],[-87.4298,41.28355],[-87.4243,41.2836],[-87.42435,41.28515],[-87.4211,41.28505],[-87.4203,41.28625],[-87.4107,41.2862],[-87.41055,41.28255],[-87.4153,41.28255],[-87.41525,41.27855],[-87.4133,41.27535],[-87.4063,41.27465],[-87.4054,41.27155],[-87.40525,41.26795],[-87.4006,41.2679],[-87.4007,41.2734],[-87.39515,41.27555],[-87.39525,41.27935],[-87.3911,41.27935],[-87.39135,41.2898],[-87.3825,41.28975],[-87.38265,41.297],[-87.4012,41.2971],[-87.40125,41.2989],[-87.3983,41.29895],[-87.39765,41.30075],[-87.39775,41.3044],[-87.4002,41.3054],[-87.40145,41.3081],[-87.40265,41.3081],[-87.40275,41.31165],[-87.41605,41.3117],[-87.4161,41.31535],[-87.421,41.3154],[-87.42075,41.30445]],[[-87.42075,41.30445],[-87.41595,41.30445],[-87.4161,41.29715],[-87.4196,41.29715],[-87.42065,41.29935],[-87.42075,41.30445]],[[-87.4304,41.3045],[-87.4303,41.30085],[-87.4351,41.3008],[-87.43525,41.3045],[-87.4304,41.3045]]]]},"properties":{"kind":"neighbour","name":"Lowell","region":"Lake County, Indiana","lp":[-87.40137,41.28759]}},
{"type":"Feature","geometry":{"type":"Polygon","coordinates":[[[-87.8841,42.44255],[-87.8936,42.4427],[-87.8936,42.44115],[-87.89105,42.44125],[-87.89105,42.4394],[-87.89395,42.43945],[-87.89405,42.43215],[-87.8891,42.4321],[-87.88915,42.4285],[-87.88425,42.4285],[-87.8843,42.42125],[-87.87725,42.42115],[-87.87755,42.4175],[-87.88435,42.41755],[-87.88465,42.40135],[-87.8896,42.4015],[-87.8896,42.40045],[-87.88485,42.4003],[-87.88475,42.39935],[-87.88175,42.3992],[-87.88185,42.3988],[-87.88325,42.39895],[-87.88325,42.3984],[-87.88195,42.3984],[-87.8824,42.3971],[-87.8812,42.3971],[-87.88065,42.3975],[-87.8795,42.3976],[-87.8795,42.3984],[-87.8806,42.3984],[-87.88075,42.3992],[-87.87065,42.39925],[-87.87035,42.40025],[-87.8699,42.4028],[-87.8657,42.4033],[-87.86485,42.40705],[-87.8697,42.4064],[-87.86985,42.4101],[-87.8651,42.41005],[-87.8653,42.4125],[-87.8674,42.41375],[-87.8755,42.4138],[-87.87885,42.41205],[-87.87965,42.4148],[-87.8769,42.4166],[-87.876,42.4207],[-87.876,42.42115],[-87.8765,42.4216],[-87.87465,42.42295],[-87.8738,42.4285],[-87.8676,42.42835],[-87.86705,42.4276],[-87.8665,42.42835],[-87.86345,42.4283],[-87.8634,42.4319],[-87.8549,42.43185],[-87.8549,42.43055],[-87.85855,42.4306],[-87.8586,42.42825],[-87.85495,42.4284],[-87.85495,42.4258],[-87.8589,42.42285],[-87.8599,42.4193],[-87.85745,42.4193],[-87.85745,42.42105],[-87.8532,42.421],[-87.85015,42.421],[-87.8466,42.42205],[-87.8458,42.4302],[-87.8438,42.43055],[-87.8426,42.4282],[-87.84285,42.42095],[-87.84525,42.421],[-87.84525,42.41755],[-87.84795,42.41755],[-87.84795,42.4201],[-87.8513,42.4201],[-87.854,42.4142],[-87.85315,42.41315],[-87.852,42.41135],[-87.8478,42.41155],[-87.8452,42.41005],[-87.84525,42.40575],[-87.825,42.40575],[-87.82845,42.39915],[-87.82185,42.3991],[-87.81955,42.4281],[-87.82075,42.4299],[-87.81935,42.43105],[-87.8264,42.4312],[-87.83105,42.4349],[-87.83525,42.43425],[-87.83605,42.43265],[-87.8382,42.4333],[-87.8408,42.43145],[-87.84265,42.4332],[-87.8452,42.4332],[-87.8452,42.43115],[-87.8475,42.4308],[-87.84855,42.43125],[-87.84575,42.43315],[-87.84675,42.43545],[-87.8548,42.4355],[-87.85475,42.44275],[-87.85715,42.44275],[-87.8572,42.4391],[-87.85915,42.43915],[-87.85955,42.44625],[-87.862,42.4473],[-87.86195,42.45],[-87.86435,42.45],[-87.86445,42.44515],[-87.8699,42.4452],[-87.8699,42.4464],[-87.8743,42.44645],[-87.86955,42.4573],[-87.8746,42.4574],[-87.87465,42.45615],[-87.8779,42.4562],[-87.87785,42.45745],[-87.88375,42.4575],[-87.8839,42.45075],[-87.8938,42.45095],[-87.8939,42.4467],[-87.884,42.44655],[-87.8841,42.44255]]]},"properties":{"kind":"neighbour","name":"Beach Park","region":"Lake County","lp":[-87.8319,42.4174]}},
{"type":"Feature","geometry":{"type":"MultiPolygon","coordinates":[[[[-87.9726,41.3985],[-87.97195,41.39585],[-87.97265,41.39575],[-87.97485,41.39655],[-87.9746,41.39475],[-87.97135,41.3949],[-87.9701,41.3933],[-87.97,41.3865],[-87.96205,41.3859],[-87.96385,41.38805],[-87.9641,41.3908],[-87.94105,41.3907],[-87.94115,41.3957],[-87.9573,41.3955],[-87.9574,41.3942],[-87.9603,41.39415],[-87.96035,41.39755],[-87.96535,41.39755],[-87.9663,41.3984],[-87.9726,41.3985]]],[[[-88.0104,41.4198],[-88.0144,41.42],[-88.01455,41.41655],[-88.0204,41.41685],[-88.0201,41.40955],[-88.01005,41.4097],[-88.01005,41.4162],[-88.0079,41.4162],[-88.00765,41.40975],[-88.0071,41.40975],[-88.00735,41.4162],[-88.0007,41.4162],[-88.00085,41.4193],[-88.0016,41.42075],[-87.9951,41.42085],[-87.99495,41.4183],[-87.9893,41.4176],[-87.99275,41.41],[-87.9961,41.40395],[-87.98975,41.4043],[-87.99,41.4102],[-87.991,41.4102],[-87.98775,41.4176],[-87.9866,41.4176],[-87.9829,41.4145],[-87.98135,41.4125],[-87.9821,41.4102],[-87.9826,41.40305],[-87.9757,41.40325],[-87.9742,41.40455],[-87.97265,41.39955],[-87.96035,41.39915],[-87.96045,41.4029],[-87.96715,41.4029],[-87.96695,41.4059],[-87.97375,41.40585],[-87.9752,41.40695],[-87.97535,41.41015],[-87.9728,41.4102],[-87.97205,41.41135],[-87.9724,41.42475],[-87.9679,41.42485],[-87.96795,41.43035],[-87.963,41.43045],[-87.9627,41.43215],[-87.9635,41.445],[-87.95465,41.44515],[-87.9547,41.447],[-87.94415,41.44715],[-87.9451,41.45325],[-87.947,41.4545],[-87.9833,41.4538],[-87.98295,41.44235],[-87.99175,41.44215],[-87.99175,41.446],[-87.98695,41.446],[-87.98695,41.45],[-87.99015,41.45],[-87.9902,41.45385],[-87.9933,41.4536],[-87.99325,41.45225],[-88.0023,41.45235],[-88.0024,41.44605],[-88.01075,41.446],[-88.01075,41.43905],[-88.004,41.439],[-88.00175,41.43805],[-88.00165,41.4348],[-87.9994,41.4317],[-88.00155,41.43165],[-88.00135,41.4263],[-88.01115,41.42645],[-88.0104,41.4198]],[[-87.9796,41.4259],[-87.9821,41.4258],[-87.9822,41.42795],[-87.9849,41.42775],[-87.9824,41.4337],[-87.98265,41.43925],[-87.9799,41.4393],[-87.98175,41.43495],[-87.98235,41.43205],[-87.97275,41.43205],[-87.97285,41.4249],[-87.97505,41.42485],[-87.9796,41.4259]]]]},"properties":{"kind":"neighbour","name":"Manhattan","region":"Will County","lp":[-87.9711,41.44633]}},
{"type":"Feature","geometry":{"type":"Polygon","coordinates":[[[-88.10155,41.81845],[-88.10155,41.81485],[-88.1096,41.8148],[-88.11275,41.8163],[-88.1193,41.8056],[-88.11265,41.80555],[-88.11255,41.80625],[-88.1012,41.8061],[-88.098,41.80535],[-88.09815,41.80135],[-88.0995,41.80105],[-88.09925,41.80515],[-88.11115,41.8049],[-88.11145,41.8002],[-88.11385,41.79915],[-88.11755,41.7996],[-88.11705,41.79545],[-88.1136,41.7956],[-88.115,41.7939],[-88.11485,41.79055],[-88.1124,41.7906],[-88.11225,41.788],[-88.10995,41.7894],[-88.1033,41.79255],[-88.1049,41.79415],[-88.1001,41.7951],[-88.09985,41.79265],[-88.10065,41.7814],[-88.10755,41.77975],[-88.1074,41.7744],[-88.10965,41.7744],[-88.1108,41.77005],[-88.11215,41.7683],[-88.11285,41.7655],[-88.1097,41.7656],[-88.109,41.7598],[-88.09925,41.76],[-88.09795,41.76325],[-88.09655,41.7641],[-88.09035,41.7648],[-88.09025,41.7638],[-88.0863,41.76385],[-88.0867,41.7731],[-88.08315,41.7734],[-88.0827,41.7706],[-88.07685,41.77115],[-88.0779,41.7738],[-88.07175,41.77445],[-88.0706,41.775],[-88.0724,41.7803],[-88.07595,41.78025],[-88.07645,41.78215],[-88.07935,41.78325],[-88.07905,41.7805],[-88.08195,41.78045],[-88.0808,41.77785],[-88.0804,41.77365],[-88.0835,41.77545],[-88.0868,41.7752],[-88.0869,41.7799],[-88.08745,41.7839],[-88.0842,41.78535],[-88.07915,41.78585],[-88.0773,41.78515],[-88.07485,41.78545],[-88.0729,41.78465],[-88.0701,41.78665],[-88.06525,41.7869],[-88.06035,41.78655],[-88.0575,41.7856],[-88.05805,41.78925],[-88.0585,41.79625],[-88.0611,41.7972],[-88.05985,41.7978],[-88.0599,41.80015],[-88.05725,41.80025],[-88.0577,41.7974],[-88.05235,41.79675],[-88.05255,41.80115],[-88.05405,41.80035],[-88.0572,41.8003],[-88.05695,41.8033],[-88.05435,41.8037],[-88.05425,41.808],[-88.0529,41.80945],[-88.0583,41.8099],[-88.0721,41.8096],[-88.07335,41.80825],[-88.0761,41.80765],[-88.07835,41.808],[-88.0793,41.80755],[-88.0817,41.8075],[-88.0811,41.8078],[-88.08065,41.8111],[-88.0851,41.8113],[-88.08475,41.80635],[-88.087,41.80595],[-88.0886,41.80835],[-88.08875,41.8114],[-88.0916,41.8114],[-88.09155,41.8098],[-88.0936,41.8098],[-88.09365,41.81085],[-88.0958,41.81085],[-88.09655,41.81185],[-88.0966,41.8128],[-88.0938,41.81285],[-88.0939,41.8148],[-88.09465,41.81655],[-88.09565,41.8185],[-88.10155,41.81845]]]},"properties":{"kind":"neighbour","name":"Lisle","region":"DuPage County","lp":[-88.07518,41.7966]}},
{"type":"Feature","geometry":{"type":"Polygon","coordinates":[[[-88.1165,42.20985],[-88.11405,42.2098],[-88.1141,42.20485],[-88.12055,42.2049],[-88.1208,42.19405],[-88.1163,42.19405],[-88.11625,42.18595],[-88.1173,42.18455],[-88.11385,42.1845],[-88.11385,42.18495],[-88.1114,42.18495],[-88.1114,42.1831],[-88.10395,42.18305],[-88.111,42.1759],[-88.10165,42.17585],[-88.10165,42.18305],[-88.09205,42.183],[-88.092,42.17575],[-88.0878,42.1757],[-88.08715,42.1762],[-88.08715,42.1721],[-88.08235,42.17205],[-88.08215,42.1684],[-88.0725,42.1684],[-88.0725,42.172],[-88.07135,42.172],[-88.07535,42.1769],[-88.0767,42.17925],[-88.07675,42.18215],[-88.0733,42.1809],[-88.0725,42.1829],[-88.0645,42.1829],[-88.0645,42.1786],[-88.0628,42.1786],[-88.0628,42.1766],[-88.0579,42.17815],[-88.05795,42.20465],[-88.0628,42.20465],[-88.0628,42.21325],[-88.06615,42.21515],[-88.06765,42.21395],[-88.0678,42.2202],[-88.07145,42.2216],[-88.0737,42.2218],[-88.0737,42.2192],[-88.07745,42.2192],[-88.07745,42.2156],[-88.07915,42.2156],[-88.07915,42.21265],[-88.0761,42.2126],[-88.07955,42.2099],[-88.08225,42.2099],[-88.0833,42.2114],[-88.0836,42.21385],[-88.0871,42.21385],[-88.08715,42.212],[-88.08425,42.212],[-88.08345,42.20865],[-88.08225,42.20815],[-88.08615,42.20475],[-88.09195,42.2048],[-88.09195,42.21405],[-88.0925,42.2138],[-88.09655,42.21375],[-88.0969,42.2134],[-88.0981,42.21565],[-88.10165,42.21495],[-88.1045,42.21565],[-88.1045,42.2175],[-88.1114,42.21755],[-88.1099,42.2157],[-88.1099,42.21325],[-88.11195,42.21325],[-88.11195,42.2116],[-88.1165,42.21095],[-88.1165,42.20985]]]},"properties":{"kind":"neighbour","name":"Lake Zurich","region":"Lake County","lp":[-88.10298,42.19669]}},
{"type":"Feature","geometry":{"type":"Polygon","coordinates":[[[-87.43415,41.5678],[-87.4427,41.56715],[-87.44195,41.56995],[-87.44905,41.5699],[-87.4491,41.5682],[-87.4506,41.56775],[-87.4545,41.5687],[-87.4561,41.56965],[-87.4536,41.5725],[-87.455,41.57355],[-87.4572,41.57195],[-87.45895,41.56925],[-87.46235,41.56905],[-87.46675,41.56955],[-87.4683,41.57025],[-87.4731,41.56855],[-87.47745,41.5684],[-87.4796,41.56735],[-87.48115,41.56755],[-87.4809,41.56665],[-87.48075,41.5231],[-87.4518,41.5229],[-87.45185,41.53745],[-87.4325,41.53735],[-87.43235,41.56635],[-87.43415,41.5678]]]},"properties":{"kind":"neighbour","name":"Highland","region":"Lake County, Indiana","lp":[-87.46298,41.55128]}},
{"type":"Feature","geometry":{"type":"MultiPolygon","coordinates":[[[[-88.5384,42.02945],[-88.54335,42.02935],[-88.54335,42.02845],[-88.54885,42.0284],[-88.5494,42.02625],[-88.553,42.0255],[-88.5531,42.0292],[-88.5823,42.0289],[-88.5821,42.0178],[-88.57245,42.0179],[-88.5725,42.0216],[-88.5584,42.02135],[-88.55835,42.0182],[-88.5383,42.01845],[-88.53825,42.0111],[-88.5234,42.0112],[-88.52345,42.0149],[-88.52835,42.01485],[-88.52845,42.02215],[-88.53335,42.0221],[-88.53345,42.0257],[-88.5384,42.02565],[-88.5384,42.02945]]],[[[-88.5634,42.0506],[-88.57785,42.0517],[-88.57785,42.0473],[-88.58145,42.04675],[-88.58135,42.03985],[-88.57745,42.0399],[-88.57745,42.0362],[-88.5581,42.03635],[-88.5581,42.04],[-88.5628,42.03995],[-88.5628,42.0486],[-88.5634,42.0506]],[[-88.5755,42.04555],[-88.57775,42.0454],[-88.5777,42.0471],[-88.57475,42.047],[-88.5755,42.04555]]],[[[-88.5384,42.02945],[-88.53035,42.02945],[-88.52665,42.02545],[-88.5285,42.0254],[-88.52845,42.0223],[-88.52455,42.023],[-88.5239,42.02225],[-88.51375,42.02235],[-88.51385,42.026],[-88.5221,42.0259],[-88.5222,42.03335],[-88.5237,42.0341],[-88.5336,42.03395],[-88.53365,42.04035],[-88.52375,42.04065],[-88.5238,42.04775],[-88.5288,42.0477],[-88.5288,42.0489],[-88.5434,42.0494],[-88.54305,42.05045],[-88.53855,42.04985],[-88.5288,42.0493],[-88.52885,42.0563],[-88.52695,42.0563],[-88.52595,42.05485],[-88.52265,42.0549],[-88.5228,42.0668],[-88.5368,42.0667],[-88.5376,42.0649],[-88.5396,42.0649],[-88.53965,42.06665],[-88.54325,42.06665],[-88.54335,42.0636],[-88.5404,42.06365],[-88.54045,42.06205],[-88.5434,42.06125],[-88.54565,42.05895],[-88.54835,42.05905],[-88.55155,42.0565],[-88.5555,42.0591],[-88.5681,42.0664],[-88.5758,42.06665],[-88.57775,42.0653],[-88.57775,42.0617],[-88.58715,42.0617],[-88.5873,42.05455],[-88.57775,42.0541],[-88.5779,42.05215],[-88.568,42.0517],[-88.56805,42.05445],[-88.56315,42.0545],[-88.5631,42.0512],[-88.55835,42.0501],[-88.5583,42.04825],[-88.55685,42.0473],[-88.55335,42.04735],[-88.55335,42.0456],[-88.5435,42.04565],[-88.5435,42.04385],[-88.53855,42.04395],[-88.53845,42.0355],[-88.54045,42.0367],[-88.54355,42.03675],[-88.5435,42.0402],[-88.54845,42.04015],[-88.54845,42.0365],[-88.54385,42.0365],[-88.5438,42.03295],[-88.53845,42.033],[-88.5384,42.02945]],[[-88.5776,42.05445],[-88.5775,42.0609],[-88.57325,42.0609],[-88.57325,42.05445],[-88.5776,42.05445]]]]},"properties":{"kind":"neighbour","name":"Burlington","region":"Kane County","lp":[-88.53582,42.05679]}},
{"type":"Feature","geometry":{"type":"MultiPolygon","coordinates":[[[[-88.12045,41.9604],[-88.12065,41.9582],[-88.12375,41.9576],[-88.1238,41.95295],[-88.1261,41.95285],[-88.12615,41.94555],[-88.14015,41.945],[-88.14015,41.9399],[-88.12065,41.9393],[-88.1205,41.9386],[-88.11075,41.93605],[-88.11075,41.93135],[-88.10105,41.9316],[-88.10105,41.93345],[-88.10075,41.939],[-88.09535,41.9385],[-88.08615,41.93765],[-88.08615,41.94295],[-88.0805,41.94315],[-88.0803,41.9395],[-88.07145,41.93975],[-88.0715,41.936],[-88.0641,41.93515],[-88.06175,41.9328],[-88.0639,41.9327],[-88.0637,41.9313],[-88.0584,41.9315],[-88.0588,41.93505],[-88.0566,41.93605],[-88.05655,41.9403],[-88.05455,41.94165],[-88.05075,41.94175],[-88.0512,41.94555],[-88.0503,41.9472],[-88.05135,41.9478],[-88.05135,41.94805],[-88.0511,41.95105],[-88.04975,41.9516],[-88.05085,41.9546],[-88.0498,41.9544],[-88.04985,41.9585],[-88.0523,41.9607],[-88.05675,41.9607],[-88.0581,41.95965],[-88.0636,41.95915],[-88.0635,41.96385],[-88.0665,41.96335],[-88.067,41.96605],[-88.06935,41.9668],[-88.06965,41.9646],[-88.07125,41.96585],[-88.0714,41.96765],[-88.07325,41.967],[-88.08035,41.9669],[-88.07885,41.96835],[-88.0756,41.96905],[-88.08015,41.9689],[-88.0807,41.96765],[-88.0836,41.9673],[-88.08445,41.96535],[-88.0872,41.96555],[-88.08745,41.96435],[-88.0899,41.9645],[-88.08915,41.9594],[-88.09925,41.96445],[-88.1008,41.9649],[-88.10065,41.96095],[-88.10205,41.9609],[-88.1021,41.95855],[-88.10415,41.9584],[-88.10465,41.96545],[-88.1068,41.96485],[-88.10645,41.96095],[-88.11255,41.9607],[-88.1126,41.9533],[-88.1156,41.9532],[-88.11555,41.9606],[-88.12045,41.9604]]],[[[-88.12045,41.9604],[-88.1204,41.96595],[-88.12285,41.96395],[-88.12545,41.9639],[-88.12545,41.96115],[-88.12285,41.96125],[-88.12045,41.9604]]]]},"properties":{"kind":"neighbour","name":"Bloomingdale","region":"DuPage County","lp":[-88.07722,41.95469]}},
{"type":"Feature","geometry":{"type":"Polygon","coordinates":[[[-88.1945,42.0418],[-88.1961,42.0391],[-88.19855,42.036],[-88.19855,42.0339],[-88.19705,42.034],[-88.19705,42.0336],[-88.20055,42.0337],[-88.20185,42.0315],[-88.2068,42.0303],[-88.21285,42.03025],[-88.2164,42.0299],[-88.22145,42.02825],[-88.2218,42.02675],[-88.2142,42.0223],[-88.21775,42.01975],[-88.21775,42.01645],[-88.2197,42.01455],[-88.2179,42.01315],[-88.21315,42.01175],[-88.2086,42.01005],[-88.20575,42.00925],[-88.2044,42.00985],[-88.20315,42.0099],[-88.2032,42.013],[-88.1984,42.013],[-88.1984,42.011],[-88.1937,42.01105],[-88.1935,42.01315],[-88.19145,42.0131],[-88.1915,42.00945],[-88.19505,42.0094],[-88.195,42.0077],[-88.194,42.00765],[-88.19395,42.00815],[-88.1923,42.00815],[-88.19245,42.00605],[-88.19315,42.0058],[-88.1839,42.00595],[-88.1839,42.00355],[-88.1786,42.00235],[-88.1752,42.0024],[-88.17425,42.00135],[-88.1742,41.994],[-88.1714,41.99425],[-88.17245,41.9917],[-88.174,41.9911],[-88.1599,41.98935],[-88.16,41.99195],[-88.1662,41.9954],[-88.16985,41.99895],[-88.1644,41.99865],[-88.1642,42.00065],[-88.15915,42.0008],[-88.15915,42.009],[-88.151,42.0075],[-88.1496,42.0104],[-88.14475,42.0105],[-88.14465,42.021],[-88.15425,42.0209],[-88.15445,42.0319],[-88.13885,42.032],[-88.13875,42.03955],[-88.14465,42.03925],[-88.14465,42.03825],[-88.14945,42.03825],[-88.14945,42.03915],[-88.17945,42.039],[-88.1806,42.0398],[-88.1841,42.0391],[-88.1878,42.03905],[-88.1869,42.04295],[-88.1888,42.0431],[-88.1888,42.0389],[-88.1926,42.03895],[-88.19265,42.0419],[-88.1945,42.0418]],[[-88.20735,42.017],[-88.2102,42.0162],[-88.2102,42.0208],[-88.2044,42.01945],[-88.2031,42.01865],[-88.2031,42.01665],[-88.20735,42.017]]]},"properties":{"kind":"neighbour","name":"Streamwood","region":"Cook County","lp":[-88.17248,42.0188]}},
{"type":"Feature","geometry":{"type":"Polygon","coordinates":[[[-87.9843,42.23705],[-87.9885,42.2371],[-87.9892,42.2335],[-87.99415,42.2335],[-87.99405,42.21895],[-87.97465,42.219],[-87.9747,42.21175],[-87.96495,42.21175],[-87.965,42.2045],[-87.9591,42.2043],[-87.9611,42.2081],[-87.9601,42.2081],[-87.9601,42.207],[-87.9588,42.20445],[-87.9577,42.2045],[-87.95765,42.20825],[-87.95645,42.2094],[-87.9569,42.2107],[-87.9553,42.2107],[-87.95535,42.20995],[-87.9535,42.2103],[-87.95255,42.2101],[-87.9482,42.2061],[-87.94315,42.2057],[-87.9404,42.20405],[-87.93935,42.2024],[-87.9392,42.20155],[-87.93335,42.20095],[-87.93345,42.20725],[-87.9316,42.20905],[-87.9338,42.2101],[-87.9352,42.215],[-87.9395,42.2239],[-87.9368,42.22385],[-87.93785,42.2261],[-87.9387,42.22655],[-87.93885,42.2271],[-87.9362,42.23145],[-87.93715,42.23335],[-87.93705,42.23715],[-87.93915,42.23885],[-87.9407,42.23885],[-87.94075,42.2405],[-87.9392,42.24055],[-87.93965,42.24235],[-87.9405,42.2438],[-87.9404,42.2456],[-87.9454,42.24575],[-87.9489,42.2624],[-87.9642,42.26385],[-87.96415,42.26655],[-87.96665,42.266],[-87.9691,42.2656],[-87.96905,42.26965],[-87.974,42.26965],[-87.9744,42.2661],[-87.9788,42.25705],[-87.9792,42.2544],[-87.9818,42.24785],[-87.9795,42.2466],[-87.9771,42.2405],[-87.97825,42.24055],[-87.9743,42.2335],[-87.97695,42.2335],[-87.97715,42.22765],[-87.9746,42.22625],[-87.97065,42.2263],[-87.9697,42.2255],[-87.96975,42.22265],[-87.9795,42.2226],[-87.9794,42.22625],[-87.9843,42.2262],[-87.9843,42.23705]],[[-87.9387,42.2182],[-87.9389,42.21725],[-87.9472,42.21785],[-87.94715,42.22185],[-87.9401,42.2217],[-87.9387,42.2182]],[[-87.9471,42.22625],[-87.9471,42.224],[-87.951,42.224],[-87.95095,42.22625],[-87.9471,42.22625]],[[-87.9615,42.21285],[-87.9644,42.2138],[-87.9612,42.21585],[-87.9579,42.2134],[-87.9601,42.21175],[-87.9615,42.21285]]]},"properties":{"kind":"neighbour","name":"Vernon Hills","region":"Lake County","lp":[-87.96221,42.24697]}},
{"type":"Feature","geometry":{"type":"Polygon","coordinates":[[[-88.21395,42.4862],[-88.2091,42.4862],[-88.20905,42.4808],[-88.2189,42.48075],[-88.21885,42.47715],[-88.21385,42.47715],[-88.2138,42.47355],[-88.2138,42.4731],[-88.21375,42.46995],[-88.21865,42.4699],[-88.2186,42.46625],[-88.20995,42.4663],[-88.2108,42.4639],[-88.21495,42.44455],[-88.2144,42.44455],[-88.21465,42.44345],[-88.2154,42.44355],[-88.21645,42.44135],[-88.2153,42.44105],[-88.2165,42.43835],[-88.2144,42.43755],[-88.21345,42.4389],[-88.21355,42.44455],[-88.20495,42.4446],[-88.20495,42.44115],[-88.20615,42.4388],[-88.20485,42.43735],[-88.19995,42.4372],[-88.1992,42.4367],[-88.19875,42.4358],[-88.19875,42.43185],[-88.20365,42.4319],[-88.20365,42.4301],[-88.19875,42.43005],[-88.1987,42.4275],[-88.1995,42.42745],[-88.19965,42.42645],[-88.19945,42.42395],[-88.1987,42.42395],[-88.198,42.42235],[-88.1944,42.4218],[-88.1926,42.41985],[-88.19135,42.4202],[-88.1884,42.41805],[-88.1885,42.41205],[-88.18895,42.4085],[-88.19235,42.40975],[-88.1945,42.40845],[-88.1988,42.40845],[-88.1988,42.4012],[-88.1939,42.40125],[-88.1937,42.38755],[-88.1923,42.3867],[-88.1813,42.38675],[-88.18285,42.3849],[-88.1814,42.38275],[-88.17785,42.3832],[-88.17755,42.384],[-88.17895,42.3845],[-88.17895,42.38565],[-88.1773,42.3849],[-88.17295,42.3811],[-88.17185,42.37955],[-88.1723,42.3786],[-88.1708,42.3772],[-88.1704,42.3737],[-88.1711,42.37235],[-88.17405,42.37235],[-88.17425,42.3672],[-88.174,42.3633],[-88.17485,42.35965],[-88.1716,42.3596],[-88.17025,42.3578],[-88.1687,42.3578],[-88.169,42.3606],[-88.16875,42.3651],[-88.1674,42.3651],[-88.1669,42.36765],[-88.166,42.36765],[-88.1652,42.36505],[-88.1624,42.3632],[-88.1611,42.36415],[-88.1594,42.36315],[-88.1564,42.36285],[-88.1497,42.36335],[-88.1497,42.3678],[-88.15425,42.3678],[-88.15455,42.37095],[-88.1565,42.3706],[-88.15945,42.369],[-88.159,42.3723],[-88.15635,42.3723],[-88.1564,42.37365],[-88.16065,42.37415],[-88.15945,42.3762],[-88.15945,42.37865],[-88.16515,42.37865],[-88.16515,42.37955],[-88.1546,42.37955],[-88.1546,42.38215],[-88.1512,42.38095],[-88.15035,42.3811],[-88.1503,42.3817],[-88.1497,42.382],[-88.1499,42.3873],[-88.14975,42.39245],[-88.15275,42.3925],[-88.15395,42.39475],[-88.15285,42.39485],[-88.1531,42.3942],[-88.14745,42.39405],[-88.147,42.39625],[-88.14785,42.39795],[-88.1573,42.39915],[-88.15965,42.4008],[-88.15965,42.40475],[-88.16925,42.40475],[-88.1692,42.4109],[-88.167,42.41],[-88.16355,42.4099],[-88.1632,42.41095],[-88.1644,42.4132],[-88.16895,42.41315],[-88.16955,42.4119],[-88.1872,42.41205],[-88.1875,42.41845],[-88.18905,42.4212],[-88.187,42.4212],[-88.18635,42.42275],[-88.1864,42.4264],[-88.18415,42.42635],[-88.18385,42.42265],[-88.17965,42.42265],[-88.1783,42.4246],[-88.17525,42.4246],[-88.1742,42.42435],[-88.1742,42.42605],[-88.171,42.4259],[-88.1714,42.42845],[-88.17125,42.4301],[-88.17615,42.42995],[-88.17635,42.4316],[-88.175,42.43325],[-88.17685,42.43485],[-88.1779,42.43725],[-88.1914,42.4373],[-88.19385,42.4379],[-88.1939,42.44105],[-88.1987,42.441],[-88.1988,42.44265],[-88.1999,42.44345],[-88.19995,42.4446],[-88.202,42.4446],[-88.20205,42.44915],[-88.20375,42.44915],[-88.2038,42.4518],[-88.19885,42.45185],[-88.19885,42.45545],[-88.21145,42.4554],[-88.20955,42.4642],[-88.20875,42.4663],[-88.1991,42.46635],[-88.19915,42.47345],[-88.18555,42.4737],[-88.1856,42.47735],[-88.18445,42.47735],[-88.1845,42.48095],[-88.17945,42.481],[-88.17955,42.485],[-88.18275,42.48535],[-88.18275,42.48655],[-88.17885,42.48655],[-88.1794,42.48825],[-88.1994,42.48805],[-88.1994,42.4927],[-88.1986,42.49515],[-88.21405,42.4951],[-88.21395,42.4862]],[[-88.16885,42.3707],[-88.1687,42.37325],[-88.16305,42.37325],[-88.16205,42.37155],[-88.162,42.36885],[-88.16765,42.3691],[-88.16885,42.3707]]]},"properties":{"kind":"neighbour","name":"Fox Lake","region":"Lake County","lp":[-88.18039,42.39924]}},
{"type":"Feature","geometry":{"type":"Polygon","coordinates":[[[-87.43235,41.56635],[-87.4325,41.53735],[-87.45185,41.53745],[-87.45195,41.5229],[-87.45185,41.5078],[-87.4188,41.5077],[-87.41795,41.50585],[-87.41775,41.5],[-87.4074,41.5036],[-87.40425,41.5024],[-87.40195,41.4997],[-87.40005,41.4986],[-87.39355,41.4971],[-87.39385,41.5226],[-87.41315,41.52265],[-87.41305,41.56635],[-87.43235,41.56635]]]},"properties":{"kind":"neighbour","name":"Griffith","region":"Lake County, Indiana","lp":[-87.42844,41.52279]}},
{"type":"Feature","geometry":{"type":"Polygon","coordinates":[[[-87.6796,42.0717],[-87.68275,42.0717],[-87.68285,42.0695],[-87.6892,42.06965],[-87.6891,42.06875],[-87.7291,42.0691],[-87.73235,42.0689],[-87.73245,42.0629],[-87.73245,42.0625],[-87.72735,42.0625],[-87.72745,42.05525],[-87.7158,42.0553],[-87.70885,42.05245],[-87.7096,42.0482],[-87.7099,42.0337],[-87.70865,42.0337],[-87.709,42.01945],[-87.69,42.01985],[-87.67395,42.0197],[-87.67645,42.0217],[-87.6773,42.02285],[-87.67705,42.02335],[-87.6652,42.02325],[-87.66845,42.0282],[-87.67005,42.03695],[-87.6691,42.03955],[-87.66935,42.04125],[-87.67195,42.0438],[-87.67315,42.04795],[-87.6712,42.0507],[-87.6716,42.054],[-87.6701,42.0552],[-87.66955,42.0597],[-87.67155,42.05985],[-87.6734,42.0618],[-87.6796,42.0717]]]},"properties":{"kind":"neighbour","name":"Evanston","region":"Cook County","lp":[-87.69069,42.04005]}},
{"type":"Feature","geometry":{"type":"Polygon","coordinates":[[[-87.9727,41.8511],[-87.97255,41.8471],[-87.97325,41.84635],[-87.9822,41.846],[-87.98225,41.84675],[-87.9967,41.8407],[-87.99605,41.83975],[-87.9934,41.83895],[-87.994,41.83825],[-87.9935,41.8314],[-87.9962,41.8314],[-87.9961,41.82425],[-87.99565,41.8239],[-87.9959,41.8235],[-87.9957,41.8192],[-87.99225,41.8187],[-87.98105,41.81905],[-87.98125,41.82285],[-87.9765,41.8229],[-87.97625,41.82425],[-87.9533,41.82505],[-87.953,41.8191],[-87.95255,41.81775],[-87.94715,41.8179],[-87.947,41.81425],[-87.9445,41.8143],[-87.94215,41.813],[-87.94245,41.818],[-87.92555,41.81835],[-87.925,41.8194],[-87.9269,41.8212],[-87.9266,41.8222],[-87.9233,41.8223],[-87.9234,41.82575],[-87.9186,41.8258],[-87.9191,41.836],[-87.9198,41.84055],[-87.9192,41.84635],[-87.9194,41.85405],[-87.91995,41.8586],[-87.91945,41.8609],[-87.9203,41.8619],[-87.9276,41.86165],[-87.92935,41.8583],[-87.9387,41.858],[-87.93855,41.8613],[-87.9486,41.86105],[-87.9486,41.85895],[-87.94975,41.85765],[-87.9533,41.85755],[-87.9533,41.8563],[-87.95795,41.85615],[-87.9599,41.8554],[-87.95975,41.8537],[-87.9575,41.8531],[-87.95745,41.8466],[-87.97095,41.84615],[-87.9712,41.8517],[-87.9727,41.8511]],[[-87.9719,41.83155],[-87.9816,41.8314],[-87.9819,41.83865],[-87.977,41.83865],[-87.9771,41.8418],[-87.9722,41.84195],[-87.9719,41.83155]]]},"properties":{"kind":"neighbour","name":"Oak Brook","region":"DuPage County","lp":[-87.9392,41.83848]}},
{"type":"Feature","geometry":{"type":"Polygon","coordinates":[[[-87.886,42.3379],[-87.8803,42.3195],[-87.88055,42.31945],[-87.88005,42.3175],[-87.8774,42.309],[-87.87765,42.3087],[-87.88915,42.3089],[-87.8924,42.30945],[-87.89145,42.3059],[-87.88615,42.30625],[-87.8855,42.2997],[-87.8889,42.2997],[-87.88785,42.2922],[-87.89365,42.2917],[-87.8995,42.29175],[-87.8994,42.29095],[-87.8869,42.2908],[-87.8871,42.2911],[-87.8856,42.2911],[-87.88555,42.2943],[-87.8761,42.29425],[-87.87585,42.29055],[-87.8737,42.28775],[-87.8701,42.28895],[-87.87615,42.3085],[-87.8756,42.30855],[-87.8696,42.28915],[-87.8661,42.2905],[-87.85885,42.2927],[-87.85935,42.2949],[-87.8563,42.2949],[-87.85635,42.2977],[-87.85235,42.2977],[-87.85185,42.2999],[-87.8518,42.3084],[-87.8514,42.30845],[-87.8515,42.29405],[-87.8473,42.29405],[-87.84735,42.30485],[-87.83335,42.30485],[-87.832,42.3077],[-87.8329,42.309],[-87.8305,42.31085],[-87.82835,42.31145],[-87.83105,42.3165],[-87.8305,42.32215],[-87.83195,42.32575],[-87.8314,42.33055],[-87.83035,42.33155],[-87.8268,42.3383],[-87.82685,42.34125],[-87.8461,42.3413],[-87.84615,42.3341],[-87.8656,42.3342],[-87.86555,42.3414],[-87.88515,42.3415],[-87.886,42.3379]]]},"properties":{"kind":"neighbour","name":"North Chicago","region":"Lake County","lp":[-87.86363,42.31858]}},
{"type":"Feature","geometry":{"type":"Polygon","coordinates":[[[-88.3571,41.8196],[-88.3636,41.8198],[-88.36345,41.8213],[-88.3704,41.8215],[-88.37905,41.82235],[-88.37905,41.8252],[-88.3808,41.8256],[-88.38085,41.81785],[-88.38755,41.8178],[-88.3876,41.82095],[-88.3906,41.8215],[-88.4008,41.82145],[-88.4008,41.81775],[-88.4002,41.81685],[-88.39585,41.8169],[-88.39535,41.8099],[-88.394,41.80825],[-88.3955,41.80735],[-88.39115,41.806],[-88.39115,41.81065],[-88.3864,41.80965],[-88.3761,41.8098],[-88.376,41.81255],[-88.37205,41.81265],[-88.37345,41.80995],[-88.3743,41.80695],[-88.37215,41.807],[-88.37395,41.80245],[-88.3778,41.802],[-88.3778,41.79825],[-88.3753,41.798],[-88.3699,41.79545],[-88.34995,41.7956],[-88.34495,41.795],[-88.34245,41.79505],[-88.34255,41.79225],[-88.33085,41.79255],[-88.33075,41.7888],[-88.31835,41.789],[-88.31515,41.7894],[-88.31555,41.79135],[-88.31775,41.7965],[-88.3111,41.7973],[-88.3111,41.7965],[-88.30135,41.7966],[-88.30105,41.7975],[-88.3014,41.81095],[-88.305,41.8107],[-88.3036,41.81285],[-88.3035,41.82],[-88.29875,41.82],[-88.2986,41.82295],[-88.29895,41.82585],[-88.31595,41.82575],[-88.31135,41.829],[-88.31135,41.83295],[-88.3134,41.83295],[-88.3161,41.8304],[-88.3191,41.82555],[-88.32145,41.8224],[-88.32325,41.8187],[-88.32635,41.8184],[-88.32695,41.8158],[-88.32665,41.81305],[-88.3307,41.81255],[-88.3307,41.81575],[-88.33,41.81775],[-88.33275,41.8174],[-88.3333,41.81245],[-88.33465,41.81245],[-88.33395,41.81865],[-88.3438,41.81885],[-88.3571,41.81645],[-88.3571,41.8196]],[[-88.34955,41.81015],[-88.34985,41.80895],[-88.3556,41.80905],[-88.35575,41.8102],[-88.34955,41.81015]],[[-88.36385,41.80265],[-88.36795,41.8026],[-88.3681,41.8071],[-88.3639,41.8072],[-88.36385,41.80265]]]},"properties":{"kind":"neighbour","name":"North Aurora","region":"Kane County","lp":[-88.31588,41.81058]}},
{"type":"Feature","geometry":{"type":"Polygon","coordinates":[[[-87.9416,41.74295],[-87.942,41.74055],[-87.9444,41.7382],[-87.9442,41.73305],[-87.93925,41.733],[-87.93915,41.73065],[-87.93425,41.7307],[-87.93425,41.72605],[-87.93285,41.7244],[-87.9365,41.72435],[-87.9377,41.7234],[-87.94385,41.7233],[-87.94395,41.71935],[-87.94525,41.7147],[-87.94195,41.7142],[-87.94015,41.7133],[-87.94,41.71605],[-87.9387,41.7161],[-87.93855,41.7125],[-87.93615,41.7129],[-87.93625,41.717],[-87.93385,41.71705],[-87.93385,41.71385],[-87.92685,41.7171],[-87.92695,41.72],[-87.9243,41.72005],[-87.9242,41.71835],[-87.9168,41.7213],[-87.91625,41.72385],[-87.9147,41.7259],[-87.9122,41.7259],[-87.9121,41.7281],[-87.91045,41.7281],[-87.91045,41.7312],[-87.9078,41.7302],[-87.9028,41.7304],[-87.90125,41.73145],[-87.9004,41.7325],[-87.90055,41.7388],[-87.90245,41.73875],[-87.9055,41.7399],[-87.9056,41.74235],[-87.8959,41.7425],[-87.89605,41.7461],[-87.89505,41.7461],[-87.89425,41.7474],[-87.89435,41.75025],[-87.89255,41.75115],[-87.8924,41.74625],[-87.8863,41.7464],[-87.88685,41.7584],[-87.88845,41.75895],[-87.89265,41.7589],[-87.8927,41.75635],[-87.8965,41.7571],[-87.90135,41.757],[-87.9014,41.7579],[-87.89655,41.758],[-87.8973,41.76045],[-87.9033,41.76045],[-87.90645,41.7611],[-87.90515,41.7635],[-87.9058,41.76405],[-87.9039,41.7642],[-87.9041,41.76655],[-87.906,41.76895],[-87.90645,41.77015],[-87.90835,41.7745],[-87.90845,41.7821],[-87.9094,41.78295],[-87.9095,41.7842],[-87.90895,41.78475],[-87.90875,41.7892],[-87.91295,41.7895],[-87.913,41.7851],[-87.91175,41.7851],[-87.91195,41.78015],[-87.91665,41.7802],[-87.9167,41.78175],[-87.92155,41.78205],[-87.93365,41.7818],[-87.93605,41.7808],[-87.9359,41.77765],[-87.9335,41.7777],[-87.93355,41.7765],[-87.93585,41.77645],[-87.9358,41.77445],[-87.92615,41.7747],[-87.92605,41.7728],[-87.92365,41.7734],[-87.9235,41.76905],[-87.9272,41.7679],[-87.9354,41.76435],[-87.93525,41.75985],[-87.9316,41.75995],[-87.93045,41.75925],[-87.93025,41.75505],[-87.93505,41.755],[-87.93505,41.75445],[-87.9332,41.7526],[-87.93255,41.751],[-87.9318,41.75015],[-87.9341,41.74895],[-87.93425,41.74945],[-87.9349,41.7494],[-87.93485,41.74775],[-87.9416,41.74295]]]},"properties":{"kind":"neighbour","name":"Burr Ridge","region":"Cook County","lp":[-87.9225,41.73917]}},
{"type":"Feature","geometry":{"type":"Polygon","coordinates":[[[-87.52435,41.58085],[-87.5253,41.58135],[-87.5256,41.52835],[-87.52555,41.52265],[-87.48075,41.5231],[-87.4809,41.56665],[-87.48115,41.56755],[-87.48195,41.56755],[-87.4857,41.56655],[-87.4872,41.56725],[-87.4887,41.56735],[-87.491,41.5662],[-87.4931,41.5689],[-87.4962,41.56945],[-87.49785,41.5707],[-87.5021,41.5686],[-87.5069,41.57105],[-87.51335,41.57175],[-87.51385,41.57335],[-87.5166,41.5715],[-87.51945,41.5751],[-87.51975,41.5769],[-87.525,41.57825],[-87.52435,41.58085]]]},"properties":{"kind":"neighbour","name":"Munster","region":"Lake County, Indiana","lp":[-87.50306,41.54524]}},
{"type":"Feature","geometry":{"type":"Polygon","coordinates":[[[-88.18135,42.11],[-88.1892,42.09735],[-88.18975,42.0931],[-88.1922,42.0931],[-88.19465,42.0893],[-88.18975,42.08945],[-88.1896,42.07455],[-88.18,42.07185],[-88.1797,42.06675],[-88.1606,42.06675],[-88.1606,42.07305],[-88.1506,42.07325],[-88.1505,42.06735],[-88.1469,42.06735],[-88.146,42.06895],[-88.1412,42.06895],[-88.1411,42.07925],[-88.12655,42.0794],[-88.1264,42.07795],[-88.1217,42.07805],[-88.1217,42.085],[-88.1144,42.0853],[-88.11435,42.08695],[-88.107,42.0877],[-88.10695,42.0961],[-88.1118,42.0961],[-88.112,42.0892],[-88.1179,42.08905],[-88.118,42.09035],[-88.1217,42.09125],[-88.1217,42.08865],[-88.13125,42.08865],[-88.1308,42.0949],[-88.12895,42.0968],[-88.1266,42.09685],[-88.12655,42.103],[-88.1281,42.10295],[-88.128,42.1069],[-88.12155,42.107],[-88.12155,42.1106],[-88.1324,42.1105],[-88.1324,42.10325],[-88.13115,42.1024],[-88.1411,42.1024],[-88.1411,42.09685],[-88.1468,42.0981],[-88.1607,42.1048],[-88.1608,42.1035],[-88.1644,42.1034],[-88.16435,42.1066],[-88.1706,42.1103],[-88.18135,42.11]],[[-88.17465,42.08645],[-88.17995,42.0864],[-88.18,42.0882],[-88.1749,42.08835],[-88.17465,42.08645]]]},"properties":{"kind":"neighbour","name":"South Barrington","region":"Cook County","lp":[-88.15978,42.08789]}},
{"type":"Feature","geometry":{"type":"Polygon","coordinates":[[[-87.5647,41.57925],[-87.572,41.57925],[-87.5719,41.5782],[-87.57825,41.57815],[-87.5782,41.57005],[-87.57865,41.5714],[-87.58065,41.57035],[-87.5806,41.56475],[-87.57545,41.56475],[-87.57555,41.5675],[-87.57365,41.56725],[-87.5735,41.5594],[-87.57675,41.5596],[-87.57675,41.5611],[-87.58,41.5611],[-87.58005,41.56295],[-87.58305,41.56295],[-87.58285,41.55385],[-87.58165,41.55385],[-87.5816,41.5574],[-87.55865,41.55745],[-87.55865,41.55375],[-87.55495,41.5538],[-87.555,41.5575],[-87.54905,41.5575],[-87.549,41.5434],[-87.5438,41.5428],[-87.54395,41.541],[-87.5392,41.54135],[-87.53915,41.53755],[-87.537,41.53755],[-87.53685,41.5283],[-87.5293,41.5283],[-87.52925,41.52475],[-87.5312,41.52465],[-87.5294,41.52105],[-87.52935,41.5174],[-87.5256,41.51745],[-87.5254,41.5475],[-87.5253,41.58135],[-87.52695,41.58175],[-87.52785,41.58235],[-87.5271,41.58415],[-87.5272,41.58505],[-87.5302,41.5854],[-87.5308,41.58745],[-87.53125,41.58795],[-87.53505,41.58725],[-87.53675,41.58875],[-87.53965,41.5869],[-87.5424,41.58945],[-87.5409,41.59285],[-87.54445,41.59375],[-87.54725,41.5933],[-87.5496,41.59415],[-87.55175,41.5932],[-87.55315,41.59525],[-87.5586,41.5945],[-87.5589,41.5865],[-87.5617,41.5865],[-87.5637,41.58765],[-87.5637,41.585],[-87.56335,41.58115],[-87.5647,41.57925]],[[-87.5697,41.56955],[-87.56465,41.5729],[-87.5638,41.5699],[-87.56365,41.5654],[-87.5684,41.56755],[-87.5697,41.56955]],[[-87.5701,41.5664],[-87.5673,41.56655],[-87.56725,41.56475],[-87.57045,41.56475],[-87.5701,41.5664]]]},"properties":{"kind":"neighbour","name":"Lansing","region":"Cook County","lp":[-87.54823,41.57344]}},
{"type":"Feature","geometry":{"type":"MultiPolygon","coordinates":[[[[-88.61755,42.1748],[-88.61975,42.17565],[-88.6228,42.17565],[-88.6228,42.1716],[-88.60825,42.1716],[-88.6083,42.1738],[-88.6122,42.1752],[-88.61755,42.1748]]],[[[-88.63245,42.24955],[-88.63245,42.2542],[-88.6638,42.25415],[-88.66385,42.25075],[-88.6556,42.2504],[-88.65555,42.2443],[-88.66215,42.2443],[-88.66215,42.2407],[-88.65555,42.2407],[-88.65555,42.24215],[-88.6524,42.2422],[-88.6524,42.2407],[-88.64415,42.2407],[-88.64425,42.244],[-88.6482,42.24395],[-88.64805,42.2501],[-88.64625,42.25],[-88.64625,42.25335],[-88.6404,42.25335],[-88.63935,42.2529],[-88.6345,42.2529],[-88.63445,42.2486],[-88.62775,42.24805],[-88.6278,42.2407],[-88.6232,42.2407],[-88.6231,42.23685],[-88.6265,42.23595],[-88.62635,42.23315],[-88.6281,42.23315],[-88.62815,42.2255],[-88.6328,42.222],[-88.63275,42.2186],[-88.6425,42.2186],[-88.64265,42.2258],[-88.6569,42.22575],[-88.6568,42.2186],[-88.6617,42.2186],[-88.6616,42.21175],[-88.6567,42.21175],[-88.65675,42.2149],[-88.652,42.21495],[-88.65205,42.21135],[-88.64725,42.21135],[-88.64725,42.2078],[-88.6433,42.2078],[-88.64325,42.20085],[-88.6406,42.1999],[-88.6388,42.2032],[-88.63755,42.2037],[-88.6375,42.19885],[-88.6341,42.19795],[-88.6341,42.20025],[-88.62975,42.2008],[-88.62975,42.1993],[-88.62485,42.19975],[-88.62485,42.19735],[-88.623,42.1975],[-88.62295,42.1933],[-88.6205,42.19335],[-88.6205,42.1904],[-88.62775,42.1914],[-88.62775,42.1861],[-88.6229,42.1861],[-88.62285,42.18235],[-88.61315,42.1823],[-88.6131,42.1777],[-88.6083,42.17475],[-88.60665,42.17525],[-88.60675,42.1825],[-88.6084,42.1825],[-88.60835,42.18795],[-88.60955,42.18975],[-88.61705,42.1897],[-88.61805,42.1892],[-88.61805,42.20375],[-88.6217,42.2037],[-88.62305,42.2051],[-88.6182,42.20515],[-88.6182,42.20785],[-88.62035,42.2078],[-88.62045,42.20985],[-88.6182,42.2098],[-88.6182,42.2114],[-88.62785,42.21145],[-88.62795,42.21495],[-88.61825,42.21495],[-88.6179,42.21745],[-88.6214,42.2192],[-88.62625,42.21875],[-88.6222,42.22215],[-88.62065,42.22125],[-88.61835,42.22325],[-88.61825,42.2369],[-88.61465,42.2369],[-88.61465,42.23975],[-88.60855,42.2398],[-88.60715,42.2393],[-88.60715,42.23635],[-88.60855,42.2341],[-88.6066,42.23275],[-88.59935,42.2323],[-88.59935,42.23055],[-88.5955,42.23035],[-88.59385,42.2294],[-88.59385,42.23205],[-88.59345,42.23335],[-88.5916,42.2334],[-88.5916,42.2351],[-88.59355,42.23515],[-88.5932,42.2398],[-88.5906,42.2398],[-88.58715,42.23865],[-88.5858,42.23735],[-88.5837,42.23755],[-88.58435,42.22935],[-88.583,42.2293],[-88.58295,42.22495],[-88.57945,42.22495],[-88.5788,42.2258],[-88.5754,42.24765],[-88.58105,42.24765],[-88.5807,42.2508],[-88.58665,42.25085],[-88.58665,42.2551],[-88.58895,42.2545],[-88.5889,42.26455],[-88.5962,42.2645],[-88.5962,42.26605],[-88.6085,42.266],[-88.6085,42.27085],[-88.61305,42.27155],[-88.61335,42.266],[-88.6096,42.266],[-88.6096,42.26405],[-88.6161,42.26405],[-88.61605,42.2624],[-88.6182,42.2624],[-88.61825,42.2507],[-88.62135,42.2502],[-88.6213,42.24895],[-88.63245,42.24955]],[[-88.601,42.2342],[-88.601,42.2363],[-88.6035,42.2363],[-88.6035,42.23785],[-88.5988,42.23745],[-88.5965,42.2361],[-88.59675,42.234],[-88.601,42.2342]]]]},"properties":{"kind":"neighbour","name":"Marengo","region":"McHenry County","lp":[-88.60099,42.25045]}},
{"type":"Feature","geometry":{"type":"Polygon","coordinates":[[[-87.9534,42.13885],[-87.9534,42.1396],[-87.94925,42.13955],[-87.94935,42.1352],[-87.95135,42.1352],[-87.95135,42.1316],[-87.95915,42.13165],[-87.961,42.1324],[-87.961,42.12445],[-87.955,42.1244],[-87.955,42.12075],[-87.9562,42.11895],[-87.95135,42.11895],[-87.9514,42.12435],[-87.9417,42.1243],[-87.94165,42.1207],[-87.9368,42.12065],[-87.93745,42.12305],[-87.93745,42.12365],[-87.93275,42.1236],[-87.9319,42.12295],[-87.93195,42.1161],[-87.93355,42.1161],[-87.93355,42.1186],[-87.93675,42.11885],[-87.9368,42.1134],[-87.93195,42.1134],[-87.9319,42.11095],[-87.9301,42.10975],[-87.9271,42.10905],[-87.9271,42.10435],[-87.92225,42.1043],[-87.92225,42.10245],[-87.9174,42.10245],[-87.9174,42.10065],[-87.9157,42.09975],[-87.91305,42.0952],[-87.90805,42.09515],[-87.9077,42.1],[-87.90765,42.1146],[-87.8936,42.1148],[-87.8961,42.12275],[-87.8992,42.12795],[-87.8992,42.1312],[-87.89745,42.13135],[-87.89745,42.12715],[-87.8956,42.12385],[-87.88775,42.12365],[-87.8877,42.13855],[-87.8988,42.1397],[-87.90385,42.13975],[-87.9037,42.14125],[-87.90505,42.14265],[-87.9065,42.1464],[-87.91095,42.15055],[-87.91165,42.15315],[-87.91515,42.15335],[-87.92215,42.15305],[-87.9344,42.1531],[-87.93455,42.15265],[-87.9364,42.1531],[-87.94865,42.1532],[-87.94875,42.1552],[-87.95435,42.15555],[-87.95535,42.1535],[-87.95735,42.1523],[-87.96065,42.152],[-87.9588,42.14985],[-87.95845,42.1462],[-87.95855,42.1413],[-87.95615,42.13885],[-87.9534,42.13885]]]},"properties":{"kind":"neighbour","name":"Wheeling","region":"Cook County","lp":[-87.92069,42.13597]}},
{"type":"Feature","geometry":{"type":"Polygon","coordinates":[[[-87.79025,41.73135],[-87.78995,41.72315],[-87.79875,41.723],[-87.7985,41.71725],[-87.79455,41.71515],[-87.794,41.71565],[-87.78955,41.71575],[-87.78945,41.71265],[-87.78515,41.71295],[-87.78465,41.714],[-87.7848,41.71905],[-87.78,41.72035],[-87.77935,41.70865],[-87.77415,41.7087],[-87.7673,41.71235],[-87.76705,41.7051],[-87.7696,41.70505],[-87.769,41.7014],[-87.75965,41.70155],[-87.75915,41.6834],[-87.75405,41.6835],[-87.75415,41.6854],[-87.75035,41.687],[-87.75055,41.68875],[-87.7524,41.69035],[-87.7494,41.6907],[-87.73975,41.6911],[-87.72545,41.69135],[-87.72065,41.69155],[-87.7214,41.71315],[-87.72115,41.71345],[-87.72165,41.7278],[-87.7386,41.7274],[-87.73865,41.7292],[-87.7411,41.72915],[-87.7411,41.7342],[-87.74135,41.7345],[-87.79465,41.73355],[-87.79455,41.73125],[-87.79025,41.73135]]]},"properties":{"kind":"neighbour","name":"Oak Lawn","region":"Cook County","lp":[-87.74283,41.70933]}},
{"type":"Feature","geometry":{"type":"MultiPolygon","coordinates":[[[[-88.01425,42.3128],[-88.01425,42.3097],[-88.01655,42.3097],[-88.01655,42.3061],[-88.01945,42.30595],[-88.0193,42.2994],[-88.00915,42.29815],[-88.0071,42.29705],[-88.00475,42.29765],[-88.0042,42.28785],[-87.9936,42.28785],[-87.9936,42.29575],[-87.98895,42.29525],[-87.98365,42.2952],[-87.9839,42.26965],[-87.96905,42.26965],[-87.9691,42.266],[-87.96665,42.266],[-87.96415,42.26655],[-87.9642,42.26385],[-87.9489,42.2624],[-87.9454,42.24575],[-87.9404,42.2456],[-87.9407,42.24615],[-87.9402,42.2503],[-87.93845,42.2529],[-87.94035,42.25165],[-87.9431,42.2515],[-87.9436,42.25435],[-87.93935,42.25455],[-87.93985,42.2566],[-87.9363,42.2554],[-87.93535,42.25755],[-87.9355,42.25955],[-87.9387,42.26245],[-87.93915,42.26385],[-87.93875,42.26715],[-87.9303,42.2664],[-87.9303,42.2672],[-87.9249,42.2672],[-87.9249,42.2706],[-87.93975,42.27175],[-87.939,42.277],[-87.93565,42.27705],[-87.93465,42.2788],[-87.9249,42.27785],[-87.9249,42.2801],[-87.928,42.28115],[-87.9273,42.2826],[-87.9284,42.2826],[-87.92715,42.28405],[-87.9271,42.2857],[-87.92485,42.28585],[-87.92485,42.2884],[-87.9291,42.28855],[-87.93,42.2859],[-87.9348,42.28615],[-87.93555,42.2838],[-87.9382,42.2866],[-87.93815,42.28955],[-87.9359,42.2922],[-87.93715,42.2946],[-87.93885,42.29365],[-87.9407,42.2944],[-87.94065,42.2973],[-87.94455,42.2995],[-87.9443,42.3038],[-87.94965,42.30175],[-87.9534,42.30345],[-87.9548,42.3059],[-87.9601,42.30595],[-87.96235,42.30865],[-87.96355,42.3082],[-87.9645,42.30875],[-87.9655,42.3084],[-87.96545,42.30985],[-87.9737,42.3099],[-87.97545,42.3085],[-87.97865,42.3085],[-87.97875,42.29525],[-87.97955,42.29525],[-87.97945,42.3093],[-87.9836,42.3099],[-87.9841,42.30755],[-87.98565,42.30615],[-87.9935,42.30635],[-88.0002,42.3062],[-87.9998,42.30705],[-87.9983,42.30815],[-88.0007,42.3098],[-88.00275,42.31195],[-88.00445,42.3128],[-88.01425,42.3128]],[[-87.9689,42.29875],[-87.97195,42.29875],[-87.97195,42.30255],[-87.9743,42.30255],[-87.9743,42.3058],[-87.9725,42.3058],[-87.96885,42.30325],[-87.9689,42.29875]],[[-88.0016,42.30105],[-88.00425,42.2998],[-88.0043,42.30245],[-87.9987,42.30395],[-87.99665,42.30565],[-87.99345,42.30465],[-87.9935,42.29885],[-88.00085,42.2988],[-88.0016,42.30105]],[[-88.0098,42.3052],[-88.0142,42.30425],[-88.01405,42.30605],[-88.00985,42.30605],[-88.0098,42.3052]]],[[[-88.0045,42.314],[-88.00685,42.31585],[-88.02115,42.3243],[-88.0222,42.3243],[-88.0135,42.3133],[-88.0045,42.3133],[-88.0045,42.314]]]]},"properties":{"kind":"neighbour","name":"Libertyville","region":"Lake County","lp":[-87.95986,42.2828]}},
{"type":"Feature","geometry":{"type":"MultiPolygon","coordinates":[[[[-87.88815,41.496],[-87.88825,41.4983],[-87.9074,41.49795],[-87.9072,41.4917],[-87.888,41.49205],[-87.88815,41.495],[-87.893,41.49495],[-87.89305,41.4959],[-87.88815,41.496]],[[-87.90265,41.49625],[-87.8979,41.4963],[-87.89785,41.4949],[-87.90265,41.4948],[-87.90265,41.49625]]],[[[-87.9075,41.49985],[-87.9063,41.49845],[-87.90455,41.49845],[-87.9048,41.50605],[-87.90775,41.50655],[-87.9075,41.49985]]],[[[-87.88875,41.5033],[-87.8902,41.50675],[-87.89075,41.50955],[-87.89835,41.50945],[-87.89995,41.51105],[-87.9031,41.5096],[-87.9027,41.4985],[-87.88825,41.49865],[-87.88875,41.5033]]],[[[-87.8703,41.5439],[-87.87045,41.55],[-87.8802,41.54985],[-87.8803,41.55295],[-87.89065,41.55295],[-87.8905,41.55135],[-87.8841,41.55115],[-87.88405,41.5498],[-87.89725,41.5496],[-87.89485,41.55055],[-87.89495,41.55225],[-87.901,41.55215],[-87.90095,41.54955],[-87.90205,41.5495],[-87.9018,41.54225],[-87.9089,41.54215],[-87.909,41.54495],[-87.91865,41.5446],[-87.91865,41.5455],[-87.92345,41.54535],[-87.92465,41.5446],[-87.923,41.5375],[-87.91795,41.5338],[-87.922,41.5337],[-87.92555,41.53265],[-87.928,41.53305],[-87.92765,41.52355],[-87.9251,41.5236],[-87.92515,41.52085],[-87.91785,41.5211],[-87.91805,41.5274],[-87.91325,41.52755],[-87.9134,41.53165],[-87.9084,41.5289],[-87.90825,41.5219],[-87.90355,41.52385],[-87.9037,41.5278],[-87.90185,41.52755],[-87.90175,41.52435],[-87.90355,41.52355],[-87.90235,41.52215],[-87.9023,41.5203],[-87.9082,41.5202],[-87.908,41.51465],[-87.9043,41.51405],[-87.9031,41.5132],[-87.8985,41.51305],[-87.8986,41.5159],[-87.893,41.5187],[-87.8911,41.51755],[-87.88895,41.51815],[-87.88905,41.52045],[-87.8928,41.5204],[-87.89375,41.5212],[-87.89325,41.52455],[-87.8906,41.5247],[-87.8891,41.52235],[-87.88665,41.5224],[-87.88655,41.5204],[-87.8792,41.52065],[-87.87915,41.5188],[-87.87715,41.51885],[-87.87725,41.52175],[-87.87735,41.52405],[-87.8768,41.5255],[-87.87355,41.5256],[-87.86725,41.52805],[-87.85995,41.52825],[-87.8598,41.5246],[-87.85,41.5247],[-87.85015,41.5284],[-87.84695,41.5286],[-87.84705,41.5297],[-87.85015,41.52965],[-87.8502,41.53075],[-87.8479,41.53215],[-87.85035,41.53415],[-87.8505,41.5384],[-87.85455,41.53835],[-87.85455,41.54],[-87.84995,41.53995],[-87.85055,41.5397],[-87.8456,41.5391],[-87.8455,41.53585],[-87.84065,41.5359],[-87.84055,41.53225],[-87.83085,41.5324],[-87.8311,41.5398],[-87.81905,41.53995],[-87.819,41.54355],[-87.8172,41.5436],[-87.81765,41.55055],[-87.8239,41.55065],[-87.82815,41.55165],[-87.8322,41.5508],[-87.83225,41.5523],[-87.8354,41.5531],[-87.84125,41.55055],[-87.85075,41.55035],[-87.8504,41.5519],[-87.85095,41.5529],[-87.8533,41.55305],[-87.8559,41.55295],[-87.8552,41.55095],[-87.85575,41.5498],[-87.85565,41.5466],[-87.86505,41.5464],[-87.8703,41.5439]],[[-87.8703,41.5439],[-87.87025,41.5427],[-87.87455,41.5426],[-87.8746,41.5449],[-87.8703,41.5439]],[[-87.9006,41.53765],[-87.8998,41.53585],[-87.90385,41.5358],[-87.9035,41.5376],[-87.8987,41.5386],[-87.89805,41.54135],[-87.8955,41.5414],[-87.89445,41.54235],[-87.89465,41.54835],[-87.8899,41.5478],[-87.885,41.5479],[-87.885,41.547],[-87.8899,41.54695],[-87.88985,41.54515],[-87.8849,41.5452],[-87.88485,41.54245],[-87.88975,41.5424],[-87.89075,41.5407],[-87.89065,41.5369],[-87.89245,41.53595],[-87.8957,41.5359],[-87.8979,41.53495],[-87.8987,41.5377],[-87.9006,41.53765]],[[-87.89755,41.5272],[-87.9007,41.5251],[-87.90085,41.52745],[-87.899,41.5282],[-87.8991,41.5313],[-87.89285,41.531],[-87.89155,41.5293],[-87.89755,41.5272]]]]},"properties":{"kind":"neighbour","name":"Mokena","region":"Will County","lp":[-87.83609,41.54487]}},
{"type":"Feature","geometry":{"type":"MultiPolygon","coordinates":[[[[-87.963,41.6513],[-87.96285,41.65375],[-87.9718,41.65355],[-87.9711,41.6498],[-87.9616,41.65],[-87.96145,41.6483],[-87.95925,41.64835],[-87.9596,41.64655],[-87.9614,41.64695],[-87.9621,41.64465],[-87.96175,41.6447],[-87.9617,41.64285],[-87.9506,41.6431],[-87.9508,41.6484],[-87.9483,41.6485],[-87.94835,41.6506],[-87.9616,41.6501],[-87.963,41.6513]]],[[[-87.93505,41.6526],[-87.93485,41.64715],[-87.93145,41.6472],[-87.9317,41.65445],[-87.9354,41.65445],[-87.93505,41.6526]]],[[[-87.9359,41.66],[-87.93185,41.6601],[-87.92945,41.66095],[-87.92955,41.66315],[-87.93195,41.6631],[-87.932,41.669],[-87.93615,41.66895],[-87.9359,41.66]]],[[[-87.93945,41.70195],[-87.94165,41.705],[-87.94825,41.70155],[-87.9512,41.70065],[-87.9522,41.6997],[-87.9624,41.69395],[-87.96545,41.69395],[-87.98955,41.6861],[-88.00025,41.6857],[-88.00385,41.6845],[-88.0026,41.68185],[-87.99935,41.6822],[-88.01015,41.6784],[-88.02865,41.67275],[-88.02855,41.6701],[-88.0101,41.67615],[-88.01005,41.6747],[-88.01725,41.6731],[-88.0285,41.6685],[-88.0285,41.66745],[-88.02065,41.67075],[-88.0174,41.67055],[-88.0178,41.6682],[-88.0199,41.66895],[-88.0218,41.6681],[-88.02175,41.66665],[-88.02395,41.6657],[-88.0254,41.66735],[-88.02805,41.66615],[-88.02775,41.66525],[-88.0284,41.66495],[-88.0281,41.65515],[-88.02665,41.65515],[-88.0267,41.65605],[-88.02585,41.65605],[-88.02585,41.6552],[-88.02405,41.6552],[-88.0239,41.6515],[-88.03285,41.6514],[-88.03275,41.64865],[-88.0382,41.6485],[-88.03805,41.64485],[-88.0278,41.64515],[-88.02775,41.6488],[-88.00925,41.64915],[-88.00865,41.6474],[-88.0065,41.64735],[-88.00685,41.64915],[-88.007,41.65435],[-88.0062,41.65635],[-88.00355,41.6564],[-88.00245,41.65545],[-88.0032,41.64925],[-88.0021,41.64885],[-88.00135,41.64785],[-88.0013,41.6465],[-88.0023,41.6456],[-87.9998,41.64515],[-88.00705,41.64505],[-88.00535,41.64365],[-88.00525,41.6419],[-88.0069,41.6405],[-88.0057,41.63935],[-87.99905,41.64475],[-87.99955,41.65295],[-87.99875,41.65385],[-87.9973,41.6539],[-87.99735,41.6548],[-87.9967,41.65485],[-87.9955,41.65485],[-87.99545,41.65305],[-87.99245,41.6531],[-87.9924,41.6513],[-87.99475,41.6499],[-87.9915,41.64915],[-87.98745,41.64945],[-87.98755,41.6532],[-87.98635,41.65325],[-87.98625,41.65005],[-87.98505,41.6502],[-87.98515,41.65325],[-87.98395,41.6533],[-87.98405,41.65685],[-87.98285,41.65685],[-87.98275,41.6533],[-87.9786,41.6534],[-87.9755,41.6553],[-87.97065,41.6554],[-87.9706,41.65405],[-87.95115,41.6545],[-87.95145,41.66205],[-87.95,41.6624],[-87.9501,41.665],[-87.9457,41.6651],[-87.9466,41.66605],[-87.94895,41.6674],[-87.95405,41.66675],[-87.9568,41.6681],[-87.9516,41.67195],[-87.95675,41.6721],[-87.95665,41.6697],[-87.96215,41.66565],[-87.96615,41.66555],[-87.9661,41.66475],[-87.9677,41.66515],[-87.96835,41.6647],[-87.96805,41.66315],[-87.9709,41.66625],[-87.972,41.66775],[-87.97595,41.668],[-87.9762,41.6753],[-87.9755,41.67615],[-87.97125,41.6762],[-87.9715,41.6813],[-87.97,41.6833],[-87.9716,41.68305],[-87.97165,41.68435],[-87.9661,41.6865],[-87.96145,41.68655],[-87.9526,41.68995],[-87.9523,41.6901],[-87.9522,41.68725],[-87.94915,41.68785],[-87.9428,41.6882],[-87.9429,41.6935],[-87.9405,41.69355],[-87.94035,41.68845],[-87.93925,41.6884],[-87.93925,41.68695],[-87.9371,41.687],[-87.93695,41.68265],[-87.93535,41.68385],[-87.9325,41.68355],[-87.93265,41.6871],[-87.9338,41.68705],[-87.93385,41.6883],[-87.9316,41.68765],[-87.9314,41.6882],[-87.9296,41.68825],[-87.93445,41.6914],[-87.93565,41.69445],[-87.9376,41.6944],[-87.938,41.6961],[-87.93605,41.69655],[-87.93685,41.69855],[-87.93365,41.7017],[-87.9333,41.7029],[-87.93715,41.7001],[-87.9333,41.70335],[-87.93925,41.7003],[-87.93875,41.69925],[-87.9416,41.69685],[-87.9448,41.69705],[-87.94295,41.6983],[-87.943,41.6987],[-87.9452,41.6972],[-87.9482,41.6974],[-87.94235,41.7002],[-87.9424,41.70045],[-87.93945,41.70195]],[[-87.9429,41.6943],[-87.94095,41.69615],[-87.9383,41.69595],[-87.93815,41.6944],[-87.9429,41.6943]],[[-87.9551,41.6648],[-87.9539,41.6648],[-87.9544,41.66125],[-87.9587,41.66115],[-87.95875,41.663],[-87.9563,41.66305],[-87.9551,41.6648]],[[-87.96325,41.65925],[-87.9631,41.6574],[-87.97225,41.6572],[-87.9659,41.66145],[-87.9633,41.66115],[-87.96325,41.65925]],[[-87.9788,41.67915],[-87.98115,41.6799],[-87.9766,41.68135],[-87.9763,41.68035],[-87.9788,41.67915]],[[-87.9813,41.6844],[-87.98975,41.68165],[-87.99095,41.68235],[-87.9951,41.681],[-87.99105,41.6847],[-87.9799,41.6883],[-87.9788,41.68625],[-87.9813,41.68545],[-87.9813,41.6844]],[[-87.9817,41.6797],[-87.9859,41.67855],[-87.9859,41.6797],[-87.98315,41.6806],[-87.9817,41.6797]]],[[[-88.0302,41.68435],[-88.03385,41.6842],[-88.03395,41.68865],[-88.0374,41.687],[-88.03705,41.68385],[-88.0387,41.6838],[-88.03385,41.68375],[-88.03375,41.68135],[-88.03095,41.68095],[-88.0302,41.68435]]]]},"properties":{"kind":"neighbour","name":"Lemont","region":"Cook County","lp":[-87.99718,41.66884]}},
{"type":"Feature","geometry":{"type":"MultiPolygon","coordinates":[[[[-88.3455,42.13395],[-88.3456,42.13745],[-88.34795,42.13945],[-88.35445,42.1412],[-88.35445,42.1322],[-88.35945,42.1323],[-88.3595,42.12865],[-88.3545,42.1286],[-88.35455,42.12145],[-88.35255,42.12145],[-88.35245,42.11775],[-88.3463,42.11785],[-88.34085,42.1179],[-88.34115,42.12045],[-88.33955,42.12045],[-88.33945,42.1179],[-88.33145,42.11775],[-88.3315,42.1197],[-88.32555,42.1195],[-88.32075,42.12205],[-88.316,42.1205],[-88.316,42.1193],[-88.3129,42.1193],[-88.31235,42.1229],[-88.3089,42.1228],[-88.3079,42.12185],[-88.30785,42.11765],[-88.30855,42.11465],[-88.3104,42.1114],[-88.3057,42.10815],[-88.2973,42.10795],[-88.2972,42.1031],[-88.2869,42.1032],[-88.2851,42.1032],[-88.2821,42.1048],[-88.2821,42.10505],[-88.2766,42.10525],[-88.27395,42.1047],[-88.27255,42.10665],[-88.2725,42.11025],[-88.26745,42.11015],[-88.26745,42.1139],[-88.2604,42.1138],[-88.26035,42.1106],[-88.2627,42.11045],[-88.2638,42.10715],[-88.26765,42.10685],[-88.2677,42.10375],[-88.2579,42.1046],[-88.25795,42.1144],[-88.2528,42.11445],[-88.2527,42.10505],[-88.2428,42.1057],[-88.24275,42.11405],[-88.2421,42.11475],[-88.2413,42.1178],[-88.24325,42.1178],[-88.2432,42.11965],[-88.2465,42.11965],[-88.2465,42.12505],[-88.24805,42.1251],[-88.24805,42.12875],[-88.24625,42.1287],[-88.24625,42.1324],[-88.2432,42.1324],[-88.24315,42.13605],[-88.24805,42.136],[-88.24805,42.13965],[-88.2571,42.1396],[-88.2576,42.1391],[-88.2576,42.1488],[-88.2675,42.14855],[-88.26755,42.1377],[-88.2723,42.13765],[-88.27295,42.13845],[-88.2744,42.1382],[-88.27715,42.1374],[-88.2763,42.1368],[-88.2761,42.1361],[-88.2775,42.13435],[-88.278,42.13205],[-88.28175,42.1296],[-88.286,42.12965],[-88.2859,42.12855],[-88.29085,42.12835],[-88.29095,42.1252],[-88.3007,42.12535],[-88.30065,42.1249],[-88.3071,42.1245],[-88.3081,42.12735],[-88.31595,42.12705],[-88.3175,42.13215],[-88.3207,42.1322],[-88.3208,42.13575],[-88.33075,42.13605],[-88.3306,42.1324],[-88.33565,42.1324],[-88.33565,42.12955],[-88.33095,42.1296],[-88.33095,42.1285],[-88.33995,42.1286],[-88.3388,42.1269],[-88.3361,42.1253],[-88.34055,42.12525],[-88.3406,42.1278],[-88.3453,42.1278],[-88.3455,42.13395]],[[-88.27195,42.12145],[-88.2768,42.12135],[-88.28095,42.1218],[-88.2799,42.1251],[-88.27785,42.12805],[-88.2764,42.12795],[-88.27595,42.13125],[-88.26815,42.1317],[-88.2674,42.1305],[-88.26755,42.122],[-88.27195,42.12145]]],[[[-88.3593,42.14275],[-88.3655,42.14495],[-88.3694,42.147],[-88.37405,42.1483],[-88.37405,42.14465],[-88.3707,42.14465],[-88.36915,42.14315],[-88.3692,42.14135],[-88.36425,42.14135],[-88.3643,42.13595],[-88.3594,42.1359],[-88.3593,42.14275]]]]},"properties":{"kind":"neighbour","name":"Carpentersville","region":"Kane County","lp":[-88.28851,42.1141]}},
{"type":"Feature","geometry":{"type":"Polygon","coordinates":[[[-88.648,42.4652],[-88.64785,42.4549],[-88.661,42.4549],[-88.64775,42.4442],[-88.6478,42.45125],[-88.6454,42.4494],[-88.639,42.44935],[-88.6381,42.4512],[-88.6381,42.45485],[-88.63325,42.45485],[-88.6332,42.45235],[-88.62835,42.45235],[-88.62835,42.45125],[-88.6332,42.45115],[-88.6332,42.44335],[-88.6359,42.44395],[-88.63985,42.44205],[-88.63925,42.44135],[-88.644,42.43895],[-88.6429,42.43635],[-88.64285,42.42355],[-88.64135,42.42225],[-88.638,42.4221],[-88.63805,42.41485],[-88.6395,42.41405],[-88.64255,42.4149],[-88.646,42.4149],[-88.64605,42.41105],[-88.649,42.41105],[-88.649,42.4149],[-88.6523,42.41495],[-88.65225,42.41105],[-88.6571,42.41105],[-88.65705,42.40745],[-88.65215,42.4074],[-88.6521,42.4038],[-88.64715,42.40375],[-88.64705,42.40015],[-88.6412,42.40015],[-88.6413,42.4074],[-88.63275,42.4074],[-88.6328,42.41485],[-88.628,42.4148],[-88.62795,42.4074],[-88.62305,42.4074],[-88.623,42.40015],[-88.61815,42.40015],[-88.6182,42.4028],[-88.6162,42.40275],[-88.61595,42.40015],[-88.6105,42.3999],[-88.6122,42.40175],[-88.6122,42.405],[-88.6085,42.4051],[-88.6085,42.4016],[-88.60625,42.40195],[-88.59895,42.402],[-88.59925,42.40745],[-88.59245,42.4075],[-88.59245,42.41165],[-88.60365,42.4148],[-88.6037,42.41735],[-88.59885,42.41705],[-88.59885,42.4221],[-88.599,42.42295],[-88.59905,42.43025],[-88.594,42.43025],[-88.594,42.43115],[-88.5993,42.43115],[-88.59905,42.43305],[-88.59425,42.43355],[-88.5941,42.4402],[-88.58915,42.4402],[-88.58915,42.43645],[-88.57945,42.4364],[-88.57935,42.4436],[-88.5745,42.4436],[-88.57455,42.4481],[-88.56965,42.4481],[-88.56965,42.449],[-88.57455,42.449],[-88.5762,42.44695],[-88.57955,42.44695],[-88.5796,42.4508],[-88.5892,42.4508],[-88.5892,42.449],[-88.5843,42.449],[-88.5843,42.4472],[-88.5892,42.4472],[-88.58915,42.4436],[-88.6067,42.44375],[-88.60865,42.44055],[-88.60875,42.4374],[-88.6185,42.4373],[-88.6185,42.44025],[-88.6283,42.44025],[-88.6283,42.4439],[-88.61365,42.44385],[-88.61365,42.4475],[-88.62835,42.4475],[-88.62525,42.45045],[-88.62475,42.45235],[-88.62385,42.4519],[-88.623,42.4524],[-88.6284,42.4576],[-88.62845,42.4621],[-88.6333,42.4621],[-88.63335,42.4657],[-88.6457,42.46575],[-88.648,42.4652]]]},"properties":{"kind":"neighbour","name":"Harvard","region":"McHenry County","lp":[-88.61665,42.42318]}},
{"type":"Feature","geometry":{"type":"Polygon","coordinates":[[[-88.0579,42.2699],[-88.05755,42.2755],[-88.0592,42.27485],[-88.0592,42.26995],[-88.06285,42.26995],[-88.06285,42.2736],[-88.06745,42.27345],[-88.06745,42.27715],[-88.0689,42.27715],[-88.06895,42.27295],[-88.07255,42.2704],[-88.07255,42.27355],[-88.07565,42.27355],[-88.07555,42.272],[-88.0774,42.27125],[-88.0774,42.26625],[-88.0763,42.26625],[-88.0763,42.26265],[-88.07255,42.26265],[-88.07255,42.25905],[-88.0678,42.25905],[-88.07145,42.2572],[-88.07145,42.25515],[-88.07255,42.25405],[-88.07865,42.25405],[-88.07925,42.2519],[-88.0822,42.2508],[-88.07575,42.24885],[-88.0757,42.24615],[-88.08225,42.24595],[-88.08235,42.2374],[-88.0701,42.2373],[-88.07615,42.23595],[-88.0802,42.23375],[-88.08235,42.23375],[-88.08305,42.23045],[-88.08725,42.23015],[-88.08725,42.22865],[-88.0899,42.22535],[-88.09205,42.22645],[-88.0921,42.241],[-88.0969,42.241],[-88.09795,42.24155],[-88.0979,42.24445],[-88.1018,42.24335],[-88.1018,42.24195],[-88.10285,42.24195],[-88.1029,42.24305],[-88.10935,42.2417],[-88.1099,42.2411],[-88.11515,42.2411],[-88.1157,42.2408],[-88.1143,42.2393],[-88.11365,42.24065],[-88.1116,42.24065],[-88.11075,42.2379],[-88.1036,42.2338],[-88.1016,42.2338],[-88.1017,42.2193],[-88.1045,42.2193],[-88.1045,42.21565],[-88.10165,42.21495],[-88.0981,42.21565],[-88.0969,42.2134],[-88.0965,42.2138],[-88.0924,42.2138],[-88.09085,42.21475],[-88.0909,42.2171],[-88.08655,42.2171],[-88.08655,42.21925],[-88.0826,42.21925],[-88.0837,42.2155],[-88.07745,42.2156],[-88.07745,42.2192],[-88.0737,42.2192],[-88.0737,42.2218],[-88.0718,42.2217],[-88.0688,42.2206],[-88.0678,42.2202],[-88.06765,42.21395],[-88.06615,42.21515],[-88.0628,42.21325],[-88.0628,42.20465],[-88.05795,42.20465],[-88.0579,42.1974],[-88.0531,42.1973],[-88.053,42.20465],[-88.05655,42.20465],[-88.05805,42.2056],[-88.0583,42.2095],[-88.0622,42.20955],[-88.0622,42.21375],[-88.05785,42.21375],[-88.0571,42.2159],[-88.05455,42.21735],[-88.046,42.2141],[-88.03175,42.2078],[-88.0306,42.2082],[-88.01895,42.2081],[-88.0189,42.2226],[-88.0238,42.2226],[-88.0238,42.2335],[-88.0192,42.2335],[-88.0191,42.24055],[-88.02795,42.2393],[-88.0278,42.2335],[-88.04325,42.2335],[-88.04335,42.2263],[-88.0531,42.2263],[-88.053,42.23355],[-88.05605,42.2336],[-88.05465,42.23555],[-88.05195,42.2377],[-88.04995,42.23825],[-88.0501,42.2401],[-88.05485,42.2404],[-88.05305,42.24085],[-88.0529,42.2445],[-88.05425,42.2445],[-88.0567,42.2482],[-88.05955,42.24815],[-88.0581,42.25015],[-88.06285,42.25685],[-88.0677,42.25715],[-88.06755,42.26335],[-88.0682,42.26425],[-88.0675,42.26625],[-88.062,42.26625],[-88.0603,42.2637],[-88.05805,42.2627],[-88.0579,42.2699]],[[-88.05865,42.22995],[-88.0628,42.23],[-88.06285,42.23455],[-88.0567,42.23265],[-88.05865,42.22995]],[[-88.08655,42.22085],[-88.0887,42.22195],[-88.0876,42.2241],[-88.08465,42.2219],[-88.08655,42.22085]]]},"properties":{"kind":"neighbour","name":"Hawthorn Woods","region":"Lake County","lp":[-88.03432,42.22069]}},
{"type":"Feature","geometry":{"type":"Polygon","coordinates":[[[-88.1261,42.47455],[-88.1286,42.47355],[-88.12855,42.4698],[-88.12605,42.46985],[-88.126,42.46625],[-88.1166,42.46615],[-88.11665,42.4626],[-88.10675,42.46265],[-88.10665,42.4664],[-88.10385,42.46635],[-88.09995,42.46865],[-88.10055,42.47],[-88.0951,42.46995],[-88.09305,42.46755],[-88.0929,42.4626],[-88.0921,42.46115],[-88.09255,42.45925],[-88.09065,42.4591],[-88.0903,42.4603],[-88.09055,42.46535],[-88.0821,42.4654],[-88.0795,42.4663],[-88.07945,42.46395],[-88.0772,42.46395],[-88.07655,42.4663],[-88.07235,42.4663],[-88.07255,42.4626],[-88.06745,42.4626],[-88.0674,42.45995],[-88.06245,42.45995],[-88.06245,42.45905],[-88.0526,42.459],[-88.05285,42.4516],[-88.0477,42.45175],[-88.0477,42.4504],[-88.0428,42.4504],[-88.0428,42.44725],[-88.03265,42.4473],[-88.0326,42.4492],[-88.0302,42.44935],[-88.0301,42.4569],[-88.0271,42.4569],[-88.0274,42.45805],[-88.028,42.45895],[-88.0415,42.45915],[-88.04145,42.4626],[-88.0476,42.4626],[-88.04755,42.46615],[-88.03785,42.4661],[-88.0379,42.46125],[-88.03285,42.46125],[-88.0327,42.4735],[-88.02285,42.47345],[-88.02285,42.4753],[-88.0179,42.4753],[-88.01795,42.4734],[-88.0138,42.4734],[-88.0138,42.4716],[-88.0106,42.4716],[-88.0106,42.4698],[-88.0131,42.4698],[-88.0131,42.46605],[-87.9971,42.4659],[-87.9966,42.47225],[-87.9917,42.4722],[-87.99165,42.47495],[-87.9965,42.475],[-87.99655,42.47315],[-88.01305,42.4734],[-88.013,42.47705],[-88.0179,42.4771],[-88.0179,42.4762],[-88.02285,42.4762],[-88.0228,42.478],[-88.0179,42.478],[-88.0179,42.4789],[-88.0228,42.4789],[-88.0228,42.4807],[-88.0375,42.48075],[-88.03755,42.47715],[-88.0425,42.47715],[-88.0425,42.47575],[-88.04745,42.4758],[-88.0475,42.47215],[-88.0505,42.47215],[-88.0506,42.46625],[-88.0525,42.46535],[-88.05235,42.47715],[-88.05945,42.4772],[-88.06195,42.47635],[-88.06225,42.48445],[-88.0473,42.4844],[-88.0471,42.49155],[-88.0539,42.49155],[-88.05825,42.4911],[-88.0583,42.489],[-88.0622,42.4881],[-88.06225,42.48475],[-88.0671,42.4842],[-88.0671,42.48535],[-88.07205,42.48535],[-88.07205,42.4822],[-88.07695,42.4822],[-88.07695,42.4881],[-88.07785,42.4881],[-88.0777,42.4956],[-88.101,42.4956],[-88.1085,42.4955],[-88.1085,42.49395],[-88.1115,42.49395],[-88.11125,42.4917],[-88.1016,42.49175],[-88.1016,42.4882],[-88.1212,42.4882],[-88.12125,42.4779],[-88.1226,42.4768],[-88.12255,42.47455],[-88.1261,42.47455]],[[-88.05745,42.46425],[-88.05745,42.46265],[-88.0623,42.46265],[-88.06225,42.4657],[-88.0605,42.46615],[-88.0552,42.46615],[-88.05745,42.46425]],[[-88.0624,42.46995],[-88.0723,42.46995],[-88.07215,42.4729],[-88.07705,42.47305],[-88.077,42.47995],[-88.0742,42.47995],[-88.07205,42.48085],[-88.0721,42.4736],[-88.0672,42.4736],[-88.0672,42.47495],[-88.06225,42.47495],[-88.0624,42.46995]],[[-88.0624,42.46995],[-88.05735,42.46995],[-88.05735,42.46905],[-88.0624,42.46905],[-88.0624,42.46995]],[[-88.10615,42.4854],[-88.10615,42.48405],[-88.109,42.48405],[-88.10895,42.48585],[-88.10615,42.4854]]]},"properties":{"kind":"neighbour","name":"Antioch","region":"Lake County","lp":[-88.08754,42.47984]}},
{"type":"Feature","geometry":{"type":"MultiPolygon","coordinates":[[[[-88.24485,41.4992],[-88.24605,41.4992],[-88.24645,41.49615],[-88.2463,41.49195],[-88.24265,41.49205],[-88.23645,41.5002],[-88.2367,41.50665],[-88.2452,41.50645],[-88.24485,41.4992]]],[[[-88.19935,41.5397],[-88.1996,41.54535],[-88.2019,41.54535],[-88.20185,41.5433],[-88.235,41.54295],[-88.23495,41.54195],[-88.2367,41.54195],[-88.23655,41.5382],[-88.2355,41.5357],[-88.233,41.5357],[-88.23275,41.52845],[-88.23615,41.52845],[-88.2349,41.5],[-88.23635,41.49815],[-88.2361,41.49215],[-88.2259,41.4923],[-88.2264,41.4914],[-88.22625,41.48775],[-88.22385,41.48535],[-88.2204,41.486],[-88.2165,41.48605],[-88.2168,41.4924],[-88.2048,41.49245],[-88.20475,41.4891],[-88.2012,41.4891],[-88.20205,41.486],[-88.1973,41.4862],[-88.1964,41.48875],[-88.1977,41.4907],[-88.19815,41.50215],[-88.2,41.5022],[-88.2019,41.5047],[-88.2002,41.50605],[-88.1974,41.50605],[-88.19615,41.5076],[-88.19595,41.5107],[-88.19415,41.514],[-88.1889,41.52165],[-88.18415,41.5217],[-88.1845,41.52725],[-88.182,41.52815],[-88.1796,41.52905],[-88.17985,41.5363],[-88.1944,41.5361],[-88.1945,41.53975],[-88.19935,41.5397]],[[-88.20775,41.50695],[-88.20295,41.50695],[-88.20265,41.4997],[-88.2075,41.49985],[-88.20775,41.50695]],[[-88.2088,41.5348],[-88.2136,41.53435],[-88.21365,41.5359],[-88.20885,41.536],[-88.2088,41.5348]],[[-88.23055,41.53575],[-88.21845,41.53585],[-88.2182,41.5286],[-88.23025,41.5285],[-88.23055,41.53575]],[[-88.22695,41.50385],[-88.22865,41.50565],[-88.2318,41.50565],[-88.23185,41.5067],[-88.22635,41.50675],[-88.22695,41.50385]]],[[[-88.23815,41.54295],[-88.2429,41.54285],[-88.2427,41.53555],[-88.2391,41.53565],[-88.23795,41.5375],[-88.23815,41.54295]]]]},"properties":{"kind":"neighbour","name":"Shorewood","region":"Will County","lp":[-88.20624,41.52109]}},
{"type":"Feature","geometry":{"type":"MultiPolygon","coordinates":[[[[-87.26165,41.5604],[-87.26985,41.5575],[-87.2698,41.55445],[-87.26745,41.55445],[-87.26735,41.55085],[-87.26485,41.5508],[-87.2649,41.55265],[-87.26325,41.5545],[-87.2609,41.5549],[-87.26165,41.5604]]],[[[-87.2222,41.59405],[-87.26635,41.5943],[-87.2663,41.5901],[-87.27525,41.5891],[-87.2752,41.5872],[-87.27875,41.58725],[-87.27875,41.5734],[-87.298,41.56975],[-87.29795,41.5656],[-87.3038,41.5656],[-87.3099,41.55885],[-87.31075,41.5571],[-87.31115,41.555],[-87.3111,41.55115],[-87.2783,41.551],[-87.27865,41.5655],[-87.27005,41.5654],[-87.2689,41.5628],[-87.2649,41.56495],[-87.2604,41.56535],[-87.2603,41.5616],[-87.25545,41.5616],[-87.2554,41.55795],[-87.25645,41.55615],[-87.2505,41.55615],[-87.25055,41.55795],[-87.24095,41.55795],[-87.241,41.5594],[-87.2382,41.56175],[-87.2385,41.56515],[-87.2278,41.5651],[-87.22775,41.56325],[-87.2265,41.56145],[-87.2217,41.56145],[-87.2222,41.59405]]]]},"properties":{"kind":"neighbour","name":"Lake Station","region":"Lake County, Indiana","lp":[-87.24938,41.57762]}},
{"type":"Feature","geometry":{"type":"MultiPolygon","coordinates":[[[[-87.8993,42.4525],[-87.8993,42.44785],[-87.90355,42.4483],[-87.90865,42.4483],[-87.9087,42.4474],[-87.90375,42.4474],[-87.9038,42.4414],[-87.90875,42.44145],[-87.90875,42.44325],[-87.9136,42.4433],[-87.91365,42.43965],[-87.92345,42.4397],[-87.92345,42.44685],[-87.91855,42.4469],[-87.9185,42.45055],[-87.9234,42.45055],[-87.92325,42.45785],[-87.92815,42.4579],[-87.92815,42.4604],[-87.9304,42.46045],[-87.92785,42.4465],[-87.92825,42.43245],[-87.93325,42.4325],[-87.93325,42.4289],[-87.9287,42.42885],[-87.9288,42.4252],[-87.9379,42.4253],[-87.9379,42.4273],[-87.937,42.429],[-87.9379,42.43135],[-87.9381,42.4427],[-87.939,42.4443],[-87.9444,42.44935],[-87.9453,42.45105],[-87.9456,42.4545],[-87.9429,42.45445],[-87.94295,42.45805],[-87.94415,42.45805],[-87.94445,42.46175],[-87.94285,42.46245],[-87.94385,42.46535],[-87.9463,42.46635],[-87.94655,42.4745],[-87.9459,42.47465],[-87.94495,42.4818],[-87.9425,42.48175],[-87.94325,42.48415],[-87.94325,42.4871],[-87.94585,42.4882],[-87.9484,42.49115],[-87.95215,42.49125],[-87.957,42.48915],[-87.957,42.48735],[-87.9522,42.4873],[-87.9524,42.48],[-87.95725,42.48005],[-87.9574,42.47485],[-87.9599,42.47375],[-87.96215,42.47195],[-87.96395,42.46785],[-87.96355,42.4656],[-87.95875,42.46555],[-87.95875,42.4692],[-87.9575,42.46915],[-87.9575,42.4655],[-87.95625,42.4655],[-87.95655,42.4619],[-87.9575,42.4619],[-87.95755,42.4582],[-87.95265,42.45815],[-87.9527,42.45545],[-87.96065,42.4555],[-87.95935,42.451],[-87.95265,42.4509],[-87.95025,42.45005],[-87.95025,42.44725],[-87.9478,42.44725],[-87.94785,42.43855],[-87.943,42.43845],[-87.943,42.43735],[-87.9462,42.4374],[-87.94635,42.4342],[-87.943,42.43415],[-87.94305,42.429],[-87.93975,42.42895],[-87.93975,42.4268],[-87.94305,42.4268],[-87.9432,42.41805],[-87.93785,42.41805],[-87.938,42.4138],[-87.945,42.4137],[-87.94495,42.41285],[-87.938,42.4128],[-87.938,42.41105],[-87.94795,42.4111],[-87.9481,42.40865],[-87.9449,42.40865],[-87.9449,42.4075],[-87.94185,42.4075],[-87.94185,42.40525],[-87.9448,42.40525],[-87.9446,42.40205],[-87.94335,42.40205],[-87.9434,42.40025],[-87.93845,42.40025],[-87.93845,42.40385],[-87.9349,42.4038],[-87.9375,42.4075],[-87.92855,42.40745],[-87.92655,42.4083],[-87.92805,42.41095],[-87.93095,42.411],[-87.9309,42.4144],[-87.92895,42.41505],[-87.92845,42.41195],[-87.9275,42.41095],[-87.92825,42.41435],[-87.904,42.4141],[-87.90395,42.4214],[-87.8996,42.42135],[-87.8997,42.41405],[-87.8985,42.41405],[-87.8984,42.42135],[-87.8843,42.42125],[-87.88425,42.4285],[-87.88915,42.4285],[-87.8891,42.4321],[-87.89405,42.43215],[-87.89395,42.43945],[-87.89105,42.4394],[-87.89105,42.44125],[-87.8936,42.44115],[-87.8936,42.4427],[-87.8841,42.44255],[-87.884,42.44655],[-87.8939,42.4467],[-87.8938,42.45095],[-87.8839,42.45075],[-87.88375,42.4575],[-87.87985,42.4575],[-87.88065,42.461],[-87.879,42.461],[-87.87895,42.46335],[-87.8811,42.46305],[-87.8815,42.4647],[-87.8854,42.4656],[-87.88535,42.46745],[-87.89465,42.46765],[-87.8948,42.4612],[-87.89365,42.4576],[-87.8961,42.45765],[-87.89595,42.46485],[-87.8981,42.46485],[-87.898,42.4939],[-87.9001,42.4939],[-87.90025,42.49035],[-87.90755,42.49045],[-87.90765,42.4886],[-87.90275,42.4886],[-87.90015,42.48925],[-87.90025,42.48675],[-87.9028,42.48635],[-87.90325,42.47135],[-87.9082,42.47135],[-87.9083,42.46495],[-87.9133,42.465],[-87.91335,42.46145],[-87.91825,42.46145],[-87.9183,42.4591],[-87.9166,42.4578],[-87.9036,42.45775],[-87.90365,42.45325],[-87.8993,42.4525]],[[-87.8993,42.4525],[-87.90055,42.4559],[-87.90055,42.4577],[-87.8986,42.4577],[-87.89865,42.4525],[-87.8993,42.4525]]],[[[-87.91825,42.46145],[-87.92005,42.46265],[-87.92005,42.4651],[-87.92325,42.46515],[-87.923,42.47235],[-87.93015,42.47245],[-87.9312,42.4694],[-87.92615,42.4693],[-87.92675,42.46155],[-87.91825,42.46145]]]]},"properties":{"kind":"neighbour","name":"Wadsworth","region":"Lake County","lp":[-87.91595,42.42695]}},
{"type":"Feature","geometry":{"type":"MultiPolygon","coordinates":[[[[-87.6613,41.42945],[-87.6661,41.42945],[-87.66605,41.4276],[-87.67065,41.42755],[-87.6706,41.42395],[-87.6516,41.42415],[-87.6513,41.3987],[-87.64655,41.3987],[-87.64645,41.39145],[-87.6416,41.39145],[-87.6416,41.3933],[-87.6378,41.39335],[-87.6353,41.3943],[-87.63525,41.3915],[-87.63235,41.3925],[-87.62715,41.3926],[-87.6279,41.3976],[-87.63305,41.3977],[-87.63375,41.3987],[-87.6283,41.39875],[-87.62815,41.39945],[-87.62445,41.39965],[-87.6233,41.4016],[-87.6279,41.40165],[-87.6283,41.4025],[-87.6375,41.4024],[-87.6361,41.42055],[-87.63875,41.42055],[-87.6388,41.42405],[-87.64065,41.42405],[-87.6406,41.4205],[-87.64665,41.4205],[-87.64675,41.4314],[-87.65165,41.4307],[-87.6517,41.43475],[-87.6613,41.4346],[-87.6613,41.42945]]],[[[-87.6307,41.461],[-87.63735,41.4607],[-87.63735,41.45615],[-87.6379,41.45455],[-87.64215,41.4545],[-87.6421,41.45215],[-87.6445,41.45215],[-87.6466,41.44955],[-87.6518,41.4495],[-87.6518,41.44755],[-87.65565,41.4495],[-87.6568,41.4517],[-87.66155,41.4467],[-87.6597,41.44465],[-87.65425,41.4442],[-87.65425,41.4402],[-87.65655,41.4402],[-87.6565,41.43495],[-87.64205,41.435],[-87.6413,41.4328],[-87.63715,41.43335],[-87.63715,41.43505],[-87.63455,41.4351],[-87.63485,41.4314],[-87.63715,41.4327],[-87.6413,41.43215],[-87.64125,41.42915],[-87.6386,41.42845],[-87.6314,41.42785],[-87.63015,41.42605],[-87.62255,41.42605],[-87.6225,41.42065],[-87.60805,41.42085],[-87.6082,41.43445],[-87.6106,41.43535],[-87.6208,41.4352],[-87.62075,41.4326],[-87.613,41.43165],[-87.613,41.43095],[-87.6207,41.4317],[-87.62815,41.4315],[-87.6281,41.43035],[-87.6304,41.4307],[-87.6307,41.4351],[-87.6249,41.4352],[-87.62495,41.43875],[-87.62155,41.43885],[-87.62165,41.44585],[-87.61115,41.4472],[-87.60635,41.44745],[-87.6042,41.44995],[-87.59875,41.44995],[-87.59875,41.44865],[-87.5939,41.4487],[-87.5938,41.4427],[-87.589,41.4427],[-87.58895,41.43925],[-87.5848,41.43925],[-87.5849,41.4465],[-87.59195,41.44645],[-87.592,41.45005],[-87.5939,41.45005],[-87.5939,41.462],[-87.58775,41.462],[-87.58775,41.461],[-87.59045,41.46095],[-87.5904,41.4592],[-87.58685,41.4592],[-87.5868,41.4574],[-87.5844,41.45745],[-87.5843,41.45015],[-87.5768,41.45025],[-87.5769,41.4575],[-87.5748,41.45755],[-87.57475,41.4551],[-87.56945,41.45515],[-87.5695,41.4576],[-87.57175,41.4576],[-87.5719,41.46485],[-87.5749,41.4648],[-87.57495,41.4686],[-87.57405,41.47],[-87.60225,41.4699],[-87.6015,41.4699],[-87.60145,41.4671],[-87.60265,41.46795],[-87.6027,41.4699],[-87.6202,41.46985],[-87.6184,41.4643],[-87.62295,41.46425],[-87.6229,41.4602],[-87.6307,41.461]]]]},"properties":{"kind":"neighbour","name":"Crete","region":"Will County","lp":[-87.61018,41.45819]}},
{"type":"Feature","geometry":{"type":"MultiPolygon","coordinates":[[[[-87.91515,42.15335],[-87.91135,42.15315],[-87.91135,42.1542],[-87.9135,42.1558],[-87.91375,42.15695],[-87.91335,42.159],[-87.9177,42.1589],[-87.9183,42.15985],[-87.93705,42.15955],[-87.93435,42.15335],[-87.93395,42.1531],[-87.92215,42.15305],[-87.91515,42.15335]],[[-87.9281,42.15485],[-87.93015,42.15415],[-87.93315,42.15745],[-87.93315,42.15855],[-87.91815,42.1589],[-87.9175,42.1577],[-87.91965,42.15665],[-87.9213,42.1541],[-87.9243,42.15485],[-87.9281,42.15485]]],[[[-87.98485,42.1682],[-87.98525,42.14865],[-87.98545,42.1464],[-87.9948,42.1464],[-87.9948,42.14675],[-87.995,42.1441],[-87.98545,42.1442],[-87.9851,42.14185],[-87.98995,42.14185],[-87.99,42.13495],[-87.9851,42.135],[-87.98515,42.1391],[-87.98025,42.1391],[-87.98035,42.12975],[-87.9707,42.1297],[-87.9707,42.13175],[-87.9738,42.13175],[-87.9738,42.13905],[-87.97055,42.139],[-87.9707,42.13585],[-87.96645,42.13585],[-87.96645,42.13625],[-87.9657,42.13635],[-87.9658,42.13785],[-87.9597,42.13805],[-87.9574,42.13655],[-87.9574,42.13415],[-87.961,42.1339],[-87.961,42.1324],[-87.95915,42.13165],[-87.95135,42.1316],[-87.95135,42.1352],[-87.94935,42.1352],[-87.94925,42.13955],[-87.9534,42.1396],[-87.9534,42.13885],[-87.95615,42.13885],[-87.95855,42.1413],[-87.95845,42.1462],[-87.9588,42.14985],[-87.96065,42.152],[-87.95735,42.1523],[-87.95535,42.1535],[-87.95435,42.15555],[-87.94875,42.1552],[-87.94865,42.1532],[-87.9364,42.1531],[-87.93455,42.15265],[-87.937,42.1585],[-87.9378,42.15845],[-87.93975,42.1633],[-87.9416,42.1628],[-87.94165,42.16075],[-87.95215,42.1608],[-87.95075,42.16445],[-87.9458,42.1644],[-87.9458,42.16555],[-87.94155,42.1655],[-87.9404,42.16715],[-87.9225,42.1669],[-87.9232,42.17185],[-87.9216,42.1718],[-87.9209,42.17385],[-87.92225,42.1756],[-87.92435,42.17635],[-87.92485,42.1778],[-87.9311,42.1779],[-87.93315,42.17885],[-87.9326,42.1816],[-87.9405,42.18265],[-87.94315,42.18265],[-87.94325,42.17835],[-87.9409,42.1783],[-87.941,42.17715],[-87.9433,42.17535],[-87.9439,42.17535],[-87.94805,42.183],[-87.95545,42.18275],[-87.9555,42.179],[-87.95745,42.179],[-87.9496,42.17375],[-87.94965,42.17295],[-87.9586,42.179],[-87.96035,42.179],[-87.96035,42.18095],[-87.96285,42.18265],[-87.9653,42.18265],[-87.9653,42.18545],[-87.9603,42.18545],[-87.9603,42.1845],[-87.9523,42.1843],[-87.9505,42.1854],[-87.95125,42.18995],[-87.94285,42.1899],[-87.94345,42.1952],[-87.9455,42.1962],[-87.9515,42.1958],[-87.9515,42.1972],[-87.96005,42.1972],[-87.95875,42.19955],[-87.9568,42.19985],[-87.9591,42.2043],[-87.97475,42.2044],[-87.9748,42.2054],[-87.97965,42.20565],[-87.97975,42.1972],[-87.9733,42.1972],[-87.97335,42.19055],[-87.97805,42.19055],[-87.9781,42.1877],[-87.97495,42.1833],[-87.975,42.17905],[-87.98475,42.17905],[-87.9848,42.17545],[-87.99195,42.17545],[-87.9909,42.17405],[-87.99365,42.1718],[-87.9937,42.1682],[-87.98485,42.1682]],[[-87.94705,42.1684],[-87.947,42.17115],[-87.94525,42.171],[-87.94525,42.16845],[-87.94705,42.1684]],[[-87.95365,42.1575],[-87.95675,42.15855],[-87.95665,42.1597],[-87.9529,42.1597],[-87.95365,42.1575]]],[[[-87.95645,42.2094],[-87.95765,42.20825],[-87.9577,42.2045],[-87.95875,42.20445],[-87.95525,42.19805],[-87.9551,42.20815],[-87.95085,42.2081],[-87.953,42.2103],[-87.9552,42.20995],[-87.95645,42.2094]]]]},"properties":{"kind":"neighbour","name":"Buffalo Grove","region":"Lake County","lp":[-87.97286,42.15448]}},
{"type":"Feature","geometry":{"type":"MultiPolygon","coordinates":[[[[-88.0458,41.77385],[-88.04245,41.77645],[-88.0425,41.77955],[-88.0514,41.7793],[-88.0511,41.7786],[-88.0564,41.77845],[-88.05615,41.77345],[-88.0642,41.77325],[-88.06425,41.7751],[-88.0707,41.77455],[-88.0699,41.7721],[-88.0724,41.77155],[-88.0827,41.7706],[-88.08315,41.7734],[-88.0867,41.7731],[-88.08655,41.7695],[-88.08375,41.7698],[-88.08175,41.7684],[-88.08315,41.7662],[-88.08635,41.7658],[-88.0863,41.76385],[-88.08215,41.76385],[-88.0822,41.76545],[-88.0788,41.76545],[-88.0769,41.75985],[-88.0811,41.7589],[-88.081,41.75735],[-88.0777,41.7578],[-88.0653,41.76065],[-88.0595,41.76325],[-88.0592,41.756],[-88.06485,41.75315],[-88.0643,41.7502],[-88.0628,41.74965],[-88.0567,41.74985],[-88.05685,41.74605],[-88.05995,41.7454],[-88.05985,41.7482],[-88.0633,41.7481],[-88.0629,41.7461],[-88.0663,41.74605],[-88.06625,41.74065],[-88.06305,41.7407],[-88.063,41.7309],[-88.0637,41.7277],[-88.05815,41.72825],[-88.05835,41.73365],[-88.0596,41.73545],[-88.05355,41.7356],[-88.0534,41.7321],[-88.05625,41.731],[-88.05455,41.7288],[-88.0497,41.7289],[-88.0498,41.7321],[-88.04495,41.7322],[-88.045,41.7344],[-88.04205,41.73445],[-88.04025,41.73595],[-88.04005,41.73055],[-88.0352,41.73065],[-88.03515,41.7288],[-88.03035,41.7289],[-88.03,41.718],[-88.03325,41.71785],[-88.0326,41.7142],[-88.02985,41.7137],[-88.02965,41.7075],[-88.0263,41.70745],[-88.02445,41.7066],[-88.0269,41.70505],[-88.0266,41.7032],[-88.02945,41.7013],[-88.031,41.6996],[-88.0327,41.70165],[-88.03465,41.7016],[-88.0392,41.6994],[-88.03915,41.69645],[-88.0364,41.69565],[-88.0363,41.6927],[-88.03925,41.6907],[-88.04235,41.6906],[-88.0425,41.69235],[-88.0451,41.69225],[-88.05415,41.67925],[-88.05305,41.6783],[-88.0433,41.67885],[-88.04355,41.68195],[-88.03865,41.68215],[-88.0387,41.6838],[-88.03705,41.68385],[-88.0374,41.687],[-88.03395,41.68865],[-88.03385,41.6842],[-88.0302,41.68435],[-88.02895,41.68525],[-88.02915,41.69105],[-88.0259,41.69275],[-88.02595,41.6943],[-88.02245,41.6962],[-88.0217,41.69475],[-88.02155,41.691],[-88.01575,41.69105],[-88.0158,41.69285],[-88.01375,41.69285],[-88.01215,41.69035],[-88.0109,41.6904],[-88.01085,41.6894],[-88.00965,41.6892],[-88.00975,41.6929],[-88.0061,41.69295],[-88.00615,41.69425],[-88.00135,41.69435],[-88.0014,41.6966],[-88.0061,41.6965],[-88.00635,41.70375],[-88.0174,41.70355],[-88.0174,41.7016],[-88.02025,41.70155],[-88.0231,41.70575],[-88.02345,41.70765],[-88.01065,41.71435],[-88.0107,41.718],[-88.00765,41.7192],[-88.0074,41.72025],[-88.00755,41.72145],[-88.0108,41.7214],[-88.01085,41.722],[-88.01665,41.72195],[-88.01675,41.72475],[-88.01985,41.72555],[-88.01975,41.7237],[-88.0216,41.72365],[-88.0221,41.7219],[-88.01925,41.72055],[-88.02135,41.7192],[-88.0211,41.71695],[-88.02565,41.71685],[-88.026,41.72685],[-88.0205,41.7273],[-88.02055,41.7291],[-88.0235,41.729],[-88.02605,41.72825],[-88.02615,41.7319],[-88.02895,41.733],[-88.0305,41.734],[-88.03055,41.7361],[-88.0124,41.73665],[-88.01235,41.7435],[-88.0172,41.74345],[-88.01725,41.7442],[-88.02195,41.74465],[-88.02195,41.74545],[-88.0174,41.74555],[-88.015,41.74655],[-88.0124,41.7466],[-88.01265,41.74935],[-88.0113,41.7494],[-88.01135,41.75115],[-88.02725,41.75085],[-88.0275,41.7581],[-88.03125,41.758],[-88.03155,41.76555],[-88.03985,41.76535],[-88.04135,41.76755],[-88.0375,41.7676],[-88.038,41.77235],[-88.0424,41.77225],[-88.0424,41.7739],[-88.0458,41.77385]],[[-88.0463,41.7685],[-88.05595,41.76825],[-88.0554,41.77175],[-88.04865,41.7719],[-88.0464,41.77045],[-88.0463,41.7685]]],[[[-88.0795,41.7464],[-88.07435,41.74825],[-88.07445,41.74975],[-88.08405,41.7497],[-88.0839,41.7458],[-88.0795,41.7464]]]]},"properties":{"kind":"neighbour","name":"Woodridge","region":"DuPage County","lp":[-88.04273,41.74997]}},
{"type":"Feature","geometry":{"type":"Polygon","coordinates":[[[-87.86315,42.47895],[-87.8653,42.47895],[-87.8653,42.48095],[-87.8632,42.4817],[-87.8628,42.4909],[-87.86395,42.4926],[-87.86255,42.4933],[-87.8737,42.4935],[-87.8737,42.48985],[-87.8819,42.48995],[-87.8853,42.4877],[-87.89295,42.4879],[-87.8929,42.4902],[-87.88305,42.48995],[-87.883,42.49365],[-87.898,42.4939],[-87.8981,42.46865],[-87.86415,42.4681],[-87.86415,42.4672],[-87.8981,42.4678],[-87.8981,42.46485],[-87.89595,42.46485],[-87.8961,42.45765],[-87.89365,42.4576],[-87.8948,42.4612],[-87.89465,42.46765],[-87.88535,42.46745],[-87.8854,42.4656],[-87.8815,42.4647],[-87.8811,42.46305],[-87.87895,42.46335],[-87.879,42.461],[-87.88065,42.461],[-87.87985,42.4575],[-87.87785,42.45745],[-87.8779,42.4562],[-87.87465,42.45615],[-87.8746,42.4574],[-87.86955,42.4573],[-87.8743,42.44645],[-87.8699,42.4464],[-87.8699,42.4452],[-87.86445,42.44515],[-87.86435,42.45],[-87.86195,42.45],[-87.862,42.4473],[-87.85955,42.44625],[-87.85915,42.43915],[-87.8572,42.4391],[-87.85715,42.44275],[-87.85475,42.44275],[-87.8548,42.4355],[-87.84675,42.43545],[-87.84575,42.43315],[-87.84855,42.43125],[-87.8475,42.4308],[-87.8452,42.43115],[-87.8452,42.4332],[-87.84265,42.4332],[-87.8408,42.43145],[-87.8382,42.4333],[-87.83605,42.43265],[-87.83525,42.43425],[-87.83105,42.4349],[-87.8264,42.4312],[-87.8197,42.43105],[-87.81935,42.43535],[-87.81875,42.43855],[-87.8165,42.43715],[-87.81645,42.4407],[-87.81565,42.4421],[-87.8019,42.44205],[-87.80065,42.44435],[-87.79955,42.45015],[-87.79955,42.453],[-87.8011,42.4527],[-87.8165,42.4528],[-87.8155,42.46425],[-87.79935,42.46415],[-87.7975,42.4683],[-87.79765,42.4715],[-87.8159,42.47155],[-87.817,42.4607],[-87.81705,42.4643],[-87.81775,42.46245],[-87.82385,42.4639],[-87.8261,42.4621],[-87.8283,42.46155],[-87.82805,42.46435],[-87.8418,42.46435],[-87.84355,42.46545],[-87.84355,42.4671],[-87.8545,42.46715],[-87.85445,42.47345],[-87.85685,42.47345],[-87.85685,42.4717],[-87.86385,42.47175],[-87.8633,42.4744],[-87.8692,42.4745],[-87.86915,42.47815],[-87.8632,42.47805],[-87.86315,42.47895]],[[-87.88315,42.47195],[-87.8845,42.47845],[-87.88335,42.4791],[-87.87775,42.47905],[-87.8786,42.47795],[-87.8787,42.4719],[-87.88315,42.47195]]]},"properties":{"kind":"neighbour","name":"Zion","region":"Lake County","lp":[-87.84045,42.44942]}},
{"type":"Feature","geometry":{"type":"Polygon","coordinates":[[[-88.0512,41.94555],[-88.04685,41.9452],[-88.047,41.93695],[-88.042,41.9372],[-88.04205,41.9338],[-88.0434,41.933],[-88.0472,41.9335],[-88.04865,41.9315],[-88.052,41.9315],[-88.05185,41.92875],[-88.0472,41.92885],[-88.0472,41.92755],[-88.0516,41.92745],[-88.0521,41.92355],[-88.0424,41.9238],[-88.04245,41.91995],[-88.04505,41.92035],[-88.0451,41.91865],[-88.04235,41.9187],[-88.0422,41.9202],[-88.03235,41.9174],[-88.0324,41.9134],[-88.0338,41.91175],[-88.03245,41.9105],[-88.0385,41.9103],[-88.0388,41.90795],[-88.03245,41.90795],[-88.0295,41.907],[-88.0276,41.9082],[-88.02775,41.91155],[-88.02515,41.9118],[-88.02525,41.9156],[-88.0204,41.9139],[-88.0204,41.915],[-88.01305,41.91575],[-88.0132,41.9194],[-88.0083,41.91955],[-88.00785,41.91],[-87.99795,41.9074],[-87.9991,41.90695],[-87.99905,41.905],[-87.993,41.9051],[-87.9931,41.90715],[-87.99165,41.90925],[-87.98465,41.9094],[-87.98355,41.9127],[-87.9787,41.9128],[-87.9772,41.91055],[-87.9771,41.90795],[-87.9736,41.90745],[-87.97385,41.9129],[-87.9714,41.9129],[-87.97365,41.91875],[-87.96915,41.9188],[-87.96895,41.91295],[-87.96715,41.913],[-87.96785,41.9118],[-87.9658,41.91185],[-87.9662,41.9143],[-87.9665,41.9224],[-87.9693,41.922],[-87.9698,41.91955],[-87.97425,41.91945],[-87.97285,41.92205],[-87.976,41.92525],[-87.97865,41.9263],[-87.9778,41.9288],[-87.97395,41.92725],[-87.9695,41.9275],[-87.96925,41.92595],[-87.96665,41.9252],[-87.9669,41.9334],[-87.96875,41.93335],[-87.96915,41.93455],[-87.97035,41.9345],[-87.9708,41.9354],[-87.969,41.93545],[-87.9686,41.9382],[-87.97315,41.93855],[-87.9732,41.94165],[-87.9672,41.9428],[-87.96135,41.9424],[-87.95965,41.94555],[-87.9667,41.9452],[-87.9707,41.94495],[-87.97775,41.94485],[-87.9773,41.9466],[-87.97645,41.9466],[-87.97645,41.94715],[-87.97715,41.94715],[-87.97665,41.94945],[-87.9887,41.9492],[-87.98865,41.94255],[-88.0033,41.949],[-88.0033,41.9494],[-88.01495,41.9548],[-88.0181,41.95335],[-88.01805,41.95575],[-88.02495,41.95745],[-88.02775,41.9564],[-88.02925,41.9545],[-88.0276,41.9527],[-88.02755,41.95075],[-88.0317,41.9505],[-88.0368,41.95235],[-88.0406,41.95305],[-88.04055,41.9519],[-88.0418,41.9518],[-88.0417,41.9532],[-88.05085,41.9546],[-88.0498,41.9538],[-88.04975,41.9516],[-88.0511,41.95105],[-88.04975,41.9506],[-88.04965,41.94815],[-88.05135,41.94805],[-88.05135,41.9478],[-88.0503,41.9472],[-88.0512,41.94555]],[[-88.0181,41.95335],[-88.0164,41.9534],[-88.0164,41.95105],[-88.0181,41.951],[-88.0181,41.95335]],[[-87.98805,41.93735],[-87.9857,41.93855],[-87.9802,41.93835],[-87.9757,41.93625],[-87.97575,41.93515],[-87.9824,41.93495],[-87.98275,41.93675],[-87.98435,41.93835],[-87.98805,41.93735]],[[-88.0075,41.9411],[-88.00825,41.943],[-88.0055,41.94305],[-88.0041,41.9414],[-88.0075,41.9411]],[[-88.0163,41.9369],[-88.0168,41.9391],[-88.0111,41.9395],[-88.01115,41.9378],[-88.01385,41.93805],[-88.0163,41.9369]],[[-88.01825,41.94475],[-88.022,41.94635],[-88.02205,41.9484],[-88.01825,41.94835],[-88.01825,41.94475]],[[-88.03095,41.93135],[-88.0336,41.9318],[-88.0322,41.93355],[-88.02525,41.93375],[-88.02565,41.93005],[-88.03095,41.93135]],[[-88.0322,41.92555],[-88.03225,41.9226],[-88.03375,41.92255],[-88.03365,41.9277],[-88.0322,41.92775],[-88.03205,41.93055],[-88.03105,41.931],[-88.023,41.9293],[-88.02305,41.9265],[-88.03,41.9263],[-88.0322,41.92555]]]},"properties":{"kind":"neighbour","name":"Addison","region":"DuPage County","lp":[-87.99282,41.92119]}},
{"type":"Feature","geometry":{"type":"Polygon","coordinates":[[[-88.36995,42.3577],[-88.37,42.36825],[-88.3715,42.36925],[-88.375,42.3692],[-88.375,42.36625],[-88.3829,42.3662],[-88.3829,42.36735],[-88.3943,42.3673],[-88.3943,42.36845],[-88.4042,42.3684],[-88.4042,42.36725],[-88.40265,42.36725],[-88.401,42.3656],[-88.4004,42.36725],[-88.3981,42.36725],[-88.39455,42.3655],[-88.39455,42.3609],[-88.3993,42.3609],[-88.3993,42.35825],[-88.3943,42.35825],[-88.3943,42.35905],[-88.39035,42.35905],[-88.39035,42.3583],[-88.37985,42.3583],[-88.37985,42.35655],[-88.38245,42.3565],[-88.38335,42.35305],[-88.3863,42.3534],[-88.38625,42.3515],[-88.38955,42.35155],[-88.38955,42.347],[-88.37985,42.347],[-88.37985,42.34255],[-88.389,42.34205],[-88.39465,42.34045],[-88.3944,42.33845],[-88.3943,42.3303],[-88.39775,42.3303],[-88.3963,42.3276],[-88.3894,42.3276],[-88.38945,42.3312],[-88.38455,42.33125],[-88.3846,42.3328],[-88.37595,42.3328],[-88.3759,42.33125],[-88.37785,42.32765],[-88.38455,42.32765],[-88.3845,42.32385],[-88.3923,42.3238],[-88.3926,42.32565],[-88.39515,42.32535],[-88.39555,42.32605],[-88.3992,42.32605],[-88.3992,42.3248],[-88.3949,42.32485],[-88.39545,42.32195],[-88.39425,42.32005],[-88.39565,42.31865],[-88.3976,42.3184],[-88.3974,42.31525],[-88.39415,42.3154],[-88.39415,42.31285],[-88.4015,42.31285],[-88.4016,42.3194],[-88.40835,42.3173],[-88.41275,42.31455],[-88.4129,42.31985],[-88.4089,42.32005],[-88.409,42.32535],[-88.41385,42.3253],[-88.41515,42.3275],[-88.41505,42.31585],[-88.4166,42.31585],[-88.4166,42.3128],[-88.4089,42.3128],[-88.4047,42.3117],[-88.40135,42.30955],[-88.39915,42.30865],[-88.39905,42.3077],[-88.3976,42.308],[-88.3947,42.30925],[-88.39415,42.3108],[-88.3917,42.3108],[-88.39045,42.3093],[-88.39045,42.30625],[-88.38685,42.30435],[-88.3812,42.30295],[-88.3848,42.3093],[-88.38145,42.31255],[-88.37965,42.3102],[-88.37725,42.3111],[-88.3748,42.31115],[-88.3748,42.3194],[-88.37345,42.31945],[-88.3735,42.3166],[-88.37095,42.31665],[-88.37095,42.31845],[-88.36615,42.3185],[-88.36615,42.3167],[-88.36995,42.31665],[-88.36995,42.31125],[-88.36505,42.3095],[-88.36505,42.3131],[-88.3628,42.31315],[-88.3628,42.31675],[-88.3601,42.31725],[-88.3552,42.3173],[-88.3503,42.31675],[-88.3503,42.3059],[-88.3552,42.306],[-88.35515,42.3029],[-88.3527,42.3029],[-88.35255,42.2997],[-88.35515,42.30055],[-88.3626,42.3009],[-88.36335,42.29865],[-88.3601,42.2987],[-88.3601,42.29685],[-88.3563,42.2969],[-88.356,42.2951],[-88.36105,42.295],[-88.3601,42.29325],[-88.3628,42.29315],[-88.3628,42.29495],[-88.365,42.29455],[-88.36495,42.28955],[-88.36805,42.28985],[-88.3681,42.29165],[-88.37085,42.29145],[-88.37225,42.29385],[-88.37305,42.29035],[-88.3759,42.29075],[-88.3759,42.2897],[-88.3733,42.2894],[-88.3737,42.28765],[-88.36865,42.28745],[-88.36865,42.28635],[-88.3722,42.2869],[-88.3752,42.28675],[-88.37575,42.28415],[-88.37415,42.28415],[-88.37275,42.28565],[-88.3715,42.284],[-88.3694,42.28515],[-88.3649,42.28515],[-88.3649,42.2842],[-88.36005,42.2842],[-88.36005,42.28955],[-88.3576,42.28955],[-88.3576,42.29135],[-88.35515,42.2914],[-88.3531,42.2885],[-88.35515,42.28825],[-88.35515,42.28415],[-88.3502,42.28415],[-88.35015,42.28185],[-88.3453,42.28185],[-88.3453,42.2852],[-88.35025,42.2852],[-88.35045,42.29025],[-88.34555,42.2903],[-88.3455,42.2916],[-88.34865,42.2932],[-88.3474,42.29865],[-88.3406,42.29865],[-88.34045,42.29145],[-88.33805,42.29145],[-88.33805,42.29025],[-88.3356,42.28995],[-88.3356,42.28815],[-88.33075,42.28815],[-88.3301,42.28935],[-88.32705,42.28935],[-88.32135,42.29155],[-88.321,42.2972],[-88.3259,42.29715],[-88.3259,42.30255],[-88.3357,42.3023],[-88.33565,42.3069],[-88.33315,42.30605],[-88.33315,42.30855],[-88.33125,42.30885],[-88.3309,42.3092],[-88.33085,42.30605],[-88.32105,42.30615],[-88.32105,42.30255],[-88.31605,42.30265],[-88.31585,42.30635],[-88.31925,42.3063],[-88.3194,42.3098],[-88.32115,42.3098],[-88.3212,42.3134],[-88.33245,42.31325],[-88.33245,42.315],[-88.33565,42.31495],[-88.3356,42.3123],[-88.33925,42.31225],[-88.339,42.31565],[-88.34225,42.3149],[-88.3417,42.31675],[-88.3357,42.3168],[-88.3358,42.3204],[-88.33675,42.3204],[-88.33695,42.32715],[-88.34325,42.3277],[-88.3432,42.32405],[-88.3456,42.32405],[-88.3457,42.32585],[-88.34845,42.3258],[-88.35045,42.324],[-88.3592,42.32405],[-88.36015,42.3251],[-88.36015,42.3277],[-88.35015,42.3277],[-88.3457,42.3268],[-88.34555,42.3421],[-88.3472,42.3421],[-88.34715,42.34575],[-88.3499,42.34575],[-88.34995,42.3421],[-88.3553,42.34205],[-88.35565,42.33955],[-88.3625,42.33535],[-88.36595,42.3359],[-88.3672,42.3313],[-88.36725,42.3256],[-88.36925,42.32395],[-88.3748,42.3239],[-88.3748,42.32765],[-88.37665,42.32765],[-88.3749,42.3314],[-88.37495,42.3484],[-88.3701,42.34845],[-88.36845,42.3514],[-88.3629,42.35075],[-88.36225,42.3548],[-88.3603,42.3556],[-88.3603,42.353],[-88.3502,42.35295],[-88.35065,42.35675],[-88.35485,42.3568],[-88.35545,42.35465],[-88.35775,42.35465],[-88.35655,42.3572],[-88.3566,42.36165],[-88.35545,42.364],[-88.35545,42.3663],[-88.3591,42.3663],[-88.3603,42.3652],[-88.3603,42.3602],[-88.3652,42.3602],[-88.3652,42.35725],[-88.3626,42.35725],[-88.3634,42.35445],[-88.3671,42.35345],[-88.36715,42.3566],[-88.36995,42.3577]]]},"properties":{"kind":"neighbour","name":"Bull Valley","region":"McHenry County","lp":[-88.34291,42.30595]}},
{"type":"Feature","geometry":{"type":"MultiPolygon","coordinates":[[[[-87.1247,41.5937],[-87.1246,41.58645],[-87.11975,41.58645],[-87.1197,41.58285],[-87.11005,41.58285],[-87.11005,41.57925],[-87.1071,41.57925],[-87.1071,41.58445],[-87.1101,41.58445],[-87.1101,41.58645],[-87.10525,41.5865],[-87.1053,41.5938],[-87.1247,41.5937]]],[[[-87.05285,41.6204],[-87.0528,41.61685],[-87.0672,41.6167],[-87.06795,41.61705],[-87.0737,41.6138],[-87.077,41.61235],[-87.07695,41.6103],[-87.08165,41.6101],[-87.0814,41.60085],[-87.09115,41.601],[-87.0912,41.6031],[-87.10535,41.59705],[-87.1053,41.5938],[-87.08845,41.5937],[-87.08695,41.59225],[-87.08695,41.5937],[-87.0861,41.59365],[-87.0859,41.5896],[-87.0796,41.58955],[-87.07965,41.59185],[-87.0764,41.59185],[-87.07645,41.5936],[-87.07165,41.59355],[-87.0716,41.58995],[-87.0692,41.58945],[-87.06915,41.5863],[-87.0563,41.5863],[-87.0572,41.58725],[-87.05725,41.59355],[-87.0519,41.59355],[-87.0524,41.59165],[-87.0524,41.5863],[-87.04475,41.5862],[-87.0454,41.5818],[-87.04975,41.58095],[-87.04975,41.57905],[-87.04745,41.57905],[-87.04545,41.5785],[-87.04635,41.57165],[-87.0539,41.5718],[-87.05385,41.56545],[-87.04985,41.5651],[-87.04985,41.56825],[-87.0448,41.56815],[-87.0427,41.56975],[-87.03765,41.56975],[-87.0377,41.5722],[-87.02325,41.5716],[-87.0234,41.5789],[-87.02825,41.579],[-87.0285,41.58625],[-87.03455,41.5863],[-87.0346,41.58935],[-87.0188,41.58925],[-87.01915,41.6015],[-87.01805,41.60065],[-87.0094,41.60045],[-87.0095,41.60605],[-87.0155,41.6069],[-87.0193,41.60645],[-87.0192,41.6046],[-87.0228,41.6047],[-87.0238,41.60685],[-87.0239,41.61405],[-87.03055,41.61405],[-87.0306,41.6155],[-87.0336,41.61545],[-87.0341,41.6202],[-87.0359,41.6202],[-87.0387,41.6188],[-87.0412,41.61965],[-87.04125,41.6173],[-87.0442,41.6188],[-87.046,41.6223],[-87.03845,41.62235],[-87.0384,41.62425],[-87.03965,41.626],[-87.0433,41.626],[-87.04335,41.6296],[-87.0386,41.62965],[-87.03865,41.6344],[-87.0288,41.6401],[-87.03065,41.6416],[-87.03175,41.64415],[-87.02405,41.64425],[-87.02405,41.6456],[-87.02885,41.64555],[-87.02885,41.64425],[-87.03205,41.6442],[-87.03485,41.6435],[-87.03475,41.64015],[-87.0337,41.63785],[-87.037,41.6369],[-87.037,41.63555],[-87.03975,41.634],[-87.0397,41.6335],[-87.0457,41.6298],[-87.04605,41.6301],[-87.0438,41.6315],[-87.04395,41.63235],[-87.04815,41.6323],[-87.04805,41.6308],[-87.0502,41.63],[-87.04835,41.6286],[-87.0548,41.625],[-87.04815,41.6251],[-87.04895,41.6228],[-87.05135,41.6232],[-87.05765,41.6233],[-87.0577,41.6296],[-87.06255,41.6296],[-87.0625,41.6278],[-87.06495,41.6278],[-87.06485,41.6224],[-87.0625,41.6224],[-87.06245,41.621],[-87.06185,41.6207],[-87.05285,41.6204]]]]},"properties":{"kind":"neighbour","name":"Chesterton","region":"Porter County, Indiana","lp":[-87.03609,41.60225]}},
{"type":"Feature","geometry":{"type":"Polygon","coordinates":[[[-88.17295,41.9428],[-88.17465,41.93475],[-88.1698,41.93485],[-88.16985,41.9315],[-88.1747,41.9314],[-88.17485,41.9177],[-88.1699,41.91775],[-88.1694,41.9187],[-88.1554,41.919],[-88.15545,41.9153],[-88.1505,41.91535],[-88.15045,41.90955],[-88.15225,41.90975],[-88.15305,41.90985],[-88.15305,41.91065],[-88.154,41.9112],[-88.15545,41.91115],[-88.15545,41.9127],[-88.15675,41.91315],[-88.1641,41.91315],[-88.16455,41.9093],[-88.1555,41.9082],[-88.1555,41.90605],[-88.15455,41.90715],[-88.15,41.90755],[-88.1495,41.91045],[-88.1457,41.9105],[-88.14555,41.90535],[-88.14465,41.90325],[-88.14015,41.9025],[-88.14015,41.9064],[-88.1373,41.90605],[-88.1353,41.90655],[-88.1353,41.9017],[-88.12965,41.90105],[-88.12965,41.89505],[-88.1264,41.89505],[-88.1264,41.89015],[-88.12155,41.89025],[-88.1216,41.89475],[-88.1209,41.8951],[-88.1118,41.8953],[-88.11185,41.88805],[-88.10835,41.8881],[-88.10905,41.88955],[-88.1068,41.8881],[-88.0909,41.88845],[-88.0896,41.88935],[-88.08935,41.89465],[-88.09135,41.89495],[-88.09345,41.89635],[-88.10125,41.89745],[-88.10195,41.8987],[-88.09645,41.89785],[-88.0877,41.8971],[-88.08765,41.9025],[-88.089,41.9001],[-88.094,41.90055],[-88.0941,41.90255],[-88.1018,41.90225],[-88.101,41.90595],[-88.10105,41.9316],[-88.11075,41.93135],[-88.11075,41.93605],[-88.1187,41.9381],[-88.12055,41.93705],[-88.1235,41.93705],[-88.1234,41.93465],[-88.1254,41.93455],[-88.12565,41.9395],[-88.14025,41.93995],[-88.1403,41.93815],[-88.14545,41.9379],[-88.1454,41.9403],[-88.1673,41.94185],[-88.17295,41.9428]]]},"properties":{"kind":"neighbour","name":"Carol Stream","region":"DuPage County","lp":[-88.11857,41.91584]}},
{"type":"Feature","geometry":{"type":"Polygon","coordinates":[[[-87.47205,41.3956],[-87.47965,41.39565],[-87.4797,41.3884],[-87.4752,41.38835],[-87.4748,41.38665],[-87.4748,41.37015],[-87.46835,41.3701],[-87.4683,41.36885],[-87.4701,41.36885],[-87.47005,41.3664],[-87.46515,41.3664],[-87.4651,41.36345],[-87.46265,41.36275],[-87.46265,41.359],[-87.4657,41.359],[-87.47,41.35735],[-87.47,41.3536],[-87.45545,41.3536],[-87.45545,41.34475],[-87.45065,41.3448],[-87.45045,41.33745],[-87.44565,41.3374],[-87.44565,41.33905],[-87.44365,41.33905],[-87.4436,41.3374],[-87.44075,41.33735],[-87.44095,41.34565],[-87.44355,41.34805],[-87.43125,41.348],[-87.4312,41.3427],[-87.42875,41.3427],[-87.42875,41.3409],[-87.4215,41.34085],[-87.42155,41.3479],[-87.4158,41.34775],[-87.4125,41.34675],[-87.41135,41.34495],[-87.41135,41.34365],[-87.4107,41.3432],[-87.41095,41.3422],[-87.4102,41.3408],[-87.40225,41.3408],[-87.4023,41.34445],[-87.39745,41.34445],[-87.3975,41.3478],[-87.4069,41.34785],[-87.4069,41.34965],[-87.41195,41.34965],[-87.41195,41.3523],[-87.40865,41.3553],[-87.41,41.3588],[-87.4119,41.3588],[-87.4119,41.36245],[-87.3998,41.36235],[-87.3999,41.3697],[-87.40225,41.3697],[-87.40225,41.3769],[-87.4119,41.377],[-87.41195,41.3916],[-87.42155,41.39165],[-87.42155,41.39345],[-87.42635,41.3935],[-87.42745,41.3917],[-87.47,41.39195],[-87.47155,41.39285],[-87.47205,41.3956]],[[-87.4489,41.3448],[-87.45065,41.3448],[-87.45065,41.3476],[-87.44925,41.3476],[-87.4489,41.3448]]]},"properties":{"kind":"neighbour","name":"Cedar Lake","region":"Lake County, Indiana","lp":[-87.43263,41.36988]}},
{"type":"Feature","geometry":{"type":"MultiPolygon","coordinates":[[[[-87.71315,41.5061],[-87.7132,41.5134],[-87.7155,41.5134],[-87.7166,41.5152],[-87.71965,41.51435],[-87.72225,41.5147],[-87.7228,41.51345],[-87.7234,41.50615],[-87.7232,41.528],[-87.7238,41.528],[-87.72365,41.52175],[-87.7277,41.52265],[-87.72805,41.528],[-87.7668,41.52815],[-87.7904,41.52805],[-87.7904,41.5103],[-87.79025,41.4921],[-87.73205,41.49195],[-87.73225,41.49145],[-87.6985,41.49145],[-87.6984,41.4951],[-87.69085,41.49505],[-87.69075,41.49895],[-87.69835,41.4988],[-87.6984,41.50215],[-87.70055,41.50215],[-87.6983,41.50615],[-87.71315,41.5061]],[[-87.7287,41.50875],[-87.7317,41.5087],[-87.7309,41.5133],[-87.7287,41.51325],[-87.7287,41.50875]],[[-87.75165,41.499],[-87.77095,41.499],[-87.77095,41.4925],[-87.7902,41.4923],[-87.79015,41.5061],[-87.77965,41.5061],[-87.7796,41.50565],[-87.7807,41.50565],[-87.7808,41.4992],[-87.7592,41.49945],[-87.7592,41.5031],[-87.7604,41.5031],[-87.76035,41.50605],[-87.75465,41.50615],[-87.75465,41.504],[-87.75165,41.50395],[-87.75165,41.49945],[-87.73245,41.49925],[-87.7325,41.4984],[-87.75165,41.499]]],[[[-87.7226,41.5218],[-87.7184,41.5218],[-87.7184,41.52795],[-87.7227,41.528],[-87.7226,41.5218]]]]},"properties":{"kind":"neighbour","name":"Matteson","region":"Cook County","lp":[-87.74439,41.51493]}},
{"type":"Feature","geometry":{"type":"Polygon","coordinates":[[[-88.2623,42.4803],[-88.25625,42.4804],[-88.2562,42.47865],[-88.2525,42.4787],[-88.2525,42.4796],[-88.2476,42.47965],[-88.2476,42.47295],[-88.25,42.4729],[-88.25125,42.47325],[-88.25125,42.46965],[-88.25245,42.46965],[-88.25245,42.466],[-88.25735,42.46595],[-88.25735,42.4551],[-88.2622,42.455],[-88.2622,42.4514],[-88.26705,42.4513],[-88.26685,42.4462],[-88.26425,42.4462],[-88.26225,42.44775],[-88.2573,42.44785],[-88.25735,42.45145],[-88.25245,42.45155],[-88.25235,42.44425],[-88.2541,42.44175],[-88.24745,42.44085],[-88.24745,42.44055],[-88.2559,42.44175],[-88.2559,42.44035],[-88.2553,42.4393],[-88.25915,42.43925],[-88.2591,42.43695],[-88.2686,42.43685],[-88.2687,42.4379],[-88.27185,42.43785],[-88.27185,42.43315],[-88.2767,42.43265],[-88.28285,42.4326],[-88.28285,42.42935],[-88.2767,42.42945],[-88.2767,42.42675],[-88.2792,42.4267],[-88.27915,42.42215],[-88.27675,42.42215],[-88.27675,42.42035],[-88.26695,42.4205],[-88.26695,42.4296],[-88.2491,42.42985],[-88.2474,42.43115],[-88.2474,42.4226],[-88.2425,42.42265],[-88.2425,42.4199],[-88.24,42.4199],[-88.24,42.4227],[-88.23765,42.42275],[-88.2377,42.4301],[-88.233,42.4301],[-88.23305,42.42275],[-88.2281,42.4228],[-88.22815,42.41915],[-88.22325,42.41915],[-88.2232,42.4219],[-88.2207,42.42105],[-88.218,42.421],[-88.21645,42.41925],[-88.21645,42.41555],[-88.2211,42.4155],[-88.2215,42.41225],[-88.2184,42.41225],[-88.2184,42.4138],[-88.2113,42.4136],[-88.21025,42.412],[-88.20865,42.41205],[-88.2086,42.4156],[-88.211,42.4185],[-88.21155,42.42],[-88.2116,42.4246],[-88.2144,42.4246],[-88.21345,42.4283],[-88.21835,42.42825],[-88.22015,42.42745],[-88.22025,42.4262],[-88.2159,42.42645],[-88.21585,42.42465],[-88.21465,42.4228],[-88.2232,42.4228],[-88.22325,42.43445],[-88.2286,42.4363],[-88.2287,42.4376],[-88.2331,42.43775],[-88.2331,42.44315],[-88.21845,42.4392],[-88.2177,42.4389],[-88.21855,42.43725],[-88.21345,42.4374],[-88.21345,42.4389],[-88.2144,42.43755],[-88.2165,42.43835],[-88.2153,42.44105],[-88.21645,42.44135],[-88.2154,42.44355],[-88.21465,42.44345],[-88.2144,42.44455],[-88.21495,42.44455],[-88.21755,42.44475],[-88.21975,42.44405],[-88.2208,42.44205],[-88.22435,42.443],[-88.22785,42.44275],[-88.2279,42.4445],[-88.2332,42.44445],[-88.2332,42.4512],[-88.2378,42.4518],[-88.23785,42.45715],[-88.2283,42.4572],[-88.22685,42.45565],[-88.22945,42.45175],[-88.21325,42.4518],[-88.2108,42.4639],[-88.20995,42.4663],[-88.2186,42.46625],[-88.21865,42.4699],[-88.21375,42.46995],[-88.2138,42.4731],[-88.2138,42.47355],[-88.21385,42.47715],[-88.21885,42.47715],[-88.2189,42.48075],[-88.20905,42.4808],[-88.2091,42.4862],[-88.21395,42.4862],[-88.214,42.48775],[-88.21885,42.4877],[-88.2188,42.49155],[-88.22375,42.49155],[-88.2237,42.49505],[-88.23135,42.49495],[-88.2313,42.4915],[-88.22865,42.49155],[-88.2285,42.4818],[-88.231,42.48065],[-88.23485,42.4804],[-88.23485,42.47855],[-88.2379,42.47855],[-88.2379,42.47965],[-88.24275,42.4796],[-88.24275,42.4806],[-88.25535,42.48045],[-88.25745,42.4819],[-88.25745,42.48765],[-88.25505,42.48765],[-88.255,42.48965],[-88.25745,42.4896],[-88.2574,42.4912],[-88.2623,42.4911],[-88.26235,42.4884],[-88.2672,42.4883],[-88.26795,42.4848],[-88.26475,42.48415],[-88.26475,42.48025],[-88.2769,42.48005],[-88.27685,42.4728],[-88.2623,42.4731],[-88.2623,42.4803]],[[-88.2286,42.47665],[-88.2286,42.47345],[-88.2351,42.4734],[-88.2351,42.4766],[-88.2286,42.47665]],[[-88.2476,42.45765],[-88.25005,42.45765],[-88.25005,42.45945],[-88.2476,42.45945],[-88.2476,42.46245],[-88.23935,42.46255],[-88.23935,42.45895],[-88.2476,42.45885],[-88.2476,42.45765]],[[-88.24005,42.4228],[-88.2425,42.4228],[-88.2425,42.4245],[-88.24005,42.4245],[-88.24005,42.4228]],[[-88.2718,42.4259],[-88.27185,42.4222],[-88.2766,42.42215],[-88.2766,42.4258],[-88.2718,42.4259]]]},"properties":{"kind":"neighbour","name":"Spring Grove","region":"McHenry County","lp":[-88.22693,42.46537]}},
{"type":"Feature","geometry":{"type":"MultiPolygon","coordinates":[[[[-88.14295,41.58025],[-88.1425,41.56935],[-88.13285,41.56955],[-88.13135,41.5686],[-88.1313,41.56605],[-88.13995,41.56585],[-88.14495,41.56765],[-88.1471,41.56325],[-88.1464,41.5439],[-88.1416,41.54395],[-88.14145,41.53995],[-88.1411,41.54185],[-88.14,41.5439],[-88.13505,41.54895],[-88.13515,41.5514],[-88.1241,41.5517],[-88.12305,41.55305],[-88.1191,41.55145],[-88.11625,41.55195],[-88.0881,41.5526],[-88.0881,41.55315],[-88.08745,41.55315],[-88.08765,41.5558],[-88.08595,41.55585],[-88.08615,41.55835],[-88.0885,41.55845],[-88.0883,41.56295],[-88.08015,41.55705],[-88.08155,41.5528],[-88.0774,41.5529],[-88.0781,41.55545],[-88.078,41.55875],[-88.07865,41.5674],[-88.08805,41.56705],[-88.087,41.56755],[-88.08345,41.579],[-88.0795,41.58545],[-88.0763,41.59115],[-88.0773,41.59145],[-88.0838,41.59125],[-88.08395,41.5956],[-88.08395,41.59625],[-88.11755,41.5954],[-88.1171,41.58405],[-88.1185,41.5834],[-88.1184,41.5809],[-88.1222,41.58075],[-88.1176,41.5845],[-88.1223,41.5844],[-88.1231,41.588],[-88.1321,41.58775],[-88.1323,41.59385],[-88.1362,41.59475],[-88.14275,41.5948],[-88.1434,41.5939],[-88.14305,41.5843],[-88.1419,41.58395],[-88.1362,41.58405],[-88.13505,41.5824],[-88.135,41.5804],[-88.14295,41.58025]],[[-88.1222,41.58075],[-88.1219,41.57455],[-88.12675,41.57425],[-88.127,41.5806],[-88.1222,41.58075]],[[-88.12545,41.57075],[-88.1254,41.5698],[-88.1314,41.56965],[-88.1369,41.5732],[-88.12185,41.5737],[-88.12145,41.57085],[-88.12545,41.57075]]],[[[-88.12245,41.588],[-88.1177,41.58815],[-88.11795,41.5954],[-88.1227,41.59455],[-88.12245,41.588]]]]},"properties":{"kind":"neighbour","name":"Crest Hill","region":"Will County","lp":[-88.10434,41.5716]}},
{"type":"Feature","geometry":{"type":"Polygon","coordinates":[[[-88.5714,41.71275],[-88.57135,41.71095],[-88.5751,41.7109],[-88.57425,41.7078],[-88.57125,41.7078],[-88.57115,41.70415],[-88.5664,41.7042],[-88.56625,41.69955],[-88.56385,41.6996],[-88.56375,41.69695],[-88.5548,41.697],[-88.55465,41.6934],[-88.55885,41.6933],[-88.55885,41.6897],[-88.55355,41.68975],[-88.5553,41.68915],[-88.55535,41.6879],[-88.55695,41.6879],[-88.55665,41.6861],[-88.537,41.68695],[-88.53695,41.68585],[-88.5464,41.68555],[-88.5369,41.6844],[-88.53675,41.6793],[-88.54795,41.68165],[-88.54905,41.679],[-88.54845,41.6778],[-88.55425,41.6793],[-88.5562,41.67795],[-88.559,41.67185],[-88.5587,41.66955],[-88.55515,41.66725],[-88.5534,41.6703],[-88.54935,41.66905],[-88.55105,41.666],[-88.5479,41.665],[-88.54655,41.6608],[-88.5473,41.65935],[-88.57125,41.6531],[-88.56985,41.65225],[-88.5698,41.6497],[-88.56645,41.6497],[-88.56395,41.652],[-88.56165,41.6523],[-88.5605,41.6544],[-88.5582,41.65345],[-88.55535,41.6532],[-88.5553,41.6497],[-88.54145,41.65285],[-88.54005,41.65405],[-88.5317,41.65415],[-88.5279,41.6515],[-88.5151,41.6515],[-88.5176,41.6475],[-88.5171,41.6474],[-88.5155,41.64735],[-88.51135,41.64745],[-88.50965,41.6487],[-88.50425,41.64905],[-88.50435,41.6504],[-88.5008,41.6505],[-88.5006,41.6533],[-88.49455,41.6535],[-88.4949,41.64955],[-88.49115,41.64965],[-88.4907,41.6553],[-88.48995,41.6572],[-88.48795,41.6572],[-88.48805,41.6618],[-88.4922,41.66205],[-88.4919,41.66465],[-88.48815,41.6646],[-88.4882,41.6682],[-88.4897,41.6682],[-88.4897,41.66895],[-88.48825,41.66895],[-88.4884,41.67495],[-88.4899,41.67495],[-88.4899,41.6769],[-88.4884,41.6769],[-88.48865,41.68465],[-88.5084,41.6846],[-88.5084,41.67765],[-88.50945,41.67385],[-88.51945,41.6737],[-88.52245,41.6727],[-88.52255,41.67915],[-88.52435,41.68005],[-88.52005,41.6829],[-88.5196,41.6863],[-88.5273,41.68625],[-88.52735,41.68735],[-88.51955,41.6874],[-88.51955,41.68985],[-88.52745,41.6898],[-88.52765,41.6971],[-88.5314,41.69705],[-88.5316,41.70435],[-88.5327,41.70415],[-88.5325,41.69705],[-88.5373,41.69705],[-88.5371,41.6898],[-88.5515,41.68975],[-88.5517,41.69345],[-88.5534,41.69345],[-88.5535,41.69735],[-88.5472,41.6983],[-88.54705,41.704],[-88.54755,41.7152],[-88.5571,41.71515],[-88.5573,41.72005],[-88.5612,41.71995],[-88.56855,41.7189],[-88.5684,41.71735],[-88.56695,41.71635],[-88.5685,41.714],[-88.5714,41.71275]],[[-88.49645,41.67165],[-88.498,41.6725],[-88.49815,41.6772],[-88.49325,41.67725],[-88.49195,41.67545],[-88.49195,41.6727],[-88.49645,41.67165]],[[-88.50205,41.65875],[-88.50135,41.66255],[-88.50665,41.66285],[-88.5058,41.6657],[-88.5041,41.66565],[-88.5041,41.6682],[-88.5001,41.6682],[-88.501,41.66335],[-88.5005,41.6625],[-88.4973,41.6623],[-88.49765,41.65855],[-88.50205,41.65875]],[[-88.5194,41.6579],[-88.5199,41.65635],[-88.524,41.6567],[-88.5225,41.65875],[-88.5194,41.6579]],[[-88.54085,41.6718],[-88.5422,41.6723],[-88.5404,41.67575],[-88.53935,41.67215],[-88.54085,41.6718]],[[-88.547,41.6574],[-88.54465,41.6561],[-88.5555,41.65365],[-88.5542,41.6555],[-88.5507,41.65555],[-88.54715,41.6565],[-88.547,41.6574]],[[-88.5567,41.7096],[-88.5648,41.70945],[-88.5649,41.7115],[-88.5614,41.7115],[-88.55695,41.7122],[-88.5567,41.7096]]]},"properties":{"kind":"neighbour","name":"Plano","region":"Kendall County","lp":[-88.53595,41.66226]}},
{"type":"Feature","geometry":{"type":"Polygon","coordinates":[[[-88.058,42.31285],[-88.058,42.30995],[-88.06285,42.3099],[-88.06285,42.3061],[-88.0432,42.3061],[-88.0432,42.2988],[-88.03815,42.29895],[-88.0325,42.29985],[-88.02905,42.3061],[-88.02655,42.3061],[-88.0265,42.3044],[-88.0215,42.3044],[-88.02145,42.29955],[-88.01935,42.29945],[-88.01945,42.30595],[-88.01655,42.3061],[-88.01655,42.3097],[-88.01425,42.3097],[-88.01425,42.3128],[-88.0239,42.31285],[-88.0288,42.31375],[-88.0289,42.32065],[-88.03155,42.32065],[-88.0315,42.3261],[-88.02895,42.32665],[-88.0253,42.32665],[-88.03885,42.33175],[-88.03885,42.3322],[-88.02475,42.3267],[-88.02225,42.32545],[-88.008,42.31705],[-88.00445,42.31695],[-88.0045,42.3186],[-88.0076,42.31915],[-88.0076,42.3206],[-88.00515,42.32055],[-88.00455,42.31915],[-88.00465,42.3351],[-87.9944,42.33505],[-87.9931,42.3334],[-87.9931,42.3314],[-87.9882,42.33135],[-87.9882,42.33425],[-87.9894,42.335],[-87.99335,42.33505],[-87.9932,42.3397],[-87.9979,42.33925],[-87.9979,42.3423],[-88.0037,42.3423],[-88.0046,42.3448],[-88.0143,42.34465],[-88.01425,42.34965],[-88.01915,42.3496],[-88.0192,42.35155],[-87.9981,42.35175],[-87.9981,42.35335],[-88.0003,42.3548],[-87.9998,42.35695],[-88.00225,42.35695],[-88.00445,42.3556],[-88.0044,42.36045],[-88.0082,42.36055],[-88.00815,42.36355],[-88.012,42.3636],[-88.012,42.36055],[-88.03075,42.3602],[-88.03705,42.3627],[-88.03875,42.3642],[-88.03865,42.3742],[-88.03395,42.37585],[-88.03385,42.3783],[-88.05325,42.37845],[-88.05325,42.37885],[-88.0387,42.37875],[-88.0387,42.38395],[-88.04355,42.3831],[-88.04355,42.3896],[-88.0498,42.3896],[-88.0495,42.38605],[-88.05315,42.38605],[-88.0532,42.38255],[-88.0556,42.38185],[-88.05515,42.37885],[-88.05525,42.37415],[-88.05775,42.3715],[-88.05835,42.3699],[-88.04815,42.357],[-88.04855,42.357],[-88.05865,42.36975],[-88.0613,42.37525],[-88.06195,42.3753],[-88.06215,42.36975],[-88.06165,42.36435],[-88.05825,42.3643],[-88.0567,42.36265],[-88.05645,42.35935],[-88.05335,42.35945],[-88.0534,42.35705],[-88.05755,42.357],[-88.0583,42.35645],[-88.05835,42.34245],[-88.0603,42.34245],[-88.06055,42.3401],[-88.0534,42.33715],[-88.05345,42.33425],[-88.0486,42.33425],[-88.0486,42.3333],[-88.0584,42.33335],[-88.05845,42.32785],[-88.0535,42.3278],[-88.05335,42.31625],[-88.05305,42.31585],[-88.0533,42.31335],[-88.0385,42.31335],[-88.0385,42.31285],[-88.058,42.31285]],[[-88.0535,42.3278],[-88.05345,42.32875],[-88.04935,42.3288],[-88.04485,42.32945],[-88.0439,42.32785],[-88.0535,42.3278]],[[-88.03185,42.3366],[-88.0332,42.34055],[-88.029,42.34055],[-88.029,42.33665],[-88.03185,42.3366]]]},"properties":{"kind":"neighbour","name":"Grayslake","region":"Lake County","lp":[-88.04369,42.34696]}},
{"type":"Feature","geometry":{"type":"Polygon","coordinates":[[[-88.14615,41.8698],[-88.1464,41.84495],[-88.14695,41.84395],[-88.14715,41.83965],[-88.1478,41.8381],[-88.14655,41.83785],[-88.15155,41.83585],[-88.15015,41.83365],[-88.1502,41.83125],[-88.1465,41.83135],[-88.1462,41.8332],[-88.14455,41.83445],[-88.1461,41.83135],[-88.13715,41.83045],[-88.13715,41.8328],[-88.1384,41.8329],[-88.1412,41.8343],[-88.1419,41.83515],[-88.1421,41.83755],[-88.14075,41.8374],[-88.13935,41.83875],[-88.1419,41.83915],[-88.1419,41.84055],[-88.139,41.8424],[-88.1386,41.84065],[-88.13515,41.842],[-88.1357,41.8434],[-88.1351,41.8435],[-88.13465,41.8422],[-88.1308,41.8437],[-88.12705,41.84375],[-88.1271,41.845],[-88.1275,41.8454],[-88.12275,41.84795],[-88.11945,41.8489],[-88.11495,41.8508],[-88.1133,41.84985],[-88.1098,41.84995],[-88.1097,41.85135],[-88.10765,41.8514],[-88.11085,41.84865],[-88.11135,41.8475],[-88.11125,41.84465],[-88.10895,41.84465],[-88.10875,41.84225],[-88.1112,41.8422],[-88.11155,41.83925],[-88.11435,41.8403],[-88.12105,41.8402],[-88.1211,41.843],[-88.12625,41.8429],[-88.12615,41.83915],[-88.13085,41.83905],[-88.13085,41.8364],[-88.129,41.8364],[-88.12895,41.83305],[-88.126,41.8328],[-88.12605,41.83035],[-88.12695,41.82915],[-88.1161,41.8288],[-88.1161,41.82635],[-88.11265,41.8259],[-88.11265,41.8288],[-88.1016,41.8288],[-88.10155,41.81845],[-88.0958,41.8185],[-88.0972,41.8213],[-88.10125,41.8222],[-88.10125,41.8288],[-88.092,41.8293],[-88.09195,41.82225],[-88.0761,41.82245],[-88.0774,41.82345],[-88.07925,41.8238],[-88.07845,41.8254],[-88.07545,41.8263],[-88.07545,41.83015],[-88.08045,41.8302],[-88.0807,41.83715],[-88.08225,41.8371],[-88.08225,41.84555],[-88.08145,41.84555],[-88.0814,41.8465],[-88.08225,41.8491],[-88.0817,41.8502],[-88.08225,41.8502],[-88.081,41.8513],[-88.081,41.85735],[-88.0789,41.8597],[-88.0789,41.86655],[-88.08335,41.86645],[-88.08385,41.86925],[-88.08085,41.87025],[-88.0795,41.87285],[-88.08045,41.87385],[-88.0805,41.8812],[-88.08225,41.8805],[-88.0823,41.88385],[-88.0805,41.885],[-88.0806,41.88895],[-88.09235,41.88835],[-88.1068,41.8881],[-88.10905,41.88955],[-88.10835,41.8881],[-88.11125,41.88805],[-88.11185,41.8856],[-88.11415,41.8854],[-88.1178,41.8861],[-88.11785,41.8879],[-88.12025,41.8879],[-88.12155,41.88865],[-88.1221,41.88455],[-88.11965,41.8844],[-88.11965,41.8826],[-88.1137,41.8827],[-88.1124,41.8822],[-88.1125,41.8802],[-88.1207,41.88005],[-88.12145,41.88235],[-88.1233,41.88315],[-88.1252,41.88215],[-88.1263,41.8804],[-88.12625,41.87525],[-88.1246,41.87495],[-88.11685,41.8751],[-88.11655,41.8769],[-88.1145,41.87645],[-88.115,41.87325],[-88.12625,41.8731],[-88.12625,41.8723],[-88.13645,41.8705],[-88.14615,41.8698]],[[-88.13885,41.85285],[-88.13975,41.85315],[-88.13605,41.85745],[-88.1341,41.85815],[-88.13405,41.8542],[-88.13475,41.85085],[-88.13765,41.85075],[-88.13885,41.85285]],[[-88.1444,41.84475],[-88.14435,41.8413],[-88.1463,41.84115],[-88.14625,41.84555],[-88.144,41.84695],[-88.1407,41.84765],[-88.1407,41.8455],[-88.1444,41.84475]]]},"properties":{"kind":"neighbour","name":"Wheaton","region":"DuPage County","lp":[-88.10005,41.86582]}},
{"type":"Feature","geometry":{"type":"Polygon","coordinates":[[[-88.0432,42.3061],[-88.0651,42.3061],[-88.06805,42.30545],[-88.07105,42.30425],[-88.072,42.3024],[-88.0725,42.2988],[-88.06385,42.29375],[-88.06385,42.2877],[-88.059,42.2877],[-88.05505,42.2885],[-88.05055,42.2858],[-88.0489,42.28445],[-88.05295,42.28445],[-88.05295,42.28125],[-88.0504,42.27985],[-88.05045,42.27715],[-88.05295,42.27695],[-88.0568,42.2758],[-88.0568,42.2699],[-88.0579,42.2699],[-88.05785,42.2663],[-88.051,42.2663],[-88.0518,42.2653],[-88.0556,42.265],[-88.0558,42.26325],[-88.05805,42.2627],[-88.05625,42.26225],[-88.0576,42.26045],[-88.0593,42.2627],[-88.0615,42.2623],[-88.06315,42.26485],[-88.06575,42.26625],[-88.0675,42.26625],[-88.0682,42.26425],[-88.0644,42.259],[-88.0529,42.259],[-88.05155,42.25995],[-88.04915,42.26005],[-88.04885,42.26195],[-88.0429,42.26265],[-88.0431,42.27355],[-88.03755,42.27355],[-88.02865,42.2635],[-88.02825,42.24835],[-88.0237,42.25255],[-88.0237,42.2517],[-88.01875,42.25165],[-88.01875,42.25245],[-88.02135,42.25605],[-88.02325,42.25525],[-88.02365,42.2571],[-88.02125,42.2589],[-88.01875,42.2589],[-88.01885,42.25655],[-88.0196,42.2551],[-88.004,42.25525],[-88.0041,42.2462],[-87.9996,42.24585],[-87.999,42.2437],[-87.99185,42.24475],[-87.99165,42.2462],[-87.994,42.24665],[-87.994,42.2479],[-87.9891,42.2479],[-87.9891,42.24485],[-88.0011,42.2431],[-88.0036,42.2414],[-88.0026,42.23985],[-88.00255,42.2385],[-87.9995,42.2379],[-87.9987,42.23875],[-87.99485,42.23675],[-87.99415,42.23545],[-87.99415,42.2335],[-87.99235,42.2335],[-87.9921,42.23385],[-87.9914,42.2335],[-87.9892,42.2335],[-87.9885,42.2371],[-87.9843,42.23705],[-87.9843,42.23345],[-87.97945,42.2335],[-87.97945,42.2288],[-87.97715,42.22765],[-87.97695,42.2335],[-87.9743,42.2335],[-87.97825,42.24055],[-87.9771,42.2405],[-87.9794,42.2463],[-87.9842,42.24555],[-87.98415,42.24785],[-87.9818,42.24785],[-87.9792,42.2544],[-87.9787,42.25735],[-87.9744,42.266],[-87.9839,42.26605],[-87.98365,42.2952],[-87.98895,42.29525],[-87.9936,42.29575],[-87.9936,42.28785],[-88.0042,42.28785],[-88.00475,42.29155],[-88.0069,42.29155],[-88.007,42.2936],[-88.0091,42.29365],[-88.0091,42.2962],[-88.0071,42.29705],[-88.00915,42.29815],[-88.02145,42.29955],[-88.0215,42.3044],[-88.0265,42.3044],[-88.02645,42.2998],[-88.0238,42.2996],[-88.0238,42.29165],[-88.0432,42.2919],[-88.0432,42.2953],[-88.0351,42.2953],[-88.0325,42.29985],[-88.03815,42.29895],[-88.0432,42.2988],[-88.0432,42.3061]],[[-88.01675,42.2925],[-88.0189,42.2925],[-88.01895,42.2947],[-88.01115,42.29465],[-88.0128,42.29275],[-88.01675,42.2925]],[[-88.02095,42.28435],[-88.0213,42.28615],[-88.0189,42.28615],[-88.0189,42.28435],[-88.02095,42.28435]],[[-88.03295,42.27775],[-88.03305,42.2796],[-88.03535,42.27985],[-88.03545,42.2844],[-88.0286,42.2844],[-88.02855,42.277],[-88.03295,42.27775]],[[-88.03855,42.28805],[-88.0481,42.28805],[-88.0481,42.2917],[-88.0432,42.2913],[-88.0372,42.2913],[-88.03255,42.2908],[-88.03255,42.2895],[-88.03795,42.2895],[-88.03855,42.28805]],[[-88.04535,42.2748],[-88.04535,42.2771],[-88.04295,42.2782],[-88.0404,42.2835],[-88.0383,42.2844],[-88.03825,42.27985],[-88.035,42.27725],[-88.04305,42.2771],[-88.04305,42.2748],[-88.04535,42.2748]],[[-88.06425,42.26055],[-88.0664,42.26395],[-88.0643,42.26445],[-88.06235,42.26135],[-88.05955,42.26175],[-88.0601,42.25945],[-88.06425,42.26055]]]},"properties":{"kind":"neighbour","name":"Mundelein","region":"Lake County","lp":[-87.99722,42.26679]}},
{"type":"Feature","geometry":{"type":"Polygon","coordinates":[[[-88.32835,41.8636],[-88.3317,41.8638],[-88.3372,41.86475],[-88.34675,41.86485],[-88.34775,41.86495],[-88.3574,41.86505],[-88.35735,41.86105],[-88.35315,41.86115],[-88.3538,41.8497],[-88.35005,41.8498],[-88.35005,41.84845],[-88.34715,41.84855],[-88.34825,41.84685],[-88.3559,41.84665],[-88.3594,41.84785],[-88.35965,41.84625],[-88.36215,41.84585],[-88.36285,41.8449],[-88.36295,41.84285],[-88.3605,41.8427],[-88.3605,41.8392],[-88.35905,41.83595],[-88.3551,41.83525],[-88.35265,41.83625],[-88.3469,41.8363],[-88.34695,41.8354],[-88.34045,41.8352],[-88.3427,41.83225],[-88.34475,41.82405],[-88.3483,41.8242],[-88.34925,41.81925],[-88.3571,41.8196],[-88.3571,41.81645],[-88.3438,41.81885],[-88.3405,41.8188],[-88.3387,41.83255],[-88.3309,41.8326],[-88.33095,41.83065],[-88.3245,41.8307],[-88.32405,41.8294],[-88.3214,41.82835],[-88.3146,41.83795],[-88.3127,41.83745],[-88.31185,41.83985],[-88.3101,41.83985],[-88.31155,41.8366],[-88.3082,41.8359],[-88.308,41.8325],[-88.30435,41.83035],[-88.30685,41.8275],[-88.31145,41.8273],[-88.3115,41.8263],[-88.31005,41.8263],[-88.3101,41.82575],[-88.29895,41.82585],[-88.2986,41.82295],[-88.2986,41.8221],[-88.2931,41.82215],[-88.29305,41.81995],[-88.28935,41.82],[-88.2857,41.8212],[-88.27745,41.8213],[-88.27745,41.8201],[-88.27255,41.8202],[-88.27245,41.8222],[-88.2738,41.82375],[-88.27745,41.8245],[-88.28215,41.82445],[-88.28115,41.8278],[-88.2794,41.8278],[-88.27925,41.8351],[-88.27585,41.83515],[-88.27585,41.83885],[-88.2793,41.83875],[-88.2794,41.84175],[-88.2786,41.85015],[-88.2728,41.8502],[-88.27245,41.85685],[-88.2768,41.85615],[-88.25985,41.86],[-88.2598,41.86295],[-88.26255,41.8629],[-88.26255,41.87115],[-88.26905,41.8712],[-88.272,41.86935],[-88.27325,41.86915],[-88.28795,41.86895],[-88.28795,41.86865],[-88.29395,41.8686],[-88.2988,41.8679],[-88.30605,41.8664],[-88.31265,41.86425],[-88.3144,41.8659],[-88.31725,41.8664],[-88.3174,41.86425],[-88.3281,41.864],[-88.32835,41.8636]],[[-88.2891,41.83535],[-88.2884,41.8369],[-88.2856,41.837],[-88.2866,41.8351],[-88.2891,41.83535]],[[-88.3548,41.83795],[-88.35465,41.84045],[-88.3515,41.84055],[-88.352,41.83785],[-88.3548,41.83795]]]},"properties":{"kind":"neighbour","name":"Batavia","region":"Kane County","lp":[-88.32682,41.84794]}},
{"type":"Feature","geometry":{"type":"Polygon","coordinates":[[[-87.96705,41.9091],[-87.9668,41.90735],[-87.9682,41.9063],[-87.96765,41.90505],[-87.96635,41.90385],[-87.9652,41.8979],[-87.96905,41.89745],[-87.9692,41.89005],[-87.96385,41.8902],[-87.96355,41.88955],[-87.9613,41.8889],[-87.96065,41.8874],[-87.9595,41.88605],[-87.9596,41.8855],[-87.9606,41.88425],[-87.9603,41.88345],[-87.9614,41.88345],[-87.96135,41.87995],[-87.95945,41.8797],[-87.9592,41.87565],[-87.9611,41.87365],[-87.96105,41.86825],[-87.95835,41.86115],[-87.9511,41.861],[-87.93855,41.8613],[-87.9337,41.86105],[-87.93235,41.85995],[-87.9297,41.85945],[-87.92815,41.86105],[-87.9295,41.8633],[-87.9314,41.8639],[-87.93255,41.86665],[-87.93125,41.8693],[-87.92565,41.8694],[-87.9249,41.8688],[-87.92315,41.86945],[-87.9205,41.86955],[-87.92045,41.86785],[-87.9185,41.86955],[-87.9184,41.87175],[-87.919,41.8735],[-87.92045,41.8731],[-87.92065,41.8895],[-87.92035,41.9174],[-87.92925,41.9172],[-87.92925,41.9193],[-87.9252,41.9194],[-87.9252,41.9248],[-87.92035,41.92495],[-87.9203,41.9313],[-87.92995,41.93155],[-87.9302,41.92525],[-87.9318,41.9247],[-87.93665,41.9246],[-87.93665,41.92615],[-87.93335,41.9262],[-87.93505,41.92795],[-87.93865,41.9279],[-87.9385,41.9306],[-87.93645,41.9308],[-87.9365,41.93155],[-87.9668,41.9301],[-87.96635,41.9241],[-87.9662,41.9143],[-87.9658,41.91185],[-87.96635,41.9118],[-87.96705,41.9091]]]},"properties":{"kind":"neighbour","name":"Elmhurst","region":"DuPage County","lp":[-87.94244,41.89974]}},
{"type":"Feature","geometry":{"type":"Polygon","coordinates":[[[-87.95485,42.0954],[-87.95085,42.0927],[-87.94475,42.08765],[-87.9464,42.0876],[-87.94645,42.0808],[-87.95145,42.08085],[-87.9514,42.0736],[-87.9563,42.0736],[-87.9577,42.07185],[-87.9628,42.0718],[-87.9661,42.0724],[-87.9661,42.06645],[-87.96185,42.0658],[-87.96185,42.0627],[-87.96775,42.0628],[-87.96775,42.06645],[-87.9702,42.06645],[-87.9702,42.06255],[-87.97385,42.0625],[-87.975,42.06185],[-87.9751,42.0563],[-87.97295,42.05515],[-87.97295,42.0514],[-87.96975,42.0503],[-87.97,42.0442],[-87.96915,42.0442],[-87.96905,42.0389],[-87.967,42.03815],[-87.96695,42.03685],[-87.9699,42.0368],[-87.96985,42.03295],[-87.95815,42.02445],[-87.9517,42.02445],[-87.95165,42.02255],[-87.95385,42.0215],[-87.94665,42.01975],[-87.9473,42.02085],[-87.94295,42.02085],[-87.943,42.0227],[-87.9405,42.0227],[-87.94075,42.0476],[-87.92705,42.04795],[-87.92245,42.0486],[-87.92335,42.05185],[-87.92335,42.05535],[-87.9213,42.05535],[-87.9214,42.0662],[-87.90885,42.0661],[-87.9077,42.06705],[-87.9077,42.07985],[-87.90295,42.07975],[-87.90275,42.0806],[-87.8927,42.08045],[-87.8922,42.0858],[-87.89,42.1001],[-87.88955,42.1012],[-87.8886,42.1022],[-87.90495,42.1024],[-87.905,42.09515],[-87.9079,42.0947],[-87.90765,42.09155],[-87.91485,42.09155],[-87.9149,42.0878],[-87.9368,42.08805],[-87.93675,42.09525],[-87.95485,42.0954]]]},"properties":{"kind":"neighbour","name":"Mount Prospect","region":"Cook County","lp":[-87.93788,42.06413]}},
{"type":"Feature","geometry":{"type":"Polygon","coordinates":[[[-87.67065,41.51785],[-87.67365,41.51795],[-87.67365,41.5169],[-87.67445,41.5169],[-87.6744,41.5154],[-87.67335,41.51545],[-87.67335,41.5162],[-87.67095,41.5169],[-87.668,41.51695],[-87.66685,41.5149],[-87.6668,41.5118],[-87.6692,41.5097],[-87.6713,41.5097],[-87.6713,41.5107],[-87.6732,41.5097],[-87.67435,41.5097],[-87.67425,41.49495],[-87.65605,41.4949],[-87.65605,41.4915],[-87.6343,41.4916],[-87.6341,41.48425],[-87.63055,41.48425],[-87.6305,41.4815],[-87.6256,41.48195],[-87.62665,41.48455],[-87.627,41.4896],[-87.62955,41.48965],[-87.62945,41.48795],[-87.6341,41.48805],[-87.6342,41.4916],[-87.6315,41.4916],[-87.63105,41.4901],[-87.62865,41.4901],[-87.62875,41.4916],[-87.61615,41.49165],[-87.6161,41.48935],[-87.6256,41.48935],[-87.626,41.48455],[-87.61165,41.4845],[-87.61105,41.4842],[-87.60495,41.4858],[-87.60495,41.49175],[-87.60045,41.49175],[-87.60045,41.49815],[-87.60545,41.49855],[-87.6161,41.4986],[-87.6162,41.499],[-87.59685,41.499],[-87.59705,41.5162],[-87.60035,41.51735],[-87.60035,41.5208],[-87.59695,41.5208],[-87.597,41.52455],[-87.6077,41.52475],[-87.6076,41.52745],[-87.6113,41.52735],[-87.6117,41.52805],[-87.6117,41.52975],[-87.61665,41.52975],[-87.6167,41.5315],[-87.6224,41.5232],[-87.62225,41.5207],[-87.62575,41.5207],[-87.62585,41.52805],[-87.63525,41.52785],[-87.6338,41.52845],[-87.6345,41.5313],[-87.6326,41.5313],[-87.6298,41.53795],[-87.63595,41.53795],[-87.6359,41.53615],[-87.63825,41.5356],[-87.6407,41.53605],[-87.6407,41.53875],[-87.6536,41.53875],[-87.65365,41.54155],[-87.6551,41.5415],[-87.65505,41.52775],[-87.65985,41.5278],[-87.65985,41.5274],[-87.6605,41.5274],[-87.66055,41.5242],[-87.6623,41.5242],[-87.66235,41.5278],[-87.66475,41.52775],[-87.66475,41.52055],[-87.6696,41.52055],[-87.67065,41.51785]],[[-87.63365,41.5325],[-87.6357,41.53265],[-87.63575,41.5349],[-87.6341,41.53515],[-87.63365,41.5325]]]},"properties":{"kind":"neighbour","name":"Chicago Heights","region":"Cook County","lp":[-87.64496,41.51097]}},
{"type":"Feature","geometry":{"type":"Polygon","coordinates":[[[-87.76425,42.0386],[-87.7659,42.0371],[-87.7643,42.03565],[-87.7644,42.03365],[-87.76195,42.03365],[-87.76225,42.02275],[-87.767,42.0229],[-87.7677,42.02495],[-87.7671,42.02645],[-87.7808,42.02645],[-87.77715,42.0192],[-87.76715,42.01915],[-87.76745,42.00905],[-87.76185,42.00855],[-87.76135,42.0082],[-87.7615,42.00465],[-87.75055,42.00455],[-87.75025,42.0154],[-87.72365,42.0154],[-87.72375,42.01175],[-87.7095,42.01185],[-87.709,42.01945],[-87.70865,42.0337],[-87.7099,42.0337],[-87.7096,42.0482],[-87.70885,42.05245],[-87.7158,42.0553],[-87.72745,42.05525],[-87.72735,42.0625],[-87.73245,42.0625],[-87.7324,42.06465],[-87.76585,42.06505],[-87.76595,42.06395],[-87.7706,42.06395],[-87.7699,42.06255],[-87.76365,42.06265],[-87.76425,42.0386]]]},"properties":{"kind":"neighbour","name":"Skokie","region":"Cook County","lp":[-87.74037,42.03747]}},
{"type":"Feature","geometry":{"type":"MultiPolygon","coordinates":[[[[-88.37905,41.74205],[-88.3883,41.73935],[-88.3909,41.738],[-88.3908,41.72975],[-88.3989,41.7296],[-88.3988,41.71755],[-88.41995,41.7171],[-88.4197,41.71405],[-88.41945,41.70675],[-88.4292,41.70645],[-88.4291,41.702],[-88.42385,41.7005],[-88.4229,41.70215],[-88.4205,41.7015],[-88.4214,41.6998],[-88.4147,41.69785],[-88.41255,41.69995],[-88.4074,41.7028],[-88.41055,41.7027],[-88.41065,41.707],[-88.393,41.70745],[-88.39075,41.7088],[-88.38965,41.7105],[-88.38755,41.70995],[-88.38315,41.7126],[-88.38325,41.715],[-88.3805,41.7139],[-88.38125,41.71225],[-88.3811,41.70775],[-88.3757,41.70785],[-88.3756,41.7039],[-88.3683,41.70325],[-88.3646,41.70595],[-88.361,41.7094],[-88.35545,41.71645],[-88.35525,41.7192],[-88.3533,41.7192],[-88.35035,41.72305],[-88.34985,41.72305],[-88.35105,41.7204],[-88.35125,41.7186],[-88.3497,41.71565],[-88.3475,41.71955],[-88.344,41.7232],[-88.3414,41.72325],[-88.3417,41.72185],[-88.3432,41.7205],[-88.33995,41.7191],[-88.3362,41.7185],[-88.3195,41.7191],[-88.30155,41.71915],[-88.29625,41.71815],[-88.2875,41.7151],[-88.28195,41.71845],[-88.2844,41.7231],[-88.2873,41.7242],[-88.2865,41.7242],[-88.291,41.72575],[-88.29105,41.73195],[-88.2983,41.73145],[-88.2995,41.7315],[-88.2995,41.7319],[-88.3003,41.73185],[-88.30025,41.73145],[-88.30115,41.7314],[-88.30375,41.73165],[-88.3044,41.73315],[-88.3069,41.73235],[-88.30645,41.731],[-88.31265,41.7296],[-88.31245,41.731],[-88.3148,41.73095],[-88.3148,41.729],[-88.317,41.7285],[-88.317,41.7309],[-88.31855,41.7327],[-88.3232,41.7327],[-88.3232,41.7359],[-88.32735,41.7359],[-88.3266,41.7381],[-88.3345,41.73785],[-88.33475,41.739],[-88.33745,41.73925],[-88.33765,41.7403],[-88.34155,41.742],[-88.3458,41.7419],[-88.3469,41.74125],[-88.3469,41.743],[-88.35095,41.743],[-88.35085,41.7376],[-88.3542,41.7375],[-88.3541,41.74415],[-88.35475,41.7443],[-88.3541,41.74435],[-88.3541,41.74475],[-88.36075,41.7447],[-88.361,41.7432],[-88.3591,41.74325],[-88.35905,41.73745],[-88.3657,41.73735],[-88.36575,41.74245],[-88.3677,41.74405],[-88.3756,41.74405],[-88.3757,41.7444],[-88.37905,41.74205]],[[-88.30545,41.7304],[-88.3055,41.72765],[-88.3086,41.72755],[-88.30865,41.72995],[-88.30455,41.73105],[-88.30085,41.73085],[-88.3007,41.7288],[-88.30545,41.7304]],[[-88.31475,41.72725],[-88.3141,41.72725],[-88.3141,41.7237],[-88.3171,41.72375],[-88.31705,41.72795],[-88.31475,41.72725]],[[-88.36185,41.71905],[-88.3636,41.719],[-88.36375,41.7228],[-88.36875,41.72285],[-88.36815,41.7236],[-88.36505,41.7245],[-88.3651,41.72645],[-88.36135,41.7257],[-88.36125,41.72285],[-88.362,41.7221],[-88.36185,41.71905]],[[-88.3615,41.73385],[-88.3615,41.7303],[-88.3689,41.73025],[-88.36905,41.73375],[-88.3615,41.73385]],[[-88.3812,41.72255],[-88.38215,41.7263],[-88.38055,41.72685],[-88.3717,41.7268],[-88.37245,41.72265],[-88.3812,41.72255]]],[[[-88.41065,41.71785],[-88.39955,41.7181],[-88.3997,41.72955],[-88.4198,41.72935],[-88.41975,41.7232],[-88.4181,41.7232],[-88.4181,41.7221],[-88.41075,41.7222],[-88.41065,41.71785]]]]},"properties":{"kind":"neighbour","name":"Montgomery","region":"Kendall County","lp":[-88.33321,41.72828]}},
{"type":"Feature","geometry":{"type":"Polygon","coordinates":[[[-88.37395,42.1938],[-88.3738,42.20425],[-88.37595,42.2046],[-88.41275,42.2045],[-88.4127,42.2096],[-88.4224,42.2096],[-88.4225,42.20445],[-88.4322,42.20445],[-88.4322,42.20255],[-88.42255,42.20255],[-88.42255,42.19725],[-88.41275,42.19725],[-88.4127,42.1829],[-88.4031,42.1828],[-88.403,42.19235],[-88.39825,42.19235],[-88.39825,42.19005],[-88.3885,42.1901],[-88.3885,42.1829],[-88.39335,42.18285],[-88.39335,42.16845],[-88.3812,42.1685],[-88.3812,42.1757],[-88.37875,42.17575],[-88.37875,42.1777],[-88.3812,42.1773],[-88.3826,42.17795],[-88.3826,42.18115],[-88.3837,42.18115],[-88.3837,42.1859],[-88.3793,42.18605],[-88.3769,42.1873],[-88.3764,42.19025],[-88.374,42.1908],[-88.3739,42.1851],[-88.3705,42.186],[-88.3643,42.1859],[-88.3642,42.18225],[-88.36685,42.18295],[-88.36885,42.1817],[-88.37065,42.183],[-88.3733,42.18265],[-88.3739,42.17965],[-88.37385,42.17585],[-88.33035,42.1757],[-88.32115,42.1757],[-88.31535,42.1767],[-88.31095,42.1763],[-88.3066,42.1758],[-88.3045,42.1747],[-88.30185,42.1758],[-88.29645,42.1757],[-88.2964,42.1793],[-88.294,42.1793],[-88.294,42.1829],[-88.2865,42.18295],[-88.2865,42.1856],[-88.29915,42.18565],[-88.30065,42.1901],[-88.28695,42.1901],[-88.2865,42.1905],[-88.2865,42.19625],[-88.29105,42.19625],[-88.29105,42.19735],[-88.2865,42.19735],[-88.2864,42.20095],[-88.2768,42.20095],[-88.2768,42.2053],[-88.284,42.2053],[-88.28655,42.20405],[-88.28655,42.20635],[-88.2914,42.20635],[-88.2914,42.20995],[-88.2963,42.20995],[-88.2963,42.2116],[-88.31045,42.2116],[-88.29865,42.20125],[-88.3051,42.1973],[-88.3083,42.1988],[-88.311,42.20455],[-88.31415,42.2045],[-88.31345,42.2068],[-88.31555,42.20985],[-88.31585,42.2142],[-88.31885,42.21435],[-88.3194,42.21175],[-88.3352,42.2117],[-88.3352,42.2081],[-88.3303,42.2081],[-88.3303,42.2045],[-88.3254,42.2045],[-88.3254,42.1962],[-88.33045,42.1962],[-88.3306,42.19725],[-88.33555,42.1971],[-88.33555,42.19035],[-88.36915,42.19015],[-88.36915,42.1938],[-88.37395,42.1938]]]},"properties":{"kind":"neighbour","name":"Lake in the Hills","region":"McHenry County","lp":[-88.31572,42.18888]}},
{"type":"Feature","geometry":{"type":"MultiPolygon","coordinates":[[[[-88.2823,41.87115],[-88.2859,41.87075],[-88.2859,41.86965],[-88.2859,41.86895],[-88.2751,41.86915],[-88.27385,41.8702],[-88.2739,41.8755],[-88.2754,41.87495],[-88.28,41.87565],[-88.28105,41.87115],[-88.2823,41.87115]]],[[[-88.2913,41.8986],[-88.35475,41.8975],[-88.35485,41.8828],[-88.3551,41.8825],[-88.355,41.8975],[-88.3793,41.897],[-88.3796,41.89345],[-88.3759,41.8935],[-88.37625,41.88985],[-88.37515,41.88985],[-88.37525,41.8847],[-88.3743,41.88395],[-88.3665,41.88335],[-88.36465,41.88295],[-88.36465,41.8755],[-88.3695,41.8755],[-88.3695,41.87255],[-88.3709,41.8721],[-88.37045,41.86935],[-88.37055,41.86665],[-88.37125,41.86515],[-88.3682,41.8648],[-88.358,41.86475],[-88.358,41.86625],[-88.35695,41.86625],[-88.35725,41.86505],[-88.355,41.865],[-88.3552,41.86835],[-88.3579,41.8683],[-88.35795,41.87255],[-88.35515,41.874],[-88.3548,41.86835],[-88.3537,41.86725],[-88.35265,41.86605],[-88.35225,41.86495],[-88.35135,41.86495],[-88.35125,41.86845],[-88.3475,41.8685],[-88.3475,41.86665],[-88.34385,41.86665],[-88.34385,41.8647],[-88.3363,41.8647],[-88.3312,41.86375],[-88.32835,41.8636],[-88.32645,41.8661],[-88.32415,41.86595],[-88.3174,41.86605],[-88.3177,41.86685],[-88.3141,41.86605],[-88.3123,41.8644],[-88.30605,41.8664],[-88.2988,41.8679],[-88.29395,41.8686],[-88.28795,41.86865],[-88.28795,41.8716],[-88.2874,41.8716],[-88.28735,41.8724],[-88.2879,41.8721],[-88.29935,41.8717],[-88.3,41.87655],[-88.2916,41.87695],[-88.29175,41.8817],[-88.29075,41.882],[-88.27335,41.88225],[-88.27385,41.8793],[-88.27125,41.8772],[-88.2712,41.8698],[-88.26955,41.87095],[-88.2687,41.87125],[-88.26255,41.87115],[-88.2625,41.88315],[-88.26735,41.88405],[-88.2655,41.88495],[-88.2625,41.88495],[-88.26245,41.892],[-88.27955,41.8925],[-88.2875,41.8918],[-88.2892,41.89135],[-88.2901,41.89185],[-88.2804,41.8927],[-88.2771,41.8927],[-88.27705,41.8938],[-88.2722,41.8937],[-88.2722,41.89245],[-88.26245,41.89215],[-88.2624,41.89755],[-88.2639,41.8975],[-88.26385,41.8992],[-88.28175,41.8988],[-88.28495,41.898],[-88.2875,41.89885],[-88.2913,41.8986]],[[-88.2677,41.8827],[-88.27165,41.88265],[-88.27215,41.8846],[-88.26755,41.8837],[-88.2677,41.8827]],[[-88.2771,41.8865],[-88.27835,41.89065],[-88.27565,41.8905],[-88.27565,41.8875],[-88.27165,41.88745],[-88.27165,41.8848],[-88.2771,41.8865]],[[-88.35965,41.8906],[-88.36145,41.89],[-88.3614,41.8937],[-88.35955,41.8937],[-88.35965,41.8906]]]]},"properties":{"kind":"neighbour","name":"Geneva","region":"Kane County","lp":[-88.309,41.88564]}},
{"type":"Feature","geometry":{"type":"Polygon","coordinates":[[[-87.98665,42.39685],[-87.9859,42.3956],[-87.98265,42.3954],[-87.98215,42.39845],[-87.9797,42.39835],[-87.98,42.40405],[-87.9825,42.40405],[-87.9824,42.4077],[-87.97265,42.40765],[-87.9728,42.404],[-87.96295,42.4039],[-87.96295,42.40485],[-87.9581,42.40485],[-87.958,42.40755],[-87.95495,42.40755],[-87.955,42.40555],[-87.9539,42.40555],[-87.95385,42.40755],[-87.9531,42.40755],[-87.95315,42.40575],[-87.9489,42.40575],[-87.94845,42.4066],[-87.9477,42.4256],[-87.94865,42.42785],[-87.9517,42.43125],[-87.95515,42.43585],[-87.9631,42.4625],[-87.9657,42.4656],[-87.96995,42.46565],[-87.97,42.46345],[-87.9722,42.4635],[-87.9722,42.46565],[-87.9786,42.46575],[-87.97855,42.4694],[-87.97945,42.4694],[-87.9794,42.473],[-87.97205,42.47295],[-87.97205,42.47565],[-87.9672,42.47565],[-87.96715,42.47655],[-87.97425,42.4766],[-87.97455,42.47425],[-87.97695,42.47425],[-87.9769,42.47675],[-87.972,42.4768],[-87.97195,42.4803],[-87.97435,42.4803],[-87.9743,42.4839],[-87.9755,42.4839],[-87.9756,42.48035],[-87.97805,42.4811],[-87.97875,42.48395],[-87.9816,42.48395],[-87.98185,42.473],[-87.98065,42.473],[-87.9807,42.4694],[-87.9819,42.4694],[-87.982,42.4658],[-87.99175,42.4659],[-87.9919,42.45265],[-87.9968,42.4527],[-87.9969,42.4442],[-88.00705,42.4443],[-88.0073,42.44565],[-88.0105,42.4444],[-88.0146,42.44435],[-88.01465,42.4419],[-88.0101,42.44185],[-88.0084,42.4338],[-88.0069,42.43105],[-88.0076,42.426],[-88.0084,42.42415],[-88.00395,42.4241],[-88.0058,42.4228],[-88.0058,42.42245],[-88.00525,42.4194],[-88.00655,42.4185],[-88.00385,42.4177],[-88.0041,42.40795],[-88.00395,42.4056],[-88.004,42.4046],[-87.99415,42.40415],[-87.99425,42.4005],[-87.99735,42.40055],[-87.99735,42.39695],[-87.98665,42.39685]],[[-87.9963,42.4279],[-87.99625,42.43235],[-88.00365,42.4324],[-88.00245,42.43425],[-87.99195,42.43415],[-87.9921,42.42785],[-87.9963,42.4279]]]},"properties":{"kind":"neighbour","name":"Old Mill Creek","region":"Lake County","lp":[-87.9726,42.42713]}},
{"type":"Feature","geometry":{"type":"Polygon","coordinates":[[[-88.5518,42.13335],[-88.5557,42.13255],[-88.5557,42.11715],[-88.5447,42.11715],[-88.5447,42.10645],[-88.5417,42.10585],[-88.5417,42.09915],[-88.55165,42.09915],[-88.5517,42.0957],[-88.53985,42.09555],[-88.53985,42.0919],[-88.5446,42.092],[-88.5446,42.08455],[-88.53495,42.08465],[-88.5349,42.07745],[-88.52515,42.0775],[-88.525,42.0874],[-88.52285,42.08835],[-88.5065,42.0884],[-88.50655,42.084],[-88.5008,42.084],[-88.5008,42.08845],[-88.49295,42.0885],[-88.49295,42.09215],[-88.4899,42.09215],[-88.4897,42.0885],[-88.4867,42.0895],[-88.48665,42.0958],[-88.4718,42.0905],[-88.47005,42.0951],[-88.473,42.0963],[-88.4797,42.09585],[-88.48145,42.09625],[-88.4815,42.0978],[-88.484,42.09775],[-88.48395,42.09625],[-88.49575,42.09605],[-88.49655,42.0987],[-88.5215,42.099],[-88.51915,42.0996],[-88.50565,42.0994],[-88.5057,42.1035],[-88.50155,42.1035],[-88.5016,42.10635],[-88.50815,42.10635],[-88.50815,42.1103],[-88.50605,42.1104],[-88.50595,42.1137],[-88.4957,42.1138],[-88.49565,42.1197],[-88.4912,42.1197],[-88.4912,42.1174],[-88.48155,42.11765],[-88.48155,42.1152],[-88.47835,42.11525],[-88.4772,42.1139],[-88.4771,42.1102],[-88.47265,42.11025],[-88.4727,42.10295],[-88.4815,42.10295],[-88.4815,42.10155],[-88.4769,42.10155],[-88.47685,42.09945],[-88.4546,42.09945],[-88.4547,42.10295],[-88.46685,42.103],[-88.46685,42.1067],[-88.4644,42.1067],[-88.4644,42.11485],[-88.4664,42.1161],[-88.4669,42.1139],[-88.46875,42.1139],[-88.47085,42.11555],[-88.4719,42.1148],[-88.47195,42.1203],[-88.46685,42.1211],[-88.4669,42.12755],[-88.4666,42.13195],[-88.472,42.13195],[-88.472,42.1326],[-88.4816,42.1326],[-88.4817,42.13925],[-88.4906,42.13915],[-88.49055,42.1383],[-88.50525,42.1418],[-88.50595,42.14285],[-88.4962,42.1404],[-88.49625,42.1464],[-88.49975,42.1464],[-88.4998,42.15005],[-88.4915,42.15005],[-88.49155,42.15375],[-88.49645,42.1537],[-88.49645,42.15445],[-88.49855,42.15505],[-88.50595,42.15575],[-88.5062,42.15575],[-88.50615,42.1537],[-88.5181,42.15375],[-88.51565,42.15175],[-88.51645,42.15],[-88.5304,42.14995],[-88.53035,42.1491],[-88.51455,42.1444],[-88.50985,42.1432],[-88.5072,42.1391],[-88.51075,42.1391],[-88.5107,42.12475],[-88.50835,42.1227],[-88.50585,42.1227],[-88.5059,42.11775],[-88.5106,42.1177],[-88.51045,42.10645],[-88.5165,42.10645],[-88.5166,42.1029],[-88.52045,42.10295],[-88.5204,42.11],[-88.5269,42.11005],[-88.52695,42.1083],[-88.5301,42.10825],[-88.53005,42.11],[-88.535,42.11],[-88.53905,42.10925],[-88.53905,42.1107],[-88.53495,42.1107],[-88.53495,42.11365],[-88.5235,42.1137],[-88.5235,42.12105],[-88.5204,42.12105],[-88.5204,42.12455],[-88.51555,42.12455],[-88.51555,42.1271],[-88.5241,42.12935],[-88.52555,42.1287],[-88.52555,42.1245],[-88.53015,42.1245],[-88.5302,42.121],[-88.5494,42.1209],[-88.54965,42.1245],[-88.535,42.12455],[-88.535,42.12635],[-88.53015,42.1263],[-88.53015,42.1285],[-88.5349,42.1286],[-88.53505,42.1326],[-88.54375,42.1325],[-88.5518,42.13335]],[[-88.5032,42.12765],[-88.50525,42.12765],[-88.5053,42.13185],[-88.501,42.13185],[-88.50105,42.1352],[-88.49135,42.1353],[-88.4912,42.1244],[-88.4864,42.1244],[-88.48635,42.12055],[-88.48155,42.12055],[-88.48155,42.1191],[-88.48635,42.1191],[-88.48885,42.1197],[-88.4889,42.12285],[-88.49205,42.12435],[-88.50315,42.1246],[-88.5032,42.12765]],[[-88.5011,42.1464],[-88.50595,42.14635],[-88.506,42.15],[-88.50115,42.15005],[-88.5011,42.1464]]]},"properties":{"kind":"neighbour","name":"Hampshire","region":"Kane County","lp":[-88.53093,42.09874]}},
{"type":"Feature","geometry":{"type":"Polygon","coordinates":[[[-87.73205,41.4697],[-87.75495,41.46975],[-87.7547,41.4621],[-87.75725,41.46205],[-87.7574,41.4569],[-87.75705,41.45605],[-87.75815,41.4414],[-87.761,41.44155],[-87.7603,41.4342],[-87.7586,41.4342],[-87.7594,41.4278],[-87.75595,41.4278],[-87.7554,41.42875],[-87.7476,41.4288],[-87.74755,41.42705],[-87.72845,41.4272],[-87.7285,41.42965],[-87.7189,41.42975],[-87.71885,41.42725],[-87.71405,41.4273],[-87.7134,41.4268],[-87.70985,41.43165],[-87.70845,41.4381],[-87.7094,41.4381],[-87.70915,41.44185],[-87.7042,41.44185],[-87.7042,41.4387],[-87.6947,41.4388],[-87.6946,41.4303],[-87.6901,41.4304],[-87.68985,41.42735],[-87.6805,41.4275],[-87.68045,41.4271],[-87.68515,41.4271],[-87.685,41.42395],[-87.68045,41.42405],[-87.68025,41.4202],[-87.67045,41.42035],[-87.67055,41.42395],[-87.67165,41.424],[-87.6716,41.4267],[-87.67485,41.42665],[-87.67505,41.42745],[-87.66605,41.4276],[-87.6661,41.42945],[-87.6613,41.42945],[-87.6612,41.44225],[-87.6651,41.4423],[-87.66515,41.44505],[-87.66785,41.4453],[-87.66785,41.44225],[-87.6696,41.4423],[-87.67075,41.444],[-87.6708,41.45085],[-87.6756,41.45075],[-87.67565,41.45335],[-87.6802,41.4534],[-87.6802,41.46205],[-87.6769,41.4621],[-87.67825,41.46375],[-87.6783,41.46785],[-87.67605,41.46785],[-87.67615,41.4698],[-87.67985,41.46975],[-87.68095,41.4692],[-87.68085,41.46235],[-87.68325,41.4624],[-87.6833,41.4639],[-87.68605,41.4639],[-87.687,41.46585],[-87.6876,41.46565],[-87.6889,41.4632],[-87.69055,41.46325],[-87.6906,41.45995],[-87.6935,41.45995],[-87.69335,41.45725],[-87.7,41.45735],[-87.7,41.4565],[-87.695,41.45615],[-87.69505,41.4533],[-87.69965,41.45105],[-87.70005,41.45055],[-87.7049,41.4505],[-87.7048,41.4492],[-87.7095,41.4491],[-87.7096,41.45425],[-87.70725,41.4543],[-87.7073,41.45555],[-87.70955,41.4555],[-87.70985,41.4644],[-87.71985,41.46405],[-87.71685,41.46975],[-87.72235,41.46975],[-87.72215,41.4728],[-87.7321,41.47275],[-87.73205,41.4697]],[[-87.6906,41.4418],[-87.69955,41.44175],[-87.69955,41.44585],[-87.69475,41.44665],[-87.69065,41.44635],[-87.6906,41.4418]],[[-87.73195,41.4484],[-87.7335,41.4484],[-87.7336,41.45545],[-87.732,41.45625],[-87.7288,41.4563],[-87.7282,41.4549],[-87.72625,41.45495],[-87.7319,41.4444],[-87.73195,41.4484]],[[-87.72885,41.46145],[-87.73215,41.46135],[-87.7322,41.4635],[-87.7289,41.4636],[-87.72885,41.46145]],[[-87.74005,41.43755],[-87.7402,41.44155],[-87.7334,41.44155],[-87.73555,41.43755],[-87.74005,41.43755]],[[-87.7436,41.45315],[-87.7435,41.4491],[-87.74785,41.4491],[-87.74785,41.4532],[-87.7436,41.45315]]]},"properties":{"kind":"neighbour","name":"University Park","region":"Will County","lp":[-87.71997,41.44367]}},
{"type":"Feature","geometry":{"type":"Polygon","coordinates":[[[-88.0431,41.84555],[-88.04235,41.84315],[-88.0452,41.84215],[-88.0481,41.83925],[-88.05095,41.83315],[-88.05105,41.8314],[-88.0478,41.83165],[-88.0457,41.8372],[-88.04425,41.837],[-88.04135,41.84165],[-88.0417,41.84495],[-88.02995,41.84505],[-88.02975,41.83855],[-88.0259,41.83795],[-88.02595,41.83885],[-88.01615,41.8391],[-88.01595,41.83495],[-88.011,41.83575],[-88.01095,41.83475],[-88.0074,41.8349],[-87.9934,41.83895],[-87.99605,41.83975],[-87.9968,41.84065],[-87.9908,41.8431],[-87.992,41.84595],[-87.9996,41.8459],[-88.00145,41.84655],[-88.0018,41.84585],[-88.00205,41.85155],[-88.0045,41.85075],[-88.0048,41.85675],[-87.99955,41.85995],[-87.99535,41.8595],[-87.99495,41.85695],[-87.99245,41.8552],[-87.9926,41.8585],[-87.9933,41.85935],[-87.9914,41.85975],[-87.99145,41.86045],[-87.98955,41.86045],[-87.9915,41.8613],[-87.9923,41.86335],[-87.99275,41.8637],[-87.9905,41.86395],[-87.98965,41.86515],[-87.98965,41.86785],[-87.987,41.8678],[-87.9872,41.87145],[-87.98845,41.87145],[-87.98885,41.889],[-87.98965,41.8898],[-87.9937,41.8898],[-87.9936,41.89395],[-87.9985,41.89245],[-87.99825,41.90425],[-88.0047,41.9043],[-88.00465,41.90495],[-88.0041,41.90495],[-88.0071,41.9056],[-88.0089,41.9085],[-88.0127,41.90845],[-88.01285,41.9113],[-88.0155,41.91205],[-88.02255,41.9119],[-88.0227,41.91435],[-88.0252,41.91505],[-88.02515,41.9118],[-88.02775,41.91155],[-88.0276,41.9082],[-88.0295,41.907],[-88.03245,41.90795],[-88.03885,41.9079],[-88.0389,41.9061],[-88.03955,41.9051],[-88.0395,41.90155],[-88.03855,41.90075],[-88.03865,41.89465],[-88.03825,41.89305],[-88.0341,41.89245],[-88.0354,41.88835],[-88.0361,41.88855],[-88.03515,41.89165],[-88.03745,41.8911],[-88.03775,41.88875],[-88.03615,41.8859],[-88.03655,41.88465],[-88.03585,41.8844],[-88.0365,41.88375],[-88.03635,41.8826],[-88.0347,41.88025],[-88.0344,41.8776],[-88.03515,41.8746],[-88.03725,41.87055],[-88.04055,41.8705],[-88.04065,41.86545],[-88.0381,41.86545],[-88.03495,41.86685],[-88.0316,41.867],[-88.0279,41.8661],[-88.02725,41.8649],[-88.027,41.8598],[-88.03325,41.85965],[-88.03335,41.85375],[-88.0386,41.8537],[-88.03925,41.85465],[-88.0393,41.85905],[-88.043,41.85935],[-88.04185,41.85535],[-88.04025,41.85365],[-88.04305,41.84925],[-88.0431,41.84555]],[[-88.0096,41.85025],[-88.0118,41.8502],[-88.0137,41.85165],[-88.01285,41.8541],[-88.01695,41.854],[-88.01715,41.8581],[-88.01505,41.8588],[-88.00735,41.8591],[-88.00705,41.853],[-88.00975,41.85295],[-88.0096,41.85025]],[[-88.02155,41.8481],[-88.0264,41.84795],[-88.02655,41.85075],[-88.0217,41.85085],[-88.02155,41.8481]],[[-88.0261,41.84155],[-88.02865,41.8415],[-88.02875,41.8451],[-88.02625,41.8451],[-88.0261,41.84155]],[[-88.033,41.87005],[-88.03555,41.87055],[-88.0344,41.8723],[-88.03435,41.8741],[-88.0327,41.87595],[-88.0302,41.8764],[-88.0299,41.8719],[-88.033,41.8718],[-88.033,41.87005]],[[-88.0326,41.89945],[-88.03705,41.8992],[-88.03685,41.9016],[-88.03255,41.90145],[-88.0326,41.89945]]]},"properties":{"kind":"neighbour","name":"Lombard","region":"DuPage County","lp":[-88.01159,41.87904]}},
{"type":"Feature","geometry":{"type":"Polygon","coordinates":[[[-87.50875,41.46825],[-87.50855,41.45375],[-87.5099,41.45375],[-87.51035,41.45145],[-87.50855,41.45015],[-87.50835,41.4356],[-87.5121,41.4356],[-87.51315,41.43445],[-87.51315,41.43235],[-87.5144,41.42835],[-87.5143,41.4262],[-87.51915,41.42615],[-87.52075,41.42515],[-87.5083,41.4255],[-87.5083,41.4246],[-87.50445,41.4246],[-87.50385,41.42415],[-87.50385,41.42115],[-87.5021,41.4212],[-87.50215,41.42675],[-87.49895,41.42675],[-87.49895,41.4212],[-87.498,41.4212],[-87.49795,41.41395],[-87.4941,41.41395],[-87.4941,41.4174],[-87.4893,41.41745],[-87.4893,41.42125],[-87.4773,41.4212],[-87.4761,41.42485],[-87.47485,41.42485],[-87.4749,41.4212],[-87.45475,41.42105],[-87.45845,41.4274],[-87.46065,41.43535],[-87.46025,41.4354],[-87.4595,41.4325],[-87.4555,41.4325],[-87.4555,41.43535],[-87.45055,41.43535],[-87.4506,41.41375],[-87.4409,41.41365],[-87.4409,41.42045],[-87.4312,41.42035],[-87.4312,41.42455],[-87.4215,41.4245],[-87.4215,41.4317],[-87.42025,41.4317],[-87.42025,41.4352],[-87.4215,41.43565],[-87.41685,41.43855],[-87.4178,41.44425],[-87.41905,41.4439],[-87.4191,41.4497],[-87.4181,41.4497],[-87.41815,41.4542],[-87.42175,41.45335],[-87.4363,41.45335],[-87.43635,41.457],[-87.4332,41.457],[-87.43155,41.45915],[-87.4364,41.45925],[-87.43645,41.4606],[-87.4397,41.46065],[-87.44125,41.45835],[-87.4461,41.4584],[-87.4461,41.4576],[-87.451,41.45765],[-87.4528,41.457],[-87.4537,41.459],[-87.45245,41.4611],[-87.451,41.4611],[-87.45105,41.4643],[-87.45295,41.4643],[-87.4619,41.46435],[-87.46185,41.46305],[-87.4631,41.4631],[-87.4631,41.46435],[-87.46555,41.46435],[-87.4657,41.4572],[-87.46645,41.45725],[-87.46615,41.4644],[-87.46625,41.47165],[-87.4704,41.4711],[-87.4718,41.4717],[-87.4718,41.4699],[-87.47405,41.4699],[-87.47405,41.4717],[-87.4818,41.47175],[-87.48495,41.469],[-87.47765,41.4645],[-87.48975,41.4645],[-87.4898,41.46815],[-87.50875,41.46825]],[[-87.4263,41.4361],[-87.4263,41.4352],[-87.43325,41.43525],[-87.4333,41.4368],[-87.4263,41.4361]],[[-87.4263,41.4361],[-87.42635,41.43705],[-87.4215,41.43705],[-87.4228,41.43525],[-87.4263,41.4361]],[[-87.4216,41.44245],[-87.4264,41.44245],[-87.42655,41.4497],[-87.4217,41.4497],[-87.4216,41.44245]],[[-87.42995,41.43155],[-87.42985,41.42815],[-87.4312,41.42815],[-87.43115,41.43155],[-87.42995,41.43155]],[[-87.48935,41.4258],[-87.48935,41.4249],[-87.49415,41.42485],[-87.49415,41.42575],[-87.48935,41.4258]],[[-87.4921,41.4609],[-87.4958,41.46095],[-87.49585,41.46455],[-87.49215,41.4645],[-87.4921,41.4609]],[[-87.49885,41.437],[-87.49885,41.4356],[-87.50175,41.4356],[-87.50055,41.43775],[-87.49885,41.437]]]},"properties":{"kind":"neighbour","name":"St. John","region":"Lake County, Indiana","lp":[-87.48042,41.44664]}},
{"type":"Feature","geometry":{"type":"MultiPolygon","coordinates":[[[[-88.132,41.43595],[-88.16375,41.43525],[-88.1733,41.41335],[-88.17035,41.41345],[-88.16555,41.4057],[-88.1633,41.4036],[-88.16225,41.40095],[-88.16595,41.39155],[-88.1656,41.3831],[-88.1636,41.37755],[-88.1445,41.378],[-88.14435,41.37505],[-88.1378,41.3752],[-88.1379,41.3782],[-88.1283,41.3784],[-88.1171,41.39305],[-88.11435,41.39295],[-88.09915,41.3933],[-88.09925,41.3971],[-88.09685,41.39715],[-88.09715,41.40795],[-88.0927,41.40805],[-88.09235,41.4072],[-88.0778,41.4075],[-88.0778,41.40835],[-88.09115,41.4081],[-88.0913,41.41175],[-88.0925,41.4117],[-88.09275,41.4207],[-88.097,41.4206],[-88.09765,41.4224],[-88.0979,41.4296],[-88.10255,41.4295],[-88.10435,41.42225],[-88.1074,41.42215],[-88.1077,41.4304],[-88.10425,41.42945],[-88.10365,41.4265],[-88.10085,41.4379],[-88.10795,41.4378],[-88.10815,41.4438],[-88.1131,41.4437],[-88.1132,41.44615],[-88.11805,41.44605],[-88.1181,41.4472],[-88.12325,41.44705],[-88.12305,41.44345],[-88.13235,41.44315],[-88.132,41.43595]],[[-88.11695,41.4165],[-88.1121,41.4166],[-88.11205,41.41485],[-88.1169,41.41475],[-88.11695,41.4165]],[[-88.1231,41.4218],[-88.1219,41.42185],[-88.1218,41.41825],[-88.1266,41.4181],[-88.12535,41.4208],[-88.1231,41.4218]],[[-88.1295,41.4064],[-88.1295,41.4072],[-88.14595,41.4066],[-88.1461,41.4121],[-88.13125,41.41245],[-88.1312,41.4079],[-88.12635,41.40805],[-88.1295,41.4064]],[[-88.1594,41.404],[-88.16425,41.4058],[-88.1695,41.4135],[-88.1556,41.41375],[-88.15525,41.40465],[-88.1594,41.404]]],[[[-88.1756,41.43195],[-88.1775,41.4323],[-88.18955,41.4243],[-88.18555,41.42465],[-88.18455,41.4242],[-88.18205,41.4203],[-88.171,41.42065],[-88.16975,41.42265],[-88.16445,41.4352],[-88.16955,41.4351],[-88.17145,41.43355],[-88.1756,41.43195]]]]},"properties":{"kind":"neighbour","name":"Elwood","region":"Will County","lp":[-88.14785,41.39232]}},
{"type":"Feature","geometry":{"type":"Polygon","coordinates":[[[-88.39905,42.3077],[-88.39905,42.30495],[-88.404,42.30495],[-88.40715,42.3056],[-88.40715,42.3081],[-88.40395,42.3081],[-88.404,42.31135],[-88.4092,42.3128],[-88.42005,42.3128],[-88.4187,42.31055],[-88.4187,42.30555],[-88.42125,42.30555],[-88.42355,42.3047],[-88.4236,42.3073],[-88.42845,42.30735],[-88.4285,42.3128],[-88.4329,42.3128],[-88.43335,42.3137],[-88.4334,42.31825],[-88.4278,42.3182],[-88.42775,42.32125],[-88.4285,42.3249],[-88.43015,42.32495],[-88.42915,42.32685],[-88.4309,42.32815],[-88.43095,42.33105],[-88.42315,42.33075],[-88.41975,42.33195],[-88.41975,42.33065],[-88.4138,42.33295],[-88.41375,42.35415],[-88.42365,42.35405],[-88.42365,42.35635],[-88.4285,42.35635],[-88.4285,42.3473],[-88.4334,42.3473],[-88.4334,42.3491],[-88.43825,42.34905],[-88.4383,42.34565],[-88.44085,42.34565],[-88.4414,42.3419],[-88.44935,42.3419],[-88.44935,42.33835],[-88.4499,42.33835],[-88.4529,42.34],[-88.45285,42.33095],[-88.46255,42.33095],[-88.46255,42.34435],[-88.4715,42.344],[-88.47225,42.34165],[-88.4723,42.33535],[-88.49165,42.3487],[-88.49175,42.3384],[-88.4869,42.3373],[-88.48685,42.345],[-88.46345,42.32885],[-88.466,42.3275],[-88.46595,42.3237],[-88.46745,42.3229],[-88.4691,42.3241],[-88.473,42.3236],[-88.4728,42.32],[-88.46865,42.3201],[-88.4686,42.31635],[-88.46985,42.31635],[-88.46985,42.3193],[-88.4728,42.3193],[-88.4728,42.31285],[-88.482,42.31285],[-88.48205,42.3092],[-88.4869,42.3092],[-88.4869,42.30555],[-88.48565,42.3056],[-88.48565,42.30195],[-88.48195,42.30195],[-88.48195,42.29835],[-88.4785,42.2984],[-88.47715,42.29915],[-88.47525,42.3022],[-88.4702,42.30515],[-88.4724,42.3092],[-88.4698,42.3092],[-88.46595,42.3056],[-88.4673,42.3056],[-88.46735,42.3026],[-88.46505,42.3013],[-88.45945,42.2996],[-88.45925,42.302],[-88.455,42.30205],[-88.45265,42.30085],[-88.45265,42.2925],[-88.4478,42.2925],[-88.4478,42.29115],[-88.4429,42.2911],[-88.44295,42.2875],[-88.44775,42.28755],[-88.4478,42.28395],[-88.4527,42.28395],[-88.45255,42.27465],[-88.45125,42.2743],[-88.4512,42.26945],[-88.42815,42.26945],[-88.4282,42.27305],[-88.43305,42.273],[-88.43305,42.2766],[-88.4429,42.27665],[-88.44295,42.28395],[-88.43805,42.28385],[-88.4381,42.2885],[-88.43315,42.2878],[-88.4331,42.2843],[-88.42975,42.2839],[-88.42825,42.2802],[-88.4185,42.28025],[-88.41855,42.29025],[-88.41595,42.2897],[-88.41365,42.28785],[-88.4136,42.2839],[-88.41535,42.2839],[-88.41535,42.2805],[-88.4087,42.28035],[-88.4087,42.27675],[-88.41845,42.2767],[-88.41845,42.2731],[-88.41355,42.2731],[-88.4135,42.26955],[-88.41105,42.26955],[-88.41105,42.26695],[-88.4086,42.2661],[-88.40865,42.27315],[-88.3989,42.27315],[-88.39895,42.2771],[-88.38695,42.2751],[-88.38665,42.27655],[-88.38985,42.28225],[-88.4039,42.2899],[-88.40395,42.2926],[-88.40235,42.2923],[-88.402,42.29345],[-88.40075,42.29325],[-88.3896,42.29035],[-88.38925,42.291],[-88.3893,42.29845],[-88.38795,42.2985],[-88.38475,42.30375],[-88.38755,42.30465],[-88.3893,42.30585],[-88.3893,42.3021],[-88.39415,42.30205],[-88.3941,42.3067],[-88.3976,42.308],[-88.39905,42.3077]],[[-88.40885,42.29605],[-88.4088,42.2927],[-88.41365,42.29525],[-88.4137,42.30005],[-88.413,42.3011],[-88.40885,42.302],[-88.40395,42.302],[-88.40395,42.2984],[-88.40885,42.29605]],[[-88.42495,42.3348],[-88.42845,42.33475],[-88.4274,42.3365],[-88.4236,42.3365],[-88.42495,42.3348]],[[-88.42845,42.3321],[-88.42845,42.3344],[-88.42675,42.3344],[-88.42675,42.33235],[-88.42845,42.3321]],[[-88.43785,42.334],[-88.43825,42.33465],[-88.4383,42.3419],[-88.4334,42.3419],[-88.43335,42.3388],[-88.4358,42.33885],[-88.4358,42.3334],[-88.43785,42.334]],[[-88.436,42.29945],[-88.43735,42.29945],[-88.43695,42.3032],[-88.43575,42.3032],[-88.436,42.29945]],[[-88.44295,42.29845],[-88.4429,42.29445],[-88.4467,42.29785],[-88.44295,42.29845]],[[-88.46575,42.316],[-88.46495,42.3164],[-88.465,42.32005],[-88.46255,42.31915],[-88.4626,42.31275],[-88.46455,42.31275],[-88.4646,42.3154],[-88.46575,42.316]]]},"properties":{"kind":"neighbour","name":"Woodstock","region":"McHenry County","lp":[-88.44799,42.31551]}},
{"type":"Feature","geometry":{"type":"MultiPolygon","coordinates":[[[[-87.8267,42.1056],[-87.83415,42.09835],[-87.8247,42.0983],[-87.82585,42.1056],[-87.8267,42.1056]]],[[[-87.876,42.15295],[-87.87995,42.15295],[-87.88005,42.1519],[-87.88125,42.1519],[-87.8811,42.15295],[-87.89235,42.153],[-87.89235,42.14575],[-87.8824,42.14565],[-87.88645,42.13995],[-87.8872,42.1382],[-87.88725,42.1284],[-87.8856,42.1237],[-87.8789,42.12375],[-87.8791,42.12535],[-87.8781,42.1265],[-87.8718,42.1268],[-87.8688,42.12535],[-87.86845,42.12385],[-87.8634,42.12385],[-87.86345,42.11675],[-87.86545,42.11665],[-87.8655,42.11195],[-87.86585,42.11235],[-87.86845,42.1113],[-87.86835,42.1096],[-87.86695,42.108],[-87.86705,42.10625],[-87.86645,42.1061],[-87.8639,42.10575],[-87.857,42.10575],[-87.857,42.1064],[-87.855,42.10575],[-87.84905,42.1057],[-87.849,42.1075],[-87.84695,42.10735],[-87.8442,42.10345],[-87.8393,42.10345],[-87.8393,42.1019],[-87.8344,42.10195],[-87.83435,42.1075],[-87.8294,42.1075],[-87.8294,42.1056],[-87.8273,42.1056],[-87.82385,42.10955],[-87.82305,42.1129],[-87.8246,42.11915],[-87.8198,42.10755],[-87.8148,42.10765],[-87.81475,42.1055],[-87.799,42.1054],[-87.79935,42.10725],[-87.80155,42.11015],[-87.8,42.11035],[-87.7999,42.11855],[-87.79005,42.1184],[-87.78785,42.11745],[-87.785,42.1174],[-87.7827,42.1189],[-87.78255,42.1198],[-87.78485,42.12345],[-87.78155,42.12355],[-87.78465,42.12865],[-87.7841,42.1339],[-87.7854,42.1345],[-87.787,42.1376],[-87.78655,42.1388],[-87.7882,42.13965],[-87.7887,42.13875],[-87.79005,42.1411],[-87.7899,42.14545],[-87.79445,42.14575],[-87.7973,42.1501],[-87.79725,42.15085],[-87.79605,42.15255],[-87.8244,42.1527],[-87.8242,42.14975],[-87.82355,42.14935],[-87.8185,42.14875],[-87.81815,42.1449],[-87.8141,42.1453],[-87.81435,42.1432],[-87.813,42.14195],[-87.8283,42.1421],[-87.8253,42.1382],[-87.8387,42.1383],[-87.84065,42.14065],[-87.84095,42.1438],[-87.83895,42.14375],[-87.83735,42.1454],[-87.839,42.14785],[-87.83915,42.1483],[-87.8388,42.14865],[-87.8397,42.1492],[-87.84295,42.14985],[-87.8707,42.15],[-87.87525,42.15155],[-87.876,42.15295]]]]},"properties":{"kind":"neighbour","name":"Northbrook","region":"Cook County","lp":[-87.8465,42.12429]}},
{"type":"Feature","geometry":{"type":"Polygon","coordinates":[[[-87.94335,42.40205],[-87.94805,42.4021],[-87.94835,42.39655],[-87.94675,42.3943],[-87.9465,42.39335],[-87.94845,42.39345],[-87.94845,42.3861],[-87.94965,42.3857],[-87.9495,42.39355],[-87.96225,42.39415],[-87.96315,42.39375],[-87.9632,42.39085],[-87.965,42.391],[-87.9659,42.39025],[-87.96435,42.3896],[-87.96815,42.38955],[-87.9682,42.38555],[-87.9741,42.3858],[-87.97405,42.3874],[-87.978,42.38725],[-87.978,42.38595],[-87.98105,42.38595],[-87.9816,42.38715],[-87.98465,42.38775],[-87.9878,42.38745],[-87.9878,42.3859],[-87.9979,42.38595],[-87.9974,42.38475],[-88,42.37875],[-87.99285,42.3787],[-87.99285,42.37805],[-88.0003,42.3781],[-88.0017,42.3753],[-88.0031,42.37515],[-87.99905,42.37225],[-87.99795,42.3705],[-87.9979,42.3664],[-87.99975,42.36245],[-87.9973,42.3624],[-87.99575,42.3638],[-87.9895,42.3641],[-87.98945,42.3677],[-87.9882,42.3677],[-87.98825,42.3641],[-87.9734,42.364],[-87.9733,42.37135],[-87.9648,42.37125],[-87.96505,42.36245],[-87.96355,42.36125],[-87.96365,42.35125],[-87.95865,42.35125],[-87.9587,42.3494],[-87.96385,42.34945],[-87.96375,42.34805],[-87.9587,42.34805],[-87.9587,42.34715],[-87.96365,42.34715],[-87.96365,42.3451],[-87.9621,42.3442],[-87.9587,42.34415],[-87.95875,42.34175],[-87.9679,42.3405],[-87.97345,42.3404],[-87.9735,42.3349],[-87.96655,42.3349],[-87.96655,42.32765],[-87.95675,42.3276],[-87.95575,42.32795],[-87.95335,42.33155],[-87.95555,42.3324],[-87.95555,42.33485],[-87.9511,42.3348],[-87.9461,42.3421],[-87.94365,42.34205],[-87.94355,42.3438],[-87.9414,42.34405],[-87.9402,42.34565],[-87.935,42.3456],[-87.9351,42.34795],[-87.93445,42.35035],[-87.93945,42.3504],[-87.93495,42.35655],[-87.9314,42.3565],[-87.92275,42.3696],[-87.91935,42.3696],[-87.91935,42.3604],[-87.91445,42.36035],[-87.91445,42.35625],[-87.9243,42.3563],[-87.92425,42.351],[-87.92795,42.35105],[-87.924,42.3467],[-87.92125,42.34705],[-87.92125,42.34635],[-87.92065,42.3464],[-87.92065,42.34585],[-87.9169,42.34615],[-87.9133,42.34625],[-87.90705,42.3472],[-87.90645,42.34725],[-87.90765,42.3564],[-87.9022,42.35635],[-87.9021,42.35815],[-87.90095,42.35815],[-87.90095,42.3563],[-87.89535,42.3562],[-87.89795,42.35825],[-87.89795,42.35965],[-87.8906,42.3596],[-87.89065,42.35615],[-87.8862,42.35605],[-87.8868,42.3596],[-87.88825,42.3596],[-87.88825,42.36335],[-87.8848,42.3633],[-87.8843,42.36885],[-87.8849,42.3705],[-87.88485,42.37265],[-87.8848,42.37675],[-87.88395,42.37675],[-87.88485,42.37725],[-87.8846,42.38205],[-87.88505,42.39045],[-87.8873,42.3905],[-87.8946,42.39065],[-87.89455,42.3925],[-87.90435,42.3927],[-87.9093,42.3921],[-87.9093,42.3903],[-87.9142,42.3903],[-87.9135,42.3859],[-87.90465,42.38585],[-87.90465,42.38545],[-87.9134,42.38545],[-87.91185,42.3782],[-87.91255,42.3786],[-87.913,42.3807],[-87.91905,42.37975],[-87.9225,42.37885],[-87.9225,42.38225],[-87.9206,42.38555],[-87.92225,42.38555],[-87.92225,42.3834],[-87.9241,42.3834],[-87.9241,42.3856],[-87.9208,42.38595],[-87.92375,42.38975],[-87.9289,42.39],[-87.92885,42.3929],[-87.9313,42.3929],[-87.93125,42.3965],[-87.9293,42.39695],[-87.93355,42.4024],[-87.9335,42.4038],[-87.93845,42.40385],[-87.93845,42.40025],[-87.9434,42.40025],[-87.94335,42.40205]],[[-87.8947,42.3816],[-87.8986,42.38165],[-87.8987,42.3835],[-87.89465,42.3834],[-87.8947,42.3816]],[[-87.9164,42.3511],[-87.91625,42.3534],[-87.9145,42.3534],[-87.9145,42.3511],[-87.9164,42.3511]],[[-87.95315,42.35415],[-87.95385,42.3542],[-87.95385,42.35665],[-87.9526,42.35665],[-87.9525,42.36245],[-87.9509,42.3639],[-87.93955,42.36385],[-87.94625,42.3772],[-87.9515,42.3817],[-87.9482,42.38155],[-87.94445,42.379],[-87.945,42.37755],[-87.93845,42.36385],[-87.9347,42.3629],[-87.9347,42.36075],[-87.93785,42.36075],[-87.93785,42.35655],[-87.94265,42.3566],[-87.9427,42.3527],[-87.9451,42.35295],[-87.95315,42.353],[-87.95315,42.35415]],[[-87.94125,42.3918],[-87.943,42.3915],[-87.9435,42.39335],[-87.94135,42.39355],[-87.94125,42.3918]],[[-87.9634,42.3703],[-87.9647,42.37125],[-87.9634,42.37265],[-87.96335,42.37485],[-87.9595,42.37485],[-87.9583,42.3757],[-87.95355,42.3762],[-87.9536,42.3712],[-87.94875,42.3711],[-87.9488,42.36575],[-87.95865,42.36575],[-87.9586,42.3671],[-87.96345,42.36715],[-87.9634,42.3694],[-87.9586,42.36935],[-87.9586,42.37025],[-87.9634,42.3703]]]},"properties":{"kind":"neighbour","name":"Gurnee","region":"Lake County","lp":[-87.90546,42.36887]}},
{"type":"Feature","geometry":{"type":"Polygon","coordinates":[[[-88.3812,42.1757],[-88.3812,42.1685],[-88.38365,42.1685],[-88.3836,42.16125],[-88.37875,42.16125],[-88.37875,42.1576],[-88.371,42.1576],[-88.3693,42.157],[-88.36955,42.15265],[-88.36835,42.15265],[-88.36835,42.15335],[-88.3672,42.1534],[-88.3673,42.1539],[-88.3593,42.154],[-88.3593,42.15585],[-88.35445,42.15585],[-88.3545,42.147],[-88.35045,42.147],[-88.35045,42.1452],[-88.34555,42.1452],[-88.3431,42.14465],[-88.3431,42.14345],[-88.33095,42.14335],[-88.3309,42.14125],[-88.3319,42.1397],[-88.33375,42.1398],[-88.33365,42.13655],[-88.33565,42.13665],[-88.33585,42.14005],[-88.3456,42.14],[-88.3455,42.13395],[-88.3443,42.13245],[-88.3429,42.1332],[-88.34165,42.1325],[-88.3306,42.1324],[-88.33075,42.13605],[-88.32095,42.1358],[-88.321,42.13705],[-88.3198,42.13705],[-88.31975,42.13575],[-88.3112,42.13565],[-88.3113,42.14655],[-88.31545,42.14655],[-88.3163,42.1471],[-88.3163,42.1501],[-88.2988,42.1507],[-88.29665,42.1515],[-88.2952,42.1528],[-88.2932,42.15275],[-88.29305,42.1539],[-88.2822,42.15375],[-88.28235,42.1466],[-88.28485,42.14575],[-88.2832,42.1442],[-88.2811,42.1448],[-88.2773,42.14495],[-88.2773,42.14675],[-88.2675,42.1468],[-88.2675,42.14855],[-88.2576,42.14895],[-88.2575,42.1648],[-88.26195,42.1648],[-88.262,42.1686],[-88.26305,42.16855],[-88.26285,42.17575],[-88.2624,42.17735],[-88.26905,42.1773],[-88.27065,42.1769],[-88.2739,42.1787],[-88.27635,42.17655],[-88.277,42.1765],[-88.2772,42.1776],[-88.278,42.1782],[-88.2817,42.17575],[-88.28345,42.17655],[-88.28625,42.17655],[-88.2863,42.18225],[-88.28575,42.1827],[-88.27915,42.1834],[-88.27915,42.18565],[-88.2767,42.1845],[-88.27245,42.1845],[-88.27035,42.1859],[-88.2716,42.18745],[-88.2738,42.1886],[-88.27535,42.19015],[-88.27625,42.19095],[-88.27925,42.19075],[-88.2809,42.19195],[-88.28165,42.19015],[-88.2865,42.1905],[-88.28695,42.1901],[-88.30065,42.1901],[-88.29915,42.18565],[-88.2865,42.1856],[-88.2865,42.18295],[-88.294,42.1829],[-88.294,42.1793],[-88.2964,42.1793],[-88.29645,42.1757],[-88.2999,42.17305],[-88.3024,42.1722],[-88.30195,42.17465],[-88.3056,42.17215],[-88.3068,42.1738],[-88.3086,42.1721],[-88.31105,42.17205],[-88.31095,42.1763],[-88.315,42.17665],[-88.3169,42.1766],[-88.32115,42.1757],[-88.33035,42.1757],[-88.37015,42.17585],[-88.37195,42.17575],[-88.3731,42.17395],[-88.3775,42.17395],[-88.3775,42.17575],[-88.3812,42.1757]],[[-88.30045,42.15885],[-88.30145,42.16135],[-88.2978,42.1614],[-88.2974,42.15855],[-88.30045,42.15885]],[[-88.2996,42.15525],[-88.29955,42.15385],[-88.3065,42.15375],[-88.3049,42.1576],[-88.3016,42.1577],[-88.3016,42.15595],[-88.2996,42.15525]],[[-88.3148,42.1538],[-88.31625,42.1544],[-88.3162,42.15735],[-88.30765,42.1575],[-88.30865,42.1564],[-88.3087,42.15375],[-88.3148,42.1538]],[[-88.33085,42.1612],[-88.33095,42.15665],[-88.33545,42.1567],[-88.3353,42.1609],[-88.33085,42.1612]]]},"properties":{"kind":"neighbour","name":"Algonquin","region":"McHenry County","lp":[-88.27202,42.15897]}},
{"type":"Feature","geometry":{"type":"MultiPolygon","coordinates":[[[[-88.06475,41.60155],[-88.0665,41.59695],[-88.0647,41.59685],[-88.0641,41.5823],[-88.06675,41.58225],[-88.072,41.5769],[-88.0743,41.57345],[-88.07575,41.5682],[-88.0746,41.5675],[-88.0745,41.5619],[-88.0723,41.5619],[-88.06855,41.5714],[-88.061,41.57145],[-88.06005,41.5704],[-88.0574,41.57045],[-88.0542,41.5716],[-88.0494,41.5717],[-88.0493,41.56815],[-88.0513,41.5681],[-88.05115,41.56265],[-88.0515,41.5608],[-88.02515,41.56145],[-88.02505,41.5584],[-88.02035,41.5584],[-88.0203,41.5561],[-88.0156,41.5562],[-88.01575,41.56165],[-88.01095,41.56175],[-88.01115,41.568],[-88.0124,41.56905],[-88.0069,41.56915],[-88.0063,41.5696],[-88.0064,41.5718],[-88.0075,41.57175],[-88.00755,41.5729],[-88.00645,41.57295],[-88.00655,41.5761],[-88.0072,41.57645],[-88.0023,41.57655],[-88.00225,41.57835],[-87.997,41.5785],[-87.99685,41.57435],[-87.99405,41.57125],[-87.9985,41.5712],[-87.99825,41.5689],[-87.99655,41.5688],[-87.98705,41.56955],[-87.9873,41.5769],[-87.9812,41.577],[-87.98125,41.5789],[-87.9777,41.57895],[-87.97775,41.58075],[-87.98255,41.58065],[-87.9827,41.5843],[-87.9803,41.58435],[-87.98035,41.58545],[-87.97915,41.58545],[-87.9791,41.5844],[-87.97305,41.5845],[-87.9731,41.5863],[-87.9707,41.58635],[-87.9707,41.58735],[-87.9635,41.5883],[-87.9636,41.592],[-87.9685,41.59185],[-87.9684,41.59005],[-87.97685,41.58985],[-87.978,41.58805],[-87.98765,41.58785],[-87.9878,41.5915],[-87.98995,41.5914],[-87.9899,41.5896],[-87.99255,41.58955],[-87.9941,41.5913],[-87.9956,41.5913],[-87.9954,41.58475],[-88.0009,41.5849],[-88.00095,41.59115],[-87.99895,41.5918],[-87.99765,41.5939],[-87.99765,41.59845],[-87.99775,41.5971],[-88.0014,41.597],[-88.00225,41.59115],[-88.0119,41.5909],[-88.01205,41.5964],[-88.01335,41.5981],[-88.0135,41.60545],[-88.0172,41.60535],[-88.01735,41.609],[-88.01975,41.60895],[-88.0189,41.61165],[-88.01745,41.6125],[-88.0147,41.61225],[-88.00775,41.6128],[-88.00795,41.618],[-88.00315,41.6184],[-88.0032,41.6202],[-87.99845,41.6204],[-87.9985,41.623],[-88.0025,41.62295],[-88.0026,41.62625],[-88.00445,41.62745],[-88.0131,41.62785],[-88.01325,41.63095],[-88.01785,41.63375],[-88.02305,41.6336],[-88.02295,41.63075],[-88.0274,41.63065],[-88.02735,41.62945],[-88.01855,41.6295],[-88.0217,41.62705],[-88.01735,41.6271],[-88.0172,41.62355],[-88.01605,41.62355],[-88.01595,41.61995],[-88.0224,41.6198],[-88.027,41.61925],[-88.0298,41.6207],[-88.0271,41.62285],[-88.02835,41.62505],[-88.0305,41.62485],[-88.0304,41.6225],[-88.0318,41.61925],[-88.0347,41.617],[-88.0317,41.61585],[-88.0316,41.61235],[-88.03515,41.6122],[-88.03625,41.6102],[-88.0373,41.60955],[-88.03745,41.6052],[-88.0361,41.60525],[-88.03605,41.603],[-88.0408,41.60285],[-88.04075,41.6014],[-88.03725,41.60235],[-88.03355,41.60205],[-88.03105,41.60335],[-88.02915,41.6035],[-88.0265,41.60315],[-88.0265,41.60515],[-88.02335,41.60525],[-88.0237,41.60075],[-88.0264,41.5994],[-88.0263,41.5978],[-88.02815,41.59775],[-88.0304,41.5993],[-88.0349,41.5985],[-88.03485,41.5976],[-88.0367,41.5959],[-88.0392,41.59475],[-88.0421,41.5958],[-88.0453,41.59575],[-88.04535,41.59725],[-88.0478,41.5973],[-88.0484,41.5978],[-88.0479,41.59885],[-88.04835,41.59985],[-88.04545,41.59895],[-88.0455,41.60125],[-88.0514,41.60225],[-88.0501,41.6044],[-88.0456,41.6045],[-88.04565,41.60585],[-88.04835,41.6061],[-88.05005,41.6046],[-88.0524,41.60435],[-88.0508,41.6224],[-88.0597,41.62225],[-88.06105,41.61145],[-88.06365,41.6114],[-88.06475,41.60155]],[[-88.0117,41.58565],[-88.01165,41.5836],[-88.0138,41.58355],[-88.01385,41.5856],[-88.0117,41.58565]],[[-88.01715,41.60425],[-88.0171,41.603],[-88.0205,41.60295],[-88.0206,41.6053],[-88.01715,41.60425]],[[-88.02665,41.58205],[-88.02785,41.5832],[-88.02125,41.5834],[-88.0212,41.5823],[-88.02665,41.58205]],[[-88.0221,41.568],[-88.022,41.5652],[-88.0348,41.56485],[-88.03435,41.5685],[-88.0215,41.5689],[-88.0221,41.568]],[[-88.0256,41.57655],[-88.0304,41.5768],[-88.03055,41.58135],[-88.02575,41.58145],[-88.02565,41.57795],[-88.0232,41.57795],[-88.02315,41.5766],[-88.0256,41.57655]],[[-88.0255,41.5742],[-88.0255,41.57235],[-88.03025,41.57225],[-88.0303,41.57405],[-88.0255,41.5742]],[[-88.027,41.6183],[-88.027,41.61665],[-88.0294,41.6164],[-88.02945,41.61825],[-88.027,41.6183]],[[-88.04475,41.57545],[-88.04,41.5756],[-88.03965,41.5647],[-88.0456,41.5646],[-88.04585,41.5718],[-88.04465,41.57185],[-88.04475,41.57545]],[[-88.0425,41.581],[-88.04245,41.5788],[-88.04485,41.57875],[-88.0449,41.5809],[-88.0425,41.581]]],[[[-88.0511,41.61375],[-88.0517,41.60675],[-88.0457,41.60675],[-88.044,41.6095],[-88.0457,41.60975],[-88.04575,41.61165],[-88.048,41.6108],[-88.05025,41.6114],[-88.0484,41.6151],[-88.04945,41.61655],[-88.049,41.6207],[-88.05045,41.6207],[-88.0511,41.61375]]],[[[-88.0183,41.63715],[-88.02,41.6389],[-88.02325,41.6388],[-88.0231,41.63435],[-88.0161,41.6348],[-88.01335,41.6341],[-88.0138,41.63605],[-88.0132,41.63815],[-88.01595,41.6381],[-88.0183,41.63715]]]]},"properties":{"kind":"neighbour","name":"Lockport","region":"Will County","lp":[-88.05417,41.58714]}},
{"type":"Feature","geometry":{"type":"MultiPolygon","coordinates":[[[[-88.02685,42.1936],[-88.0286,42.1936],[-88.02885,42.18995],[-88.03355,42.19],[-88.03355,42.1876],[-88.04335,42.1876],[-88.0433,42.1828],[-88.03355,42.18275],[-88.03355,42.1719],[-88.03725,42.1719],[-88.0373,42.16655],[-88.03485,42.16715],[-88.0349,42.161],[-88.0269,42.16095],[-88.0271,42.158],[-88.0288,42.15375],[-88.01475,42.1537],[-88.0177,42.1549],[-88.019,42.1564],[-88.01415,42.1564],[-88.01415,42.1573],[-88.0095,42.1573],[-88.0093,42.15955],[-88.00445,42.1591],[-87.99955,42.1591],[-87.99845,42.15725],[-87.99845,42.15485],[-87.9947,42.15485],[-87.99465,42.1609],[-87.99255,42.1609],[-87.9925,42.1629],[-87.9916,42.16285],[-87.9916,42.1609],[-87.9849,42.1606],[-87.98485,42.1682],[-87.9937,42.1682],[-87.99365,42.1718],[-87.9909,42.17405],[-87.99195,42.17545],[-87.9848,42.17545],[-87.98475,42.17905],[-87.975,42.17905],[-87.97495,42.1833],[-87.9781,42.1877],[-87.97805,42.19055],[-87.97335,42.19055],[-87.9733,42.1972],[-87.97975,42.1972],[-87.97965,42.20565],[-87.9748,42.2054],[-87.97475,42.2044],[-87.965,42.2045],[-87.96495,42.21175],[-87.9747,42.21175],[-87.97465,42.219],[-87.99405,42.21895],[-87.99415,42.23545],[-87.99485,42.23675],[-87.9987,42.23875],[-87.9995,42.2379],[-88.00255,42.2385],[-88.00255,42.2353],[-88.0012,42.2353],[-88.0012,42.23495],[-88.0043,42.2349],[-88.00425,42.23345],[-88.00555,42.2344],[-88.00615,42.23355],[-88.00905,42.23355],[-88.009,42.23755],[-88.0139,42.2376],[-88.0139,42.2413],[-88.0191,42.24055],[-88.01895,42.20445],[-88.02635,42.20445],[-88.0222,42.2008],[-88.0263,42.20085],[-88.0263,42.1972],[-88.02685,42.1936]],[[-87.98965,42.1827],[-88.0046,42.1828],[-88.00905,42.189],[-88.0069,42.1899],[-87.99445,42.19],[-87.9945,42.1864],[-87.9896,42.18635],[-87.98965,42.1827]],[[-88.02625,42.18995],[-88.02725,42.1928],[-88.02425,42.1936],[-88.0211,42.1936],[-88.0211,42.19715],[-88.01825,42.19715],[-88.01515,42.1935],[-88.01735,42.1935],[-88.01735,42.18995],[-88.02625,42.18995]],[[-88.0282,42.161],[-88.0287,42.161],[-88.02855,42.1687],[-88.0238,42.1682],[-88.02385,42.16105],[-88.02745,42.1619],[-88.0282,42.161]]],[[[-88.0237,42.25255],[-88.03045,42.2466],[-88.04315,42.2416],[-88.04325,42.2359],[-88.0374,42.23805],[-88.0334,42.23875],[-88.0334,42.2419],[-88.0285,42.2419],[-88.02865,42.23945],[-88.0137,42.2416],[-88.0138,42.2428],[-88.0174,42.2428],[-88.0174,42.24495],[-88.02125,42.2456],[-88.02125,42.24915],[-88.0188,42.2491],[-88.01875,42.25165],[-88.0237,42.2517],[-88.0237,42.25255]]]]},"properties":{"kind":"neighbour","name":"Long Grove","region":"Lake County","lp":[-88.00304,42.20579]}},
{"type":"Feature","geometry":{"type":"Polygon","coordinates":[[[-87.21965,41.4346],[-87.29685,41.43475],[-87.2969,41.3838],[-87.21965,41.3837],[-87.2197,41.391],[-87.23145,41.39105],[-87.23355,41.3893],[-87.23895,41.39105],[-87.23895,41.3947],[-87.2293,41.39465],[-87.22935,41.39835],[-87.23645,41.3984],[-87.23655,41.40895],[-87.2361,41.4105],[-87.2378,41.4124],[-87.2378,41.4149],[-87.23285,41.41835],[-87.2245,41.4184],[-87.2245,41.4202],[-87.2196,41.42015],[-87.21965,41.4346]]]},"properties":{"kind":"neighbour","name":"Winfield","region":"Lake County, Indiana","lp":[-87.27147,41.4093]}},
{"type":"Feature","geometry":{"type":"MultiPolygon","coordinates":[[[[-88.5084,41.76125],[-88.50755,41.75865],[-88.50835,41.75745],[-88.51325,41.75735],[-88.5132,41.7528],[-88.5083,41.75285],[-88.50835,41.75655],[-88.5073,41.7575],[-88.5011,41.75755],[-88.5011,41.76185],[-88.4939,41.7628],[-88.4942,41.75755],[-88.4845,41.7571],[-88.48565,41.756],[-88.48025,41.756],[-88.4778,41.75565],[-88.4778,41.75755],[-88.47055,41.75775],[-88.47055,41.75845],[-88.47895,41.76],[-88.47885,41.7602],[-88.47345,41.75915],[-88.4641,41.75805],[-88.4438,41.7582],[-88.43375,41.75725],[-88.4343,41.75545],[-88.44025,41.75485],[-88.4402,41.749],[-88.44355,41.74915],[-88.4436,41.75455],[-88.4419,41.758],[-88.45375,41.75785],[-88.4538,41.75075],[-88.44495,41.75085],[-88.4449,41.74695],[-88.44385,41.74695],[-88.4437,41.72905],[-88.4434,41.72905],[-88.4435,41.74695],[-88.43405,41.7469],[-88.434,41.74375],[-88.4099,41.7439],[-88.40865,41.7525],[-88.4086,41.7548],[-88.4082,41.75475],[-88.4074,41.7594],[-88.4062,41.7711],[-88.4105,41.77275],[-88.4103,41.7769],[-88.4112,41.77695],[-88.40725,41.7884],[-88.40545,41.791],[-88.4015,41.79375],[-88.39815,41.79505],[-88.3975,41.7962],[-88.40215,41.7985],[-88.4082,41.7995],[-88.40825,41.7948],[-88.4105,41.79305],[-88.41565,41.78975],[-88.41815,41.7897],[-88.4182,41.79215],[-88.4148,41.79425],[-88.41445,41.7974],[-88.4162,41.79715],[-88.4179,41.7986],[-88.4224,41.79825],[-88.42245,41.8012],[-88.42395,41.80195],[-88.43235,41.8043],[-88.43705,41.80405],[-88.43715,41.802],[-88.44095,41.802],[-88.441,41.80565],[-88.4368,41.8057],[-88.45625,41.8161],[-88.45975,41.8167],[-88.46575,41.8163],[-88.46215,41.81205],[-88.4605,41.80825],[-88.4604,41.80555],[-88.45805,41.8056],[-88.457,41.80665],[-88.44795,41.80135],[-88.44335,41.7974],[-88.4404,41.7943],[-88.44365,41.79],[-88.4417,41.78835],[-88.4412,41.7896],[-88.44,41.7907],[-88.4368,41.7915],[-88.43625,41.78935],[-88.4375,41.78775],[-88.4344,41.7872],[-88.4328,41.78915],[-88.4262,41.78865],[-88.42285,41.7889],[-88.4214,41.79055],[-88.42,41.78925],[-88.4105,41.78935],[-88.4124,41.7876],[-88.4124,41.7838],[-88.4094,41.7839],[-88.41005,41.78135],[-88.4145,41.7825],[-88.41675,41.78125],[-88.4184,41.7791],[-88.42205,41.7783],[-88.42355,41.7788],[-88.42685,41.7814],[-88.4271,41.7797],[-88.4284,41.7785],[-88.43585,41.77965],[-88.4336,41.7804],[-88.4361,41.7834],[-88.4375,41.78385],[-88.43985,41.78015],[-88.44735,41.78285],[-88.45255,41.78735],[-88.4597,41.7913],[-88.4617,41.79365],[-88.4652,41.7943],[-88.4705,41.797],[-88.47485,41.7907],[-88.47355,41.7903],[-88.4753,41.7869],[-88.4753,41.7796],[-88.4829,41.77965],[-88.4831,41.787],[-88.4893,41.7871],[-88.48895,41.78845],[-88.4991,41.78825],[-88.499,41.7829],[-88.4893,41.78295],[-88.48925,41.7794],[-88.49675,41.77935],[-88.49675,41.76515],[-88.49845,41.7649],[-88.5084,41.7643],[-88.5084,41.76125]],[[-88.4407,41.7668],[-88.44225,41.76715],[-88.4424,41.77185],[-88.43665,41.7721],[-88.4265,41.771],[-88.41645,41.76935],[-88.41855,41.7679],[-88.42225,41.76645],[-88.42795,41.7656],[-88.44035,41.76545],[-88.4407,41.7668]],[[-88.4521,41.77925],[-88.4521,41.7798],[-88.45885,41.77975],[-88.45895,41.78685],[-88.4569,41.7894],[-88.45265,41.7871],[-88.449,41.78395],[-88.44905,41.7798],[-88.4521,41.77925]],[[-88.48415,41.7725],[-88.4892,41.7725],[-88.48915,41.76765],[-88.49415,41.7676],[-88.49405,41.77275],[-88.47295,41.77275],[-88.4725,41.77755],[-88.4695,41.77765],[-88.46945,41.7727],[-88.46355,41.7728],[-88.46355,41.77395],[-88.455,41.774],[-88.4542,41.773],[-88.45915,41.7728],[-88.45895,41.7653],[-88.47375,41.7646],[-88.4738,41.7685],[-88.4841,41.76845],[-88.48415,41.7725]],[[-88.4806,41.75995],[-88.48055,41.7584],[-88.48905,41.75835],[-88.4891,41.7603],[-88.48285,41.76035],[-88.4806,41.75995]]],[[[-88.4671,41.827],[-88.4677,41.8231],[-88.4743,41.82335],[-88.47265,41.8208],[-88.4699,41.81975],[-88.4651,41.8202],[-88.45785,41.81775],[-88.4541,41.81615],[-88.45005,41.8217],[-88.45255,41.82215],[-88.45795,41.8225],[-88.45645,41.8276],[-88.4636,41.82975],[-88.4646,41.82705],[-88.4671,41.827]]]]},"properties":{"kind":"neighbour","name":"Sugar Grove","region":"Kane County","lp":[-88.45033,41.76607]}},
{"type":"Feature","geometry":{"type":"Polygon","coordinates":[[[-88.05565,42.00445],[-88.06055,42.00425],[-88.06055,42.0018],[-88.06055,42.0006],[-88.0594,42.00065],[-88.0594,41.9988],[-88.0557,41.99895],[-88.0558,41.99345],[-88.05095,41.99365],[-88.05095,41.9919],[-88.0463,41.99195],[-88.0461,41.99375],[-88.044,41.9925],[-88.0412,41.99215],[-88.03145,41.99255],[-87.97955,41.99285],[-87.97965,41.99095],[-87.97725,41.991],[-87.9774,41.9883],[-87.9748,41.9883],[-87.9748,41.9854],[-87.97555,41.98405],[-87.96645,41.98375],[-87.96255,41.98325],[-87.9625,41.9895],[-87.96875,41.9894],[-87.96875,41.99305],[-87.95925,41.99315],[-87.9592,41.98455],[-87.95435,41.98465],[-87.95435,41.9902],[-87.9529,41.9902],[-87.9529,41.9933],[-87.94715,41.9934],[-87.9471,41.98655],[-87.9401,41.9867],[-87.93995,41.9938],[-87.94005,41.9978],[-87.9404,42.0008],[-87.9401,42.0011],[-87.9354,42.0012],[-87.93545,42.0118],[-87.9403,42.01175],[-87.94045,42.01545],[-87.94795,42.01555],[-87.948,42.01915],[-87.9551,42.0213],[-87.9595,42.0243],[-87.9649,42.02855],[-87.9716,42.03325],[-87.97405,42.03495],[-87.9816,42.03875],[-87.98445,42.0372],[-87.9861,42.03135],[-87.98785,42.0272],[-87.9885,42.0221],[-87.9929,42.0176],[-87.99615,42.0179],[-87.99615,42.01465],[-87.99655,42.01355],[-88.0032,42.0117],[-88.0035,42.0146],[-88.01875,42.0144],[-88.01865,42.0084],[-88.0313,42.00825],[-88.0313,42.0113],[-88.03135,42.01445],[-88.0458,42.01395],[-88.0457,42.01755],[-88.0507,42.0176],[-88.0506,42.0212],[-88.0604,42.0208],[-88.0605,42.00605],[-88.05565,42.00625],[-88.05565,42.00445]],[[-87.94665,42.01105],[-87.9498,42.0123],[-87.95,42.0152],[-87.9453,42.0154],[-87.94665,42.01105]],[[-87.95065,42.01525],[-87.955,42.0154],[-87.9551,42.021],[-87.9482,42.019],[-87.94815,42.01555],[-87.95065,42.01525]],[[-87.97885,41.9929],[-87.97885,41.99355],[-87.97935,41.99355],[-87.97885,41.99555],[-87.9767,41.9955],[-87.9766,41.9929],[-87.97885,41.9929]],[[-87.9884,42.0129],[-87.9893,42.01475],[-87.9883,42.0171],[-87.98155,42.01575],[-87.98155,42.01115],[-87.9893,42.0111],[-87.9884,42.0129]],[[-88.0181,41.99795],[-88.02375,41.99795],[-88.0234,42.00335],[-88.0217,42.00135],[-88.0182,42.0004],[-88.0181,41.99795]]]},"properties":{"kind":"neighbour","name":"Elk Grove Village","region":"Cook County","lp":[-87.96937,42.00636]}},
{"type":"Feature","geometry":{"type":"Polygon","coordinates":[[[-87.847,42.2036],[-87.85185,42.20365],[-87.85205,42.18925],[-87.84715,42.18905],[-87.8472,42.18495],[-87.84595,42.18495],[-87.8433,42.1813],[-87.83645,42.17805],[-87.8351,42.17445],[-87.8311,42.1732],[-87.82995,42.1719],[-87.82905,42.1675],[-87.82745,42.16715],[-87.82485,42.16875],[-87.82325,42.1687],[-87.82345,42.1587],[-87.8221,42.1565],[-87.8221,42.15565],[-87.82145,42.15445],[-87.8211,42.15255],[-87.75885,42.15225],[-87.764,42.15955],[-87.76585,42.16285],[-87.77255,42.17145],[-87.77715,42.17635],[-87.7833,42.1845],[-87.78625,42.1879],[-87.78755,42.19165],[-87.78945,42.19295],[-87.79235,42.19645],[-87.7964,42.2023],[-87.80165,42.21055],[-87.80715,42.21055],[-87.80675,42.20975],[-87.8074,42.2095],[-87.80435,42.20345],[-87.8083,42.2035],[-87.80795,42.19915],[-87.80835,42.1961],[-87.81795,42.19615],[-87.81785,42.21065],[-87.81625,42.2106],[-87.82155,42.21775],[-87.82025,42.21775],[-87.81925,42.2165],[-87.8169,42.2174],[-87.81525,42.2147],[-87.8097,42.21575],[-87.80865,42.21545],[-87.80695,42.21535],[-87.80675,42.2173],[-87.80455,42.21775],[-87.80685,42.22225],[-87.8067,42.22295],[-87.80935,42.22155],[-87.81455,42.2205],[-87.8163,42.2184],[-87.8205,42.2179],[-87.8422,42.21805],[-87.8422,42.21235],[-87.8447,42.21085],[-87.84695,42.2108],[-87.847,42.2036]]]},"properties":{"kind":"neighbour","name":"Highland Park","region":"Lake County","lp":[-87.80262,42.17415]}},
{"type":"Feature","geometry":{"type":"Polygon","coordinates":[[[-87.89575,42.25825],[-87.9011,42.2583],[-87.89975,42.2527],[-87.90135,42.251],[-87.90145,42.23195],[-87.90125,42.2286],[-87.8986,42.22185],[-87.89905,42.22185],[-87.89095,42.20375],[-87.847,42.2036],[-87.84695,42.2108],[-87.8447,42.21085],[-87.8422,42.21235],[-87.8422,42.21805],[-87.8205,42.2179],[-87.8163,42.2184],[-87.81455,42.2205],[-87.80935,42.22155],[-87.8067,42.22295],[-87.80855,42.2245],[-87.81095,42.22755],[-87.8146,42.23895],[-87.8159,42.2417],[-87.81885,42.25095],[-87.8184,42.2518],[-87.81995,42.255],[-87.82145,42.25635],[-87.8245,42.2606],[-87.828,42.26855],[-87.87225,42.2689],[-87.87605,42.27635],[-87.87855,42.2797],[-87.88565,42.27985],[-87.8859,42.2618],[-87.8891,42.2618],[-87.886,42.25825],[-87.88605,42.2509],[-87.8874,42.2509],[-87.8861,42.2482],[-87.8861,42.2474],[-87.8902,42.25585],[-87.8927,42.25545],[-87.89335,42.2564],[-87.89295,42.2577],[-87.89575,42.25825]]]},"properties":{"kind":"neighbour","name":"Lake Forest","region":"Lake County","lp":[-87.85881,42.24069]}},
{"type":"Feature","geometry":{"type":"MultiPolygon","coordinates":[[[[-87.81905,41.53995],[-87.8311,41.5398],[-87.83085,41.5324],[-87.8479,41.53215],[-87.84355,41.52845],[-87.8256,41.52885],[-87.8248,41.5252],[-87.8224,41.52525],[-87.8224,41.52695],[-87.81905,41.53995]]],[[[-87.8276,41.5799],[-87.85205,41.5795],[-87.8516,41.56685],[-87.85185,41.56495],[-87.8564,41.56485],[-87.8562,41.56],[-87.85375,41.56045],[-87.85395,41.5577],[-87.8535,41.5577],[-87.8533,41.55305],[-87.85125,41.55305],[-87.8504,41.5519],[-87.8498,41.55225],[-87.84725,41.55265],[-87.837,41.5527],[-87.8316,41.55505],[-87.8316,41.55475],[-87.8354,41.5531],[-87.83195,41.55265],[-87.82325,41.5506],[-87.812,41.55065],[-87.8118,41.5437],[-87.81735,41.5436],[-87.82165,41.52695],[-87.8216,41.52525],[-87.82085,41.5253],[-87.821,41.5289],[-87.8113,41.52905],[-87.8114,41.53255],[-87.80655,41.53265],[-87.80665,41.5365],[-87.79225,41.5367],[-87.7904,41.53625],[-87.7904,41.52805],[-87.7856,41.52805],[-87.7856,41.53895],[-87.7808,41.53895],[-87.78075,41.52805],[-87.7711,41.52815],[-87.7712,41.54625],[-87.77595,41.5463],[-87.776,41.54995],[-87.771,41.5499],[-87.77075,41.55385],[-87.7625,41.5576],[-87.76755,41.5589],[-87.7652,41.55895],[-87.76445,41.55945],[-87.76485,41.57355],[-87.76965,41.57345],[-87.76995,41.5808],[-87.7712,41.58075],[-87.7748,41.57965],[-87.76215,41.5853],[-87.75955,41.5872],[-87.7596,41.58825],[-87.76825,41.58815],[-87.76735,41.58855],[-87.7674,41.59065],[-87.7686,41.59155],[-87.76865,41.5941],[-87.7704,41.59535],[-87.78505,41.59515],[-87.7853,41.6024],[-87.78535,41.60405],[-87.78975,41.604],[-87.78975,41.60235],[-87.81835,41.6019],[-87.8181,41.5873],[-87.81885,41.5873],[-87.8191,41.6019],[-87.8283,41.60175],[-87.8282,41.59815],[-87.8297,41.5972],[-87.82815,41.5964],[-87.8293,41.59445],[-87.82895,41.58715],[-87.82775,41.58715],[-87.8276,41.5799]],[[-87.7884,41.5632],[-87.78835,41.5611],[-87.7927,41.56075],[-87.79285,41.56585],[-87.7863,41.56595],[-87.7862,41.5635],[-87.7884,41.5632]],[[-87.7991,41.5888],[-87.7991,41.5877],[-87.80345,41.5876],[-87.80355,41.59125],[-87.7938,41.59145],[-87.7937,41.5889],[-87.7991,41.5888]],[[-87.8133,41.55385],[-87.80965,41.55475],[-87.8095,41.55085],[-87.812,41.55085],[-87.8121,41.5539],[-87.8133,41.55385]]]]},"properties":{"kind":"neighbour","name":"Tinley Park","region":"Cook County","lp":[-87.80363,41.57469]}},
{"type":"Feature","geometry":{"type":"MultiPolygon","coordinates":[[[[-88.374,41.3936],[-88.3778,41.3912],[-88.37775,41.3876],[-88.38365,41.3875],[-88.38355,41.37685],[-88.3774,41.37915],[-88.3738,41.38005],[-88.374,41.3936]]],[[[-88.1728,41.47825],[-88.1776,41.4782],[-88.1774,41.4724],[-88.1783,41.47205],[-88.1786,41.47825],[-88.1782,41.4806],[-88.1872,41.4742],[-88.1875,41.4781],[-88.19605,41.4741],[-88.19735,41.475],[-88.19755,41.4862],[-88.2037,41.4859],[-88.2033,41.48535],[-88.2004,41.485],[-88.19775,41.4817],[-88.1978,41.4745],[-88.20215,41.4729],[-88.20775,41.4716],[-88.20765,41.4697],[-88.1982,41.4738],[-88.19785,41.47345],[-88.2077,41.4694],[-88.20765,41.4686],[-88.211,41.4658],[-88.2109,41.4639],[-88.2061,41.46405],[-88.20625,41.4682],[-88.20375,41.46725],[-88.2011,41.4687],[-88.19995,41.4675],[-88.20865,41.4617],[-88.2158,41.4592],[-88.2199,41.4562],[-88.2202,41.4633],[-88.2226,41.46325],[-88.2223,41.45605],[-88.22305,41.45415],[-88.2269,41.4502],[-88.22735,41.44865],[-88.23405,41.4482],[-88.2339,41.4442],[-88.2388,41.44475],[-88.23955,41.44355],[-88.23665,41.43915],[-88.2376,41.437],[-88.2413,41.43565],[-88.2426,41.43435],[-88.23965,41.4326],[-88.23825,41.4304],[-88.23505,41.42795],[-88.2429,41.4278],[-88.24285,41.4265],[-88.25095,41.4263],[-88.2509,41.4246],[-88.2553,41.42445],[-88.2554,41.42635],[-88.2703,41.4259],[-88.27005,41.41865],[-88.27925,41.41835],[-88.27965,41.41475],[-88.2821,41.4147],[-88.282,41.412],[-88.2601,41.4126],[-88.25955,41.41195],[-88.25525,41.412],[-88.25655,41.4087],[-88.25995,41.40725],[-88.25985,41.40525],[-88.2553,41.40535],[-88.2553,41.4045],[-88.261,41.40435],[-88.2611,41.40695],[-88.26585,41.40535],[-88.26945,41.40355],[-88.2698,41.41135],[-88.28205,41.41105],[-88.2819,41.40745],[-88.286,41.40735],[-88.28605,41.40935],[-88.2892,41.40925],[-88.28925,41.41085],[-88.29805,41.4106],[-88.29805,41.41795],[-88.2993,41.4179],[-88.2995,41.4252],[-88.30435,41.4251],[-88.30465,41.43235],[-88.29975,41.43245],[-88.3,41.44055],[-88.3096,41.43485],[-88.3098,41.4431],[-88.31075,41.4431],[-88.3148,41.4408],[-88.3193,41.43965],[-88.32415,41.43385],[-88.324,41.4258],[-88.32645,41.4239],[-88.3215,41.4211],[-88.3118,41.42125],[-88.31165,41.4176],[-88.3179,41.41755],[-88.31975,41.41625],[-88.3188,41.41065],[-88.30885,41.41075],[-88.3088,41.41035],[-88.31865,41.41025],[-88.3185,41.403],[-88.33335,41.40275],[-88.3333,41.39965],[-88.33715,41.4],[-88.34,41.39915],[-88.34305,41.39895],[-88.34315,41.40265],[-88.3468,41.4026],[-88.34695,41.40985],[-88.34815,41.4104],[-88.34825,41.416],[-88.3394,41.41615],[-88.33825,41.4169],[-88.35405,41.4168],[-88.3556,41.41055],[-88.35865,41.40905],[-88.36475,41.4079],[-88.3647,41.4024],[-88.3605,41.40245],[-88.36455,41.3999],[-88.3644,41.39505],[-88.36925,41.395],[-88.3726,41.39445],[-88.37225,41.38045],[-88.3664,41.38215],[-88.35605,41.38695],[-88.34885,41.3892],[-88.343,41.39295],[-88.343,41.39535],[-88.3381,41.3954],[-88.33805,41.3946],[-88.32805,41.3971],[-88.32815,41.40095],[-88.32605,41.4015],[-88.3208,41.4016],[-88.3208,41.40075],[-88.31555,41.4008],[-88.31565,41.4066],[-88.2989,41.40685],[-88.2979,41.4054],[-88.2976,41.39615],[-88.2971,41.39455],[-88.28835,41.39475],[-88.2877,41.39585],[-88.2698,41.3966],[-88.2646,41.39525],[-88.2623,41.3935],[-88.26065,41.38985],[-88.2578,41.38995],[-88.25575,41.38725],[-88.2508,41.38585],[-88.2496,41.3858],[-88.24925,41.37675],[-88.248,41.3764],[-88.2398,41.3766],[-88.23985,41.37805],[-88.239,41.3781],[-88.23905,41.3796],[-88.23785,41.3797],[-88.23795,41.382],[-88.2334,41.38685],[-88.2329,41.38935],[-88.2312,41.39225],[-88.22625,41.3972],[-88.22065,41.40185],[-88.2191,41.4036],[-88.21825,41.40525],[-88.2203,41.40525],[-88.2217,41.40365],[-88.224,41.40515],[-88.2238,41.4123],[-88.2155,41.41255],[-88.21645,41.40965],[-88.20445,41.40995],[-88.20295,41.40905],[-88.2029,41.40655],[-88.19825,41.40665],[-88.19835,41.41035],[-88.20615,41.41015],[-88.20635,41.41995],[-88.21815,41.41975],[-88.2111,41.4235],[-88.2101,41.4235],[-88.20425,41.4266],[-88.20115,41.4278],[-88.2001,41.4278],[-88.19945,41.4273],[-88.1997,41.4346],[-88.199,41.4355],[-88.19535,41.432],[-88.1884,41.43335],[-88.1885,41.43475],[-88.1853,41.4348],[-88.1863,41.46135],[-88.17975,41.46555],[-88.1788,41.46405],[-88.1769,41.46405],[-88.1771,41.46745],[-88.17245,41.4709],[-88.1728,41.47825]],[[-88.21435,41.44515],[-88.21935,41.4446],[-88.2195,41.4488],[-88.226,41.44865],[-88.22535,41.45005],[-88.22225,41.4534],[-88.21585,41.45835],[-88.2089,41.4606],[-88.20035,41.46625],[-88.19775,41.4639],[-88.1966,41.46025],[-88.1991,41.46005],[-88.19895,41.4567],[-88.20055,41.4564],[-88.20035,41.4509],[-88.1964,41.4526],[-88.1959,41.44695],[-88.2002,41.44685],[-88.20025,41.4491],[-88.2145,41.4489],[-88.21435,41.44515]],[[-88.2441,41.3853],[-88.24855,41.38995],[-88.2396,41.3902],[-88.2398,41.39905],[-88.24195,41.39905],[-88.24205,41.4029],[-88.24085,41.40395],[-88.2362,41.40405],[-88.2362,41.40575],[-88.22895,41.40595],[-88.22905,41.4123],[-88.2242,41.41225],[-88.22545,41.4064],[-88.23005,41.40105],[-88.228,41.4009],[-88.225,41.40335],[-88.2229,41.40215],[-88.2249,41.3998],[-88.2275,41.3979],[-88.2311,41.3976],[-88.2312,41.39425],[-88.2335,41.39085],[-88.2347,41.38735],[-88.23635,41.38545],[-88.24035,41.38395],[-88.2441,41.3853]],[[-88.22525,41.43985],[-88.2274,41.43955],[-88.2269,41.44505],[-88.22495,41.44505],[-88.22525,41.43985]],[[-88.2373,41.40485],[-88.2445,41.4047],[-88.24505,41.419],[-88.23775,41.41935],[-88.23505,41.41895],[-88.23565,41.41715],[-88.23515,41.41525],[-88.2328,41.41545],[-88.2327,41.4122],[-88.2375,41.4121],[-88.2373,41.40485]],[[-88.24195,41.38145],[-88.2447,41.3797],[-88.245,41.38235],[-88.24195,41.38145]],[[-88.24615,41.4057],[-88.2461,41.40465],[-88.25495,41.4045],[-88.255,41.40545],[-88.24615,41.4057]],[[-88.25075,41.4209],[-88.2507,41.4191],[-88.2533,41.41905],[-88.25335,41.4208],[-88.25075,41.4209]],[[-88.26245,41.40125],[-88.25945,41.40125],[-88.25935,41.39785],[-88.2628,41.3998],[-88.26245,41.40125]],[[-88.27,41.41655],[-88.26995,41.4147],[-88.2728,41.41465],[-88.2729,41.41645],[-88.27,41.41655]],[[-88.28775,41.4006],[-88.29065,41.39955],[-88.2932,41.3979],[-88.2933,41.4023],[-88.29225,41.40505],[-88.28455,41.40325],[-88.2845,41.4016],[-88.28775,41.4006]],[[-88.3063,41.4161],[-88.30625,41.41455],[-88.3086,41.41455],[-88.30865,41.41605],[-88.3063,41.4161]]]]},"properties":{"kind":"neighbour","name":"Channahon","region":"Will County","lp":[-88.21574,41.43374]}},
{"type":"Feature","geometry":{"type":"Polygon","coordinates":[[[-88.43445,41.99805],[-88.4346,42.00175],[-88.4419,42.00165],[-88.44175,41.998],[-88.4455,41.99795],[-88.4455,41.9963],[-88.44415,41.99525],[-88.43935,41.99535],[-88.43935,41.99155],[-88.4506,41.99135],[-88.4506,41.99285],[-88.4539,41.99285],[-88.4539,41.9978],[-88.4636,41.9976],[-88.4636,41.9925],[-88.4647,41.9903],[-88.4701,41.99015],[-88.4717,41.99225],[-88.46685,41.99275],[-88.46695,41.9939],[-88.47185,41.9933],[-88.47325,41.9944],[-88.47325,41.9964],[-88.47755,41.99635],[-88.46945,41.98655],[-88.47315,41.98645],[-88.473,41.97555],[-88.46815,41.97565],[-88.46815,41.9829],[-88.45955,41.9794],[-88.4509,41.97695],[-88.44855,41.97585],[-88.4438,41.976],[-88.4438,41.9705],[-88.4418,41.97055],[-88.4418,41.9688],[-88.43405,41.96895],[-88.43025,41.96675],[-88.43035,41.95995],[-88.43545,41.9596],[-88.4353,41.95435],[-88.434,41.9544],[-88.43395,41.94725],[-88.4233,41.94735],[-88.4212,41.9455],[-88.4197,41.94745],[-88.4117,41.94745],[-88.41005,41.94375],[-88.4121,41.94225],[-88.41745,41.9449],[-88.42175,41.9446],[-88.42755,41.9461],[-88.43145,41.94615],[-88.44635,41.9423],[-88.44845,41.9385],[-88.44915,41.93615],[-88.4533,41.93725],[-88.4531,41.93515],[-88.4496,41.9352],[-88.4496,41.92965],[-88.44805,41.92835],[-88.449,41.9265],[-88.43865,41.92355],[-88.43715,41.92485],[-88.43745,41.92655],[-88.43375,41.9261],[-88.4338,41.92775],[-88.429,41.9279],[-88.42895,41.92385],[-88.4311,41.9216],[-88.43595,41.9228],[-88.43605,41.91785],[-88.4308,41.91785],[-88.43045,41.9152],[-88.43415,41.916],[-88.43415,41.9143],[-88.4361,41.9138],[-88.4361,41.91625],[-88.44835,41.9164],[-88.4531,41.91745],[-88.4532,41.9191],[-88.45655,41.9196],[-88.458,41.91865],[-88.45795,41.9124],[-88.45355,41.9125],[-88.45285,41.9105],[-88.4529,41.90515],[-88.43355,41.90645],[-88.43365,41.91075],[-88.4262,41.91095],[-88.4268,41.9064],[-88.42675,41.8982],[-88.4253,41.89905],[-88.4237,41.89905],[-88.42375,41.90605],[-88.4183,41.9063],[-88.4183,41.9089],[-88.42045,41.9089],[-88.4203,41.91155],[-88.41825,41.91105],[-88.4106,41.91115],[-88.4104,41.9092],[-88.40795,41.90925],[-88.40855,41.9083],[-88.40895,41.90665],[-88.39695,41.90565],[-88.3969,41.8968],[-88.39435,41.89685],[-88.39445,41.90055],[-88.39255,41.90055],[-88.39265,41.9052],[-88.38955,41.9049],[-88.3896,41.9109],[-88.3909,41.91085],[-88.39115,41.9149],[-88.38565,41.91365],[-88.38,41.91435],[-88.37705,41.9142],[-88.37645,41.91785],[-88.38485,41.9173],[-88.3851,41.92615],[-88.3839,41.92615],[-88.381,41.9316],[-88.3754,41.9279],[-88.37565,41.93025],[-88.3755,41.93405],[-88.3793,41.93285],[-88.3827,41.93365],[-88.3822,41.9355],[-88.37555,41.9393],[-88.3755,41.9433],[-88.3782,41.94235],[-88.37895,41.9431],[-88.38885,41.9375],[-88.3961,41.9421],[-88.3871,41.9472],[-88.38505,41.94515],[-88.379,41.94865],[-88.3756,41.9467],[-88.3756,41.9539],[-88.37535,41.9553],[-88.37765,41.9562],[-88.37925,41.9537],[-88.3806,41.9553],[-88.38745,41.95525],[-88.38965,41.95765],[-88.38975,41.96305],[-88.38865,41.96565],[-88.38625,41.96525],[-88.3864,41.9643],[-88.3836,41.9641],[-88.38545,41.96245],[-88.38545,41.95885],[-88.3758,41.95905],[-88.37665,41.96265],[-88.37685,41.9693],[-88.37555,41.97185],[-88.3763,41.9741],[-88.375,41.9754],[-88.376,41.97845],[-88.3758,41.9814],[-88.3771,41.9823],[-88.37535,41.98455],[-88.37535,41.986],[-88.38175,41.9868],[-88.38145,41.9881],[-88.38445,41.988],[-88.38545,41.98845],[-88.3855,41.99165],[-88.3955,41.99145],[-88.39545,41.9871],[-88.3857,41.9875],[-88.3856,41.9745],[-88.384,41.97465],[-88.38395,41.9771],[-88.38065,41.97715],[-88.38075,41.973],[-88.38285,41.97235],[-88.3837,41.96935],[-88.3855,41.96815],[-88.3875,41.9684],[-88.3952,41.9706],[-88.3952,41.96495],[-88.40005,41.9649],[-88.4001,41.971],[-88.40075,41.97115],[-88.401,41.97745],[-88.39525,41.9776],[-88.3953,41.9841],[-88.40515,41.984],[-88.40495,41.9715],[-88.42115,41.9727],[-88.42215,41.97245],[-88.4243,41.9716],[-88.4244,41.9763],[-88.43315,41.97615],[-88.4332,41.98135],[-88.43825,41.9813],[-88.4399,41.98215],[-88.4442,41.9821],[-88.4442,41.98335],[-88.4473,41.9833],[-88.4473,41.9809],[-88.4536,41.9808],[-88.4536,41.98315],[-88.4522,41.9832],[-88.45185,41.98735],[-88.44895,41.9863],[-88.44895,41.9906],[-88.429,41.9909],[-88.42895,41.9871],[-88.43015,41.987],[-88.4301,41.98375],[-88.4248,41.9838],[-88.4245,41.98465],[-88.4248,41.98735],[-88.42065,41.98745],[-88.42065,41.991],[-88.41755,41.99105],[-88.41705,41.99665],[-88.41485,41.99755],[-88.41485,41.9911],[-88.41,41.99115],[-88.40855,41.99005],[-88.40905,41.98675],[-88.4003,41.9871],[-88.4004,41.99135],[-88.4018,41.99375],[-88.4045,41.9922],[-88.4084,41.99345],[-88.40755,41.9947],[-88.40825,41.9982],[-88.40985,41.9982],[-88.41975,41.9983],[-88.4198,42.0019],[-88.42445,42.0039],[-88.4266,42.00395],[-88.42675,42.00245],[-88.4254,42.00095],[-88.42325,42.0009],[-88.4232,41.99825],[-88.43445,41.99805]],[[-88.43445,41.99805],[-88.43445,41.99335],[-88.43765,41.9931],[-88.437,41.99735],[-88.43445,41.99805]],[[-88.42405,41.92665],[-88.42875,41.9266],[-88.42885,41.9329],[-88.4247,41.93395],[-88.4247,41.93275],[-88.4068,41.93305],[-88.40455,41.93205],[-88.4045,41.9277],[-88.4153,41.9275],[-88.4192,41.9255],[-88.42405,41.9255],[-88.42405,41.92665]],[[-88.42065,41.99115],[-88.4218,41.99105],[-88.42185,41.99825],[-88.42065,41.9983],[-88.42065,41.99115]]]},"properties":{"kind":"neighbour","name":"Campton Hills","region":"Kane County","lp":[-88.41778,41.9599]}},
{"type":"Feature","geometry":{"type":"MultiPolygon","coordinates":[[[[-88.4117,41.65755],[-88.4148,41.65705],[-88.417,41.65595],[-88.4184,41.65255],[-88.4147,41.64905],[-88.41365,41.6493],[-88.4092,41.6474],[-88.40735,41.64885],[-88.4056,41.6514],[-88.40735,41.6525],[-88.4116,41.65245],[-88.4117,41.65755]]],[[[-88.38975,41.6899],[-88.3914,41.68985],[-88.39185,41.67995],[-88.3901,41.68095],[-88.38645,41.68145],[-88.3862,41.6858],[-88.38485,41.6858],[-88.3846,41.67955],[-88.37985,41.6799],[-88.37975,41.6817],[-88.3783,41.6819],[-88.37835,41.6845],[-88.3766,41.68465],[-88.3777,41.682],[-88.3735,41.68225],[-88.37365,41.68745],[-88.37155,41.6875],[-88.37165,41.69035],[-88.3704,41.69035],[-88.3702,41.6825],[-88.36925,41.68255],[-88.36875,41.68625],[-88.35785,41.68485],[-88.35895,41.6833],[-88.3587,41.6814],[-88.3618,41.6798],[-88.3598,41.6775],[-88.36475,41.6752],[-88.37035,41.67385],[-88.3708,41.6754],[-88.3773,41.6747],[-88.37755,41.67305],[-88.37755,41.6644],[-88.3671,41.6646],[-88.3671,41.66365],[-88.3635,41.6637],[-88.36375,41.66065],[-88.3604,41.66075],[-88.36035,41.657],[-88.36415,41.65705],[-88.3644,41.65455],[-88.3792,41.65395],[-88.37925,41.65605],[-88.3817,41.65605],[-88.3818,41.6591],[-88.3906,41.66035],[-88.3951,41.65495],[-88.39315,41.6548],[-88.394,41.6519],[-88.3917,41.65115],[-88.3851,41.65035],[-88.3857,41.64845],[-88.38195,41.6482],[-88.3861,41.6426],[-88.383,41.64045],[-88.3742,41.64065],[-88.37425,41.64535],[-88.3718,41.6447],[-88.3737,41.63895],[-88.3713,41.63895],[-88.3694,41.64405],[-88.36935,41.63765],[-88.3636,41.6373],[-88.35885,41.6373],[-88.359,41.64975],[-88.3542,41.6498],[-88.35405,41.6452],[-88.35135,41.6453],[-88.3504,41.64415],[-88.3484,41.64535],[-88.3461,41.6461],[-88.33675,41.6462],[-88.33685,41.6498],[-88.3463,41.64975],[-88.34665,41.657],[-88.33705,41.65705],[-88.33715,41.65925],[-88.33065,41.6606],[-88.33065,41.662],[-88.33335,41.6644],[-88.3181,41.66445],[-88.3182,41.6681],[-88.30845,41.66825],[-88.309,41.6791],[-88.3186,41.679],[-88.31895,41.68985],[-88.3183,41.68745],[-88.3154,41.68745],[-88.3137,41.6875],[-88.3136,41.6863],[-88.311,41.68635],[-88.3111,41.689],[-88.31185,41.69055],[-88.314,41.69185],[-88.3069,41.692],[-88.3045,41.6912],[-88.30435,41.68645],[-88.2946,41.6866],[-88.29445,41.67935],[-88.28955,41.6794],[-88.28975,41.68665],[-88.28485,41.68675],[-88.2849,41.68885],[-88.28115,41.6889],[-88.2811,41.6868],[-88.2789,41.68685],[-88.27895,41.6909],[-88.28275,41.6908],[-88.28285,41.69305],[-88.2888,41.69255],[-88.29,41.69395],[-88.29015,41.7012],[-88.28285,41.7013],[-88.2827,41.6931],[-88.2801,41.69335],[-88.2802,41.69655],[-88.2755,41.6964],[-88.2751,41.68615],[-88.2727,41.68615],[-88.27265,41.6844],[-88.26945,41.68425],[-88.2678,41.6854],[-88.26785,41.6913],[-88.26495,41.6917],[-88.2658,41.69495],[-88.2644,41.6959],[-88.26185,41.6963],[-88.26165,41.6974],[-88.2703,41.70735],[-88.2729,41.70855],[-88.27495,41.7078],[-88.3339,41.7074],[-88.3337,41.70065],[-88.3457,41.70045],[-88.3442,41.7033],[-88.34625,41.7039],[-88.34655,41.70045],[-88.3458,41.69775],[-88.3483,41.6962],[-88.35085,41.6884],[-88.3522,41.6867],[-88.35585,41.6851],[-88.35705,41.6857],[-88.35335,41.688],[-88.356,41.6884],[-88.3563,41.68985],[-88.35535,41.6929],[-88.3513,41.6925],[-88.3507,41.69315],[-88.3501,41.6951],[-88.35475,41.6956],[-88.35505,41.6972],[-88.3573,41.69845],[-88.3694,41.69965],[-88.37,41.69915],[-88.37465,41.6996],[-88.38025,41.6976],[-88.3899,41.69535],[-88.38975,41.6899]],[[-88.28285,41.7013],[-88.2829,41.70495],[-88.27555,41.705],[-88.2755,41.7028],[-88.27405,41.70135],[-88.28285,41.7013]],[[-88.29345,41.69215],[-88.29515,41.692],[-88.2951,41.68985],[-88.2972,41.68985],[-88.29725,41.69185],[-88.29535,41.692],[-88.2954,41.6944],[-88.2935,41.69445],[-88.29345,41.69215]],[[-88.32675,41.68895],[-88.33035,41.6885],[-88.3318,41.6898],[-88.32675,41.68985],[-88.32675,41.68895]]],[[[-88.38995,41.69615],[-88.38105,41.69825],[-88.3754,41.7002],[-88.38055,41.70075],[-88.3808,41.70775],[-88.38525,41.70765],[-88.3854,41.71125],[-88.38875,41.7092],[-88.39,41.70755],[-88.3892,41.7003],[-88.39005,41.70025],[-88.38995,41.69615]]],[[[-88.30155,41.71915],[-88.3221,41.71905],[-88.3221,41.7171],[-88.3195,41.7171],[-88.3194,41.7128],[-88.318,41.70975],[-88.32035,41.70805],[-88.30235,41.7083],[-88.30235,41.71005],[-88.3001,41.7101],[-88.2996,41.70795],[-88.28265,41.70855],[-88.28275,41.71455],[-88.2875,41.7151],[-88.29625,41.71815],[-88.30155,41.71915]]]]},"properties":{"kind":"neighbour","name":"Oswego","region":"Kendall County","lp":[-88.34217,41.67845]}},
{"type":"Feature","geometry":{"type":"Polygon","coordinates":[[[-88.0144,42.0977],[-88.01945,42.09975],[-88.02425,42.09755],[-88.0242,42.09575],[-88.02675,42.09555],[-88.0266,42.0885],[-88.00475,42.08845],[-88.0049,42.07495],[-88.0033,42.07255],[-88.00325,42.0701],[-88.004,42.06665],[-88.00705,42.06665],[-88.00705,42.05795],[-88.00035,42.05595],[-87.9931,42.0509],[-87.9957,42.04605],[-87.98385,42.0405],[-87.98145,42.04135],[-87.981,42.0398],[-87.97895,42.03825],[-87.9727,42.03465],[-87.9716,42.03325],[-87.96985,42.03315],[-87.9699,42.0368],[-87.96695,42.03685],[-87.967,42.03815],[-87.96905,42.0389],[-87.96915,42.0442],[-87.97,42.0442],[-87.96975,42.0503],[-87.97295,42.0514],[-87.97295,42.05515],[-87.9751,42.0563],[-87.975,42.06185],[-87.97385,42.0625],[-87.9702,42.06255],[-87.9702,42.06645],[-87.96775,42.06645],[-87.96775,42.0628],[-87.96185,42.0627],[-87.96185,42.0658],[-87.9661,42.06645],[-87.9661,42.0724],[-87.9628,42.0718],[-87.9577,42.07185],[-87.9563,42.0736],[-87.9514,42.0736],[-87.95145,42.08085],[-87.94645,42.0808],[-87.9464,42.0876],[-87.94475,42.08765],[-87.95085,42.0927],[-87.95485,42.0954],[-87.9513,42.0954],[-87.9513,42.09895],[-87.95615,42.099],[-87.9562,42.0963],[-87.95875,42.097],[-87.96165,42.0955],[-87.9654,42.096],[-87.9659,42.10105],[-87.96695,42.1027],[-87.96905,42.10275],[-87.96865,42.1033],[-87.9677,42.10405],[-87.96395,42.10155],[-87.96105,42.1027],[-87.9519,42.1026],[-87.9513,42.10695],[-87.9499,42.1071],[-87.9499,42.10965],[-87.94645,42.1096],[-87.9465,42.11655],[-87.9513,42.11655],[-87.95135,42.11895],[-87.9562,42.11895],[-87.955,42.12075],[-87.955,42.1244],[-87.961,42.12445],[-87.961,42.13395],[-87.96445,42.134],[-87.96445,42.1363],[-87.96645,42.13625],[-87.96645,42.13585],[-87.9707,42.13585],[-87.97055,42.139],[-87.9738,42.13905],[-87.9738,42.13175],[-87.9707,42.13175],[-87.9707,42.1297],[-87.98035,42.12975],[-87.98025,42.1391],[-87.98515,42.1391],[-87.9851,42.135],[-87.99,42.13495],[-87.98995,42.14185],[-87.9851,42.14185],[-87.98545,42.1442],[-87.995,42.1441],[-87.9948,42.14675],[-87.9948,42.1464],[-87.98545,42.1464],[-87.985,42.15365],[-88.0094,42.15365],[-88.00945,42.1509],[-88.00445,42.151],[-88.00445,42.14805],[-88.00935,42.14845],[-88.00985,42.1466],[-88.00795,42.14465],[-88.00635,42.14215],[-88.0045,42.141],[-88.0047,42.13175],[-87.99515,42.13165],[-87.99505,42.12825],[-87.9975,42.12815],[-87.99765,42.12425],[-88.00185,42.1273],[-88.0021,42.12845],[-88.00325,42.12835],[-88.00495,42.1297],[-88.005,42.1243],[-88.00445,42.1243],[-88.00435,42.1158],[-88.00325,42.11275],[-88.0044,42.1114],[-88.00465,42.0953],[-88.0057,42.09425],[-88.0144,42.0977]]]},"properties":{"kind":"neighbour","name":"Arlington Heights","region":"Cook County","lp":[-87.98352,42.08458]}},
{"type":"Feature","geometry":{"type":"MultiPolygon","coordinates":[[[[-88.2506,41.97715],[-88.2509,41.9735],[-88.25385,41.9724],[-88.2381,41.96845],[-88.2383,41.9802],[-88.24415,41.98025],[-88.24415,41.9825],[-88.25085,41.98255],[-88.2506,41.97715]]],[[[-88.22785,41.99425],[-88.22775,41.99065],[-88.23275,41.99055],[-88.2342,41.99105],[-88.23425,41.9869],[-88.2369,41.9868],[-88.237,41.97625],[-88.237,41.97595],[-88.23255,41.97535],[-88.23255,41.96715],[-88.22285,41.96445],[-88.22295,41.9477],[-88.2181,41.947],[-88.2181,41.95065],[-88.2132,41.9507],[-88.21325,41.94825],[-88.20765,41.9483],[-88.20845,41.9454],[-88.2053,41.94525],[-88.2053,41.9439],[-88.2083,41.94385],[-88.20835,41.942],[-88.2012,41.94205],[-88.2012,41.94395],[-88.2036,41.9439],[-88.2036,41.94805],[-88.20155,41.94805],[-88.20155,41.95125],[-88.20635,41.95115],[-88.20535,41.95365],[-88.1998,41.95355],[-88.19845,41.9585],[-88.19375,41.9592],[-88.18555,41.95935],[-88.1834,41.9587],[-88.1811,41.95605],[-88.1744,41.954],[-88.17445,41.95365],[-88.18075,41.9536],[-88.1808,41.95145],[-88.19385,41.9513],[-88.1939,41.94735],[-88.19605,41.94735],[-88.196,41.9438],[-88.19385,41.94285],[-88.1903,41.94385],[-88.19025,41.94745],[-88.18905,41.9498],[-88.18425,41.9499],[-88.18425,41.9479],[-88.1824,41.9479],[-88.1815,41.9439],[-88.1766,41.94365],[-88.1768,41.94255],[-88.17405,41.94195],[-88.17295,41.9428],[-88.1673,41.94185],[-88.16745,41.94425],[-88.16485,41.9443],[-88.1647,41.9518],[-88.16105,41.95175],[-88.16095,41.95905],[-88.16225,41.95905],[-88.16215,41.9664],[-88.1646,41.9664],[-88.1645,41.9724],[-88.158,41.97195],[-88.158,41.97375],[-88.1489,41.97365],[-88.1502,41.97545],[-88.15015,41.9793],[-88.15195,41.9803],[-88.1694,41.9803],[-88.1737,41.98205],[-88.1836,41.9816],[-88.1836,41.9807],[-88.18855,41.9806],[-88.1886,41.97695],[-88.1935,41.97695],[-88.1934,41.98235],[-88.1735,41.98265],[-88.16925,41.9809],[-88.1603,41.98095],[-88.16025,41.98725],[-88.1596,41.98725],[-88.1595,41.9893],[-88.174,41.9911],[-88.17245,41.9917],[-88.1714,41.99425],[-88.1742,41.994],[-88.17425,42.00135],[-88.1752,42.0024],[-88.1786,42.00235],[-88.1839,42.00355],[-88.1839,42.00595],[-88.19315,42.0058],[-88.19495,42.00605],[-88.19505,42.0094],[-88.1937,42.00945],[-88.1937,42.01105],[-88.1984,42.011],[-88.1984,42.013],[-88.2032,42.013],[-88.20315,42.0099],[-88.2043,42.0099],[-88.2053,42.0093],[-88.2063,42.0093],[-88.2086,42.01005],[-88.21315,42.01175],[-88.21735,42.0129],[-88.2205,42.0149],[-88.2249,42.01505],[-88.22545,42.00945],[-88.22825,42.0089],[-88.229,42.01335],[-88.23285,42.0132],[-88.2351,42.00315],[-88.23675,41.9941],[-88.231,41.9942],[-88.23095,42.0002],[-88.2181,42.0002],[-88.2181,41.9944],[-88.223,41.99435],[-88.223,41.99595],[-88.2251,41.9959],[-88.2251,41.9943],[-88.22785,41.99425]],[[-88.1837,41.9649],[-88.1834,41.96605],[-88.17425,41.9662],[-88.1743,41.96245],[-88.18455,41.96225],[-88.1837,41.9649]],[[-88.17765,41.97295],[-88.17755,41.97165],[-88.1812,41.9716],[-88.1812,41.9734],[-88.17765,41.97295]],[[-88.1973,42.0094],[-88.19775,42.0057],[-88.20195,42.00565],[-88.2018,42.0086],[-88.2007,42.00935],[-88.1973,42.0094]],[[-88.2015,42.00355],[-88.20335,42.00195],[-88.2082,42.00185],[-88.2082,42.0033],[-88.2015,42.00355]],[[-88.213,41.9845],[-88.21595,41.9852],[-88.2159,41.98715],[-88.21875,41.9871],[-88.21825,41.9917],[-88.21245,41.98955],[-88.2114,41.99085],[-88.21125,41.9945],[-88.2095,41.99455],[-88.2095,41.9909],[-88.2114,41.99085],[-88.21135,41.98725],[-88.2073,41.98735],[-88.20725,41.9868],[-88.2033,41.98685],[-88.2033,41.98465],[-88.213,41.9845]],[[-88.20835,41.9585],[-88.2083,41.96045],[-88.20605,41.9605],[-88.20585,41.95855],[-88.20835,41.9585]],[[-88.21815,42.00715],[-88.21315,42.0072],[-88.21315,42.0058],[-88.21815,42.00575],[-88.21815,42.00715]],[[-88.2202,41.96925],[-88.21775,41.9674],[-88.2228,41.96725],[-88.2227,41.9698],[-88.2202,41.96925]]],[[[-88.2676,41.98705],[-88.26875,41.9817],[-88.2678,41.9816],[-88.26805,41.98055],[-88.269,41.98065],[-88.2691,41.9778],[-88.26595,41.97765],[-88.263,41.977],[-88.2618,41.9777],[-88.2616,41.9765],[-88.2549,41.9772],[-88.25505,41.9865],[-88.25095,41.9866],[-88.2509,41.9831],[-88.24405,41.9831],[-88.24385,41.98545],[-88.23825,41.9854],[-88.23815,41.9941],[-88.24755,41.9939],[-88.2469,42.00845],[-88.2566,42.0121],[-88.25975,42.0125],[-88.2632,42.01195],[-88.26315,42.00895],[-88.2691,42.00855],[-88.26825,42.008],[-88.2668,42.0081],[-88.26665,42.0059],[-88.2689,42.00585],[-88.2676,41.98705]],[[-88.25195,42.00095],[-88.25265,41.99905],[-88.25255,41.99385],[-88.2629,41.9936],[-88.2631,42.0043],[-88.2631,42.0051],[-88.2514,42.0053],[-88.25195,42.00095]]]]},"properties":{"kind":"neighbour","name":"Bartlett","region":"DuPage County","lp":[-88.19193,41.99409]}},
{"type":"Feature","geometry":{"type":"MultiPolygon","coordinates":[[[[-87.99365,41.48265],[-87.99845,41.48255],[-87.9988,41.49165],[-88.0133,41.49145],[-88.01305,41.48585],[-88.02265,41.48565],[-88.0224,41.47845],[-88.0176,41.47855],[-88.01745,41.47495],[-87.9982,41.4753],[-87.99795,41.4686],[-87.99625,41.4681],[-87.99615,41.46495],[-87.99785,41.46415],[-87.9977,41.4608],[-87.9929,41.46085],[-87.99365,41.48265]],[[-88.01305,41.48585],[-88.0034,41.4861],[-88.00325,41.48245],[-88.01365,41.48225],[-88.01305,41.48585]]],[[[-87.99365,41.48265],[-87.98885,41.4827],[-87.98855,41.47545],[-87.99305,41.4754],[-87.99285,41.46815],[-87.9891,41.4682],[-87.9884,41.4701],[-87.98355,41.47015],[-87.9835,41.4683],[-87.9787,41.4684],[-87.97845,41.46115],[-87.96885,41.4613],[-87.9693,41.4758],[-87.97415,41.4762],[-87.97435,41.48295],[-87.9792,41.4829],[-87.97945,41.49015],[-87.97465,41.4902],[-87.9747,41.492],[-87.994,41.49175],[-87.99365,41.48265]],[[-87.9761,41.46845],[-87.97615,41.4701],[-87.97395,41.47035],[-87.9739,41.46845],[-87.9761,41.46845]]],[[[-87.96505,41.49035],[-87.9645,41.47585],[-87.9597,41.47595],[-87.95965,41.47505],[-87.95555,41.4751],[-87.95475,41.47245],[-87.95465,41.4688],[-87.9498,41.46885],[-87.95005,41.4761],[-87.94525,41.4762],[-87.94505,41.47025],[-87.9402,41.47035],[-87.9406,41.48155],[-87.9417,41.48125],[-87.9427,41.4836],[-87.9465,41.4835],[-87.9455,41.48705],[-87.9408,41.48715],[-87.9409,41.48985],[-87.9433,41.4898],[-87.9433,41.4907],[-87.95055,41.4907],[-87.9503,41.484],[-87.95515,41.4839],[-87.95585,41.48325],[-87.95615,41.4923],[-87.9572,41.49045],[-87.96045,41.4904],[-87.9605,41.4923],[-87.9651,41.4922],[-87.96505,41.49035]]],[[[-87.9069,41.4839],[-87.90715,41.4899],[-87.9087,41.4899],[-87.90875,41.491],[-87.92345,41.4907],[-87.9234,41.48955],[-87.92635,41.4895],[-87.92635,41.4865],[-87.9287,41.4847],[-87.9288,41.48735],[-87.9312,41.4873],[-87.9313,41.4909],[-87.9361,41.49085],[-87.93585,41.4836],[-87.93415,41.4829],[-87.93105,41.48295],[-87.9308,41.4764],[-87.91635,41.4767],[-87.9166,41.4839],[-87.9069,41.4839]]],[[[-88.0135,41.4968],[-88.0134,41.4921],[-88.01195,41.4921],[-88.00385,41.4967],[-88.0135,41.4968]]],[[[-87.94605,41.5003],[-87.9419,41.49895],[-87.9316,41.49935],[-87.93165,41.49995],[-87.92685,41.5],[-87.9281,41.5018],[-87.92205,41.5019],[-87.92195,41.49835],[-87.92435,41.49795],[-87.9243,41.4963],[-87.9224,41.49635],[-87.9224,41.4956],[-87.92415,41.4951],[-87.92665,41.4951],[-87.9266,41.493],[-87.9213,41.4931],[-87.9212,41.49145],[-87.91685,41.4915],[-87.9171,41.49805],[-87.916,41.4983],[-87.90745,41.4984],[-87.90795,41.50535],[-87.9088,41.5067],[-87.9142,41.5076],[-87.91485,41.5095],[-87.91745,41.50945],[-87.91745,41.5102],[-87.91985,41.5105],[-87.92235,41.5097],[-87.932,41.5116],[-87.93945,41.5149],[-87.9449,41.51245],[-87.9465,41.51385],[-87.94625,41.506],[-87.9467,41.506],[-87.94685,41.51025],[-87.9518,41.51005],[-87.95165,41.50515],[-87.95095,41.50195],[-87.9605,41.50495],[-87.96245,41.5037],[-87.96045,41.49645],[-87.9601,41.49295],[-87.95545,41.49305],[-87.9556,41.49775],[-87.95175,41.4978],[-87.95155,41.4931],[-87.9484,41.49315],[-87.94845,41.49565],[-87.94955,41.4979],[-87.9464,41.49795],[-87.94605,41.5003]],[[-87.94045,41.5053],[-87.94145,41.50565],[-87.9416,41.5106],[-87.94295,41.5123],[-87.93925,41.5125],[-87.9392,41.51105],[-87.932,41.511],[-87.9318,41.50475],[-87.9375,41.5047],[-87.94045,41.5053]]],[[[-87.99075,41.5334],[-87.98985,41.53945],[-87.9888,41.5407],[-87.98605,41.54075],[-87.98575,41.53195],[-87.9869,41.531],[-87.98025,41.5307],[-87.97805,41.5336],[-87.97495,41.53365],[-87.97515,41.52995],[-87.9719,41.5291],[-87.9719,41.52775],[-87.97355,41.52775],[-87.9735,41.5269],[-87.97495,41.52685],[-87.9749,41.5246],[-87.97345,41.5246],[-87.9733,41.5201],[-87.9757,41.51965],[-87.9751,41.51765],[-87.97855,41.5176],[-87.98325,41.51905],[-87.99755,41.5213],[-88.0073,41.52485],[-88.00905,41.5227],[-88.00565,41.52155],[-88.0047,41.52015],[-88.01425,41.52335],[-88.0203,41.5231],[-88.02035,41.52505],[-88.02205,41.52405],[-88.0208,41.5231],[-88.0248,41.523],[-88.0239,41.522],[-88.0236,41.5132],[-88.01605,41.5134],[-88.016,41.51125],[-88.01405,41.5113],[-88.0138,41.504],[-88.00415,41.50425],[-88.00435,41.5094],[-88.00075,41.50945],[-88.00145,41.51075],[-88.0044,41.51145],[-87.9817,41.51185],[-87.98265,41.51125],[-87.9824,41.50455],[-87.98515,41.5045],[-87.985,41.5009],[-87.994,41.50075],[-87.99405,41.49245],[-87.98435,41.4926],[-87.98435,41.4973],[-87.9749,41.49745],[-87.97475,41.493],[-87.96515,41.4931],[-87.96515,41.4945],[-87.963,41.49455],[-87.96305,41.4956],[-87.9652,41.4956],[-87.96525,41.4966],[-87.96305,41.496],[-87.96075,41.49605],[-87.96115,41.49765],[-87.97405,41.49745],[-87.97385,41.50145],[-87.9703,41.50445],[-87.9645,41.5045],[-87.96245,41.5049],[-87.96215,41.50625],[-87.95955,41.5063],[-87.9596,41.5086],[-87.9612,41.51005],[-87.95665,41.5104],[-87.9549,41.5117],[-87.94885,41.51175],[-87.94685,41.51145],[-87.9472,41.52175],[-87.9466,41.51745],[-87.9451,41.51885],[-87.94305,41.51885],[-87.9418,41.5175],[-87.93215,41.51755],[-87.93225,41.51985],[-87.934,41.5202],[-87.9383,41.51875],[-87.94045,41.5203],[-87.94405,41.52075],[-87.94285,41.5233],[-87.94395,41.52415],[-87.9415,41.52645],[-87.9424,41.5264],[-87.9424,41.52695],[-87.9506,41.5268],[-87.9508,41.5315],[-87.95275,41.53125],[-87.953,41.53775],[-87.94775,41.53785],[-87.94785,41.54085],[-87.9489,41.5414],[-87.9667,41.54105],[-87.96675,41.5417],[-87.9571,41.5419],[-87.95725,41.5453],[-87.96685,41.5451],[-87.96725,41.5555],[-87.96245,41.5556],[-87.9622,41.5501],[-87.95925,41.55015],[-87.95735,41.549],[-87.9575,41.5526],[-87.95935,41.55315],[-87.95945,41.55565],[-87.9576,41.5557],[-87.9578,41.56295],[-87.96265,41.56285],[-87.9627,41.56425],[-87.9675,41.5629],[-87.9674,41.55915],[-87.9722,41.559],[-87.9723,41.56265],[-87.97715,41.56255],[-87.97705,41.5589],[-87.98185,41.5588],[-87.982,41.56245],[-87.9909,41.56225],[-87.9877,41.55765],[-87.99285,41.55755],[-87.9928,41.5559],[-87.99625,41.5558],[-87.99655,41.56575],[-88.0038,41.56555],[-88.00625,41.56645],[-88.0056,41.54765],[-88.0022,41.54775],[-88.0023,41.5514],[-87.99605,41.5513],[-87.99615,41.55485],[-87.99135,41.55495],[-87.99115,41.54885],[-87.99695,41.54875],[-87.9959,41.5475],[-87.9926,41.5469],[-87.9925,41.5414],[-87.99565,41.5406],[-87.9956,41.53775],[-88.00045,41.53765],[-88.0005,41.5391],[-88.0053,41.53895],[-88.00525,41.5368],[-88.0004,41.5369],[-88.0003,41.53325],[-87.99075,41.5334]],[[-87.9667,41.54105],[-87.96655,41.53545],[-87.9658,41.53375],[-87.9569,41.53395],[-87.95665,41.52675],[-87.9638,41.52645],[-87.9643,41.52965],[-87.9664,41.53015],[-87.97115,41.52965],[-87.9713,41.53285],[-87.96645,41.5329],[-87.9675,41.53425],[-87.97135,41.5342],[-87.97155,41.54095],[-87.9667,41.54105]],[[-87.9605,41.5212],[-87.96035,41.5235],[-87.95665,41.524],[-87.9565,41.51945],[-87.95895,41.518],[-87.9609,41.5181],[-87.9605,41.5212]],[[-87.9608,41.5153],[-87.96085,41.5171],[-87.9585,41.51715],[-87.95845,41.5157],[-87.9608,41.5153]],[[-87.97095,41.5192],[-87.9707,41.5152],[-87.97275,41.5158],[-87.9742,41.51915],[-87.97095,41.5192]],[[-87.98785,41.5145],[-87.9879,41.5163],[-87.9853,41.51635],[-87.98515,41.5136],[-87.98785,41.5145]]]]},"properties":{"kind":"neighbour","name":"New Lenox","region":"Will County","lp":[-87.97886,41.54846]}},
{"type":"Feature","geometry":{"type":"Polygon","coordinates":[[[-88.34555,42.3421],[-88.34565,42.33385],[-88.3322,42.3339],[-88.32845,42.33355],[-88.3351,42.33015],[-88.336,42.32925],[-88.33595,42.3257],[-88.3299,42.32345],[-88.32985,42.32045],[-88.3072,42.32075],[-88.3065,42.31905],[-88.3039,42.31905],[-88.3094,42.3138],[-88.29575,42.3137],[-88.2949,42.3143],[-88.29685,42.3109],[-88.2979,42.30645],[-88.2822,42.30655],[-88.28405,42.30375],[-88.28215,42.30295],[-88.2821,42.29935],[-88.2664,42.2995],[-88.26795,42.3031],[-88.26755,42.3103],[-88.27245,42.3103],[-88.27245,42.3112],[-88.26755,42.3108],[-88.2627,42.3108],[-88.26265,42.30835],[-88.2592,42.30835],[-88.25975,42.31045],[-88.25915,42.3121],[-88.2592,42.3168],[-88.255,42.31645],[-88.2549,42.31865],[-88.25255,42.3236],[-88.25245,42.3265],[-88.25315,42.3285],[-88.25755,42.32845],[-88.2575,42.3321],[-88.2643,42.332],[-88.2644,42.3355],[-88.2544,42.33575],[-88.25555,42.33715],[-88.2552,42.3385],[-88.25415,42.33945],[-88.25825,42.34195],[-88.257,42.34265],[-88.25425,42.3422],[-88.2518,42.3428],[-88.2493,42.3425],[-88.24135,42.3425],[-88.23895,42.342],[-88.23815,42.3409],[-88.2382,42.33105],[-88.23405,42.33095],[-88.23225,42.32985],[-88.23225,42.33755],[-88.2354,42.33915],[-88.2348,42.34035],[-88.2382,42.3418],[-88.23815,42.3432],[-88.247,42.34345],[-88.24695,42.3499],[-88.2442,42.35035],[-88.24415,42.35395],[-88.2429,42.35395],[-88.24295,42.35035],[-88.2381,42.3504],[-88.23805,42.35475],[-88.23915,42.3564],[-88.24645,42.3573],[-88.25305,42.35215],[-88.25315,42.3504],[-88.2506,42.3497],[-88.25275,42.34815],[-88.25275,42.3453],[-88.25705,42.3459],[-88.2542,42.34855],[-88.25995,42.3513],[-88.26015,42.3502],[-88.26485,42.3502],[-88.2649,42.35255],[-88.26015,42.3526],[-88.2585,42.35315],[-88.25605,42.3523],[-88.25275,42.35595],[-88.25215,42.35795],[-88.25745,42.35925],[-88.25745,42.36015],[-88.2506,42.35875],[-88.252,42.3605],[-88.26025,42.3604],[-88.26025,42.36455],[-88.26235,42.36455],[-88.26235,42.36815],[-88.2766,42.36795],[-88.277,42.3689],[-88.28135,42.3685],[-88.2823,42.3647],[-88.28535,42.36655],[-88.28665,42.3642],[-88.2955,42.3641],[-88.29645,42.3623],[-88.2965,42.35705],[-88.308,42.357],[-88.308,42.35265],[-88.3116,42.35505],[-88.30875,42.35695],[-88.3084,42.3632],[-88.30625,42.3641],[-88.3062,42.36775],[-88.30865,42.36775],[-88.30865,42.3714],[-88.3208,42.3713],[-88.32085,42.364],[-88.3162,42.3634],[-88.31605,42.3604],[-88.32085,42.36035],[-88.32085,42.3568],[-88.3277,42.3567],[-88.32775,42.3558],[-88.32955,42.35575],[-88.32955,42.3567],[-88.33405,42.35665],[-88.3326,42.35725],[-88.3326,42.3639],[-88.34335,42.36385],[-88.3434,42.35935],[-88.3405,42.35935],[-88.34055,42.3566],[-88.3454,42.35655],[-88.3455,42.3453],[-88.34065,42.3453],[-88.3407,42.34215],[-88.34555,42.3421]],[[-88.2756,42.31775],[-88.27245,42.31835],[-88.27115,42.3214],[-88.26785,42.32105],[-88.2627,42.3212],[-88.26275,42.31765],[-88.2676,42.3176],[-88.27245,42.3182],[-88.2756,42.31775]],[[-88.318,42.3471],[-88.3182,42.3496],[-88.3211,42.34955],[-88.3211,42.35175],[-88.3127,42.3518],[-88.30985,42.35095],[-88.3064,42.35095],[-88.3068,42.34975],[-88.31155,42.3476],[-88.318,42.3471]],[[-88.31925,42.3397],[-88.32,42.3401],[-88.328,42.33995],[-88.328,42.3422],[-88.3141,42.3424],[-88.31615,42.34135],[-88.31615,42.34],[-88.31925,42.3397]],[[-88.31635,42.32425],[-88.32125,42.3242],[-88.32125,42.33155],[-88.3163,42.3317],[-88.31635,42.32425]]]},"properties":{"kind":"neighbour","name":"McHenry","region":"McHenry County","lp":[-88.28329,42.34257]}},
{"type":"Feature","geometry":{"type":"MultiPolygon","coordinates":[[[[-88.2047,41.8582],[-88.20475,41.8605],[-88.2106,41.8604],[-88.2114,41.85045],[-88.2051,41.85055],[-88.2051,41.85165],[-88.20295,41.85165],[-88.204,41.8551],[-88.1986,41.8552],[-88.1967,41.85645],[-88.2021,41.8566],[-88.2021,41.85825],[-88.2047,41.8582]]],[[[-88.26255,41.8629],[-88.2553,41.863],[-88.25525,41.8636],[-88.2397,41.86905],[-88.2397,41.8679],[-88.2339,41.8706],[-88.2239,41.87065],[-88.2191,41.8674],[-88.21915,41.86425],[-88.2107,41.86445],[-88.2101,41.86685],[-88.20745,41.86615],[-88.2075,41.8645],[-88.20465,41.86445],[-88.20475,41.86145],[-88.1998,41.8612],[-88.1998,41.86015],[-88.19675,41.86015],[-88.1971,41.8584],[-88.1877,41.857],[-88.18355,41.85445],[-88.18055,41.852],[-88.1805,41.85515],[-88.1791,41.8566],[-88.1854,41.85675],[-88.1873,41.8575],[-88.1884,41.8576],[-88.18565,41.8591],[-88.1928,41.86145],[-88.1908,41.86395],[-88.19,41.8658],[-88.19475,41.8657],[-88.19465,41.8772],[-88.19145,41.87835],[-88.1846,41.8771],[-88.18465,41.88085],[-88.1877,41.8838],[-88.1877,41.8858],[-88.18885,41.88675],[-88.192,41.8862],[-88.19195,41.8893],[-88.1929,41.89115],[-88.1891,41.89205],[-88.1847,41.8909],[-88.1847,41.8895],[-88.17985,41.88955],[-88.17985,41.89225],[-88.18455,41.8922],[-88.1848,41.90475],[-88.20705,41.9064],[-88.2046,41.9075],[-88.20395,41.91455],[-88.2023,41.91525],[-88.20395,41.917],[-88.2039,41.92195],[-88.19515,41.922],[-88.1951,41.9266],[-88.19105,41.9266],[-88.191,41.9248],[-88.1892,41.9248],[-88.18825,41.92675],[-88.18815,41.93335],[-88.19025,41.9343],[-88.1902,41.93725],[-88.19405,41.9367],[-88.1941,41.933],[-88.1975,41.93305],[-88.19745,41.9369],[-88.2037,41.9359],[-88.20375,41.933],[-88.20885,41.9329],[-88.20885,41.9214],[-88.21405,41.9219],[-88.21405,41.9211],[-88.2157,41.9211],[-88.21575,41.91925],[-88.21845,41.9192],[-88.2184,41.9217],[-88.2264,41.9216],[-88.2264,41.91925],[-88.2303,41.91905],[-88.23425,41.91965],[-88.2374,41.9268],[-88.2374,41.936],[-88.2426,41.93595],[-88.24315,41.9372],[-88.2627,41.9372],[-88.2626,41.9284],[-88.25445,41.9285],[-88.25255,41.92935],[-88.2526,41.9249],[-88.24945,41.9249],[-88.2495,41.92145],[-88.2499,41.9194],[-88.24795,41.91955],[-88.2484,41.9164],[-88.2499,41.9156],[-88.26255,41.9166],[-88.26255,41.8734],[-88.26205,41.8734],[-88.26205,41.87105],[-88.26255,41.87105],[-88.26255,41.8629]],[[-88.19875,41.895],[-88.2018,41.8954],[-88.20425,41.8965],[-88.20425,41.89765],[-88.1996,41.8977],[-88.2008,41.9],[-88.19,41.9001],[-88.1896,41.8986],[-88.1897,41.89215],[-88.19445,41.89205],[-88.19875,41.895]],[[-88.2235,41.9078],[-88.22785,41.90865],[-88.2278,41.9106],[-88.22345,41.91065],[-88.2234,41.9143],[-88.2254,41.9143],[-88.22535,41.91795],[-88.22245,41.9175],[-88.2225,41.9138],[-88.21875,41.91385],[-88.2189,41.90745],[-88.2235,41.9078]],[[-88.2261,41.89965],[-88.2237,41.8988],[-88.22375,41.8926],[-88.2286,41.89255],[-88.22855,41.8996],[-88.2261,41.89965]]],[[[-88.1907,41.91265],[-88.19675,41.91375],[-88.1969,41.90735],[-88.19325,41.9074],[-88.1909,41.9058],[-88.1906,41.90845],[-88.1871,41.9085],[-88.18705,41.9103],[-88.18475,41.9085],[-88.18765,41.9075],[-88.1896,41.90745],[-88.1896,41.90555],[-88.18465,41.90515],[-88.18465,41.90605],[-88.1803,41.9061],[-88.1803,41.9076],[-88.17615,41.9077],[-88.17605,41.9109],[-88.1845,41.9119],[-88.1846,41.9148],[-88.1894,41.91475],[-88.18945,41.91225],[-88.1878,41.91205],[-88.18785,41.9104],[-88.19075,41.9108],[-88.1907,41.91265]]]]},"properties":{"kind":"neighbour","name":"West Chicago","region":"DuPage County","lp":[-88.24497,41.88588]}},
{"type":"Feature","geometry":{"type":"Polygon","coordinates":[[[-87.86835,42.1096],[-87.8699,42.11335],[-87.8728,42.1152],[-87.87445,42.11525],[-87.87785,42.11685],[-87.87745,42.1136],[-87.8763,42.1079],[-87.8783,42.10805],[-87.8784,42.09755],[-87.87975,42.09685],[-87.87795,42.09495],[-87.87415,42.0948],[-87.87595,42.0937],[-87.8784,42.09465],[-87.87825,42.08025],[-87.8707,42.08015],[-87.87055,42.0834],[-87.8663,42.08295],[-87.86765,42.0658],[-87.86445,42.0664],[-87.8618,42.0662],[-87.8567,42.07155],[-87.854,42.071],[-87.85065,42.06765],[-87.8492,42.0694],[-87.85065,42.0694],[-87.85065,42.0707],[-87.84985,42.06985],[-87.8477,42.0707],[-87.84785,42.0719],[-87.84685,42.0719],[-87.8469,42.07065],[-87.8452,42.07065],[-87.84345,42.0731],[-87.8334,42.07305],[-87.83495,42.07835],[-87.8346,42.08025],[-87.8322,42.08025],[-87.8322,42.0788],[-87.82975,42.0789],[-87.8299,42.07445],[-87.83095,42.0743],[-87.8311,42.0694],[-87.83445,42.0694],[-87.8346,42.06655],[-87.83815,42.0658],[-87.8382,42.06405],[-87.84025,42.06405],[-87.84055,42.0601],[-87.84345,42.06025],[-87.8449,42.06075],[-87.84495,42.0583],[-87.8403,42.0565],[-87.8403,42.0593],[-87.8354,42.0594],[-87.83535,42.06195],[-87.8322,42.062],[-87.8322,42.06065],[-87.83085,42.06205],[-87.8221,42.0624],[-87.82065,42.06055],[-87.82065,42.0586],[-87.81565,42.05865],[-87.81565,42.0551],[-87.80605,42.0552],[-87.806,42.05655],[-87.7996,42.0565],[-87.79955,42.0552],[-87.7957,42.05525],[-87.79765,42.0589],[-87.7895,42.05895],[-87.7911,42.0607],[-87.7912,42.06255],[-87.788,42.0623],[-87.77995,42.06245],[-87.78,42.06535],[-87.7712,42.06515],[-87.7706,42.06395],[-87.76595,42.06395],[-87.76585,42.06505],[-87.75875,42.065],[-87.75885,42.07235],[-87.76235,42.07225],[-87.76465,42.0796],[-87.77775,42.0798],[-87.77805,42.08205],[-87.77705,42.0847],[-87.77465,42.0849],[-87.7731,42.08695],[-87.77595,42.087],[-87.77585,42.09065],[-87.77825,42.0907],[-87.778,42.0933],[-87.7807,42.09285],[-87.78685,42.09255],[-87.7894,42.0944],[-87.7981,42.0945],[-87.799,42.1054],[-87.81475,42.1055],[-87.8148,42.10765],[-87.81995,42.1075],[-87.82155,42.1111],[-87.8267,42.1056],[-87.82585,42.1056],[-87.8247,42.0983],[-87.83415,42.09835],[-87.82695,42.1056],[-87.8294,42.1056],[-87.8294,42.1075],[-87.83435,42.1075],[-87.8344,42.10195],[-87.8393,42.1019],[-87.8393,42.10345],[-87.8442,42.10345],[-87.84695,42.10735],[-87.849,42.1075],[-87.84905,42.1057],[-87.855,42.10575],[-87.857,42.1064],[-87.85655,42.1049],[-87.8588,42.1049],[-87.8588,42.10575],[-87.8658,42.10595],[-87.86705,42.10625],[-87.86695,42.108],[-87.86835,42.1096]],[[-87.85895,42.09075],[-87.85895,42.0876],[-87.86595,42.0874],[-87.86595,42.08935],[-87.8622,42.09095],[-87.8622,42.09485],[-87.8589,42.09555],[-87.85895,42.09075]],[[-87.87125,42.08815],[-87.8732,42.09015],[-87.87245,42.092],[-87.86845,42.09195],[-87.8679,42.08935],[-87.8687,42.08815],[-87.87125,42.08815]]]},"properties":{"kind":"neighbour","name":"Glenview","region":"Cook County","lp":[-87.80896,42.07757]}},
{"type":"Feature","geometry":{"type":"MultiPolygon","coordinates":[[[[-88.38,41.91435],[-88.38,41.91165],[-88.3883,41.9115],[-88.3896,41.9109],[-88.38955,41.90475],[-88.3786,41.9037],[-88.3793,41.897],[-88.3595,41.8974],[-88.35935,41.90135],[-88.3624,41.90125],[-88.3624,41.90295],[-88.3593,41.9031],[-88.3594,41.90465],[-88.35475,41.90475],[-88.35455,41.9207],[-88.36455,41.92505],[-88.36465,41.9217],[-88.3669,41.9214],[-88.3673,41.91765],[-88.36165,41.9175],[-88.3616,41.9136],[-88.3741,41.91415],[-88.37445,41.9179],[-88.3757,41.91785],[-88.37635,41.9142],[-88.38,41.91435]]],[[[-88.29885,41.95005],[-88.3048,41.95025],[-88.3048,41.94915],[-88.30625,41.95],[-88.30815,41.94995],[-88.3086,41.9485],[-88.30595,41.9485],[-88.3063,41.94585],[-88.3028,41.945],[-88.3031,41.94295],[-88.3063,41.94325],[-88.3126,41.94285],[-88.32305,41.9427],[-88.32595,41.9424],[-88.32605,41.94605],[-88.31955,41.94625],[-88.3183,41.9447],[-88.317,41.95075],[-88.31465,41.94975],[-88.3116,41.9495],[-88.3088,41.9485],[-88.30835,41.94995],[-88.3137,41.9499],[-88.31705,41.95105],[-88.3186,41.9531],[-88.3171,41.9545],[-88.3194,41.96115],[-88.33265,41.96095],[-88.33185,41.9573],[-88.3253,41.95725],[-88.3252,41.9508],[-88.33405,41.95045],[-88.3323,41.94875],[-88.3323,41.94565],[-88.3293,41.9452],[-88.32785,41.94605],[-88.32775,41.9416],[-88.3259,41.9406],[-88.3259,41.93905],[-88.32655,41.93905],[-88.32675,41.9377],[-88.3239,41.93775],[-88.3241,41.9368],[-88.32585,41.93685],[-88.3263,41.93585],[-88.31915,41.9359],[-88.3205,41.9352],[-88.3217,41.9296],[-88.323,41.9306],[-88.3228,41.93315],[-88.32405,41.93415],[-88.3272,41.93405],[-88.329,41.92745],[-88.3276,41.92555],[-88.32755,41.92395],[-88.32165,41.92405],[-88.32045,41.92145],[-88.33035,41.9213],[-88.33055,41.92235],[-88.33695,41.92235],[-88.3401,41.92355],[-88.34015,41.926],[-88.34195,41.92605],[-88.34195,41.92125],[-88.34265,41.9195],[-88.3447,41.9202],[-88.3447,41.9172],[-88.3474,41.91775],[-88.3543,41.9206],[-88.35445,41.9048],[-88.3513,41.90485],[-88.3497,41.90345],[-88.34965,41.89765],[-88.2913,41.8986],[-88.2875,41.89885],[-88.28495,41.898],[-88.28175,41.8988],[-88.2673,41.8991],[-88.2673,41.9037],[-88.26245,41.90375],[-88.2625,41.9109],[-88.27695,41.912],[-88.27695,41.9123],[-88.2625,41.91115],[-88.26255,41.9166],[-88.2499,41.9156],[-88.2484,41.9164],[-88.24795,41.91955],[-88.2499,41.9194],[-88.2495,41.92145],[-88.2495,41.9224],[-88.25045,41.9224],[-88.2514,41.9228],[-88.25135,41.9249],[-88.2526,41.9249],[-88.25255,41.92935],[-88.25445,41.9285],[-88.2626,41.9284],[-88.2627,41.93705],[-88.26585,41.93695],[-88.26555,41.9418],[-88.26465,41.94165],[-88.26445,41.94795],[-88.2695,41.94815],[-88.27025,41.947],[-88.2721,41.94765],[-88.27565,41.9417],[-88.27855,41.9387],[-88.2814,41.9389],[-88.28135,41.93745],[-88.28795,41.9373],[-88.28965,41.9383],[-88.2948,41.93785],[-88.2948,41.9349],[-88.29705,41.9349],[-88.297,41.93785],[-88.2987,41.93775],[-88.2984,41.94215],[-88.2917,41.94225],[-88.29185,41.95065],[-88.2936,41.95055],[-88.29385,41.9485],[-88.29885,41.94815],[-88.29885,41.95005]],[[-88.25755,41.92685],[-88.2576,41.9213],[-88.25935,41.9213],[-88.2595,41.9259],[-88.25755,41.92685]],[[-88.2795,41.9072],[-88.27705,41.9072],[-88.27685,41.90375],[-88.28,41.90395],[-88.2795,41.9072]]]]},"properties":{"kind":"neighbour","name":"St. Charles","region":"Kane County","lp":[-88.30694,41.91387]}},
{"type":"Feature","geometry":{"type":"MultiPolygon","coordinates":[[[[-87.77695,41.45585],[-87.77705,41.45975],[-87.78145,41.4631],[-87.78215,41.4627],[-87.7969,41.4627],[-87.7968,41.45565],[-87.792,41.45575],[-87.79205,41.46],[-87.7872,41.46005],[-87.7869,41.44125],[-87.78165,41.4413],[-87.78165,41.44345],[-87.7792,41.44345],[-87.77915,41.4413],[-87.76235,41.44145],[-87.7624,41.44415],[-87.7672,41.44415],[-87.7673,41.4524],[-87.7719,41.4559],[-87.77695,41.45585]],[[-87.77695,41.45585],[-87.77695,41.45385],[-87.7788,41.4533],[-87.7837,41.45325],[-87.78475,41.4558],[-87.77695,41.45585]]],[[[-87.8829,41.4841],[-87.88755,41.484],[-87.88785,41.4905],[-87.8868,41.49135],[-87.9072,41.491],[-87.9069,41.4839],[-87.90585,41.486],[-87.90385,41.486],[-87.90375,41.48375],[-87.9021,41.4838],[-87.90205,41.4801],[-87.9067,41.48],[-87.9066,41.4696],[-87.89465,41.4697],[-87.8945,41.4625],[-87.88895,41.46205],[-87.889,41.4645],[-87.887,41.466],[-87.887,41.4666],[-87.8841,41.4667],[-87.8814,41.47295],[-87.87875,41.4769],[-87.8826,41.47685],[-87.8829,41.4841]],[[-87.8922,41.47435],[-87.8923,41.47625],[-87.8876,41.47675],[-87.8878,41.47445],[-87.8922,41.47435]],[[-87.90655,41.47555],[-87.90185,41.4756],[-87.90175,41.4724],[-87.90645,41.4723],[-87.90655,41.47555]]],[[[-87.88825,41.49865],[-87.85905,41.499],[-87.86205,41.49855],[-87.8761,41.4984],[-87.87595,41.49575],[-87.87835,41.4957],[-87.87845,41.49835],[-87.88335,41.4983],[-87.8831,41.4921],[-87.86855,41.4924],[-87.86825,41.4916],[-87.8831,41.4914],[-87.8829,41.4841],[-87.8756,41.4842],[-87.8743,41.48315],[-87.86965,41.4896],[-87.86835,41.48795],[-87.86345,41.488],[-87.86335,41.4844],[-87.8627,41.48235],[-87.8604,41.48235],[-87.8604,41.48455],[-87.84835,41.48455],[-87.84835,41.4798],[-87.85315,41.4798],[-87.85315,41.479],[-87.84835,41.47895],[-87.8484,41.46995],[-87.83585,41.46995],[-87.83565,41.45705],[-87.83325,41.45705],[-87.8332,41.45525],[-87.82595,41.45535],[-87.8261,41.46625],[-87.83395,41.4662],[-87.83385,41.4772],[-87.8387,41.4772],[-87.83865,41.4809],[-87.83385,41.4809],[-87.83185,41.48175],[-87.8319,41.4845],[-87.82915,41.4845],[-87.82915,41.4826],[-87.8242,41.48265],[-87.82415,41.47785],[-87.8292,41.47785],[-87.8291,41.46995],[-87.82325,41.46995],[-87.81935,41.4736],[-87.81915,41.4699],[-87.80815,41.46985],[-87.80965,41.47145],[-87.80965,41.47555],[-87.8132,41.47595],[-87.8132,41.4772],[-87.79995,41.47715],[-87.79995,41.4699],[-87.79695,41.4698],[-87.7969,41.46295],[-87.7872,41.463],[-87.78725,41.46745],[-87.7841,41.4674],[-87.78345,41.46985],[-87.78605,41.46985],[-87.786,41.4681],[-87.7873,41.4681],[-87.7873,41.46995],[-87.79015,41.46995],[-87.79015,41.47895],[-87.78115,41.4771],[-87.78075,41.478],[-87.78075,41.48435],[-87.79015,41.4845],[-87.7903,41.50645],[-87.79815,41.50645],[-87.79815,41.50765],[-87.79935,41.50765],[-87.79935,41.50645],[-87.80305,41.50645],[-87.803,41.5078],[-87.80255,41.50875],[-87.80485,41.50875],[-87.8053,41.5066],[-87.81935,41.5078],[-87.81935,41.5121],[-87.8219,41.51355],[-87.82225,41.5216],[-87.83045,41.5214],[-87.8305,41.5233],[-87.833,41.5233],[-87.8333,41.52505],[-87.8248,41.5252],[-87.8256,41.52885],[-87.85015,41.5284],[-87.85,41.5247],[-87.85245,41.5247],[-87.85235,41.52195],[-87.8523,41.5211],[-87.8498,41.5202],[-87.8523,41.52015],[-87.85225,41.5187],[-87.85465,41.51735],[-87.8577,41.5173],[-87.85765,41.5155],[-87.85215,41.5156],[-87.8499,41.51465],[-87.8498,41.5119],[-87.85925,41.51175],[-87.8595,41.5155],[-87.86555,41.5154],[-87.86565,41.5173],[-87.87045,41.5169],[-87.8742,41.51725],[-87.87395,41.51435],[-87.8714,41.5144],[-87.8713,41.51085],[-87.8739,41.50975],[-87.8764,41.50975],[-87.8765,41.51335],[-87.8789,41.5133],[-87.8786,41.50295],[-87.8814,41.50285],[-87.88875,41.5033],[-87.88825,41.49865]],[[-87.8048,41.50295],[-87.79995,41.5029],[-87.79995,41.49915],[-87.81925,41.4992],[-87.8194,41.5063],[-87.8187,41.5072],[-87.8048,41.50625],[-87.8048,41.50295]],[[-87.8198,41.48875],[-87.81975,41.49],[-87.8231,41.4907],[-87.82415,41.49225],[-87.81935,41.49215],[-87.81935,41.48995],[-87.81585,41.4893],[-87.81605,41.4858],[-87.81935,41.48625],[-87.8198,41.48875]],[[-87.8292,41.49865],[-87.82915,41.493],[-87.8339,41.49285],[-87.83875,41.4939],[-87.83875,41.49545],[-87.8339,41.49545],[-87.83395,41.49865],[-87.8292,41.49865]],[[-87.84355,41.488],[-87.8387,41.488],[-87.83875,41.4921],[-87.84185,41.4928],[-87.8405,41.4941],[-87.8339,41.49265],[-87.83385,41.4845],[-87.83865,41.48455],[-87.8387,41.4874],[-87.84355,41.488]],[[-87.84175,41.5029],[-87.84405,41.50285],[-87.84555,41.5048],[-87.84125,41.5054],[-87.83975,41.50645],[-87.8396,41.502],[-87.84175,41.5029]],[[-87.84405,41.499],[-87.84405,41.5007],[-87.84165,41.50075],[-87.84165,41.499],[-87.84405,41.499]],[[-87.84605,41.52315],[-87.84445,41.5228],[-87.84435,41.5173],[-87.84585,41.5176],[-87.84605,41.52315]],[[-87.8471,41.5102],[-87.84465,41.5102],[-87.8446,41.50835],[-87.847,41.50835],[-87.8471,41.5102]]]]},"properties":{"kind":"neighbour","name":"Frankfort","region":"Will County","lp":[-87.80024,41.489]}},
{"type":"Feature","geometry":{"type":"Polygon","coordinates":[[[-87.4912,41.5122],[-87.48695,41.5111],[-87.48695,41.508],[-87.49045,41.508],[-87.49,41.479],[-87.49315,41.479],[-87.4931,41.47505],[-87.48985,41.47265],[-87.4899,41.47535],[-87.47395,41.47535],[-87.47185,41.4742],[-87.4718,41.4717],[-87.4704,41.4711],[-87.46625,41.47165],[-87.46635,41.47895],[-87.46575,41.47895],[-87.4656,41.46805],[-87.4637,41.468],[-87.46365,41.46435],[-87.4601,41.46435],[-87.46015,41.46685],[-87.4597,41.4661],[-87.45915,41.46525],[-87.458,41.46525],[-87.458,41.46435],[-87.45105,41.4643],[-87.4511,41.4661],[-87.44625,41.4661],[-87.4463,41.467],[-87.45115,41.4675],[-87.4514,41.4788],[-87.44895,41.4788],[-87.44895,41.477],[-87.4415,41.477],[-87.44145,41.4679],[-87.4317,41.46785],[-87.4317,41.4687],[-87.4188,41.4687],[-87.4155,41.46615],[-87.41235,41.4661],[-87.4123,41.46415],[-87.4089,41.46415],[-87.409,41.46915],[-87.40755,41.46915],[-87.4076,41.47145],[-87.40275,41.4714],[-87.4026,41.4622],[-87.41055,41.46235],[-87.4049,41.4579],[-87.40255,41.45905],[-87.40245,41.45515],[-87.40425,41.44965],[-87.4096,41.44965],[-87.4097,41.45215],[-87.41205,41.4508],[-87.4119,41.44215],[-87.41325,41.4413],[-87.41395,41.4436],[-87.41595,41.444],[-87.41505,41.43965],[-87.41455,41.43515],[-87.42025,41.4352],[-87.42025,41.4317],[-87.4215,41.4317],[-87.4215,41.42805],[-87.4118,41.428],[-87.4118,41.43155],[-87.40935,41.43155],[-87.40935,41.43515],[-87.4021,41.4351],[-87.4021,41.43635],[-87.3992,41.43965],[-87.39735,41.44025],[-87.3975,41.44965],[-87.3948,41.44965],[-87.39475,41.44785],[-87.39265,41.44785],[-87.39355,41.4971],[-87.40005,41.4986],[-87.40195,41.4997],[-87.40425,41.5024],[-87.40735,41.5036],[-87.40845,41.5034],[-87.41055,41.5023],[-87.41395,41.5013],[-87.40795,41.49325],[-87.40785,41.486],[-87.4175,41.4859],[-87.4176,41.4929],[-87.4221,41.49295],[-87.42735,41.4926],[-87.42835,41.4941],[-87.4322,41.4941],[-87.4325,41.5077],[-87.45185,41.5078],[-87.45195,41.5229],[-87.49075,41.52315],[-87.491,41.52315],[-87.4907,41.5226],[-87.492,41.52255],[-87.493,41.5221],[-87.49295,41.51925],[-87.49095,41.5173],[-87.4903,41.515],[-87.4915,41.5144],[-87.4912,41.5122]]]},"properties":{"kind":"neighbour","name":"Schererville","region":"Lake County, Indiana","lp":[-87.4694,41.49854]}},
{"type":"Feature","geometry":{"type":"Polygon","coordinates":[[[-88.4225,42.20445],[-88.4224,42.21165],[-88.437,42.2116],[-88.43705,42.21525],[-88.44195,42.21525],[-88.44185,42.2044],[-88.437,42.20445],[-88.437,42.1938],[-88.4352,42.19525],[-88.43335,42.1952],[-88.4334,42.19305],[-88.4309,42.19005],[-88.44185,42.18995],[-88.44185,42.18275],[-88.44825,42.1827],[-88.44825,42.1818],[-88.43695,42.17465],[-88.43455,42.17275],[-88.43455,42.16835],[-88.4516,42.16825],[-88.45165,42.16105],[-88.46135,42.161],[-88.46135,42.1657],[-88.4663,42.1657],[-88.4663,42.16485],[-88.472,42.16515],[-88.47205,42.15375],[-88.48195,42.15375],[-88.4819,42.1527],[-88.4805,42.15275],[-88.48115,42.15205],[-88.4819,42.152],[-88.4819,42.14775],[-88.4769,42.14765],[-88.47685,42.13925],[-88.472,42.1397],[-88.472,42.1344],[-88.46845,42.1335],[-88.4626,42.1331],[-88.462,42.1319],[-88.45225,42.12945],[-88.4523,42.1209],[-88.4474,42.12085],[-88.4474,42.11755],[-88.4425,42.11755],[-88.44245,42.11225],[-88.4339,42.11765],[-88.42785,42.11765],[-88.42785,42.11405],[-88.423,42.11405],[-88.423,42.11705],[-88.4289,42.1197],[-88.4327,42.11895],[-88.4323,42.1239],[-88.4298,42.1213],[-88.42265,42.11785],[-88.41835,42.11535],[-88.4182,42.1177],[-88.41335,42.1177],[-88.41335,42.11985],[-88.41505,42.1199],[-88.4167,42.1233],[-88.4134,42.1241],[-88.4134,42.12495],[-88.41835,42.1249],[-88.4184,42.13885],[-88.42295,42.13935],[-88.4278,42.1394],[-88.42785,42.14395],[-88.423,42.14395],[-88.42315,42.14665],[-88.4228,42.15385],[-88.4213,42.1538],[-88.4185,42.15255],[-88.4181,42.1527],[-88.4182,42.14305],[-88.4132,42.14305],[-88.4132,42.14675],[-88.4085,42.14675],[-88.4086,42.15355],[-88.41095,42.15255],[-88.4124,42.15395],[-88.40005,42.15405],[-88.39825,42.1539],[-88.3968,42.15515],[-88.3968,42.1577],[-88.3934,42.15605],[-88.3934,42.1612],[-88.38845,42.1612],[-88.3885,42.16845],[-88.3982,42.1684],[-88.3982,42.1756],[-88.39855,42.17945],[-88.39335,42.1795],[-88.39335,42.18285],[-88.3885,42.1829],[-88.3885,42.1901],[-88.40305,42.19005],[-88.4031,42.1828],[-88.4127,42.1829],[-88.41275,42.19725],[-88.42255,42.19725],[-88.42255,42.20255],[-88.4322,42.20255],[-88.4322,42.20445],[-88.4225,42.20445]],[[-88.41475,42.1507],[-88.41615,42.1507],[-88.4164,42.1537],[-88.41465,42.15395],[-88.41475,42.1507]],[[-88.47205,42.1499],[-88.47205,42.1466],[-88.47445,42.14755],[-88.4745,42.14925],[-88.47205,42.1499]]]},"properties":{"kind":"neighbour","name":"Huntley","region":"McHenry County","lp":[-88.44494,42.14516]}},
{"type":"Feature","geometry":{"type":"Polygon","coordinates":[[[-88.05235,41.79675],[-88.05645,41.79725],[-88.05605,41.7936],[-88.05745,41.79355],[-88.0567,41.78605],[-88.05465,41.78195],[-88.05255,41.77915],[-88.05135,41.7796],[-88.0515,41.78185],[-88.05055,41.7826],[-88.0508,41.7877],[-88.0424,41.7879],[-88.0421,41.78445],[-88.04465,41.78455],[-88.04455,41.783],[-88.0408,41.78285],[-88.03725,41.78365],[-88.03745,41.7878],[-88.0342,41.78785],[-88.03045,41.78565],[-88.0264,41.78605],[-88.02615,41.7819],[-88.0212,41.78115],[-88.02115,41.78015],[-88.02345,41.7779],[-88.02335,41.7747],[-88.02585,41.77545],[-88.03025,41.7746],[-88.03025,41.77265],[-88.0357,41.7725],[-88.0367,41.7732],[-88.0372,41.7796],[-88.04165,41.7772],[-88.0458,41.77385],[-88.0424,41.7739],[-88.0424,41.77225],[-88.038,41.77235],[-88.0375,41.7676],[-88.04135,41.76755],[-88.03985,41.76535],[-88.03155,41.76555],[-88.03125,41.758],[-88.0275,41.7581],[-88.02725,41.75085],[-87.9943,41.75145],[-87.9931,41.75035],[-87.993,41.7478],[-87.9895,41.7477],[-87.9894,41.74445],[-87.9874,41.74385],[-87.98665,41.7453],[-87.98335,41.74565],[-87.98355,41.75165],[-87.99325,41.7515],[-87.99355,41.76595],[-87.98885,41.7661],[-87.989,41.7697],[-87.99385,41.76965],[-87.9943,41.7842],[-87.98705,41.78435],[-87.98715,41.78795],[-87.9848,41.788],[-87.98505,41.79585],[-87.9899,41.79585],[-87.9895,41.79955],[-87.98525,41.8007],[-87.98565,41.8103],[-87.98495,41.81035],[-87.9852,41.8171],[-87.9859,41.81885],[-87.9909,41.81875],[-87.99085,41.81695],[-87.9913,41.81695],[-87.9913,41.8164],[-87.99075,41.8164],[-87.9907,41.8154],[-87.99255,41.81535],[-87.99475,41.8173],[-88.00125,41.81665],[-88.0036,41.8178],[-88.00455,41.82025],[-88.004,41.8239],[-88.00075,41.824],[-87.9981,41.82275],[-87.9976,41.8241],[-87.996,41.8241],[-87.9962,41.83145],[-88.0023,41.83135],[-88.00215,41.8276],[-88.00335,41.82755],[-88.00365,41.83455],[-88.00285,41.83585],[-88.0085,41.83465],[-88.01095,41.83455],[-88.011,41.83575],[-88.01595,41.83495],[-88.01615,41.8391],[-88.02595,41.83885],[-88.0259,41.83795],[-88.0336,41.83775],[-88.0337,41.8327],[-88.05425,41.8312],[-88.05465,41.82635],[-88.0531,41.82535],[-88.0471,41.825],[-88.03945,41.8192],[-88.03665,41.8194],[-88.0339,41.8181],[-88.0339,41.8159],[-88.02675,41.816],[-88.02835,41.813],[-88.03165,41.81545],[-88.03355,41.8148],[-88.03345,41.8124],[-88.03505,41.8123],[-88.03355,41.80975],[-88.03715,41.80915],[-88.0491,41.8093],[-88.0499,41.80765],[-88.0501,41.80455],[-88.05265,41.80415],[-88.05235,41.79675]],[[-88.0339,41.82175],[-88.03805,41.82065],[-88.03975,41.82255],[-88.03455,41.82375],[-88.0339,41.82175]]]},"properties":{"kind":"neighbour","name":"Downers Grove","region":"DuPage County","lp":[-88.01036,41.79853]}},
{"type":"Feature","geometry":{"type":"MultiPolygon","coordinates":[[[[-88.12235,41.2986],[-88.12205,41.29135],[-88.1149,41.29145],[-88.1151,41.29885],[-88.12235,41.2986]]],[[[-88.1675,41.31575],[-88.16735,41.3121],[-88.1697,41.31205],[-88.16985,41.3157],[-88.17225,41.31565],[-88.1721,41.31195],[-88.1709,41.312],[-88.1707,41.30755],[-88.16855,41.30845],[-88.16615,41.30845],[-88.1663,41.3158],[-88.1675,41.31575]]],[[[-88.1895,41.284],[-88.1899,41.283],[-88.1918,41.2805],[-88.18345,41.28685],[-88.18355,41.28905],[-88.1806,41.28915],[-88.1772,41.2918],[-88.17465,41.29185],[-88.17335,41.29265],[-88.1702,41.29335],[-88.1701,41.2903],[-88.15385,41.2907],[-88.1524,41.2889],[-88.1485,41.289],[-88.14855,41.2908],[-88.1461,41.29085],[-88.146,41.28675],[-88.1412,41.28685],[-88.1413,41.29095],[-88.13065,41.29115],[-88.13055,41.2883],[-88.13395,41.28825],[-88.1324,41.286],[-88.1299,41.28605],[-88.12845,41.2881],[-88.1284,41.2912],[-88.13045,41.29115],[-88.128,41.2937],[-88.12815,41.2967],[-88.1271,41.2985],[-88.12735,41.3048],[-88.13215,41.3056],[-88.1324,41.3129],[-88.13095,41.31295],[-88.13125,41.3202],[-88.1207,41.32045],[-88.12095,41.32775],[-88.1233,41.3269],[-88.1405,41.32665],[-88.14085,41.32475],[-88.1328,41.32455],[-88.1327,41.32245],[-88.1416,41.3223],[-88.1409,41.32665],[-88.1517,41.3264],[-88.1508,41.3235],[-88.1507,41.3205],[-88.15585,41.31975],[-88.1564,41.3219],[-88.15655,41.3269],[-88.1408,41.3273],[-88.139,41.3384],[-88.17365,41.3373],[-88.17695,41.3378],[-88.18015,41.33965],[-88.1855,41.34695],[-88.18945,41.3507],[-88.18955,41.35395],[-88.1918,41.35525],[-88.19165,41.3487],[-88.189,41.3447],[-88.18865,41.3427],[-88.18685,41.33895],[-88.18665,41.3343],[-88.18805,41.32995],[-88.1873,41.32745],[-88.1856,41.3264],[-88.1791,41.3239],[-88.17495,41.323],[-88.17135,41.3229],[-88.17115,41.3193],[-88.16315,41.31945],[-88.163,41.3159],[-88.16145,41.3159],[-88.161,41.30505],[-88.1755,41.30465],[-88.1754,41.3032],[-88.17905,41.3035],[-88.1791,41.3046],[-88.1956,41.30415],[-88.19475,41.3048],[-88.19505,41.31055],[-88.19265,41.31225],[-88.1898,41.3123],[-88.19025,41.325],[-88.19055,41.326],[-88.19115,41.3405],[-88.1898,41.3415],[-88.1898,41.3435],[-88.1932,41.3439],[-88.19525,41.3461],[-88.199,41.3476],[-88.2146,41.3472],[-88.21535,41.34645],[-88.2151,41.33995],[-88.21985,41.3399],[-88.21965,41.33365],[-88.2104,41.33375],[-88.21025,41.3323],[-88.2148,41.33205],[-88.2147,41.32455],[-88.21055,41.32465],[-88.2097,41.31825],[-88.2275,41.31805],[-88.22745,41.3144],[-88.2306,41.31535],[-88.23265,41.3123],[-88.2284,41.30985],[-88.22825,41.3053],[-88.227,41.3035],[-88.22215,41.30085],[-88.2186,41.30095],[-88.21855,41.2993],[-88.2127,41.30285],[-88.20605,41.30585],[-88.20435,41.30395],[-88.204,41.2967],[-88.1895,41.29705],[-88.1898,41.3034],[-88.1802,41.30365],[-88.17985,41.29385],[-88.1811,41.29385],[-88.181,41.29095],[-88.1821,41.29],[-88.1897,41.2898],[-88.1895,41.284]],[[-88.17055,41.32265],[-88.1708,41.32895],[-88.1654,41.32495],[-88.1596,41.3242],[-88.16245,41.32235],[-88.1656,41.322],[-88.17055,41.32265]],[[-88.17475,41.29375],[-88.17385,41.2964],[-88.17,41.29755],[-88.161,41.3046],[-88.16175,41.29775],[-88.1684,41.2976],[-88.1688,41.2979],[-88.17475,41.29375]],[[-88.2095,41.31195],[-88.20465,41.31205],[-88.2046,41.31115],[-88.2141,41.311],[-88.21435,41.31235],[-88.2095,41.31195]]],[[[-88.11835,41.3462],[-88.1336,41.34605],[-88.1334,41.342],[-88.13805,41.34185],[-88.14035,41.3276],[-88.1323,41.32745],[-88.13255,41.3347],[-88.12855,41.33485],[-88.1262,41.33405],[-88.1261,41.33125],[-88.12345,41.33135],[-88.1236,41.335],[-88.12735,41.33485],[-88.1274,41.337],[-88.1225,41.33715],[-88.12245,41.335],[-88.0756,41.3359],[-88.07585,41.34345],[-88.08235,41.3462],[-88.0953,41.34605],[-88.09515,41.34305],[-88.1116,41.34225],[-88.1142,41.3387],[-88.1144,41.34595],[-88.11835,41.3462]]]]},"properties":{"kind":"neighbour","name":"Wilmington","region":"Will County","lp":[-88.14659,41.30533]}},
{"type":"Feature","geometry":{"type":"Polygon","coordinates":[[[-87.94665,42.01975],[-87.94195,42.01815],[-87.94005,42.0155],[-87.93215,42.01555],[-87.92965,42.01485],[-87.92735,42.0127],[-87.9258,42.01305],[-87.92375,42.01095],[-87.9186,42.01105],[-87.92005,42.01025],[-87.9187,42.00855],[-87.9305,42.00825],[-87.93055,42.0137],[-87.93135,42.0137],[-87.9313,42.0082],[-87.9333,42.0082],[-87.9332,42.0057],[-87.92935,42.0053],[-87.9256,42.008],[-87.9206,42.00525],[-87.91405,42.00535],[-87.91405,42.0087],[-87.913,42.0087],[-87.91275,42.0054],[-87.90795,42.00555],[-87.908,42.0089],[-87.90575,42.0093],[-87.90275,42.00895],[-87.8978,42.00755],[-87.8943,42.006],[-87.89275,42.007],[-87.8928,42.0094],[-87.88585,42.0096],[-87.8846,42.0051],[-87.88455,41.9985],[-87.88425,41.99815],[-87.87335,41.99535],[-87.86175,41.9958],[-87.8648,42.0028],[-87.86985,42.0105],[-87.8698,42.0166],[-87.87075,42.016],[-87.8719,42.01605],[-87.874,42.01835],[-87.872,42.0201],[-87.87465,42.0229],[-87.87475,42.0283],[-87.86975,42.02835],[-87.86975,42.03545],[-87.86685,42.03545],[-87.8664,42.0364],[-87.86975,42.03645],[-87.86975,42.03905],[-87.86,42.03935],[-87.86,42.0503],[-87.86255,42.0502],[-87.86395,42.04765],[-87.86315,42.0466],[-87.8648,42.04655],[-87.8648,42.0478],[-87.8658,42.04785],[-87.8658,42.04875],[-87.86715,42.04875],[-87.8675,42.0501],[-87.8683,42.0519],[-87.86245,42.052],[-87.8624,42.05395],[-87.8691,42.0537],[-87.8685,42.05725],[-87.8698,42.05665],[-87.87225,42.05635],[-87.8722,42.05345],[-87.87555,42.05345],[-87.8823,42.05465],[-87.8827,42.05805],[-87.8765,42.0582],[-87.87645,42.06595],[-87.88705,42.066],[-87.8855,42.06315],[-87.88305,42.0613],[-87.8822,42.05975],[-87.8897,42.0595],[-87.8918,42.066],[-87.8884,42.066],[-87.88835,42.0681],[-87.8893,42.069],[-87.89255,42.06845],[-87.89365,42.0733],[-87.9005,42.0733],[-87.90055,42.0575],[-87.9009,42.05745],[-87.9009,42.07335],[-87.9012,42.07335],[-87.9016,42.0776],[-87.90295,42.07975],[-87.9077,42.07985],[-87.9077,42.06705],[-87.90885,42.0661],[-87.9214,42.0662],[-87.9213,42.05535],[-87.92335,42.05535],[-87.92335,42.05185],[-87.92245,42.0486],[-87.92705,42.04795],[-87.94075,42.0476],[-87.9405,42.0227],[-87.943,42.0227],[-87.94295,42.02085],[-87.9473,42.02085],[-87.94665,42.01975]]]},"properties":{"kind":"neighbour","name":"Des Plaines","region":"Cook County","lp":[-87.89885,42.03309]}},
{"type":"Feature","geometry":{"type":"Polygon","coordinates":[[[-88.0629,42.1521],[-88.06295,42.1466],[-88.0532,42.1466],[-88.05315,42.1502],[-88.0517,42.152],[-88.04405,42.15195],[-88.04355,42.1525],[-88.03865,42.1525],[-88.0387,42.1437],[-88.03385,42.14365],[-88.03385,42.13935],[-88.0538,42.1394],[-88.05845,42.13845],[-88.05865,42.13935],[-88.05995,42.13935],[-88.05985,42.1365],[-88.0595,42.1365],[-88.0591,42.13345],[-88.05855,42.13345],[-88.0588,42.12555],[-88.06295,42.1265],[-88.0629,42.1349],[-88.0646,42.13595],[-88.06475,42.13715],[-88.09495,42.1335],[-88.06785,42.12135],[-88.06805,42.11765],[-88.07275,42.11765],[-88.0731,42.1131],[-88.0761,42.1121],[-88.07785,42.11045],[-88.07795,42.0815],[-88.08045,42.08155],[-88.08075,42.08285],[-88.08285,42.0834],[-88.0831,42.08145],[-88.0779,42.0787],[-88.07795,42.06895],[-88.0741,42.0684],[-88.07125,42.06625],[-88.06675,42.06625],[-88.0668,42.06255],[-88.06345,42.06235],[-88.0624,42.06465],[-88.0627,42.068],[-88.06405,42.0681],[-88.06465,42.0747],[-88.0679,42.07555],[-88.06775,42.0781],[-88.0658,42.07805],[-88.0663,42.0788],[-88.0653,42.08195],[-88.06545,42.08275],[-88.06805,42.08325],[-88.06805,42.08535],[-88.06225,42.0857],[-88.06225,42.08485],[-88.05725,42.08495],[-88.05705,42.084],[-88.05355,42.084],[-88.0533,42.086],[-88.04995,42.0869],[-88.0463,42.08675],[-88.045,42.08895],[-88.045,42.0915],[-88.0438,42.0923],[-88.04015,42.0923],[-88.0396,42.094],[-88.0377,42.09485],[-88.03765,42.09535],[-88.0365,42.0954],[-88.0341,42.09485],[-88.03405,42.10305],[-88.0291,42.103],[-88.02905,42.1045],[-88.0057,42.09425],[-88.00465,42.0953],[-88.0044,42.1114],[-88.00325,42.11275],[-88.00435,42.1158],[-88.00445,42.1243],[-88.0094,42.12425],[-88.00935,42.12825],[-88.00655,42.13095],[-88.0084,42.13215],[-88.0054,42.13545],[-88.00925,42.13585],[-88.00925,42.13875],[-88.008,42.1388],[-88.006,42.14145],[-88.00815,42.14485],[-88.01375,42.15025],[-88.0155,42.15275],[-88.01535,42.15325],[-88.01475,42.15355],[-88.01125,42.15365],[-88.05015,42.1538],[-88.0502,42.15325],[-88.05035,42.1537],[-88.0604,42.15385],[-88.0604,42.1532],[-88.0592,42.15255],[-88.06225,42.1526],[-88.06225,42.15215],[-88.0629,42.1521]]]},"properties":{"kind":"neighbour","name":"Palatine","region":"Cook County","lp":[-88.04016,42.12062]}},
{"type":"Feature","geometry":{"type":"Polygon","coordinates":[[[-87.46225,41.67855],[-87.46215,41.6683],[-87.47645,41.6684],[-87.47645,41.66475],[-87.48105,41.6648],[-87.48095,41.6575],[-87.49045,41.65765],[-87.49045,41.62965],[-87.49025,41.61005],[-87.46145,41.60995],[-87.4615,41.61395],[-87.45955,41.61655],[-87.4573,41.6171],[-87.4537,41.61575],[-87.45115,41.61225],[-87.44925,41.6113],[-87.4458,41.6112],[-87.43695,41.61315],[-87.4326,41.61305],[-87.43325,41.65035],[-87.4334,41.65105],[-87.43325,41.6514],[-87.43705,41.655],[-87.4206,41.6594],[-87.4098,41.66915],[-87.4096,41.6702],[-87.413,41.67305],[-87.41235,41.67495],[-87.40685,41.6805],[-87.4158,41.6882],[-87.41995,41.6887],[-87.4249,41.69005],[-87.42695,41.68955],[-87.43925,41.6796],[-87.43615,41.67115],[-87.43375,41.66815],[-87.4381,41.6646],[-87.4412,41.66705],[-87.443,41.66755],[-87.4422,41.6731],[-87.44665,41.68505],[-87.44925,41.6844],[-87.4614,41.67875],[-87.46225,41.67855]]]},"properties":{"kind":"neighbour","name":"East Chicago","region":"Lake County, Indiana","lp":[-87.46115,41.64208]}},
{"type":"Feature","geometry":{"type":"MultiPolygon","coordinates":[[[[-88.509,41.57395],[-88.50955,41.58795],[-88.5146,41.59145],[-88.522,41.58735],[-88.5336,41.57855],[-88.5333,41.5738],[-88.509,41.57395]]],[[[-88.4291,41.702],[-88.42945,41.71375],[-88.43435,41.7136],[-88.4344,41.7167],[-88.45865,41.71605],[-88.45865,41.7152],[-88.4683,41.7151],[-88.4682,41.70995],[-88.45835,41.70785],[-88.45805,41.69835],[-88.4627,41.69825],[-88.4636,41.6945],[-88.46675,41.6944],[-88.4667,41.6915],[-88.4659,41.69025],[-88.47245,41.6906],[-88.47235,41.686],[-88.4619,41.68635],[-88.4618,41.6804],[-88.4625,41.68005],[-88.47215,41.6797],[-88.4722,41.6811],[-88.4825,41.6809],[-88.4836,41.6835],[-88.48645,41.6847],[-88.48865,41.6847],[-88.48835,41.67545],[-88.48185,41.67575],[-88.47995,41.6754],[-88.47575,41.6762],[-88.4757,41.67455],[-88.46925,41.67335],[-88.4725,41.67095],[-88.475,41.67005],[-88.47715,41.6679],[-88.4845,41.6685],[-88.4845,41.6689],[-88.48825,41.66905],[-88.48785,41.6552],[-88.48065,41.65435],[-88.48065,41.6567],[-88.47145,41.65625],[-88.4666,41.6564],[-88.4665,41.653],[-88.45925,41.65335],[-88.4591,41.6566],[-88.456,41.65655],[-88.45515,41.6593],[-88.4508,41.6585],[-88.44915,41.65625],[-88.4452,41.65605],[-88.4454,41.65405],[-88.45095,41.65435],[-88.4512,41.65215],[-88.45675,41.6525],[-88.45665,41.6492],[-88.4525,41.64755],[-88.45005,41.64535],[-88.45645,41.6467],[-88.4564,41.64365],[-88.4609,41.64375],[-88.46425,41.6445],[-88.47265,41.6433],[-88.46865,41.6339],[-88.4718,41.6328],[-88.47905,41.6324],[-88.4841,41.63035],[-88.48525,41.636],[-88.4865,41.63585],[-88.48725,41.6396],[-88.4882,41.63945],[-88.4857,41.6266],[-88.4934,41.6238],[-88.4923,41.6187],[-88.4876,41.6193],[-88.4864,41.6133],[-88.4884,41.6112],[-88.4966,41.6126],[-88.49605,41.60985],[-88.49575,41.6014],[-88.51325,41.59205],[-88.5081,41.5884],[-88.5075,41.57395],[-88.5042,41.574],[-88.50455,41.58335],[-88.5033,41.58335],[-88.5033,41.58485],[-88.5046,41.5848],[-88.50475,41.58845],[-88.4982,41.58845],[-88.4949,41.5989],[-88.4956,41.6004],[-88.49275,41.60125],[-88.4913,41.60015],[-88.48595,41.6012],[-88.4803,41.60125],[-88.4821,41.5971],[-88.48075,41.5959],[-88.4769,41.596],[-88.47535,41.59835],[-88.4763,41.60015],[-88.47575,41.6013],[-88.47555,41.60685],[-88.4806,41.60865],[-88.4798,41.611],[-88.4771,41.6119],[-88.48435,41.6136],[-88.4855,41.6196],[-88.48225,41.62],[-88.48425,41.62365],[-88.4822,41.62325],[-88.48045,41.6238],[-88.4829,41.6275],[-88.4809,41.62825],[-88.48155,41.6303],[-88.477,41.63235],[-88.4759,41.6303],[-88.4797,41.6289],[-88.47965,41.62625],[-88.47725,41.6224],[-88.4658,41.62425],[-88.46625,41.6256],[-88.4721,41.6245],[-88.4739,41.63085],[-88.46595,41.63385],[-88.46375,41.6273],[-88.4588,41.62885],[-88.45495,41.6188],[-88.45395,41.61895],[-88.4524,41.61485],[-88.4484,41.61755],[-88.4489,41.6143],[-88.44695,41.61295],[-88.44185,41.61665],[-88.44,41.61625],[-88.4434,41.614],[-88.44215,41.61165],[-88.44075,41.6113],[-88.4386,41.6089],[-88.44205,41.6076],[-88.4414,41.60655],[-88.4378,41.6079],[-88.43645,41.60485],[-88.4313,41.60505],[-88.42635,41.60465],[-88.42655,41.60915],[-88.40715,41.60965],[-88.40735,41.6168],[-88.4113,41.6176],[-88.4173,41.6217],[-88.41745,41.62665],[-88.4152,41.62675],[-88.41535,41.62915],[-88.4208,41.6267],[-88.427,41.62465],[-88.4363,41.6295],[-88.4364,41.63035],[-88.4371,41.6309],[-88.4372,41.64455],[-88.4357,41.64315],[-88.4335,41.6428],[-88.4308,41.643],[-88.431,41.6458],[-88.4265,41.64555],[-88.42205,41.64645],[-88.4228,41.6516],[-88.42485,41.65215],[-88.42305,41.65495],[-88.4283,41.6567],[-88.4308,41.6572],[-88.41695,41.66425],[-88.4049,41.6706],[-88.41105,41.67635],[-88.40885,41.678],[-88.40255,41.6722],[-88.39515,41.6777],[-88.3957,41.68975],[-88.38975,41.6899],[-88.3899,41.6945],[-88.39185,41.6949],[-88.40615,41.6917],[-88.40555,41.6844],[-88.40765,41.68125],[-88.4108,41.67975],[-88.41405,41.6824],[-88.4194,41.68135],[-88.4209,41.6849],[-88.42215,41.683],[-88.4286,41.6835],[-88.4302,41.684],[-88.4288,41.68515],[-88.42785,41.687],[-88.44315,41.68355],[-88.4433,41.6893],[-88.4478,41.68915],[-88.4474,41.6877],[-88.45285,41.68755],[-88.45285,41.69125],[-88.44335,41.6915],[-88.44345,41.69515],[-88.4407,41.69525],[-88.4404,41.6916],[-88.43855,41.6926],[-88.43865,41.6953],[-88.43375,41.69545],[-88.4318,41.6939],[-88.4317,41.6918],[-88.42855,41.6919],[-88.42585,41.69105],[-88.4239,41.69265],[-88.4227,41.69115],[-88.42595,41.69085],[-88.42555,41.68805],[-88.4142,41.69075],[-88.4142,41.69175],[-88.41815,41.69145],[-88.41835,41.6989],[-88.4291,41.702]],[[-88.41845,41.6706],[-88.4224,41.67395],[-88.4306,41.66985],[-88.43325,41.6694],[-88.4341,41.67305],[-88.4306,41.6733],[-88.4294,41.6745],[-88.4321,41.6816],[-88.4273,41.68115],[-88.4181,41.6708],[-88.41845,41.6706]],[[-88.4364,41.65145],[-88.43615,41.65265],[-88.43205,41.65185],[-88.433,41.6482],[-88.43735,41.64765],[-88.4364,41.65145]],[[-88.4336,41.70295],[-88.4354,41.7033],[-88.4346,41.7058],[-88.43245,41.7054],[-88.4336,41.70295]],[[-88.43855,41.6575],[-88.44035,41.65915],[-88.4347,41.6588],[-88.435,41.65725],[-88.43855,41.6575]],[[-88.4349,41.6727],[-88.4341,41.6693],[-88.4418,41.6683],[-88.44185,41.6702],[-88.4433,41.67305],[-88.4413,41.67325],[-88.439,41.6723],[-88.4349,41.6727]],[[-88.43655,41.63025],[-88.43655,41.6281],[-88.43695,41.62645],[-88.4434,41.62695],[-88.4426,41.6321],[-88.4375,41.6299],[-88.43655,41.63025]],[[-88.45505,41.66205],[-88.4535,41.6593],[-88.45705,41.6599],[-88.45825,41.66195],[-88.4558,41.66665],[-88.45265,41.67145],[-88.45015,41.67335],[-88.44945,41.67575],[-88.44395,41.67465],[-88.442,41.66855],[-88.44295,41.6657],[-88.45135,41.66825],[-88.45445,41.66595],[-88.45505,41.66205]],[[-88.45465,41.6898],[-88.4547,41.6912],[-88.4616,41.69095],[-88.4628,41.692],[-88.45635,41.6948],[-88.4532,41.6949],[-88.4531,41.68985],[-88.45465,41.6898]]],[[[-88.4833,41.7032],[-88.47765,41.7034],[-88.47765,41.70495],[-88.4875,41.7046],[-88.489,41.70055],[-88.48865,41.68635],[-88.47715,41.6863],[-88.47745,41.6951],[-88.4831,41.6949],[-88.4833,41.7032]]],[[[-88.3892,41.7003],[-88.3903,41.7083],[-88.39315,41.70665],[-88.3967,41.7053],[-88.3976,41.7029],[-88.3975,41.70005],[-88.4057,41.69985],[-88.40815,41.69815],[-88.41185,41.6973],[-88.41435,41.69775],[-88.41435,41.696],[-88.41225,41.69525],[-88.41295,41.69385],[-88.41085,41.6936],[-88.4104,41.69275],[-88.40585,41.6926],[-88.38995,41.69615],[-88.39005,41.70025],[-88.3892,41.7003]]],[[[-88.44915,41.72175],[-88.47255,41.7214],[-88.47255,41.71885],[-88.4725,41.7162],[-88.43445,41.71725],[-88.43455,41.7219],[-88.44915,41.72175]]]]},"properties":{"kind":"neighbour","name":"Yorkville","region":"Kendall County","lp":[-88.4299,41.61676]}},
{"type":"Feature","geometry":{"type":"Polygon","coordinates":[[[-87.95675,42.3276],[-87.96365,42.32765],[-87.96365,42.32055],[-87.95885,42.32335],[-87.956,42.3276],[-87.94885,42.32755],[-87.95255,42.3241],[-87.94415,42.32405],[-87.9442,42.3203],[-87.95395,42.32045],[-87.95395,42.3168],[-87.9442,42.3167],[-87.9442,42.3157],[-87.9406,42.31565],[-87.9372,42.31475],[-87.93685,42.3093],[-87.9295,42.3092],[-87.9295,42.31125],[-87.93175,42.31125],[-87.93175,42.31285],[-87.93435,42.3129],[-87.93315,42.31465],[-87.9356,42.3147],[-87.9356,42.31655],[-87.9319,42.31645],[-87.93185,42.3201],[-87.9294,42.32005],[-87.92945,42.3182],[-87.9247,42.31815],[-87.9246,42.32375],[-87.91955,42.32375],[-87.9196,42.3209],[-87.9147,42.3209],[-87.91465,42.3237],[-87.9072,42.3237],[-87.9066,42.32005],[-87.9032,42.32005],[-87.9055,42.3383],[-87.90475,42.3363],[-87.90285,42.32],[-87.8803,42.31945],[-87.886,42.3379],[-87.88515,42.3415],[-87.86555,42.3414],[-87.8656,42.3342],[-87.84615,42.3341],[-87.8461,42.3413],[-87.82685,42.34125],[-87.827,42.34625],[-87.82575,42.35555],[-87.8242,42.35705],[-87.8241,42.36185],[-87.8221,42.3626],[-87.8201,42.3614],[-87.8165,42.36135],[-87.81485,42.36415],[-87.8128,42.3642],[-87.81265,42.36985],[-87.8098,42.37585],[-87.8071,42.3797],[-87.80745,42.3819],[-87.80665,42.38345],[-87.80485,42.3837],[-87.80325,42.3895],[-87.8019,42.39185],[-87.8224,42.3919],[-87.8215,42.3991],[-87.8306,42.39915],[-87.83055,42.4028],[-87.83545,42.4028],[-87.83545,42.4037],[-87.8453,42.40375],[-87.84565,42.4064],[-87.8452,42.41005],[-87.8478,42.41155],[-87.852,42.41135],[-87.85315,42.41315],[-87.854,42.4142],[-87.8513,42.4201],[-87.84795,42.4201],[-87.84795,42.41755],[-87.84525,42.41755],[-87.84525,42.421],[-87.84285,42.42095],[-87.8426,42.4282],[-87.8438,42.43055],[-87.8458,42.4302],[-87.8466,42.42205],[-87.85015,42.421],[-87.8532,42.421],[-87.85745,42.42105],[-87.85745,42.4193],[-87.8599,42.4193],[-87.8589,42.42285],[-87.85495,42.4258],[-87.85495,42.4284],[-87.8586,42.42825],[-87.85855,42.4306],[-87.8549,42.43055],[-87.8549,42.43185],[-87.8634,42.4319],[-87.86345,42.4283],[-87.8665,42.42835],[-87.86705,42.4276],[-87.8676,42.42835],[-87.8738,42.4285],[-87.87465,42.42295],[-87.8765,42.4216],[-87.876,42.42115],[-87.876,42.4207],[-87.8769,42.4166],[-87.87965,42.4148],[-87.87885,42.41205],[-87.8755,42.4138],[-87.8674,42.41375],[-87.8653,42.4125],[-87.8651,42.41005],[-87.86985,42.4101],[-87.8697,42.4064],[-87.86485,42.40705],[-87.8657,42.4033],[-87.8699,42.4028],[-87.87035,42.40025],[-87.87035,42.3988],[-87.8714,42.39915],[-87.87275,42.3994],[-87.87285,42.39835],[-87.8737,42.39885],[-87.87475,42.39845],[-87.87815,42.3984],[-87.87815,42.39795],[-87.8773,42.3976],[-87.87965,42.3976],[-87.8797,42.39615],[-87.8787,42.39615],[-87.8787,42.3957],[-87.8798,42.3957],[-87.8798,42.39435],[-87.8829,42.3943],[-87.8825,42.39575],[-87.88465,42.39575],[-87.8847,42.39685],[-87.88725,42.3973],[-87.88725,42.396],[-87.8994,42.39625],[-87.899,42.40475],[-87.89805,42.40345],[-87.8981,42.3998],[-87.89445,42.39975],[-87.89425,42.41065],[-87.8918,42.41065],[-87.89175,42.414],[-87.8905,42.414],[-87.8905,42.4176],[-87.87755,42.4175],[-87.87725,42.42115],[-87.8984,42.42135],[-87.8985,42.41405],[-87.8997,42.41405],[-87.8996,42.42135],[-87.90395,42.4214],[-87.904,42.4141],[-87.92825,42.41435],[-87.9275,42.41095],[-87.9196,42.39645],[-87.91895,42.39645],[-87.91615,42.39125],[-87.9142,42.3903],[-87.9093,42.3903],[-87.9093,42.3921],[-87.90435,42.3927],[-87.89455,42.3925],[-87.8946,42.39065],[-87.8873,42.3905],[-87.88405,42.39065],[-87.88175,42.39025],[-87.8799,42.38855],[-87.8772,42.38845],[-87.875,42.3893],[-87.8752,42.3813],[-87.87745,42.38025],[-87.878,42.37805],[-87.8776,42.375],[-87.88185,42.37465],[-87.88265,42.3801],[-87.88185,42.3821],[-87.88305,42.38165],[-87.88475,42.38155],[-87.8848,42.37855],[-87.88465,42.37935],[-87.88395,42.37675],[-87.88295,42.3753],[-87.88485,42.37535],[-87.88485,42.37265],[-87.8849,42.3705],[-87.8825,42.3696],[-87.88255,42.3675],[-87.8843,42.3672],[-87.88435,42.3633],[-87.885,42.36045],[-87.88445,42.3596],[-87.88015,42.35955],[-87.8802,42.35235],[-87.8825,42.35235],[-87.88255,42.34865],[-87.87785,42.349],[-87.87785,42.34515],[-87.88035,42.34515],[-87.88035,42.3434],[-87.885,42.34345],[-87.885,42.3452],[-87.88745,42.3451],[-87.88675,42.34155],[-87.88825,42.3416],[-87.89105,42.345],[-87.89565,42.34705],[-87.89645,42.348],[-87.90285,42.348],[-87.9046,42.34735],[-87.90705,42.3472],[-87.9133,42.34625],[-87.9169,42.34615],[-87.92125,42.34585],[-87.9203,42.343],[-87.92105,42.3419],[-87.92925,42.3419],[-87.92925,42.34495],[-87.93865,42.34415],[-87.9391,42.342],[-87.93335,42.34185],[-87.9327,42.34275],[-87.92925,42.34145],[-87.9293,42.3383],[-87.9342,42.33835],[-87.9342,42.3374],[-87.93745,42.33745],[-87.93745,42.33605],[-87.9401,42.33655],[-87.94155,42.33465],[-87.9416,42.33295],[-87.9465,42.333],[-87.9465,42.3318],[-87.94405,42.3313],[-87.9441,42.3275],[-87.9478,42.32755],[-87.9495,42.33025],[-87.9537,42.33095],[-87.95575,42.32795],[-87.95675,42.3276]],[[-87.90775,42.4056],[-87.91105,42.40005],[-87.9121,42.40005],[-87.9078,42.4074],[-87.9041,42.40665],[-87.9042,42.4007],[-87.90725,42.40015],[-87.90775,42.4056]],[[-87.91095,42.3946],[-87.9141,42.39465],[-87.9142,42.39645],[-87.9126,42.39925],[-87.91085,42.39925],[-87.91095,42.3946]],[[-87.92435,42.3389],[-87.92435,42.3377],[-87.9279,42.33775],[-87.92785,42.339],[-87.92435,42.3389]]]},"properties":{"kind":"neighbour","name":"Waukegan","region":"Lake County","lp":[-87.84921,42.36511]}},
{"type":"Feature","geometry":{"type":"Polygon","coordinates":[[[-87.85525,41.65225],[-87.8591,41.6523],[-87.8587,41.647],[-87.8555,41.64505],[-87.8539,41.645],[-87.854,41.6377],[-87.87325,41.6374],[-87.87315,41.63375],[-87.88525,41.63355],[-87.88535,41.63715],[-87.883,41.6371],[-87.88305,41.6397],[-87.88785,41.6396],[-87.8879,41.64075],[-87.89265,41.64125],[-87.8976,41.64115],[-87.9,41.6405],[-87.89905,41.6369],[-87.9043,41.6368],[-87.9043,41.6383],[-87.90585,41.6383],[-87.9058,41.6368],[-87.9074,41.63675],[-87.907,41.63535],[-87.9069,41.63305],[-87.91165,41.63305],[-87.9115,41.62835],[-87.90755,41.6284],[-87.90765,41.62935],[-87.8972,41.62955],[-87.89695,41.62245],[-87.9065,41.62225],[-87.90645,41.61955],[-87.91115,41.61955],[-87.9108,41.6076],[-87.89165,41.60795],[-87.89155,41.60405],[-87.8927,41.6009],[-87.90105,41.60065],[-87.901,41.5975],[-87.90205,41.59475],[-87.9057,41.5947],[-87.90585,41.59935],[-87.9078,41.6005],[-87.9105,41.60045],[-87.9104,41.59275],[-87.90795,41.5916],[-87.90575,41.5917],[-87.9055,41.5888],[-87.9103,41.58875],[-87.90945,41.5602],[-87.90215,41.5641],[-87.90015,41.56705],[-87.89905,41.5661],[-87.89045,41.57245],[-87.8914,41.5752],[-87.8908,41.5771],[-87.89095,41.58255],[-87.8855,41.58265],[-87.8842,41.58625],[-87.88925,41.5862],[-87.8892,41.58395],[-87.891,41.5839],[-87.8912,41.5916],[-87.88225,41.59175],[-87.8827,41.58895],[-87.8869,41.57895],[-87.88605,41.57885],[-87.88585,41.5716],[-87.8906,41.57165],[-87.8972,41.56725],[-87.89735,41.5642],[-87.90175,41.56415],[-87.90475,41.56245],[-87.9047,41.55695],[-87.90225,41.55685],[-87.9022,41.55225],[-87.89495,41.55235],[-87.89505,41.55475],[-87.89375,41.5555],[-87.89015,41.5548],[-87.8902,41.55715],[-87.88945,41.55715],[-87.88045,41.5572],[-87.8803,41.5527],[-87.87865,41.5527],[-87.87865,41.55235],[-87.85865,41.5525],[-87.8572,41.5521],[-87.8559,41.55295],[-87.8533,41.553],[-87.8535,41.55765],[-87.8562,41.5576],[-87.8564,41.56485],[-87.8613,41.56475],[-87.86105,41.5575],[-87.8708,41.55735],[-87.87175,41.5864],[-87.86025,41.5866],[-87.8606,41.58995],[-87.86185,41.5909],[-87.8596,41.58995],[-87.8573,41.59],[-87.8572,41.58665],[-87.84735,41.5868],[-87.84785,41.59895],[-87.84665,41.6015],[-87.8357,41.60165],[-87.83575,41.6037],[-87.8333,41.60375],[-87.83365,41.60295],[-87.8331,41.6017],[-87.83295,41.59435],[-87.83785,41.59425],[-87.83765,41.59065],[-87.83265,41.59065],[-87.83275,41.58915],[-87.83615,41.5891],[-87.8361,41.5879],[-87.8327,41.5878],[-87.83245,41.57985],[-87.8276,41.5799],[-87.82775,41.58715],[-87.82895,41.58715],[-87.8293,41.59445],[-87.82815,41.5964],[-87.8297,41.5972],[-87.8282,41.59815],[-87.8283,41.60175],[-87.8187,41.6019],[-87.81865,41.6034],[-87.8183,41.6034],[-87.81835,41.6019],[-87.78975,41.60235],[-87.79005,41.61165],[-87.7945,41.61165],[-87.79455,41.614],[-87.7922,41.61405],[-87.79245,41.61575],[-87.79025,41.6171],[-87.8101,41.6167],[-87.81255,41.6171],[-87.8183,41.61705],[-87.8167,41.6174],[-87.81675,41.618],[-87.8192,41.61765],[-87.81925,41.61955],[-87.8182,41.62115],[-87.81925,41.62025],[-87.81935,41.62205],[-87.82185,41.622],[-87.8219,41.6229],[-87.8194,41.62365],[-87.81945,41.62475],[-87.81465,41.62455],[-87.8147,41.6258],[-87.81945,41.6257],[-87.8195,41.6265],[-87.81475,41.6266],[-87.81465,41.62845],[-87.81345,41.6285],[-87.8136,41.63125],[-87.8123,41.63125],[-87.8122,41.6277],[-87.8097,41.62775],[-87.81,41.636],[-87.81255,41.6386],[-87.81005,41.63865],[-87.81015,41.64035],[-87.8103,41.6459],[-87.82555,41.64555],[-87.82555,41.64485],[-87.8262,41.64485],[-87.82625,41.64555],[-87.8296,41.6455],[-87.8298,41.651],[-87.83225,41.65095],[-87.83295,41.6491],[-87.8346,41.64905],[-87.8377,41.6511],[-87.8483,41.64035],[-87.8518,41.6377],[-87.8395,41.65],[-87.83955,41.6526],[-87.8409,41.65255],[-87.8539,41.6523],[-87.85525,41.65225]],[[-87.8863,41.61085],[-87.88705,41.61535],[-87.88465,41.6149],[-87.8846,41.61265],[-87.8863,41.61085]]]},"properties":{"kind":"neighbour","name":"Orland Park","region":"Cook County","lp":[-87.85664,41.61355]}},
{"type":"Feature","geometry":{"type":"Polygon","coordinates":[[[-87.91195,41.64395],[-87.92175,41.64375],[-87.92165,41.63985],[-87.93135,41.64],[-87.93145,41.64355],[-88.0025,41.64195],[-88.004,41.64075],[-88.00375,41.63475],[-88.0084,41.6346],[-88.0084,41.63095],[-87.9988,41.63125],[-87.99875,41.63055],[-88.0026,41.63045],[-88.0026,41.62625],[-88.0025,41.62295],[-87.9985,41.623],[-87.99835,41.6185],[-88.00395,41.61835],[-88.0037,41.61295],[-88.0024,41.61295],[-88.00225,41.60835],[-88.004,41.60745],[-88.0051,41.60505],[-88.005,41.60195],[-88.0074,41.6019],[-88.00725,41.59825],[-87.99765,41.59845],[-87.9978,41.60215],[-87.99295,41.6023],[-87.99305,41.6041],[-87.98955,41.606],[-87.98585,41.60605],[-87.9858,41.6046],[-87.98355,41.60395],[-87.9839,41.601],[-87.9799,41.60105],[-87.97845,41.60225],[-87.97865,41.6062],[-87.96905,41.6064],[-87.96895,41.6039],[-87.97375,41.6038],[-87.97355,41.599],[-87.9723,41.5975],[-87.9783,41.59755],[-87.9775,41.5953],[-87.9734,41.5954],[-87.97335,41.59355],[-87.97815,41.59345],[-87.9781,41.5917],[-87.9726,41.5918],[-87.971,41.5936],[-87.96855,41.59365],[-87.9685,41.59185],[-87.9636,41.592],[-87.9635,41.5883],[-87.97075,41.58815],[-87.9707,41.58635],[-87.9731,41.5863],[-87.97305,41.5845],[-87.97785,41.5844],[-87.97765,41.5771],[-87.9873,41.5769],[-87.9868,41.56235],[-87.982,41.56245],[-87.98205,41.5654],[-87.97725,41.5655],[-87.97735,41.5698],[-87.9605,41.5702],[-87.9607,41.57745],[-87.9601,41.5775],[-87.96,41.57385],[-87.95815,41.57385],[-87.95805,41.57025],[-87.9532,41.57035],[-87.95295,41.5631],[-87.94525,41.56325],[-87.9433,41.56375],[-87.94305,41.55605],[-87.93345,41.55625],[-87.9332,41.54875],[-87.93075,41.5492],[-87.9284,41.5504],[-87.92855,41.55635],[-87.9094,41.5568],[-87.9103,41.58875],[-87.90965,41.58875],[-87.90965,41.5905],[-87.91035,41.5905],[-87.91035,41.5993],[-87.91195,41.64395]],[[-87.99835,41.6185],[-87.99355,41.61865],[-87.99335,41.61315],[-88.00025,41.613],[-88.00135,41.61485],[-88.00145,41.618],[-87.99835,41.6185]],[[-87.93435,41.62905],[-87.93595,41.629],[-87.9362,41.63985],[-87.935,41.6399],[-87.93435,41.62905]],[[-87.947,41.58145],[-87.95465,41.58135],[-87.95345,41.58285],[-87.9513,41.58295],[-87.95135,41.585],[-87.95365,41.58495],[-87.95345,41.5893],[-87.95145,41.5904],[-87.94895,41.59045],[-87.94905,41.5924],[-87.9418,41.59245],[-87.9416,41.5871],[-87.94405,41.58715],[-87.9441,41.58915],[-87.949,41.5891],[-87.94875,41.5823],[-87.947,41.58145]],[[-87.9961,41.62315],[-87.9985,41.62305],[-87.9986,41.62525],[-87.9952,41.62535],[-87.9953,41.6277],[-87.9824,41.62795],[-87.9823,41.62455],[-87.98895,41.6242],[-87.9887,41.6169],[-87.9906,41.61685],[-87.99135,41.62415],[-87.99375,41.62405],[-87.99365,41.62045],[-87.996,41.62045],[-87.9961,41.62315]]]},"properties":{"kind":"neighbour","name":"Homer Glen","region":"Will County","lp":[-87.94941,41.61316]}},
{"type":"Feature","geometry":{"type":"Polygon","coordinates":[[[-88.2354,42.07445],[-88.2359,42.07545],[-88.2364,42.0757],[-88.2373,42.07535],[-88.23765,42.07425],[-88.23825,42.0741],[-88.23765,42.05685],[-88.23475,42.0575],[-88.2341,42.0529],[-88.23115,42.0529],[-88.2303,42.04915],[-88.2329,42.04915],[-88.23465,42.0518],[-88.2343,42.0468],[-88.2281,42.0463],[-88.22045,42.0449],[-88.21565,42.04485],[-88.20575,42.0608],[-88.213,42.06085],[-88.2157,42.05925],[-88.2165,42.05765],[-88.22295,42.0576],[-88.2237,42.0544],[-88.2283,42.0543],[-88.22615,42.05795],[-88.22265,42.06095],[-88.2228,42.06465],[-88.22375,42.0662],[-88.22025,42.06615],[-88.2202,42.06295],[-88.21935,42.0618],[-88.2157,42.0608],[-88.2134,42.066],[-88.20415,42.066],[-88.2018,42.07505],[-88.20125,42.07505],[-88.2032,42.066],[-88.20225,42.066],[-88.20295,42.0608],[-88.1842,42.0609],[-88.1842,42.05375],[-88.1907,42.05335],[-88.19235,42.04895],[-88.19365,42.04665],[-88.19835,42.0464],[-88.1985,42.042],[-88.20315,42.042],[-88.2031,42.03915],[-88.19855,42.03925],[-88.19645,42.03885],[-88.1945,42.0418],[-88.19265,42.0419],[-88.1926,42.03895],[-88.1888,42.0389],[-88.1888,42.0431],[-88.1847,42.0429],[-88.1852,42.0417],[-88.18515,42.03905],[-88.1841,42.0391],[-88.1806,42.0398],[-88.17945,42.039],[-88.14945,42.03915],[-88.14945,42.03825],[-88.14465,42.03825],[-88.14465,42.03925],[-88.13875,42.03955],[-88.13895,42.04695],[-88.12345,42.0476],[-88.12145,42.0474],[-88.12155,42.04055],[-88.1189,42.04045],[-88.1191,42.03685],[-88.0995,42.0375],[-88.09955,42.02655],[-88.09155,42.02685],[-88.0918,42.031],[-88.08475,42.03135],[-88.0846,42.03435],[-88.07985,42.03465],[-88.07995,42.0384],[-88.07015,42.0386],[-88.07,42.0351],[-88.0602,42.0355],[-88.0603,42.03915],[-88.06265,42.03905],[-88.06265,42.04105],[-88.0645,42.0414],[-88.0651,42.04385],[-88.06475,42.0497],[-88.0832,42.0491],[-88.0837,42.04575],[-88.0956,42.0486],[-88.09815,42.0485],[-88.0981,42.045],[-88.09945,42.0449],[-88.0995,42.0412],[-88.1044,42.04105],[-88.1043,42.0595],[-88.09935,42.05935],[-88.0996,42.04985],[-88.0961,42.0491],[-88.09095,42.0495],[-88.0895,42.049],[-88.08945,42.056],[-88.08455,42.0561],[-88.08445,42.0638],[-88.08925,42.06375],[-88.08945,42.06705],[-88.0826,42.067],[-88.0828,42.07345],[-88.09245,42.07365],[-88.09795,42.07425],[-88.09735,42.08145],[-88.0921,42.08145],[-88.09225,42.08245],[-88.09315,42.08255],[-88.09315,42.08335],[-88.0923,42.08335],[-88.0924,42.0846],[-88.08845,42.08365],[-88.08845,42.08415],[-88.08765,42.08385],[-88.0876,42.08865],[-88.0974,42.08875],[-88.0973,42.10335],[-88.10695,42.1034],[-88.107,42.1106],[-88.103,42.1106],[-88.10315,42.11425],[-88.1068,42.1143],[-88.10685,42.11785],[-88.12165,42.11785],[-88.12155,42.107],[-88.128,42.1069],[-88.1281,42.10295],[-88.12655,42.103],[-88.1266,42.09685],[-88.12895,42.0968],[-88.1308,42.0949],[-88.13125,42.08865],[-88.1217,42.08865],[-88.1217,42.09125],[-88.112,42.0892],[-88.1118,42.0961],[-88.10695,42.0961],[-88.107,42.0877],[-88.11435,42.08695],[-88.1144,42.0853],[-88.1217,42.085],[-88.1217,42.07805],[-88.1264,42.07795],[-88.12655,42.0794],[-88.1411,42.07925],[-88.1412,42.06895],[-88.146,42.06895],[-88.1469,42.06735],[-88.1606,42.06675],[-88.16145,42.0666],[-88.1797,42.06675],[-88.18,42.07185],[-88.1896,42.07455],[-88.18975,42.08495],[-88.1973,42.08495],[-88.19975,42.08095],[-88.2011,42.0778],[-88.20615,42.0792],[-88.2119,42.08035],[-88.22355,42.08135],[-88.2236,42.07385],[-88.22655,42.0747],[-88.2298,42.07475],[-88.23155,42.0726],[-88.234,42.0734],[-88.2354,42.07445]],[[-88.106,42.0688],[-88.10605,42.06705],[-88.1114,42.0671],[-88.1083,42.0704],[-88.1052,42.0707],[-88.106,42.0688]],[[-88.1452,42.0609],[-88.15425,42.06095],[-88.15425,42.06465],[-88.1498,42.0631],[-88.1452,42.0609]]]},"properties":{"kind":"neighbour","name":"Hoffman Estates","region":"Cook County","lp":[-88.12722,42.06273]}},
{"type":"Feature","geometry":{"type":"Polygon","coordinates":[[[-87.5003,41.6892],[-87.5042,41.6914],[-87.504,41.6939],[-87.5067,41.6937],[-87.5099,41.6953],[-87.5103,41.69725],[-87.51285,41.69875],[-87.51685,41.70315],[-87.51485,41.70445],[-87.5211,41.7101],[-87.52415,41.7082],[-87.52435,41.6882],[-87.52475,41.6521],[-87.5253,41.58155],[-87.52435,41.58085],[-87.525,41.57825],[-87.51975,41.5769],[-87.51945,41.5751],[-87.5166,41.5715],[-87.51385,41.57335],[-87.51335,41.57175],[-87.5069,41.57105],[-87.5021,41.5686],[-87.49785,41.5707],[-87.4962,41.56945],[-87.4931,41.5689],[-87.491,41.5662],[-87.4883,41.5674],[-87.4857,41.56655],[-87.48195,41.56755],[-87.4796,41.56735],[-87.47745,41.5684],[-87.4731,41.56855],[-87.4683,41.57025],[-87.46675,41.56955],[-87.46235,41.56905],[-87.45895,41.56925],[-87.4572,41.57195],[-87.455,41.57355],[-87.4536,41.5725],[-87.4561,41.56965],[-87.4545,41.5687],[-87.4506,41.56775],[-87.4491,41.5682],[-87.44905,41.5699],[-87.44195,41.56995],[-87.4427,41.56715],[-87.43415,41.5678],[-87.43255,41.5667],[-87.43295,41.5782],[-87.4326,41.61305],[-87.43695,41.61315],[-87.4458,41.6112],[-87.44925,41.6113],[-87.45115,41.61225],[-87.4537,41.61575],[-87.4573,41.6171],[-87.45955,41.61655],[-87.4615,41.61395],[-87.46145,41.60995],[-87.49025,41.61005],[-87.4905,41.6649],[-87.49055,41.67435],[-87.4936,41.6741],[-87.4953,41.6757],[-87.5002,41.67565],[-87.5003,41.6892]]]},"properties":{"kind":"neighbour","name":"Hammond","region":"Lake County, Indiana","lp":[-87.50323,41.59248]}},
{"type":"Feature","geometry":{"type":"Polygon","coordinates":[[[-87.3927,41.44965],[-87.3925,41.4387],[-87.3973,41.43875],[-87.39725,41.4351],[-87.39105,41.4351],[-87.3908,41.43275],[-87.39245,41.43025],[-87.38725,41.42955],[-87.3873,41.4277],[-87.3806,41.42765],[-87.38055,41.4308],[-87.3772,41.4308],[-87.37725,41.4276],[-87.37885,41.42765],[-87.37875,41.42015],[-87.3812,41.42045],[-87.38125,41.41585],[-87.38205,41.41585],[-87.38225,41.4095],[-87.38615,41.4095],[-87.38615,41.4059],[-87.3925,41.40505],[-87.39255,41.39945],[-87.39155,41.3987],[-87.3789,41.39855],[-87.3789,41.3949],[-87.37735,41.39485],[-87.3773,41.3985],[-87.37405,41.3985],[-87.3741,41.40575],[-87.3679,41.4057],[-87.36915,41.40195],[-87.3693,41.3948],[-87.37025,41.3948],[-87.3705,41.39635],[-87.37175,41.3975],[-87.3741,41.39565],[-87.3741,41.3912],[-87.3886,41.39135],[-87.3886,41.3841],[-87.38375,41.38405],[-87.38375,41.38765],[-87.37895,41.3876],[-87.3809,41.38695],[-87.38225,41.3849],[-87.38135,41.384],[-87.38135,41.3818],[-87.382,41.3793],[-87.38275,41.37855],[-87.38275,41.3767],[-87.3838,41.37675],[-87.3838,41.3731],[-87.3886,41.37315],[-87.3887,41.3677],[-87.38385,41.36765],[-87.38385,41.3695],[-87.379,41.3694],[-87.3789,41.37575],[-87.37985,41.3767],[-87.37795,41.3788],[-87.3741,41.37875],[-87.3741,41.38755],[-87.36925,41.38755],[-87.3696,41.38],[-87.3708,41.3766],[-87.36435,41.3766],[-87.36435,41.3773],[-87.3616,41.3773],[-87.3616,41.3766],[-87.36305,41.3766],[-87.3631,41.37295],[-87.36445,41.37295],[-87.36455,41.3657],[-87.36395,41.36205],[-87.3549,41.36205],[-87.3548,41.37295],[-87.3589,41.373],[-87.3589,41.37525],[-87.36035,41.3753],[-87.36035,41.3766],[-87.3548,41.3766],[-87.35475,41.38385],[-87.3573,41.38385],[-87.35735,41.39115],[-87.3548,41.39275],[-87.3548,41.39475],[-87.35235,41.3947],[-87.35235,41.39295],[-87.34265,41.3929],[-87.3427,41.3911],[-87.3403,41.3911],[-87.3402,41.3838],[-87.33545,41.3838],[-87.33545,41.3802],[-87.32965,41.38015],[-87.33065,41.37915],[-87.32485,41.37915],[-87.3258,41.3838],[-87.3206,41.3703],[-87.31795,41.36405],[-87.31495,41.36405],[-87.3149,41.36925],[-87.3065,41.3692],[-87.3065,41.37845],[-87.3113,41.3784],[-87.3119,41.382],[-87.3131,41.38375],[-87.3065,41.3838],[-87.3065,41.38745],[-87.2969,41.3874],[-87.29685,41.3947],[-87.30585,41.3947],[-87.30655,41.3941],[-87.30655,41.39105],[-87.3162,41.39105],[-87.31615,41.3947],[-87.31555,41.39835],[-87.3066,41.39835],[-87.3065,41.402],[-87.3017,41.402],[-87.3017,41.4038],[-87.30645,41.4038],[-87.3065,41.40565],[-87.2974,41.4056],[-87.29745,41.39835],[-87.2968,41.39835],[-87.2968,41.4129],[-87.3099,41.4129],[-87.3094,41.41455],[-87.30645,41.4138],[-87.30645,41.41655],[-87.3016,41.41655],[-87.3016,41.4202],[-87.31125,41.42015],[-87.31125,41.42745],[-87.3075,41.42745],[-87.3059,41.4233],[-87.3047,41.42215],[-87.3002,41.42225],[-87.29675,41.42365],[-87.2968,41.4302],[-87.3016,41.4302],[-87.3004,41.4311],[-87.3004,41.43475],[-87.31675,41.43475],[-87.33555,41.4348],[-87.33585,41.4493],[-87.3648,41.4494],[-87.36485,41.45305],[-87.36965,41.45305],[-87.36965,41.45395],[-87.3746,41.45395],[-87.3745,41.4496],[-87.3743,41.4494],[-87.3927,41.44965]],[[-87.3559,41.3993],[-87.35715,41.40005],[-87.3572,41.40205],[-87.3534,41.40155],[-87.3499,41.40185],[-87.3499,41.4003],[-87.3548,41.4003],[-87.3559,41.3993]]]},"properties":{"kind":"neighbour","name":"Crown Point","region":"Lake County, Indiana","lp":[-87.35519,41.4244]}},
{"type":"Feature","geometry":{"type":"MultiPolygon","coordinates":[[[[-88.06475,41.60155],[-88.0617,41.6295],[-88.0714,41.6292],[-88.0728,41.6283],[-88.07205,41.5948],[-88.06975,41.5927],[-88.069,41.5966],[-88.06815,41.5986],[-88.0652,41.59975],[-88.06475,41.60155]]],[[[-88.1253,41.668],[-88.1249,41.6542],[-88.12765,41.65395],[-88.1342,41.6512],[-88.15395,41.6401],[-88.15335,41.6382],[-88.14845,41.64105],[-88.1462,41.63965],[-88.13855,41.64575],[-88.1249,41.6484],[-88.1248,41.64275],[-88.12725,41.64255],[-88.12695,41.6413],[-88.12725,41.6389],[-88.1247,41.6384],[-88.1243,41.6349],[-88.124,41.62445],[-88.13785,41.624],[-88.1447,41.6166],[-88.14685,41.61655],[-88.14065,41.62395],[-88.1558,41.6238],[-88.1631,41.62345],[-88.16295,41.61615],[-88.154,41.6163],[-88.15395,41.61575],[-88.16295,41.6156],[-88.16285,41.60985],[-88.16105,41.60885],[-88.16285,41.60755],[-88.16275,41.60175],[-88.15365,41.60195],[-88.1538,41.6077],[-88.15245,41.60915],[-88.14885,41.6092],[-88.1486,41.60205],[-88.1521,41.60195],[-88.1518,41.59465],[-88.11765,41.5954],[-88.1179,41.60265],[-88.1132,41.60275],[-88.11305,41.5955],[-88.08395,41.59625],[-88.08395,41.5956],[-88.08105,41.59445],[-88.0742,41.59385],[-88.0727,41.59875],[-88.07345,41.6292],[-88.07425,41.6315],[-88.0871,41.6313],[-88.08715,41.63245],[-88.0804,41.6326],[-88.08045,41.63635],[-88.06115,41.63695],[-88.04895,41.6371],[-88.04655,41.6367],[-88.04665,41.641],[-88.044,41.6411],[-88.0441,41.6447],[-88.04705,41.64465],[-88.0473,41.64825],[-88.05805,41.64795],[-88.0595,41.6407],[-88.0634,41.6406],[-88.0624,41.64695],[-88.06075,41.6512],[-88.0589,41.6545],[-88.05615,41.65805],[-88.0504,41.66295],[-88.0455,41.66605],[-88.03835,41.66925],[-88.03455,41.6705],[-88.02855,41.6703],[-88.0287,41.67445],[-88.04785,41.66635],[-88.0527,41.66625],[-88.05255,41.66255],[-88.0574,41.6625],[-88.0575,41.66625],[-88.0624,41.6646],[-88.0681,41.65495],[-88.06865,41.65495],[-88.063,41.6646],[-88.063,41.66505],[-88.04795,41.6699],[-88.04805,41.67165],[-88.04405,41.67295],[-88.0408,41.67235],[-88.04105,41.6774],[-88.053,41.67705],[-88.05305,41.6783],[-88.05415,41.67925],[-88.05795,41.6798],[-88.0579,41.67695],[-88.05895,41.67545],[-88.05765,41.67445],[-88.06375,41.6696],[-88.06645,41.66955],[-88.0674,41.67315],[-88.07705,41.6729],[-88.07695,41.66925],[-88.09125,41.66885],[-88.09115,41.6614],[-88.09595,41.66145],[-88.1105,41.66105],[-88.1109,41.6755],[-88.1206,41.67535],[-88.1204,41.6681],[-88.1253,41.668]],[[-88.0824,41.61],[-88.0824,41.61065],[-88.08915,41.61045],[-88.08935,41.6155],[-88.0859,41.6156],[-88.08445,41.6135],[-88.07615,41.61375],[-88.0752,41.6111],[-88.08055,41.61075],[-88.0824,41.61]],[[-88.0792,41.64065],[-88.08045,41.6411],[-88.08045,41.64325],[-88.07605,41.64385],[-88.07605,41.6404],[-88.0792,41.64065]],[[-88.10005,41.63205],[-88.1,41.6307],[-88.1191,41.6303],[-88.1191,41.6316],[-88.10005,41.63205]],[[-88.1181,41.6026],[-88.1181,41.60125],[-88.12275,41.60115],[-88.1228,41.6025],[-88.1181,41.6026]],[[-88.12195,41.62065],[-88.12245,41.6242],[-88.1191,41.6243],[-88.11895,41.6207],[-88.12195,41.62065]],[[-88.11935,41.63155],[-88.1193,41.63025],[-88.12395,41.63015],[-88.124,41.6315],[-88.11935,41.63155]]]]},"properties":{"kind":"neighbour","name":"Romeoville","region":"Will County","lp":[-88.10962,41.64645]}},
{"type":"Feature","geometry":{"type":"Polygon","coordinates":[[[-88.13895,42.04695],[-88.13865,42.0349],[-88.13885,42.032],[-88.15445,42.0319],[-88.15425,42.0209],[-88.14465,42.021],[-88.1447,42.0174],[-88.1289,42.0181],[-88.12895,42.0108],[-88.12505,42.011],[-88.1253,42.0036],[-88.129,42.00345],[-88.12935,41.9961],[-88.1292,41.98885],[-88.10675,41.9897],[-88.09235,41.9869],[-88.09135,41.98745],[-88.0896,41.98785],[-88.0906,41.98895],[-88.0902,41.9903],[-88.0901,41.99195],[-88.0899,42.0011],[-88.0801,42.00155],[-88.07535,42.0022],[-88.0703,42.0024],[-88.0703,42.00375],[-88.0677,42.0039],[-88.0659,42.0023],[-88.06055,42.0024],[-88.06055,42.00425],[-88.05565,42.00445],[-88.05565,42.00625],[-88.0605,42.00605],[-88.0604,42.0208],[-88.0586,42.0211],[-88.0506,42.0212],[-88.0507,42.0176],[-88.0457,42.01755],[-88.0442,42.01765],[-88.0443,42.0211],[-88.0411,42.0209],[-88.03185,42.02145],[-88.03205,42.01805],[-88.03315,42.01465],[-88.03135,42.01455],[-88.0313,42.0113],[-88.0298,42.01225],[-88.0292,42.015],[-88.03065,42.02085],[-88.0303,42.02165],[-88.0305,42.0325],[-88.0292,42.03855],[-88.0298,42.0413],[-88.028,42.05075],[-88.02935,42.05085],[-88.029,42.05545],[-88.03145,42.0558],[-88.0353,42.05785],[-88.0353,42.0612],[-88.03285,42.06145],[-88.03295,42.0638],[-88.02865,42.0627],[-88.0284,42.067],[-88.0337,42.0641],[-88.0402,42.067],[-88.04095,42.06955],[-88.0442,42.0694],[-88.04375,42.06975],[-88.04375,42.0741],[-88.0461,42.07415],[-88.04555,42.0759],[-88.05345,42.07525],[-88.05375,42.07715],[-88.062,42.0773],[-88.0623,42.0781],[-88.06775,42.0781],[-88.0679,42.07555],[-88.06465,42.0747],[-88.06405,42.0681],[-88.0627,42.068],[-88.0624,42.06465],[-88.06345,42.06235],[-88.0668,42.06255],[-88.06675,42.06625],[-88.07125,42.06625],[-88.0741,42.0684],[-88.07795,42.06895],[-88.07855,42.067],[-88.08945,42.06705],[-88.08925,42.06375],[-88.08445,42.0638],[-88.08455,42.0561],[-88.08945,42.056],[-88.0895,42.049],[-88.09095,42.0495],[-88.0961,42.0491],[-88.0996,42.04985],[-88.09935,42.05935],[-88.1043,42.0595],[-88.1044,42.04105],[-88.0995,42.0412],[-88.09945,42.0449],[-88.0981,42.045],[-88.09815,42.0485],[-88.0956,42.0486],[-88.0837,42.04575],[-88.0832,42.0491],[-88.06475,42.0497],[-88.0651,42.04385],[-88.0645,42.0414],[-88.06265,42.04105],[-88.06265,42.03905],[-88.0603,42.03915],[-88.0602,42.0355],[-88.07,42.0351],[-88.07015,42.0386],[-88.07995,42.0384],[-88.07985,42.03465],[-88.0846,42.03435],[-88.08475,42.03135],[-88.0918,42.031],[-88.09155,42.02685],[-88.09955,42.02655],[-88.0995,42.0375],[-88.1191,42.03685],[-88.1189,42.04045],[-88.12155,42.04055],[-88.12145,42.0474],[-88.124,42.0476],[-88.13895,42.04695]],[[-88.11955,42.0015],[-88.1191,42.00375],[-88.11615,42.00315],[-88.1134,42.004],[-88.1104,42.0041],[-88.1096,42.00285],[-88.1096,41.99785],[-88.1145,41.9976],[-88.11445,41.9962],[-88.11545,41.99615],[-88.11925,41.99745],[-88.1202,41.9985],[-88.12035,42.00135],[-88.11955,42.0015]]]},"properties":{"kind":"neighbour","name":"Schaumburg","region":"Cook County","lp":[-88.04543,42.04522]}},
{"type":"Feature","geometry":{"type":"Polygon","coordinates":[[[-87.11815,41.49795],[-87.122,41.49825],[-87.12165,41.49245],[-87.11425,41.4925],[-87.11425,41.494],[-87.10945,41.494],[-87.10895,41.4925],[-87.1033,41.49255],[-87.1033,41.48925],[-87.10105,41.48845],[-87.1012,41.4861],[-87.0987,41.48365],[-87.0901,41.47975],[-87.0901,41.48535],[-87.08525,41.4853],[-87.08525,41.4806],[-87.08,41.47945],[-87.0756,41.47905],[-87.0765,41.4754],[-87.0799,41.47525],[-87.08015,41.4733],[-87.0756,41.4709],[-87.07665,41.4709],[-87.07645,41.4691],[-87.08,41.4686],[-87.08725,41.46855],[-87.08725,41.4697],[-87.09575,41.4735],[-87.09975,41.4768],[-87.10455,41.47945],[-87.10455,41.4781],[-87.11015,41.47805],[-87.11015,41.4771],[-87.1142,41.47655],[-87.11425,41.47375],[-87.1087,41.4738],[-87.1082,41.4708],[-87.10345,41.4708],[-87.09885,41.46955],[-87.0934,41.4697],[-87.09345,41.46645],[-87.09495,41.46495],[-87.09485,41.46135],[-87.08475,41.461],[-87.08035,41.4588],[-87.0803,41.44945],[-87.0754,41.44995],[-87.07145,41.4519],[-87.06925,41.4543],[-87.0648,41.45665],[-87.0627,41.45875],[-87.05665,41.45695],[-87.0517,41.45705],[-87.0423,41.4601],[-87.03675,41.45985],[-87.0354,41.4572],[-87.0355,41.45445],[-87.03485,41.45215],[-87.0278,41.45075],[-87.0277,41.4454],[-87.0318,41.44535],[-87.0318,41.44175],[-87.03265,41.43935],[-87.03665,41.4394],[-87.03665,41.4345],[-87.0319,41.4345],[-87.03195,41.4253],[-87.0271,41.42515],[-87.02705,41.4381],[-87.0262,41.4386],[-87.01445,41.43915],[-87.0145,41.44265],[-86.99315,41.43595],[-86.9931,41.43435],[-86.988,41.43435],[-86.97855,41.43135],[-86.97865,41.4396],[-86.9812,41.43955],[-86.9816,41.4419],[-86.98345,41.44215],[-86.9835,41.44],[-86.98835,41.43995],[-86.9883,41.44285],[-87.0028,41.44575],[-87.00285,41.44895],[-87.00525,41.44895],[-87.0064,41.4471],[-87.0184,41.44985],[-87.0241,41.45285],[-87.02415,41.45565],[-87.02315,41.4563],[-87.01145,41.4563],[-87.01145,41.46355],[-87.0174,41.4636],[-87.0174,41.46905],[-87.0115,41.46915],[-87.00735,41.46985],[-87.00755,41.47715],[-87.0196,41.4764],[-87.01955,41.47815],[-87.01745,41.4782],[-87.01745,41.479],[-87.01515,41.4787],[-87.0142,41.4831],[-87.00895,41.48295],[-87.00895,41.4854],[-87.0126,41.4854],[-87.0126,41.48905],[-87.015,41.48905],[-87.0144,41.4926],[-87.01015,41.49245],[-87.01015,41.49995],[-87.00775,41.49995],[-87.0078,41.50725],[-87.0175,41.5073],[-87.01745,41.5055],[-87.0204,41.5055],[-87.0204,41.50675],[-87.0199,41.5073],[-87.02335,41.5073],[-87.02335,41.5126],[-87.03195,41.5126],[-87.03195,41.51405],[-87.03475,41.51405],[-87.03525,41.5109],[-87.0398,41.5041],[-87.04195,41.5],[-87.04655,41.5],[-87.0466,41.50725],[-87.0563,41.50725],[-87.05635,41.51075],[-87.0612,41.5108],[-87.06115,41.51195],[-87.06505,41.51195],[-87.06605,41.51085],[-87.07085,41.51085],[-87.07085,41.5095],[-87.0684,41.5095],[-87.066,41.50995],[-87.0668,41.50725],[-87.07085,41.50725],[-87.07085,41.50175],[-87.0723,41.5029],[-87.07555,41.50345],[-87.07555,41.50725],[-87.0826,41.50725],[-87.0826,41.5017],[-87.0776,41.5017],[-87.07745,41.49995],[-87.0949,41.49985],[-87.0949,41.50715],[-87.0998,41.5071],[-87.0998,41.51075],[-87.1095,41.51065],[-87.10945,41.49975],[-87.1143,41.49975],[-87.11425,41.4947],[-87.1181,41.4951],[-87.11815,41.49795]],[[-87.0227,41.4713],[-87.0271,41.47135],[-87.0271,41.47355],[-87.02225,41.4735],[-87.0227,41.4713]],[[-87.02585,41.4874],[-87.0272,41.4891],[-87.0223,41.4891],[-87.0223,41.48765],[-87.02585,41.4874]],[[-87.02715,41.4947],[-87.0278,41.4964],[-87.0247,41.4964],[-87.02475,41.4947],[-87.02715,41.4947]],[[-87.03435,41.5037],[-87.03675,41.50485],[-87.0367,41.50665],[-87.0353,41.50715],[-87.02725,41.5072],[-87.0272,41.5037],[-87.03195,41.50365],[-87.03195,41.5],[-87.0355,41.5],[-87.0355,41.5037],[-87.03435,41.5037]]]},"properties":{"kind":"neighbour","name":"Valparaiso","region":"Porter County, Indiana","lp":[-87.05379,41.47927]}},
{"type":"Feature","geometry":{"type":"MultiPolygon","coordinates":[[[[-88.2819,42.2704],[-88.2868,42.2703],[-88.28675,42.2649],[-88.28185,42.26495],[-88.28035,42.26315],[-88.2803,42.25955],[-88.28675,42.2595],[-88.28675,42.26055],[-88.29095,42.26055],[-88.29085,42.25965],[-88.29505,42.2597],[-88.2963,42.259],[-88.2964,42.25515],[-88.30195,42.2562],[-88.30615,42.25165],[-88.30655,42.2517],[-88.3033,42.25525],[-88.30935,42.2555],[-88.3095,42.25175],[-88.3111,42.2518],[-88.31095,42.2561],[-88.3031,42.2558],[-88.30025,42.2594],[-88.3019,42.2609],[-88.3062,42.2609],[-88.30615,42.26315],[-88.30845,42.263],[-88.30975,42.26115],[-88.31265,42.2616],[-88.3134,42.26305],[-88.3134,42.26655],[-88.311,42.26655],[-88.31105,42.27505],[-88.3159,42.27575],[-88.3159,42.27015],[-88.321,42.27],[-88.32095,42.26635],[-88.31355,42.26655],[-88.31385,42.263],[-88.3158,42.26175],[-88.32085,42.26185],[-88.3208,42.256],[-88.32555,42.2555],[-88.32555,42.2576],[-88.328,42.25775],[-88.328,42.2598],[-88.33535,42.25975],[-88.3353,42.2584],[-88.3403,42.2584],[-88.3403,42.26175],[-88.3429,42.2611],[-88.3451,42.26125],[-88.34505,42.2601],[-88.34675,42.26005],[-88.33785,42.25535],[-88.33535,42.25535],[-88.3354,42.25375],[-88.33845,42.25185],[-88.3404,42.2519],[-88.3402,42.25535],[-88.3385,42.25535],[-88.34735,42.26005],[-88.34925,42.26],[-88.3492,42.2582],[-88.35385,42.25815],[-88.35505,42.25945],[-88.36055,42.26],[-88.3604,42.25825],[-88.36175,42.25675],[-88.3643,42.2567],[-88.36545,42.26245],[-88.35975,42.26245],[-88.35715,42.2635],[-88.3594,42.26605],[-88.3614,42.2673],[-88.36325,42.2655],[-88.36515,42.26675],[-88.36865,42.26675],[-88.36895,42.27165],[-88.37245,42.2735],[-88.3725,42.27695],[-88.3777,42.276],[-88.3775,42.269],[-88.37675,42.26775],[-88.3843,42.26765],[-88.3843,42.266],[-88.38915,42.266],[-88.38915,42.26235],[-88.3919,42.26235],[-88.39185,42.2605],[-88.3927,42.25875],[-88.38915,42.25875],[-88.3873,42.2575],[-88.38725,42.25515],[-88.38425,42.2552],[-88.3843,42.26055],[-88.37755,42.2606],[-88.37615,42.2581],[-88.373,42.25955],[-88.37255,42.2605],[-88.3675,42.2547],[-88.364,42.2547],[-88.3638,42.2531],[-88.35575,42.25155],[-88.35285,42.2516],[-88.35155,42.25285],[-88.35275,42.25485],[-88.34505,42.2548],[-88.3453,42.25095],[-88.34875,42.25075],[-88.3467,42.2488],[-88.3476,42.248],[-88.36965,42.2479],[-88.36965,42.24975],[-88.3648,42.24975],[-88.369,42.2518],[-88.37165,42.25465],[-88.3794,42.25465],[-88.3793,42.25],[-88.3774,42.24985],[-88.37365,42.24655],[-88.3717,42.2455],[-88.3697,42.24605],[-88.36965,42.24245],[-88.3737,42.24255],[-88.37435,42.24085],[-88.37915,42.24075],[-88.37915,42.23715],[-88.37425,42.2371],[-88.3742,42.23495],[-88.37495,42.23495],[-88.3742,42.23475],[-88.3742,42.22975],[-88.3702,42.22975],[-88.37065,42.22935],[-88.37295,42.2289],[-88.37295,42.22665],[-88.3694,42.2263],[-88.3694,42.2271],[-88.3645,42.22705],[-88.3644,42.2299],[-88.36935,42.2299],[-88.36885,42.2353],[-88.34785,42.2353],[-88.34755,42.22955],[-88.35475,42.229],[-88.3547,42.2261],[-88.3645,42.2263],[-88.365,42.2237],[-88.36915,42.22255],[-88.3692,42.21185],[-88.36455,42.2118],[-88.36455,42.2045],[-88.3595,42.2045],[-88.35955,42.201],[-88.3713,42.201],[-88.37285,42.20045],[-88.37405,42.1995],[-88.37395,42.1938],[-88.36915,42.1938],[-88.36915,42.19015],[-88.33555,42.19035],[-88.33555,42.197],[-88.33505,42.1972],[-88.3348,42.2045],[-88.3303,42.2045],[-88.3303,42.2081],[-88.3352,42.2081],[-88.3352,42.2117],[-88.3194,42.21175],[-88.31885,42.21435],[-88.31585,42.2142],[-88.31555,42.20985],[-88.31345,42.2068],[-88.31415,42.2045],[-88.311,42.20455],[-88.3083,42.1988],[-88.3051,42.1973],[-88.29865,42.20125],[-88.31045,42.2116],[-88.2963,42.2116],[-88.2963,42.20995],[-88.2914,42.20995],[-88.2914,42.20635],[-88.28655,42.20635],[-88.28655,42.20815],[-88.2816,42.2082],[-88.2816,42.21005],[-88.2768,42.21005],[-88.2768,42.21845],[-88.2804,42.2185],[-88.2813,42.21835],[-88.28445,42.21745],[-88.28445,42.219],[-88.28065,42.219],[-88.2807,42.22065],[-88.278,42.22065],[-88.278,42.219],[-88.27495,42.219],[-88.27495,42.2226],[-88.2769,42.2226],[-88.2769,42.22485],[-88.27885,42.2261],[-88.27895,42.2298],[-88.28185,42.22985],[-88.2833,42.2303],[-88.2833,42.23155],[-88.2863,42.23155],[-88.2871,42.22915],[-88.29145,42.2308],[-88.2881,42.23315],[-88.287,42.23535],[-88.28795,42.23615],[-88.2962,42.2361],[-88.29625,42.2396],[-88.2972,42.24035],[-88.29945,42.2404],[-88.299,42.24135],[-88.2975,42.24135],[-88.2975,42.2436],[-88.2928,42.24375],[-88.2923,42.2453],[-88.29115,42.2458],[-88.2868,42.2458],[-88.28665,42.24415],[-88.28435,42.24415],[-88.28435,42.2468],[-88.2865,42.2468],[-88.2865,42.2485],[-88.2827,42.2488],[-88.28405,42.25055],[-88.2866,42.25045],[-88.28655,42.25445],[-88.28375,42.25445],[-88.2838,42.25595],[-88.27695,42.25595],[-88.27695,42.25685],[-88.2742,42.25635],[-88.2733,42.2575],[-88.2763,42.25865],[-88.2763,42.2632],[-88.2738,42.2632],[-88.2721,42.2645],[-88.2722,42.27295],[-88.2753,42.27285],[-88.27705,42.27205],[-88.2819,42.27105],[-88.2819,42.2704]],[[-88.29365,42.22285],[-88.29315,42.22505],[-88.29125,42.2255],[-88.2886,42.22395],[-88.28755,42.2226],[-88.2913,42.22255],[-88.2913,42.2173],[-88.2959,42.2169],[-88.296,42.22245],[-88.29365,42.22285]],[[-88.3011,42.23885],[-88.3011,42.23735],[-88.3038,42.23735],[-88.3048,42.23915],[-88.3047,42.2412],[-88.3025,42.2412],[-88.30295,42.23885],[-88.3011,42.23885]],[[-88.3355,42.2522],[-88.33405,42.25215],[-88.3344,42.24875],[-88.33715,42.24915],[-88.337,42.25155],[-88.3355,42.2522]],[[-88.35505,42.24075],[-88.355,42.23785],[-88.3566,42.2379],[-88.3566,42.24075],[-88.35505,42.24075]]],[[[-88.41825,42.24065],[-88.40365,42.24065],[-88.4037,42.2479],[-88.3988,42.2443],[-88.39395,42.2443],[-88.39395,42.2449],[-88.397,42.24625],[-88.39395,42.2463],[-88.39395,42.2479],[-88.38435,42.24795],[-88.38425,42.25465],[-88.38675,42.25465],[-88.38645,42.25025],[-88.3891,42.25155],[-88.4086,42.2515],[-88.4086,42.2546],[-88.42325,42.2546],[-88.42325,42.24655],[-88.41825,42.2463],[-88.41825,42.24065]]]]},"properties":{"kind":"neighbour","name":"Crystal Lake","region":"McHenry County","lp":[-88.32633,42.23437]}},
{"type":"Feature","geometry":{"type":"MultiPolygon","coordinates":[[[[-88.4245,41.98465],[-88.4197,41.98235],[-88.4144,41.9821],[-88.41435,41.98635],[-88.4091,41.98655],[-88.4094,41.9845],[-88.41405,41.97735],[-88.41785,41.97645],[-88.41765,41.9783],[-88.42075,41.97935],[-88.4245,41.9783],[-88.42955,41.9794],[-88.4303,41.98375],[-88.4332,41.9835],[-88.43315,41.97615],[-88.4244,41.9763],[-88.4243,41.9716],[-88.42215,41.97245],[-88.41995,41.97255],[-88.40795,41.97165],[-88.40775,41.97515],[-88.40975,41.9752],[-88.4109,41.97795],[-88.4073,41.9778],[-88.40735,41.9839],[-88.3953,41.9841],[-88.39525,41.97515],[-88.3856,41.97405],[-88.3857,41.9875],[-88.39545,41.9871],[-88.3954,41.985],[-88.39875,41.98495],[-88.39875,41.99135],[-88.3855,41.99165],[-88.37585,41.99145],[-88.37585,42.00405],[-88.3831,42.0055],[-88.38565,42.00665],[-88.39055,42.0067],[-88.39165,42.00835],[-88.3989,42.0102],[-88.3991,42.0074],[-88.4014,42.0089],[-88.4025,42.0085],[-88.41045,42.0087],[-88.4101,41.99845],[-88.40985,41.9982],[-88.40825,41.9982],[-88.40755,41.9947],[-88.4084,41.99345],[-88.4045,41.9922],[-88.4018,41.99375],[-88.4004,41.99135],[-88.4003,41.9871],[-88.40905,41.98675],[-88.4088,41.98825],[-88.411,41.98895],[-88.4142,41.9877],[-88.41445,41.9866],[-88.419,41.9875],[-88.4248,41.98735],[-88.4245,41.98465]],[[-88.4006,41.9972],[-88.4002,41.9986],[-88.4051,41.99855],[-88.4052,42.00155],[-88.4001,42.0016],[-88.40015,42.00615],[-88.39085,42.00605],[-88.39075,41.99885],[-88.3955,41.99875],[-88.3955,41.9948],[-88.4017,41.99535],[-88.4006,41.9972]]],[[[-88.42145,42.0642],[-88.42165,42.05695],[-88.42545,42.05695],[-88.4255,42.0634],[-88.42705,42.0633],[-88.42695,42.0611],[-88.43575,42.0609],[-88.43575,42.063],[-88.4401,42.0635],[-88.4551,42.06315],[-88.4552,42.05595],[-88.44475,42.056],[-88.44475,42.0574],[-88.4424,42.05745],[-88.4404,42.0559],[-88.42505,42.05595],[-88.421,42.05415],[-88.4208,42.04705],[-88.4187,42.0479],[-88.4169,42.04655],[-88.41085,42.04575],[-88.41095,42.05695],[-88.40405,42.05695],[-88.4057,42.0557],[-88.40105,42.0536],[-88.3992,42.05225],[-88.39525,42.0504],[-88.3926,42.0489],[-88.3919,42.04965],[-88.3909,42.04915],[-88.39155,42.0483],[-88.3905,42.0478],[-88.3905,42.05295],[-88.38665,42.053],[-88.38665,42.0518],[-88.37625,42.0486],[-88.37175,42.0492],[-88.3719,42.04825],[-88.36455,42.0483],[-88.36615,42.04515],[-88.3696,42.04455],[-88.3712,42.04215],[-88.3735,42.04295],[-88.37625,42.0414],[-88.3795,42.0414],[-88.38155,42.04035],[-88.38195,42.03655],[-88.38925,42.03145],[-88.3853,42.03105],[-88.3812,42.03375],[-88.37655,42.03245],[-88.37905,42.0306],[-88.37495,42.02795],[-88.3829,42.02125],[-88.37925,42.0202],[-88.386,42.01435],[-88.38595,42.0135],[-88.3709,42.0139],[-88.3703,42.01775],[-88.3672,42.0164],[-88.36065,42.01275],[-88.36055,42.0067],[-88.357,42.0066],[-88.35695,42.00295],[-88.3638,42.0028],[-88.3701,42.0042],[-88.3701,42.00665],[-88.3829,42.00635],[-88.374,42.004],[-88.36205,41.99965],[-88.3533,41.9996],[-88.35485,42.0032],[-88.3558,42.00675],[-88.35595,42.02115],[-88.36065,42.02115],[-88.3607,42.027],[-88.34985,42.03545],[-88.3461,42.03445],[-88.34805,42.0327],[-88.349,42.0303],[-88.345,42.02875],[-88.34405,42.03165],[-88.34125,42.03245],[-88.3431,42.0285],[-88.3462,42.02425],[-88.34625,42.02155],[-88.35575,42.02115],[-88.35555,42.00675],[-88.35475,42.0033],[-88.35315,41.9996],[-88.3531,41.9964],[-88.35055,41.99565],[-88.34395,41.9925],[-88.34075,41.99245],[-88.3408,41.99075],[-88.3345,41.98755],[-88.33105,41.98565],[-88.33095,41.9924],[-88.32735,41.99245],[-88.3276,42.0001],[-88.3263,42.0003],[-88.3263,42.0072],[-88.3206,42.00675],[-88.32055,42.0105],[-88.3149,42.0105],[-88.3175,42.008],[-88.3151,42.00695],[-88.3117,42.0061],[-88.3021,42.00625],[-88.302,42.0127],[-88.29,42.01255],[-88.28845,42.01025],[-88.28635,42.0102],[-88.2852,42.01195],[-88.2802,42.01225],[-88.2791,42.01565],[-88.2732,42.0156],[-88.2716,42.01365],[-88.26935,42.01235],[-88.26765,42.015],[-88.26355,42.0154],[-88.2632,42.01195],[-88.25975,42.0125],[-88.2574,42.01235],[-88.2469,42.00845],[-88.24755,41.9939],[-88.23775,41.9941],[-88.2369,41.99365],[-88.2369,41.9868],[-88.23425,41.9869],[-88.2342,41.99105],[-88.23275,41.99055],[-88.22775,41.99065],[-88.22785,41.99425],[-88.23675,41.9941],[-88.2369,41.99855],[-88.23645,42.00295],[-88.2352,42.00435],[-88.23285,42.0132],[-88.229,42.01335],[-88.22825,42.0089],[-88.22545,42.00945],[-88.2254,42.0151],[-88.2247,42.0165],[-88.2265,42.01745],[-88.22275,42.0191],[-88.2273,42.02285],[-88.2309,42.02305],[-88.2296,42.0284],[-88.22855,42.03015],[-88.23285,42.03055],[-88.23675,42.03045],[-88.2385,42.03815],[-88.23835,42.0491],[-88.2405,42.04905],[-88.24055,42.0466],[-88.2413,42.0465],[-88.2413,42.049],[-88.24335,42.049],[-88.2433,42.0662],[-88.25835,42.0664],[-88.2583,42.0675],[-88.2575,42.0679],[-88.25555,42.06695],[-88.25445,42.06865],[-88.2613,42.0693],[-88.26305,42.06895],[-88.26665,42.071],[-88.2703,42.07135],[-88.2694,42.0668],[-88.2706,42.0661],[-88.2864,42.06615],[-88.2916,42.0644],[-88.2906,42.0704],[-88.28825,42.06745],[-88.28605,42.06675],[-88.27255,42.0668],[-88.2717,42.0686],[-88.27385,42.0728],[-88.27455,42.0729],[-88.2732,42.0695],[-88.2736,42.067],[-88.2772,42.067],[-88.27735,42.07425],[-88.2797,42.07425],[-88.2862,42.0751],[-88.28915,42.07415],[-88.2919,42.0742],[-88.3112,42.0742],[-88.3112,42.07165],[-88.307,42.071],[-88.2957,42.0685],[-88.29125,42.07035],[-88.29215,42.06515],[-88.2959,42.0677],[-88.3063,42.0696],[-88.31655,42.07185],[-88.33565,42.08035],[-88.33455,42.08275],[-88.33235,42.0818],[-88.3327,42.07965],[-88.32585,42.07655],[-88.326,42.0811],[-88.33065,42.08115],[-88.33065,42.08355],[-88.33555,42.08355],[-88.3352,42.08885],[-88.3352,42.1035],[-88.35225,42.10345],[-88.3523,42.09635],[-88.3494,42.0963],[-88.34995,42.0797],[-88.35515,42.0793],[-88.35515,42.0762],[-88.35325,42.07615],[-88.35255,42.0726],[-88.35265,42.0671],[-88.35445,42.0671],[-88.35445,42.06285],[-88.3521,42.06135],[-88.3476,42.0617],[-88.3412,42.06005],[-88.34105,42.06485],[-88.33975,42.06695],[-88.332,42.0633],[-88.3322,42.062],[-88.33525,42.0617],[-88.3354,42.05945],[-88.32225,42.0581],[-88.3178,42.0581],[-88.31535,42.05705],[-88.3508,42.0609],[-88.3535,42.05945],[-88.35005,42.05755],[-88.3503,42.0536],[-88.3488,42.053],[-88.3378,42.0455],[-88.3328,42.04375],[-88.3411,42.04395],[-88.3411,42.0389],[-88.3422,42.0364],[-88.34625,42.03695],[-88.34625,42.0384],[-88.35085,42.04065],[-88.3533,42.0412],[-88.3554,42.0372],[-88.35925,42.0381],[-88.35655,42.0458],[-88.3599,42.04685],[-88.3597,42.0497],[-88.3657,42.05035],[-88.37045,42.05025],[-88.3705,42.05115],[-88.3762,42.05115],[-88.37635,42.05805],[-88.37795,42.05885],[-88.37865,42.05775],[-88.37965,42.05825],[-88.3819,42.05855],[-88.381,42.0602],[-88.3847,42.06175],[-88.39525,42.0634],[-88.40535,42.06475],[-88.40385,42.0654],[-88.3949,42.0637],[-88.39335,42.06575],[-88.39685,42.0668],[-88.39695,42.06945],[-88.39385,42.0695],[-88.39385,42.0679],[-88.38905,42.06785],[-88.38665,42.0669],[-88.38785,42.06375],[-88.38515,42.0629],[-88.3841,42.06685],[-88.38435,42.0817],[-88.386,42.0818],[-88.38735,42.081],[-88.3879,42.08225],[-88.38645,42.0836],[-88.395,42.08885],[-88.40055,42.08885],[-88.40355,42.08785],[-88.40355,42.0853],[-88.4103,42.08515],[-88.40995,42.07645],[-88.4168,42.07565],[-88.4151,42.0713],[-88.4113,42.06755],[-88.41065,42.06705],[-88.41135,42.0658],[-88.41445,42.065],[-88.4146,42.0657],[-88.42145,42.0642]],[[-88.33975,42.06695],[-88.3465,42.07015],[-88.34525,42.0715],[-88.3398,42.0714],[-88.33975,42.06695]],[[-88.31845,42.0407],[-88.32005,42.0425],[-88.32005,42.0449],[-88.3168,42.04275],[-88.31845,42.0407]],[[-88.33515,42.0272],[-88.33525,42.03065],[-88.3362,42.034],[-88.3299,42.0341],[-88.33005,42.0323],[-88.3319,42.0322],[-88.33205,42.02975],[-88.3252,42.0274],[-88.32525,42.02905],[-88.3225,42.02905],[-88.3224,42.0268],[-88.32005,42.0255],[-88.3338,42.02525],[-88.33515,42.0272]],[[-88.342,41.9997],[-88.33495,41.9998],[-88.33495,41.99585],[-88.3421,41.99575],[-88.342,41.9997]],[[-88.33625,42.02315],[-88.3363,42.02185],[-88.3393,42.02185],[-88.33935,42.02315],[-88.33625,42.02315]],[[-88.3483,41.9996],[-88.3426,41.99965],[-88.34265,41.99575],[-88.3484,41.99565],[-88.3483,41.9996]],[[-88.35055,41.99955],[-88.35055,41.99615],[-88.35275,41.99695],[-88.3528,41.9988],[-88.35055,41.99955]],[[-88.3656,42.0366],[-88.3619,42.0354],[-88.3637,42.0315],[-88.36885,42.033],[-88.3656,42.0366]],[[-88.39965,42.06855],[-88.40365,42.0683],[-88.4036,42.0775],[-88.4003,42.0775],[-88.4001,42.07255],[-88.40175,42.0711],[-88.39965,42.06855]]]]},"properties":{"kind":"neighbour","name":"Elgin","region":"Kane County","lp":[-88.26783,42.04067]}},
{"type":"Feature","geometry":{"type":"Polygon","coordinates":[[[-87.2536,41.46365],[-87.3164,41.46385],[-87.31665,41.52205],[-87.39385,41.5226],[-87.3927,41.44965],[-87.3743,41.4494],[-87.3745,41.4496],[-87.3746,41.45395],[-87.36965,41.45395],[-87.36965,41.45305],[-87.36485,41.45305],[-87.3648,41.4494],[-87.33585,41.4493],[-87.33555,41.4348],[-87.31675,41.43475],[-87.21965,41.4346],[-87.22,41.485],[-87.22965,41.485],[-87.22965,41.4817],[-87.25375,41.4818],[-87.2536,41.46365]]]},"properties":{"kind":"neighbour","name":"Merrillville","region":"Lake County, Indiana","lp":[-87.35227,41.48652]}},
{"type":"Feature","geometry":{"type":"Polygon","coordinates":[[[-88.1764,41.6666],[-88.16535,41.6669],[-88.165,41.6561],[-88.1698,41.656],[-88.1699,41.65825],[-88.1783,41.658],[-88.17965,41.652],[-88.1745,41.65215],[-88.17425,41.64495],[-88.1686,41.6451],[-88.16465,41.6462],[-88.1649,41.65245],[-88.1561,41.65265],[-88.15535,41.6523],[-88.15495,41.6447],[-88.1646,41.64445],[-88.1644,41.63075],[-88.1593,41.63085],[-88.15945,41.6354],[-88.15705,41.6381],[-88.1548,41.63995],[-88.13455,41.65145],[-88.13455,41.65325],[-88.1311,41.6533],[-88.12835,41.6546],[-88.12715,41.6565],[-88.1255,41.6568],[-88.1253,41.6586],[-88.125,41.6586],[-88.1253,41.668],[-88.1204,41.6681],[-88.1206,41.67535],[-88.1109,41.6755],[-88.1105,41.66105],[-88.09595,41.66145],[-88.09605,41.66375],[-88.0912,41.6616],[-88.09125,41.66885],[-88.07695,41.66925],[-88.07705,41.6729],[-88.0674,41.67315],[-88.06645,41.66955],[-88.06375,41.6696],[-88.05765,41.67445],[-88.05895,41.67545],[-88.0579,41.67695],[-88.05795,41.6798],[-88.0592,41.67975],[-88.05935,41.6802],[-88.0572,41.68025],[-88.0572,41.6798],[-88.0535,41.6799],[-88.0451,41.69225],[-88.0425,41.69235],[-88.04235,41.6906],[-88.03925,41.6907],[-88.0363,41.6927],[-88.0364,41.69565],[-88.03915,41.69645],[-88.03925,41.69985],[-88.0296,41.70485],[-88.02985,41.7137],[-88.0326,41.7142],[-88.03325,41.71785],[-88.03,41.718],[-88.03035,41.7289],[-88.03515,41.7288],[-88.0352,41.73065],[-88.04005,41.73055],[-88.04025,41.73595],[-88.04205,41.73445],[-88.045,41.7344],[-88.04495,41.7322],[-88.0498,41.7321],[-88.0497,41.7289],[-88.05455,41.7288],[-88.05625,41.731],[-88.0534,41.7321],[-88.05355,41.7356],[-88.0596,41.73545],[-88.05835,41.73365],[-88.05815,41.72825],[-88.0637,41.7277],[-88.06355,41.72815],[-88.09795,41.72725],[-88.09735,41.7124],[-88.1009,41.71235],[-88.1024,41.7111],[-88.10705,41.7126],[-88.1119,41.7125],[-88.11675,41.71295],[-88.1171,41.70715],[-88.1268,41.7068],[-88.1271,41.70785],[-88.13025,41.7076],[-88.13035,41.70885],[-88.1348,41.70825],[-88.13595,41.7095],[-88.14075,41.7078],[-88.1407,41.7069],[-88.14285,41.7059],[-88.1442,41.7033],[-88.15045,41.701],[-88.1521,41.70235],[-88.15535,41.70185],[-88.15655,41.70075],[-88.1574,41.7004],[-88.15855,41.699],[-88.15995,41.698],[-88.1642,41.6915],[-88.1663,41.6904],[-88.16625,41.6887],[-88.15655,41.68885],[-88.15625,41.6817],[-88.16585,41.68145],[-88.1667,41.68085],[-88.17265,41.6735],[-88.1752,41.66945],[-88.1764,41.6666]],[[-88.0595,41.7233],[-88.05945,41.72225],[-88.0653,41.72215],[-88.06485,41.7232],[-88.0595,41.7233]],[[-88.13795,41.6678],[-88.13975,41.66775],[-88.1398,41.67015],[-88.13805,41.6703],[-88.13795,41.6678]]]},"properties":{"kind":"neighbour","name":"Bolingbrook","region":"Will County","lp":[-88.07164,41.69982]}},
{"type":"Feature","geometry":{"type":"Polygon","coordinates":[[[-87.18345,41.6304],[-87.18355,41.62295],[-87.18835,41.62295],[-87.18825,41.615],[-87.19315,41.61415],[-87.19315,41.61715],[-87.20275,41.6172],[-87.20285,41.627],[-87.20955,41.6259],[-87.22265,41.6241],[-87.22275,41.62415],[-87.22115,41.53945],[-87.20145,41.5395],[-87.20155,41.538],[-87.19925,41.538],[-87.19925,41.5361],[-87.1944,41.5352],[-87.19435,41.53245],[-87.19675,41.53245],[-87.1967,41.5288],[-87.19185,41.5288],[-87.192,41.53605],[-87.18235,41.53605],[-87.18245,41.53955],[-87.16315,41.53955],[-87.16285,41.536],[-87.1616,41.536],[-87.16165,41.5391],[-87.15885,41.53905],[-87.15885,41.5378],[-87.1531,41.5381],[-87.1531,41.55045],[-87.15385,41.55045],[-87.15385,41.55645],[-87.1589,41.5565],[-87.1588,41.5614],[-87.15305,41.56135],[-87.1531,41.56275],[-87.15775,41.56275],[-87.15775,41.56505],[-87.15325,41.56505],[-87.1436,41.56485],[-87.14375,41.57185],[-87.1304,41.57185],[-87.1273,41.57245],[-87.1246,41.5737],[-87.1247,41.5937],[-87.1318,41.59375],[-87.1318,41.59895],[-87.1441,41.59635],[-87.1442,41.60115],[-87.1413,41.60115],[-87.14075,41.6029],[-87.1413,41.6053],[-87.1442,41.60525],[-87.14475,41.6068],[-87.14505,41.6312],[-87.14455,41.64565],[-87.1474,41.6464],[-87.1474,41.63575],[-87.15035,41.6358],[-87.1508,41.6417],[-87.15835,41.64175],[-87.15875,41.64015],[-87.15875,41.63105],[-87.1617,41.63105],[-87.1621,41.6354],[-87.16805,41.6346],[-87.17515,41.6341],[-87.1764,41.63185],[-87.18345,41.6304]],[[-87.20545,41.55275],[-87.20495,41.5541],[-87.1985,41.5541],[-87.19845,41.5506],[-87.2054,41.5506],[-87.20545,41.55275]]]},"properties":{"kind":"neighbour","name":"Portage","region":"Porter County, Indiana","lp":[-87.18436,41.58263]}},
{"type":"Feature","geometry":{"type":"Polygon","coordinates":[[[-88.22035,42.18435],[-88.22405,42.1862],[-88.224,42.1832],[-88.2289,42.1832],[-88.2289,42.18585],[-88.2305,42.18765],[-88.2326,42.1877],[-88.23455,42.18605],[-88.23905,42.18695],[-88.2455,42.18675],[-88.2455,42.18335],[-88.24305,42.18335],[-88.24295,42.17605],[-88.2575,42.1758],[-88.25745,42.18205],[-88.25555,42.1832],[-88.2639,42.18315],[-88.26525,42.1792],[-88.26665,42.1773],[-88.2624,42.17735],[-88.26285,42.17575],[-88.2629,42.17225],[-88.25755,42.1723],[-88.2575,42.1744],[-88.2418,42.17455],[-88.2418,42.1761],[-88.2383,42.1762],[-88.2382,42.17845],[-88.2344,42.1785],[-88.2345,42.17245],[-88.23885,42.17245],[-88.23885,42.1688],[-88.24785,42.1687],[-88.2479,42.15755],[-88.25545,42.1578],[-88.2554,42.1642],[-88.2527,42.16415],[-88.2527,42.16865],[-88.262,42.1686],[-88.26195,42.1648],[-88.2575,42.1648],[-88.2576,42.1391],[-88.2571,42.1396],[-88.24805,42.13965],[-88.24805,42.136],[-88.24315,42.13605],[-88.2432,42.1324],[-88.24625,42.1324],[-88.24625,42.1287],[-88.24805,42.12875],[-88.24805,42.1251],[-88.2465,42.12505],[-88.2465,42.11965],[-88.2432,42.11965],[-88.24325,42.1178],[-88.2413,42.1178],[-88.2421,42.11475],[-88.24265,42.1141],[-88.2383,42.114],[-88.23825,42.09285],[-88.2285,42.09275],[-88.2285,42.0923],[-88.2189,42.09225],[-88.21895,42.08875],[-88.21395,42.08875],[-88.21395,42.08515],[-88.20885,42.08515],[-88.20915,42.0849],[-88.2091,42.08155],[-88.19945,42.08155],[-88.1972,42.08515],[-88.2043,42.08515],[-88.2043,42.08875],[-88.2091,42.0887],[-88.20915,42.0925],[-88.1946,42.0923],[-88.19465,42.0978],[-88.192,42.09775],[-88.18985,42.09725],[-88.1899,42.1032],[-88.1856,42.1032],[-88.18135,42.11],[-88.1706,42.1103],[-88.17585,42.1135],[-88.1776,42.11405],[-88.1651,42.12235],[-88.165,42.12125],[-88.1606,42.1213],[-88.1607,42.11035],[-88.1382,42.1104],[-88.1379,42.1139],[-88.14585,42.1139],[-88.14585,42.1175],[-88.15085,42.1175],[-88.15085,42.1247],[-88.1411,42.1247],[-88.14115,42.1319],[-88.13865,42.13195],[-88.1386,42.1373],[-88.136,42.1374],[-88.13605,42.14015],[-88.1375,42.14275],[-88.141,42.14165],[-88.1462,42.14165],[-88.1485,42.14375],[-88.1507,42.14245],[-88.15075,42.1542],[-88.1554,42.15425],[-88.15525,42.156],[-88.1521,42.1559],[-88.15075,42.15705],[-88.1508,42.1608],[-88.1511,42.1615],[-88.15435,42.1615],[-88.15415,42.1641],[-88.1654,42.16985],[-88.16545,42.16885],[-88.17255,42.16885],[-88.1725,42.1708],[-88.1703,42.17085],[-88.17025,42.1723],[-88.17765,42.1761],[-88.18505,42.17615],[-88.18495,42.1799],[-88.19385,42.18435],[-88.19465,42.18375],[-88.19465,42.18475],[-88.20555,42.19055],[-88.2068,42.19055],[-88.20685,42.18685],[-88.20805,42.18685],[-88.2091,42.18955],[-88.20915,42.19225],[-88.2134,42.1942],[-88.21405,42.19375],[-88.2142,42.18685],[-88.2204,42.18675],[-88.22035,42.18435]],[[-88.1779,42.16155],[-88.1784,42.1651],[-88.176,42.1662],[-88.176,42.16885],[-88.17315,42.16885],[-88.17315,42.1673],[-88.1671,42.16705],[-88.16735,42.1658],[-88.16995,42.1631],[-88.1723,42.1615],[-88.1779,42.16155]],[[-88.18035,42.16505],[-88.1802,42.16155],[-88.18235,42.1616],[-88.18235,42.16465],[-88.18035,42.16505]],[[-88.1996,42.15425],[-88.2117,42.15425],[-88.2114,42.1555],[-88.2101,42.15785],[-88.2106,42.15785],[-88.21065,42.1615],[-88.21175,42.1615],[-88.21195,42.16875],[-88.2095,42.16875],[-88.2094,42.176],[-88.2086,42.1778],[-88.203,42.17795],[-88.2034,42.1738],[-88.20155,42.1738],[-88.20155,42.16995],[-88.2023,42.16875],[-88.20465,42.16875],[-88.20445,42.16105],[-88.19945,42.16105],[-88.1996,42.15425]],[[-88.208,42.17885],[-88.2087,42.1796],[-88.2087,42.1832],[-88.20645,42.18325],[-88.2065,42.1796],[-88.208,42.17885]]]},"properties":{"kind":"neighbour","name":"Barrington Hills","region":"Cook County","lp":[-88.21053,42.1246]}},
{"type":"Feature","geometry":{"type":"MultiPolygon","coordinates":[[[[-88.1636,41.58915],[-88.1629,41.59215],[-88.1634,41.6081],[-88.1682,41.60805],[-88.1677,41.59445],[-88.1647,41.5945],[-88.1654,41.59365],[-88.16765,41.5936],[-88.16755,41.5914],[-88.1636,41.58915]]],[[[-88.2337,41.67475],[-88.233,41.65845],[-88.2304,41.6534],[-88.22895,41.65125],[-88.2279,41.65125],[-88.2278,41.6496],[-88.2175,41.6347],[-88.21745,41.633],[-88.2201,41.63685],[-88.22245,41.6368],[-88.22305,41.6405],[-88.22535,41.644],[-88.23245,41.6439],[-88.2327,41.6512],[-88.2376,41.6511],[-88.2381,41.6621],[-88.2429,41.662],[-88.24275,41.65825],[-88.24765,41.6582],[-88.2473,41.6509],[-88.25215,41.65145],[-88.2522,41.65355],[-88.25735,41.6535],[-88.25755,41.658],[-88.2541,41.65865],[-88.2525,41.6596],[-88.25255,41.6612],[-88.25995,41.6611],[-88.25985,41.65795],[-88.26465,41.65795],[-88.26445,41.65065],[-88.2692,41.6506],[-88.2694,41.65785],[-88.2789,41.65775],[-88.2787,41.64875],[-88.28095,41.6487],[-88.281,41.65045],[-88.2886,41.65035],[-88.28835,41.6431],[-88.27865,41.6432],[-88.27855,41.63825],[-88.27455,41.6383],[-88.27445,41.6331],[-88.2701,41.6315],[-88.2687,41.63015],[-88.26815,41.62255],[-88.2779,41.62215],[-88.27815,41.633],[-88.28795,41.6329],[-88.2878,41.62915],[-88.283,41.62915],[-88.28275,41.622],[-88.29395,41.6218],[-88.29335,41.60735],[-88.3024,41.6072],[-88.3023,41.6],[-88.2915,41.60015],[-88.2918,41.6074],[-88.28695,41.60745],[-88.2863,41.593],[-88.2792,41.5931],[-88.2765,41.59215],[-88.27625,41.5859],[-88.286,41.58575],[-88.2857,41.57845],[-88.27015,41.5788],[-88.2711,41.57785],[-88.2708,41.5715],[-88.26125,41.57165],[-88.2613,41.5746],[-88.26415,41.57455],[-88.26555,41.5756],[-88.26575,41.5788],[-88.23965,41.57915],[-88.2395,41.5692],[-88.2295,41.56935],[-88.22965,41.57205],[-88.2189,41.57215],[-88.21915,41.57655],[-88.2158,41.5763],[-88.21405,41.57445],[-88.2148,41.5733],[-88.2111,41.57375],[-88.2062,41.57335],[-88.2035,41.57225],[-88.2007,41.5723],[-88.20065,41.571],[-88.1992,41.57065],[-88.1958,41.5705],[-88.19595,41.57405],[-88.1906,41.5738],[-88.1875,41.57685],[-88.1901,41.5768],[-88.19025,41.5796],[-88.20095,41.5795],[-88.201,41.58025],[-88.1933,41.58035],[-88.194,41.58345],[-88.1941,41.5868],[-88.1916,41.58685],[-88.1919,41.5931],[-88.18705,41.5931],[-88.187,41.59185],[-88.18045,41.5866],[-88.1802,41.584],[-88.18175,41.58135],[-88.18165,41.57975],[-88.17405,41.57985],[-88.17255,41.58105],[-88.17355,41.5816],[-88.1748,41.582],[-88.17385,41.5844],[-88.17545,41.58505],[-88.17425,41.58685],[-88.1723,41.58715],[-88.16505,41.58725],[-88.1642,41.58845],[-88.1747,41.59485],[-88.1787,41.59785],[-88.1711,41.60165],[-88.1685,41.6017],[-88.16875,41.60785],[-88.1699,41.60895],[-88.1634,41.60905],[-88.16345,41.61265],[-88.17295,41.61255],[-88.17305,41.6089],[-88.19185,41.60865],[-88.1925,41.6093],[-88.1928,41.6159],[-88.19665,41.61585],[-88.1929,41.6181],[-88.193,41.62095],[-88.19595,41.6187],[-88.1952,41.61775],[-88.19765,41.61545],[-88.19945,41.61665],[-88.1937,41.62425],[-88.19405,41.62745],[-88.1919,41.63145],[-88.1896,41.6307],[-88.18575,41.63725],[-88.1838,41.63605],[-88.16915,41.63635],[-88.1691,41.63425],[-88.17395,41.63415],[-88.17365,41.62375],[-88.16635,41.62345],[-88.16655,41.63075],[-88.1644,41.63075],[-88.16465,41.6452],[-88.17425,41.64495],[-88.1745,41.65215],[-88.17965,41.652],[-88.1783,41.658],[-88.1699,41.65825],[-88.1698,41.656],[-88.165,41.6561],[-88.16535,41.6669],[-88.1764,41.6666],[-88.17795,41.65935],[-88.18445,41.65915],[-88.18415,41.65185],[-88.18715,41.65185],[-88.1873,41.65545],[-88.194,41.6554],[-88.19395,41.65445],[-88.20185,41.6544],[-88.202,41.65985],[-88.2035,41.6598],[-88.20375,41.66615],[-88.19925,41.66625],[-88.1994,41.66985],[-88.2042,41.6698],[-88.20455,41.67705],[-88.22395,41.67675],[-88.2238,41.6731],[-88.2287,41.67305],[-88.2288,41.6748],[-88.2337,41.67475]],[[-88.18145,41.5943],[-88.1774,41.59435],[-88.1771,41.58705],[-88.1793,41.58765],[-88.18165,41.59015],[-88.18145,41.5943]],[[-88.1981,41.64535],[-88.19365,41.6454],[-88.1937,41.64815],[-88.203,41.648],[-88.20325,41.65245],[-88.2,41.65365],[-88.1999,41.65165],[-88.19675,41.6517],[-88.1968,41.65325],[-88.1939,41.65325],[-88.19385,41.65175],[-88.189,41.6518],[-88.18875,41.64455],[-88.1825,41.64465],[-88.1838,41.6411],[-88.1855,41.63815],[-88.18735,41.63685],[-88.19065,41.63735],[-88.193,41.632],[-88.19615,41.63085],[-88.1968,41.63245],[-88.20005,41.63245],[-88.19755,41.6355],[-88.19545,41.63725],[-88.19505,41.63975],[-88.19795,41.6397],[-88.19805,41.64185],[-88.20285,41.6418],[-88.2029,41.6453],[-88.1981,41.64535]],[[-88.223,41.5925],[-88.2229,41.591],[-88.22565,41.59095],[-88.2257,41.59255],[-88.22885,41.5937],[-88.22795,41.5955],[-88.2281,41.59855],[-88.2215,41.5987],[-88.221,41.59585],[-88.21585,41.5986],[-88.2162,41.5958],[-88.21845,41.5925],[-88.21835,41.5902],[-88.21595,41.59025],[-88.2161,41.59385],[-88.21195,41.5939],[-88.21105,41.58665],[-88.219,41.5866],[-88.22065,41.5854],[-88.22125,41.5817],[-88.223,41.5799],[-88.2258,41.58225],[-88.22735,41.58425],[-88.23015,41.58425],[-88.23025,41.5865],[-88.22155,41.58655],[-88.2208,41.59105],[-88.223,41.5925]],[[-88.21385,41.6151],[-88.21185,41.6151],[-88.21195,41.61185],[-88.2167,41.61175],[-88.21575,41.61375],[-88.21385,41.6151]],[[-88.2135,41.65875],[-88.21835,41.65865],[-88.2187,41.6659],[-88.22355,41.66585],[-88.2237,41.66945],[-88.21885,41.66955],[-88.21895,41.6732],[-88.2141,41.67325],[-88.2135,41.65875]],[[-88.2203,41.57935],[-88.2204,41.5812],[-88.21795,41.5812],[-88.2179,41.5794],[-88.2203,41.57935]],[[-88.22675,41.6221],[-88.2219,41.62225],[-88.22175,41.61865],[-88.2266,41.61855],[-88.22675,41.6221]],[[-88.227,41.62945],[-88.2222,41.62955],[-88.22205,41.6259],[-88.2269,41.6258],[-88.227,41.62945]],[[-88.26685,41.5934],[-88.27655,41.5932],[-88.2769,41.6004],[-88.28175,41.60035],[-88.2824,41.6148],[-88.27755,41.6149],[-88.27775,41.6185],[-88.2702,41.61875],[-88.26795,41.6179],[-88.24305,41.61825],[-88.24315,41.62055],[-88.24605,41.62045],[-88.24615,41.62185],[-88.2412,41.62195],[-88.24075,41.60895],[-88.2359,41.60905],[-88.23475,41.60755],[-88.2384,41.60745],[-88.2383,41.60555],[-88.2406,41.6055],[-88.2407,41.6074],[-88.2455,41.6073],[-88.2454,41.6037],[-88.24055,41.6038],[-88.24005,41.6001],[-88.23555,41.6003],[-88.2356,41.6015],[-88.2326,41.6019],[-88.2323,41.6005],[-88.24415,41.59025],[-88.25445,41.59005],[-88.2543,41.587],[-88.25695,41.58635],[-88.2666,41.5861],[-88.26685,41.5934]],[[-88.2594,41.64345],[-88.25965,41.65075],[-88.25575,41.6508],[-88.25475,41.6514],[-88.2546,41.64355],[-88.2594,41.64345]],[[-88.26185,41.6363],[-88.2619,41.6382],[-88.2592,41.63825],[-88.2591,41.6362],[-88.26185,41.6363]]],[[[-88.23395,41.6584],[-88.2348,41.6802],[-88.2388,41.6801],[-88.2385,41.67285],[-88.2446,41.67275],[-88.2347,41.6584],[-88.23395,41.6584]]]]},"properties":{"kind":"neighbour","name":"Plainfield","region":"Will County","lp":[-88.2553,41.62761]}},
{"type":"Feature","geometry":{"type":"Polygon","coordinates":[[[-87.2823,41.551],[-87.31165,41.55115],[-87.3128,41.55235],[-87.31715,41.55165],[-87.31665,41.52205],[-87.3164,41.46385],[-87.2536,41.46365],[-87.2538,41.48745],[-87.2539,41.50445],[-87.253,41.50445],[-87.253,41.50345],[-87.2442,41.50345],[-87.2442,41.4998],[-87.2409,41.4998],[-87.23935,41.5009],[-87.2394,41.50705],[-87.2337,41.5061],[-87.2336,41.4998],[-87.2381,41.4998],[-87.2392,41.4977],[-87.2324,41.4967],[-87.23165,41.49945],[-87.23015,41.49985],[-87.2284,41.50325],[-87.2314,41.5046],[-87.2304,41.50705],[-87.2202,41.50705],[-87.2217,41.56145],[-87.2265,41.56145],[-87.22775,41.56325],[-87.2278,41.5651],[-87.2385,41.56515],[-87.2382,41.56175],[-87.241,41.5594],[-87.24095,41.55795],[-87.25055,41.55795],[-87.2505,41.55615],[-87.25645,41.55615],[-87.26015,41.5556],[-87.26005,41.55265],[-87.2649,41.55265],[-87.26485,41.5508],[-87.2783,41.55105],[-87.27835,41.5488],[-87.2823,41.551]]]},"properties":{"kind":"neighbour","name":"Hobart","region":"Lake County, Indiana","lp":[-87.28413,41.51638]}},
{"type":"Feature","geometry":{"type":"MultiPolygon","coordinates":[[[[-88.26165,41.6974],[-88.26075,41.6966],[-88.2584,41.6933],[-88.2597,41.69335],[-88.2504,41.67995],[-88.2437,41.67995],[-88.2439,41.6873],[-88.2352,41.68745],[-88.2354,41.6939],[-88.23925,41.69465],[-88.247,41.69455],[-88.2467,41.6995],[-88.2417,41.7002],[-88.2415,41.70615],[-88.24445,41.7061],[-88.24455,41.70905],[-88.25865,41.7089],[-88.2587,41.70955],[-88.261,41.70895],[-88.2652,41.7088],[-88.2651,41.70285],[-88.26165,41.6974]]],[[[-88.34495,41.795],[-88.36925,41.79465],[-88.37285,41.79285],[-88.37495,41.79285],[-88.37495,41.7946],[-88.38565,41.7945],[-88.3856,41.7916],[-88.3906,41.79155],[-88.39135,41.78825],[-88.39125,41.7792],[-88.3896,41.7785],[-88.39025,41.7768],[-88.38885,41.77505],[-88.3862,41.7763],[-88.3841,41.77565],[-88.3841,41.7737],[-88.39475,41.7735],[-88.39545,41.7691],[-88.397,41.76885],[-88.40625,41.7705],[-88.4074,41.7594],[-88.4082,41.75475],[-88.4047,41.75255],[-88.39985,41.75135],[-88.39905,41.7478],[-88.3949,41.74855],[-88.3903,41.7481],[-88.39175,41.7501],[-88.39205,41.7516],[-88.39815,41.7515],[-88.3975,41.75555],[-88.37985,41.75165],[-88.38335,41.75225],[-88.38335,41.7516],[-88.3868,41.75155],[-88.3865,41.74625],[-88.3852,41.7444],[-88.38465,41.74165],[-88.38335,41.7412],[-88.3828,41.7419],[-88.3824,41.74105],[-88.37905,41.74205],[-88.3757,41.7444],[-88.3753,41.7453],[-88.3755,41.7507],[-88.3627,41.74735],[-88.36255,41.74465],[-88.36075,41.7447],[-88.3608,41.74675],[-88.3547,41.74535],[-88.3546,41.74475],[-88.3541,41.7447],[-88.35045,41.74475],[-88.35095,41.74435],[-88.35095,41.743],[-88.3458,41.743],[-88.3445,41.74195],[-88.34155,41.742],[-88.33765,41.7403],[-88.33745,41.73925],[-88.33475,41.739],[-88.3345,41.73785],[-88.3266,41.7381],[-88.32735,41.7359],[-88.3232,41.7359],[-88.3232,41.7327],[-88.31855,41.7327],[-88.317,41.7309],[-88.317,41.7285],[-88.3148,41.729],[-88.3148,41.73095],[-88.31325,41.73275],[-88.3092,41.7329],[-88.308,41.7349],[-88.3062,41.7352],[-88.3044,41.73525],[-88.3044,41.7357],[-88.30315,41.73545],[-88.2995,41.7358],[-88.3001,41.7355],[-88.2983,41.73435],[-88.2983,41.73145],[-88.29105,41.73195],[-88.28275,41.73265],[-88.27665,41.7341],[-88.2752,41.7308],[-88.2812,41.72915],[-88.2807,41.72815],[-88.27645,41.729],[-88.27645,41.72715],[-88.2802,41.7271],[-88.2792,41.72515],[-88.2809,41.7243],[-88.28065,41.71935],[-88.2714,41.7092],[-88.2615,41.7093],[-88.25895,41.71],[-88.25475,41.71005],[-88.25205,41.70945],[-88.2397,41.7096],[-88.23975,41.71135],[-88.236,41.71145],[-88.23645,41.72515],[-88.23425,41.73935],[-88.23395,41.75435],[-88.23295,41.7543],[-88.2332,41.7415],[-88.23015,41.7415],[-88.2303,41.7359],[-88.2339,41.7359],[-88.23555,41.7249],[-88.20605,41.72525],[-88.2059,41.7397],[-88.2118,41.7398],[-88.2118,41.7426],[-88.21565,41.74255],[-88.21565,41.7468],[-88.20605,41.7469],[-88.2058,41.77685],[-88.20745,41.77775],[-88.20575,41.7781],[-88.22455,41.7775],[-88.2319,41.7765],[-88.2329,41.76285],[-88.23305,41.75495],[-88.23395,41.75495],[-88.2338,41.76395],[-88.23695,41.76395],[-88.23685,41.76715],[-88.23735,41.77065],[-88.2349,41.7706],[-88.23485,41.7733],[-88.2396,41.77485],[-88.24245,41.77445],[-88.24455,41.7775],[-88.24455,41.77925],[-88.2411,41.779],[-88.24145,41.77615],[-88.2406,41.77575],[-88.237,41.77685],[-88.23305,41.77735],[-88.23285,41.78],[-88.2344,41.7815],[-88.23435,41.7851],[-88.2326,41.7851],[-88.2318,41.79355],[-88.2409,41.794],[-88.2411,41.79235],[-88.2461,41.79245],[-88.2461,41.794],[-88.25795,41.7921],[-88.25795,41.7926],[-88.2446,41.79455],[-88.238,41.79585],[-88.23775,41.7988],[-88.2405,41.7981],[-88.23955,41.80215],[-88.23575,41.8018],[-88.23095,41.80205],[-88.2304,41.8078],[-88.2271,41.80925],[-88.229,41.8058],[-88.22945,41.80215],[-88.22465,41.80255],[-88.2246,41.8039],[-88.22215,41.80395],[-88.2221,41.80545],[-88.22085,41.80545],[-88.2208,41.8084],[-88.216,41.81035],[-88.2139,41.8104],[-88.21375,41.8135],[-88.2096,41.813],[-88.2097,41.8104],[-88.2085,41.8104],[-88.20825,41.8159],[-88.205,41.81555],[-88.205,41.81595],[-88.2143,41.8165],[-88.21375,41.8207],[-88.2153,41.8207],[-88.22395,41.8127],[-88.2255,41.81285],[-88.21705,41.8207],[-88.22165,41.82055],[-88.22255,41.81765],[-88.2244,41.8178],[-88.22435,41.82065],[-88.23125,41.82025],[-88.2638,41.8156],[-88.26325,41.8134],[-88.2663,41.8131],[-88.26535,41.81515],[-88.27255,41.8222],[-88.27255,41.8202],[-88.27745,41.8201],[-88.27745,41.8213],[-88.2857,41.8212],[-88.28935,41.82],[-88.29515,41.81995],[-88.2973,41.8203],[-88.30165,41.81465],[-88.3013,41.8037],[-88.2973,41.80225],[-88.29175,41.8023],[-88.29175,41.80205],[-88.29735,41.802],[-88.3013,41.8035],[-88.30105,41.79775],[-88.28475,41.7989],[-88.2821,41.80145],[-88.28055,41.7999],[-88.2784,41.79915],[-88.2718,41.79945],[-88.2717,41.7988],[-88.27825,41.7982],[-88.27885,41.7957],[-88.2763,41.79575],[-88.27675,41.7939],[-88.2787,41.79385],[-88.2788,41.79025],[-88.2811,41.7902],[-88.28115,41.7944],[-88.28205,41.79535],[-88.28525,41.79305],[-88.2852,41.7919],[-88.2905,41.79285],[-88.29015,41.79545],[-88.29425,41.79545],[-88.2945,41.79745],[-88.2991,41.79715],[-88.3013,41.79605],[-88.3013,41.79415],[-88.29825,41.7942],[-88.29675,41.7949],[-88.29325,41.79195],[-88.2952,41.79035],[-88.30295,41.79015],[-88.30285,41.7923],[-88.3039,41.79435],[-88.3057,41.7948],[-88.30675,41.7965],[-88.30945,41.79575],[-88.31215,41.7963],[-88.31755,41.79605],[-88.31515,41.7894],[-88.31835,41.789],[-88.33075,41.7888],[-88.33085,41.79255],[-88.3425,41.79235],[-88.34245,41.7885],[-88.3449,41.78845],[-88.34495,41.795]],[[-88.24015,41.76475],[-88.2428,41.76475],[-88.24265,41.76665],[-88.23925,41.7669],[-88.24015,41.76475]],[[-88.24835,41.8136],[-88.25,41.81565],[-88.24485,41.8153],[-88.24475,41.81365],[-88.24835,41.8136]],[[-88.25175,41.73035],[-88.2534,41.73405],[-88.2482,41.7341],[-88.2482,41.73205],[-88.2518,41.73205],[-88.25175,41.73035]],[[-88.2492,41.71465],[-88.2541,41.7148],[-88.2544,41.71615],[-88.24925,41.71625],[-88.2492,41.71465]],[[-88.2732,41.802],[-88.2764,41.8016],[-88.27625,41.80635],[-88.27375,41.80565],[-88.2733,41.8031],[-88.27005,41.8031],[-88.26265,41.80295],[-88.26275,41.80675],[-88.2715,41.8066],[-88.27155,41.81005],[-88.26915,41.8101],[-88.26915,41.80845],[-88.26415,41.8085],[-88.26415,41.80905],[-88.26115,41.8091],[-88.26115,41.8068],[-88.2594,41.8049],[-88.26055,41.80305],[-88.25715,41.8022],[-88.2572,41.8003],[-88.25075,41.8007],[-88.25005,41.8],[-88.27015,41.7989],[-88.27015,41.79955],[-88.2642,41.7999],[-88.26425,41.8027],[-88.26525,41.80295],[-88.27325,41.8029],[-88.2732,41.802]],[[-88.26825,41.78855],[-88.2683,41.79045],[-88.27235,41.7898],[-88.27235,41.7901],[-88.26255,41.7917],[-88.26245,41.7887],[-88.26705,41.78855],[-88.26655,41.78625],[-88.2683,41.78625],[-88.26825,41.78855]],[[-88.2648,41.7779],[-88.2648,41.7773],[-88.2659,41.7773],[-88.2659,41.7779],[-88.265,41.7785],[-88.2638,41.7785],[-88.2638,41.7779],[-88.2603,41.77795],[-88.26085,41.7755],[-88.2623,41.7755],[-88.26235,41.77735],[-88.26255,41.77735],[-88.26255,41.77685],[-88.2648,41.7779]],[[-88.2802,41.76735],[-88.28245,41.769],[-88.27455,41.7702],[-88.26225,41.77015],[-88.2622,41.766],[-88.2608,41.7648],[-88.267,41.76415],[-88.2702,41.76155],[-88.27015,41.7594],[-88.2753,41.7578],[-88.2767,41.7608],[-88.27615,41.7628],[-88.272,41.76385],[-88.26825,41.76405],[-88.2683,41.7669],[-88.27195,41.7667],[-88.2719,41.76465],[-88.27845,41.76455],[-88.2816,41.76515],[-88.2802,41.76735]],[[-88.2784,41.7778],[-88.27965,41.7778],[-88.27965,41.7814],[-88.27775,41.78025],[-88.27405,41.78025],[-88.2729,41.7778],[-88.26975,41.7766],[-88.27205,41.7736],[-88.27445,41.77375],[-88.27415,41.7758],[-88.2784,41.77605],[-88.2784,41.7778]],[[-88.27275,41.72335],[-88.27495,41.72315],[-88.27515,41.7272],[-88.2719,41.7252],[-88.2688,41.72455],[-88.26995,41.72285],[-88.27275,41.72335]],[[-88.2741,41.7827],[-88.2746,41.78495],[-88.272,41.78525],[-88.27195,41.78315],[-88.2741,41.7827]],[[-88.28675,41.7408],[-88.2881,41.7422],[-88.28815,41.74605],[-88.28525,41.7461],[-88.285,41.74995],[-88.2869,41.74965],[-88.28775,41.75115],[-88.28145,41.7505],[-88.279,41.75155],[-88.2789,41.74615],[-88.2775,41.74435],[-88.2814,41.74435],[-88.2813,41.7377],[-88.28775,41.73775],[-88.28805,41.7408],[-88.28675,41.7408]],[[-88.2907,41.77155],[-88.29135,41.7724],[-88.28515,41.77245],[-88.2825,41.77215],[-88.28255,41.7695],[-88.28855,41.76855],[-88.2899,41.76925],[-88.2907,41.77155]],[[-88.2887,41.78405],[-88.29215,41.78505],[-88.2907,41.78685],[-88.28845,41.78715],[-88.2887,41.78405]],[[-88.3035,41.78405],[-88.30695,41.78355],[-88.30695,41.7852],[-88.3033,41.7862],[-88.2994,41.7861],[-88.2971,41.7871],[-88.2971,41.7894],[-88.2937,41.78945],[-88.29215,41.7882],[-88.2925,41.7865],[-88.30035,41.78255],[-88.30035,41.7836],[-88.3035,41.78405]],[[-88.29535,41.78165],[-88.29555,41.783],[-88.2929,41.78315],[-88.29275,41.7816],[-88.29535,41.78165]],[[-88.34885,41.74695],[-88.34945,41.7474],[-88.34955,41.7515],[-88.34825,41.7511],[-88.3386,41.75115],[-88.33565,41.7523],[-88.33865,41.7459],[-88.34945,41.745],[-88.34885,41.74695]],[[-88.359,41.7465],[-88.36645,41.7488],[-88.37285,41.75035],[-88.37285,41.75185],[-88.36235,41.7519],[-88.36215,41.7497],[-88.35905,41.74945],[-88.359,41.7465]],[[-88.38055,41.78165],[-88.38055,41.7806],[-88.3855,41.78055],[-88.3855,41.7816],[-88.38055,41.78165]],[[-88.39045,41.7562],[-88.3924,41.75875],[-88.3918,41.76315],[-88.38975,41.7616],[-88.39,41.7588],[-88.3876,41.75505],[-88.38765,41.7535],[-88.39125,41.75435],[-88.39045,41.7562]]]]},"properties":{"kind":"neighbour","name":"Aurora","region":"Kane County","lp":[-88.31364,41.75665]}},
{"type":"Feature","geometry":{"type":"Polygon","coordinates":[[[-88.20605,41.72525],[-88.2257,41.725],[-88.2254,41.7167],[-88.2351,41.7165],[-88.235,41.70965],[-88.23,41.70935],[-88.22995,41.7061],[-88.23395,41.70415],[-88.2339,41.70255],[-88.22495,41.7027],[-88.2249,41.70215],[-88.23465,41.702],[-88.23455,41.69835],[-88.2337,41.67475],[-88.2288,41.6748],[-88.2287,41.67305],[-88.2238,41.6731],[-88.22395,41.67675],[-88.2142,41.6769],[-88.2144,41.6805],[-88.2168,41.6805],[-88.21685,41.6824],[-88.2193,41.68235],[-88.2195,41.6877],[-88.22435,41.68765],[-88.2245,41.69125],[-88.22205,41.6913],[-88.22215,41.6937],[-88.22465,41.6949],[-88.2066,41.6952],[-88.2062,41.6933],[-88.2075,41.69155],[-88.19545,41.6917],[-88.1953,41.68805],[-88.20525,41.6875],[-88.2051,41.6844],[-88.2121,41.6842],[-88.21295,41.6827],[-88.2125,41.68055],[-88.20775,41.6806],[-88.20765,41.67805],[-88.2048,41.6782],[-88.2042,41.6698],[-88.19815,41.66985],[-88.19805,41.66625],[-88.18475,41.6664],[-88.185,41.67135],[-88.18455,41.6761],[-88.18265,41.68005],[-88.1805,41.68105],[-88.1806,41.6834],[-88.1759,41.68685],[-88.17595,41.68845],[-88.171,41.68855],[-88.1686,41.69005],[-88.1663,41.6903],[-88.1642,41.6915],[-88.15995,41.698],[-88.1591,41.6985],[-88.15915,41.6998],[-88.1584,41.6998],[-88.1563,41.7015],[-88.15925,41.70225],[-88.1593,41.70335],[-88.1668,41.7032],[-88.16685,41.70375],[-88.1522,41.7041],[-88.15245,41.7108],[-88.1493,41.71085],[-88.1474,41.7098],[-88.14385,41.7091],[-88.1412,41.7077],[-88.14135,41.7074],[-88.14075,41.70755],[-88.14075,41.7078],[-88.13665,41.7093],[-88.13825,41.71385],[-88.13535,41.7151],[-88.13355,41.7146],[-88.1333,41.70835],[-88.1295,41.7092],[-88.128,41.7111],[-88.1268,41.7068],[-88.1171,41.70715],[-88.11675,41.71295],[-88.10325,41.71325],[-88.10395,41.71605],[-88.09745,41.71615],[-88.0978,41.72005],[-88.09815,41.7346],[-88.0943,41.7347],[-88.0885,41.73925],[-88.0893,41.74015],[-88.0886,41.74205],[-88.0889,41.7496],[-88.0912,41.74955],[-88.0913,41.751],[-88.0939,41.75095],[-88.0938,41.7492],[-88.09875,41.74915],[-88.09875,41.7482],[-88.10355,41.74765],[-88.1036,41.74875],[-88.10115,41.7488],[-88.1012,41.75025],[-88.10565,41.75095],[-88.1013,41.7527],[-88.09535,41.75285],[-88.09545,41.75685],[-88.10385,41.75565],[-88.1037,41.7599],[-88.109,41.7598],[-88.1097,41.7656],[-88.11285,41.7655],[-88.1122,41.76815],[-88.1109,41.7698],[-88.1102,41.7724],[-88.1112,41.77215],[-88.1146,41.7724],[-88.11475,41.77695],[-88.10975,41.77795],[-88.1095,41.7758],[-88.10745,41.77585],[-88.10755,41.77965],[-88.1285,41.7748],[-88.12845,41.78105],[-88.12405,41.7823],[-88.11695,41.78575],[-88.1172,41.78845],[-88.12135,41.7888],[-88.12195,41.79385],[-88.1173,41.7961],[-88.11755,41.7996],[-88.1199,41.80025],[-88.11885,41.8038],[-88.1193,41.8056],[-88.12365,41.8068],[-88.12345,41.808],[-88.1185,41.80715],[-88.11375,41.8148],[-88.1158,41.81445],[-88.1182,41.81525],[-88.1178,41.8181],[-88.122,41.81955],[-88.1217,41.82185],[-88.1246,41.8218],[-88.1254,41.81725],[-88.1306,41.8172],[-88.1306,41.81435],[-88.1403,41.81395],[-88.1401,41.80945],[-88.14465,41.8106],[-88.1438,41.812],[-88.1511,41.8139],[-88.15185,41.81235],[-88.1558,41.8132],[-88.1571,41.81145],[-88.157,41.8107],[-88.1571,41.7992],[-88.17135,41.7992],[-88.17225,41.79995],[-88.1763,41.79995],[-88.17645,41.785],[-88.17455,41.7821],[-88.1814,41.78355],[-88.183,41.78575],[-88.18155,41.78615],[-88.18305,41.78825],[-88.18445,41.78795],[-88.18405,41.78955],[-88.18555,41.7901],[-88.18755,41.79415],[-88.1891,41.79865],[-88.1889,41.8022],[-88.18815,41.80445],[-88.18705,41.80665],[-88.186,41.8112],[-88.19045,41.81295],[-88.20405,41.8128],[-88.2035,41.80985],[-88.20775,41.8104],[-88.21085,41.8079],[-88.21075,41.8104],[-88.2149,41.8104],[-88.21515,41.80395],[-88.2246,41.8039],[-88.2247,41.8013],[-88.23,41.8011],[-88.2305,41.7943],[-88.2289,41.794],[-88.2291,41.79135],[-88.23075,41.7914],[-88.2318,41.77675],[-88.22515,41.7777],[-88.22515,41.7851],[-88.2213,41.7851],[-88.222,41.78145],[-88.222,41.77755],[-88.18695,41.7788],[-88.18695,41.7783],[-88.20745,41.77775],[-88.2058,41.77685],[-88.20605,41.7469],[-88.20645,41.7398],[-88.2059,41.7397],[-88.2035,41.7398],[-88.20345,41.74375],[-88.19625,41.7438],[-88.19625,41.747],[-88.16825,41.74735],[-88.16725,41.74595],[-88.16725,41.7403],[-88.14785,41.7407],[-88.148,41.734],[-88.15045,41.73335],[-88.1506,41.72605],[-88.1549,41.726],[-88.15485,41.7252],[-88.1555,41.72515],[-88.15555,41.726],[-88.16345,41.72585],[-88.1633,41.72195],[-88.1674,41.7219],[-88.1722,41.7199],[-88.1731,41.72065],[-88.17325,41.7257],[-88.17725,41.72565],[-88.177,41.7175],[-88.1819,41.7174],[-88.1817,41.71195],[-88.18655,41.7118],[-88.1866,41.7136],[-88.18445,41.7137],[-88.1845,41.7156],[-88.1867,41.7156],[-88.18665,41.7137],[-88.19255,41.71355],[-88.19265,41.7172],[-88.18675,41.7173],[-88.1869,41.7216],[-88.1841,41.7216],[-88.1838,41.7242],[-88.187,41.7241],[-88.1867,41.7328],[-88.206,41.7326],[-88.20605,41.72525]],[[-88.10485,41.74765],[-88.1094,41.7476],[-88.10985,41.7506],[-88.10725,41.75065],[-88.10715,41.74865],[-88.10485,41.74765]],[[-88.12805,41.74445],[-88.1289,41.7481],[-88.125,41.7482],[-88.125,41.74945],[-88.12205,41.74975],[-88.12135,41.75235],[-88.11915,41.7527],[-88.1197,41.74465],[-88.121,41.74545],[-88.1238,41.74455],[-88.12805,41.74445]],[[-88.1217,41.75735],[-88.12205,41.7603],[-88.11935,41.75935],[-88.1197,41.7578],[-88.1217,41.75735]],[[-88.12665,41.81265],[-88.128,41.81445],[-88.12385,41.81455],[-88.12305,41.81005],[-88.1247,41.81],[-88.12665,41.81265]],[[-88.12735,41.7308],[-88.1292,41.72765],[-88.1308,41.72785],[-88.129,41.7326],[-88.12735,41.7308]],[[-88.1312,41.75015],[-88.1345,41.7529],[-88.1328,41.75395],[-88.13065,41.75145],[-88.1312,41.75015]],[[-88.1303,41.80655],[-88.1303,41.8056],[-88.1369,41.8057],[-88.13675,41.8066],[-88.1303,41.80655]],[[-88.13805,41.7915],[-88.1375,41.7929],[-88.1309,41.7933],[-88.13195,41.79015],[-88.1367,41.7886],[-88.13675,41.78665],[-88.139,41.7868],[-88.1379,41.7886],[-88.13805,41.7915]],[[-88.14095,41.7149],[-88.14655,41.7174],[-88.1445,41.7203],[-88.13615,41.717],[-88.138,41.7167],[-88.14095,41.7149]],[[-88.1516,41.7943],[-88.1517,41.7917],[-88.1543,41.79165],[-88.1543,41.7945],[-88.1524,41.7948],[-88.15225,41.7972],[-88.14895,41.79745],[-88.149,41.79405],[-88.1516,41.7943]],[[-88.1657,41.7609],[-88.16755,41.7606],[-88.1676,41.76345],[-88.1656,41.7657],[-88.16185,41.76675],[-88.16165,41.76035],[-88.1623,41.7581],[-88.16655,41.75805],[-88.1675,41.76015],[-88.1657,41.7609]],[[-88.17355,41.7639],[-88.17465,41.7667],[-88.167,41.7675],[-88.167,41.7656],[-88.17355,41.7639]],[[-88.18255,41.6817],[-88.18555,41.6809],[-88.18545,41.68315],[-88.1838,41.6832],[-88.18255,41.6817]],[[-88.1959,41.7026],[-88.1843,41.70275],[-88.1842,41.7005],[-88.1862,41.70045],[-88.1861,41.6983],[-88.18415,41.69835],[-88.18395,41.6937],[-88.1859,41.69365],[-88.186,41.69545],[-88.1956,41.69535],[-88.1959,41.7026]],[[-88.18635,41.7055],[-88.1909,41.7054],[-88.191,41.70775],[-88.18825,41.70795],[-88.1864,41.7073],[-88.18635,41.7055]],[[-88.2087,41.78735],[-88.21535,41.7873],[-88.21535,41.79425],[-88.21495,41.7947],[-88.2082,41.79485],[-88.2081,41.7981],[-88.2056,41.79625],[-88.20585,41.78555],[-88.20865,41.7855],[-88.2087,41.78735]],[[-88.20575,41.7043],[-88.21045,41.70425],[-88.2105,41.70605],[-88.2058,41.7061],[-88.20575,41.7043]],[[-88.22025,41.7977],[-88.2164,41.79775],[-88.2159,41.79885],[-88.21225,41.7989],[-88.21335,41.7974],[-88.21545,41.7969],[-88.22025,41.7977]],[[-88.22675,41.6949],[-88.2295,41.69485],[-88.22965,41.69845],[-88.2269,41.6985],[-88.22675,41.6949]],[[-88.2289,41.6779],[-88.2307,41.67785],[-88.2308,41.68015],[-88.229,41.6802],[-88.2289,41.6779]]]},"properties":{"kind":"neighbour","name":"Naperville","region":"DuPage County","lp":[-88.1519,41.77719]}},
{"type":"Feature","geometry":{"type":"MultiPolygon","coordinates":[[[[-88.10085,41.4379],[-88.09585,41.45815],[-88.113,41.45785],[-88.11285,41.45425],[-88.12285,41.454],[-88.12305,41.45065],[-88.1229,41.44705],[-88.1187,41.4472],[-88.1181,41.44745],[-88.11805,41.44605],[-88.1132,41.44615],[-88.1131,41.4437],[-88.10815,41.4438],[-88.10795,41.4378],[-88.10085,41.4379]],[[-88.10825,41.4469],[-88.1083,41.4483],[-88.10515,41.44835],[-88.1051,41.447],[-88.10825,41.4469]]],[[[-88.1774,41.4593],[-88.17745,41.4604],[-88.1814,41.46035],[-88.1853,41.45835],[-88.1861,41.45665],[-88.18575,41.45105],[-88.18105,41.4512],[-88.181,41.44945],[-88.17245,41.44965],[-88.17245,41.4502],[-88.1655,41.45025],[-88.1667,41.457],[-88.1752,41.45685],[-88.1774,41.4593]],[[-88.1789,41.45125],[-88.17895,41.45245],[-88.1735,41.4526],[-88.17295,41.45115],[-88.1789,41.45125]]],[[[-88.0592,41.4303],[-88.059,41.42315],[-88.0494,41.42325],[-88.04975,41.4347],[-88.0487,41.4347],[-88.0486,41.4321],[-88.04785,41.4305],[-88.04475,41.43055],[-88.045,41.43775],[-88.02115,41.43865],[-88.0218,41.45675],[-88.02655,41.45655],[-88.0267,41.46015],[-88.034,41.4598],[-88.0337,41.4526],[-88.03115,41.4527],[-88.0309,41.44545],[-88.04045,41.44505],[-88.0415,41.4414],[-88.0472,41.44135],[-88.04665,41.44495],[-88.05005,41.4449],[-88.0498,41.43765],[-88.06905,41.43735],[-88.0692,41.44095],[-88.07395,41.44085],[-88.07405,41.4445],[-88.0693,41.44455],[-88.0694,41.4482],[-88.0646,41.44825],[-88.0647,41.45185],[-88.0695,41.4518],[-88.0698,41.4626],[-88.06015,41.4628],[-88.0603,41.46685],[-88.0461,41.4671],[-88.0462,41.47075],[-88.04505,41.47075],[-88.0449,41.46715],[-88.0411,41.46725],[-88.04095,41.45995],[-88.0267,41.4605],[-88.0268,41.46385],[-88.0315,41.4637],[-88.03165,41.46745],[-88.03655,41.46735],[-88.03665,41.471],[-88.0414,41.4709],[-88.04175,41.48045],[-88.0435,41.4816],[-88.0514,41.48145],[-88.0515,41.48575],[-88.04925,41.4858],[-88.05195,41.48865],[-88.06115,41.48845],[-88.06125,41.49065],[-88.0754,41.49035],[-88.07515,41.4882],[-88.08225,41.48795],[-88.08215,41.48995],[-88.08535,41.49005],[-88.08735,41.4897],[-88.0899,41.4805],[-88.0903,41.4805],[-88.08765,41.491],[-88.0908,41.4913],[-88.099,41.4912],[-88.09985,41.49035],[-88.0997,41.48635],[-88.1045,41.4862],[-88.10455,41.4874],[-88.11185,41.48715],[-88.11195,41.4908],[-88.115,41.49115],[-88.1191,41.4907],[-88.12505,41.48595],[-88.12385,41.48595],[-88.12355,41.48445],[-88.11695,41.484],[-88.1187,41.47955],[-88.1183,41.46705],[-88.1229,41.4669],[-88.12275,41.46515],[-88.12835,41.465],[-88.12795,41.464],[-88.1279,41.4606],[-88.12845,41.4595],[-88.13045,41.4595],[-88.1304,41.45765],[-88.11875,41.458],[-88.1187,41.4575],[-88.1306,41.45765],[-88.13235,41.4594],[-88.1326,41.46485],[-88.148,41.46455],[-88.1481,41.4684],[-88.15045,41.46835],[-88.15055,41.47105],[-88.14825,41.47175],[-88.14845,41.4747],[-88.13675,41.4814],[-88.1383,41.48305],[-88.13635,41.484],[-88.1367,41.4914],[-88.13355,41.49235],[-88.1323,41.4935],[-88.1324,41.49545],[-88.13935,41.4938],[-88.1396,41.49545],[-88.1492,41.4931],[-88.1525,41.493],[-88.1641,41.4882],[-88.163,41.48695],[-88.15875,41.4889],[-88.1586,41.48565],[-88.16145,41.4852],[-88.16,41.4836],[-88.1602,41.48185],[-88.1633,41.4797],[-88.16465,41.4802],[-88.16795,41.47825],[-88.16815,41.48265],[-88.174,41.4805],[-88.17675,41.4782],[-88.1728,41.47825],[-88.17245,41.4709],[-88.1771,41.46745],[-88.17685,41.46315],[-88.17225,41.46415],[-88.15765,41.4644],[-88.15705,41.4501],[-88.15225,41.4502],[-88.1525,41.4572],[-88.1429,41.4574],[-88.14285,41.45715],[-88.14785,41.45705],[-88.1475,41.4537],[-88.14985,41.45365],[-88.1497,41.45],[-88.14745,41.44955],[-88.1472,41.44285],[-88.15195,41.44275],[-88.15175,41.4355],[-88.132,41.43595],[-88.13235,41.44315],[-88.12305,41.44345],[-88.1235,41.4525],[-88.1232,41.45425],[-88.11325,41.4545],[-88.1134,41.4581],[-88.09885,41.45845],[-88.09565,41.4588],[-88.09385,41.466],[-88.0887,41.4661],[-88.0885,41.4597],[-88.0795,41.4599],[-88.07935,41.4553],[-88.089,41.4551],[-88.08905,41.4563],[-88.09185,41.45625],[-88.09195,41.4586],[-88.09435,41.45855],[-88.09415,41.4513],[-88.09715,41.45125],[-88.1023,41.43045],[-88.09795,41.4306],[-88.0981,41.4367],[-88.0933,41.4375],[-88.0934,41.44045],[-88.08855,41.44055],[-88.08845,41.4378],[-88.0786,41.4381],[-88.0787,41.4399],[-88.0739,41.44],[-88.07385,41.43725],[-88.07765,41.4372],[-88.0788,41.4366],[-88.0787,41.433],[-88.07525,41.43315],[-88.069,41.43475],[-88.0678,41.43415],[-88.06765,41.43015],[-88.0664,41.43015],[-88.0663,41.42655],[-88.0711,41.4263],[-88.0699,41.4248],[-88.0675,41.4229],[-88.06375,41.423],[-88.0639,41.4266],[-88.0651,41.4266],[-88.0652,41.4302],[-88.0592,41.4303]],[[-88.0592,41.4303],[-88.0593,41.43295],[-88.0573,41.433],[-88.0572,41.4303],[-88.0592,41.4303]],[[-88.08125,41.46995],[-88.07965,41.47055],[-88.0798,41.4749],[-88.0848,41.47475],[-88.0849,41.4773],[-88.0799,41.4774],[-88.07995,41.47895],[-88.0778,41.479],[-88.0777,41.47725],[-88.0747,41.47725],[-88.0748,41.4809],[-88.0706,41.481],[-88.07005,41.4666],[-88.0795,41.46635],[-88.0796,41.46845],[-88.08125,41.46995]],[[-88.0792,41.45],[-88.07915,41.44855],[-88.08685,41.44865],[-88.08885,41.44785],[-88.0889,41.45145],[-88.08405,41.4515],[-88.0841,41.45335],[-88.08,41.45345],[-88.0792,41.45]],[[-88.138,41.4548],[-88.1378,41.45025],[-88.14705,41.45005],[-88.14715,41.4553],[-88.1428,41.4547],[-88.138,41.4548]]],[[[-88.042,41.49605],[-88.0459,41.496],[-88.04595,41.49785],[-88.04715,41.49955],[-88.04725,41.5032],[-88.05205,41.5031],[-88.0521,41.5049],[-88.0497,41.50495],[-88.0498,41.50755],[-88.04855,41.50855],[-88.0486,41.5104],[-88.0426,41.51055],[-88.0426,41.5112],[-88.0437,41.51125],[-88.0446,41.512],[-88.04755,41.5119],[-88.0487,41.5111],[-88.04985,41.50855],[-88.0522,41.5085],[-88.05215,41.5067],[-88.06175,41.5065],[-88.06165,41.5029],[-88.0648,41.5028],[-88.0636,41.5005],[-88.0615,41.49825],[-88.0568,41.49575],[-88.05185,41.4959],[-88.05195,41.4994],[-88.04955,41.50135],[-88.04905,41.49345],[-88.04305,41.49165],[-88.03815,41.49175],[-88.0376,41.4913],[-88.03245,41.4918],[-88.0134,41.4921],[-88.0135,41.4968],[-88.0087,41.4969],[-88.00895,41.5041],[-88.0138,41.504],[-88.01405,41.5113],[-88.02715,41.5109],[-88.0269,41.50375],[-88.03165,41.50355],[-88.0318,41.50715],[-88.03295,41.50715],[-88.03285,41.50355],[-88.03405,41.5035],[-88.0338,41.4963],[-88.035,41.49625],[-88.03515,41.49985],[-88.03635,41.4998],[-88.0365,41.50345],[-88.03765,41.5034],[-88.0376,41.5007],[-88.0424,41.5006],[-88.042,41.49605]],[[-88.042,41.49605],[-88.0407,41.4976],[-88.0375,41.4977],[-88.03745,41.4962],[-88.042,41.49605]],[[-88.0253,41.5006],[-88.0254,41.5037],[-88.0233,41.50375],[-88.0232,41.50065],[-88.0253,41.5006]],[[-88.0315,41.49985],[-88.0314,41.4968],[-88.0326,41.4963],[-88.0327,41.5011],[-88.028,41.5012],[-88.028,41.49995],[-88.0315,41.49985]],[[-88.0603,41.49935],[-88.0592,41.5022],[-88.0569,41.5026],[-88.0568,41.4994],[-88.0603,41.49935]]],[[[-88.2062,41.57335],[-88.21045,41.57375],[-88.2102,41.5684],[-88.2112,41.56835],[-88.2112,41.5679],[-88.2102,41.56795],[-88.21005,41.565],[-88.2149,41.56495],[-88.2167,41.5661],[-88.23675,41.54495],[-88.2367,41.54295],[-88.23085,41.543],[-88.2311,41.55025],[-88.2278,41.5503],[-88.2277,41.54585],[-88.22485,41.5459],[-88.2248,41.54305],[-88.20185,41.5433],[-88.2019,41.54535],[-88.1996,41.54535],[-88.19935,41.5397],[-88.1897,41.5398],[-88.18955,41.53615],[-88.17985,41.5363],[-88.1796,41.52905],[-88.1731,41.5291],[-88.17245,41.5283],[-88.1722,41.52185],[-88.18175,41.52175],[-88.182,41.52815],[-88.1845,41.52725],[-88.18415,41.5217],[-88.1889,41.52165],[-88.19415,41.514],[-88.19345,41.51255],[-88.1861,41.51265],[-88.1853,41.5145],[-88.17905,41.5144],[-88.17875,41.5073],[-88.18115,41.50725],[-88.1814,41.5119],[-88.1838,41.51245],[-88.18355,41.5072],[-88.1865,41.50715],[-88.1868,41.5047],[-88.18815,41.5026],[-88.1982,41.5025],[-88.1977,41.4907],[-88.1964,41.48875],[-88.19745,41.4862],[-88.19725,41.478],[-88.19215,41.47805],[-88.1921,41.47685],[-88.1874,41.4788],[-88.1876,41.4853],[-88.1827,41.48535],[-88.18255,41.4813],[-88.1493,41.4948],[-88.14975,41.50605],[-88.145,41.50835],[-88.14285,41.5077],[-88.14325,41.5084],[-88.1369,41.51025],[-88.13145,41.5107],[-88.1147,41.51145],[-88.1147,41.51055],[-88.112,41.5087],[-88.1053,41.5087],[-88.1044,41.5096],[-88.101,41.5097],[-88.10025,41.5088],[-88.0943,41.50915],[-88.0947,41.5083],[-88.0977,41.50605],[-88.0989,41.5044],[-88.09545,41.50455],[-88.0936,41.50415],[-88.0936,41.5025],[-88.0907,41.50315],[-88.0906,41.50485],[-88.0887,41.5052],[-88.08385,41.5078],[-88.08255,41.5096],[-88.08115,41.5096],[-88.081,41.50505],[-88.0825,41.505],[-88.0848,41.50235],[-88.08935,41.50155],[-88.09055,41.5008],[-88.09035,41.4936],[-88.09225,41.49445],[-88.0952,41.4944],[-88.0951,41.4919],[-88.0903,41.492],[-88.0876,41.4916],[-88.088,41.49455],[-88.0879,41.4967],[-88.0816,41.49685],[-88.0817,41.4998],[-88.0796,41.50015],[-88.07855,41.50015],[-88.0777,41.5009],[-88.0775,41.5002],[-88.07745,41.49875],[-88.07295,41.49885],[-88.0711,41.49785],[-88.0711,41.501],[-88.06735,41.50225],[-88.0656,41.50755],[-88.06565,41.5086],[-88.06465,41.51005],[-88.06705,41.51],[-88.06425,41.51185],[-88.06435,41.51375],[-88.06515,41.51475],[-88.06415,41.5159],[-88.0584,41.51645],[-88.05645,41.51745],[-88.0537,41.5175],[-88.0524,41.5147],[-88.05275,41.52345],[-88.04935,41.5233],[-88.0489,41.52155],[-88.0478,41.5207],[-88.0478,41.5204],[-88.0467,41.5203],[-88.0472,41.51985],[-88.046,41.51955],[-88.04595,41.51885],[-88.04475,41.5189],[-88.0448,41.5199],[-88.04295,41.5195],[-88.04315,41.5242],[-88.0479,41.5238],[-88.04795,41.5248],[-88.0588,41.52465],[-88.0592,41.528],[-88.0569,41.5286],[-88.05655,41.5264],[-88.0473,41.52655],[-88.04725,41.5291],[-88.05535,41.5291],[-88.0561,41.5307],[-88.0563,41.5316],[-88.0575,41.53155],[-88.0574,41.53225],[-88.05635,41.53255],[-88.05635,41.5335],[-88.05675,41.5339],[-88.0549,41.5339],[-88.05445,41.5303],[-88.0524,41.5305],[-88.05225,41.53205],[-88.05,41.5329],[-88.0489,41.53555],[-88.0465,41.53585],[-88.04405,41.5355],[-88.04405,41.53635],[-88.0429,41.53665],[-88.04235,41.53935],[-88.0491,41.5392],[-88.0508,41.5398],[-88.05095,41.53875],[-88.05455,41.5392],[-88.05625,41.54025],[-88.05625,41.5423],[-88.0557,41.5435],[-88.05025,41.5437],[-88.04555,41.5465],[-88.04565,41.54895],[-88.04385,41.549],[-88.044,41.55215],[-88.04155,41.5522],[-88.0416,41.55375],[-88.0523,41.5535],[-88.05215,41.54995],[-88.05825,41.54975],[-88.0583,41.55245],[-88.05605,41.5534],[-88.07605,41.55295],[-88.08055,41.54165],[-88.082,41.5398],[-88.08305,41.53905],[-88.083,41.5407],[-88.08315,41.54215],[-88.08255,41.54365],[-88.08165,41.5528],[-88.11625,41.55195],[-88.1191,41.55145],[-88.12305,41.55305],[-88.1241,41.5517],[-88.13515,41.5514],[-88.13505,41.54895],[-88.13965,41.54435],[-88.14095,41.5422],[-88.14145,41.53995],[-88.1413,41.53705],[-88.1461,41.537],[-88.14615,41.54],[-88.1456,41.54075],[-88.1463,41.54185],[-88.14635,41.5431],[-88.14685,41.55605],[-88.1516,41.55605],[-88.152,41.5649],[-88.15565,41.5657],[-88.1604,41.56565],[-88.16095,41.56755],[-88.16065,41.57075],[-88.15635,41.5715],[-88.15595,41.57295],[-88.1536,41.5738],[-88.14735,41.56935],[-88.1477,41.5785],[-88.1576,41.5845],[-88.1574,41.58005],[-88.1623,41.57995],[-88.16255,41.58725],[-88.1723,41.58715],[-88.17425,41.58685],[-88.17465,41.586],[-88.1721,41.5844],[-88.172,41.58155],[-88.17825,41.5763],[-88.181,41.5718],[-88.17735,41.57255],[-88.1717,41.57225],[-88.17155,41.569],[-88.16185,41.56915],[-88.16175,41.56625],[-88.16305,41.56625],[-88.16315,41.56365],[-88.1665,41.5636],[-88.16655,41.56545],[-88.1808,41.5653],[-88.18105,41.5698],[-88.1861,41.56975],[-88.186,41.56535],[-88.18735,41.56395],[-88.18925,41.56395],[-88.18955,41.5657],[-88.19135,41.5681],[-88.19465,41.57035],[-88.19985,41.57085],[-88.2007,41.5723],[-88.2035,41.57225],[-88.2062,41.57335]],[[-88.07795,41.5097],[-88.0787,41.5117],[-88.07625,41.51255],[-88.0742,41.5148],[-88.07165,41.51555],[-88.07,41.514],[-88.06945,41.51085],[-88.07285,41.50905],[-88.0751,41.5088],[-88.07505,41.5062],[-88.07785,41.5061],[-88.07795,41.5097]],[[-88.1522,41.54015],[-88.15255,41.53655],[-88.1606,41.53645],[-88.1594,41.53795],[-88.1596,41.54375],[-88.15285,41.5438],[-88.1522,41.54015]],[[-88.1603,41.5292],[-88.1605,41.5337],[-88.15565,41.5338],[-88.1555,41.52925],[-88.1603,41.5292]],[[-88.16445,41.51155],[-88.16455,41.5146],[-88.15955,41.51465],[-88.15945,41.5116],[-88.16445,41.51155]],[[-88.16705,41.5342],[-88.16525,41.53145],[-88.16505,41.5255],[-88.1626,41.5255],[-88.1629,41.52195],[-88.16485,41.5219],[-88.1647,41.5178],[-88.16945,41.51575],[-88.1696,41.5198],[-88.16745,41.51985],[-88.1675,41.5219],[-88.1697,41.523],[-88.17005,41.527],[-88.1682,41.5296],[-88.17035,41.52945],[-88.17025,41.53195],[-88.16705,41.5342]],[[-88.16605,41.49115],[-88.1649,41.49285],[-88.16145,41.49285],[-88.16525,41.4904],[-88.16605,41.49115]],[[-88.1711,41.55815],[-88.1805,41.55805],[-88.18035,41.5544],[-88.17095,41.5545],[-88.1727,41.5535],[-88.1726,41.5508],[-88.166,41.55095],[-88.1659,41.5474],[-88.1708,41.5473],[-88.1715,41.5493],[-88.18035,41.5492],[-88.1801,41.54355],[-88.1827,41.5435],[-88.18285,41.54625],[-88.18435,41.5499],[-88.18015,41.54995],[-88.1802,41.55115],[-88.1855,41.55075],[-88.18565,41.5544],[-88.19025,41.5543],[-88.19015,41.55065],[-88.19445,41.5506],[-88.1951,41.5543],[-88.19095,41.5543],[-88.1918,41.55605],[-88.1914,41.55795],[-88.19,41.5591],[-88.184,41.5592],[-88.1835,41.5609],[-88.1802,41.5607],[-88.17805,41.5617],[-88.17125,41.5618],[-88.1711,41.55815]],[[-88.1711,41.55815],[-88.1676,41.5582],[-88.16745,41.5546],[-88.171,41.55525],[-88.1711,41.55815]]],[[[-88.0247,41.54725],[-88.0265,41.54805],[-88.02815,41.54695],[-88.0281,41.54325],[-88.02935,41.54325],[-88.0293,41.53965],[-88.034,41.53955],[-88.03395,41.53775],[-88.0244,41.5376],[-88.02425,41.53325],[-88.029,41.53305],[-88.02915,41.53605],[-88.0339,41.536],[-88.0338,41.53235],[-88.02905,41.53245],[-88.029,41.53115],[-88.0267,41.53075],[-88.01755,41.528],[-88.0123,41.52695],[-88.0089,41.5258],[-87.99035,41.52615],[-87.99075,41.5334],[-88.0003,41.53325],[-88.0004,41.5369],[-88.00525,41.5368],[-88.0053,41.53895],[-88.0005,41.5391],[-88.00045,41.53765],[-87.9956,41.53775],[-87.99565,41.5406],[-87.9925,41.5414],[-87.9926,41.5469],[-87.9959,41.5475],[-88.0022,41.54775],[-88.00215,41.5441],[-88.0055,41.54475],[-88.0056,41.54765],[-88.0056,41.5487],[-88.01045,41.5481],[-88.01055,41.5514],[-88.0057,41.5515],[-88.00585,41.5546],[-88.02495,41.5542],[-88.0247,41.54725]],[[-88.0037,41.54125],[-88.0079,41.5408],[-88.00795,41.54305],[-88.00545,41.5432],[-88.0054,41.54125],[-88.0037,41.54125]],[[-88.0125,41.53645],[-88.0124,41.53415],[-88.01475,41.5329],[-88.0149,41.53735],[-88.0125,41.53645]],[[-88.01985,41.5401],[-88.01545,41.54305],[-88.01295,41.5431],[-88.0129,41.5414],[-88.015,41.5402],[-88.01985,41.5401]]],[[[-88.23965,41.57915],[-88.25655,41.57875],[-88.256,41.56455],[-88.2632,41.56435],[-88.26315,41.56345],[-88.26805,41.56335],[-88.26815,41.5643],[-88.26565,41.5643],[-88.2658,41.56795],[-88.27535,41.5678],[-88.2752,41.5635],[-88.28015,41.56405],[-88.28005,41.56175],[-88.28175,41.5617],[-88.2815,41.56765],[-88.27545,41.56775],[-88.2756,41.57135],[-88.295,41.57105],[-88.2954,41.5783],[-88.305,41.57815],[-88.3047,41.5709],[-88.31425,41.57075],[-88.31405,41.5643],[-88.32145,41.5642],[-88.32145,41.566],[-88.32385,41.566],[-88.324,41.57055],[-88.3294,41.5705],[-88.3285,41.5733],[-88.33,41.57325],[-88.3301,41.57555],[-88.3323,41.5777],[-88.33405,41.5777],[-88.33375,41.5704],[-88.3386,41.5703],[-88.3383,41.56305],[-88.34315,41.56295],[-88.3435,41.57205],[-88.3531,41.5719],[-88.35335,41.5686],[-88.35295,41.56645],[-88.35775,41.56635],[-88.35765,41.5626],[-88.35295,41.5627],[-88.3528,41.55915],[-88.35745,41.5591],[-88.3574,41.55545],[-88.3622,41.5554],[-88.36195,41.5481],[-88.35225,41.5483],[-88.35235,41.5519],[-88.3427,41.5521],[-88.34285,41.5557],[-88.3332,41.5559],[-88.3329,41.5486],[-88.3135,41.5489],[-88.3133,41.54165],[-88.3083,41.5418],[-88.3071,41.5454],[-88.29875,41.54555],[-88.29865,41.5417],[-88.29355,41.5418],[-88.29305,41.52735],[-88.2883,41.52745],[-88.2886,41.5348],[-88.2839,41.5349],[-88.28325,41.52025],[-88.27455,41.52045],[-88.2737,41.521],[-88.27395,41.52775],[-88.26425,41.528],[-88.26475,41.54245],[-88.2599,41.5426],[-88.25965,41.53545],[-88.2549,41.5353],[-88.25495,41.54015],[-88.2477,41.5403],[-88.2478,41.5427],[-88.23815,41.54295],[-88.23885,41.55795],[-88.24445,41.5579],[-88.24475,41.56465],[-88.2393,41.5647],[-88.23965,41.57915]],[[-88.2888,41.54195],[-88.2891,41.54935],[-88.27955,41.54965],[-88.27925,41.5421],[-88.2888,41.54195]],[[-88.3003,41.5492],[-88.30035,41.5508],[-88.29735,41.55085],[-88.2973,41.54925],[-88.3003,41.5492]],[[-88.3055,41.5491],[-88.3056,41.55155],[-88.3039,41.55155],[-88.3038,41.54915],[-88.3055,41.5491]],[[-88.3234,41.55425],[-88.3235,41.55615],[-88.31855,41.55625],[-88.3185,41.5543],[-88.3234,41.55425]]],[[[-88.2189,41.57215],[-88.223,41.5721],[-88.2229,41.5694],[-88.2201,41.5694],[-88.22055,41.5649],[-88.2293,41.5648],[-88.2295,41.56935],[-88.23895,41.56925],[-88.23815,41.55145],[-88.23645,41.5515],[-88.2364,41.55025],[-88.23815,41.5502],[-88.2379,41.5456],[-88.2168,41.56775],[-88.2148,41.5733],[-88.21405,41.57445],[-88.2158,41.5763],[-88.21915,41.57655],[-88.2189,41.57215]]],[[[-88.14295,41.58025],[-88.14345,41.5948],[-88.1453,41.59475],[-88.1466,41.59295],[-88.1518,41.59465],[-88.1518,41.5941],[-88.15775,41.5885],[-88.1577,41.58735],[-88.159,41.58735],[-88.1595,41.58685],[-88.14865,41.5802],[-88.14295,41.58025]]]]},"properties":{"kind":"neighbour","name":"Joliet","region":"Will County","lp":[-88.10576,41.53091]}},
{"type":"Feature","geometry":{"type":"Polygon","coordinates":[[[-87.22265,41.6241],[-87.22325,41.62435],[-87.23925,41.62245],[-87.25735,41.6209],[-87.2716,41.62015],[-87.28635,41.62035],[-87.2888,41.62075],[-87.2922,41.62355],[-87.296,41.6237],[-87.2978,41.62305],[-87.2984,41.61965],[-87.29955,41.61925],[-87.3045,41.61955],[-87.30645,41.62225],[-87.31105,41.6219],[-87.31125,41.6205],[-87.31505,41.62115],[-87.31915,41.62135],[-87.3189,41.6239],[-87.32425,41.62455],[-87.32455,41.6118],[-87.3228,41.61065],[-87.32275,41.6093],[-87.32545,41.6093],[-87.32515,41.62455],[-87.35215,41.62685],[-87.35625,41.62735],[-87.37205,41.6307],[-87.40105,41.639],[-87.40595,41.64165],[-87.41135,41.6437],[-87.41685,41.6409],[-87.41895,41.64205],[-87.42125,41.641],[-87.42765,41.64475],[-87.43135,41.64775],[-87.43315,41.65],[-87.43255,41.6173],[-87.43295,41.5905],[-87.43255,41.56635],[-87.41305,41.56635],[-87.4131,41.54955],[-87.40345,41.5488],[-87.3864,41.5481],[-87.37365,41.548],[-87.3558,41.54845],[-87.3556,41.53325],[-87.34595,41.5332],[-87.3458,41.52225],[-87.31675,41.52205],[-87.3172,41.55475],[-87.31115,41.55475],[-87.31095,41.5565],[-87.3099,41.55885],[-87.3038,41.5656],[-87.29795,41.5656],[-87.298,41.56975],[-87.27875,41.5734],[-87.27875,41.58725],[-87.2752,41.5872],[-87.27525,41.5891],[-87.2663,41.5901],[-87.26635,41.5943],[-87.2222,41.59405],[-87.22265,41.6241]]]},"properties":{"kind":"neighbour","name":"Gary","region":"Lake County, Indiana","lp":[-87.37865,41.58962]}},
{"type":"Feature","geometry":{"type":"MultiPolygon","coordinates":[[[[-88.0942,41.7345],[-88.09795,41.7344],[-88.0978,41.7273],[-88.0638,41.7281],[-88.0632,41.7309],[-88.06325,41.7405],[-88.06645,41.74065],[-88.0663,41.74625],[-88.06315,41.7463],[-88.0635,41.7482],[-88.0657,41.74815],[-88.0663,41.75035],[-88.06455,41.7504],[-88.0649,41.7533],[-88.0594,41.75615],[-88.05965,41.76295],[-88.06545,41.76045],[-88.07765,41.7576],[-88.081,41.75715],[-88.0813,41.7589],[-88.07715,41.76],[-88.0789,41.76525],[-88.082,41.76525],[-88.08215,41.76365],[-88.09025,41.7636],[-88.09055,41.76455],[-88.0963,41.76395],[-88.0978,41.76305],[-88.09925,41.7598],[-88.10355,41.7597],[-88.10365,41.75585],[-88.0955,41.75705],[-88.09525,41.75685],[-88.09535,41.75265],[-88.1011,41.7525],[-88.10115,41.74835],[-88.09875,41.74935],[-88.094,41.7494],[-88.0939,41.75115],[-88.0913,41.7512],[-88.091,41.74975],[-88.0887,41.7496],[-88.0884,41.74205],[-88.08915,41.74035],[-88.0884,41.7391],[-88.0942,41.7345]],[[-88.05985,41.75745],[-88.0599,41.75615],[-88.06475,41.75345],[-88.0651,41.7574],[-88.05985,41.75745]],[[-88.08405,41.7457],[-88.08405,41.7499],[-88.07445,41.74995],[-88.07425,41.7481],[-88.08015,41.7457],[-88.08405,41.7457]]],[[[-88.12145,41.79025],[-88.12135,41.789],[-88.117,41.78855],[-88.11685,41.78555],[-88.12395,41.7821],[-88.12825,41.7809],[-88.1283,41.77505],[-88.10775,41.7798],[-88.10085,41.78155],[-88.10005,41.79245],[-88.10025,41.79485],[-88.1032,41.7936],[-88.1032,41.7924],[-88.10985,41.7892],[-88.1122,41.78785],[-88.11245,41.788],[-88.1126,41.7904],[-88.11505,41.79055],[-88.1158,41.7953],[-88.11875,41.7949],[-88.11805,41.79185],[-88.12145,41.79025]]],[[[-88.05655,41.79525],[-88.0579,41.79745],[-88.05745,41.80005],[-88.0597,41.8],[-88.0598,41.7975],[-88.0583,41.79625],[-88.05785,41.7893],[-88.0573,41.7856],[-88.05755,41.7854],[-88.0605,41.7859],[-88.0606,41.78635],[-88.06655,41.78665],[-88.06985,41.7865],[-88.07385,41.78345],[-88.07385,41.7817],[-88.0722,41.78035],[-88.07045,41.7751],[-88.0717,41.77425],[-88.07765,41.7736],[-88.07675,41.77135],[-88.07015,41.77225],[-88.0709,41.77445],[-88.0705,41.77475],[-88.0643,41.7753],[-88.064,41.77345],[-88.05635,41.77365],[-88.0566,41.77845],[-88.0527,41.77905],[-88.0548,41.7819],[-88.0569,41.786],[-88.05765,41.79355],[-88.05655,41.79525]]],[[[-88.1871,41.8033],[-88.1887,41.80215],[-88.1889,41.79865],[-88.18735,41.79425],[-88.18545,41.79035],[-88.1839,41.78965],[-88.1814,41.78625],[-88.1815,41.78595],[-88.18265,41.78565],[-88.18135,41.7838],[-88.1749,41.7822],[-88.17665,41.785],[-88.1765,41.79975],[-88.18115,41.7998],[-88.18125,41.80235],[-88.1762,41.8057],[-88.18745,41.8054],[-88.1871,41.8033]]],[[[-88.0949,41.82115],[-88.0969,41.8211],[-88.0937,41.8148],[-88.0938,41.81265],[-88.09635,41.8126],[-88.09635,41.812],[-88.09385,41.81185],[-88.0934,41.81],[-88.09175,41.81],[-88.0916,41.8116],[-88.08855,41.8114],[-88.0884,41.80855],[-88.08555,41.80715],[-88.0851,41.8115],[-88.08065,41.8113],[-88.08045,41.81105],[-88.0809,41.80775],[-88.07935,41.80775],[-88.07835,41.8082],[-88.0762,41.80785],[-88.07475,41.80925],[-88.0721,41.8098],[-88.0583,41.8101],[-88.0491,41.8095],[-88.03715,41.80935],[-88.0347,41.81045],[-88.03525,41.81225],[-88.0351,41.8125],[-88.03365,41.8126],[-88.0341,41.818],[-88.03665,41.8192],[-88.03955,41.81905],[-88.04715,41.8248],[-88.0531,41.82515],[-88.05485,41.82635],[-88.05445,41.8312],[-88.05125,41.8316],[-88.0511,41.83325],[-88.0483,41.8393],[-88.0452,41.84235],[-88.0426,41.8432],[-88.04305,41.8447],[-88.0531,41.8446],[-88.0533,41.8448],[-88.0531,41.8459],[-88.05445,41.84585],[-88.0558,41.8462],[-88.05605,41.8456],[-88.0574,41.8456],[-88.0578,41.8409],[-88.0635,41.841],[-88.065,41.83615],[-88.057,41.8362],[-88.0568,41.836],[-88.0573,41.8326],[-88.05685,41.83245],[-88.05685,41.8308],[-88.06115,41.83045],[-88.0615,41.83175],[-88.06525,41.83145],[-88.06545,41.8317],[-88.06515,41.83285],[-88.06625,41.83305],[-88.06685,41.8314],[-88.0686,41.83125],[-88.0688,41.83155],[-88.06745,41.83415],[-88.06635,41.8382],[-88.0724,41.8381],[-88.0726,41.83705],[-88.0805,41.83695],[-88.08025,41.8304],[-88.07545,41.83035],[-88.07525,41.8263],[-88.07825,41.82535],[-88.07895,41.82395],[-88.07735,41.82365],[-88.076,41.82265],[-88.0761,41.82225],[-88.09195,41.82205],[-88.0922,41.8291],[-88.10105,41.82865],[-88.10105,41.8224],[-88.09505,41.82245],[-88.0949,41.82115]]],[[[-88.1554,41.7261],[-88.1508,41.72625],[-88.15065,41.73335],[-88.1482,41.734],[-88.14805,41.7405],[-88.16725,41.7401],[-88.16745,41.74575],[-88.16845,41.74715],[-88.19605,41.7468],[-88.19625,41.7436],[-88.20325,41.74355],[-88.2033,41.7398],[-88.2038,41.73865],[-88.20475,41.73845],[-88.20495,41.7376],[-88.20595,41.7376],[-88.20615,41.7378],[-88.2061,41.73955],[-88.20645,41.7396],[-88.2066,41.7397],[-88.2066,41.73975],[-88.20665,41.73975],[-88.20665,41.7398],[-88.20655,41.7469],[-88.20625,41.7471],[-88.206,41.77665],[-88.20735,41.7766],[-88.2076,41.77785],[-88.222,41.77735],[-88.22215,41.77745],[-88.2222,41.7775],[-88.2222,41.77755],[-88.2222,41.78145],[-88.22155,41.7849],[-88.22495,41.7849],[-88.22495,41.7777],[-88.2318,41.77655],[-88.232,41.7768],[-88.23095,41.7914],[-88.22925,41.79155],[-88.2291,41.79385],[-88.2307,41.7943],[-88.2302,41.80115],[-88.2249,41.8015],[-88.2248,41.8039],[-88.2246,41.8041],[-88.22125,41.80415],[-88.2212,41.80545],[-88.221,41.80565],[-88.2204,41.80565],[-88.2202,41.80545],[-88.22025,41.80415],[-88.21535,41.80415],[-88.2151,41.8104],[-88.2141,41.8106],[-88.21375,41.8137],[-88.2091,41.8137],[-88.2095,41.8106],[-88.20865,41.8106],[-88.20845,41.81595],[-88.2143,41.8163],[-88.2145,41.81655],[-88.21385,41.82075],[-88.21455,41.8217],[-88.21345,41.8241],[-88.2108,41.8604],[-88.20475,41.8607],[-88.2045,41.8584],[-88.2021,41.85845],[-88.2019,41.8568],[-88.1967,41.85665],[-88.1966,41.85625],[-88.1986,41.855],[-88.20335,41.85455],[-88.20245,41.85205],[-88.2034,41.8506],[-88.20275,41.8448],[-88.19745,41.84485],[-88.19725,41.84465],[-88.1975,41.84225],[-88.2024,41.8422],[-88.20205,41.83945],[-88.1951,41.83955],[-88.1925,41.83835],[-88.19255,41.83475],[-88.1855,41.83415],[-88.1853,41.83305],[-88.18635,41.8319],[-88.18905,41.8312],[-88.1892,41.82945],[-88.1857,41.8287],[-88.1855,41.83145],[-88.1806,41.8315],[-88.1804,41.8279],[-88.1699,41.82815],[-88.1684,41.8304],[-88.1609,41.83045],[-88.1607,41.83025],[-88.16095,41.8277],[-88.1658,41.82765],[-88.16585,41.82225],[-88.162,41.8224],[-88.16185,41.81925],[-88.15655,41.8193],[-88.15655,41.82355],[-88.1536,41.8238],[-88.15335,41.82455],[-88.1515,41.82435],[-88.15165,41.82105],[-88.1495,41.8211],[-88.1483,41.81935],[-88.1506,41.81395],[-88.14375,41.81215],[-88.1436,41.81185],[-88.1443,41.81075],[-88.1403,41.8097],[-88.1403,41.81415],[-88.1308,41.81455],[-88.1306,41.8174],[-88.1256,41.81745],[-88.1248,41.82185],[-88.1217,41.82205],[-88.1215,41.82185],[-88.12175,41.8197],[-88.1177,41.81825],[-88.11795,41.8154],[-88.1159,41.81465],[-88.1138,41.815],[-88.11265,41.8165],[-88.1094,41.815],[-88.10175,41.81505],[-88.1018,41.8286],[-88.11245,41.8286],[-88.11245,41.8259],[-88.11265,41.8257],[-88.1161,41.82615],[-88.1163,41.8286],[-88.12695,41.82895],[-88.12745,41.83055],[-88.12625,41.83055],[-88.1262,41.8326],[-88.12915,41.83305],[-88.1292,41.8362],[-88.13105,41.8364],[-88.13085,41.83925],[-88.12635,41.83935],[-88.12625,41.8431],[-88.1211,41.8432],[-88.12085,41.8404],[-88.11435,41.8405],[-88.1117,41.83945],[-88.1112,41.8424],[-88.10895,41.84245],[-88.1091,41.84445],[-88.11145,41.84465],[-88.11155,41.8475],[-88.11095,41.8488],[-88.10985,41.84975],[-88.1133,41.84965],[-88.11495,41.85055],[-88.11935,41.8487],[-88.12245,41.8479],[-88.12715,41.84535],[-88.12555,41.84485],[-88.12685,41.8444],[-88.12705,41.84355],[-88.1308,41.8435],[-88.13855,41.84045],[-88.1388,41.8406],[-88.1391,41.8421],[-88.1417,41.84045],[-88.1417,41.83935],[-88.13995,41.8391],[-88.1392,41.83865],[-88.14065,41.8372],[-88.1419,41.83735],[-88.1411,41.83445],[-88.13695,41.8328],[-88.13695,41.83045],[-88.13715,41.83025],[-88.14615,41.83115],[-88.15015,41.83105],[-88.15035,41.83345],[-88.15175,41.83365],[-88.1516,41.83605],[-88.1478,41.8379],[-88.148,41.83895],[-88.14735,41.83965],[-88.14715,41.84405],[-88.1466,41.845],[-88.14645,41.8571],[-88.1608,41.8568],[-88.1616,41.8549],[-88.1639,41.85475],[-88.16435,41.8538],[-88.16595,41.85395],[-88.1662,41.8604],[-88.1679,41.8604],[-88.1681,41.8621],[-88.16715,41.86385],[-88.16695,41.86655],[-88.1645,41.86745],[-88.16565,41.8686],[-88.16785,41.86855],[-88.16805,41.87055],[-88.1737,41.8706],[-88.1749,41.86965],[-88.17785,41.87155],[-88.1732,41.8712],[-88.16745,41.8713],[-88.16775,41.8732],[-88.16745,41.879],[-88.1569,41.87915],[-88.15695,41.8838],[-88.1575,41.8879],[-88.15705,41.88825],[-88.15695,41.8907],[-88.1567,41.89085],[-88.1516,41.88835],[-88.1517,41.8895],[-88.1509,41.8937],[-88.14605,41.8946],[-88.14595,41.8989],[-88.1507,41.8988],[-88.15085,41.9006],[-88.15555,41.9005],[-88.15715,41.9026],[-88.15715,41.9053],[-88.1604,41.9062],[-88.16055,41.9086],[-88.16455,41.9091],[-88.16485,41.91115],[-88.1641,41.91335],[-88.15675,41.91335],[-88.15525,41.9127],[-88.15525,41.91135],[-88.154,41.9114],[-88.15305,41.91085],[-88.15285,41.91005],[-88.15065,41.9098],[-88.1507,41.91515],[-88.15545,41.9151],[-88.1556,41.9188],[-88.1693,41.9185],[-88.1699,41.91755],[-88.17505,41.9177],[-88.1749,41.9314],[-88.17005,41.9317],[-88.17,41.93265],[-88.1747,41.93265],[-88.17465,41.93355],[-88.17,41.9337],[-88.17,41.93465],[-88.17465,41.93455],[-88.1748,41.93645],[-88.1742,41.93755],[-88.17345,41.9413],[-88.17685,41.94235],[-88.17685,41.94345],[-88.1815,41.9437],[-88.1824,41.94205],[-88.18455,41.94185],[-88.18445,41.9441],[-88.1818,41.9442],[-88.18255,41.9477],[-88.18445,41.9479],[-88.18445,41.9497],[-88.18885,41.9496],[-88.19005,41.94735],[-88.1901,41.94385],[-88.19545,41.94175],[-88.1962,41.9438],[-88.19625,41.94735],[-88.1941,41.94755],[-88.19385,41.9515],[-88.181,41.95165],[-88.18075,41.9538],[-88.17465,41.95385],[-88.18115,41.9559],[-88.18355,41.9585],[-88.1857,41.95915],[-88.19355,41.959],[-88.19375,41.9583],[-88.1983,41.9583],[-88.1996,41.9535],[-88.2052,41.95345],[-88.20605,41.95135],[-88.20155,41.95145],[-88.20135,41.94805],[-88.2034,41.94785],[-88.2034,41.9441],[-88.201,41.94395],[-88.2012,41.94185],[-88.20835,41.9418],[-88.2085,41.9418],[-88.2085,41.94185],[-88.20855,41.94185],[-88.20855,41.94195],[-88.20855,41.942],[-88.2085,41.94385],[-88.2083,41.94405],[-88.2055,41.9441],[-88.2055,41.94505],[-88.20845,41.9452],[-88.20865,41.94545],[-88.2079,41.9481],[-88.21325,41.94805],[-88.2133,41.94805],[-88.21335,41.94805],[-88.2134,41.9481],[-88.21345,41.94825],[-88.2134,41.9505],[-88.2179,41.95045],[-88.2179,41.947],[-88.21815,41.9468],[-88.22315,41.9477],[-88.22305,41.96445],[-88.22305,41.9645],[-88.2326,41.96695],[-88.23275,41.97515],[-88.2372,41.97595],[-88.2371,41.9868],[-88.23825,41.9852],[-88.2437,41.98525],[-88.24405,41.9829],[-88.2509,41.9829],[-88.25115,41.9864],[-88.25485,41.9863],[-88.2547,41.9772],[-88.26155,41.9763],[-88.2629,41.97685],[-88.26285,41.93725],[-88.2627,41.9374],[-88.24315,41.9374],[-88.24245,41.93615],[-88.2374,41.9362],[-88.2372,41.936],[-88.2372,41.9268],[-88.2341,41.9198],[-88.23025,41.92005],[-88.2266,41.9195],[-88.2264,41.9218],[-88.2184,41.9219],[-88.21825,41.9194],[-88.21595,41.91945],[-88.2159,41.9211],[-88.21555,41.92175],[-88.21405,41.9221],[-88.20905,41.9218],[-88.20905,41.9329],[-88.20395,41.9332],[-88.20375,41.9361],[-88.1975,41.9371],[-88.19725,41.9369],[-88.1973,41.93325],[-88.1943,41.9332],[-88.19405,41.9369],[-88.1902,41.93745],[-88.19,41.93725],[-88.19005,41.9345],[-88.18795,41.93335],[-88.18805,41.92675],[-88.189,41.9247],[-88.191,41.9246],[-88.19125,41.9264],[-88.1949,41.9264],[-88.19515,41.9218],[-88.2037,41.92175],[-88.20375,41.9169],[-88.2022,41.9154],[-88.2022,41.9151],[-88.20375,41.9143],[-88.2039,41.9068],[-88.2065,41.90655],[-88.18475,41.90495],[-88.1846,41.90475],[-88.18435,41.8924],[-88.17985,41.89245],[-88.17965,41.89225],[-88.17985,41.88935],[-88.1847,41.8893],[-88.1849,41.89075],[-88.18895,41.8918],[-88.1927,41.89095],[-88.1918,41.8894],[-88.19185,41.8864],[-88.1889,41.88695],[-88.1873,41.88645],[-88.1875,41.884],[-88.18335,41.88355],[-88.18445,41.88085],[-88.1844,41.8771],[-88.18465,41.8769],[-88.19125,41.8783],[-88.19445,41.877],[-88.1946,41.8659],[-88.19,41.866],[-88.18985,41.86395],[-88.1907,41.86375],[-88.19245,41.86155],[-88.1856,41.8593],[-88.18555,41.85895],[-88.18715,41.85765],[-88.1854,41.85695],[-88.1791,41.8568],[-88.17895,41.85515],[-88.1803,41.85495],[-88.18035,41.852],[-88.1807,41.85185],[-88.18365,41.85425],[-88.18605,41.85425],[-88.1878,41.8568],[-88.1972,41.85825],[-88.197,41.85995],[-88.1998,41.85995],[-88.2,41.861],[-88.20495,41.86145],[-88.20485,41.86425],[-88.20755,41.8643],[-88.20765,41.866],[-88.20995,41.8666],[-88.2102,41.8636],[-88.2109,41.86425],[-88.21915,41.86405],[-88.2193,41.86725],[-88.2241,41.87045],[-88.23385,41.8704],[-88.2396,41.8677],[-88.2399,41.8679],[-88.2399,41.8688],[-88.25505,41.8635],[-88.2553,41.8628],[-88.26255,41.8627],[-88.26275,41.8629],[-88.26275,41.87105],[-88.26275,41.87115],[-88.2627,41.87115],[-88.2627,41.8712],[-88.26255,41.87125],[-88.26225,41.87125],[-88.26225,41.8732],[-88.26255,41.8732],[-88.2626,41.87325],[-88.26265,41.8733],[-88.26275,41.8734],[-88.26275,41.9166],[-88.2625,41.9168],[-88.2501,41.91585],[-88.24855,41.9166],[-88.24815,41.9193],[-88.2501,41.9194],[-88.2497,41.92165],[-88.24965,41.9247],[-88.2526,41.9247],[-88.2528,41.9249],[-88.25275,41.92905],[-88.25445,41.9283],[-88.2626,41.9282],[-88.26285,41.93375],[-88.2628,41.8135],[-88.26195,41.72465],[-88.22585,41.7251],[-88.22585,41.72515],[-88.2258,41.72515],[-88.2258,41.7252],[-88.2257,41.7252],[-88.20625,41.72545],[-88.206,41.7328],[-88.1867,41.733],[-88.1865,41.7328],[-88.18675,41.7256],[-88.17745,41.7257],[-88.17745,41.72575],[-88.1774,41.7258],[-88.17725,41.72585],[-88.17325,41.7259],[-88.1554,41.7261]],[[-88.1905,41.91275],[-88.1894,41.91495],[-88.1846,41.915],[-88.1843,41.9121],[-88.17605,41.9111],[-88.17615,41.9075],[-88.1801,41.9074],[-88.1803,41.9059],[-88.18445,41.90585],[-88.1847,41.90495],[-88.1896,41.90535],[-88.1898,41.90745],[-88.1877,41.9077],[-88.18495,41.9086],[-88.18685,41.9101],[-88.1871,41.9083],[-88.1904,41.90825],[-88.1907,41.9058],[-88.191,41.90565],[-88.1933,41.9072],[-88.1971,41.90735],[-88.19695,41.91375],[-88.19475,41.91415],[-88.19395,41.9134],[-88.1905,41.91275]],[[-88.25105,41.9793],[-88.25085,41.98275],[-88.24415,41.9827],[-88.24395,41.98045],[-88.2383,41.9804],[-88.2379,41.9685],[-88.23815,41.9683],[-88.2539,41.9722],[-88.2542,41.9736],[-88.2511,41.9737],[-88.25105,41.9793]]],[[[-88.14395,41.8922],[-88.14425,41.8889],[-88.147,41.8878],[-88.14725,41.8864],[-88.1369,41.88095],[-88.136,41.8767],[-88.1411,41.87575],[-88.1459,41.87385],[-88.14515,41.8721],[-88.14565,41.87005],[-88.13645,41.8707],[-88.12645,41.8725],[-88.12625,41.8733],[-88.11545,41.87345],[-88.11685,41.8749],[-88.12445,41.87475],[-88.12645,41.87525],[-88.1265,41.8804],[-88.1254,41.88195],[-88.12635,41.8833],[-88.12045,41.8831],[-88.1195,41.881],[-88.11795,41.88025],[-88.1127,41.8804],[-88.1137,41.8825],[-88.11965,41.8824],[-88.11985,41.8842],[-88.1221,41.88435],[-88.1231,41.8878],[-88.1217,41.88805],[-88.1215,41.88885],[-88.12005,41.8881],[-88.11785,41.8881],[-88.11205,41.88675],[-88.112,41.8951],[-88.12075,41.8949],[-88.1214,41.89455],[-88.12135,41.89025],[-88.1253,41.88995],[-88.1253,41.88765],[-88.12745,41.8874],[-88.12765,41.8876],[-88.1277,41.89165],[-88.1313,41.89155],[-88.1315,41.89315],[-88.13595,41.8931],[-88.1359,41.8876],[-88.1389,41.8871],[-88.13785,41.89055],[-88.1412,41.8903],[-88.1414,41.8905],[-88.1412,41.8939],[-88.14395,41.89365],[-88.14395,41.8922]]],[[[-88.0873,41.9036],[-88.08305,41.90315],[-88.0725,41.90345],[-88.07185,41.90725],[-88.07165,41.90745],[-88.0702,41.90715],[-88.07,41.90775],[-88.0692,41.90775],[-88.069,41.9071],[-88.06535,41.90725],[-88.0644,41.91095],[-88.06435,41.91335],[-88.06535,41.9142],[-88.07085,41.9136],[-88.0735,41.9153],[-88.0796,41.9151],[-88.08125,41.91215],[-88.07955,41.91025],[-88.0804,41.90595],[-88.08945,41.9059],[-88.09105,41.9049],[-88.09105,41.90285],[-88.08805,41.90295],[-88.08795,41.90365],[-88.0873,41.9036]]],[[[-88.14985,41.9635],[-88.1499,41.95925],[-88.14625,41.95905],[-88.1463,41.95295],[-88.1458,41.95205],[-88.14125,41.95235],[-88.14105,41.95215],[-88.14115,41.94465],[-88.14015,41.9452],[-88.12635,41.94575],[-88.1263,41.95285],[-88.124,41.95315],[-88.12395,41.9576],[-88.1208,41.9584],[-88.12065,41.9602],[-88.12565,41.96115],[-88.12565,41.9639],[-88.12305,41.96415],[-88.123,41.9678],[-88.1215,41.96785],[-88.1202,41.96595],[-88.12025,41.9606],[-88.11555,41.9608],[-88.11535,41.9606],[-88.1154,41.9534],[-88.1128,41.9535],[-88.11275,41.9607],[-88.10665,41.96115],[-88.107,41.96465],[-88.10845,41.9667],[-88.1114,41.968],[-88.11275,41.96725],[-88.1129,41.9661],[-88.1143,41.9659],[-88.1145,41.9661],[-88.1149,41.96945],[-88.12,41.97185],[-88.1201,41.97205],[-88.12275,41.97325],[-88.12325,41.9726],[-88.1238,41.9727],[-88.1239,41.973],[-88.12345,41.97355],[-88.1248,41.9742],[-88.1251,41.97035],[-88.1299,41.97015],[-88.13215,41.9692],[-88.13235,41.96755],[-88.13995,41.96705],[-88.14015,41.96725],[-88.1401,41.97065],[-88.1449,41.97035],[-88.1451,41.96905],[-88.15135,41.96945],[-88.15145,41.96655],[-88.1498,41.9664],[-88.14985,41.9635]]],[[[-88.0024,41.7296],[-87.9928,41.7298],[-87.99295,41.73455],[-87.99055,41.73515],[-87.9904,41.73715],[-87.98815,41.73715],[-87.9883,41.7423],[-87.99105,41.7411],[-87.99295,41.74125],[-87.99295,41.7429],[-87.9966,41.7439],[-88.0074,41.74375],[-88.0072,41.73665],[-88.00805,41.73495],[-88.0119,41.7345],[-88.0115,41.72955],[-88.0024,41.7296]]],[[[-87.91425,41.7166],[-87.9167,41.78],[-87.9169,41.78155],[-87.92175,41.78185],[-87.93345,41.7816],[-87.9336,41.78065],[-87.93605,41.7806],[-87.93625,41.7808],[-87.9365,41.78755],[-87.93875,41.78875],[-87.9466,41.7884],[-87.9463,41.7816],[-87.94625,41.77455],[-87.944,41.7746],[-87.94195,41.7727],[-87.941,41.77465],[-87.9359,41.77465],[-87.92615,41.7749],[-87.92585,41.773],[-87.9248,41.7736],[-87.92345,41.77345],[-87.9233,41.76905],[-87.92715,41.76775],[-87.9352,41.76425],[-87.935,41.75895],[-87.93395,41.75895],[-87.93375,41.7585],[-87.93395,41.7583],[-87.935,41.75825],[-87.93485,41.75455],[-87.9331,41.75275],[-87.9331,41.75255],[-87.93315,41.75245],[-87.9332,41.75245],[-87.93325,41.75245],[-87.93475,41.7524],[-87.93395,41.7512],[-87.9339,41.75055],[-87.93425,41.75015],[-87.93405,41.74945],[-87.9341,41.7493],[-87.93415,41.74925],[-87.9342,41.74925],[-87.93425,41.74925],[-87.9347,41.7492],[-87.9347,41.74755],[-87.9415,41.7428],[-87.94155,41.74275],[-87.9416,41.74275],[-87.94165,41.74275],[-87.9418,41.74305],[-87.94285,41.74315],[-87.94415,41.744],[-87.94565,41.74395],[-87.9459,41.7448],[-87.9493,41.74415],[-87.9532,41.7443],[-87.9534,41.7447],[-87.95885,41.7446],[-87.95835,41.7301],[-87.95855,41.7299],[-87.9602,41.73005],[-87.9604,41.735],[-87.9627,41.73425],[-87.96385,41.7367],[-87.96405,41.7445],[-87.97045,41.7444],[-87.9713,41.74375],[-87.9694,41.7423],[-87.9693,41.74115],[-87.9676,41.74005],[-87.96565,41.7399],[-87.9655,41.7348],[-87.967,41.73445],[-87.9672,41.7301],[-87.9707,41.7298],[-87.97195,41.72875],[-87.9712,41.7261],[-87.9727,41.72545],[-87.97485,41.7287],[-87.9778,41.7291],[-87.98835,41.7255],[-87.99015,41.7246],[-87.9901,41.7224],[-87.99425,41.7216],[-87.9943,41.7239],[-87.9956,41.72425],[-87.99715,41.7259],[-87.99695,41.7177],[-88.00175,41.71735],[-88.0018,41.7134],[-88.00605,41.7133],[-88.00605,41.7125],[-88.00565,41.7113],[-88.00585,41.71105],[-88.0075,41.711],[-88.0077,41.7112],[-88.0076,41.71385],[-88.01055,41.7142],[-88.02325,41.7075],[-88.02285,41.7057],[-88.02015,41.70175],[-88.0176,41.7018],[-88.0174,41.70375],[-88.00635,41.70395],[-88.0059,41.6967],[-88.0014,41.6968],[-88.0012,41.6966],[-88.00135,41.69415],[-88.00595,41.69405],[-88.0061,41.69275],[-88.00955,41.6927],[-88.00945,41.6892],[-88.0103,41.689],[-88.01105,41.68935],[-88.0111,41.6902],[-88.01215,41.69015],[-88.01265,41.6906],[-88.01385,41.69265],[-88.01575,41.69085],[-88.02155,41.6908],[-88.0224,41.696],[-88.02575,41.6942],[-88.0258,41.6926],[-88.02895,41.6909],[-88.02875,41.68525],[-88.02065,41.6854],[-88.0205,41.6874],[-88.0125,41.6877],[-88.01225,41.68555],[-87.98215,41.6861],[-87.97915,41.68735],[-87.97525,41.68655],[-87.97165,41.68725],[-87.96665,41.68675],[-87.95565,41.693],[-87.94735,41.6954],[-87.9423,41.6989],[-87.9418,41.70305],[-87.93675,41.7053],[-87.93425,41.70845],[-87.9303,41.71005],[-87.92725,41.71265],[-87.9249,41.713],[-87.92155,41.71625],[-87.91425,41.7166]]],[[[-88.05025,41.77975],[-88.0425,41.77975],[-88.04225,41.77695],[-88.0385,41.7795],[-88.037,41.7796],[-88.0365,41.7734],[-88.0354,41.7727],[-88.03045,41.77285],[-88.03045,41.7746],[-88.02585,41.77565],[-88.02355,41.7749],[-88.02365,41.7779],[-88.0214,41.78095],[-88.02635,41.78185],[-88.02655,41.78585],[-88.033,41.7853],[-88.0342,41.78765],[-88.03725,41.7876],[-88.0372,41.78345],[-88.0408,41.78265],[-88.04455,41.7828],[-88.04485,41.78455],[-88.0446,41.78475],[-88.04235,41.78465],[-88.04255,41.7877],[-88.0506,41.7875],[-88.05025,41.77975]]],[[[-88.0019,41.85165],[-88.00165,41.84665],[-87.9996,41.8468],[-87.9994,41.8461],[-87.99215,41.84615],[-87.9927,41.85325],[-87.9925,41.85345],[-87.9899,41.85345],[-87.98765,41.85215],[-87.98695,41.8552],[-87.9849,41.855],[-87.98475,41.85325],[-87.9862,41.8522],[-87.98615,41.8499],[-87.9832,41.84945],[-87.98135,41.85025],[-87.9806,41.8498],[-87.9805,41.8479],[-87.97755,41.8492],[-87.97785,41.8549],[-87.97615,41.8552],[-87.97625,41.85685],[-87.97455,41.85805],[-87.9853,41.8581],[-87.9868,41.86045],[-87.9872,41.8676],[-87.98945,41.86765],[-87.98945,41.86515],[-87.9905,41.86375],[-87.9922,41.86355],[-87.9913,41.86155],[-87.98945,41.8618],[-87.98955,41.86025],[-87.99125,41.86025],[-87.9914,41.85955],[-87.9931,41.85915],[-87.9924,41.8585],[-87.99225,41.8552],[-87.99385,41.855],[-87.99405,41.8559],[-87.9974,41.85595],[-87.9974,41.8572],[-87.99515,41.85715],[-87.99545,41.8593],[-87.99935,41.85975],[-88.00455,41.8566],[-88.0044,41.8531],[-88.0019,41.85165]]],[[[-88.0876,41.89695],[-88.091,41.8972],[-88.0912,41.89515],[-88.08915,41.8946],[-88.08925,41.8923],[-88.0824,41.8924],[-88.08225,41.8933],[-88.0761,41.89365],[-88.07455,41.89565],[-88.07225,41.8953],[-88.0723,41.89315],[-88.0688,41.89235],[-88.06855,41.89515],[-88.06535,41.8949],[-88.06675,41.89305],[-88.06625,41.8918],[-88.0634,41.892],[-88.0604,41.8902],[-88.06045,41.8946],[-88.06025,41.8948],[-88.0511,41.89405],[-88.05125,41.88785],[-88.04925,41.88545],[-88.04155,41.88475],[-88.0426,41.88215],[-88.0393,41.8814],[-88.03665,41.88345],[-88.03675,41.8847],[-88.03635,41.88585],[-88.0379,41.88865],[-88.03765,41.89105],[-88.03435,41.89225],[-88.04235,41.8929],[-88.0422,41.8936],[-88.03845,41.8933],[-88.03885,41.89465],[-88.03875,41.90075],[-88.0397,41.9015],[-88.03975,41.9051],[-88.0391,41.90615],[-88.0387,41.91035],[-88.03495,41.9108],[-88.0338,41.91335],[-88.0326,41.9136],[-88.03255,41.91725],[-88.04125,41.91975],[-88.04235,41.9185],[-88.0451,41.91845],[-88.04525,41.92035],[-88.04505,41.92055],[-88.04265,41.9202],[-88.0426,41.9236],[-88.0521,41.92335],[-88.05285,41.92485],[-88.0607,41.92545],[-88.0625,41.9253],[-88.0621,41.92275],[-88.05195,41.9213],[-88.0519,41.9077],[-88.04685,41.9079],[-88.04655,41.90595],[-88.04355,41.90605],[-88.0432,41.90415],[-88.0434,41.90395],[-88.04725,41.9038],[-88.04755,41.90555],[-88.04935,41.9055],[-88.05015,41.9028],[-88.0568,41.9026],[-88.0549,41.904],[-88.05495,41.9053],[-88.06015,41.9056],[-88.0602,41.9026],[-88.06225,41.90255],[-88.0631,41.90145],[-88.06345,41.8983],[-88.06825,41.8986],[-88.06825,41.8956],[-88.06845,41.8954],[-88.0708,41.8958],[-88.0708,41.8982],[-88.07275,41.8984],[-88.0727,41.902],[-88.0754,41.90205],[-88.0755,41.8983],[-88.0739,41.8981],[-88.07365,41.89605],[-88.07385,41.89585],[-88.0838,41.8971],[-88.084,41.898],[-88.08355,41.89855],[-88.0875,41.89845],[-88.0876,41.89695]],[[-88.0374,41.9108],[-88.0376,41.91345],[-88.0353,41.913],[-88.03555,41.91095],[-88.0374,41.9108]],[[-88.04535,41.9017],[-88.04365,41.90095],[-88.04465,41.89735],[-88.0465,41.8982],[-88.0467,41.90005],[-88.04535,41.9017]]],[[[-87.96865,41.9405],[-87.96805,41.9369],[-87.96915,41.93475],[-87.96855,41.93355],[-87.9667,41.9334],[-87.9666,41.9303],[-87.95395,41.9309],[-87.9539,41.93865],[-87.95525,41.93995],[-87.95525,41.94265],[-87.95425,41.943],[-87.95325,41.9459],[-87.9545,41.9475],[-87.96075,41.94645],[-87.9595,41.94545],[-87.9612,41.9423],[-87.967,41.9426],[-87.96865,41.9405]],[[-87.9631,41.9356],[-87.96635,41.9355],[-87.9659,41.9373],[-87.96325,41.93675],[-87.9631,41.9356]]],[[[-88.0617,41.96945],[-88.067,41.96915],[-88.06805,41.9673],[-88.07115,41.96705],[-88.07105,41.96595],[-88.06975,41.96535],[-88.06955,41.96685],[-88.06835,41.96705],[-88.06705,41.96625],[-88.06555,41.96435],[-88.0633,41.96385],[-88.0634,41.95935],[-88.05815,41.95985],[-88.05675,41.9609],[-88.0525,41.9609],[-88.05145,41.962],[-88.04965,41.9585],[-88.0496,41.9546],[-88.04055,41.95325],[-88.0377,41.95305],[-88.03165,41.9507],[-88.02775,41.95095],[-88.0296,41.9527],[-88.0294,41.95475],[-88.02785,41.95655],[-88.025,41.9576],[-88.02325,41.9575],[-88.01785,41.95575],[-88.018,41.95385],[-88.0149,41.955],[-88.0035,41.9497],[-88.0035,41.9544],[-88.00575,41.95595],[-88.00575,41.9582],[-88.0035,41.9582],[-88.0035,41.9615],[-88.0086,41.9614],[-88.0086,41.95955],[-88.01215,41.95955],[-88.0134,41.96215],[-88.0199,41.962],[-88.0201,41.963],[-88.02315,41.96305],[-88.02725,41.9608],[-88.03145,41.9576],[-88.03165,41.9564],[-88.0334,41.9566],[-88.03335,41.95805],[-88.03895,41.9572],[-88.0395,41.95635],[-88.0415,41.95675],[-88.0415,41.96155],[-88.0397,41.96325],[-88.0318,41.9635],[-88.0318,41.9642],[-88.038,41.9649],[-88.0382,41.9678],[-88.0365,41.9669],[-88.03285,41.967],[-88.0318,41.96785],[-88.03175,41.9717],[-88.03425,41.97325],[-88.0436,41.97505],[-88.04375,41.97535],[-88.0431,41.9766],[-88.04175,41.97645],[-88.0415,41.98285],[-88.0438,41.9846],[-88.0513,41.98435],[-88.0563,41.9842],[-88.0565,41.9844],[-88.0562,41.99025],[-88.0568,41.9905],[-88.05675,41.99145],[-88.06085,41.9912],[-88.0604,41.98805],[-88.05735,41.98635],[-88.0573,41.98515],[-88.061,41.98415],[-88.06125,41.9771],[-88.0583,41.97715],[-88.057,41.97645],[-88.05795,41.97455],[-88.05325,41.9747],[-88.05135,41.97455],[-88.0514,41.9714],[-88.0568,41.97075],[-88.05845,41.96945],[-88.0617,41.96945]]],[[[-87.953,41.99345],[-87.95045,41.9935],[-88.00565,41.99285],[-87.99815,41.9929],[-87.99805,41.9928],[-87.998,41.99275],[-87.99795,41.9927],[-87.99795,41.99145],[-87.99645,41.99025],[-87.9942,41.9903],[-87.9936,41.99],[-87.9936,41.99275],[-87.99355,41.9928],[-87.9935,41.99285],[-87.9934,41.99295],[-87.97955,41.99305],[-87.97945,41.99115],[-87.97705,41.991],[-87.97715,41.9885],[-87.9746,41.9883],[-87.9746,41.9854],[-87.97535,41.98425],[-87.965,41.98385],[-87.96275,41.98345],[-87.9627,41.9893],[-87.96875,41.9892],[-87.96895,41.9894],[-87.96875,41.99325],[-87.95925,41.99335],[-87.95905,41.99315],[-87.959,41.98475],[-87.95455,41.98485],[-87.95455,41.9902],[-87.9531,41.9904],[-87.953,41.99345]]]]},"properties":{"kind":"neighbour","name":"Unincorporated DuPage County","region":"DuPage County","lp":[-88.2362,41.75089],"rest":true}},
{"type":"Feature","geometry":{"type":"MultiPolygon","coordinates":[[[[-87.5257,41.4703],[-87.574,41.4702],[-87.57335,41.4684],[-87.57475,41.4684],[-87.5747,41.465],[-87.5717,41.46485],[-87.57155,41.4578],[-87.5693,41.4576],[-87.56945,41.45495],[-87.57475,41.4549],[-87.575,41.45735],[-87.5767,41.4573],[-87.5768,41.45005],[-87.5845,41.45015],[-87.5846,41.45725],[-87.5868,41.4572],[-87.58705,41.459],[-87.5906,41.4592],[-87.59045,41.46115],[-87.5937,41.4618],[-87.5937,41.45025],[-87.5918,41.45005],[-87.59175,41.44665],[-87.5847,41.4465],[-87.5846,41.43925],[-87.58895,41.43905],[-87.5892,41.4425],[-87.594,41.4427],[-87.5941,41.4485],[-87.59875,41.44845],[-87.59895,41.44975],[-87.60415,41.44975],[-87.60635,41.44725],[-87.6111,41.447],[-87.62145,41.4457],[-87.62135,41.43885],[-87.62475,41.43855],[-87.6249,41.435],[-87.6305,41.4349],[-87.6302,41.4307],[-87.62815,41.4317],[-87.6205,41.4319],[-87.6132,41.4312],[-87.6132,41.43145],[-87.62075,41.4324],[-87.6208,41.4354],[-87.6106,41.43555],[-87.608,41.43445],[-87.60785,41.42085],[-87.60805,41.42065],[-87.6225,41.42045],[-87.62275,41.42585],[-87.62995,41.42585],[-87.63005,41.4241],[-87.63325,41.42405],[-87.6332,41.42055],[-87.63545,41.42035],[-87.6358,41.41715],[-87.6307,41.41715],[-87.6295,41.415],[-87.63615,41.415],[-87.6373,41.4026],[-87.6283,41.4027],[-87.6278,41.40185],[-87.6233,41.4018],[-87.6231,41.4015],[-87.6243,41.39955],[-87.6279,41.39925],[-87.62695,41.39265],[-87.62715,41.3924],[-87.63215,41.3923],[-87.63525,41.3913],[-87.6355,41.3941],[-87.63795,41.39315],[-87.6414,41.3931],[-87.6416,41.39125],[-87.64665,41.39145],[-87.64675,41.3985],[-87.6515,41.3987],[-87.6518,41.42395],[-87.67035,41.42375],[-87.67045,41.42015],[-87.68025,41.42],[-87.6806,41.42385],[-87.685,41.42375],[-87.6853,41.4272],[-87.68985,41.42715],[-87.6903,41.4302],[-87.6948,41.4303],[-87.6949,41.4386],[-87.7042,41.4385],[-87.7044,41.4417],[-87.70895,41.44165],[-87.7092,41.4383],[-87.70825,41.43805],[-87.7097,41.43155],[-87.71385,41.4255],[-87.71375,41.4202],[-87.70915,41.42025],[-87.709,41.41645],[-87.71305,41.41355],[-87.7132,41.41255],[-87.7188,41.4126],[-87.71905,41.41965],[-87.72805,41.4196],[-87.728,41.41515],[-87.7325,41.41265],[-87.72815,41.4127],[-87.7279,41.40905],[-87.7281,41.40885],[-87.737,41.4088],[-87.7372,41.40805],[-87.7491,41.4079],[-87.74915,41.40445],[-87.75155,41.4045],[-87.7525,41.4029],[-87.761,41.40275],[-87.7622,41.40485],[-87.7665,41.3995],[-87.76685,41.3995],[-87.76715,41.4001],[-87.7669,41.40135],[-87.76695,41.40485],[-87.7714,41.4048],[-87.7715,41.40115],[-87.7762,41.4011],[-87.77635,41.3975],[-87.78115,41.39745],[-87.7814,41.4011],[-87.7838,41.4013],[-87.78365,41.4051],[-87.7766,41.40515],[-87.7765,41.41245],[-87.76555,41.4125],[-87.76695,41.4134],[-87.767,41.418],[-87.77145,41.4177],[-87.77165,41.41705],[-87.7767,41.41725],[-87.77695,41.4358],[-87.77675,41.436],[-87.77485,41.4358],[-87.77475,41.43155],[-87.77265,41.4316],[-87.77245,41.4343],[-87.7605,41.4344],[-87.7612,41.4415],[-87.761,41.44175],[-87.75835,41.4416],[-87.75725,41.45585],[-87.7576,41.4569],[-87.75745,41.46205],[-87.7549,41.4623],[-87.7551,41.4699],[-87.78325,41.46985],[-87.7841,41.4672],[-87.78705,41.46725],[-87.78705,41.4629],[-87.78135,41.46325],[-87.77695,41.4599],[-87.77675,41.45605],[-87.7718,41.45605],[-87.7671,41.4524],[-87.767,41.44435],[-87.7624,41.44435],[-87.76215,41.44145],[-87.76235,41.44125],[-87.77915,41.4411],[-87.7794,41.44325],[-87.78145,41.44325],[-87.78165,41.4411],[-87.7871,41.44125],[-87.7874,41.45985],[-87.79185,41.4598],[-87.792,41.45555],[-87.797,41.45565],[-87.79715,41.4696],[-87.80015,41.4699],[-87.80015,41.47695],[-87.813,41.477],[-87.80945,41.47555],[-87.80945,41.47165],[-87.808,41.4714],[-87.80815,41.46965],[-87.81915,41.4697],[-87.81955,41.4734],[-87.82325,41.46975],[-87.8293,41.46995],[-87.8294,41.47785],[-87.82435,41.47805],[-87.8244,41.48245],[-87.82915,41.4824],[-87.82935,41.4843],[-87.8317,41.4843],[-87.83165,41.48175],[-87.83385,41.4807],[-87.83845,41.4807],[-87.8385,41.4774],[-87.83365,41.4772],[-87.83375,41.4664],[-87.8261,41.46645],[-87.82575,41.45535],[-87.8332,41.45505],[-87.83345,41.45685],[-87.83585,41.45705],[-87.83605,41.46975],[-87.84865,41.46965],[-87.84855,41.47875],[-87.85315,41.4788],[-87.85315,41.48],[-87.84855,41.48],[-87.84855,41.48435],[-87.8602,41.48435],[-87.8604,41.48215],[-87.8627,41.48215],[-87.86355,41.4844],[-87.86365,41.4878],[-87.86835,41.48775],[-87.86965,41.4894],[-87.87415,41.48305],[-87.8758,41.484],[-87.88265,41.4839],[-87.8824,41.47705],[-87.87875,41.4771],[-87.8786,41.4768],[-87.8812,41.47285],[-87.8839,41.4666],[-87.8868,41.4664],[-87.8869,41.46585],[-87.8888,41.4644],[-87.88895,41.46185],[-87.8919,41.46185],[-87.8947,41.4625],[-87.89485,41.4695],[-87.9068,41.4696],[-87.9072,41.4837],[-87.9164,41.4837],[-87.91635,41.4765],[-87.9308,41.4762],[-87.9312,41.48275],[-87.93415,41.4827],[-87.93605,41.4836],[-87.9363,41.4908],[-87.9313,41.4911],[-87.931,41.4875],[-87.9286,41.48735],[-87.92655,41.4867],[-87.92665,41.48905],[-87.9274,41.48905],[-87.92745,41.4901],[-87.92615,41.4897],[-87.92345,41.4909],[-87.8868,41.49155],[-87.88655,41.49055],[-87.8876,41.4903],[-87.88735,41.4842],[-87.8831,41.4843],[-87.8831,41.4916],[-87.86865,41.4918],[-87.86875,41.4922],[-87.87825,41.492],[-87.8833,41.4921],[-87.88355,41.4983],[-87.88335,41.4985],[-87.87845,41.49855],[-87.8782,41.4959],[-87.87615,41.49595],[-87.8761,41.4986],[-87.86205,41.49875],[-87.88815,41.49845],[-87.88815,41.4958],[-87.8928,41.4957],[-87.8928,41.49515],[-87.88815,41.4952],[-87.8878,41.49205],[-87.888,41.49185],[-87.9072,41.4915],[-87.9076,41.49795],[-87.9029,41.4985],[-87.9033,41.5096],[-87.90005,41.5112],[-87.8982,41.50965],[-87.8909,41.50975],[-87.8908,41.51315],[-87.8904,41.51315],[-87.89035,41.51005],[-87.89,41.5068],[-87.8893,41.5051],[-87.8875,41.50345],[-87.87885,41.5031],[-87.8791,41.5133],[-87.8789,41.5135],[-87.8763,41.51335],[-87.8762,41.50995],[-87.87415,41.50995],[-87.87385,41.51165],[-87.8715,41.51105],[-87.8716,41.5142],[-87.87415,41.5143],[-87.8742,41.51745],[-87.87025,41.51715],[-87.86565,41.5175],[-87.86535,41.5156],[-87.8595,41.5157],[-87.8591,41.51195],[-87.85,41.5121],[-87.8501,41.51445],[-87.85235,41.5154],[-87.85765,41.5153],[-87.8579,41.51725],[-87.8577,41.5175],[-87.8549,41.51755],[-87.85245,41.5189],[-87.85265,41.5245],[-87.8598,41.5244],[-87.86015,41.52805],[-87.8672,41.52785],[-87.87355,41.5254],[-87.8766,41.5253],[-87.8771,41.52385],[-87.87715,41.51865],[-87.87915,41.5186],[-87.8794,41.52045],[-87.88655,41.5202],[-87.8868,41.5222],[-87.8891,41.52215],[-87.89075,41.5245],[-87.89325,41.52435],[-87.89355,41.5214],[-87.8926,41.5206],[-87.88905,41.52065],[-87.88875,41.5182],[-87.891,41.5174],[-87.8932,41.5184],[-87.8984,41.51575],[-87.8983,41.51305],[-87.9014,41.5128],[-87.90325,41.51305],[-87.90435,41.51385],[-87.9068,41.5137],[-87.9082,41.5146],[-87.9084,41.5202],[-87.9025,41.5205],[-87.90375,41.52355],[-87.90815,41.5217],[-87.90845,41.52185],[-87.9086,41.5288],[-87.9132,41.5313],[-87.9132,41.52735],[-87.91785,41.5272],[-87.91785,41.5209],[-87.92515,41.52065],[-87.92625,41.52265],[-87.92785,41.52355],[-87.9282,41.533],[-87.9257,41.5335],[-87.92535,41.5329],[-87.922,41.5339],[-87.91845,41.534],[-87.9231,41.53735],[-87.92485,41.54455],[-87.92345,41.54555],[-87.9187,41.5457],[-87.91845,41.5448],[-87.909,41.54515],[-87.9087,41.54235],[-87.902,41.54245],[-87.90225,41.5495],[-87.90115,41.54975],[-87.9012,41.55215],[-87.9012,41.55225],[-87.90115,41.55225],[-87.90115,41.5523],[-87.9011,41.55235],[-87.901,41.55235],[-87.89495,41.55245],[-87.89465,41.55055],[-87.88425,41.55],[-87.8843,41.55095],[-87.8905,41.55115],[-87.89085,41.55295],[-87.89065,41.55315],[-87.8803,41.55315],[-87.8801,41.553],[-87.88,41.55005],[-87.87025,41.55005],[-87.8701,41.5442],[-87.86505,41.5466],[-87.85585,41.5468],[-87.85595,41.54975],[-87.8553,41.5508],[-87.8571,41.5521],[-87.85715,41.55215],[-87.85715,41.55235],[-87.8571,41.55245],[-87.85595,41.55315],[-87.85335,41.55325],[-87.8533,41.55325],[-87.85095,41.5531],[-87.8508,41.553],[-87.8502,41.552],[-87.85055,41.55055],[-87.8413,41.55075],[-87.8355,41.55325],[-87.83535,41.5533],[-87.83165,41.5528],[-87.8315,41.5526],[-87.8315,41.5522],[-87.83205,41.55205],[-87.832,41.55105],[-87.8282,41.55185],[-87.8281,41.55185],[-87.82385,41.55085],[-87.81765,41.55075],[-87.8175,41.5507],[-87.81745,41.55065],[-87.81745,41.5506],[-87.81745,41.55055],[-87.8173,41.5457],[-87.8167,41.5448],[-87.817,41.54355],[-87.8172,41.5434],[-87.8188,41.54335],[-87.81905,41.53975],[-87.8309,41.5396],[-87.83085,41.5322],[-87.84055,41.53205],[-87.84075,41.53225],[-87.84085,41.5357],[-87.8455,41.53565],[-87.8458,41.53905],[-87.8492,41.5392],[-87.8505,41.5388],[-87.8507,41.53975],[-87.85435,41.5398],[-87.85435,41.53855],[-87.8503,41.53845],[-87.85015,41.53425],[-87.8478,41.5323],[-87.8477,41.5322],[-87.8477,41.53215],[-87.8477,41.5321],[-87.84775,41.53205],[-87.84775,41.532],[-87.8478,41.532],[-87.84785,41.53195],[-87.84805,41.53195],[-87.847,41.53055],[-87.85,41.53055],[-87.85,41.52985],[-87.84705,41.5299],[-87.84675,41.5287],[-87.8256,41.52905],[-87.8247,41.52745],[-87.8246,41.5252],[-87.8246,41.52515],[-87.8246,41.5251],[-87.8248,41.525],[-87.8331,41.52485],[-87.83285,41.5235],[-87.8305,41.5235],[-87.83025,41.5216],[-87.82205,41.52165],[-87.82175,41.51375],[-87.81915,41.51255],[-87.81915,41.508],[-87.8055,41.50685],[-87.80485,41.50895],[-87.80255,41.50895],[-87.80235,41.50865],[-87.8028,41.50775],[-87.80285,41.50665],[-87.79955,41.50665],[-87.79935,41.50785],[-87.79815,41.50785],[-87.79795,41.50665],[-87.7903,41.50665],[-87.7903,41.5384],[-87.79215,41.5383],[-87.7928,41.55855],[-87.9092,41.5568],[-87.9094,41.5566],[-87.92835,41.55615],[-87.9282,41.55045],[-87.9307,41.549],[-87.93315,41.54855],[-87.9334,41.54875],[-87.93365,41.55605],[-87.94305,41.55585],[-87.9435,41.56355],[-87.94525,41.56305],[-87.95315,41.5631],[-87.9534,41.57015],[-87.95805,41.57005],[-87.95835,41.57365],[-87.9602,41.57385],[-87.9605,41.57],[-87.97715,41.5696],[-87.97725,41.5653],[-87.98185,41.5652],[-87.98165,41.559],[-87.97725,41.5591],[-87.97715,41.56275],[-87.9723,41.56285],[-87.972,41.5592],[-87.9676,41.55935],[-87.96755,41.5631],[-87.96275,41.5644],[-87.9625,41.56425],[-87.96245,41.56305],[-87.9576,41.563],[-87.9574,41.5557],[-87.9592,41.55545],[-87.95915,41.55335],[-87.9573,41.5526],[-87.95715,41.54905],[-87.95935,41.54845],[-87.95945,41.54995],[-87.9624,41.5501],[-87.96265,41.5554],[-87.96705,41.5553],[-87.96665,41.5453],[-87.95725,41.5455],[-87.9569,41.5419],[-87.9571,41.5417],[-87.9489,41.5416],[-87.94765,41.5409],[-87.94775,41.53765],[-87.95275,41.53755],[-87.95255,41.53145],[-87.9506,41.53155],[-87.9504,41.52695],[-87.9424,41.52715],[-87.9422,41.5266],[-87.9415,41.52665],[-87.94135,41.5263],[-87.94365,41.52415],[-87.9427,41.52325],[-87.9437,41.5209],[-87.94045,41.5205],[-87.9383,41.519],[-87.93405,41.52035],[-87.93205,41.51985],[-87.93215,41.51735],[-87.9418,41.5173],[-87.94325,41.51865],[-87.94495,41.51865],[-87.9452,41.5173],[-87.9468,41.51745],[-87.94665,41.51145],[-87.94685,41.51125],[-87.9488,41.511],[-87.94905,41.51155],[-87.95465,41.5115],[-87.9546,41.5094],[-87.9594,41.5086],[-87.95935,41.5063],[-87.962,41.50605],[-87.96245,41.5047],[-87.9645,41.5043],[-87.9703,41.50425],[-87.97285,41.5022],[-87.97355,41.5001],[-87.9717,41.49855],[-87.97385,41.49765],[-87.96105,41.49785],[-87.96265,41.50365],[-87.96045,41.50515],[-87.95115,41.5022],[-87.95185,41.5051],[-87.952,41.51005],[-87.94685,41.51045],[-87.94665,41.51025],[-87.9467,41.51385],[-87.94495,41.5141],[-87.9447,41.51265],[-87.93945,41.5151],[-87.9318,41.51175],[-87.92255,41.5099],[-87.9224,41.51155],[-87.9199,41.5116],[-87.91965,41.5107],[-87.91745,41.5104],[-87.91725,41.50965],[-87.91485,41.5097],[-87.914,41.50775],[-87.90475,41.50625],[-87.90435,41.49845],[-87.9063,41.49825],[-87.9158,41.4981],[-87.9169,41.49785],[-87.91665,41.49155],[-87.9212,41.49125],[-87.92145,41.4929],[-87.9266,41.4928],[-87.92685,41.49505],[-87.9242,41.4953],[-87.9245,41.4963],[-87.92435,41.49815],[-87.92215,41.4983],[-87.92225,41.5017],[-87.9274,41.50165],[-87.92665,41.50085],[-87.92685,41.4998],[-87.9314,41.49975],[-87.9316,41.49915],[-87.94195,41.4988],[-87.94585,41.50005],[-87.9464,41.49775],[-87.94935,41.4977],[-87.94825,41.49565],[-87.9484,41.49295],[-87.95175,41.4931],[-87.95195,41.4976],[-87.9554,41.49755],[-87.95525,41.49305],[-87.9601,41.49275],[-87.9606,41.4959],[-87.96305,41.4958],[-87.9628,41.49455],[-87.963,41.49435],[-87.96495,41.4943],[-87.96515,41.4929],[-87.97475,41.4928],[-87.9751,41.49725],[-87.98415,41.4971],[-87.98435,41.4924],[-87.99405,41.49225],[-87.99445,41.49715],[-87.994,41.50095],[-87.9852,41.5011],[-87.98535,41.5045],[-87.9826,41.50475],[-87.98285,41.5112],[-88.00145,41.51095],[-88.00055,41.51045],[-88.00075,41.50925],[-88.00415,41.5092],[-88.00395,41.50425],[-88.00875,41.5039],[-88.0085,41.4971],[-88.00385,41.4972],[-88.00375,41.49655],[-88.01185,41.49195],[-88.02285,41.49145],[-88.0228,41.4891],[-88.03235,41.4889],[-88.0326,41.4912],[-88.0376,41.4911],[-88.03835,41.4917],[-88.04305,41.49145],[-88.04925,41.49345],[-88.04975,41.50115],[-88.0517,41.4992],[-88.05185,41.4957],[-88.0568,41.49555],[-88.05965,41.49675],[-88.06265,41.4991],[-88.0636,41.4979],[-88.06635,41.4989],[-88.0665,41.50005],[-88.0694,41.5013],[-88.071,41.5],[-88.0709,41.4979],[-88.07295,41.49765],[-88.07315,41.49865],[-88.07745,41.49855],[-88.07765,41.49875],[-88.0777,41.5002],[-88.0815,41.4996],[-88.0816,41.49665],[-88.0877,41.4965],[-88.0874,41.49165],[-88.08765,41.4914],[-88.09035,41.4918],[-88.0951,41.4917],[-88.0954,41.49435],[-88.09245,41.49465],[-88.09055,41.4938],[-88.09065,41.49735],[-88.0921,41.49965],[-88.0894,41.50175],[-88.0849,41.5025],[-88.08265,41.50515],[-88.0812,41.50525],[-88.0824,41.50825],[-88.0886,41.505],[-88.09045,41.50465],[-88.0905,41.50295],[-88.0919,41.50235],[-88.0938,41.5025],[-88.0938,41.50415],[-88.0989,41.5042],[-88.09905,41.5045],[-88.0978,41.50625],[-88.09485,41.50845],[-88.098,41.50875],[-88.1003,41.5069],[-88.10805,41.5036],[-88.1296,41.49755],[-88.13935,41.4951],[-88.1392,41.49405],[-88.13245,41.49565],[-88.1322,41.49545],[-88.1321,41.4935],[-88.1335,41.4922],[-88.1365,41.49125],[-88.13615,41.484],[-88.13795,41.483],[-88.1366,41.48155],[-88.13665,41.48125],[-88.1482,41.4746],[-88.14805,41.47175],[-88.15035,41.47095],[-88.15025,41.46855],[-88.1479,41.4684],[-88.1478,41.46475],[-88.13355,41.46505],[-88.1324,41.46485],[-88.13215,41.45965],[-88.12865,41.4597],[-88.1281,41.46075],[-88.12815,41.4638],[-88.1285,41.46395],[-88.12835,41.4652],[-88.12295,41.46535],[-88.1229,41.4671],[-88.11855,41.46725],[-88.1189,41.4795],[-88.11725,41.4838],[-88.12355,41.48425],[-88.124,41.48575],[-88.12505,41.48575],[-88.1252,41.4861],[-88.1192,41.49085],[-88.11505,41.49135],[-88.11175,41.4908],[-88.11165,41.4874],[-88.10455,41.4876],[-88.1043,41.4864],[-88.0999,41.48655],[-88.10005,41.4903],[-88.099,41.4914],[-88.0908,41.4915],[-88.08765,41.4912],[-88.0853,41.49025],[-88.0804,41.49035],[-88.08195,41.48975],[-88.0802,41.4882],[-88.0754,41.48835],[-88.0754,41.49055],[-88.06125,41.49085],[-88.061,41.48865],[-88.05195,41.48885],[-88.0491,41.48595],[-88.04925,41.4856],[-88.0513,41.48555],[-88.0512,41.48165],[-88.0416,41.48165],[-88.04125,41.4711],[-88.03665,41.4712],[-88.03635,41.46755],[-88.03165,41.46765],[-88.0313,41.4639],[-88.0266,41.46385],[-88.02635,41.45675],[-88.0216,41.45675],[-88.02095,41.43865],[-88.02115,41.43845],[-88.0448,41.43755],[-88.04455,41.43055],[-88.04785,41.4303],[-88.0488,41.4321],[-88.0489,41.4345],[-88.04955,41.4345],[-88.0492,41.42325],[-88.0494,41.42305],[-88.059,41.42295],[-88.0594,41.4301],[-88.065,41.43],[-88.0649,41.4268],[-88.0637,41.42665],[-88.06355,41.423],[-88.0675,41.4227],[-88.07005,41.4247],[-88.07125,41.42615],[-88.0711,41.4265],[-88.0665,41.42675],[-88.0666,41.42995],[-88.06785,41.43015],[-88.068,41.43395],[-88.06915,41.4345],[-88.0752,41.43295],[-88.0789,41.433],[-88.079,41.4366],[-88.07765,41.4374],[-88.07405,41.43745],[-88.0741,41.4398],[-88.07845,41.4397],[-88.0786,41.4379],[-88.0836,41.43745],[-88.08865,41.4378],[-88.08875,41.44035],[-88.0932,41.44025],[-88.0926,41.4367],[-88.0979,41.43655],[-88.0975,41.4226],[-88.0968,41.4208],[-88.09255,41.4207],[-88.0923,41.4119],[-88.0911,41.41175],[-88.09095,41.4083],[-88.0778,41.40855],[-88.0776,41.4075],[-88.0778,41.4073],[-88.09235,41.407],[-88.09275,41.40785],[-88.09695,41.40775],[-88.09665,41.39715],[-88.09905,41.3969],[-88.09915,41.3931],[-88.11435,41.39275],[-88.117,41.39285],[-88.12815,41.3783],[-88.1377,41.378],[-88.1378,41.375],[-88.14435,41.37485],[-88.1447,41.3778],[-88.1636,41.37735],[-88.1658,41.3831],[-88.16615,41.3916],[-88.16255,41.4008],[-88.16345,41.4035],[-88.1657,41.4056],[-88.16945,41.41125],[-88.17095,41.41265],[-88.17045,41.41325],[-88.17325,41.41315],[-88.17345,41.41345],[-88.16395,41.4353],[-88.15195,41.4357],[-88.15215,41.4427],[-88.14745,41.44305],[-88.14765,41.44955],[-88.1499,41.45],[-88.15005,41.45365],[-88.1477,41.4539],[-88.14805,41.4571],[-88.15225,41.457],[-88.15205,41.4502],[-88.15225,41.45],[-88.15725,41.4501],[-88.15785,41.4642],[-88.17225,41.46395],[-88.17255,41.46305],[-88.17685,41.46295],[-88.17785,41.46385],[-88.18145,41.4613],[-88.18125,41.46055],[-88.17745,41.4606],[-88.1751,41.45705],[-88.1667,41.4572],[-88.1653,41.4503],[-88.1655,41.45005],[-88.17225,41.45],[-88.17245,41.44945],[-88.181,41.44925],[-88.18125,41.451],[-88.1856,41.45085],[-88.1851,41.4348],[-88.1883,41.43455],[-88.1884,41.43315],[-88.194,41.4318],[-88.1955,41.43185],[-88.19805,41.4344],[-88.1995,41.4344],[-88.19925,41.4273],[-88.1996,41.42715],[-88.20015,41.4276],[-88.20105,41.4276],[-88.20415,41.4264],[-88.21,41.42335],[-88.21105,41.4233],[-88.2173,41.42],[-88.20635,41.42015],[-88.20595,41.41035],[-88.19315,41.4107],[-88.19305,41.4065],[-88.2029,41.40635],[-88.20315,41.40895],[-88.2045,41.40975],[-88.21645,41.40945],[-88.21665,41.40975],[-88.21575,41.41235],[-88.2236,41.4121],[-88.2238,41.40535],[-88.2217,41.4039],[-88.2203,41.40545],[-88.21825,41.40545],[-88.2181,41.40515],[-88.21895,41.4035],[-88.2205,41.4017],[-88.2261,41.39705],[-88.23105,41.39215],[-88.2327,41.3893],[-88.23325,41.3867],[-88.23775,41.382],[-88.23765,41.3799],[-88.2388,41.3783],[-88.23085,41.37845],[-88.23085,41.37805],[-88.23965,41.37785],[-88.2398,41.3764],[-88.248,41.3762],[-88.24925,41.37655],[-88.2468,41.29215],[-88.2427,41.29215],[-88.2366,41.2903],[-88.2364,41.2939],[-88.22945,41.2956],[-88.22825,41.29475],[-88.22665,41.29425],[-88.2266,41.2939],[-88.2276,41.29225],[-88.2271,41.28235],[-88.2179,41.28245],[-88.2183,41.28585],[-88.2254,41.28595],[-88.2254,41.2892],[-88.2158,41.28925],[-88.21565,41.2856],[-88.2163,41.28545],[-88.2158,41.28245],[-88.213,41.2823],[-88.2128,41.2771],[-88.211,41.2757],[-88.2084,41.27575],[-88.20865,41.28205],[-88.2116,41.282],[-88.2119,41.28465],[-88.2141,41.28515],[-88.214,41.2894],[-88.18235,41.2902],[-88.1812,41.29115],[-88.1813,41.2938],[-88.18005,41.29405],[-88.18035,41.3034],[-88.1896,41.3032],[-88.1895,41.29685],[-88.204,41.2965],[-88.20455,41.30395],[-88.20605,41.30565],[-88.2126,41.30265],[-88.21845,41.29915],[-88.21875,41.2993],[-88.2188,41.30075],[-88.22225,41.3007],[-88.2271,41.30335],[-88.22845,41.30525],[-88.2286,41.30975],[-88.23275,41.31215],[-88.2325,41.31335],[-88.23055,41.31555],[-88.22765,41.31465],[-88.2275,41.31825],[-88.20995,41.31845],[-88.21055,41.32445],[-88.2147,41.32435],[-88.215,41.33205],[-88.21045,41.3325],[-88.2106,41.33355],[-88.21965,41.33345],[-88.22005,41.3399],[-88.21535,41.34015],[-88.21555,41.34645],[-88.2146,41.3474],[-88.19895,41.34775],[-88.1952,41.3463],[-88.19315,41.34405],[-88.1898,41.3437],[-88.1896,41.3415],[-88.19095,41.34045],[-88.19035,41.326],[-88.19005,41.325],[-88.1896,41.3123],[-88.1926,41.31205],[-88.19485,41.31045],[-88.19455,41.30485],[-88.1891,41.30455],[-88.1791,41.3048],[-88.17885,41.3037],[-88.17565,41.3034],[-88.1755,41.30485],[-88.16125,41.30525],[-88.16165,41.3157],[-88.1632,41.31585],[-88.1633,41.31925],[-88.17115,41.3191],[-88.17155,41.32275],[-88.175,41.3228],[-88.17915,41.3237],[-88.18565,41.3262],[-88.1875,41.3274],[-88.1882,41.33],[-88.18685,41.33435],[-88.18705,41.3389],[-88.1888,41.3426],[-88.1892,41.34465],[-88.19185,41.3487],[-88.192,41.35525],[-88.19075,41.35545],[-88.18935,41.35395],[-88.18925,41.3508],[-88.18535,41.3471],[-88.18,41.3398],[-88.1769,41.338],[-88.17365,41.3375],[-88.139,41.3386],[-88.13805,41.34205],[-88.1336,41.34215],[-88.1336,41.34625],[-88.11835,41.3464],[-88.1142,41.34595],[-88.114,41.3393],[-88.1116,41.34245],[-88.09535,41.34325],[-88.0953,41.34625],[-88.08235,41.3464],[-88.07565,41.34345],[-88.0756,41.3357],[-88.12245,41.3348],[-88.1227,41.33695],[-88.1272,41.3368],[-88.12715,41.3351],[-88.1234,41.335],[-88.12325,41.33135],[-88.12345,41.33115],[-88.1263,41.33125],[-88.1264,41.33385],[-88.12875,41.33465],[-88.13235,41.33455],[-88.1321,41.32745],[-88.1323,41.32725],[-88.14035,41.3274],[-88.1408,41.3271],[-88.15635,41.3267],[-88.1562,41.32195],[-88.1557,41.31995],[-88.1509,41.3205],[-88.15175,41.32345],[-88.1517,41.3266],[-88.1235,41.3271],[-88.12335,41.3279],[-88.12075,41.3278],[-88.1207,41.32025],[-88.13105,41.32],[-88.13075,41.31295],[-88.1322,41.3127],[-88.132,41.3058],[-88.12715,41.3048],[-88.1269,41.29855],[-88.12795,41.29675],[-88.12785,41.29355],[-88.1283,41.28805],[-88.1299,41.28585],[-88.13255,41.2859],[-88.1341,41.28815],[-88.13395,41.28845],[-88.1308,41.2885],[-88.13085,41.29095],[-88.1411,41.29075],[-88.1412,41.28665],[-88.146,41.28655],[-88.1463,41.29065],[-88.1483,41.2906],[-88.14845,41.2888],[-88.1524,41.2887],[-88.15395,41.2905],[-88.1701,41.2901],[-88.1704,41.29315],[-88.1735,41.2925],[-88.1753,41.28995],[-88.17715,41.2916],[-88.1806,41.28895],[-88.18335,41.28885],[-88.18335,41.2867],[-88.1958,41.2769],[-88.1961,41.277],[-88.20775,41.26765],[-88.20765,41.2643],[-88.20605,41.264],[-88.20645,41.2607],[-88.20035,41.2606],[-88.2002,41.25515],[-88.2026,41.2549],[-88.20275,41.253],[-88.2067,41.25295],[-88.20695,41.25425],[-88.21355,41.2542],[-88.2139,41.25805],[-88.21295,41.26015],[-88.21655,41.2601],[-88.218,41.25835],[-88.2223,41.255],[-88.22145,41.25295],[-88.22125,41.2459],[-88.2199,41.2457],[-88.2196,41.23565],[-88.2257,41.23535],[-88.22515,41.2197],[-88.22535,41.2195],[-88.24465,41.2194],[-88.24415,41.20155],[-88.0118,41.2055],[-88.0139,41.29245],[-87.80095,41.29565],[-87.52675,41.29805],[-87.5262,41.3853],[-87.5257,41.4703]],[[-87.6285,41.35895],[-87.62845,41.3554],[-87.62645,41.35545],[-87.62645,41.3607],[-87.62175,41.3609],[-87.6216,41.3638],[-87.61685,41.3638],[-87.61695,41.3698],[-87.6134,41.37005],[-87.6101,41.36985],[-87.6117,41.3681],[-87.6117,41.3628],[-87.6095,41.36265],[-87.6093,41.35555],[-87.59735,41.3557],[-87.59715,41.3555],[-87.5971,41.34095],[-87.5973,41.34075],[-87.61635,41.34055],[-87.61635,41.33895],[-87.6189,41.3378],[-87.6231,41.33775],[-87.62625,41.33685],[-87.62485,41.3354],[-87.625,41.33505],[-87.629,41.335],[-87.6295,41.33865],[-87.6346,41.3386],[-87.63485,41.34045],[-87.6374,41.3404],[-87.6376,41.34255],[-87.6359,41.34275],[-87.63595,41.34575],[-87.6408,41.34575],[-87.6408,41.34805],[-87.6308,41.34815],[-87.631,41.3586],[-87.6313,41.36045],[-87.6311,41.36065],[-87.6297,41.36045],[-87.6285,41.35895]],[[-87.6337,41.35145],[-87.63375,41.35515],[-87.63265,41.35545],[-87.6327,41.36225],[-87.6317,41.3623],[-87.6311,41.3583],[-87.63105,41.35155],[-87.6337,41.35145]],[[-87.8087,41.3321],[-87.80475,41.33215],[-87.80465,41.33945],[-87.7934,41.3396],[-87.7932,41.34025],[-87.787,41.3403],[-87.787,41.33965],[-87.7682,41.3398],[-87.768,41.3382],[-87.76585,41.338],[-87.76595,41.33205],[-87.7851,41.33185],[-87.78495,41.3249],[-87.7895,41.32465],[-87.78925,41.32265],[-87.7903,41.3218],[-87.79275,41.3238],[-87.79275,41.32415],[-87.79205,41.32465],[-87.80295,41.3245],[-87.80425,41.32255],[-87.78485,41.31375],[-87.78505,41.31305],[-87.7947,41.31735],[-87.79795,41.3173],[-87.79755,41.31865],[-87.80915,41.3239],[-87.80925,41.3208],[-87.82375,41.3206],[-87.8241,41.328],[-87.81955,41.3283],[-87.81935,41.3292],[-87.81905,41.3293],[-87.8161,41.3284],[-87.81055,41.32845],[-87.8087,41.3321]],[[-87.8169,41.5472],[-87.8171,41.55055],[-87.8171,41.5506],[-87.81705,41.5506],[-87.81705,41.55065],[-87.81705,41.5507],[-87.8169,41.55075],[-87.812,41.55085],[-87.8119,41.54715],[-87.81675,41.5471],[-87.8169,41.5472]],[[-87.8226,41.52525],[-87.8226,41.527],[-87.8213,41.5317],[-87.82115,41.53185],[-87.8211,41.53185],[-87.82105,41.53185],[-87.8209,41.53165],[-87.8208,41.5293],[-87.82085,41.5291],[-87.81805,41.52915],[-87.81795,41.52915],[-87.81785,41.52905],[-87.81785,41.529],[-87.81785,41.52895],[-87.8178,41.5269],[-87.818,41.5267],[-87.8209,41.52665],[-87.8214,41.52525],[-87.8214,41.5252],[-87.82145,41.5251],[-87.8216,41.52505],[-87.82235,41.52505],[-87.8225,41.5251],[-87.82255,41.52515],[-87.8226,41.5252],[-87.8226,41.52525]],[[-87.9603,41.49235],[-87.96025,41.4906],[-87.9574,41.49065],[-87.95745,41.4923],[-87.95595,41.49235],[-87.95515,41.4841],[-87.9505,41.4842],[-87.95055,41.4909],[-87.94095,41.49105],[-87.9407,41.48985],[-87.9408,41.48695],[-87.94525,41.48685],[-87.9463,41.4837],[-87.9427,41.4838],[-87.94155,41.4815],[-87.94065,41.48175],[-87.9404,41.4816],[-87.94,41.47035],[-87.9402,41.47015],[-87.94525,41.47025],[-87.94545,41.476],[-87.94985,41.4759],[-87.9496,41.46885],[-87.95345,41.4686],[-87.95485,41.46875],[-87.95495,41.47225],[-87.95575,41.4749],[-87.95965,41.47485],[-87.9599,41.47575],[-87.9647,41.47585],[-87.96525,41.49055],[-87.9651,41.4924],[-87.9603,41.49235]],[[-87.9662,41.39855],[-87.96525,41.39775],[-87.96035,41.39775],[-87.9601,41.39435],[-87.9576,41.3944],[-87.9573,41.3957],[-87.94115,41.3959],[-87.94085,41.3907],[-87.94105,41.3905],[-87.9639,41.3906],[-87.96365,41.38805],[-87.9619,41.38605],[-87.96205,41.3857],[-87.97,41.3863],[-87.9703,41.3932],[-87.9714,41.3947],[-87.97455,41.39455],[-87.97505,41.3965],[-87.97475,41.3967],[-87.9722,41.396],[-87.9728,41.3985],[-87.9723,41.3989],[-87.9662,41.39855]],[[-88.0036,41.43875],[-88.01095,41.43905],[-88.01075,41.4462],[-88.0026,41.44625],[-88.0025,41.45235],[-87.99345,41.45245],[-87.9933,41.4538],[-87.99,41.45385],[-87.98995,41.4502],[-87.98675,41.45],[-87.98695,41.4458],[-87.99155,41.4458],[-87.99155,41.44235],[-87.98315,41.44255],[-87.9835,41.4538],[-87.9833,41.454],[-87.947,41.4547],[-87.94405,41.45445],[-87.94415,41.44695],[-87.9545,41.4468],[-87.95465,41.44495],[-87.9633,41.4448],[-87.9625,41.43215],[-87.963,41.43025],[-87.96775,41.43015],[-87.9677,41.42485],[-87.9722,41.42455],[-87.97185,41.41135],[-87.9728,41.41],[-87.97515,41.40995],[-87.975,41.40705],[-87.97355,41.40605],[-87.96835,41.40605],[-87.96675,41.40585],[-87.96695,41.4031],[-87.96045,41.4031],[-87.96015,41.39915],[-87.96035,41.39895],[-87.97265,41.39935],[-87.97435,41.40435],[-87.9757,41.40305],[-87.9826,41.40285],[-87.9828,41.4031],[-87.9823,41.41015],[-87.9816,41.4125],[-87.98305,41.41435],[-87.9867,41.4174],[-87.98765,41.4174],[-87.9907,41.4104],[-87.9887,41.4101],[-87.9885,41.40535],[-87.98975,41.4041],[-87.9961,41.40375],[-87.99625,41.40405],[-87.9929,41.4101],[-87.9896,41.4174],[-87.99495,41.4181],[-87.9953,41.42065],[-88.0014,41.42055],[-88.00065,41.41935],[-88.0007,41.416],[-88.00715,41.416],[-88.0069,41.40975],[-88.0071,41.40955],[-88.00785,41.40975],[-88.0081,41.416],[-88.00985,41.416],[-88.01005,41.4095],[-88.0201,41.40935],[-88.0206,41.4168],[-88.02035,41.41705],[-88.01475,41.41675],[-88.0144,41.4202],[-88.01065,41.42],[-88.01135,41.4264],[-88.0108,41.4268],[-88.00155,41.4265],[-88.00175,41.43165],[-87.9998,41.43185],[-88.0018,41.4347],[-88.00195,41.43805],[-88.0036,41.43875]],[[-87.94485,41.53775],[-87.9475,41.53785],[-87.94765,41.54145],[-87.94495,41.542],[-87.94485,41.53775]],[[-87.99865,41.4917],[-87.99825,41.48275],[-87.99385,41.48285],[-87.9942,41.49175],[-87.994,41.49195],[-87.9747,41.4922],[-87.97445,41.4902],[-87.97465,41.49],[-87.97925,41.48995],[-87.979,41.4831],[-87.97415,41.48295],[-87.97395,41.4762],[-87.9691,41.4758],[-87.96865,41.4613],[-87.97845,41.46095],[-87.9789,41.4682],[-87.9835,41.4681],[-87.98375,41.46995],[-87.9882,41.4699],[-87.9891,41.468],[-87.99295,41.468],[-87.9927,41.4609],[-87.9977,41.4606],[-87.99805,41.46415],[-87.99635,41.46505],[-87.99645,41.4679],[-87.99815,41.4686],[-87.9984,41.4751],[-88.01745,41.47475],[-88.01775,41.47835],[-88.0254,41.4778],[-88.03215,41.485],[-88.03205,41.48695],[-88.0277,41.487],[-88.0274,41.4879],[-88.02265,41.48665],[-88.02585,41.48415],[-88.02635,41.4822],[-88.02275,41.48225],[-88.02265,41.48585],[-88.01325,41.48605],[-88.0133,41.49165],[-87.99865,41.4917]],[[-88.0105,41.4923],[-88.0039,41.49605],[-88.00365,41.49205],[-88.0105,41.4923]],[[-88.0561,41.32965],[-88.05165,41.32965],[-88.05055,41.33085],[-88.0502,41.3307],[-88.0502,41.3222],[-88.05125,41.321],[-88.0552,41.32095],[-88.056,41.32485],[-88.0561,41.32965]],[[-88.0612,41.4911],[-88.0661,41.4909],[-88.06615,41.4937],[-88.06135,41.49375],[-88.0612,41.4911]],[[-88.11485,41.2913],[-88.12225,41.29135],[-88.12255,41.2986],[-88.12235,41.2988],[-88.1149,41.29885],[-88.11485,41.2913]],[[-88.12215,41.4895],[-88.12455,41.48665],[-88.12665,41.48685],[-88.12415,41.48965],[-88.12215,41.4895]],[[-88.1661,41.31585],[-88.16595,41.31235],[-88.16335,41.3124],[-88.1633,41.3111],[-88.16605,41.311],[-88.16595,41.30845],[-88.16835,41.30825],[-88.16855,41.3074],[-88.1709,41.30755],[-88.1711,41.3118],[-88.1723,41.31195],[-88.17245,41.31565],[-88.17225,41.31585],[-88.16965,41.3157],[-88.1695,41.31225],[-88.16755,41.3123],[-88.1677,41.31575],[-88.1661,41.31585]],[[-88.16425,41.4352],[-88.16955,41.42255],[-88.171,41.42045],[-88.18205,41.4201],[-88.1847,41.42405],[-88.1856,41.42445],[-88.18985,41.42385],[-88.1897,41.42445],[-88.1776,41.43245],[-88.1754,41.4322],[-88.17155,41.4337],[-88.16955,41.4353],[-88.16425,41.4352]],[[-88.19475,41.4223],[-88.19675,41.4222],[-88.1969,41.42555],[-88.1948,41.4256],[-88.19475,41.4223]],[[-88.2333,41.37615],[-88.2332,41.37465],[-88.2307,41.3745],[-88.23065,41.3723],[-88.2355,41.37225],[-88.2358,41.376],[-88.2333,41.37615]]],[[[-87.60235,41.4701],[-87.5778,41.4702],[-87.72215,41.46995],[-87.71685,41.46995],[-87.71665,41.46965],[-87.7195,41.46425],[-87.7099,41.4646],[-87.7097,41.4645],[-87.7097,41.46445],[-87.70965,41.4644],[-87.7094,41.4557],[-87.7073,41.45575],[-87.70705,41.4543],[-87.70725,41.4541],[-87.7094,41.45405],[-87.7093,41.4493],[-87.705,41.4494],[-87.7049,41.4507],[-87.7002,41.45075],[-87.69985,41.4512],[-87.69985,41.453],[-87.69525,41.4535],[-87.6952,41.456],[-87.7002,41.4565],[-87.7,41.45755],[-87.6936,41.45745],[-87.6937,41.4599],[-87.6908,41.46015],[-87.69075,41.46325],[-87.6906,41.4634],[-87.69055,41.46345],[-87.6891,41.4634],[-87.68895,41.46615],[-87.68895,41.4662],[-87.6889,41.46625],[-87.6888,41.4663],[-87.6872,41.46665],[-87.6861,41.46705],[-87.68585,41.4669],[-87.68585,41.4641],[-87.6833,41.4641],[-87.68305,41.4626],[-87.68105,41.46255],[-87.68115,41.4692],[-87.67985,41.46995],[-87.67615,41.47],[-87.67585,41.46785],[-87.6781,41.46765],[-87.67805,41.46395],[-87.67585,41.46385],[-87.67565,41.46355],[-87.67575,41.46345],[-87.6758,41.46345],[-87.67585,41.46345],[-87.6767,41.46345],[-87.6769,41.4619],[-87.68,41.46185],[-87.68,41.4536],[-87.67565,41.45355],[-87.6754,41.45095],[-87.6706,41.45085],[-87.67055,41.4442],[-87.66805,41.44245],[-87.66805,41.4453],[-87.6678,41.4455],[-87.66495,41.4451],[-87.6649,41.4425],[-87.661,41.44225],[-87.66105,41.4348],[-87.6567,41.4349],[-87.65675,41.4402],[-87.65445,41.4404],[-87.65445,41.444],[-87.65975,41.44445],[-87.6617,41.4468],[-87.65695,41.45185],[-87.65545,41.45165],[-87.65545,41.4497],[-87.652,41.44785],[-87.6518,41.4497],[-87.6467,41.44975],[-87.6447,41.4523],[-87.6423,41.45235],[-87.64215,41.4547],[-87.63805,41.45475],[-87.63755,41.45615],[-87.63755,41.4607],[-87.6374,41.4609],[-87.63065,41.4612],[-87.6231,41.46045],[-87.62295,41.46445],[-87.6187,41.4645],[-87.6205,41.469],[-87.6202,41.47005],[-87.60235,41.4701]]],[[[-88.2548,41.5351],[-88.2549,41.5351],[-88.2552,41.5351],[-88.25095,41.4265],[-88.24305,41.4267],[-88.2429,41.428],[-88.2355,41.42815],[-88.23835,41.4302],[-88.23975,41.43245],[-88.2417,41.43305],[-88.24275,41.4345],[-88.24135,41.43585],[-88.2377,41.4372],[-88.23685,41.43905],[-88.2397,41.44345],[-88.2388,41.44495],[-88.2341,41.4444],[-88.23425,41.4482],[-88.23085,41.4488],[-88.23095,41.4515],[-88.22945,41.45155],[-88.22935,41.4488],[-88.22705,41.4503],[-88.2232,41.4543],[-88.2225,41.45605],[-88.2228,41.46325],[-88.2226,41.46345],[-88.22,41.46335],[-88.2197,41.45655],[-88.21585,41.45935],[-88.20875,41.46185],[-88.20025,41.46755],[-88.20115,41.46845],[-88.20365,41.4671],[-88.20605,41.4679],[-88.2059,41.46405],[-88.21095,41.4637],[-88.2111,41.46595],[-88.20785,41.4687],[-88.2078,41.4718],[-88.2022,41.4731],[-88.198,41.47465],[-88.19795,41.4817],[-88.2005,41.4848],[-88.2033,41.48515],[-88.20385,41.48575],[-88.2037,41.4861],[-88.2022,41.48615],[-88.20145,41.4889],[-88.20495,41.4891],[-88.205,41.49225],[-88.2166,41.4922],[-88.2163,41.48605],[-88.2238,41.48515],[-88.22645,41.48775],[-88.2266,41.49135],[-88.2261,41.4921],[-88.2361,41.49195],[-88.23655,41.4981],[-88.2351,41.50005],[-88.23635,41.5284],[-88.23295,41.52865],[-88.2332,41.5355],[-88.2357,41.5357],[-88.23675,41.5382],[-88.2369,41.5451],[-88.2173,41.56575],[-88.21665,41.56625],[-88.2147,41.56515],[-88.21025,41.5652],[-88.2104,41.56775],[-88.2112,41.5677],[-88.2114,41.56835],[-88.2104,41.5686],[-88.2106,41.5735],[-88.21445,41.5728],[-88.21665,41.5676],[-88.23775,41.54545],[-88.23775,41.5375],[-88.2391,41.53545],[-88.2429,41.53555],[-88.24305,41.54265],[-88.24755,41.5425],[-88.2477,41.5401],[-88.25475,41.53995],[-88.2548,41.5351]],[[-88.23625,41.50015],[-88.2425,41.4919],[-88.2465,41.4919],[-88.24665,41.49615],[-88.24625,41.49915],[-88.24505,41.4994],[-88.2452,41.50665],[-88.2367,41.50685],[-88.23625,41.50015]]],[[[-88.0277,41.6415],[-88.02855,41.6701],[-88.03455,41.6703],[-88.0383,41.6691],[-88.0454,41.66585],[-88.0503,41.6628],[-88.056,41.6579],[-88.05875,41.6544],[-88.0606,41.65115],[-88.06225,41.6469],[-88.0632,41.6408],[-88.05965,41.6409],[-88.0581,41.64815],[-88.0473,41.64845],[-88.0469,41.64485],[-88.0439,41.6447],[-88.0438,41.6411],[-88.04645,41.6408],[-88.04635,41.6367],[-88.049,41.6362],[-88.0492,41.6369],[-88.06115,41.63675],[-88.08025,41.6362],[-88.0804,41.6324],[-88.08695,41.63225],[-88.0869,41.6315],[-88.07425,41.6317],[-88.07325,41.6292],[-88.0725,41.59875],[-88.07425,41.59365],[-88.08105,41.59425],[-88.08365,41.5932],[-88.0836,41.59145],[-88.0773,41.59165],[-88.07625,41.59135],[-88.07615,41.59105],[-88.0793,41.58535],[-88.08325,41.57895],[-88.0868,41.5675],[-88.07865,41.5676],[-88.07845,41.56745],[-88.0778,41.55875],[-88.0779,41.55555],[-88.07685,41.55465],[-88.0774,41.5527],[-88.0815,41.5526],[-88.08235,41.54365],[-88.08295,41.5423],[-88.08215,41.53995],[-88.0807,41.54175],[-88.07625,41.553],[-88.0727,41.55325],[-88.0591,41.5536],[-88.05585,41.55345],[-88.05805,41.54995],[-88.05235,41.55015],[-88.0523,41.5537],[-88.0416,41.55395],[-88.04135,41.5522],[-88.04155,41.552],[-88.0438,41.55195],[-88.04365,41.549],[-88.04545,41.54875],[-88.04535,41.5465],[-88.04865,41.54395],[-88.05025,41.5435],[-88.0524,41.5435],[-88.05605,41.54225],[-88.055,41.54135],[-88.05515,41.53985],[-88.0512,41.5388],[-88.051,41.54085],[-88.04905,41.5409],[-88.0489,41.5394],[-88.0438,41.5395],[-88.0424,41.5404],[-88.04155,41.5375],[-88.0423,41.53615],[-88.04385,41.53615],[-88.0441,41.5353],[-88.04505,41.53545],[-88.0425,41.5291],[-88.047,41.529],[-88.04795,41.5325],[-88.0521,41.5318],[-88.0522,41.5305],[-88.05295,41.52985],[-88.0545,41.5301],[-88.0551,41.5337],[-88.05625,41.53365],[-88.05615,41.53255],[-88.05725,41.5321],[-88.05615,41.53165],[-88.0559,41.53075],[-88.05475,41.5299],[-88.0526,41.52965],[-88.05205,41.5301],[-88.04725,41.5293],[-88.0473,41.52635],[-88.05655,41.5262],[-88.0571,41.52835],[-88.059,41.52785],[-88.0588,41.52485],[-88.04795,41.525],[-88.0477,41.524],[-88.04295,41.5242],[-88.04275,41.5195],[-88.0446,41.51935],[-88.04475,41.5187],[-88.04595,41.51865],[-88.0462,41.5195],[-88.0472,41.51965],[-88.0474,41.51985],[-88.04715,41.52015],[-88.04785,41.5202],[-88.048,41.5206],[-88.0491,41.5215],[-88.0495,41.52315],[-88.05255,41.5233],[-88.0522,41.5147],[-88.0541,41.5141],[-88.06035,41.51315],[-88.05885,41.51625],[-88.06395,41.51575],[-88.06405,41.51185],[-88.06525,41.5108],[-88.0645,41.5099],[-88.06545,41.50855],[-88.0652,41.50365],[-88.06185,41.5031],[-88.06175,41.5067],[-88.05235,41.5069],[-88.0522,41.5087],[-88.04985,41.50875],[-88.04935,41.5104],[-88.0487,41.5113],[-88.04755,41.5121],[-88.0446,41.5122],[-88.0426,41.5114],[-88.0424,41.51055],[-88.0426,41.51035],[-88.0484,41.5102],[-88.04835,41.50875],[-88.0496,41.50735],[-88.0495,41.50495],[-88.0519,41.5047],[-88.05185,41.5033],[-88.04725,41.5034],[-88.04695,41.49975],[-88.04475,41.49985],[-88.0457,41.4962],[-88.04225,41.49625],[-88.0426,41.5006],[-88.0424,41.5008],[-88.0378,41.5009],[-88.03785,41.5034],[-88.0377,41.5036],[-88.0363,41.50345],[-88.0362,41.5],[-88.03495,41.49985],[-88.03425,41.5035],[-88.03305,41.50375],[-88.03315,41.5071],[-88.033,41.50735],[-88.0316,41.50715],[-88.03145,41.50375],[-88.02715,41.5039],[-88.02715,41.5111],[-88.0162,41.5114],[-88.01625,41.5132],[-88.0238,41.5132],[-88.0241,41.5218],[-88.0255,41.5232],[-88.02225,41.524],[-88.02205,41.52555],[-88.02015,41.52505],[-88.0201,41.5233],[-88.0142,41.52355],[-88.00915,41.5225],[-88.0092,41.52415],[-88.00725,41.52505],[-87.9975,41.52145],[-87.9832,41.51925],[-87.97855,41.5178],[-87.97785,41.521],[-87.9756,41.51985],[-87.9735,41.5203],[-87.9736,41.5244],[-87.9751,41.5246],[-87.97525,41.5264],[-87.97495,41.52705],[-87.9737,41.5271],[-87.97355,41.52795],[-87.9721,41.52795],[-87.9721,41.52895],[-87.97535,41.52995],[-87.97515,41.53345],[-87.978,41.5334],[-87.98025,41.5305],[-87.9869,41.5308],[-87.98705,41.53115],[-87.98595,41.53205],[-87.9862,41.54055],[-87.9887,41.5405],[-87.98965,41.53935],[-87.9894,41.5308],[-87.9904,41.53045],[-87.99035,41.52595],[-88.0089,41.5256],[-88.01235,41.52675],[-88.01525,41.5267],[-88.0176,41.5278],[-88.02665,41.53055],[-88.02895,41.5303],[-88.0292,41.53225],[-88.0338,41.53215],[-88.0341,41.536],[-88.0339,41.5362],[-88.02915,41.53625],[-88.0283,41.5353],[-88.02885,41.53325],[-88.02445,41.5334],[-88.0246,41.5374],[-88.03395,41.53755],[-88.034,41.53975],[-88.0295,41.53985],[-88.02955,41.54325],[-88.0283,41.54345],[-88.02835,41.5467],[-88.02905,41.54815],[-88.0265,41.54825],[-88.0249,41.54745],[-88.02495,41.5544],[-88.00605,41.5548],[-88.00645,41.56645],[-88.00385,41.5667],[-88.0036,41.56575],[-87.99635,41.56575],[-87.99605,41.556],[-87.993,41.5561],[-87.99285,41.55775],[-87.98805,41.55785],[-87.99105,41.56215],[-87.9909,41.56245],[-87.987,41.56255],[-87.98725,41.5693],[-87.99655,41.5686],[-87.99845,41.5689],[-87.9987,41.5712],[-87.9985,41.5714],[-87.9953,41.572],[-87.99705,41.5743],[-87.99715,41.5783],[-88.0019,41.5782],[-88.0023,41.57635],[-88.0064,41.57625],[-88.00625,41.57295],[-88.00735,41.5727],[-88.0073,41.57195],[-88.0062,41.5718],[-88.0061,41.5696],[-88.0069,41.56895],[-88.01095,41.568],[-88.01075,41.5618],[-88.01555,41.56145],[-88.0154,41.5562],[-88.0203,41.5559],[-88.02055,41.5582],[-88.02505,41.5582],[-88.02535,41.56125],[-88.0515,41.5606],[-88.05175,41.5626],[-88.05135,41.5628],[-88.0515,41.5681],[-88.0495,41.56835],[-88.0496,41.5715],[-88.0542,41.5714],[-88.0555,41.5706],[-88.06005,41.5702],[-88.06115,41.57125],[-88.0684,41.5712],[-88.07215,41.5618],[-88.0747,41.5619],[-88.0748,41.5673],[-88.0759,41.56805],[-88.07445,41.57355],[-88.07215,41.57705],[-88.0669,41.5824],[-88.0643,41.5825],[-88.0649,41.59665],[-88.0688,41.5964],[-88.06955,41.59265],[-88.06985,41.5925],[-88.07165,41.59375],[-88.07225,41.59485],[-88.073,41.6283],[-88.0714,41.6294],[-88.0617,41.6297],[-88.0615,41.6295],[-88.06345,41.6116],[-88.06125,41.61165],[-88.05975,41.626],[-88.05945,41.62245],[-88.0508,41.6226],[-88.0506,41.6224],[-88.05215,41.60455],[-88.05005,41.60485],[-88.04835,41.6063],[-88.04565,41.60605],[-88.0436,41.6024],[-88.04675,41.60235],[-88.0469,41.60395],[-88.0493,41.6042],[-88.04935,41.6022],[-88.0455,41.60145],[-88.04525,41.599],[-88.0455,41.5988],[-88.04745,41.59945],[-88.0481,41.598],[-88.04515,41.5973],[-88.0451,41.59595],[-88.04135,41.59605],[-88.03925,41.59495],[-88.0376,41.59655],[-88.03505,41.5976],[-88.03495,41.5987],[-88.0304,41.5995],[-88.02795,41.59795],[-88.0266,41.5994],[-88.0239,41.60095],[-88.02355,41.60505],[-88.0263,41.60495],[-88.0263,41.60315],[-88.0265,41.60295],[-88.031,41.6031],[-88.03355,41.60185],[-88.03725,41.60215],[-88.0407,41.60125],[-88.04095,41.6014],[-88.041,41.6028],[-88.03625,41.6032],[-88.0371,41.605],[-88.03765,41.6052],[-88.0377,41.60635],[-88.03775,41.61035],[-88.0365,41.6104],[-88.0366,41.6134],[-88.03725,41.61495],[-88.03505,41.61505],[-88.03495,41.6124],[-88.03185,41.61255],[-88.0319,41.61565],[-88.0338,41.6161],[-88.03485,41.6168],[-88.03485,41.61715],[-88.032,41.61935],[-88.0306,41.6225],[-88.0307,41.62485],[-88.02835,41.62525],[-88.02695,41.6227],[-88.0295,41.6207],[-88.0268,41.61945],[-88.0224,41.62],[-88.01615,41.62015],[-88.01625,41.62335],[-88.0174,41.62355],[-88.0175,41.6269],[-88.0217,41.62685],[-88.0218,41.6272],[-88.01915,41.6293],[-88.02735,41.62925],[-88.0276,41.63065],[-88.0274,41.63085],[-88.02315,41.63095],[-88.02305,41.6338],[-88.0178,41.63395],[-88.0122,41.6314],[-88.01305,41.63075],[-88.0129,41.62785],[-88.00465,41.62765],[-88.00525,41.63055],[-88.0084,41.63075],[-88.0086,41.63095],[-88.0084,41.6348],[-88.00395,41.63495],[-88.0042,41.64075],[-88.0027,41.64205],[-88.0183,41.6417],[-88.0181,41.63735],[-88.01595,41.6383],[-88.0132,41.63835],[-88.013,41.6381],[-88.01355,41.63605],[-88.01315,41.63415],[-88.0149,41.63315],[-88.01625,41.6346],[-88.0231,41.63415],[-88.02345,41.6388],[-88.0201,41.6391],[-88.0187,41.6417],[-88.0277,41.6415]],[[-88.03515,41.6411],[-88.03755,41.64125],[-88.03765,41.6444],[-88.03535,41.64385],[-88.03515,41.6411]],[[-88.04135,41.52935],[-88.04045,41.5324],[-88.03725,41.53245],[-88.037,41.52995],[-88.04135,41.52935]],[[-88.04885,41.6208],[-88.0492,41.6167],[-88.04825,41.615],[-88.05,41.61155],[-88.04805,41.611],[-88.0458,41.61185],[-88.04555,41.61165],[-88.0455,41.6099],[-88.04405,41.6097],[-88.04155,41.61165],[-88.04275,41.61345],[-88.03945,41.61315],[-88.0409,41.61165],[-88.0401,41.6089],[-88.0422,41.60885],[-88.0459,41.60655],[-88.0493,41.6065],[-88.0519,41.60675],[-88.05065,41.6207],[-88.04885,41.6208]],[[-88.0609,41.50995],[-88.0618,41.50855],[-88.06445,41.5085],[-88.0635,41.5106],[-88.0609,41.50995]]],[[[-88.15925,41.6307],[-88.16635,41.63055],[-88.16635,41.62325],[-88.1709,41.6232],[-88.17385,41.62375],[-88.17415,41.63415],[-88.1693,41.63445],[-88.16935,41.63615],[-88.1838,41.63585],[-88.1857,41.63695],[-88.1894,41.6306],[-88.1918,41.6312],[-88.1938,41.6275],[-88.1935,41.6241],[-88.19915,41.61675],[-88.1976,41.6157],[-88.19535,41.6176],[-88.1961,41.61885],[-88.1931,41.6211],[-88.1928,41.62095],[-88.1928,41.6179],[-88.1959,41.61605],[-88.1926,41.6159],[-88.19235,41.6095],[-88.19165,41.60885],[-88.1733,41.6091],[-88.1734,41.61275],[-88.16345,41.61285],[-88.1632,41.60905],[-88.1634,41.60885],[-88.1694,41.60875],[-88.16855,41.60785],[-88.1683,41.6017],[-88.17105,41.60145],[-88.1784,41.5979],[-88.1746,41.595],[-88.1641,41.58865],[-88.16255,41.58745],[-88.16215,41.5812],[-88.1607,41.5802],[-88.15765,41.58025],[-88.1578,41.5845],[-88.1575,41.58465],[-88.1476,41.5787],[-88.14715,41.56945],[-88.14455,41.5676],[-88.1398,41.56605],[-88.1315,41.56625],[-88.13155,41.5685],[-88.1329,41.56935],[-88.1427,41.56935],[-88.14315,41.58005],[-88.14875,41.58005],[-88.1596,41.5867],[-88.15965,41.587],[-88.159,41.58755],[-88.1579,41.58755],[-88.1579,41.58865],[-88.152,41.59415],[-88.1523,41.60195],[-88.1488,41.60225],[-88.14905,41.609],[-88.1524,41.60895],[-88.1536,41.60765],[-88.15365,41.60175],[-88.16275,41.60155],[-88.16305,41.60755],[-88.1633,41.62345],[-88.156,41.62395],[-88.14065,41.62415],[-88.1405,41.62385],[-88.14645,41.61675],[-88.1449,41.61665],[-88.14455,41.61865],[-88.14305,41.6189],[-88.1383,41.62455],[-88.13775,41.6242],[-88.1242,41.6246],[-88.1245,41.6349],[-88.1249,41.6382],[-88.12725,41.6387],[-88.12755,41.63945],[-88.12715,41.6413],[-88.12745,41.6425],[-88.12725,41.64275],[-88.125,41.6429],[-88.1251,41.64815],[-88.13845,41.6456],[-88.1461,41.63945],[-88.1485,41.6408],[-88.15325,41.63805],[-88.1569,41.63795],[-88.15925,41.6353],[-88.15925,41.6307]],[[-88.1655,41.5941],[-88.1679,41.59445],[-88.1684,41.608],[-88.1682,41.60825],[-88.1632,41.6081],[-88.16275,41.5938],[-88.15815,41.5937],[-88.158,41.5948],[-88.153,41.5945],[-88.15985,41.58785],[-88.1637,41.589],[-88.16765,41.59125],[-88.16785,41.5936],[-88.1655,41.5941]]],[[[-88.09815,41.72725],[-88.09815,41.7273],[-88.15325,41.726],[-88.2613,41.72465],[-88.2598,41.6613],[-88.25255,41.6614],[-88.2524,41.6579],[-88.2573,41.6578],[-88.25715,41.6537],[-88.2522,41.65375],[-88.25195,41.65145],[-88.24755,41.6511],[-88.24785,41.65815],[-88.24295,41.65845],[-88.2429,41.6622],[-88.2379,41.6621],[-88.2374,41.6513],[-88.2325,41.6512],[-88.23225,41.6441],[-88.22535,41.6442],[-88.2229,41.64065],[-88.22225,41.637],[-88.2199,41.63695],[-88.2177,41.63465],[-88.22795,41.6495],[-88.22805,41.65105],[-88.2291,41.65115],[-88.2306,41.6533],[-88.2332,41.6584],[-88.2339,41.67475],[-88.23385,41.67485],[-88.23375,41.67495],[-88.2337,41.67495],[-88.2288,41.675],[-88.22855,41.67325],[-88.224,41.6733],[-88.22395,41.67695],[-88.20455,41.67725],[-88.204,41.67],[-88.1994,41.67005],[-88.1992,41.66985],[-88.19905,41.66625],[-88.20355,41.66595],[-88.2033,41.66],[-88.202,41.66005],[-88.20095,41.65895],[-88.20055,41.65585],[-88.20165,41.6546],[-88.19415,41.65465],[-88.194,41.6556],[-88.1873,41.65565],[-88.187,41.65205],[-88.18435,41.65205],[-88.18465,41.65915],[-88.17815,41.65955],[-88.1766,41.66665],[-88.17535,41.66955],[-88.1728,41.67365],[-88.1669,41.68095],[-88.16585,41.68165],[-88.15645,41.6819],[-88.15675,41.68865],[-88.16625,41.6885],[-88.16645,41.6887],[-88.1665,41.6904],[-88.1664,41.6906],[-88.16365,41.69235],[-88.1623,41.69515],[-88.16005,41.6982],[-88.1587,41.69915],[-88.15755,41.70055],[-88.15745,41.7006],[-88.15665,41.7009],[-88.15545,41.702],[-88.15195,41.7025],[-88.1504,41.7012],[-88.14445,41.70345],[-88.14295,41.7061],[-88.1409,41.70705],[-88.14095,41.7078],[-88.1408,41.708],[-88.13605,41.7097],[-88.1348,41.70845],[-88.1304,41.70905],[-88.1303,41.70905],[-88.13025,41.70905],[-88.13015,41.7089],[-88.13005,41.7078],[-88.1271,41.70805],[-88.12665,41.707],[-88.1173,41.7073],[-88.11755,41.7136],[-88.11655,41.71315],[-88.1119,41.71325],[-88.1118,41.7132],[-88.11175,41.71315],[-88.1117,41.7131],[-88.1117,41.71305],[-88.1117,41.7127],[-88.10705,41.7128],[-88.10245,41.7113],[-88.1009,41.71255],[-88.09755,41.7126],[-88.09815,41.72725]],[[-88.2348,41.65825],[-88.24475,41.67265],[-88.2446,41.67295],[-88.2387,41.67305],[-88.239,41.6801],[-88.2388,41.6803],[-88.2346,41.6802],[-88.23375,41.6584],[-88.2348,41.65825]]]]},"properties":{"kind":"neighbour","name":"Unincorporated Will County","region":"Will County","lp":[-87.86671,41.38881],"rest":true}},
{"type":"Feature","geometry":{"type":"MultiPolygon","coordinates":[[[[-87.9074,41.62825],[-87.90755,41.6282],[-87.91145,41.62815],[-87.9112,41.61975],[-87.91115,41.61975],[-87.90665,41.61975],[-87.9065,41.62245],[-87.89715,41.62265],[-87.8974,41.62935],[-87.9074,41.62915],[-87.9074,41.62825]]],[[[-88.0277,41.6415],[-88.00715,41.64195],[-88.00705,41.64525],[-88.0023,41.6454],[-88.00255,41.6465],[-88.00155,41.6467],[-88.0023,41.64865],[-88.0034,41.64925],[-88.0026,41.65525],[-88.006,41.65615],[-88.0068,41.65415],[-88.0063,41.64735],[-88.00845,41.6472],[-88.01055,41.64785],[-88.01445,41.6477],[-88.0152,41.6488],[-88.02755,41.6486],[-88.0277,41.6415]]],[[[-87.943,41.6642],[-87.94305,41.66495],[-87.9499,41.6648],[-87.9498,41.6624],[-87.95125,41.6619],[-87.9511,41.65785],[-87.94285,41.65805],[-87.94265,41.6589],[-87.9381,41.659],[-87.93825,41.66425],[-87.943,41.6642]]],[[[-87.91195,41.64395],[-87.9116,41.63325],[-87.9071,41.63325],[-87.9072,41.6352],[-87.9076,41.6355],[-87.9074,41.63695],[-87.90585,41.6385],[-87.9043,41.6385],[-87.9041,41.637],[-87.89925,41.6371],[-87.9002,41.6405],[-87.8976,41.64135],[-87.89265,41.64145],[-87.8879,41.64095],[-87.88765,41.6398],[-87.88305,41.6399],[-87.8828,41.6371],[-87.88515,41.63695],[-87.88505,41.63375],[-87.87335,41.63395],[-87.87325,41.6376],[-87.8542,41.6379],[-87.8541,41.6448],[-87.8556,41.6449],[-87.8589,41.647],[-87.85925,41.65385],[-87.8638,41.65375],[-87.86385,41.6544],[-87.856,41.65455],[-87.85695,41.65575],[-87.85705,41.65945],[-87.8665,41.6592],[-87.8667,41.6594],[-87.8666,41.6636],[-87.8546,41.6638],[-87.8543,41.6597],[-87.84905,41.65945],[-87.8488,41.6526],[-87.84155,41.65275],[-87.84,41.65565],[-87.84025,41.65965],[-87.8444,41.65955],[-87.8449,41.6632],[-87.8498,41.66305],[-87.8501,41.6667],[-87.8547,41.66665],[-87.855,41.67055],[-87.8548,41.67075],[-87.8501,41.67075],[-87.85005,41.6744],[-87.8309,41.6748],[-87.83105,41.67835],[-87.8274,41.6786],[-87.8274,41.67985],[-87.8309,41.67975],[-87.8312,41.68295],[-87.83725,41.6837],[-87.85625,41.68555],[-87.8707,41.68705],[-87.87505,41.6874],[-87.93065,41.69565],[-87.93755,41.6957],[-87.93545,41.6945],[-87.9343,41.69155],[-87.92945,41.6884],[-87.92955,41.68805],[-87.93125,41.688],[-87.9317,41.68745],[-87.93365,41.68805],[-87.9336,41.68725],[-87.93245,41.6871],[-87.9325,41.68335],[-87.93525,41.68365],[-87.93685,41.6825],[-87.9396,41.6826],[-87.9392,41.6811],[-87.9396,41.681],[-87.93985,41.68175],[-87.94205,41.67995],[-87.9372,41.6798],[-87.9364,41.65515],[-87.93695,41.65465],[-87.9706,41.65385],[-87.97085,41.6552],[-87.97565,41.65495],[-87.9786,41.6532],[-87.98495,41.65305],[-87.98485,41.65025],[-87.98745,41.64925],[-87.9915,41.64895],[-87.99475,41.6497],[-87.99545,41.65285],[-87.9957,41.65465],[-87.99715,41.6546],[-87.9973,41.6537],[-87.99855,41.65365],[-87.99935,41.65275],[-87.99885,41.64475],[-88.00205,41.64205],[-87.9619,41.6429],[-87.9623,41.64475],[-87.96145,41.6481],[-87.9618,41.6498],[-87.9711,41.6496],[-87.9719,41.651],[-87.9718,41.65375],[-87.96285,41.65395],[-87.9615,41.65035],[-87.94835,41.6508],[-87.9481,41.6485],[-87.9506,41.6482],[-87.9504,41.64315],[-87.91195,41.64395]],[[-87.89315,41.65215],[-87.89325,41.6548],[-87.9027,41.65525],[-87.90315,41.6659],[-87.89825,41.6663],[-87.89825,41.6727],[-87.89795,41.67285],[-87.89325,41.6702],[-87.89305,41.6664],[-87.88365,41.6665],[-87.88325,41.65905],[-87.8882,41.65875],[-87.88795,41.6537],[-87.8884,41.6515],[-87.89315,41.65215]],[[-87.8891,41.6454],[-87.88975,41.6476],[-87.89275,41.64755],[-87.8928,41.6493],[-87.8881,41.64935],[-87.888,41.6518],[-87.8854,41.65165],[-87.88515,41.64445],[-87.88855,41.64415],[-87.8891,41.6454]],[[-87.93185,41.66915],[-87.9318,41.66555],[-87.92745,41.66565],[-87.9275,41.67305],[-87.9128,41.67325],[-87.9124,41.66595],[-87.90855,41.666],[-87.9083,41.66445],[-87.9085,41.6642],[-87.9222,41.664],[-87.922,41.65825],[-87.92835,41.65795],[-87.92835,41.6567],[-87.93155,41.6561],[-87.9317,41.65475],[-87.93595,41.65515],[-87.93635,41.6689],[-87.93185,41.66915]],[[-87.935,41.647],[-87.93525,41.6526],[-87.93555,41.6528],[-87.9354,41.65465],[-87.9315,41.65445],[-87.93125,41.6472],[-87.935,41.647]],[[-87.93635,41.67055],[-87.9363,41.6739],[-87.93235,41.67395],[-87.93205,41.6708],[-87.93225,41.6706],[-87.93635,41.67055]],[[-87.9364,41.6506],[-87.94615,41.6503],[-87.94645,41.65415],[-87.94625,41.65435],[-87.9396,41.6545],[-87.93795,41.65315],[-87.9364,41.6506]]],[[[-87.9614,41.68635],[-87.96605,41.6863],[-87.9681,41.68525],[-87.97145,41.6842],[-87.9698,41.6833],[-87.96975,41.6816],[-87.97125,41.68115],[-87.97105,41.67625],[-87.9753,41.67595],[-87.97595,41.6751],[-87.97575,41.668],[-87.972,41.66795],[-87.96985,41.6653],[-87.96695,41.66535],[-87.96635,41.66495],[-87.9667,41.6755],[-87.96175,41.67615],[-87.96165,41.6795],[-87.957,41.6796],[-87.9574,41.6843],[-87.95825,41.6851],[-87.96715,41.68215],[-87.96725,41.68255],[-87.95725,41.6859],[-87.95995,41.68685],[-87.9554,41.68845],[-87.95355,41.68825],[-87.9524,41.6874],[-87.9525,41.6898],[-87.9614,41.68635]]],[[[-88.02895,41.68525],[-88.0286,41.67295],[-88.01025,41.6786],[-88.00275,41.68175],[-88.00515,41.68565],[-88.02895,41.68525]]],[[[-87.9049,41.72695],[-87.9018,41.7243],[-87.89545,41.7283],[-87.89565,41.7317],[-87.89895,41.73],[-87.90035,41.73115],[-87.90275,41.7302],[-87.9078,41.73],[-87.91025,41.731],[-87.91025,41.72835],[-87.90785,41.7272],[-87.90505,41.7273],[-87.9049,41.72695]]],[[[-87.9194,41.85405],[-87.91975,41.8396],[-87.91765,41.80475],[-87.91675,41.78195],[-87.91645,41.7804],[-87.9121,41.78035],[-87.91195,41.7849],[-87.9132,41.7851],[-87.91315,41.7895],[-87.91,41.78975],[-87.90855,41.78925],[-87.90875,41.78475],[-87.9092,41.78305],[-87.90825,41.7821],[-87.90815,41.77455],[-87.9072,41.77495],[-87.9075,41.7819],[-87.90655,41.7839],[-87.90835,41.786],[-87.90855,41.79555],[-87.9089,41.7978],[-87.91335,41.80955],[-87.91335,41.8096],[-87.91385,41.81865],[-87.91365,41.81885],[-87.90075,41.8209],[-87.8904,41.81995],[-87.89045,41.8268],[-87.89105,41.83365],[-87.91795,41.833],[-87.9189,41.83755],[-87.9189,41.8464],[-87.9176,41.84785],[-87.91775,41.8551],[-87.9155,41.8556],[-87.91575,41.86205],[-87.91725,41.86225],[-87.91725,41.86445],[-87.91565,41.8686],[-87.9134,41.87035],[-87.91565,41.87055],[-87.91705,41.87125],[-87.9182,41.87345],[-87.9204,41.8729],[-87.9204,41.86415],[-87.9194,41.85405]]],[[[-88.0754,42.0017],[-88.0897,42.0009],[-88.0899,41.99195],[-88.09,41.99035],[-88.0511,41.9918],[-88.05115,41.9918],[-88.05115,41.99185],[-88.05115,41.9919],[-88.05115,41.9934],[-88.05575,41.99325],[-88.056,41.99345],[-88.0559,41.99875],[-88.0594,41.9986],[-88.0596,42.00045],[-88.06055,42.0004],[-88.0606,42.0004],[-88.0606,42.00045],[-88.0607,42.00045],[-88.06075,42.0006],[-88.06075,42.0022],[-88.0659,42.0021],[-88.06785,42.0037],[-88.0701,42.0036],[-88.0703,42.0022],[-88.0754,42.0017]]],[[[-88.11895,42.0033],[-88.11935,42.00145],[-88.12015,42.0012],[-88.12,41.9986],[-88.11915,41.9976],[-88.11465,41.9964],[-88.1145,41.9978],[-88.1098,41.99805],[-88.1098,42.00285],[-88.1106,42.0039],[-88.11725,42.00295],[-88.11895,42.0033]]],[[[-87.9353,42.0119],[-87.9352,42.00845],[-87.9315,42.0084],[-87.93155,42.0137],[-87.93135,42.0139],[-87.93035,42.0137],[-87.9303,42.00845],[-87.91915,42.00875],[-87.92095,42.01065],[-87.92375,42.01075],[-87.9259,42.01285],[-87.9275,42.01255],[-87.92975,42.0147],[-87.9322,42.01535],[-87.9399,42.0153],[-87.94015,42.01195],[-87.9353,42.0119]]],[[[-88.04235,42.016],[-88.04555,42.01595],[-88.0456,42.0142],[-88.03335,42.0146],[-88.03225,42.01805],[-88.0321,42.0212],[-88.0411,42.0207],[-88.04405,42.0209],[-88.044,42.01785],[-88.04235,42.016]]],[[[-88.02965,42.01215],[-88.03085,42.01075],[-88.0311,42.00845],[-88.01885,42.0086],[-88.01875,42.0146],[-88.0035,42.0148],[-88.0031,42.0119],[-87.99665,42.0137],[-87.99635,42.0179],[-87.9961,42.0181],[-87.993,42.0178],[-87.9887,42.02225],[-87.98805,42.0273],[-87.98625,42.0314],[-87.98465,42.03725],[-87.9815,42.03895],[-87.9816,42.04125],[-87.98395,42.04035],[-88.0068,42.05095],[-88.007,42.0508],[-88.02785,42.05065],[-88.0296,42.0413],[-88.029,42.03855],[-88.0303,42.03245],[-88.0301,42.02165],[-88.0304,42.02085],[-88.029,42.01505],[-88.02965,42.01215]]],[[[-88.23785,42.05675],[-88.2382,42.067],[-88.26365,42.06685],[-88.2629,41.9864],[-88.1459,41.9882],[-88.1294,41.98885],[-88.12955,41.9961],[-88.1292,42.00345],[-88.1255,42.0038],[-88.1253,42.0108],[-88.1289,42.0106],[-88.12915,42.0108],[-88.1291,42.0179],[-88.1445,42.0172],[-88.14455,42.0105],[-88.14935,42.0102],[-88.14905,42.0071],[-88.15895,42.00875],[-88.15895,42.0008],[-88.164,42.00045],[-88.1644,41.99845],[-88.1693,41.9987],[-88.1661,41.99555],[-88.1599,41.99215],[-88.1598,41.99195],[-88.1597,41.98935],[-88.1597,41.9893],[-88.1597,41.98925],[-88.1598,41.98915],[-88.1599,41.98915],[-88.17405,41.9909],[-88.1741,41.99125],[-88.1726,41.99185],[-88.17165,41.99415],[-88.173,41.99385],[-88.1744,41.994],[-88.17445,42.00115],[-88.1755,42.0022],[-88.17865,42.00215],[-88.18395,42.00335],[-88.1841,42.00575],[-88.19315,42.0056],[-88.19335,42.0057],[-88.19335,42.00575],[-88.19335,42.0058],[-88.19335,42.00585],[-88.1933,42.0059],[-88.19325,42.00595],[-88.1926,42.0062],[-88.1925,42.00795],[-88.19375,42.00795],[-88.194,42.00745],[-88.195,42.0075],[-88.1952,42.0077],[-88.19505,42.0096],[-88.1917,42.00965],[-88.19165,42.0129],[-88.1933,42.01295],[-88.1937,42.01085],[-88.1984,42.0108],[-88.1986,42.0128],[-88.203,42.0128],[-88.20295,42.0099],[-88.2058,42.00905],[-88.21795,42.01295],[-88.2198,42.0144],[-88.21985,42.01445],[-88.2199,42.0145],[-88.2199,42.01455],[-88.2199,42.0146],[-88.21985,42.0147],[-88.21915,42.0157],[-88.21795,42.0165],[-88.21795,42.01975],[-88.21455,42.02225],[-88.2219,42.02655],[-88.2215,42.02845],[-88.21645,42.0301],[-88.21285,42.03045],[-88.20685,42.0305],[-88.20195,42.0317],[-88.20075,42.0338],[-88.1987,42.03385],[-88.1987,42.03615],[-88.1967,42.03865],[-88.2031,42.03895],[-88.20335,42.042],[-88.20315,42.0422],[-88.1987,42.0422],[-88.19855,42.0464],[-88.1938,42.04685],[-88.19095,42.05315],[-88.19345,42.054],[-88.1844,42.05395],[-88.1844,42.0607],[-88.20295,42.0606],[-88.20315,42.06085],[-88.2025,42.0658],[-88.21325,42.0658],[-88.2155,42.0607],[-88.2194,42.0616],[-88.2204,42.06295],[-88.22045,42.06595],[-88.2226,42.06465],[-88.2225,42.0608],[-88.22585,42.05795],[-88.2279,42.0545],[-88.22385,42.0546],[-88.22295,42.0578],[-88.2166,42.05785],[-88.2158,42.05945],[-88.213,42.06105],[-88.20575,42.061],[-88.20555,42.0607],[-88.21545,42.04475],[-88.2205,42.0447],[-88.2281,42.0461],[-88.23435,42.0466],[-88.23485,42.0518],[-88.23345,42.0519],[-88.2334,42.0499],[-88.23055,42.04935],[-88.2313,42.0527],[-88.2343,42.05285],[-88.2349,42.05725],[-88.23785,42.05675]],[[-88.2435,42.04885],[-88.2435,42.0617],[-88.24345,42.06185],[-88.2434,42.0619],[-88.24335,42.0619],[-88.2433,42.0619],[-88.2381,42.0617],[-88.23795,42.05285],[-88.24195,42.0525],[-88.2419,42.04905],[-88.2419,42.049],[-88.24195,42.0489],[-88.2421,42.04885],[-88.2435,42.04885]]],[[[-88.04275,42.0735],[-88.04355,42.0735],[-88.04355,42.06965],[-88.041,42.06975],[-88.03995,42.0671],[-88.0337,42.0643],[-88.02895,42.06695],[-88.03005,42.06755],[-88.03075,42.0699],[-88.02995,42.0704],[-88.0295,42.07135],[-88.02975,42.07225],[-88.0296,42.07255],[-88.0287,42.0726],[-88.0293,42.07385],[-88.03575,42.07385],[-88.036,42.07585],[-88.0388,42.0759],[-88.04025,42.0744],[-88.04275,42.0735]]],[[[-88.0974,42.07775],[-88.09775,42.0744],[-88.09225,42.07385],[-88.0828,42.07365],[-88.0824,42.0672],[-88.0787,42.0672],[-88.07815,42.069],[-88.0781,42.0786],[-88.0832,42.0813],[-88.083,42.0886],[-88.08615,42.0886],[-88.0873,42.0875],[-88.0873,42.08535],[-88.0851,42.08515],[-88.0853,42.0825],[-88.08555,42.08235],[-88.0922,42.08435],[-88.0921,42.08335],[-88.09295,42.0827],[-88.09205,42.08245],[-88.0921,42.08125],[-88.09715,42.08125],[-88.0974,42.07775]]],[[[-88.2287,42.09215],[-88.2287,42.09255],[-88.23825,42.09265],[-88.2382,42.0743],[-88.2378,42.07445],[-88.2375,42.0754],[-88.2365,42.0759],[-88.2357,42.0755],[-88.23525,42.07455],[-88.2339,42.0736],[-88.23155,42.07285],[-88.2298,42.07495],[-88.22655,42.0749],[-88.2238,42.07405],[-88.22375,42.08135],[-88.2235,42.08155],[-88.2119,42.08055],[-88.2061,42.0794],[-88.20105,42.078],[-88.19975,42.08135],[-88.2091,42.08135],[-88.2093,42.08155],[-88.20935,42.08495],[-88.21395,42.08495],[-88.21415,42.08855],[-88.21895,42.08855],[-88.2191,42.09205],[-88.2287,42.09215]]],[[[-88.19705,42.0853],[-88.18995,42.08515],[-88.18995,42.0892],[-88.1946,42.0891],[-88.1948,42.0894],[-88.19235,42.0932],[-88.18995,42.0933],[-88.18935,42.09745],[-88.18595,42.103],[-88.1897,42.103],[-88.18965,42.09725],[-88.192,42.09665],[-88.1922,42.09755],[-88.19445,42.0976],[-88.1946,42.0921],[-88.20895,42.0923],[-88.2089,42.0889],[-88.2043,42.08895],[-88.2041,42.08535],[-88.19705,42.0853]]],[[[-88.16075,42.105],[-88.14675,42.0983],[-88.1413,42.0971],[-88.1413,42.1102],[-88.1607,42.11015],[-88.1609,42.11035],[-88.1608,42.1211],[-88.165,42.12105],[-88.16525,42.122],[-88.17715,42.1141],[-88.17575,42.11365],[-88.16425,42.10675],[-88.1642,42.10365],[-88.161,42.1037],[-88.16075,42.105]]],[[[-88.14095,42.1245],[-88.15065,42.1245],[-88.15065,42.1177],[-88.14585,42.1177],[-88.14565,42.1141],[-88.1413,42.1141],[-88.1412,42.1177],[-88.1382,42.1234],[-88.1366,42.1282],[-88.1409,42.12805],[-88.14095,42.1245]]],[[[-87.9976,42.12835],[-87.99525,42.1284],[-87.99535,42.13145],[-88.00475,42.13155],[-88.00915,42.12815],[-88.0092,42.12445],[-88.0052,42.1245],[-88.00515,42.1297],[-88.00485,42.12985],[-88.0032,42.1286],[-88.00195,42.12865],[-88.0015,42.1273],[-87.99785,42.12465],[-87.9976,42.12835]]],[[[-88.1167,42.13605],[-88.11225,42.13605],[-88.1122,42.13935],[-88.1198,42.1392],[-88.12035,42.1424],[-88.1253,42.1425],[-88.1252,42.1399],[-88.1215,42.1394],[-88.12145,42.13055],[-88.11675,42.1323],[-88.1167,42.13605]]],[[[-88.1359,42.13725],[-88.13525,42.136],[-88.12675,42.13605],[-88.12675,42.14285],[-88.1311,42.14275],[-88.1329,42.1414],[-88.136,42.1408],[-88.1359,42.13725]]],[[[-88.1085,42.15055],[-88.1082,42.1537],[-88.1116,42.1537],[-88.11135,42.15175],[-88.1117,42.147],[-88.101,42.14705],[-88.10015,42.14585],[-88.0986,42.13995],[-88.09745,42.1376],[-88.09715,42.1356],[-88.0966,42.13505],[-88.09765,42.13475],[-88.095,42.1337],[-88.06475,42.13735],[-88.0644,42.13615],[-88.06065,42.1365],[-88.06135,42.13405],[-88.06115,42.13185],[-88.0627,42.1318],[-88.0627,42.12835],[-88.06075,42.12625],[-88.0588,42.12575],[-88.05875,42.13325],[-88.0593,42.13345],[-88.06005,42.1365],[-88.06015,42.13935],[-88.05995,42.13955],[-88.05865,42.13955],[-88.0583,42.1387],[-88.05385,42.1396],[-88.03405,42.13955],[-88.03405,42.14345],[-88.0389,42.1437],[-88.03885,42.1523],[-88.04335,42.1523],[-88.0443,42.15175],[-88.0515,42.1518],[-88.05295,42.15],[-88.0532,42.1464],[-88.06295,42.1464],[-88.0631,42.1521],[-88.0629,42.1523],[-88.06245,42.15235],[-88.06225,42.1528],[-88.0604,42.153],[-88.0606,42.1535],[-88.1017,42.1537],[-88.10195,42.1503],[-88.1085,42.15055]],[[-88.06055,42.1377],[-88.0631,42.13705],[-88.0632,42.1394],[-88.06105,42.1396],[-88.06055,42.1377]]],[[[-87.9607,42.153],[-87.9848,42.1532],[-87.98545,42.1462],[-87.99465,42.1462],[-87.99475,42.1443],[-87.98545,42.1444],[-87.9849,42.1419],[-87.9851,42.14165],[-87.98975,42.14165],[-87.9898,42.13515],[-87.9853,42.1352],[-87.98515,42.1393],[-87.98005,42.1391],[-87.98015,42.12995],[-87.9709,42.1299],[-87.9709,42.13155],[-87.974,42.13175],[-87.974,42.13905],[-87.97055,42.1392],[-87.9705,42.13605],[-87.96665,42.13605],[-87.96645,42.13645],[-87.96445,42.1365],[-87.96425,42.1363],[-87.96425,42.1342],[-87.9619,42.13445],[-87.9608,42.13395],[-87.9608,42.1326],[-87.95895,42.13185],[-87.95155,42.1318],[-87.95155,42.1352],[-87.94955,42.1354],[-87.94945,42.13935],[-87.9532,42.1394],[-87.9534,42.13865],[-87.95615,42.13865],[-87.95875,42.1413],[-87.95865,42.1462],[-87.959,42.1498],[-87.9608,42.1519],[-87.9607,42.153]]],[[[-87.7798,41.5059],[-87.78995,41.5059],[-87.79,41.4925],[-87.77115,41.4927],[-87.77115,41.4991],[-87.7808,41.499],[-87.781,41.4992],[-87.7809,41.50565],[-87.7798,41.5059]]],[[[-87.8564,41.56505],[-87.852,41.56515],[-87.8518,41.5669],[-87.85255,41.58655],[-87.8715,41.5862],[-87.8706,41.55755],[-87.86125,41.5577],[-87.8615,41.56475],[-87.8564,41.56505]]],[[[-87.8928,41.60375],[-87.89175,41.60415],[-87.89185,41.60775],[-87.9108,41.6074],[-87.91065,41.60055],[-87.9105,41.60065],[-87.9078,41.6007],[-87.90565,41.59935],[-87.9055,41.5949],[-87.90225,41.59495],[-87.9012,41.5977],[-87.9011,41.60085],[-87.8929,41.6011],[-87.8928,41.60375]]],[[[-87.81655,41.618],[-87.81655,41.61725],[-87.81255,41.6173],[-87.8099,41.6169],[-87.79025,41.6173],[-87.77625,41.6174],[-87.7763,41.6242],[-87.78485,41.62415],[-87.7851,41.62615],[-87.7818,41.62715],[-87.78115,41.62495],[-87.7689,41.62505],[-87.7576,41.62535],[-87.7571,41.62865],[-87.7572,41.6322],[-87.75245,41.6331],[-87.753,41.6363],[-87.7537,41.6365],[-87.7538,41.63905],[-87.75695,41.6402],[-87.7567,41.6436],[-87.75785,41.6468],[-87.75815,41.65395],[-87.7632,41.6541],[-87.7631,41.6611],[-87.7679,41.661],[-87.76835,41.6682],[-87.77265,41.66835],[-87.77245,41.6641],[-87.77315,41.66095],[-87.77745,41.66085],[-87.77725,41.65685],[-87.7717,41.6565],[-87.7714,41.6539],[-87.77225,41.6537],[-87.77195,41.6466],[-87.77215,41.6464],[-87.7819,41.64625],[-87.7824,41.65355],[-87.80545,41.6531],[-87.80515,41.646],[-87.81005,41.6457],[-87.80985,41.63865],[-87.81195,41.63815],[-87.8098,41.636],[-87.8096,41.62975],[-87.80725,41.6284],[-87.8097,41.62755],[-87.8124,41.62765],[-87.8125,41.63105],[-87.81335,41.63105],[-87.81325,41.62855],[-87.81445,41.62825],[-87.81465,41.62435],[-87.8192,41.62455],[-87.81935,41.62345],[-87.82065,41.62275],[-87.81935,41.62225],[-87.8182,41.62135],[-87.81435,41.6212],[-87.8146,41.6201],[-87.8177,41.62005],[-87.819,41.61785],[-87.81655,41.618]]],[[[-87.83445,41.65255],[-87.8368,41.65235],[-87.83595,41.6502],[-87.8344,41.64925],[-87.83225,41.65115],[-87.8296,41.651],[-87.8294,41.6457],[-87.8201,41.6459],[-87.82035,41.6498],[-87.8195,41.65035],[-87.8196,41.653],[-87.8184,41.65305],[-87.8183,41.65025],[-87.81525,41.64845],[-87.8156,41.6538],[-87.8132,41.65515],[-87.8155,41.65645],[-87.83305,41.65635],[-87.8347,41.6554],[-87.83445,41.65255]]],[[[-87.8187,41.65965],[-87.81895,41.6601],[-87.83485,41.65985],[-87.83385,41.6572],[-87.8281,41.65695],[-87.8187,41.65735],[-87.8106,41.6574],[-87.811,41.66025],[-87.8171,41.6601],[-87.8173,41.65965],[-87.8187,41.65965]]],[[[-87.93615,41.69765],[-87.93585,41.69655],[-87.9303,41.6962],[-87.87515,41.68815],[-87.8465,41.68535],[-87.84575,41.6889],[-87.8461,41.69355],[-87.84705,41.71795],[-87.8482,41.7396],[-87.85755,41.7394],[-87.8575,41.73215],[-87.87625,41.73165],[-87.87615,41.7244],[-87.88945,41.72415],[-87.89325,41.72135],[-87.90885,41.71615],[-87.9144,41.71375],[-87.9236,41.709],[-87.9237,41.70795],[-87.9332,41.70305],[-87.93355,41.7015],[-87.9366,41.69855],[-87.93615,41.69765]]],[[[-87.89235,41.7791],[-87.8922,41.7757],[-87.8889,41.77555],[-87.889,41.7722],[-87.8874,41.77265],[-87.8846,41.7727],[-87.88245,41.77235],[-87.8799,41.7735],[-87.8796,41.7733],[-87.87965,41.7717],[-87.87765,41.7718],[-87.8779,41.77395],[-87.8785,41.78695],[-87.8799,41.7874],[-87.88775,41.7835],[-87.88805,41.78365],[-87.88835,41.78985],[-87.8894,41.7908],[-87.8864,41.79085],[-87.8862,41.7903],[-87.8835,41.79035],[-87.8834,41.79225],[-87.87875,41.7923],[-87.87925,41.80285],[-87.88375,41.80275],[-87.88335,41.79465],[-87.88815,41.79415],[-87.88825,41.7926],[-87.89285,41.79245],[-87.89295,41.78975],[-87.8974,41.7896],[-87.8973,41.7865],[-87.89635,41.78265],[-87.8968,41.78125],[-87.8959,41.77905],[-87.89235,41.7791]]],[[[-87.78145,41.80185],[-87.78185,41.79995],[-87.7645,41.80035],[-87.7649,41.80345],[-87.7676,41.8042],[-87.7679,41.8069],[-87.7697,41.80585],[-87.7708,41.807],[-87.7707,41.8073],[-87.76515,41.80915],[-87.76335,41.8102],[-87.7893,41.80215],[-87.78925,41.80055],[-87.78485,41.8014],[-87.7819,41.80285],[-87.78145,41.80185]]],[[[-87.86575,41.8456],[-87.86575,41.8489],[-87.87815,41.84855],[-87.88145,41.84925],[-87.88135,41.8453],[-87.8803,41.8427],[-87.8829,41.84145],[-87.8836,41.8396],[-87.88105,41.8396],[-87.8809,41.83735],[-87.8784,41.83715],[-87.87835,41.83435],[-87.87455,41.83445],[-87.8784,41.84265],[-87.87825,41.8429],[-87.87175,41.8433],[-87.87145,41.84465],[-87.8663,41.8446],[-87.86575,41.8456]]],[[[-87.86425,41.8455],[-87.8633,41.84375],[-87.86345,41.84205],[-87.8464,41.8424],[-87.84285,41.84275],[-87.8449,41.84475],[-87.8499,41.84475],[-87.8552,41.84655],[-87.85595,41.8456],[-87.86425,41.8455]]],[[[-87.82075,41.8573],[-87.8219,41.8593],[-87.82645,41.863],[-87.8274,41.86435],[-87.843,41.8641],[-87.84255,41.8509],[-87.84125,41.8509],[-87.84125,41.8533],[-87.841,41.8535],[-87.8294,41.8501],[-87.8234,41.8502],[-87.8235,41.85235],[-87.8206,41.85605],[-87.8138,41.8562],[-87.8138,41.8573],[-87.82075,41.8573]]],[[[-87.89185,41.8617],[-87.89455,41.86155],[-87.8943,41.8558],[-87.88745,41.85595],[-87.88765,41.8593],[-87.88625,41.85955],[-87.8852,41.859],[-87.88515,41.8574],[-87.8824,41.85765],[-87.8826,41.8617],[-87.88465,41.863],[-87.8914,41.8628],[-87.89185,41.8617]]],[[[-87.91385,41.93565],[-87.9139,41.92935],[-87.9105,41.9296],[-87.90905,41.9312],[-87.9063,41.9311],[-87.9061,41.93055],[-87.90655,41.93025],[-87.9065,41.92945],[-87.9039,41.92885],[-87.90375,41.9253],[-87.894,41.9256],[-87.89335,41.9245],[-87.88975,41.9225],[-87.88855,41.92245],[-87.88895,41.91965],[-87.8884,41.91665],[-87.8853,41.9167],[-87.88295,41.9176],[-87.8832,41.9149],[-87.86645,41.91525],[-87.8649,41.9162],[-87.8652,41.92335],[-87.8684,41.92295],[-87.8686,41.92205],[-87.88325,41.92175],[-87.8835,41.9242],[-87.88465,41.92435],[-87.8847,41.9258],[-87.8848,41.92895],[-87.88645,41.93015],[-87.89465,41.93055],[-87.89485,41.93465],[-87.8961,41.936],[-87.91385,41.93565]]],[[[-87.91425,41.9515],[-87.91415,41.9487],[-87.90465,41.9455],[-87.8919,41.9405],[-87.888,41.94025],[-87.88825,41.9433],[-87.8929,41.9452],[-87.91425,41.9515]]],[[[-87.8229,41.95305],[-87.82245,41.9593],[-87.8323,41.9592],[-87.83155,41.95575],[-87.8315,41.95245],[-87.823,41.9527],[-87.8229,41.95305]]],[[[-87.8659,42.0209],[-87.86585,42.0292],[-87.86955,42.0313],[-87.86975,42.02815],[-87.87455,42.0281],[-87.87445,42.02295],[-87.87185,42.01995],[-87.87385,42.01825],[-87.87185,42.01625],[-87.8708,42.0162],[-87.8699,42.01675],[-87.8696,42.0166],[-87.86965,42.01055],[-87.86465,42.00295],[-87.8616,41.99585],[-87.85995,41.99275],[-87.85875,41.995],[-87.8609,41.9965],[-87.86165,41.9977],[-87.85985,41.99955],[-87.86385,42.0027],[-87.8641,42.0054],[-87.86055,42.00705],[-87.861,42.0098],[-87.86495,42.01265],[-87.8666,42.0162],[-87.8665,42.01745],[-87.8653,42.01835],[-87.8659,42.0209]]],[[[-87.8261,42.03325],[-87.8208,42.0334],[-87.8259,42.0393],[-87.8287,42.03965],[-87.8348,42.0394],[-87.8355,42.0367],[-87.83555,42.032],[-87.83435,42.0318],[-87.83435,42.0294],[-87.82625,42.0296],[-87.8261,42.03325]]],[[[-87.82955,42.0556],[-87.8295,42.055],[-87.81585,42.05525],[-87.81585,42.05845],[-87.82065,42.0584],[-87.82085,42.06035],[-87.8223,42.0622],[-87.83065,42.06185],[-87.83025,42.0605],[-87.8304,42.0557],[-87.82955,42.0556]]],[[[-87.76995,42.06235],[-87.77135,42.06495],[-87.7798,42.06515],[-87.77975,42.0625],[-87.77555,42.06225],[-87.77555,42.05555],[-87.76405,42.0556],[-87.76385,42.06245],[-87.76995,42.06235]]],[[[-87.90155,42.07825],[-87.90105,42.07355],[-87.8938,42.0735],[-87.88735,42.0738],[-87.888,42.0718],[-87.8908,42.0701],[-87.8879,42.0691],[-87.88765,42.06615],[-87.8884,42.0658],[-87.89155,42.0658],[-87.88955,42.0597],[-87.88255,42.05995],[-87.8856,42.06295],[-87.887,42.065],[-87.88725,42.06595],[-87.88705,42.0662],[-87.87645,42.06615],[-87.8763,42.0582],[-87.8825,42.05785],[-87.8821,42.05485],[-87.87555,42.05365],[-87.8724,42.05365],[-87.87245,42.05635],[-87.87,42.0568],[-87.86975,42.0574],[-87.8683,42.0572],[-87.86885,42.05395],[-87.8624,42.05415],[-87.8622,42.05395],[-87.86245,42.0518],[-87.8682,42.0517],[-87.86695,42.04895],[-87.8658,42.04895],[-87.8656,42.04805],[-87.86415,42.04775],[-87.8627,42.0503],[-87.86,42.0505],[-87.8598,42.0503],[-87.8598,42.04055],[-87.85715,42.03965],[-87.8527,42.0398],[-87.85265,42.0434],[-87.8497,42.04365],[-87.85015,42.04425],[-87.8501,42.04605],[-87.8509,42.04715],[-87.8454,42.04735],[-87.8452,42.04425],[-87.84645,42.04395],[-87.84655,42.0414],[-87.84325,42.04155],[-87.84315,42.04355],[-87.83885,42.04385],[-87.8388,42.04605],[-87.8407,42.0462],[-87.8406,42.05],[-87.84535,42.0499],[-87.846,42.05145],[-87.8502,42.05115],[-87.8505,42.05405],[-87.8552,42.0541],[-87.855,42.0587],[-87.84975,42.05895],[-87.84935,42.0545],[-87.8451,42.0547],[-87.84495,42.05615],[-87.84355,42.05545],[-87.8416,42.05605],[-87.84175,42.05685],[-87.845,42.0581],[-87.8451,42.06075],[-87.84415,42.06125],[-87.8434,42.06045],[-87.8407,42.06035],[-87.84045,42.06405],[-87.8384,42.06425],[-87.83835,42.0658],[-87.8348,42.0668],[-87.83465,42.0694],[-87.8325,42.0696],[-87.83125,42.0727],[-87.83115,42.0743],[-87.83005,42.0746],[-87.83,42.0786],[-87.8322,42.0786],[-87.83325,42.0761],[-87.8334,42.07285],[-87.84065,42.07275],[-87.845,42.07065],[-87.8469,42.07045],[-87.8475,42.0707],[-87.849,42.06935],[-87.8482,42.06565],[-87.85185,42.06565],[-87.851,42.0677],[-87.8541,42.07085],[-87.85565,42.07],[-87.858,42.0701],[-87.8618,42.066],[-87.86445,42.0662],[-87.8653,42.0656],[-87.86785,42.06585],[-87.8665,42.0829],[-87.8704,42.0832],[-87.8707,42.07995],[-87.87845,42.08025],[-87.8786,42.09465],[-87.8799,42.09675],[-87.87985,42.09705],[-87.8786,42.0977],[-87.87855,42.102],[-87.8805,42.10195],[-87.88035,42.09835],[-87.8822,42.0982],[-87.88345,42.0984],[-87.8834,42.10045],[-87.88465,42.10185],[-87.8886,42.1019],[-87.88985,42.10005],[-87.892,42.08575],[-87.8927,42.08025],[-87.9024,42.0804],[-87.90155,42.07825]],[[-87.8683,42.0576],[-87.872,42.0575],[-87.8719,42.0588],[-87.8684,42.05885],[-87.8683,42.0576]]],[[[-87.8934,42.1148],[-87.8879,42.1054],[-87.88745,42.10565],[-87.8785,42.10565],[-87.8785,42.10805],[-87.87655,42.1081],[-87.8776,42.1134],[-87.87915,42.1134],[-87.87935,42.1149],[-87.87775,42.11525],[-87.87805,42.1168],[-87.8778,42.117],[-87.87455,42.1155],[-87.87265,42.11535],[-87.8698,42.11355],[-87.8685,42.11145],[-87.8657,42.11265],[-87.86565,42.11665],[-87.86365,42.1169],[-87.8636,42.12365],[-87.8692,42.12365],[-87.86975,42.12575],[-87.8763,42.1264],[-87.8789,42.12515],[-87.8789,42.12355],[-87.8878,42.12345],[-87.8956,42.12365],[-87.89765,42.12715],[-87.89765,42.13115],[-87.899,42.131],[-87.89885,42.12775],[-87.8959,42.1228],[-87.8934,42.1148]]],[[[-87.78435,42.1502],[-87.7799,42.15005],[-87.7796,42.15235],[-87.7959,42.1524],[-87.797,42.15005],[-87.79435,42.14595],[-87.7897,42.14545],[-87.78985,42.14115],[-87.7887,42.13965],[-87.7881,42.1398],[-87.78645,42.139],[-87.7868,42.1376],[-87.78525,42.1346],[-87.7839,42.13385],[-87.78445,42.12865],[-87.7814,42.1236],[-87.77045,42.12355],[-87.77045,42.12665],[-87.7757,42.12705],[-87.77585,42.13225],[-87.7776,42.1323],[-87.7778,42.134],[-87.7802,42.1343],[-87.78005,42.13765],[-87.78495,42.1379],[-87.78435,42.1502]]],[[[-87.82435,42.14965],[-87.8246,42.1525],[-87.87555,42.15275],[-87.87505,42.15175],[-87.87325,42.15155],[-87.87065,42.1502],[-87.84295,42.15005],[-87.83965,42.1494],[-87.83955,42.1494],[-87.8387,42.1488],[-87.83865,42.14875],[-87.8386,42.14875],[-87.8386,42.1487],[-87.8386,42.14865],[-87.83865,42.1485],[-87.8389,42.14825],[-87.83885,42.14795],[-87.8372,42.1455],[-87.83895,42.14355],[-87.84075,42.1436],[-87.84045,42.14085],[-87.8385,42.1385],[-87.82575,42.1384],[-87.8285,42.14195],[-87.8283,42.1423],[-87.81385,42.14215],[-87.81455,42.14325],[-87.81435,42.1451],[-87.81835,42.14485],[-87.8187,42.14855],[-87.82355,42.14915],[-87.82435,42.14965]]],[[[-87.8925,42.1456],[-87.89255,42.1528],[-87.9114,42.1529],[-87.9108,42.15075],[-87.90635,42.14655],[-87.90485,42.14275],[-87.90355,42.1414],[-87.90365,42.13995],[-87.8988,42.1399],[-87.8878,42.1388],[-87.88255,42.14545],[-87.8925,42.1456]]],[[[-87.7708,41.4763],[-87.77075,41.4699],[-87.7524,41.4699],[-87.74985,41.4763],[-87.75215,41.47725],[-87.75175,41.4802],[-87.756,41.4802],[-87.75605,41.4765],[-87.7708,41.4763]]],[[[-87.722,41.47265],[-87.72215,41.4726],[-87.7319,41.47255],[-87.73185,41.46995],[-87.71295,41.47],[-87.71305,41.4751],[-87.7124,41.47675],[-87.7154,41.47675],[-87.7157,41.47785],[-87.7203,41.47805],[-87.72025,41.48325],[-87.7222,41.48345],[-87.722,41.47265]]],[[[-87.66925,41.47685],[-87.674,41.47685],[-87.67395,41.47005],[-87.64515,41.4701],[-87.64505,41.4768],[-87.65495,41.47695],[-87.65495,41.48605],[-87.65525,41.4913],[-87.66925,41.49135],[-87.66925,41.47685]]],[[[-87.74455,41.49135],[-87.7902,41.4915],[-87.79025,41.4915],[-87.79025,41.49155],[-87.7903,41.49155],[-87.7903,41.46985],[-87.7808,41.46985],[-87.78095,41.48435],[-87.78095,41.4844],[-87.78095,41.48445],[-87.7809,41.4845],[-87.78075,41.48455],[-87.77115,41.48455],[-87.77095,41.48795],[-87.76585,41.488],[-87.76565,41.4846],[-87.7579,41.48465],[-87.7578,41.49105],[-87.7514,41.49125],[-87.7512,41.4908],[-87.74455,41.49135]]],[[[-87.6038,41.48665],[-87.6026,41.48565],[-87.59695,41.486],[-87.59745,41.4908],[-87.59725,41.49105],[-87.59685,41.4988],[-87.60025,41.49815],[-87.60025,41.49175],[-87.60475,41.49155],[-87.60475,41.48725],[-87.6038,41.48665]]],[[[-87.5257,41.4703],[-87.5256,41.49085],[-87.52595,41.49085],[-87.52615,41.4911],[-87.5265,41.4918],[-87.52925,41.492],[-87.52935,41.4949],[-87.5309,41.49505],[-87.53055,41.49795],[-87.5295,41.499],[-87.54875,41.49885],[-87.54915,41.50255],[-87.54895,41.50275],[-87.5439,41.5028],[-87.54395,41.511],[-87.54335,41.5112],[-87.5434,41.51675],[-87.5428,41.5192],[-87.53915,41.51935],[-87.5392,41.5221],[-87.54365,41.52215],[-87.54355,41.52325],[-87.5392,41.5232],[-87.5392,41.5243],[-87.54635,41.52435],[-87.5472,41.521],[-87.5487,41.51975],[-87.54615,41.5186],[-87.5484,41.5167],[-87.54835,41.51385],[-87.54855,41.51365],[-87.5512,41.51385],[-87.55125,41.5171],[-87.55315,41.51715],[-87.553,41.5065],[-87.55805,41.5063],[-87.558,41.50305],[-87.55315,41.5029],[-87.55225,41.48825],[-87.5484,41.48845],[-87.5481,41.48485],[-87.54015,41.4849],[-87.53845,41.48325],[-87.53835,41.47805],[-87.54325,41.47795],[-87.5435,41.4803],[-87.548,41.48025],[-87.5482,41.4772],[-87.553,41.4767],[-87.5579,41.47665],[-87.5579,41.47775],[-87.55325,41.47765],[-87.55485,41.4804],[-87.55795,41.4804],[-87.56025,41.48165],[-87.56265,41.4838],[-87.5626,41.48085],[-87.56525,41.48065],[-87.57195,41.4772],[-87.57185,41.4702],[-87.5257,41.4703]]],[[[-87.6794,41.5245],[-87.67845,41.5277],[-87.68625,41.5277],[-87.69365,41.5141],[-87.69355,41.5137],[-87.68585,41.51375],[-87.68655,41.51485],[-87.68635,41.51685],[-87.6827,41.5175],[-87.68215,41.52005],[-87.68495,41.52165],[-87.68465,41.523],[-87.68125,41.5216],[-87.67955,41.52235],[-87.6794,41.5245]]],[[[-87.63245,41.53115],[-87.6336,41.52835],[-87.62585,41.52825],[-87.62565,41.52805],[-87.62555,41.5209],[-87.6225,41.5209],[-87.6226,41.52335],[-87.6132,41.5372],[-87.6124,41.53895],[-87.612,41.54235],[-87.62365,41.54225],[-87.62285,41.53535],[-87.62305,41.53515],[-87.6308,41.53505],[-87.63245,41.53115]]],[[[-87.59525,41.52825],[-87.58655,41.52825],[-87.5865,41.5345],[-87.59005,41.5352],[-87.59385,41.53515],[-87.59405,41.5368],[-87.59695,41.53765],[-87.5968,41.52735],[-87.59525,41.52825]]],[[[-87.6697,41.53225],[-87.66735,41.5324],[-87.66735,41.54185],[-87.6713,41.54185],[-87.67215,41.53915],[-87.67345,41.53895],[-87.6736,41.52815],[-87.66985,41.5281],[-87.6697,41.53225]]],[[[-87.71205,41.5411],[-87.7132,41.5395],[-87.70435,41.53945],[-87.70325,41.5401],[-87.7034,41.5293],[-87.701,41.5293],[-87.6991,41.53045],[-87.6983,41.53325],[-87.70025,41.53345],[-87.70025,41.53525],[-87.69875,41.53705],[-87.6972,41.53725],[-87.6964,41.53895],[-87.69655,41.5423],[-87.7113,41.5423],[-87.71205,41.5411]]],[[[-87.6553,41.5415],[-87.653,41.54275],[-87.6534,41.53895],[-87.6495,41.53895],[-87.65035,41.5425],[-87.65165,41.54415],[-87.65505,41.544],[-87.65545,41.5459],[-87.66475,41.5459],[-87.66465,41.54245],[-87.66235,41.5423],[-87.6626,41.5392],[-87.6553,41.53915],[-87.6553,41.5415]]],[[[-87.7829,41.6005],[-87.78505,41.60135],[-87.78485,41.59535],[-87.7704,41.59555],[-87.76845,41.5941],[-87.7684,41.59155],[-87.7672,41.5907],[-87.76735,41.58835],[-87.7596,41.58845],[-87.75945,41.58705],[-87.76205,41.58515],[-87.77125,41.58095],[-87.76975,41.5808],[-87.7695,41.57365],[-87.76465,41.57355],[-87.76425,41.55945],[-87.76505,41.55875],[-87.76245,41.5578],[-87.76245,41.5574],[-87.77055,41.55375],[-87.771,41.5497],[-87.7758,41.54975],[-87.77575,41.5465],[-87.771,41.54625],[-87.7709,41.52835],[-87.72805,41.5282],[-87.72755,41.52675],[-87.7275,41.5228],[-87.72385,41.522],[-87.724,41.528],[-87.7238,41.5282],[-87.723,41.528],[-87.72245,41.5147],[-87.72115,41.5149],[-87.71965,41.51455],[-87.7166,41.5154],[-87.71525,41.5136],[-87.71345,41.5136],[-87.71365,41.5274],[-87.71355,41.53585],[-87.71535,41.5349],[-87.71895,41.5351],[-87.71915,41.54235],[-87.74305,41.54235],[-87.74325,41.54255],[-87.7435,41.55705],[-87.73815,41.5573],[-87.738,41.56055],[-87.74355,41.5604],[-87.74475,41.5617],[-87.74735,41.5627],[-87.7525,41.56185],[-87.74745,41.5646],[-87.7449,41.5675],[-87.74345,41.5717],[-87.7421,41.5699],[-87.7387,41.569],[-87.73855,41.57105],[-87.74035,41.57165],[-87.74025,41.5737],[-87.74295,41.5756],[-87.7438,41.57495],[-87.74515,41.5755],[-87.7479,41.5749],[-87.7503,41.5748],[-87.7505,41.57535],[-87.75515,41.5753],[-87.7559,41.5792],[-87.7553,41.58125],[-87.75095,41.5813],[-87.7506,41.58325],[-87.7483,41.58325],[-87.74835,41.5854],[-87.7459,41.5856],[-87.74625,41.5887],[-87.74625,41.5955],[-87.75575,41.59545],[-87.7562,41.6027],[-87.7802,41.6023],[-87.78035,41.60045],[-87.7829,41.6005]],[[-87.7227,41.52165],[-87.7229,41.528],[-87.7227,41.5282],[-87.7182,41.52795],[-87.7182,41.5218],[-87.7227,41.52165]]],[[[-87.5831,41.5428],[-87.58295,41.5391],[-87.57315,41.53915],[-87.57295,41.53785],[-87.5696,41.53785],[-87.56945,41.54295],[-87.5506,41.543],[-87.5492,41.5436],[-87.54925,41.5573],[-87.5548,41.5573],[-87.55475,41.5538],[-87.55865,41.55355],[-87.55885,41.55725],[-87.5814,41.5572],[-87.58145,41.55385],[-87.58305,41.55385],[-87.58325,41.56295],[-87.57985,41.56295],[-87.5798,41.5613],[-87.57655,41.5611],[-87.57655,41.55975],[-87.5737,41.5596],[-87.57385,41.56705],[-87.57535,41.56725],[-87.57545,41.56455],[-87.5806,41.56455],[-87.58085,41.57035],[-87.58035,41.5722],[-87.57845,41.5714],[-87.57845,41.57815],[-87.5763,41.57905],[-87.57715,41.58085],[-87.57835,41.58055],[-87.5786,41.58075],[-87.57965,41.5813],[-87.5813,41.5811],[-87.58305,41.58185],[-87.5862,41.58115],[-87.58815,41.5795],[-87.59225,41.5806],[-87.59365,41.58025],[-87.5968,41.5823],[-87.5971,41.57805],[-87.59875,41.57715],[-87.60195,41.57365],[-87.6069,41.5735],[-87.60705,41.568],[-87.60405,41.56695],[-87.6022,41.56715],[-87.60195,41.56695],[-87.60245,41.56445],[-87.6069,41.56445],[-87.60665,41.55755],[-87.60685,41.55735],[-87.6264,41.55725],[-87.62625,41.54995],[-87.5974,41.5501],[-87.5971,41.54285],[-87.5831,41.5428]]],[[[-87.73045,41.6145],[-87.7304,41.61235],[-87.73145,41.61],[-87.73125,41.60335],[-87.7363,41.60305],[-87.73595,41.59235],[-87.7324,41.5924],[-87.73225,41.59615],[-87.7192,41.59625],[-87.717,41.59665],[-87.71705,41.6025],[-87.7198,41.6024],[-87.71985,41.6038],[-87.7171,41.60385],[-87.7176,41.618],[-87.72205,41.6178],[-87.727,41.61375],[-87.72835,41.6151],[-87.73045,41.6145]]],[[[-87.57335,41.60695],[-87.5687,41.6061],[-87.5685,41.6059],[-87.5685,41.6012],[-87.5637,41.6016],[-87.5636,41.6027],[-87.5592,41.6034],[-87.55925,41.6118],[-87.56785,41.6153],[-87.5733,41.6153],[-87.5735,41.61435],[-87.5749,41.61435],[-87.5749,41.61365],[-87.5735,41.61365],[-87.5735,41.613],[-87.5757,41.61295],[-87.5749,41.61205],[-87.5749,41.60905],[-87.5733,41.6089],[-87.57335,41.60695]]],[[[-87.6574,41.64795],[-87.6575,41.64725],[-87.64925,41.64735],[-87.6515,41.6486],[-87.65175,41.6551],[-87.65465,41.653],[-87.6599,41.65185],[-87.6638,41.6502],[-87.66775,41.6494],[-87.66915,41.64845],[-87.66035,41.6486],[-87.6574,41.64795]]],[[[-87.7002,41.6698],[-87.6953,41.66995],[-87.69555,41.67685],[-87.70975,41.67665],[-87.71,41.67505],[-87.70955,41.6697],[-87.7049,41.6698],[-87.70465,41.66765],[-87.70015,41.66775],[-87.7002,41.6698]]],[[[-87.69315,41.68405],[-87.6954,41.68405],[-87.69515,41.67725],[-87.68645,41.67735],[-87.68585,41.6796],[-87.686,41.68415],[-87.69315,41.68405]]],[[[-87.75955,41.6902],[-87.77325,41.6902],[-87.773,41.6833],[-87.75935,41.68355],[-87.75955,41.6902]]],[[[-87.7126,41.7324],[-87.7122,41.7347],[-87.72125,41.73455],[-87.72145,41.728],[-87.712,41.7281],[-87.7126,41.7324]]],[[[-87.7625,41.8038],[-87.76235,41.80035],[-87.75305,41.8005],[-87.7532,41.80685],[-87.7625,41.80635],[-87.7625,41.8038]]],[[[-87.782,41.8079],[-87.76095,41.8146],[-87.7823,41.81415],[-87.782,41.8079]]],[[[-87.75035,42.08675],[-87.7504,42.0852],[-87.74535,42.08565],[-87.7421,42.0854],[-87.74205,42.08765],[-87.73325,42.0875],[-87.73205,42.0884],[-87.72805,42.0885],[-87.727,42.08895],[-87.72485,42.0881],[-87.72675,42.0932],[-87.72955,42.09355],[-87.73555,42.09245],[-87.736,42.08835],[-87.7363,42.08815],[-87.7371,42.08855],[-87.7397,42.0887],[-87.74205,42.09005],[-87.74195,42.0936],[-87.75125,42.09375],[-87.7514,42.0869],[-87.75035,42.08675]]]]},"properties":{"kind":"neighbour","name":"Unincorporated Cook County","region":"Cook County","lp":[-88.24107,42.00885],"rest":true}},
{"type":"Feature","geometry":{"type":"MultiPolygon","coordinates":[[[[-88.60145,41.89095],[-88.60195,41.89095],[-88.60255,41.80685],[-88.60195,41.71955],[-88.3753,41.7226],[-88.28145,41.7243],[-88.27945,41.72525],[-88.2804,41.727],[-88.2802,41.7273],[-88.27665,41.72735],[-88.27665,41.72875],[-88.28065,41.72795],[-88.28135,41.7291],[-88.28125,41.72935],[-88.2755,41.7309],[-88.2768,41.73385],[-88.2827,41.73245],[-88.291,41.73175],[-88.29825,41.73125],[-88.29845,41.73135],[-88.2985,41.73145],[-88.2985,41.73175],[-88.2991,41.73195],[-88.2985,41.73265],[-88.299,41.7342],[-88.2995,41.7349],[-88.3003,41.73555],[-88.30315,41.73525],[-88.3042,41.7355],[-88.30435,41.73505],[-88.3073,41.7348],[-88.30925,41.7321],[-88.31305,41.73255],[-88.31305,41.73145],[-88.3138,41.73125],[-88.3138,41.731],[-88.314,41.7308],[-88.3146,41.73075],[-88.31475,41.72885],[-88.31695,41.72835],[-88.3172,41.7285],[-88.3172,41.7307],[-88.31875,41.7325],[-88.3232,41.7325],[-88.3234,41.7357],[-88.32735,41.7357],[-88.32755,41.73595],[-88.3269,41.7379],[-88.3345,41.73765],[-88.33495,41.7388],[-88.33735,41.739],[-88.33805,41.7402],[-88.34155,41.7412],[-88.34175,41.7418],[-88.3445,41.74175],[-88.34465,41.7418],[-88.3447,41.74185],[-88.3447,41.7419],[-88.3447,41.74195],[-88.3458,41.7428],[-88.35075,41.7428],[-88.35065,41.7376],[-88.3542,41.7373],[-88.3544,41.7375],[-88.35445,41.74295],[-88.35425,41.74315],[-88.35115,41.7432],[-88.35105,41.74455],[-88.3541,41.7445],[-88.35415,41.7445],[-88.3546,41.74455],[-88.3548,41.7447],[-88.35485,41.74515],[-88.3561,41.74535],[-88.3561,41.7453],[-88.35605,41.74475],[-88.35625,41.74455],[-88.3582,41.7445],[-88.35835,41.74455],[-88.3584,41.74465],[-88.3584,41.7447],[-88.3584,41.74495],[-88.3592,41.7453],[-88.3592,41.74605],[-88.3606,41.74645],[-88.36055,41.7447],[-88.36075,41.7445],[-88.36255,41.74445],[-88.363,41.7472],[-88.3753,41.75045],[-88.3751,41.7453],[-88.3756,41.74425],[-88.37895,41.7419],[-88.38235,41.74085],[-88.3826,41.74095],[-88.3829,41.74165],[-88.38345,41.74105],[-88.3846,41.74145],[-88.38535,41.74135],[-88.38735,41.7429],[-88.38795,41.74455],[-88.3867,41.74625],[-88.38695,41.74895],[-88.3868,41.75175],[-88.38355,41.7518],[-88.38355,41.7523],[-88.39735,41.7553],[-88.3979,41.7517],[-88.39205,41.7518],[-88.39155,41.75015],[-88.39015,41.74825],[-88.39035,41.7479],[-88.3947,41.74835],[-88.3949,41.74765],[-88.39905,41.7476],[-88.3999,41.7512],[-88.40475,41.7524],[-88.4083,41.75455],[-88.40845,41.7525],[-88.4097,41.7439],[-88.4099,41.7437],[-88.434,41.74355],[-88.43425,41.7467],[-88.4433,41.74675],[-88.4432,41.72905],[-88.44365,41.72885],[-88.4439,41.72905],[-88.44405,41.74675],[-88.4451,41.74695],[-88.44515,41.75065],[-88.4538,41.75055],[-88.45395,41.7579],[-88.4641,41.75785],[-88.47035,41.75855],[-88.47055,41.75755],[-88.4776,41.75735],[-88.4778,41.75545],[-88.48565,41.7558],[-88.4858,41.75615],[-88.485,41.7569],[-88.4944,41.75755],[-88.4941,41.76255],[-88.5009,41.7617],[-88.5011,41.75735],[-88.5071,41.7573],[-88.50815,41.75635],[-88.5083,41.75265],[-88.51315,41.7526],[-88.51335,41.7515],[-88.52225,41.7515],[-88.5225,41.75315],[-88.5262,41.75315],[-88.52755,41.7558],[-88.52745,41.75605],[-88.5217,41.7578],[-88.52325,41.7607],[-88.51995,41.7625],[-88.5374,41.76235],[-88.53705,41.7535],[-88.53725,41.7533],[-88.55685,41.75315],[-88.5571,41.7638],[-88.57635,41.76355],[-88.57655,41.76375],[-88.5763,41.7717],[-88.567,41.7717],[-88.5668,41.77005],[-88.55665,41.77005],[-88.55645,41.7687],[-88.5283,41.7687],[-88.5283,41.772],[-88.53145,41.77225],[-88.53125,41.7791],[-88.52775,41.7792],[-88.5276,41.7758],[-88.5235,41.7758],[-88.5233,41.77255],[-88.50735,41.7725],[-88.5073,41.77895],[-88.5081,41.77915],[-88.5081,41.78575],[-88.50935,41.786],[-88.50935,41.80035],[-88.5091,41.80055],[-88.49925,41.7984],[-88.4991,41.80125],[-88.4907,41.8014],[-88.4892,41.80045],[-88.4892,41.79605],[-88.48945,41.79585],[-88.4951,41.7971],[-88.4951,41.79575],[-88.4894,41.79565],[-88.49125,41.7948],[-88.4914,41.79355],[-88.49895,41.79355],[-88.4989,41.78845],[-88.48895,41.78865],[-88.4888,41.78725],[-88.4829,41.787],[-88.4827,41.77985],[-88.4755,41.7798],[-88.4755,41.7869],[-88.47375,41.79015],[-88.4749,41.7905],[-88.475,41.7908],[-88.47065,41.79715],[-88.46515,41.7945],[-88.4615,41.79375],[-88.45955,41.79145],[-88.45245,41.7875],[-88.44725,41.783],[-88.43995,41.78035],[-88.4377,41.78395],[-88.43595,41.78355],[-88.43345,41.7805],[-88.43405,41.7795],[-88.4284,41.7787],[-88.42735,41.7798],[-88.4275,41.781],[-88.4267,41.78155],[-88.42345,41.779],[-88.42205,41.7785],[-88.41855,41.77925],[-88.4169,41.7814],[-88.41745,41.7843],[-88.41515,41.78465],[-88.41435,41.7827],[-88.41015,41.7816],[-88.40965,41.7837],[-88.4126,41.7838],[-88.4125,41.78785],[-88.4112,41.7891],[-88.42,41.78905],[-88.4261,41.78845],[-88.4327,41.7889],[-88.4344,41.787],[-88.43755,41.78755],[-88.4377,41.78785],[-88.43645,41.7894],[-88.43695,41.7913],[-88.4399,41.79055],[-88.441,41.7895],[-88.44085,41.78835],[-88.44185,41.7882],[-88.4438,41.79015],[-88.44055,41.79415],[-88.44345,41.79725],[-88.44805,41.8012],[-88.45695,41.8064],[-88.45805,41.8054],[-88.4606,41.80555],[-88.4607,41.8082],[-88.4623,41.8119],[-88.4659,41.8162],[-88.46575,41.8165],[-88.45975,41.8169],[-88.45615,41.8163],[-88.4367,41.80585],[-88.4368,41.8055],[-88.4408,41.80545],[-88.44075,41.8022],[-88.43735,41.8022],[-88.43705,41.80425],[-88.4323,41.8045],[-88.4239,41.80215],[-88.42225,41.8012],[-88.4222,41.7985],[-88.4196,41.79865],[-88.4198,41.8007],[-88.4178,41.8005],[-88.4177,41.7988],[-88.41605,41.79735],[-88.41445,41.7976],[-88.41425,41.7974],[-88.4146,41.79425],[-88.418,41.79205],[-88.41795,41.7899],[-88.41575,41.78995],[-88.4106,41.7932],[-88.4085,41.7949],[-88.40875,41.7992],[-88.40815,41.7997],[-88.40215,41.7987],[-88.3974,41.7964],[-88.39805,41.79485],[-88.40115,41.79365],[-88.4053,41.79085],[-88.40705,41.78835],[-88.41095,41.77715],[-88.4101,41.77685],[-88.4103,41.77275],[-88.40615,41.7713],[-88.40605,41.77065],[-88.3972,41.7691],[-88.3956,41.7693],[-88.39475,41.7737],[-88.3843,41.7739],[-88.3843,41.7754],[-88.3862,41.77605],[-88.3888,41.77485],[-88.3904,41.77695],[-88.3898,41.77835],[-88.39145,41.7792],[-88.39155,41.78825],[-88.3906,41.79175],[-88.3858,41.7918],[-88.38565,41.7947],[-88.37495,41.7948],[-88.37475,41.79305],[-88.3729,41.79305],[-88.36925,41.79485],[-88.35015,41.7951],[-88.35015,41.7954],[-88.3699,41.79525],[-88.3731,41.7968],[-88.3749,41.79505],[-88.38565,41.79495],[-88.39035,41.7955],[-88.3905,41.79895],[-88.38595,41.79915],[-88.3857,41.8024],[-88.37405,41.80265],[-88.37245,41.8068],[-88.3743,41.80675],[-88.3745,41.807],[-88.3737,41.8109],[-88.37585,41.81235],[-88.3761,41.8096],[-88.3864,41.80945],[-88.39095,41.81035],[-88.39095,41.806],[-88.39165,41.8058],[-88.39555,41.80715],[-88.39605,41.8167],[-88.4002,41.81665],[-88.401,41.81775],[-88.4008,41.82165],[-88.3906,41.8217],[-88.3874,41.82095],[-88.38735,41.818],[-88.38105,41.81805],[-88.381,41.8256],[-88.38075,41.8258],[-88.37885,41.8252],[-88.37885,41.82255],[-88.3704,41.8217],[-88.36345,41.8215],[-88.36335,41.82],[-88.34945,41.81945],[-88.3485,41.8242],[-88.3449,41.82425],[-88.3429,41.8323],[-88.34075,41.835],[-88.34695,41.8352],[-88.3471,41.8361],[-88.35265,41.83605],[-88.3551,41.83505],[-88.35905,41.83575],[-88.3607,41.8392],[-88.3607,41.84255],[-88.36315,41.84285],[-88.3632,41.8454],[-88.36215,41.84605],[-88.3598,41.84645],[-88.35935,41.84805],[-88.35555,41.84765],[-88.3556,41.84685],[-88.34835,41.84705],[-88.35005,41.84825],[-88.35025,41.8496],[-88.3538,41.8495],[-88.354,41.8497],[-88.35335,41.8609],[-88.35735,41.86085],[-88.358,41.86455],[-88.3682,41.8646],[-88.37125,41.86495],[-88.3719,41.86615],[-88.3708,41.86675],[-88.37125,41.86795],[-88.3707,41.86935],[-88.37115,41.8727],[-88.3697,41.87275],[-88.3695,41.8757],[-88.36485,41.8757],[-88.36485,41.88275],[-88.3667,41.88325],[-88.3743,41.88375],[-88.37545,41.8847],[-88.37535,41.88965],[-88.37645,41.88985],[-88.37615,41.8933],[-88.3796,41.89325],[-88.3798,41.89345],[-88.37885,41.90355],[-88.39245,41.90495],[-88.39235,41.90055],[-88.39425,41.90035],[-88.39415,41.89685],[-88.39435,41.89665],[-88.3971,41.8968],[-88.39715,41.90545],[-88.40895,41.90645],[-88.4091,41.9067],[-88.4087,41.90835],[-88.4104,41.909],[-88.4108,41.91095],[-88.41805,41.91085],[-88.42015,41.91125],[-88.4202,41.9091],[-88.4181,41.9089],[-88.41825,41.9061],[-88.42355,41.90585],[-88.4235,41.89905],[-88.4251,41.89885],[-88.4253,41.898],[-88.42695,41.8982],[-88.427,41.9064],[-88.4264,41.9107],[-88.43345,41.91055],[-88.43355,41.90625],[-88.4527,41.90495],[-88.45275,41.8936],[-88.44315,41.8937],[-88.44305,41.88915],[-88.4433,41.88895],[-88.44805,41.88935],[-88.4481,41.8819],[-88.44425,41.88195],[-88.4431,41.88015],[-88.44225,41.86955],[-88.4491,41.86645],[-88.44885,41.86585],[-88.4459,41.8666],[-88.44565,41.8664],[-88.4459,41.8627],[-88.4462,41.86255],[-88.4482,41.86415],[-88.44865,41.8595],[-88.4577,41.85955],[-88.458,41.8629],[-88.46525,41.86295],[-88.4653,41.86465],[-88.46075,41.8648],[-88.45715,41.86355],[-88.4565,41.86185],[-88.4535,41.86175],[-88.4535,41.8633],[-88.45585,41.86325],[-88.45605,41.86355],[-88.4538,41.86715],[-88.4614,41.8671],[-88.4616,41.87185],[-88.4633,41.8737],[-88.4678,41.87375],[-88.468,41.87395],[-88.46775,41.87805],[-88.47255,41.87795],[-88.47275,41.87815],[-88.47255,41.8792],[-88.46785,41.8793],[-88.46625,41.8818],[-88.4615,41.8818],[-88.4615,41.8863],[-88.4673,41.88615],[-88.4675,41.8853],[-88.471,41.88535],[-88.4723,41.8846],[-88.47255,41.8812],[-88.4839,41.8812],[-88.4841,41.88225],[-88.4871,41.88225],[-88.48725,41.88275],[-88.4864,41.88505],[-88.4838,41.8852],[-88.4839,41.88885],[-88.482,41.89005],[-88.47835,41.8902],[-88.47855,41.8917],[-88.4777,41.89315],[-88.4804,41.89315],[-88.4806,41.89505],[-88.4792,41.89575],[-88.47555,41.8957],[-88.47555,41.90285],[-88.47265,41.90325],[-88.47275,41.9139],[-88.46765,41.91415],[-88.46745,41.91395],[-88.4673,41.90375],[-88.4531,41.90545],[-88.45305,41.9103],[-88.45375,41.9123],[-88.45815,41.9124],[-88.4582,41.91865],[-88.4565,41.91975],[-88.453,41.9191],[-88.4529,41.9176],[-88.44835,41.9166],[-88.4361,41.91645],[-88.4306,41.91545],[-88.431,41.91765],[-88.43625,41.91785],[-88.43615,41.9228],[-88.4356,41.92465],[-88.43375,41.92465],[-88.43465,41.92275],[-88.4312,41.92185],[-88.42915,41.924],[-88.4292,41.9277],[-88.4336,41.92755],[-88.43355,41.9261],[-88.4338,41.9259],[-88.4374,41.92635],[-88.437,41.9247],[-88.4387,41.9234],[-88.44905,41.9263],[-88.4492,41.92655],[-88.44835,41.92825],[-88.4498,41.92965],[-88.4498,41.935],[-88.4531,41.93495],[-88.45345,41.93595],[-88.4535,41.93725],[-88.45325,41.93745],[-88.4493,41.9364],[-88.4486,41.9386],[-88.4464,41.94245],[-88.4315,41.94635],[-88.4275,41.9463],[-88.42185,41.94485],[-88.41765,41.9451],[-88.4121,41.9425],[-88.4103,41.9439],[-88.41185,41.94725],[-88.41965,41.94725],[-88.4213,41.94535],[-88.42335,41.94715],[-88.43395,41.94705],[-88.4342,41.9542],[-88.4355,41.95435],[-88.43565,41.9596],[-88.43055,41.9601],[-88.4315,41.9617],[-88.4305,41.96335],[-88.43045,41.96665],[-88.4341,41.96875],[-88.4418,41.9686],[-88.442,41.97035],[-88.444,41.9705],[-88.444,41.97575],[-88.44855,41.97565],[-88.45095,41.97675],[-88.4596,41.9792],[-88.46795,41.9827],[-88.46795,41.97565],[-88.473,41.97535],[-88.4732,41.97555],[-88.47335,41.98645],[-88.46985,41.9867],[-88.4777,41.9962],[-88.47755,41.99655],[-88.47325,41.9966],[-88.47305,41.9946],[-88.4717,41.9935],[-88.46695,41.9941],[-88.46675,41.9939],[-88.46685,41.99255],[-88.4713,41.9921],[-88.47,41.99035],[-88.46485,41.9905],[-88.4638,41.99255],[-88.4638,41.9974],[-88.4733,41.9972],[-88.47335,41.99985],[-88.46365,42.00005],[-88.4634,41.9978],[-88.4539,41.998],[-88.4537,41.99305],[-88.4506,41.99305],[-88.4504,41.99155],[-88.43955,41.99175],[-88.43955,41.99515],[-88.44415,41.99505],[-88.4457,41.9963],[-88.4455,41.99815],[-88.44195,41.9982],[-88.4419,42.00185],[-88.4346,42.00195],[-88.43425,41.99825],[-88.4234,41.99845],[-88.42345,42.0007],[-88.4254,42.00075],[-88.4274,42.00165],[-88.4266,42.00415],[-88.42435,42.0041],[-88.4197,42.00205],[-88.41955,41.9985],[-88.4103,41.99865],[-88.41065,42.0087],[-88.41045,42.0089],[-88.40255,42.0087],[-88.4013,42.0091],[-88.39925,42.00775],[-88.3991,42.0102],[-88.39885,42.0104],[-88.3916,42.0085],[-88.3904,42.0069],[-88.38565,42.00685],[-88.38305,42.0057],[-88.37565,42.00405],[-88.37565,41.99145],[-88.3853,41.9912],[-88.38525,41.98855],[-88.38145,41.9883],[-88.38125,41.98805],[-88.3815,41.98695],[-88.3753,41.9862],[-88.37515,41.98455],[-88.3759,41.98355],[-88.37485,41.97555],[-88.37605,41.97415],[-88.3754,41.9717],[-88.37665,41.9692],[-88.37645,41.96285],[-88.37565,41.9627],[-88.3758,41.95885],[-88.38545,41.95865],[-88.3858,41.9635],[-88.3864,41.9641],[-88.38645,41.9651],[-88.38855,41.9654],[-88.38955,41.96305],[-88.38945,41.95775],[-88.3874,41.95545],[-88.3806,41.9555],[-88.3795,41.9542],[-88.37785,41.9563],[-88.3754,41.95645],[-88.3752,41.95545],[-88.3754,41.95375],[-88.3754,41.9467],[-88.3757,41.9465],[-88.379,41.9484],[-88.38495,41.945],[-88.38715,41.94695],[-88.39575,41.9421],[-88.38885,41.93775],[-88.37905,41.9433],[-88.37715,41.94275],[-88.37685,41.9439],[-88.3753,41.9433],[-88.37545,41.93915],[-88.3818,41.9355],[-88.38215,41.93375],[-88.37935,41.93305],[-88.37555,41.93425],[-88.3753,41.93405],[-88.37545,41.9304],[-88.3752,41.9279],[-88.3755,41.92775],[-88.3809,41.93135],[-88.3837,41.92605],[-88.3849,41.92595],[-88.38465,41.9175],[-88.3765,41.91805],[-88.37425,41.9179],[-88.3739,41.91435],[-88.3618,41.9138],[-88.36185,41.9173],[-88.36735,41.91745],[-88.3675,41.9177],[-88.3671,41.9214],[-88.36485,41.9217],[-88.36475,41.92505],[-88.3645,41.9252],[-88.3509,41.9194],[-88.34555,41.91955],[-88.3453,41.9206],[-88.34285,41.9198],[-88.34215,41.92145],[-88.34215,41.92605],[-88.34195,41.92625],[-88.33995,41.926],[-88.3399,41.9237],[-88.3367,41.92255],[-88.33055,41.92255],[-88.33015,41.9215],[-88.3207,41.92165],[-88.32185,41.92385],[-88.32545,41.9231],[-88.32765,41.9238],[-88.3278,41.9255],[-88.32915,41.9273],[-88.32865,41.9303],[-88.32725,41.93425],[-88.32405,41.93435],[-88.32265,41.9333],[-88.3228,41.9306],[-88.32185,41.9298],[-88.3207,41.93525],[-88.3263,41.93565],[-88.32675,41.9375],[-88.32695,41.9377],[-88.32675,41.9391],[-88.3261,41.94035],[-88.32795,41.94155],[-88.32935,41.945],[-88.3325,41.94565],[-88.3325,41.94855],[-88.33425,41.9504],[-88.3326,41.95155],[-88.3303,41.951],[-88.3254,41.951],[-88.3255,41.95705],[-88.33185,41.9571],[-88.33285,41.9609],[-88.33265,41.96115],[-88.3194,41.96135],[-88.3169,41.9546],[-88.3184,41.9533],[-88.31685,41.9512],[-88.3137,41.9501],[-88.3121,41.95455],[-88.3097,41.9534],[-88.30495,41.95335],[-88.302,41.9541],[-88.30225,41.9523],[-88.2993,41.95205],[-88.299,41.95575],[-88.29345,41.9567],[-88.2933,41.95945],[-88.29385,41.96],[-88.2916,41.95995],[-88.2914,41.9597],[-88.29155,41.957],[-88.2899,41.9557],[-88.28715,41.9559],[-88.28625,41.9546],[-88.28275,41.95465],[-88.2827,41.9568],[-88.28115,41.95695],[-88.2799,41.96125],[-88.2757,41.9614],[-88.2761,41.96385],[-88.2778,41.964],[-88.2784,41.9681],[-88.27625,41.96925],[-88.2758,41.9714],[-88.27925,41.9714],[-88.2802,41.9726],[-88.2797,41.9736],[-88.28095,41.97415],[-88.281,41.97475],[-88.2804,41.976],[-88.27425,41.9752],[-88.2741,41.97495],[-88.2746,41.9735],[-88.2711,41.97345],[-88.27425,41.97585],[-88.2741,41.9762],[-88.2682,41.9754],[-88.2658,41.9732],[-88.2632,41.973],[-88.26335,42.01185],[-88.2637,42.0152],[-88.26745,42.01475],[-88.26945,42.0122],[-88.2717,42.0135],[-88.2733,42.0154],[-88.27895,42.01545],[-88.2798,42.0128],[-88.2746,42.01275],[-88.27365,42.00815],[-88.2686,42.00735],[-88.2686,42.0045],[-88.26865,42.00435],[-88.2687,42.00435],[-88.26875,42.0043],[-88.2688,42.0043],[-88.28,42.00415],[-88.27955,42.0006],[-88.2819,41.9989],[-88.28195,41.9936],[-88.28065,41.99355],[-88.2807,41.99],[-88.2775,41.98995],[-88.27705,41.9941],[-88.27455,41.9943],[-88.27455,41.9964],[-88.273,41.9979],[-88.26845,41.99795],[-88.2684,41.99795],[-88.26835,41.9979],[-88.2683,41.9978],[-88.26825,41.99775],[-88.2674,41.98705],[-88.2675,41.98685],[-88.2679,41.9867],[-88.2681,41.9861],[-88.2778,41.98585],[-88.27815,41.98875],[-88.2821,41.98815],[-88.2823,41.98575],[-88.2855,41.98585],[-88.2854,41.9853],[-88.28715,41.98445],[-88.2885,41.98255],[-88.28745,41.9806],[-88.29,41.9801],[-88.29,41.9834],[-88.29125,41.98465],[-88.29425,41.98585],[-88.2976,41.98575],[-88.2967,41.98215],[-88.2974,41.97845],[-88.3002,41.97795],[-88.29845,41.9757],[-88.30715,41.9757],[-88.30705,41.97425],[-88.3073,41.97405],[-88.31145,41.9752],[-88.3153,41.97575],[-88.32105,41.97455],[-88.32855,41.97735],[-88.34045,41.9776],[-88.3404,41.9699],[-88.33445,41.9691],[-88.3346,41.9644],[-88.34035,41.96445],[-88.3404,41.96035],[-88.34335,41.9603],[-88.3438,41.9636],[-88.3461,41.9626],[-88.34655,41.96435],[-88.34945,41.9663],[-88.3498,41.96765],[-88.34295,41.96775],[-88.34365,41.97015],[-88.35965,41.96995],[-88.3603,41.9797],[-88.3601,41.98295],[-88.356,41.98545],[-88.3562,41.9888],[-88.3581,41.9898],[-88.36025,41.9884],[-88.3648,41.9884],[-88.36505,41.99205],[-88.36485,41.99225],[-88.34875,41.99225],[-88.34855,41.9888],[-88.34485,41.9889],[-88.34495,41.99275],[-88.3533,41.9964],[-88.35335,41.9994],[-88.36215,41.99945],[-88.3741,42.0038],[-88.38295,42.00615],[-88.3829,42.00655],[-88.3701,42.00685],[-88.3699,42.0044],[-88.36375,42.003],[-88.35715,42.00315],[-88.3572,42.0064],[-88.36075,42.0067],[-88.36085,42.01265],[-88.3673,42.0162],[-88.3701,42.01745],[-88.3701,42.01465],[-88.37085,42.0137],[-88.38595,42.0133],[-88.3861,42.0145],[-88.3797,42.0201],[-88.38295,42.02105],[-88.38305,42.0214],[-88.3753,42.02795],[-88.37915,42.0304],[-88.37915,42.03075],[-88.377,42.03235],[-88.38115,42.03355],[-88.3853,42.03085],[-88.38925,42.03125],[-88.38935,42.0316],[-88.38215,42.03665],[-88.38155,42.04055],[-88.3795,42.0416],[-88.37645,42.0416],[-88.3734,42.04315],[-88.3713,42.04235],[-88.3698,42.04465],[-88.3663,42.0453],[-88.3649,42.0481],[-88.3719,42.04805],[-88.37195,42.049],[-88.3763,42.0484],[-88.3867,42.0516],[-88.38685,42.0528],[-88.3903,42.05275],[-88.3903,42.0478],[-88.3906,42.0476],[-88.39165,42.0481],[-88.3993,42.05205],[-88.40115,42.0534],[-88.40575,42.0555],[-88.4058,42.05585],[-88.40465,42.05675],[-88.41075,42.05675],[-88.41065,42.04575],[-88.4109,42.04555],[-88.41695,42.04635],[-88.421,42.047],[-88.4212,42.05405],[-88.42505,42.05575],[-88.4552,42.05575],[-88.4554,42.05595],[-88.4551,42.06335],[-88.4401,42.0637],[-88.43575,42.0632],[-88.43555,42.0611],[-88.42715,42.0613],[-88.42725,42.0633],[-88.4255,42.0636],[-88.4253,42.0634],[-88.42525,42.05715],[-88.42185,42.05715],[-88.42175,42.0612],[-88.4232,42.0614],[-88.42325,42.06655],[-88.42385,42.06675],[-88.4239,42.0719],[-88.4325,42.0762],[-88.43265,42.0809],[-88.4369,42.081],[-88.4368,42.0742],[-88.4418,42.074],[-88.44225,42.0732],[-88.44245,42.06665],[-88.4522,42.0667],[-88.4524,42.0742],[-88.4475,42.0744],[-88.44755,42.0775],[-88.4508,42.07925],[-88.4506,42.08265],[-88.45195,42.08315],[-88.45375,42.0809],[-88.45615,42.079],[-88.46325,42.0817],[-88.4623,42.08505],[-88.46575,42.0873],[-88.4686,42.08825],[-88.4676,42.0896],[-88.4622,42.0888],[-88.46215,42.09585],[-88.45485,42.09605],[-88.4549,42.09925],[-88.47685,42.09925],[-88.4771,42.10135],[-88.4815,42.10135],[-88.4817,42.10295],[-88.4815,42.10315],[-88.4729,42.10315],[-88.47285,42.11005],[-88.4771,42.11],[-88.4774,42.1137],[-88.47855,42.11505],[-88.48155,42.115],[-88.48175,42.11745],[-88.4912,42.1172],[-88.4914,42.1195],[-88.49545,42.1195],[-88.4957,42.1136],[-88.50575,42.1135],[-88.50585,42.11035],[-88.50795,42.1101],[-88.50795,42.10655],[-88.5016,42.10655],[-88.50135,42.1035],[-88.50155,42.1033],[-88.5055,42.1033],[-88.50565,42.0992],[-88.51895,42.0994],[-88.519,42.0992],[-88.49655,42.0989],[-88.49555,42.09625],[-88.48415,42.09645],[-88.484,42.09795],[-88.4815,42.098],[-88.48125,42.09645],[-88.4795,42.09605],[-88.473,42.0965],[-88.46985,42.095],[-88.47185,42.0903],[-88.48645,42.09555],[-88.4865,42.0895],[-88.48765,42.0883],[-88.4899,42.0885],[-88.49005,42.09195],[-88.49275,42.09195],[-88.49275,42.0885],[-88.5006,42.08825],[-88.5006,42.084],[-88.50655,42.0838],[-88.5067,42.0882],[-88.5215,42.08815],[-88.5248,42.0872],[-88.52495,42.0775],[-88.5349,42.07725],[-88.53515,42.08445],[-88.5446,42.08435],[-88.5448,42.092],[-88.54005,42.0921],[-88.54005,42.09535],[-88.5517,42.0955],[-88.5519,42.0957],[-88.55165,42.09935],[-88.5419,42.09935],[-88.5419,42.10585],[-88.5449,42.10645],[-88.5449,42.11695],[-88.5559,42.11715],[-88.5559,42.13255],[-88.5518,42.13355],[-88.54375,42.1327],[-88.53505,42.1328],[-88.5347,42.1288],[-88.53015,42.1287],[-88.52995,42.1263],[-88.53015,42.1261],[-88.5348,42.12615],[-88.535,42.12435],[-88.54945,42.1243],[-88.5492,42.1211],[-88.5304,42.1212],[-88.53015,42.1247],[-88.52575,42.1247],[-88.52575,42.1287],[-88.52405,42.12955],[-88.5155,42.1273],[-88.51555,42.12435],[-88.5202,42.12435],[-88.5202,42.12105],[-88.5233,42.12085],[-88.5235,42.1135],[-88.53475,42.11345],[-88.53495,42.1105],[-88.53885,42.1105],[-88.53885,42.10945],[-88.535,42.1102],[-88.53005,42.1102],[-88.5299,42.10845],[-88.52715,42.1085],[-88.5269,42.11025],[-88.5202,42.11],[-88.52025,42.10315],[-88.5168,42.1031],[-88.5165,42.10665],[-88.51065,42.10665],[-88.5108,42.1177],[-88.5061,42.11795],[-88.50605,42.1225],[-88.50845,42.12255],[-88.5109,42.12475],[-88.51095,42.1391],[-88.50755,42.1393],[-88.50995,42.14305],[-88.5148,42.1443],[-88.53045,42.1489],[-88.5304,42.15015],[-88.51665,42.1502],[-88.5159,42.1517],[-88.5182,42.1536],[-88.58865,42.1536],[-88.58835,42.06645],[-88.60195,42.06645],[-88.6013,41.98145],[-88.6017,41.92325],[-88.60115,41.92305],[-88.60115,41.91395],[-88.59865,41.9137],[-88.5986,41.91105],[-88.5955,41.91105],[-88.5954,41.9125],[-88.59055,41.9125],[-88.59045,41.9162],[-88.5856,41.91625],[-88.5853,41.91255],[-88.5848,41.91235],[-88.58495,41.911],[-88.5902,41.911],[-88.59035,41.90845],[-88.5918,41.90415],[-88.59315,41.9015],[-88.59945,41.9014],[-88.59955,41.89835],[-88.6012,41.8982],[-88.60145,41.89095]],[[-88.39115,41.79155],[-88.3919,41.7878],[-88.3955,41.7878],[-88.39535,41.7917],[-88.39115,41.79155]],[[-88.4669,41.82755],[-88.4647,41.82725],[-88.46355,41.82995],[-88.45635,41.8278],[-88.4577,41.8227],[-88.45255,41.82235],[-88.45,41.8219],[-88.4499,41.82155],[-88.45395,41.81605],[-88.46515,41.82],[-88.47,41.81955],[-88.47275,41.82065],[-88.4745,41.8224],[-88.4743,41.82355],[-88.4679,41.8233],[-88.468,41.82475],[-88.4669,41.82755]],[[-88.47665,41.96625],[-88.47765,41.96485],[-88.46805,41.9649],[-88.46785,41.9613],[-88.46165,41.9612],[-88.4616,41.9498],[-88.4612,41.9471],[-88.4529,41.9472],[-88.4525,41.9396],[-88.4527,41.9394],[-88.4883,41.9388],[-88.4885,41.939],[-88.4888,41.96825],[-88.47785,41.96845],[-88.47665,41.96625]],[[-88.49175,41.73665],[-88.4931,41.73865],[-88.49885,41.73675],[-88.49905,41.7337],[-88.50365,41.73395],[-88.5032,41.7433],[-88.4888,41.7433],[-88.48855,41.7367],[-88.49175,41.73665]],[[-88.5179,41.96745],[-88.52265,41.9674],[-88.5225,41.95625],[-88.51745,41.95525],[-88.51745,41.9501],[-88.5032,41.95025],[-88.50295,41.9463],[-88.50315,41.9461],[-88.53205,41.9458],[-88.5321,41.94055],[-88.53715,41.94025],[-88.53735,41.94205],[-88.54235,41.94215],[-88.5431,41.9604],[-88.53755,41.96065],[-88.53765,41.9713],[-88.53745,41.9715],[-88.51795,41.9718],[-88.5179,41.96745]],[[-88.51365,41.73185],[-88.5164,41.73185],[-88.516,41.73565],[-88.51415,41.73575],[-88.51365,41.73185]],[[-88.57585,42.06685],[-88.568,42.06655],[-88.5554,42.0593],[-88.55155,42.05675],[-88.5485,42.0592],[-88.54575,42.05915],[-88.54335,42.0622],[-88.54325,42.06685],[-88.53965,42.06685],[-88.5394,42.0651],[-88.5376,42.0651],[-88.5368,42.0669],[-88.5228,42.067],[-88.5226,42.0668],[-88.52245,42.0549],[-88.52595,42.05465],[-88.52865,42.0561],[-88.5286,42.0479],[-88.5236,42.04775],[-88.52375,42.04045],[-88.53345,42.04015],[-88.5334,42.03415],[-88.5237,42.0343],[-88.522,42.03335],[-88.5219,42.0261],[-88.51385,42.0262],[-88.51355,42.02235],[-88.51375,42.02215],[-88.5239,42.02205],[-88.52465,42.0228],[-88.52825,42.02215],[-88.52815,42.01505],[-88.52345,42.0151],[-88.5232,42.0112],[-88.5234,42.011],[-88.53825,42.0109],[-88.5385,42.01825],[-88.55835,42.018],[-88.5586,42.02115],[-88.5723,42.0214],[-88.57245,42.0177],[-88.5823,42.0178],[-88.5825,42.0289],[-88.5823,42.0291],[-88.5531,42.0294],[-88.5528,42.0257],[-88.54955,42.0263],[-88.54885,42.0286],[-88.54355,42.02865],[-88.54335,42.02955],[-88.5386,42.02965],[-88.5388,42.0328],[-88.5438,42.03275],[-88.54405,42.0363],[-88.54845,42.0363],[-88.54845,42.04035],[-88.5435,42.0404],[-88.54335,42.03695],[-88.54045,42.0369],[-88.53865,42.03585],[-88.53875,42.04375],[-88.5435,42.04365],[-88.5437,42.04545],[-88.55335,42.0454],[-88.55355,42.04715],[-88.55685,42.0471],[-88.5585,42.04825],[-88.55855,42.0501],[-88.5631,42.051],[-88.56335,42.0543],[-88.56785,42.05425],[-88.568,42.0515],[-88.5779,42.05195],[-88.57795,42.0539],[-88.5875,42.05455],[-88.58715,42.0619],[-88.57795,42.0619],[-88.57795,42.0653],[-88.57585,42.06685]],[[-88.52595,41.83735],[-88.5231,41.83625],[-88.5212,41.8376],[-88.51905,41.8374],[-88.519,41.8391],[-88.51445,41.8385],[-88.5142,41.837],[-88.51755,41.83625],[-88.51755,41.83315],[-88.5154,41.83165],[-88.5155,41.8313],[-88.51625,41.83115],[-88.51445,41.8298],[-88.5146,41.82945],[-88.52805,41.8294],[-88.5282,41.8353],[-88.5268,41.8345],[-88.52425,41.83555],[-88.52595,41.83735]],[[-88.5279,41.7369],[-88.53025,41.73845],[-88.5294,41.7405],[-88.52715,41.7396],[-88.5276,41.73705],[-88.5264,41.73675],[-88.52625,41.73425],[-88.52395,41.73425],[-88.52375,41.734],[-88.52445,41.73145],[-88.5279,41.73175],[-88.5279,41.7369]],[[-88.5632,42.05065],[-88.5626,42.0486],[-88.5626,42.04015],[-88.5581,42.0402],[-88.5579,42.04],[-88.5581,42.03615],[-88.57745,42.036],[-88.57765,42.0397],[-88.58155,42.03985],[-88.58165,42.04675],[-88.57805,42.0475],[-88.57805,42.0517],[-88.57785,42.0519],[-88.5632,42.05065]]],[[[-88.3937,42.1363],[-88.3937,42.1536],[-88.49135,42.1536],[-88.4915,42.14985],[-88.4996,42.14985],[-88.49955,42.1466],[-88.49605,42.1464],[-88.496,42.1404],[-88.49075,42.13855],[-88.4906,42.13935],[-88.4817,42.13945],[-88.4814,42.1328],[-88.472,42.1328],[-88.4718,42.13215],[-88.4666,42.13215],[-88.4664,42.13195],[-88.4667,42.12755],[-88.46665,42.1211],[-88.47175,42.1203],[-88.4717,42.11515],[-88.47075,42.1157],[-88.4687,42.1141],[-88.4671,42.1141],[-88.4671,42.11565],[-88.4663,42.11625],[-88.4642,42.11485],[-88.4642,42.1067],[-88.46665,42.1065],[-88.46665,42.1032],[-88.45495,42.10315],[-88.45465,42.1046],[-88.4539,42.10565],[-88.4505,42.1079],[-88.4427,42.10805],[-88.4425,42.11055],[-88.4327,42.1106],[-88.4325,42.10675],[-88.43635,42.10655],[-88.4363,42.1051],[-88.43275,42.1051],[-88.4307,42.1066],[-88.43075,42.11035],[-88.4305,42.11055],[-88.4286,42.1103],[-88.42765,42.10875],[-88.4276,42.0961],[-88.42275,42.0959],[-88.4228,42.0889],[-88.4234,42.0877],[-88.4264,42.08885],[-88.42815,42.08805],[-88.42285,42.08525],[-88.4205,42.083],[-88.41605,42.08885],[-88.41295,42.08875],[-88.41285,42.08535],[-88.40375,42.0855],[-88.40375,42.08785],[-88.40055,42.08905],[-88.3949,42.08905],[-88.38635,42.0838],[-88.3863,42.08345],[-88.3877,42.08215],[-88.38415,42.0817],[-88.3839,42.06705],[-88.3833,42.0668],[-88.38495,42.0628],[-88.3862,42.0621],[-88.38805,42.0638],[-88.38695,42.0667],[-88.38925,42.06765],[-88.39385,42.0677],[-88.39405,42.0693],[-88.39675,42.06925],[-88.39665,42.06695],[-88.3933,42.06595],[-88.3932,42.06565],[-88.39475,42.0635],[-88.3867,42.0621],[-88.3846,42.0619],[-88.38095,42.0604],[-88.3816,42.0587],[-88.37965,42.05845],[-88.3787,42.058],[-88.37785,42.05905],[-88.37615,42.05805],[-88.376,42.05135],[-88.3705,42.05135],[-88.37025,42.05045],[-88.3657,42.05055],[-88.3597,42.0499],[-88.3597,42.047],[-88.35635,42.04575],[-88.35895,42.03825],[-88.3556,42.03745],[-88.35445,42.0396],[-88.35605,42.03995],[-88.3546,42.0431],[-88.35305,42.04135],[-88.3508,42.04085],[-88.34615,42.0386],[-88.34605,42.0371],[-88.34285,42.03715],[-88.3413,42.0391],[-88.3411,42.04415],[-88.33555,42.0441],[-88.34325,42.0488],[-88.3505,42.0536],[-88.35025,42.05735],[-88.3536,42.0593],[-88.35225,42.0612],[-88.35455,42.0627],[-88.3562,42.06485],[-88.35465,42.0652],[-88.35465,42.0671],[-88.35285,42.0673],[-88.35275,42.0726],[-88.35345,42.07595],[-88.355,42.076],[-88.35505,42.0724],[-88.35815,42.07245],[-88.3796,42.07895],[-88.3792,42.08915],[-88.35985,42.0891],[-88.35985,42.096],[-88.3699,42.09605],[-88.36915,42.0942],[-88.36935,42.0923],[-88.3768,42.09225],[-88.37695,42.098],[-88.3791,42.09805],[-88.37925,42.09985],[-88.38875,42.10305],[-88.3887,42.10345],[-88.38395,42.10355],[-88.383,42.10535],[-88.3829,42.11065],[-88.3796,42.11085],[-88.38065,42.11305],[-88.3837,42.11335],[-88.3838,42.118],[-88.38355,42.1182],[-88.3796,42.1174],[-88.3795,42.12295],[-88.38095,42.1249],[-88.3882,42.12495],[-88.3928,42.13215],[-88.39265,42.13245],[-88.3883,42.13245],[-88.38845,42.1361],[-88.3937,42.1363]]],[[[-88.24785,42.15365],[-88.38785,42.1536],[-88.3834,42.1509],[-88.3835,42.14355],[-88.3737,42.1433],[-88.3736,42.1328],[-88.3734,42.133],[-88.3714,42.13275],[-88.3714,42.12985],[-88.37385,42.1297],[-88.37385,42.1253],[-88.36905,42.1254],[-88.36885,42.12805],[-88.36395,42.1279],[-88.3639,42.11775],[-88.36915,42.1176],[-88.3684,42.11475],[-88.36175,42.1144],[-88.3546,42.11445],[-88.35445,42.11075],[-88.35,42.11085],[-88.35005,42.11515],[-88.3465,42.11585],[-88.3465,42.11765],[-88.35245,42.11755],[-88.35275,42.12125],[-88.35475,42.12145],[-88.3547,42.1284],[-88.3595,42.12845],[-88.3597,42.12865],[-88.35945,42.1325],[-88.35465,42.1324],[-88.35465,42.1412],[-88.3544,42.14135],[-88.3479,42.13965],[-88.346,42.13845],[-88.34595,42.1384],[-88.3454,42.13755],[-88.3454,42.13745],[-88.3453,42.13405],[-88.3443,42.13275],[-88.34425,42.13265],[-88.3443,42.13255],[-88.3443,42.1325],[-88.34445,42.13245],[-88.34525,42.1324],[-88.3451,42.128],[-88.3406,42.128],[-88.34035,42.12545],[-88.33685,42.1255],[-88.3389,42.12675],[-88.3404,42.12815],[-88.33995,42.1288],[-88.33565,42.12935],[-88.33585,42.1324],[-88.33585,42.13245],[-88.33585,42.1325],[-88.3358,42.13255],[-88.33565,42.1326],[-88.3308,42.1326],[-88.33095,42.13605],[-88.3307,42.13625],[-88.3208,42.13595],[-88.3205,42.1324],[-88.3173,42.1322],[-88.3158,42.12725],[-88.3081,42.12755],[-88.3069,42.1247],[-88.30085,42.1251],[-88.3007,42.12555],[-88.29115,42.1254],[-88.2909,42.12855],[-88.2861,42.1287],[-88.286,42.12985],[-88.28185,42.1298],[-88.2782,42.13215],[-88.2785,42.1338],[-88.2763,42.1361],[-88.2765,42.13665],[-88.27725,42.1372],[-88.2772,42.13755],[-88.27285,42.1386],[-88.2722,42.13785],[-88.26775,42.1379],[-88.2677,42.14855],[-88.2576,42.149],[-88.25755,42.149],[-88.2575,42.14895],[-88.2574,42.1488],[-88.2571,42.1398],[-88.24805,42.13985],[-88.24785,42.1362],[-88.24315,42.13625],[-88.243,42.1324],[-88.24605,42.1322],[-88.24605,42.1287],[-88.24785,42.12855],[-88.24785,42.1253],[-88.2463,42.12505],[-88.2463,42.11985],[-88.2432,42.11985],[-88.24305,42.118],[-88.2413,42.118],[-88.2411,42.11775],[-88.2419,42.1147],[-88.23835,42.1142],[-88.23845,42.15425],[-88.24785,42.15365]],[[-88.3645,42.13585],[-88.36445,42.14115],[-88.3692,42.14115],[-88.36935,42.14295],[-88.3709,42.14445],[-88.37425,42.14465],[-88.37425,42.1483],[-88.374,42.14845],[-88.36935,42.1472],[-88.36545,42.1451],[-88.3591,42.14275],[-88.3592,42.1359],[-88.3645,42.13585]]]]},"properties":{"kind":"neighbour","name":"Unincorporated Kane County","region":"Kane County","lp":[-88.53873,41.88773],"rest":true}},
{"type":"Feature","geometry":{"type":"MultiPolygon","coordinates":[[[[-88.0385,42.1536],[-88.05,42.1536],[-87.98535,42.1533],[-87.9852,42.1604],[-87.99445,42.1607],[-87.9945,42.15485],[-87.99735,42.15465],[-87.99755,42.15425],[-87.99955,42.15425],[-87.99865,42.15505],[-87.99865,42.15705],[-87.99975,42.1589],[-88.00445,42.1589],[-88.0091,42.15935],[-88.0095,42.1571],[-88.01395,42.1571],[-88.01415,42.1562],[-88.01875,42.1562],[-88.01755,42.15505],[-88.01565,42.15425],[-88.01475,42.1542],[-88.01455,42.154],[-88.01455,42.1537],[-88.01455,42.15365],[-88.01455,42.1536],[-88.0146,42.15355],[-88.01465,42.15355],[-88.01465,42.1535],[-88.0147,42.1535],[-88.01475,42.1535],[-88.0288,42.15355],[-88.0289,42.15355],[-88.029,42.1537],[-88.029,42.15375],[-88.02895,42.15555],[-88.02835,42.15575],[-88.0273,42.15805],[-88.0271,42.16075],[-88.0433,42.16085],[-88.0435,42.16325],[-88.0453,42.16325],[-88.0453,42.16095],[-88.0433,42.16015],[-88.0412,42.15805],[-88.0417,42.15635],[-88.03845,42.1539],[-88.0384,42.15385],[-88.03835,42.1538],[-88.03835,42.15375],[-88.0385,42.1536]]],[[[-88.1996,42.15425],[-88.0828,42.15375],[-88.0892,42.15375],[-88.0894,42.1547],[-88.08975,42.1547],[-88.08995,42.1538],[-88.1019,42.15385],[-88.1021,42.15405],[-88.1019,42.1729],[-88.11355,42.173],[-88.1177,42.1689],[-88.11605,42.1687],[-88.1163,42.1651],[-88.1213,42.1651],[-88.1215,42.1653],[-88.1215,42.1664],[-88.1214,42.16655],[-88.12145,42.1666],[-88.12145,42.16665],[-88.1215,42.16665],[-88.1215,42.1667],[-88.12145,42.16845],[-88.12605,42.1685],[-88.1262,42.1686],[-88.12625,42.16865],[-88.12625,42.1687],[-88.126,42.1722],[-88.12095,42.17215],[-88.12205,42.1738],[-88.12385,42.17325],[-88.1285,42.17355],[-88.12845,42.17615],[-88.12135,42.17615],[-88.12105,42.1797],[-88.1163,42.1797],[-88.11655,42.18095],[-88.1259,42.18095],[-88.126,42.1866],[-88.1305,42.1866],[-88.13075,42.18285],[-88.1354,42.1829],[-88.13565,42.18105],[-88.14055,42.18035],[-88.1425,42.1791],[-88.15055,42.1789],[-88.15075,42.17915],[-88.15035,42.1813],[-88.14665,42.1812],[-88.1464,42.18345],[-88.1407,42.18425],[-88.14035,42.19055],[-88.13325,42.1906],[-88.13315,42.1947],[-88.136,42.1955],[-88.1401,42.19525],[-88.14015,42.19305],[-88.1429,42.192],[-88.14485,42.19225],[-88.14485,42.1944],[-88.14895,42.1947],[-88.14915,42.1903],[-88.1541,42.1904],[-88.1543,42.19255],[-88.1575,42.1953],[-88.1598,42.19535],[-88.15985,42.19105],[-88.1581,42.1908],[-88.1581,42.18825],[-88.15905,42.18695],[-88.16595,42.18695],[-88.16615,42.1851],[-88.17475,42.18505],[-88.1787,42.17995],[-88.17495,42.1798],[-88.17505,42.17625],[-88.1726,42.1764],[-88.1724,42.17495],[-88.1731,42.17385],[-88.1802,42.17755],[-88.1803,42.17955],[-88.18495,42.1795],[-88.185,42.17955],[-88.1938,42.1841],[-88.19455,42.1836],[-88.19485,42.18375],[-88.1948,42.1853],[-88.19935,42.1877],[-88.1996,42.15425]]],[[[-88.19905,42.23605],[-88.19935,42.1921],[-88.19715,42.1921],[-88.19695,42.1942],[-88.19655,42.1942],[-88.1967,42.18995],[-88.19675,42.18995],[-88.19675,42.1899],[-88.1968,42.1898],[-88.1969,42.1898],[-88.19765,42.18975],[-88.19665,42.18875],[-88.1937,42.1883],[-88.1924,42.1912],[-88.1906,42.19195],[-88.18975,42.19385],[-88.19445,42.194],[-88.19445,42.1944],[-88.18975,42.1944],[-88.1897,42.1979],[-88.1861,42.19815],[-88.1855,42.2034],[-88.18305,42.2036],[-88.18305,42.20515],[-88.1864,42.20485],[-88.18665,42.207],[-88.19505,42.20695],[-88.1953,42.20845],[-88.192,42.21365],[-88.1902,42.2152],[-88.17945,42.2152],[-88.1792,42.2113],[-88.1768,42.21135],[-88.17675,42.2134],[-88.17455,42.2136],[-88.17445,42.21985],[-88.1794,42.2198],[-88.1794,42.2209],[-88.17795,42.22125],[-88.17645,42.22265],[-88.17635,42.22425],[-88.1783,42.2279],[-88.1778,42.22885],[-88.17955,42.2309],[-88.1794,42.2312],[-88.1769,42.2312],[-88.177,42.23275],[-88.17975,42.2327],[-88.1814,42.233],[-88.18215,42.23395],[-88.18235,42.23565],[-88.1849,42.23675],[-88.1867,42.23855],[-88.1902,42.2371],[-88.194,42.2373],[-88.1938,42.2413],[-88.19715,42.24135],[-88.19665,42.242],[-88.19665,42.24555],[-88.19805,42.24535],[-88.19805,42.24155],[-88.1986,42.237],[-88.19905,42.23605]]],[[[-88.01355,42.2415],[-88.0137,42.2378],[-88.009,42.23775],[-88.00885,42.23375],[-88.00635,42.23375],[-88.0054,42.23455],[-88.00445,42.23385],[-88.0043,42.2351],[-88.0028,42.2351],[-88.0028,42.23965],[-88.0045,42.2399],[-88.0036,42.24165],[-88.0012,42.24325],[-87.9992,42.2436],[-87.9998,42.2457],[-88.0043,42.2462],[-88.0042,42.25505],[-88.0196,42.2549],[-88.01975,42.2552],[-88.01905,42.2566],[-88.019,42.2587],[-88.0212,42.2587],[-88.02345,42.2569],[-88.0212,42.2562],[-88.0186,42.25255],[-88.0186,42.2491],[-88.02105,42.24895],[-88.02105,42.2458],[-88.01835,42.24575],[-88.01415,42.2472],[-88.0138,42.24475],[-88.0172,42.24475],[-88.0172,42.243],[-88.0138,42.243],[-88.01355,42.2415]]],[[[-88.06445,42.25885],[-88.0674,42.2628],[-88.0675,42.25735],[-88.0632,42.25775],[-88.05795,42.2503],[-88.05935,42.24835],[-88.05655,42.2483],[-88.05415,42.2447],[-88.0527,42.2445],[-88.05275,42.2422],[-88.05305,42.24065],[-88.0501,42.2403],[-88.04975,42.23825],[-88.0518,42.23755],[-88.0557,42.2338],[-88.0528,42.23355],[-88.0529,42.2265],[-88.04355,42.2265],[-88.04325,42.2337],[-88.02805,42.2337],[-88.02815,42.23925],[-88.02885,42.23945],[-88.02875,42.2417],[-88.0332,42.2417],[-88.03335,42.23855],[-88.03735,42.23785],[-88.04315,42.2357],[-88.04345,42.2359],[-88.04325,42.2418],[-88.03055,42.2468],[-88.02845,42.24865],[-88.02885,42.26345],[-88.03765,42.27335],[-88.0429,42.27335],[-88.0429,42.26245],[-88.04865,42.2619],[-88.04915,42.25985],[-88.05155,42.25975],[-88.0529,42.2588],[-88.06445,42.25885]]],[[[-88.1989,42.401],[-88.19895,42.4011],[-88.1983,42.25635],[-88.19325,42.2561],[-88.1932,42.24875],[-88.19565,42.24855],[-88.19335,42.24545],[-88.18875,42.2454],[-88.18875,42.24825],[-88.1915,42.24875],[-88.1916,42.2524],[-88.1887,42.25295],[-88.18575,42.2514],[-88.1855,42.2487],[-88.1859,42.2485],[-88.18585,42.24505],[-88.18795,42.2449],[-88.18895,42.24245],[-88.18365,42.24145],[-88.18375,42.23895],[-88.17915,42.2382],[-88.17445,42.2382],[-88.17625,42.2401],[-88.1763,42.24385],[-88.1789,42.24405],[-88.17875,42.24885],[-88.16435,42.2488],[-88.16445,42.2533],[-88.15965,42.2535],[-88.15945,42.2572],[-88.16255,42.25815],[-88.16275,42.2631],[-88.15965,42.2633],[-88.15975,42.2746],[-88.1581,42.2751],[-88.1581,42.27775],[-88.15535,42.27795],[-88.156,42.28135],[-88.1592,42.29035],[-88.16105,42.2933],[-88.16,42.2941],[-88.16,42.2958],[-88.1585,42.2958],[-88.1585,42.29455],[-88.1549,42.2945],[-88.15465,42.29215],[-88.1576,42.29195],[-88.1553,42.28595],[-88.15335,42.28705],[-88.15235,42.287],[-88.15235,42.2894],[-88.15215,42.2896],[-88.1514,42.28935],[-88.1507,42.2874],[-88.14745,42.28835],[-88.1472,42.28815],[-88.14715,42.285],[-88.1351,42.28495],[-88.13485,42.28135],[-88.1316,42.2811],[-88.1316,42.2778],[-88.1233,42.27765],[-88.12325,42.2845],[-88.13035,42.28455],[-88.1306,42.2872],[-88.12945,42.28785],[-88.1257,42.28795],[-88.1257,42.2908],[-88.12395,42.2909],[-88.12255,42.2894],[-88.11825,42.2895],[-88.11825,42.2909],[-88.12225,42.29095],[-88.1257,42.292],[-88.1257,42.2943],[-88.13015,42.2956],[-88.1304,42.2918],[-88.14015,42.29185],[-88.14035,42.29655],[-88.13545,42.29675],[-88.1355,42.2993],[-88.1347,42.3033],[-88.1307,42.3035],[-88.13045,42.3062],[-88.1204,42.30615],[-88.1189,42.30665],[-88.1177,42.30645],[-88.11595,42.3051],[-88.116,42.303],[-88.1061,42.30255],[-88.10645,42.29355],[-88.1068,42.2934],[-88.11095,42.2968],[-88.11355,42.2982],[-88.11375,42.298],[-88.11595,42.29805],[-88.1161,42.28475],[-88.1112,42.2847],[-88.11125,42.28215],[-88.11035,42.2807],[-88.10985,42.27715],[-88.11005,42.2769],[-88.11605,42.27695],[-88.11635,42.27105],[-88.1194,42.2711],[-88.12015,42.2682],[-88.1165,42.26815],[-88.1164,42.2703],[-88.11135,42.2701],[-88.11135,42.26255],[-88.11805,42.26245],[-88.1197,42.2614],[-88.12005,42.259],[-88.12975,42.25905],[-88.132,42.25825],[-88.13335,42.25685],[-88.13475,42.25595],[-88.1345,42.2531],[-88.1346,42.2528],[-88.13545,42.2525],[-88.1336,42.2516],[-88.1358,42.2515],[-88.1347,42.25045],[-88.13465,42.24765],[-88.1349,42.2475],[-88.1373,42.2481],[-88.13995,42.24925],[-88.13995,42.2519],[-88.14275,42.2519],[-88.14265,42.25125],[-88.1436,42.2502],[-88.14445,42.25035],[-88.14445,42.2485],[-88.1463,42.24955],[-88.14735,42.24835],[-88.14955,42.24755],[-88.1546,42.24855],[-88.15465,42.25195],[-88.15895,42.252],[-88.15895,42.251],[-88.15425,42.24595],[-88.15415,42.24155],[-88.1496,42.24135],[-88.1476,42.23435],[-88.14495,42.2342],[-88.1443,42.23295],[-88.1429,42.23295],[-88.1423,42.2318],[-88.13965,42.231],[-88.13215,42.22615],[-88.13165,42.2268],[-88.12535,42.22685],[-88.12515,42.23045],[-88.12045,42.2305],[-88.1204,42.2416],[-88.11935,42.2419],[-88.1177,42.24115],[-88.1176,42.2393],[-88.1184,42.2391],[-88.1182,42.2369],[-88.1159,42.23755],[-88.11175,42.2377],[-88.1118,42.24045],[-88.11355,42.24045],[-88.1141,42.23925],[-88.1144,42.2392],[-88.1158,42.24065],[-88.11515,42.2413],[-88.1101,42.2413],[-88.1094,42.2419],[-88.10295,42.24325],[-88.098,42.24465],[-88.0977,42.24445],[-88.09775,42.24155],[-88.0919,42.241],[-88.09185,42.22655],[-88.08995,42.2256],[-88.08745,42.2287],[-88.08725,42.23035],[-88.0831,42.23065],[-88.08255,42.23375],[-88.08025,42.23395],[-88.07615,42.23615],[-88.08235,42.2372],[-88.08245,42.24595],[-88.0759,42.24635],[-88.07595,42.2487],[-88.08225,42.2506],[-88.0822,42.2521],[-88.07945,42.2521],[-88.07865,42.25425],[-88.07275,42.25425],[-88.07165,42.25535],[-88.07255,42.25885],[-88.07275,42.26245],[-88.0765,42.26265],[-88.0765,42.26605],[-88.0776,42.26625],[-88.0776,42.27125],[-88.07575,42.2721],[-88.07565,42.27375],[-88.07255,42.27375],[-88.07235,42.2708],[-88.06915,42.27305],[-88.0691,42.27715],[-88.06745,42.27735],[-88.06725,42.27715],[-88.06725,42.27365],[-88.06285,42.2738],[-88.06265,42.27015],[-88.0594,42.27015],[-88.0594,42.27485],[-88.05305,42.27715],[-88.05065,42.27735],[-88.0506,42.27975],[-88.05315,42.28125],[-88.05315,42.28445],[-88.04945,42.28465],[-88.05505,42.28825],[-88.059,42.2875],[-88.06405,42.2877],[-88.06405,42.2936],[-88.0726,42.29865],[-88.07205,42.3026],[-88.0711,42.30445],[-88.06815,42.30565],[-88.06515,42.3063],[-88.06305,42.3063],[-88.06305,42.30975],[-88.0686,42.30975],[-88.0686,42.30625],[-88.07215,42.30575],[-88.07625,42.30285],[-88.0821,42.30695],[-88.08225,42.3052],[-88.08985,42.30305],[-88.09195,42.30355],[-88.09195,42.3095],[-88.09915,42.30985],[-88.0871,42.31305],[-88.08685,42.31285],[-88.08685,42.30995],[-88.0825,42.3078],[-88.0825,42.31575],[-88.0807,42.31705],[-88.0807,42.32045],[-88.0871,42.3204],[-88.087,42.31315],[-88.10145,42.30945],[-88.1017,42.30965],[-88.1017,42.31395],[-88.1015,42.31415],[-88.09885,42.31375],[-88.099,42.32015],[-88.1017,42.3243],[-88.1026,42.32815],[-88.1024,42.3284],[-88.09985,42.3284],[-88.0998,42.3303],[-88.0977,42.3305],[-88.09775,42.33815],[-88.1073,42.336],[-88.10855,42.3369],[-88.1085,42.3385],[-88.112,42.3385],[-88.112,42.3395],[-88.1085,42.3395],[-88.1084,42.3432],[-88.11165,42.3432],[-88.11185,42.34345],[-88.1111,42.3453],[-88.1084,42.3449],[-88.10835,42.3467],[-88.1132,42.34695],[-88.11335,42.34875],[-88.11245,42.3504],[-88.11055,42.35025],[-88.11025,42.348],[-88.10835,42.348],[-88.1083,42.35],[-88.1095,42.35095],[-88.11005,42.3547],[-88.11135,42.35355],[-88.1197,42.3536],[-88.11985,42.3552],[-88.1189,42.35645],[-88.10975,42.3564],[-88.10955,42.3576],[-88.1081,42.3576],[-88.10815,42.35855],[-88.10705,42.35875],[-88.107,42.361],[-88.1057,42.3612],[-88.10485,42.3609],[-88.10485,42.36415],[-88.11035,42.3619],[-88.11155,42.3619],[-88.11185,42.35725],[-88.12,42.35725],[-88.12005,42.3504],[-88.11955,42.3518],[-88.1178,42.352],[-88.1176,42.3518],[-88.11775,42.34615],[-88.11975,42.34595],[-88.11995,42.34615],[-88.1203,42.33025],[-88.1207,42.32825],[-88.1301,42.3283],[-88.13015,42.3304],[-88.1243,42.3322],[-88.12905,42.3347],[-88.1291,42.335],[-88.12815,42.3358],[-88.12685,42.3351],[-88.12275,42.33505],[-88.12255,42.3428],[-88.1238,42.343],[-88.1238,42.35005],[-88.12495,42.35005],[-88.1252,42.34285],[-88.1348,42.34295],[-88.1349,42.3382],[-88.1352,42.338],[-88.13785,42.33965],[-88.13895,42.34095],[-88.14095,42.34095],[-88.14055,42.3361],[-88.14075,42.3359],[-88.1447,42.3359],[-88.14475,42.33165],[-88.1376,42.3316],[-88.1376,42.3302],[-88.14475,42.3303],[-88.1448,42.32775],[-88.1399,42.3275],[-88.1353,42.32885],[-88.13505,42.32865],[-88.13505,42.31955],[-88.1353,42.31935],[-88.13885,42.3201],[-88.1388,42.31845],[-88.14015,42.3171],[-88.14485,42.31715],[-88.14485,42.31405],[-88.1498,42.31355],[-88.1498,42.3107],[-88.1482,42.30945],[-88.1484,42.30645],[-88.1547,42.30625],[-88.1549,42.3029],[-88.15965,42.30295],[-88.1599,42.29925],[-88.1639,42.2992],[-88.1651,42.30045],[-88.16495,42.30415],[-88.16005,42.30415],[-88.16005,42.30535],[-88.16495,42.30535],[-88.16975,42.30595],[-88.1697,42.31315],[-88.1795,42.31375],[-88.17985,42.32115],[-88.18475,42.32115],[-88.18495,42.325],[-88.1844,42.3252],[-88.1844,42.32545],[-88.1843,42.32555],[-88.18425,42.3256],[-88.1842,42.3256],[-88.18095,42.32535],[-88.18075,42.3262],[-88.17985,42.3262],[-88.17965,42.3261],[-88.17965,42.32605],[-88.17965,42.326],[-88.17965,42.32535],[-88.17905,42.32515],[-88.17915,42.3143],[-88.1697,42.3142],[-88.1695,42.31785],[-88.1646,42.31785],[-88.1644,42.3202],[-88.1616,42.3202],[-88.16245,42.3219],[-88.16155,42.3243],[-88.16465,42.3239],[-88.16585,42.32415],[-88.1659,42.3242],[-88.16595,42.3242],[-88.16595,42.32425],[-88.166,42.3243],[-88.166,42.32435],[-88.16575,42.32465],[-88.1665,42.32505],[-88.1666,42.3248],[-88.16665,42.3248],[-88.1667,42.32475],[-88.16675,42.32475],[-88.17075,42.3248],[-88.17285,42.3263],[-88.1722,42.33045],[-88.16945,42.33585],[-88.1757,42.33585],[-88.1758,42.33585],[-88.1759,42.33595],[-88.1759,42.336],[-88.1759,42.33605],[-88.1759,42.3374],[-88.1743,42.3376],[-88.17425,42.35035],[-88.17915,42.35055],[-88.1791,42.35615],[-88.17885,42.35635],[-88.17335,42.35495],[-88.17055,42.35585],[-88.17005,42.3576],[-88.1716,42.3584],[-88.1718,42.3594],[-88.17485,42.35945],[-88.17505,42.36125],[-88.1742,42.36335],[-88.17445,42.36725],[-88.17425,42.37235],[-88.1713,42.37255],[-88.1706,42.3739],[-88.17095,42.37695],[-88.17275,42.3787],[-88.17225,42.37975],[-88.1743,42.3821],[-88.17735,42.3847],[-88.17725,42.38355],[-88.17785,42.383],[-88.1814,42.38255],[-88.18305,42.38485],[-88.1818,42.38655],[-88.1923,42.3865],[-88.19375,42.38615],[-88.1939,42.38775],[-88.1941,42.40105],[-88.1989,42.401]]],[[[-88.0541,42.32065],[-88.0537,42.3276],[-88.07965,42.32785],[-88.07965,42.3229],[-88.07705,42.3229],[-88.0768,42.32085],[-88.06295,42.3208],[-88.06275,42.319],[-88.05855,42.319],[-88.0584,42.3208],[-88.0541,42.32065]]],[[[-88.0247,42.32655],[-88.02875,42.32645],[-88.0313,42.3259],[-88.03135,42.32085],[-88.0287,42.32065],[-88.0286,42.31395],[-88.0237,42.31305],[-88.00445,42.313],[-88.0026,42.3121],[-87.9982,42.3083],[-87.9982,42.308],[-87.99965,42.3069],[-87.99985,42.3064],[-87.9935,42.30655],[-87.98585,42.3064],[-87.98425,42.30775],[-87.9836,42.3101],[-87.97925,42.3093],[-87.97935,42.29545],[-87.97895,42.29545],[-87.97885,42.3085],[-87.97565,42.3087],[-87.9737,42.3101],[-87.96545,42.31005],[-87.9653,42.30865],[-87.9644,42.3089],[-87.96355,42.30845],[-87.9622,42.3088],[-87.96,42.30615],[-87.9548,42.3061],[-87.95325,42.30355],[-87.94965,42.30195],[-87.9444,42.304],[-87.9441,42.3038],[-87.94435,42.2995],[-87.94055,42.29745],[-87.9389,42.29385],[-87.93695,42.2947],[-87.9357,42.2923],[-87.93795,42.2895],[-87.938,42.28655],[-87.93015,42.2861],[-87.9291,42.28875],[-87.925,42.2886],[-87.925,42.2941],[-87.92225,42.3016],[-87.9249,42.3018],[-87.92485,42.30535],[-87.92955,42.3054],[-87.9297,42.309],[-87.93685,42.3091],[-87.9374,42.31455],[-87.9408,42.31545],[-87.9442,42.3155],[-87.9444,42.3165],[-87.95395,42.3166],[-87.95415,42.32045],[-87.95395,42.32065],[-87.9444,42.3205],[-87.94435,42.32385],[-87.95255,42.3239],[-87.95265,42.32425],[-87.9492,42.32735],[-87.9559,42.3274],[-87.95875,42.3232],[-87.96355,42.3204],[-87.96385,42.32055],[-87.96385,42.32745],[-87.96675,42.32765],[-87.96675,42.3347],[-87.9735,42.3347],[-87.97365,42.3404],[-87.96795,42.3407],[-87.95895,42.3419],[-87.9589,42.34395],[-87.9621,42.344],[-87.96385,42.3451],[-87.96365,42.34735],[-87.9589,42.34735],[-87.9589,42.34785],[-87.96375,42.34785],[-87.96405,42.34945],[-87.96385,42.34965],[-87.9589,42.3496],[-87.95885,42.35105],[-87.96385,42.35125],[-87.96375,42.36105],[-87.96525,42.36245],[-87.965,42.37105],[-87.9731,42.37115],[-87.9734,42.3638],[-87.98825,42.3639],[-87.99565,42.3636],[-87.9973,42.3622],[-87.9996,42.36225],[-88.0005,42.36075],[-88.00015,42.35805],[-87.9991,42.35695],[-88,42.35495],[-87.9979,42.35335],[-87.9981,42.35155],[-88.019,42.35135],[-88.01895,42.3498],[-88.01405,42.34965],[-88.0141,42.34485],[-88.0046,42.345],[-88.0035,42.3425],[-87.9979,42.3425],[-87.9977,42.3395],[-87.99325,42.3399],[-87.993,42.3397],[-87.99315,42.33525],[-87.9894,42.3352],[-87.988,42.33425],[-87.9882,42.33115],[-87.9931,42.3312],[-87.9933,42.3332],[-87.9946,42.33485],[-88.00445,42.3349],[-88.00435,42.31915],[-88.00445,42.31675],[-88.0081,42.31685],[-88.02235,42.32525],[-88.0247,42.32655]],[[-88.01915,42.31715],[-88.0168,42.31715],[-88.02235,42.32415],[-88.0222,42.3245],[-88.02105,42.32445],[-88.00675,42.31605],[-88.00435,42.31415],[-88.0045,42.3131],[-88.01905,42.31315],[-88.01915,42.31715]]],[[[-87.9451,42.40755],[-87.94815,42.4085],[-87.94825,42.4066],[-87.9489,42.40555],[-87.95315,42.40555],[-87.9533,42.40735],[-87.95365,42.40735],[-87.9537,42.40555],[-87.955,42.40535],[-87.9552,42.40555],[-87.95515,42.40735],[-87.9578,42.40735],[-87.9581,42.40465],[-87.96275,42.40465],[-87.96295,42.4037],[-87.9728,42.4038],[-87.9729,42.40745],[-87.9822,42.4075],[-87.9823,42.40425],[-87.9798,42.40405],[-87.9795,42.39835],[-87.98195,42.3982],[-87.9827,42.3952],[-87.98585,42.3954],[-87.98675,42.39665],[-87.99735,42.39675],[-87.99755,42.40055],[-87.99445,42.4007],[-87.99435,42.40395],[-88.0038,42.4044],[-88.0039,42.3924],[-88.0058,42.39075],[-88.0039,42.39055],[-88.0041,42.389],[-88.00755,42.38875],[-88.004,42.38615],[-88.004,42.382],[-88.0085,42.38195],[-88.0085,42.38585],[-88.00935,42.38605],[-88.00935,42.38845],[-88.0086,42.3891],[-88.0135,42.39225],[-88.0142,42.39335],[-88.0141,42.4004],[-88.01655,42.4006],[-88.01655,42.40315],[-88.0186,42.40315],[-88.0186,42.4007],[-88.02845,42.4004],[-88.0285,42.3972],[-88.024,42.39715],[-88.0238,42.3982],[-88.0193,42.3982],[-88.0173,42.39545],[-88.0191,42.39585],[-88.0236,42.39585],[-88.0239,42.39315],[-88.0288,42.39315],[-88.0289,42.3968],[-88.03135,42.39695],[-88.0312,42.4076],[-88.03585,42.4094],[-88.0364,42.41105],[-88.0387,42.41205],[-88.04215,42.415],[-88.0527,42.4151],[-88.05285,42.4062],[-88.05775,42.406],[-88.058,42.40175],[-88.0708,42.4018],[-88.0707,42.3986],[-88.06675,42.39855],[-88.06565,42.3996],[-88.064,42.3925],[-88.05795,42.39245],[-88.05775,42.3937],[-88.05095,42.3936],[-88.05075,42.3926],[-88.0474,42.39265],[-88.0471,42.3899],[-88.04355,42.3899],[-88.04335,42.3833],[-88.0389,42.3841],[-88.0386,42.3899],[-88.0317,42.3899],[-88.03155,42.3859],[-88.03285,42.3848],[-88.0385,42.38375],[-88.0385,42.37875],[-88.03385,42.3785],[-88.03365,42.3783],[-88.0339,42.37565],[-88.03845,42.37405],[-88.03855,42.3644],[-88.03675,42.3628],[-88.0307,42.3604],[-88.0122,42.36075],[-88.0122,42.3634],[-88.0145,42.3636],[-88.01435,42.37125],[-88.0182,42.37125],[-88.0204,42.37285],[-88.0204,42.3751],[-88.01835,42.37695],[-88.01105,42.37695],[-88.0109,42.37525],[-88.00905,42.37465],[-88.0045,42.37465],[-88.00425,42.37535],[-88.00185,42.37545],[-87.99815,42.38325],[-87.9979,42.38615],[-87.988,42.3861],[-87.9878,42.38765],[-87.9847,42.38795],[-87.98155,42.38735],[-87.98085,42.38615],[-87.9782,42.38725],[-87.97405,42.3876],[-87.9739,42.386],[-87.9684,42.3858],[-87.96835,42.38955],[-87.9661,42.39015],[-87.9662,42.3919],[-87.96485,42.39115],[-87.9634,42.39105],[-87.96335,42.39375],[-87.96225,42.39435],[-87.9495,42.39375],[-87.94945,42.3859],[-87.9488,42.3864],[-87.94865,42.39345],[-87.94675,42.39355],[-87.94855,42.3966],[-87.94825,42.4021],[-87.94485,42.40225],[-87.945,42.40525],[-87.94205,42.40545],[-87.94205,42.4073],[-87.9451,42.40755]],[[-87.9489,42.4022],[-87.9492,42.39945],[-87.9533,42.40005],[-87.95325,42.4023],[-87.9489,42.4022]]],[[[-88.19875,42.4517],[-88.1992,42.45165],[-88.19915,42.44315],[-88.1986,42.44265],[-88.1985,42.4412],[-88.1939,42.44125],[-88.19365,42.4381],[-88.1912,42.4375],[-88.1779,42.43745],[-88.1767,42.435],[-88.17485,42.4331],[-88.176,42.43015],[-88.17125,42.4303],[-88.17085,42.4273],[-88.171,42.4257],[-88.174,42.42585],[-88.174,42.42435],[-88.17425,42.42415],[-88.1753,42.4244],[-88.1783,42.4244],[-88.17965,42.42245],[-88.18385,42.42245],[-88.18435,42.42615],[-88.1862,42.4262],[-88.18615,42.42295],[-88.18545,42.42265],[-88.1868,42.4191],[-88.1872,42.421],[-88.187,42.41225],[-88.1696,42.4121],[-88.16895,42.41335],[-88.16425,42.4133],[-88.163,42.41105],[-88.16355,42.4097],[-88.16705,42.4098],[-88.169,42.4106],[-88.16905,42.40495],[-88.15965,42.40495],[-88.15945,42.4009],[-88.1572,42.39935],[-88.14785,42.39815],[-88.1468,42.3962],[-88.14725,42.394],[-88.1506,42.39385],[-88.15325,42.39385],[-88.15265,42.3927],[-88.14955,42.39245],[-88.1495,42.38245],[-88.1496,42.38185],[-88.1501,42.38155],[-88.1503,42.3809],[-88.1513,42.38075],[-88.1544,42.38185],[-88.1546,42.37935],[-88.15945,42.37885],[-88.15925,42.3762],[-88.16045,42.37435],[-88.1564,42.37385],[-88.15615,42.3723],[-88.15635,42.3721],[-88.1588,42.3721],[-88.15925,42.36935],[-88.1566,42.3708],[-88.1546,42.37115],[-88.154,42.368],[-88.1495,42.3678],[-88.1497,42.36315],[-88.1564,42.36265],[-88.15925,42.36295],[-88.1593,42.35435],[-88.1546,42.35435],[-88.1544,42.35115],[-88.15335,42.35095],[-88.1547,42.34875],[-88.1593,42.35],[-88.15925,42.34325],[-88.16415,42.34305],[-88.16415,42.3326],[-88.163,42.3326],[-88.15595,42.3357],[-88.15565,42.3355],[-88.15565,42.33255],[-88.1473,42.3325],[-88.1473,42.33775],[-88.1451,42.33795],[-88.14485,42.33955],[-88.1429,42.33955],[-88.1428,42.345],[-88.145,42.3452],[-88.14495,42.35045],[-88.1399,42.35065],[-88.1397,42.35045],[-88.1403,42.34705],[-88.1352,42.347],[-88.1352,42.3505],[-88.1401,42.3517],[-88.1401,42.35755],[-88.14725,42.35755],[-88.14745,42.3612],[-88.14845,42.36315],[-88.1399,42.36315],[-88.1397,42.35905],[-88.13845,42.35795],[-88.1303,42.35795],[-88.13025,42.368],[-88.13,42.3682],[-88.12035,42.36615],[-88.1203,42.37555],[-88.11635,42.37555],[-88.1163,42.3721],[-88.1109,42.3721],[-88.1117,42.3745],[-88.11045,42.37515],[-88.11165,42.3807],[-88.11285,42.38085],[-88.1136,42.38385],[-88.1119,42.38305],[-88.1095,42.38305],[-88.1095,42.38475],[-88.1111,42.3848],[-88.1112,42.3862],[-88.1131,42.3862],[-88.1133,42.3876],[-88.1103,42.3876],[-88.1103,42.3898],[-88.10685,42.39155],[-88.1022,42.39155],[-88.1021,42.3984],[-88.0972,42.39835],[-88.0972,42.4007],[-88.12225,42.40075],[-88.1225,42.4082],[-88.1223,42.4084],[-88.09245,42.40835],[-88.09245,42.41405],[-88.097,42.41405],[-88.0972,42.41525],[-88.10185,42.41545],[-88.1019,42.42],[-88.09725,42.4202],[-88.09725,42.42635],[-88.0874,42.4266],[-88.0874,42.42985],[-88.10535,42.4298],[-88.1056,42.43265],[-88.1037,42.43285],[-88.1035,42.43905],[-88.0911,42.4394],[-88.0907,42.4355],[-88.09195,42.43365],[-88.08745,42.43365],[-88.08745,42.4356],[-88.08935,42.44],[-88.0913,42.4397],[-88.09155,42.4399],[-88.0916,42.442],[-88.09365,42.44225],[-88.09365,42.44455],[-88.0921,42.44475],[-88.09005,42.4485],[-88.08835,42.4465],[-88.08425,42.44575],[-88.0842,42.4429],[-88.0851,42.44055],[-88.08855,42.4401],[-88.08725,42.4375],[-88.08255,42.4375],[-88.08255,42.4452],[-88.0823,42.4454],[-88.0727,42.44365],[-88.0726,42.4482],[-88.0724,42.4484],[-88.06745,42.4481],[-88.0673,42.44475],[-88.0629,42.4447],[-88.06265,42.4477],[-88.05765,42.4477],[-88.05745,42.44595],[-88.05515,42.44595],[-88.05515,42.4443],[-88.05745,42.4443],[-88.05765,42.437],[-88.06225,42.437],[-88.0622,42.42995],[-88.06675,42.4267],[-88.06735,42.4229],[-88.05855,42.423],[-88.0591,42.42495],[-88.05895,42.4252],[-88.05305,42.4252],[-88.053,42.4274],[-88.05205,42.4285],[-88.053,42.43075],[-88.05275,42.43735],[-88.04565,42.43735],[-88.0458,42.44085],[-88.0456,42.44105],[-88.0331,42.441],[-88.0329,42.43735],[-88.00935,42.4372],[-88.01025,42.44165],[-88.01465,42.4417],[-88.01485,42.4419],[-88.0146,42.44455],[-88.01075,42.4446],[-88.009,42.44505],[-88.0085,42.44585],[-88.0071,42.4457],[-88.00685,42.4445],[-87.9971,42.4444],[-87.997,42.4527],[-87.9921,42.45285],[-87.99195,42.4659],[-87.9822,42.466],[-87.9821,42.4694],[-87.9809,42.4696],[-87.98085,42.4728],[-87.98205,42.473],[-87.9818,42.48395],[-87.97875,42.48415],[-87.97785,42.4812],[-87.9758,42.48055],[-87.9757,42.4839],[-87.9743,42.4841],[-87.9741,42.4839],[-87.97415,42.4805],[-87.97175,42.4803],[-87.9718,42.4768],[-87.96715,42.47675],[-87.96695,42.47655],[-87.9672,42.47545],[-87.97185,42.47545],[-87.97205,42.47275],[-87.9792,42.4728],[-87.97925,42.4696],[-87.97835,42.4694],[-87.9784,42.46595],[-87.9722,42.46585],[-87.972,42.4637],[-87.9702,42.46365],[-87.96995,42.46585],[-87.9657,42.4658],[-87.9629,42.46255],[-87.96065,42.4557],[-87.9529,42.45565],[-87.95285,42.45795],[-87.95755,42.458],[-87.9577,42.4619],[-87.9567,42.4621],[-87.9565,42.4653],[-87.96355,42.4654],[-87.9641,42.4679],[-87.9623,42.4721],[-87.96005,42.4739],[-87.9576,42.47495],[-87.95745,42.48005],[-87.9526,42.4802],[-87.9524,42.4871],[-87.957,42.48715],[-87.9572,42.48915],[-87.95215,42.49145],[-87.94825,42.4913],[-87.9457,42.4883],[-87.94305,42.4871],[-87.94305,42.48435],[-87.9423,42.48175],[-87.94475,42.4816],[-87.9457,42.47465],[-87.94635,42.47435],[-87.9461,42.46655],[-87.94365,42.4654],[-87.94265,42.4625],[-87.9442,42.46155],[-87.94395,42.45825],[-87.94275,42.45805],[-87.9427,42.45445],[-87.94535,42.4543],[-87.9451,42.4511],[-87.94425,42.44945],[-87.93885,42.44445],[-87.9379,42.4427],[-87.9377,42.43155],[-87.9361,42.4281],[-87.9377,42.4271],[-87.9377,42.4255],[-87.929,42.4254],[-87.9289,42.42865],[-87.93325,42.4287],[-87.93345,42.4325],[-87.93325,42.4327],[-87.92845,42.43265],[-87.92805,42.44645],[-87.9306,42.4604],[-87.9304,42.46065],[-87.92795,42.4604],[-87.92795,42.4581],[-87.92305,42.45785],[-87.9232,42.45075],[-87.9185,42.45075],[-87.9183,42.45055],[-87.91855,42.4467],[-87.92325,42.44665],[-87.92325,42.4399],[-87.91385,42.43985],[-87.9136,42.4435],[-87.90875,42.44345],[-87.90855,42.44165],[-87.904,42.4416],[-87.90395,42.4472],[-87.9087,42.4472],[-87.9089,42.4474],[-87.90865,42.4485],[-87.90355,42.4485],[-87.8995,42.44805],[-87.8995,42.4523],[-87.90225,42.45235],[-87.90385,42.45325],[-87.9038,42.45755],[-87.9166,42.4576],[-87.9185,42.4591],[-87.91845,42.46125],[-87.92675,42.46135],[-87.9269,42.46515],[-87.92635,42.4691],[-87.9312,42.4692],[-87.9313,42.4699],[-87.93015,42.47265],[-87.923,42.47255],[-87.92305,42.46535],[-87.92005,42.4653],[-87.91985,42.46285],[-87.91805,42.46165],[-87.91355,42.46165],[-87.9133,42.4652],[-87.9085,42.46515],[-87.90845,42.46845],[-87.9108,42.46845],[-87.9132,42.4694],[-87.91315,42.4707],[-87.9084,42.47065],[-87.9082,42.47155],[-87.90345,42.47155],[-87.903,42.4864],[-87.90045,42.48695],[-87.90035,42.489],[-87.90275,42.4884],[-87.90765,42.4884],[-87.90785,42.4886],[-87.90755,42.49065],[-87.9004,42.49055],[-87.9003,42.4939],[-88.0775,42.4956],[-88.07765,42.4883],[-88.07675,42.4881],[-88.07675,42.4824],[-88.07225,42.4824],[-88.07205,42.48555],[-88.0671,42.48555],[-88.0669,42.4844],[-88.06245,42.48495],[-88.06235,42.4892],[-88.0585,42.4892],[-88.05825,42.4913],[-88.0539,42.49175],[-88.0471,42.49175],[-88.0469,42.49155],[-88.0473,42.4842],[-88.06205,42.48425],[-88.06175,42.47655],[-88.05945,42.4774],[-88.05215,42.47715],[-88.0523,42.46555],[-88.0508,42.46645],[-88.0507,42.47215],[-88.0477,42.47235],[-88.04745,42.476],[-88.0427,42.47595],[-88.0425,42.47735],[-88.03775,42.47735],[-88.0375,42.48095],[-88.0228,42.4809],[-88.0226,42.4791],[-88.0179,42.4791],[-88.0177,42.4789],[-88.0179,42.4778],[-88.0226,42.4778],[-88.02265,42.4764],[-88.0181,42.4764],[-88.0179,42.4773],[-88.013,42.47725],[-88.01285,42.4736],[-87.99675,42.47335],[-87.9965,42.4752],[-87.99165,42.47515],[-87.99145,42.47495],[-87.9917,42.472],[-87.9964,42.47205],[-87.9965,42.46735],[-87.9971,42.4657],[-88.0131,42.46585],[-88.0133,42.4698],[-88.0108,42.47],[-88.0108,42.4714],[-88.0138,42.4714],[-88.014,42.4732],[-88.01795,42.4732],[-88.0181,42.4751],[-88.02265,42.4751],[-88.02285,42.47325],[-88.0325,42.4733],[-88.03265,42.46125],[-88.0379,42.46105],[-88.03805,42.4659],[-88.04735,42.46595],[-88.0474,42.4628],[-88.04145,42.4628],[-88.0413,42.45935],[-88.028,42.45915],[-88.0272,42.4581],[-88.0269,42.45695],[-88.0271,42.4567],[-88.0299,42.4567],[-88.03,42.44935],[-88.0324,42.449],[-88.0326,42.4471],[-88.0379,42.4465],[-88.0428,42.44705],[-88.043,42.4502],[-88.0477,42.4502],[-88.0479,42.45155],[-88.05285,42.4514],[-88.05305,42.4516],[-88.0528,42.4588],[-88.06245,42.45885],[-88.06265,42.45975],[-88.0674,42.45975],[-88.06765,42.4624],[-88.07255,42.4624],[-88.07255,42.4661],[-88.07635,42.4661],[-88.0772,42.46375],[-88.07965,42.464],[-88.0795,42.4661],[-88.0821,42.4652],[-88.09035,42.46515],[-88.08995,42.45645],[-88.0908,42.4589],[-88.0926,42.45905],[-88.09375,42.4612],[-88.0931,42.4628],[-88.09325,42.46755],[-88.0954,42.46975],[-88.10025,42.4698],[-88.0998,42.4685],[-88.10195,42.467],[-88.101,42.46505],[-88.10385,42.46505],[-88.10645,42.4662],[-88.10675,42.46245],[-88.11665,42.4624],[-88.1168,42.46595],[-88.126,42.46605],[-88.12625,42.46965],[-88.12875,42.4698],[-88.1288,42.47355],[-88.1261,42.47475],[-88.12275,42.47475],[-88.1233,42.47805],[-88.1213,42.4781],[-88.1215,42.48085],[-88.1212,42.4884],[-88.1018,42.4884],[-88.1018,42.49155],[-88.11105,42.4915],[-88.11125,42.49015],[-88.11325,42.49035],[-88.11325,42.49195],[-88.1117,42.49215],[-88.1115,42.49415],[-88.1087,42.49415],[-88.1087,42.4955],[-88.1984,42.49515],[-88.1992,42.49265],[-88.1992,42.48825],[-88.1794,42.48845],[-88.1787,42.4866],[-88.17885,42.48635],[-88.17945,42.4808],[-88.1843,42.48075],[-88.18425,42.47735],[-88.1854,42.47715],[-88.18555,42.4735],[-88.19895,42.47325],[-88.1989,42.46635],[-88.19925,42.46615],[-88.1992,42.45565],[-88.19865,42.45545],[-88.19875,42.4517]],[[-87.93135,42.46515],[-87.93125,42.469],[-87.9289,42.4688],[-87.92895,42.4652],[-87.93135,42.46515]],[[-87.94245,42.48725],[-87.9374,42.48725],[-87.9373,42.4842],[-87.94015,42.484],[-87.9426,42.4847],[-87.94245,42.48725]],[[-88.1137,42.42955],[-88.1116,42.42995],[-88.1116,42.4263],[-88.1128,42.4261],[-88.1128,42.4229],[-88.11155,42.422],[-88.10665,42.4218],[-88.10665,42.41545],[-88.1157,42.4152],[-88.11815,42.41545],[-88.1182,42.418],[-88.11705,42.4206],[-88.11415,42.4206],[-88.1142,42.42185],[-88.11725,42.42185],[-88.11735,42.42485],[-88.1159,42.4286],[-88.1137,42.42955]]],[[[-88.04775,42.4324],[-88.05015,42.4309],[-88.05015,42.42625],[-88.0515,42.4261],[-88.05155,42.42265],[-88.05265,42.42245],[-88.05265,42.4192],[-88.04795,42.4192],[-88.0469,42.42215],[-88.04795,42.424],[-88.0471,42.42485],[-88.0451,42.4248],[-88.0449,42.4228],[-88.03835,42.4228],[-88.03815,42.42345],[-88.03345,42.4234],[-88.0334,42.426],[-88.0352,42.42625],[-88.0349,42.4289],[-88.03385,42.4291],[-88.0334,42.43045],[-88.03595,42.4318],[-88.03995,42.4355],[-88.04065,42.4332],[-88.04765,42.43325],[-88.04775,42.4324]]],[[[-87.95285,42.45005],[-87.95285,42.4507],[-87.9594,42.4508],[-87.95495,42.43595],[-87.95155,42.43135],[-87.9485,42.428],[-87.9475,42.4256],[-87.94805,42.41125],[-87.9382,42.41125],[-87.9382,42.4126],[-87.94495,42.41265],[-87.9452,42.4137],[-87.945,42.4139],[-87.9382,42.414],[-87.93805,42.41785],[-87.9434,42.41805],[-87.94325,42.4268],[-87.93995,42.427],[-87.93995,42.42875],[-87.94325,42.429],[-87.9432,42.43395],[-87.9462,42.434],[-87.94625,42.43265],[-87.9481,42.4327],[-87.9481,42.43465],[-87.94655,42.43485],[-87.9462,42.4376],[-87.94805,42.43855],[-87.948,42.44705],[-87.95045,42.44725],[-87.95045,42.44985],[-87.95285,42.45005]]],[[[-87.9112,42.153],[-87.89735,42.1529],[-87.89735,42.1558],[-87.8997,42.15675],[-87.9049,42.15655],[-87.90515,42.1589],[-87.91095,42.15885],[-87.91405,42.1607],[-87.91825,42.1606],[-87.91965,42.1614],[-87.92055,42.1627],[-87.92035,42.16305],[-87.91395,42.163],[-87.91365,42.16525],[-87.91675,42.16585],[-87.9224,42.16585],[-87.9227,42.1667],[-87.9404,42.16695],[-87.94155,42.1653],[-87.9456,42.16535],[-87.9458,42.1642],[-87.95065,42.16425],[-87.95185,42.161],[-87.94185,42.16095],[-87.9418,42.1628],[-87.93955,42.16335],[-87.93705,42.15975],[-87.9183,42.16005],[-87.9176,42.1591],[-87.91335,42.1592],[-87.91315,42.15895],[-87.91355,42.15695],[-87.9133,42.1559],[-87.911,42.155],[-87.9112,42.153]]],[[[-87.92085,42.1757],[-87.92075,42.17485],[-87.9166,42.17315],[-87.91635,42.1752],[-87.9019,42.175],[-87.90185,42.1776],[-87.9062,42.18095],[-87.9066,42.18565],[-87.90865,42.1868],[-87.91335,42.1869],[-87.9132,42.18545],[-87.9159,42.1843],[-87.91965,42.18565],[-87.92035,42.18415],[-87.9202,42.1811],[-87.92195,42.17775],[-87.92085,42.1757]]],[[[-87.93575,42.22155],[-87.937,42.22365],[-87.9392,42.2237],[-87.935,42.21505],[-87.93365,42.21035],[-87.9314,42.209],[-87.932,42.20745],[-87.92755,42.20735],[-87.9272,42.20165],[-87.92185,42.2008],[-87.9193,42.20105],[-87.91905,42.20245],[-87.9136,42.20385],[-87.9136,42.2073],[-87.9158,42.20735],[-87.916,42.20935],[-87.9158,42.20955],[-87.9117,42.2095],[-87.9111,42.21055],[-87.91105,42.2183],[-87.9058,42.2184],[-87.9041,42.21735],[-87.90415,42.21545],[-87.8992,42.21485],[-87.9,42.21905],[-87.90595,42.2192],[-87.9061,42.2218],[-87.92525,42.22215],[-87.9255,42.2209],[-87.93575,42.22155]]],[[[-87.9097,42.2736],[-87.9089,42.27185],[-87.9067,42.27235],[-87.9067,42.2694],[-87.89805,42.26935],[-87.8979,42.26665],[-87.89485,42.2666],[-87.89465,42.2637],[-87.89545,42.2635],[-87.8955,42.2588],[-87.89285,42.2579],[-87.89275,42.25565],[-87.89,42.25595],[-87.8876,42.25095],[-87.88625,42.2511],[-87.8862,42.2582],[-87.88925,42.2617],[-87.8891,42.262],[-87.8861,42.262],[-87.8859,42.2761],[-87.8937,42.2762],[-87.8938,42.2797],[-87.90045,42.27955],[-87.9006,42.2772],[-87.9097,42.2736]]],[[[-87.9029,42.3198],[-87.9047,42.31985],[-87.9049,42.31555],[-87.903,42.31165],[-87.9032,42.31135],[-87.9057,42.31145],[-87.9061,42.3111],[-87.90465,42.3087],[-87.90305,42.2991],[-87.9031,42.29615],[-87.9046,42.29185],[-87.9112,42.2818],[-87.90995,42.28225],[-87.9045,42.2911],[-87.89995,42.29115],[-87.898,42.2839],[-87.8926,42.2838],[-87.89255,42.2871],[-87.89145,42.2873],[-87.89145,42.29065],[-87.8994,42.29075],[-87.8997,42.29175],[-87.8995,42.29195],[-87.89385,42.2919],[-87.8936,42.29245],[-87.8881,42.2924],[-87.8904,42.301],[-87.88875,42.2999],[-87.8857,42.2999],[-87.88615,42.30605],[-87.8916,42.30585],[-87.8926,42.3094],[-87.8924,42.30965],[-87.8891,42.3091],[-87.8779,42.3089],[-87.8777,42.3092],[-87.8807,42.31925],[-87.9029,42.3198]]],[[[-87.92145,42.34625],[-87.92415,42.34655],[-87.9281,42.3509],[-87.92795,42.35125],[-87.92445,42.3512],[-87.9243,42.3565],[-87.91465,42.35645],[-87.91465,42.36015],[-87.91955,42.3604],[-87.91955,42.3694],[-87.92265,42.3694],[-87.93125,42.3564],[-87.93485,42.35635],[-87.93905,42.3506],[-87.93445,42.35055],[-87.93435,42.3492],[-87.93485,42.3479],[-87.9346,42.3461],[-87.935,42.3454],[-87.9401,42.34545],[-87.9414,42.34385],[-87.94335,42.34365],[-87.94365,42.34185],[-87.946,42.3419],[-87.9511,42.3346],[-87.95535,42.33465],[-87.95535,42.3326],[-87.9532,42.3317],[-87.9534,42.3311],[-87.9495,42.33045],[-87.9477,42.32775],[-87.9443,42.3277],[-87.94425,42.33115],[-87.94655,42.3316],[-87.9465,42.3332],[-87.9418,42.33315],[-87.9417,42.33475],[-87.94025,42.3367],[-87.93765,42.33625],[-87.93745,42.33765],[-87.9342,42.33855],[-87.9295,42.3385],[-87.92945,42.34125],[-87.9391,42.3418],[-87.9393,42.3435],[-87.93865,42.34435],[-87.92925,42.34515],[-87.92905,42.34495],[-87.92905,42.3421],[-87.9215,42.3421],[-87.92145,42.34625]]],[[[-87.948,42.3807],[-87.94605,42.3773],[-87.93935,42.3639],[-87.93955,42.36365],[-87.9507,42.3637],[-87.9523,42.36225],[-87.9524,42.35665],[-87.95365,42.35645],[-87.95365,42.3544],[-87.95295,42.35415],[-87.95295,42.3532],[-87.9429,42.3529],[-87.94265,42.3568],[-87.93805,42.35675],[-87.93805,42.36075],[-87.9349,42.36095],[-87.9349,42.3629],[-87.93865,42.36375],[-87.9452,42.37745],[-87.94465,42.37905],[-87.948,42.3807]]],[[[-87.9333,42.4039],[-87.93335,42.40245],[-87.92865,42.3963],[-87.93105,42.3963],[-87.9311,42.3931],[-87.92865,42.3929],[-87.9287,42.3902],[-87.92375,42.38995],[-87.9204,42.38545],[-87.9223,42.3822],[-87.9223,42.37905],[-87.9191,42.37995],[-87.9128,42.38075],[-87.9137,42.3858],[-87.9191,42.39625],[-87.91975,42.39635],[-87.92365,42.40345],[-87.9265,42.40815],[-87.92855,42.40725],[-87.9371,42.4073],[-87.9348,42.40405],[-87.9333,42.4039]]],[[[-87.8917,42.41045],[-87.89405,42.41045],[-87.89425,42.39975],[-87.89445,42.39955],[-87.8983,42.3998],[-87.8992,42.39645],[-87.8888,42.39625],[-87.88955,42.39755],[-87.8857,42.39745],[-87.8845,42.39685],[-87.88445,42.39595],[-87.8825,42.39595],[-87.8823,42.39565],[-87.88265,42.3945],[-87.88,42.39455],[-87.88045,42.39655],[-87.8812,42.39635],[-87.8814,42.3969],[-87.8824,42.3969],[-87.88255,42.39715],[-87.8822,42.3982],[-87.88325,42.3982],[-87.8834,42.3991],[-87.8848,42.39915],[-87.88505,42.4001],[-87.88965,42.40025],[-87.8898,42.4015],[-87.8896,42.4017],[-87.88485,42.40155],[-87.88455,42.41735],[-87.8903,42.4174],[-87.8903,42.414],[-87.89155,42.4138],[-87.8917,42.41045]]],[[[-87.8213,42.3992],[-87.8222,42.3921],[-87.80195,42.39205],[-87.8026,42.396],[-87.80305,42.4048],[-87.8026,42.4075],[-87.80295,42.41505],[-87.80415,42.4219],[-87.8039,42.4249],[-87.80445,42.42805],[-87.8032,42.43775],[-87.80205,42.44185],[-87.81545,42.4419],[-87.81625,42.4405],[-87.8163,42.43715],[-87.81705,42.43535],[-87.8178,42.4354],[-87.81755,42.4374],[-87.8186,42.43815],[-87.8192,42.43515],[-87.81925,42.42985],[-87.82165,42.3993],[-87.8213,42.3992]]],[[[-87.8154,42.4622],[-87.8163,42.453],[-87.8011,42.4529],[-87.79975,42.4532],[-87.80025,42.457],[-87.8004,42.46245],[-87.79955,42.46395],[-87.8153,42.46405],[-87.8154,42.4622]]]]},"properties":{"kind":"neighbour","name":"Unincorporated Lake County","region":"Lake County","lp":[-88.1574,42.46],"rest":true}},
{"type":"Feature","geometry":{"type":"MultiPolygon","coordinates":[[[[-88.2594,41.64345],[-88.2606,41.6957],[-88.2614,41.6955],[-88.26195,41.69605],[-88.26415,41.69575],[-88.26555,41.69475],[-88.26415,41.69245],[-88.26495,41.6915],[-88.26765,41.6911],[-88.2676,41.6854],[-88.26945,41.68405],[-88.27265,41.6842],[-88.2729,41.68595],[-88.2753,41.68615],[-88.2757,41.6962],[-88.27995,41.69635],[-88.2799,41.69335],[-88.28265,41.6929],[-88.28255,41.691],[-88.27875,41.6909],[-88.2787,41.68685],[-88.2811,41.6866],[-88.28135,41.6887],[-88.2847,41.68865],[-88.28485,41.68655],[-88.28955,41.68645],[-88.28935,41.6794],[-88.28955,41.6792],[-88.29465,41.67935],[-88.2948,41.6864],[-88.30435,41.68625],[-88.3047,41.6912],[-88.3071,41.6918],[-88.3119,41.69075],[-88.3109,41.689],[-88.3108,41.68635],[-88.3136,41.6861],[-88.3139,41.6873],[-88.3185,41.68745],[-88.3184,41.6792],[-88.3088,41.67915],[-88.30825,41.66825],[-88.30845,41.66805],[-88.318,41.6679],[-88.3181,41.66425],[-88.33285,41.6642],[-88.33055,41.66215],[-88.33065,41.6604],[-88.33695,41.65915],[-88.33705,41.65685],[-88.34645,41.6568],[-88.3461,41.64995],[-88.33685,41.65],[-88.33655,41.6462],[-88.33675,41.646],[-88.3459,41.6459],[-88.3492,41.64405],[-88.3506,41.644],[-88.3514,41.64505],[-88.35425,41.6452],[-88.35435,41.6496],[-88.3588,41.64955],[-88.35865,41.6373],[-88.3636,41.6371],[-88.36955,41.63765],[-88.37115,41.6389],[-88.3737,41.63875],[-88.3739,41.639],[-88.37205,41.64455],[-88.37405,41.6451],[-88.3742,41.64045],[-88.383,41.64025],[-88.38625,41.64275],[-88.38235,41.64805],[-88.3857,41.64825],[-88.3859,41.64855],[-88.38535,41.65015],[-88.3917,41.65095],[-88.3942,41.65195],[-88.3934,41.65465],[-88.3951,41.65475],[-88.39525,41.6551],[-88.39055,41.66055],[-88.38175,41.6593],[-88.3815,41.65625],[-88.37925,41.65625],[-88.379,41.6542],[-88.3646,41.65475],[-88.36415,41.65725],[-88.36055,41.6572],[-88.3606,41.66055],[-88.36375,41.66045],[-88.36395,41.6607],[-88.36375,41.6635],[-88.3671,41.66345],[-88.3673,41.6644],[-88.37755,41.6642],[-88.37775,41.67305],[-88.3773,41.6749],[-88.3708,41.6756],[-88.37025,41.6741],[-88.3648,41.6754],[-88.3601,41.67755],[-88.3616,41.679],[-88.3645,41.6782],[-88.36355,41.67975],[-88.36185,41.68],[-88.3589,41.6815],[-88.35955,41.6839],[-88.3584,41.6847],[-88.36855,41.686],[-88.36905,41.6825],[-88.3704,41.6825],[-88.37135,41.6875],[-88.37345,41.68725],[-88.3733,41.6823],[-88.37955,41.68155],[-88.3798,41.6797],[-88.3848,41.6795],[-88.385,41.6856],[-88.386,41.6856],[-88.38625,41.68145],[-88.39,41.68075],[-88.39175,41.67975],[-88.39205,41.67995],[-88.3916,41.68965],[-88.3955,41.68955],[-88.39495,41.6777],[-88.40245,41.67205],[-88.40885,41.67775],[-88.41075,41.67635],[-88.40475,41.67075],[-88.4048,41.6704],[-88.41685,41.6641],[-88.4305,41.65715],[-88.4282,41.65685],[-88.423,41.65515],[-88.4229,41.65485],[-88.42455,41.6523],[-88.42255,41.65155],[-88.42185,41.64645],[-88.42645,41.64535],[-88.4308,41.64555],[-88.4306,41.643],[-88.4335,41.6426],[-88.4361,41.6431],[-88.43695,41.64365],[-88.43695,41.63335],[-88.4361,41.62965],[-88.42845,41.62545],[-88.42685,41.6249],[-88.4209,41.62685],[-88.41545,41.6293],[-88.41515,41.62915],[-88.415,41.62675],[-88.41725,41.6265],[-88.4171,41.6218],[-88.41125,41.6178],[-88.40715,41.6168],[-88.40715,41.60945],[-88.42635,41.60895],[-88.42635,41.60445],[-88.4315,41.60485],[-88.43645,41.60465],[-88.4379,41.60765],[-88.4413,41.6064],[-88.44225,41.6075],[-88.44215,41.6078],[-88.43895,41.60895],[-88.4408,41.61105],[-88.44185,41.6107],[-88.4432,41.61235],[-88.4435,41.61415],[-88.44685,41.6128],[-88.4491,41.61435],[-88.4487,41.61715],[-88.4523,41.6147],[-88.4526,41.6148],[-88.45405,41.6187],[-88.45515,41.6187],[-88.4589,41.6286],[-88.46395,41.62725],[-88.46605,41.6336],[-88.47365,41.6307],[-88.47195,41.62475],[-88.4663,41.6258],[-88.4656,41.6243],[-88.46575,41.62405],[-88.4772,41.6222],[-88.47985,41.62615],[-88.47975,41.6291],[-88.4762,41.6304],[-88.4771,41.63205],[-88.48135,41.6302],[-88.48085,41.62805],[-88.4826,41.6274],[-88.4803,41.6239],[-88.4804,41.6236],[-88.48215,41.62305],[-88.4821,41.6201],[-88.48225,41.6198],[-88.48525,41.6194],[-88.48415,41.61375],[-88.47725,41.61215],[-88.47525,41.61425],[-88.4723,41.61255],[-88.47595,41.6116],[-88.4765,41.6104],[-88.47965,41.6108],[-88.48035,41.6088],[-88.47535,41.6068],[-88.47555,41.60145],[-88.4759,41.6002],[-88.47395,41.59935],[-88.4769,41.5958],[-88.48075,41.5957],[-88.48225,41.5972],[-88.4806,41.60105],[-88.4859,41.601],[-88.49125,41.59995],[-88.49285,41.601],[-88.49545,41.60025],[-88.4947,41.5989],[-88.498,41.5884],[-88.50455,41.58825],[-88.50445,41.585],[-88.5031,41.58485],[-88.5031,41.58335],[-88.50435,41.58315],[-88.504,41.574],[-88.5042,41.5738],[-88.5077,41.57395],[-88.5083,41.58825],[-88.51335,41.59185],[-88.51335,41.5922],[-88.49595,41.6015],[-88.49625,41.60985],[-88.4968,41.61255],[-88.49655,41.6128],[-88.4885,41.61145],[-88.48665,41.6135],[-88.48775,41.6191],[-88.4925,41.6187],[-88.49345,41.624],[-88.48595,41.6267],[-88.4884,41.6394],[-88.48825,41.63965],[-88.48705,41.63965],[-88.48635,41.63605],[-88.48505,41.636],[-88.48395,41.6306],[-88.4794,41.6325],[-88.47745,41.63395],[-88.4764,41.6328],[-88.47245,41.63375],[-88.46895,41.63405],[-88.4728,41.6432],[-88.47265,41.6435],[-88.4643,41.6447],[-88.46085,41.64395],[-88.4566,41.64385],[-88.45665,41.6467],[-88.4564,41.6469],[-88.45255,41.6474],[-88.45685,41.6492],[-88.45695,41.6525],[-88.45675,41.6527],[-88.45135,41.65235],[-88.4509,41.65455],[-88.4456,41.65425],[-88.4454,41.65585],[-88.44915,41.65605],[-88.4511,41.6568],[-88.45105,41.65835],[-88.455,41.65905],[-88.4558,41.6565],[-88.4588,41.6564],[-88.459,41.65295],[-88.4665,41.6528],[-88.4668,41.6562],[-88.47145,41.65605],[-88.48045,41.6565],[-88.48045,41.65435],[-88.48065,41.65415],[-88.4879,41.655],[-88.4881,41.657],[-88.48975,41.657],[-88.4905,41.6551],[-88.49095,41.64965],[-88.4949,41.64935],[-88.4951,41.64955],[-88.49475,41.6533],[-88.50045,41.65315],[-88.5008,41.6503],[-88.50415,41.6502],[-88.50425,41.64885],[-88.50965,41.6485],[-88.51135,41.64725],[-88.5155,41.64715],[-88.5171,41.6472],[-88.51765,41.6473],[-88.5178,41.6476],[-88.51545,41.6513],[-88.528,41.65135],[-88.5318,41.65395],[-88.53985,41.65385],[-88.5414,41.65265],[-88.55525,41.6495],[-88.5555,41.6497],[-88.55555,41.653],[-88.55825,41.65325],[-88.5604,41.65425],[-88.56165,41.6521],[-88.56385,41.6518],[-88.5663,41.64955],[-88.5698,41.6495],[-88.57005,41.65215],[-88.57135,41.65295],[-88.5713,41.6533],[-88.54755,41.6595],[-88.5468,41.6609],[-88.54805,41.66485],[-88.5511,41.6658],[-88.5512,41.6661],[-88.54965,41.66895],[-88.5533,41.67005],[-88.555,41.66715],[-88.55885,41.66935],[-88.5592,41.67195],[-88.5584,41.67435],[-88.5563,41.67815],[-88.5542,41.6795],[-88.5492,41.67905],[-88.5479,41.68185],[-88.537,41.67955],[-88.5371,41.6842],[-88.54655,41.685],[-88.5464,41.68575],[-88.53715,41.68605],[-88.53715,41.68675],[-88.55665,41.6859],[-88.55715,41.68785],[-88.55695,41.6881],[-88.55555,41.6881],[-88.5553,41.68935],[-88.55905,41.6897],[-88.55885,41.6935],[-88.55485,41.6936],[-88.55495,41.6968],[-88.56375,41.69675],[-88.56405,41.6994],[-88.56645,41.69955],[-88.5666,41.704],[-88.57115,41.70395],[-88.57145,41.7076],[-88.57445,41.70775],[-88.5753,41.71085],[-88.5751,41.7111],[-88.57155,41.71115],[-88.5715,41.71295],[-88.56865,41.71415],[-88.56725,41.7163],[-88.5686,41.7173],[-88.56855,41.7191],[-88.5612,41.72015],[-88.5573,41.72025],[-88.5572,41.7202],[-88.55715,41.72015],[-88.55715,41.7201],[-88.5571,41.72005],[-88.5569,41.71535],[-88.54735,41.7152],[-88.54685,41.704],[-88.54715,41.6981],[-88.5533,41.6972],[-88.5532,41.69365],[-88.5515,41.69345],[-88.5513,41.68995],[-88.5373,41.69],[-88.5375,41.69705],[-88.5327,41.69725],[-88.5329,41.70415],[-88.53165,41.70455],[-88.5314,41.70435],[-88.5312,41.69725],[-88.52745,41.6971],[-88.52725,41.69],[-88.51955,41.69005],[-88.51935,41.68985],[-88.51955,41.6872],[-88.52715,41.68715],[-88.5271,41.68645],[-88.5196,41.6865],[-88.5194,41.68395],[-88.51995,41.6827],[-88.524,41.68005],[-88.52235,41.67915],[-88.52225,41.6729],[-88.51945,41.6739],[-88.5096,41.67405],[-88.5086,41.67765],[-88.5084,41.6848],[-88.4864,41.68485],[-88.48355,41.68365],[-88.4824,41.6811],[-88.4722,41.6813],[-88.472,41.6799],[-88.462,41.6804],[-88.4621,41.68615],[-88.47235,41.6858],[-88.47265,41.6906],[-88.47245,41.6908],[-88.4661,41.6905],[-88.4669,41.6915],[-88.46695,41.6944],[-88.4638,41.6947],[-88.4627,41.69845],[-88.45825,41.69855],[-88.45855,41.7077],[-88.46825,41.70975],[-88.4685,41.7151],[-88.4683,41.7153],[-88.45885,41.7154],[-88.45865,41.71625],[-88.43445,41.7169],[-88.43415,41.71385],[-88.42925,41.71375],[-88.429,41.7067],[-88.41965,41.70695],[-88.4199,41.71405],[-88.41995,41.7173],[-88.4106,41.71765],[-88.41095,41.722],[-88.4181,41.7219],[-88.4182,41.72195],[-88.41825,41.722],[-88.41825,41.72205],[-88.4183,41.72205],[-88.4183,41.7221],[-88.4183,41.7223],[-88.4345,41.72205],[-88.43435,41.7219],[-88.43425,41.71725],[-88.43445,41.71705],[-88.4725,41.716],[-88.4727,41.7162],[-88.47275,41.71885],[-88.47275,41.7214],[-88.4727,41.7215],[-88.6036,41.71955],[-88.60225,41.6314],[-88.6002,41.57525],[-88.60065,41.5703],[-88.5993,41.5556],[-88.59595,41.45715],[-88.4817,41.4579],[-88.3653,41.4605],[-88.25225,41.46305],[-88.2594,41.64345]],[[-88.2653,41.6799],[-88.26035,41.6798],[-88.2601,41.6725],[-88.2653,41.67245],[-88.2653,41.6799]],[[-88.36585,41.5259],[-88.40405,41.52495],[-88.4043,41.5323],[-88.40505,41.5325],[-88.40485,41.53995],[-88.37605,41.54065],[-88.37595,41.548],[-88.3661,41.54805],[-88.3657,41.5261],[-88.36585,41.5259]],[[-88.4115,41.6576],[-88.4114,41.65265],[-88.40735,41.6527],[-88.40545,41.6513],[-88.40715,41.64875],[-88.4094,41.64725],[-88.41365,41.6491],[-88.4148,41.64885],[-88.41855,41.65245],[-88.41705,41.6561],[-88.4148,41.65725],[-88.4115,41.6576]],[[-88.4172,41.7175],[-88.41995,41.71745],[-88.42025,41.7195],[-88.41795,41.71975],[-88.4172,41.7175]],[[-88.4336,41.48065],[-88.44295,41.4804],[-88.44355,41.4818],[-88.4438,41.49165],[-88.4336,41.4921],[-88.4332,41.48295],[-88.43255,41.48125],[-88.4336,41.48065]],[[-88.4848,41.47605],[-88.48485,41.47895],[-88.486,41.48065],[-88.48575,41.48675],[-88.4875,41.48695],[-88.4874,41.4908],[-88.4824,41.4906],[-88.4822,41.4849],[-88.4776,41.48315],[-88.47165,41.48215],[-88.45835,41.48225],[-88.45885,41.4948],[-88.45865,41.495],[-88.44985,41.4951],[-88.44955,41.4803],[-88.4447,41.48075],[-88.4445,41.48055],[-88.44435,41.47565],[-88.44785,41.47535],[-88.447,41.47355],[-88.43825,41.47375],[-88.4379,41.4663],[-88.4381,41.4661],[-88.45255,41.4657],[-88.45295,41.47295],[-88.46235,41.4727],[-88.46275,41.4799],[-88.4583,41.48015],[-88.45835,41.481],[-88.46855,41.4809],[-88.4687,41.47965],[-88.47775,41.4795],[-88.4778,41.478],[-88.47885,41.47785],[-88.48085,41.4788],[-88.4806,41.47165],[-88.4808,41.47145],[-88.49175,41.4714],[-88.49195,41.47245],[-88.49175,41.47265],[-88.4835,41.4726],[-88.4836,41.4759],[-88.4848,41.47605]],[[-88.46075,41.6175],[-88.4612,41.61905],[-88.4591,41.6196],[-88.45885,41.6178],[-88.46075,41.6175]],[[-88.49365,41.69015],[-88.48895,41.6902],[-88.4892,41.7006],[-88.48755,41.7048],[-88.47765,41.70515],[-88.47745,41.70495],[-88.4776,41.7032],[-88.4831,41.703],[-88.4829,41.69515],[-88.47725,41.6951],[-88.47695,41.6863],[-88.47715,41.6861],[-88.4935,41.68615],[-88.49365,41.69015]],[[-88.49225,41.4853],[-88.4958,41.487],[-88.49875,41.4869],[-88.49865,41.4889],[-88.4957,41.4874],[-88.49215,41.4874],[-88.49225,41.4853]],[[-88.50895,41.57375],[-88.5333,41.5736],[-88.5337,41.5787],[-88.5221,41.5875],[-88.5147,41.5916],[-88.50935,41.58795],[-88.5088,41.57395],[-88.50895,41.57375]],[[-88.5586,41.60665],[-88.55785,41.605],[-88.55405,41.6067],[-88.55435,41.61275],[-88.5497,41.61325],[-88.5509,41.61445],[-88.55105,41.6158],[-88.55415,41.6185],[-88.5542,41.6188],[-88.5515,41.6216],[-88.54955,41.621],[-88.5448,41.62105],[-88.5431,41.62315],[-88.5364,41.6232],[-88.5359,41.6176],[-88.5251,41.61765],[-88.52485,41.61245],[-88.5378,41.60705],[-88.5381,41.6072],[-88.5382,41.60995],[-88.54225,41.6099],[-88.54235,41.6052],[-88.54815,41.6028],[-88.54845,41.6014],[-88.54995,41.60015],[-88.5474,41.5988],[-88.54735,41.59845],[-88.54855,41.5977],[-88.5519,41.59805],[-88.55385,41.5964],[-88.54775,41.5973],[-88.54655,41.59825],[-88.54555,41.5974],[-88.54315,41.59775],[-88.5424,41.59635],[-88.53895,41.5961],[-88.53775,41.59525],[-88.53625,41.5953],[-88.53605,41.5951],[-88.53625,41.5944],[-88.5377,41.59435],[-88.5375,41.5921],[-88.53775,41.5919],[-88.54175,41.59215],[-88.5419,41.59085],[-88.554,41.58855],[-88.5552,41.5898],[-88.55625,41.5953],[-88.55755,41.59445],[-88.5594,41.5958],[-88.5594,41.59615],[-88.5573,41.5992],[-88.56115,41.59985],[-88.5613,41.6001],[-88.56045,41.60225],[-88.5634,41.60265],[-88.56125,41.60765],[-88.5598,41.6076],[-88.5586,41.60665]],[[-88.56325,41.6155],[-88.5603,41.61625],[-88.56205,41.6126],[-88.5642,41.6122],[-88.56445,41.61245],[-88.56325,41.6155]],[[-88.5846,41.54835],[-88.5827,41.54535],[-88.57835,41.5451],[-88.57635,41.5445],[-88.57055,41.5446],[-88.5702,41.5288],[-88.57235,41.5286],[-88.5735,41.52965],[-88.5799,41.5295],[-88.58,41.5264],[-88.58485,41.5264],[-88.58535,41.5295],[-88.59005,41.52965],[-88.5903,41.5443],[-88.5841,41.54455],[-88.58635,41.54765],[-88.58625,41.54795],[-88.5846,41.54835]]],[[[-88.33395,41.7076],[-88.30015,41.70785],[-88.3003,41.7099],[-88.30215,41.70985],[-88.30235,41.7081],[-88.32035,41.70785],[-88.3205,41.70855],[-88.3183,41.70985],[-88.3196,41.7128],[-88.3197,41.7169],[-88.3221,41.7169],[-88.3223,41.7188],[-88.3362,41.7183],[-88.34,41.7189],[-88.3433,41.72035],[-88.34335,41.72065],[-88.3419,41.72195],[-88.34165,41.72305],[-88.3439,41.723],[-88.34735,41.7194],[-88.34955,41.71555],[-88.34985,41.7155],[-88.351,41.7171],[-88.35145,41.7186],[-88.35505,41.719],[-88.35525,41.71635],[-88.36085,41.7093],[-88.36445,41.70585],[-88.36835,41.70305],[-88.3756,41.7037],[-88.3759,41.70765],[-88.3806,41.70755],[-88.3804,41.7009],[-88.3754,41.7004],[-88.37535,41.7],[-88.381,41.69805],[-88.4058,41.6924],[-88.41045,41.69255],[-88.413,41.69365],[-88.41335,41.69455],[-88.4125,41.69495],[-88.41455,41.696],[-88.41455,41.69775],[-88.41815,41.69865],[-88.41795,41.69165],[-88.41425,41.69195],[-88.41415,41.69055],[-88.4255,41.68785],[-88.4265,41.68795],[-88.42615,41.69085],[-88.42875,41.6917],[-88.4317,41.6916],[-88.43195,41.69365],[-88.43395,41.6952],[-88.43845,41.6951],[-88.43835,41.6926],[-88.43945,41.69145],[-88.4406,41.6916],[-88.4409,41.695],[-88.44325,41.69495],[-88.44335,41.6913],[-88.4479,41.6912],[-88.44765,41.68935],[-88.4431,41.6893],[-88.44295,41.6838],[-88.4279,41.6872],[-88.42705,41.6866],[-88.4298,41.6841],[-88.42855,41.6837],[-88.42235,41.68325],[-88.42165,41.6839],[-88.42165,41.68495],[-88.42075,41.685],[-88.4193,41.6816],[-88.4139,41.68255],[-88.4108,41.67995],[-88.4078,41.68145],[-88.40575,41.68445],[-88.4062,41.6919],[-88.3803,41.6978],[-88.3747,41.6998],[-88.37005,41.69935],[-88.3694,41.69985],[-88.3573,41.69865],[-88.35485,41.6972],[-88.3546,41.69575],[-88.35005,41.6953],[-88.3499,41.69505],[-88.35055,41.6931],[-88.3513,41.6923],[-88.3552,41.6927],[-88.35605,41.69],[-88.3557,41.6886],[-88.351,41.6885],[-88.3485,41.69625],[-88.34675,41.69805],[-88.34685,41.7013],[-88.34925,41.70135],[-88.35035,41.7033],[-88.35025,41.7056],[-88.34665,41.7053],[-88.344,41.70315],[-88.3455,41.70065],[-88.3339,41.70085],[-88.33395,41.7076]]]]},"properties":{"kind":"neighbour","name":"Unincorporated Kendall County","region":"Kendall County","lp":[-88.31872,41.58721],"rest":true}},
{"type":"Feature","geometry":{"type":"MultiPolygon","coordinates":[[[[-87.21965,41.35335],[-87.2197,41.3835],[-87.2969,41.3836],[-87.2971,41.3872],[-87.3063,41.38725],[-87.3065,41.3836],[-87.3129,41.38355],[-87.3117,41.382],[-87.3111,41.3786],[-87.3063,41.37845],[-87.3063,41.3692],[-87.3147,41.36905],[-87.31475,41.36405],[-87.31815,41.36395],[-87.3202,41.36915],[-87.32485,41.37895],[-87.33065,41.37895],[-87.33085,41.37965],[-87.33545,41.38],[-87.33565,41.3836],[-87.3404,41.3838],[-87.3405,41.3909],[-87.3427,41.3909],[-87.34285,41.3927],[-87.35235,41.39275],[-87.35255,41.3945],[-87.3546,41.39455],[-87.3548,41.39095],[-87.35715,41.39095],[-87.3571,41.38405],[-87.35455,41.38385],[-87.3546,41.3766],[-87.36015,41.3764],[-87.3587,41.37525],[-87.3587,41.3732],[-87.3546,41.37295],[-87.3547,41.36205],[-87.36395,41.36185],[-87.36475,41.3657],[-87.36465,41.37295],[-87.3633,41.37315],[-87.36325,41.3766],[-87.36435,41.3764],[-87.3708,41.3764],[-87.371,41.3767],[-87.3698,41.38005],[-87.3695,41.38735],[-87.3739,41.38735],[-87.3739,41.37875],[-87.37775,41.3786],[-87.3786,41.37645],[-87.379,41.3692],[-87.38365,41.3693],[-87.38385,41.36745],[-87.3889,41.3677],[-87.3888,41.3768],[-87.3884,41.3768],[-87.3884,41.37335],[-87.384,41.3733],[-87.384,41.37675],[-87.38295,41.3769],[-87.38295,41.37855],[-87.3822,41.3793],[-87.38155,41.38185],[-87.38155,41.3838],[-87.3832,41.38385],[-87.3811,41.38705],[-87.38355,41.38745],[-87.38375,41.38385],[-87.3888,41.3841],[-87.3888,41.39135],[-87.3743,41.3914],[-87.3743,41.39565],[-87.3718,41.3977],[-87.3703,41.3964],[-87.3695,41.395],[-87.36935,41.40195],[-87.3682,41.4055],[-87.3739,41.40555],[-87.37385,41.3985],[-87.3771,41.3983],[-87.37715,41.39485],[-87.37735,41.39465],[-87.3791,41.3949],[-87.3791,41.39835],[-87.39155,41.3985],[-87.39275,41.39945],[-87.3927,41.40485],[-87.39495,41.4062],[-87.38635,41.4061],[-87.38635,41.4095],[-87.38245,41.4097],[-87.38225,41.41585],[-87.38145,41.41605],[-87.3814,41.42045],[-87.3812,41.42065],[-87.37895,41.42035],[-87.37905,41.42765],[-87.37745,41.4278],[-87.3774,41.4306],[-87.38035,41.4306],[-87.3806,41.42745],[-87.3873,41.4275],[-87.38745,41.42935],[-87.39245,41.43005],[-87.3926,41.4314],[-87.39105,41.43285],[-87.3912,41.4349],[-87.39725,41.4349],[-87.3975,41.43875],[-87.3973,41.43895],[-87.3927,41.4389],[-87.39285,41.44765],[-87.39475,41.44765],[-87.395,41.44945],[-87.3973,41.44945],[-87.39715,41.44025],[-87.39905,41.4395],[-87.4019,41.4363],[-87.4021,41.4349],[-87.40915,41.43495],[-87.40915,41.43155],[-87.4116,41.43135],[-87.4118,41.4278],[-87.4213,41.42785],[-87.4215,41.4243],[-87.431,41.42435],[-87.4312,41.42015],[-87.4407,41.42025],[-87.4409,41.41345],[-87.4508,41.41375],[-87.45075,41.43515],[-87.4553,41.43515],[-87.4555,41.4323],[-87.4596,41.43235],[-87.45825,41.4275],[-87.45455,41.42115],[-87.45475,41.42085],[-87.4891,41.42105],[-87.4893,41.41725],[-87.4939,41.4172],[-87.4941,41.41375],[-87.49815,41.41395],[-87.4982,41.421],[-87.49915,41.4212],[-87.49915,41.42655],[-87.50195,41.42655],[-87.5019,41.4212],[-87.50385,41.42095],[-87.50405,41.42115],[-87.5046,41.4244],[-87.5083,41.4244],[-87.5085,41.42525],[-87.5207,41.42495],[-87.5229,41.42655],[-87.52055,41.42735],[-87.51895,41.42635],[-87.51455,41.4264],[-87.51455,41.4284],[-87.51335,41.43235],[-87.51335,41.43445],[-87.5121,41.4358],[-87.50855,41.4358],[-87.50875,41.44995],[-87.51055,41.451],[-87.5101,41.45375],[-87.50875,41.45395],[-87.50895,41.46715],[-87.51335,41.46715],[-87.51355,41.46445],[-87.51695,41.46445],[-87.51835,41.4635],[-87.52315,41.4635],[-87.52335,41.4644],[-87.52565,41.4644],[-87.52575,41.4644],[-87.5258,41.46445],[-87.52585,41.4646],[-87.5259,41.47035],[-87.52585,41.4718],[-87.5258,41.47195],[-87.5257,41.472],[-87.52565,41.472],[-87.52425,41.47205],[-87.52425,41.4753],[-87.52555,41.4753],[-87.5256,41.4753],[-87.52565,41.47535],[-87.5257,41.47535],[-87.52575,41.4755],[-87.52575,41.50455],[-87.52665,41.3269],[-87.5266,41.1661],[-87.4848,41.1699],[-87.458,41.1706],[-87.4468,41.17435],[-87.44095,41.1729],[-87.4144,41.16225],[-87.3938,41.1628],[-87.3807,41.17265],[-87.3639,41.17675],[-87.3466,41.1823],[-87.33315,41.18285],[-87.33105,41.1831],[-87.3242,41.1864],[-87.2856,41.21525],[-87.2263,41.2355],[-87.21885,41.24205],[-87.2189,41.28195],[-87.22025,41.33335],[-87.21965,41.35335]],[[-87.44605,41.29005],[-87.4447,41.2902],[-87.4451,41.30455],[-87.4403,41.30475],[-87.4405,41.3155],[-87.4403,41.3157],[-87.43065,41.31565],[-87.43035,41.31195],[-87.4237,41.31195],[-87.4228,41.30875],[-87.4233,41.30465],[-87.42095,41.30465],[-87.4212,41.3154],[-87.4161,41.31555],[-87.41585,41.3119],[-87.40275,41.31185],[-87.40245,41.3083],[-87.40125,41.3081],[-87.4002,41.3056],[-87.39755,41.3044],[-87.39745,41.30075],[-87.3983,41.29875],[-87.40105,41.2987],[-87.401,41.2973],[-87.38775,41.29725],[-87.38245,41.297],[-87.3823,41.28975],[-87.3825,41.28955],[-87.39115,41.2896],[-87.39095,41.28095],[-87.3911,41.27915],[-87.39505,41.27915],[-87.39505,41.2754],[-87.4005,41.27325],[-87.4004,41.2679],[-87.40525,41.26775],[-87.4056,41.2713],[-87.4065,41.2746],[-87.4133,41.27515],[-87.41545,41.27855],[-87.4153,41.28275],[-87.4108,41.28275],[-87.4109,41.286],[-87.4199,41.28605],[-87.41915,41.2847],[-87.4241,41.28495],[-87.4243,41.2834],[-87.4296,41.28335],[-87.43165,41.2824],[-87.4316,41.28095],[-87.4295,41.2808],[-87.42965,41.27885],[-87.43435,41.2789],[-87.43415,41.27545],[-87.43435,41.27525],[-87.43915,41.27525],[-87.43945,41.27885],[-87.4443,41.279],[-87.44455,41.2861],[-87.44895,41.28615],[-87.44905,41.2825],[-87.45365,41.2825],[-87.4537,41.2789],[-87.4682,41.2789],[-87.4686,41.28635],[-87.4684,41.28655],[-87.4587,41.2866],[-87.4583,41.2902],[-87.44605,41.29005]],[[-87.4082,41.2572],[-87.40045,41.25715],[-87.40025,41.2536],[-87.39325,41.2535],[-87.38905,41.24765],[-87.38965,41.24595],[-87.39555,41.24595],[-87.3957,41.24955],[-87.40045,41.24955],[-87.4006,41.25015],[-87.4053,41.2502],[-87.40545,41.2532],[-87.41025,41.25315],[-87.41045,41.25335],[-87.41025,41.25515],[-87.4083,41.25515],[-87.4082,41.2572]],[[-87.47185,41.3957],[-87.47135,41.39305],[-87.4698,41.39215],[-87.42765,41.3919],[-87.42635,41.3937],[-87.42155,41.39365],[-87.42135,41.39185],[-87.41175,41.3916],[-87.4117,41.3772],[-87.40225,41.3771],[-87.40205,41.3699],[-87.3997,41.3697],[-87.3996,41.36235],[-87.40225,41.36215],[-87.4117,41.36225],[-87.4117,41.359],[-87.41,41.359],[-87.40855,41.35515],[-87.41175,41.3522],[-87.41175,41.34985],[-87.4069,41.34985],[-87.4067,41.34805],[-87.3975,41.348],[-87.39725,41.34445],[-87.39745,41.34425],[-87.4021,41.34425],[-87.40225,41.3406],[-87.4102,41.3406],[-87.41115,41.3421],[-87.41085,41.3433],[-87.41155,41.34365],[-87.41155,41.34485],[-87.41265,41.3466],[-87.41585,41.34755],[-87.42135,41.3477],[-87.4213,41.34085],[-87.42875,41.3407],[-87.42895,41.3425],[-87.4314,41.3427],[-87.43145,41.3478],[-87.44305,41.34785],[-87.44075,41.34565],[-87.44055,41.33735],[-87.44565,41.3372],[-87.45065,41.33745],[-87.45085,41.3446],[-87.45565,41.34475],[-87.45565,41.3534],[-87.47,41.3534],[-87.4702,41.35735],[-87.4657,41.3592],[-87.46285,41.3592],[-87.46285,41.36255],[-87.4653,41.36345],[-87.46535,41.3662],[-87.47005,41.3662],[-87.4703,41.36885],[-87.46855,41.3699],[-87.475,41.37015],[-87.475,41.38645],[-87.4754,41.38815],[-87.4799,41.3884],[-87.47985,41.39565],[-87.47185,41.3957]],[[-87.41125,41.31515],[-87.41395,41.31535],[-87.414,41.3188],[-87.42105,41.3188],[-87.4197,41.32105],[-87.41145,41.321],[-87.41125,41.31515]],[[-87.41465,41.2605],[-87.42065,41.26055],[-87.42095,41.2658],[-87.41605,41.26785],[-87.41475,41.267],[-87.41465,41.2605]],[[-87.4545,41.1911],[-87.44955,41.1911],[-87.4497,41.2027],[-87.4495,41.2029],[-87.43855,41.2026],[-87.4384,41.18805],[-87.44255,41.1879],[-87.44255,41.18105],[-87.4478,41.1807],[-87.44905,41.17995],[-87.45415,41.18805],[-87.4672,41.1882],[-87.4672,41.18885],[-87.4534,41.18885],[-87.4546,41.19085],[-87.4545,41.1911]]],[[[-87.451,41.4609],[-87.45235,41.4609],[-87.4535,41.45895],[-87.451,41.45785],[-87.4463,41.4578],[-87.4461,41.4586],[-87.44145,41.45855],[-87.4397,41.46085],[-87.43645,41.4608],[-87.4362,41.45945],[-87.43155,41.45935],[-87.4313,41.4579],[-87.4332,41.4568],[-87.43615,41.4568],[-87.4361,41.45355],[-87.42195,41.45355],[-87.42175,41.45445],[-87.41795,41.4542],[-87.4179,41.4497],[-87.4189,41.4495],[-87.41885,41.44415],[-87.4176,41.44425],[-87.41665,41.43855],[-87.4176,41.4378],[-87.41765,41.4352],[-87.4148,41.43535],[-87.41525,41.43965],[-87.41615,41.44395],[-87.4159,41.4442],[-87.4139,41.4438],[-87.4121,41.44225],[-87.41225,41.4508],[-87.4098,41.4523],[-87.4095,41.45215],[-87.4094,41.44985],[-87.40445,41.44985],[-87.40265,41.45535],[-87.40275,41.45885],[-87.405,41.45775],[-87.4107,41.4622],[-87.41055,41.46255],[-87.4028,41.4624],[-87.40295,41.4712],[-87.4074,41.47125],[-87.40735,41.46915],[-87.4088,41.46895],[-87.4087,41.46415],[-87.4123,41.46395],[-87.41255,41.4659],[-87.41565,41.466],[-87.4189,41.4685],[-87.4315,41.4685],[-87.4317,41.46765],[-87.44165,41.4679],[-87.4417,41.4768],[-87.44915,41.477],[-87.4512,41.4786],[-87.45095,41.4677],[-87.4463,41.4672],[-87.44605,41.4661],[-87.44625,41.4659],[-87.4509,41.4659],[-87.451,41.4609]]],[[[-87.2297,41.4852],[-87.22,41.4852],[-87.2204,41.50685],[-87.2302,41.50685],[-87.23125,41.5048],[-87.22895,41.5043],[-87.2282,41.50315],[-87.22995,41.4998],[-87.23155,41.49925],[-87.23245,41.49645],[-87.23925,41.4975],[-87.2409,41.4996],[-87.2444,41.4998],[-87.2444,41.50325],[-87.253,41.50325],[-87.2537,41.50425],[-87.2536,41.4879],[-87.2489,41.48715],[-87.24895,41.4865],[-87.2536,41.4872],[-87.25355,41.482],[-87.22985,41.4819],[-87.2297,41.4852]]],[[[-87.3864,41.5479],[-87.4035,41.5486],[-87.4129,41.54935],[-87.41295,41.52285],[-87.39385,41.5228],[-87.346,41.52245],[-87.34615,41.533],[-87.3558,41.53325],[-87.356,41.54825],[-87.37365,41.5478],[-87.3864,41.5479]]]]},"properties":{"kind":"neighbour","name":"Unincorporated Lake County","region":"Lake County, Indiana","lp":[-87.30641,41.28844],"rest":true}},
{"type":"Feature","geometry":{"type":"Polygon","coordinates":[[[-87.21885,41.24205],[-87.19235,41.2653],[-87.13165,41.28615],[-87.1221,41.28635],[-87.0597,41.2695],[-87.01105,41.2409],[-86.98425,41.22785],[-86.977,41.22155],[-86.9681,41.21965],[-86.95565,41.2249],[-86.93735,41.23045],[-86.9301,41.2368],[-86.92955,41.2491],[-86.9308,41.3397],[-86.92935,41.48495],[-86.92985,41.53605],[-86.93075,41.54635],[-86.93225,41.61725],[-86.9328,41.6878],[-86.9384,41.6842],[-86.9446,41.6814],[-86.9509,41.68265],[-86.9562,41.6817],[-86.9564,41.6768],[-86.965,41.67345],[-86.9711,41.67275],[-86.9713,41.67295],[-86.9714,41.6784],[-86.99075,41.6701],[-86.99395,41.6683],[-87.0095,41.66215],[-87.0098,41.6623],[-87.01,41.68155],[-87.01865,41.67815],[-87.0238,41.6766],[-87.02935,41.6743],[-87.0342,41.6729],[-87.0428,41.66995],[-87.0493,41.66805],[-87.055,41.66585],[-87.05865,41.6649],[-87.0673,41.66165],[-87.06725,41.65155],[-87.06245,41.65135],[-87.06235,41.64075],[-87.0554,41.64075],[-87.0552,41.63945],[-87.04375,41.6396],[-87.0436,41.63705],[-87.04185,41.63685],[-87.04185,41.63325],[-87.04365,41.63305],[-87.0437,41.63135],[-87.0399,41.6336],[-87.03985,41.6342],[-87.0372,41.6357],[-87.03845,41.6381],[-87.0347,41.63885],[-87.03505,41.6435],[-87.03205,41.6444],[-87.02905,41.64445],[-87.02885,41.64575],[-87.02405,41.6458],[-87.02405,41.64405],[-87.03155,41.64395],[-87.03045,41.6418],[-87.0286,41.64165],[-87.0287,41.63995],[-87.03845,41.6343],[-87.0384,41.62965],[-87.04315,41.6294],[-87.0431,41.6262],[-87.03965,41.6262],[-87.0382,41.62425],[-87.03845,41.62215],[-87.0457,41.6221],[-87.0441,41.61905],[-87.04145,41.6175],[-87.0414,41.61965],[-87.04115,41.61985],[-87.0387,41.61905],[-87.036,41.6204],[-87.0339,41.6202],[-87.0334,41.61565],[-87.0306,41.6157],[-87.0304,41.61425],[-87.0237,41.61405],[-87.0236,41.60705],[-87.0226,41.6049],[-87.01945,41.6048],[-87.0195,41.60645],[-87.01545,41.6071],[-87.0095,41.60625],[-87.0092,41.6005],[-87.0094,41.60025],[-87.01805,41.60045],[-87.01895,41.6013],[-87.0186,41.58925],[-87.0188,41.58905],[-87.0344,41.58915],[-87.03435,41.5865],[-87.0283,41.58625],[-87.02805,41.5792],[-87.0232,41.5789],[-87.02305,41.5716],[-87.02325,41.5714],[-87.0375,41.572],[-87.03765,41.56955],[-87.04245,41.56955],[-87.0448,41.56795],[-87.04965,41.56805],[-87.04965,41.5651],[-87.0499,41.5649],[-87.05405,41.56545],[-87.0539,41.572],[-87.04655,41.57185],[-87.04615,41.5773],[-87.0476,41.57695],[-87.04765,41.57885],[-87.04995,41.57905],[-87.04995,41.58095],[-87.04555,41.5821],[-87.04495,41.58595],[-87.0526,41.5863],[-87.0526,41.59165],[-87.0521,41.59335],[-87.05705,41.59335],[-87.057,41.58745],[-87.0561,41.58725],[-87.0563,41.5861],[-87.06915,41.5861],[-87.0694,41.58945],[-87.0718,41.58995],[-87.07185,41.59335],[-87.07625,41.5934],[-87.0764,41.59165],[-87.07945,41.59165],[-87.0796,41.58935],[-87.0857,41.5894],[-87.0858,41.5864],[-87.0862,41.5864],[-87.0863,41.59345],[-87.08695,41.59205],[-87.08865,41.5935],[-87.1051,41.5936],[-87.10505,41.5865],[-87.1099,41.58625],[-87.1099,41.58465],[-87.1069,41.58445],[-87.1069,41.57925],[-87.1071,41.57905],[-87.11025,41.57925],[-87.11025,41.58265],[-87.1197,41.58265],[-87.11995,41.58625],[-87.12445,41.58625],[-87.1244,41.5737],[-87.12725,41.57225],[-87.1304,41.57165],[-87.14355,41.57165],[-87.1434,41.56485],[-87.1436,41.56465],[-87.15755,41.56485],[-87.15755,41.56295],[-87.1531,41.56295],[-87.15285,41.56135],[-87.15305,41.56115],[-87.1586,41.5612],[-87.1587,41.5567],[-87.15365,41.55645],[-87.15365,41.55065],[-87.1529,41.55045],[-87.1529,41.5381],[-87.15885,41.5376],[-87.15905,41.53885],[-87.16145,41.5389],[-87.1614,41.536],[-87.1616,41.5358],[-87.16305,41.536],[-87.1633,41.53935],[-87.18225,41.53935],[-87.18235,41.53585],[-87.1918,41.53585],[-87.19165,41.5288],[-87.1967,41.5286],[-87.19695,41.53245],[-87.19455,41.53265],[-87.1946,41.5352],[-87.19925,41.5359],[-87.19945,41.5378],[-87.20155,41.5378],[-87.20165,41.5393],[-87.22105,41.53925],[-87.2198,41.4763],[-87.21965,41.35335],[-87.22025,41.3345],[-87.2125,41.3286],[-87.21255,41.33335],[-87.21055,41.33355],[-87.21025,41.33945],[-87.20065,41.3396],[-87.20065,41.34055],[-87.1997,41.3408],[-87.19055,41.34025],[-87.19075,41.33645],[-87.1954,41.3366],[-87.1954,41.33315],[-87.19745,41.333],[-87.19785,41.3336],[-87.2002,41.33365],[-87.2001,41.3298],[-87.1955,41.32965],[-87.1926,41.32845],[-87.1923,41.3296],[-87.19045,41.32945],[-87.1904,41.32215],[-87.1891,41.32185],[-87.1895,41.31825],[-87.1811,41.31735],[-87.1809,41.3161],[-87.1811,41.31585],[-87.1873,41.3159],[-87.1882,41.31485],[-87.1911,41.31495],[-87.19225,41.3122],[-87.19805,41.31245],[-87.1977,41.3095],[-87.19985,41.3086],[-87.205,41.30955],[-87.20495,41.31495],[-87.21005,41.315],[-87.21115,41.3185],[-87.2151,41.3187],[-87.21515,41.32215],[-87.2177,41.32235],[-87.2178,41.326],[-87.2164,41.3262],[-87.21645,41.32865],[-87.21545,41.32965],[-87.22025,41.33335],[-87.2189,41.28195],[-87.21885,41.24205]],[[-87.11795,41.49795],[-87.1179,41.4953],[-87.11445,41.4949],[-87.1145,41.49975],[-87.10965,41.49995],[-87.1097,41.51065],[-87.0998,41.51095],[-87.0996,41.5073],[-87.0947,41.50715],[-87.0947,41.50005],[-87.0777,41.50015],[-87.0778,41.5015],[-87.0828,41.5017],[-87.0826,41.50745],[-87.07555,41.50745],[-87.07535,41.50365],[-87.07215,41.50305],[-87.07105,41.50725],[-87.0668,41.50745],[-87.0662,41.50975],[-87.0684,41.5093],[-87.07085,41.5093],[-87.07105,41.5095],[-87.07085,41.51105],[-87.06625,41.51105],[-87.06505,41.51215],[-87.06115,41.51215],[-87.061,41.511],[-87.05635,41.51095],[-87.0561,41.50745],[-87.0466,41.50745],[-87.04635,41.5002],[-87.04205,41.5002],[-87.04,41.50415],[-87.0354,41.51095],[-87.03495,41.51405],[-87.03195,41.51425],[-87.03175,41.5128],[-87.02335,41.5128],[-87.02315,41.5075],[-87.0199,41.5075],[-87.0197,41.50675],[-87.0202,41.50655],[-87.0202,41.5057],[-87.01765,41.5057],[-87.0175,41.5075],[-87.0078,41.50745],[-87.00755,41.49995],[-87.00995,41.49975],[-87.00995,41.49245],[-87.0142,41.49235],[-87.0148,41.48925],[-87.0124,41.48905],[-87.0124,41.4856],[-87.00895,41.4856],[-87.00875,41.4854],[-87.00895,41.48275],[-87.014,41.4829],[-87.014,41.47815],[-87.01725,41.47875],[-87.01745,41.478],[-87.01935,41.47795],[-87.0194,41.4766],[-87.00755,41.47735],[-87.00735,41.47715],[-87.00715,41.46985],[-87.0115,41.46895],[-87.0172,41.4689],[-87.0172,41.4638],[-87.01125,41.46355],[-87.01145,41.4561],[-87.0231,41.4561],[-87.02395,41.45555],[-87.0239,41.45295],[-87.01835,41.45005],[-87.0066,41.44735],[-87.00525,41.44915],[-87.00265,41.44895],[-87.0026,41.4459],[-86.98825,41.44305],[-86.98815,41.44015],[-86.9837,41.4402],[-86.98365,41.44215],[-86.98345,41.44235],[-86.9814,41.4419],[-86.981,41.43975],[-86.97845,41.4396],[-86.97835,41.43135],[-86.9786,41.43115],[-86.988,41.43415],[-86.9931,41.43415],[-86.99335,41.4358],[-87.0143,41.4424],[-87.01425,41.4393],[-87.0132,41.43835],[-87.026,41.4384],[-87.02685,41.4379],[-87.0269,41.427],[-87.0271,41.42495],[-87.03215,41.4253],[-87.0321,41.4343],[-87.03685,41.4345],[-87.03685,41.4394],[-87.03285,41.43955],[-87.032,41.44195],[-87.0318,41.44555],[-87.0279,41.4456],[-87.028,41.4506],[-87.03485,41.45195],[-87.0357,41.45445],[-87.0356,41.45725],[-87.03695,41.4597],[-87.0423,41.4599],[-87.0516,41.45685],[-87.0567,41.45675],[-87.0625,41.4585],[-87.0647,41.4565],[-87.0667,41.45535],[-87.0677,41.4534],[-87.06925,41.454],[-87.0713,41.45175],[-87.0754,41.44975],[-87.0803,41.44925],[-87.0805,41.44945],[-87.08055,41.4586],[-87.08495,41.4608],[-87.09485,41.46115],[-87.09515,41.46495],[-87.09365,41.46645],[-87.09485,41.4691],[-87.09885,41.46935],[-87.10345,41.4706],[-87.1082,41.4706],[-87.1089,41.4736],[-87.11425,41.47355],[-87.1144,41.47655],[-87.11035,41.4773],[-87.11015,41.47825],[-87.10475,41.4783],[-87.10475,41.47945],[-87.10445,41.4796],[-87.09965,41.47695],[-87.09565,41.4737],[-87.08715,41.4699],[-87.08705,41.46875],[-87.08005,41.4688],[-87.07665,41.4693],[-87.07685,41.47085],[-87.0764,41.4711],[-87.0802,41.47315],[-87.0799,41.47545],[-87.0765,41.4756],[-87.0758,41.47885],[-87.08005,41.47925],[-87.0853,41.4804],[-87.08545,41.48515],[-87.0899,41.48515],[-87.0899,41.47975],[-87.09015,41.4796],[-87.0988,41.48345],[-87.1014,41.48615],[-87.10125,41.48825],[-87.1035,41.48925],[-87.1035,41.49235],[-87.10895,41.4923],[-87.10965,41.4938],[-87.11405,41.4938],[-87.11425,41.4923],[-87.12165,41.49225],[-87.1222,41.49365],[-87.1222,41.49825],[-87.1191,41.49845],[-87.11795,41.49795]],[[-87.0398,41.3199],[-87.0378,41.31855],[-87.03565,41.31855],[-87.03545,41.3257],[-87.01625,41.32565],[-87.01605,41.32545],[-87.0159,41.3091],[-87.0161,41.3089],[-87.03035,41.30905],[-87.03045,41.30725],[-87.0324,41.30725],[-87.03255,41.30905],[-87.0384,41.30915],[-87.0386,41.30935],[-87.0383,41.31125],[-87.0358,41.31125],[-87.03575,41.31585],[-87.04075,41.31585],[-87.04095,41.31835],[-87.0398,41.3199]]]},"properties":{"kind":"neighbour","name":"Unincorporated Porter County","region":"Porter County, Indiana","lp":[-87.11121,41.3704],"rest":true}},
{"type":"Feature","geometry":{"type":"MultiPolygon","coordinates":[[[[-88.1996,42.15425],[-88.19935,42.1879],[-88.20895,42.19245],[-88.209,42.19215],[-88.2091,42.1921],[-88.20915,42.19205],[-88.2092,42.19205],[-88.20925,42.1921],[-88.2132,42.1939],[-88.21385,42.19355],[-88.214,42.18685],[-88.2202,42.18655],[-88.22015,42.18435],[-88.22045,42.1842],[-88.2256,42.1866],[-88.22875,42.1875],[-88.22925,42.19035],[-88.2382,42.1903],[-88.23835,42.1937],[-88.23535,42.19445],[-88.23485,42.19705],[-88.24035,42.19665],[-88.24205,42.199],[-88.24255,42.20125],[-88.2474,42.2011],[-88.24765,42.19135],[-88.25025,42.19115],[-88.25395,42.19185],[-88.2542,42.19285],[-88.25845,42.19215],[-88.25845,42.19105],[-88.26155,42.191],[-88.2627,42.1901],[-88.27195,42.19],[-88.27365,42.18875],[-88.27005,42.18735],[-88.27025,42.1857],[-88.27245,42.1843],[-88.2767,42.1843],[-88.27895,42.18545],[-88.27915,42.1832],[-88.28555,42.1825],[-88.2861,42.18205],[-88.28605,42.17675],[-88.28345,42.17675],[-88.28175,42.17595],[-88.27815,42.17835],[-88.2771,42.17775],[-88.27685,42.1767],[-88.27375,42.17885],[-88.2706,42.17715],[-88.26905,42.1775],[-88.2624,42.17755],[-88.26225,42.17575],[-88.2627,42.17555],[-88.26285,42.16875],[-88.2618,42.1686],[-88.26175,42.165],[-88.2573,42.1648],[-88.25735,42.15365],[-88.24785,42.15365],[-88.23705,42.1543],[-88.1996,42.15425]]],[[[-88.19825,42.24155],[-88.19835,42.2685],[-88.20425,42.2685],[-88.20795,42.2674],[-88.20795,42.2635],[-88.20325,42.26345],[-88.20305,42.2612],[-88.2046,42.26105],[-88.2046,42.2599],[-88.20305,42.25965],[-88.203,42.25605],[-88.20305,42.25595],[-88.20315,42.2559],[-88.2032,42.25585],[-88.20815,42.2559],[-88.2082,42.2559],[-88.20825,42.2559],[-88.20835,42.25595],[-88.20835,42.2561],[-88.20825,42.2602],[-88.21,42.26055],[-88.20995,42.263],[-88.21455,42.26305],[-88.21675,42.2635],[-88.21855,42.2676],[-88.22045,42.26775],[-88.2226,42.2714],[-88.22305,42.2756],[-88.2254,42.2788],[-88.22665,42.27975],[-88.2266,42.28005],[-88.2243,42.2813],[-88.2217,42.282],[-88.2112,42.28255],[-88.2126,42.28545],[-88.2036,42.28525],[-88.2043,42.28845],[-88.20855,42.28865],[-88.20865,42.29245],[-88.20585,42.2931],[-88.20595,42.2936],[-88.20375,42.29455],[-88.2038,42.30325],[-88.199,42.3034],[-88.19905,42.30635],[-88.19855,42.30655],[-88.199,42.31755],[-88.2037,42.31755],[-88.2039,42.3199],[-88.20535,42.32115],[-88.2086,42.3205],[-88.2127,42.3205],[-88.21315,42.3215],[-88.2088,42.32155],[-88.2088,42.32295],[-88.21225,42.3226],[-88.21375,42.32385],[-88.21085,42.32565],[-88.20875,42.3248],[-88.20855,42.3287],[-88.20905,42.3312],[-88.2102,42.331],[-88.21075,42.3318],[-88.21035,42.3343],[-88.2125,42.33425],[-88.21685,42.33565],[-88.218,42.33475],[-88.218,42.3287],[-88.22295,42.3285],[-88.22315,42.3267],[-88.226,42.3267],[-88.2269,42.32955],[-88.2302,42.32975],[-88.22975,42.3377],[-88.23445,42.3399],[-88.2345,42.34025],[-88.23125,42.34335],[-88.228,42.3443],[-88.22335,42.3443],[-88.2204,42.3448],[-88.2204,42.34685],[-88.21845,42.34705],[-88.2184,42.3553],[-88.2221,42.3539],[-88.2233,42.35505],[-88.22775,42.35515],[-88.22775,42.3528],[-88.22975,42.35255],[-88.22945,42.3491],[-88.2278,42.3489],[-88.228,42.3466],[-88.23315,42.3466],[-88.23485,42.3483],[-88.2383,42.34845],[-88.2383,42.3502],[-88.244,42.35035],[-88.24675,42.3497],[-88.2468,42.34365],[-88.23815,42.3434],[-88.238,42.34195],[-88.23475,42.34055],[-88.23515,42.33925],[-88.23205,42.33755],[-88.23205,42.32985],[-88.23405,42.32975],[-88.23425,42.33075],[-88.2384,42.33105],[-88.23835,42.34075],[-88.2414,42.3423],[-88.2493,42.3423],[-88.25165,42.34255],[-88.2527,42.34095],[-88.25445,42.3422],[-88.2579,42.342],[-88.25405,42.3396],[-88.25405,42.3393],[-88.25495,42.33855],[-88.25425,42.338],[-88.2548,42.33695],[-88.2536,42.33605],[-88.2544,42.33555],[-88.2642,42.33545],[-88.2641,42.3322],[-88.2575,42.3323],[-88.25735,42.32865],[-88.25315,42.3287],[-88.25225,42.32645],[-88.25235,42.32365],[-88.25405,42.32025],[-88.25505,42.31625],[-88.259,42.3166],[-88.2592,42.30815],[-88.26265,42.30815],[-88.2629,42.3106],[-88.26755,42.3106],[-88.2673,42.30675],[-88.26775,42.30315],[-88.2641,42.29545],[-88.25905,42.29535],[-88.2574,42.29575],[-88.2575,42.29225],[-88.26105,42.29135],[-88.25985,42.2887],[-88.2597,42.28595],[-88.253,42.286],[-88.25285,42.2889],[-88.24965,42.2889],[-88.24965,42.2923],[-88.25065,42.29375],[-88.24915,42.2949],[-88.24785,42.2937],[-88.24775,42.28615],[-88.2429,42.28595],[-88.24285,42.2815],[-88.24735,42.28125],[-88.2477,42.27805],[-88.23615,42.27815],[-88.23835,42.2769],[-88.24495,42.2753],[-88.2462,42.27345],[-88.2462,42.27075],[-88.2436,42.27285],[-88.2421,42.27325],[-88.2414,42.2726],[-88.2402,42.2731],[-88.2383,42.27445],[-88.238,42.2743],[-88.23795,42.2661],[-88.2398,42.2646],[-88.2427,42.26455],[-88.2426,42.26025],[-88.24055,42.25995],[-88.24055,42.2584],[-88.2439,42.25845],[-88.2441,42.25955],[-88.24835,42.2595],[-88.24975,42.2613],[-88.25725,42.2602],[-88.2572,42.2562],[-88.2554,42.25605],[-88.2549,42.2525],[-88.2551,42.25225],[-88.2571,42.25225],[-88.2571,42.2495],[-88.25825,42.24855],[-88.2733,42.24855],[-88.2735,42.25215],[-88.2794,42.25265],[-88.28175,42.2505],[-88.2827,42.2486],[-88.2863,42.2484],[-88.28415,42.2468],[-88.28415,42.24415],[-88.28665,42.24395],[-88.287,42.2456],[-88.29095,42.2456],[-88.2921,42.2451],[-88.2926,42.24135],[-88.29345,42.24135],[-88.29345,42.24355],[-88.2973,42.24345],[-88.2972,42.24055],[-88.29605,42.2396],[-88.296,42.2363],[-88.28795,42.23635],[-88.28685,42.23525],[-88.2879,42.23305],[-88.2863,42.23175],[-88.2833,42.23175],[-88.28135,42.2324],[-88.28165,42.23005],[-88.27875,42.2298],[-88.27865,42.2261],[-88.2767,42.22485],[-88.2767,42.2228],[-88.27195,42.2228],[-88.2717,42.2192],[-88.26725,42.21925],[-88.26735,42.2211],[-88.26705,42.2213],[-88.2623,42.21945],[-88.2623,42.22275],[-88.2596,42.22585],[-88.25745,42.2259],[-88.25615,42.22715],[-88.2574,42.2291],[-88.25725,42.2301],[-88.24795,42.2305],[-88.24305,42.23105],[-88.24315,42.2361],[-88.24075,42.2369],[-88.2405,42.2391],[-88.238,42.2406],[-88.2377,42.24045],[-88.23795,42.23605],[-88.24,42.2347],[-88.22495,42.2345],[-88.2246,42.2379],[-88.22195,42.2381],[-88.22175,42.23785],[-88.22195,42.23445],[-88.2185,42.2344],[-88.21835,42.23245],[-88.2148,42.2325],[-88.2146,42.23055],[-88.2185,42.22905],[-88.21875,42.22675],[-88.23305,42.2269],[-88.2337,42.22005],[-88.23155,42.22],[-88.23035,42.2231],[-88.22765,42.22285],[-88.22775,42.21995],[-88.2239,42.2199],[-88.2239,42.22335],[-88.22,42.2235],[-88.21695,42.21985],[-88.21715,42.2233],[-88.21695,42.2235],[-88.2137,42.2233],[-88.2115,42.2247],[-88.21145,42.2214],[-88.2149,42.2213],[-88.2139,42.21985],[-88.21085,42.2197],[-88.21115,42.21585],[-88.2216,42.21585],[-88.2216,42.2124],[-88.22355,42.21225],[-88.2238,42.2086],[-88.22845,42.2086],[-88.2278,42.2062],[-88.2238,42.20615],[-88.22365,42.2028],[-88.22175,42.2036],[-88.2189,42.20375],[-88.2143,42.20525],[-88.2075,42.20505],[-88.20395,42.2042],[-88.20395,42.2025],[-88.2018,42.20175],[-88.20215,42.20005],[-88.201,42.1994],[-88.20105,42.19795],[-88.1993,42.19795],[-88.19905,42.23605],[-88.19825,42.24155]],[[-88.22055,42.30305],[-88.22435,42.30305],[-88.22325,42.30055],[-88.21735,42.2942],[-88.21745,42.29385],[-88.2183,42.29375],[-88.2185,42.2933],[-88.223,42.29325],[-88.22295,42.2873],[-88.22635,42.28585],[-88.2288,42.2855],[-88.2338,42.2932],[-88.23745,42.29555],[-88.2329,42.3064],[-88.22065,42.30655],[-88.22055,42.30305]],[[-88.24485,42.2563],[-88.23775,42.2564],[-88.2377,42.2527],[-88.23265,42.25345],[-88.228,42.25295],[-88.2269,42.2521],[-88.2274,42.2466],[-88.2259,42.2449],[-88.2227,42.2449],[-88.2225,42.2447],[-88.2227,42.24195],[-88.2259,42.2415],[-88.23275,42.2415],[-88.2329,42.2428],[-88.23565,42.24305],[-88.23585,42.2415],[-88.2417,42.24145],[-88.24195,42.2403],[-88.24385,42.2409],[-88.24585,42.2409],[-88.2478,42.2416],[-88.2504,42.2411],[-88.25355,42.2417],[-88.25345,42.25245],[-88.24575,42.2527],[-88.24575,42.25465],[-88.24485,42.2563]],[[-88.2374,42.2669],[-88.23785,42.26965],[-88.2366,42.2708],[-88.228,42.27075],[-88.2278,42.26695],[-88.228,42.26675],[-88.2374,42.2669]],[[-88.2381,42.29535],[-88.2407,42.29815],[-88.24315,42.2998],[-88.23855,42.29985],[-88.2386,42.30685],[-88.23325,42.30705],[-88.23305,42.3068],[-88.2378,42.29545],[-88.2381,42.29535]]],[[[-88.42225,42.4945],[-88.629,42.49505],[-88.7074,42.4936],[-88.70575,42.3963],[-88.7056,42.15355],[-88.4821,42.15385],[-88.47225,42.15395],[-88.4722,42.16515],[-88.472,42.16535],[-88.4665,42.16505],[-88.4663,42.1659],[-88.46135,42.1659],[-88.46115,42.1612],[-88.45185,42.16125],[-88.4516,42.16845],[-88.43475,42.16855],[-88.43475,42.17265],[-88.43715,42.17455],[-88.44835,42.18165],[-88.44825,42.1829],[-88.44205,42.18295],[-88.44185,42.19015],[-88.4313,42.19025],[-88.43355,42.1929],[-88.4372,42.1938],[-88.4372,42.20425],[-88.44205,42.2044],[-88.44215,42.21525],[-88.43705,42.21545],[-88.4368,42.2118],[-88.4224,42.21185],[-88.42225,42.2098],[-88.4127,42.2098],[-88.41255,42.2047],[-88.3985,42.20475],[-88.3986,42.2118],[-88.39215,42.212],[-88.39215,42.21525],[-88.3939,42.2155],[-88.3986,42.2181],[-88.39945,42.2217],[-88.3986,42.22505],[-88.40555,42.228],[-88.40785,42.22945],[-88.408,42.22595],[-88.41305,42.22595],[-88.41325,42.2283],[-88.4223,42.22835],[-88.4225,42.22855],[-88.4223,42.23],[-88.4142,42.23],[-88.4142,42.23145],[-88.4168,42.23145],[-88.41705,42.23265],[-88.4225,42.23265],[-88.4225,42.2336],[-88.4179,42.2336],[-88.41795,42.23675],[-88.42255,42.23675],[-88.4233,42.23835],[-88.43235,42.2384],[-88.43325,42.24055],[-88.43325,42.25035],[-88.4358,42.25085],[-88.43795,42.2523],[-88.4415,42.2515],[-88.4436,42.25225],[-88.4438,42.25005],[-88.4464,42.2501],[-88.44665,42.25085],[-88.44645,42.25525],[-88.42325,42.2553],[-88.42305,42.2548],[-88.4086,42.2548],[-88.4084,42.2517],[-88.3891,42.25175],[-88.3867,42.25045],[-88.38695,42.25465],[-88.38675,42.25485],[-88.38405,42.25465],[-88.38435,42.24775],[-88.39375,42.2477],[-88.3939,42.24535],[-88.38905,42.24465],[-88.38885,42.2409],[-88.384,42.2409],[-88.3838,42.2407],[-88.384,42.23695],[-88.3924,42.237],[-88.3924,42.2335],[-88.3935,42.231],[-88.3886,42.2308],[-88.3886,42.22645],[-88.3792,42.2265],[-88.37905,42.2301],[-88.3744,42.23015],[-88.3744,42.2346],[-88.375,42.2348],[-88.37495,42.23515],[-88.3744,42.23515],[-88.37445,42.2369],[-88.37915,42.23695],[-88.37915,42.24095],[-88.37455,42.24105],[-88.3746,42.2432],[-88.3735,42.24275],[-88.36985,42.24265],[-88.3699,42.2459],[-88.3716,42.2453],[-88.37385,42.24655],[-88.37745,42.24965],[-88.3795,42.25],[-88.3794,42.25485],[-88.37165,42.25485],[-88.3689,42.25195],[-88.36475,42.2506],[-88.3648,42.24955],[-88.36945,42.24955],[-88.36945,42.2481],[-88.3478,42.2482],[-88.34715,42.24895],[-88.34885,42.2506],[-88.34875,42.25095],[-88.3455,42.25115],[-88.34525,42.2546],[-88.3524,42.25465],[-88.35135,42.25295],[-88.35285,42.2514],[-88.35575,42.25135],[-88.36385,42.2529],[-88.36415,42.2545],[-88.36765,42.2546],[-88.3729,42.2594],[-88.37605,42.2579],[-88.37765,42.2604],[-88.3841,42.26035],[-88.38405,42.2552],[-88.38725,42.25495],[-88.3875,42.2573],[-88.38935,42.25855],[-88.3927,42.25855],[-88.39355,42.25965],[-88.39205,42.2606],[-88.3919,42.26255],[-88.38935,42.26255],[-88.38915,42.2662],[-88.3845,42.2662],[-88.3843,42.26785],[-88.37695,42.26795],[-88.3777,42.269],[-88.3779,42.2759],[-88.37845,42.2771],[-88.3725,42.27715],[-88.37225,42.2736],[-88.36885,42.2718],[-88.36845,42.26695],[-88.36515,42.26695],[-88.3633,42.26575],[-88.3615,42.26745],[-88.35925,42.2662],[-88.357,42.26365],[-88.3571,42.2633],[-88.35975,42.26225],[-88.3653,42.26225],[-88.3641,42.2569],[-88.362,42.25695],[-88.3606,42.25845],[-88.36075,42.25995],[-88.36055,42.2602],[-88.35505,42.25965],[-88.35385,42.25835],[-88.3494,42.2584],[-88.34925,42.2602],[-88.34525,42.2603],[-88.34505,42.26145],[-88.3429,42.2613],[-88.34035,42.26195],[-88.3401,42.26175],[-88.3401,42.2586],[-88.3355,42.2586],[-88.33535,42.25995],[-88.328,42.26],[-88.3278,42.25785],[-88.32535,42.2576],[-88.32535,42.2557],[-88.321,42.25615],[-88.32105,42.26185],[-88.316,42.26195],[-88.31405,42.2632],[-88.3138,42.2663],[-88.32095,42.26615],[-88.3212,42.27005],[-88.3161,42.27035],[-88.3161,42.27575],[-88.3159,42.27595],[-88.31085,42.27505],[-88.3108,42.26655],[-88.3132,42.26635],[-88.3132,42.26325],[-88.31245,42.2618],[-88.3098,42.26135],[-88.30845,42.2632],[-88.30615,42.26335],[-88.306,42.2611],[-88.3019,42.2611],[-88.3001,42.2593],[-88.3014,42.257],[-88.3031,42.2556],[-88.31075,42.2559],[-88.3109,42.252],[-88.3097,42.25195],[-88.30935,42.2557],[-88.3033,42.25545],[-88.3031,42.2552],[-88.3021,42.25635],[-88.2966,42.25535],[-88.2965,42.259],[-88.29505,42.2599],[-88.2911,42.25985],[-88.29095,42.26075],[-88.28675,42.26075],[-88.28655,42.2597],[-88.2805,42.25975],[-88.28055,42.26295],[-88.28205,42.26475],[-88.28695,42.2649],[-88.287,42.27015],[-88.2925,42.27005],[-88.2933,42.2721],[-88.2956,42.27135],[-88.29695,42.27245],[-88.30115,42.2741],[-88.3018,42.2804],[-88.30105,42.28045],[-88.3008,42.2779],[-88.3,42.27725],[-88.29655,42.27655],[-88.2919,42.2766],[-88.29195,42.2829],[-88.29025,42.28455],[-88.2944,42.28475],[-88.2945,42.2918],[-88.2984,42.29175],[-88.29835,42.2873],[-88.3011,42.28705],[-88.30205,42.28535],[-88.2995,42.29925],[-88.2967,42.29945],[-88.2965,42.29925],[-88.29655,42.2958],[-88.2872,42.2959],[-88.28665,42.29955],[-88.2823,42.29955],[-88.28235,42.30275],[-88.28705,42.30275],[-88.28705,42.30395],[-88.2842,42.30395],[-88.2826,42.30635],[-88.2979,42.30625],[-88.2981,42.3065],[-88.297,42.31095],[-88.29575,42.3135],[-88.3094,42.3136],[-88.30955,42.31395],[-88.3044,42.31885],[-88.3065,42.31885],[-88.3074,42.32055],[-88.32985,42.32025],[-88.3301,42.32325],[-88.33585,42.32315],[-88.3366,42.3206],[-88.3356,42.3204],[-88.3357,42.3166],[-88.3388,42.3156],[-88.339,42.31245],[-88.3358,42.3125],[-88.33565,42.31515],[-88.33245,42.3152],[-88.33225,42.31345],[-88.3212,42.3136],[-88.32095,42.31],[-88.3192,42.30985],[-88.31825,42.30765],[-88.31565,42.3063],[-88.31605,42.30245],[-88.32105,42.30235],[-88.32125,42.30595],[-88.33085,42.30585],[-88.33105,42.30605],[-88.3311,42.3087],[-88.33295,42.3084],[-88.33295,42.30605],[-88.33445,42.30585],[-88.3355,42.3025],[-88.3259,42.30275],[-88.3257,42.29735],[-88.321,42.2974],[-88.3208,42.29375],[-88.31955,42.29275],[-88.3213,42.29135],[-88.33085,42.288],[-88.3356,42.28795],[-88.3358,42.2898],[-88.33805,42.29005],[-88.33825,42.29125],[-88.34065,42.29145],[-88.3408,42.29845],[-88.34725,42.29845],[-88.3484,42.2933],[-88.3454,42.2918],[-88.34555,42.2901],[-88.35025,42.29005],[-88.35005,42.2854],[-88.3453,42.2854],[-88.3451,42.28185],[-88.3453,42.28165],[-88.35015,42.28165],[-88.3504,42.28395],[-88.35515,42.28395],[-88.35535,42.2912],[-88.3574,42.29115],[-88.3576,42.28935],[-88.35985,42.28935],[-88.35985,42.2842],[-88.3649,42.284],[-88.3651,42.28495],[-88.3692,42.28495],[-88.37165,42.28385],[-88.37285,42.28545],[-88.37415,42.28395],[-88.37575,42.28395],[-88.37595,42.2842],[-88.3754,42.2868],[-88.3737,42.28745],[-88.3739,42.28765],[-88.37355,42.2892],[-88.3759,42.2895],[-88.3761,42.29075],[-88.37585,42.29095],[-88.3732,42.29055],[-88.37245,42.2939],[-88.3707,42.29395],[-88.37065,42.29165],[-88.3681,42.29185],[-88.36785,42.29005],[-88.36515,42.28975],[-88.3652,42.29455],[-88.36285,42.29515],[-88.3561,42.2953],[-88.3564,42.2967],[-88.3601,42.29665],[-88.3603,42.2985],[-88.36335,42.29845],[-88.365,42.30225],[-88.3624,42.3011],[-88.35515,42.30075],[-88.35275,42.2999],[-88.3529,42.3027],[-88.35535,42.3029],[-88.3552,42.3062],[-88.3505,42.3061],[-88.3505,42.31655],[-88.3552,42.31655],[-88.3599,42.31705],[-88.3626,42.31655],[-88.3626,42.31315],[-88.36485,42.3129],[-88.36485,42.3095],[-88.3651,42.3093],[-88.37015,42.31125],[-88.37015,42.31665],[-88.36635,42.3169],[-88.36635,42.3183],[-88.37075,42.31825],[-88.37095,42.31645],[-88.3737,42.3166],[-88.3746,42.31115],[-88.37705,42.3109],[-88.37965,42.30915],[-88.38445,42.3091],[-88.381,42.30305],[-88.38125,42.30275],[-88.38465,42.3036],[-88.3878,42.2984],[-88.3891,42.29825],[-88.38905,42.291],[-88.38965,42.29015],[-88.40185,42.29335],[-88.4024,42.2921],[-88.40375,42.29235],[-88.4037,42.29005],[-88.3899,42.2825],[-88.3865,42.27665],[-88.38695,42.2749],[-88.39875,42.27685],[-88.3989,42.27295],[-88.40845,42.27295],[-88.4084,42.2661],[-88.4087,42.2659],[-88.41115,42.26675],[-88.41125,42.26935],[-88.4137,42.26955],[-88.41375,42.2729],[-88.41845,42.2729],[-88.41865,42.2767],[-88.41845,42.2769],[-88.4089,42.27695],[-88.4089,42.28015],[-88.41535,42.2803],[-88.41535,42.2841],[-88.4138,42.2841],[-88.41385,42.28775],[-88.41605,42.2895],[-88.41835,42.29015],[-88.4183,42.28025],[-88.42825,42.28],[-88.4298,42.2837],[-88.4329,42.28405],[-88.4346,42.28305],[-88.4347,42.28555],[-88.43335,42.28575],[-88.43335,42.2876],[-88.4379,42.2883],[-88.43785,42.28385],[-88.44275,42.28375],[-88.4427,42.27685],[-88.43305,42.2768],[-88.43285,42.2732],[-88.4282,42.27325],[-88.42795,42.26945],[-88.4306,42.2692],[-88.4512,42.26925],[-88.45145,42.27415],[-88.45275,42.27465],[-88.4529,42.28395],[-88.448,42.28415],[-88.44775,42.28775],[-88.44315,42.2877],[-88.4431,42.2909],[-88.4478,42.29095],[-88.448,42.2923],[-88.45285,42.2925],[-88.45285,42.30065],[-88.4574,42.30085],[-88.4595,42.2994],[-88.46515,42.3011],[-88.46755,42.3026],[-88.4674,42.3067],[-88.46985,42.309],[-88.4721,42.309],[-88.4701,42.305],[-88.4751,42.30205],[-88.477,42.29905],[-88.4785,42.2982],[-88.48215,42.29835],[-88.48215,42.30175],[-88.48585,42.30195],[-88.48585,42.3054],[-88.4871,42.30555],[-88.4869,42.3094],[-88.48225,42.3094],[-88.482,42.31305],[-88.473,42.31305],[-88.47305,42.3238],[-88.46915,42.3243],[-88.46615,42.3239],[-88.46635,42.32815],[-88.46375,42.32885],[-88.48665,42.34465],[-88.4867,42.3373],[-88.48695,42.3371],[-88.4918,42.3382],[-88.492,42.3386],[-88.49185,42.3487],[-88.49155,42.34885],[-88.4725,42.3357],[-88.47245,42.34165],[-88.4715,42.3442],[-88.4674,42.34455],[-88.46235,42.34435],[-88.46235,42.33115],[-88.45305,42.33115],[-88.4531,42.34],[-88.4528,42.34015],[-88.44955,42.33855],[-88.44935,42.3421],[-88.4416,42.3421],[-88.44105,42.34565],[-88.4385,42.34585],[-88.43825,42.34925],[-88.4334,42.3493],[-88.4332,42.3475],[-88.4287,42.3475],[-88.4287,42.35635],[-88.42365,42.35655],[-88.42345,42.35425],[-88.41355,42.35415],[-88.4136,42.33295],[-88.41965,42.33045],[-88.41995,42.33065],[-88.41995,42.33175],[-88.42315,42.33055],[-88.43075,42.33085],[-88.4307,42.32835],[-88.42835,42.32795],[-88.42985,42.32515],[-88.4283,42.3249],[-88.42755,42.32125],[-88.4278,42.318],[-88.4332,42.31805],[-88.4327,42.313],[-88.4283,42.3128],[-88.42825,42.30755],[-88.4236,42.3075],[-88.42335,42.30485],[-88.42125,42.30575],[-88.4189,42.30575],[-88.4189,42.3103],[-88.4202,42.31035],[-88.42005,42.313],[-88.4168,42.313],[-88.4168,42.31585],[-88.41525,42.31605],[-88.41535,42.3275],[-88.41365,42.3275],[-88.41365,42.3255],[-88.4088,42.32535],[-88.4087,42.32005],[-88.4127,42.31965],[-88.41255,42.3149],[-88.40815,42.3176],[-88.40425,42.31885],[-88.40405,42.3203],[-88.40095,42.3203],[-88.40095,42.32375],[-88.39975,42.32375],[-88.39975,42.3199],[-88.4014,42.31925],[-88.4014,42.31305],[-88.3977,42.31395],[-88.3978,42.3184],[-88.39585,42.31885],[-88.39445,42.32025],[-88.39565,42.32195],[-88.395,42.32465],[-88.3992,42.3246],[-88.3994,42.32605],[-88.3992,42.32625],[-88.39555,42.32625],[-88.39505,42.32555],[-88.38945,42.3263],[-88.38985,42.324],[-88.3847,42.32405],[-88.38455,42.32785],[-88.378,42.32785],[-88.3761,42.33135],[-88.37615,42.3326],[-88.3844,42.3326],[-88.38455,42.33105],[-88.38925,42.331],[-88.3894,42.3274],[-88.3963,42.3274],[-88.39795,42.3302],[-88.39775,42.3305],[-88.3945,42.3305],[-88.39455,42.3319],[-88.3983,42.3319],[-88.39845,42.33285],[-88.39455,42.33285],[-88.3947,42.34065],[-88.389,42.34225],[-88.38005,42.34275],[-88.38005,42.3468],[-88.38955,42.3468],[-88.38975,42.35155],[-88.38645,42.3517],[-88.3865,42.3534],[-88.3863,42.3536],[-88.3835,42.35325],[-88.38265,42.35655],[-88.38005,42.35675],[-88.38005,42.3581],[-88.3993,42.35805],[-88.3995,42.35825],[-88.3993,42.3611],[-88.39475,42.3611],[-88.39475,42.3653],[-88.39655,42.36645],[-88.4002,42.36705],[-88.40015,42.36565],[-88.4011,42.36545],[-88.4027,42.36705],[-88.4044,42.36725],[-88.4042,42.3686],[-88.3943,42.36865],[-88.3941,42.3675],[-88.3829,42.36755],[-88.3827,42.3664],[-88.3752,42.36645],[-88.375,42.3694],[-88.3715,42.36945],[-88.3702,42.36845],[-88.37005,42.3741],[-88.3614,42.37405],[-88.3598,42.37635],[-88.35965,42.37805],[-88.37015,42.3781],[-88.37035,42.3798],[-88.37485,42.37975],[-88.37485,42.37455],[-88.38055,42.3742],[-88.38085,42.3708],[-88.39445,42.3707],[-88.39465,42.3709],[-88.39445,42.3722],[-88.38975,42.3722],[-88.38955,42.37475],[-88.3849,42.37475],[-88.38495,42.38],[-88.3886,42.38],[-88.3886,42.3775],[-88.3898,42.3779],[-88.3945,42.3779],[-88.39475,42.38055],[-88.3958,42.38075],[-88.3961,42.38565],[-88.3996,42.38585],[-88.3996,42.38915],[-88.4009,42.3905],[-88.414,42.39045],[-88.41415,42.3996],[-88.4091,42.39985],[-88.4089,42.39775],[-88.4064,42.39625],[-88.4064,42.39425],[-88.4011,42.3929],[-88.3996,42.39075],[-88.3996,42.39965],[-88.3948,42.3999],[-88.39455,42.40175],[-88.38965,42.40215],[-88.3752,42.40235],[-88.3751,42.40715],[-88.37,42.40735],[-88.3699,42.40375],[-88.3654,42.40375],[-88.36525,42.41085],[-88.36335,42.41105],[-88.3629,42.41355],[-88.36505,42.41435],[-88.36525,42.41455],[-88.365,42.4183],[-88.3601,42.4183],[-88.35995,42.41465],[-88.3551,42.4145],[-88.3549,42.40905],[-88.3551,42.40885],[-88.36,42.4089],[-88.36005,42.4038],[-88.35285,42.40385],[-88.3527,42.4001],[-88.34995,42.40095],[-88.34915,42.40325],[-88.34595,42.40625],[-88.346,42.4081],[-88.34405,42.4093],[-88.34045,42.40935],[-88.34025,42.41115],[-88.33705,42.4109],[-88.3366,42.40755],[-88.3398,42.40545],[-88.3403,42.40375],[-88.3433,42.4038],[-88.34505,42.40205],[-88.34465,42.3992],[-88.3427,42.3985],[-88.34285,42.39625],[-88.34575,42.39625],[-88.3462,42.3948],[-88.3463,42.3903],[-88.34855,42.38665],[-88.34425,42.38675],[-88.34115,42.38645],[-88.3387,42.3856],[-88.3353,42.3831],[-88.33525,42.37855],[-88.33075,42.3786],[-88.3308,42.38355],[-88.33025,42.38585],[-88.3266,42.3857],[-88.3183,42.383],[-88.3182,42.37875],[-88.3096,42.37875],[-88.3216,42.3849],[-88.32445,42.38735],[-88.3255,42.39045],[-88.32095,42.3861],[-88.3209,42.3901],[-88.3234,42.39025],[-88.3233,42.3994],[-88.32305,42.3996],[-88.3208,42.3988],[-88.3208,42.4111],[-88.3306,42.41165],[-88.3303,42.40285],[-88.3282,42.40185],[-88.32795,42.40745],[-88.3264,42.40765],[-88.3262,42.40745],[-88.32645,42.40085],[-88.327,42.39915],[-88.3292,42.39915],[-88.32925,42.3921],[-88.33415,42.39185],[-88.3342,42.3856],[-88.3357,42.38685],[-88.33565,42.39285],[-88.3308,42.3931],[-88.3308,42.39445],[-88.33565,42.3947],[-88.33565,42.4016],[-88.33295,42.4018],[-88.33275,42.4037],[-88.3355,42.40515],[-88.3354,42.4076],[-88.33215,42.4076],[-88.33195,42.4129],[-88.317,42.413],[-88.3155,42.41115],[-88.3155,42.4005],[-88.31465,42.4005],[-88.31465,42.4056],[-88.3114,42.4058],[-88.3113,42.4033],[-88.305,42.40325],[-88.30565,42.40695],[-88.3055,42.41495],[-88.286,42.41505],[-88.2837,42.41005],[-88.2839,42.40975],[-88.2874,42.4097],[-88.28615,42.4076],[-88.2861,42.40525],[-88.28465,42.4042],[-88.28125,42.4041],[-88.2798,42.40045],[-88.28,42.40015],[-88.28135,42.40015],[-88.2815,42.39315],[-88.2894,42.39285],[-88.28905,42.39195],[-88.2858,42.39135],[-88.2864,42.38155],[-88.28175,42.3816],[-88.28155,42.3789],[-88.2771,42.37895],[-88.27705,42.38535],[-88.27325,42.3862],[-88.2646,42.38635],[-88.26455,42.3892],[-88.26725,42.38935],[-88.267,42.39535],[-88.2586,42.39555],[-88.25835,42.39615],[-88.24745,42.3962],[-88.2473,42.38755],[-88.24395,42.38815],[-88.2379,42.3882],[-88.23765,42.39205],[-88.23065,42.3921],[-88.2284,42.39085],[-88.22845,42.3937],[-88.23765,42.39355],[-88.23785,42.39805],[-88.2425,42.398],[-88.24275,42.402],[-88.24255,42.4022],[-88.2398,42.40195],[-88.23985,42.408],[-88.2423,42.40795],[-88.2425,42.40525],[-88.2474,42.4052],[-88.2476,42.4079],[-88.24945,42.4079],[-88.24945,42.40955],[-88.2476,42.40955],[-88.24735,42.41195],[-88.24385,42.41195],[-88.24395,42.4154],[-88.24055,42.4148],[-88.2376,42.41565],[-88.2282,42.4157],[-88.228,42.41235],[-88.22165,42.41245],[-88.2211,42.4157],[-88.21665,42.41575],[-88.21665,42.41925],[-88.2182,42.4208],[-88.2207,42.42085],[-88.223,42.4217],[-88.22325,42.41895],[-88.22815,42.41895],[-88.2283,42.4226],[-88.23325,42.42275],[-88.2332,42.4299],[-88.2375,42.4299],[-88.23745,42.42275],[-88.2398,42.4225],[-88.2398,42.4199],[-88.2427,42.4199],[-88.2427,42.42245],[-88.2476,42.4226],[-88.2476,42.43095],[-88.2491,42.42965],[-88.26675,42.4294],[-88.26695,42.4203],[-88.27675,42.42015],[-88.27695,42.42195],[-88.27935,42.42215],[-88.2794,42.4267],[-88.2769,42.42695],[-88.2769,42.42925],[-88.28285,42.42915],[-88.28305,42.42935],[-88.28285,42.4328],[-88.2769,42.43285],[-88.27205,42.43335],[-88.27205,42.43785],[-88.2687,42.4381],[-88.2684,42.43705],[-88.2593,42.43715],[-88.25915,42.43945],[-88.2555,42.4395],[-88.2561,42.44035],[-88.2561,42.44175],[-88.25585,42.44195],[-88.2543,42.4417],[-88.2537,42.4444],[-88.25255,42.44445],[-88.25265,42.45135],[-88.25715,42.45125],[-88.2573,42.44765],[-88.26205,42.44755],[-88.26205,42.4453],[-88.2667,42.446],[-88.26725,42.4446],[-88.26725,42.4513],[-88.2624,42.4516],[-88.2622,42.4552],[-88.25755,42.4553],[-88.25755,42.46595],[-88.25265,42.4662],[-88.25265,42.46965],[-88.25145,42.46985],[-88.25145,42.47325],[-88.25,42.47345],[-88.2498,42.4731],[-88.2478,42.47315],[-88.2478,42.47945],[-88.2523,42.4794],[-88.2525,42.4785],[-88.2562,42.47845],[-88.25645,42.4802],[-88.2621,42.4801],[-88.2623,42.4729],[-88.27685,42.4726],[-88.27705,42.4728],[-88.2769,42.48025],[-88.26495,42.48045],[-88.26495,42.48395],[-88.26815,42.4848],[-88.26815,42.4874],[-88.2672,42.4885],[-88.26255,42.4886],[-88.2623,42.4913],[-88.2574,42.4914],[-88.25725,42.4898],[-88.2548,42.48965],[-88.25505,42.48745],[-88.25725,42.48745],[-88.25725,42.4819],[-88.255,42.48065],[-88.24275,42.4808],[-88.24255,42.4798],[-88.2379,42.47985],[-88.2377,42.47875],[-88.23505,42.47875],[-88.23505,42.4802],[-88.2379,42.4802],[-88.2379,42.48085],[-88.2312,42.48085],[-88.2287,42.482],[-88.22885,42.49135],[-88.2315,42.4915],[-88.23155,42.49505],[-88.3158,42.4948],[-88.3105,42.4939],[-88.309,42.4944],[-88.303,42.49445],[-88.30285,42.4941],[-88.3039,42.4926],[-88.3031,42.49235],[-88.3034,42.49045],[-88.3011,42.4903],[-88.3011,42.4872],[-88.2965,42.48715],[-88.29625,42.4837],[-88.2948,42.48275],[-88.29485,42.47975],[-88.29625,42.47955],[-88.29615,42.4726],[-88.29835,42.47105],[-88.29855,42.46925],[-88.304,42.46945],[-88.3046,42.46665],[-88.30455,42.465],[-88.30525,42.464],[-88.30475,42.4583],[-88.3036,42.4581],[-88.3034,42.45105],[-88.30005,42.45105],[-88.30005,42.45295],[-88.29975,42.45315],[-88.29565,42.45105],[-88.2916,42.45115],[-88.2916,42.45735],[-88.2897,42.4576],[-88.28975,42.46115],[-88.2901,42.46255],[-88.2898,42.46445],[-88.28905,42.46565],[-88.28665,42.46565],[-88.28515,42.46385],[-88.28175,42.4639],[-88.28155,42.4637],[-88.28175,42.4617],[-88.2864,42.46165],[-88.28635,42.4584],[-88.2817,42.4585],[-88.2815,42.45525],[-88.27685,42.4553],[-88.27665,42.4551],[-88.27685,42.45365],[-88.27985,42.4536],[-88.27985,42.45105],[-88.28755,42.45075],[-88.2863,42.4492],[-88.2863,42.4472],[-88.2881,42.4469],[-88.2936,42.4493],[-88.29375,42.4471],[-88.296,42.44705],[-88.2962,42.44345],[-88.31555,42.44345],[-88.31575,42.4398],[-88.33045,42.43965],[-88.3306,42.4435],[-88.32905,42.4437],[-88.3294,42.44655],[-88.3271,42.45085],[-88.3257,42.45095],[-88.32565,42.45335],[-88.3247,42.45585],[-88.3246,42.4655],[-88.3243,42.4657],[-88.31015,42.45825],[-88.3069,42.45845],[-88.30695,42.46075],[-88.30885,42.46135],[-88.3103,42.4587],[-88.32465,42.4659],[-88.32485,42.4737],[-88.3243,42.47535],[-88.3196,42.4754],[-88.3184,42.47985],[-88.31295,42.4799],[-88.31285,42.47845],[-88.31125,42.4767],[-88.3111,42.4834],[-88.31025,42.4836],[-88.32265,42.49445],[-88.3226,42.4948],[-88.42225,42.4945]],[[-88.32805,42.4507],[-88.3306,42.44645],[-88.3306,42.4507],[-88.32805,42.4507]],[[-88.4133,42.2588],[-88.41345,42.2549],[-88.41835,42.2549],[-88.41835,42.2588],[-88.4133,42.2588]],[[-88.44255,42.4799],[-88.44,42.4785],[-88.43715,42.4806],[-88.43275,42.4806],[-88.4325,42.4831],[-88.42765,42.483],[-88.42745,42.4828],[-88.42775,42.4798],[-88.43235,42.4799],[-88.4325,42.476],[-88.42295,42.476],[-88.4189,42.47405],[-88.41895,42.47225],[-88.42045,42.47205],[-88.4202,42.4704],[-88.42045,42.46845],[-88.4228,42.46845],[-88.42285,42.46505],[-88.4248,42.4648],[-88.42505,42.4627],[-88.4304,42.46265],[-88.433,42.46475],[-88.4376,42.4647],[-88.43765,42.4579],[-88.4207,42.45795],[-88.4205,42.45775],[-88.42075,42.4503],[-88.4428,42.45025],[-88.443,42.45745],[-88.44545,42.45765],[-88.4453,42.4647],[-88.45015,42.46495],[-88.45,42.472],[-88.444,42.4722],[-88.44275,42.47425],[-88.44255,42.4799]],[[-88.42385,42.39955],[-88.4238,42.4069],[-88.42115,42.4071],[-88.42095,42.4069],[-88.42105,42.3996],[-88.42385,42.39955]],[[-88.53555,42.2314],[-88.5403,42.23265],[-88.54055,42.23105],[-88.5428,42.2311],[-88.54275,42.2186],[-88.54295,42.2184],[-88.5506,42.21865],[-88.5506,42.23295],[-88.55315,42.23335],[-88.55315,42.23635],[-88.5529,42.2365],[-88.5505,42.2359],[-88.5503,42.2409],[-88.53555,42.2409],[-88.53555,42.2314]],[[-88.6458,42.46595],[-88.63335,42.4659],[-88.6331,42.4623],[-88.62825,42.4621],[-88.6282,42.45765],[-88.6229,42.45255],[-88.6229,42.45225],[-88.62375,42.45175],[-88.6247,42.4521],[-88.6251,42.4503],[-88.62785,42.4477],[-88.61365,42.4477],[-88.61345,42.44385],[-88.61365,42.44365],[-88.6281,42.4437],[-88.6281,42.44045],[-88.6185,42.44045],[-88.6183,42.4375],[-88.60895,42.4376],[-88.60885,42.4407],[-88.6067,42.44395],[-88.58935,42.4438],[-88.5892,42.4474],[-88.5845,42.4474],[-88.5845,42.4488],[-88.5892,42.4488],[-88.5894,42.4508],[-88.5892,42.451],[-88.5796,42.451],[-88.57935,42.44715],[-88.5764,42.44715],[-88.57645,42.4508],[-88.57435,42.4508],[-88.57435,42.4492],[-88.56965,42.4492],[-88.56965,42.4479],[-88.57435,42.4479],[-88.5743,42.4436],[-88.57915,42.4434],[-88.57945,42.4362],[-88.58915,42.43625],[-88.58935,42.44],[-88.5939,42.44],[-88.59405,42.43355],[-88.5952,42.43285],[-88.599,42.43285],[-88.5992,42.43135],[-88.594,42.43135],[-88.5938,42.43115],[-88.594,42.43005],[-88.59885,42.43005],[-88.59865,42.41705],[-88.59885,42.41685],[-88.6035,42.41715],[-88.60345,42.41495],[-88.5924,42.41185],[-88.59245,42.4073],[-88.599,42.40725],[-88.59875,42.402],[-88.59895,42.4018],[-88.60605,42.40175],[-88.60625,42.4014],[-88.6087,42.4016],[-88.6087,42.4049],[-88.612,42.4048],[-88.612,42.40195],[-88.6105,42.40175],[-88.6103,42.3999],[-88.61135,42.3996],[-88.61175,42.3959],[-88.6138,42.3963],[-88.61295,42.39835],[-88.6135,42.39995],[-88.61615,42.40015],[-88.61635,42.40255],[-88.618,42.4026],[-88.61815,42.39995],[-88.6232,42.40015],[-88.62325,42.4072],[-88.62815,42.4074],[-88.6282,42.4146],[-88.6326,42.41465],[-88.63275,42.4072],[-88.6411,42.4072],[-88.641,42.40015],[-88.64705,42.39995],[-88.64735,42.40355],[-88.6521,42.4036],[-88.65235,42.4072],[-88.65705,42.40725],[-88.6573,42.41105],[-88.6571,42.41125],[-88.65245,42.41125],[-88.6525,42.41495],[-88.6523,42.41515],[-88.6488,42.4149],[-88.6488,42.41125],[-88.64625,42.41125],[-88.6462,42.4149],[-88.64255,42.4151],[-88.6397,42.41425],[-88.63825,42.41505],[-88.6382,42.42195],[-88.64135,42.42205],[-88.64305,42.42355],[-88.6431,42.43635],[-88.6441,42.43915],[-88.63955,42.4414],[-88.63995,42.4422],[-88.636,42.44415],[-88.6334,42.4435],[-88.6334,42.45115],[-88.62855,42.45145],[-88.62855,42.45215],[-88.6332,42.45215],[-88.63345,42.45465],[-88.6379,42.45465],[-88.6379,42.4512],[-88.639,42.44915],[-88.6454,42.4492],[-88.6476,42.4508],[-88.64755,42.4442],[-88.64785,42.444],[-88.6611,42.45475],[-88.661,42.4551],[-88.64805,42.4551],[-88.6482,42.4652],[-88.6458,42.46595]],[[-88.6259,42.2513],[-88.62135,42.2504],[-88.61845,42.2509],[-88.6184,42.2624],[-88.61625,42.2626],[-88.6161,42.26425],[-88.6098,42.26425],[-88.6098,42.2658],[-88.61355,42.266],[-88.61325,42.27155],[-88.6104,42.27175],[-88.6083,42.27085],[-88.6083,42.2662],[-88.5962,42.26625],[-88.596,42.2647],[-88.5887,42.26455],[-88.58875,42.2547],[-88.5879,42.2553],[-88.58645,42.2551],[-88.58645,42.25105],[-88.5807,42.251],[-88.5805,42.2508],[-88.5808,42.24785],[-88.5754,42.24785],[-88.5752,42.2476],[-88.5786,42.22575],[-88.57945,42.22475],[-88.58315,42.22495],[-88.5832,42.2291],[-88.58455,42.22935],[-88.5839,42.23735],[-88.58575,42.23715],[-88.5874,42.23855],[-88.5906,42.2396],[-88.593,42.2396],[-88.59335,42.23535],[-88.5914,42.2351],[-88.5914,42.2334],[-88.59325,42.23315],[-88.59365,42.2294],[-88.59555,42.22925],[-88.5957,42.23015],[-88.5994,42.23035],[-88.59955,42.2321],[-88.6066,42.23255],[-88.60875,42.2341],[-88.60875,42.23635],[-88.60735,42.23655],[-88.60735,42.2391],[-88.60875,42.2396],[-88.61445,42.23955],[-88.61465,42.2367],[-88.61805,42.2367],[-88.61815,42.22325],[-88.62055,42.2211],[-88.62215,42.2219],[-88.62565,42.219],[-88.6214,42.2194],[-88.6178,42.2176],[-88.61825,42.21475],[-88.62775,42.21475],[-88.62765,42.21165],[-88.6182,42.2116],[-88.618,42.2098],[-88.62025,42.20965],[-88.62015,42.208],[-88.618,42.20785],[-88.61785,42.20375],[-88.61785,42.1894],[-88.61705,42.1899],[-88.60955,42.18995],[-88.60815,42.18795],[-88.6082,42.1827],[-88.60655,42.1825],[-88.60645,42.17525],[-88.6084,42.17455],[-88.61255,42.1767],[-88.6133,42.1777],[-88.61335,42.1821],[-88.62285,42.18215],[-88.6231,42.1859],[-88.62795,42.1861],[-88.62795,42.1914],[-88.62775,42.1916],[-88.6207,42.1906],[-88.6207,42.19315],[-88.62315,42.1933],[-88.6232,42.1973],[-88.62505,42.19735],[-88.62505,42.19955],[-88.62975,42.1991],[-88.62995,42.2006],[-88.6339,42.20005],[-88.6339,42.19795],[-88.6341,42.19775],[-88.63605,42.1981],[-88.6377,42.19885],[-88.6386,42.20315],[-88.6407,42.19975],[-88.64345,42.20085],[-88.6435,42.2076],[-88.64725,42.2076],[-88.64745,42.21115],[-88.65205,42.21115],[-88.6522,42.21475],[-88.65655,42.2147],[-88.6567,42.21155],[-88.6618,42.21175],[-88.6619,42.2186],[-88.6571,42.2194],[-88.6569,42.22595],[-88.64265,42.226],[-88.6423,42.2188],[-88.63295,42.2188],[-88.6329,42.2222],[-88.62835,42.2255],[-88.6283,42.23315],[-88.62655,42.23335],[-88.6267,42.23575],[-88.6291,42.23705],[-88.6233,42.23705],[-88.6234,42.2405],[-88.628,42.2407],[-88.62795,42.24785],[-88.63445,42.2484],[-88.6347,42.2527],[-88.63915,42.2527],[-88.63915,42.2497],[-88.64055,42.24975],[-88.6406,42.25315],[-88.64605,42.25315],[-88.64605,42.25],[-88.64785,42.2499],[-88.648,42.24415],[-88.64425,42.2442],[-88.64395,42.2407],[-88.64415,42.2405],[-88.6524,42.2405],[-88.6526,42.242],[-88.65535,42.24195],[-88.65555,42.2405],[-88.66215,42.2405],[-88.66235,42.2443],[-88.66215,42.2445],[-88.65575,42.2445],[-88.6558,42.25025],[-88.66385,42.25055],[-88.6638,42.25435],[-88.63245,42.2544],[-88.63225,42.24975],[-88.626,42.24945],[-88.6259,42.2513]],[[-88.6176,42.17495],[-88.61215,42.1754],[-88.6082,42.174],[-88.60825,42.1714],[-88.6228,42.1714],[-88.623,42.17565],[-88.61975,42.17585],[-88.6176,42.17495]]],[[[-88.1994,42.3509],[-88.19875,42.34895],[-88.1994,42.49515],[-88.2235,42.49505],[-88.22355,42.49175],[-88.2188,42.49175],[-88.21865,42.4879],[-88.214,42.48795],[-88.21395,42.48795],[-88.2139,42.48795],[-88.21385,42.4879],[-88.2138,42.48775],[-88.21375,42.4864],[-88.2089,42.4862],[-88.20905,42.4806],[-88.2187,42.48055],[-88.21865,42.47735],[-88.21365,42.47715],[-88.21355,42.46995],[-88.21845,42.4697],[-88.2184,42.46645],[-88.20995,42.4665],[-88.20975,42.46625],[-88.2106,42.46385],[-88.21305,42.45175],[-88.21325,42.4516],[-88.22945,42.45155],[-88.22965,42.45185],[-88.22715,42.45555],[-88.2285,42.457],[-88.23765,42.45695],[-88.2376,42.452],[-88.2312,42.45195],[-88.233,42.451],[-88.233,42.44465],[-88.2279,42.4447],[-88.22765,42.4429],[-88.2243,42.4432],[-88.2209,42.4423],[-88.22,42.4451],[-88.21725,42.44595],[-88.2147,42.4456],[-88.2142,42.4445],[-88.21445,42.4434],[-88.2153,42.4433],[-88.21615,42.44145],[-88.2151,42.44095],[-88.21625,42.43845],[-88.2146,42.43785],[-88.2144,42.4391],[-88.21345,42.4391],[-88.21325,42.4389],[-88.21345,42.4372],[-88.21855,42.43705],[-88.2187,42.43735],[-88.218,42.4388],[-88.21855,42.439],[-88.2329,42.44285],[-88.2329,42.43795],[-88.2287,42.4378],[-88.2284,42.43645],[-88.22305,42.43445],[-88.223,42.423],[-88.21485,42.423],[-88.21605,42.42465],[-88.2161,42.42625],[-88.22025,42.426],[-88.22045,42.42625],[-88.22015,42.42765],[-88.21835,42.42845],[-88.21345,42.4285],[-88.21325,42.42645],[-88.2116,42.4248],[-88.21135,42.42],[-88.2084,42.4154],[-88.20845,42.41205],[-88.21025,42.4118],[-88.2115,42.4134],[-88.2182,42.4136],[-88.2184,42.41205],[-88.22135,42.41205],[-88.2218,42.40865],[-88.219,42.40865],[-88.21825,42.40635],[-88.2158,42.40615],[-88.21585,42.4034],[-88.2183,42.4032],[-88.2185,42.39975],[-88.22365,42.3997],[-88.2246,42.39565],[-88.2195,42.3957],[-88.2183,42.3964],[-88.2185,42.3938],[-88.22315,42.39375],[-88.2233,42.3911],[-88.2267,42.3911],[-88.22705,42.3905],[-88.22345,42.39055],[-88.2223,42.38935],[-88.2225,42.38595],[-88.21855,42.388],[-88.2139,42.3918],[-88.2113,42.39245],[-88.2087,42.3943],[-88.2084,42.3941],[-88.20835,42.38685],[-88.2036,42.3868],[-88.2036,42.3829],[-88.20835,42.3829],[-88.20835,42.37245],[-88.212,42.372],[-88.21815,42.37205],[-88.218,42.3595],[-88.2135,42.3595],[-88.2136,42.36425],[-88.2126,42.3652],[-88.20595,42.36515],[-88.2047,42.36185],[-88.20435,42.35775],[-88.20455,42.35755],[-88.2131,42.35755],[-88.21315,42.3551],[-88.2094,42.354],[-88.2081,42.3518],[-88.2082,42.3434],[-88.20365,42.3434],[-88.2036,42.34685],[-88.20055,42.34705],[-88.20055,42.3511],[-88.1994,42.3509]]]]},"properties":{"kind":"neighbour","name":"Unincorporated McHenry County","region":"McHenry County","lp":[-88.56603,42.3352],"rest":true}}
]}