{"type":"FeatureCollection", "features": [
{"type":"Feature","geometry":{"type":"Polygon","coordinates":[[[-87.67501,41.99799],[-87.67086,41.99807],[-87.66766,41.99811],[-87.656,41.99824],[-87.65574,41.99818],[-87.65456,41.99817],[-87.65521,41.99906],[-87.65562,41.99955],[-87.65601,42.00066],[-87.65599,42.0011],[-87.65645,42.00206],[-87.65687,42.00252],[-87.65698,42.0032],[-87.65724,42.00371],[-87.65729,42.00421],[-87.65682,42.00421],[-87.65731,42.00507],[-87.65742,42.00562],[-87.65739,42.00628],[-87.65584,42.00631],[-87.65535,42.00669],[-87.65646,42.00742],[-87.65674,42.00768],[-87.65698,42.008],[-87.65752,42.00845],[-87.65812,42.00905],[-87.65866,42.00954],[-87.65922,42.01024],[-87.66012,42.01098],[-87.66015,42.01124],[-87.66079,42.01175],[-87.66103,42.01205],[-87.66094,42.01221],[-87.66133,42.01295],[-87.66162,42.01332],[-87.6615,42.01347],[-87.66157,42.01373],[-87.66178,42.01404],[-87.662,42.01458],[-87.66209,42.01496],[-87.66247,42.01543],[-87.66255,42.01605],[-87.66272,42.01619],[-87.66281,42.01665],[-87.66301,42.01674],[-87.66299,42.01709],[-87.66315,42.01717],[-87.66314,42.01772],[-87.66327,42.01776],[-87.66336,42.01858],[-87.66372,42.01874],[-87.66398,42.01908],[-87.66383,42.01936],[-87.66385,42.01966],[-87.66401,42.02018],[-87.66375,42.02035],[-87.66401,42.02133],[-87.66419,42.02125],[-87.66453,42.02149],[-87.66472,42.02173],[-87.66463,42.02187],[-87.66479,42.02222],[-87.66505,42.02236],[-87.66527,42.02262],[-87.66513,42.02295],[-87.6707,42.02299],[-87.67706,42.02304],[-87.67624,42.02193],[-87.67312,42.01939],[-87.67708,42.01941],[-87.67728,42.01943],[-87.68024,42.01944],[-87.68465,42.01948],[-87.68448,42.01811],[-87.68418,42.01553],[-87.68404,42.01503],[-87.68193,42.00905],[-87.68176,42.00865],[-87.6771,41.99853],[-87.67684,41.99796],[-87.67501,41.99799]]]},"properties":{"name":"Rogers Park","code":1,"lp":[-87.67043,42.00827]}},
{"type":"Feature","geometry":{"type":"Polygon","coordinates":[[[-87.67501,41.99799],[-87.67684,41.99796],[-87.6771,41.99853],[-87.68176,42.00865],[-87.68193,42.00905],[-87.68404,42.01503],[-87.68418,42.01553],[-87.68448,42.01811],[-87.68465,42.01948],[-87.68629,42.01951],[-87.68999,42.01953],[-87.69209,42.01949],[-87.70213,42.01927],[-87.70414,42.01923],[-87.7045,42.01923],[-87.70901,42.01913],[-87.70919,42.01167],[-87.70932,42.01054],[-87.70948,42.00452],[-87.70948,42.00117],[-87.70945,41.99739],[-87.71067,41.99737],[-87.71062,41.9967],[-87.71051,41.99583],[-87.71016,41.99402],[-87.70985,41.99281],[-87.70952,41.99161],[-87.70937,41.9913],[-87.70898,41.99008],[-87.70886,41.98945],[-87.70869,41.9889],[-87.70848,41.98849],[-87.70847,41.98819],[-87.70831,41.98773],[-87.70816,41.98704],[-87.70788,41.98635],[-87.70782,41.98603],[-87.70751,41.98517],[-87.70751,41.98495],[-87.70726,41.98428],[-87.7069,41.98308],[-87.70234,41.98311],[-87.69852,41.98312],[-87.69446,41.98315],[-87.68945,41.98317],[-87.68946,41.98407],[-87.68967,41.9905],[-87.68051,41.99066],[-87.67485,41.99076],[-87.67483,41.99208],[-87.67489,41.99424],[-87.67501,41.99799]]]},"properties":{"name":"West Ridge","code":2,"lp":[-87.69517,42.00373]}},
{"type":"Feature","geometry":{"type":"Polygon","coordinates":[[[-87.67398,41.96153],[-87.66848,41.9616],[-87.66595,41.96163],[-87.66519,41.95963],[-87.66447,41.95796],[-87.66225,41.95438],[-87.65131,41.95454],[-87.644,41.95465],[-87.64102,41.9548],[-87.64129,41.95586],[-87.64153,41.95715],[-87.64162,41.95784],[-87.64175,41.95836],[-87.64153,41.96018],[-87.64167,41.96044],[-87.6422,41.96096],[-87.64228,41.96152],[-87.64206,41.96191],[-87.64164,41.96222],[-87.64119,41.96235],[-87.63791,41.96275],[-87.63685,41.96288],[-87.63592,41.96284],[-87.63551,41.96261],[-87.63533,41.96231],[-87.63535,41.96204],[-87.63583,41.96138],[-87.63639,41.96094],[-87.63677,41.96073],[-87.63764,41.9604],[-87.63847,41.96028],[-87.63882,41.96029],[-87.63932,41.9604],[-87.64026,41.96089],[-87.64074,41.96079],[-87.64095,41.96049],[-87.64094,41.96023],[-87.6408,41.95998],[-87.64047,41.95978],[-87.6401,41.95967],[-87.63895,41.95942],[-87.63794,41.95934],[-87.63746,41.95937],[-87.63664,41.95954],[-87.63599,41.9599],[-87.63529,41.96046],[-87.63485,41.96091],[-87.63422,41.96138],[-87.63346,41.96175],[-87.63289,41.96191],[-87.63206,41.96224],[-87.63173,41.96232],[-87.63131,41.96255],[-87.63107,41.96284],[-87.631,41.96323],[-87.63122,41.96368],[-87.63167,41.96404],[-87.63199,41.96507],[-87.63298,41.96536],[-87.6341,41.96548],[-87.63509,41.96554],[-87.63644,41.96578],[-87.63743,41.96604],[-87.639,41.96657],[-87.64049,41.96692],[-87.64153,41.96752],[-87.64256,41.9683],[-87.6428,41.96805],[-87.64297,41.96806],[-87.64327,41.96831],[-87.64301,41.96849],[-87.64263,41.96835],[-87.64367,41.96924],[-87.64424,41.96983],[-87.64503,41.9708],[-87.64557,41.97166],[-87.64601,41.9725],[-87.64618,41.97298],[-87.64626,41.97347],[-87.64636,41.97684],[-87.64648,41.97723],[-87.64669,41.97747],[-87.64729,41.97775],[-87.64886,41.97704],[-87.64904,41.97681],[-87.6494,41.97685],[-87.64978,41.97679],[-87.65082,41.97652],[-87.65126,41.97646],[-87.65294,41.97643],[-87.66803,41.9762],[-87.67441,41.9761],[-87.67434,41.97346],[-87.67429,41.97327],[-87.67419,41.97025],[-87.67421,41.97004],[-87.6741,41.96634],[-87.67408,41.96507],[-87.67398,41.96153]]]},"properties":{"name":"Uptown","code":3,"lp":[-87.65468,41.96543]}},
{"type":"Feature","geometry":{"type":"Polygon","coordinates":[[[-87.67398,41.96153],[-87.67408,41.96507],[-87.6741,41.96634],[-87.67421,41.97004],[-87.67419,41.97025],[-87.67429,41.97327],[-87.67434,41.97346],[-87.67441,41.9761],[-87.67446,41.97782],[-87.67437,41.97801],[-87.67442,41.97968],[-87.67451,41.97981],[-87.67459,41.98237],[-87.6747,41.98653],[-87.6746,41.98679],[-87.67471,41.99076],[-87.67485,41.99076],[-87.68051,41.99066],[-87.68967,41.9905],[-87.68946,41.98407],[-87.68945,41.98317],[-87.69446,41.98315],[-87.69852,41.98312],[-87.70234,41.98311],[-87.7069,41.98308],[-87.70666,41.98213],[-87.7065,41.98176],[-87.70636,41.98119],[-87.70608,41.98045],[-87.70565,41.97899],[-87.70551,41.97865],[-87.70517,41.9774],[-87.70487,41.97645],[-87.70483,41.97614],[-87.70449,41.9752],[-87.70446,41.97486],[-87.70404,41.97355],[-87.70382,41.97305],[-87.70357,41.97195],[-87.70322,41.97124],[-87.70256,41.97023],[-87.70202,41.96962],[-87.70154,41.9692],[-87.70144,41.96894],[-87.70108,41.96852],[-87.70073,41.96825],[-87.70011,41.96765],[-87.69987,41.96747],[-87.69911,41.96673],[-87.69831,41.96589],[-87.69729,41.96491],[-87.69704,41.96472],[-87.69667,41.96429],[-87.69605,41.96368],[-87.69562,41.96318],[-87.69548,41.96293],[-87.69475,41.96127],[-87.68893,41.96131],[-87.68315,41.9614],[-87.67398,41.96153]]]},"properties":{"name":"Lincoln Square","code":4,"lp":[-87.68555,41.97267]}},
{"type":"Feature","geometry":{"type":"Polygon","coordinates":[[[-87.68284,41.93223],[-87.67336,41.93234],[-87.67338,41.9334],[-87.67347,41.93599],[-87.67335,41.93599],[-87.67344,41.93943],[-87.67345,41.94023],[-87.6735,41.94086],[-87.67355,41.94299],[-87.67363,41.94538],[-87.67365,41.94646],[-87.67372,41.94693],[-87.67361,41.94716],[-87.67365,41.94846],[-87.67368,41.94883],[-87.67372,41.95048],[-87.67371,41.95068],[-87.6738,41.95408],[-87.67379,41.95436],[-87.67389,41.95765],[-87.67388,41.95796],[-87.67398,41.96153],[-87.68315,41.9614],[-87.68893,41.96131],[-87.69475,41.96127],[-87.6947,41.9611],[-87.69466,41.96006],[-87.69459,41.95964],[-87.69458,41.9592],[-87.69444,41.95851],[-87.69434,41.95772],[-87.69438,41.95706],[-87.69439,41.95588],[-87.69447,41.95537],[-87.69444,41.95466],[-87.69455,41.95392],[-87.69465,41.95368],[-87.69507,41.95311],[-87.6955,41.95261],[-87.69579,41.95216],[-87.6964,41.95102],[-87.69679,41.95039],[-87.69686,41.95001],[-87.69668,41.94891],[-87.69647,41.94795],[-87.69637,41.94774],[-87.69622,41.94702],[-87.6962,41.9467],[-87.69619,41.94657],[-87.69548,41.94358],[-87.69528,41.94277],[-87.69446,41.94151],[-87.69408,41.94102],[-87.69363,41.94026],[-87.69331,41.93993],[-87.69279,41.93952],[-87.69244,41.93938],[-87.69234,41.93922],[-87.69149,41.93879],[-87.69106,41.93824],[-87.69072,41.9374],[-87.69041,41.9369],[-87.69007,41.93665],[-87.68849,41.93643],[-87.68799,41.9361],[-87.68767,41.9359],[-87.68703,41.93527],[-87.68683,41.93491],[-87.68597,41.93403],[-87.68549,41.9338],[-87.68506,41.93369],[-87.68427,41.93362],[-87.68353,41.93344],[-87.68341,41.93334],[-87.68306,41.93276],[-87.68284,41.93223]]]},"properties":{"name":"North Center","code":5,"lp":[-87.68488,41.94802]}},
{"type":"Feature","geometry":{"type":"Polygon","coordinates":[[[-87.63182,41.93258],[-87.63144,41.93264],[-87.63138,41.93297],[-87.63091,41.93298],[-87.63053,41.93321],[-87.63044,41.93367],[-87.63071,41.93391],[-87.63145,41.93481],[-87.63172,41.93519],[-87.6321,41.93584],[-87.63229,41.93691],[-87.63243,41.93718],[-87.63237,41.93738],[-87.63299,41.93808],[-87.63317,41.93843],[-87.63355,41.93936],[-87.63386,41.94038],[-87.63385,41.94134],[-87.634,41.94162],[-87.63433,41.94173],[-87.6347,41.94141],[-87.63478,41.94069],[-87.63499,41.94015],[-87.6355,41.93971],[-87.63584,41.93978],[-87.63682,41.93976],[-87.63673,41.94023],[-87.63695,41.94026],[-87.63712,41.93983],[-87.63754,41.94028],[-87.63826,41.94114],[-87.6384,41.94143],[-87.63843,41.94212],[-87.63851,41.94251],[-87.63885,41.94311],[-87.63933,41.94352],[-87.63959,41.9436],[-87.64046,41.94483],[-87.64041,41.94524],[-87.6402,41.94529],[-87.6402,41.94552],[-87.64003,41.94591],[-87.64064,41.94646],[-87.64136,41.94704],[-87.64189,41.94753],[-87.64213,41.94786],[-87.64187,41.948],[-87.64143,41.94781],[-87.64103,41.94755],[-87.64027,41.9467],[-87.64026,41.94652],[-87.63964,41.94633],[-87.63889,41.94631],[-87.6387,41.9462],[-87.63742,41.94582],[-87.63731,41.94575],[-87.63682,41.94505],[-87.63696,41.9449],[-87.63618,41.94324],[-87.6359,41.94297],[-87.63548,41.9429],[-87.63469,41.94321],[-87.63427,41.94311],[-87.63406,41.94291],[-87.63388,41.94239],[-87.63364,41.94218],[-87.63315,41.94221],[-87.633,41.94248],[-87.63316,41.94274],[-87.63471,41.94414],[-87.63515,41.94458],[-87.63625,41.94576],[-87.63688,41.94656],[-87.63755,41.94743],[-87.63791,41.94801],[-87.63845,41.94904],[-87.6392,41.95062],[-87.64022,41.95289],[-87.64049,41.9536],[-87.64085,41.95425],[-87.64102,41.9548],[-87.644,41.95465],[-87.65131,41.95454],[-87.66225,41.95438],[-87.66447,41.95796],[-87.66519,41.95963],[-87.66595,41.96163],[-87.66848,41.9616],[-87.67398,41.96153],[-87.67388,41.95796],[-87.67389,41.95765],[-87.67379,41.95436],[-87.6738,41.95408],[-87.67371,41.95068],[-87.67372,41.95048],[-87.67368,41.94883],[-87.67365,41.94846],[-87.67361,41.94716],[-87.67372,41.94693],[-87.67365,41.94646],[-87.67363,41.94538],[-87.67355,41.94299],[-87.6735,41.94086],[-87.67345,41.94023],[-87.67344,41.93943],[-87.67335,41.93599],[-87.67347,41.93599],[-87.67338,41.9334],[-87.67336,41.93234],[-87.66707,41.93242],[-87.65951,41.93254],[-87.65094,41.93269],[-87.64987,41.9327],[-87.64006,41.9329],[-87.63735,41.93293],[-87.63624,41.93285],[-87.63472,41.9328],[-87.63424,41.93299],[-87.63393,41.93291],[-87.63282,41.93293],[-87.63256,41.93263],[-87.63182,41.93258]]]},"properties":{"name":"Lake View","code":6,"lp":[-87.65288,41.94359]}},
{"type":"Feature","geometry":{"type":"Polygon","coordinates":[[[-87.62446,41.91157],[-87.62329,41.91247],[-87.62263,41.91279],[-87.62209,41.9129],[-87.62126,41.913],[-87.62078,41.91318],[-87.62044,41.91341],[-87.62059,41.91379],[-87.62109,41.9136],[-87.62173,41.91353],[-87.62243,41.91357],[-87.62327,41.91381],[-87.62402,41.91418],[-87.62501,41.91483],[-87.6258,41.91553],[-87.62629,41.91576],[-87.62681,41.91629],[-87.62671,41.91644],[-87.62708,41.91684],[-87.62758,41.91721],[-87.62791,41.9176],[-87.62735,41.918],[-87.62749,41.91822],[-87.62789,41.91853],[-87.62841,41.91914],[-87.62796,41.9195],[-87.62868,41.92029],[-87.62892,41.92073],[-87.62876,41.92086],[-87.6277,41.92136],[-87.62776,41.9214],[-87.62854,41.92103],[-87.62868,41.92129],[-87.62943,41.92229],[-87.629,41.92275],[-87.6299,41.92348],[-87.63008,41.92404],[-87.63019,41.92468],[-87.63027,41.92575],[-87.62988,41.92616],[-87.62963,41.92622],[-87.6296,41.92658],[-87.62979,41.92708],[-87.63033,41.92763],[-87.63061,41.928],[-87.6304,41.92808],[-87.63069,41.9286],[-87.63083,41.92901],[-87.63101,41.93008],[-87.63095,41.93081],[-87.63067,41.93177],[-87.63085,41.93217],[-87.63128,41.93242],[-87.63182,41.93244],[-87.63182,41.93258],[-87.63256,41.93263],[-87.63282,41.93293],[-87.63393,41.93291],[-87.63424,41.93299],[-87.63472,41.9328],[-87.63624,41.93285],[-87.63735,41.93293],[-87.64006,41.9329],[-87.64987,41.9327],[-87.65094,41.93269],[-87.65951,41.93254],[-87.66707,41.93242],[-87.67336,41.93234],[-87.68284,41.93223],[-87.68284,41.93215],[-87.68215,41.9314],[-87.6808,41.93064],[-87.67984,41.92861],[-87.67971,41.92846],[-87.67779,41.92802],[-87.67652,41.92759],[-87.67583,41.92723],[-87.67494,41.92666],[-87.67455,41.92614],[-87.67451,41.92595],[-87.67446,41.92484],[-87.67426,41.92439],[-87.67377,41.924],[-87.67216,41.92281],[-87.67165,41.92255],[-87.67089,41.92238],[-87.67015,41.92237],[-87.66951,41.92241],[-87.66837,41.92217],[-87.6681,41.92203],[-87.66768,41.92134],[-87.66734,41.92088],[-87.66646,41.92003],[-87.66572,41.91893],[-87.66543,41.91859],[-87.66475,41.91799],[-87.66445,41.91755],[-87.66422,41.9168],[-87.6639,41.91589],[-87.66362,41.91562],[-87.66303,41.91549],[-87.66265,41.91559],[-87.66207,41.91592],[-87.66133,41.91618],[-87.66093,41.91612],[-87.65987,41.91545],[-87.65923,41.91515],[-87.65865,41.91471],[-87.65808,41.91411],[-87.65786,41.91381],[-87.65772,41.91343],[-87.6576,41.91281],[-87.65693,41.91108],[-87.65686,41.91078],[-87.65578,41.91079],[-87.64879,41.91091],[-87.64498,41.91097],[-87.64222,41.91106],[-87.63505,41.91116],[-87.63197,41.91116],[-87.63101,41.91119],[-87.62717,41.91125],[-87.6269,41.91131],[-87.62657,41.91167],[-87.6264,41.91137],[-87.62471,41.91156],[-87.62446,41.91157]]]},"properties":{"name":"Lincoln Park","code":7,"lp":[-87.65014,41.92178]}},
{"type":"Feature","geometry":{"type":"Polygon","coordinates":[[[-87.60949,41.8894],[-87.60954,41.89101],[-87.60089,41.89115],[-87.60056,41.89111],[-87.60057,41.89142],[-87.59852,41.89145],[-87.59855,41.89227],[-87.60058,41.89224],[-87.60091,41.89237],[-87.6098,41.89222],[-87.60982,41.89315],[-87.60235,41.89326],[-87.60229,41.89331],[-87.60232,41.89418],[-87.60234,41.89622],[-87.60243,41.89637],[-87.60403,41.89633],[-87.605,41.89633],[-87.60514,41.8963],[-87.60655,41.89628],[-87.60723,41.89625],[-87.60801,41.89627],[-87.61003,41.89624],[-87.61018,41.89621],[-87.61203,41.89333],[-87.61255,41.89341],[-87.61287,41.89336],[-87.61369,41.89313],[-87.61491,41.89467],[-87.61636,41.89688],[-87.6172,41.89806],[-87.61795,41.89921],[-87.61923,41.9011],[-87.61964,41.90142],[-87.61992,41.90156],[-87.62057,41.90175],[-87.62127,41.90188],[-87.62187,41.90205],[-87.62195,41.9024],[-87.6223,41.90285],[-87.62287,41.90348],[-87.62317,41.90372],[-87.62356,41.90392],[-87.62357,41.90408],[-87.6246,41.907],[-87.6248,41.90753],[-87.62502,41.90854],[-87.62514,41.90982],[-87.62504,41.91039],[-87.62469,41.91085],[-87.62466,41.91142],[-87.62446,41.91157],[-87.62471,41.91156],[-87.6264,41.91137],[-87.62657,41.91167],[-87.6269,41.91131],[-87.62717,41.91125],[-87.63101,41.91119],[-87.63197,41.91116],[-87.63505,41.91116],[-87.64222,41.91106],[-87.64498,41.91097],[-87.64879,41.91091],[-87.65578,41.91079],[-87.65686,41.91078],[-87.65694,41.91052],[-87.65895,41.90985],[-87.65923,41.90907],[-87.65749,41.90909],[-87.65774,41.90844],[-87.65817,41.90567],[-87.65829,41.90504],[-87.65816,41.90453],[-87.65734,41.9034],[-87.65647,41.90262],[-87.65618,41.90192],[-87.65616,41.90169],[-87.65589,41.90117],[-87.65538,41.90081],[-87.65451,41.90053],[-87.65258,41.90012],[-87.65212,41.90008],[-87.65136,41.89974],[-87.65086,41.89941],[-87.6494,41.89831],[-87.64879,41.89809],[-87.6479,41.89797],[-87.64632,41.89786],[-87.64489,41.89769],[-87.64443,41.89724],[-87.64423,41.89664],[-87.64412,41.89427],[-87.64355,41.89354],[-87.64294,41.89322],[-87.64245,41.89287],[-87.64157,41.89205],[-87.64067,41.89064],[-87.63944,41.88923],[-87.63936,41.88908],[-87.6392,41.88845],[-87.63906,41.88814],[-87.63877,41.88716],[-87.63839,41.88673],[-87.63759,41.88623],[-87.63727,41.88656],[-87.63598,41.88734],[-87.63562,41.88745],[-87.63484,41.88747],[-87.63377,41.88753],[-87.63337,41.88748],[-87.63223,41.88748],[-87.63078,41.88743],[-87.62928,41.88742],[-87.62824,41.88745],[-87.62762,41.88751],[-87.62726,41.88766],[-87.62566,41.88868],[-87.62509,41.88891],[-87.62403,41.88882],[-87.62361,41.88891],[-87.62271,41.88884],[-87.6212,41.88866],[-87.61801,41.88831],[-87.61527,41.88842],[-87.61397,41.88841],[-87.61255,41.88963],[-87.61259,41.89016],[-87.61271,41.89023],[-87.61441,41.89022],[-87.61868,41.89016],[-87.61987,41.89017],[-87.61987,41.89047],[-87.61795,41.89043],[-87.61785,41.89053],[-87.61703,41.89051],[-87.61651,41.89044],[-87.61555,41.89054],[-87.61441,41.89056],[-87.61441,41.8904],[-87.61362,41.89045],[-87.61356,41.89058],[-87.61144,41.89063],[-87.61137,41.88974],[-87.61123,41.88931],[-87.60955,41.88931],[-87.60949,41.8894]]]},"properties":{"name":"Near North Side","code":8,"lp":[-87.63374,41.89978]}},
{"type":"Feature","geometry":{"type":"Polygon","coordinates":[[[-87.82141,41.99685],[-87.81941,41.99691],[-87.81094,41.99713],[-87.81035,41.99712],[-87.81032,41.99655],[-87.81033,41.99542],[-87.80682,41.99539],[-87.80676,42.00084],[-87.80662,42.01368],[-87.80655,42.01896],[-87.82121,42.01864],[-87.82123,42.01554],[-87.82007,42.01557],[-87.8201,42.01193],[-87.81973,42.01193],[-87.81973,42.01139],[-87.82125,42.01136],[-87.82127,42.00983],[-87.82132,42.00748],[-87.82131,42.00723],[-87.82135,42.00412],[-87.82137,42.00083],[-87.82138,42.00055],[-87.8214,41.99692],[-87.82141,41.99685]]]},"properties":{"name":"Edison Park","code":9,"lp":[-87.81407,42.00432]}},
{"type":"Feature","geometry":{"type":"Polygon","coordinates":[[[-87.78801,41.96889],[-87.78773,41.9829],[-87.77824,41.98291],[-87.77804,41.9829],[-87.77789,41.99012],[-87.77783,41.99377],[-87.77782,41.99386],[-87.78005,41.99489],[-87.78287,41.99616],[-87.78285,41.9974],[-87.78242,41.99739],[-87.78002,41.99741],[-87.78009,41.99812],[-87.77999,41.99911],[-87.7802,42.0002],[-87.78029,42.00161],[-87.78054,42.00238],[-87.78068,42.00261],[-87.78099,42.00287],[-87.78151,42.00296],[-87.78181,42.00283],[-87.78203,42.00259],[-87.78261,42.00145],[-87.7828,42.00101],[-87.78292,42.00031],[-87.78302,42.00012],[-87.78327,42.00001],[-87.78382,42.00014],[-87.78428,42.00019],[-87.78463,42.00014],[-87.78498,41.99991],[-87.78559,41.99972],[-87.78645,41.99975],[-87.78703,41.99983],[-87.78761,41.99964],[-87.78811,41.99966],[-87.78912,42.00019],[-87.79,42.00047],[-87.79019,42.00061],[-87.79065,42.0004],[-87.79117,42.00098],[-87.79712,42.00094],[-87.79714,42.00001],[-87.79948,41.99999],[-87.79966,42.00087],[-87.80109,42.00087],[-87.80108,42.00154],[-87.80529,42.0015],[-87.80531,42.0009],[-87.80539,42.00086],[-87.80676,42.00084],[-87.80682,41.99539],[-87.81033,41.99542],[-87.81032,41.99655],[-87.81035,41.99712],[-87.81094,41.99713],[-87.81941,41.99691],[-87.82141,41.99685],[-87.82161,41.99613],[-87.82181,41.99522],[-87.82216,41.99311],[-87.82283,41.98822],[-87.82335,41.98436],[-87.82811,41.98504],[-87.83503,41.98603],[-87.83503,41.98607],[-87.83658,41.98628],[-87.83658,41.97954],[-87.83663,41.97531],[-87.83363,41.97537],[-87.83363,41.97491],[-87.83341,41.97492],[-87.83342,41.97392],[-87.83172,41.97395],[-87.83173,41.97306],[-87.82674,41.97314],[-87.82674,41.97403],[-87.8194,41.97422],[-87.81943,41.97322],[-87.81897,41.97322],[-87.81899,41.97061],[-87.81695,41.97066],[-87.81692,41.97429],[-87.80729,41.97454],[-87.80707,41.97454],[-87.80706,41.9732],[-87.80712,41.9697],[-87.80716,41.96827],[-87.80254,41.9683],[-87.80252,41.96877],[-87.79758,41.9688],[-87.78801,41.96889]],[[-87.83321,41.98357],[-87.83303,41.9838],[-87.82811,41.98387],[-87.82814,41.98192],[-87.82527,41.98196],[-87.8253,41.98307],[-87.82352,41.98309],[-87.82364,41.98214],[-87.82443,41.97607],[-87.83362,41.97592],[-87.83362,41.97689],[-87.8296,41.97696],[-87.82961,41.97734],[-87.83004,41.97733],[-87.83005,41.97806],[-87.82971,41.97813],[-87.82972,41.97842],[-87.82864,41.97844],[-87.8287,41.97912],[-87.82808,41.97912],[-87.82808,41.97929],[-87.8287,41.97929],[-87.82869,41.98033],[-87.82886,41.9806],[-87.8351,41.9805],[-87.8351,41.98084],[-87.83436,41.98085],[-87.83435,41.98116],[-87.83509,41.98115],[-87.83507,41.98267],[-87.8336,41.98267],[-87.83358,41.98357],[-87.83321,41.98357]]]},"properties":{"name":"Norwood Park","code":10,"lp":[-87.8001,41.98492]}},
{"type":"Feature","geometry":{"type":"Polygon","coordinates":[[[-87.78677,41.96843],[-87.77732,41.96854],[-87.77703,41.96856],[-87.7675,41.96869],[-87.76748,41.96778],[-87.76525,41.96781],[-87.76478,41.9678],[-87.76136,41.96759],[-87.76075,41.96788],[-87.76056,41.96787],[-87.75264,41.96797],[-87.75263,41.9682],[-87.75274,41.97149],[-87.7528,41.97179],[-87.7528,41.97236],[-87.75289,41.97253],[-87.75519,41.9725],[-87.75528,41.9751],[-87.75533,41.97745],[-87.75506,41.97729],[-87.75801,41.98295],[-87.75816,41.98295],[-87.75879,41.9843],[-87.75909,41.98505],[-87.76067,41.98797],[-87.76114,41.98774],[-87.76183,41.98767],[-87.76209,41.98778],[-87.76232,41.98808],[-87.76217,41.98832],[-87.76169,41.98856],[-87.76159,41.9889],[-87.7617,41.98921],[-87.76204,41.98985],[-87.7621,41.99014],[-87.7626,41.99025],[-87.76277,41.98997],[-87.76304,41.98978],[-87.76377,41.98967],[-87.76394,41.98943],[-87.76431,41.98939],[-87.76493,41.98983],[-87.76596,41.99015],[-87.7669,41.99001],[-87.76758,41.98964],[-87.76767,41.9895],[-87.76762,41.98906],[-87.76793,41.98878],[-87.76845,41.9888],[-87.76947,41.98898],[-87.77048,41.98906],[-87.77112,41.98931],[-87.7714,41.98954],[-87.7717,41.99],[-87.77173,41.99027],[-87.77157,41.99069],[-87.7714,41.9909],[-87.77094,41.99103],[-87.77084,41.99125],[-87.77119,41.99152],[-87.77182,41.99154],[-87.77263,41.99169],[-87.77302,41.99189],[-87.77342,41.99235],[-87.77358,41.99269],[-87.7737,41.99312],[-87.77368,41.99345],[-87.77349,41.99364],[-87.77262,41.99389],[-87.7721,41.99416],[-87.77157,41.99463],[-87.77137,41.99491],[-87.77118,41.99534],[-87.77115,41.99561],[-87.77125,41.99612],[-87.77143,41.99639],[-87.77169,41.99659],[-87.77245,41.99688],[-87.77349,41.99706],[-87.77438,41.99701],[-87.77513,41.99677],[-87.77576,41.99667],[-87.77605,41.99673],[-87.77661,41.99723],[-87.77697,41.99719],[-87.77731,41.99699],[-87.77826,41.99714],[-87.77857,41.99701],[-87.77888,41.99677],[-87.77962,41.99673],[-87.7799,41.99695],[-87.78002,41.99741],[-87.78242,41.99739],[-87.78285,41.9974],[-87.78287,41.99616],[-87.78005,41.99489],[-87.77782,41.99386],[-87.77783,41.99377],[-87.77789,41.99012],[-87.77804,41.9829],[-87.77824,41.98291],[-87.78773,41.9829],[-87.78801,41.96889],[-87.78801,41.96841],[-87.78677,41.96843]]]},"properties":{"name":"Jefferson Park","code":11,"lp":[-87.7688,41.97877]}},
{"type":"Feature","geometry":{"type":"Polygon","coordinates":[[[-87.72642,41.99725],[-87.72903,41.99724],[-87.74094,41.99725],[-87.74816,41.99729],[-87.7529,41.9973],[-87.75444,41.99804],[-87.76143,42.00132],[-87.76227,42.00169],[-87.76195,42.00266],[-87.76186,42.00354],[-87.76166,42.00827],[-87.76746,42.00832],[-87.76754,42.00471],[-87.76547,42.00374],[-87.76579,42.00333],[-87.76772,42.00423],[-87.76785,42.00425],[-87.76917,42.00486],[-87.76995,42.00638],[-87.77036,42.00619],[-87.77335,42.01196],[-87.77705,42.01198],[-87.77697,42.01539],[-87.7791,42.01544],[-87.77915,42.01357],[-87.77927,42.01199],[-87.78109,42.01201],[-87.78207,42.012],[-87.78503,42.012],[-87.78872,42.012],[-87.78329,42.00564],[-87.78277,42.00509],[-87.782,42.0045],[-87.78539,42.0029],[-87.79019,42.00061],[-87.79,42.00047],[-87.78912,42.00019],[-87.78811,41.99966],[-87.78761,41.99964],[-87.78703,41.99983],[-87.78645,41.99975],[-87.78559,41.99972],[-87.78498,41.99991],[-87.78463,42.00014],[-87.78428,42.00019],[-87.78382,42.00014],[-87.78327,42.00001],[-87.78302,42.00012],[-87.78292,42.00031],[-87.7828,42.00101],[-87.78261,42.00145],[-87.78203,42.00259],[-87.78181,42.00283],[-87.78151,42.00296],[-87.78099,42.00287],[-87.78068,42.00261],[-87.78054,42.00238],[-87.78029,42.00161],[-87.7802,42.0002],[-87.77999,41.99911],[-87.78009,41.99812],[-87.78002,41.99741],[-87.7799,41.99695],[-87.77962,41.99673],[-87.77888,41.99677],[-87.77857,41.99701],[-87.77826,41.99714],[-87.77731,41.99699],[-87.77697,41.99719],[-87.77661,41.99723],[-87.77605,41.99673],[-87.77576,41.99667],[-87.77513,41.99677],[-87.77438,41.99701],[-87.77349,41.99706],[-87.77245,41.99688],[-87.77169,41.99659],[-87.77143,41.99639],[-87.77125,41.99612],[-87.77115,41.99561],[-87.77118,41.99534],[-87.77137,41.99491],[-87.77157,41.99463],[-87.7721,41.99416],[-87.77262,41.99389],[-87.77349,41.99364],[-87.77368,41.99345],[-87.7737,41.99312],[-87.77358,41.99269],[-87.77342,41.99235],[-87.77302,41.99189],[-87.77263,41.99169],[-87.77182,41.99154],[-87.77119,41.99152],[-87.77084,41.99125],[-87.77094,41.99103],[-87.7714,41.9909],[-87.77157,41.99069],[-87.77173,41.99027],[-87.7717,41.99],[-87.7714,41.98954],[-87.77112,41.98931],[-87.77048,41.98906],[-87.76947,41.98898],[-87.76845,41.9888],[-87.76793,41.98878],[-87.76762,41.98906],[-87.76767,41.9895],[-87.76758,41.98964],[-87.7669,41.99001],[-87.76596,41.99015],[-87.76493,41.98983],[-87.76431,41.98939],[-87.76394,41.98943],[-87.76377,41.98967],[-87.76304,41.98978],[-87.76277,41.98997],[-87.7626,41.99025],[-87.7621,41.99014],[-87.76204,41.98985],[-87.7617,41.98921],[-87.76159,41.9889],[-87.76169,41.98856],[-87.76217,41.98832],[-87.76232,41.98808],[-87.76209,41.98778],[-87.76183,41.98767],[-87.76114,41.98774],[-87.76067,41.98797],[-87.75909,41.98505],[-87.75879,41.9843],[-87.75816,41.98295],[-87.75801,41.98295],[-87.75506,41.97729],[-87.75533,41.97745],[-87.75528,41.9751],[-87.75519,41.9725],[-87.75289,41.97253],[-87.7528,41.97236],[-87.7528,41.97179],[-87.75274,41.97149],[-87.75263,41.9682],[-87.75264,41.96797],[-87.74772,41.96803],[-87.74763,41.96813],[-87.74751,41.96864],[-87.7477,41.96911],[-87.74785,41.96972],[-87.7479,41.97125],[-87.74792,41.97245],[-87.74799,41.97534],[-87.74803,41.97632],[-87.74817,41.98119],[-87.74826,41.98368],[-87.74798,41.98367],[-87.74743,41.98344],[-87.74713,41.98308],[-87.74699,41.98263],[-87.745,41.98264],[-87.74311,41.9827],[-87.74302,41.98261],[-87.74085,41.98266],[-87.73831,41.98271],[-87.73841,41.98632],[-87.7365,41.98715],[-87.73429,41.98823],[-87.73407,41.98847],[-87.73287,41.99008],[-87.73186,41.99009],[-87.73009,41.99246],[-87.72915,41.99369],[-87.72786,41.99546],[-87.72642,41.99725]]]},"properties":{"name":"Forest Glen","code":12,"lp":[-87.75295,41.98959]}},
{"type":"Feature","geometry":{"type":"Polygon","coordinates":[[[-87.70404,41.97355],[-87.70446,41.97486],[-87.70449,41.9752],[-87.70483,41.97614],[-87.70487,41.97645],[-87.70517,41.9774],[-87.70551,41.97865],[-87.70565,41.97899],[-87.70608,41.98045],[-87.70636,41.98119],[-87.7065,41.98176],[-87.70666,41.98213],[-87.7069,41.98308],[-87.70726,41.98428],[-87.70751,41.98495],[-87.70751,41.98517],[-87.70782,41.98603],[-87.70788,41.98635],[-87.70816,41.98704],[-87.70831,41.98773],[-87.70847,41.98819],[-87.70848,41.98849],[-87.70869,41.9889],[-87.70886,41.98945],[-87.70898,41.99008],[-87.70937,41.9913],[-87.70952,41.99161],[-87.70985,41.99281],[-87.71016,41.99402],[-87.71051,41.99583],[-87.71062,41.9967],[-87.71067,41.99737],[-87.71395,41.99731],[-87.71858,41.99728],[-87.72642,41.99725],[-87.72786,41.99546],[-87.72915,41.99369],[-87.73009,41.99246],[-87.73186,41.99009],[-87.73287,41.99008],[-87.73407,41.98847],[-87.73429,41.98823],[-87.7365,41.98715],[-87.73841,41.98632],[-87.73831,41.98271],[-87.74085,41.98266],[-87.74302,41.98261],[-87.74311,41.9827],[-87.745,41.98264],[-87.74699,41.98263],[-87.74713,41.98308],[-87.74743,41.98344],[-87.74798,41.98367],[-87.74826,41.98368],[-87.74817,41.98119],[-87.74803,41.97632],[-87.74799,41.97534],[-87.74485,41.97538],[-87.74418,41.97537],[-87.74105,41.9754],[-87.73317,41.97548],[-87.73312,41.97365],[-87.73204,41.97366],[-87.73188,41.97359],[-87.73183,41.97184],[-87.72813,41.97188],[-87.72823,41.97553],[-87.72731,41.97554],[-87.72691,41.97585],[-87.72623,41.97609],[-87.72568,41.9761],[-87.72505,41.97598],[-87.72444,41.97581],[-87.72421,41.97569],[-87.72355,41.97504],[-87.7228,41.97457],[-87.72177,41.97421],[-87.72109,41.97411],[-87.72056,41.97408],[-87.71972,41.97382],[-87.71871,41.97335],[-87.71807,41.9731],[-87.71696,41.97252],[-87.7162,41.97209],[-87.71567,41.97192],[-87.71462,41.97193],[-87.71403,41.97197],[-87.71325,41.97213],[-87.71232,41.97244],[-87.71202,41.97266],[-87.71164,41.97307],[-87.71115,41.97386],[-87.71083,41.97406],[-87.71035,41.97425],[-87.70936,41.97455],[-87.70874,41.97468],[-87.70809,41.9747],[-87.70722,41.97455],[-87.70478,41.97395],[-87.70404,41.97355]]]},"properties":{"name":"North Park","code":13,"lp":[-87.7195,41.9859]}},
{"type":"Feature","geometry":{"type":"Polygon","coordinates":[[[-87.69475,41.96127],[-87.69548,41.96293],[-87.69562,41.96318],[-87.69605,41.96368],[-87.69667,41.96429],[-87.69704,41.96472],[-87.69729,41.96491],[-87.69831,41.96589],[-87.69911,41.96673],[-87.69987,41.96747],[-87.70011,41.96765],[-87.70073,41.96825],[-87.70108,41.96852],[-87.70144,41.96894],[-87.70154,41.9692],[-87.70202,41.96962],[-87.70256,41.97023],[-87.70322,41.97124],[-87.70357,41.97195],[-87.70382,41.97305],[-87.70404,41.97355],[-87.70478,41.97395],[-87.70722,41.97455],[-87.70809,41.9747],[-87.70874,41.97468],[-87.70936,41.97455],[-87.71035,41.97425],[-87.71083,41.97406],[-87.71115,41.97386],[-87.71164,41.97307],[-87.71202,41.97266],[-87.71232,41.97244],[-87.71325,41.97213],[-87.71403,41.97197],[-87.71462,41.97193],[-87.71567,41.97192],[-87.7162,41.97209],[-87.71696,41.97252],[-87.71807,41.9731],[-87.71871,41.97335],[-87.71972,41.97382],[-87.72056,41.97408],[-87.72109,41.97411],[-87.72177,41.97421],[-87.7228,41.97457],[-87.72355,41.97504],[-87.72421,41.97569],[-87.72444,41.97581],[-87.72505,41.97598],[-87.72568,41.9761],[-87.72623,41.97609],[-87.72691,41.97585],[-87.72731,41.97554],[-87.72823,41.97553],[-87.72813,41.97188],[-87.73183,41.97184],[-87.73188,41.97359],[-87.73204,41.97366],[-87.73312,41.97365],[-87.73317,41.97548],[-87.74105,41.9754],[-87.74418,41.97537],[-87.74485,41.97538],[-87.74799,41.97534],[-87.74792,41.97245],[-87.7479,41.97125],[-87.74785,41.96972],[-87.7477,41.96911],[-87.74751,41.96864],[-87.74763,41.96813],[-87.74772,41.96803],[-87.74352,41.96808],[-87.7379,41.96813],[-87.73785,41.96654],[-87.72969,41.96093],[-87.70846,41.96119],[-87.69475,41.96127]]]},"properties":{"name":"Albany Park","code":14,"lp":[-87.72314,41.96759]}},
{"type":"Feature","geometry":{"type":"Polygon","coordinates":[[[-87.74772,41.96803],[-87.75264,41.96797],[-87.76056,41.96787],[-87.76075,41.96788],[-87.76136,41.96759],[-87.76478,41.9678],[-87.76525,41.96781],[-87.76748,41.96778],[-87.7675,41.96869],[-87.77703,41.96856],[-87.77732,41.96854],[-87.78677,41.96843],[-87.78674,41.96734],[-87.78678,41.96347],[-87.78705,41.9633],[-87.78689,41.96269],[-87.78681,41.96022],[-87.78679,41.95909],[-87.78668,41.95611],[-87.78665,41.95555],[-87.78656,41.95292],[-87.77711,41.95305],[-87.77677,41.95306],[-87.77651,41.94594],[-87.77647,41.94496],[-87.77621,41.93845],[-87.76255,41.93863],[-87.74664,41.93883],[-87.74217,41.93889],[-87.74211,41.93889],[-87.74216,41.9407],[-87.7429,41.94069],[-87.74296,41.94253],[-87.74225,41.94254],[-87.74231,41.94438],[-87.74237,41.94709],[-87.74238,41.948],[-87.7425,41.95347],[-87.74273,41.95347],[-87.74361,41.95516],[-87.74426,41.9565],[-87.74648,41.96074],[-87.74444,41.96076],[-87.74651,41.96191],[-87.74717,41.96264],[-87.74698,41.96299],[-87.7476,41.96424],[-87.74764,41.96452],[-87.74772,41.96708],[-87.74772,41.96803]]]},"properties":{"name":"Portage Park","code":15,"lp":[-87.75931,41.95322]}},
{"type":"Feature","geometry":{"type":"Polygon","coordinates":[[[-87.6962,41.9467],[-87.69622,41.94702],[-87.69637,41.94774],[-87.69647,41.94795],[-87.69668,41.94891],[-87.69686,41.95001],[-87.69679,41.95039],[-87.6964,41.95102],[-87.69579,41.95216],[-87.6955,41.95261],[-87.69507,41.95311],[-87.69465,41.95368],[-87.69455,41.95392],[-87.69444,41.95466],[-87.69447,41.95537],[-87.69439,41.95588],[-87.69438,41.95706],[-87.69434,41.95772],[-87.69444,41.95851],[-87.69458,41.9592],[-87.69459,41.95964],[-87.69466,41.96006],[-87.6947,41.9611],[-87.69475,41.96127],[-87.70846,41.96119],[-87.72969,41.96093],[-87.73785,41.96654],[-87.7379,41.96813],[-87.74352,41.96808],[-87.74772,41.96803],[-87.74772,41.96708],[-87.74764,41.96452],[-87.7476,41.96424],[-87.74698,41.96299],[-87.74717,41.96264],[-87.74651,41.96191],[-87.74444,41.96076],[-87.74648,41.96074],[-87.74426,41.9565],[-87.74361,41.95516],[-87.74273,41.95347],[-87.7425,41.95347],[-87.74238,41.948],[-87.74237,41.94709],[-87.74231,41.94438],[-87.74225,41.94254],[-87.74296,41.94253],[-87.7429,41.94069],[-87.74216,41.9407],[-87.74211,41.93889],[-87.73522,41.93899],[-87.72719,41.9391],[-87.72733,41.94417],[-87.7274,41.94637],[-87.70738,41.94664],[-87.70343,41.94665],[-87.70197,41.94665],[-87.70028,41.94667],[-87.6962,41.9467]]]},"properties":{"name":"Irving Park","code":16,"lp":[-87.73356,41.95278]}},
{"type":"Feature","geometry":{"type":"Polygon","coordinates":[[[-87.79077,41.93824],[-87.78399,41.93835],[-87.77621,41.93845],[-87.77647,41.94496],[-87.77651,41.94594],[-87.77677,41.95306],[-87.77711,41.95305],[-87.78656,41.95292],[-87.78665,41.95555],[-87.78668,41.95611],[-87.78679,41.95909],[-87.78681,41.96022],[-87.78815,41.96018],[-87.7918,41.96012],[-87.7942,41.96006],[-87.79473,41.95987],[-87.80013,41.95728],[-87.80012,41.95711],[-87.8073,41.95368],[-87.80727,41.95276],[-87.80757,41.95277],[-87.82171,41.95242],[-87.83179,41.95216],[-87.83183,41.95404],[-87.83182,41.95567],[-87.83209,41.95707],[-87.8326,41.95908],[-87.83268,41.95944],[-87.8367,41.95936],[-87.83667,41.95783],[-87.83669,41.95405],[-87.83663,41.95034],[-87.83658,41.949],[-87.83643,41.94476],[-87.83518,41.94479],[-87.83508,41.9443],[-87.83497,41.9415],[-87.83491,41.94044],[-87.83479,41.93775],[-87.83481,41.93758],[-87.83321,41.93762],[-87.82657,41.93775],[-87.82594,41.93775],[-87.81652,41.93794],[-87.81639,41.93431],[-87.80714,41.93451],[-87.80662,41.93451],[-87.80675,41.938],[-87.79457,41.93818],[-87.79077,41.93824]]]},"properties":{"name":"Dunning","code":17,"lp":[-87.79547,41.94833]}},
{"type":"Feature","geometry":{"type":"Polygon","coordinates":[[[-87.80623,41.92337],[-87.80473,41.92298],[-87.80327,41.9225],[-87.79512,41.91954],[-87.79511,41.91944],[-87.79152,41.91813],[-87.78942,41.91751],[-87.78964,41.91767],[-87.79008,41.91821],[-87.79023,41.91867],[-87.79026,41.91898],[-87.7905,41.92655],[-87.79069,41.93277],[-87.79059,41.93277],[-87.7907,41.93629],[-87.79077,41.93824],[-87.79457,41.93818],[-87.80675,41.938],[-87.80662,41.93451],[-87.80623,41.92337]]]},"properties":{"name":"Montclare","code":18,"lp":[-87.79849,41.92925]}},
{"type":"Feature","geometry":{"type":"Polygon","coordinates":[[[-87.78942,41.91751],[-87.78896,41.9173],[-87.78742,41.91677],[-87.78644,41.91656],[-87.78561,41.91647],[-87.7849,41.91645],[-87.7664,41.91672],[-87.76523,41.91671],[-87.76381,41.91663],[-87.76289,41.91653],[-87.75925,41.91609],[-87.75751,41.91576],[-87.75588,41.9154],[-87.75589,41.91549],[-87.75509,41.91547],[-87.74772,41.91457],[-87.74702,41.91452],[-87.74601,41.91439],[-87.74601,41.91447],[-87.74134,41.9139],[-87.74141,41.91631],[-87.74165,41.92464],[-87.74217,41.93889],[-87.74664,41.93883],[-87.76255,41.93863],[-87.77621,41.93845],[-87.78399,41.93835],[-87.79077,41.93824],[-87.7907,41.93629],[-87.79059,41.93277],[-87.79069,41.93277],[-87.7905,41.92655],[-87.79026,41.91898],[-87.79023,41.91867],[-87.79008,41.91821],[-87.78964,41.91767],[-87.78942,41.91751]]]},"properties":{"name":"Belmont Cragin","code":19,"lp":[-87.7536,41.92707]}},
{"type":"Feature","geometry":{"type":"Polygon","coordinates":[[[-87.72235,41.91364],[-87.72314,41.91538],[-87.72406,41.91537],[-87.72411,41.91687],[-87.72422,41.9172],[-87.72406,41.91743],[-87.72488,41.91902],[-87.72661,41.91899],[-87.7267,41.92188],[-87.72708,41.92265],[-87.72644,41.92265],[-87.72674,41.92331],[-87.72677,41.92448],[-87.7277,41.92447],[-87.73146,41.93173],[-87.73498,41.93854],[-87.73522,41.93899],[-87.74211,41.93889],[-87.74217,41.93889],[-87.74165,41.92464],[-87.74141,41.91631],[-87.74134,41.9139],[-87.74103,41.91382],[-87.73878,41.91356],[-87.73801,41.9135],[-87.73672,41.91347],[-87.72645,41.91359],[-87.72419,41.91358],[-87.724,41.91362],[-87.72235,41.91364]]]},"properties":{"name":"Hermosa","code":20,"lp":[-87.73426,41.92104]}},
{"type":"Feature","geometry":{"type":"Polygon","coordinates":[[[-87.73146,41.93173],[-87.72898,41.93176],[-87.72289,41.93184],[-87.715,41.93193],[-87.70784,41.93203],[-87.70706,41.93203],[-87.69853,41.93209],[-87.69662,41.9321],[-87.69014,41.93215],[-87.68788,41.93218],[-87.68792,41.93258],[-87.68799,41.9361],[-87.68849,41.93643],[-87.69007,41.93665],[-87.69041,41.9369],[-87.69072,41.9374],[-87.69106,41.93824],[-87.69149,41.93879],[-87.69234,41.93922],[-87.69244,41.93938],[-87.69279,41.93952],[-87.69331,41.93993],[-87.69363,41.94026],[-87.69408,41.94102],[-87.69446,41.94151],[-87.69528,41.94277],[-87.69548,41.94358],[-87.69619,41.94657],[-87.6962,41.9467],[-87.70028,41.94667],[-87.70197,41.94665],[-87.70343,41.94665],[-87.70738,41.94664],[-87.7274,41.94637],[-87.72733,41.94417],[-87.72719,41.9391],[-87.73522,41.93899],[-87.73498,41.93854],[-87.73146,41.93173]]]},"properties":{"name":"Avondale","code":21,"lp":[-87.70961,41.93931]}},
{"type":"Feature","geometry":{"type":"Polygon","coordinates":[[[-87.66362,41.91562],[-87.6639,41.91589],[-87.66422,41.9168],[-87.66445,41.91755],[-87.66475,41.91799],[-87.66543,41.91859],[-87.66572,41.91893],[-87.66646,41.92003],[-87.66734,41.92088],[-87.66768,41.92134],[-87.6681,41.92203],[-87.66837,41.92217],[-87.66951,41.92241],[-87.67015,41.92237],[-87.67089,41.92238],[-87.67165,41.92255],[-87.67216,41.92281],[-87.67377,41.924],[-87.67426,41.92439],[-87.67446,41.92484],[-87.67451,41.92595],[-87.67455,41.92614],[-87.67494,41.92666],[-87.67583,41.92723],[-87.67652,41.92759],[-87.67779,41.92802],[-87.67971,41.92846],[-87.67984,41.92861],[-87.6808,41.93064],[-87.68215,41.9314],[-87.68284,41.93215],[-87.68284,41.93223],[-87.68306,41.93276],[-87.68341,41.93334],[-87.68353,41.93344],[-87.68427,41.93362],[-87.68506,41.93369],[-87.68549,41.9338],[-87.68597,41.93403],[-87.68683,41.93491],[-87.68703,41.93527],[-87.68767,41.9359],[-87.68799,41.9361],[-87.68792,41.93258],[-87.68788,41.93218],[-87.69014,41.93215],[-87.69662,41.9321],[-87.69853,41.93209],[-87.70706,41.93203],[-87.70784,41.93203],[-87.715,41.93193],[-87.72289,41.93184],[-87.72898,41.93176],[-87.73146,41.93173],[-87.7277,41.92447],[-87.72677,41.92448],[-87.72674,41.92331],[-87.72644,41.92265],[-87.72708,41.92265],[-87.7267,41.92188],[-87.72661,41.91899],[-87.72488,41.91902],[-87.72406,41.91743],[-87.72422,41.9172],[-87.72411,41.91687],[-87.72406,41.91537],[-87.72314,41.91538],[-87.72235,41.91364],[-87.72134,41.91367],[-87.721,41.91365],[-87.71888,41.91367],[-87.71666,41.91364],[-87.71666,41.91355],[-87.70754,41.91366],[-87.70702,41.91366],[-87.70686,41.91377],[-87.70233,41.91382],[-87.70198,41.91392],[-87.69824,41.91395],[-87.69799,41.914],[-87.6971,41.914],[-87.69709,41.91391],[-87.68751,41.91399],[-87.68315,41.91406],[-87.68242,41.91358],[-87.68245,41.91462],[-87.67756,41.91472],[-87.67755,41.91417],[-87.67023,41.91429],[-87.66901,41.91425],[-87.66744,41.91428],[-87.66681,41.91434],[-87.66594,41.91457],[-87.66381,41.9155],[-87.66362,41.91562]]]},"properties":{"name":"Logan Square","code":22,"lp":[-87.70854,41.92284]}},
{"type":"Feature","geometry":{"type":"Polygon","coordinates":[[[-87.72098,41.88807],[-87.71986,41.88807],[-87.70863,41.88821],[-87.70723,41.88826],[-87.70387,41.88831],[-87.70387,41.88816],[-87.70141,41.88816],[-87.70141,41.88823],[-87.69667,41.88828],[-87.6958,41.88823],[-87.6952,41.88815],[-87.69157,41.8882],[-87.69159,41.88852],[-87.69165,41.89191],[-87.69167,41.89233],[-87.69667,41.89433],[-87.6967,41.89565],[-87.70056,41.89562],[-87.7022,41.89559],[-87.70223,41.89656],[-87.70188,41.89642],[-87.70195,41.89891],[-87.70195,41.89924],[-87.70667,41.8992],[-87.707,41.90957],[-87.70696,41.91012],[-87.70451,41.91015],[-87.70187,41.91017],[-87.70198,41.91392],[-87.70233,41.91382],[-87.70686,41.91377],[-87.70702,41.91366],[-87.70754,41.91366],[-87.71666,41.91355],[-87.71666,41.91364],[-87.71888,41.91367],[-87.721,41.91365],[-87.72134,41.91367],[-87.72235,41.91364],[-87.724,41.91362],[-87.72419,41.91358],[-87.72645,41.91359],[-87.73672,41.91347],[-87.73801,41.9135],[-87.73878,41.91356],[-87.74103,41.91382],[-87.74134,41.9139],[-87.74128,41.91205],[-87.74134,41.91107],[-87.74132,41.91063],[-87.74137,41.91],[-87.74137,41.90904],[-87.74116,41.90063],[-87.74134,41.90063],[-87.74133,41.8995],[-87.74121,41.89878],[-87.74112,41.89878],[-87.74107,41.89693],[-87.74102,41.89651],[-87.74117,41.89605],[-87.74104,41.89499],[-87.74058,41.89146],[-87.74075,41.89146],[-87.74069,41.89071],[-87.7406,41.88782],[-87.73796,41.88784],[-87.72862,41.88796],[-87.72766,41.88801],[-87.72697,41.88798],[-87.72587,41.88799],[-87.72587,41.88783],[-87.72465,41.88784],[-87.72465,41.88804],[-87.72421,41.88801],[-87.72117,41.88805],[-87.72098,41.88807]]]},"properties":{"name":"Humboldt Park","code":23,"lp":[-87.72671,41.90078]}},
{"type":"Feature","geometry":{"type":"Polygon","coordinates":[[[-87.63936,41.88908],[-87.63944,41.88923],[-87.64067,41.89064],[-87.64157,41.89205],[-87.64245,41.89287],[-87.64294,41.89322],[-87.64355,41.89354],[-87.64412,41.89427],[-87.64423,41.89664],[-87.64443,41.89724],[-87.64489,41.89769],[-87.64632,41.89786],[-87.6479,41.89797],[-87.64879,41.89809],[-87.6494,41.89831],[-87.65086,41.89941],[-87.65136,41.89974],[-87.65212,41.90008],[-87.65258,41.90012],[-87.65451,41.90053],[-87.65538,41.90081],[-87.65589,41.90117],[-87.65616,41.90169],[-87.65618,41.90192],[-87.65647,41.90262],[-87.65734,41.9034],[-87.65816,41.90453],[-87.65829,41.90504],[-87.65817,41.90567],[-87.65774,41.90844],[-87.65749,41.90909],[-87.65923,41.90907],[-87.65895,41.90985],[-87.65694,41.91052],[-87.65686,41.91078],[-87.65693,41.91108],[-87.6576,41.91281],[-87.65772,41.91343],[-87.65786,41.91381],[-87.65808,41.91411],[-87.65865,41.91471],[-87.65923,41.91515],[-87.65987,41.91545],[-87.66093,41.91612],[-87.66133,41.91618],[-87.66207,41.91592],[-87.66265,41.91559],[-87.66303,41.91549],[-87.66362,41.91562],[-87.66381,41.9155],[-87.66594,41.91457],[-87.66681,41.91434],[-87.66744,41.91428],[-87.66901,41.91425],[-87.67023,41.91429],[-87.67755,41.91417],[-87.67756,41.91472],[-87.68245,41.91462],[-87.68242,41.91358],[-87.68315,41.91406],[-87.68751,41.91399],[-87.69709,41.91391],[-87.6971,41.914],[-87.69799,41.914],[-87.69824,41.91395],[-87.70198,41.91392],[-87.70187,41.91017],[-87.70451,41.91015],[-87.70696,41.91012],[-87.707,41.90957],[-87.70667,41.8992],[-87.70195,41.89924],[-87.70195,41.89891],[-87.70188,41.89642],[-87.70223,41.89656],[-87.7022,41.89559],[-87.70056,41.89562],[-87.6967,41.89565],[-87.69667,41.89433],[-87.69167,41.89233],[-87.69165,41.89191],[-87.69159,41.88852],[-87.69157,41.8882],[-87.68867,41.88817],[-87.68847,41.88817],[-87.68785,41.88832],[-87.68724,41.8884],[-87.68662,41.88841],[-87.68662,41.88863],[-87.68599,41.88857],[-87.67181,41.8888],[-87.66899,41.88885],[-87.66726,41.88886],[-87.66512,41.88886],[-87.65902,41.88892],[-87.65486,41.88898],[-87.65333,41.88898],[-87.64758,41.88905],[-87.64757,41.88857],[-87.64432,41.88858],[-87.64433,41.88903],[-87.64081,41.88908],[-87.64068,41.88904],[-87.63936,41.88908]]]},"properties":{"name":"West Town","code":24,"lp":[-87.67279,41.90152]}},
{"type":"Feature","geometry":{"type":"Polygon","coordinates":[[[-87.74134,41.9139],[-87.74601,41.91447],[-87.74601,41.91439],[-87.74702,41.91452],[-87.74772,41.91457],[-87.75509,41.91547],[-87.75589,41.91549],[-87.75588,41.9154],[-87.75751,41.91576],[-87.75925,41.91609],[-87.76289,41.91653],[-87.76381,41.91663],[-87.76523,41.91671],[-87.7664,41.91672],[-87.7849,41.91645],[-87.78561,41.91647],[-87.78644,41.91656],[-87.78742,41.91677],[-87.78896,41.9173],[-87.78942,41.91751],[-87.79152,41.91813],[-87.79511,41.91944],[-87.79512,41.91954],[-87.80327,41.9225],[-87.80473,41.92298],[-87.80623,41.92337],[-87.80623,41.92308],[-87.80589,41.91237],[-87.80575,41.90884],[-87.80257,41.90893],[-87.80011,41.90895],[-87.7899,41.90909],[-87.78305,41.90917],[-87.78194,41.90917],[-87.7756,41.90925],[-87.77498,41.89025],[-87.77463,41.87943],[-87.7745,41.87559],[-87.77442,41.873],[-87.77434,41.87136],[-87.77428,41.87073],[-87.77427,41.86925],[-87.77414,41.86571],[-87.77414,41.86546],[-87.76457,41.86559],[-87.76399,41.86561],[-87.75305,41.86577],[-87.74508,41.86589],[-87.73998,41.86596],[-87.73977,41.86596],[-87.73989,41.86896],[-87.73997,41.86968],[-87.74008,41.87325],[-87.73939,41.87327],[-87.73951,41.87691],[-87.74021,41.87691],[-87.7406,41.88782],[-87.74069,41.89071],[-87.74075,41.89146],[-87.74058,41.89146],[-87.74104,41.89499],[-87.74117,41.89605],[-87.74102,41.89651],[-87.74107,41.89693],[-87.74112,41.89878],[-87.74121,41.89878],[-87.74133,41.8995],[-87.74134,41.90063],[-87.74116,41.90063],[-87.74137,41.90904],[-87.74137,41.91],[-87.74132,41.91063],[-87.74134,41.91107],[-87.74128,41.91205],[-87.74134,41.9139]]]},"properties":{"name":"Austin","code":25,"lp":[-87.75767,41.88554]}},
{"type":"Feature","geometry":{"type":"Polygon","coordinates":[[[-87.73989,41.86896],[-87.73785,41.86954],[-87.73267,41.87098],[-87.73265,41.87092],[-87.73258,41.869],[-87.72529,41.86909],[-87.72527,41.86853],[-87.7202,41.86859],[-87.72024,41.86987],[-87.72039,41.87435],[-87.72044,41.87502],[-87.72067,41.87595],[-87.7207,41.87705],[-87.72063,41.87715],[-87.72065,41.87804],[-87.72076,41.88115],[-87.72084,41.88245],[-87.72092,41.88535],[-87.72092,41.88599],[-87.72098,41.88807],[-87.72117,41.88805],[-87.72421,41.88801],[-87.72465,41.88804],[-87.72465,41.88784],[-87.72587,41.88783],[-87.72587,41.88799],[-87.72697,41.88798],[-87.72766,41.88801],[-87.72862,41.88796],[-87.73796,41.88784],[-87.7406,41.88782],[-87.74021,41.87691],[-87.73951,41.87691],[-87.73939,41.87327],[-87.74008,41.87325],[-87.73997,41.86968],[-87.73989,41.86896]]]},"properties":{"name":"West Garfield Park","code":26,"lp":[-87.72952,41.87917]}},
{"type":"Feature","geometry":{"type":"Polygon","coordinates":[[[-87.68867,41.88817],[-87.69157,41.8882],[-87.6952,41.88815],[-87.6958,41.88823],[-87.69667,41.88828],[-87.70141,41.88823],[-87.70141,41.88816],[-87.70387,41.88816],[-87.70387,41.88831],[-87.70723,41.88826],[-87.70863,41.88821],[-87.71986,41.88807],[-87.72098,41.88807],[-87.72092,41.88599],[-87.72092,41.88535],[-87.72084,41.88245],[-87.72076,41.88115],[-87.72065,41.87804],[-87.72063,41.87715],[-87.7207,41.87705],[-87.72067,41.87595],[-87.72044,41.87502],[-87.72039,41.87435],[-87.72024,41.86987],[-87.71804,41.86991],[-87.71797,41.86994],[-87.71627,41.86993],[-87.71474,41.86995],[-87.70603,41.87006],[-87.70579,41.87005],[-87.70576,41.86913],[-87.69631,41.86924],[-87.69574,41.86923],[-87.69257,41.86928],[-87.69119,41.86929],[-87.69124,41.86939],[-87.69121,41.87005],[-87.69126,41.8703],[-87.69123,41.87101],[-87.69115,41.87111],[-87.69145,41.8784],[-87.69143,41.8784],[-87.6915,41.88111],[-87.69216,41.88111],[-87.69219,41.88133],[-87.69226,41.88416],[-87.69228,41.8844],[-87.69159,41.88443],[-87.69162,41.88618],[-87.69156,41.88646],[-87.69127,41.88696],[-87.69062,41.88752],[-87.69012,41.88776],[-87.68929,41.88802],[-87.68867,41.88817]]]},"properties":{"name":"East Garfield Park","code":27,"lp":[-87.70167,41.87859]}},
{"type":"Feature","geometry":{"type":"Polygon","coordinates":[[[-87.63473,41.86731],[-87.63496,41.86898],[-87.63507,41.86994],[-87.63544,41.87197],[-87.63587,41.87397],[-87.63607,41.87467],[-87.63629,41.8752],[-87.63683,41.87574],[-87.63733,41.87647],[-87.63766,41.87731],[-87.63777,41.87811],[-87.6381,41.87907],[-87.63811,41.87941],[-87.63828,41.88037],[-87.63829,41.88102],[-87.63823,41.88212],[-87.63814,41.88319],[-87.63792,41.8843],[-87.63776,41.88558],[-87.63759,41.88623],[-87.63839,41.88673],[-87.63877,41.88716],[-87.63906,41.88814],[-87.6392,41.88845],[-87.63936,41.88908],[-87.64068,41.88904],[-87.64081,41.88908],[-87.64433,41.88903],[-87.64432,41.88858],[-87.64757,41.88857],[-87.64758,41.88905],[-87.65333,41.88898],[-87.65486,41.88898],[-87.65902,41.88892],[-87.66512,41.88886],[-87.66726,41.88886],[-87.66899,41.88885],[-87.67181,41.8888],[-87.68599,41.88857],[-87.68662,41.88863],[-87.68662,41.88841],[-87.68724,41.8884],[-87.68785,41.88832],[-87.68847,41.88817],[-87.68867,41.88817],[-87.68929,41.88802],[-87.69012,41.88776],[-87.69062,41.88752],[-87.69127,41.88696],[-87.69156,41.88646],[-87.69162,41.88618],[-87.69159,41.88443],[-87.69228,41.8844],[-87.69226,41.88416],[-87.69219,41.88133],[-87.69216,41.88111],[-87.6915,41.88111],[-87.69143,41.8784],[-87.69145,41.8784],[-87.69115,41.87111],[-87.69123,41.87101],[-87.69126,41.8703],[-87.69121,41.87005],[-87.69124,41.86939],[-87.69119,41.86929],[-87.69117,41.86847],[-87.69111,41.86795],[-87.69084,41.86706],[-87.69047,41.86657],[-87.69075,41.86656],[-87.68878,41.86378],[-87.68818,41.86306],[-87.68812,41.86114],[-87.68821,41.86114],[-87.6882,41.86036],[-87.68821,41.85951],[-87.68807,41.85934],[-87.68583,41.85937],[-87.68581,41.85842],[-87.68482,41.85861],[-87.68132,41.85888],[-87.67857,41.85904],[-87.67785,41.85912],[-87.67605,41.85942],[-87.67427,41.85955],[-87.67308,41.85951],[-87.66981,41.85957],[-87.66591,41.85961],[-87.66036,41.8597],[-87.65036,41.85986],[-87.64336,41.85996],[-87.63901,41.86002],[-87.63894,41.85767],[-87.63602,41.85773],[-87.63516,41.85772],[-87.63509,41.8582],[-87.6348,41.85888],[-87.63451,41.85938],[-87.63452,41.86042],[-87.63456,41.86099],[-87.63457,41.8629],[-87.63462,41.86372],[-87.63473,41.86731]]]},"properties":{"name":"Near West Side","code":28,"lp":[-87.67186,41.87416]}},
{"type":"Feature","geometry":{"type":"Polygon","coordinates":[[[-87.69119,41.86929],[-87.69257,41.86928],[-87.69574,41.86923],[-87.69631,41.86924],[-87.70576,41.86913],[-87.70579,41.87005],[-87.70603,41.87006],[-87.71474,41.86995],[-87.71627,41.86993],[-87.71797,41.86994],[-87.71804,41.86991],[-87.72024,41.86987],[-87.7202,41.86859],[-87.72527,41.86853],[-87.72529,41.86909],[-87.73258,41.869],[-87.73265,41.87092],[-87.73267,41.87098],[-87.73785,41.86954],[-87.73989,41.86896],[-87.73977,41.86596],[-87.73998,41.86596],[-87.73977,41.85865],[-87.7395,41.85135],[-87.73932,41.84559],[-87.73838,41.84575],[-87.73314,41.84692],[-87.72223,41.84936],[-87.72228,41.85158],[-87.71256,41.85169],[-87.71114,41.85199],[-87.7112,41.85355],[-87.7111,41.85354],[-87.70639,41.85358],[-87.70519,41.85359],[-87.70367,41.85362],[-87.70288,41.8538],[-87.70293,41.85545],[-87.69574,41.85556],[-87.69556,41.85528],[-87.68803,41.85697],[-87.68802,41.85709],[-87.68807,41.85934],[-87.68821,41.85951],[-87.6882,41.86036],[-87.68821,41.86114],[-87.68812,41.86114],[-87.68818,41.86306],[-87.68878,41.86378],[-87.69075,41.86656],[-87.69047,41.86657],[-87.69084,41.86706],[-87.69111,41.86795],[-87.69117,41.86847],[-87.69119,41.86929]]]},"properties":{"name":"North Lawndale","code":29,"lp":[-87.72952,41.85879]}},
{"type":"Feature","geometry":{"type":"Polygon","coordinates":[[[-87.71437,41.82604],[-87.70999,41.82741],[-87.70458,41.82912],[-87.70461,41.8298],[-87.70417,41.82987],[-87.70038,41.83092],[-87.69781,41.83173],[-87.69661,41.83219],[-87.69636,41.83199],[-87.69519,41.83235],[-87.6874,41.8348],[-87.68746,41.83491],[-87.68751,41.83681],[-87.68749,41.83702],[-87.68756,41.84479],[-87.68779,41.84837],[-87.68791,41.85334],[-87.68803,41.85697],[-87.69556,41.85528],[-87.69574,41.85556],[-87.70293,41.85545],[-87.70288,41.8538],[-87.70367,41.85362],[-87.70519,41.85359],[-87.70639,41.85358],[-87.7111,41.85354],[-87.7112,41.85355],[-87.71114,41.85199],[-87.71256,41.85169],[-87.72228,41.85158],[-87.72223,41.84936],[-87.73314,41.84692],[-87.73838,41.84575],[-87.73932,41.84559],[-87.73911,41.83855],[-87.73899,41.83855],[-87.73893,41.83672],[-87.73881,41.83673],[-87.73864,41.82943],[-87.73849,41.82212],[-87.73865,41.82212],[-87.73858,41.81885],[-87.73856,41.81871],[-87.73681,41.81926],[-87.72453,41.82312],[-87.71959,41.82468],[-87.71776,41.82524],[-87.71764,41.82529],[-87.71437,41.82632],[-87.71437,41.82604]]]},"properties":{"name":"South Lawndale","code":30,"lp":[-87.71509,41.83895]}},
{"type":"Feature","geometry":{"type":"Polygon","coordinates":[[[-87.644,41.84951],[-87.64332,41.84969],[-87.64264,41.85002],[-87.64218,41.85045],[-87.64115,41.85179],[-87.64034,41.85299],[-87.63987,41.85359],[-87.63939,41.85428],[-87.63904,41.85457],[-87.63844,41.85488],[-87.63748,41.85533],[-87.63616,41.85629],[-87.63549,41.85694],[-87.63532,41.85723],[-87.63516,41.85772],[-87.63602,41.85773],[-87.63894,41.85767],[-87.63901,41.86002],[-87.64336,41.85996],[-87.65036,41.85986],[-87.66036,41.8597],[-87.66591,41.85961],[-87.66981,41.85957],[-87.67308,41.85951],[-87.67427,41.85955],[-87.67605,41.85942],[-87.67785,41.85912],[-87.67857,41.85904],[-87.68132,41.85888],[-87.68482,41.85861],[-87.68581,41.85842],[-87.68583,41.85937],[-87.68807,41.85934],[-87.68802,41.85709],[-87.68803,41.85697],[-87.68791,41.85334],[-87.68779,41.84837],[-87.68756,41.84479],[-87.68749,41.83702],[-87.68751,41.83681],[-87.68746,41.83491],[-87.6874,41.8348],[-87.68458,41.83571],[-87.68144,41.83668],[-87.68045,41.83697],[-87.67945,41.83713],[-87.67873,41.83718],[-87.67458,41.83727],[-87.67056,41.83735],[-87.67056,41.83714],[-87.66926,41.83718],[-87.66824,41.83732],[-87.66698,41.83766],[-87.66576,41.83822],[-87.66429,41.83907],[-87.66454,41.83956],[-87.66453,41.84043],[-87.66457,41.84076],[-87.66484,41.84124],[-87.66495,41.84172],[-87.66431,41.8428],[-87.66389,41.8441],[-87.66378,41.84429],[-87.66345,41.8445],[-87.66252,41.84491],[-87.66164,41.84535],[-87.66077,41.84584],[-87.66072,41.84572],[-87.6586,41.84726],[-87.6575,41.84717],[-87.65312,41.84795],[-87.65258,41.848],[-87.65158,41.84818],[-87.651,41.84831],[-87.64964,41.8484],[-87.64864,41.84861],[-87.6468,41.84921],[-87.64585,41.84938],[-87.64489,41.84942],[-87.644,41.84951]]]},"properties":{"name":"Lower West Side","code":31,"lp":[-87.67422,41.84844]}},
{"type":"Feature","geometry":{"type":"Polygon","coordinates":[[[-87.61535,41.8683],[-87.61586,41.86875],[-87.61621,41.8689],[-87.61627,41.87156],[-87.6162,41.87197],[-87.61624,41.87377],[-87.61618,41.87497],[-87.61619,41.87601],[-87.61624,41.87702],[-87.61634,41.87783],[-87.61637,41.87978],[-87.61646,41.87978],[-87.61648,41.88056],[-87.61572,41.88057],[-87.61575,41.88142],[-87.6165,41.88141],[-87.61643,41.88196],[-87.616,41.88236],[-87.61546,41.88249],[-87.61467,41.88252],[-87.61422,41.88259],[-87.61371,41.88276],[-87.61338,41.88294],[-87.61291,41.88335],[-87.61276,41.88368],[-87.61274,41.88406],[-87.60999,41.88408],[-87.60994,41.88709],[-87.60988,41.88716],[-87.60985,41.88797],[-87.60781,41.88818],[-87.60252,41.88827],[-87.60252,41.88839],[-87.60513,41.88835],[-87.60513,41.88856],[-87.60474,41.88868],[-87.60751,41.88864],[-87.60765,41.88867],[-87.60769,41.88937],[-87.60949,41.8894],[-87.60955,41.88931],[-87.61123,41.88931],[-87.61137,41.88974],[-87.61144,41.89063],[-87.61356,41.89058],[-87.61362,41.89045],[-87.61441,41.8904],[-87.61441,41.89056],[-87.61555,41.89054],[-87.61651,41.89044],[-87.61703,41.89051],[-87.61785,41.89053],[-87.61795,41.89043],[-87.61987,41.89047],[-87.61987,41.89017],[-87.61868,41.89016],[-87.61441,41.89022],[-87.61271,41.89023],[-87.61259,41.89016],[-87.61255,41.88963],[-87.61397,41.88841],[-87.61527,41.88842],[-87.61801,41.88831],[-87.6212,41.88866],[-87.62271,41.88884],[-87.62361,41.88891],[-87.62403,41.88882],[-87.62509,41.88891],[-87.62566,41.88868],[-87.62726,41.88766],[-87.62762,41.88751],[-87.62824,41.88745],[-87.62928,41.88742],[-87.63078,41.88743],[-87.63223,41.88748],[-87.63337,41.88748],[-87.63377,41.88753],[-87.63484,41.88747],[-87.63562,41.88745],[-87.63598,41.88734],[-87.63727,41.88656],[-87.63759,41.88623],[-87.63776,41.88558],[-87.63792,41.8843],[-87.63814,41.88319],[-87.63823,41.88212],[-87.63829,41.88102],[-87.63828,41.88037],[-87.63811,41.87941],[-87.6381,41.87907],[-87.63777,41.87811],[-87.63766,41.87731],[-87.63733,41.87647],[-87.63683,41.87574],[-87.63629,41.8752],[-87.63607,41.87467],[-87.63587,41.87397],[-87.63544,41.87197],[-87.63507,41.86994],[-87.63496,41.86898],[-87.63473,41.86731],[-87.63362,41.86732],[-87.62994,41.86738],[-87.62564,41.86743],[-87.61921,41.86754],[-87.61896,41.8675],[-87.61854,41.86799],[-87.6166,41.86817],[-87.61535,41.8683]]]},"properties":{"name":"Loop","code":32,"lp":[-87.62639,41.87743]}},
{"type":"Feature","geometry":{"type":"Polygon","coordinates":[[[-87.62917,41.84556],[-87.61784,41.84573],[-87.61721,41.84566],[-87.6166,41.84564],[-87.6162,41.84516],[-87.61596,41.84509],[-87.61499,41.84511],[-87.615,41.84517],[-87.6124,41.84517],[-87.61158,41.84527],[-87.60941,41.84527],[-87.60914,41.84469],[-87.609,41.84501],[-87.60855,41.84559],[-87.60843,41.84588],[-87.60845,41.84636],[-87.60858,41.84664],[-87.6093,41.8476],[-87.60949,41.84807],[-87.60954,41.8487],[-87.6092,41.85045],[-87.60924,41.85099],[-87.60944,41.85135],[-87.61014,41.8522],[-87.61059,41.85284],[-87.61082,41.85333],[-87.61096,41.85384],[-87.61104,41.85458],[-87.61112,41.8548],[-87.61149,41.8552],[-87.61224,41.85566],[-87.61263,41.856],[-87.61285,41.85636],[-87.61304,41.85696],[-87.61304,41.85761],[-87.61284,41.85819],[-87.61254,41.85849],[-87.61227,41.85851],[-87.61217,41.85867],[-87.6122,41.85927],[-87.61244,41.85999],[-87.61215,41.86035],[-87.6122,41.86063],[-87.61255,41.86082],[-87.61265,41.86137],[-87.61295,41.8618],[-87.61326,41.86238],[-87.61343,41.86285],[-87.61342,41.86346],[-87.61329,41.864],[-87.61304,41.86466],[-87.61274,41.86529],[-87.61267,41.86584],[-87.61048,41.86586],[-87.61037,41.86532],[-87.60996,41.86463],[-87.60974,41.86409],[-87.60965,41.86351],[-87.60978,41.86249],[-87.61004,41.8618],[-87.61036,41.8614],[-87.61035,41.86085],[-87.61067,41.86065],[-87.61067,41.86021],[-87.61043,41.86008],[-87.61036,41.85975],[-87.61048,41.85931],[-87.61007,41.85895],[-87.60988,41.85859],[-87.60999,41.85803],[-87.60992,41.85766],[-87.60977,41.85738],[-87.60934,41.85687],[-87.60945,41.85641],[-87.60992,41.85398],[-87.60985,41.85366],[-87.60968,41.85347],[-87.60932,41.85326],[-87.60876,41.85317],[-87.6075,41.85327],[-87.6066,41.85341],[-87.60675,41.85563],[-87.60707,41.85996],[-87.60684,41.86006],[-87.60596,41.86008],[-87.60602,41.86201],[-87.60641,41.86207],[-87.60677,41.86221],[-87.60698,41.86241],[-87.60753,41.86385],[-87.60757,41.86436],[-87.6073,41.86487],[-87.60699,41.86513],[-87.60667,41.86523],[-87.60634,41.865],[-87.60629,41.86479],[-87.60605,41.86479],[-87.60605,41.86568],[-87.60584,41.86584],[-87.60564,41.86618],[-87.60565,41.86661],[-87.60584,41.86688],[-87.60628,41.86716],[-87.60684,41.86724],[-87.60724,41.86717],[-87.60775,41.86686],[-87.61058,41.86682],[-87.61066,41.86678],[-87.61269,41.86675],[-87.61269,41.86697],[-87.61249,41.86717],[-87.61234,41.86751],[-87.61242,41.86794],[-87.6126,41.86818],[-87.61306,41.86844],[-87.6133,41.86849],[-87.61414,41.86849],[-87.61474,41.86832],[-87.61535,41.8683],[-87.6166,41.86817],[-87.61854,41.86799],[-87.61896,41.8675],[-87.61921,41.86754],[-87.62564,41.86743],[-87.62994,41.86738],[-87.63362,41.86732],[-87.63473,41.86731],[-87.63462,41.86372],[-87.63457,41.8629],[-87.63456,41.86099],[-87.63452,41.86042],[-87.63451,41.85938],[-87.6348,41.85888],[-87.63509,41.8582],[-87.63516,41.85772],[-87.6341,41.85772],[-87.63023,41.85778],[-87.63016,41.85496],[-87.6301,41.8533],[-87.63006,41.85288],[-87.62935,41.85288],[-87.62925,41.84889],[-87.6292,41.8475],[-87.62917,41.84556]]]},"properties":{"name":"Near South Side","code":33,"lp":[-87.62165,41.85879]}},
{"type":"Feature","geometry":{"type":"Polygon","coordinates":[[[-87.62897,41.82368],[-87.62909,41.82733],[-87.62894,41.82764],[-87.629,41.83097],[-87.62956,41.83097],[-87.62969,41.83581],[-87.62997,41.84554],[-87.62917,41.84556],[-87.6292,41.8475],[-87.62925,41.84889],[-87.62935,41.85288],[-87.63006,41.85288],[-87.6301,41.8533],[-87.63016,41.85496],[-87.63023,41.85778],[-87.6341,41.85772],[-87.63516,41.85772],[-87.63532,41.85723],[-87.63549,41.85694],[-87.63616,41.85629],[-87.63748,41.85533],[-87.63844,41.85488],[-87.63904,41.85457],[-87.63939,41.85428],[-87.63987,41.85359],[-87.64034,41.85299],[-87.64115,41.85179],[-87.64218,41.85045],[-87.64264,41.85002],[-87.64332,41.84969],[-87.644,41.84951],[-87.64368,41.84901],[-87.64323,41.84852],[-87.64225,41.84893],[-87.64162,41.84819],[-87.64163,41.84812],[-87.64243,41.84811],[-87.64173,41.84728],[-87.64185,41.84711],[-87.6416,41.84647],[-87.6416,41.8463],[-87.63998,41.84632],[-87.63953,41.84637],[-87.63836,41.84618],[-87.63829,41.84362],[-87.63651,41.84364],[-87.63638,41.83817],[-87.63648,41.83817],[-87.63643,41.83635],[-87.63593,41.83636],[-87.63589,41.83453],[-87.63653,41.83453],[-87.63658,41.83415],[-87.63642,41.82742],[-87.6362,41.82723],[-87.63616,41.82541],[-87.63606,41.82521],[-87.63396,41.82361],[-87.62936,41.82368],[-87.62897,41.82368]]]},"properties":{"name":"Armour Square","code":34,"lp":[-87.63499,41.85044]}},
{"type":"Feature","geometry":{"type":"Polygon","coordinates":[[[-87.60271,41.83137],[-87.60276,41.83185],[-87.6027,41.83233],[-87.60301,41.83273],[-87.60349,41.83301],[-87.60392,41.83304],[-87.60435,41.8332],[-87.60455,41.83335],[-87.60487,41.8338],[-87.60503,41.83442],[-87.60473,41.83459],[-87.60454,41.83481],[-87.60456,41.83499],[-87.60531,41.83568],[-87.60585,41.83644],[-87.60607,41.83729],[-87.60608,41.83802],[-87.60613,41.83855],[-87.60467,41.83888],[-87.6042,41.83955],[-87.60428,41.83958],[-87.60471,41.83896],[-87.60616,41.83864],[-87.60645,41.83908],[-87.60721,41.83965],[-87.6075,41.8405],[-87.60785,41.84103],[-87.60798,41.8414],[-87.60802,41.84231],[-87.60877,41.84336],[-87.60892,41.84396],[-87.60915,41.84424],[-87.60914,41.84469],[-87.60941,41.84527],[-87.61158,41.84527],[-87.6124,41.84517],[-87.615,41.84517],[-87.61499,41.84511],[-87.61596,41.84509],[-87.6162,41.84516],[-87.6166,41.84564],[-87.61721,41.84566],[-87.61784,41.84573],[-87.62917,41.84556],[-87.62997,41.84554],[-87.62969,41.83581],[-87.62956,41.83097],[-87.629,41.83097],[-87.62894,41.82764],[-87.62909,41.82733],[-87.62897,41.82368],[-87.61771,41.82382],[-87.61262,41.82389],[-87.61226,41.82526],[-87.611,41.82978],[-87.61063,41.83119],[-87.60583,41.83123],[-87.60295,41.83133],[-87.60271,41.83137]]]},"properties":{"name":"Douglas","code":35,"lp":[-87.61964,41.83566]}},
{"type":"Feature","geometry":{"type":"Polygon","coordinates":[[[-87.60671,41.81681],[-87.59688,41.81693],[-87.5964,41.81682],[-87.59596,41.81683],[-87.59526,41.81694],[-87.59215,41.81693],[-87.59219,41.81768],[-87.59262,41.81834],[-87.59296,41.81857],[-87.59349,41.81881],[-87.5937,41.81904],[-87.59444,41.81952],[-87.59469,41.81973],[-87.59512,41.81981],[-87.59573,41.82043],[-87.59569,41.82053],[-87.5962,41.82133],[-87.59684,41.82196],[-87.59702,41.82223],[-87.59725,41.8228],[-87.59734,41.82321],[-87.59763,41.82403],[-87.5977,41.82457],[-87.59748,41.8255],[-87.59758,41.82605],[-87.59775,41.82634],[-87.59826,41.8268],[-87.59921,41.82739],[-87.59997,41.82793],[-87.6003,41.82827],[-87.60172,41.83006],[-87.60239,41.83069],[-87.60259,41.83102],[-87.60271,41.83137],[-87.60295,41.83133],[-87.60583,41.83123],[-87.61063,41.83119],[-87.611,41.82978],[-87.61226,41.82526],[-87.61262,41.82389],[-87.60733,41.82395],[-87.60687,41.82396],[-87.60644,41.82331],[-87.60686,41.82317],[-87.6068,41.82007],[-87.60676,41.81934],[-87.60671,41.81681]]]},"properties":{"name":"Oakland","code":36,"lp":[-87.60199,41.82161]}},
{"type":"Feature","geometry":{"type":"Polygon","coordinates":[[[-87.62856,41.7946],[-87.62869,41.79937],[-87.62881,41.79937],[-87.62885,41.8009],[-87.6288,41.80189],[-87.62882,41.80267],[-87.62892,41.80337],[-87.62902,41.80724],[-87.62897,41.80777],[-87.62904,41.81015],[-87.62897,41.81126],[-87.62912,41.8166],[-87.62919,41.81946],[-87.62926,41.81979],[-87.62936,41.82368],[-87.63396,41.82361],[-87.63612,41.82359],[-87.63608,41.81996],[-87.63603,41.81905],[-87.63604,41.81815],[-87.63589,41.81815],[-87.63582,41.81726],[-87.63572,41.81635],[-87.63616,41.81635],[-87.63622,41.81542],[-87.63616,41.81261],[-87.63618,41.81195],[-87.63638,41.81091],[-87.63586,41.81092],[-87.63582,41.80942],[-87.63577,41.80905],[-87.63592,41.80904],[-87.63582,41.80601],[-87.63573,41.80239],[-87.63568,41.80119],[-87.6356,41.80065],[-87.63554,41.79916],[-87.6355,41.79766],[-87.63551,41.79646],[-87.63546,41.79448],[-87.63067,41.79455],[-87.63039,41.79458],[-87.62856,41.7946]]]},"properties":{"name":"Fuller Park","code":37,"lp":[-87.63258,41.81238]}},
{"type":"Feature","geometry":{"type":"Polygon","coordinates":[[[-87.60641,41.80225],[-87.60661,41.81158],[-87.60668,41.81472],[-87.60671,41.81681],[-87.60676,41.81934],[-87.6068,41.82007],[-87.60686,41.82317],[-87.60644,41.82331],[-87.60687,41.82396],[-87.60733,41.82395],[-87.61262,41.82389],[-87.61771,41.82382],[-87.62897,41.82368],[-87.62936,41.82368],[-87.62926,41.81979],[-87.62919,41.81946],[-87.62912,41.8166],[-87.62897,41.81126],[-87.62904,41.81015],[-87.62897,41.80777],[-87.62902,41.80724],[-87.62892,41.80337],[-87.62882,41.80267],[-87.6288,41.80189],[-87.61985,41.80205],[-87.61539,41.80211],[-87.60677,41.80224],[-87.60641,41.80225]]]},"properties":{"name":"Grand Boulevard","code":38,"lp":[-87.61783,41.81294]}},
{"type":"Feature","geometry":{"type":"Polygon","coordinates":[[[-87.58038,41.80253],[-87.58029,41.80287],[-87.58045,41.80293],[-87.58002,41.80359],[-87.58018,41.80397],[-87.58067,41.80421],[-87.58117,41.80425],[-87.58225,41.80512],[-87.5839,41.80624],[-87.58452,41.80662],[-87.58516,41.80722],[-87.5857,41.80798],[-87.58571,41.80807],[-87.58615,41.80872],[-87.58611,41.80884],[-87.58627,41.8092],[-87.58675,41.80979],[-87.58692,41.81011],[-87.58704,41.81064],[-87.58693,41.81117],[-87.58721,41.81149],[-87.58738,41.81187],[-87.58766,41.81197],[-87.5883,41.81204],[-87.58876,41.81228],[-87.58913,41.81282],[-87.58957,41.81306],[-87.59022,41.81375],[-87.59035,41.81438],[-87.59046,41.81465],[-87.59089,41.815],[-87.5912,41.81545],[-87.59142,41.81592],[-87.59171,41.81603],[-87.59199,41.81629],[-87.59216,41.81658],[-87.59215,41.81693],[-87.59526,41.81694],[-87.59596,41.81683],[-87.5964,41.81682],[-87.59688,41.81693],[-87.60671,41.81681],[-87.60668,41.81472],[-87.60661,41.81158],[-87.60641,41.80225],[-87.60586,41.80226],[-87.59532,41.80238],[-87.58934,41.80245],[-87.58382,41.80253],[-87.58265,41.80253],[-87.58165,41.80243],[-87.58105,41.80263],[-87.58038,41.80253]]]},"properties":{"name":"Kenwood","code":39,"lp":[-87.59655,41.80959]}},
{"type":"Feature","geometry":{"type":"Polygon","coordinates":[[[-87.61562,41.78024],[-87.61576,41.7857],[-87.61527,41.78571],[-87.60604,41.78587],[-87.6061,41.78868],[-87.60622,41.7948],[-87.60624,41.79529],[-87.60637,41.80113],[-87.60641,41.80225],[-87.60677,41.80224],[-87.61539,41.80211],[-87.61985,41.80205],[-87.6288,41.80189],[-87.62885,41.8009],[-87.62881,41.79937],[-87.62869,41.79937],[-87.62856,41.7946],[-87.62825,41.78326],[-87.62826,41.78316],[-87.6254,41.78321],[-87.62536,41.78158],[-87.62537,41.78006],[-87.62354,41.78001],[-87.62106,41.78005],[-87.6201,41.78015],[-87.61562,41.78024]]]},"properties":{"name":"Washington Park","code":40,"lp":[-87.61985,41.79336]}},
{"type":"Feature","geometry":{"type":"Polygon","coordinates":[[[-87.57714,41.78615],[-87.57731,41.78681],[-87.57733,41.78757],[-87.57727,41.78808],[-87.57775,41.7882],[-87.57767,41.78836],[-87.57668,41.78842],[-87.57639,41.78859],[-87.57725,41.78914],[-87.57782,41.78955],[-87.57842,41.7901],[-87.57868,41.79067],[-87.57927,41.79143],[-87.57963,41.79204],[-87.57932,41.79257],[-87.57927,41.79364],[-87.57901,41.7942],[-87.5783,41.79473],[-87.57783,41.79492],[-87.57691,41.79511],[-87.57662,41.79505],[-87.5761,41.79511],[-87.57573,41.79536],[-87.57544,41.79544],[-87.57516,41.79624],[-87.57531,41.79665],[-87.57562,41.79687],[-87.57614,41.79703],[-87.57651,41.79705],[-87.57732,41.79686],[-87.57799,41.79694],[-87.57836,41.7971],[-87.57914,41.79763],[-87.57961,41.79803],[-87.57994,41.79837],[-87.57979,41.79844],[-87.58011,41.79912],[-87.58028,41.79963],[-87.58042,41.80038],[-87.5805,41.8011],[-87.5805,41.80158],[-87.58038,41.80253],[-87.58105,41.80263],[-87.58165,41.80243],[-87.58265,41.80253],[-87.58382,41.80253],[-87.58934,41.80245],[-87.59532,41.80238],[-87.60586,41.80226],[-87.60641,41.80225],[-87.60637,41.80113],[-87.60624,41.79529],[-87.60622,41.7948],[-87.6061,41.78868],[-87.60604,41.78587],[-87.59825,41.78596],[-87.59693,41.78597],[-87.59564,41.78606],[-87.5866,41.78614],[-87.5866,41.78639],[-87.58606,41.78639],[-87.58555,41.78626],[-87.58516,41.78585],[-87.58445,41.78583],[-87.58405,41.78593],[-87.58305,41.78593],[-87.58175,41.78603],[-87.5808,41.78598],[-87.58035,41.78603],[-87.57905,41.78603],[-87.57751,41.78609],[-87.57714,41.78615]]]},"properties":{"name":"Hyde Park","code":41,"lp":[-87.59259,41.79425]}},
{"type":"Feature","geometry":{"type":"Polygon","coordinates":[[[-87.56645,41.77379],[-87.56681,41.77396],[-87.56782,41.77531],[-87.56813,41.7757],[-87.56881,41.7764],[-87.56919,41.77669],[-87.56969,41.77697],[-87.5699,41.777],[-87.57033,41.77742],[-87.57114,41.77805],[-87.57157,41.77846],[-87.57182,41.77858],[-87.57208,41.7789],[-87.57217,41.77918],[-87.57275,41.77932],[-87.57321,41.77919],[-87.57336,41.7789],[-87.57336,41.77831],[-87.57316,41.778],[-87.57279,41.77767],[-87.57265,41.77733],[-87.57245,41.77741],[-87.57216,41.77718],[-87.57175,41.7766],[-87.57184,41.77607],[-87.572,41.77582],[-87.57284,41.77561],[-87.57348,41.77551],[-87.57412,41.77553],[-87.57481,41.77577],[-87.5747,41.77599],[-87.57469,41.77628],[-87.57507,41.77678],[-87.5753,41.77741],[-87.57528,41.77787],[-87.57494,41.77881],[-87.57473,41.77911],[-87.57444,41.77937],[-87.57411,41.77953],[-87.57302,41.77979],[-87.57293,41.77989],[-87.57308,41.78025],[-87.57128,41.78084],[-87.56831,41.78154],[-87.56753,41.7846],[-87.56764,41.78462],[-87.5684,41.78161],[-87.56968,41.7813],[-87.5705,41.78137],[-87.57135,41.78156],[-87.57248,41.7819],[-87.57357,41.78233],[-87.57421,41.78263],[-87.5761,41.78365],[-87.57638,41.78422],[-87.57682,41.78521],[-87.57714,41.78615],[-87.57751,41.78609],[-87.57905,41.78603],[-87.58035,41.78603],[-87.5808,41.78598],[-87.58175,41.78603],[-87.58305,41.78593],[-87.58405,41.78593],[-87.58445,41.78583],[-87.58516,41.78585],[-87.58555,41.78626],[-87.58606,41.78639],[-87.5866,41.78639],[-87.5866,41.78614],[-87.59564,41.78606],[-87.59693,41.78597],[-87.59825,41.78596],[-87.60604,41.78587],[-87.61527,41.78571],[-87.61576,41.7857],[-87.61562,41.78024],[-87.61545,41.77297],[-87.61282,41.77106],[-87.60559,41.76587],[-87.60561,41.76617],[-87.60577,41.77314],[-87.5921,41.77328],[-87.58436,41.77336],[-87.57745,41.77344],[-87.57502,41.77346],[-87.56681,41.77356],[-87.56645,41.77379]]]},"properties":{"name":"Woodlawn","code":42,"lp":[-87.60892,41.77912]}},
{"type":"Feature","geometry":{"type":"Polygon","coordinates":[[[-87.58566,41.7515],[-87.58454,41.7515],[-87.56931,41.75169],[-87.55229,41.75192],[-87.55181,41.75218],[-87.54875,41.75402],[-87.54871,41.75409],[-87.54774,41.75453],[-87.54656,41.75387],[-87.54526,41.75436],[-87.54495,41.75444],[-87.54398,41.75515],[-87.54376,41.75538],[-87.5425,41.75615],[-87.5418,41.75654],[-87.54061,41.75731],[-87.54115,41.75779],[-87.54165,41.75782],[-87.54263,41.75874],[-87.54256,41.75913],[-87.54304,41.7596],[-87.54328,41.7597],[-87.54429,41.76062],[-87.54443,41.76068],[-87.54641,41.76066],[-87.54644,41.76062],[-87.54446,41.76062],[-87.54433,41.76057],[-87.54385,41.76011],[-87.54425,41.76019],[-87.5445,41.76007],[-87.54551,41.75936],[-87.54659,41.75888],[-87.54725,41.75872],[-87.54797,41.75867],[-87.54871,41.75873],[-87.54955,41.75896],[-87.55225,41.75998],[-87.55411,41.76081],[-87.55435,41.76105],[-87.55488,41.76179],[-87.55527,41.76162],[-87.55559,41.76158],[-87.55608,41.76182],[-87.55672,41.76227],[-87.55687,41.76243],[-87.55764,41.76285],[-87.55757,41.76312],[-87.55846,41.76402],[-87.55898,41.76375],[-87.55928,41.76404],[-87.55944,41.76408],[-87.55974,41.76439],[-87.55952,41.76453],[-87.55984,41.76496],[-87.56002,41.7649],[-87.56036,41.76532],[-87.56051,41.76539],[-87.56062,41.76581],[-87.56044,41.76625],[-87.56018,41.76644],[-87.55964,41.76655],[-87.55939,41.76678],[-87.55945,41.76806],[-87.55941,41.76852],[-87.55954,41.76918],[-87.55981,41.76897],[-87.56017,41.76855],[-87.56053,41.7684],[-87.56092,41.76844],[-87.56154,41.76863],[-87.56234,41.769],[-87.56252,41.76943],[-87.56324,41.77036],[-87.56347,41.77106],[-87.56352,41.77171],[-87.56364,41.77208],[-87.56398,41.77209],[-87.565,41.77253],[-87.56565,41.77292],[-87.56629,41.77347],[-87.56645,41.77379],[-87.56681,41.77356],[-87.57502,41.77346],[-87.57745,41.77344],[-87.58436,41.77336],[-87.5921,41.77328],[-87.59224,41.77248],[-87.59249,41.77132],[-87.59275,41.77028],[-87.59274,41.7699],[-87.59239,41.7699],[-87.59235,41.76782],[-87.59228,41.76601],[-87.5933,41.76601],[-87.59339,41.76502],[-87.59332,41.76235],[-87.59458,41.76235],[-87.59507,41.7602],[-87.59538,41.7587],[-87.59563,41.7587],[-87.59493,41.75819],[-87.59455,41.75795],[-87.59306,41.75688],[-87.59109,41.75547],[-87.58582,41.75167],[-87.58566,41.7515]]]},"properties":{"name":"South Shore","code":43,"lp":[-87.57553,41.76254]}},
{"type":"Feature","geometry":{"type":"Polygon","coordinates":[[[-87.60449,41.72255],[-87.60451,41.72361],[-87.60359,41.72343],[-87.60306,41.72573],[-87.60335,41.72572],[-87.60293,41.72756],[-87.60327,41.72755],[-87.60202,41.73303],[-87.60116,41.73313],[-87.60049,41.73608],[-87.60039,41.73671],[-87.59535,41.73678],[-87.59722,41.73993],[-87.59749,41.74043],[-87.5977,41.74098],[-87.59787,41.74184],[-87.59788,41.74226],[-87.59783,41.74333],[-87.59787,41.74405],[-87.59761,41.74406],[-87.59728,41.7468],[-87.59783,41.74679],[-87.59768,41.74747],[-87.59762,41.74796],[-87.59722,41.74969],[-87.59708,41.75053],[-87.59738,41.7506],[-87.59721,41.75137],[-87.60552,41.75128],[-87.61031,41.7512],[-87.6232,41.75098],[-87.62385,41.75098],[-87.62582,41.75093],[-87.6344,41.75078],[-87.63937,41.75071],[-87.63945,41.75049],[-87.63949,41.74886],[-87.6391,41.74887],[-87.63906,41.74705],[-87.63909,41.74517],[-87.63919,41.74343],[-87.63648,41.74352],[-87.63595,41.74416],[-87.63464,41.74365],[-87.63411,41.7435],[-87.63401,41.73956],[-87.63396,41.73947],[-87.63375,41.73903],[-87.63357,41.73826],[-87.63306,41.73724],[-87.63271,41.73666],[-87.63266,41.73638],[-87.63272,41.73597],[-87.6321,41.73541],[-87.63173,41.73518],[-87.63116,41.73471],[-87.63093,41.73441],[-87.63068,41.73423],[-87.62905,41.73268],[-87.62904,41.73262],[-87.62645,41.7299],[-87.62567,41.72902],[-87.61918,41.72912],[-87.61919,41.72954],[-87.61852,41.7294],[-87.61735,41.72905],[-87.6157,41.72849],[-87.6143,41.72789],[-87.61427,41.72693],[-87.61158,41.72559],[-87.61066,41.72558],[-87.60961,41.7251],[-87.60939,41.72494],[-87.60937,41.72448],[-87.60757,41.72359],[-87.60674,41.72322],[-87.60589,41.72292],[-87.60449,41.72255]]]},"properties":{"name":"Chatham","code":44,"lp":[-87.61181,41.73946]}},
{"type":"Feature","geometry":{"type":"Polygon","coordinates":[[[-87.5657,41.7372],[-87.57675,41.74515],[-87.58103,41.74823],[-87.58475,41.7509],[-87.58566,41.7515],[-87.58582,41.75167],[-87.59109,41.75547],[-87.59306,41.75688],[-87.5958,41.75686],[-87.59622,41.75503],[-87.5956,41.75503],[-87.59553,41.75315],[-87.59549,41.75139],[-87.59721,41.75137],[-87.59738,41.7506],[-87.59708,41.75053],[-87.59722,41.74969],[-87.59762,41.74796],[-87.59768,41.74747],[-87.59783,41.74679],[-87.59728,41.7468],[-87.59761,41.74406],[-87.59787,41.74405],[-87.59783,41.74333],[-87.59788,41.74226],[-87.59787,41.74184],[-87.5977,41.74098],[-87.59749,41.74043],[-87.59722,41.73993],[-87.59535,41.73678],[-87.58729,41.73689],[-87.57014,41.73714],[-87.5657,41.7372]]]},"properties":{"name":"Avalon Park","code":45,"lp":[-87.58971,41.7447]}},
{"type":"Feature","geometry":{"type":"Polygon","coordinates":[[[-87.52925,41.73301],[-87.52899,41.7337],[-87.52915,41.7349],[-87.52912,41.73497],[-87.52928,41.73594],[-87.52949,41.73783],[-87.52955,41.73809],[-87.52986,41.74061],[-87.53141,41.74059],[-87.53887,41.7405],[-87.53983,41.7405],[-87.53986,41.74101],[-87.53176,41.7411],[-87.53069,41.74112],[-87.52989,41.74133],[-87.52446,41.74139],[-87.52448,41.74145],[-87.5295,41.7414],[-87.52985,41.74146],[-87.53004,41.74179],[-87.53008,41.7424],[-87.53071,41.74691],[-87.53095,41.74803],[-87.53138,41.74828],[-87.53208,41.74859],[-87.53274,41.74882],[-87.5339,41.74931],[-87.53438,41.74945],[-87.53549,41.74988],[-87.53601,41.75016],[-87.53689,41.7505],[-87.53735,41.75071],[-87.5385,41.75112],[-87.53891,41.75131],[-87.53992,41.75163],[-87.54049,41.75186],[-87.54114,41.75193],[-87.54294,41.75193],[-87.54319,41.75199],[-87.54351,41.75225],[-87.54372,41.75253],[-87.54415,41.75344],[-87.54441,41.75413],[-87.54415,41.75462],[-87.54418,41.7548],[-87.54393,41.75505],[-87.54398,41.75515],[-87.54495,41.75444],[-87.54526,41.75436],[-87.54656,41.75387],[-87.54774,41.75453],[-87.54871,41.75409],[-87.54875,41.75402],[-87.55181,41.75218],[-87.55229,41.75192],[-87.56931,41.75169],[-87.58454,41.7515],[-87.58566,41.7515],[-87.58475,41.7509],[-87.58103,41.74823],[-87.57675,41.74515],[-87.5657,41.7372],[-87.56162,41.73426],[-87.5523,41.72754],[-87.54918,41.7253],[-87.54761,41.72424],[-87.54612,41.72317],[-87.54568,41.72282],[-87.54314,41.72286],[-87.54316,41.72331],[-87.543,41.72403],[-87.54225,41.72658],[-87.5419,41.72714],[-87.5414,41.72759],[-87.54042,41.72828],[-87.53941,41.72879],[-87.53726,41.72962],[-87.53673,41.72986],[-87.53286,41.73152],[-87.52925,41.73301]]]},"properties":{"name":"South Chicago","code":46,"lp":[-87.55111,41.74055]}},
{"type":"Feature","geometry":{"type":"Polygon","coordinates":[[[-87.5867,41.72232],[-87.58711,41.72282],[-87.58737,41.72326],[-87.58781,41.72405],[-87.58858,41.72595],[-87.58878,41.72633],[-87.592,41.73177],[-87.59296,41.73337],[-87.59338,41.73397],[-87.59453,41.73549],[-87.59535,41.73678],[-87.60039,41.73671],[-87.60049,41.73608],[-87.60116,41.73313],[-87.60202,41.73303],[-87.60327,41.72755],[-87.60293,41.72756],[-87.60335,41.72572],[-87.60306,41.72573],[-87.60359,41.72343],[-87.60451,41.72361],[-87.60449,41.72255],[-87.60448,41.72204],[-87.60318,41.72205],[-87.60118,41.72211],[-87.59699,41.72216],[-87.5951,41.7222],[-87.59448,41.72219],[-87.5918,41.72225],[-87.5867,41.72232]]]},"properties":{"name":"Burnside","code":47,"lp":[-87.59686,41.72816]}},
{"type":"Feature","geometry":{"type":"Polygon","coordinates":[[[-87.58737,41.72326],[-87.58586,41.72327],[-87.58531,41.72332],[-87.57538,41.72348],[-87.57511,41.72347],[-87.56858,41.72356],[-87.56792,41.72361],[-87.56563,41.72389],[-87.56559,41.72259],[-87.56133,41.72264],[-87.55486,41.72272],[-87.54989,41.72278],[-87.54856,41.72278],[-87.54823,41.72275],[-87.54654,41.72276],[-87.54568,41.72282],[-87.54612,41.72317],[-87.54761,41.72424],[-87.54918,41.7253],[-87.5523,41.72754],[-87.56162,41.73426],[-87.5657,41.7372],[-87.57014,41.73714],[-87.58729,41.73689],[-87.59535,41.73678],[-87.59453,41.73549],[-87.59338,41.73397],[-87.59296,41.73337],[-87.592,41.73177],[-87.58878,41.72633],[-87.58858,41.72595],[-87.58781,41.72405],[-87.58737,41.72326]]]},"properties":{"name":"Calumet Heights","code":48,"lp":[-87.574,41.73028]}},
{"type":"Feature","geometry":{"type":"Polygon","coordinates":[[[-87.60318,41.72205],[-87.60448,41.72204],[-87.60449,41.72255],[-87.60589,41.72292],[-87.60674,41.72322],[-87.60757,41.72359],[-87.60937,41.72448],[-87.60939,41.72494],[-87.60961,41.7251],[-87.61066,41.72558],[-87.61158,41.72559],[-87.61427,41.72693],[-87.6143,41.72789],[-87.6157,41.72849],[-87.61735,41.72905],[-87.61852,41.7294],[-87.61919,41.72954],[-87.61918,41.72912],[-87.62567,41.72902],[-87.62645,41.7299],[-87.62904,41.73262],[-87.62905,41.73268],[-87.63068,41.73423],[-87.63093,41.73441],[-87.63116,41.73471],[-87.63173,41.73518],[-87.6321,41.73541],[-87.63272,41.73597],[-87.63266,41.73638],[-87.63271,41.73666],[-87.63306,41.73724],[-87.63357,41.73826],[-87.63375,41.73903],[-87.63396,41.73947],[-87.63408,41.73914],[-87.63388,41.73821],[-87.63381,41.73595],[-87.63413,41.73594],[-87.63407,41.7352],[-87.63391,41.73171],[-87.6338,41.72998],[-87.63374,41.72992],[-87.63373,41.72885],[-87.63365,41.72578],[-87.63364,41.72522],[-87.63342,41.71795],[-87.63338,41.71614],[-87.63327,41.71169],[-87.63313,41.70704],[-87.64283,41.70692],[-87.64261,41.69964],[-87.64239,41.6929],[-87.64215,41.68508],[-87.63173,41.68522],[-87.62915,41.68524],[-87.62103,41.68534],[-87.61228,41.68543],[-87.6114,41.68544],[-87.61142,41.68594],[-87.61128,41.68648],[-87.60966,41.69362],[-87.60683,41.706],[-87.6062,41.70887],[-87.60379,41.71943],[-87.60318,41.72205]]]},"properties":{"name":"Roseland","code":49,"lp":[-87.6194,41.71377]}},
{"type":"Feature","geometry":{"type":"Polygon","coordinates":[[[-87.6114,41.68544],[-87.60458,41.68551],[-87.6041,41.68556],[-87.60293,41.68603],[-87.60249,41.68614],[-87.60157,41.68621],[-87.60137,41.68667],[-87.60069,41.68796],[-87.59974,41.68974],[-87.59886,41.69131],[-87.59725,41.69431],[-87.5968,41.69518],[-87.59617,41.69632],[-87.59571,41.69696],[-87.59437,41.69898],[-87.59369,41.69979],[-87.59272,41.70088],[-87.59186,41.70175],[-87.58958,41.70388],[-87.58836,41.70496],[-87.58814,41.70511],[-87.58767,41.70643],[-87.58751,41.70667],[-87.58734,41.70717],[-87.5873,41.70775],[-87.58575,41.70777],[-87.58526,41.70862],[-87.58494,41.70942],[-87.58474,41.71029],[-87.58463,41.71125],[-87.58468,41.71249],[-87.58468,41.71361],[-87.58474,41.7143],[-87.5849,41.71791],[-87.58496,41.72068],[-87.58547,41.72113],[-87.5867,41.72232],[-87.5918,41.72225],[-87.59448,41.72219],[-87.5951,41.7222],[-87.59699,41.72216],[-87.60118,41.72211],[-87.60318,41.72205],[-87.60379,41.71943],[-87.6062,41.70887],[-87.60683,41.706],[-87.60966,41.69362],[-87.61128,41.68648],[-87.61142,41.68594],[-87.6114,41.68544]]]},"properties":{"name":"Pullman","code":50,"lp":[-87.59551,41.7126]}},
{"type":"Feature","geometry":{"type":"Polygon","coordinates":[[[-87.54314,41.72286],[-87.54568,41.72282],[-87.54654,41.72276],[-87.54823,41.72275],[-87.54856,41.72278],[-87.54989,41.72278],[-87.55486,41.72272],[-87.56133,41.72264],[-87.56559,41.72259],[-87.56563,41.72389],[-87.56792,41.72361],[-87.56858,41.72356],[-87.57511,41.72347],[-87.57538,41.72348],[-87.58531,41.72332],[-87.58586,41.72327],[-87.58737,41.72326],[-87.58711,41.72282],[-87.5867,41.72232],[-87.58547,41.72113],[-87.58496,41.72068],[-87.5849,41.71791],[-87.58474,41.7143],[-87.58468,41.71361],[-87.58468,41.71249],[-87.58463,41.71125],[-87.58474,41.71029],[-87.58494,41.70942],[-87.58526,41.70862],[-87.58575,41.70777],[-87.5873,41.70775],[-87.58734,41.70717],[-87.58751,41.70667],[-87.58767,41.70643],[-87.58814,41.70511],[-87.58836,41.70496],[-87.58958,41.70388],[-87.59186,41.70175],[-87.59272,41.70088],[-87.59369,41.69979],[-87.59437,41.69898],[-87.59571,41.69696],[-87.59617,41.69632],[-87.5968,41.69518],[-87.59725,41.69431],[-87.59886,41.69131],[-87.59974,41.68974],[-87.60069,41.68796],[-87.60137,41.68667],[-87.60157,41.68621],[-87.60172,41.68584],[-87.6019,41.68506],[-87.60194,41.68417],[-87.60188,41.68263],[-87.60185,41.68069],[-87.60173,41.6769],[-87.60166,41.6762],[-87.60154,41.67567],[-87.60128,41.67489],[-87.60091,41.67413],[-87.60046,41.67343],[-87.60007,41.67294],[-87.59757,41.67005],[-87.59663,41.66894],[-87.59271,41.66439],[-87.59212,41.66371],[-87.59172,41.66353],[-87.59074,41.66241],[-87.59012,41.66165],[-87.589,41.66039],[-87.58853,41.66042],[-87.58663,41.66034],[-87.58605,41.66027],[-87.58536,41.66012],[-87.58397,41.65966],[-87.583,41.65941],[-87.58243,41.65931],[-87.58159,41.65922],[-87.58066,41.6592],[-87.57745,41.65919],[-87.5755,41.65921],[-87.56997,41.65919],[-87.56085,41.65916],[-87.55929,41.65919],[-87.55926,41.66865],[-87.55883,41.66901],[-87.55864,41.66894],[-87.55817,41.66893],[-87.55806,41.66907],[-87.5574,41.66959],[-87.55705,41.66966],[-87.5566,41.66997],[-87.55573,41.6687],[-87.5532,41.66487],[-87.55234,41.66376],[-87.55198,41.66342],[-87.55127,41.66292],[-87.55041,41.66241],[-87.54801,41.66108],[-87.54586,41.65983],[-87.54487,41.65923],[-87.54471,41.65922],[-87.54645,41.66814],[-87.54621,41.66942],[-87.54571,41.67081],[-87.54511,41.67219],[-87.54492,41.67318],[-87.54508,41.68107],[-87.54508,41.68277],[-87.54513,41.68552],[-87.54521,41.70016],[-87.54516,41.70062],[-87.54488,41.70124],[-87.5438,41.70276],[-87.5459,41.70277],[-87.54566,41.70338],[-87.54563,41.70464],[-87.54571,41.70514],[-87.54588,41.70561],[-87.54586,41.70733],[-87.54564,41.7077],[-87.54527,41.70814],[-87.54426,41.70889],[-87.54364,41.7094],[-87.54328,41.70985],[-87.54286,41.71056],[-87.54267,41.71095],[-87.54261,41.7114],[-87.5426,41.71288],[-87.54253,41.71352],[-87.54229,41.71426],[-87.54221,41.71462],[-87.54218,41.71564],[-87.54232,41.71586],[-87.54242,41.71644],[-87.54303,41.71715],[-87.54316,41.71802],[-87.54297,41.71969],[-87.54289,41.72013],[-87.5427,41.72051],[-87.54269,41.72082],[-87.54296,41.72163],[-87.54314,41.72286]]]},"properties":{"name":"South Deering","code":51,"lp":[-87.56915,41.69064]}},
{"type":"Feature","geometry":{"type":"Polygon","coordinates":[[[-87.54508,41.68277],[-87.54381,41.68276],[-87.54133,41.68279],[-87.54012,41.68278],[-87.54013,41.68451],[-87.53767,41.68449],[-87.53647,41.68452],[-87.53405,41.68452],[-87.53164,41.6845],[-87.53129,41.68458],[-87.53041,41.68457],[-87.53034,41.68513],[-87.53038,41.68637],[-87.5304,41.6882],[-87.53036,41.69183],[-87.52462,41.6918],[-87.52466,41.69228],[-87.52464,41.69529],[-87.52461,41.69542],[-87.5246,41.69724],[-87.52455,41.69954],[-87.52453,41.7026],[-87.52455,41.70795],[-87.52454,41.70848],[-87.52489,41.70867],[-87.52502,41.70892],[-87.52537,41.70883],[-87.52568,41.70909],[-87.52523,41.70937],[-87.52531,41.70946],[-87.52577,41.70916],[-87.52622,41.70954],[-87.52559,41.70994],[-87.52526,41.70971],[-87.52512,41.70974],[-87.52488,41.7094],[-87.52449,41.70925],[-87.52419,41.70943],[-87.52459,41.70959],[-87.52496,41.70989],[-87.52547,41.71013],[-87.52565,41.71036],[-87.526,41.71035],[-87.5259,41.71014],[-87.52624,41.70982],[-87.52669,41.70986],[-87.5272,41.71003],[-87.52841,41.7108],[-87.52643,41.71231],[-87.52742,41.71308],[-87.52777,41.71351],[-87.52813,41.71424],[-87.52848,41.71473],[-87.5287,41.71537],[-87.52867,41.71569],[-87.52828,41.71615],[-87.52764,41.71662],[-87.527,41.71695],[-87.5258,41.71732],[-87.52555,41.71737],[-87.52447,41.7174],[-87.5245,41.71799],[-87.52491,41.71805],[-87.52529,41.71849],[-87.52555,41.71899],[-87.52561,41.71955],[-87.52556,41.72037],[-87.52541,41.72092],[-87.525,41.72152],[-87.52447,41.7219],[-87.52447,41.7232],[-87.52454,41.72358],[-87.52469,41.73109],[-87.52495,41.73141],[-87.52526,41.73153],[-87.52895,41.73205],[-87.52949,41.73237],[-87.52925,41.73301],[-87.53286,41.73152],[-87.53673,41.72986],[-87.53726,41.72962],[-87.53941,41.72879],[-87.54042,41.72828],[-87.5414,41.72759],[-87.5419,41.72714],[-87.54225,41.72658],[-87.543,41.72403],[-87.54316,41.72331],[-87.54314,41.72286],[-87.54296,41.72163],[-87.54269,41.72082],[-87.5427,41.72051],[-87.54289,41.72013],[-87.54297,41.71969],[-87.54316,41.71802],[-87.54303,41.71715],[-87.54242,41.71644],[-87.54232,41.71586],[-87.54218,41.71564],[-87.54221,41.71462],[-87.54229,41.71426],[-87.54253,41.71352],[-87.5426,41.71288],[-87.54261,41.7114],[-87.54267,41.71095],[-87.54286,41.71056],[-87.54328,41.70985],[-87.54364,41.7094],[-87.54426,41.70889],[-87.54527,41.70814],[-87.54564,41.7077],[-87.54586,41.70733],[-87.54588,41.70561],[-87.54571,41.70514],[-87.54563,41.70464],[-87.54566,41.70338],[-87.5459,41.70277],[-87.5438,41.70276],[-87.54488,41.70124],[-87.54516,41.70062],[-87.54521,41.70016],[-87.54513,41.68552],[-87.54508,41.68277]]]},"properties":{"name":"East Side","code":52,"lp":[-87.53424,41.70082]}},
{"type":"Feature","geometry":{"type":"Polygon","coordinates":[[[-87.66137,41.67754],[-87.66138,41.67731],[-87.66115,41.67034],[-87.65936,41.67032],[-87.65865,41.67029],[-87.65775,41.6703],[-87.64167,41.67054],[-87.64142,41.66325],[-87.64722,41.66316],[-87.64699,41.65763],[-87.64591,41.65778],[-87.64475,41.65772],[-87.64366,41.65775],[-87.64142,41.65777],[-87.64143,41.65809],[-87.64106,41.6581],[-87.64105,41.65777],[-87.64042,41.65779],[-87.63914,41.65775],[-87.63856,41.65771],[-87.63629,41.65739],[-87.63574,41.65735],[-87.63501,41.65737],[-87.63392,41.65747],[-87.633,41.65753],[-87.63265,41.65773],[-87.63202,41.6579],[-87.63154,41.65792],[-87.63126,41.65782],[-87.63082,41.65796],[-87.63076,41.65827],[-87.62973,41.65901],[-87.62915,41.65932],[-87.62875,41.65964],[-87.62754,41.66076],[-87.62644,41.66149],[-87.62627,41.66166],[-87.62476,41.66209],[-87.62442,41.66226],[-87.62381,41.66227],[-87.62329,41.6624],[-87.62204,41.66241],[-87.62202,41.66213],[-87.62025,41.66137],[-87.61986,41.66114],[-87.61951,41.66079],[-87.61939,41.66006],[-87.61946,41.65954],[-87.61968,41.65906],[-87.61828,41.65911],[-87.61767,41.66172],[-87.61727,41.66335],[-87.61715,41.66434],[-87.61675,41.66617],[-87.61657,41.66686],[-87.61609,41.6689],[-87.61515,41.67306],[-87.61456,41.6756],[-87.6142,41.6769],[-87.61405,41.67761],[-87.61317,41.68159],[-87.61289,41.68258],[-87.61261,41.68383],[-87.61228,41.68543],[-87.62103,41.68534],[-87.62915,41.68524],[-87.63173,41.68522],[-87.64215,41.68508],[-87.64967,41.68498],[-87.6616,41.68482],[-87.66152,41.68289],[-87.66137,41.67754]]]},"properties":{"name":"West Pullman","code":53,"lp":[-87.62971,41.67322]}},
{"type":"Feature","geometry":{"type":"Polygon","coordinates":[[[-87.589,41.66039],[-87.59012,41.66165],[-87.59074,41.66241],[-87.59172,41.66353],[-87.59212,41.66371],[-87.59271,41.66439],[-87.59663,41.66894],[-87.59757,41.67005],[-87.60007,41.67294],[-87.60046,41.67343],[-87.60091,41.67413],[-87.60128,41.67489],[-87.60154,41.67567],[-87.60166,41.6762],[-87.60173,41.6769],[-87.60185,41.68069],[-87.60188,41.68263],[-87.60194,41.68417],[-87.6019,41.68506],[-87.60172,41.68584],[-87.60157,41.68621],[-87.60249,41.68614],[-87.60293,41.68603],[-87.6041,41.68556],[-87.60458,41.68551],[-87.6114,41.68544],[-87.61228,41.68543],[-87.61261,41.68383],[-87.61289,41.68258],[-87.61317,41.68159],[-87.61405,41.67761],[-87.6142,41.6769],[-87.61456,41.6756],[-87.61515,41.67306],[-87.61609,41.6689],[-87.61657,41.66686],[-87.61675,41.66617],[-87.61715,41.66434],[-87.61727,41.66335],[-87.61767,41.66172],[-87.61828,41.65911],[-87.61771,41.6591],[-87.61848,41.65555],[-87.61875,41.65458],[-87.61907,41.65361],[-87.61945,41.65266],[-87.61982,41.65183],[-87.62032,41.65089],[-87.62021,41.65085],[-87.61803,41.65037],[-87.61723,41.65028],[-87.61724,41.64763],[-87.61722,41.64458],[-87.61336,41.64461],[-87.6121,41.6446],[-87.60124,41.64461],[-87.59783,41.64461],[-87.59789,41.64803],[-87.59761,41.64805],[-87.59667,41.6483],[-87.59467,41.64878],[-87.59367,41.64892],[-87.59233,41.64893],[-87.59209,41.64891],[-87.59114,41.6486],[-87.59047,41.64828],[-87.59011,41.64782],[-87.58986,41.64766],[-87.5892,41.64698],[-87.5888,41.64687],[-87.58816,41.64632],[-87.5873,41.64543],[-87.58693,41.64495],[-87.58684,41.64469],[-87.58567,41.6447],[-87.57838,41.64469],[-87.57845,41.64552],[-87.57862,41.64645],[-87.57888,41.64738],[-87.57918,41.64816],[-87.57964,41.64914],[-87.58049,41.65042],[-87.58081,41.65084],[-87.58212,41.65238],[-87.58274,41.65308],[-87.58468,41.65537],[-87.58765,41.65881],[-87.589,41.66039]]]},"properties":{"name":"Riverdale","code":54,"lp":[-87.60483,41.65876]}},
{"type":"Feature","geometry":{"type":"Polygon","coordinates":[[[-87.57838,41.64469],[-87.57725,41.64471],[-87.57487,41.64468],[-87.57373,41.64468],[-87.56237,41.64466],[-87.5498,41.64457],[-87.53503,41.64456],[-87.52994,41.64457],[-87.52517,41.64454],[-87.52499,41.65906],[-87.52484,41.67365],[-87.52465,41.68818],[-87.52462,41.6918],[-87.53036,41.69183],[-87.5304,41.6882],[-87.53038,41.68637],[-87.53034,41.68513],[-87.53041,41.68457],[-87.53129,41.68458],[-87.53164,41.6845],[-87.53405,41.68452],[-87.53647,41.68452],[-87.53767,41.68449],[-87.54013,41.68451],[-87.54012,41.68278],[-87.54133,41.68279],[-87.54381,41.68276],[-87.54508,41.68277],[-87.54508,41.68107],[-87.54492,41.67318],[-87.54511,41.67219],[-87.54571,41.67081],[-87.54621,41.66942],[-87.54645,41.66814],[-87.54471,41.65922],[-87.54487,41.65923],[-87.54586,41.65983],[-87.54801,41.66108],[-87.55041,41.66241],[-87.55127,41.66292],[-87.55198,41.66342],[-87.55234,41.66376],[-87.5532,41.66487],[-87.55573,41.6687],[-87.5566,41.66997],[-87.55705,41.66966],[-87.5574,41.66959],[-87.55806,41.66907],[-87.55817,41.66893],[-87.55864,41.66894],[-87.55883,41.66901],[-87.55926,41.66865],[-87.55929,41.65919],[-87.56085,41.65916],[-87.56997,41.65919],[-87.5755,41.65921],[-87.57745,41.65919],[-87.58066,41.6592],[-87.58159,41.65922],[-87.58243,41.65931],[-87.583,41.65941],[-87.58397,41.65966],[-87.58536,41.66012],[-87.58605,41.66027],[-87.58663,41.66034],[-87.58853,41.66042],[-87.589,41.66039],[-87.58765,41.65881],[-87.58468,41.65537],[-87.58274,41.65308],[-87.58212,41.65238],[-87.58081,41.65084],[-87.58049,41.65042],[-87.57964,41.64914],[-87.57918,41.64816],[-87.57888,41.64738],[-87.57862,41.64645],[-87.57845,41.64552],[-87.57838,41.64469]]]},"properties":{"name":"Hegewisch","code":55,"lp":[-87.53556,41.66756]}},
{"type":"Feature","geometry":{"type":"Polygon","coordinates":[[[-87.73791,41.79529],[-87.73816,41.80392],[-87.73827,41.80735],[-87.73831,41.80873],[-87.7385,41.81497],[-87.73845,41.81497],[-87.73853,41.81863],[-87.73856,41.81871],[-87.73858,41.81885],[-87.73865,41.82212],[-87.74476,41.82203],[-87.74465,41.81596],[-87.75308,41.81331],[-87.75293,41.80749],[-87.75274,41.80019],[-87.75728,41.80012],[-87.76223,41.80005],[-87.76428,41.80005],[-87.77208,41.79989],[-87.77365,41.79983],[-87.78179,41.79967],[-87.78311,41.79967],[-87.78794,41.79961],[-87.78962,41.79956],[-87.7908,41.79951],[-87.79282,41.79946],[-87.79462,41.79946],[-87.79719,41.7994],[-87.80163,41.798],[-87.80161,41.79576],[-87.80162,41.79481],[-87.80154,41.7922],[-87.80122,41.78469],[-87.79339,41.78482],[-87.78126,41.78501],[-87.77281,41.78518],[-87.76202,41.78539],[-87.76202,41.78533],[-87.74253,41.78573],[-87.74068,41.78575],[-87.73845,41.78579],[-87.73762,41.78578],[-87.73765,41.78677],[-87.73791,41.79529]]]},"properties":{"name":"Garfield Ridge","code":56,"lp":[-87.7465,41.79428]}},
{"type":"Feature","geometry":{"type":"Polygon","coordinates":[[[-87.71379,41.80602],[-87.71387,41.80799],[-87.71392,41.8095],[-87.71399,41.81004],[-87.71418,41.81672],[-87.71425,41.81898],[-87.71433,41.82206],[-87.71426,41.82242],[-87.71432,41.82419],[-87.71437,41.82451],[-87.71437,41.82604],[-87.71437,41.82632],[-87.71764,41.82529],[-87.71776,41.82524],[-87.71959,41.82468],[-87.72453,41.82312],[-87.73681,41.81926],[-87.73856,41.81871],[-87.73853,41.81863],[-87.73845,41.81497],[-87.7385,41.81497],[-87.73831,41.80873],[-87.73827,41.80735],[-87.73816,41.80392],[-87.73791,41.79529],[-87.73645,41.79531],[-87.73541,41.79546],[-87.73548,41.79562],[-87.73551,41.79676],[-87.72817,41.79683],[-87.72821,41.79831],[-87.72337,41.80022],[-87.72337,41.80055],[-87.72297,41.80055],[-87.71969,41.80201],[-87.71902,41.80228],[-87.71568,41.8036],[-87.71523,41.80376],[-87.71474,41.80419],[-87.71423,41.80478],[-87.714,41.80522],[-87.71379,41.80602]]]},"properties":{"name":"Archer Heights","code":57,"lp":[-87.72605,41.81117]}},
{"type":"Feature","geometry":{"type":"Polygon","coordinates":[[[-87.68437,41.80472],[-87.68435,41.80568],[-87.68443,41.80843],[-87.68387,41.80842],[-87.68388,41.8092],[-87.68397,41.81243],[-87.68409,41.81625],[-87.6841,41.81685],[-87.68423,41.82181],[-87.68424,41.823],[-87.68473,41.82301],[-87.68608,41.82296],[-87.68612,41.82428],[-87.6862,41.82442],[-87.68667,41.82489],[-87.68611,41.82523],[-87.6866,41.82595],[-87.68686,41.82665],[-87.68736,41.82662],[-87.68744,41.8284],[-87.68732,41.83024],[-87.68737,41.83079],[-87.68742,41.83372],[-87.68745,41.83469],[-87.6874,41.8348],[-87.69519,41.83235],[-87.69636,41.83199],[-87.69661,41.83219],[-87.69781,41.83173],[-87.70038,41.83092],[-87.70417,41.82987],[-87.70461,41.8298],[-87.70458,41.82912],[-87.70999,41.82741],[-87.71437,41.82604],[-87.71437,41.82451],[-87.71432,41.82419],[-87.71426,41.82242],[-87.71433,41.82206],[-87.71425,41.81898],[-87.71418,41.81672],[-87.71399,41.81004],[-87.71392,41.8095],[-87.71387,41.80799],[-87.71379,41.80602],[-87.71377,41.80558],[-87.71378,41.80393],[-87.71233,41.80399],[-87.71134,41.80413],[-87.71087,41.80415],[-87.70805,41.8042],[-87.70755,41.80416],[-87.70386,41.80422],[-87.70387,41.80448],[-87.70085,41.80451],[-87.6941,41.80464],[-87.69409,41.80441],[-87.69315,41.80446],[-87.68437,41.80455],[-87.68437,41.80472]]]},"properties":{"name":"Brighton Park","code":58,"lp":[-87.69804,41.8178]}},
{"type":"Feature","geometry":{"type":"Polygon","coordinates":[[[-87.68424,41.823],[-87.67597,41.82309],[-87.67484,41.82312],[-87.66826,41.82319],[-87.66636,41.82314],[-87.6634,41.82318],[-87.65998,41.82321],[-87.65611,41.82331],[-87.65714,41.82404],[-87.65735,41.82607],[-87.65735,41.82649],[-87.65753,41.8278],[-87.65757,41.82876],[-87.65741,41.83031],[-87.65737,41.83088],[-87.65743,41.8312],[-87.65866,41.83256],[-87.66035,41.83437],[-87.66129,41.83486],[-87.66167,41.83525],[-87.66199,41.83569],[-87.66249,41.83614],[-87.66317,41.83698],[-87.66344,41.83781],[-87.66429,41.83907],[-87.66576,41.83822],[-87.66698,41.83766],[-87.66824,41.83732],[-87.66926,41.83718],[-87.67056,41.83714],[-87.67056,41.83735],[-87.67458,41.83727],[-87.67873,41.83718],[-87.67945,41.83713],[-87.68045,41.83697],[-87.68144,41.83668],[-87.68458,41.83571],[-87.6874,41.8348],[-87.68745,41.83469],[-87.68742,41.83372],[-87.68737,41.83079],[-87.68732,41.83024],[-87.68744,41.8284],[-87.68736,41.82662],[-87.68686,41.82665],[-87.6866,41.82595],[-87.68611,41.82523],[-87.68667,41.82489],[-87.6862,41.82442],[-87.68612,41.82428],[-87.68608,41.82296],[-87.68473,41.82301],[-87.68424,41.823]]]},"properties":{"name":"McKinley Park","code":59,"lp":[-87.66713,41.83028]}},
{"type":"Feature","geometry":{"type":"Polygon","coordinates":[[[-87.63612,41.82359],[-87.63396,41.82361],[-87.63606,41.82521],[-87.63616,41.82541],[-87.6362,41.82723],[-87.63642,41.82742],[-87.63658,41.83415],[-87.63653,41.83453],[-87.63589,41.83453],[-87.63593,41.83636],[-87.63643,41.83635],[-87.63648,41.83817],[-87.63638,41.83817],[-87.63651,41.84364],[-87.63829,41.84362],[-87.63836,41.84618],[-87.63953,41.84637],[-87.63998,41.84632],[-87.6416,41.8463],[-87.6416,41.84647],[-87.64185,41.84711],[-87.64173,41.84728],[-87.64243,41.84811],[-87.64163,41.84812],[-87.64162,41.84819],[-87.64225,41.84893],[-87.64323,41.84852],[-87.64368,41.84901],[-87.644,41.84951],[-87.64489,41.84942],[-87.64585,41.84938],[-87.6468,41.84921],[-87.64864,41.84861],[-87.64964,41.8484],[-87.651,41.84831],[-87.65158,41.84818],[-87.65258,41.848],[-87.65312,41.84795],[-87.6575,41.84717],[-87.6586,41.84726],[-87.66072,41.84572],[-87.66077,41.84584],[-87.66164,41.84535],[-87.66252,41.84491],[-87.66345,41.8445],[-87.66378,41.84429],[-87.66389,41.8441],[-87.66431,41.8428],[-87.66495,41.84172],[-87.66484,41.84124],[-87.66457,41.84076],[-87.66453,41.84043],[-87.66454,41.83956],[-87.66429,41.83907],[-87.66344,41.83781],[-87.66317,41.83698],[-87.66249,41.83614],[-87.66199,41.83569],[-87.66167,41.83525],[-87.66129,41.83486],[-87.66035,41.83437],[-87.65866,41.83256],[-87.65743,41.8312],[-87.65737,41.83088],[-87.65741,41.83031],[-87.65757,41.82876],[-87.65753,41.8278],[-87.65735,41.82649],[-87.65735,41.82607],[-87.65714,41.82404],[-87.65611,41.82331],[-87.65333,41.82337],[-87.65271,41.82337],[-87.64401,41.82348],[-87.63953,41.82354],[-87.63612,41.82359]]]},"properties":{"name":"Bridgeport","code":60,"lp":[-87.64765,41.83677]}},
{"type":"Feature","geometry":{"type":"Polygon","coordinates":[[[-87.65487,41.79417],[-87.64628,41.7943],[-87.64494,41.7943],[-87.63546,41.79448],[-87.63551,41.79646],[-87.6355,41.79766],[-87.63554,41.79916],[-87.6356,41.80065],[-87.63568,41.80119],[-87.63573,41.80239],[-87.63582,41.80601],[-87.63592,41.80904],[-87.63577,41.80905],[-87.63582,41.80942],[-87.63586,41.81092],[-87.63638,41.81091],[-87.63618,41.81195],[-87.63616,41.81261],[-87.63622,41.81542],[-87.63616,41.81635],[-87.63572,41.81635],[-87.63582,41.81726],[-87.63589,41.81815],[-87.63604,41.81815],[-87.63603,41.81905],[-87.63608,41.81996],[-87.63612,41.82359],[-87.63953,41.82354],[-87.64401,41.82348],[-87.65271,41.82337],[-87.65333,41.82337],[-87.65611,41.82331],[-87.65998,41.82321],[-87.6634,41.82318],[-87.66636,41.82314],[-87.66826,41.82319],[-87.67484,41.82312],[-87.67597,41.82309],[-87.68424,41.823],[-87.68423,41.82181],[-87.6841,41.81685],[-87.68409,41.81625],[-87.68397,41.81243],[-87.68388,41.8092],[-87.68387,41.80842],[-87.68443,41.80843],[-87.68435,41.80568],[-87.68437,41.80472],[-87.68376,41.8048],[-87.68222,41.80481],[-87.68192,41.80486],[-87.67941,41.80485],[-87.67939,41.80426],[-87.67953,41.80282],[-87.67955,41.80238],[-87.67941,41.79703],[-87.67925,41.79609],[-87.67888,41.79446],[-87.67882,41.79387],[-87.66713,41.79399],[-87.66397,41.79403],[-87.66323,41.79406],[-87.65487,41.79417]]]},"properties":{"name":"New City","code":61,"lp":[-87.65086,41.80882]}},
{"type":"Feature","geometry":{"type":"Polygon","coordinates":[[[-87.71337,41.78609],[-87.71347,41.78972],[-87.71328,41.78973],[-87.7134,41.79326],[-87.71361,41.80069],[-87.71371,41.80081],[-87.71378,41.80393],[-87.71377,41.80558],[-87.71379,41.80602],[-87.714,41.80522],[-87.71423,41.80478],[-87.71474,41.80419],[-87.71523,41.80376],[-87.71568,41.8036],[-87.71902,41.80228],[-87.71969,41.80201],[-87.72297,41.80055],[-87.72337,41.80055],[-87.72337,41.80022],[-87.72821,41.79831],[-87.72817,41.79683],[-87.73551,41.79676],[-87.73548,41.79562],[-87.73541,41.79546],[-87.73645,41.79531],[-87.73791,41.79529],[-87.73765,41.78677],[-87.73762,41.78578],[-87.72526,41.78591],[-87.72323,41.78593],[-87.71337,41.78609]]]},"properties":{"name":"West Elsdon","code":62,"lp":[-87.72088,41.79331]}},
{"type":"Feature","geometry":{"type":"Polygon","coordinates":[[[-87.67967,41.78656],[-87.67964,41.78836],[-87.67966,41.78971],[-87.67937,41.79349],[-87.67881,41.7935],[-87.67882,41.79387],[-87.67888,41.79446],[-87.67925,41.79609],[-87.67941,41.79703],[-87.67955,41.80238],[-87.67953,41.80282],[-87.67939,41.80426],[-87.67941,41.80485],[-87.68192,41.80486],[-87.68222,41.80481],[-87.68376,41.8048],[-87.68437,41.80472],[-87.68437,41.80455],[-87.69315,41.80446],[-87.69409,41.80441],[-87.6941,41.80464],[-87.70085,41.80451],[-87.70387,41.80448],[-87.70386,41.80422],[-87.70755,41.80416],[-87.70805,41.8042],[-87.71087,41.80415],[-87.71134,41.80413],[-87.71233,41.80399],[-87.71378,41.80393],[-87.71371,41.80081],[-87.71361,41.80069],[-87.7134,41.79326],[-87.71328,41.78973],[-87.71347,41.78972],[-87.71337,41.78609],[-87.7129,41.7861],[-87.70233,41.78626],[-87.69318,41.78642],[-87.68484,41.78655],[-87.68401,41.78655],[-87.68369,41.78651],[-87.67967,41.78656]]]},"properties":{"name":"Gage Park","code":63,"lp":[-87.69629,41.79547]}},
{"type":"Feature","geometry":{"type":"Polygon","coordinates":[[[-87.74205,41.77113],[-87.73718,41.7712],[-87.73761,41.78573],[-87.73762,41.78578],[-87.73845,41.78579],[-87.74068,41.78575],[-87.74253,41.78573],[-87.76202,41.78533],[-87.76202,41.78539],[-87.77281,41.78518],[-87.78126,41.78501],[-87.79339,41.78482],[-87.80122,41.78469],[-87.80102,41.78022],[-87.80101,41.77913],[-87.80087,41.77695],[-87.80083,41.77547],[-87.80078,41.7742],[-87.80081,41.77378],[-87.78112,41.77409],[-87.75661,41.77458],[-87.74716,41.77475],[-87.74704,41.77467],[-87.74446,41.77472],[-87.74217,41.77478],[-87.74215,41.77445],[-87.74205,41.77113]]]},"properties":{"name":"Clearing","code":64,"lp":[-87.74443,41.78021]}},
{"type":"Feature","geometry":{"type":"Polygon","coordinates":[[[-87.74131,41.7533],[-87.73912,41.75312],[-87.73658,41.75316],[-87.73658,41.75304],[-87.73233,41.75332],[-87.73201,41.75317],[-87.73108,41.75319],[-87.72725,41.75326],[-87.72494,41.75329],[-87.72428,41.75333],[-87.72204,41.75337],[-87.72217,41.75486],[-87.72215,41.75552],[-87.72219,41.7578],[-87.72229,41.76147],[-87.7213,41.76111],[-87.72062,41.76079],[-87.71861,41.75975],[-87.71801,41.75949],[-87.7171,41.7592],[-87.71623,41.75878],[-87.71554,41.75853],[-87.71392,41.75777],[-87.71328,41.75752],[-87.71255,41.75734],[-87.71252,41.76058],[-87.71243,41.7606],[-87.71263,41.76717],[-87.71277,41.77152],[-87.71281,41.77317],[-87.71295,41.77883],[-87.71273,41.77883],[-87.71277,41.77954],[-87.71294,41.78568],[-87.7129,41.7861],[-87.71337,41.78609],[-87.72323,41.78593],[-87.72526,41.78591],[-87.73762,41.78578],[-87.73761,41.78573],[-87.73718,41.7712],[-87.74205,41.77113],[-87.7419,41.7643],[-87.74184,41.76227],[-87.74178,41.76128],[-87.74179,41.76084],[-87.74169,41.75894],[-87.74153,41.7547],[-87.7415,41.75329],[-87.74131,41.7533]]]},"properties":{"name":"West Lawn","code":65,"lp":[-87.72505,41.77357]}},
{"type":"Feature","geometry":{"type":"Polygon","coordinates":[[[-87.67859,41.75765],[-87.67815,41.75766],[-87.67854,41.76384],[-87.67855,41.76476],[-87.67835,41.76593],[-87.67845,41.76673],[-87.67845,41.76753],[-87.67836,41.76839],[-87.67862,41.76839],[-87.67872,41.77201],[-87.67835,41.77202],[-87.67856,41.77564],[-87.67881,41.77564],[-87.6788,41.77617],[-87.67848,41.77912],[-87.67849,41.77925],[-87.67875,41.78033],[-87.67898,41.78105],[-87.67912,41.78656],[-87.67967,41.78656],[-87.68369,41.78651],[-87.68401,41.78655],[-87.68484,41.78655],[-87.69318,41.78642],[-87.70233,41.78626],[-87.7129,41.7861],[-87.71294,41.78568],[-87.71277,41.77954],[-87.71273,41.77883],[-87.71295,41.77883],[-87.71281,41.77317],[-87.71277,41.77152],[-87.71263,41.76717],[-87.71243,41.7606],[-87.71252,41.76058],[-87.71255,41.75734],[-87.71184,41.75723],[-87.71101,41.75717],[-87.70964,41.75719],[-87.70902,41.75723],[-87.70743,41.75726],[-87.70745,41.75713],[-87.70612,41.7572],[-87.70278,41.75725],[-87.70262,41.7572],[-87.70118,41.75726],[-87.69934,41.7573],[-87.69605,41.75735],[-87.69018,41.75744],[-87.68954,41.75749],[-87.68817,41.75744],[-87.68675,41.75745],[-87.6867,41.75753],[-87.68325,41.7576],[-87.67859,41.75765]]]},"properties":{"name":"Chicago Lawn","code":66,"lp":[-87.69555,41.77185]}},
{"type":"Feature","geometry":{"type":"Polygon","coordinates":[[[-87.65393,41.758],[-87.65421,41.76857],[-87.6543,41.77186],[-87.65445,41.77764],[-87.6545,41.77946],[-87.65471,41.78787],[-87.65487,41.79417],[-87.66323,41.79406],[-87.66397,41.79403],[-87.66713,41.79399],[-87.67882,41.79387],[-87.67881,41.7935],[-87.67937,41.79349],[-87.67966,41.78971],[-87.67964,41.78836],[-87.67967,41.78656],[-87.67912,41.78656],[-87.67898,41.78105],[-87.67875,41.78033],[-87.67849,41.77925],[-87.67848,41.77912],[-87.6788,41.77617],[-87.67881,41.77564],[-87.67856,41.77564],[-87.67835,41.77202],[-87.67872,41.77201],[-87.67862,41.76839],[-87.67836,41.76839],[-87.67845,41.76753],[-87.67845,41.76673],[-87.67835,41.76593],[-87.67855,41.76476],[-87.67854,41.76384],[-87.67815,41.75766],[-87.67546,41.75771],[-87.66969,41.75778],[-87.6697,41.75763],[-87.66547,41.75767],[-87.6645,41.7577],[-87.66361,41.75777],[-87.66199,41.75777],[-87.65718,41.75784],[-87.65401,41.75789],[-87.65393,41.758]]]},"properties":{"name":"West Englewood","code":67,"lp":[-87.66637,41.77005]}},
{"type":"Feature","geometry":{"type":"Polygon","coordinates":[[[-87.6399,41.75615],[-87.63933,41.75616],[-87.63928,41.75719],[-87.63927,41.75798],[-87.63859,41.75801],[-87.6357,41.75806],[-87.63575,41.75988],[-87.63453,41.7599],[-87.63461,41.763],[-87.63443,41.76342],[-87.63484,41.7636],[-87.63464,41.76428],[-87.63471,41.76717],[-87.63354,41.76719],[-87.6335,41.76735],[-87.63355,41.76901],[-87.63136,41.76906],[-87.63125,41.77139],[-87.63104,41.77269],[-87.62996,41.77271],[-87.62997,41.77286],[-87.63004,41.77535],[-87.63009,41.77626],[-87.63005,41.77693],[-87.63015,41.77999],[-87.62854,41.78],[-87.62889,41.7803],[-87.62891,41.78077],[-87.62897,41.78315],[-87.62826,41.78316],[-87.62825,41.78326],[-87.62856,41.7946],[-87.63039,41.79458],[-87.63067,41.79455],[-87.63546,41.79448],[-87.64494,41.7943],[-87.64628,41.7943],[-87.65487,41.79417],[-87.65471,41.78787],[-87.6545,41.77946],[-87.65445,41.77764],[-87.6543,41.77186],[-87.65421,41.76857],[-87.65393,41.758],[-87.64666,41.75811],[-87.64653,41.75807],[-87.64433,41.75811],[-87.64424,41.75814],[-87.64418,41.75609],[-87.64408,41.75608],[-87.6399,41.75615]]]},"properties":{"name":"Englewood","code":68,"lp":[-87.64224,41.78203]}},
{"type":"Feature","geometry":{"type":"Polygon","coordinates":[[[-87.5921,41.77328],[-87.60577,41.77314],[-87.60561,41.76617],[-87.60559,41.76587],[-87.61282,41.77106],[-87.61545,41.77297],[-87.61562,41.78024],[-87.6201,41.78015],[-87.62106,41.78005],[-87.62354,41.78001],[-87.62537,41.78006],[-87.62536,41.78158],[-87.6254,41.78321],[-87.62826,41.78316],[-87.62897,41.78315],[-87.62891,41.78077],[-87.62889,41.7803],[-87.62854,41.78],[-87.63015,41.77999],[-87.63005,41.77693],[-87.63009,41.77626],[-87.63004,41.77535],[-87.62997,41.77286],[-87.62996,41.77271],[-87.63104,41.77269],[-87.63125,41.77139],[-87.63136,41.76906],[-87.63355,41.76901],[-87.6335,41.76735],[-87.63354,41.76719],[-87.63471,41.76717],[-87.63464,41.76428],[-87.63484,41.7636],[-87.63443,41.76342],[-87.63461,41.763],[-87.63453,41.7599],[-87.63575,41.75988],[-87.6357,41.75806],[-87.63859,41.75801],[-87.63927,41.75798],[-87.63928,41.75719],[-87.63933,41.75616],[-87.6399,41.75615],[-87.63976,41.7507],[-87.63937,41.75071],[-87.6344,41.75078],[-87.62582,41.75093],[-87.62385,41.75098],[-87.6232,41.75098],[-87.61031,41.7512],[-87.60552,41.75128],[-87.59721,41.75137],[-87.59549,41.75139],[-87.59553,41.75315],[-87.5956,41.75503],[-87.59622,41.75503],[-87.5958,41.75686],[-87.59306,41.75688],[-87.59455,41.75795],[-87.59493,41.75819],[-87.59563,41.7587],[-87.59538,41.7587],[-87.59507,41.7602],[-87.59458,41.76235],[-87.59332,41.76235],[-87.59339,41.76502],[-87.5933,41.76601],[-87.59228,41.76601],[-87.59235,41.76782],[-87.59239,41.7699],[-87.59274,41.7699],[-87.59275,41.77028],[-87.59249,41.77132],[-87.59224,41.77248],[-87.5921,41.77328]]]},"properties":{"name":"Greater Grand Crossing","code":69,"lp":[-87.62132,41.76276]}},
{"type":"Feature","geometry":{"type":"Polygon","coordinates":[[[-87.67859,41.75765],[-87.68325,41.7576],[-87.6867,41.75753],[-87.68675,41.75745],[-87.68817,41.75744],[-87.68954,41.75749],[-87.69018,41.75744],[-87.69605,41.75735],[-87.69934,41.7573],[-87.70118,41.75726],[-87.70262,41.7572],[-87.70278,41.75725],[-87.70612,41.7572],[-87.70745,41.75713],[-87.70743,41.75726],[-87.70902,41.75723],[-87.70964,41.75719],[-87.71101,41.75717],[-87.71184,41.75723],[-87.71255,41.75734],[-87.71328,41.75752],[-87.71392,41.75777],[-87.71554,41.75853],[-87.71623,41.75878],[-87.7171,41.7592],[-87.71801,41.75949],[-87.71861,41.75975],[-87.72062,41.76079],[-87.7213,41.76111],[-87.72229,41.76147],[-87.72219,41.7578],[-87.72215,41.75552],[-87.72217,41.75486],[-87.72204,41.75337],[-87.72428,41.75333],[-87.72494,41.75329],[-87.72725,41.75326],[-87.73108,41.75319],[-87.73201,41.75317],[-87.73233,41.75332],[-87.73658,41.75304],[-87.73658,41.75316],[-87.73912,41.75312],[-87.74131,41.7533],[-87.7415,41.75329],[-87.7415,41.75267],[-87.74141,41.75067],[-87.74139,41.74952],[-87.74132,41.74872],[-87.7413,41.74765],[-87.7412,41.74433],[-87.74109,41.74164],[-87.74093,41.73687],[-87.74095,41.73556],[-87.74107,41.73452],[-87.73953,41.73456],[-87.73826,41.73455],[-87.72716,41.73473],[-87.72596,41.73478],[-87.71399,41.73499],[-87.70916,41.73508],[-87.70769,41.7351],[-87.70215,41.73519],[-87.70124,41.73521],[-87.69547,41.7353],[-87.68251,41.73553],[-87.67308,41.73566],[-87.67279,41.73565],[-87.67279,41.7359],[-87.67302,41.73594],[-87.6753,41.73868],[-87.67609,41.7393],[-87.67689,41.74011],[-87.67719,41.74066],[-87.67764,41.74172],[-87.67789,41.74254],[-87.67802,41.74322],[-87.67812,41.74449],[-87.67816,41.74656],[-87.67814,41.74745],[-87.67824,41.74745],[-87.67821,41.74818],[-87.67837,41.75404],[-87.67841,41.75532],[-87.67859,41.75765]]]},"properties":{"name":"Ashburn","code":70,"lp":[-87.71332,41.74612]}},
{"type":"Feature","geometry":{"type":"Polygon","coordinates":[[[-87.63937,41.75071],[-87.63976,41.7507],[-87.6399,41.75615],[-87.64408,41.75608],[-87.64418,41.75609],[-87.64424,41.75814],[-87.64433,41.75811],[-87.64653,41.75807],[-87.64666,41.75811],[-87.65393,41.758],[-87.65401,41.75789],[-87.65718,41.75784],[-87.66199,41.75777],[-87.66361,41.75777],[-87.6645,41.7577],[-87.66547,41.75767],[-87.6697,41.75763],[-87.66969,41.75778],[-87.67546,41.75771],[-87.67815,41.75766],[-87.67859,41.75765],[-87.67841,41.75532],[-87.67837,41.75404],[-87.67821,41.74818],[-87.67824,41.74745],[-87.67814,41.74745],[-87.67816,41.74656],[-87.67812,41.74449],[-87.67802,41.74322],[-87.67789,41.74254],[-87.67764,41.74172],[-87.67719,41.74066],[-87.67689,41.74011],[-87.67609,41.7393],[-87.6753,41.73868],[-87.67302,41.73594],[-87.67279,41.7359],[-87.67279,41.73565],[-87.67308,41.73566],[-87.66915,41.73123],[-87.66812,41.7302],[-87.66533,41.73024],[-87.66539,41.73209],[-87.66333,41.73212],[-87.6624,41.73223],[-87.66045,41.73228],[-87.65818,41.7323],[-87.6581,41.73233],[-87.64993,41.73245],[-87.64827,41.73244],[-87.64782,41.73253],[-87.64651,41.73253],[-87.64696,41.73139],[-87.64795,41.7287],[-87.64749,41.72863],[-87.64724,41.72893],[-87.64643,41.72951],[-87.64582,41.72974],[-87.64544,41.72982],[-87.64468,41.72984],[-87.64465,41.7288],[-87.64452,41.72875],[-87.63535,41.72888],[-87.63373,41.72885],[-87.63374,41.72992],[-87.6338,41.72998],[-87.63391,41.73171],[-87.63407,41.7352],[-87.63413,41.73594],[-87.63381,41.73595],[-87.63388,41.73821],[-87.63408,41.73914],[-87.63396,41.73947],[-87.63401,41.73956],[-87.63411,41.7435],[-87.63464,41.74365],[-87.63595,41.74416],[-87.63648,41.74352],[-87.63919,41.74343],[-87.63909,41.74517],[-87.63906,41.74705],[-87.6391,41.74887],[-87.63949,41.74886],[-87.63945,41.75049],[-87.63937,41.75071]]]},"properties":{"name":"Auburn Gresham","code":71,"lp":[-87.66334,41.74497]}},
{"type":"Feature","geometry":{"type":"Polygon","coordinates":[[[-87.66812,41.7302],[-87.66915,41.73123],[-87.67308,41.73566],[-87.68251,41.73553],[-87.68228,41.72786],[-87.68184,41.71366],[-87.68272,41.71367],[-87.69173,41.71357],[-87.69165,41.71104],[-87.69152,41.7072],[-87.69646,41.70714],[-87.6963,41.70229],[-87.69615,41.69894],[-87.69602,41.69893],[-87.69073,41.69899],[-87.68355,41.69907],[-87.68154,41.69909],[-87.67986,41.69906],[-87.67461,41.69915],[-87.66575,41.69933],[-87.6617,41.69941],[-87.65874,41.69944],[-87.65752,41.70276],[-87.65726,41.70347],[-87.65602,41.70679],[-87.65636,41.70678],[-87.65867,41.71134],[-87.65998,41.714],[-87.66107,41.71569],[-87.66309,41.7201],[-87.6632,41.72109],[-87.66345,41.7212],[-87.66708,41.72803],[-87.66732,41.72844],[-87.66726,41.72887],[-87.66812,41.7302]]]},"properties":{"name":"Beverly","code":72,"lp":[-87.67103,41.7105]}},
{"type":"Feature","geometry":{"type":"Polygon","coordinates":[[[-87.64261,41.69964],[-87.64283,41.70692],[-87.63313,41.70704],[-87.63327,41.71169],[-87.63338,41.71614],[-87.63342,41.71795],[-87.63364,41.72522],[-87.63365,41.72578],[-87.63373,41.72885],[-87.63535,41.72888],[-87.64452,41.72875],[-87.64465,41.7288],[-87.64468,41.72984],[-87.64544,41.72982],[-87.64582,41.72974],[-87.64643,41.72951],[-87.64724,41.72893],[-87.64749,41.72863],[-87.64795,41.7287],[-87.64696,41.73139],[-87.64651,41.73253],[-87.64782,41.73253],[-87.64827,41.73244],[-87.64993,41.73245],[-87.6581,41.73233],[-87.65818,41.7323],[-87.66045,41.73228],[-87.6624,41.73223],[-87.66333,41.73212],[-87.66539,41.73209],[-87.66533,41.73024],[-87.66812,41.7302],[-87.66726,41.72887],[-87.66732,41.72844],[-87.66708,41.72803],[-87.66345,41.7212],[-87.6632,41.72109],[-87.66309,41.7201],[-87.66107,41.71569],[-87.65998,41.714],[-87.65867,41.71134],[-87.65636,41.70678],[-87.65602,41.70679],[-87.65726,41.70347],[-87.65752,41.70276],[-87.65874,41.69944],[-87.65732,41.69947],[-87.64716,41.6996],[-87.64261,41.69964]]]},"properties":{"name":"Washington Heights","code":73,"lp":[-87.64857,41.71694]}},
{"type":"Feature","geometry":{"type":"Polygon","coordinates":[[[-87.69602,41.69893],[-87.69615,41.69894],[-87.6963,41.70229],[-87.69646,41.70714],[-87.69668,41.70714],[-87.7012,41.70708],[-87.70137,41.70705],[-87.70132,41.70618],[-87.70261,41.70618],[-87.70792,41.7061],[-87.71112,41.70607],[-87.7113,41.71149],[-87.71252,41.71147],[-87.71258,41.7133],[-87.72113,41.71317],[-87.72107,41.71069],[-87.72088,41.70501],[-87.72084,41.70428],[-87.72068,41.70025],[-87.72066,41.69928],[-87.72053,41.69615],[-87.72037,41.69221],[-87.72032,41.69127],[-87.72518,41.69118],[-87.72517,41.69104],[-87.73974,41.69078],[-87.73966,41.68913],[-87.73949,41.68913],[-87.73927,41.68375],[-87.72489,41.684],[-87.72489,41.68398],[-87.72183,41.68403],[-87.72183,41.68394],[-87.71548,41.68404],[-87.71151,41.68409],[-87.71141,41.68184],[-87.7116,41.68183],[-87.71158,41.68127],[-87.71139,41.68127],[-87.71136,41.68054],[-87.70772,41.6806],[-87.70715,41.68055],[-87.70528,41.68058],[-87.70528,41.68084],[-87.70542,41.68419],[-87.70055,41.68426],[-87.70062,41.68614],[-87.6994,41.68615],[-87.69947,41.68793],[-87.69743,41.68796],[-87.69661,41.68798],[-87.69577,41.68808],[-87.69592,41.69162],[-87.69576,41.69172],[-87.69602,41.69893]]]},"properties":{"name":"Mount Greenwood","code":74,"lp":[-87.70838,41.69495]}},
{"type":"Feature","geometry":{"type":"Polygon","coordinates":[[[-87.66137,41.67754],[-87.66152,41.68289],[-87.6616,41.68482],[-87.64967,41.68498],[-87.64215,41.68508],[-87.64239,41.6929],[-87.64261,41.69964],[-87.64716,41.6996],[-87.65732,41.69947],[-87.65874,41.69944],[-87.6617,41.69941],[-87.66575,41.69933],[-87.67461,41.69915],[-87.67986,41.69906],[-87.68154,41.69909],[-87.68355,41.69907],[-87.69073,41.69899],[-87.69124,41.69898],[-87.69101,41.69228],[-87.69171,41.69227],[-87.6921,41.6922],[-87.69209,41.69176],[-87.69576,41.69172],[-87.69592,41.69162],[-87.69577,41.68808],[-87.69563,41.68433],[-87.68572,41.68448],[-87.68557,41.67962],[-87.68565,41.67867],[-87.68587,41.67797],[-87.68621,41.67721],[-87.68522,41.67722],[-87.68169,41.6773],[-87.67956,41.67723],[-87.6785,41.67723],[-87.66795,41.67742],[-87.6684,41.67619],[-87.66732,41.67596],[-87.66677,41.67744],[-87.66137,41.67754]]]},"properties":{"name":"Morgan Park","code":75,"lp":[-87.67449,41.68822]}},
{"type":"Feature","geometry":{"type":"MultiPolygon","coordinates":[[[[-87.83663,41.97531],[-87.83658,41.97954],[-87.83658,41.98628],[-87.83658,41.98638],[-87.83747,41.98648],[-87.83892,41.98671],[-87.84174,41.98712],[-87.84505,41.98762],[-87.84671,41.98788],[-87.84953,41.9883],[-87.85058,41.98843],[-87.85199,41.98853],[-87.85386,41.98862],[-87.85483,41.98876],[-87.85584,41.98905],[-87.85568,41.98866],[-87.85554,41.98794],[-87.85558,41.98774],[-87.85587,41.98715],[-87.85636,41.98599],[-87.85647,41.98536],[-87.85664,41.98466],[-87.85664,41.98432],[-87.85623,41.98348],[-87.85597,41.9828],[-87.85578,41.98216],[-87.85578,41.9817],[-87.85588,41.9811],[-87.85627,41.98046],[-87.85846,41.97866],[-87.85938,41.97757],[-87.85996,41.97699],[-87.86067,41.97654],[-87.86124,41.976],[-87.86168,41.97535],[-87.86201,41.97431],[-87.86201,41.97386],[-87.86749,41.97373],[-87.86749,41.97399],[-87.86784,41.97398],[-87.86784,41.97382],[-87.86861,41.9738],[-87.8686,41.97405],[-87.87265,41.97396],[-87.87589,41.97388],[-87.87588,41.9766],[-87.87373,41.97666],[-87.87502,41.98024],[-87.87489,41.98025],[-87.87586,41.98294],[-87.87586,41.9857],[-87.87691,41.98567],[-87.88035,41.99523],[-87.88454,41.9951],[-87.88453,41.9982],[-87.88496,41.9983],[-87.88501,41.99847],[-87.88673,41.99886],[-87.8894,41.99939],[-87.89075,41.99961],[-87.89081,41.99957],[-87.89297,41.99991],[-87.89746,42.00053],[-87.89744,42.00155],[-87.89954,42.00148],[-87.90312,42.00342],[-87.90406,42.00356],[-87.90406,42.00397],[-87.9024,42.00403],[-87.90241,42.00361],[-87.89924,42.0019],[-87.89436,42.00206],[-87.89436,42.00217],[-87.89039,42.0023],[-87.89038,42.00285],[-87.89026,42.00285],[-87.89,42.00323],[-87.89189,42.00399],[-87.89326,42.00394],[-87.89323,42.00334],[-87.89358,42.00333],[-87.89355,42.00274],[-87.89435,42.00271],[-87.89429,42.0057],[-87.89531,42.00567],[-87.89576,42.00588],[-87.89598,42.00578],[-87.89718,42.00633],[-87.89835,42.00679],[-87.89916,42.00705],[-87.90238,42.00792],[-87.90238,42.00809],[-87.90575,42.00899],[-87.90768,42.00892],[-87.90767,42.00525],[-87.90827,42.00521],[-87.91133,42.0051],[-87.91303,42.00509],[-87.91303,42.00627],[-87.91331,42.00626],[-87.91331,42.00872],[-87.91377,42.0087],[-87.91377,42.00507],[-87.92051,42.00495],[-87.92044,42.0012],[-87.92052,42.00113],[-87.92545,42.00105],[-87.92546,42.00226],[-87.93036,42.00221],[-87.9304,42.00413],[-87.93088,42.00377],[-87.93332,42.00201],[-87.93377,42.00166],[-87.93466,42.0009],[-87.93541,42.00017],[-87.93591,41.9996],[-87.93653,41.99879],[-87.93708,41.99797],[-87.93762,41.99703],[-87.93817,41.99579],[-87.93839,41.99518],[-87.93865,41.99425],[-87.9388,41.99353],[-87.93993,41.99349],[-87.93988,41.99049],[-87.93986,41.99015],[-87.93982,41.9878],[-87.93983,41.98702],[-87.93975,41.98189],[-87.93971,41.97864],[-87.93972,41.96428],[-87.93813,41.96428],[-87.9368,41.96541],[-87.93476,41.96682],[-87.93477,41.9648],[-87.93225,41.9648],[-87.93215,41.96174],[-87.93208,41.95994],[-87.93074,41.95974],[-87.92839,41.95934],[-87.92636,41.95902],[-87.92635,41.95486],[-87.92475,41.9545],[-87.92217,41.95387],[-87.92219,41.95653],[-87.92217,41.95838],[-87.92,41.95815],[-87.92,41.95801],[-87.91679,41.95746],[-87.91578,41.95713],[-87.91523,41.95684],[-87.91504,41.95619],[-87.91484,41.95509],[-87.91477,41.95434],[-87.91475,41.95288],[-87.90378,41.95062],[-87.89288,41.95079],[-87.8929,41.95805],[-87.89027,41.9581],[-87.88563,41.95749],[-87.88563,41.95754],[-87.88385,41.9573],[-87.88383,41.95736],[-87.88163,41.95711],[-87.88079,41.9572],[-87.88084,41.9655],[-87.88079,41.96918],[-87.88077,41.97285],[-87.86989,41.97312],[-87.86883,41.97317],[-87.86848,41.97316],[-87.8619,41.97332],[-87.8617,41.97299],[-87.86134,41.97261],[-87.86043,41.97193],[-87.85975,41.9716],[-87.85903,41.97143],[-87.85868,41.97147],[-87.85783,41.97197],[-87.85746,41.97215],[-87.85659,41.97246],[-87.85584,41.97259],[-87.85516,41.97246],[-87.8546,41.97204],[-87.85427,41.97162],[-87.85413,41.97117],[-87.85417,41.97078],[-87.85432,41.9703],[-87.85478,41.96943],[-87.85503,41.96871],[-87.85498,41.96793],[-87.85478,41.9672],[-87.85477,41.96691],[-87.85497,41.96595],[-87.8553,41.96512],[-87.85551,41.96446],[-87.85568,41.96284],[-87.85582,41.96241],[-87.8563,41.96159],[-87.85703,41.9602],[-87.85742,41.95956],[-87.85758,41.95919],[-87.85813,41.95834],[-87.85868,41.95761],[-87.85876,41.95742],[-87.85878,41.95693],[-87.85859,41.95614],[-87.85825,41.95558],[-87.85808,41.95544],[-87.8466,41.95569],[-87.84662,41.95179],[-87.84661,41.95164],[-87.85407,41.95145],[-87.85425,41.95092],[-87.85494,41.94948],[-87.85501,41.94894],[-87.855,41.9482],[-87.85487,41.9478],[-87.85408,41.94656],[-87.85382,41.94584],[-87.85358,41.94504],[-87.85326,41.94376],[-87.85301,41.94335],[-87.8531,41.94288],[-87.85308,41.9426],[-87.85253,41.94126],[-87.85227,41.94041],[-87.85211,41.93979],[-87.85181,41.93917],[-87.85141,41.9387],[-87.85066,41.93808],[-87.85019,41.93775],[-87.84962,41.93729],[-87.84445,41.9374],[-87.84261,41.93743],[-87.83542,41.93757],[-87.83481,41.93758],[-87.83479,41.93775],[-87.83491,41.94044],[-87.83497,41.9415],[-87.83508,41.9443],[-87.83518,41.94479],[-87.83643,41.94476],[-87.83658,41.949],[-87.83663,41.95034],[-87.83669,41.95405],[-87.83667,41.95783],[-87.8367,41.95936],[-87.83668,41.9666],[-87.84428,41.96646],[-87.84657,41.96641],[-87.84654,41.9682],[-87.84656,41.96955],[-87.84654,41.97158],[-87.84651,41.97189],[-87.84158,41.97198],[-87.84159,41.97014],[-87.83665,41.97023],[-87.83665,41.97137],[-87.83795,41.97135],[-87.83793,41.97384],[-87.84155,41.97379],[-87.84155,41.97469],[-87.83663,41.97477],[-87.83663,41.97531]]],[[[-87.93361,42.00489],[-87.93348,42.00542],[-87.93351,42.00566],[-87.93356,42.00802],[-87.93358,42.00817],[-87.93529,42.00815],[-87.93517,42.00333],[-87.93509,42.00094],[-87.9343,42.00173],[-87.93437,42.00498],[-87.93361,42.00489]]],[[[-87.94002,41.99811],[-87.93708,41.99859],[-87.93633,41.9996],[-87.9359,42.0001],[-87.93514,42.00089],[-87.93639,42.00086],[-87.94011,42.00079],[-87.94002,41.99811]]]]},"properties":{"name":"O'Hare","code":76,"lp":[-87.90933,41.97991]}},
{"type":"Feature","geometry":{"type":"Polygon","coordinates":[[[-87.64729,41.97775],[-87.6486,41.97784],[-87.64877,41.97815],[-87.64988,41.97901],[-87.65019,41.97932],[-87.65048,41.97946],[-87.65022,41.97972],[-87.65059,41.98035],[-87.65071,41.9811],[-87.65074,41.98248],[-87.65062,41.98352],[-87.65049,41.984],[-87.64989,41.98542],[-87.65074,41.98563],[-87.65106,41.98576],[-87.65159,41.98614],[-87.65226,41.98669],[-87.65368,41.9877],[-87.65431,41.98841],[-87.65423,41.98853],[-87.65419,41.99022],[-87.65424,41.99087],[-87.65432,41.991],[-87.6543,41.99181],[-87.65415,41.99258],[-87.6541,41.99305],[-87.65429,41.99308],[-87.6545,41.99336],[-87.65451,41.99366],[-87.65428,41.99388],[-87.65428,41.99421],[-87.65439,41.99453],[-87.6546,41.99453],[-87.65448,41.99537],[-87.65464,41.99568],[-87.65464,41.99604],[-87.65435,41.99608],[-87.65431,41.99648],[-87.65444,41.99728],[-87.65443,41.99759],[-87.65456,41.99817],[-87.65574,41.99818],[-87.656,41.99824],[-87.66766,41.99811],[-87.67086,41.99807],[-87.67501,41.99799],[-87.67489,41.99424],[-87.67483,41.99208],[-87.67485,41.99076],[-87.67471,41.99076],[-87.6746,41.98679],[-87.6747,41.98653],[-87.67459,41.98237],[-87.67451,41.97981],[-87.67442,41.97968],[-87.67437,41.97801],[-87.67446,41.97782],[-87.67441,41.9761],[-87.66803,41.9762],[-87.65294,41.97643],[-87.65126,41.97646],[-87.65082,41.97652],[-87.64978,41.97679],[-87.6494,41.97685],[-87.64904,41.97681],[-87.64886,41.97704],[-87.64729,41.97775]]]},"properties":{"name":"Edgewater","code":77,"lp":[-87.6644,41.98652]}}
]}