{"type":"FeatureCollection", "features": [
{"type":"Feature","geometry":{"type":"MultiPolygon","coordinates":[[[[-87.64411,41.95466],[-87.64102,41.9548],[-87.64129,41.95585],[-87.64153,41.95715],[-87.64162,41.95784],[-87.64174,41.95837],[-87.64153,41.96018],[-87.64167,41.96044],[-87.64219,41.96096],[-87.64228,41.96152],[-87.64207,41.96191],[-87.64164,41.96222],[-87.64119,41.96235],[-87.63787,41.96276],[-87.63685,41.96288],[-87.63592,41.96284],[-87.63551,41.96261],[-87.63537,41.96243],[-87.6354,41.96194],[-87.63583,41.96139],[-87.63639,41.96094],[-87.63677,41.96073],[-87.63764,41.9604],[-87.63847,41.96028],[-87.63882,41.96029],[-87.63932,41.9604],[-87.64026,41.96089],[-87.64074,41.96079],[-87.64095,41.96049],[-87.64094,41.96023],[-87.6408,41.95998],[-87.64017,41.95967],[-87.63895,41.95942],[-87.63794,41.95934],[-87.63746,41.95937],[-87.63664,41.95954],[-87.63599,41.9599],[-87.63529,41.96046],[-87.63485,41.96091],[-87.63422,41.96138],[-87.63339,41.96177],[-87.63289,41.96191],[-87.63206,41.96224],[-87.63173,41.96232],[-87.63131,41.96255],[-87.63107,41.96283],[-87.631,41.96323],[-87.63122,41.96368],[-87.63168,41.96404],[-87.63189,41.96495],[-87.632,41.9651],[-87.63298,41.96536],[-87.6341,41.96548],[-87.63509,41.96554],[-87.63644,41.96578],[-87.63743,41.96604],[-87.639,41.96657],[-87.64048,41.96692],[-87.64153,41.96752],[-87.64256,41.9683],[-87.6428,41.96805],[-87.64297,41.96806],[-87.64325,41.96829],[-87.643,41.96848],[-87.64263,41.96835],[-87.64367,41.96924],[-87.64424,41.96983],[-87.64503,41.9708],[-87.64557,41.97166],[-87.64606,41.97262],[-87.64618,41.97298],[-87.64626,41.97347],[-87.64636,41.97684],[-87.64648,41.97723],[-87.64664,41.97746],[-87.64712,41.9777],[-87.64754,41.97778],[-87.64859,41.97784],[-87.64877,41.97815],[-87.64988,41.97901],[-87.65019,41.97932],[-87.65046,41.97945],[-87.65022,41.97972],[-87.65059,41.98035],[-87.65071,41.9811],[-87.65074,41.98248],[-87.65071,41.98303],[-87.65049,41.984],[-87.64989,41.98544],[-87.65074,41.98563],[-87.65106,41.98577],[-87.65159,41.98614],[-87.65226,41.98669],[-87.65368,41.9877],[-87.6543,41.9884],[-87.65424,41.98866],[-87.65419,41.99022],[-87.65424,41.99087],[-87.65432,41.991],[-87.6543,41.99181],[-87.65415,41.99258],[-87.6541,41.99305],[-87.65429,41.99308],[-87.65452,41.9934],[-87.65444,41.99385],[-87.65428,41.99388],[-87.65428,41.99421],[-87.65439,41.99453],[-87.6546,41.99456],[-87.65448,41.99537],[-87.65464,41.99568],[-87.65459,41.99606],[-87.65435,41.99607],[-87.65431,41.99648],[-87.65444,41.99728],[-87.65443,41.99759],[-87.65453,41.99811],[-87.65521,41.99906],[-87.65562,41.99955],[-87.65601,42.00066],[-87.65599,42.0011],[-87.65645,42.00206],[-87.65686,42.00252],[-87.65698,42.0032],[-87.65729,42.00393],[-87.65727,42.00421],[-87.65683,42.00421],[-87.65731,42.00507],[-87.65742,42.00561],[-87.65738,42.00628],[-87.65584,42.00631],[-87.65535,42.00669],[-87.65646,42.00742],[-87.65698,42.008],[-87.65752,42.00845],[-87.65812,42.00905],[-87.65866,42.00954],[-87.65922,42.01024],[-87.66012,42.01098],[-87.66015,42.01124],[-87.66079,42.01175],[-87.66103,42.01205],[-87.66094,42.01224],[-87.66118,42.01259],[-87.66119,42.01277],[-87.66161,42.01329],[-87.6615,42.01347],[-87.66157,42.01373],[-87.66178,42.01404],[-87.66217,42.01499],[-87.66247,42.01543],[-87.66272,42.01619],[-87.66281,42.01665],[-87.66308,42.01684],[-87.66299,42.01709],[-87.66315,42.01717],[-87.66314,42.01772],[-87.66328,42.01777],[-87.66333,42.01815],[-87.66328,42.01843],[-87.66357,42.01863],[-87.66398,42.01907],[-87.66383,42.01936],[-87.664,42.02015],[-87.66381,42.02046],[-87.66401,42.02133],[-87.66418,42.02126],[-87.66452,42.02149],[-87.66471,42.02172],[-87.66463,42.02187],[-87.66479,42.02222],[-87.66505,42.02236],[-87.66527,42.02262],[-87.66513,42.02295],[-87.6707,42.02299],[-87.67706,42.02304],[-87.67624,42.02193],[-87.67316,42.01942],[-87.67317,42.01939],[-87.67708,42.01941],[-87.67728,42.01943],[-87.68024,42.01944],[-87.68485,42.01949],[-87.68629,42.01951],[-87.68999,42.01953],[-87.69209,42.01949],[-87.70213,42.01927],[-87.70414,42.01923],[-87.7045,42.01923],[-87.70901,42.01913],[-87.70919,42.01167],[-87.70932,42.01054],[-87.70948,42.00452],[-87.70948,42.00117],[-87.70945,41.99741],[-87.70947,41.99739],[-87.71395,41.99731],[-87.71858,41.99728],[-87.72903,41.99724],[-87.74094,41.99725],[-87.74816,41.99729],[-87.7529,41.9973],[-87.75444,41.99804],[-87.75767,41.99955],[-87.76226,42.0017],[-87.76195,42.00266],[-87.76186,42.00354],[-87.76166,42.00827],[-87.76746,42.00832],[-87.76754,42.00471],[-87.76549,42.00375],[-87.76581,42.00333],[-87.76771,42.00423],[-87.76786,42.00425],[-87.76917,42.00487],[-87.76995,42.00638],[-87.77037,42.00621],[-87.77335,42.01196],[-87.77703,42.01198],[-87.77705,42.0121],[-87.77697,42.01539],[-87.7791,42.01544],[-87.77915,42.01357],[-87.77929,42.01199],[-87.78109,42.01201],[-87.78207,42.012],[-87.78503,42.012],[-87.78872,42.012],[-87.78329,42.00564],[-87.78277,42.00508],[-87.78204,42.00448],[-87.78539,42.0029],[-87.79063,42.00041],[-87.79117,42.00098],[-87.79712,42.00094],[-87.79716,42],[-87.79946,41.99999],[-87.79966,42.00087],[-87.80107,42.00087],[-87.80108,42.00154],[-87.80529,42.0015],[-87.80531,42.00092],[-87.80539,42.00086],[-87.80676,42.00086],[-87.80662,42.01368],[-87.80655,42.01896],[-87.82121,42.01864],[-87.82123,42.01554],[-87.82007,42.01555],[-87.8201,42.01193],[-87.81973,42.01191],[-87.81975,42.01139],[-87.82125,42.01136],[-87.82127,42.00983],[-87.82132,42.00748],[-87.82131,42.00723],[-87.82135,42.00412],[-87.82137,42.00083],[-87.82138,42.00055],[-87.8214,41.99692],[-87.82181,41.99522],[-87.82216,41.99311],[-87.82283,41.98822],[-87.82334,41.98438],[-87.82337,41.98436],[-87.82811,41.98504],[-87.83501,41.98602],[-87.83503,41.98607],[-87.83638,41.98627],[-87.83658,41.98638],[-87.83747,41.98648],[-87.83892,41.98671],[-87.84174,41.98712],[-87.84669,41.98787],[-87.84671,41.98788],[-87.84953,41.9883],[-87.85058,41.98843],[-87.85199,41.98853],[-87.85386,41.98862],[-87.85483,41.98876],[-87.85583,41.98905],[-87.85568,41.98866],[-87.85554,41.98795],[-87.85558,41.98774],[-87.85587,41.98715],[-87.85636,41.98599],[-87.85647,41.98536],[-87.85664,41.98466],[-87.85664,41.98432],[-87.85623,41.98348],[-87.85597,41.9828],[-87.85578,41.98217],[-87.85578,41.9817],[-87.85588,41.9811],[-87.85628,41.98046],[-87.85846,41.97866],[-87.85938,41.97757],[-87.85997,41.97699],[-87.86067,41.97654],[-87.86124,41.976],[-87.86168,41.97535],[-87.86201,41.97431],[-87.86203,41.97386],[-87.86747,41.97373],[-87.86749,41.97399],[-87.86784,41.97398],[-87.86786,41.97381],[-87.86859,41.9738],[-87.86861,41.97405],[-87.87265,41.97396],[-87.87587,41.97388],[-87.87589,41.9739],[-87.87588,41.97658],[-87.87586,41.9766],[-87.87373,41.97666],[-87.87501,41.98022],[-87.87489,41.98025],[-87.87586,41.98294],[-87.87586,41.9857],[-87.87692,41.98568],[-87.88035,41.99523],[-87.88452,41.9951],[-87.88454,41.99512],[-87.88453,41.99819],[-87.88494,41.99829],[-87.88501,41.99847],[-87.88673,41.99886],[-87.8894,41.99939],[-87.89075,41.99961],[-87.89082,41.99957],[-87.89297,41.99991],[-87.89744,42.00053],[-87.89744,42.00155],[-87.89955,42.00148],[-87.90311,42.00342],[-87.90405,42.00356],[-87.90404,42.00397],[-87.90243,42.00403],[-87.90241,42.00361],[-87.89924,42.0019],[-87.89436,42.00206],[-87.89434,42.00217],[-87.89039,42.0023],[-87.89038,42.00283],[-87.89026,42.00285],[-87.89,42.00323],[-87.89189,42.00399],[-87.89326,42.00394],[-87.89323,42.00336],[-87.89358,42.00333],[-87.89357,42.00274],[-87.89435,42.00273],[-87.89429,42.0057],[-87.8953,42.00567],[-87.89576,42.00588],[-87.89576,42.00567],[-87.89718,42.00633],[-87.89835,42.00679],[-87.89916,42.00705],[-87.90237,42.00791],[-87.90238,42.00809],[-87.90575,42.00899],[-87.90768,42.00892],[-87.90767,42.00527],[-87.90829,42.00521],[-87.91131,42.0051],[-87.91134,42.00512],[-87.91301,42.00509],[-87.91303,42.00627],[-87.91331,42.00628],[-87.91331,42.00872],[-87.91377,42.0087],[-87.91377,42.00509],[-87.91379,42.00507],[-87.92051,42.00495],[-87.92044,42.00122],[-87.92054,42.00113],[-87.92543,42.00105],[-87.92546,42.00226],[-87.93034,42.00221],[-87.93036,42.00223],[-87.9304,42.00413],[-87.93088,42.00377],[-87.93332,42.00201],[-87.93377,42.00166],[-87.93466,42.0009],[-87.93541,42.00017],[-87.93591,41.9996],[-87.93653,41.99879],[-87.93708,41.99797],[-87.93762,41.99703],[-87.93817,41.99579],[-87.93839,41.99518],[-87.93865,41.99425],[-87.9388,41.99355],[-87.93993,41.99349],[-87.93988,41.99049],[-87.93986,41.99015],[-87.93982,41.9878],[-87.93983,41.98702],[-87.93975,41.98189],[-87.93971,41.97864],[-87.93972,41.96428],[-87.93813,41.96428],[-87.9368,41.96541],[-87.9348,41.9668],[-87.93476,41.96679],[-87.93477,41.9648],[-87.93227,41.9648],[-87.93225,41.96478],[-87.93215,41.96174],[-87.93208,41.95994],[-87.93074,41.95974],[-87.92839,41.95934],[-87.92636,41.959],[-87.92635,41.95486],[-87.92475,41.9545],[-87.92217,41.95387],[-87.92219,41.95653],[-87.92217,41.95836],[-87.92215,41.95838],[-87.92002,41.95815],[-87.92,41.95801],[-87.91679,41.95746],[-87.91578,41.95713],[-87.91523,41.95684],[-87.91504,41.95619],[-87.91489,41.95546],[-87.91477,41.95434],[-87.91475,41.95288],[-87.90378,41.95062],[-87.89288,41.95079],[-87.8929,41.95803],[-87.89288,41.95805],[-87.89026,41.9581],[-87.88563,41.95749],[-87.88561,41.95754],[-87.88385,41.9573],[-87.88381,41.95736],[-87.88163,41.95711],[-87.88079,41.9572],[-87.88084,41.9655],[-87.88079,41.96918],[-87.88077,41.97284],[-87.88075,41.97286],[-87.86989,41.97312],[-87.86883,41.97317],[-87.86848,41.97316],[-87.86192,41.97332],[-87.8617,41.97299],[-87.86134,41.97261],[-87.86043,41.97193],[-87.85975,41.9716],[-87.85903,41.97143],[-87.85868,41.97147],[-87.85783,41.97197],[-87.85746,41.97215],[-87.85659,41.97246],[-87.85584,41.97259],[-87.85516,41.97246],[-87.8546,41.97204],[-87.85427,41.97162],[-87.85414,41.97117],[-87.85417,41.97078],[-87.85432,41.9703],[-87.85478,41.96943],[-87.85503,41.96871],[-87.85498,41.96793],[-87.85478,41.9672],[-87.85477,41.96691],[-87.85497,41.96595],[-87.8553,41.96512],[-87.85551,41.96446],[-87.85568,41.96284],[-87.85582,41.96241],[-87.8563,41.96159],[-87.85703,41.9602],[-87.85742,41.95956],[-87.85758,41.95919],[-87.85813,41.95834],[-87.85868,41.95761],[-87.85876,41.95742],[-87.85877,41.95693],[-87.85859,41.95614],[-87.85825,41.95558],[-87.85808,41.95544],[-87.84663,41.95569],[-87.8466,41.95567],[-87.84662,41.95179],[-87.84663,41.95164],[-87.85407,41.95145],[-87.85425,41.95092],[-87.85494,41.94948],[-87.85501,41.94894],[-87.855,41.9482],[-87.85487,41.9478],[-87.85408,41.94656],[-87.85382,41.94584],[-87.85358,41.94504],[-87.85326,41.94376],[-87.85301,41.94335],[-87.8531,41.94288],[-87.85308,41.9426],[-87.85253,41.94126],[-87.85227,41.94041],[-87.85211,41.93979],[-87.85181,41.93917],[-87.85141,41.9387],[-87.85066,41.93808],[-87.85019,41.93775],[-87.84962,41.93729],[-87.84445,41.9374],[-87.84261,41.93743],[-87.83542,41.93757],[-87.83481,41.93758],[-87.83479,41.93769],[-87.83479,41.93775],[-87.8349,41.94028],[-87.83497,41.9415],[-87.83499,41.94202],[-87.835,41.9423],[-87.83507,41.94417],[-87.83508,41.94432],[-87.83518,41.94479],[-87.83641,41.94476],[-87.83643,41.94477],[-87.83643,41.94478],[-87.83658,41.949],[-87.83663,41.95022],[-87.83666,41.95188],[-87.83669,41.95405],[-87.83669,41.95567],[-87.83667,41.95783],[-87.8367,41.95936],[-87.83668,41.9666],[-87.84428,41.96646],[-87.84655,41.96641],[-87.84654,41.9682],[-87.84656,41.96955],[-87.84653,41.97187],[-87.84651,41.97189],[-87.8416,41.97197],[-87.84158,41.97195],[-87.84159,41.97014],[-87.83665,41.97023],[-87.83665,41.97137],[-87.83795,41.97137],[-87.83793,41.97384],[-87.84153,41.97379],[-87.84154,41.97469],[-87.83663,41.97477],[-87.83663,41.97529],[-87.83644,41.97532],[-87.83365,41.97537],[-87.83363,41.97491],[-87.83341,41.9749],[-87.83342,41.97392],[-87.83174,41.97395],[-87.83173,41.97306],[-87.82674,41.97314],[-87.82672,41.97403],[-87.81942,41.97422],[-87.81943,41.97322],[-87.81897,41.9732],[-87.81899,41.97061],[-87.81695,41.97066],[-87.81692,41.97391],[-87.8169,41.97429],[-87.80729,41.97454],[-87.80707,41.97452],[-87.80706,41.9732],[-87.80712,41.9697],[-87.80716,41.96827],[-87.80254,41.9683],[-87.80252,41.96875],[-87.8024,41.96878],[-87.79758,41.9688],[-87.78812,41.96889],[-87.78801,41.96887],[-87.78801,41.96841],[-87.78693,41.96843],[-87.78419,41.96846],[-87.78195,41.96849],[-87.77964,41.96852],[-87.77933,41.96852],[-87.77855,41.96853],[-87.77761,41.96854],[-87.77732,41.96854],[-87.77719,41.96855],[-87.77711,41.96855],[-87.7759,41.96858],[-87.7721,41.96863],[-87.77099,41.96864],[-87.7698,41.96866],[-87.76821,41.96868],[-87.76791,41.96868],[-87.76752,41.96869],[-87.76751,41.96868],[-87.7675,41.96867],[-87.76748,41.96792],[-87.76748,41.96778],[-87.76626,41.9678],[-87.76548,41.96781],[-87.76502,41.9678],[-87.7638,41.96774],[-87.76279,41.96768],[-87.76261,41.96767],[-87.76205,41.96763],[-87.76136,41.96759],[-87.76128,41.96763],[-87.7611,41.96771],[-87.76075,41.96788],[-87.76062,41.96787],[-87.75986,41.96788],[-87.75927,41.96789],[-87.75822,41.9679],[-87.75734,41.96791],[-87.75722,41.96791],[-87.75694,41.96791],[-87.75619,41.96792],[-87.75559,41.96793],[-87.75025,41.968],[-87.74786,41.96803],[-87.74763,41.96803],[-87.74703,41.96804],[-87.74654,41.96804],[-87.74651,41.96804],[-87.74407,41.96807],[-87.74379,41.96807],[-87.74081,41.9681],[-87.73944,41.96812],[-87.73918,41.96812],[-87.73898,41.96812],[-87.73857,41.96813],[-87.73821,41.96813],[-87.73803,41.96813],[-87.73792,41.96813],[-87.73791,41.96813],[-87.7379,41.96811],[-87.7379,41.96796],[-87.73785,41.96654],[-87.73776,41.96648],[-87.73736,41.9662],[-87.73673,41.96576],[-87.73578,41.96511],[-87.72969,41.96093],[-87.72843,41.96094],[-87.72783,41.96095],[-87.7267,41.96096],[-87.7266,41.96096],[-87.72416,41.96099],[-87.72293,41.96101],[-87.7217,41.96102],[-87.72049,41.96104],[-87.71926,41.96105],[-87.71886,41.96106],[-87.71191,41.96114],[-87.70959,41.96117],[-87.70913,41.96118],[-87.70873,41.96118],[-87.70846,41.96119],[-87.70496,41.96121],[-87.70242,41.96123],[-87.70196,41.96123],[-87.70162,41.96123],[-87.70114,41.96123],[-87.70091,41.96123],[-87.70069,41.96123],[-87.69814,41.96125],[-87.69775,41.96125],[-87.69745,41.96126],[-87.69724,41.96126],[-87.69673,41.96126],[-87.69625,41.96126],[-87.69617,41.96126],[-87.69576,41.96127],[-87.69558,41.96127],[-87.6952,41.96127],[-87.69475,41.96127],[-87.69401,41.96128],[-87.69235,41.96129],[-87.69113,41.9613],[-87.68991,41.9613],[-87.68868,41.96131],[-87.68633,41.96134],[-87.67979,41.96145],[-87.6796,41.96145],[-87.67896,41.96146],[-87.676,41.9615],[-87.67508,41.96151],[-87.67418,41.96152],[-87.67398,41.96153],[-87.6732,41.96154],[-87.67164,41.96156],[-87.67162,41.96156],[-87.6686,41.9616],[-87.66773,41.96161],[-87.6675,41.96162],[-87.66714,41.96162],[-87.66695,41.96162],[-87.66683,41.96162],[-87.66632,41.96163],[-87.66616,41.96163],[-87.66597,41.96163],[-87.66596,41.96163],[-87.66595,41.96163],[-87.66595,41.96162],[-87.66591,41.96147],[-87.66558,41.96065],[-87.66545,41.9603],[-87.66508,41.95938],[-87.66451,41.95803],[-87.66329,41.95606],[-87.66288,41.95538],[-87.66225,41.95438],[-87.66132,41.95439],[-87.65964,41.95442],[-87.65929,41.95442],[-87.65677,41.95445],[-87.65668,41.95445],[-87.65614,41.95446],[-87.65454,41.95449],[-87.65382,41.9545],[-87.65228,41.95452],[-87.6497,41.95456],[-87.648,41.95459],[-87.64482,41.95465],[-87.64446,41.95466],[-87.64419,41.95466],[-87.64411,41.95466]],[[-87.83453,41.98115],[-87.83509,41.98117],[-87.83507,41.98265],[-87.8336,41.98267],[-87.83358,41.98355],[-87.83321,41.98357],[-87.83303,41.9838],[-87.82813,41.98387],[-87.82811,41.98385],[-87.82814,41.98192],[-87.82527,41.98196],[-87.82528,41.98307],[-87.82354,41.98309],[-87.82364,41.98214],[-87.82442,41.97609],[-87.82455,41.97607],[-87.8336,41.97592],[-87.8336,41.97689],[-87.8296,41.97696],[-87.82961,41.97734],[-87.83002,41.97733],[-87.83005,41.97804],[-87.82971,41.97813],[-87.8297,41.97842],[-87.82864,41.97844],[-87.82868,41.97912],[-87.82808,41.97912],[-87.82808,41.97929],[-87.8287,41.97931],[-87.82869,41.98033],[-87.82886,41.9806],[-87.83508,41.9805],[-87.83508,41.98084],[-87.83436,41.98085],[-87.83435,41.98116],[-87.83453,41.98115]]],[[[-87.93529,42.00815],[-87.93517,42.00333],[-87.93509,42.00094],[-87.93433,42.0017],[-87.93389,42.00197],[-87.9343,42.00198],[-87.93437,42.00496],[-87.93361,42.00488],[-87.93348,42.00542],[-87.93351,42.00566],[-87.93356,42.00802],[-87.93358,42.00817],[-87.93529,42.00815]]],[[[-87.94011,42.00079],[-87.94002,41.99811],[-87.93708,41.99859],[-87.93633,41.9996],[-87.9359,42.0001],[-87.93514,42.00089],[-87.94011,42.00079]]]]},"properties":{"name":"Far North Side","info":"From Rogers Park and Edgewater on the lake out to O'Hare.","lp":[-87.68248,41.98952]}},
{"type":"Feature","geometry":{"type":"Polygon","coordinates":[[[-87.78195,41.96849],[-87.78419,41.96846],[-87.78677,41.96843],[-87.78675,41.96832],[-87.78676,41.96763],[-87.78674,41.96734],[-87.78678,41.96348],[-87.78705,41.9633],[-87.78689,41.96269],[-87.78681,41.96024],[-87.78815,41.96018],[-87.7918,41.96012],[-87.7942,41.96006],[-87.79473,41.95987],[-87.80013,41.95728],[-87.80013,41.9571],[-87.8073,41.95368],[-87.80727,41.95279],[-87.8103,41.95269],[-87.81106,41.95268],[-87.82171,41.95242],[-87.83177,41.95216],[-87.83183,41.95404],[-87.83182,41.95567],[-87.83209,41.95707],[-87.8326,41.95908],[-87.83268,41.95944],[-87.8367,41.95936],[-87.83667,41.95783],[-87.83669,41.95567],[-87.83669,41.95405],[-87.83666,41.95188],[-87.83663,41.95022],[-87.83658,41.949],[-87.83649,41.94622],[-87.83644,41.94495],[-87.83643,41.94476],[-87.83519,41.94479],[-87.83508,41.94432],[-87.83507,41.94417],[-87.83503,41.94314],[-87.835,41.9423],[-87.83497,41.9415],[-87.83495,41.9412],[-87.83494,41.94095],[-87.8349,41.94028],[-87.8348,41.93775],[-87.8348,41.93769],[-87.83481,41.93758],[-87.83321,41.93762],[-87.82657,41.93775],[-87.82594,41.93775],[-87.81664,41.93793],[-87.81652,41.93792],[-87.81639,41.93431],[-87.80714,41.93451],[-87.80662,41.93449],[-87.80657,41.93304],[-87.80634,41.92642],[-87.80631,41.92555],[-87.80627,41.92464],[-87.80624,41.92359],[-87.80623,41.92346],[-87.80623,41.92337],[-87.80606,41.92332],[-87.8058,41.92326],[-87.80559,41.92321],[-87.80528,41.92312],[-87.80501,41.92305],[-87.80473,41.92298],[-87.80446,41.9229],[-87.80439,41.92287],[-87.80429,41.92284],[-87.80402,41.92276],[-87.80379,41.92268],[-87.80352,41.92258],[-87.80327,41.9225],[-87.80253,41.92224],[-87.80073,41.92158],[-87.79629,41.91997],[-87.79513,41.91954],[-87.79511,41.91944],[-87.79387,41.91899],[-87.79258,41.91852],[-87.79152,41.91813],[-87.78942,41.91751],[-87.78927,41.91743],[-87.78896,41.9173],[-87.78888,41.91727],[-87.78873,41.91722],[-87.78863,41.91718],[-87.78816,41.91701],[-87.78783,41.9169],[-87.78761,41.91683],[-87.78742,41.91677],[-87.78723,41.91672],[-87.78703,41.91667],[-87.78684,41.91663],[-87.78664,41.91659],[-87.78644,41.91656],[-87.78621,41.91653],[-87.78601,41.9165],[-87.78523,41.91645],[-87.7849,41.91645],[-87.78439,41.91645],[-87.78398,41.91646],[-87.78175,41.91649],[-87.78028,41.91652],[-87.76636,41.91672],[-87.76523,41.91671],[-87.76462,41.91668],[-87.76381,41.91663],[-87.76289,41.91653],[-87.76279,41.91652],[-87.76213,41.91644],[-87.76146,41.91636],[-87.76108,41.91631],[-87.76082,41.91628],[-87.76027,41.91621],[-87.75925,41.91609],[-87.75909,41.91606],[-87.75751,41.91576],[-87.7562,41.91547],[-87.75588,41.9154],[-87.75589,41.91547],[-87.75588,41.91549],[-87.75587,41.91549],[-87.75509,41.91547],[-87.75492,41.91545],[-87.75452,41.9154],[-87.75412,41.91535],[-87.75372,41.9153],[-87.75334,41.91526],[-87.75302,41.91522],[-87.75285,41.9152],[-87.75274,41.91518],[-87.75263,41.91517],[-87.75195,41.91509],[-87.75152,41.91503],[-87.75065,41.91493],[-87.75024,41.91488],[-87.74979,41.91482],[-87.74937,41.91477],[-87.74908,41.91474],[-87.74874,41.91469],[-87.74862,41.91468],[-87.74846,41.91466],[-87.7484,41.91465],[-87.7483,41.91464],[-87.74805,41.91461],[-87.74772,41.91457],[-87.74752,41.91455],[-87.74735,41.91453],[-87.74702,41.91452],[-87.74601,41.91439],[-87.74601,41.91445],[-87.746,41.91446],[-87.74599,41.91447],[-87.74585,41.91445],[-87.74563,41.91442],[-87.74502,41.91435],[-87.74454,41.91429],[-87.74273,41.91407],[-87.74218,41.914],[-87.74167,41.91394],[-87.74134,41.9139],[-87.74133,41.9139],[-87.74103,41.91382],[-87.74026,41.91373],[-87.73941,41.91363],[-87.73872,41.91355],[-87.73871,41.91355],[-87.73847,41.91353],[-87.73831,41.91352],[-87.73801,41.9135],[-87.73771,41.91349],[-87.73735,41.91347],[-87.73704,41.91347],[-87.73672,41.91347],[-87.73641,41.91347],[-87.73551,41.91348],[-87.735,41.91349],[-87.72645,41.91359],[-87.72624,41.91359],[-87.72575,41.91359],[-87.72557,41.91359],[-87.72524,41.91359],[-87.72503,41.91359],[-87.7247,41.91358],[-87.72419,41.91358],[-87.72396,41.91362],[-87.7236,41.91362],[-87.72235,41.91364],[-87.72261,41.91422],[-87.72292,41.91489],[-87.72301,41.9151],[-87.72313,41.91536],[-87.72406,41.91539],[-87.72411,41.91687],[-87.72402,41.9172],[-87.72391,41.9172],[-87.72406,41.91743],[-87.72438,41.91805],[-87.72441,41.91811],[-87.72469,41.91866],[-87.7247,41.91866],[-87.72488,41.91902],[-87.72495,41.91902],[-87.72561,41.91901],[-87.72638,41.919],[-87.7266,41.91899],[-87.7266,41.919],[-87.72661,41.919],[-87.72662,41.91901],[-87.72663,41.91945],[-87.72664,41.91991],[-87.72667,41.92082],[-87.72669,41.92172],[-87.7267,41.92188],[-87.72673,41.92197],[-87.72673,41.92198],[-87.72687,41.92224],[-87.72706,41.92262],[-87.72683,41.92265],[-87.72678,41.92265],[-87.72658,41.92265],[-87.72644,41.92265],[-87.72659,41.92297],[-87.72669,41.92314],[-87.72674,41.92331],[-87.72676,41.92428],[-87.72677,41.92448],[-87.72713,41.92448],[-87.72769,41.92447],[-87.72771,41.92448],[-87.72786,41.92478],[-87.72901,41.927],[-87.72939,41.92773],[-87.72957,41.92808],[-87.73136,41.93153],[-87.73175,41.93229],[-87.73177,41.93233],[-87.73215,41.93307],[-87.7324,41.93356],[-87.73256,41.93386],[-87.73498,41.93854],[-87.73519,41.93899],[-87.73402,41.939],[-87.73204,41.93903],[-87.7278,41.93909],[-87.72719,41.9391],[-87.72719,41.93935],[-87.7272,41.93977],[-87.72721,41.94014],[-87.72723,41.9408],[-87.72724,41.94088],[-87.72725,41.94117],[-87.72726,41.94145],[-87.72727,41.94179],[-87.72728,41.94242],[-87.7273,41.943],[-87.72732,41.94371],[-87.72733,41.94398],[-87.72734,41.94456],[-87.72735,41.9448],[-87.72738,41.94581],[-87.72739,41.94618],[-87.7274,41.94635],[-87.7274,41.94636],[-87.72739,41.94637],[-87.72738,41.94637],[-87.72679,41.94638],[-87.72598,41.94639],[-87.72383,41.94642],[-87.72364,41.94642],[-87.72251,41.94644],[-87.72006,41.94647],[-87.71977,41.94647],[-87.71898,41.94649],[-87.71852,41.94649],[-87.71837,41.94649],[-87.71796,41.9465],[-87.7161,41.94652],[-87.71471,41.94653],[-87.7146,41.94653],[-87.71271,41.94657],[-87.71211,41.94658],[-87.7115,41.94658],[-87.71135,41.94659],[-87.71051,41.94659],[-87.70983,41.9466],[-87.70782,41.94663],[-87.70721,41.94664],[-87.70567,41.94664],[-87.70492,41.94665],[-87.70451,41.94665],[-87.70354,41.94665],[-87.70343,41.94665],[-87.70293,41.94665],[-87.7025,41.94665],[-87.70221,41.94665],[-87.70171,41.94665],[-87.70048,41.94666],[-87.69803,41.94668],[-87.6962,41.9467],[-87.69622,41.94702],[-87.69625,41.94715],[-87.69625,41.94718],[-87.69627,41.94723],[-87.69629,41.94729],[-87.6963,41.94734],[-87.69631,41.94738],[-87.69632,41.94742],[-87.69632,41.94745],[-87.69632,41.94749],[-87.69633,41.94757],[-87.69634,41.94761],[-87.69635,41.94767],[-87.69637,41.94774],[-87.69641,41.94782],[-87.69647,41.94795],[-87.69668,41.94891],[-87.69675,41.94936],[-87.69678,41.94946],[-87.69679,41.94952],[-87.69679,41.94956],[-87.6968,41.9496],[-87.69681,41.94965],[-87.69683,41.94969],[-87.69685,41.94987],[-87.69685,41.94992],[-87.69686,41.95001],[-87.6968,41.95035],[-87.6964,41.95103],[-87.69582,41.95209],[-87.6955,41.95261],[-87.6954,41.95271],[-87.69507,41.95311],[-87.69479,41.95348],[-87.69465,41.95368],[-87.69461,41.95376],[-87.69458,41.95381],[-87.69457,41.95386],[-87.69455,41.95394],[-87.69453,41.95405],[-87.69448,41.95453],[-87.69446,41.95458],[-87.69445,41.95461],[-87.69444,41.95466],[-87.69444,41.95471],[-87.69444,41.95477],[-87.69445,41.95482],[-87.69445,41.95483],[-87.69444,41.95489],[-87.69444,41.95494],[-87.69444,41.95502],[-87.69447,41.95506],[-87.69446,41.95537],[-87.69439,41.95588],[-87.69435,41.95764],[-87.69444,41.95851],[-87.69446,41.95862],[-87.69447,41.95871],[-87.69448,41.95877],[-87.6945,41.95883],[-87.69453,41.95899],[-87.69455,41.95904],[-87.69457,41.95911],[-87.69458,41.9592],[-87.6946,41.95939],[-87.6946,41.95944],[-87.69459,41.95956],[-87.69459,41.95964],[-87.6946,41.95974],[-87.69466,41.96005],[-87.69467,41.96024],[-87.69468,41.96037],[-87.69467,41.96056],[-87.6947,41.9611],[-87.69471,41.96115],[-87.69471,41.96116],[-87.69472,41.96121],[-87.69473,41.96121],[-87.69475,41.96127],[-87.6952,41.96127],[-87.69558,41.96127],[-87.69576,41.96127],[-87.69617,41.96126],[-87.69625,41.96126],[-87.69633,41.96126],[-87.69641,41.96126],[-87.69673,41.96126],[-87.69724,41.96126],[-87.69745,41.96126],[-87.69814,41.96125],[-87.69896,41.96125],[-87.69944,41.96124],[-87.70016,41.96124],[-87.70032,41.96124],[-87.70069,41.96123],[-87.70496,41.96121],[-87.70651,41.9612],[-87.70716,41.96119],[-87.70763,41.96119],[-87.70825,41.96119],[-87.70846,41.96119],[-87.71191,41.96114],[-87.71886,41.96106],[-87.71926,41.96105],[-87.72049,41.96104],[-87.7217,41.96102],[-87.72293,41.96101],[-87.72416,41.96099],[-87.7266,41.96096],[-87.7267,41.96096],[-87.72783,41.96095],[-87.72843,41.96094],[-87.7297,41.96093],[-87.73578,41.96511],[-87.73673,41.96576],[-87.73736,41.9662],[-87.73752,41.96631],[-87.73776,41.96648],[-87.73784,41.96653],[-87.73785,41.96655],[-87.7379,41.96813],[-87.73803,41.96813],[-87.73821,41.96813],[-87.73857,41.96813],[-87.73898,41.96812],[-87.73918,41.96812],[-87.73944,41.96812],[-87.74081,41.9681],[-87.74379,41.96807],[-87.74407,41.96807],[-87.74651,41.96804],[-87.74654,41.96804],[-87.74703,41.96804],[-87.74763,41.96803],[-87.74786,41.96803],[-87.75025,41.968],[-87.75559,41.96793],[-87.75619,41.96792],[-87.75694,41.96791],[-87.75722,41.96791],[-87.75734,41.96791],[-87.75822,41.9679],[-87.75927,41.96789],[-87.75986,41.96788],[-87.76062,41.96787],[-87.76075,41.96788],[-87.7611,41.96771],[-87.76128,41.96763],[-87.76136,41.9676],[-87.7638,41.96774],[-87.76502,41.9678],[-87.76548,41.96781],[-87.76626,41.9678],[-87.76746,41.96778],[-87.76747,41.96779],[-87.76748,41.9678],[-87.76748,41.96792],[-87.76749,41.96811],[-87.7675,41.9686],[-87.7675,41.96869],[-87.76751,41.96869],[-87.76791,41.96868],[-87.76821,41.96868],[-87.7698,41.96866],[-87.77099,41.96864],[-87.7721,41.96863],[-87.7759,41.96858],[-87.77711,41.96855],[-87.77719,41.96855],[-87.77732,41.96854],[-87.77964,41.96852],[-87.78056,41.9685],[-87.78195,41.96849]]]},"properties":{"name":"Northwest Side","info":"Bungalow belt neighbourhoods around Portage Park and Belmont Cragin.","lp":[-87.76061,41.94205]}},
{"type":"Feature","geometry":{"type":"Polygon","coordinates":[[[-87.73519,41.93899],[-87.73522,41.93899],[-87.73498,41.93854],[-87.73293,41.93458],[-87.73256,41.93386],[-87.7324,41.93356],[-87.73215,41.93307],[-87.73175,41.93229],[-87.73136,41.93153],[-87.72957,41.92808],[-87.72901,41.927],[-87.7283,41.92563],[-87.72786,41.92478],[-87.7277,41.92447],[-87.72767,41.92447],[-87.72713,41.92448],[-87.72679,41.92448],[-87.72677,41.92448],[-87.72677,41.92447],[-87.72677,41.92446],[-87.72676,41.92428],[-87.72675,41.92385],[-87.72674,41.92331],[-87.72669,41.92314],[-87.72646,41.92268],[-87.72645,41.92267],[-87.72646,41.92265],[-87.72647,41.92265],[-87.72678,41.92265],[-87.72683,41.92265],[-87.72707,41.92264],[-87.72687,41.92224],[-87.72673,41.92198],[-87.72673,41.92197],[-87.7267,41.92188],[-87.72667,41.92082],[-87.72664,41.91991],[-87.72663,41.91945],[-87.72662,41.91919],[-87.72662,41.91899],[-87.72661,41.91899],[-87.72638,41.919],[-87.72489,41.91902],[-87.72488,41.91902],[-87.72487,41.91901],[-87.72469,41.91866],[-87.72441,41.91811],[-87.72438,41.91805],[-87.72432,41.91794],[-87.72406,41.91743],[-87.72402,41.9172],[-87.72422,41.9172],[-87.72411,41.91688],[-87.72406,41.91537],[-87.72313,41.91536],[-87.72301,41.9151],[-87.72292,41.91489],[-87.72261,41.91422],[-87.72235,41.91364],[-87.72155,41.91366],[-87.72145,41.91367],[-87.72111,41.91365],[-87.721,41.91365],[-87.71968,41.91366],[-87.71919,41.91367],[-87.71911,41.91367],[-87.71888,41.91367],[-87.71856,41.91367],[-87.71825,41.91366],[-87.71788,41.91364],[-87.71668,41.91364],[-87.71666,41.91355],[-87.71625,41.91355],[-87.71592,41.91356],[-87.71515,41.91357],[-87.71489,41.91357],[-87.71028,41.91363],[-87.70936,41.91364],[-87.70773,41.91366],[-87.70703,41.91366],[-87.70686,41.91372],[-87.70684,41.91377],[-87.70668,41.91378],[-87.70583,41.91378],[-87.70517,41.91379],[-87.70503,41.91379],[-87.70384,41.9138],[-87.70334,41.91381],[-87.70246,41.91382],[-87.70233,41.91382],[-87.70233,41.91388],[-87.70231,41.91392],[-87.70047,41.91393],[-87.69919,41.91394],[-87.69864,41.91395],[-87.69761,41.914],[-87.69712,41.914],[-87.69711,41.914],[-87.6971,41.914],[-87.6971,41.91398],[-87.69709,41.91391],[-87.6968,41.91391],[-87.69665,41.91391],[-87.6963,41.91391],[-87.69587,41.91392],[-87.69403,41.91394],[-87.68976,41.91397],[-87.68868,41.91398],[-87.68854,41.91398],[-87.68732,41.91399],[-87.68404,41.91404],[-87.68316,41.91406],[-87.68315,41.91406],[-87.68303,41.91398],[-87.68265,41.91373],[-87.68242,41.91358],[-87.68243,41.91403],[-87.68243,41.91411],[-87.68244,41.91442],[-87.68245,41.9146],[-87.68244,41.91461],[-87.68243,41.91462],[-87.68192,41.91463],[-87.67758,41.91472],[-87.67755,41.91423],[-87.67754,41.91417],[-87.67633,41.91418],[-87.67572,41.9142],[-87.67511,41.9142],[-87.67389,41.91423],[-87.67267,41.91425],[-87.67145,41.91427],[-87.67084,41.91428],[-87.67023,41.91429],[-87.66901,41.91425],[-87.66788,41.91428],[-87.6678,41.9143],[-87.6676,41.91428],[-87.66744,41.91428],[-87.66737,41.91429],[-87.66723,41.9143],[-87.66709,41.91431],[-87.66701,41.91432],[-87.66681,41.91434],[-87.66658,41.91439],[-87.66649,41.91442],[-87.6664,41.91444],[-87.66621,41.91448],[-87.66621,41.91449],[-87.66612,41.91451],[-87.66603,41.91454],[-87.66594,41.91457],[-87.66594,41.91458],[-87.66583,41.91462],[-87.66536,41.91483],[-87.66525,41.91489],[-87.66512,41.91493],[-87.66485,41.91505],[-87.66418,41.91534],[-87.66381,41.9155],[-87.66363,41.91561],[-87.66362,41.91561],[-87.66361,41.91561],[-87.66303,41.91549],[-87.66287,41.91554],[-87.66279,41.91557],[-87.66269,41.91558],[-87.66265,41.91559],[-87.66245,41.91569],[-87.66207,41.91592],[-87.66178,41.91601],[-87.66133,41.91618],[-87.66117,41.91618],[-87.66093,41.91612],[-87.66074,41.91597],[-87.66027,41.91571],[-87.65987,41.91545],[-87.65924,41.91515],[-87.65865,41.91471],[-87.65831,41.91436],[-87.65808,41.91411],[-87.65786,41.91381],[-87.65772,41.91342],[-87.6576,41.91281],[-87.65746,41.91248],[-87.65712,41.91157],[-87.65706,41.91143],[-87.65701,41.91127],[-87.65693,41.91108],[-87.65693,41.91107],[-87.65686,41.91078],[-87.6563,41.91079],[-87.65337,41.91084],[-87.65311,41.91084],[-87.6495,41.9109],[-87.64759,41.91093],[-87.6469,41.91094],[-87.64541,41.91096],[-87.64436,41.91099],[-87.64362,41.911],[-87.64306,41.91104],[-87.64102,41.91108],[-87.64043,41.91109],[-87.63859,41.91111],[-87.63762,41.91113],[-87.6357,41.91115],[-87.63471,41.91116],[-87.63315,41.91116],[-87.63247,41.91116],[-87.63168,41.91118],[-87.63127,41.9112],[-87.63094,41.91119],[-87.62783,41.91124],[-87.6271,41.91126],[-87.6269,41.91131],[-87.62687,41.91134],[-87.62686,41.91134],[-87.62683,41.91137],[-87.62679,41.91141],[-87.62676,41.91144],[-87.62674,41.91147],[-87.62659,41.91165],[-87.6264,41.91137],[-87.62632,41.91138],[-87.62618,41.9114],[-87.626,41.91142],[-87.62573,41.91145],[-87.62563,41.91146],[-87.62471,41.91156],[-87.62447,41.91157],[-87.62446,41.91157],[-87.62329,41.91247],[-87.62303,41.91263],[-87.62232,41.91286],[-87.62126,41.913],[-87.62078,41.91318],[-87.62044,41.91349],[-87.62059,41.91379],[-87.62116,41.91359],[-87.62173,41.91353],[-87.62243,41.91357],[-87.62327,41.91381],[-87.62402,41.91418],[-87.62501,41.91483],[-87.6258,41.91553],[-87.62629,41.91576],[-87.62679,41.9163],[-87.62669,41.91644],[-87.62708,41.91684],[-87.62758,41.91721],[-87.62791,41.9176],[-87.62734,41.91801],[-87.62749,41.91822],[-87.62789,41.91853],[-87.6284,41.91914],[-87.62794,41.91951],[-87.62843,41.91998],[-87.62868,41.92029],[-87.62892,41.92073],[-87.62876,41.92086],[-87.6277,41.92136],[-87.62776,41.9214],[-87.62852,41.92104],[-87.62868,41.92129],[-87.62943,41.92228],[-87.62899,41.92276],[-87.6299,41.92348],[-87.63008,41.92404],[-87.63019,41.92468],[-87.63027,41.92575],[-87.62988,41.92616],[-87.62963,41.92622],[-87.6296,41.92658],[-87.62979,41.92708],[-87.63033,41.92763],[-87.63059,41.92801],[-87.6304,41.92808],[-87.63069,41.9286],[-87.63091,41.92932],[-87.631,41.9299],[-87.63097,41.93069],[-87.63067,41.93177],[-87.63085,41.93217],[-87.63128,41.93242],[-87.6318,41.93244],[-87.6314,41.93269],[-87.63136,41.93297],[-87.63077,41.93301],[-87.63053,41.93322],[-87.63044,41.93367],[-87.6307,41.93391],[-87.63145,41.93481],[-87.63172,41.93519],[-87.6321,41.93584],[-87.63219,41.93648],[-87.63242,41.93716],[-87.63236,41.93738],[-87.63298,41.93807],[-87.63317,41.93843],[-87.63355,41.93936],[-87.63386,41.94038],[-87.63385,41.94134],[-87.634,41.94162],[-87.63432,41.94173],[-87.6347,41.94141],[-87.63476,41.94075],[-87.63499,41.94015],[-87.6355,41.93971],[-87.63584,41.93978],[-87.63647,41.93974],[-87.63681,41.93978],[-87.63673,41.94023],[-87.63695,41.94026],[-87.63712,41.93983],[-87.63821,41.94107],[-87.6384,41.94143],[-87.63843,41.94212],[-87.63851,41.94251],[-87.63885,41.94311],[-87.63933,41.94352],[-87.63959,41.9436],[-87.64048,41.94487],[-87.64041,41.94524],[-87.64014,41.94536],[-87.64019,41.94553],[-87.64002,41.94588],[-87.6401,41.94601],[-87.64136,41.94704],[-87.64189,41.94753],[-87.64213,41.94785],[-87.64187,41.948],[-87.64143,41.94781],[-87.64103,41.94755],[-87.64027,41.9467],[-87.64026,41.94652],[-87.63964,41.94633],[-87.63889,41.94631],[-87.6387,41.9462],[-87.63742,41.94582],[-87.63731,41.94575],[-87.63683,41.94506],[-87.63696,41.9449],[-87.63618,41.94324],[-87.6359,41.94297],[-87.63549,41.9429],[-87.63469,41.94321],[-87.63427,41.94311],[-87.63406,41.94292],[-87.63388,41.94239],[-87.63364,41.94218],[-87.63316,41.94221],[-87.633,41.94248],[-87.63316,41.94274],[-87.63471,41.94414],[-87.63515,41.94458],[-87.63625,41.94576],[-87.63688,41.94656],[-87.63755,41.94743],[-87.63791,41.94801],[-87.63845,41.94904],[-87.6392,41.95063],[-87.64022,41.95289],[-87.64049,41.9536],[-87.6406,41.95362],[-87.64102,41.9548],[-87.644,41.95465],[-87.64411,41.95466],[-87.64419,41.95466],[-87.64446,41.95466],[-87.64482,41.95465],[-87.648,41.95459],[-87.6497,41.95456],[-87.65228,41.95452],[-87.65382,41.9545],[-87.65454,41.95449],[-87.65614,41.95446],[-87.65668,41.95445],[-87.65677,41.95445],[-87.65929,41.95442],[-87.65964,41.95442],[-87.66224,41.95438],[-87.66226,41.95439],[-87.66329,41.95606],[-87.66451,41.95803],[-87.66508,41.95938],[-87.66545,41.9603],[-87.66595,41.96163],[-87.66616,41.96163],[-87.66632,41.96163],[-87.66683,41.96162],[-87.66714,41.96162],[-87.6675,41.96162],[-87.66773,41.96161],[-87.6686,41.9616],[-87.67162,41.96156],[-87.67164,41.96156],[-87.6732,41.96154],[-87.67398,41.96153],[-87.67418,41.96152],[-87.67508,41.96151],[-87.676,41.9615],[-87.67896,41.96146],[-87.6796,41.96145],[-87.67979,41.96145],[-87.68633,41.96134],[-87.68868,41.96131],[-87.68991,41.9613],[-87.69113,41.9613],[-87.69235,41.96129],[-87.69475,41.96127],[-87.69473,41.96121],[-87.69472,41.96121],[-87.69471,41.96116],[-87.6947,41.9611],[-87.69467,41.96056],[-87.69468,41.96037],[-87.69466,41.96005],[-87.69464,41.95995],[-87.6946,41.95974],[-87.69459,41.95964],[-87.69459,41.95956],[-87.6946,41.95944],[-87.6946,41.95939],[-87.69459,41.95932],[-87.69458,41.9592],[-87.69457,41.95911],[-87.69455,41.95904],[-87.69453,41.95899],[-87.69452,41.95889],[-87.6945,41.95883],[-87.69448,41.95877],[-87.69447,41.95871],[-87.69446,41.95862],[-87.69444,41.95851],[-87.69435,41.95764],[-87.69439,41.95588],[-87.69447,41.95537],[-87.69447,41.95505],[-87.69444,41.95502],[-87.69444,41.95494],[-87.69444,41.95489],[-87.69445,41.95483],[-87.69444,41.95466],[-87.69445,41.95461],[-87.69446,41.95458],[-87.69448,41.95453],[-87.69453,41.95405],[-87.69455,41.95394],[-87.69461,41.95376],[-87.69465,41.95368],[-87.69479,41.95348],[-87.69507,41.95311],[-87.6955,41.95261],[-87.69582,41.95209],[-87.6964,41.95103],[-87.6968,41.95035],[-87.69684,41.95024],[-87.69686,41.95001],[-87.69685,41.94992],[-87.69685,41.94987],[-87.69684,41.94975],[-87.69683,41.94969],[-87.69681,41.94965],[-87.6968,41.9496],[-87.69679,41.94956],[-87.69679,41.94952],[-87.69678,41.94946],[-87.69676,41.94936],[-87.69675,41.94928],[-87.69668,41.94891],[-87.69647,41.94795],[-87.69641,41.94782],[-87.69637,41.94774],[-87.69635,41.94767],[-87.69634,41.94761],[-87.69633,41.94757],[-87.69632,41.94749],[-87.69632,41.94745],[-87.69632,41.94742],[-87.69631,41.94738],[-87.6963,41.94734],[-87.69629,41.94729],[-87.69627,41.94723],[-87.69626,41.94716],[-87.69622,41.94702],[-87.69623,41.9467],[-87.69803,41.94668],[-87.70048,41.94666],[-87.70171,41.94665],[-87.70221,41.94665],[-87.7025,41.94665],[-87.70293,41.94665],[-87.70343,41.94665],[-87.70567,41.94664],[-87.70721,41.94664],[-87.70782,41.94663],[-87.70983,41.9466],[-87.71051,41.94659],[-87.71135,41.94659],[-87.7115,41.94658],[-87.71211,41.94658],[-87.71271,41.94657],[-87.7146,41.94653],[-87.71471,41.94653],[-87.7161,41.94652],[-87.71796,41.9465],[-87.71837,41.94649],[-87.71852,41.94649],[-87.71898,41.94649],[-87.71977,41.94647],[-87.72006,41.94647],[-87.72251,41.94644],[-87.72364,41.94642],[-87.72383,41.94642],[-87.72598,41.94639],[-87.72679,41.94638],[-87.7274,41.94637],[-87.72739,41.94618],[-87.72738,41.94581],[-87.72737,41.9452],[-87.72735,41.9448],[-87.72734,41.94456],[-87.72733,41.94398],[-87.72732,41.94371],[-87.7273,41.943],[-87.72729,41.94273],[-87.72728,41.94242],[-87.72727,41.94179],[-87.72726,41.94145],[-87.72719,41.93912],[-87.72719,41.93911],[-87.72721,41.93909],[-87.7278,41.93909],[-87.73204,41.93903],[-87.73402,41.939],[-87.73519,41.93899]]]},"properties":{"name":"North Side","info":"Lake View, Lincoln Park, Logan Square and their neighbours.","lp":[-87.67622,41.937]}},
{"type":"Feature","geometry":{"type":"Polygon","coordinates":[[[-87.6563,41.91079],[-87.65686,41.91078],[-87.65685,41.91075],[-87.65685,41.91074],[-87.65693,41.91053],[-87.65695,41.91052],[-87.65801,41.91016],[-87.65895,41.90985],[-87.65919,41.9092],[-87.65923,41.90907],[-87.65752,41.90909],[-87.65752,41.90898],[-87.65758,41.90886],[-87.65768,41.90859],[-87.65769,41.90858],[-87.65774,41.90844],[-87.65823,41.90536],[-87.65829,41.90504],[-87.65816,41.90453],[-87.6575,41.9036],[-87.65734,41.9034],[-87.65648,41.90263],[-87.65647,41.90262],[-87.65619,41.90192],[-87.65618,41.90192],[-87.65617,41.90171],[-87.65602,41.90142],[-87.65589,41.90117],[-87.65538,41.90081],[-87.65516,41.90074],[-87.65445,41.90051],[-87.65343,41.90028],[-87.65291,41.90018],[-87.65258,41.90012],[-87.65255,41.90012],[-87.65247,41.90013],[-87.6522,41.9001],[-87.65212,41.90008],[-87.65211,41.90008],[-87.6516,41.89987],[-87.65134,41.89973],[-87.65129,41.8997],[-87.65086,41.89941],[-87.64967,41.89851],[-87.6494,41.89831],[-87.64879,41.89809],[-87.6479,41.89797],[-87.64783,41.89796],[-87.64632,41.89786],[-87.64631,41.89786],[-87.64541,41.89776],[-87.64489,41.8977],[-87.64489,41.89769],[-87.64488,41.89769],[-87.64478,41.89754],[-87.64461,41.8974],[-87.64443,41.89724],[-87.64422,41.89645],[-87.64417,41.89548],[-87.64414,41.89478],[-87.64413,41.89442],[-87.64412,41.89435],[-87.64412,41.89427],[-87.64407,41.89414],[-87.64398,41.89402],[-87.64381,41.89392],[-87.64373,41.89382],[-87.64363,41.89364],[-87.64355,41.89354],[-87.64321,41.89338],[-87.64294,41.89322],[-87.64272,41.89304],[-87.64245,41.89287],[-87.64207,41.89254],[-87.642,41.89245],[-87.64158,41.89205],[-87.64151,41.89197],[-87.64146,41.8919],[-87.6414,41.89182],[-87.64133,41.89172],[-87.64127,41.89163],[-87.64119,41.89143],[-87.64104,41.89118],[-87.64067,41.89064],[-87.64041,41.89034],[-87.6402,41.89009],[-87.63979,41.88964],[-87.63943,41.88923],[-87.63921,41.8885],[-87.63906,41.88814],[-87.63885,41.88737],[-87.63876,41.88716],[-87.63856,41.88687],[-87.63855,41.88686],[-87.6376,41.88624],[-87.63776,41.88558],[-87.63788,41.88471],[-87.63792,41.8843],[-87.63814,41.88319],[-87.63823,41.88212],[-87.63829,41.8806],[-87.6382,41.87977],[-87.63811,41.87933],[-87.6381,41.87907],[-87.63795,41.8787],[-87.63777,41.87807],[-87.63775,41.87796],[-87.63766,41.87731],[-87.63743,41.87669],[-87.63733,41.87647],[-87.6372,41.87625],[-87.63707,41.87603],[-87.63683,41.87574],[-87.63678,41.87569],[-87.63664,41.87556],[-87.63657,41.87549],[-87.63635,41.87528],[-87.63629,41.8752],[-87.63601,41.87445],[-87.63573,41.87331],[-87.63572,41.87326],[-87.63547,41.87211],[-87.63526,41.87102],[-87.63506,41.86983],[-87.63497,41.86908],[-87.63481,41.86802],[-87.63469,41.86675],[-87.6347,41.86631],[-87.63468,41.86564],[-87.63462,41.86372],[-87.63457,41.8629],[-87.63457,41.86193],[-87.63456,41.86099],[-87.63451,41.86013],[-87.63451,41.85939],[-87.6348,41.85888],[-87.63509,41.8582],[-87.63513,41.85788],[-87.63513,41.85787],[-87.63516,41.85772],[-87.63494,41.85772],[-87.63468,41.85772],[-87.6341,41.85772],[-87.63092,41.85776],[-87.63085,41.85777],[-87.63067,41.85777],[-87.63025,41.85778],[-87.63024,41.85778],[-87.63023,41.85777],[-87.63023,41.85776],[-87.63022,41.85761],[-87.63022,41.85756],[-87.63016,41.85541],[-87.63016,41.85512],[-87.6301,41.8533],[-87.63006,41.85288],[-87.62971,41.85288],[-87.62937,41.85288],[-87.62935,41.85286],[-87.62926,41.84921],[-87.6292,41.8475],[-87.6292,41.84713],[-87.62919,41.8466],[-87.62919,41.84642],[-87.62919,41.84613],[-87.62918,41.84592],[-87.62917,41.84556],[-87.62873,41.84556],[-87.62846,41.84557],[-87.62812,41.84557],[-87.62792,41.84557],[-87.62765,41.84558],[-87.62724,41.84558],[-87.62696,41.84559],[-87.62676,41.84559],[-87.62533,41.84561],[-87.62364,41.84564],[-87.62339,41.84564],[-87.61886,41.84571],[-87.61767,41.84572],[-87.6173,41.84567],[-87.61721,41.84566],[-87.61692,41.84564],[-87.6166,41.84564],[-87.61659,41.84564],[-87.61657,41.84564],[-87.61655,41.84563],[-87.61653,41.84562],[-87.61652,41.84562],[-87.6165,41.8456],[-87.61648,41.84557],[-87.61646,41.84555],[-87.61644,41.84553],[-87.61644,41.84552],[-87.61626,41.84523],[-87.61624,41.8452],[-87.61622,41.84518],[-87.6162,41.84516],[-87.61617,41.84514],[-87.61614,41.84513],[-87.61607,41.8451],[-87.61604,41.8451],[-87.61601,41.84509],[-87.61596,41.84509],[-87.61511,41.84511],[-87.61499,41.84511],[-87.615,41.84514],[-87.61498,41.84517],[-87.6124,41.84517],[-87.61193,41.84523],[-87.61158,41.84527],[-87.61141,41.84527],[-87.61112,41.84527],[-87.60943,41.84527],[-87.60942,41.84527],[-87.60941,41.84526],[-87.60941,41.84525],[-87.60941,41.84522],[-87.60914,41.84469],[-87.609,41.84501],[-87.60855,41.84559],[-87.60842,41.84595],[-87.60842,41.84622],[-87.60858,41.84665],[-87.6093,41.8476],[-87.60949,41.84808],[-87.60954,41.84868],[-87.6092,41.85045],[-87.60927,41.85106],[-87.60949,41.85142],[-87.61014,41.8522],[-87.61048,41.85266],[-87.61077,41.8532],[-87.61096,41.85384],[-87.61106,41.85466],[-87.61125,41.85499],[-87.61149,41.8552],[-87.61224,41.85566],[-87.61268,41.85606],[-87.61285,41.85635],[-87.61304,41.85696],[-87.61304,41.85761],[-87.61283,41.85819],[-87.61253,41.85849],[-87.61227,41.85851],[-87.61217,41.85867],[-87.6122,41.85926],[-87.6124,41.85979],[-87.6124,41.86009],[-87.61218,41.86018],[-87.6122,41.86063],[-87.61255,41.86085],[-87.61256,41.86137],[-87.61265,41.86138],[-87.61295,41.8618],[-87.61326,41.86238],[-87.61343,41.86285],[-87.61342,41.86346],[-87.61321,41.86425],[-87.61275,41.86528],[-87.61265,41.86528],[-87.61265,41.86584],[-87.6105,41.86586],[-87.61036,41.86531],[-87.60997,41.86465],[-87.60974,41.86409],[-87.60963,41.86331],[-87.60988,41.86215],[-87.61028,41.86141],[-87.61035,41.86087],[-87.61067,41.86065],[-87.61067,41.86021],[-87.61049,41.86015],[-87.61036,41.85975],[-87.61048,41.85931],[-87.61007,41.85895],[-87.60988,41.85854],[-87.60998,41.85819],[-87.60997,41.85783],[-87.60977,41.85738],[-87.60938,41.85696],[-87.60934,41.85667],[-87.60945,41.85641],[-87.60992,41.85399],[-87.60977,41.85356],[-87.60959,41.85339],[-87.60916,41.85321],[-87.60876,41.85317],[-87.60651,41.85336],[-87.6066,41.85343],[-87.60675,41.85563],[-87.60707,41.85994],[-87.60683,41.86006],[-87.60596,41.86008],[-87.60602,41.862],[-87.60677,41.86221],[-87.60698,41.86241],[-87.60752,41.86385],[-87.60757,41.86436],[-87.6073,41.86487],[-87.60699,41.86513],[-87.60668,41.86523],[-87.60634,41.865],[-87.60629,41.86479],[-87.60605,41.86479],[-87.60605,41.86567],[-87.60584,41.86584],[-87.60564,41.86618],[-87.60565,41.86661],[-87.606,41.86702],[-87.60651,41.86722],[-87.60684,41.86724],[-87.60739,41.86711],[-87.60776,41.86686],[-87.61058,41.86682],[-87.61067,41.86678],[-87.61267,41.86675],[-87.61269,41.86696],[-87.61237,41.86739],[-87.61233,41.86763],[-87.61242,41.86794],[-87.6126,41.86818],[-87.61298,41.86841],[-87.61329,41.86849],[-87.61414,41.86849],[-87.61474,41.86832],[-87.61534,41.8683],[-87.61586,41.86875],[-87.61621,41.86891],[-87.61627,41.87156],[-87.6162,41.87197],[-87.61624,41.87377],[-87.61618,41.87497],[-87.61619,41.87601],[-87.61624,41.87702],[-87.61634,41.87784],[-87.61637,41.87978],[-87.61646,41.8798],[-87.61648,41.88053],[-87.61572,41.88057],[-87.61575,41.88142],[-87.61648,41.88141],[-87.61651,41.88172],[-87.61636,41.88208],[-87.61593,41.88239],[-87.61546,41.88249],[-87.61467,41.88252],[-87.61422,41.88259],[-87.61371,41.88276],[-87.61338,41.88294],[-87.61291,41.88335],[-87.61276,41.88368],[-87.61272,41.88406],[-87.60999,41.88408],[-87.60994,41.88709],[-87.60988,41.88716],[-87.60988,41.88779],[-87.60983,41.88797],[-87.60783,41.88818],[-87.60252,41.88827],[-87.60252,41.88839],[-87.60512,41.88835],[-87.60512,41.88856],[-87.60474,41.88868],[-87.60751,41.88864],[-87.60765,41.88869],[-87.60769,41.88937],[-87.60947,41.88939],[-87.60953,41.89099],[-87.60952,41.89101],[-87.60091,41.89115],[-87.60056,41.89111],[-87.60055,41.89142],[-87.59852,41.89145],[-87.59855,41.89227],[-87.60056,41.89224],[-87.60059,41.89241],[-87.60093,41.89237],[-87.60978,41.89222],[-87.6098,41.89315],[-87.60235,41.89326],[-87.60229,41.89331],[-87.60232,41.89418],[-87.60234,41.89622],[-87.60243,41.89637],[-87.60513,41.8963],[-87.60655,41.89628],[-87.6079,41.89625],[-87.60801,41.89627],[-87.61003,41.89624],[-87.61018,41.89621],[-87.61202,41.89334],[-87.61255,41.89341],[-87.6137,41.89314],[-87.61491,41.89467],[-87.61636,41.89688],[-87.6172,41.89806],[-87.61904,41.90086],[-87.61939,41.90125],[-87.61992,41.90156],[-87.62057,41.90175],[-87.62152,41.90193],[-87.62185,41.90204],[-87.62195,41.9024],[-87.6223,41.90285],[-87.62287,41.90348],[-87.62317,41.90372],[-87.62367,41.90399],[-87.62357,41.90408],[-87.6246,41.907],[-87.62481,41.90754],[-87.62502,41.90854],[-87.62514,41.90982],[-87.62502,41.91043],[-87.62469,41.91085],[-87.62466,41.9114],[-87.62447,41.91157],[-87.62471,41.91156],[-87.62563,41.91146],[-87.62573,41.91145],[-87.626,41.91142],[-87.62618,41.9114],[-87.62632,41.91138],[-87.62639,41.91137],[-87.6264,41.91137],[-87.62641,41.91138],[-87.62657,41.91167],[-87.62674,41.91147],[-87.62676,41.91144],[-87.62679,41.91141],[-87.62683,41.91137],[-87.62686,41.91134],[-87.6269,41.91131],[-87.6271,41.91126],[-87.62783,41.91124],[-87.63094,41.91119],[-87.63127,41.9112],[-87.63168,41.91118],[-87.63247,41.91116],[-87.63315,41.91116],[-87.63471,41.91116],[-87.6357,41.91115],[-87.63762,41.91113],[-87.63859,41.91111],[-87.64043,41.91109],[-87.64102,41.91108],[-87.64222,41.91106],[-87.64306,41.91104],[-87.64436,41.91099],[-87.64541,41.91096],[-87.6469,41.91094],[-87.64759,41.91093],[-87.6495,41.9109],[-87.65311,41.91084],[-87.65337,41.91084],[-87.6563,41.91079]]]},"properties":{"name":"Central","info":"The Loop, the Near North Side and the Near South Side.","lp":[-87.626,41.88943]}},
{"type":"Feature","geometry":{"type":"Polygon","coordinates":[[[-87.78523,41.91645],[-87.78644,41.91656],[-87.78664,41.91659],[-87.78684,41.91663],[-87.78703,41.91667],[-87.78723,41.91672],[-87.78742,41.91677],[-87.78816,41.91701],[-87.78863,41.91718],[-87.78873,41.91722],[-87.78888,41.91727],[-87.78896,41.9173],[-87.78942,41.91751],[-87.79152,41.91813],[-87.79258,41.91852],[-87.79387,41.91899],[-87.7951,41.91943],[-87.79512,41.91954],[-87.79629,41.91997],[-87.80073,41.92158],[-87.80253,41.92224],[-87.80277,41.92232],[-87.80327,41.9225],[-87.80352,41.92258],[-87.80379,41.92268],[-87.80402,41.92276],[-87.80429,41.92284],[-87.80446,41.9229],[-87.80473,41.92298],[-87.80501,41.92305],[-87.80528,41.92312],[-87.80559,41.92321],[-87.8058,41.92326],[-87.80606,41.92332],[-87.80623,41.92337],[-87.80623,41.92308],[-87.80589,41.91237],[-87.80574,41.90884],[-87.80257,41.90893],[-87.80011,41.90895],[-87.7899,41.90909],[-87.78305,41.90917],[-87.78194,41.90917],[-87.77562,41.90925],[-87.77559,41.90888],[-87.77536,41.90183],[-87.77516,41.89549],[-87.77498,41.89025],[-87.77463,41.87943],[-87.7745,41.87559],[-87.77442,41.873],[-87.77434,41.87136],[-87.77428,41.87073],[-87.77427,41.86925],[-87.77417,41.86673],[-87.77414,41.86546],[-87.76457,41.86559],[-87.76399,41.86561],[-87.75305,41.86577],[-87.74508,41.86589],[-87.74,41.86596],[-87.73998,41.86582],[-87.73977,41.85865],[-87.7395,41.85135],[-87.73947,41.8496],[-87.73945,41.84958],[-87.73928,41.84414],[-87.73911,41.83855],[-87.73899,41.83853],[-87.73893,41.83673],[-87.73881,41.83671],[-87.73864,41.82943],[-87.73849,41.82214],[-87.73865,41.82212],[-87.73865,41.82206],[-87.73862,41.82099],[-87.73862,41.82062],[-87.7386,41.81951],[-87.73858,41.81885],[-87.73856,41.81871],[-87.73436,41.82003],[-87.73192,41.8208],[-87.7295,41.82156],[-87.72437,41.82317],[-87.72406,41.82327],[-87.72134,41.82413],[-87.71922,41.82479],[-87.71776,41.82524],[-87.71748,41.82534],[-87.7144,41.82631],[-87.71437,41.82604],[-87.7142,41.82609],[-87.71353,41.8263],[-87.71231,41.82669],[-87.71187,41.82682],[-87.7118,41.82685],[-87.71146,41.82696],[-87.70928,41.82763],[-87.70689,41.82839],[-87.70458,41.82912],[-87.70459,41.82931],[-87.70459,41.82948],[-87.70459,41.8298],[-87.70429,41.82985],[-87.70428,41.82985],[-87.70417,41.82987],[-87.70408,41.8299],[-87.70389,41.82995],[-87.70361,41.83003],[-87.70346,41.83007],[-87.70332,41.83011],[-87.70301,41.8302],[-87.70289,41.83023],[-87.70271,41.83028],[-87.70256,41.83032],[-87.70241,41.83035],[-87.70229,41.83039],[-87.70019,41.83098],[-87.69854,41.83149],[-87.69817,41.83161],[-87.69781,41.83173],[-87.69762,41.83181],[-87.69729,41.83194],[-87.69705,41.83203],[-87.69683,41.83211],[-87.69663,41.83219],[-87.69661,41.83219],[-87.69636,41.83199],[-87.69598,41.8321],[-87.69556,41.83223],[-87.69497,41.83242],[-87.69453,41.83256],[-87.69245,41.83321],[-87.68685,41.83498],[-87.68499,41.83557],[-87.68144,41.83668],[-87.68027,41.837],[-87.67985,41.83707],[-87.67922,41.83715],[-87.67908,41.83717],[-87.67873,41.83718],[-87.67817,41.83719],[-87.67788,41.8372],[-87.67743,41.83721],[-87.67676,41.83722],[-87.67608,41.83724],[-87.67528,41.83726],[-87.67458,41.83727],[-87.67384,41.83729],[-87.67303,41.8373],[-87.67247,41.83731],[-87.67088,41.83734],[-87.67058,41.83735],[-87.67056,41.83727],[-87.67056,41.83714],[-87.67004,41.83714],[-87.66963,41.83716],[-87.66957,41.83716],[-87.66902,41.8372],[-87.66893,41.83721],[-87.66808,41.83736],[-87.66754,41.83749],[-87.66683,41.83772],[-87.66614,41.83803],[-87.66576,41.83822],[-87.66539,41.83843],[-87.66509,41.83861],[-87.66462,41.83887],[-87.66429,41.83906],[-87.66438,41.83925],[-87.66454,41.83956],[-87.66456,41.84001],[-87.66453,41.84043],[-87.66454,41.84066],[-87.66457,41.84076],[-87.66465,41.84089],[-87.66484,41.84124],[-87.66495,41.84172],[-87.66459,41.84232],[-87.66447,41.84252],[-87.66431,41.8428],[-87.66395,41.84392],[-87.66392,41.844],[-87.66378,41.84429],[-87.66345,41.8445],[-87.66288,41.84475],[-87.66213,41.8451],[-87.66164,41.84535],[-87.66079,41.84583],[-87.66072,41.84572],[-87.65861,41.84726],[-87.65751,41.84717],[-87.65312,41.84795],[-87.65189,41.84812],[-87.65144,41.84821],[-87.65141,41.84821],[-87.651,41.84831],[-87.64975,41.84839],[-87.64926,41.84848],[-87.6492,41.84849],[-87.64896,41.84855],[-87.64814,41.84877],[-87.6468,41.84921],[-87.64647,41.84927],[-87.64585,41.84938],[-87.64453,41.84945],[-87.64415,41.84949],[-87.64332,41.84969],[-87.64264,41.85002],[-87.64238,41.85027],[-87.64218,41.85045],[-87.64218,41.85046],[-87.64192,41.85078],[-87.64159,41.85122],[-87.64115,41.85179],[-87.64034,41.85299],[-87.63987,41.85359],[-87.63939,41.85429],[-87.63905,41.85457],[-87.63871,41.85474],[-87.63748,41.85533],[-87.63698,41.85567],[-87.63616,41.85629],[-87.63549,41.85694],[-87.63532,41.85722],[-87.63532,41.85723],[-87.63516,41.85772],[-87.63513,41.85787],[-87.63513,41.85788],[-87.63509,41.8582],[-87.6348,41.85888],[-87.63451,41.85938],[-87.63451,41.86013],[-87.63456,41.86099],[-87.63457,41.86193],[-87.63457,41.8629],[-87.63462,41.86372],[-87.63468,41.86564],[-87.63469,41.86675],[-87.63473,41.86726],[-87.63481,41.86802],[-87.63497,41.86908],[-87.63506,41.86983],[-87.63526,41.87102],[-87.63547,41.87211],[-87.63572,41.87326],[-87.63573,41.87331],[-87.63601,41.87445],[-87.63607,41.87467],[-87.63612,41.8748],[-87.63623,41.87507],[-87.63629,41.8752],[-87.63635,41.87528],[-87.63657,41.87549],[-87.63664,41.87556],[-87.63678,41.87569],[-87.63707,41.87603],[-87.63733,41.87647],[-87.63743,41.87669],[-87.63766,41.87731],[-87.63775,41.87796],[-87.63777,41.87807],[-87.63795,41.8787],[-87.6381,41.87907],[-87.63811,41.87933],[-87.6382,41.87977],[-87.63829,41.8806],[-87.63823,41.88212],[-87.63814,41.88319],[-87.63792,41.8843],[-87.63788,41.88471],[-87.63776,41.88558],[-87.63759,41.88623],[-87.63855,41.88686],[-87.63876,41.88716],[-87.63885,41.88737],[-87.63906,41.88814],[-87.63921,41.8885],[-87.63928,41.88885],[-87.63936,41.88908],[-87.63944,41.88923],[-87.63979,41.88964],[-87.6402,41.89009],[-87.64067,41.89064],[-87.64086,41.89094],[-87.64104,41.89118],[-87.64119,41.89144],[-87.64127,41.89163],[-87.64133,41.89172],[-87.64146,41.8919],[-87.64151,41.89197],[-87.64157,41.89205],[-87.642,41.89245],[-87.64207,41.89254],[-87.64228,41.89274],[-87.64245,41.89287],[-87.64294,41.89322],[-87.64322,41.89338],[-87.64356,41.89354],[-87.64373,41.89382],[-87.64381,41.89392],[-87.64397,41.89402],[-87.64408,41.89414],[-87.64412,41.89427],[-87.64412,41.89428],[-87.64417,41.89548],[-87.64422,41.89645],[-87.64423,41.89664],[-87.64443,41.89724],[-87.64461,41.8974],[-87.64489,41.89769],[-87.64541,41.89776],[-87.64631,41.89786],[-87.64632,41.89786],[-87.64783,41.89796],[-87.64879,41.89809],[-87.6494,41.89831],[-87.64967,41.89851],[-87.65086,41.89941],[-87.65129,41.8997],[-87.65134,41.89973],[-87.6516,41.89987],[-87.6519,41.90001],[-87.65203,41.90006],[-87.65212,41.90008],[-87.65219,41.90009],[-87.6522,41.9001],[-87.65248,41.90014],[-87.65255,41.90012],[-87.65256,41.90012],[-87.65257,41.90012],[-87.65258,41.90012],[-87.65445,41.90051],[-87.65516,41.90074],[-87.65538,41.90081],[-87.65588,41.90117],[-87.65602,41.90142],[-87.65618,41.90192],[-87.65647,41.90262],[-87.65734,41.9034],[-87.6575,41.9036],[-87.65816,41.90452],[-87.65816,41.90453],[-87.65829,41.90504],[-87.65823,41.90536],[-87.65817,41.90567],[-87.65796,41.90705],[-87.65774,41.90844],[-87.65768,41.90858],[-87.65758,41.90886],[-87.65752,41.90898],[-87.65749,41.90909],[-87.6592,41.90907],[-87.65919,41.9092],[-87.65895,41.90984],[-87.65894,41.90985],[-87.65694,41.91052],[-87.65685,41.91074],[-87.65685,41.91075],[-87.65686,41.91078],[-87.65693,41.91108],[-87.65701,41.91127],[-87.65706,41.91144],[-87.65712,41.91157],[-87.65746,41.91248],[-87.6576,41.91282],[-87.65772,41.91342],[-87.65772,41.91343],[-87.65786,41.91381],[-87.65808,41.91411],[-87.65831,41.91436],[-87.65865,41.91471],[-87.65924,41.91515],[-87.65987,41.91545],[-87.66027,41.91571],[-87.66074,41.91597],[-87.66093,41.91612],[-87.66101,41.91615],[-87.66117,41.91618],[-87.66133,41.91618],[-87.66151,41.91612],[-87.66178,41.91601],[-87.66207,41.91592],[-87.66245,41.91569],[-87.66251,41.91566],[-87.66261,41.91561],[-87.66265,41.91559],[-87.66279,41.91557],[-87.66287,41.91554],[-87.66303,41.91549],[-87.66362,41.91561],[-87.66381,41.9155],[-87.66418,41.91534],[-87.66485,41.91505],[-87.66512,41.91493],[-87.66525,41.91489],[-87.66536,41.91483],[-87.66542,41.9148],[-87.66583,41.91462],[-87.66594,41.91458],[-87.66594,41.91457],[-87.66603,41.91454],[-87.66612,41.91451],[-87.66621,41.91449],[-87.66621,41.91448],[-87.6664,41.91444],[-87.66649,41.91442],[-87.66658,41.91439],[-87.66681,41.91434],[-87.66701,41.91432],[-87.66709,41.91431],[-87.66723,41.9143],[-87.66737,41.91429],[-87.66744,41.91428],[-87.6678,41.9143],[-87.66788,41.91428],[-87.66901,41.91425],[-87.67023,41.91429],[-87.67084,41.91428],[-87.67145,41.91427],[-87.67267,41.91425],[-87.67389,41.91423],[-87.67511,41.9142],[-87.67572,41.9142],[-87.67753,41.91417],[-87.67755,41.91423],[-87.67756,41.91472],[-87.67974,41.91468],[-87.68192,41.91463],[-87.68245,41.91462],[-87.68244,41.91442],[-87.68243,41.91403],[-87.68242,41.91362],[-87.68243,41.9136],[-87.68245,41.9136],[-87.68265,41.91373],[-87.68273,41.91378],[-87.68303,41.91398],[-87.68315,41.91406],[-87.68316,41.91406],[-87.68392,41.91405],[-87.68404,41.91404],[-87.68732,41.91399],[-87.68854,41.91398],[-87.68868,41.91398],[-87.68976,41.91397],[-87.69403,41.91394],[-87.69587,41.91392],[-87.69707,41.91391],[-87.69708,41.91391],[-87.69709,41.91392],[-87.69709,41.91393],[-87.6971,41.914],[-87.69735,41.91401],[-87.69761,41.914],[-87.69864,41.91395],[-87.69919,41.91394],[-87.70047,41.91393],[-87.70233,41.91392],[-87.70233,41.91388],[-87.70235,41.91382],[-87.70246,41.91382],[-87.70247,41.91382],[-87.70334,41.91381],[-87.70384,41.9138],[-87.70503,41.91379],[-87.70517,41.91379],[-87.70583,41.91378],[-87.70599,41.91378],[-87.70668,41.91378],[-87.70686,41.91377],[-87.70703,41.91366],[-87.70773,41.91366],[-87.70936,41.91364],[-87.71028,41.91363],[-87.71489,41.91357],[-87.71515,41.91357],[-87.71585,41.91356],[-87.71592,41.91356],[-87.71664,41.91355],[-87.71666,41.91364],[-87.71788,41.91364],[-87.71825,41.91366],[-87.71856,41.91367],[-87.71888,41.91367],[-87.72111,41.91365],[-87.72145,41.91367],[-87.72155,41.91366],[-87.72215,41.91364],[-87.72223,41.91364],[-87.72318,41.91363],[-87.7236,41.91362],[-87.72396,41.91362],[-87.72419,41.91358],[-87.72436,41.91358],[-87.7247,41.91358],[-87.72503,41.91359],[-87.72524,41.91359],[-87.72575,41.91359],[-87.72624,41.91359],[-87.72645,41.91359],[-87.735,41.91349],[-87.73641,41.91347],[-87.73672,41.91347],[-87.73801,41.9135],[-87.73831,41.91352],[-87.73847,41.91353],[-87.73871,41.91355],[-87.73872,41.91355],[-87.74103,41.91382],[-87.74133,41.9139],[-87.74134,41.9139],[-87.74167,41.91394],[-87.74218,41.914],[-87.74273,41.91407],[-87.74454,41.91429],[-87.74502,41.91435],[-87.74563,41.91442],[-87.74585,41.91445],[-87.74601,41.91447],[-87.74603,41.91439],[-87.74665,41.91447],[-87.74702,41.91452],[-87.74735,41.91453],[-87.74752,41.91455],[-87.74753,41.91455],[-87.74772,41.91457],[-87.74805,41.91461],[-87.7483,41.91464],[-87.7484,41.91465],[-87.74862,41.91468],[-87.74874,41.91469],[-87.74908,41.91474],[-87.74937,41.91477],[-87.74979,41.91482],[-87.75024,41.91488],[-87.75065,41.91493],[-87.75105,41.91498],[-87.75152,41.91503],[-87.75195,41.91509],[-87.75263,41.91517],[-87.75334,41.91526],[-87.75372,41.9153],[-87.75412,41.91535],[-87.75452,41.9154],[-87.75492,41.91545],[-87.75509,41.91547],[-87.75527,41.91548],[-87.75564,41.91549],[-87.75576,41.91549],[-87.75589,41.91549],[-87.75591,41.91541],[-87.75751,41.91576],[-87.75909,41.91606],[-87.75925,41.91609],[-87.75959,41.91613],[-87.7597,41.91614],[-87.76027,41.91621],[-87.76082,41.91628],[-87.76108,41.91631],[-87.76146,41.91636],[-87.76213,41.91644],[-87.76279,41.91652],[-87.76289,41.91653],[-87.76313,41.91656],[-87.7632,41.91657],[-87.76351,41.9166],[-87.76381,41.91663],[-87.76462,41.91668],[-87.76523,41.91671],[-87.76636,41.91672],[-87.78028,41.91652],[-87.7849,41.91645],[-87.78523,41.91645]]]},"properties":{"name":"West Side","info":"From West Town and the Near West Side out to Austin.","lp":[-87.69991,41.87338]}},
{"type":"Feature","geometry":{"type":"Polygon","coordinates":[[[-87.66459,41.84232],[-87.66495,41.84172],[-87.66484,41.84124],[-87.66465,41.84089],[-87.66457,41.84076],[-87.66454,41.84066],[-87.66456,41.84001],[-87.66457,41.83988],[-87.66454,41.83956],[-87.66438,41.83925],[-87.66428,41.83906],[-87.66347,41.83784],[-87.66317,41.83698],[-87.66308,41.83682],[-87.66249,41.83614],[-87.66186,41.83551],[-87.66167,41.83525],[-87.66129,41.83486],[-87.6609,41.83466],[-87.66036,41.83437],[-87.66035,41.83437],[-87.65919,41.83312],[-87.65846,41.83234],[-87.65768,41.83148],[-87.65743,41.8312],[-87.65743,41.83119],[-87.6574,41.83108],[-87.65737,41.83089],[-87.65737,41.83088],[-87.65739,41.8306],[-87.65757,41.82863],[-87.65755,41.828],[-87.65741,41.82693],[-87.65737,41.8267],[-87.65735,41.82607],[-87.65714,41.82404],[-87.65611,41.82331],[-87.65473,41.82334],[-87.65395,41.82336],[-87.65322,41.82337],[-87.65271,41.82337],[-87.64593,41.82346],[-87.6441,41.82348],[-87.64349,41.82349],[-87.64167,41.82351],[-87.63984,41.82354],[-87.63862,41.82355],[-87.63737,41.82357],[-87.63631,41.82358],[-87.63622,41.82358],[-87.63612,41.82357],[-87.63608,41.82181],[-87.63611,41.82179],[-87.63608,41.82027],[-87.63608,41.81995],[-87.63607,41.81974],[-87.63604,41.81824],[-87.63589,41.81814],[-87.63582,41.81726],[-87.63572,41.81637],[-87.63609,41.81635],[-87.63616,41.81635],[-87.63621,41.81578],[-87.63622,41.81542],[-87.63616,41.81261],[-87.63618,41.81195],[-87.63619,41.81183],[-87.6362,41.81175],[-87.63621,41.81171],[-87.63622,41.8116],[-87.63625,41.81148],[-87.63627,41.81136],[-87.6363,41.81125],[-87.63638,41.81091],[-87.63588,41.81092],[-87.63587,41.81092],[-87.63587,41.81091],[-87.63586,41.8109],[-87.63585,41.81051],[-87.63583,41.8098],[-87.63583,41.80968],[-87.63582,41.80905],[-87.63592,41.80904],[-87.63591,41.8089],[-87.63591,41.80884],[-87.6359,41.80837],[-87.63588,41.80796],[-87.63584,41.80662],[-87.63582,41.80601],[-87.63579,41.80472],[-87.63576,41.8039],[-87.63575,41.80339],[-87.63573,41.80273],[-87.63573,41.80239],[-87.63568,41.80119],[-87.63563,41.80089],[-87.6356,41.80065],[-87.6356,41.8005],[-87.63558,41.8001],[-87.63554,41.79916],[-87.6355,41.79766],[-87.63549,41.79716],[-87.6355,41.79695],[-87.63551,41.79646],[-87.63549,41.79567],[-87.63549,41.7956],[-87.63549,41.79541],[-87.63548,41.79541],[-87.63548,41.7952],[-87.63547,41.79498],[-87.63547,41.79486],[-87.63547,41.79481],[-87.63546,41.79459],[-87.63546,41.79453],[-87.63546,41.79448],[-87.633,41.79451],[-87.63204,41.79453],[-87.6314,41.79453],[-87.63097,41.79454],[-87.63077,41.79455],[-87.62957,41.79458],[-87.62863,41.7946],[-87.62855,41.79458],[-87.62825,41.78326],[-87.62828,41.78316],[-87.62897,41.78315],[-87.62893,41.78148],[-87.62891,41.78077],[-87.6289,41.7804],[-87.62889,41.7803],[-87.6287,41.7802],[-87.62861,41.78014],[-87.6286,41.78013],[-87.62855,41.78003],[-87.62864,41.78],[-87.62877,41.78],[-87.62935,41.78],[-87.63015,41.77999],[-87.63015,41.77994],[-87.63009,41.77848],[-87.63004,41.77705],[-87.63005,41.77697],[-87.63005,41.7769],[-87.63007,41.7766],[-87.63007,41.77586],[-87.62997,41.77285],[-87.62996,41.77273],[-87.62996,41.77271],[-87.62998,41.77271],[-87.63052,41.7727],[-87.63075,41.7727],[-87.63104,41.77269],[-87.63125,41.77139],[-87.63136,41.76908],[-87.63137,41.76906],[-87.63138,41.76906],[-87.63158,41.76905],[-87.63199,41.76904],[-87.63236,41.76903],[-87.63266,41.76903],[-87.63279,41.76903],[-87.63355,41.76901],[-87.63354,41.7688],[-87.63354,41.76869],[-87.63353,41.76841],[-87.63353,41.76821],[-87.63352,41.76799],[-87.63351,41.76769],[-87.6335,41.76736],[-87.6335,41.76735],[-87.63353,41.76721],[-87.63354,41.7672],[-87.63355,41.76719],[-87.63441,41.76718],[-87.63471,41.76717],[-87.63471,41.76695],[-87.6347,41.76665],[-87.63469,41.76641],[-87.63468,41.76603],[-87.63468,41.76576],[-87.63467,41.76549],[-87.63467,41.76536],[-87.63466,41.76521],[-87.63466,41.76507],[-87.63466,41.76497],[-87.63465,41.7645],[-87.63465,41.76441],[-87.63464,41.76437],[-87.63464,41.76428],[-87.63468,41.76413],[-87.63473,41.76399],[-87.63479,41.76385],[-87.63484,41.7637],[-87.63484,41.7636],[-87.63471,41.76357],[-87.63466,41.76356],[-87.63462,41.76355],[-87.63443,41.76342],[-87.63444,41.76339],[-87.63446,41.76335],[-87.63449,41.7633],[-87.63456,41.76317],[-87.63456,41.76316],[-87.63459,41.76307],[-87.63461,41.763],[-87.6346,41.76275],[-87.63459,41.76221],[-87.63458,41.76189],[-87.63457,41.76152],[-87.63457,41.76131],[-87.63456,41.76105],[-87.63455,41.7608],[-87.63455,41.76045],[-87.63454,41.76011],[-87.63453,41.75992],[-87.63453,41.75991],[-87.63455,41.7599],[-87.63543,41.75989],[-87.63575,41.75988],[-87.63574,41.75968],[-87.63573,41.75933],[-87.63572,41.75887],[-87.63571,41.75857],[-87.63571,41.75825],[-87.6357,41.75808],[-87.63571,41.75806],[-87.63572,41.75806],[-87.63665,41.75804],[-87.63767,41.75803],[-87.63844,41.75801],[-87.63859,41.75801],[-87.63884,41.758],[-87.63927,41.75798],[-87.63927,41.75743],[-87.63928,41.7572],[-87.63928,41.75719],[-87.63933,41.75617],[-87.63934,41.75617],[-87.63934,41.75616],[-87.63935,41.75616],[-87.63944,41.75615],[-87.63961,41.75615],[-87.6399,41.75615],[-87.6399,41.75593],[-87.63989,41.75568],[-87.63988,41.75552],[-87.63988,41.75536],[-87.63988,41.75512],[-87.63987,41.75492],[-87.63984,41.75354],[-87.63981,41.75272],[-87.6398,41.75262],[-87.6398,41.75252],[-87.6398,41.75244],[-87.6398,41.75229],[-87.63979,41.75169],[-87.63977,41.75084],[-87.63976,41.75071],[-87.63976,41.7507],[-87.63951,41.75071],[-87.63942,41.75071],[-87.63896,41.75072],[-87.63862,41.75072],[-87.63309,41.7508],[-87.6293,41.75087],[-87.62825,41.75089],[-87.62703,41.75091],[-87.6247,41.75095],[-87.62381,41.75098],[-87.62349,41.75097],[-87.6232,41.75098],[-87.61977,41.75103],[-87.61815,41.75106],[-87.61654,41.75109],[-87.61496,41.75111],[-87.6119,41.75117],[-87.60521,41.75129],[-87.60276,41.75131],[-87.59715,41.75137],[-87.59703,41.75137],[-87.59689,41.75137],[-87.59648,41.75137],[-87.59549,41.75139],[-87.5955,41.75155],[-87.5955,41.75175],[-87.5955,41.75195],[-87.59551,41.75213],[-87.59552,41.75265],[-87.59553,41.75283],[-87.59553,41.75297],[-87.59553,41.75309],[-87.59553,41.75315],[-87.5956,41.75503],[-87.59619,41.75503],[-87.59621,41.75505],[-87.5958,41.75684],[-87.59563,41.75686],[-87.59541,41.75686],[-87.59432,41.75687],[-87.59306,41.75688],[-87.5913,41.75562],[-87.59122,41.75556],[-87.59001,41.75469],[-87.58875,41.75378],[-87.5875,41.75288],[-87.58593,41.75175],[-87.58582,41.75151],[-87.58566,41.7515],[-87.58454,41.7515],[-87.58331,41.75151],[-87.58087,41.75154],[-87.58005,41.75156],[-87.57885,41.75157],[-87.57843,41.75158],[-87.57721,41.75159],[-87.57477,41.75162],[-87.57232,41.75165],[-87.57014,41.75168],[-87.56867,41.7517],[-87.56502,41.75175],[-87.5626,41.75178],[-87.55991,41.75182],[-87.55844,41.75184],[-87.55698,41.75186],[-87.55653,41.75186],[-87.55532,41.75188],[-87.55407,41.75189],[-87.55351,41.7519],[-87.55244,41.75192],[-87.55238,41.75192],[-87.55229,41.75192],[-87.55181,41.75218],[-87.54965,41.75348],[-87.54875,41.75402],[-87.5487,41.7541],[-87.54775,41.75453],[-87.54773,41.75453],[-87.54656,41.75387],[-87.54526,41.75436],[-87.54495,41.75444],[-87.54401,41.75516],[-87.54376,41.75538],[-87.54138,41.75681],[-87.54093,41.75703],[-87.54061,41.75731],[-87.54115,41.75779],[-87.54166,41.75783],[-87.54262,41.75873],[-87.54257,41.75913],[-87.54304,41.7596],[-87.54329,41.75971],[-87.54429,41.76063],[-87.54443,41.76068],[-87.54641,41.76066],[-87.54644,41.76062],[-87.54447,41.76062],[-87.54433,41.76057],[-87.54388,41.76014],[-87.54425,41.76019],[-87.5445,41.76007],[-87.54551,41.75936],[-87.54659,41.75888],[-87.54724,41.75872],[-87.54798,41.75867],[-87.54871,41.75873],[-87.54955,41.75896],[-87.55225,41.75998],[-87.55411,41.76082],[-87.55438,41.76108],[-87.55488,41.76179],[-87.55527,41.76162],[-87.55559,41.76158],[-87.55608,41.76182],[-87.55672,41.76227],[-87.55687,41.76243],[-87.5576,41.76281],[-87.55757,41.76312],[-87.55846,41.76402],[-87.55899,41.76376],[-87.55928,41.76404],[-87.55961,41.76422],[-87.55972,41.7644],[-87.55952,41.76453],[-87.55984,41.76496],[-87.56003,41.7649],[-87.56036,41.76532],[-87.56051,41.76539],[-87.56062,41.76581],[-87.56044,41.76625],[-87.56018,41.76644],[-87.55964,41.76655],[-87.55939,41.76678],[-87.55945,41.76806],[-87.55941,41.76852],[-87.55954,41.76918],[-87.55981,41.76897],[-87.56017,41.76855],[-87.56053,41.7684],[-87.56092,41.76844],[-87.5618,41.76873],[-87.56233,41.769],[-87.56252,41.76943],[-87.56324,41.77036],[-87.56346,41.77105],[-87.56352,41.77171],[-87.56364,41.77208],[-87.56398,41.77209],[-87.565,41.77253],[-87.56565,41.77292],[-87.56629,41.77346],[-87.5664,41.77377],[-87.56681,41.77396],[-87.56782,41.77531],[-87.56813,41.7757],[-87.56881,41.7764],[-87.56919,41.77669],[-87.56969,41.77697],[-87.56989,41.777],[-87.57032,41.77742],[-87.57114,41.77805],[-87.57157,41.77846],[-87.57183,41.77859],[-87.57208,41.7789],[-87.57217,41.77918],[-87.57275,41.77932],[-87.57321,41.77919],[-87.57336,41.7789],[-87.57336,41.77831],[-87.57316,41.778],[-87.57281,41.77769],[-87.57265,41.77734],[-87.57246,41.7774],[-87.57216,41.77718],[-87.57175,41.7766],[-87.57184,41.77607],[-87.572,41.77582],[-87.57284,41.77561],[-87.57348,41.77551],[-87.57412,41.77553],[-87.57481,41.77577],[-87.57461,41.77615],[-87.57492,41.77656],[-87.57519,41.77701],[-87.5753,41.77741],[-87.57528,41.77787],[-87.5751,41.77845],[-87.57474,41.77911],[-87.57444,41.77937],[-87.57411,41.77953],[-87.57303,41.77979],[-87.57293,41.7799],[-87.57306,41.78026],[-87.57128,41.78084],[-87.56831,41.78154],[-87.56753,41.7846],[-87.56764,41.78462],[-87.56839,41.78162],[-87.56968,41.7813],[-87.5705,41.78137],[-87.57135,41.78156],[-87.57248,41.7819],[-87.57357,41.78233],[-87.57421,41.78263],[-87.5761,41.78365],[-87.57638,41.78422],[-87.57682,41.78521],[-87.5772,41.78631],[-87.57731,41.78681],[-87.57733,41.78757],[-87.57727,41.78807],[-87.57775,41.78822],[-87.57765,41.78836],[-87.57668,41.78842],[-87.57639,41.78859],[-87.57725,41.78914],[-87.57782,41.78955],[-87.57842,41.7901],[-87.57868,41.79067],[-87.57927,41.79143],[-87.57963,41.79204],[-87.57932,41.79257],[-87.57927,41.79363],[-87.57901,41.79421],[-87.5783,41.79473],[-87.57783,41.79492],[-87.57692,41.79511],[-87.57662,41.79505],[-87.5761,41.79511],[-87.57573,41.79536],[-87.57544,41.79544],[-87.57516,41.79624],[-87.57531,41.79665],[-87.57562,41.79687],[-87.57614,41.79703],[-87.57651,41.79705],[-87.57732,41.79686],[-87.57799,41.79694],[-87.57836,41.79709],[-87.57914,41.79763],[-87.57992,41.79835],[-87.57979,41.79844],[-87.58011,41.79912],[-87.58028,41.79963],[-87.58042,41.80038],[-87.5805,41.8011],[-87.58045,41.80213],[-87.58029,41.80287],[-87.58044,41.80295],[-87.58002,41.80359],[-87.58018,41.80397],[-87.58067,41.80421],[-87.58117,41.80426],[-87.58225,41.80512],[-87.5839,41.80624],[-87.58452,41.80663],[-87.58516,41.80721],[-87.58569,41.80796],[-87.58571,41.80807],[-87.58614,41.80871],[-87.58611,41.80884],[-87.58627,41.8092],[-87.58674,41.80979],[-87.58692,41.81011],[-87.58704,41.81064],[-87.58693,41.81117],[-87.58738,41.81187],[-87.58766,41.81197],[-87.58823,41.81203],[-87.58875,41.81227],[-87.58913,41.81282],[-87.58956,41.81306],[-87.59022,41.81374],[-87.59035,41.81438],[-87.59046,41.81465],[-87.59089,41.81501],[-87.59118,41.81541],[-87.59142,41.81592],[-87.59167,41.81601],[-87.59199,41.81629],[-87.59216,41.81659],[-87.59219,41.81768],[-87.59262,41.81834],[-87.59296,41.81857],[-87.59349,41.81881],[-87.5937,41.81904],[-87.59444,41.81952],[-87.59469,41.81974],[-87.59512,41.81982],[-87.59572,41.82044],[-87.59586,41.82084],[-87.5962,41.82133],[-87.59684,41.82196],[-87.59711,41.82252],[-87.59732,41.82273],[-87.59728,41.823],[-87.59763,41.82403],[-87.5977,41.82456],[-87.59748,41.8255],[-87.59758,41.82605],[-87.59775,41.82634],[-87.59826,41.8268],[-87.59921,41.82739],[-87.59997,41.82793],[-87.6003,41.82827],[-87.60172,41.83006],[-87.60239,41.83069],[-87.60271,41.83135],[-87.60276,41.83185],[-87.6027,41.83233],[-87.60301,41.83273],[-87.60349,41.83301],[-87.60391,41.83304],[-87.60435,41.8332],[-87.60455,41.83335],[-87.60487,41.8338],[-87.60503,41.83441],[-87.60454,41.83481],[-87.60456,41.83499],[-87.60531,41.83568],[-87.60585,41.83645],[-87.60607,41.83729],[-87.60612,41.83855],[-87.60467,41.83888],[-87.6042,41.83955],[-87.60428,41.83958],[-87.60472,41.83896],[-87.60614,41.83864],[-87.60645,41.83908],[-87.60721,41.83966],[-87.60747,41.84051],[-87.60785,41.84103],[-87.60798,41.8414],[-87.60802,41.84231],[-87.60877,41.84337],[-87.60892,41.84396],[-87.60915,41.84425],[-87.60914,41.84469],[-87.60941,41.84521],[-87.60941,41.84527],[-87.61092,41.84527],[-87.61112,41.84527],[-87.61141,41.84527],[-87.61158,41.84527],[-87.61193,41.84523],[-87.6124,41.84517],[-87.614,41.84517],[-87.615,41.84517],[-87.61502,41.84511],[-87.61511,41.84511],[-87.61596,41.84509],[-87.61601,41.84509],[-87.61607,41.8451],[-87.61619,41.84516],[-87.6162,41.84516],[-87.61622,41.84518],[-87.61624,41.8452],[-87.61626,41.84523],[-87.61644,41.84553],[-87.61646,41.84555],[-87.61648,41.84557],[-87.6165,41.8456],[-87.61653,41.84562],[-87.61655,41.84563],[-87.61657,41.84564],[-87.61659,41.84564],[-87.6166,41.84564],[-87.61662,41.84564],[-87.61666,41.84564],[-87.61692,41.84564],[-87.61721,41.84566],[-87.6173,41.84567],[-87.61767,41.84572],[-87.61886,41.84571],[-87.62339,41.84564],[-87.62364,41.84564],[-87.62533,41.84561],[-87.62676,41.84559],[-87.62696,41.84559],[-87.62724,41.84558],[-87.62765,41.84558],[-87.62792,41.84557],[-87.62846,41.84557],[-87.62873,41.84556],[-87.62915,41.84556],[-87.62916,41.84556],[-87.62917,41.84557],[-87.62917,41.84558],[-87.62918,41.84592],[-87.62919,41.84613],[-87.62919,41.84642],[-87.62919,41.8466],[-87.6292,41.84713],[-87.6292,41.8475],[-87.62926,41.84921],[-87.62932,41.85171],[-87.62935,41.85288],[-87.62971,41.85288],[-87.63004,41.85288],[-87.63005,41.85288],[-87.63006,41.85288],[-87.63006,41.8529],[-87.6301,41.8533],[-87.63016,41.85512],[-87.63016,41.85541],[-87.63022,41.85756],[-87.63022,41.85761],[-87.63022,41.8577],[-87.63023,41.85778],[-87.63067,41.85777],[-87.63085,41.85777],[-87.63092,41.85776],[-87.6341,41.85772],[-87.63468,41.85772],[-87.63494,41.85772],[-87.63516,41.85772],[-87.63532,41.85723],[-87.63532,41.85722],[-87.63549,41.85694],[-87.6355,41.85694],[-87.63616,41.85629],[-87.63698,41.85567],[-87.63748,41.85533],[-87.63871,41.85474],[-87.63904,41.85457],[-87.63939,41.85429],[-87.63987,41.85359],[-87.64034,41.85299],[-87.64115,41.85179],[-87.64159,41.85122],[-87.64192,41.85078],[-87.64218,41.85046],[-87.64218,41.85045],[-87.64238,41.85027],[-87.64264,41.85003],[-87.64264,41.85002],[-87.64331,41.84969],[-87.64415,41.84949],[-87.64453,41.84945],[-87.64585,41.84938],[-87.64647,41.84927],[-87.6468,41.84921],[-87.64814,41.84877],[-87.64896,41.84855],[-87.6492,41.84849],[-87.64926,41.84848],[-87.64975,41.84839],[-87.651,41.84831],[-87.65141,41.84821],[-87.65144,41.84821],[-87.65189,41.84812],[-87.65312,41.84795],[-87.65751,41.84717],[-87.65861,41.84726],[-87.6607,41.84573],[-87.66077,41.84584],[-87.66164,41.84535],[-87.66213,41.8451],[-87.66288,41.84475],[-87.66345,41.8445],[-87.66378,41.84429],[-87.66389,41.8441],[-87.66392,41.844],[-87.66395,41.84392],[-87.66431,41.8428],[-87.66447,41.84252],[-87.66459,41.84232]]]},"properties":{"name":"South Side","info":"Bridgeport, Bronzeville, Hyde Park, Woodlawn and South Shore.","lp":[-87.6029,41.78129]}},
{"type":"Feature","geometry":{"type":"Polygon","coordinates":[[[-87.73436,41.82003],[-87.73853,41.81871],[-87.73856,41.81873],[-87.73856,41.8188],[-87.73858,41.81886],[-87.73862,41.82062],[-87.73862,41.82099],[-87.73864,41.82176],[-87.73865,41.82206],[-87.73865,41.82212],[-87.74476,41.82203],[-87.74466,41.81598],[-87.74467,41.81596],[-87.75308,41.81331],[-87.75293,41.80749],[-87.75275,41.80075],[-87.75276,41.80019],[-87.75728,41.80012],[-87.76223,41.80005],[-87.76428,41.80005],[-87.77208,41.79989],[-87.77365,41.79983],[-87.78179,41.79967],[-87.78311,41.79967],[-87.78794,41.79961],[-87.78963,41.79956],[-87.7908,41.79951],[-87.79282,41.79946],[-87.79462,41.79946],[-87.79719,41.7994],[-87.80163,41.798],[-87.80161,41.79576],[-87.80162,41.79481],[-87.80154,41.7922],[-87.80107,41.78119],[-87.80101,41.77968],[-87.80101,41.77914],[-87.80087,41.77695],[-87.80083,41.77547],[-87.80078,41.7742],[-87.80081,41.77378],[-87.78112,41.77409],[-87.75661,41.77458],[-87.74716,41.77475],[-87.74704,41.77467],[-87.74446,41.77472],[-87.74218,41.77478],[-87.74215,41.77445],[-87.74203,41.7704],[-87.7419,41.7643],[-87.74184,41.76227],[-87.74178,41.76128],[-87.74179,41.76084],[-87.74169,41.75894],[-87.74153,41.7547],[-87.7415,41.75329],[-87.74121,41.75328],[-87.73912,41.75312],[-87.73829,41.75313],[-87.73819,41.75313],[-87.73731,41.75315],[-87.7366,41.75316],[-87.73658,41.75304],[-87.73235,41.75332],[-87.73228,41.75321],[-87.73177,41.75317],[-87.72934,41.75322],[-87.72689,41.75326],[-87.72651,41.75326],[-87.72495,41.75329],[-87.72428,41.75333],[-87.72204,41.75337],[-87.72213,41.75426],[-87.72217,41.75494],[-87.72215,41.75566],[-87.72218,41.75686],[-87.72218,41.75715],[-87.7222,41.75794],[-87.72226,41.76056],[-87.72229,41.76144],[-87.72207,41.76141],[-87.72183,41.76132],[-87.72157,41.76123],[-87.7213,41.76111],[-87.72062,41.76079],[-87.71861,41.75975],[-87.71857,41.75973],[-87.71853,41.75971],[-87.71848,41.75969],[-87.71844,41.75966],[-87.71839,41.75964],[-87.71834,41.75962],[-87.7183,41.75961],[-87.71813,41.75954],[-87.71801,41.75949],[-87.71788,41.75945],[-87.71776,41.75941],[-87.71762,41.75936],[-87.71749,41.75932],[-87.71736,41.75927],[-87.71723,41.75922],[-87.71711,41.7592],[-87.71623,41.75878],[-87.71619,41.75887],[-87.71588,41.75871],[-87.71581,41.75867],[-87.71554,41.75853],[-87.71392,41.75777],[-87.71372,41.75768],[-87.71363,41.75764],[-87.71342,41.75757],[-87.71328,41.75752],[-87.71308,41.75746],[-87.71297,41.75743],[-87.71278,41.75739],[-87.71252,41.75733],[-87.71225,41.75729],[-87.71205,41.75726],[-87.71184,41.75723],[-87.71173,41.75722],[-87.71151,41.7572],[-87.71135,41.75718],[-87.71119,41.75718],[-87.71101,41.75717],[-87.71082,41.75717],[-87.71042,41.75717],[-87.70964,41.75719],[-87.70955,41.75719],[-87.7095,41.75719],[-87.70944,41.7572],[-87.70939,41.7572],[-87.70934,41.75721],[-87.70929,41.75721],[-87.70923,41.75722],[-87.70918,41.75722],[-87.70913,41.75723],[-87.70907,41.75723],[-87.70902,41.75723],[-87.70892,41.75724],[-87.70851,41.75724],[-87.70813,41.75725],[-87.70791,41.75725],[-87.70745,41.75726],[-87.70744,41.75725],[-87.70743,41.75724],[-87.70745,41.75713],[-87.70695,41.75714],[-87.70664,41.75716],[-87.70658,41.75717],[-87.70653,41.75718],[-87.70648,41.75718],[-87.70643,41.75719],[-87.70638,41.75719],[-87.70633,41.75719],[-87.70628,41.7572],[-87.70612,41.7572],[-87.70423,41.75723],[-87.70278,41.75725],[-87.70264,41.75724],[-87.70262,41.75723],[-87.70262,41.7572],[-87.70213,41.75721],[-87.70143,41.75724],[-87.70118,41.75726],[-87.69934,41.7573],[-87.69605,41.75735],[-87.69191,41.75741],[-87.69018,41.75744],[-87.68954,41.75749],[-87.68911,41.75749],[-87.68877,41.75748],[-87.68863,41.75747],[-87.68817,41.75744],[-87.68696,41.75745],[-87.68675,41.75745],[-87.68668,41.75748],[-87.68667,41.75753],[-87.68481,41.75757],[-87.68454,41.75757],[-87.6841,41.75756],[-87.68348,41.75758],[-87.68325,41.7576],[-87.68175,41.75762],[-87.67854,41.75765],[-87.67517,41.75772],[-87.67376,41.75774],[-87.67091,41.75777],[-87.66971,41.75778],[-87.66969,41.75774],[-87.6697,41.75763],[-87.66636,41.75767],[-87.66592,41.75767],[-87.66548,41.75767],[-87.66547,41.75767],[-87.66503,41.75768],[-87.66483,41.75769],[-87.66459,41.7577],[-87.6645,41.7577],[-87.66361,41.75774],[-87.66359,41.75777],[-87.66199,41.75777],[-87.65815,41.75783],[-87.65718,41.75784],[-87.65664,41.75785],[-87.65591,41.75786],[-87.65463,41.75788],[-87.65406,41.75789],[-87.65401,41.75789],[-87.65393,41.75793],[-87.65391,41.758],[-87.64666,41.75811],[-87.64652,41.75807],[-87.64568,41.75809],[-87.6455,41.75809],[-87.64443,41.75811],[-87.64433,41.75811],[-87.64423,41.75793],[-87.64418,41.75609],[-87.64364,41.75609],[-87.64113,41.75612],[-87.63961,41.75615],[-87.63944,41.75615],[-87.63934,41.75616],[-87.63933,41.75616],[-87.63932,41.75626],[-87.6393,41.75666],[-87.63928,41.75693],[-87.63928,41.75719],[-87.63928,41.7572],[-87.63927,41.75743],[-87.63927,41.75796],[-87.63926,41.75798],[-87.63925,41.75798],[-87.63844,41.75801],[-87.63767,41.75803],[-87.63665,41.75804],[-87.6357,41.75806],[-87.63571,41.75825],[-87.63571,41.75857],[-87.63574,41.75968],[-87.63575,41.75986],[-87.63574,41.75987],[-87.63573,41.75988],[-87.63453,41.7599],[-87.63454,41.76011],[-87.63455,41.76045],[-87.63455,41.7608],[-87.63456,41.76105],[-87.63457,41.76152],[-87.63457,41.76172],[-87.63458,41.76189],[-87.6346,41.76275],[-87.63461,41.76299],[-87.63461,41.763],[-87.63459,41.76307],[-87.63456,41.76316],[-87.63456,41.76317],[-87.63446,41.76334],[-87.63444,41.76339],[-87.63443,41.76342],[-87.63444,41.76345],[-87.63448,41.76352],[-87.63462,41.76355],[-87.63466,41.76356],[-87.63471,41.76357],[-87.63483,41.7636],[-87.63484,41.76362],[-87.63484,41.76369],[-87.63484,41.7637],[-87.63479,41.76385],[-87.63473,41.76399],[-87.63468,41.76413],[-87.63464,41.76428],[-87.63464,41.76437],[-87.63465,41.76441],[-87.63465,41.7645],[-87.63465,41.76479],[-87.63466,41.76497],[-87.63466,41.76507],[-87.63466,41.76521],[-87.63467,41.76536],[-87.63467,41.76549],[-87.63468,41.76576],[-87.63468,41.76603],[-87.63469,41.76641],[-87.6347,41.76665],[-87.63471,41.76695],[-87.63471,41.76715],[-87.63471,41.76716],[-87.63469,41.76717],[-87.63354,41.76719],[-87.6335,41.76735],[-87.63351,41.76752],[-87.63351,41.76761],[-87.63351,41.76769],[-87.63352,41.76799],[-87.63353,41.76821],[-87.63353,41.76841],[-87.63354,41.76869],[-87.63354,41.7688],[-87.63355,41.76899],[-87.63353,41.76901],[-87.63307,41.76902],[-87.63279,41.76903],[-87.63266,41.76903],[-87.63236,41.76903],[-87.63199,41.76904],[-87.63158,41.76905],[-87.63136,41.76906],[-87.63125,41.77139],[-87.63104,41.77268],[-87.63103,41.77269],[-87.63102,41.7727],[-87.63052,41.7727],[-87.63027,41.7727],[-87.62996,41.77271],[-87.62997,41.77285],[-87.63007,41.77586],[-87.63007,41.7766],[-87.63005,41.7769],[-87.63005,41.77697],[-87.63004,41.77705],[-87.63009,41.77848],[-87.63015,41.77994],[-87.63013,41.77999],[-87.62877,41.78],[-87.62864,41.78],[-87.62854,41.78001],[-87.6286,41.78014],[-87.6287,41.7802],[-87.62888,41.7803],[-87.62889,41.7803],[-87.62889,41.78031],[-87.6289,41.7804],[-87.62891,41.78077],[-87.62893,41.78148],[-87.62897,41.78313],[-87.62826,41.78316],[-87.62825,41.78326],[-87.62843,41.78984],[-87.62847,41.79169],[-87.62856,41.7946],[-87.62863,41.7946],[-87.62957,41.79458],[-87.63077,41.79455],[-87.63097,41.79454],[-87.6314,41.79453],[-87.63204,41.79453],[-87.633,41.79451],[-87.63544,41.79448],[-87.63545,41.79448],[-87.63546,41.7945],[-87.63546,41.79459],[-87.63547,41.79481],[-87.63547,41.79486],[-87.63547,41.79498],[-87.63548,41.7952],[-87.63549,41.79541],[-87.63549,41.7956],[-87.63549,41.79567],[-87.63551,41.79646],[-87.6355,41.79695],[-87.63549,41.79716],[-87.6355,41.79766],[-87.63551,41.79831],[-87.63554,41.79916],[-87.63558,41.8001],[-87.6356,41.8005],[-87.6356,41.80065],[-87.63563,41.80089],[-87.63568,41.80119],[-87.63573,41.80239],[-87.63573,41.80273],[-87.63575,41.80339],[-87.63576,41.8039],[-87.63579,41.80472],[-87.63581,41.80554],[-87.63582,41.80601],[-87.63588,41.80796],[-87.6359,41.80837],[-87.63591,41.80884],[-87.63592,41.80902],[-87.63582,41.80905],[-87.63583,41.80968],[-87.63583,41.8098],[-87.63583,41.80981],[-87.63585,41.81051],[-87.63586,41.81092],[-87.63625,41.81091],[-87.63635,41.81091],[-87.63637,41.81092],[-87.63637,41.81093],[-87.6363,41.81125],[-87.63627,41.81136],[-87.63625,41.81148],[-87.63622,41.8116],[-87.63621,41.81171],[-87.63619,41.81183],[-87.63618,41.81195],[-87.63616,41.81221],[-87.63616,41.81261],[-87.63622,41.81542],[-87.63616,41.81633],[-87.63609,41.81635],[-87.63572,41.81635],[-87.63582,41.81726],[-87.63589,41.81815],[-87.63604,41.81824],[-87.63607,41.81974],[-87.63608,41.81995],[-87.63608,41.82027],[-87.6361,41.82177],[-87.63608,41.82179],[-87.6361,41.82288],[-87.63612,41.82359],[-87.63622,41.82358],[-87.63631,41.82358],[-87.63737,41.82357],[-87.63862,41.82355],[-87.63984,41.82354],[-87.64167,41.82351],[-87.64349,41.82349],[-87.6441,41.82348],[-87.64593,41.82346],[-87.65271,41.82337],[-87.65322,41.82337],[-87.65395,41.82336],[-87.65611,41.82331],[-87.65612,41.82332],[-87.65713,41.82403],[-87.65714,41.82405],[-87.65735,41.82607],[-87.65737,41.8267],[-87.65741,41.82693],[-87.65755,41.828],[-87.65757,41.82863],[-87.65739,41.8306],[-87.65737,41.83088],[-87.6574,41.83108],[-87.65743,41.8312],[-87.65768,41.83148],[-87.65846,41.83234],[-87.65919,41.83312],[-87.66027,41.83428],[-87.66035,41.83437],[-87.6609,41.83466],[-87.66129,41.83487],[-87.66186,41.83551],[-87.66199,41.83569],[-87.66249,41.83614],[-87.66308,41.83682],[-87.66317,41.83698],[-87.66347,41.83784],[-87.66428,41.83906],[-87.66429,41.83906],[-87.66462,41.83887],[-87.66509,41.83861],[-87.66539,41.83843],[-87.66576,41.83822],[-87.66614,41.83803],[-87.66683,41.83772],[-87.66754,41.83749],[-87.66808,41.83736],[-87.66893,41.83721],[-87.66902,41.8372],[-87.66957,41.83716],[-87.66963,41.83716],[-87.67054,41.83714],[-87.67056,41.83727],[-87.67056,41.83735],[-87.67088,41.83734],[-87.67247,41.83731],[-87.67384,41.83729],[-87.67458,41.83727],[-87.67528,41.83726],[-87.67608,41.83724],[-87.67676,41.83722],[-87.67743,41.83721],[-87.67788,41.8372],[-87.67813,41.83719],[-87.67817,41.83719],[-87.67873,41.83718],[-87.67908,41.83716],[-87.67922,41.83715],[-87.67985,41.83707],[-87.68027,41.837],[-87.68144,41.83668],[-87.68374,41.83597],[-87.68499,41.83557],[-87.68685,41.83498],[-87.69245,41.83321],[-87.69453,41.83256],[-87.69497,41.83242],[-87.69519,41.83235],[-87.69556,41.83223],[-87.69598,41.8321],[-87.69635,41.832],[-87.69636,41.832],[-87.69637,41.832],[-87.69661,41.83219],[-87.69662,41.83219],[-87.69683,41.83211],[-87.69684,41.83211],[-87.69705,41.83203],[-87.69729,41.83194],[-87.69762,41.83181],[-87.69781,41.83173],[-87.70019,41.83098],[-87.70229,41.83039],[-87.70241,41.83035],[-87.70256,41.83032],[-87.70271,41.83028],[-87.70289,41.83023],[-87.70301,41.8302],[-87.70319,41.83015],[-87.70332,41.83011],[-87.70346,41.83007],[-87.70361,41.83003],[-87.70375,41.82999],[-87.70389,41.82995],[-87.70408,41.8299],[-87.70417,41.82987],[-87.70428,41.82985],[-87.70429,41.82985],[-87.70461,41.8298],[-87.70459,41.82948],[-87.70459,41.82931],[-87.70459,41.82911],[-87.70689,41.82839],[-87.70928,41.82763],[-87.70999,41.82741],[-87.71085,41.82714],[-87.7112,41.82704],[-87.71146,41.82696],[-87.71187,41.82682],[-87.71231,41.82669],[-87.7142,41.82609],[-87.71434,41.82605],[-87.71435,41.82605],[-87.71436,41.82605],[-87.71437,41.82607],[-87.71437,41.82632],[-87.71748,41.82534],[-87.71776,41.82524],[-87.71922,41.82479],[-87.72134,41.82413],[-87.72406,41.82327],[-87.72437,41.82317],[-87.7295,41.82156],[-87.73192,41.8208],[-87.73436,41.82003]]]},"properties":{"name":"Southwest Side","info":"From McKinley Park and Brighton Park down to Englewood and Midway.","lp":[-87.68319,41.79597]}},
{"type":"Feature","geometry":{"type":"Polygon","coordinates":[[[-87.74121,41.75328],[-87.7415,41.75329],[-87.7415,41.75267],[-87.74141,41.75067],[-87.74139,41.74952],[-87.74132,41.74872],[-87.7413,41.74765],[-87.7412,41.74433],[-87.74109,41.74164],[-87.74093,41.73687],[-87.74095,41.73556],[-87.74107,41.73452],[-87.73953,41.73456],[-87.73826,41.73455],[-87.72716,41.73473],[-87.72596,41.73478],[-87.71399,41.73499],[-87.70916,41.73508],[-87.70769,41.7351],[-87.70215,41.73519],[-87.70124,41.73521],[-87.69547,41.7353],[-87.68253,41.73553],[-87.68251,41.73551],[-87.68228,41.72786],[-87.68184,41.71368],[-87.68616,41.71363],[-87.69173,41.71357],[-87.69153,41.70741],[-87.69154,41.7072],[-87.69631,41.70715],[-87.69668,41.70714],[-87.7012,41.70708],[-87.70137,41.70705],[-87.70135,41.70618],[-87.70261,41.70618],[-87.70921,41.70609],[-87.71112,41.70609],[-87.7113,41.71149],[-87.71253,41.71149],[-87.71258,41.7133],[-87.72113,41.71317],[-87.72107,41.71069],[-87.72088,41.70501],[-87.72084,41.70428],[-87.72068,41.70025],[-87.72066,41.69928],[-87.72053,41.69615],[-87.72034,41.69127],[-87.72518,41.69118],[-87.72519,41.69104],[-87.73973,41.69078],[-87.73966,41.68913],[-87.73949,41.68912],[-87.73927,41.68375],[-87.72491,41.684],[-87.72489,41.68398],[-87.72185,41.68403],[-87.72183,41.68394],[-87.71548,41.68404],[-87.71153,41.68409],[-87.7115,41.68401],[-87.71141,41.68186],[-87.7116,41.68183],[-87.71158,41.68127],[-87.71139,41.68125],[-87.71136,41.68054],[-87.70774,41.6806],[-87.70715,41.68055],[-87.70529,41.68058],[-87.70528,41.68084],[-87.70542,41.68417],[-87.7054,41.68419],[-87.70055,41.68426],[-87.70062,41.68612],[-87.6994,41.68615],[-87.69947,41.68791],[-87.69945,41.68793],[-87.69743,41.68796],[-87.69661,41.68798],[-87.69576,41.68806],[-87.69563,41.68433],[-87.68574,41.68448],[-87.68572,41.68446],[-87.68557,41.67962],[-87.68558,41.67915],[-87.68571,41.67844],[-87.68587,41.67797],[-87.6862,41.67721],[-87.68522,41.67722],[-87.68169,41.6773],[-87.67956,41.67723],[-87.6785,41.67723],[-87.66798,41.67742],[-87.66796,41.67739],[-87.6684,41.67619],[-87.66732,41.67596],[-87.66676,41.67744],[-87.66404,41.67749],[-87.66137,41.67754],[-87.66137,41.67789],[-87.66138,41.67814],[-87.6614,41.67887],[-87.66141,41.67909],[-87.66142,41.67936],[-87.66142,41.67967],[-87.66146,41.68097],[-87.66152,41.68289],[-87.66154,41.68343],[-87.66155,41.68388],[-87.66159,41.68467],[-87.6616,41.6848],[-87.6616,41.68481],[-87.66158,41.68482],[-87.66065,41.68483],[-87.6598,41.68485],[-87.65896,41.68486],[-87.65857,41.68486],[-87.65836,41.68487],[-87.65815,41.68487],[-87.65796,41.68487],[-87.65772,41.68487],[-87.65745,41.68488],[-87.65724,41.68488],[-87.65711,41.68488],[-87.6569,41.68488],[-87.65674,41.68489],[-87.65652,41.68489],[-87.65627,41.68489],[-87.65603,41.6849],[-87.65581,41.6849],[-87.65527,41.68491],[-87.65461,41.68492],[-87.65449,41.68492],[-87.65392,41.68492],[-87.65346,41.68493],[-87.6533,41.68493],[-87.65282,41.68494],[-87.65043,41.68497],[-87.64823,41.685],[-87.6454,41.68504],[-87.64249,41.68508],[-87.64215,41.68508],[-87.64216,41.68534],[-87.64217,41.68571],[-87.64218,41.68594],[-87.64219,41.68624],[-87.6422,41.68651],[-87.64222,41.68723],[-87.64223,41.68749],[-87.64224,41.68787],[-87.64226,41.6885],[-87.64227,41.68888],[-87.64228,41.68897],[-87.6423,41.68995],[-87.64232,41.69054],[-87.64244,41.69418],[-87.64254,41.69763],[-87.64255,41.69782],[-87.64266,41.70146],[-87.64272,41.70328],[-87.64278,41.7051],[-87.64279,41.7054],[-87.64283,41.7069],[-87.64283,41.70691],[-87.64281,41.70692],[-87.63798,41.70698],[-87.63676,41.707],[-87.63608,41.707],[-87.63556,41.70701],[-87.63517,41.70702],[-87.63373,41.70704],[-87.63358,41.70704],[-87.63313,41.70704],[-87.63327,41.71169],[-87.63331,41.71342],[-87.63334,41.71436],[-87.63334,41.71464],[-87.63336,41.71522],[-87.63338,41.71614],[-87.63342,41.71795],[-87.63353,41.72159],[-87.63364,41.72522],[-87.63365,41.72578],[-87.63367,41.72648],[-87.63367,41.7266],[-87.63369,41.72699],[-87.63373,41.72885],[-87.63374,41.72992],[-87.6338,41.73],[-87.63391,41.73171],[-87.63396,41.73289],[-87.634,41.7339],[-87.63403,41.73433],[-87.63403,41.73447],[-87.63407,41.7352],[-87.63408,41.73546],[-87.63409,41.73562],[-87.63411,41.73579],[-87.63413,41.73593],[-87.63394,41.73596],[-87.63381,41.73595],[-87.63381,41.73605],[-87.63383,41.73666],[-87.63384,41.73729],[-87.63385,41.73738],[-87.63385,41.7375],[-87.63385,41.73757],[-87.63386,41.73764],[-87.63386,41.73773],[-87.63387,41.73795],[-87.63387,41.73805],[-87.63388,41.73821],[-87.6339,41.73837],[-87.63392,41.73847],[-87.63394,41.73861],[-87.63397,41.73876],[-87.63401,41.7389],[-87.63401,41.73891],[-87.63405,41.73906],[-87.63408,41.73913],[-87.63396,41.73947],[-87.63401,41.73956],[-87.63403,41.7408],[-87.63404,41.74087],[-87.63406,41.74157],[-87.63407,41.74192],[-87.63408,41.74237],[-87.6341,41.74306],[-87.63411,41.7435],[-87.63436,41.74355],[-87.63453,41.74361],[-87.63464,41.74365],[-87.63495,41.74377],[-87.63501,41.7438],[-87.63525,41.74389],[-87.63548,41.74398],[-87.63595,41.74416],[-87.63629,41.74374],[-87.63644,41.74356],[-87.63649,41.74352],[-87.63763,41.74347],[-87.6386,41.74345],[-87.63919,41.74346],[-87.63913,41.74448],[-87.63908,41.7462],[-87.63907,41.74794],[-87.6391,41.74887],[-87.63919,41.74887],[-87.63948,41.74888],[-87.63945,41.75048],[-87.63945,41.75049],[-87.63937,41.75071],[-87.63942,41.75071],[-87.63974,41.7507],[-87.63974,41.75071],[-87.63975,41.75071],[-87.63976,41.75071],[-87.63976,41.75072],[-87.63977,41.75084],[-87.63979,41.75169],[-87.6398,41.75214],[-87.6398,41.75229],[-87.6398,41.75244],[-87.6398,41.75252],[-87.6398,41.75262],[-87.63981,41.75272],[-87.63984,41.75354],[-87.63986,41.75445],[-87.63987,41.75471],[-87.63987,41.75492],[-87.63988,41.75512],[-87.63988,41.75536],[-87.63988,41.75552],[-87.63989,41.75568],[-87.63989,41.75581],[-87.6399,41.75593],[-87.6399,41.75615],[-87.64113,41.75612],[-87.64364,41.75609],[-87.64418,41.75611],[-87.64423,41.75793],[-87.64433,41.75811],[-87.6455,41.75809],[-87.64568,41.75809],[-87.64652,41.75807],[-87.64666,41.75811],[-87.65393,41.758],[-87.65394,41.75792],[-87.65401,41.75789],[-87.65406,41.75789],[-87.65463,41.75788],[-87.65591,41.75786],[-87.65664,41.75785],[-87.65718,41.75784],[-87.65815,41.75783],[-87.66199,41.75777],[-87.66361,41.75777],[-87.6645,41.7577],[-87.66459,41.7577],[-87.66483,41.75769],[-87.66503,41.75768],[-87.66547,41.75767],[-87.66548,41.75767],[-87.66592,41.75767],[-87.66636,41.75767],[-87.66968,41.75763],[-87.66969,41.75774],[-87.67091,41.75777],[-87.67376,41.75774],[-87.67517,41.75772],[-87.67854,41.75765],[-87.68175,41.75762],[-87.68325,41.7576],[-87.68348,41.75758],[-87.68383,41.75758],[-87.6841,41.75756],[-87.68454,41.75757],[-87.68481,41.75757],[-87.6867,41.75753],[-87.68669,41.75748],[-87.6867,41.75747],[-87.68674,41.75745],[-87.68675,41.75745],[-87.68696,41.75745],[-87.68817,41.75744],[-87.68877,41.75748],[-87.68911,41.75749],[-87.68954,41.75749],[-87.69018,41.75744],[-87.69605,41.75735],[-87.69934,41.7573],[-87.70118,41.75726],[-87.7013,41.75725],[-87.70143,41.75724],[-87.70213,41.75721],[-87.7026,41.7572],[-87.70262,41.75724],[-87.70278,41.75725],[-87.70423,41.75723],[-87.70577,41.75721],[-87.706,41.7572],[-87.70612,41.7572],[-87.70628,41.7572],[-87.70633,41.75719],[-87.70638,41.75719],[-87.70643,41.75719],[-87.70648,41.75718],[-87.70653,41.75718],[-87.70658,41.75717],[-87.70664,41.75716],[-87.70742,41.75713],[-87.70743,41.75726],[-87.70764,41.75726],[-87.70791,41.75725],[-87.70813,41.75725],[-87.70851,41.75724],[-87.70892,41.75724],[-87.70902,41.75723],[-87.70907,41.75723],[-87.70913,41.75723],[-87.70918,41.75722],[-87.70923,41.75722],[-87.70929,41.75721],[-87.70934,41.75721],[-87.70939,41.7572],[-87.70944,41.7572],[-87.7095,41.75719],[-87.70955,41.75719],[-87.70964,41.75719],[-87.71042,41.75717],[-87.71082,41.75717],[-87.71101,41.75717],[-87.71135,41.75718],[-87.71151,41.7572],[-87.71173,41.75722],[-87.71184,41.75723],[-87.71252,41.75733],[-87.71278,41.75739],[-87.71297,41.75743],[-87.71308,41.75746],[-87.71328,41.75752],[-87.71342,41.75757],[-87.71363,41.75764],[-87.71372,41.75768],[-87.71392,41.75777],[-87.71461,41.75811],[-87.71484,41.75822],[-87.71531,41.75843],[-87.71554,41.75853],[-87.71581,41.75867],[-87.71588,41.75871],[-87.71622,41.75889],[-87.71625,41.75879],[-87.7171,41.7592],[-87.71723,41.75922],[-87.71736,41.75927],[-87.71749,41.75932],[-87.71762,41.75936],[-87.71776,41.75941],[-87.71801,41.75949],[-87.71813,41.75954],[-87.7183,41.75961],[-87.71834,41.75962],[-87.71839,41.75964],[-87.71844,41.75966],[-87.71848,41.75969],[-87.71861,41.75975],[-87.71866,41.75977],[-87.7187,41.7598],[-87.71874,41.75982],[-87.71892,41.75991],[-87.72016,41.76056],[-87.72062,41.76079],[-87.72102,41.76098],[-87.7213,41.76111],[-87.72157,41.76123],[-87.72183,41.76132],[-87.72207,41.76141],[-87.72229,41.76147],[-87.72226,41.76056],[-87.7222,41.75794],[-87.72218,41.75715],[-87.72218,41.75686],[-87.72215,41.75566],[-87.72217,41.75494],[-87.72213,41.75426],[-87.72206,41.75337],[-87.72428,41.75333],[-87.72495,41.75329],[-87.72689,41.75326],[-87.72934,41.75322],[-87.73177,41.75317],[-87.73228,41.75321],[-87.73233,41.75332],[-87.73656,41.75304],[-87.73658,41.75316],[-87.73731,41.75315],[-87.73777,41.75314],[-87.73819,41.75313],[-87.73829,41.75313],[-87.73912,41.75312],[-87.74121,41.75328]],[[-87.696,41.69893],[-87.69126,41.69898],[-87.69124,41.69896],[-87.69101,41.6923],[-87.69171,41.69227],[-87.6921,41.6922],[-87.69211,41.69176],[-87.69574,41.69172],[-87.69576,41.69173],[-87.69602,41.69891],[-87.696,41.69893]]]},"properties":{"name":"Far Southwest Side","info":"Beverly, Mount Greenwood, Morgan Park and their neighbours.","lp":[-87.658,41.72792]}},
{"type":"Feature","geometry":{"type":"Polygon","coordinates":[[[-87.64823,41.685],[-87.65043,41.68497],[-87.65204,41.68495],[-87.65251,41.68494],[-87.65282,41.68494],[-87.65392,41.68492],[-87.65414,41.68492],[-87.65431,41.68492],[-87.65449,41.68492],[-87.65527,41.68491],[-87.65581,41.6849],[-87.65603,41.6849],[-87.65627,41.68489],[-87.65652,41.68489],[-87.65674,41.68489],[-87.6569,41.68488],[-87.65711,41.68488],[-87.65745,41.68488],[-87.65772,41.68487],[-87.65796,41.68487],[-87.65815,41.68487],[-87.6598,41.68485],[-87.66065,41.68483],[-87.66125,41.68483],[-87.6616,41.68482],[-87.66159,41.68467],[-87.66152,41.68289],[-87.66146,41.68097],[-87.66143,41.67996],[-87.66142,41.67967],[-87.66141,41.67909],[-87.6614,41.67887],[-87.66139,41.67839],[-87.66138,41.67814],[-87.66137,41.67789],[-87.66135,41.67763],[-87.66138,41.67745],[-87.66132,41.67525],[-87.66115,41.67034],[-87.65936,41.67032],[-87.65865,41.67029],[-87.65775,41.6703],[-87.64168,41.67054],[-87.64166,41.67052],[-87.64142,41.66327],[-87.64144,41.66324],[-87.64722,41.66316],[-87.64699,41.65763],[-87.64591,41.65778],[-87.64475,41.65772],[-87.64366,41.65775],[-87.64142,41.65777],[-87.64141,41.65809],[-87.64106,41.65808],[-87.64105,41.65777],[-87.64042,41.65779],[-87.63913,41.65775],[-87.63856,41.65771],[-87.63629,41.65739],[-87.63574,41.65735],[-87.63501,41.65737],[-87.63392,41.65747],[-87.633,41.65753],[-87.63264,41.65762],[-87.63263,41.65774],[-87.63202,41.6579],[-87.63155,41.65792],[-87.63126,41.65782],[-87.63082,41.65796],[-87.63076,41.65828],[-87.62973,41.65901],[-87.62915,41.65932],[-87.62875,41.65964],[-87.62754,41.66076],[-87.62644,41.66149],[-87.62628,41.66166],[-87.62591,41.66181],[-87.62476,41.66209],[-87.62442,41.66226],[-87.62381,41.66227],[-87.62328,41.6624],[-87.62203,41.66239],[-87.62202,41.66213],[-87.62025,41.66137],[-87.61986,41.66114],[-87.61951,41.66078],[-87.61939,41.66006],[-87.61946,41.65954],[-87.61968,41.65906],[-87.61773,41.65911],[-87.61773,41.65901],[-87.61848,41.65555],[-87.61875,41.65458],[-87.61925,41.65313],[-87.61982,41.65183],[-87.62032,41.65089],[-87.6202,41.65085],[-87.61803,41.65037],[-87.61723,41.65026],[-87.61724,41.64763],[-87.61722,41.64458],[-87.61336,41.64461],[-87.6121,41.6446],[-87.60124,41.64461],[-87.59783,41.64461],[-87.59789,41.648],[-87.59667,41.6483],[-87.59467,41.64878],[-87.59367,41.64892],[-87.59233,41.64893],[-87.59209,41.64891],[-87.59114,41.6486],[-87.59047,41.64828],[-87.59011,41.64782],[-87.58986,41.64766],[-87.5892,41.64698],[-87.58889,41.64675],[-87.58876,41.64683],[-87.58815,41.64632],[-87.5873,41.64543],[-87.58694,41.64497],[-87.58684,41.64469],[-87.58567,41.6447],[-87.57858,41.6447],[-87.57725,41.64471],[-87.57487,41.64468],[-87.57373,41.64468],[-87.56237,41.64466],[-87.5498,41.64457],[-87.53503,41.64456],[-87.52994,41.64457],[-87.52517,41.64454],[-87.52499,41.65906],[-87.52484,41.67365],[-87.52465,41.68818],[-87.52462,41.6918],[-87.52466,41.69227],[-87.52464,41.69529],[-87.52461,41.69542],[-87.5246,41.69724],[-87.52455,41.69954],[-87.52453,41.7026],[-87.52455,41.70795],[-87.52454,41.70848],[-87.52494,41.70873],[-87.525,41.70893],[-87.52537,41.70883],[-87.52566,41.7091],[-87.52524,41.70936],[-87.52533,41.70945],[-87.52578,41.70917],[-87.5262,41.70955],[-87.52559,41.70993],[-87.52526,41.70971],[-87.52511,41.70972],[-87.52488,41.7094],[-87.52449,41.70925],[-87.52422,41.70944],[-87.52459,41.70959],[-87.52496,41.70989],[-87.52549,41.71015],[-87.52565,41.71036],[-87.526,41.71035],[-87.52592,41.71013],[-87.52624,41.70983],[-87.52669,41.70986],[-87.52721,41.71003],[-87.52838,41.71079],[-87.52839,41.71082],[-87.52643,41.71231],[-87.52742,41.71308],[-87.52791,41.71376],[-87.52813,41.71424],[-87.52848,41.71473],[-87.5287,41.71537],[-87.52867,41.71569],[-87.52828,41.71615],[-87.52764,41.71662],[-87.52701,41.71695],[-87.52581,41.71732],[-87.52555,41.71737],[-87.52447,41.7174],[-87.5245,41.71799],[-87.52491,41.71805],[-87.52529,41.71849],[-87.52555,41.719],[-87.52561,41.71955],[-87.52556,41.72037],[-87.5254,41.72094],[-87.5249,41.72164],[-87.52447,41.7219],[-87.52447,41.7232],[-87.52454,41.72358],[-87.52469,41.73109],[-87.52495,41.73141],[-87.52526,41.73153],[-87.52895,41.73205],[-87.52918,41.73213],[-87.52949,41.73238],[-87.52899,41.7337],[-87.52915,41.73489],[-87.52912,41.73497],[-87.52928,41.73593],[-87.52949,41.73783],[-87.52955,41.73809],[-87.52986,41.74061],[-87.53141,41.74059],[-87.53887,41.7405],[-87.53981,41.7405],[-87.53984,41.74101],[-87.53176,41.7411],[-87.53069,41.74112],[-87.52988,41.74133],[-87.52446,41.74139],[-87.5245,41.74145],[-87.52949,41.7414],[-87.52991,41.7415],[-87.53004,41.74179],[-87.53008,41.7424],[-87.53071,41.74691],[-87.53095,41.74803],[-87.53138,41.74828],[-87.53208,41.74859],[-87.53274,41.74882],[-87.5339,41.74931],[-87.53438,41.74945],[-87.5352,41.7498],[-87.53549,41.74988],[-87.53601,41.75016],[-87.53689,41.7505],[-87.53735,41.75071],[-87.5385,41.75112],[-87.53892,41.75131],[-87.53992,41.75163],[-87.54049,41.75186],[-87.54114,41.75193],[-87.54305,41.75192],[-87.54352,41.75225],[-87.54372,41.75254],[-87.54415,41.75344],[-87.54441,41.75414],[-87.54415,41.75462],[-87.54417,41.7548],[-87.54394,41.75503],[-87.544,41.75516],[-87.54494,41.75444],[-87.54526,41.75436],[-87.54655,41.75387],[-87.54774,41.75453],[-87.54871,41.75409],[-87.54875,41.75402],[-87.54965,41.75348],[-87.55181,41.75218],[-87.55228,41.75192],[-87.55229,41.75192],[-87.55244,41.75192],[-87.55351,41.7519],[-87.55407,41.75189],[-87.55532,41.75188],[-87.55653,41.75186],[-87.55698,41.75186],[-87.55844,41.75184],[-87.55991,41.75182],[-87.5626,41.75178],[-87.56502,41.75175],[-87.56867,41.7517],[-87.57014,41.75168],[-87.57232,41.75165],[-87.57477,41.75162],[-87.57721,41.75159],[-87.57843,41.75158],[-87.57885,41.75157],[-87.58005,41.75156],[-87.58087,41.75154],[-87.58331,41.75151],[-87.58566,41.7515],[-87.58582,41.75153],[-87.58593,41.75175],[-87.5875,41.75288],[-87.58875,41.75378],[-87.59001,41.75469],[-87.59122,41.75556],[-87.5913,41.75562],[-87.59306,41.75688],[-87.59432,41.75687],[-87.59541,41.75686],[-87.59563,41.75686],[-87.5958,41.75686],[-87.59611,41.75549],[-87.59622,41.75503],[-87.59559,41.75501],[-87.59553,41.75315],[-87.59553,41.75309],[-87.59553,41.75297],[-87.59553,41.75283],[-87.59552,41.75265],[-87.59552,41.75246],[-87.59551,41.7523],[-87.59551,41.75213],[-87.5955,41.75195],[-87.5955,41.75175],[-87.5955,41.75155],[-87.59549,41.75141],[-87.5955,41.75139],[-87.59551,41.75139],[-87.59689,41.75137],[-87.59703,41.75137],[-87.59715,41.75137],[-87.60276,41.75131],[-87.60521,41.75129],[-87.6119,41.75117],[-87.61496,41.75111],[-87.61654,41.75109],[-87.61815,41.75106],[-87.61977,41.75103],[-87.62163,41.751],[-87.62271,41.75098],[-87.623,41.75098],[-87.6232,41.75098],[-87.62349,41.75097],[-87.62381,41.75098],[-87.6247,41.75095],[-87.62703,41.75091],[-87.62825,41.75089],[-87.6293,41.75087],[-87.63309,41.7508],[-87.63862,41.75072],[-87.63896,41.75072],[-87.63937,41.75071],[-87.63945,41.75049],[-87.63949,41.74886],[-87.63919,41.74887],[-87.6391,41.74885],[-87.63907,41.74794],[-87.63908,41.7462],[-87.63913,41.74448],[-87.63919,41.74343],[-87.6386,41.74345],[-87.63763,41.74347],[-87.63729,41.74348],[-87.63648,41.74352],[-87.63644,41.74356],[-87.63629,41.74374],[-87.63608,41.74398],[-87.63595,41.74415],[-87.63593,41.74416],[-87.63548,41.74398],[-87.63525,41.74389],[-87.63501,41.7438],[-87.63495,41.74377],[-87.63453,41.74361],[-87.63436,41.74355],[-87.63423,41.74351],[-87.63413,41.7435],[-87.63411,41.7435],[-87.63411,41.74349],[-87.63411,41.74348],[-87.6341,41.74306],[-87.63408,41.74237],[-87.63407,41.74192],[-87.63406,41.74157],[-87.63404,41.74102],[-87.63404,41.74087],[-87.63403,41.7408],[-87.63401,41.73956],[-87.63408,41.73914],[-87.63405,41.73906],[-87.63401,41.73891],[-87.63401,41.7389],[-87.63397,41.73876],[-87.63394,41.73861],[-87.63392,41.73847],[-87.6339,41.73837],[-87.63388,41.73821],[-87.63387,41.73805],[-87.63387,41.73795],[-87.63386,41.73773],[-87.63386,41.73764],[-87.63385,41.73757],[-87.63385,41.7375],[-87.63385,41.73738],[-87.63383,41.73666],[-87.63381,41.73605],[-87.63381,41.73597],[-87.63381,41.73596],[-87.63383,41.73595],[-87.63394,41.73596],[-87.63413,41.73594],[-87.63411,41.73579],[-87.63409,41.73562],[-87.63408,41.73546],[-87.63407,41.7352],[-87.63403,41.73447],[-87.63403,41.73433],[-87.63402,41.73427],[-87.634,41.7339],[-87.63396,41.73289],[-87.63395,41.73262],[-87.63391,41.73171],[-87.6338,41.72998],[-87.63374,41.72992],[-87.63373,41.72885],[-87.63369,41.72699],[-87.63367,41.7266],[-87.63367,41.72648],[-87.63365,41.72578],[-87.63364,41.72522],[-87.63353,41.72159],[-87.63348,41.71977],[-87.63342,41.71795],[-87.63338,41.71614],[-87.63327,41.71169],[-87.63313,41.70706],[-87.63315,41.70704],[-87.63373,41.70704],[-87.63476,41.70702],[-87.63517,41.70702],[-87.63676,41.707],[-87.63798,41.70698],[-87.64283,41.70692],[-87.64282,41.70661],[-87.64282,41.70645],[-87.64279,41.7054],[-87.64278,41.7051],[-87.64272,41.70328],[-87.64266,41.70146],[-87.64255,41.69782],[-87.64254,41.69763],[-87.64244,41.69418],[-87.64232,41.69054],[-87.6423,41.68995],[-87.64228,41.68932],[-87.64228,41.68911],[-87.64228,41.68897],[-87.64224,41.68787],[-87.64222,41.68723],[-87.6422,41.68674],[-87.6422,41.68651],[-87.64219,41.68624],[-87.64218,41.68594],[-87.64217,41.68571],[-87.64215,41.6851],[-87.64216,41.68509],[-87.64217,41.68508],[-87.6454,41.68504],[-87.64823,41.685]]]},"properties":{"name":"Far Southeast Side","info":"Chatham to Hegewisch, including Pullman and the Calumet area.","lp":[-87.57931,41.6995]}}
]}