{"type":"FeatureCollection", "features": [
{"type":"Feature","geometry":{"type":"Polygon","coordinates":[[[-87.66519,41.91066],[-87.67041,41.91059],[-87.67719,41.91049],[-87.68218,41.9104],[-87.68722,41.91032],[-87.68742,41.91779],[-87.68761,41.92363],[-87.68763,41.92467],[-87.68777,41.92858],[-87.69063,41.93019],[-87.69095,41.93033],[-87.6916,41.93075],[-87.69274,41.93139],[-87.69396,41.93212],[-87.69662,41.9321],[-87.69853,41.93209],[-87.70498,41.93204],[-87.70488,41.9284],[-87.70525,41.9284],[-87.70555,41.92827],[-87.70575,41.92806],[-87.70235,41.92597],[-87.7023,41.9241],[-87.70223,41.92238],[-87.70679,41.92234],[-87.70714,41.92232],[-87.70711,41.92145],[-87.70737,41.92141],[-87.70761,41.92106],[-87.70749,41.92082],[-87.70707,41.92066],[-87.70703,41.91923],[-87.70697,41.9174],[-87.70034,41.91746],[-87.69772,41.91748],[-87.69761,41.914],[-87.69709,41.91391],[-87.6922,41.91395],[-87.6921,41.91045],[-87.69211,41.90979],[-87.69204,41.90662],[-87.68712,41.90667],[-87.68701,41.90209],[-87.68696,41.90029],[-87.68451,41.90033],[-87.68449,41.89942],[-87.67757,41.89955],[-87.67228,41.89963],[-87.67219,41.89625],[-87.67216,41.89579],[-87.67202,41.8909],[-87.66779,41.89097],[-87.66552,41.891],[-87.66548,41.88991],[-87.66414,41.88993],[-87.66223,41.88994],[-87.66221,41.889],[-87.66194,41.88889],[-87.66084,41.8889],[-87.66088,41.88995],[-87.65993,41.88996],[-87.65989,41.89003],[-87.65829,41.89194],[-87.65743,41.89292],[-87.65744,41.8935],[-87.66255,41.89341],[-87.66558,41.89337],[-87.66566,41.8961],[-87.66491,41.89611],[-87.66495,41.89769],[-87.66491,41.89839],[-87.66247,41.89844],[-87.66253,41.90082],[-87.66649,41.90336],[-87.66429,41.90338],[-87.66129,41.90344],[-87.66114,41.90497],[-87.66122,41.9057],[-87.6614,41.90628],[-87.66172,41.90686],[-87.662,41.90724],[-87.66245,41.90772],[-87.664,41.90912],[-87.66428,41.90941],[-87.66483,41.9101],[-87.66519,41.91066]]]},"properties":{"num":1,"lp":[-87.69496,41.92431]}},
{"type":"Feature","geometry":{"type":"Polygon","coordinates":[[[-87.62403,41.90404],[-87.62585,41.90399],[-87.62584,41.9049],[-87.62871,41.90485],[-87.62877,41.9066],[-87.62879,41.908],[-87.62889,41.91122],[-87.63168,41.91118],[-87.63186,41.91155],[-87.63281,41.91311],[-87.63311,41.91291],[-87.63838,41.91282],[-87.63878,41.91288],[-87.63986,41.91287],[-87.63981,41.9111],[-87.64306,41.91104],[-87.64436,41.91099],[-87.64445,41.91389],[-87.64836,41.91383],[-87.64827,41.91092],[-87.6495,41.9109],[-87.65628,41.91577],[-87.65828,41.91719],[-87.6582,41.91734],[-87.65828,41.91985],[-87.65707,41.91987],[-87.65713,41.92168],[-87.65833,41.92166],[-87.65839,41.92348],[-87.65719,41.9235],[-87.65725,41.92531],[-87.65845,41.92529],[-87.66277,41.92523],[-87.66815,41.92515],[-87.66811,41.92428],[-87.66319,41.92074],[-87.66314,41.91945],[-87.66304,41.91929],[-87.66033,41.91731],[-87.66014,41.9171],[-87.6591,41.91712],[-87.65778,41.91617],[-87.65604,41.91455],[-87.65439,41.91305],[-87.65499,41.91272],[-87.65548,41.9125],[-87.65408,41.91082],[-87.65111,41.91087],[-87.65104,41.90854],[-87.64821,41.90858],[-87.64825,41.91],[-87.64775,41.90964],[-87.64735,41.90996],[-87.64702,41.91014],[-87.64615,41.91023],[-87.64625,41.91095],[-87.64708,41.91094],[-87.64707,41.9114],[-87.64586,41.91142],[-87.64584,41.91096],[-87.64536,41.91096],[-87.64545,41.91023],[-87.64425,41.91023],[-87.64408,41.91043],[-87.64341,41.91043],[-87.64338,41.90918],[-87.64217,41.90919],[-87.64206,41.90576],[-87.64211,41.9056],[-87.64111,41.90487],[-87.64086,41.90506],[-87.64085,41.90561],[-87.64096,41.90921],[-87.63853,41.90924],[-87.63859,41.91117],[-87.63804,41.91118],[-87.63806,41.91172],[-87.63668,41.91175],[-87.63666,41.91114],[-87.63762,41.91113],[-87.6376,41.91034],[-87.63742,41.91019],[-87.63726,41.90961],[-87.63718,41.90806],[-87.63718,41.90762],[-87.63848,41.9076],[-87.63842,41.90566],[-87.63712,41.90569],[-87.6371,41.90491],[-87.63702,41.90381],[-87.63145,41.9039],[-87.63142,41.90314],[-87.63298,41.90311],[-87.63293,41.90133],[-87.63438,41.90132],[-87.63426,41.8982],[-87.63723,41.89816],[-87.63726,41.89894],[-87.63877,41.89892],[-87.63869,41.89703],[-87.63815,41.89704],[-87.63802,41.89698],[-87.63719,41.89698],[-87.6372,41.89738],[-87.63423,41.89742],[-87.6342,41.8966],[-87.63052,41.89665],[-87.63055,41.89798],[-87.62982,41.89799],[-87.62986,41.89991],[-87.62829,41.89994],[-87.62836,41.90218],[-87.62832,41.90237],[-87.62451,41.90244],[-87.62423,41.90161],[-87.62423,41.90095],[-87.62412,41.90082],[-87.62419,41.90045],[-87.62414,41.89973],[-87.6241,41.89785],[-87.62424,41.89673],[-87.62685,41.8967],[-87.62683,41.8957],[-87.62817,41.89568],[-87.62815,41.89488],[-87.62276,41.89497],[-87.62265,41.89094],[-87.6215,41.89098],[-87.61435,41.89111],[-87.61389,41.89111],[-87.61394,41.89224],[-87.61398,41.89275],[-87.61407,41.89296],[-87.61369,41.89313],[-87.61491,41.89467],[-87.61611,41.89649],[-87.61707,41.89788],[-87.61724,41.89807],[-87.61766,41.89877],[-87.61904,41.90086],[-87.6193,41.90116],[-87.61966,41.90143],[-87.62013,41.9016],[-87.6219,41.90173],[-87.62261,41.90186],[-87.62253,41.9024],[-87.62272,41.90291],[-87.62299,41.90322],[-87.62403,41.90404]]]},"properties":{"num":2,"lp":[-87.63337,41.90781]}},
{"type":"Feature","geometry":{"type":"Polygon","coordinates":[[[-87.61259,41.8058],[-87.61263,41.80762],[-87.61141,41.80764],[-87.6115,41.81128],[-87.60987,41.81131],[-87.60991,41.81312],[-87.60828,41.81315],[-87.60832,41.81497],[-87.6128,41.81489],[-87.61286,41.81671],[-87.61409,41.81668],[-87.61407,41.81689],[-87.61346,41.82006],[-87.61326,41.82101],[-87.61262,41.82389],[-87.617,41.82383],[-87.61707,41.82747],[-87.61834,41.82746],[-87.61841,41.83109],[-87.62055,41.83107],[-87.62062,41.83472],[-87.61941,41.83474],[-87.61944,41.83657],[-87.62165,41.83654],[-87.62188,41.8365],[-87.62192,41.83836],[-87.62331,41.83835],[-87.62323,41.83917],[-87.6234,41.84608],[-87.62352,41.84671],[-87.62358,41.84738],[-87.62367,41.84747],[-87.62369,41.84842],[-87.62276,41.84847],[-87.62217,41.84839],[-87.62225,41.85152],[-87.62222,41.85211],[-87.62227,41.85281],[-87.62066,41.85283],[-87.62067,41.85298],[-87.61774,41.85302],[-87.61705,41.85301],[-87.61733,41.85408],[-87.61777,41.85557],[-87.61872,41.85764],[-87.61888,41.85792],[-87.61777,41.85798],[-87.61675,41.85798],[-87.61754,41.85963],[-87.61824,41.8613],[-87.61853,41.86208],[-87.61884,41.86264],[-87.61961,41.86482],[-87.6204,41.86718],[-87.62041,41.86759],[-87.62267,41.86756],[-87.62263,41.86582],[-87.62339,41.8658],[-87.62747,41.86574],[-87.62749,41.86734],[-87.6313,41.86729],[-87.63266,41.86726],[-87.63266,41.86741],[-87.63438,41.86737],[-87.6351,41.86726],[-87.63488,41.86011],[-87.63391,41.86014],[-87.63193,41.86015],[-87.63026,41.86012],[-87.63026,41.85929],[-87.63016,41.85496],[-87.6301,41.8533],[-87.63007,41.85294],[-87.63027,41.85294],[-87.63011,41.85211],[-87.63009,41.85033],[-87.63013,41.84926],[-87.63004,41.84718],[-87.62994,41.84668],[-87.62996,41.84428],[-87.62986,41.84191],[-87.62979,41.8395],[-87.62978,41.83826],[-87.62968,41.83462],[-87.62964,41.83252],[-87.62959,41.83097],[-87.6315,41.83094],[-87.63147,41.82906],[-87.63267,41.82904],[-87.63263,41.82728],[-87.63384,41.82726],[-87.63384,41.82669],[-87.63376,41.82362],[-87.63635,41.82358],[-87.63615,41.82183],[-87.63605,41.81905],[-87.636,41.81635],[-87.63598,41.81478],[-87.63594,41.81395],[-87.63594,41.81172],[-87.63584,41.80905],[-87.63475,41.80907],[-87.63477,41.80945],[-87.63338,41.80948],[-87.63339,41.80985],[-87.63225,41.80987],[-87.63198,41.81032],[-87.63201,41.81176],[-87.63344,41.81174],[-87.63346,41.81252],[-87.63461,41.8125],[-87.63472,41.81637],[-87.6352,41.81636],[-87.63523,41.81726],[-87.63537,41.81746],[-87.63538,41.81771],[-87.63359,41.81774],[-87.63356,41.81638],[-87.62913,41.81645],[-87.62899,41.81213],[-87.62892,41.80919],[-87.62896,41.80598],[-87.62894,41.80502],[-87.62886,41.80382],[-87.62883,41.80189],[-87.62798,41.80191],[-87.62784,41.79647],[-87.62728,41.79648],[-87.62683,41.79636],[-87.62678,41.79463],[-87.62537,41.79464],[-87.62085,41.79472],[-87.62082,41.79383],[-87.61596,41.79392],[-87.61613,41.8009],[-87.61614,41.80191],[-87.61611,41.8021],[-87.61641,41.80319],[-87.61645,41.80392],[-87.61551,41.80394],[-87.61555,41.80576],[-87.61259,41.8058]]]},"properties":{"num":3,"lp":[-87.62088,41.81198]}},
{"type":"Feature","geometry":{"type":"Polygon","coordinates":[[[-87.61623,41.87328],[-87.6242,41.87316],[-87.62429,41.877],[-87.62529,41.87699],[-87.6253,41.8762],[-87.62604,41.87617],[-87.62608,41.87825],[-87.62757,41.87822],[-87.62768,41.87818],[-87.63079,41.87815],[-87.63075,41.87688],[-87.62874,41.87691],[-87.6287,41.87556],[-87.62969,41.87555],[-87.6297,41.8757],[-87.63071,41.87569],[-87.63057,41.87058],[-87.63049,41.86965],[-87.63044,41.86743],[-87.62655,41.8675],[-87.62553,41.86749],[-87.62267,41.86756],[-87.62041,41.86759],[-87.6204,41.86718],[-87.61961,41.86482],[-87.61884,41.86264],[-87.61853,41.86208],[-87.61824,41.8613],[-87.61754,41.85963],[-87.61675,41.85798],[-87.61777,41.85798],[-87.61888,41.85792],[-87.61872,41.85764],[-87.61777,41.85557],[-87.61733,41.85408],[-87.61705,41.85301],[-87.61774,41.85302],[-87.62067,41.85298],[-87.62066,41.85283],[-87.62227,41.85281],[-87.62222,41.85211],[-87.62225,41.85152],[-87.62217,41.84839],[-87.62276,41.84847],[-87.62369,41.84842],[-87.62367,41.84747],[-87.62358,41.84738],[-87.62352,41.84671],[-87.6234,41.84608],[-87.62323,41.83917],[-87.62331,41.83835],[-87.62192,41.83836],[-87.62188,41.8365],[-87.62165,41.83654],[-87.61944,41.83657],[-87.61941,41.83474],[-87.62062,41.83472],[-87.62055,41.83107],[-87.61841,41.83109],[-87.61834,41.82746],[-87.61707,41.82747],[-87.617,41.82383],[-87.61262,41.82389],[-87.61326,41.82101],[-87.61346,41.82006],[-87.61407,41.81689],[-87.61409,41.81668],[-87.61286,41.81671],[-87.6128,41.81489],[-87.60832,41.81497],[-87.60828,41.81315],[-87.60991,41.81312],[-87.60987,41.81131],[-87.6115,41.81128],[-87.61141,41.80764],[-87.61263,41.80762],[-87.61259,41.8058],[-87.61255,41.80398],[-87.6066,41.80408],[-87.60426,41.80409],[-87.6042,41.80228],[-87.60289,41.8023],[-87.59671,41.80237],[-87.59664,41.79946],[-87.59556,41.79947],[-87.5873,41.79956],[-87.58738,41.80029],[-87.58752,41.80114],[-87.58786,41.80248],[-87.58756,41.80248],[-87.58778,41.80328],[-87.58818,41.80439],[-87.58843,41.80501],[-87.58912,41.80636],[-87.58774,41.80679],[-87.58823,41.80695],[-87.58857,41.80729],[-87.58994,41.80926],[-87.59019,41.80965],[-87.59011,41.81015],[-87.59023,41.81038],[-87.58894,41.81089],[-87.58708,41.81144],[-87.58733,41.81177],[-87.5877,41.81198],[-87.58825,41.81202],[-87.5885,41.8121],[-87.58883,41.81233],[-87.58913,41.81282],[-87.58957,41.81306],[-87.59029,41.81378],[-87.59044,41.81453],[-87.59079,41.81477],[-87.59094,41.81497],[-87.59154,41.81598],[-87.59171,41.81603],[-87.59225,41.81662],[-87.59237,41.81688],[-87.59232,41.81758],[-87.59282,41.81834],[-87.59356,41.81867],[-87.594,41.81915],[-87.59447,41.81915],[-87.59484,41.81976],[-87.59512,41.81981],[-87.59549,41.82016],[-87.59607,41.82115],[-87.59684,41.82196],[-87.59725,41.82262],[-87.59733,41.82303],[-87.59763,41.8236],[-87.5984,41.82429],[-87.5985,41.82447],[-87.59862,41.8257],[-87.59903,41.82633],[-87.59959,41.82666],[-87.60051,41.8269],[-87.60176,41.82873],[-87.60191,41.82953],[-87.60171,41.82983],[-87.60243,41.83044],[-87.60272,41.83086],[-87.6029,41.83146],[-87.60282,41.83237],[-87.60345,41.833],[-87.60407,41.83298],[-87.6044,41.8331],[-87.60477,41.83338],[-87.60504,41.83375],[-87.6051,41.83442],[-87.60463,41.8349],[-87.60557,41.83579],[-87.60597,41.83642],[-87.60611,41.83688],[-87.6062,41.8387],[-87.60626,41.83879],[-87.60701,41.83932],[-87.60721,41.83962],[-87.60757,41.84057],[-87.60802,41.84117],[-87.60813,41.84143],[-87.60812,41.84228],[-87.60866,41.84296],[-87.60912,41.84419],[-87.60917,41.84446],[-87.60911,41.8448],[-87.60875,41.84533],[-87.60852,41.84581],[-87.60859,41.84641],[-87.60931,41.84755],[-87.60949,41.84807],[-87.60954,41.8487],[-87.6092,41.85042],[-87.60926,41.85096],[-87.61,41.85203],[-87.61059,41.85284],[-87.61082,41.85333],[-87.61096,41.85384],[-87.61104,41.85458],[-87.61125,41.85499],[-87.61149,41.8552],[-87.61224,41.85566],[-87.61263,41.856],[-87.61285,41.85636],[-87.61304,41.85696],[-87.61304,41.85761],[-87.61284,41.85819],[-87.61254,41.85849],[-87.61227,41.85851],[-87.61217,41.85867],[-87.6122,41.85927],[-87.61244,41.85999],[-87.61215,41.86035],[-87.61221,41.86063],[-87.61255,41.86082],[-87.61265,41.86137],[-87.61295,41.8618],[-87.61326,41.86238],[-87.61343,41.86285],[-87.61342,41.86346],[-87.61329,41.864],[-87.61304,41.86466],[-87.61274,41.86529],[-87.61267,41.86584],[-87.61048,41.86586],[-87.61037,41.86532],[-87.60996,41.86463],[-87.60974,41.86409],[-87.60965,41.86351],[-87.60978,41.86249],[-87.61004,41.8618],[-87.61036,41.8614],[-87.61035,41.86085],[-87.61067,41.86065],[-87.61067,41.86021],[-87.61043,41.86008],[-87.61036,41.85975],[-87.61048,41.85931],[-87.61007,41.85895],[-87.60988,41.85859],[-87.60999,41.85803],[-87.60992,41.85766],[-87.60977,41.85738],[-87.60934,41.85687],[-87.60945,41.85641],[-87.60992,41.85398],[-87.60978,41.85356],[-87.60932,41.85326],[-87.60876,41.85317],[-87.6075,41.85327],[-87.6066,41.85341],[-87.60674,41.85547],[-87.60709,41.85997],[-87.60684,41.86006],[-87.60597,41.86008],[-87.60602,41.86196],[-87.60634,41.8619],[-87.60698,41.86241],[-87.60753,41.86385],[-87.60757,41.86436],[-87.6073,41.86487],[-87.60699,41.86513],[-87.60667,41.86523],[-87.60608,41.86479],[-87.60608,41.86561],[-87.60573,41.86603],[-87.60563,41.8664],[-87.60585,41.86685],[-87.6064,41.86715],[-87.60691,41.86718],[-87.60739,41.86706],[-87.60776,41.86677],[-87.61241,41.8667],[-87.61269,41.86675],[-87.61269,41.86697],[-87.61249,41.86717],[-87.61234,41.86751],[-87.61242,41.86794],[-87.6126,41.86818],[-87.61296,41.86839],[-87.61367,41.86843],[-87.61402,41.86836],[-87.61467,41.86834],[-87.61478,41.86825],[-87.61536,41.86825],[-87.6157,41.86862],[-87.61626,41.8689],[-87.61634,41.87186],[-87.6162,41.87198],[-87.61623,41.87328]]]},"properties":{"num":4,"lp":[-87.59954,41.81161]}},
{"type":"Feature","geometry":{"type":"Polygon","coordinates":[[[-87.58587,41.76424],[-87.58528,41.76424],[-87.58534,41.76606],[-87.57937,41.76611],[-87.57929,41.76248],[-87.56766,41.76261],[-87.5677,41.76442],[-87.56649,41.76443],[-87.56651,41.76596],[-87.56648,41.76632],[-87.56606,41.7663],[-87.56303,41.76632],[-87.56258,41.76629],[-87.56083,41.7663],[-87.5603,41.76636],[-87.55964,41.76655],[-87.55939,41.76678],[-87.55945,41.76806],[-87.55943,41.76872],[-87.55964,41.76913],[-87.55992,41.76851],[-87.56053,41.7684],[-87.56092,41.76844],[-87.56154,41.76863],[-87.56234,41.769],[-87.5626,41.76937],[-87.56294,41.76999],[-87.56324,41.77036],[-87.56346,41.77093],[-87.56342,41.77118],[-87.56364,41.77208],[-87.56398,41.77209],[-87.565,41.77253],[-87.56565,41.77292],[-87.56629,41.77347],[-87.56643,41.77378],[-87.56681,41.77396],[-87.56782,41.77531],[-87.56813,41.7757],[-87.56881,41.7764],[-87.56919,41.77669],[-87.56969,41.77697],[-87.5699,41.777],[-87.57033,41.77742],[-87.57114,41.77805],[-87.57167,41.77854],[-87.57182,41.77858],[-87.57224,41.77923],[-87.57275,41.77932],[-87.57321,41.77919],[-87.57336,41.7789],[-87.57336,41.77831],[-87.57316,41.778],[-87.57279,41.77767],[-87.57265,41.77733],[-87.57245,41.77741],[-87.57216,41.77718],[-87.57175,41.7766],[-87.57184,41.77607],[-87.572,41.77582],[-87.57284,41.77561],[-87.57348,41.77551],[-87.57412,41.77553],[-87.57481,41.77577],[-87.5747,41.77599],[-87.57469,41.77628],[-87.57507,41.77678],[-87.5753,41.77741],[-87.57528,41.77787],[-87.57494,41.77881],[-87.57473,41.77911],[-87.57444,41.77937],[-87.57304,41.77991],[-87.57315,41.78027],[-87.57248,41.78045],[-87.57128,41.78084],[-87.56954,41.78125],[-87.5705,41.78137],[-87.57135,41.78156],[-87.57248,41.7819],[-87.57308,41.78212],[-87.57421,41.78263],[-87.5761,41.78365],[-87.57638,41.78422],[-87.57682,41.78521],[-87.5772,41.78631],[-87.57731,41.78681],[-87.57733,41.78802],[-87.57715,41.78816],[-87.57792,41.78818],[-87.57782,41.78837],[-87.57669,41.78853],[-87.57655,41.78868],[-87.57782,41.78955],[-87.57842,41.7901],[-87.57868,41.79067],[-87.57927,41.79143],[-87.57963,41.79204],[-87.57952,41.79232],[-87.5796,41.79284],[-87.5795,41.79345],[-87.57932,41.79381],[-87.57894,41.79427],[-87.5783,41.79473],[-87.57783,41.79492],[-87.57691,41.79511],[-87.57662,41.79505],[-87.57618,41.79508],[-87.57579,41.79534],[-87.57546,41.79544],[-87.5752,41.79605],[-87.57525,41.79656],[-87.57591,41.79698],[-87.57647,41.79705],[-87.57757,41.79681],[-87.57826,41.79702],[-87.57858,41.79719],[-87.57933,41.79778],[-87.57999,41.79842],[-87.58088,41.80043],[-87.58082,41.80177],[-87.58066,41.80255],[-87.58041,41.80303],[-87.58006,41.80354],[-87.5801,41.8039],[-87.58067,41.80421],[-87.58112,41.80421],[-87.58152,41.80456],[-87.58225,41.80512],[-87.5839,41.80624],[-87.58452,41.80662],[-87.58523,41.80729],[-87.58576,41.80817],[-87.58615,41.80872],[-87.5861,41.80884],[-87.5863,41.80923],[-87.58693,41.81007],[-87.58704,41.81064],[-87.587,41.81085],[-87.58708,41.81144],[-87.58894,41.81089],[-87.59023,41.81038],[-87.59011,41.81015],[-87.59019,41.80965],[-87.58994,41.80926],[-87.58857,41.80729],[-87.58823,41.80695],[-87.58774,41.80679],[-87.58912,41.80636],[-87.58843,41.80501],[-87.58818,41.80439],[-87.58778,41.80328],[-87.58756,41.80248],[-87.58786,41.80248],[-87.58752,41.80114],[-87.58738,41.80029],[-87.5873,41.79956],[-87.59556,41.79947],[-87.59664,41.79946],[-87.59671,41.80237],[-87.60289,41.8023],[-87.60282,41.79905],[-87.60273,41.79532],[-87.60364,41.79531],[-87.60375,41.79499],[-87.60622,41.79497],[-87.60622,41.7948],[-87.6061,41.78868],[-87.60604,41.78587],[-87.60443,41.78589],[-87.60442,41.78525],[-87.6028,41.78527],[-87.60277,41.78409],[-87.59629,41.78417],[-87.59633,41.78601],[-87.59564,41.78606],[-87.59471,41.78607],[-87.59466,41.78418],[-87.59144,41.78421],[-87.59141,41.78328],[-87.5904,41.7833],[-87.58994,41.78321],[-87.59038,41.78148],[-87.59099,41.77876],[-87.59146,41.77875],[-87.59145,41.77802],[-87.59211,41.7751],[-87.59181,41.77511],[-87.59206,41.7741],[-87.59222,41.77327],[-87.60577,41.77314],[-87.60561,41.76617],[-87.60559,41.76587],[-87.60822,41.76583],[-87.60769,41.76546],[-87.60472,41.76331],[-87.60309,41.76215],[-87.59973,41.75971],[-87.59822,41.75865],[-87.59771,41.75868],[-87.59552,41.7587],[-87.59513,41.76056],[-87.59328,41.76053],[-87.59339,41.76502],[-87.59405,41.76508],[-87.59383,41.766],[-87.59099,41.76602],[-87.58633,41.76606],[-87.5863,41.76514],[-87.5859,41.76515],[-87.58587,41.76424]]]},"properties":{"num":5,"lp":[-87.58339,41.77473]}},
{"type":"Feature","geometry":{"type":"Polygon","coordinates":[[[-87.60577,41.77314],[-87.61794,41.77292],[-87.61915,41.77387],[-87.62,41.7744],[-87.6205,41.77463],[-87.62117,41.77482],[-87.62188,41.77494],[-87.62244,41.77497],[-87.62453,41.77494],[-87.62552,41.77491],[-87.62614,41.77493],[-87.62671,41.77501],[-87.62731,41.77516],[-87.62811,41.77548],[-87.62872,41.77588],[-87.63005,41.77703],[-87.6303,41.77697],[-87.63115,41.77811],[-87.63154,41.77813],[-87.63964,41.77801],[-87.63959,41.77618],[-87.64077,41.77616],[-87.64263,41.77614],[-87.64271,41.77606],[-87.64261,41.77251],[-87.64326,41.77249],[-87.64321,41.77068],[-87.64455,41.77065],[-87.64441,41.7652],[-87.64428,41.75974],[-87.63927,41.75982],[-87.63924,41.758],[-87.6394,41.75616],[-87.63697,41.75622],[-87.62896,41.75634],[-87.62893,41.75596],[-87.62875,41.75587],[-87.62874,41.75508],[-87.62856,41.75496],[-87.62856,41.75452],[-87.62711,41.75455],[-87.62703,41.75091],[-87.62582,41.75093],[-87.62572,41.74728],[-87.62838,41.74723],[-87.63178,41.74719],[-87.63188,41.75082],[-87.63685,41.75074],[-87.64282,41.75066],[-87.64277,41.74884],[-87.64399,41.74882],[-87.64383,41.74336],[-87.64202,41.74338],[-87.6413,41.74343],[-87.64045,41.74341],[-87.63649,41.7435],[-87.63595,41.74416],[-87.63423,41.74351],[-87.63391,41.74351],[-87.62911,41.74358],[-87.62909,41.74186],[-87.62898,41.74175],[-87.62641,41.74181],[-87.62558,41.74182],[-87.62514,41.74174],[-87.62428,41.74183],[-87.62419,41.7385],[-87.62418,41.73721],[-87.62411,41.73409],[-87.62406,41.73367],[-87.62401,41.73167],[-87.62406,41.7307],[-87.62405,41.73014],[-87.62395,41.7293],[-87.62378,41.72348],[-87.62379,41.72314],[-87.62373,41.7217],[-87.6222,41.72175],[-87.61414,41.72189],[-87.61428,41.72734],[-87.61434,41.7292],[-87.60949,41.72928],[-87.60954,41.7311],[-87.61439,41.73102],[-87.61453,41.7365],[-87.60932,41.73659],[-87.60482,41.73665],[-87.60501,41.74295],[-87.60512,41.74724],[-87.60524,41.75112],[-87.60521,41.75136],[-87.60529,41.75474],[-87.60539,41.75858],[-87.6048,41.75859],[-87.59822,41.75865],[-87.59973,41.75971],[-87.60309,41.76215],[-87.60472,41.76331],[-87.60769,41.76546],[-87.60822,41.76583],[-87.60559,41.76587],[-87.60561,41.76617],[-87.60577,41.77314]]]},"properties":{"num":6,"lp":[-87.61665,41.7584]}},
{"type":"Feature","geometry":{"type":"Polygon","coordinates":[[[-87.5304,41.74475],[-87.53076,41.74728],[-87.53091,41.74796],[-87.5311,41.74813],[-87.53208,41.74859],[-87.53274,41.74882],[-87.5339,41.74931],[-87.53438,41.74945],[-87.53549,41.74988],[-87.53601,41.75016],[-87.53765,41.75082],[-87.5385,41.75112],[-87.53887,41.75129],[-87.53992,41.75163],[-87.54039,41.75183],[-87.54228,41.75192],[-87.54294,41.75193],[-87.54319,41.75199],[-87.54351,41.75225],[-87.54372,41.75253],[-87.54415,41.75344],[-87.54441,41.75413],[-87.54415,41.75462],[-87.54418,41.7548],[-87.54393,41.75505],[-87.54395,41.75526],[-87.5425,41.75615],[-87.5418,41.75654],[-87.5406,41.75728],[-87.54112,41.75777],[-87.54165,41.75782],[-87.54263,41.75874],[-87.54253,41.75907],[-87.5432,41.7597],[-87.5437,41.76009],[-87.54401,41.75988],[-87.54458,41.75973],[-87.54495,41.75974],[-87.54551,41.75936],[-87.54659,41.75888],[-87.54725,41.75872],[-87.54797,41.75867],[-87.54871,41.75873],[-87.54955,41.75896],[-87.55225,41.75998],[-87.55411,41.76081],[-87.55435,41.76105],[-87.55488,41.76179],[-87.55527,41.76162],[-87.55559,41.76158],[-87.55608,41.76182],[-87.55672,41.76227],[-87.55687,41.76243],[-87.55764,41.76285],[-87.55759,41.76313],[-87.55848,41.764],[-87.55898,41.76375],[-87.55928,41.76404],[-87.55944,41.76408],[-87.55974,41.76439],[-87.55952,41.76453],[-87.55983,41.76495],[-87.56002,41.7649],[-87.56061,41.76564],[-87.56062,41.76601],[-87.5603,41.76636],[-87.56083,41.7663],[-87.56258,41.76629],[-87.56303,41.76632],[-87.56606,41.7663],[-87.56648,41.76632],[-87.56651,41.76596],[-87.56649,41.76443],[-87.5677,41.76442],[-87.56766,41.76261],[-87.57929,41.76248],[-87.57937,41.76611],[-87.58534,41.76606],[-87.58528,41.76424],[-87.58587,41.76424],[-87.58851,41.76422],[-87.58842,41.76057],[-87.58262,41.76062],[-87.57859,41.76067],[-87.57856,41.76041],[-87.57854,41.75885],[-87.57246,41.75892],[-87.57248,41.75881],[-87.57236,41.75347],[-87.57114,41.75348],[-87.57108,41.74985],[-87.56864,41.74988],[-87.56856,41.74443],[-87.57563,41.74434],[-87.57261,41.74217],[-87.57218,41.74256],[-87.5661,41.74264],[-87.56603,41.73743],[-87.56589,41.73549],[-87.56596,41.735],[-87.56591,41.73354],[-87.57259,41.73345],[-87.5725,41.7298],[-87.57553,41.72976],[-87.57536,41.72247],[-87.58405,41.72236],[-87.58513,41.72234],[-87.5851,41.72187],[-87.58518,41.72136],[-87.58504,41.71758],[-87.58504,41.71578],[-87.58494,41.714],[-87.58494,41.7129],[-87.58488,41.71205],[-87.5849,41.71072],[-87.58504,41.70993],[-87.58532,41.70906],[-87.58554,41.70859],[-87.58605,41.70777],[-87.58417,41.7078],[-87.58213,41.70786],[-87.57906,41.70788],[-87.57366,41.70797],[-87.57179,41.70585],[-87.56926,41.70308],[-87.56746,41.70111],[-87.5654,41.70125],[-87.56571,41.70178],[-87.56575,41.70419],[-87.56573,41.70454],[-87.56551,41.70457],[-87.56265,41.70458],[-87.56268,41.7064],[-87.55964,41.7064],[-87.55969,41.709],[-87.55975,41.71342],[-87.55941,41.71336],[-87.55876,41.71335],[-87.55882,41.7154],[-87.55886,41.71907],[-87.55892,41.71995],[-87.55892,41.72136],[-87.55912,41.72195],[-87.55969,41.72266],[-87.55385,41.72273],[-87.55393,41.72643],[-87.55258,41.72775],[-87.55264,41.73006],[-87.5554,41.73001],[-87.55559,41.73733],[-87.55508,41.73734],[-87.55509,41.73781],[-87.55568,41.7378],[-87.55575,41.74096],[-87.55513,41.74097],[-87.55517,41.74279],[-87.55292,41.74282],[-87.55268,41.74287],[-87.55193,41.74241],[-87.55152,41.74209],[-87.55154,41.74254],[-87.55173,41.74347],[-87.55067,41.74348],[-87.55029,41.74332],[-87.55032,41.74467],[-87.54246,41.74477],[-87.5304,41.74475]]]},"properties":{"num":7,"lp":[-87.55882,41.75196]}},
{"type":"Feature","geometry":{"type":"Polygon","coordinates":[[[-87.58605,41.70777],[-87.58554,41.70859],[-87.58532,41.70906],[-87.58504,41.70993],[-87.5849,41.71072],[-87.58488,41.71205],[-87.58494,41.7129],[-87.58494,41.714],[-87.58504,41.71578],[-87.58504,41.71758],[-87.58518,41.72136],[-87.5851,41.72187],[-87.58513,41.72234],[-87.58405,41.72236],[-87.57536,41.72247],[-87.57553,41.72976],[-87.5725,41.7298],[-87.57259,41.73345],[-87.56591,41.73354],[-87.56596,41.735],[-87.56589,41.73549],[-87.56603,41.73743],[-87.5661,41.74264],[-87.57218,41.74256],[-87.57261,41.74217],[-87.57563,41.74434],[-87.56856,41.74443],[-87.56864,41.74988],[-87.57108,41.74985],[-87.57114,41.75348],[-87.57236,41.75347],[-87.57248,41.75881],[-87.57246,41.75892],[-87.57854,41.75885],[-87.57856,41.76041],[-87.57859,41.76067],[-87.58262,41.76062],[-87.58842,41.76057],[-87.58851,41.76422],[-87.58587,41.76424],[-87.5859,41.76515],[-87.5863,41.76514],[-87.58633,41.76606],[-87.59099,41.76602],[-87.59383,41.766],[-87.59405,41.76508],[-87.59339,41.76502],[-87.59328,41.76053],[-87.59513,41.76056],[-87.59552,41.7587],[-87.59771,41.75868],[-87.59822,41.75865],[-87.6048,41.75859],[-87.60539,41.75858],[-87.60529,41.75474],[-87.60521,41.75136],[-87.60524,41.75112],[-87.60512,41.74724],[-87.60501,41.74295],[-87.60482,41.73665],[-87.60932,41.73659],[-87.61453,41.7365],[-87.61439,41.73102],[-87.60954,41.7311],[-87.60949,41.72928],[-87.61434,41.7292],[-87.61428,41.72734],[-87.61414,41.72189],[-87.61409,41.71986],[-87.61397,41.71526],[-87.61398,41.71454],[-87.61395,41.71344],[-87.60512,41.71359],[-87.6062,41.70887],[-87.60652,41.70743],[-87.60519,41.70747],[-87.59625,41.70761],[-87.59429,41.70763],[-87.59221,41.70767],[-87.59151,41.70766],[-87.58902,41.70773],[-87.58746,41.70774],[-87.58605,41.70777]]]},"properties":{"num":8,"lp":[-87.58943,41.73743]}},
{"type":"Feature","geometry":{"type":"Polygon","coordinates":[[[-87.59221,41.70767],[-87.59429,41.70763],[-87.59625,41.70761],[-87.60519,41.70747],[-87.60652,41.70743],[-87.6062,41.70887],[-87.60512,41.71359],[-87.61395,41.71344],[-87.61398,41.71454],[-87.61397,41.71526],[-87.61409,41.71986],[-87.61414,41.72189],[-87.6222,41.72175],[-87.62373,41.7217],[-87.62379,41.72314],[-87.62378,41.72348],[-87.62395,41.7293],[-87.62405,41.73014],[-87.6244,41.73011],[-87.63026,41.73006],[-87.63367,41.72999],[-87.63859,41.72996],[-87.63856,41.72883],[-87.63977,41.72882],[-87.6394,41.71519],[-87.63791,41.71517],[-87.63699,41.71518],[-87.63697,41.71427],[-87.63939,41.71425],[-87.63919,41.70696],[-87.62918,41.70709],[-87.6283,41.7071],[-87.62827,41.70704],[-87.62802,41.69708],[-87.63043,41.69705],[-87.63031,41.69266],[-87.63031,41.6923],[-87.62997,41.6814],[-87.62987,41.67795],[-87.63227,41.67792],[-87.63206,41.67064],[-87.64167,41.67054],[-87.64142,41.66325],[-87.6472,41.66316],[-87.64715,41.66147],[-87.64699,41.65774],[-87.64677,41.65767],[-87.64591,41.65778],[-87.64475,41.65772],[-87.64366,41.65775],[-87.64142,41.65777],[-87.64143,41.65809],[-87.64106,41.6581],[-87.64105,41.65777],[-87.64042,41.65779],[-87.63914,41.65775],[-87.63856,41.65771],[-87.63629,41.65739],[-87.63574,41.65735],[-87.63501,41.65737],[-87.63392,41.65747],[-87.633,41.65753],[-87.63265,41.65773],[-87.63202,41.6579],[-87.63154,41.65792],[-87.63126,41.65782],[-87.63082,41.65796],[-87.63076,41.65827],[-87.62973,41.65901],[-87.62915,41.65932],[-87.62875,41.65964],[-87.62754,41.66076],[-87.62644,41.66149],[-87.62627,41.66166],[-87.62476,41.66209],[-87.62442,41.66226],[-87.62381,41.66227],[-87.62329,41.6624],[-87.62204,41.66241],[-87.62202,41.66213],[-87.62025,41.66137],[-87.61986,41.66114],[-87.61951,41.66079],[-87.61939,41.66006],[-87.61946,41.65954],[-87.61968,41.65906],[-87.61771,41.6591],[-87.61848,41.65555],[-87.61875,41.65458],[-87.61925,41.65313],[-87.61982,41.65183],[-87.62032,41.65089],[-87.62021,41.65085],[-87.61803,41.65037],[-87.61723,41.65028],[-87.61723,41.65182],[-87.61194,41.65184],[-87.61135,41.65185],[-87.61138,41.65317],[-87.61156,41.65534],[-87.611,41.65519],[-87.60985,41.65403],[-87.60955,41.65429],[-87.6095,41.65444],[-87.60952,41.65631],[-87.60962,41.65677],[-87.60964,41.6574],[-87.60765,41.65741],[-87.60766,41.65857],[-87.60757,41.65914],[-87.60213,41.65916],[-87.60108,41.65918],[-87.59963,41.65926],[-87.59854,41.65934],[-87.59661,41.65961],[-87.59445,41.65995],[-87.59383,41.66007],[-87.59259,41.66025],[-87.59141,41.66036],[-87.59067,41.6604],[-87.58928,41.66039],[-87.59044,41.66176],[-87.59271,41.66439],[-87.59663,41.66894],[-87.59757,41.67005],[-87.60007,41.67294],[-87.60046,41.67343],[-87.60091,41.67413],[-87.60128,41.67489],[-87.60154,41.67567],[-87.60166,41.6762],[-87.60173,41.6769],[-87.60185,41.68069],[-87.60188,41.68263],[-87.60194,41.68417],[-87.6019,41.68506],[-87.60176,41.68569],[-87.60137,41.68667],[-87.60069,41.68796],[-87.59974,41.68974],[-87.59886,41.69131],[-87.59641,41.69587],[-87.59521,41.69807],[-87.59485,41.69876],[-87.59458,41.69893],[-87.59291,41.70172],[-87.59249,41.70249],[-87.5921,41.70343],[-87.59191,41.70412],[-87.59178,41.70535],[-87.59182,41.70614],[-87.59207,41.70729],[-87.59221,41.70767]]]},"properties":{"num":9,"lp":[-87.61372,41.69442]}},
{"type":"Feature","geometry":{"type":"Polygon","coordinates":[[[-87.61723,41.65028],[-87.61724,41.64763],[-87.61722,41.64458],[-87.61336,41.64461],[-87.6121,41.6446],[-87.60124,41.64461],[-87.59783,41.64461],[-87.59789,41.64803],[-87.59761,41.64805],[-87.59667,41.6483],[-87.59467,41.64878],[-87.59367,41.64892],[-87.59233,41.64893],[-87.59209,41.64891],[-87.59114,41.6486],[-87.59047,41.64828],[-87.59011,41.64782],[-87.58986,41.64766],[-87.5892,41.64698],[-87.5888,41.64687],[-87.58816,41.64632],[-87.5873,41.64543],[-87.58693,41.64495],[-87.58684,41.64469],[-87.58567,41.6447],[-87.57858,41.6447],[-87.57725,41.64471],[-87.57487,41.64468],[-87.57373,41.64468],[-87.56237,41.64466],[-87.5498,41.64457],[-87.53503,41.64456],[-87.52994,41.64457],[-87.52517,41.64454],[-87.52499,41.65906],[-87.52484,41.67365],[-87.52465,41.68818],[-87.52462,41.6918],[-87.52466,41.69228],[-87.52464,41.69529],[-87.52461,41.69542],[-87.5246,41.69724],[-87.52455,41.69954],[-87.52453,41.7026],[-87.52455,41.70795],[-87.52454,41.70839],[-87.52529,41.70883],[-87.52543,41.70885],[-87.52622,41.70954],[-87.52559,41.70994],[-87.52526,41.70971],[-87.52512,41.70974],[-87.52482,41.70937],[-87.52454,41.70951],[-87.52497,41.7099],[-87.52544,41.71002],[-87.52561,41.71031],[-87.526,41.71034],[-87.5259,41.71004],[-87.52624,41.70982],[-87.52669,41.70986],[-87.5272,41.71003],[-87.52841,41.7108],[-87.52643,41.71231],[-87.52742,41.71308],[-87.52777,41.71351],[-87.52813,41.71424],[-87.52848,41.71473],[-87.5287,41.71537],[-87.52857,41.71585],[-87.5281,41.71631],[-87.52766,41.71662],[-87.527,41.71695],[-87.52692,41.71693],[-87.5258,41.71732],[-87.52555,41.71737],[-87.52447,41.7174],[-87.52451,41.71799],[-87.52491,41.71805],[-87.52529,41.71849],[-87.52555,41.71899],[-87.52561,41.71955],[-87.52556,41.72037],[-87.52541,41.72092],[-87.525,41.72152],[-87.52447,41.7219],[-87.52448,41.7232],[-87.52454,41.72358],[-87.52469,41.73109],[-87.52483,41.73131],[-87.52515,41.7315],[-87.52575,41.7316],[-87.52895,41.73205],[-87.52949,41.73237],[-87.52899,41.7337],[-87.52915,41.7349],[-87.52912,41.73497],[-87.52928,41.73594],[-87.5294,41.737],[-87.53,41.74053],[-87.52994,41.74061],[-87.53141,41.74059],[-87.53887,41.7405],[-87.53983,41.7405],[-87.53986,41.74101],[-87.53176,41.7411],[-87.53069,41.74112],[-87.53019,41.74126],[-87.52985,41.74146],[-87.53004,41.74179],[-87.53002,41.74201],[-87.5304,41.74475],[-87.54246,41.74477],[-87.55032,41.74467],[-87.55029,41.74332],[-87.55067,41.74348],[-87.55173,41.74347],[-87.55154,41.74254],[-87.55152,41.74209],[-87.55193,41.74241],[-87.55268,41.74287],[-87.55292,41.74282],[-87.55517,41.74279],[-87.55513,41.74097],[-87.55575,41.74096],[-87.55568,41.7378],[-87.55509,41.73781],[-87.55508,41.73734],[-87.55559,41.73733],[-87.5554,41.73001],[-87.55264,41.73006],[-87.55258,41.72775],[-87.55393,41.72643],[-87.55385,41.72273],[-87.55969,41.72266],[-87.55912,41.72195],[-87.55892,41.72136],[-87.55892,41.71995],[-87.55886,41.71907],[-87.55882,41.7154],[-87.55876,41.71335],[-87.55941,41.71336],[-87.55975,41.71342],[-87.55969,41.709],[-87.55964,41.7064],[-87.56268,41.7064],[-87.56265,41.70458],[-87.56551,41.70457],[-87.56573,41.70454],[-87.56575,41.70419],[-87.56571,41.70178],[-87.5654,41.70125],[-87.56746,41.70111],[-87.56926,41.70308],[-87.57179,41.70585],[-87.57366,41.70797],[-87.57906,41.70788],[-87.58213,41.70786],[-87.58417,41.7078],[-87.58605,41.70777],[-87.58746,41.70774],[-87.58902,41.70773],[-87.59151,41.70766],[-87.59221,41.70767],[-87.59207,41.70729],[-87.59182,41.70614],[-87.59178,41.70535],[-87.59191,41.70412],[-87.5921,41.70343],[-87.59249,41.70249],[-87.59291,41.70172],[-87.59458,41.69893],[-87.59485,41.69876],[-87.59521,41.69807],[-87.59641,41.69587],[-87.59886,41.69131],[-87.59974,41.68974],[-87.60069,41.68796],[-87.60137,41.68667],[-87.60176,41.68569],[-87.6019,41.68506],[-87.60194,41.68417],[-87.60188,41.68263],[-87.60185,41.68069],[-87.60173,41.6769],[-87.60166,41.6762],[-87.60154,41.67567],[-87.60128,41.67489],[-87.60091,41.67413],[-87.60046,41.67343],[-87.60007,41.67294],[-87.59757,41.67005],[-87.59663,41.66894],[-87.59271,41.66439],[-87.59044,41.66176],[-87.58928,41.66039],[-87.59067,41.6604],[-87.59141,41.66036],[-87.59259,41.66025],[-87.59383,41.66007],[-87.59445,41.65995],[-87.59661,41.65961],[-87.59854,41.65934],[-87.59963,41.65926],[-87.60108,41.65918],[-87.60213,41.65916],[-87.60757,41.65914],[-87.60766,41.65857],[-87.60765,41.65741],[-87.60964,41.6574],[-87.60962,41.65677],[-87.60952,41.65631],[-87.6095,41.65444],[-87.60955,41.65429],[-87.60985,41.65403],[-87.611,41.65519],[-87.61156,41.65534],[-87.61138,41.65317],[-87.61135,41.65185],[-87.61194,41.65184],[-87.61723,41.65182],[-87.61723,41.65028]]]},"properties":{"num":10,"lp":[-87.55438,41.67401]}},
{"type":"Feature","geometry":{"type":"Polygon","coordinates":[[[-87.66515,41.81587],[-87.66506,41.81222],[-87.66492,41.81221],[-87.66039,41.81226],[-87.65856,41.81236],[-87.65525,41.81237],[-87.6503,41.81244],[-87.64563,41.81249],[-87.64569,41.81482],[-87.64139,41.81488],[-87.63747,41.81496],[-87.63752,41.81632],[-87.636,41.81635],[-87.63605,41.81905],[-87.63615,41.82183],[-87.63635,41.82358],[-87.63376,41.82362],[-87.63384,41.82669],[-87.63384,41.82726],[-87.63263,41.82728],[-87.63267,41.82904],[-87.63147,41.82906],[-87.6315,41.83094],[-87.62959,41.83097],[-87.62964,41.83252],[-87.62968,41.83462],[-87.62978,41.83826],[-87.62979,41.8395],[-87.62986,41.84191],[-87.62996,41.84428],[-87.62994,41.84668],[-87.63004,41.84718],[-87.63013,41.84926],[-87.63009,41.85033],[-87.63011,41.85211],[-87.63027,41.85294],[-87.63007,41.85294],[-87.6301,41.8533],[-87.63016,41.85496],[-87.63026,41.85929],[-87.63026,41.86012],[-87.63193,41.86015],[-87.63391,41.86014],[-87.63488,41.86011],[-87.6378,41.86001],[-87.63901,41.86002],[-87.63886,41.85556],[-87.63871,41.85474],[-87.63904,41.85457],[-87.63939,41.85428],[-87.63987,41.85359],[-87.64034,41.85299],[-87.64115,41.85179],[-87.64218,41.85045],[-87.64264,41.85002],[-87.64332,41.84969],[-87.64397,41.84951],[-87.64489,41.84942],[-87.64585,41.84938],[-87.6468,41.84921],[-87.64864,41.84861],[-87.64964,41.8484],[-87.651,41.84831],[-87.65158,41.84818],[-87.65305,41.84795],[-87.65341,41.84796],[-87.6563,41.84835],[-87.65705,41.84821],[-87.65759,41.84797],[-87.6589,41.84717],[-87.66042,41.84604],[-87.66164,41.84535],[-87.66252,41.84491],[-87.66345,41.8445],[-87.66378,41.84429],[-87.66392,41.844],[-87.66431,41.8428],[-87.66495,41.84172],[-87.66484,41.84124],[-87.66457,41.84076],[-87.66453,41.84043],[-87.66454,41.83956],[-87.66427,41.83903],[-87.66344,41.83781],[-87.66317,41.83698],[-87.66249,41.83614],[-87.66199,41.83569],[-87.66167,41.83525],[-87.66129,41.83486],[-87.66035,41.83437],[-87.65866,41.83256],[-87.65743,41.8312],[-87.65739,41.8306],[-87.6593,41.83058],[-87.65938,41.83105],[-87.66033,41.83223],[-87.6606,41.83238],[-87.66084,41.83239],[-87.66434,41.83236],[-87.66439,41.8342],[-87.66565,41.83419],[-87.66567,41.83476],[-87.66633,41.83475],[-87.66636,41.83556],[-87.66797,41.83553],[-87.66807,41.8355],[-87.6681,41.83624],[-87.66997,41.8351],[-87.67531,41.83182],[-87.67528,41.83039],[-87.66795,41.83047],[-87.66791,41.82865],[-87.6673,41.82865],[-87.66726,41.82683],[-87.6661,41.82684],[-87.66609,41.82593],[-87.66548,41.82594],[-87.66546,41.82502],[-87.66602,41.82501],[-87.66601,41.82456],[-87.66781,41.82453],[-87.66782,41.82499],[-87.66903,41.82498],[-87.66899,41.82319],[-87.66826,41.82319],[-87.66636,41.82314],[-87.66546,41.82315],[-87.66534,41.82204],[-87.66525,41.82024],[-87.66515,41.81587]]]},"properties":{"num":11,"lp":[-87.6445,41.83571]}},
{"type":"Feature","geometry":{"type":"Polygon","coordinates":[[[-87.66392,41.844],[-87.66491,41.84471],[-87.6656,41.84493],[-87.66673,41.84494],[-87.6675,41.84482],[-87.66993,41.84398],[-87.67286,41.84283],[-87.67432,41.84201],[-87.67488,41.84174],[-87.67549,41.84159],[-87.67554,41.84189],[-87.67659,41.84186],[-87.67803,41.84253],[-87.67806,41.84456],[-87.6781,41.84604],[-87.67817,41.84761],[-87.68514,41.84494],[-87.6856,41.84482],[-87.68762,41.84479],[-87.68751,41.84433],[-87.68744,41.84364],[-87.68759,41.84026],[-87.68762,41.83761],[-87.6879,41.83755],[-87.68812,41.83731],[-87.68901,41.83701],[-87.69496,41.83509],[-87.69495,41.83438],[-87.69516,41.83426],[-87.69912,41.83303],[-87.70466,41.83125],[-87.70501,41.83105],[-87.70645,41.83062],[-87.71002,41.82943],[-87.71132,41.8291],[-87.71181,41.82892],[-87.71413,41.82817],[-87.71445,41.82808],[-87.71436,41.82734],[-87.71429,41.82566],[-87.71426,41.8242],[-87.71433,41.82243],[-87.71432,41.82145],[-87.71411,41.81532],[-87.71403,41.81177],[-87.71387,41.80799],[-87.71113,41.80804],[-87.70397,41.80812],[-87.70405,41.80994],[-87.70159,41.80998],[-87.70154,41.80817],[-87.70119,41.80817],[-87.69421,41.80828],[-87.68932,41.80836],[-87.68943,41.81199],[-87.68701,41.81203],[-87.68711,41.81566],[-87.68407,41.8157],[-87.68388,41.8092],[-87.68387,41.80842],[-87.67949,41.80846],[-87.67901,41.80482],[-87.67703,41.80485],[-87.67712,41.8085],[-87.67495,41.80851],[-87.67499,41.81032],[-87.6723,41.81036],[-87.67245,41.81581],[-87.66515,41.81587],[-87.66525,41.82024],[-87.66534,41.82204],[-87.66546,41.82315],[-87.66636,41.82314],[-87.66826,41.82319],[-87.66899,41.82319],[-87.66903,41.82498],[-87.66782,41.82499],[-87.66781,41.82453],[-87.66601,41.82456],[-87.66602,41.82501],[-87.66546,41.82502],[-87.66548,41.82594],[-87.66609,41.82593],[-87.6661,41.82684],[-87.66726,41.82683],[-87.6673,41.82865],[-87.66791,41.82865],[-87.66795,41.83047],[-87.67528,41.83039],[-87.67531,41.83182],[-87.66997,41.8351],[-87.6681,41.83624],[-87.66807,41.8355],[-87.66797,41.83553],[-87.66636,41.83556],[-87.66633,41.83475],[-87.66567,41.83476],[-87.66565,41.83419],[-87.66439,41.8342],[-87.66434,41.83236],[-87.66084,41.83239],[-87.6606,41.83238],[-87.66033,41.83223],[-87.65938,41.83105],[-87.6593,41.83058],[-87.65739,41.8306],[-87.65743,41.8312],[-87.65866,41.83256],[-87.66035,41.83437],[-87.66129,41.83486],[-87.66167,41.83525],[-87.66199,41.83569],[-87.66249,41.83614],[-87.66317,41.83698],[-87.66344,41.83781],[-87.66427,41.83903],[-87.66454,41.83956],[-87.66453,41.84043],[-87.66457,41.84076],[-87.66484,41.84124],[-87.66495,41.84172],[-87.66431,41.8428],[-87.66392,41.844]]]},"properties":{"num":12,"lp":[-87.69773,41.82109]}},
{"type":"Feature","geometry":{"type":"Polygon","coordinates":[[[-87.80153,41.79194],[-87.80123,41.78492],[-87.80101,41.77968],[-87.80101,41.77913],[-87.80087,41.77695],[-87.80083,41.77543],[-87.80078,41.7742],[-87.80081,41.77378],[-87.78112,41.77409],[-87.75661,41.77458],[-87.74716,41.77475],[-87.74704,41.77467],[-87.74446,41.77472],[-87.74217,41.77478],[-87.74215,41.77445],[-87.74205,41.77113],[-87.73669,41.77121],[-87.73078,41.77128],[-87.72258,41.77137],[-87.72276,41.77866],[-87.72286,41.7823],[-87.7253,41.78227],[-87.72541,41.78591],[-87.72296,41.78594],[-87.72303,41.78855],[-87.72316,41.7932],[-87.72865,41.79315],[-87.73365,41.79311],[-87.74146,41.79304],[-87.74397,41.79301],[-87.75288,41.79288],[-87.7619,41.79274],[-87.77956,41.79239],[-87.77972,41.79235],[-87.78152,41.79232],[-87.78197,41.79234],[-87.79667,41.79206],[-87.80047,41.79195],[-87.80153,41.79194]]]},"properties":{"num":13,"lp":[-87.73553,41.78278]}},
{"type":"Feature","geometry":{"type":"Polygon","coordinates":[[[-87.70172,41.77169],[-87.70173,41.77178],[-87.7019,41.77848],[-87.70202,41.78263],[-87.70081,41.78265],[-87.70091,41.78629],[-87.69847,41.78633],[-87.69858,41.78996],[-87.69614,41.79001],[-87.69624,41.79365],[-87.68893,41.79378],[-87.68896,41.79515],[-87.68528,41.79522],[-87.6853,41.79533],[-87.68545,41.80095],[-87.68547,41.80113],[-87.694,41.80099],[-87.69421,41.80828],[-87.70119,41.80817],[-87.70154,41.80817],[-87.70159,41.80998],[-87.70405,41.80994],[-87.70397,41.80812],[-87.71113,41.80804],[-87.71387,41.80799],[-87.71403,41.81177],[-87.71411,41.81532],[-87.71432,41.82145],[-87.71433,41.82243],[-87.71426,41.8242],[-87.71429,41.82566],[-87.71436,41.82734],[-87.71445,41.82808],[-87.71493,41.82783],[-87.71715,41.8272],[-87.71756,41.82711],[-87.71807,41.8269],[-87.71961,41.82639],[-87.72381,41.82509],[-87.72392,41.82526],[-87.72416,41.82529],[-87.72439,41.82495],[-87.72826,41.82363],[-87.72894,41.82351],[-87.73488,41.82158],[-87.73815,41.82057],[-87.73858,41.82054],[-87.73854,41.81966],[-87.73853,41.81803],[-87.73849,41.81499],[-87.73845,41.8131],[-87.73831,41.81133],[-87.73821,41.80768],[-87.73949,41.80767],[-87.73939,41.80402],[-87.74306,41.80397],[-87.743,41.80215],[-87.74296,41.80033],[-87.73828,41.80038],[-87.7358,41.8004],[-87.73323,41.80044],[-87.73311,41.80048],[-87.73195,41.80047],[-87.73194,41.80039],[-87.73072,41.80057],[-87.73072,41.80043],[-87.72955,41.80045],[-87.72943,41.80048],[-87.72337,41.80055],[-87.7221,41.80057],[-87.72208,41.80015],[-87.716,41.80024],[-87.71601,41.80065],[-87.71361,41.80069],[-87.71353,41.79881],[-87.71347,41.7952],[-87.7134,41.79336],[-87.71332,41.78975],[-87.71324,41.78882],[-87.71313,41.787],[-87.71312,41.78609],[-87.7129,41.7861],[-87.71294,41.78568],[-87.71277,41.77954],[-87.7127,41.77862],[-87.7127,41.77772],[-87.71264,41.77517],[-87.71032,41.77521],[-87.71024,41.77156],[-87.70322,41.77167],[-87.70172,41.77169]]]},"properties":{"num":14,"lp":[-87.72568,41.81223]}},
{"type":"Feature","geometry":{"type":"Polygon","coordinates":[[[-87.67268,41.80125],[-87.67273,41.80307],[-87.66969,41.8031],[-87.66973,41.80492],[-87.6673,41.80494],[-87.6674,41.80858],[-87.66525,41.8086],[-87.65491,41.80874],[-87.6474,41.80883],[-87.64554,41.80886],[-87.64552,41.80849],[-87.64543,41.80494],[-87.643,41.80493],[-87.64246,41.805],[-87.64128,41.80502],[-87.6407,41.80518],[-87.64059,41.80541],[-87.64068,41.80895],[-87.63584,41.80905],[-87.63594,41.81172],[-87.63594,41.81395],[-87.63598,41.81478],[-87.636,41.81635],[-87.63752,41.81632],[-87.63747,41.81496],[-87.64139,41.81488],[-87.64569,41.81482],[-87.64563,41.81249],[-87.6503,41.81244],[-87.65525,41.81237],[-87.65856,41.81236],[-87.66039,41.81226],[-87.66492,41.81221],[-87.66506,41.81222],[-87.66515,41.81587],[-87.67245,41.81581],[-87.6723,41.81036],[-87.67499,41.81032],[-87.67495,41.80851],[-87.67712,41.8085],[-87.67703,41.80485],[-87.67901,41.80482],[-87.67949,41.80846],[-87.68387,41.80842],[-87.68388,41.8092],[-87.68407,41.8157],[-87.68711,41.81566],[-87.68701,41.81203],[-87.68943,41.81199],[-87.68932,41.80836],[-87.69421,41.80828],[-87.694,41.80099],[-87.68547,41.80113],[-87.68545,41.80095],[-87.6853,41.79533],[-87.68528,41.79522],[-87.68896,41.79515],[-87.68893,41.79378],[-87.69624,41.79365],[-87.69614,41.79001],[-87.69858,41.78996],[-87.69847,41.78633],[-87.70091,41.78629],[-87.70081,41.78265],[-87.70202,41.78263],[-87.7019,41.77848],[-87.70173,41.77178],[-87.70172,41.77169],[-87.69321,41.77182],[-87.69339,41.77898],[-87.69341,41.77959],[-87.69402,41.77958],[-87.69419,41.78595],[-87.69358,41.78595],[-87.6936,41.78641],[-87.68506,41.78654],[-87.68507,41.787],[-87.68447,41.78701],[-87.68451,41.78838],[-87.68374,41.78833],[-87.68115,41.78837],[-87.6811,41.78686],[-87.68111,41.78654],[-87.67167,41.78666],[-87.67149,41.77952],[-87.6715,41.77923],[-87.67135,41.77392],[-87.66407,41.77401],[-87.66417,41.77765],[-87.66544,41.77764],[-87.66549,41.77933],[-87.66543,41.77956],[-87.66556,41.78483],[-87.66561,41.78673],[-87.66682,41.78672],[-87.66697,41.79218],[-87.67546,41.79208],[-87.67552,41.7939],[-87.68308,41.79382],[-87.68348,41.79385],[-87.68347,41.79404],[-87.6836,41.79883],[-87.68001,41.79887],[-87.6796,41.79886],[-87.67964,41.80117],[-87.67482,41.80123],[-87.67268,41.80125]]]},"properties":{"num":15,"lp":[-87.69763,41.77722]}},
{"type":"Feature","geometry":{"type":"Polygon","coordinates":[[[-87.64441,41.7652],[-87.64455,41.77065],[-87.64321,41.77068],[-87.64326,41.77249],[-87.64261,41.77251],[-87.64271,41.77606],[-87.64263,41.77614],[-87.64077,41.77616],[-87.64085,41.77908],[-87.64477,41.77906],[-87.64479,41.77975],[-87.64262,41.77978],[-87.64263,41.78069],[-87.64022,41.78073],[-87.64002,41.78089],[-87.64017,41.78711],[-87.64032,41.79216],[-87.64032,41.79439],[-87.64042,41.7953],[-87.64047,41.79796],[-87.64063,41.79803],[-87.64525,41.79794],[-87.64525,41.79784],[-87.65011,41.79777],[-87.65011,41.79788],[-87.65496,41.79781],[-87.65487,41.79417],[-87.66095,41.79409],[-87.66099,41.7959],[-87.66039,41.79591],[-87.66047,41.79886],[-87.6605,41.80092],[-87.65991,41.80093],[-87.65992,41.80138],[-87.66506,41.80131],[-87.67268,41.80125],[-87.67482,41.80123],[-87.67964,41.80117],[-87.6796,41.79886],[-87.68001,41.79887],[-87.6836,41.79883],[-87.68347,41.79404],[-87.68348,41.79385],[-87.68308,41.79382],[-87.67552,41.7939],[-87.67546,41.79208],[-87.66697,41.79218],[-87.66682,41.78672],[-87.66561,41.78673],[-87.66556,41.78483],[-87.66543,41.77956],[-87.66549,41.77933],[-87.66544,41.77764],[-87.66417,41.77765],[-87.66407,41.77401],[-87.67135,41.77392],[-87.6715,41.77923],[-87.67149,41.77952],[-87.67167,41.78666],[-87.68111,41.78654],[-87.6811,41.78686],[-87.68115,41.78837],[-87.68374,41.78833],[-87.68451,41.78838],[-87.68447,41.78701],[-87.68507,41.787],[-87.68506,41.78654],[-87.6936,41.78641],[-87.69358,41.78595],[-87.69419,41.78595],[-87.69402,41.77958],[-87.69341,41.77959],[-87.69339,41.77898],[-87.69321,41.77182],[-87.69312,41.76818],[-87.68824,41.76826],[-87.68818,41.76644],[-87.68198,41.76654],[-87.68203,41.76835],[-87.67383,41.76844],[-87.67241,41.76846],[-87.67246,41.77027],[-87.66503,41.77036],[-87.65911,41.77044],[-87.65922,41.77421],[-87.65931,41.77772],[-87.65445,41.77779],[-87.6543,41.77186],[-87.65412,41.76506],[-87.64441,41.7652]]]},"properties":{"num":16,"lp":[-87.68393,41.7774]}},
{"type":"Feature","geometry":{"type":"Polygon","coordinates":[[[-87.64441,41.7652],[-87.65412,41.76506],[-87.6543,41.77186],[-87.65445,41.77779],[-87.65931,41.77772],[-87.65922,41.77421],[-87.65911,41.77044],[-87.66503,41.77036],[-87.67246,41.77027],[-87.67241,41.76846],[-87.67383,41.76844],[-87.68203,41.76835],[-87.68198,41.76654],[-87.68818,41.76644],[-87.68824,41.76826],[-87.69312,41.76818],[-87.69321,41.77182],[-87.70172,41.77169],[-87.70322,41.77167],[-87.71024,41.77156],[-87.71272,41.77152],[-87.71272,41.77061],[-87.71265,41.76878],[-87.71263,41.76603],[-87.71254,41.76424],[-87.7124,41.76059],[-87.71224,41.7606],[-87.71225,41.75957],[-87.71222,41.7589],[-87.7121,41.75832],[-87.70763,41.75838],[-87.70749,41.75847],[-87.70751,41.7596],[-87.70759,41.76068],[-87.70714,41.7607],[-87.7028,41.76077],[-87.70271,41.76076],[-87.70281,41.76439],[-87.70126,41.7644],[-87.69303,41.76454],[-87.69298,41.76272],[-87.69028,41.76276],[-87.68319,41.76288],[-87.68324,41.7647],[-87.67858,41.76476],[-87.67856,41.76263],[-87.67851,41.76113],[-87.67852,41.75913],[-87.67847,41.75745],[-87.67647,41.75746],[-87.67334,41.75752],[-87.67314,41.75042],[-87.67313,41.75007],[-87.67296,41.74294],[-87.66348,41.74307],[-87.6584,41.74314],[-87.6583,41.7395],[-87.65709,41.73952],[-87.65699,41.73588],[-87.64728,41.73602],[-87.64729,41.73693],[-87.64483,41.73696],[-87.64497,41.73658],[-87.64365,41.73731],[-87.64371,41.73919],[-87.64383,41.74336],[-87.64399,41.74882],[-87.64277,41.74884],[-87.64282,41.75066],[-87.63685,41.75074],[-87.63188,41.75082],[-87.63178,41.74719],[-87.62838,41.74723],[-87.62572,41.74728],[-87.62582,41.75093],[-87.62703,41.75091],[-87.62711,41.75455],[-87.62856,41.75452],[-87.62856,41.75496],[-87.62874,41.75508],[-87.62875,41.75587],[-87.62893,41.75596],[-87.62896,41.75634],[-87.63697,41.75622],[-87.6394,41.75616],[-87.63924,41.758],[-87.63927,41.75982],[-87.64428,41.75974],[-87.64441,41.7652]]]},"properties":{"num":17,"lp":[-87.66115,41.75522]}},
{"type":"Feature","geometry":{"type":"Polygon","coordinates":[[[-87.66674,41.73022],[-87.66654,41.73022],[-87.6666,41.73207],[-87.66539,41.73209],[-87.66536,41.73121],[-87.66475,41.73156],[-87.66414,41.73182],[-87.66296,41.7321],[-87.66296,41.73201],[-87.66174,41.73209],[-87.66185,41.73581],[-87.66307,41.73579],[-87.66316,41.73943],[-87.6583,41.7395],[-87.6584,41.74314],[-87.66348,41.74307],[-87.67296,41.74294],[-87.67313,41.75007],[-87.67314,41.75042],[-87.67334,41.75752],[-87.67647,41.75746],[-87.67847,41.75745],[-87.67852,41.75913],[-87.67851,41.76113],[-87.67856,41.76263],[-87.67858,41.76476],[-87.68324,41.7647],[-87.68319,41.76288],[-87.69028,41.76276],[-87.69298,41.76272],[-87.69303,41.76454],[-87.70126,41.7644],[-87.70281,41.76439],[-87.70271,41.76076],[-87.7028,41.76077],[-87.70714,41.7607],[-87.70759,41.76068],[-87.70751,41.7596],[-87.70749,41.75847],[-87.70763,41.75838],[-87.7121,41.75832],[-87.71222,41.7589],[-87.71225,41.75957],[-87.71224,41.7606],[-87.7124,41.76059],[-87.71232,41.75691],[-87.7163,41.75687],[-87.71846,41.75689],[-87.72219,41.75684],[-87.72222,41.76035],[-87.72235,41.7641],[-87.72341,41.76422],[-87.72435,41.76413],[-87.7277,41.76413],[-87.73032,41.7641],[-87.73184,41.76412],[-87.7333,41.76406],[-87.73634,41.76416],[-87.7419,41.7641],[-87.74184,41.76227],[-87.74178,41.76128],[-87.74179,41.76084],[-87.74169,41.75894],[-87.7415,41.75373],[-87.7415,41.75267],[-87.74141,41.75067],[-87.74139,41.74952],[-87.74132,41.74872],[-87.7413,41.74765],[-87.7412,41.74433],[-87.74109,41.74164],[-87.74093,41.73687],[-87.74095,41.73556],[-87.74107,41.73452],[-87.73953,41.73456],[-87.73826,41.73455],[-87.72716,41.73473],[-87.72596,41.73478],[-87.71399,41.73499],[-87.70916,41.73508],[-87.70769,41.7351],[-87.70215,41.73519],[-87.70124,41.73521],[-87.69547,41.7353],[-87.68251,41.73553],[-87.67818,41.73559],[-87.67478,41.73563],[-87.67337,41.73566],[-87.67262,41.73565],[-87.67094,41.73569],[-87.67091,41.73519],[-87.66854,41.73239],[-87.66674,41.73022]]]},"properties":{"num":18,"lp":[-87.6952,41.74912]}},
{"type":"Feature","geometry":{"type":"Polygon","coordinates":[[[-87.67188,41.67734],[-87.67177,41.67757],[-87.67047,41.67988],[-87.66836,41.68357],[-87.66712,41.68577],[-87.66478,41.68987],[-87.66384,41.6914],[-87.65932,41.69784],[-87.65857,41.69992],[-87.65752,41.70276],[-87.65726,41.70347],[-87.65602,41.70679],[-87.65607,41.707],[-87.65745,41.70969],[-87.65904,41.71287],[-87.65964,41.71401],[-87.65977,41.714],[-87.66123,41.71601],[-87.66303,41.71839],[-87.66345,41.7212],[-87.66441,41.72297],[-87.66572,41.72561],[-87.66651,41.72697],[-87.66715,41.72813],[-87.66744,41.72845],[-87.66822,41.73018],[-87.66812,41.7302],[-87.66674,41.73022],[-87.66854,41.73239],[-87.67091,41.73519],[-87.67094,41.73569],[-87.67262,41.73565],[-87.67337,41.73566],[-87.67478,41.73563],[-87.67818,41.73559],[-87.68251,41.73553],[-87.68228,41.72786],[-87.68184,41.71366],[-87.68272,41.71367],[-87.69173,41.71357],[-87.69165,41.71104],[-87.69152,41.7072],[-87.69631,41.70715],[-87.69668,41.70714],[-87.7012,41.70708],[-87.70137,41.70705],[-87.70132,41.70618],[-87.70261,41.70618],[-87.70792,41.7061],[-87.71112,41.70607],[-87.7113,41.71149],[-87.71252,41.71147],[-87.71258,41.7133],[-87.72113,41.71317],[-87.72107,41.71069],[-87.72088,41.70501],[-87.72084,41.70428],[-87.72068,41.70025],[-87.72066,41.69928],[-87.72053,41.69615],[-87.72037,41.69221],[-87.72032,41.69127],[-87.72518,41.69118],[-87.72517,41.69104],[-87.73974,41.69078],[-87.73966,41.68913],[-87.73949,41.68913],[-87.73927,41.68375],[-87.72489,41.684],[-87.72489,41.68398],[-87.72183,41.68403],[-87.72183,41.68394],[-87.71548,41.68404],[-87.71151,41.68409],[-87.71141,41.68184],[-87.7116,41.68183],[-87.71158,41.68127],[-87.71139,41.68127],[-87.71136,41.68054],[-87.70772,41.6806],[-87.70771,41.68051],[-87.70529,41.68055],[-87.70528,41.68069],[-87.70542,41.68419],[-87.70055,41.68426],[-87.70062,41.68614],[-87.6994,41.68615],[-87.69947,41.68793],[-87.69743,41.68796],[-87.69661,41.68798],[-87.69576,41.68808],[-87.69563,41.68433],[-87.68572,41.68448],[-87.68557,41.67962],[-87.68565,41.67867],[-87.68587,41.67797],[-87.68621,41.67721],[-87.68522,41.67722],[-87.68169,41.6773],[-87.67956,41.67723],[-87.6785,41.67723],[-87.67188,41.67734]],[[-87.69571,41.69163],[-87.6959,41.69163],[-87.69595,41.69254],[-87.69607,41.69531],[-87.69615,41.69896],[-87.6912,41.69899],[-87.69104,41.6943],[-87.69097,41.69228],[-87.69171,41.69227],[-87.6921,41.6922],[-87.69209,41.69167],[-87.69571,41.69163]]]},"properties":{"num":19,"lp":[-87.67621,41.69983]}},
{"type":"Feature","geometry":{"type":"Polygon","coordinates":[[[-87.61259,41.8058],[-87.61555,41.80576],[-87.61551,41.80394],[-87.61645,41.80392],[-87.61641,41.80319],[-87.61611,41.8021],[-87.61614,41.80191],[-87.61613,41.8009],[-87.61596,41.79392],[-87.62082,41.79383],[-87.62085,41.79472],[-87.62537,41.79464],[-87.62678,41.79463],[-87.62683,41.79636],[-87.62728,41.79648],[-87.62784,41.79647],[-87.62798,41.80191],[-87.62883,41.80189],[-87.62886,41.80382],[-87.62894,41.80502],[-87.62896,41.80598],[-87.62892,41.80919],[-87.62899,41.81213],[-87.62913,41.81645],[-87.63356,41.81638],[-87.63359,41.81774],[-87.63538,41.81771],[-87.63537,41.81746],[-87.63523,41.81726],[-87.6352,41.81636],[-87.63472,41.81637],[-87.63461,41.8125],[-87.63346,41.81252],[-87.63344,41.81174],[-87.63201,41.81176],[-87.63198,41.81032],[-87.63225,41.80987],[-87.63339,41.80985],[-87.63338,41.80948],[-87.63477,41.80945],[-87.63475,41.80907],[-87.63584,41.80905],[-87.64068,41.80895],[-87.64059,41.80541],[-87.6407,41.80518],[-87.64128,41.80502],[-87.64246,41.805],[-87.643,41.80493],[-87.64543,41.80494],[-87.64552,41.80849],[-87.64554,41.80886],[-87.6474,41.80883],[-87.65491,41.80874],[-87.66525,41.8086],[-87.6674,41.80858],[-87.6673,41.80494],[-87.66973,41.80492],[-87.66969,41.8031],[-87.67273,41.80307],[-87.67268,41.80125],[-87.66506,41.80131],[-87.65992,41.80138],[-87.65991,41.80093],[-87.6605,41.80092],[-87.66047,41.79886],[-87.66039,41.79591],[-87.66099,41.7959],[-87.66095,41.79409],[-87.65487,41.79417],[-87.65496,41.79781],[-87.65011,41.79788],[-87.65011,41.79777],[-87.64525,41.79784],[-87.64525,41.79794],[-87.64063,41.79803],[-87.64047,41.79796],[-87.64042,41.7953],[-87.64032,41.79439],[-87.64032,41.79216],[-87.64017,41.78711],[-87.64002,41.78089],[-87.64022,41.78073],[-87.64263,41.78069],[-87.64262,41.77978],[-87.64479,41.77975],[-87.64477,41.77906],[-87.64085,41.77908],[-87.64077,41.77616],[-87.63959,41.77618],[-87.63964,41.77801],[-87.63154,41.77813],[-87.63115,41.77811],[-87.6303,41.77697],[-87.63005,41.77703],[-87.62872,41.77588],[-87.62811,41.77548],[-87.62731,41.77516],[-87.62671,41.77501],[-87.62614,41.77493],[-87.62552,41.77491],[-87.62453,41.77494],[-87.62244,41.77497],[-87.62188,41.77494],[-87.62117,41.77482],[-87.6205,41.77463],[-87.62,41.7744],[-87.61915,41.77387],[-87.61794,41.77292],[-87.60577,41.77314],[-87.59222,41.77327],[-87.59206,41.7741],[-87.59181,41.77511],[-87.59211,41.7751],[-87.59145,41.77802],[-87.59146,41.77875],[-87.59099,41.77876],[-87.59038,41.78148],[-87.58994,41.78321],[-87.5904,41.7833],[-87.59141,41.78328],[-87.59144,41.78421],[-87.59466,41.78418],[-87.59471,41.78607],[-87.59564,41.78606],[-87.59633,41.78601],[-87.59629,41.78417],[-87.60277,41.78409],[-87.6028,41.78527],[-87.60442,41.78525],[-87.60443,41.78589],[-87.60604,41.78587],[-87.6061,41.78868],[-87.60622,41.7948],[-87.60622,41.79497],[-87.60375,41.79499],[-87.60364,41.79531],[-87.60273,41.79532],[-87.60282,41.79905],[-87.60289,41.8023],[-87.6042,41.80228],[-87.60426,41.80409],[-87.6066,41.80408],[-87.61255,41.80398],[-87.61259,41.8058]]]},"properties":{"num":20,"lp":[-87.61606,41.78377]}},
{"type":"Feature","geometry":{"type":"Polygon","coordinates":[[[-87.64167,41.67054],[-87.63206,41.67064],[-87.63227,41.67792],[-87.62987,41.67795],[-87.62997,41.6814],[-87.63031,41.6923],[-87.63031,41.69266],[-87.63043,41.69705],[-87.62802,41.69708],[-87.62827,41.70704],[-87.6283,41.7071],[-87.62918,41.70709],[-87.63919,41.70696],[-87.63939,41.71425],[-87.63697,41.71427],[-87.63699,41.71518],[-87.63791,41.71517],[-87.6394,41.71519],[-87.63977,41.72882],[-87.63856,41.72883],[-87.63859,41.72996],[-87.63367,41.72999],[-87.63026,41.73006],[-87.6244,41.73011],[-87.62405,41.73014],[-87.62406,41.7307],[-87.62401,41.73167],[-87.62406,41.73367],[-87.62411,41.73409],[-87.62418,41.73721],[-87.62419,41.7385],[-87.62428,41.74183],[-87.62514,41.74174],[-87.62558,41.74182],[-87.62641,41.74181],[-87.62898,41.74175],[-87.62909,41.74186],[-87.62911,41.74358],[-87.63391,41.74351],[-87.63423,41.74351],[-87.63595,41.74416],[-87.63649,41.7435],[-87.64045,41.74341],[-87.6413,41.74343],[-87.64202,41.74338],[-87.64383,41.74336],[-87.64371,41.73919],[-87.64365,41.73731],[-87.64497,41.73658],[-87.64483,41.73696],[-87.64729,41.73693],[-87.64728,41.73602],[-87.65699,41.73588],[-87.65709,41.73952],[-87.6583,41.7395],[-87.66316,41.73943],[-87.66307,41.73579],[-87.66185,41.73581],[-87.66174,41.73209],[-87.66296,41.73201],[-87.66296,41.7321],[-87.66414,41.73182],[-87.66475,41.73156],[-87.66536,41.73121],[-87.66539,41.73209],[-87.6666,41.73207],[-87.66654,41.73022],[-87.66674,41.73022],[-87.66812,41.7302],[-87.66822,41.73018],[-87.66744,41.72845],[-87.66715,41.72813],[-87.66651,41.72697],[-87.66572,41.72561],[-87.66441,41.72297],[-87.66345,41.7212],[-87.66303,41.71839],[-87.66123,41.71601],[-87.65977,41.714],[-87.65964,41.71401],[-87.65904,41.71287],[-87.65745,41.70969],[-87.65607,41.707],[-87.65602,41.70679],[-87.65726,41.70347],[-87.65752,41.70276],[-87.65857,41.69992],[-87.65932,41.69784],[-87.66384,41.6914],[-87.66478,41.68987],[-87.66712,41.68577],[-87.66836,41.68357],[-87.67047,41.67988],[-87.67177,41.67757],[-87.67188,41.67734],[-87.66795,41.67742],[-87.6684,41.67619],[-87.66732,41.67596],[-87.66677,41.67744],[-87.66137,41.67754],[-87.66138,41.67731],[-87.66115,41.67034],[-87.65936,41.67032],[-87.65865,41.67029],[-87.65775,41.6703],[-87.64167,41.67054]]]},"properties":{"num":21,"lp":[-87.64672,41.6871]}},
{"type":"Feature","geometry":{"type":"Polygon","coordinates":[[[-87.70466,41.83125],[-87.70487,41.83895],[-87.70498,41.8427],[-87.70986,41.84262],[-87.70991,41.84472],[-87.71002,41.84808],[-87.70759,41.84811],[-87.70761,41.84995],[-87.70764,41.84998],[-87.70769,41.85174],[-87.71039,41.8517],[-87.71089,41.85165],[-87.71114,41.85199],[-87.71256,41.85169],[-87.71738,41.85163],[-87.71878,41.85162],[-87.7235,41.85157],[-87.7235,41.85168],[-87.72453,41.85165],[-87.72825,41.85162],[-87.72915,41.85159],[-87.73125,41.85158],[-87.7345,41.85152],[-87.73504,41.85152],[-87.73759,41.85148],[-87.73807,41.85145],[-87.73837,41.85137],[-87.7395,41.85135],[-87.73927,41.84404],[-87.73911,41.83855],[-87.73899,41.83855],[-87.73893,41.83672],[-87.73881,41.83673],[-87.73864,41.82943],[-87.73849,41.82212],[-87.74459,41.82203],[-87.74476,41.82198],[-87.74465,41.81596],[-87.75308,41.81331],[-87.75288,41.80555],[-87.75279,41.80202],[-87.743,41.80215],[-87.74306,41.80397],[-87.73939,41.80402],[-87.73949,41.80767],[-87.73821,41.80768],[-87.73831,41.81133],[-87.73845,41.8131],[-87.73849,41.81499],[-87.73853,41.81803],[-87.73854,41.81966],[-87.73858,41.82054],[-87.73815,41.82057],[-87.73488,41.82158],[-87.72894,41.82351],[-87.72826,41.82363],[-87.72439,41.82495],[-87.72416,41.82529],[-87.72392,41.82526],[-87.72381,41.82509],[-87.71961,41.82639],[-87.71807,41.8269],[-87.71756,41.82711],[-87.71715,41.8272],[-87.71493,41.82783],[-87.71445,41.82808],[-87.71413,41.82817],[-87.71181,41.82892],[-87.71132,41.8291],[-87.71002,41.82943],[-87.70645,41.83062],[-87.70501,41.83105],[-87.70466,41.83125]]]},"properties":{"num":22,"lp":[-87.72565,41.83842]}},
{"type":"Feature","geometry":{"type":"Polygon","coordinates":[[[-87.7124,41.76059],[-87.71254,41.76424],[-87.71263,41.76603],[-87.71265,41.76878],[-87.71272,41.77061],[-87.71272,41.77152],[-87.71024,41.77156],[-87.71032,41.77521],[-87.71264,41.77517],[-87.7127,41.77772],[-87.7127,41.77862],[-87.71277,41.77954],[-87.71294,41.78568],[-87.7129,41.7861],[-87.71312,41.78609],[-87.71313,41.787],[-87.71324,41.78882],[-87.71332,41.78975],[-87.7134,41.79336],[-87.71347,41.7952],[-87.71353,41.79881],[-87.71361,41.80069],[-87.71601,41.80065],[-87.716,41.80024],[-87.72208,41.80015],[-87.7221,41.80057],[-87.72337,41.80055],[-87.72943,41.80048],[-87.72955,41.80045],[-87.73072,41.80043],[-87.73072,41.80057],[-87.73194,41.80039],[-87.73195,41.80047],[-87.73311,41.80048],[-87.73323,41.80044],[-87.7358,41.8004],[-87.73828,41.80038],[-87.74296,41.80033],[-87.743,41.80215],[-87.75279,41.80202],[-87.75274,41.80019],[-87.75823,41.80011],[-87.76223,41.80005],[-87.76428,41.80005],[-87.77208,41.79989],[-87.77365,41.79983],[-87.78179,41.79967],[-87.78311,41.79967],[-87.78794,41.79961],[-87.79052,41.79954],[-87.79704,41.79945],[-87.80163,41.798],[-87.80161,41.79576],[-87.80162,41.79481],[-87.80153,41.79194],[-87.80047,41.79195],[-87.79667,41.79206],[-87.78197,41.79234],[-87.78152,41.79232],[-87.77972,41.79235],[-87.77956,41.79239],[-87.7619,41.79274],[-87.75288,41.79288],[-87.74397,41.79301],[-87.74146,41.79304],[-87.73365,41.79311],[-87.72865,41.79315],[-87.72316,41.7932],[-87.72303,41.78855],[-87.72296,41.78594],[-87.72541,41.78591],[-87.7253,41.78227],[-87.72286,41.7823],[-87.72276,41.77866],[-87.72258,41.77137],[-87.73078,41.77128],[-87.73669,41.77121],[-87.74205,41.77113],[-87.7419,41.7641],[-87.73634,41.76416],[-87.7333,41.76406],[-87.73184,41.76412],[-87.73032,41.7641],[-87.7277,41.76413],[-87.72435,41.76413],[-87.72341,41.76422],[-87.72235,41.7641],[-87.72222,41.76035],[-87.72219,41.75684],[-87.71846,41.75689],[-87.7163,41.75687],[-87.71232,41.75691],[-87.7124,41.76059]]]},"properties":{"num":23,"lp":[-87.71827,41.76789]}},
{"type":"Feature","geometry":{"type":"Polygon","coordinates":[[[-87.70761,41.84995],[-87.70752,41.84992],[-87.7003,41.85002],[-87.70003,41.84088],[-87.69992,41.83732],[-87.69503,41.83741],[-87.69412,41.83812],[-87.6942,41.83822],[-87.69427,41.84058],[-87.69438,41.84123],[-87.69323,41.84137],[-87.69287,41.84157],[-87.69278,41.84179],[-87.69275,41.84291],[-87.69264,41.84308],[-87.69194,41.84336],[-87.69177,41.84357],[-87.6918,41.84474],[-87.69279,41.84472],[-87.69289,41.8483],[-87.69534,41.84826],[-87.69545,41.8519],[-87.69909,41.85185],[-87.69921,41.85551],[-87.69557,41.85555],[-87.69565,41.85739],[-87.69317,41.85743],[-87.69313,41.85578],[-87.6907,41.85635],[-87.69075,41.85643],[-87.69071,41.8579],[-87.69076,41.85928],[-87.69569,41.85922],[-87.69591,41.86651],[-87.7032,41.86643],[-87.70324,41.86655],[-87.70329,41.86847],[-87.70347,41.87372],[-87.70592,41.87369],[-87.70594,41.87462],[-87.70691,41.87448],[-87.70811,41.87434],[-87.70935,41.87428],[-87.71872,41.87416],[-87.7224,41.87412],[-87.72289,41.87413],[-87.72462,41.87409],[-87.72971,41.87403],[-87.7317,41.87402],[-87.73273,41.87398],[-87.73342,41.87392],[-87.73429,41.87378],[-87.73487,41.87364],[-87.73583,41.87331],[-87.73737,41.87258],[-87.7385,41.87218],[-87.73904,41.87204],[-87.74008,41.8719],[-87.74015,41.87417],[-87.74022,41.87598],[-87.74266,41.87596],[-87.74263,41.87505],[-87.74498,41.87502],[-87.74507,41.875],[-87.74499,41.87296],[-87.74493,41.8722],[-87.74493,41.87118],[-87.74635,41.87115],[-87.74678,41.87112],[-87.74959,41.87111],[-87.75473,41.87104],[-87.75453,41.86575],[-87.74508,41.86589],[-87.73998,41.86596],[-87.73977,41.85874],[-87.7395,41.85135],[-87.73837,41.85137],[-87.73807,41.85145],[-87.73759,41.85148],[-87.73504,41.85152],[-87.7345,41.85152],[-87.73125,41.85158],[-87.72915,41.85159],[-87.72825,41.85162],[-87.72453,41.85165],[-87.7235,41.85168],[-87.7235,41.85157],[-87.71878,41.85162],[-87.71738,41.85163],[-87.71256,41.85169],[-87.71114,41.85199],[-87.71089,41.85165],[-87.71039,41.8517],[-87.70769,41.85174],[-87.70764,41.84998],[-87.70761,41.84995]]]},"properties":{"num":24,"lp":[-87.71746,41.86291]}},
{"type":"Feature","geometry":{"type":"Polygon","coordinates":[[[-87.66392,41.844],[-87.66378,41.84429],[-87.66345,41.8445],[-87.66252,41.84491],[-87.66164,41.84535],[-87.66042,41.84604],[-87.6589,41.84717],[-87.65759,41.84797],[-87.65705,41.84821],[-87.6563,41.84835],[-87.65341,41.84796],[-87.65305,41.84795],[-87.65158,41.84818],[-87.651,41.84831],[-87.64964,41.8484],[-87.64864,41.84861],[-87.6468,41.84921],[-87.64585,41.84938],[-87.64489,41.84942],[-87.64397,41.84951],[-87.64332,41.84969],[-87.64264,41.85002],[-87.64218,41.85045],[-87.64115,41.85179],[-87.64034,41.85299],[-87.63987,41.85359],[-87.63939,41.85428],[-87.63904,41.85457],[-87.63871,41.85474],[-87.63886,41.85556],[-87.63901,41.86002],[-87.63909,41.86247],[-87.64233,41.86241],[-87.64307,41.86257],[-87.64347,41.86256],[-87.64392,41.86241],[-87.64493,41.86237],[-87.64496,41.86348],[-87.64502,41.8642],[-87.64683,41.86417],[-87.64682,41.86387],[-87.64786,41.86388],[-87.64785,41.86317],[-87.64779,41.86301],[-87.64779,41.86233],[-87.65089,41.86228],[-87.65164,41.86254],[-87.65644,41.86247],[-87.6572,41.8625],[-87.65957,41.85972],[-87.66592,41.85961],[-87.66981,41.85957],[-87.67134,41.85953],[-87.6736,41.85952],[-87.67604,41.85929],[-87.67849,41.85894],[-87.67845,41.85871],[-87.68033,41.85842],[-87.68102,41.85828],[-87.68579,41.85724],[-87.68573,41.85547],[-87.68559,41.85021],[-87.69049,41.85015],[-87.6906,41.85382],[-87.68803,41.85386],[-87.68811,41.85516],[-87.68817,41.85692],[-87.6907,41.85635],[-87.69313,41.85578],[-87.69317,41.85743],[-87.69565,41.85739],[-87.69557,41.85555],[-87.69921,41.85551],[-87.69909,41.85185],[-87.69545,41.8519],[-87.69534,41.84826],[-87.69289,41.8483],[-87.69279,41.84472],[-87.6918,41.84474],[-87.69177,41.84357],[-87.69194,41.84336],[-87.69264,41.84308],[-87.69275,41.84291],[-87.69278,41.84179],[-87.69287,41.84157],[-87.69323,41.84137],[-87.69438,41.84123],[-87.69427,41.84058],[-87.6942,41.83822],[-87.69412,41.83812],[-87.69503,41.83741],[-87.69992,41.83732],[-87.70003,41.84088],[-87.7003,41.85002],[-87.70752,41.84992],[-87.70761,41.84995],[-87.70759,41.84811],[-87.71002,41.84808],[-87.70991,41.84472],[-87.70986,41.84262],[-87.70498,41.8427],[-87.70487,41.83895],[-87.70466,41.83125],[-87.69912,41.83303],[-87.69516,41.83426],[-87.69495,41.83438],[-87.69496,41.83509],[-87.68901,41.83701],[-87.68812,41.83731],[-87.6879,41.83755],[-87.68762,41.83761],[-87.68759,41.84026],[-87.68744,41.84364],[-87.68751,41.84433],[-87.68762,41.84479],[-87.6856,41.84482],[-87.68514,41.84494],[-87.67817,41.84761],[-87.6781,41.84604],[-87.67806,41.84456],[-87.67803,41.84253],[-87.67659,41.84186],[-87.67554,41.84189],[-87.67549,41.84159],[-87.67488,41.84174],[-87.67432,41.84201],[-87.67286,41.84283],[-87.66993,41.84398],[-87.6675,41.84482],[-87.66673,41.84494],[-87.6656,41.84493],[-87.66491,41.84471],[-87.66392,41.844]]]},"properties":{"num":25,"lp":[-87.67144,41.85176]}},
{"type":"Feature","geometry":{"type":"Polygon","coordinates":[[[-87.70703,41.91923],[-87.7138,41.91915],[-87.72905,41.91897],[-87.729,41.91713],[-87.73352,41.91707],[-87.73633,41.91704],[-87.73638,41.91895],[-87.73649,41.92253],[-87.73894,41.92251],[-87.74026,41.92253],[-87.74158,41.92253],[-87.74163,41.9243],[-87.74184,41.9243],[-87.74178,41.92247],[-87.74594,41.92242],[-87.74709,41.92241],[-87.75092,41.92237],[-87.75131,41.92235],[-87.75732,41.92227],[-87.75722,41.91865],[-87.75619,41.91867],[-87.75573,41.91864],[-87.75353,41.91866],[-87.75343,41.91805],[-87.75343,41.9173],[-87.75338,41.91684],[-87.74945,41.91689],[-87.74943,41.91644],[-87.74608,41.91647],[-87.74611,41.91693],[-87.74142,41.91698],[-87.74134,41.91514],[-87.7413,41.91391],[-87.74,41.91375],[-87.73819,41.91357],[-87.73622,41.91352],[-87.73616,41.91158],[-87.73493,41.9116],[-87.73489,41.91028],[-87.73367,41.91029],[-87.73366,41.90979],[-87.73142,41.90982],[-87.73141,41.90932],[-87.73018,41.90933],[-87.73016,41.90863],[-87.72893,41.90865],[-87.72891,41.90804],[-87.72583,41.90808],[-87.7258,41.90641],[-87.7253,41.90623],[-87.72519,41.90629],[-87.71972,41.90634],[-87.71966,41.90453],[-87.71662,41.90456],[-87.71655,41.90224],[-87.71298,41.90083],[-87.71269,41.90069],[-87.71188,41.90005],[-87.71138,41.9002],[-87.70881,41.89917],[-87.70195,41.89924],[-87.70193,41.89802],[-87.70104,41.89803],[-87.70103,41.89662],[-87.70039,41.89634],[-87.70043,41.89804],[-87.69676,41.89807],[-87.69679,41.89928],[-87.69433,41.8993],[-87.69435,41.90022],[-87.69681,41.9002],[-87.69687,41.90243],[-87.6878,41.90252],[-87.68779,41.90208],[-87.68701,41.90209],[-87.68712,41.90667],[-87.69204,41.90662],[-87.69211,41.90979],[-87.6921,41.91045],[-87.6922,41.91395],[-87.69709,41.91391],[-87.69761,41.914],[-87.69772,41.91748],[-87.70034,41.91746],[-87.70697,41.9174],[-87.70703,41.91923]]]},"properties":{"num":26,"lp":[-87.70692,41.90826]}},
{"type":"Feature","geometry":{"type":"Polygon","coordinates":[[[-87.64157,41.89205],[-87.64245,41.89287],[-87.64294,41.89322],[-87.64355,41.89354],[-87.64412,41.89427],[-87.64422,41.89645],[-87.6342,41.8966],[-87.63423,41.89742],[-87.6372,41.89738],[-87.63719,41.89698],[-87.63802,41.89698],[-87.63815,41.89704],[-87.63869,41.89703],[-87.63877,41.89892],[-87.63726,41.89894],[-87.63723,41.89816],[-87.63426,41.8982],[-87.63438,41.90132],[-87.63293,41.90133],[-87.63298,41.90311],[-87.63142,41.90314],[-87.63145,41.9039],[-87.63702,41.90381],[-87.6371,41.90491],[-87.63712,41.90569],[-87.63842,41.90566],[-87.63848,41.9076],[-87.63718,41.90762],[-87.63718,41.90806],[-87.63726,41.90961],[-87.63742,41.91019],[-87.6376,41.91034],[-87.63762,41.91113],[-87.63666,41.91114],[-87.63668,41.91175],[-87.63806,41.91172],[-87.63804,41.91118],[-87.63859,41.91117],[-87.63853,41.90924],[-87.64096,41.90921],[-87.64085,41.90561],[-87.64086,41.90506],[-87.64111,41.90487],[-87.64211,41.9056],[-87.64206,41.90576],[-87.64217,41.90919],[-87.64338,41.90918],[-87.64341,41.91043],[-87.64408,41.91043],[-87.64425,41.91023],[-87.64545,41.91023],[-87.64536,41.91096],[-87.64584,41.91096],[-87.64586,41.91142],[-87.64707,41.9114],[-87.64708,41.91094],[-87.64625,41.91095],[-87.64615,41.91023],[-87.64702,41.91014],[-87.64735,41.90996],[-87.64775,41.90964],[-87.64825,41.91],[-87.64821,41.90858],[-87.65104,41.90854],[-87.65111,41.91087],[-87.65408,41.91082],[-87.65809,41.91077],[-87.65986,41.91075],[-87.66065,41.91073],[-87.66519,41.91066],[-87.66483,41.9101],[-87.66428,41.90941],[-87.664,41.90912],[-87.66245,41.90772],[-87.662,41.90724],[-87.66172,41.90686],[-87.6614,41.90628],[-87.66122,41.9057],[-87.66114,41.90497],[-87.66129,41.90344],[-87.66429,41.90338],[-87.66649,41.90336],[-87.66253,41.90082],[-87.66247,41.89844],[-87.66491,41.89839],[-87.66495,41.89769],[-87.66491,41.89611],[-87.66566,41.8961],[-87.66558,41.89337],[-87.66255,41.89341],[-87.65744,41.8935],[-87.65743,41.89292],[-87.65829,41.89194],[-87.65989,41.89003],[-87.65993,41.88996],[-87.66088,41.88995],[-87.66084,41.8889],[-87.66194,41.88889],[-87.66221,41.889],[-87.66223,41.88994],[-87.66414,41.88993],[-87.66548,41.88991],[-87.66552,41.891],[-87.66779,41.89097],[-87.67202,41.8909],[-87.67653,41.89083],[-87.68604,41.89067],[-87.68739,41.89063],[-87.68888,41.89123],[-87.69321,41.89295],[-87.70279,41.89678],[-87.70665,41.89831],[-87.7066,41.89686],[-87.70774,41.89753],[-87.70894,41.89829],[-87.71021,41.89916],[-87.71521,41.89912],[-87.71528,41.90094],[-87.71894,41.90091],[-87.71898,41.90226],[-87.7202,41.90225],[-87.72022,41.90272],[-87.72143,41.90271],[-87.72145,41.90317],[-87.72266,41.90316],[-87.72241,41.89526],[-87.72226,41.8899],[-87.72104,41.8899],[-87.72098,41.88802],[-87.7161,41.88806],[-87.71122,41.88811],[-87.71128,41.89025],[-87.7064,41.89031],[-87.70615,41.88188],[-87.70369,41.88192],[-87.70366,41.881],[-87.70121,41.88103],[-87.70111,41.8772],[-87.70109,41.8761],[-87.70104,41.87514],[-87.70101,41.87375],[-87.6961,41.87379],[-87.69615,41.87598],[-87.69371,41.87601],[-87.69376,41.8773],[-87.6938,41.8776],[-87.69379,41.87837],[-87.69143,41.8784],[-87.69137,41.87603],[-87.688,41.87607],[-87.68627,41.87608],[-87.68626,41.87499],[-87.68157,41.87493],[-87.68137,41.87494],[-87.68134,41.87397],[-87.67646,41.87404],[-87.67649,41.87502],[-87.67407,41.87506],[-87.67405,41.87474],[-87.67715,41.87214],[-87.68335,41.86697],[-87.68359,41.86665],[-87.6689,41.86686],[-87.66638,41.86686],[-87.66649,41.87038],[-87.66657,41.87263],[-87.66663,41.87518],[-87.66666,41.87635],[-87.66915,41.87632],[-87.66923,41.87886],[-87.66761,41.88015],[-87.66671,41.8809],[-87.66608,41.88146],[-87.66442,41.88149],[-87.66429,41.8764],[-87.65942,41.87648],[-87.65945,41.87775],[-87.65457,41.87783],[-87.65461,41.8791],[-87.65706,41.87906],[-87.6571,41.88033],[-87.65953,41.88029],[-87.65956,41.88148],[-87.65962,41.88157],[-87.65876,41.88159],[-87.65878,41.88227],[-87.65671,41.8823],[-87.6567,41.88298],[-87.65557,41.883],[-87.65558,41.88341],[-87.65441,41.88343],[-87.6544,41.88302],[-87.64974,41.8831],[-87.6497,41.88174],[-87.64853,41.88176],[-87.64857,41.88313],[-87.64605,41.88316],[-87.64615,41.88543],[-87.64621,41.88582],[-87.64644,41.88658],[-87.64645,41.8868],[-87.64751,41.8868],[-87.64755,41.8882],[-87.64826,41.88904],[-87.64579,41.88907],[-87.64535,41.88902],[-87.64287,41.88905],[-87.64291,41.89015],[-87.64281,41.8907],[-87.64289,41.89098],[-87.64312,41.89125],[-87.6427,41.89127],[-87.64148,41.89139],[-87.64118,41.89141],[-87.64141,41.89183],[-87.64157,41.89205]]]},"properties":{"num":27,"lp":[-87.65192,41.90007]}},
{"type":"Feature","geometry":{"type":"Polygon","coordinates":[[[-87.66663,41.87518],[-87.66657,41.87263],[-87.66649,41.87038],[-87.66638,41.86686],[-87.6689,41.86686],[-87.68359,41.86665],[-87.68335,41.86697],[-87.67715,41.87214],[-87.67405,41.87474],[-87.67407,41.87506],[-87.67649,41.87502],[-87.67646,41.87404],[-87.68134,41.87397],[-87.68137,41.87494],[-87.68157,41.87493],[-87.68626,41.87499],[-87.68627,41.87608],[-87.688,41.87607],[-87.69137,41.87603],[-87.69143,41.8784],[-87.69379,41.87837],[-87.6938,41.8776],[-87.69376,41.8773],[-87.69371,41.87601],[-87.69615,41.87598],[-87.6961,41.87379],[-87.70101,41.87375],[-87.70104,41.87514],[-87.70109,41.8761],[-87.70111,41.8772],[-87.70121,41.88103],[-87.70366,41.881],[-87.70369,41.88192],[-87.70615,41.88188],[-87.7064,41.89031],[-87.71128,41.89025],[-87.71122,41.88811],[-87.7161,41.88806],[-87.72098,41.88802],[-87.72092,41.88599],[-87.72092,41.8852],[-87.72463,41.88541],[-87.7258,41.88547],[-87.72588,41.88833],[-87.72648,41.88877],[-87.72673,41.88905],[-87.72713,41.88971],[-87.72737,41.89051],[-87.72761,41.89092],[-87.72792,41.89127],[-87.72852,41.89157],[-87.7291,41.89165],[-87.7299,41.8917],[-87.73147,41.89183],[-87.7324,41.89194],[-87.73436,41.89232],[-87.73494,41.89247],[-87.73607,41.89289],[-87.73702,41.89316],[-87.73758,41.89339],[-87.73905,41.89414],[-87.74005,41.89468],[-87.74052,41.8951],[-87.74581,41.895],[-87.74575,41.8933],[-87.74555,41.88778],[-87.74796,41.88776],[-87.748,41.88789],[-87.75065,41.88787],[-87.75534,41.88781],[-87.75507,41.88037],[-87.75486,41.87485],[-87.75335,41.87487],[-87.75338,41.87577],[-87.74925,41.87583],[-87.74928,41.87673],[-87.74577,41.87677],[-87.74575,41.87596],[-87.74569,41.87497],[-87.74507,41.875],[-87.74498,41.87502],[-87.74263,41.87505],[-87.74266,41.87596],[-87.74022,41.87598],[-87.74015,41.87417],[-87.74008,41.8719],[-87.73904,41.87204],[-87.7385,41.87218],[-87.73737,41.87258],[-87.73583,41.87331],[-87.73487,41.87364],[-87.73429,41.87378],[-87.73342,41.87392],[-87.73273,41.87398],[-87.7317,41.87402],[-87.72971,41.87403],[-87.72462,41.87409],[-87.72289,41.87413],[-87.7224,41.87412],[-87.71872,41.87416],[-87.70935,41.87428],[-87.70811,41.87434],[-87.70691,41.87448],[-87.70594,41.87462],[-87.70592,41.87369],[-87.70347,41.87372],[-87.70329,41.86847],[-87.70324,41.86655],[-87.7032,41.86643],[-87.69591,41.86651],[-87.69569,41.85922],[-87.69076,41.85928],[-87.69071,41.8579],[-87.69075,41.85643],[-87.6907,41.85635],[-87.68817,41.85692],[-87.68811,41.85516],[-87.68803,41.85386],[-87.6906,41.85382],[-87.69049,41.85015],[-87.68559,41.85021],[-87.68573,41.85547],[-87.68579,41.85724],[-87.68102,41.85828],[-87.68033,41.85842],[-87.67845,41.85871],[-87.67849,41.85894],[-87.67604,41.85929],[-87.6736,41.85952],[-87.67134,41.85953],[-87.66981,41.85957],[-87.66592,41.85961],[-87.65957,41.85972],[-87.6572,41.8625],[-87.65644,41.86247],[-87.65164,41.86254],[-87.65089,41.86228],[-87.64779,41.86233],[-87.64779,41.86301],[-87.64785,41.86317],[-87.64786,41.86388],[-87.64682,41.86387],[-87.64683,41.86417],[-87.64502,41.8642],[-87.64496,41.86348],[-87.64493,41.86237],[-87.64392,41.86241],[-87.64347,41.86256],[-87.64307,41.86257],[-87.64233,41.86241],[-87.63909,41.86247],[-87.63901,41.86002],[-87.6378,41.86001],[-87.63488,41.86011],[-87.6351,41.86726],[-87.63438,41.86737],[-87.63457,41.86922],[-87.63455,41.8698],[-87.63474,41.87017],[-87.63499,41.87109],[-87.63488,41.87136],[-87.63458,41.87156],[-87.63461,41.87197],[-87.63509,41.87196],[-87.63562,41.87469],[-87.63586,41.8751],[-87.63652,41.87584],[-87.63705,41.87661],[-87.63714,41.8768],[-87.64103,41.87675],[-87.64096,41.87439],[-87.64653,41.87432],[-87.64713,41.87434],[-87.64701,41.87175],[-87.64696,41.8696],[-87.65069,41.86954],[-87.65131,41.8695],[-87.6513,41.86942],[-87.65332,41.86705],[-87.65668,41.867],[-87.6568,41.87104],[-87.65682,41.87225],[-87.66091,41.87218],[-87.66172,41.87211],[-87.66171,41.87175],[-87.66233,41.87169],[-87.66415,41.87166],[-87.66422,41.87373],[-87.66178,41.87376],[-87.66182,41.87526],[-87.66663,41.87518]]]},"properties":{"num":28,"lp":[-87.73467,41.88314]}},
{"type":"Feature","geometry":{"type":"Polygon","coordinates":[[[-87.76581,41.91876],[-87.76702,41.91898],[-87.76694,41.91687],[-87.76816,41.91686],[-87.7682,41.91805],[-87.76924,41.91804],[-87.76982,41.91799],[-87.78026,41.91785],[-87.78039,41.91795],[-87.7804,41.91829],[-87.78528,41.91823],[-87.78523,41.91664],[-87.78584,41.91666],[-87.78712,41.91686],[-87.78769,41.91704],[-87.78788,41.92326],[-87.78857,41.92365],[-87.79241,41.92362],[-87.79233,41.9212],[-87.79875,41.92114],[-87.79883,41.9209],[-87.80068,41.92156],[-87.80088,41.92791],[-87.80127,41.93944],[-87.80129,41.9399],[-87.80701,41.93981],[-87.81658,41.93962],[-87.81652,41.93794],[-87.81639,41.93431],[-87.80714,41.93451],[-87.80662,41.93451],[-87.80627,41.92464],[-87.80589,41.91237],[-87.80575,41.90884],[-87.80257,41.90893],[-87.80011,41.90895],[-87.7899,41.90909],[-87.78305,41.90917],[-87.78194,41.90917],[-87.7756,41.90925],[-87.77497,41.88976],[-87.77463,41.87943],[-87.7745,41.87559],[-87.77442,41.873],[-87.77434,41.87136],[-87.77428,41.87073],[-87.77427,41.86925],[-87.77414,41.86571],[-87.77414,41.86546],[-87.76457,41.86559],[-87.76399,41.86561],[-87.75453,41.86575],[-87.75473,41.87104],[-87.74959,41.87111],[-87.74678,41.87112],[-87.74635,41.87115],[-87.74493,41.87118],[-87.74493,41.8722],[-87.74499,41.87296],[-87.74507,41.875],[-87.74569,41.87497],[-87.74575,41.87596],[-87.74577,41.87677],[-87.74928,41.87673],[-87.74925,41.87583],[-87.75338,41.87577],[-87.75335,41.87487],[-87.75486,41.87485],[-87.75507,41.88037],[-87.76154,41.88029],[-87.76161,41.88229],[-87.76493,41.88224],[-87.76505,41.88559],[-87.76512,41.88789],[-87.76539,41.89463],[-87.76589,41.90862],[-87.76584,41.90909],[-87.76555,41.90994],[-87.76553,41.91016],[-87.76564,41.91285],[-87.76574,41.91452],[-87.76573,41.91602],[-87.76581,41.91876]]]},"properties":{"num":29,"lp":[-87.76629,41.87367]}},
{"type":"Feature","geometry":{"type":"Polygon","coordinates":[[[-87.71776,41.95196],[-87.71782,41.95197],[-87.72508,41.95187],[-87.72508,41.95276],[-87.72759,41.95272],[-87.72753,41.95091],[-87.72914,41.95183],[-87.73242,41.95178],[-87.73247,41.9536],[-87.73885,41.95352],[-87.74027,41.95351],[-87.74253,41.95347],[-87.74252,41.95301],[-87.74243,41.94984],[-87.74267,41.94984],[-87.74266,41.94938],[-87.74657,41.94932],[-87.74658,41.94978],[-87.74976,41.94974],[-87.74974,41.94928],[-87.75212,41.94925],[-87.75218,41.95151],[-87.75709,41.95145],[-87.7571,41.9519],[-87.75957,41.95187],[-87.75961,41.95327],[-87.76414,41.95322],[-87.767,41.95318],[-87.76676,41.94588],[-87.77437,41.94579],[-87.78513,41.94568],[-87.78631,41.94566],[-87.78635,41.94522],[-87.78621,41.94199],[-87.7856,41.942],[-87.78545,41.93833],[-87.78603,41.93832],[-87.78591,41.93753],[-87.78569,41.931],[-87.77961,41.93109],[-87.77949,41.92743],[-87.78558,41.92734],[-87.78544,41.92368],[-87.77666,41.92381],[-87.76599,41.92398],[-87.76605,41.9258],[-87.76133,41.92586],[-87.76113,41.92588],[-87.7612,41.9277],[-87.76226,41.92768],[-87.76612,41.92763],[-87.76625,41.93128],[-87.76746,41.93126],[-87.76752,41.93309],[-87.76874,41.93307],[-87.76893,41.93854],[-87.7616,41.93864],[-87.76153,41.93681],[-87.75417,41.93691],[-87.75421,41.93782],[-87.75666,41.93779],[-87.75672,41.93961],[-87.76163,41.93955],[-87.76169,41.94138],[-87.75923,41.94141],[-87.75938,41.94597],[-87.74706,41.94612],[-87.74699,41.94337],[-87.74687,41.93883],[-87.72747,41.93909],[-87.72392,41.93913],[-87.7174,41.93922],[-87.71753,41.94345],[-87.7175,41.94467],[-87.71754,41.94541],[-87.71756,41.9465],[-87.71764,41.9474],[-87.71776,41.95196]]]},"properties":{"num":30,"lp":[-87.77652,41.93796]}},
{"type":"Feature","geometry":{"type":"Polygon","coordinates":[[[-87.73649,41.92253],[-87.73161,41.92259],[-87.73165,41.92392],[-87.7292,41.92395],[-87.72922,41.92446],[-87.72677,41.92448],[-87.72698,41.93179],[-87.72209,41.93185],[-87.72215,41.93428],[-87.72208,41.93431],[-87.71966,41.93654],[-87.72392,41.93913],[-87.72747,41.93909],[-87.74687,41.93883],[-87.74699,41.94337],[-87.74706,41.94612],[-87.75938,41.94597],[-87.75923,41.94141],[-87.76169,41.94138],[-87.76163,41.93955],[-87.75672,41.93961],[-87.75666,41.93779],[-87.75421,41.93782],[-87.75417,41.93691],[-87.76153,41.93681],[-87.7616,41.93864],[-87.76893,41.93854],[-87.76874,41.93307],[-87.76752,41.93309],[-87.76746,41.93126],[-87.76625,41.93128],[-87.76612,41.92763],[-87.76226,41.92768],[-87.7612,41.9277],[-87.76113,41.92588],[-87.76133,41.92586],[-87.76605,41.9258],[-87.76599,41.92398],[-87.75861,41.92407],[-87.75855,41.92225],[-87.75732,41.92227],[-87.75131,41.92235],[-87.75092,41.92237],[-87.74709,41.92241],[-87.74594,41.92242],[-87.74178,41.92247],[-87.74184,41.9243],[-87.74163,41.9243],[-87.74158,41.92253],[-87.74026,41.92253],[-87.73894,41.92251],[-87.73649,41.92253]]]},"properties":{"num":31,"lp":[-87.74853,41.93072]}},
{"type":"Feature","geometry":{"type":"Polygon","coordinates":[[[-87.66513,41.9434],[-87.67383,41.94327],[-87.67603,41.94325],[-87.67608,41.94506],[-87.67971,41.94503],[-87.67975,41.94638],[-87.68097,41.94636],[-87.68098,41.94683],[-87.68679,41.94676],[-87.68826,41.94673],[-87.68816,41.94341],[-87.68804,41.93903],[-87.68799,41.9361],[-87.68792,41.93258],[-87.68783,41.93007],[-87.68777,41.92859],[-87.68777,41.92858],[-87.68763,41.92467],[-87.68761,41.92363],[-87.68742,41.91779],[-87.68722,41.91032],[-87.68218,41.9104],[-87.67719,41.91049],[-87.67041,41.91059],[-87.66519,41.91066],[-87.66065,41.91073],[-87.65986,41.91075],[-87.65809,41.91077],[-87.65408,41.91082],[-87.65548,41.9125],[-87.65499,41.91272],[-87.65439,41.91305],[-87.65604,41.91455],[-87.65778,41.91617],[-87.6591,41.91712],[-87.66014,41.9171],[-87.66033,41.91731],[-87.66304,41.91929],[-87.66314,41.91945],[-87.66319,41.92074],[-87.66811,41.92428],[-87.66815,41.92515],[-87.66277,41.92523],[-87.65845,41.92529],[-87.6586,41.92967],[-87.65871,41.93256],[-87.65897,41.93984],[-87.66072,41.9398],[-87.66382,41.93976],[-87.66383,41.94022],[-87.66445,41.94021],[-87.66447,41.94149],[-87.66454,41.94341],[-87.66513,41.9434]]]},"properties":{"num":32,"lp":[-87.6768,41.93207]}},
{"type":"Feature","geometry":{"type":"Polygon","coordinates":[[[-87.69475,41.96127],[-87.69848,41.96125],[-87.69853,41.96348],[-87.69846,41.96362],[-87.69963,41.96477],[-87.70347,41.96474],[-87.70358,41.96836],[-87.70361,41.96849],[-87.70108,41.96851],[-87.70144,41.96894],[-87.70154,41.9692],[-87.70202,41.96962],[-87.70256,41.97023],[-87.70322,41.97124],[-87.70357,41.97195],[-87.70382,41.97305],[-87.70421,41.97401],[-87.70446,41.97486],[-87.70449,41.9752],[-87.70473,41.97577],[-87.70868,41.97575],[-87.70863,41.97392],[-87.71071,41.97388],[-87.71106,41.97356],[-87.71102,41.97205],[-87.71281,41.97202],[-87.71398,41.97186],[-87.71493,41.9718],[-87.71582,41.97187],[-87.71644,41.97201],[-87.7208,41.97197],[-87.72075,41.97014],[-87.72445,41.9701],[-87.72442,41.9687],[-87.72562,41.96869],[-87.72665,41.96873],[-87.72804,41.9687],[-87.72801,41.96778],[-87.72739,41.96779],[-87.72732,41.9646],[-87.72793,41.96459],[-87.72783,41.96095],[-87.72416,41.96099],[-87.72411,41.95917],[-87.72287,41.95919],[-87.72282,41.95736],[-87.72159,41.95738],[-87.72154,41.95556],[-87.71787,41.95561],[-87.71781,41.95379],[-87.7129,41.95386],[-87.7128,41.9505],[-87.71279,41.94933],[-87.7078,41.94592],[-87.70765,41.9402],[-87.70762,41.93994],[-87.7077,41.93933],[-87.70547,41.93935],[-87.70073,41.93937],[-87.69782,41.93939],[-87.69792,41.94239],[-87.69803,41.94668],[-87.70197,41.94665],[-87.70537,41.94665],[-87.70547,41.95029],[-87.69936,41.95032],[-87.69946,41.95397],[-87.69454,41.95399],[-87.69444,41.95466],[-87.69446,41.95527],[-87.69439,41.95588],[-87.69438,41.95706],[-87.69434,41.95772],[-87.69444,41.95851],[-87.69458,41.9592],[-87.69459,41.95964],[-87.69466,41.96006],[-87.6947,41.9611],[-87.69475,41.96127]]]},"properties":{"num":33,"lp":[-87.71236,41.96289]}},
{"type":"Feature","geometry":{"type":"Polygon","coordinates":[[[-87.62429,41.877],[-87.62437,41.88009],[-87.62433,41.88078],[-87.62439,41.88298],[-87.62445,41.88447],[-87.6239,41.88444],[-87.62391,41.88577],[-87.62517,41.88574],[-87.62628,41.88574],[-87.62625,41.8845],[-87.62946,41.88448],[-87.62944,41.88321],[-87.63241,41.88321],[-87.63242,41.88386],[-87.63513,41.88388],[-87.63536,41.88383],[-87.6353,41.88128],[-87.63235,41.88131],[-87.63226,41.87813],[-87.63551,41.8781],[-87.63956,41.87804],[-87.63967,41.88122],[-87.64117,41.8812],[-87.64131,41.8857],[-87.63967,41.88572],[-87.63819,41.88572],[-87.63845,41.88611],[-87.63915,41.88684],[-87.63924,41.88711],[-87.63968,41.88906],[-87.63982,41.88935],[-87.64018,41.88963],[-87.64072,41.89019],[-87.64113,41.89075],[-87.64148,41.89139],[-87.6427,41.89127],[-87.64312,41.89125],[-87.64289,41.89098],[-87.64281,41.8907],[-87.64291,41.89015],[-87.64287,41.88905],[-87.64535,41.88902],[-87.64579,41.88907],[-87.64826,41.88904],[-87.64755,41.8882],[-87.64751,41.8868],[-87.64645,41.8868],[-87.64644,41.88658],[-87.64621,41.88582],[-87.64615,41.88543],[-87.64605,41.88316],[-87.64857,41.88313],[-87.64853,41.88176],[-87.6497,41.88174],[-87.64974,41.8831],[-87.6544,41.88302],[-87.65441,41.88343],[-87.65558,41.88341],[-87.65557,41.883],[-87.6567,41.88298],[-87.65671,41.8823],[-87.65878,41.88227],[-87.65876,41.88159],[-87.65962,41.88157],[-87.65956,41.88148],[-87.65953,41.88029],[-87.6571,41.88033],[-87.65706,41.87906],[-87.65461,41.8791],[-87.65457,41.87783],[-87.65945,41.87775],[-87.65942,41.87648],[-87.66429,41.8764],[-87.66442,41.88149],[-87.66608,41.88146],[-87.66671,41.8809],[-87.66761,41.88015],[-87.66923,41.87886],[-87.66915,41.87632],[-87.66666,41.87635],[-87.66663,41.87518],[-87.66182,41.87526],[-87.66178,41.87376],[-87.66422,41.87373],[-87.66415,41.87166],[-87.66233,41.87169],[-87.66171,41.87175],[-87.66172,41.87211],[-87.66091,41.87218],[-87.65682,41.87225],[-87.6568,41.87104],[-87.65668,41.867],[-87.65332,41.86705],[-87.6513,41.86942],[-87.65131,41.8695],[-87.65069,41.86954],[-87.64696,41.8696],[-87.64701,41.87175],[-87.64713,41.87434],[-87.64653,41.87432],[-87.64096,41.87439],[-87.64103,41.87675],[-87.63714,41.8768],[-87.63705,41.87661],[-87.63652,41.87584],[-87.63586,41.8751],[-87.63562,41.87469],[-87.63509,41.87196],[-87.63461,41.87197],[-87.63458,41.87156],[-87.63488,41.87136],[-87.63499,41.87109],[-87.63474,41.87017],[-87.63455,41.8698],[-87.63457,41.86922],[-87.63438,41.86737],[-87.63266,41.86741],[-87.63266,41.86726],[-87.6313,41.86729],[-87.62749,41.86734],[-87.62747,41.86574],[-87.62339,41.8658],[-87.62263,41.86582],[-87.62267,41.86756],[-87.62553,41.86749],[-87.62655,41.8675],[-87.63044,41.86743],[-87.63049,41.86965],[-87.63057,41.87058],[-87.63071,41.87569],[-87.6297,41.8757],[-87.62969,41.87555],[-87.6287,41.87556],[-87.62874,41.87691],[-87.63075,41.87688],[-87.63079,41.87815],[-87.62768,41.87818],[-87.62757,41.87822],[-87.62608,41.87825],[-87.62604,41.87617],[-87.6253,41.8762],[-87.62529,41.87699],[-87.62429,41.877]]]},"properties":{"num":34,"lp":[-87.65185,41.87411]}},
{"type":"Feature","geometry":{"type":"Polygon","coordinates":[[[-87.68799,41.9361],[-87.68849,41.93643],[-87.69007,41.93665],[-87.69041,41.9369],[-87.69072,41.9374],[-87.69106,41.93824],[-87.69149,41.93879],[-87.69234,41.93922],[-87.69244,41.93938],[-87.69279,41.93952],[-87.69331,41.93993],[-87.69363,41.94026],[-87.69408,41.94102],[-87.69446,41.94151],[-87.69528,41.94277],[-87.69548,41.94358],[-87.69619,41.94657],[-87.69622,41.94702],[-87.69637,41.94774],[-87.69647,41.94795],[-87.69668,41.94891],[-87.69686,41.95001],[-87.69679,41.95039],[-87.6964,41.95102],[-87.69579,41.95216],[-87.6955,41.95261],[-87.69507,41.95311],[-87.69465,41.95368],[-87.69454,41.95399],[-87.69946,41.95397],[-87.69936,41.95032],[-87.70547,41.95029],[-87.70537,41.94665],[-87.70197,41.94665],[-87.69803,41.94668],[-87.69792,41.94239],[-87.69782,41.93939],[-87.70073,41.93937],[-87.70547,41.93935],[-87.7077,41.93933],[-87.70762,41.93994],[-87.70765,41.9402],[-87.7078,41.94592],[-87.71279,41.94933],[-87.7128,41.9505],[-87.7129,41.95386],[-87.71781,41.95379],[-87.71776,41.95196],[-87.71764,41.9474],[-87.71756,41.9465],[-87.71754,41.94541],[-87.7175,41.94467],[-87.71753,41.94345],[-87.7174,41.93922],[-87.72392,41.93913],[-87.71966,41.93654],[-87.72208,41.93431],[-87.72215,41.93428],[-87.72209,41.93185],[-87.72698,41.93179],[-87.72677,41.92448],[-87.72922,41.92446],[-87.7292,41.92395],[-87.73165,41.92392],[-87.73161,41.92259],[-87.73649,41.92253],[-87.73638,41.91895],[-87.73633,41.91704],[-87.73352,41.91707],[-87.729,41.91713],[-87.72905,41.91897],[-87.7138,41.91915],[-87.70703,41.91923],[-87.70707,41.92066],[-87.70749,41.92082],[-87.70761,41.92106],[-87.70737,41.92141],[-87.70711,41.92145],[-87.70714,41.92232],[-87.70679,41.92234],[-87.70223,41.92238],[-87.7023,41.9241],[-87.70235,41.92597],[-87.70575,41.92806],[-87.70555,41.92827],[-87.70525,41.9284],[-87.70488,41.9284],[-87.70498,41.93204],[-87.69853,41.93209],[-87.69662,41.9321],[-87.69396,41.93212],[-87.69274,41.93139],[-87.6916,41.93075],[-87.69095,41.93033],[-87.69063,41.93019],[-87.68777,41.92858],[-87.68777,41.92859],[-87.68783,41.93007],[-87.68792,41.93258],[-87.68799,41.9361]]]},"properties":{"num":35,"lp":[-87.71451,41.92781]}},
{"type":"Feature","geometry":{"type":"Polygon","coordinates":[[[-87.75732,41.92227],[-87.75855,41.92225],[-87.75861,41.92407],[-87.76599,41.92398],[-87.77666,41.92381],[-87.78544,41.92368],[-87.78558,41.92734],[-87.77949,41.92743],[-87.77961,41.93109],[-87.78569,41.931],[-87.78591,41.93753],[-87.78603,41.93832],[-87.78545,41.93833],[-87.7856,41.942],[-87.78621,41.94199],[-87.78742,41.94198],[-87.78727,41.9383],[-87.79457,41.93818],[-87.79813,41.93812],[-87.79819,41.93994],[-87.80005,41.93992],[-87.80002,41.93944],[-87.80127,41.93944],[-87.80088,41.92791],[-87.80068,41.92156],[-87.79883,41.9209],[-87.79875,41.92114],[-87.79233,41.9212],[-87.79241,41.92362],[-87.78857,41.92365],[-87.78788,41.92326],[-87.78769,41.91704],[-87.78712,41.91686],[-87.78584,41.91666],[-87.78523,41.91664],[-87.78528,41.91823],[-87.7804,41.91829],[-87.78039,41.91795],[-87.78026,41.91785],[-87.76982,41.91799],[-87.76924,41.91804],[-87.7682,41.91805],[-87.76816,41.91686],[-87.76694,41.91687],[-87.76702,41.91898],[-87.76581,41.91876],[-87.7639,41.91841],[-87.75825,41.91737],[-87.75594,41.91693],[-87.75589,41.91571],[-87.75347,41.9154],[-87.74936,41.91491],[-87.74857,41.9148],[-87.74601,41.91449],[-87.74599,41.91392],[-87.74061,41.91178],[-87.73939,41.91131],[-87.73609,41.90999],[-87.73556,41.90977],[-87.73626,41.90976],[-87.73633,41.90911],[-87.73622,41.90523],[-87.72639,41.90538],[-87.72639,41.90563],[-87.72576,41.90536],[-87.72575,41.90445],[-87.72392,41.90446],[-87.72388,41.90315],[-87.72266,41.90316],[-87.72145,41.90317],[-87.72143,41.90271],[-87.72022,41.90272],[-87.7202,41.90225],[-87.71898,41.90226],[-87.71894,41.90091],[-87.71528,41.90094],[-87.71521,41.89912],[-87.71021,41.89916],[-87.70894,41.89829],[-87.70774,41.89753],[-87.7066,41.89686],[-87.70665,41.89831],[-87.70279,41.89678],[-87.69321,41.89295],[-87.68888,41.89123],[-87.68739,41.89063],[-87.68604,41.89067],[-87.67653,41.89083],[-87.67202,41.8909],[-87.67216,41.89579],[-87.67219,41.89625],[-87.67228,41.89963],[-87.67757,41.89955],[-87.68449,41.89942],[-87.68451,41.90033],[-87.68696,41.90029],[-87.68701,41.90209],[-87.68779,41.90208],[-87.6878,41.90252],[-87.69687,41.90243],[-87.69681,41.9002],[-87.69435,41.90022],[-87.69433,41.8993],[-87.69679,41.89928],[-87.69676,41.89807],[-87.70043,41.89804],[-87.70039,41.89634],[-87.70103,41.89662],[-87.70104,41.89803],[-87.70193,41.89802],[-87.70195,41.89924],[-87.70881,41.89917],[-87.71138,41.9002],[-87.71188,41.90005],[-87.71269,41.90069],[-87.71298,41.90083],[-87.71655,41.90224],[-87.71662,41.90456],[-87.71966,41.90453],[-87.71972,41.90634],[-87.72519,41.90629],[-87.7253,41.90623],[-87.7258,41.90641],[-87.72583,41.90808],[-87.72891,41.90804],[-87.72893,41.90865],[-87.73016,41.90863],[-87.73018,41.90933],[-87.73141,41.90932],[-87.73142,41.90982],[-87.73366,41.90979],[-87.73367,41.91029],[-87.73489,41.91028],[-87.73493,41.9116],[-87.73616,41.91158],[-87.73622,41.91352],[-87.73819,41.91357],[-87.74,41.91375],[-87.7413,41.91391],[-87.74134,41.91514],[-87.74142,41.91698],[-87.74611,41.91693],[-87.74608,41.91647],[-87.74943,41.91644],[-87.74945,41.91689],[-87.75338,41.91684],[-87.75343,41.9173],[-87.75343,41.91805],[-87.75353,41.91866],[-87.75573,41.91864],[-87.75619,41.91867],[-87.75722,41.91865],[-87.75732,41.92227]]]},"properties":{"num":36,"lp":[-87.79357,41.93083]}},
{"type":"Feature","geometry":{"type":"Polygon","coordinates":[[[-87.72098,41.88802],[-87.72104,41.8899],[-87.72226,41.8899],[-87.72241,41.89526],[-87.72266,41.90316],[-87.72388,41.90315],[-87.72392,41.90446],[-87.72575,41.90445],[-87.72576,41.90536],[-87.72639,41.90563],[-87.72639,41.90538],[-87.73622,41.90523],[-87.73633,41.90911],[-87.73626,41.90976],[-87.73556,41.90977],[-87.73609,41.90999],[-87.73939,41.91131],[-87.74061,41.91178],[-87.74599,41.91392],[-87.74601,41.91449],[-87.74857,41.9148],[-87.74936,41.91491],[-87.75347,41.9154],[-87.75589,41.91571],[-87.75594,41.91693],[-87.75825,41.91737],[-87.7639,41.91841],[-87.76581,41.91876],[-87.76573,41.91602],[-87.76574,41.91452],[-87.76564,41.91285],[-87.76553,41.91016],[-87.76555,41.90994],[-87.76584,41.90909],[-87.76589,41.90862],[-87.76539,41.89463],[-87.76512,41.88789],[-87.76505,41.88559],[-87.76493,41.88224],[-87.76161,41.88229],[-87.76154,41.88029],[-87.75507,41.88037],[-87.75534,41.88781],[-87.75065,41.88787],[-87.748,41.88789],[-87.74796,41.88776],[-87.74555,41.88778],[-87.74575,41.8933],[-87.74581,41.895],[-87.74052,41.8951],[-87.74005,41.89468],[-87.73905,41.89414],[-87.73758,41.89339],[-87.73702,41.89316],[-87.73607,41.89289],[-87.73494,41.89247],[-87.73436,41.89232],[-87.7324,41.89194],[-87.73147,41.89183],[-87.7299,41.8917],[-87.7291,41.89165],[-87.72852,41.89157],[-87.72792,41.89127],[-87.72761,41.89092],[-87.72737,41.89051],[-87.72713,41.88971],[-87.72673,41.88905],[-87.72648,41.88877],[-87.72588,41.88833],[-87.7258,41.88547],[-87.72463,41.88541],[-87.72092,41.8852],[-87.72092,41.88599],[-87.72098,41.88802]]]},"properties":{"num":37,"lp":[-87.75386,41.90365]}},
{"type":"Feature","geometry":{"type":"Polygon","coordinates":[[[-87.78621,41.94199],[-87.78635,41.94522],[-87.78631,41.94566],[-87.78513,41.94568],[-87.77437,41.94579],[-87.76676,41.94588],[-87.767,41.95318],[-87.76414,41.95322],[-87.75961,41.95327],[-87.75752,41.95329],[-87.75224,41.95336],[-87.7523,41.95519],[-87.75236,41.95583],[-87.75233,41.95647],[-87.75279,41.957],[-87.75207,41.95701],[-87.75247,41.95747],[-87.75728,41.95741],[-87.75733,41.95878],[-87.76718,41.95866],[-87.76739,41.96504],[-87.77717,41.96492],[-87.77716,41.96478],[-87.78198,41.96471],[-87.78197,41.9666],[-87.78674,41.96654],[-87.78678,41.96347],[-87.78705,41.9633],[-87.78689,41.96269],[-87.78681,41.96022],[-87.78815,41.96018],[-87.7918,41.96012],[-87.7942,41.96006],[-87.79473,41.95987],[-87.80013,41.95728],[-87.80012,41.95711],[-87.8073,41.95368],[-87.80727,41.95276],[-87.80757,41.95277],[-87.82171,41.95242],[-87.83179,41.95216],[-87.83183,41.95404],[-87.83182,41.95567],[-87.8321,41.95707],[-87.8326,41.95908],[-87.83268,41.95944],[-87.8367,41.95936],[-87.83668,41.9666],[-87.84428,41.96646],[-87.84657,41.96641],[-87.85055,41.96627],[-87.85492,41.96614],[-87.8553,41.96512],[-87.85551,41.96446],[-87.85568,41.96284],[-87.85582,41.96241],[-87.8563,41.96159],[-87.85703,41.9602],[-87.85742,41.95956],[-87.85758,41.95919],[-87.85813,41.95834],[-87.85868,41.95761],[-87.85876,41.95742],[-87.85878,41.95693],[-87.85859,41.95614],[-87.85825,41.95558],[-87.85808,41.95544],[-87.8466,41.95569],[-87.84662,41.95179],[-87.84661,41.95164],[-87.85407,41.95145],[-87.85425,41.95092],[-87.85494,41.94948],[-87.85501,41.94894],[-87.855,41.9482],[-87.85487,41.9478],[-87.85408,41.94656],[-87.85382,41.94584],[-87.85358,41.94504],[-87.85326,41.94376],[-87.85301,41.94335],[-87.8531,41.94288],[-87.85308,41.9426],[-87.85253,41.94126],[-87.85227,41.94041],[-87.85211,41.93979],[-87.85181,41.93917],[-87.85141,41.9387],[-87.85066,41.93808],[-87.85019,41.93775],[-87.84962,41.93729],[-87.84445,41.9374],[-87.84261,41.93743],[-87.83542,41.93757],[-87.83345,41.9376],[-87.83321,41.93762],[-87.82657,41.93775],[-87.82594,41.93775],[-87.81652,41.93794],[-87.81658,41.93962],[-87.80701,41.93981],[-87.80129,41.9399],[-87.80127,41.93944],[-87.80002,41.93944],[-87.80005,41.93992],[-87.79819,41.93994],[-87.79813,41.93812],[-87.79457,41.93818],[-87.78727,41.9383],[-87.78742,41.94198],[-87.78621,41.94199]]]},"properties":{"num":38,"lp":[-87.77635,41.95538]}},
{"type":"Feature","geometry":{"type":"Polygon","coordinates":[[[-87.70473,41.97577],[-87.69892,41.97582],[-87.69916,41.98312],[-87.7069,41.98308],[-87.70726,41.98428],[-87.70751,41.98495],[-87.70751,41.98517],[-87.70782,41.98603],[-87.70788,41.98635],[-87.70816,41.98704],[-87.70831,41.98773],[-87.70847,41.98819],[-87.70848,41.98849],[-87.70869,41.9889],[-87.70886,41.98945],[-87.70898,41.99008],[-87.70909,41.99038],[-87.71569,41.9903],[-87.72136,41.99023],[-87.72137,41.99066],[-87.72199,41.99068],[-87.72206,41.99372],[-87.7233,41.99372],[-87.72336,41.99681],[-87.72275,41.99679],[-87.72279,41.99726],[-87.72903,41.99724],[-87.74094,41.99725],[-87.74604,41.99728],[-87.75291,41.9973],[-87.75633,41.99731],[-87.75976,41.99733],[-87.76205,41.99732],[-87.7648,41.99733],[-87.76547,41.99735],[-87.76632,41.99733],[-87.7671,41.99727],[-87.76804,41.99724],[-87.76985,41.99714],[-87.77101,41.99715],[-87.77208,41.99722],[-87.77345,41.99735],[-87.77489,41.99743],[-87.77625,41.99745],[-87.78242,41.99739],[-87.78284,41.9974],[-87.78636,41.99737],[-87.78744,41.99736],[-87.78749,41.99573],[-87.7876,41.99017],[-87.78748,41.99013],[-87.78644,41.99012],[-87.78577,41.99014],[-87.77873,41.99021],[-87.77789,41.9902],[-87.7779,41.98996],[-87.77205,41.98694],[-87.76724,41.98445],[-87.76423,41.98289],[-87.76319,41.98228],[-87.75974,41.98016],[-87.75215,41.9755],[-87.74791,41.97288],[-87.74789,41.9706],[-87.74783,41.9694],[-87.74756,41.96854],[-87.74772,41.96803],[-87.74772,41.96708],[-87.74764,41.96452],[-87.7476,41.96424],[-87.74706,41.96317],[-87.74696,41.9629],[-87.74738,41.96243],[-87.74672,41.96202],[-87.74457,41.96076],[-87.74353,41.96077],[-87.74195,41.95981],[-87.73941,41.9583],[-87.73527,41.95597],[-87.73477,41.95576],[-87.73396,41.95532],[-87.73094,41.95362],[-87.72762,41.95365],[-87.72767,41.95548],[-87.72285,41.95554],[-87.72274,41.95551],[-87.72205,41.95503],[-87.72152,41.95504],[-87.72154,41.95556],[-87.72159,41.95738],[-87.72282,41.95736],[-87.72287,41.95919],[-87.72411,41.95917],[-87.72416,41.96099],[-87.72783,41.96095],[-87.72793,41.96459],[-87.72732,41.9646],[-87.72739,41.96779],[-87.72801,41.96778],[-87.72804,41.9687],[-87.72665,41.96873],[-87.72562,41.96869],[-87.72442,41.9687],[-87.72445,41.9701],[-87.72075,41.97014],[-87.7208,41.97197],[-87.71644,41.97201],[-87.71582,41.97187],[-87.71493,41.9718],[-87.71398,41.97186],[-87.71281,41.97202],[-87.71102,41.97205],[-87.71106,41.97356],[-87.71071,41.97388],[-87.70863,41.97392],[-87.70868,41.97575],[-87.70473,41.97577]]]},"properties":{"num":39,"lp":[-87.73555,41.98203]}},
{"type":"Feature","geometry":{"type":"Polygon","coordinates":[[[-87.67059,41.99808],[-87.67097,41.99908],[-87.67125,42.00001],[-87.67186,42.0017],[-87.67512,42.00165],[-87.6752,42.00437],[-87.67556,42.00439],[-87.67889,42.00433],[-87.67976,42.00431],[-87.68176,42.00865],[-87.68189,42.00896],[-87.68266,42.00893],[-87.68242,42.00839],[-87.69015,42.00805],[-87.69016,42.00863],[-87.69037,42.00865],[-87.69497,42.00856],[-87.69495,42.00495],[-87.69068,42.00502],[-87.6907,42.00592],[-87.69009,42.00593],[-87.68993,41.99954],[-87.6875,41.99959],[-87.68751,42.00004],[-87.68623,42.00005],[-87.68136,42.00014],[-87.68021,42.00014],[-87.68022,42.00031],[-87.67794,42.00036],[-87.67684,41.99796],[-87.68257,41.99785],[-87.68239,41.99422],[-87.68947,41.9941],[-87.6983,41.99399],[-87.69818,41.99045],[-87.70304,41.99042],[-87.70297,41.98834],[-87.70331,41.98797],[-87.69924,41.98554],[-87.69916,41.98312],[-87.69892,41.97582],[-87.70473,41.97577],[-87.70449,41.9752],[-87.70446,41.97486],[-87.70421,41.97401],[-87.70382,41.97305],[-87.70357,41.97195],[-87.70322,41.97124],[-87.70256,41.97023],[-87.70202,41.96962],[-87.70154,41.9692],[-87.70144,41.96894],[-87.70108,41.96851],[-87.70361,41.96849],[-87.70358,41.96836],[-87.70347,41.96474],[-87.69963,41.96477],[-87.69846,41.96362],[-87.69853,41.96348],[-87.69848,41.96125],[-87.69475,41.96127],[-87.69548,41.96293],[-87.69562,41.96318],[-87.69605,41.96368],[-87.69667,41.96429],[-87.69704,41.96472],[-87.69729,41.96491],[-87.69831,41.96589],[-87.6986,41.9662],[-87.69746,41.96621],[-87.69798,41.96671],[-87.68903,41.96678],[-87.68885,41.96676],[-87.68896,41.97041],[-87.68541,41.97049],[-87.67924,41.97057],[-87.6793,41.9724],[-87.67631,41.97244],[-87.67632,41.97331],[-87.67475,41.97336],[-87.66956,41.97344],[-87.66958,41.97434],[-87.66821,41.97437],[-87.66842,41.97619],[-87.66842,41.97629],[-87.66827,41.97973],[-87.66841,41.98153],[-87.66865,41.98299],[-87.6692,41.98552],[-87.66957,41.98678],[-87.66985,41.98842],[-87.66998,41.98952],[-87.67008,41.99246],[-87.67014,41.9938],[-87.67015,41.9946],[-87.67023,41.99646],[-87.67028,41.99684],[-87.67059,41.99808]]]},"properties":{"num":40,"lp":[-87.68628,41.98231]}},
{"type":"Feature","geometry":{"type":"Polygon","coordinates":[[[-87.78197,41.9666],[-87.77723,41.96667],[-87.77727,41.96765],[-87.77823,41.96853],[-87.78559,41.96844],[-87.78546,41.97528],[-87.78545,41.97551],[-87.7859,41.97566],[-87.78666,41.97566],[-87.78653,41.98207],[-87.78775,41.98206],[-87.78763,41.98877],[-87.79538,41.99311],[-87.79482,41.99367],[-87.79469,41.9937],[-87.7917,41.99371],[-87.79166,41.99382],[-87.7923,41.99719],[-87.79231,41.99732],[-87.79089,41.99733],[-87.79087,41.99889],[-87.79022,41.9989],[-87.78958,41.99923],[-87.79065,42.0004],[-87.79117,42.00098],[-87.79712,42.00094],[-87.79717,42.00089],[-87.79717,42.00004],[-87.79945,42.00003],[-87.79963,42.00087],[-87.80109,42.00087],[-87.80108,42.00157],[-87.80535,42.00152],[-87.80539,42.00086],[-87.80676,42.00084],[-87.80662,42.01368],[-87.80655,42.01896],[-87.82121,42.01864],[-87.82123,42.01554],[-87.82007,42.01557],[-87.8201,42.01193],[-87.81973,42.01193],[-87.81973,42.01139],[-87.82125,42.01136],[-87.82127,42.00983],[-87.82132,42.00748],[-87.82131,42.00723],[-87.82135,42.00412],[-87.82137,42.00083],[-87.82138,42.00055],[-87.8214,41.99692],[-87.82181,41.99522],[-87.82216,41.99311],[-87.82283,41.98822],[-87.82335,41.98436],[-87.82811,41.98504],[-87.83503,41.98603],[-87.83503,41.98607],[-87.83638,41.98627],[-87.83658,41.98638],[-87.83747,41.98648],[-87.83892,41.98671],[-87.84174,41.98712],[-87.84671,41.98787],[-87.84673,41.98798],[-87.84925,41.98835],[-87.85074,41.98853],[-87.85184,41.98861],[-87.85359,41.98868],[-87.85457,41.98881],[-87.85538,41.98898],[-87.85577,41.98893],[-87.85557,41.98819],[-87.85558,41.98774],[-87.85587,41.98715],[-87.85636,41.98599],[-87.85647,41.98536],[-87.85664,41.98466],[-87.85664,41.98432],[-87.85623,41.98348],[-87.85597,41.9828],[-87.85578,41.98216],[-87.85578,41.9817],[-87.85588,41.9811],[-87.85627,41.98046],[-87.85846,41.97866],[-87.85938,41.97757],[-87.85996,41.97699],[-87.86067,41.97654],[-87.86124,41.976],[-87.86168,41.97535],[-87.86201,41.97431],[-87.86201,41.97386],[-87.86749,41.97373],[-87.86749,41.97399],[-87.86784,41.97398],[-87.86784,41.97382],[-87.86861,41.9738],[-87.8686,41.97405],[-87.87265,41.97396],[-87.87589,41.97388],[-87.87588,41.9766],[-87.87373,41.97666],[-87.87502,41.98024],[-87.87489,41.98025],[-87.87586,41.98294],[-87.87586,41.9857],[-87.87691,41.98567],[-87.88035,41.99523],[-87.88454,41.9951],[-87.88453,41.9982],[-87.88496,41.9983],[-87.88501,41.99847],[-87.88673,41.99886],[-87.8894,41.99939],[-87.89075,41.99961],[-87.89081,41.99957],[-87.89297,41.99991],[-87.89746,42.00053],[-87.89744,42.00155],[-87.89954,42.00148],[-87.90312,42.00342],[-87.90406,42.00356],[-87.90406,42.00397],[-87.9024,42.00403],[-87.90241,42.00361],[-87.89924,42.0019],[-87.89436,42.00206],[-87.89436,42.00217],[-87.89039,42.0023],[-87.89038,42.00285],[-87.89026,42.00285],[-87.89,42.00323],[-87.89189,42.00399],[-87.89326,42.00394],[-87.89323,42.00334],[-87.89358,42.00333],[-87.89355,42.00274],[-87.89435,42.00271],[-87.89429,42.0057],[-87.89531,42.00567],[-87.89576,42.00588],[-87.89598,42.00578],[-87.89718,42.00633],[-87.89835,42.00679],[-87.89916,42.00705],[-87.90238,42.00792],[-87.90238,42.00809],[-87.90575,42.00899],[-87.90768,42.00892],[-87.90767,42.00525],[-87.90827,42.00521],[-87.91133,42.0051],[-87.91303,42.00509],[-87.91303,42.00627],[-87.91331,42.00626],[-87.91331,42.00872],[-87.91377,42.0087],[-87.91377,42.00507],[-87.92061,42.00495],[-87.9206,42.00389],[-87.92086,42.00388],[-87.92256,42.00587],[-87.92545,42.00771],[-87.92925,42.005],[-87.93033,42.00516],[-87.93033,42.005],[-87.93348,42.00542],[-87.93351,42.00566],[-87.93356,42.00802],[-87.93358,42.00817],[-87.93529,42.00815],[-87.93517,42.00333],[-87.93509,42.00094],[-87.93466,42.0009],[-87.93541,42.00017],[-87.93591,41.9996],[-87.93653,41.99879],[-87.93708,41.99797],[-87.93762,41.99703],[-87.93817,41.99579],[-87.93839,41.99518],[-87.93865,41.99425],[-87.9388,41.99353],[-87.93993,41.99349],[-87.93988,41.99049],[-87.93986,41.99015],[-87.93982,41.9878],[-87.93983,41.98702],[-87.93975,41.98189],[-87.93971,41.97864],[-87.93972,41.96428],[-87.93936,41.96428],[-87.93938,41.95953],[-87.93928,41.95885],[-87.93912,41.95839],[-87.93947,41.95839],[-87.93947,41.95679],[-87.93723,41.95645],[-87.9342,41.95597],[-87.92634,41.95465],[-87.92556,41.95461],[-87.92215,41.95378],[-87.92215,41.95383],[-87.91594,41.95227],[-87.91596,41.95509],[-87.91633,41.95509],[-87.91585,41.95716],[-87.91523,41.95684],[-87.91504,41.95619],[-87.91484,41.95509],[-87.91477,41.95434],[-87.91475,41.95288],[-87.90378,41.95062],[-87.89288,41.95079],[-87.8929,41.95805],[-87.89027,41.9581],[-87.88563,41.95749],[-87.88563,41.95754],[-87.88385,41.9573],[-87.88383,41.95736],[-87.88163,41.95711],[-87.88079,41.9572],[-87.88084,41.9655],[-87.88079,41.96918],[-87.88077,41.97285],[-87.86989,41.97312],[-87.86883,41.97317],[-87.86848,41.97316],[-87.8619,41.97332],[-87.8617,41.97299],[-87.86134,41.97261],[-87.86043,41.97193],[-87.85975,41.9716],[-87.85903,41.97143],[-87.85868,41.97147],[-87.85783,41.97197],[-87.85746,41.97215],[-87.85659,41.97246],[-87.85584,41.97259],[-87.85516,41.97246],[-87.8546,41.97204],[-87.85427,41.97162],[-87.85413,41.97117],[-87.85417,41.97078],[-87.85432,41.9703],[-87.85478,41.96943],[-87.85503,41.96871],[-87.85498,41.96793],[-87.85478,41.9672],[-87.85477,41.96691],[-87.85492,41.96614],[-87.85055,41.96627],[-87.84657,41.96641],[-87.84654,41.9682],[-87.84656,41.96955],[-87.84654,41.97158],[-87.84651,41.97189],[-87.84158,41.97198],[-87.84159,41.97014],[-87.83665,41.97023],[-87.83665,41.97137],[-87.83795,41.97135],[-87.83793,41.97384],[-87.84155,41.97379],[-87.84155,41.97469],[-87.83663,41.97477],[-87.83663,41.97531],[-87.83363,41.97537],[-87.83363,41.97491],[-87.83341,41.97492],[-87.83342,41.97392],[-87.83172,41.97395],[-87.83173,41.97306],[-87.82674,41.97314],[-87.82674,41.97403],[-87.8194,41.97422],[-87.81943,41.97322],[-87.81897,41.97322],[-87.81899,41.97061],[-87.81695,41.97066],[-87.81692,41.97429],[-87.80729,41.97454],[-87.80707,41.97454],[-87.80706,41.9732],[-87.80712,41.9697],[-87.80716,41.96827],[-87.80254,41.9683],[-87.80252,41.96877],[-87.79758,41.9688],[-87.78801,41.96889],[-87.78801,41.96841],[-87.78677,41.96843],[-87.78674,41.96734],[-87.78674,41.96654],[-87.78197,41.9666]],[[-87.82362,41.98227],[-87.82443,41.97607],[-87.83362,41.97592],[-87.83362,41.97689],[-87.8296,41.97696],[-87.82961,41.97734],[-87.83004,41.97733],[-87.83005,41.97806],[-87.82971,41.97813],[-87.82972,41.97842],[-87.82864,41.97844],[-87.8287,41.97912],[-87.82808,41.97912],[-87.82808,41.97929],[-87.8287,41.97929],[-87.82869,41.98033],[-87.82886,41.9806],[-87.8351,41.9805],[-87.8351,41.98084],[-87.83436,41.98085],[-87.83435,41.98116],[-87.83509,41.98115],[-87.83507,41.98267],[-87.8336,41.98267],[-87.83358,41.98357],[-87.83321,41.98357],[-87.83303,41.9838],[-87.82811,41.98387],[-87.82814,41.98192],[-87.82527,41.98196],[-87.8253,41.983],[-87.82353,41.98303],[-87.82362,41.98227]]]},"properties":{"num":41,"lp":[-87.91181,41.98082]}},
{"type":"Feature","geometry":{"type":"Polygon","coordinates":[[[-87.61369,41.89313],[-87.61407,41.89296],[-87.61398,41.89275],[-87.61394,41.89224],[-87.61389,41.89111],[-87.61435,41.89111],[-87.6215,41.89098],[-87.62265,41.89094],[-87.62276,41.89497],[-87.62815,41.89488],[-87.62817,41.89568],[-87.62683,41.8957],[-87.62685,41.8967],[-87.62424,41.89673],[-87.6241,41.89785],[-87.62414,41.89973],[-87.62419,41.90045],[-87.62412,41.90082],[-87.62423,41.90095],[-87.62423,41.90161],[-87.62451,41.90244],[-87.62832,41.90237],[-87.62836,41.90218],[-87.62829,41.89994],[-87.62986,41.89991],[-87.62982,41.89799],[-87.63055,41.89798],[-87.63052,41.89665],[-87.6342,41.8966],[-87.64422,41.89645],[-87.64412,41.89427],[-87.64355,41.89354],[-87.64294,41.89322],[-87.64245,41.89287],[-87.64157,41.89205],[-87.64141,41.89183],[-87.64118,41.89141],[-87.64148,41.89139],[-87.64113,41.89075],[-87.64072,41.89019],[-87.64018,41.88963],[-87.63982,41.88935],[-87.63968,41.88906],[-87.63924,41.88711],[-87.63915,41.88684],[-87.63845,41.88611],[-87.63819,41.88572],[-87.63967,41.88572],[-87.64131,41.8857],[-87.64117,41.8812],[-87.63967,41.88122],[-87.63956,41.87804],[-87.63551,41.8781],[-87.63226,41.87813],[-87.63235,41.88131],[-87.6353,41.88128],[-87.63536,41.88383],[-87.63513,41.88388],[-87.63242,41.88386],[-87.63241,41.88321],[-87.62944,41.88321],[-87.62946,41.88448],[-87.62625,41.8845],[-87.62628,41.88574],[-87.62517,41.88574],[-87.62391,41.88577],[-87.6239,41.88444],[-87.62445,41.88447],[-87.62439,41.88298],[-87.62433,41.88078],[-87.62437,41.88009],[-87.62429,41.877],[-87.6242,41.87316],[-87.61623,41.87328],[-87.61618,41.87529],[-87.61626,41.87726],[-87.61634,41.87783],[-87.61637,41.87978],[-87.61646,41.87978],[-87.61648,41.88056],[-87.61572,41.88059],[-87.61577,41.88142],[-87.6165,41.88141],[-87.61643,41.88196],[-87.616,41.88236],[-87.61546,41.88249],[-87.61467,41.88252],[-87.61422,41.88259],[-87.61364,41.88279],[-87.61325,41.88302],[-87.61283,41.88348],[-87.61275,41.88372],[-87.61273,41.88831],[-87.61274,41.88904],[-87.6125,41.88913],[-87.61267,41.89017],[-87.61423,41.89022],[-87.61423,41.89055],[-87.61155,41.89056],[-87.61151,41.89002],[-87.61129,41.88923],[-87.60951,41.88924],[-87.60954,41.89101],[-87.60092,41.89115],[-87.60091,41.89138],[-87.60057,41.89142],[-87.59856,41.89145],[-87.59855,41.89219],[-87.60979,41.89207],[-87.60982,41.89315],[-87.60558,41.89321],[-87.60235,41.89328],[-87.60231,41.89467],[-87.60237,41.89634],[-87.60496,41.89633],[-87.60528,41.89624],[-87.60587,41.8963],[-87.60655,41.89628],[-87.6069,41.89622],[-87.60796,41.89619],[-87.60797,41.89627],[-87.60858,41.89627],[-87.6102,41.89619],[-87.61203,41.89333],[-87.61218,41.89334],[-87.61254,41.89312],[-87.61369,41.89313]]]},"properties":{"num":42,"lp":[-87.63316,41.8903]}},
{"type":"Feature","geometry":{"type":"Polygon","coordinates":[[[-87.63161,41.93297],[-87.63183,41.93305],[-87.63619,41.93297],[-87.63624,41.93285],[-87.63735,41.93293],[-87.64006,41.9329],[-87.64987,41.9327],[-87.65094,41.93269],[-87.65871,41.93256],[-87.6586,41.92967],[-87.65845,41.92529],[-87.65725,41.92531],[-87.65719,41.9235],[-87.65839,41.92348],[-87.65833,41.92166],[-87.65713,41.92168],[-87.65707,41.91987],[-87.65828,41.91985],[-87.6582,41.91734],[-87.65828,41.91719],[-87.65628,41.91577],[-87.6495,41.9109],[-87.64827,41.91092],[-87.64836,41.91383],[-87.64445,41.91389],[-87.64436,41.91099],[-87.64306,41.91104],[-87.63981,41.9111],[-87.63986,41.91287],[-87.63878,41.91288],[-87.63838,41.91282],[-87.63311,41.91291],[-87.63281,41.91311],[-87.63186,41.91155],[-87.63168,41.91118],[-87.62889,41.91122],[-87.62879,41.908],[-87.62877,41.9066],[-87.62871,41.90485],[-87.62584,41.9049],[-87.62585,41.90399],[-87.62403,41.90404],[-87.62466,41.90656],[-87.62509,41.90909],[-87.62527,41.90959],[-87.62524,41.90991],[-87.62499,41.91046],[-87.62469,41.91087],[-87.62466,41.91142],[-87.62329,41.91247],[-87.62263,41.91279],[-87.62209,41.9129],[-87.62159,41.91293],[-87.62105,41.91306],[-87.62072,41.91321],[-87.62049,41.91358],[-87.62059,41.91379],[-87.62109,41.9136],[-87.62173,41.91353],[-87.62243,41.91357],[-87.62327,41.91381],[-87.62402,41.91418],[-87.62501,41.91483],[-87.62534,41.91512],[-87.62601,41.91561],[-87.62621,41.9157],[-87.62681,41.91629],[-87.62671,41.91644],[-87.62758,41.91721],[-87.62791,41.9176],[-87.62747,41.91787],[-87.62779,41.91833],[-87.62851,41.91916],[-87.62806,41.9194],[-87.62896,41.92066],[-87.62893,41.92082],[-87.62855,41.921],[-87.62943,41.92229],[-87.62949,41.92244],[-87.629,41.92275],[-87.6299,41.92348],[-87.63008,41.92404],[-87.63019,41.92468],[-87.63027,41.92575],[-87.62988,41.92616],[-87.62961,41.92634],[-87.62961,41.92667],[-87.62986,41.92715],[-87.63052,41.92786],[-87.6307,41.92816],[-87.63109,41.9292],[-87.63115,41.93037],[-87.63076,41.93199],[-87.63109,41.93232],[-87.63128,41.93242],[-87.63182,41.93244],[-87.6314,41.93269],[-87.63138,41.93297],[-87.63161,41.93297]]]},"properties":{"num":43,"lp":[-87.64005,41.92285]}},
{"type":"Feature","geometry":{"type":"MultiPolygon","coordinates":[[[[-87.64154,41.9472],[-87.64206,41.94702],[-87.64221,41.94687],[-87.6418,41.94616],[-87.642,41.94611],[-87.64574,41.94484],[-87.64615,41.9455],[-87.64631,41.94547],[-87.64922,41.94544],[-87.64943,41.94546],[-87.64954,41.94912],[-87.65317,41.94906],[-87.65323,41.95114],[-87.65681,41.95109],[-87.65684,41.95257],[-87.65681,41.95271],[-87.65685,41.95397],[-87.65679,41.95445],[-87.66225,41.95438],[-87.66083,41.95258],[-87.66417,41.95253],[-87.66412,41.95071],[-87.66575,41.95069],[-87.66653,41.95067],[-87.66643,41.94653],[-87.66582,41.94654],[-87.66575,41.94378],[-87.66514,41.94379],[-87.66513,41.9434],[-87.66454,41.94341],[-87.66447,41.94149],[-87.66445,41.94021],[-87.66383,41.94022],[-87.66382,41.93976],[-87.66072,41.9398],[-87.65897,41.93984],[-87.65871,41.93256],[-87.65094,41.93269],[-87.64987,41.9327],[-87.64006,41.9329],[-87.63735,41.93293],[-87.63624,41.93285],[-87.63619,41.93297],[-87.63183,41.93305],[-87.63161,41.93297],[-87.63138,41.93297],[-87.63074,41.9331],[-87.63057,41.93326],[-87.63058,41.93365],[-87.63112,41.93442],[-87.63172,41.93519],[-87.6321,41.93584],[-87.63229,41.93691],[-87.63241,41.93719],[-87.63277,41.93765],[-87.63344,41.93874],[-87.63376,41.93948],[-87.63401,41.94035],[-87.63395,41.94128],[-87.63419,41.94152],[-87.63445,41.94159],[-87.6347,41.94141],[-87.63478,41.94069],[-87.63499,41.94015],[-87.6355,41.93971],[-87.63584,41.93978],[-87.63682,41.93976],[-87.63673,41.94023],[-87.63695,41.94026],[-87.63712,41.93983],[-87.63754,41.94028],[-87.63826,41.94114],[-87.6384,41.94143],[-87.63843,41.94212],[-87.63851,41.94251],[-87.63885,41.94311],[-87.63933,41.94352],[-87.63959,41.9436],[-87.64046,41.94483],[-87.64041,41.94524],[-87.6402,41.94529],[-87.6402,41.94552],[-87.64003,41.94591],[-87.64064,41.94646],[-87.64154,41.9472]]],[[[-87.63819,41.94822],[-87.64074,41.94762],[-87.64091,41.94745],[-87.64027,41.9467],[-87.64026,41.94652],[-87.63964,41.94633],[-87.63889,41.94631],[-87.6387,41.9462],[-87.63742,41.94582],[-87.63731,41.94575],[-87.63682,41.94505],[-87.63696,41.9449],[-87.63618,41.94324],[-87.6359,41.94297],[-87.63548,41.9429],[-87.63469,41.94321],[-87.63427,41.94311],[-87.63406,41.94291],[-87.63388,41.94239],[-87.63354,41.94216],[-87.6333,41.94238],[-87.63345,41.94278],[-87.63375,41.94314],[-87.63454,41.94378],[-87.63602,41.94523],[-87.63683,41.9461],[-87.63774,41.9473],[-87.63819,41.94822]]]]},"properties":{"num":44,"lp":[-87.65233,41.93943]}},
{"type":"Feature","geometry":{"type":"Polygon","coordinates":[[[-87.75291,41.9973],[-87.75444,41.99804],[-87.76143,42.00132],[-87.76227,42.00169],[-87.76195,42.00266],[-87.76186,42.00354],[-87.76166,42.00827],[-87.76746,42.00832],[-87.76754,42.00471],[-87.76547,42.00374],[-87.76579,42.00333],[-87.7692,42.00491],[-87.76995,42.00638],[-87.77036,42.00619],[-87.77335,42.01195],[-87.77353,42.01196],[-87.77705,42.01198],[-87.77697,42.01539],[-87.7791,42.01544],[-87.77915,42.01357],[-87.77927,42.01199],[-87.78109,42.01201],[-87.78207,42.012],[-87.78503,42.012],[-87.78882,42.012],[-87.7876,42.01056],[-87.78752,42.01059],[-87.78329,42.00564],[-87.78277,42.00509],[-87.782,42.0045],[-87.78539,42.0029],[-87.79065,42.0004],[-87.78958,41.99923],[-87.79022,41.9989],[-87.79087,41.99889],[-87.79089,41.99733],[-87.79231,41.99732],[-87.7923,41.99719],[-87.79166,41.99382],[-87.7917,41.99371],[-87.79469,41.9937],[-87.79482,41.99367],[-87.79538,41.99311],[-87.78763,41.98877],[-87.78775,41.98206],[-87.78653,41.98207],[-87.78666,41.97566],[-87.7859,41.97566],[-87.78545,41.97551],[-87.78546,41.97528],[-87.78559,41.96844],[-87.77823,41.96853],[-87.77727,41.96765],[-87.77723,41.96667],[-87.78197,41.9666],[-87.78198,41.96471],[-87.77716,41.96478],[-87.77717,41.96492],[-87.76739,41.96504],[-87.76718,41.95866],[-87.75733,41.95878],[-87.75728,41.95741],[-87.75247,41.95747],[-87.75207,41.95701],[-87.75279,41.957],[-87.75233,41.95647],[-87.75236,41.95583],[-87.7523,41.95519],[-87.75224,41.95336],[-87.75752,41.95329],[-87.75961,41.95327],[-87.75957,41.95187],[-87.7571,41.9519],[-87.75709,41.95145],[-87.75218,41.95151],[-87.75212,41.94925],[-87.74974,41.94928],[-87.74976,41.94974],[-87.74658,41.94978],[-87.74657,41.94932],[-87.74266,41.94938],[-87.74267,41.94984],[-87.74243,41.94984],[-87.74252,41.95301],[-87.74253,41.95347],[-87.74027,41.95351],[-87.73885,41.95352],[-87.73247,41.9536],[-87.73242,41.95178],[-87.72914,41.95183],[-87.72753,41.95091],[-87.72759,41.95272],[-87.72508,41.95276],[-87.72508,41.95187],[-87.71782,41.95197],[-87.71776,41.95196],[-87.71781,41.95379],[-87.71787,41.95561],[-87.72154,41.95556],[-87.72152,41.95504],[-87.72205,41.95503],[-87.72274,41.95551],[-87.72285,41.95554],[-87.72767,41.95548],[-87.72762,41.95365],[-87.73094,41.95362],[-87.73396,41.95532],[-87.73477,41.95576],[-87.73527,41.95597],[-87.73941,41.9583],[-87.74195,41.95981],[-87.74353,41.96077],[-87.74457,41.96076],[-87.74672,41.96202],[-87.74738,41.96243],[-87.74696,41.9629],[-87.74706,41.96317],[-87.7476,41.96424],[-87.74764,41.96452],[-87.74772,41.96708],[-87.74772,41.96803],[-87.74756,41.96854],[-87.74783,41.9694],[-87.74789,41.9706],[-87.74791,41.97288],[-87.75215,41.9755],[-87.75974,41.98016],[-87.76319,41.98228],[-87.76423,41.98289],[-87.76724,41.98445],[-87.77205,41.98694],[-87.7779,41.98996],[-87.77789,41.9902],[-87.77873,41.99021],[-87.78577,41.99014],[-87.78644,41.99012],[-87.78748,41.99013],[-87.7876,41.99017],[-87.78749,41.99573],[-87.78744,41.99736],[-87.78636,41.99737],[-87.78284,41.9974],[-87.78242,41.99739],[-87.77625,41.99745],[-87.77489,41.99743],[-87.77345,41.99735],[-87.77208,41.99722],[-87.77101,41.99715],[-87.76985,41.99714],[-87.76804,41.99724],[-87.7671,41.99727],[-87.76632,41.99733],[-87.76547,41.99735],[-87.7648,41.99733],[-87.76205,41.99732],[-87.75976,41.99733],[-87.75633,41.99731],[-87.75291,41.9973]]]},"properties":{"num":45,"lp":[-87.77036,41.97492]}},
{"type":"Feature","geometry":{"type":"Polygon","coordinates":[[[-87.6443,41.9699],[-87.64516,41.96974],[-87.64946,41.96919],[-87.64964,41.96917],[-87.65,41.9704],[-87.65042,41.97164],[-87.65395,41.97159],[-87.65405,41.97165],[-87.65488,41.97158],[-87.65946,41.97151],[-87.65974,41.97146],[-87.66111,41.97144],[-87.66105,41.96902],[-87.66127,41.969],[-87.6675,41.9689],[-87.66748,41.96878],[-87.66609,41.96226],[-87.66591,41.96147],[-87.66519,41.95963],[-87.66464,41.95833],[-87.66426,41.95762],[-87.6643,41.95728],[-87.66422,41.95435],[-87.66905,41.95429],[-87.66897,41.9511],[-87.66576,41.95114],[-87.66575,41.95069],[-87.66412,41.95071],[-87.66417,41.95253],[-87.66083,41.95258],[-87.66225,41.95438],[-87.65679,41.95445],[-87.65685,41.95397],[-87.65681,41.95271],[-87.65684,41.95257],[-87.65681,41.95109],[-87.65323,41.95114],[-87.65317,41.94906],[-87.64954,41.94912],[-87.64943,41.94546],[-87.64922,41.94544],[-87.64631,41.94547],[-87.64615,41.9455],[-87.64574,41.94484],[-87.642,41.94611],[-87.6418,41.94616],[-87.64221,41.94687],[-87.64206,41.94702],[-87.64154,41.9472],[-87.64189,41.94753],[-87.64213,41.94786],[-87.64187,41.948],[-87.64121,41.94767],[-87.64091,41.94745],[-87.64074,41.94762],[-87.63819,41.94822],[-87.63993,41.95177],[-87.64007,41.95223],[-87.64056,41.95328],[-87.64108,41.95485],[-87.64153,41.95715],[-87.64162,41.95784],[-87.64175,41.95836],[-87.64153,41.96018],[-87.64167,41.96044],[-87.6422,41.96096],[-87.64228,41.96152],[-87.64206,41.96191],[-87.64164,41.96222],[-87.64119,41.96235],[-87.63791,41.96275],[-87.63685,41.96288],[-87.63592,41.96284],[-87.63551,41.96261],[-87.63533,41.96231],[-87.63535,41.96204],[-87.63583,41.96138],[-87.63639,41.96094],[-87.63677,41.96073],[-87.63764,41.9604],[-87.63847,41.96028],[-87.63882,41.96029],[-87.63932,41.9604],[-87.64026,41.96089],[-87.64074,41.96079],[-87.64095,41.96049],[-87.64094,41.96023],[-87.6408,41.95998],[-87.64047,41.95978],[-87.6401,41.95967],[-87.63895,41.95942],[-87.63794,41.95934],[-87.63746,41.95937],[-87.63664,41.95954],[-87.63599,41.9599],[-87.63529,41.96046],[-87.63485,41.96091],[-87.63422,41.96138],[-87.63346,41.96175],[-87.63289,41.96191],[-87.63206,41.96224],[-87.63173,41.96232],[-87.63131,41.96255],[-87.63107,41.96284],[-87.631,41.96323],[-87.63122,41.96368],[-87.63167,41.96404],[-87.63199,41.96507],[-87.63298,41.96536],[-87.6341,41.96548],[-87.63509,41.96554],[-87.63644,41.96578],[-87.63743,41.96604],[-87.639,41.96657],[-87.64049,41.96692],[-87.64153,41.96752],[-87.64256,41.9683],[-87.6428,41.96805],[-87.64297,41.96806],[-87.64327,41.96831],[-87.64301,41.96849],[-87.64263,41.96835],[-87.64367,41.96924],[-87.6443,41.9699]]]},"properties":{"num":46,"lp":[-87.65099,41.9607]}},
{"type":"Feature","geometry":{"type":"Polygon","coordinates":[[[-87.66111,41.97144],[-87.66114,41.97265],[-87.65977,41.97268],[-87.65987,41.97632],[-87.66842,41.97619],[-87.66821,41.97437],[-87.66958,41.97434],[-87.66956,41.97344],[-87.67475,41.97336],[-87.67632,41.97331],[-87.67631,41.97244],[-87.6793,41.9724],[-87.67924,41.97057],[-87.68541,41.97049],[-87.68896,41.97041],[-87.68885,41.96676],[-87.68903,41.96678],[-87.69798,41.96671],[-87.69746,41.96621],[-87.6986,41.9662],[-87.69831,41.96589],[-87.69729,41.96491],[-87.69704,41.96472],[-87.69667,41.96429],[-87.69605,41.96368],[-87.69562,41.96318],[-87.69548,41.96293],[-87.69475,41.96127],[-87.6947,41.9611],[-87.69466,41.96006],[-87.69459,41.95964],[-87.69458,41.9592],[-87.69444,41.95851],[-87.69434,41.95772],[-87.69438,41.95706],[-87.69439,41.95588],[-87.69446,41.95527],[-87.69444,41.95466],[-87.69454,41.95399],[-87.69465,41.95368],[-87.69507,41.95311],[-87.6955,41.95261],[-87.69579,41.95216],[-87.6964,41.95102],[-87.69679,41.95039],[-87.69686,41.95001],[-87.69668,41.94891],[-87.69647,41.94795],[-87.69637,41.94774],[-87.69622,41.94702],[-87.69619,41.94657],[-87.69548,41.94358],[-87.69528,41.94277],[-87.69446,41.94151],[-87.69408,41.94102],[-87.69363,41.94026],[-87.69331,41.93993],[-87.69279,41.93952],[-87.69244,41.93938],[-87.69234,41.93922],[-87.69149,41.93879],[-87.69106,41.93824],[-87.69072,41.9374],[-87.69041,41.9369],[-87.69007,41.93665],[-87.68849,41.93643],[-87.68799,41.9361],[-87.68804,41.93903],[-87.68816,41.94341],[-87.68826,41.94673],[-87.68679,41.94676],[-87.68098,41.94683],[-87.68097,41.94636],[-87.67975,41.94638],[-87.67971,41.94503],[-87.67608,41.94506],[-87.67603,41.94325],[-87.67383,41.94327],[-87.66513,41.9434],[-87.66514,41.94379],[-87.66575,41.94378],[-87.66582,41.94654],[-87.66643,41.94653],[-87.66653,41.95067],[-87.66575,41.95069],[-87.66576,41.95114],[-87.66897,41.9511],[-87.66905,41.95429],[-87.66422,41.95435],[-87.6643,41.95728],[-87.66426,41.95762],[-87.66464,41.95833],[-87.66519,41.95963],[-87.66591,41.96147],[-87.66609,41.96226],[-87.66748,41.96878],[-87.6675,41.9689],[-87.66127,41.969],[-87.66105,41.96902],[-87.66111,41.97144]]]},"properties":{"num":47,"lp":[-87.6802,41.95865]}},
{"type":"Feature","geometry":{"type":"Polygon","coordinates":[[[-87.66111,41.97144],[-87.65974,41.97146],[-87.65946,41.97151],[-87.65488,41.97158],[-87.65405,41.97165],[-87.65395,41.97159],[-87.65042,41.97164],[-87.65,41.9704],[-87.64964,41.96917],[-87.64946,41.96919],[-87.64516,41.96974],[-87.6443,41.9699],[-87.64503,41.9708],[-87.64557,41.97166],[-87.64601,41.9725],[-87.64618,41.97298],[-87.64631,41.97358],[-87.64632,41.97543],[-87.64649,41.97713],[-87.64678,41.97746],[-87.64732,41.97775],[-87.6486,41.97784],[-87.64877,41.97815],[-87.64988,41.97901],[-87.65019,41.97932],[-87.65048,41.97946],[-87.65023,41.97972],[-87.65059,41.98035],[-87.65068,41.98068],[-87.65074,41.98248],[-87.65072,41.98292],[-87.65048,41.98412],[-87.65012,41.98494],[-87.65082,41.98566],[-87.65106,41.98576],[-87.65159,41.98614],[-87.65226,41.98669],[-87.65368,41.9877],[-87.65431,41.98841],[-87.65423,41.98853],[-87.6542,41.98946],[-87.65423,41.98982],[-87.65438,41.9902],[-87.65438,41.99101],[-87.65425,41.99209],[-87.65424,41.99256],[-87.65437,41.99273],[-87.65475,41.99285],[-87.6548,41.99318],[-87.65459,41.99395],[-87.65443,41.99409],[-87.65448,41.99439],[-87.65474,41.99457],[-87.65478,41.99496],[-87.65468,41.99531],[-87.65484,41.99546],[-87.65472,41.99637],[-87.65446,41.99649],[-87.65451,41.99728],[-87.65472,41.99728],[-87.65473,41.99815],[-87.65513,41.99826],[-87.656,41.99824],[-87.66766,41.99811],[-87.67059,41.99808],[-87.67028,41.99684],[-87.67023,41.99646],[-87.67015,41.9946],[-87.67014,41.9938],[-87.67008,41.99246],[-87.66998,41.98952],[-87.66985,41.98842],[-87.66957,41.98678],[-87.6692,41.98552],[-87.66865,41.98299],[-87.66841,41.98153],[-87.66827,41.97973],[-87.66842,41.97629],[-87.66842,41.97619],[-87.65987,41.97632],[-87.65977,41.97268],[-87.66114,41.97265],[-87.66111,41.97144]]]},"properties":{"num":48,"lp":[-87.66097,41.98429]}},
{"type":"Feature","geometry":{"type":"Polygon","coordinates":[[[-87.6551,41.9983],[-87.65513,41.99873],[-87.65536,41.99902],[-87.65569,41.9992],[-87.65581,41.99939],[-87.65587,42.00003],[-87.65634,42.00104],[-87.65619,42.00127],[-87.6569,42.0026],[-87.65698,42.0032],[-87.65724,42.00371],[-87.65729,42.00421],[-87.65682,42.00423],[-87.65731,42.00507],[-87.65742,42.00562],[-87.65739,42.00628],[-87.65584,42.00631],[-87.65535,42.00669],[-87.65646,42.00742],[-87.65674,42.00768],[-87.65698,42.008],[-87.65752,42.00845],[-87.65812,42.00905],[-87.65866,42.00954],[-87.65922,42.01024],[-87.66012,42.01098],[-87.66015,42.01124],[-87.66079,42.01175],[-87.66103,42.01205],[-87.661,42.01219],[-87.66133,42.01295],[-87.66162,42.01332],[-87.66155,42.01354],[-87.66209,42.01459],[-87.66254,42.01578],[-87.66267,42.01582],[-87.66281,42.01662],[-87.66314,42.01692],[-87.66314,42.01772],[-87.66327,42.01776],[-87.66332,42.01851],[-87.66372,42.01874],[-87.66398,42.01908],[-87.66388,42.01952],[-87.66408,42.02016],[-87.66379,42.02038],[-87.66405,42.02131],[-87.66419,42.02125],[-87.66453,42.02149],[-87.66472,42.02173],[-87.66466,42.02194],[-87.6648,42.02223],[-87.66505,42.02236],[-87.66527,42.02262],[-87.66513,42.02295],[-87.6707,42.02299],[-87.67706,42.02304],[-87.67624,42.02193],[-87.67312,42.01939],[-87.67708,42.01941],[-87.67728,42.01943],[-87.68024,42.01944],[-87.68485,42.01949],[-87.68629,42.01951],[-87.69017,42.01953],[-87.6902,42.01744],[-87.68755,42.01741],[-87.68751,42.01731],[-87.68756,42.01225],[-87.6841,42.01222],[-87.68305,42.01222],[-87.68189,42.00896],[-87.68176,42.00865],[-87.67976,42.00431],[-87.67889,42.00433],[-87.67556,42.00439],[-87.6752,42.00437],[-87.67512,42.00165],[-87.67186,42.0017],[-87.67125,42.00001],[-87.67097,41.99908],[-87.67059,41.99808],[-87.66766,41.99811],[-87.656,41.99824],[-87.65513,41.99826],[-87.65513,41.9983],[-87.6551,41.9983]]]},"properties":{"num":49,"lp":[-87.66999,42.01124]}},
{"type":"Feature","geometry":{"type":"Polygon","coordinates":[[[-87.69916,41.98312],[-87.69924,41.98554],[-87.70331,41.98797],[-87.70297,41.98834],[-87.70304,41.99042],[-87.69818,41.99045],[-87.6983,41.99399],[-87.68947,41.9941],[-87.68239,41.99422],[-87.68257,41.99785],[-87.67684,41.99796],[-87.67794,42.00036],[-87.68022,42.00031],[-87.68021,42.00014],[-87.68136,42.00014],[-87.68623,42.00005],[-87.68751,42.00004],[-87.6875,41.99959],[-87.68993,41.99954],[-87.69009,42.00593],[-87.6907,42.00592],[-87.69068,42.00502],[-87.69495,42.00495],[-87.69497,42.00856],[-87.69037,42.00865],[-87.69016,42.00863],[-87.69015,42.00805],[-87.68242,42.00839],[-87.68266,42.00893],[-87.68189,42.00896],[-87.68305,42.01222],[-87.6841,42.01222],[-87.68756,42.01225],[-87.68751,42.01731],[-87.68755,42.01741],[-87.6902,42.01744],[-87.69017,42.01953],[-87.70213,42.01927],[-87.70414,42.01923],[-87.7045,42.01923],[-87.70901,42.01913],[-87.70919,42.01167],[-87.70932,42.01054],[-87.70948,42.00452],[-87.70948,42.00117],[-87.70945,41.99739],[-87.71395,41.99731],[-87.71603,41.99729],[-87.72279,41.99726],[-87.72275,41.99679],[-87.72336,41.99681],[-87.7233,41.99372],[-87.72206,41.99372],[-87.72199,41.99068],[-87.72137,41.99066],[-87.72136,41.99023],[-87.71569,41.9903],[-87.70909,41.99038],[-87.70898,41.99008],[-87.70886,41.98945],[-87.70869,41.9889],[-87.70848,41.98849],[-87.70847,41.98819],[-87.70831,41.98773],[-87.70816,41.98704],[-87.70788,41.98635],[-87.70782,41.98603],[-87.70751,41.98517],[-87.70751,41.98495],[-87.70726,41.98428],[-87.7069,41.98308],[-87.69916,41.98312]]]},"properties":{"num":50,"lp":[-87.70164,42.00103]}}
]}